EC Level,Selected Count,Raw Count,Overlap Count,Coverage (%)
1,6,6,6,100.0
2,48,61,48,78.68852459016394
3,135,204,135,66.17647058823529
4,1770,4552,1770,38.884007029876976
