id,source_count
114186845560407998358248103341180002290736573565677413408452852578210847290470,3891
101012014710359571346845331784429567405420418991827364827908661577838537118308,1140
99160217100637437909452820639817067135610716316457617975688968972667668850617,846
31060413215451819376807198352811413157750527303687932885026334331779146602028,629
95602816635708480788988800963866992414357236357386007088191498683504658810039,447
13972821944631323154247873126856177297348813082327576533572124451648879377153,441
87653031880284619397815786824362296873919228114635292754134044226400708872129,432
10191203523697024922318061494344044616158765107445877417301479638107775495554,431
7597368785571762351418189385295788562128969554901677492243341965336682233958,428
12306533423380763886081075067775682195098903070871665434876802009480661180070,413
48521807171788590873355995866833915675872867159464054970366229922502190085252,362
25439903088884650670672343047798953545063452462813442286757298586723272331813,306
77377871541381085995061546709380032680829394939666405161498209735190149398217,274
67750154640340793343731802634223065741681683840325248887327469573683027818216,220
102410344606543229717495254166599027643329457948464542717938069684381584134189,220
40582319891511976453419770081841797508544653743224135804679258086760980558543,202
1095139003134759425076892894019302345151051080639895308426530924580133893744,199
87539475162621945608595693602880957260526603003987033151920730174247455295842,166
21246340178575437136714012854154270637042168195833302873560925974943978218359,161
8133504885653743724821200234263147304183375882375076370101244733527701075414,159
46915222327845140392211249545078897796232104396995008642143336076911736953581,152
51264985423335907428273338086969067426363363795823885824312177572512540079688,144
67329554091317365623471272672684337026965125446847308666109754726984125069948,142
19125151111981187424884525653020038401191901077781359204605243446120691627985,130
6567867524464943762767690689273742815674510610725041341293311845028725659548,125
7293243230157874657311096345771729726674218293085838562989366000995261516556,119
104235273063276313712535303293561084329413474092974499550920123999674380206599,117
115528555577102219958953038590182293180490650469389737241543940901964099998695,115
34427181002181274526157170091280601246041551306546136975332969209505591371555,114
110086622117237667868005803171717049880909089883316800821301771741955162316684,114
20419613263705103771571624181957784095958123973856966186006458669948769524038,113
104934643399156969260271886022841864876420745687383274084897482880641581210118,109
38844868747889335200528299701299546183589623101433038327788019500731470674634,104
5180873796630110909766009025518537378098815064900074836883182737462141008567,91
112757042933628832099852172606406405513504793836284331444458105667451292866648,88
105487779287836101736968921590532252073654896238151167175135424283944561746616,88
28624644281985786095895361838369926726637796265718971990296190298245296733079,87
80885226530005677430542973657789353130421400922602159792262740367379022169596,86
85890040022433003377356727895140275719673138900212359973025545990035641480040,85
841544083176976909521024830487455388986756956112697246235477756812429028916,83
20485549329455334763769600591993415065288317357463644105115869622406584173861,80
22148271701202714340953005586695266951903641164570303027114263244400578313454,79
3215224486414555928388951061524629680939311273728985987979484525284026238226,76
30793836293991433818310833091968031133152311078658648192815852254130898904014,76
63148384200620956068673680521952825417696731740452144881100529459345414709832,75
114078604435425525448289157531607646207846215484898128579063245104822306655148,73
10982180605539241488884470012245697102865406216178023037862439721168536947867,71
13506241152826062860281417544279515341355476392516613389020723309562219528311,71
28700876840881897847359380287736033919259132002514261978954313741668085800320,70
107720401821464764681704991327219787525303126083376264429350203587128671972782,69
64801322397384825595474591539968263643494768961620782499891734174563331814559,68
69191766515534514367840669102485353843069199078966934797941162734591173070232,68
105697902053715144020677968431812093549675673249773253283426162816050925211032,67
77449549313379702506523678386000328519077571670517413814497893872625219251280,65
53875219822509045315323246521631693483748557109243996675570577933324666414511,65
113916461011746160084488605498284047044067262645746461491508952214286923836759,63
6789598005168514937818635789465827678333565764368794993536706457104903044164,61
111884934804878280729865760432442888947227984389225514926997245679461201588383,59
72402080377742573972286108841149989741534903907392126867838106266500196991493,58
36484444861490000735208181034635176518368514385332044489373897918881670299340,57
54024733904814088831025986266945854570437421715903394849268894795610547325672,54
52035317548572283247207793937676255640542994369519744828055290180119793784595,53
104200596961492903546333569858109306240470666701601219422082674816493293265986,53
68126180753181922894424904386835698531486563509065039542396934661672977785457,51
64223975281434607202380382302594895060347972244002538330847697937291309732841,50
69008186178144530747204662314798340568977999817100425421196162217807261929709,50
76514152008318219579555726674446820760875827075663477024171368071935333986498,50
35460899254469642855364689927000287215695897287327521362167385651986810573847,50
8401778865767778862345546035674463847125761194030645831320780875394625048234,48
79712068583664402482363011150563162627094407389810549577385851150563396691950,48
69967194680871782894536726672088463374823073871658434042622811526279614237162,46
7597946197534279233941048206532360521692691614827078877580711959252492320515,45
36661037771595602798951774544186044085876883435560459980967651638868873167621,44
63779972786104906017643418097471135038004449914005549824449543003959796704064,43
50238796371010928423765076280294563263689405159371827793939650233535696702609,43
58133219189204770376772038182179757781444265140992162388112799989014592044727,41
29235026602076854912610669104051257934201940285696125193821392013802038338474,41
20376762159871062050599811074413451700592437337315753932708960187757436774323,41
72119898450876802257353151355719753457998374912808544464397231057960600860160,41
36469306232975246339251019210138282243659670771621141053392882842364194080588,41
88588455265177682118053079868601565292912922122541786638791194866083714146703,41
39390819259734439745039440284142177275408826848172059933585961192000534427181,40
5271639352898040922441974844902251318152111822476514149122085890620212330821,40
51091066594406267265892174786474321939538844134915349903533902440075511237414,40
34539213796683306420011594866666358171805818112189676935104019755179714198738,40
24127947462380597745801015238132416817489633428683425762167939138859434138743,38
31344889910059775616640671608166300291330782922915215436929728205630581802537,37
31432538967691695023279851128069027925213548104783053007742783004841823196131,36
70668532688985838269484337346859048170720283888032776013151276771236625401389,35
105192918078310750712899954141518990179311410427185878872962619731188951835062,35
67755629882905114147047354327512030359561589230363447770514007374415428521103,34
30450250794816552670572388071143226637418425233228371839380925148709034581205,34
54839056133745167724804485212642929727608185643791559768947363777937894665436,34
79925357470012954297545186335425372060498696139243385410844111987579692098187,33
29947531475542044462542442833013085136284470503937938586035364862917784711509,33
48298695665849274428540710645171952624613011378713469017743889579644222315805,33
104764008011395235734875304860924171259472653911309527299432547032880386039171,32
30348703563914314786076757247733595166621369099756274721035177959283005392999,32
67208841017880599389056416550779011353783549081219490204414382278490674915230,32
68008065399297680544066642553801024976085138982294258249687821797731994670579,32
44424822563706800605025489389536781865971320241717542892363939211263755472843,31
95305312180509765870931046288729002907539878653721926449013040149728960033326,30
87830992622308490435833984992361395035040394770417238684331295601435603722633,29
108275127973464494053093044052295521521335047190421655552034163198088516810493,29
83865779445917521561552364762800106996193355397324948861988595480471885525159,29
71079377550239537960607030769473198855800134812662799002798949152810358718665,29
86286716206522349876395649273233179955898718293792366919481381324257680162422,28
104947716681854243381037785330552785203158335380310370749672780611563048549274,28
104724862294807237557115649543417921029319819221351139675894657635946761402654,28
50386971807070423364458330000292481357034251442456874697923910707406810209318,28
102332056420914428992185968990389530474295022464695293976521878845607195404484,28
28933212525913580183043161849999136578846795174642160545496214989169728890890,28
54628020277246321066343873922867525394240000456750141711081459512030178868742,28
50989231904457222437421386976305967308171298235263066477673347456997622530864,28
51776565900209690792307580167458043004686620144843744482590811385776545190725,27
64724044391049249413359997713297062574047746382269122415963325041231208007836,27
33083911963479986297375316617127296092939779251552423003401456709623327902050,27
12961361890574368463037817033519605674324167153279316137023662565888445112504,27
102434472233148307106005763888646573401320837732437046400436337224945869953901,26
78300809430328822184351006507797132534996118933671752078634124787752324468296,26
113263208388218926197728707708848640086923537220496902428603899482041736885944,26
107097420777248083802390982694167156687044516505244249913996903386201589571974,25
90794901830330854266725153357348096308917149874863474132359432351350367070935,25
12039806830932679510476484300781199992990621331018499690313970477563172040294,25
100287046768883725059851210777638925227197639947799441147286920942427396787380,25
115222903558325014965783759250592315086593343092870350633499488651071644767892,25
107969168196646518420987688307659777829776463421854340649448446476886023948268,24
23083909457987625475166292175849075712347410069125073021612669562391416455778,24
24563271286313887360187550423730611937223701641265160768093960603662640800794,24
61781986644006111530110421699797458937156251422990180217825682010850141822345,24
9511195257865580834972167601909657905118479996031667041206899661325528243443,24
81729544664715601943306640253879266607037242756717544068082808379943658684346,23
5259216172738251936436031988528460756643979243698225897159613651587915705810,23
36046640093260582755409250586099664619993463183152638365367001579738636632854,23
32530972366668931594795401091105879244644014411546264070073859591797225435846,22
19611295887699835791012557402198313561163125869515581903166471337320872407320,22
63877748259635362105747208623680335721109228683214545161288447925374084331211,22
7517286506168682718931948148790446007596552867183376009524704630446231185683,22
83348925503792839235928043323803463761060247645372312722534168823826483334852,21
24057153833809577485625939158552089886771132268389652717197541576833817721382,21
64609937026724135333375234483216121690515228677005224472528157368495656215235,21
27173708215550836309255002876884990302515602833647958154011886163273532699048,21
102595266931919202258468596575236670477398297452855370684515832233404835535603,21
66290809155134441110894418960991601894720408083819717590260488366471917414858,20
39368954629508891081720509741124498267412040892678323256121354809800998844212,20
12631625163698555347039170289183489484970827659541088816268937876853342150765,20
8011249171651860714892760952633693208185658212370855604012275995159034912643,20
93425991122379470517069263362138187058172411373244454714101914253871249593317,20
28094994647923231971638701738565738381551155750025511805538471011646621457163,19
95479797373859775246946561589159346211738700360379603511341354001527783819775,19
41139205499482095932010819440963297700828928359475419345505551171076658790030,19
107306128218523256518512124421310638247778656300289950166268139931506621005513,19
112218665344509494202234454742471233305693048998144974378558751592745415985666,19
27510769649890213154969551958401126951535386964035548500076213273860856105255,19
8946740930619134413517546734236552497408356416184103779239292515038368566037,19
45212944655417620100518875507806923357529658397004365696900780083766682011534,18
109682408542778387781128777448665398546323312703902407121970835777906452918052,18
92597424923579431611468164591281902055104411426949428820468026889578920200027,18
93761251401928255132364933484035966303055529695659327363315131641221345787953,18
73833722941236016025477463217099755223065774282617003745336239567329276214585,18
40240897339127859080234344300017056800457985999958936917722817158671123176001,18
107102005719918266820014460829850106432508980150672585729623386013939061791092,18
73300095096869564925242550013773387157543564081522475869910851439968594068219,18
91000307237188540931467279523103232257619816126565577890378766922513587319723,18
42540466823224396757732239829735096115462057803558186793066172950058274429102,18
50552813428796117295982384258615131569576562406491909506895699202547118071950,18
114524229782212658315867647930604198804028878175067630499903393464671335459184,18
43777937807766981416856365158581520533341743390778685294995623191560853129946,18
108021009521037624515224165544500546513630715732037228486646358598880040940682,18
65154613498313952246860157602827834703121252176168905638425787540614321979443,18
99918057006326603684877248972384992724915839628915227539640686731926151214745,18
86618254857599533878266967215285735522790083140678475998527818119677785297642,17
97151793173272550728302588284775051250164618753422437064738619498374218292080,17
97492331779211434404632571285632544385737825348695670151618537355265811400621,17
89884229811689071535665140151774871468108041850491491134826156703009846618780,17
86586160953672439983116195041764129368449321957388973640869539044122846146735,17
28621435577489346009768906775916287593927011040302212859651117678026862046100,17
62548547109438025092020020056326754301452042157956626044167950705518130876943,16
46976348878665588571406558738076180764339662219393518277148985483336001264941,16
64530436500541714108372042514318715637252150302989617516036326044714779972164,16
97734317149506397849929650692307591315275772709116410663930104510814497262774,16
31043006097705558646471139313625060376494639518815578006495158315669410224318,16
12996268537136208604368874122453757318570470037288300372196066922143648709378,16
94837379916375656779687755363234559129959810781828591555655773964762534740466,16
114890130770746812656772191223254923184083131753903881429819294353876745450299,16
48955372906672128703507055020994228506644352285442349373206351242158985440471,16
99171828551196780322946453535187426292623196864518486192052148077767329941702,16
52231123831329616935118113230081566701691665183093920973330963383782434161823,16
41843561162585546500843035407419432062430963069803660446844834741041329956207,15
93705623063501659112369463429928631118960904231446453717905478605901190490829,15
3217374853336280013765682428287484922739646315585515628971215447913484830012,15
35095094721730041651304715098415196255175459653113595667466565047106030071051,15
100406130353028962662802887724732861165228499054835090619900693016599751098523,15
61370145972864144571738170822278228984215408805552305072435437514784331134542,15
41573622580178150143490277448901824833058085012232947137730113987588811271293,15
16383548280489930027708303938589224024327911494209251772432063188271281199489,15
15894325199522108294312719575577243162434946478289679433738031021967305661557,15
111845367664901685320054916331988498693312734018320127982265909820936933643659,15
52906613802202907039010144123439384673298701317011504919971000598562397718409,14
46442521395084027461814209421751989795153167001483878804266046287138811413366,14
71307172525318271803464420137423770787549134209200005323842171944666388491045,14
60350848922654569209858397261503348345375189240744275004315537763469933442071,14
15809957880348683810965099968482418810395206034891488125022014906419680773729,14
37367144477168484891855747987293328746337930216484376062659824197199482436816,14
38558258636700519620466874018349138541800362863022622740035244949033472418267,14
16580296641394289004461549729702945735836329212123892573071742152882152704393,14
44284552703519138196592243303278089984049132903126653417173892771987713110549,14
14046589976121002104252272657194532276689443658685677091845023383811188163277,14
11626941351099147239265871182086742116788744735465632493318878511812239899681,14
73485806318217230345403052972160244296538633906515528300920431870107705774390,14
20068649590452700266659342516020862456752244693935958109302885874000794303345,14
80783175999354355229574061983628725008866930979921056984092422878011526683994,14
35325128478538960734419264644566036564762258677745485686956953582686601945093,14
108397917060236448418821406866847359190951506289421723214453400372362755469426,13
25586342623718688097952050329887616936701146092213470713180568265688956123313,13
62517756791803702887149142322053122671044031020451323982600080156782637940608,13
31635164517370229328912988563203575028116369025871411586083782854723513935976,13
10646511579584628830275009036996318321203348546269529387299721002646878804510,13
45062371876501700394673653289559517304562546558514466615575131244725001281840,13
5614124899343279375067388465669980740489738819247997813595708756215165418652,13
16415375239672254668853847239093961561078909414230235684356139317947497126534,13
27628949274218222996640265924869197916269743258262211424190773924248132224820,13
115285158151320909250488822215817022350585462901050970136101115210525217136646,12
114625249173909130919447126671375345056582994459090571860451713120545493212388,12
1891985390950784600078607839264181707604099390373104085211837000508652520186,12
35669647195043994438498506581115911354332166728866920149740623264676161294128,12
20950680364591886712390092121212778102488185143799759345044329305500203218093,12
18948480222808463416793164951499726929469396388638711698348586093855135633414,12
30826825438350027371166068901523902586281949433787522583240722103137494887022,12
107480749494729051826648284706033773269190897050421590139754599933662398796998,12
7497857932401578960254722888452649762541516880558337989634688196815112040234,12
6254102862510472032327600041653244237705147463785784468571468799753754451266,12
7218537821164281895896975472436649060909219871126704637624128416862590131022,12
23433805566383131946026400065333428832810075872397168079195010016895547210094,12
38305502398178895469958597454195894602826533896074702785577197999378792021412,12
67178089502977438382806399519246124914293150549606807877703255258455078958462,12
12700388376395502829244845391754167200737544606294987106936295533768853448345,12
86574793561107492833178516263275361650147059532541014341701983792622157076714,12
429586173758693266091390832060140905052655555984542702080928812954039264285,12
106255757504514446380082851432771706143277719820968006431166789310640486854850,12
11728480127478117713449747044765737146951473455611093323297263413521290309461,12
52199757407886672209175537018791297139474579106922390905573641957896252060680,12
65702162584473310789381974008658352900360098688061390341126856926504497556964,12
94242052714707955888391753528892098083095355036371855405733075432562750403416,12
93695383058803780873598133824894878358045180975623782373696866910188613215836,11
28687951979629028246308853068608299897940146475483846575466679280305129849526,11
49567120930440329156356395405916502728015490415617111965246311183114312481668,11
99043639578072308703242463807655879679505181962210482611238108355544323892985,11
43391107387210796219912697702922698142144600748103410367090916331828216277001,11
22310199632254029067208406729130014263441135074482403413854298037129876317145,11
3237530690132462209265812266186377023797303622659590570015814112707896839752,11
10092235950233378163630609474518221114221730692778491840286558641603644503241,11
50275902208708497388251740335254581532168343410278162515394527558338968916645,11
65806093473590934222566370012834450812141251719328710449880232722208984165816,11
47131911488610878693729445419381736323685049784819245285137374050646445003157,11
15755874910261623516705249372877755967478759701919068587539978024189796670914,11
2517369012770957316093876372826259367460109541217926979081572571478285760319,11
75531960907097443399957145954792817249402243145083128368623164399187745096369,11
83201382031188423271928619730316553500534104139327800135748883351002006577971,11
58140921517342444779633237170475731980284630397877851659898104302496648051252,11
105911667575745220358841311439967015400478868598969990493949187828897572510165,11
83972948642656325240747753308814861139805449671502389641944251778676153362831,11
91575360643681725757048553192821994020517849665553869369765085365641242372396,11
62770344020905132028592898097851021885384443057436071665942710083516638997326,10
2932293283642396787906963799398813488234623218075811014119020155270726581004,10
85929957690971962402731098385754324803421322581827223810302541351603440384284,10
79246529636046069411764490345572072749922244331378556233111261933471417042869,10
110661134606698280997822621361929778500380399124718592379008814175501580915247,10
79126084241401453684919641443031243619926020079089378986791726394371036102355,10
61514020791733737920598232783056119354147403203001317437940936067830457633646,10
50160381953899419722699710644715025043528443103548170484424577173828628741340,10
55270699932303869145150229357418811069820102918513746817693157822086126174701,10
55010862637051478396238691872233275850772524390705372358976064246366323864300,10
74255577246972752249843916495169969131335086550679028028175188261172349737795,10
70320696516817096551805331329783942580810154226147365980611119034580856702906,10
106231736432694453300752969618783548554485535166802112193548912069382634532714,10
7381465984357603781229879329688071270438911619649654569091790944226365406134,10
113851905048740553203020003955441151566608351217177678628982678556350400727030,10
17321346937029162685313323996656370148767038754072202727713208995415282878022,10
99488845360270255780072399954973545216792983157272625062273220908469253956157,10
95180193427200296402723858492754264306253905940708562003779226829998481783383,10
27453245675488131019794977127368160892393273508212751718316400526234722995852,10
112728635656132697121676153707620360204674345809548150389741673785531276173253,10
24857905062252449740784880548336709126036537371471063118465237430468138490838,10
32707727470314829167286367016284192781481685318628930621216806924895878101064,10
63616588915813865704614102656547571600153615247403516395865839776036081142452,10
15917004224593955116406604694955986891474635741401308220517625690491531114792,10
76348439134965514964826988424609963438030300576248237059457268151033029629044,10
99978965061959847953054927108843749670747183261308983525612032250420919792934,10
29923216411739485682715055096012331134887024682056378496465954801896261280882,9
84910281750741809113437673518738393025279979681508924319539865930002016566959,9
61350579176969472596126527739994625112121126095026679568111904306254425245976,9
23293416431547555686803633216843738176034118029215136080198699742201754177739,9
58552235701735929402900885960931162846787984446207486211405038659450505280499,9
1189632838647905119871370120649764173086780599409524722099658094187620971315,9
32649943301521029936460737931667454754302074331365104611635240296976964694942,9
64513873957670767138848627707986730515165801086337848472811708154341237154895,9
48234735900144645043437538789515754985404419036663998532366557750012904652908,9
84052022943398854634036915394378219669798886849084069803195743272181230011212,9
23290575794741384188938516415811707071677060446262972753487524631439395137598,9
38006791299456399465822546342604153006057916630166606847724633623437932903219,9
71930696404458608992552194973497657015159848374072080414982034162887074458127,9
110572551830229045847970576406762694979024728679571634352430111323238341122571,9
81343906159749481103980794928979183767483078031380420923675879764866328642773,9
4166541489283688047193810768934696154257566698452360069971721900977726804225,9
22303322015898129486724892947845899492102418610681741004732403042622650786564,9
106071038926480875721929132525424401807364161663881975587154661228630663377330,9
110315430725289964123459562319000267625529445257017873204725171565980374764247,9
43358640635944056757332691828927371885919704153714305821791988677854940269261,9
38204584678899540085909694302751145816986325027465639091915932791154993872343,9
31050447732881606685022469860550468233071062707302595503860194540957161948171,9
91137243076865010898400311851848520038790947997698857653130343913774574967991,9
573921368548822066314511092247279380811938548811365890152813673167555271108,9
32856087176067391419145481117066407789544536800298510154895916205327052901594,9
82610847689122432441087006253466865737904143851381831630836090417973286398540,9
94217915638478011250193777981380413949468044352262987593360741070012729665178,9
71734702458695555219567382113939285189927248116600185018136827754463070893934,9
115438658610167147672628229981238758692569025612678937343570355279276438626885,9
8137556192854203006832506237918060625890688180619853411693387902215937204244,9
31849928497561489278543863782887234481486643044708703570548374358780767934690,9
67463799105829544909944896127548572660854510652584803710711088624600503049373,9
24148264054153741542476385034146697173415650557785167165604193779868671037090,9
54400551442285272527115543891866459615056948605053872729609450009617026853776,9
86636982951265264446706504680920640135974984142296564014487212982119905671741,9
26005129646826181536837082717215380601063211230600151393082893730161920635484,9
3156090109993576465344656373982702796241822003497229519682307931341837536802,8
57662223105116368926965051919213271305409525574385542423735309408803827733983,8
79388987617126311542500641511003540311647289026128262744554415106877050946191,8
33698785872902124939638887084788120595496594150442756827370044693033034463310,8
33485644999505670144777975528916960879972333584321024661755569094947596963095,8
76639450278366301936862710223399150991334004998642246902062848039801566523130,8
27305227964673419047624486927852421212742941082048821758990252172544354478527,8
68522858536432788802795853109457637064864885566857700914860278305905874072701,8
66391256346952666549808943705059277149926577129691847429155998860495714911407,8
28546380530164403505678030567976781880143764376062035057932636537811009130700,8
20493007259900816666328521127793321637513159693247886300018031063560750893639,8
88048636594491613729597935102979243618917159188143249494490757125275149580191,8
106566390988585427396300682850921492541002283105094590238146968185376333681199,8
15867693295485022294896377567572441330745312928642428163221486507095026464102,8
92467393354240973793323790663379996102688651985435354415529608046220853454988,8
21451357125775869417103071051211361980316485942536577888656430978434892415394,8
28814110752131605635762514539017916877160017371001425450622721881284564524153,8
72205784368646760559604874451180044133042110066795113839216899109478339465499,8
397608679247348894264046649297609659224596736333562483415638832191408142389,8
23452961347059929420916347588393242975447388956843564463117251850016457982614,8
55099765986247013925580204754559063940683943271194322241017009884108441199830,8
47808144979217306476510868310991948363000199013917257866998809182242927762578,8
96903741388781633263451146335058201109838720827482555047257341387680896629247,8
23401399217242172923704322634635422249492235825031626733510609044858182904429,8
27757180106675272377161553449563159280508258038946328608762693515779184589824,8
32968546759301264793990564187958105754137168407434762670945937794288711625814,8
17595786347655040035489133780238381204362491391005488166020757939480771606422,8
22225942116513283003444244741599448802850157898385003455299651993758202836935,8
93996759875526190491525120135451048099188206526643211050248637478082511864723,8
67573110877268631927587594480801582647220773908686572733750593904159077838120,8
37593013209192286242452837783450367036606480945010886278847930878095274722473,8
11060287684834710282587351563156410756828401684015858732876180616065443040760,8
26225745023678835564178346159805879887042947400463136170570078426508696284798,8
111063045739327442339768257979844359291096755012449433570713289180291427834563,8
87571937451997004402546195883434422237238594827953354651831727547285783961187,8
41430698865133917239610149709723171816952861640887884882025684085386813049819,8
78663146514910477769650206443268042933564528748765063967299135808855284486274,8
91082349623004399150612750822068600557716184519964533923150934768928043208513,8
24169712464055916441005441533787883759014818717537765787564385286784832519773,8
88648888540988269926077968010915889292742507874463628949623948593200740944767,8
63293751107583534661486213248790070077682464505402007327043615458300736829223,8
55404422960390813026711939710878613610166756976590729957096801963987636302240,8
5901500993672528812453428375403785663982210152605036691271558666952780910857,8
69664903836340223639884373105910367392861882266994162098308869302594905321197,8
113226355140008970284356973367874007814709965253568550258692153546529063818115,8
89167345450009802032217488635014143309486936858273705581706383500222676495905,8
102740924857660524818298459401183469402571550030209307934662982077155114302067,8
62831750266734195953621780237669615293245186768292766866487207908776452978273,8
18584390333971214029540726693653741557441380739542249270012401505401213487328,8
115286977399754770180556766399743388981911958039070961911358974671687174338742,8
66943812217077493292144090410449638083057696136339704069252635170586977170648,8
33952005190072455576925954054290645330405758550201635325049110632335999372412,8
55134581791689617744539829274085813847899582090575424029400025452592902691472,8
77828029863941228549426724524866690660229721910547910624733800735946519502852,8
3356352975948808032408299642247008839705886546551222665283379633686350710873,8
77084384928550265282149316036376362259582952548345047131076528652560866155231,8
29648544139690384096355293606608211620149460379768634776304382949871892839838,8
37367945255812079496119678455301979545847464621408428312610490071651441683581,8
71787383727546915408713368039648544168178375952800371614490427564104342134016,8
32094847557301196677289912387528151975211461194283896443965627456424146697086,7
78229271812003834300136656792709642787563288226278099616160564121119455324893,7
12277956084765909856723822111497861092912567349288505526979278949387167092656,7
87227808043631116453725955823107413798337255195533911228010011371707611004560,7
78197909114025403646218740692933326906115620358854422598545190194117231736225,7
25809139528074010404651570849605673659599258667653944421246095952631081005615,7
11667481634433482701697759534475825461614789907255613631457443993725780435488,7
71330132620342453285177639324619321705574112073440674462276471027311362468547,7
77172339035679624851475109064897035163696572180401872023097611680863800379254,7
75575041907142817512587572691065531624449235918309363643452301439170875208036,7
72870499082198615208081213981628038769304674303187462618073313192872993605061,7
85449916330929548875085066960353294395077885686816330564817570706070881303083,7
33634219775149662109047892055230921199918709638976294960429188556708770357753,7
108450557610631904242388613400076982888990887478776371766930674422302160399933,7
102569472711625566526418488742813362500823552726248046581243181280309952912579,7
100149080755068159680386736411301415367596223456752770146572273903867462122935,7
61244616747835388476406409970732083381337319246997900462879145836542799913604,7
9248008097083483536215555113875337145773470997480266265618916545978164959118,7
57587743214914127206470436268473998749512112980143540082146941714840403378233,7
3810921016643814740862321095453759208420614539501143235529854154917299035329,7
89811278958156975784268712845000313835640790574255265714397055553986207330965,7
50347055614224075688463020453905619482226099805960850952484879951760098942504,7
106123701532938274767512373290494511461153071388985458813669752451685884827101,7
59289869135092169597600538433741017785847260420828034352687414454961401086795,7
68871965667363820802619555855974967338122815023043193611747823807475208001711,7
90890302925842810752486248568030737662852662374242796224131173479479266558538,7
50548861580185984855828685053475273790087356140358262133982262149732178278088,7
81003220659449620265104789625217539761370539855207611997549375172839115173709,7
11925642687864181443515488909388252956280006942418022978023103642376183072464,7
45421357343403149650420427297385260819358904290527607647628039681990542500311,7
107766078766681313030838969044025704120515908629223963538236300971177914262004,7
23576352034587604710533735096637161644118341105196023932247249459424762885341,7
28835481366335710281953370277258528375973201322200443553185299281559240748133,7
74569637997136896384976706077962300912612587324561471742223168347406876338296,7
102648863652304354732006207936817727826775838092559436303414015341416814386575,7
81861325268013959489484073494909939079338507756156892640824567684029288931357,7
29561806612227799651797707878696409398118009074014091048375399640948180727282,7
108946034280209597977577153642417731830145014486059870884635887430209504206926,7
80978772425403084282234083472301237496559711960316804169684802588043313815297,7
32163829447096454230118553325463834484860729678601811918488610086011989698986,7
80739591677010194769806841020271132317055474457858401273344051559266982993386,7
3895099446765269794213226654338814199506638916854140505646553355318851908957,7
30868145203254645516405443994785381955697075598229015491357226390419293850850,7
17099278079244883434871615880679031222772913697167300344472782031148196365573,7
87454042890885125498445213365910183193140887392415755755608359363935624439936,7
77579844454608165865869028256731603252665327319734330304914403979850447062271,7
27459675103856975723700376216510733815852377271173098958710364792117117477225,7
67236716216843011585018166175501642685401557489967272431402709654986438959888,7
99926179312696395747165134816786237656328678427940944548359177106091652751028,7
40198191079064190769831365240505035319714633286961064091770693319741956825564,7
37242336970922696755704266111863141616729852462040805940652291080771409021378,7
110596202490993397102610378540888606488990573038057125938323827691259859329737,7
55754890293763256176641935893529663090576229489897626054457912927377413885496,7
26504988512999002151728996009929755230601496408238929463379402387312139764997,7
8478797254357224461227418243993102087094528267022798210644118157339573593658,6
111649104080308006376338264308060469863379625476866772525442653839277684941775,6
49872076961673587860181749613139393957494926935613269150997602696394690289660,6
71773797246115249530478001421614721737348597945129923456193476292170373369116,6
69466069102909762415028492956343610916764742885639556916781279251225010577704,6
10743769375722014685350535473997719624190360947287952774737916529937850283687,6
31278049138457030299141470588651061064005157762851797914013579524917545685408,6
16520615557707245649035192849846315997209194105193281309986822286657716742299,6
21975837879546174206308652273885136713632248501483247509592754904070995401281,6
106088030471055687575489844441674885338400415181179010537200109214773247991846,6
78716282279318328108136726517996143626899350130542879014773443340409631458593,6
46765571975916124528619981767205111774237772986281525865677440306160824952032,6
7825698540049609581637837099247097362365381328421904809903574366358067499999,6
34525974917364593718863253847280454502719014152049833429906682503127661986326,6
25560643759665844299336732646898763669914348614759817096179551175677280852434,6
18144375475495805779534013954755904299256389926169581627161448405319115227775,6
86228114325738019721034903228954970739249385902173714628983922580441164494683,6
9586723699661172899370194097799730612369873513697305624441447078137640233044,6
80144021436467692040417164988217204204376040541764607614961610960544279155751,6
30206076965299795494959328825490530786780546997982787451535407713231526242731,6
12782260129687681620527588302793256920102490322130100249703286814671518298342,6
78304877329445499566404719464614723379956541804968784766288430780286385134209,6
73322548279375593492375575029554182132163898433683074524805088118554490536015,6
72860311514682786340014627871393299003148195359062680531320972880485632710169,6
73389161186983349373358353224320393087674854759424270693520057191499429357138,6
103164785979913970420687987754875575569270245295046930500767039248431040060202,6
31215189715747949195828594060985519305820091868028041591336603173652241356708,6
108201476528300980056972523511145377078843174189269290271671585631684613529405,6
4212858416594498224595410774348134041533754404662268103456399018079564363670,6
79410547189828924614246985702254246108835358714655062100591517744365649458893,6
48398841055154491152078568751136591941619950528352326599318375987265296071492,6
18507672047555317871517258024180785959130228739387036112499592813461319889398,6
60165073275287953440294025670459664636891120227291239505180144917982977588527,6
65719660487493829872991905073005076262344358523813296744000645092437788264798,6
50819540596534750629501791246299955118861418918430003388537784703594458765787,6
90924900798239645303051760146951492465492261385501150076359734974304054820671,6
105476108822107911416849370077356257402487721930963618989815107316414359854162,6
101301906286136751483595261508621713236447886168711853470236622954732571211223,6
9325894062109394816954087412174645597179136273508352093401861987510875688444,6
24319006972431753783515434599358482338150159865922921359989270864120658283472,6
97790675463706125211767457485410806913720442098787017452895527283462272249183,6
54869032894905641159267620834845145639894743571118293727828550578113213459950,6
83404017813249969576740583892167697447139418993971194554837966875039540767400,6
62617629761764328509989607464237113679066143217676847969936772954231255542119,6
73493716516323653989621116271716868400925655255896644960281235388406492573479,6
42607316650286300854690931700512695247636744637691604704776968962498919407526,6
105182196700947848272046582359448173615295376753876612588512352014631001224298,6
17490578817370076045797540885659726086417302961727792738876067273842827318704,6
76076404548835597453145318405251309043678442128203640751074744373953881310943,6
37536815162819811859375238472559566976555690207903754487360247694493121863179,6
18982284741917524513049322318414949620576419918629768816876354816888044390265,6
68657020151300483844386755179195410381895501243041117205085825396176683024792,6
114351595121599937636821712095996758591236486696748258498439063677629329548179,6
13550946229563864922077234228646834987205436557454364166562124149303133869109,6
100457595572120436568290044072463905459832298134433349098989391943953671084538,6
67758284010546832651809103434777070140929748457287342689402678355168142874374,6
45035884819714704118361666889847067700082096788795238967031112515197291787833,6
34741136379651036002742296556288738364673168358479538607041299925830056078132,6
4281342782063869718335977091751029001743164344663667843058235042869952168715,6
81445269076282641535850926974961958619077076432115975606080632118419460554424,6
20866955423090751544005207171454833982666834723256888508858357605611985700430,6
109880236537720573921947959699871760719273782926339733931982707193031844450437,6
26223559187578940304106684934140259014994607904571843977339254152311434983707,6
46728246476628367592737777997303317518948605770881665058571570589662957737561,6
103854478251840098333968163803229523171224986486207358277263923410107886228760,6
57994853414772172171304688876520016714022991576992035804640583052677121173605,6
36724886695254878420221866725956994738445153841356225142454772504012459428412,6
74471128810183882346012335576256949370030703221307396298241655398557766723027,6
64249207046659142296843437062211546332499679130047723847571206234761412277997,6
2451500067743384131647576902631044712698864820573917240702245843431171744175,6
82303889622441269299359246088702519044375023748184020324540424911140547172734,6
6110868037033572160438814001968983022665850128071684658186011610016511359070,6
83300251048018864660790118294994937232728053774328172855638507182008737082034,6
7372944066018559228341702198455885214461953215237793443264079936715867129126,6
37699215305639096878993676353338907653375024592357970817480210679501500167269,6
15284519463718314615319061525852454394949409353956683494183190675550805135588,6
67414317531843974937386453860003851978725980751882595367330204208436801473797,6
59225127050352916399203630184081652919977076346511282372208746133007672156635,6
95859346906314681338562880587285717372730182674823774874389853150518935922738,6
34013028300848837003856202328197128041538244367035999660171722017021554947355,6
100903705229711566193086280919919534106224610063484626315610092478487148958285,6
84181212648206788365326529949918954952123802948658953659247824057569437668699,6
50039807346872243373022212229689593710864351656160016980281860711223370909605,6
32643823732205690850518291665116453819445305062035428751877144263699004244175,6
71800060487599398799863235736233571556698899498044687306531718367196674135825,6
88896063191562944950850151715571044867735420798275177611622242112583030905992,6
14670388400302578937854524295520870226596820233363207836043454109858214742040,6
11885538922901923854396215028866834522662976170281907589143108149339115312281,5
72193281694009757000078222075439755285986926389840266830310112146733311752849,5
51588788338582959766643852700015932278445715423290302503082906020558786038198,5
34549985765837912978780810527830399468123703858901942705419569085903802703887,5
65184048527529054831240885135974359922571515636661312859380687527103002340695,5
58210173709941071840655875398488664676334103704280019089824898899035184004795,5
34346076883157345205273399703287427596435565751667855320277154463951210010510,5
14185297178162575406541348713189828607423878162694331540618690138303296265917,5
36200709247101191575377495561997124879916579098792192641042770232966316944579,5
111803383113065384113786543907127675249101073242181462366549828930083947836476,5
78207127327918978677320132899157630860622904844825563312862358796089427318636,5
73384228206398812360679259641893966752182139066385356426598662910296089292437,5
13472007145227792689199362598434886324857058177780139513223089961964227072705,5
105178690768800630481467382958517975911709142783458329671894582724156637877285,5
35972336934736923803467565932852572744045836951866707867502727228938996979228,5
103536694274212591816672135790138256864961872935571271268612795620771438241837,5
91842643988812332920636118594856337127450755185925655004348164210240784870022,5
100604266946834898395236684606358641341919312636429899475019870504167439186683,5
61666634309614744146573015520909291549241879434019678218698619249115244098418,5
47086568789133801038709350377546210227864835637280020870680460637806555637504,5
37506294073429476549756952665788812776411352720818629147443338619039095560198,5
52286471239108070508550278450187098259207439054272459615540683184639629524303,5
98931232988739901104296333836602036056317914264377118454015422561470072960040,5
84299410762195940921514696407586876114196663976516385589291579868791343263750,5
16855327611573537152422463160505355361623917688539198724637121760735304846095,5
111319673821643244245818116229409890342669050594926687304946756305698822878925,5
63677021623569072101397059596243121320742618671066779105666135735174785728078,5
60781454271589541377336216723626840987211797836864647186172686925350356874699,5
12282282173507644785817476002819420689228234908720656848661031609030304288835,5
72517930062795075777596251916277531260988908277314019143652959236627303020063,5
38528254335303372095459146364627162291045663849255427668756082252804130104613,5
80692159549211505952133931032894345692287265192765268723183167598737451540295,5
101505091892994887216699869164899443889881551405653726844765050200491286589206,5
25024261852746858006414611066656221547557533369124953824437199209015357212590,5
23552215121641417027741067519843567667055555736848982625178531444768254800866,5
80935047573309270517672151425474505605833038686026261581797146764997140367728,5
19069156182156848449886399250354579991245340009995115248517366506036949487530,5
70448477843493037083142483388477545639541027408580627642411449618738008162406,5
30667002398355015105846066855298486466405391549822725242844752898211956784932,5
112462961073426401968355159958878744049354060974198177724708393399814082274461,5
31117810250723277846888832557199227995930701994846907530586005507064821199759,5
83574897225305388138988888953278995645355001428851767231141658590419893165988,5
13792439387070703427614189777631973514758514163990334569679225540468245858489,5
27513240115006064838440820020987212144881672931938727693142097970705342558224,5
49913454568820653185910875573658026823303163187433197527346842417018226537563,5
99010350740334172759726299190916228622740893149929579326307783194276129035823,5
40023533383199379945261331934623775799498435972046686777478941815518707627841,5
78368288469418880250417604407666461104294367313446031286573838603911618801882,5
27026183854399577797927676515382508789918404071276094795577350395691006011636,5
111444196064604160804026786291263786180161834400556800392941654679180303160254,5
93273445129241730858694554742146582691362937860135137736647336302579790484099,5
106228381641328327667418088903809206385602631655337792259027770630517571007510,5
11749181443899751600923882416641509392169146461814048034124556412612096049221,5
14834849615536818466824013156230262018668804919993648997090827301726224073809,5
54468655912874153808181401417692590876841767060271771408463536260731742628806,5
20749594694327916524538270384432856534595209581497906871495156780868750065998,5
112574396213530225522723995777574240751385774118524537818513311411943678070765,5
42419692074307420518760748599823856416124672156882113661232207089271901624097,5
33718084054312793201048773775842631595556226782153369066829001794194885275195,5
111702756754661479214856570008262342650137038634307091012852519376462677737845,5
64971238803155094969179858595244377528792390422511929666508348732800932436290,5
15760464508026918969236584877088809103908121837091601547490705446913397837221,5
99758228070140162720633479610685571377871802477290020715271426469828489443493,5
27418784171521537123518610288236892814311443526951934538018026287897782536110,5
53705710446420064871290088850313902307809498497386035710110016405365275721347,5
19477449400404623010958827135556391238478624791861048424961650459742136529612,5
55485074961486979494888244818000995505507628573254871524195726454626567849516,5
98834358601723450832147161471728100199807699675755497064584704618174051759201,5
30722000818008411240297881489341257838111569759940308263098142422074119877700,5
9200433412675258637540369618797678053025180856420258718786754238930812214444,5
114731041422507182988117403942116901899645286527847592468738476707092471072563,5
35489047814042223142427476946039961646867901846490556086804179201271893737116,5
84011768513105720323423690391854169214415824003059586510396379964519836889060,5
15207981305616111397529013470904209536073371023469882430974602045923681242396,5
108768309570124464530778971220330504921789069731815455916151653640511797396086,5
33528166263520896120964354976651289997412466854385218963068485649524885973739,5
111972056698733595453136580738715296485215652007589080905825021447917637274616,5
28657342738209633756007114806682541079770040767438449161913441908623273536713,5
70510911701967812727975570707826402469008079535175640706812297844502741589399,5
66931600455370102461365309495105672352624748222548285331452653708978508543292,5
76751057971792875330451763781085662620334088418896155128726560463742510213085,5
81137015540110664252243753048400812284598278839307126031585163193469823307780,5
98707064194466637381796021237704747094269686732505248930526701476199656602479,5
3211769219399190220318887785116846558051158530313965587486553999982365648700,5
111644683849846503308165113229413741956070318593742712290379264661847857645759,5
89839646363969513641835298747824598457193602058150775236471194841032941728966,5
63435477862488731164630488349057027477967001202601725432350923076939997135802,5
44913096234344609008931252485070725388898711128683678271461489885394335776652,5
26727785554084773998566869547314030308119002222603299553050825826824518530454,5
46530811698375805323729223359163532175537456906183891027076539574234064359948,5
99003963250070327048193299866743836792872346873726243115476305838363643231918,5
6587181997983192333527380092323232989210937940225634602689521987680347949688,5
21144694155850926609324486746945731781285246739171288776886582882239664515825,5
46986498544296864830330081431425323522849347335374414484870185781402082922825,5
44779507191162883407417372812273133308791244892713162655224521248397158305616,5
94896402212460670250817255292086802767934640989045009712962132627053275360469,5
53957445213342099572686403683429824040770059550250417758324245624589440817704,5
90621935781757014187110819724959906153055065377067444570715614908094055214492,5
46718030253645697908672661300804000340722672994885062982832867699754180688028,5
87741193854012019414772293976012976765446273578009375491016484286684363543061,5
112841792809697477518026121602659507194731615335069367548626180209223777375919,5
71306748594088026586010278110414650326283031617591971523897648485566413205464,5
37359489079881013705019645752453440997663861631756191930538518049433092621559,5
57655603460183609061034899385936894441000239147695335452994827074648900995472,5
21291431284254913920173363141528298314435009767315237240584324511554505903925,5
93005426931133702978811085012523184551521535935914444336077249349133223114469,5
11817679312815971161510058031771177554910728055347158922535379209658283918572,5
32325249056570776593382042704363430541926599197864064151435729782122628726695,5
68955070970575663995990581982422374788816257064499770758825871234202598052139,5
110829900981255785917702283533809879140255943566514760292815772313558035570329,5
114362526230465976390687662053252676413218828849586738167569554815558810813470,5
20058594482111583408127576034185037556568982377602482434081256025264559691990,4
6647233677637779818611334772191605956961895329871058968182630401078444614340,4
40751489495384870702042106512539592754718265593440148173337616188467828843152,4
60369573466309314688445835991766525770750992549278902156296001563989919001307,4
28001570141824808258033685425303266763880844978580805102988926477096984087796,4
100679253820447795541336647969452231592179401044965056788124305781037588691490,4
34475124247274266616920641309437485122467201050398702977448055025576078662198,4
115701837516777085045255165763086608811862789869991521088985248868088140979464,4
63869169330787130042860793317019885992972218525300685132215740144403215346587,4
66076262368297613914603229237841248009580607628381037594780934659733461516941,4
104544682783729711689458646575629531785938131617697248365611379065731306294083,4
61740146496997430693400839390861821173473882660580652803884321663786477176169,4
107005137930404163344883672259494465899824538264977029310307326053499726985782,4
79923363267136048348413258965308056975739676633436778075964091900048560390134,4
11112550607838430946102146057655831353047970820385920105630076801837233331067,4
48467773109351409845867792020218331326059102263932889074828995465927260031966,4
37087291939736384637128466096413808991748624720740454525380532185859635480026,4
106967939233731777223696159762433341978404803031930010866101138904825787652752,4
4415129441208641649719510186012781843616084534489803787203545003122149000168,4
111030419677991018839771545298604957580784749466256416964589697973351447752766,4
14427793695184730723851764672027630986739512124097033410436483889204426088836,4
64744501235287797083083685050793352597792735112175709417348628213183407256164,4
23152747425150171618029303019565045569231150341919844700470076379569436734242,4
3640974484270008472969533424722239856864407555148377897493583159482903794579,4
22489431311878569841288266145941973908181807638334188690894347589147306609530,4
70414983484541660573175765916104321833011368967047849601550465123389012056801,4
51495378555603389105987648060785954574759126602587075719972328365242684433096,4
113134881275922019057578889976555835083036286689645177087918359084095649165060,4
109448263075308348660919511709675341719076992221654044457290631885608452268086,4
34742686272598018256323676387156964386621713102961498164927106122882618148026,4
45131514821754285518152350594134639220604435407946142162069151228897904287639,4
105584884648810318086913787719492634443360414309287701366897825638933010767576,4
14634214578281878791226673929653486599406827443876464826157622232003804425015,4
8253654500952790991675630127540765962794302047511933559290660907480949558203,4
114406115283677910245200184518096604080583760774086233459240338898118416828609,4
22318563295414707241891069901236951471388699861385584472590068434137802829269,4
66384206385326912853704576004835231759698607424840632760616710403765642971226,4
84253683723570892856745781265657824097083946138500525550630710277257210365462,4
51942880449907071645017356791002625435264204957950575048845837355312121865597,4
87001816115931271618949534147277377112255327733382502109431121828006414200604,4
57911409511235167731623139399721933379992716309589633202907292832425995063360,4
46813974156441648340005152566917320325278760024528768455639907592554007481517,4
20920601586108880674085399425699014893477404231079047040139076094419590934029,4
7885593948548864475324376240208502737369875135790817172314393745566042305622,4
94185340850748242832915568051071154247428387578480265333216842320997607178745,4
113402074942085687872423884841357554704122419496805247820910420368376476386361,4
38282774696922710764802490125829430904652523440910851444787797387458868755678,4
86224359206603611343820207087622028288777185899416216971640200318965694883997,4
88538444154229973133447804852326721335785337940720173314898878759500927355547,4
109221624459030637844004775003151028954516007152024736662637459366605875825614,4
109137484306971612040570380486066558879956180786266824551375824915992135649878,4
96398781492417303805883226481366461541559487428545446851614521331651352150671,4
53301588155704353636175160828368493155805934721997418708986488445117230317077,4
83198720066702595188009143929470651307886665659046296059953069721609441104515,4
58018932077928633772669371826276804247043507224511125689398335304328047988942,4
58141451020279799324035623844454613475003352847343188871722630286142862481891,4
27599997626185274263091530354838555551553042194114729702015829403628307634615,4
41275475694598318408172702932540660258409545585342060582951751541688779194557,4
109459084804386072296568847723426977164596221918946569602465954608369258958153,4
38777588690520186380323812338502165362618679883189343024428056637560348901957,4
17491582221892245674203280265523164517120607106364529218774009300677309482428,4
112247398413617092916112956596832506300828238268572069886422853469764764228704,4
39159583482833188892698411122294937620403674985975037321867961465636421548708,4
71930967682707105734608067724833713187364998575541053889982101874452047784800,4
66827868875565090621779237230626668136751170865887750057047621299105978344970,4
367053937651591947458071603181404104926320969745653424799188616408788726183,4
25454360553952604739211270252262393656689079037081392833782168896213636383417,4
47581560763417443851129847325185117434825610540930966143463300670966341562788,4
84757245232344640021549949164939627663086659888041533471025506517159376387065,4
57194558841598404425737382529370049704614812151385801081382340811600413103684,4
3905203466446284215843316756996074278959889871939772357310882200855509453923,4
84836566338164168639294849086855375771480759061126100272748191780694231983451,4
88431372919051146330265837508459469824496519107024502587959185942521130457119,4
75824635231884239874257277467386555124238367802862846297308020595919927279138,4
98205321410871395454159542648601594162742413864944091220663143964877465880377,4
30278566234859060242059540766581524523408374791403877066655120508259869055117,4
26343181383493419625365479325345481485121358614417446671097616486846137065593,4
112447141954557603536861763225239812357342840860165834461785339237222202519138,4
76172805083089060254816154380810429897418097553722179847310101119312685843381,4
92137875302007366305003884106461731620402805784666031775405113396598112665955,4
41256902921678473656162722599098320260177038322639437716181562446601364968284,4
18332770957342744128059336329442080728100661628450667210206858340428029212027,4
111643751382402230453787261294772980056266236878837237678078028716853145180996,4
110545261363752560966428263587419781999450374375527310602288120902035852752769,4
45264084098620000406385234080361407679090623096807643236859208470618052336273,4
70003165847674726562323364630191917038931935891559696622437493250875034167377,4
6706828862949131794370770991068436236893566952742486983990136434628334130218,4
111011242904403227448734664841667021554514079387467942294347844281855295465054,4
46506838685985390995950992374150228263903409628311456965757668148777105512773,4
89190718781273966870378440722126437790648197368397254351262165367719770810922,4
24869012466944918288751480643461981041750160631716731768117574598510646929247,4
32304179550355861866190452044058161615792459311837311835083228104871124322558,4
5152553802864300666513063868644407051733640511301207916387695893852872259209,4
108769929684239580406342535549362723805902421722219451949083002547108090271715,4
5246712424128857232420187148270486056875074122116371734690294837462791105167,4
111010705655921065100378085851845356294912853676081111387382336482895746997703,4
75869520762489466934059591987140297954589133428740433584079169305520857165833,4
109928463096617085714562631406908724208897075312159375539680923844929454260992,4
34329639845846564307513256036929898752463262248492846201782809362395684469196,4
34193340689080449787924534624256380156611266434827754504044342467380248374771,4
78164850388666421344977654037073206272956393434925718279647851109113074831296,4
50153979324080926515873328607093654474150836996882502643076497560567943248570,4
89237923869197860893445831286610824476529335999271066475902745333804476761782,4
48186997572787166095463391587992748241274109737130932080574187850068972956155,4
24618323070690998351611464708110402455540211372222209050720872891733030106668,4
17080990992193763065844162206654609032798404175675371619907634937908792704614,4
98603542389456814464867774866436256926615604947196890540639163802631839382010,4
3610348239695385258080861632501432483702526827133728313534895797320910371533,4
67151643624466672420752867396725182080877023883255665084008522199908871182283,4
81509035536558651905538633987789331455542505004072069002493857356951968080833,4
11767302835496690157885230196104129487214555405746403697798396950445871980539,4
27866560444362171139867199067715093544145741487905983996067498807627100062540,4
43699036639517239373292236759292912546380416549004923475966526643817751109055,4
102945936873898613957351705512305146742772509375792148399576096642532415680469,4
111072193292011902036740521838083351882117101373884765506817707446330145935076,4
53937079999990446665282277496202070694534232908118998051493179004771999337529,4
96935369682415236983049683473029828331522855029288849422248886982910182970704,4
28661020527906342120134857261527645298662619998591930978564139010330675193954,4
16575032179412044988535485909121606704320367827749360132638609602287385484037,4
41007948924467192540216598804511486569726203998785492561182634207714290032027,4
106718139282463459299101946292557834764840309193968373511470094363374949307634,4
28074317506144758260145544501969351432680162566885780033034626456535621467172,4
62886630970383356995195900672139167333013659365495421845770580917308906400454,4
25518277308467841365424275564937941146151630045351982564625944451039506061349,4
39204155553628814950301623911430064880686686654857722163436817442068973200038,4
62111610936350442987793280095717439639055979863304675751011689010496393822511,4
48212808309034770306971656589226336784684129825316765583229508238315436492437,4
30415196275626412090372142572517498632272878987666680726070139473108862444754,4
32323513028783505696803338133984216847451819655175145756794435343104060209814,4
9166232738087237017626938424812380217722246299579483151633272462328159673420,4
63506284131818970217682487078639815397728180714902279273441689451396266787418,4
102543932892985174746168063153075667994013656029773502463276945491066983354064,4
50792697110862370337386243822732988655756574734293644215658869472239768692495,4
41529123312559461643408809213896431535782873181306088589882449097376990317942,4
38246193710582976576146463497100196625590042582163591929019823686438668886855,4
77622020763835567251531740852994349144805608205003628543141272119316193949748,4
111888379436749740719913138798202242552380132269460150881458704712476129586277,4
80420982577431662905375087895125657994672260359794148520428684623788800407787,4
23505463040506396067493672117060286304077496100872057989390275451410589052272,4
21605921477811608820577188940098982808603560836605481606367119368934832593635,4
73956390527780510981834731430252830350395270277905091623874792511615044087377,4
76575937568846652174518240862236277073921400959743969449668433878034642920895,4
35766724924922052795763002898848782810321429466087274243371643768321572639198,4
43991255346087318787442146717982989409829435866541918189078554610696895433491,4
57185768203838332252784755854557396769731367835547508228749781741106367202397,4
115134730392242832637022825734479281548805348856547988831626890976017460991379,4
16200745431774982232178696821964794857949381589258007924033455031900765710019,4
40028638066469319675920479199482674509823950165502454721506159656122326909918,4
78846862453590935850033869549148741925339544651578032145241021511085327037732,4
65938106456661439044959578085093012168102697733948255054080620664227166577156,4
71359279278192871702712310802125083702925926581883164444347497009202930400160,4
22012345025852970489236258288057625346059858246470390490849620357830380483321,4
72784906925481203391061930953043210427046886413983216684578413984762658752123,4
21743213812637600737234509609547044758066669141230957430701443644769017797984,4
104070107642975498909435527952629952141983113989202244813677314846604573565727,4
58316364692553079637792261817740678676461496372093274401344199426109015197816,4
11860148082510723001197100371621261913734205343586816109205617441996792540092,4
36256784904064579979614985970850795530535452962390101678183103267882682563377,4
6552095735608811232272486853288383161911738616378060258366496836072944396727,4
5596364948675524194415510622009412957031736530408022140340137550356498349747,4
77924542936315625391727037507386949218369653899161057915859748154673268225852,4
47498855940177906786828241573920607803224336833055121886739197289952696916971,4
3605895459855447993956430372470590911546901893759949483973751843451925828802,4
102244666699682235576219921235102273891301930564071010531470895901408278115556,4
88122067974386312691093321178920443876533121194349292544163263905420327448150,4
93405112656669894907168383482785060780269169589732024892011373385381067398598,4
39179153323801330386206278334643588614485510537290771330697211926651981377806,4
26956321856705864868132241936901791137218457323927030582818210425345061440377,4
112939846083168505587229652183994591095177430703273287578207935962615383529711,4
85397380819067928243385087543436448339198291505119344145903681126097346787448,4
46225381586607236748324193524926120770985731884772318433961780124098756247833,4
109024146906822740250693578054509807314182736087777275644967406455912134357291,4
99535318018700397756430162504734638608186473687199572666579976366763905230930,4
88629430352703416715434942655501119394616489224704925704306222508287743577459,4
61055633981046780713705262916037550937017708304502452384265397579203871264202,4
53836959198964527337914597312308148244224201859752322756873043235823444920865,4
57111961015204692640982546576746581728936230955012217300844657575701661737182,4
110529927982107153207469458623460122968663936985350783749349192985279558995134,4
90377429899644730097368186812457663337000576224673359606451760249894988280675,4
92241129819192668580986074138562100785284296288578079671859353275797025580522,4
8203429602927398861089192101513932225305786188158053927662708996584696663617,4
44165215571908989303322555896565191779549937953355309494092405306592706538863,4
82315998155014286924779105314705870535994742082793993063678040014739980465992,4
109172249835555297919270025755949893726042144811677212567686643732029674984802,4
98698532537768819905322534231284768169149011036619946739490156403228373073257,4
18103495856575473429337550959760058009040864352113331576785158241340221763888,4
58445209567220352195103275745195548013762489521494358176635083568157683144883,4
28820892360510570100235749773068462264578069904892929366798751138985785571907,4
15069907339758794348885202140125667967768508318234112500687779772639849827383,4
2866357545773439162165588169298602345350931918857271420270552081419472166394,4
89180280945207425981067593249742923350027453418161787860216253783715871144038,4
104594816019809347685482670332802033355559046602733512696453767602440150875125,4
86377436918037279711922996071897978915135155198603661306690077659099794407580,4
16621280312045809230411789217988071922053352195948404105273153849131472464317,4
80112931163205241226567993225965871687196027916200463408245529793370600666505,4
69077157580994674783985348643856900615554714310730599849841705172124570931942,4
91323881902714274119141916940247830722612205432918853222718387718705773537194,4
12445116706048183305105082067601810405452713242913038485661585510131560278690,4
94961866370407004785388715938313886164823945416005324303567529387969622481527,4
58922070537417523314366738194382545568450342692502789024469796507646802572765,4
37946795797589752782901494949768644559908156437744334474880200992925804530855,4
69721719671642913561062630383708615676125887687985541072206388727695842470171,4
76230889175417433291549907497764329437412289451858908567855615865043807768427,4
77966234200497562100099591020102139692353751429150873837388853032477185518104,4
28572574624105168887395519069862320468713535861179669892594685934445411743548,4
88784509274278888773051808140779851201207830604154749289920783674231628782510,4
9174409223879789999787830696721161021147809187832670150468320509426568541493,4
95826264838422769218095368523337905033237961624022310463231105227508035677711,4
95259514762800824226330560807698337244554063178238238229122177536076847506354,4
39596299543817121553445929036240000426591043752245304143805266349773694714401,4
105833945611472502446296741468486483097951150688704133084327504316577731602069,4
92129264647840483931293985626295293371483982225308705482021692880178203007148,4
98993828059128794876940477618339218202281829445177884424546803545898065977612,4
38982873723115617182272401918618287939693051468920526608278414118749713481362,4
66241540511822208014847907603639222449860938584589144459837079926280827419170,4
7059084672682924903630615928066475084843117480659476184081691279944007182188,4
86190350579068663958153293086938567357996226901898929970671060129451096251306,4
98081779269330014986148592957240936814265755732848856430216594822059909666819,4
34328839042526422394100880745931629489785724141488996186249676362512949918019,4
95262928238268876138515376611912898556669814369880737051571139843824573139259,3
4237679156807413487957708734081900423659724559144501605501220232811676983142,3
71166844076887022047366337588139778200774654591464171442426431435702925909674,3
2839670254877031257161853357183832408494445238788643704545327283305715592486,3
114767659259096395673345028586218383260418924811138910359928780481686968241239,3
100170211620376562385277081027281479431163056107824620346383121547193368885132,3
52691982317381026702850906347476970377400880079937793225047877754591051005020,3
16189827698816357639210278057947013014105134571674237025033587251608949974665,3
21439676769243616594963274760193414456013474808336426265165528502031511475356,3
39668667330785036468735753669697201679782799554827539423395026999419723276336,3
93181602739785904446236260724662760480736981073493730954764855306494125236967,3
85653576990475870114228086064074255766431106723930941424619072787032095508250,3
72195198614958616603333171789528957695578735511800412420238738517365139080800,3
101124979845590376833282673547255103201803560794773582708078577894959329240622,3
67672304819072332288440338488958487116642615269132354632110637076919589264210,3
66356638265150732371587229919037364083491198627730747205586727795511048505230,3
65405555965068317144386059565095739230635770738971195714386857822112127249998,3
55764179291529148844778741695392405818369922040448303584859597425610855585640,3
13203525306427024722986159211374061885594900755942637727981786711690931597611,3
79414921026716049566404438390556647019471140048554882519476185924522390768309,3
66263196883161053097557111733075977146473003850259481417662316555112952297107,3
24978564563140979191019911541716570177867024063943383391683718157083873367161,3
21763126562803737812371224544119798545954644974050259220471377689412303843694,3
3705663479700506311918114565531302110865566145230293291535096713965100405224,3
91437648694085815149445284350666973940836390829145030200707608668579690151388,3
44414588915090343574978803911914108321315972958646685029818677195966291285238,3
110082881074437782461371695823699778684346499043574919137159174063158719987025,3
16392988068726416877957330273985210689529629996370356035577885084678369700423,3
26289874768437571332923108374615094158870604984592454471582065543574782831225,3
14778838721159046030686099040584726237717256887129248836727660587109696687415,3
113003803287072437675363698131558616573491229169439811364782355791124796417166,3
52894310468199390453083066745904593344766644317145189904583617704119434265817,3
89445184449044791529224504872766433548055134070645450322730172910723281532993,3
22519148209807599913658962758342148155165443059063726300368385115563345891614,3
89207709630697592175873385368812765619153914869713553561473718134790196254892,3
61232073916125600301091591555632605085344088838206008297181791490155378489923,3
106583471466415791074054757495614811207754970187624273904633705111167082834908,3
19231549699016719104060701612282573175266490600649394524870277458435076473496,3
17400117981429457633376745422539255669912761148607226700110494736587897922741,3
55680979178575029990894420530645993707258510214971967595420848280089735538102,3
73073892823614619239549749731373540914607670900976721926926789067566759195293,3
113015148493646361978607149423964760644206747753162703375578376704777840706273,3
27416868649760289144316726228245441084363103712602176217100526353436079193104,3
104918403295113672789813064688702887868130525659902636287022501407802243223137,3
63336715116810558096840707058440767514187514463855306513020652412327257951010,3
42059736132144170238866918841004276204020683200204922628895994243837393171899,3
12160680280089487050342397987369014563558998300285923537709091615912095860479,3
99214815051724610814424517166948251486660148562522226341532170256963481841442,3
87097490631832393522139606422641426535102983400568573635775901648612512477995,3
35432925596122988747429909909823696214771646962941175823602538999903517955147,3
2403528019602511522073556440653542464166241037690332255014935293623130483150,3
29428651878616703467122287054309419735274025980481009433247123337087747003611,3
57643882643899018016473667017184431993517005554730384636071917537681075967156,3
113055432653870638077731939416972839446446043711347740863323220541430868623500,3
17471452909922222011797804654164265932807413967927384832526164866919952286939,3
62978613074154233055084729125157013227126358748627258607778490516701415518601,3
33789228561396914674631016183097027763491277973484229683700983699519346396048,3
103304214538174127613971456302102630993769793524354102659213698880333388860146,3
30467057264487620242291959917484473413771377191871258742909427403818266069375,3
25084420493710053897379657734023015710596232333194165322256469919402529962751,3
115283104473027438681742512966999419638020789644514976490544753323572672819857,3
38114839083801654832012437706207519893104511697177570473989629764940252811567,3
1128214514537415162742319456979128107681488889624639288713384880428735158561,3
95868838771812142463158676600820147139597002672097940552267672811245622975041,3
59763831421755750621361220655147372437360850391457242699685086575657987900400,3
109407498314227071749354657300609435212183250612493690640525703309741286963371,3
88682842107039084136407546945155497966196743253012053433123534201366027660483,3
16205862969951259763287824166204409590431165566138254121743491038366763688640,3
39204019031091753996555837458040822505395446112184043196278397861306836039732,3
96030170974486449336660844451822797878841319191243430298778670154149830904485,3
30814643001241566381414507854006515888178923427908001150933666641379463982349,3
90448590754422955598437396563661096667815416718545297035015030349003662817905,3
96159251846531661255158858744896825554972163815463822436417827306048482154691,3
16141491328578219096647144084953949603983471416807314548951831616980442932675,3
35715201879562519619948735731043355765276219253771960280731486036595090901454,3
27426376095803907422678585416576106891430791651917501544255120662701132652634,3
35912404024610623214486704235639246695883416483494947593401584937255564668696,3
54415454443143724825404522133161217710679177924526755324915360836980160034724,3
105478278008545297852858886726255789639511552951665457439733123634982583826984,3
36641630273523824063543287344136608384472513817592157284785295040281606366049,3
96542467451563657219216851150584359946048270972093108784197745262044479527654,3
89588125662417849741593831901658413695545064093722819176430521500106282821856,3
115562802960298474468273998311502004603115637761787766780146879235908281850284,3
24051368272403132364559264959555546824079933585285211622403430077116462349209,3
64189810134408304133620095666403333128112050966197059874103594493867135192861,3
80329429293052322030924883896725266104911442444925429357858981903197517526214,3
30354482006972498938795268185389345562065090297260620347764359391592279002082,3
50496767676828932432102363697511733157873603251673841830537791532696555553540,3
115684380544854329816655757702652942886999719716348843414372777568610863715819,3
65430796615031613845028795337714340747525411563203142272607641437140245512649,3
46723357453454939311667125910114694362470688859165157461022366378282076026784,3
23906906885868609707526153126878416709690346667178112465313577518192322379038,3
97484789567007204263240196656518081769618819854567976954977976068330652141627,3
82922668481041695682779018326712969236157574410712936191532969595638618004867,3
25062423714053878456521983565971771415205556032409710816399018316941924604859,3
55252613948052721030425047431352721408713371874782890558250004024743582683537,3
47268907256095412791489353606808264972037413826262416139451289434369788957853,3
83811734757738374889841198796486121872091121971230893789028500492318823314182,3
111906007813733311029611977641983912401892164202581871851042511899515729272098,3
82059801611787158981712587409107767443812826485690376005474266065412765430925,3
12485459257969319051903966612875078864362062054321517097223195220321935074832,3
18089322097848227555601498162497278381029803111083112821458970951268363995469,3
95399505068878952869427683080375926225824906591500867187442999038372231486283,3
1633872780238134149104496003169441292397400381107720699984928760545134276091,3
111918565776987562739942812532639450077702339877522754958069869130232768777611,3
84319668610300808692204696961078205705568255882064533612368293688454059448726,3
22205311036144903029880265047097845878037874372981546615699005081712643384133,3
85793514718853949861684156650479653667546812014831041004568416074830419763862,3
33402329849096928273803006462570672880896305469273079488246460014812811967014,3
78320491541142209272474990511315709806370068139413609170177833190653317889797,3
28959931442217540310697348427513302953715203330299828429234951154843239013883,3
30927187437287657451198709151875594625416519557584449474044651953487346022250,3
39185674384664191125855006389967307852819060849802394909863124281756516149440,3
97761945442366331079954098812176682395504314854014222250197509095123914312088,3
112875154736258992220961919870356589536941312348817925322367388884325160427919,3
44444164006623463039019468685981087805998472330413540332371365642565373091309,3
88803190353177473326092830547853597998316603964665706871229279436213888047270,3
67112612654112273538422116363805911101984596609751345748355178773081106444742,3
99106167524048309149461926467663762140490808427854537442029686146315822985070,3
39633268356225572480308355736443800095237796290581815302344085399310277796836,3
100364866156506851862227879779964637084216298577588124994012529775942838036683,3
37158035585256915395846051362204681577598287117040241508381809690878345397116,3
76741482579169398226564875457940460708083305703450479941360291398604195398419,3
27412136776001967769772309196655068342431212668133268365960591959734933261642,3
3107951441293458552010614318822351258654013311238925997534150752285869861933,3
78079296667117272059347328001803302962458116054878501769516803730867420730592,3
36987255468691648176729575099266761514032487494234464249278340701802355560,3
68205102857725884386637553843444357283383959728875415170204468423100526408908,3
42649068296621686331692202093050239625777569761529582754201601851126782081203,3
113544651093820174976863679366078015396656113030875127837594913367114347503172,3
64345820886877467312749578386862890126028164884070617493758124069688894623914,3
12217945273853920020890809059523298461830202360420089505739668188609284381163,3
40627224065659831314817066510191564557068406002598843012097853979619355780756,3
34622386753758246071503566009967878260320937921733423498982347006608916127261,3
105845940603698002049325232217626466356126603686286687960627553222056767481144,3
62135858262088003449983782797485708179630198048267793124858637299038618798446,3
91905325984319231058100798759117037663355133714026925155025219057789033453856,3
82021878323551330725686756153733634917969271057848313998935880701648450876113,3
48851290074931130468263487916015305257673233156317387396324610509338931556155,3
3420616069607967403458428864983447011833338837094754813256670942133618358037,3
28204605277928973399974857385058856128943090291849278903400134661381606592783,3
21654104259325212035737789592837251041098614263332738469572931028070648043779,3
20309675907131346939354627255584669426695564176689458596579175271433209737315,3
50863195433165437112729992118418131347728789498665742375260096617704811003848,3
5637555046936249467236567305304913449924359367325933515868361648122183295712,3
41478173938941425882200409624642613384515169284117656973000749317966023486319,3
50693175736511197531906775829983413824913771727016832135641345964452396991668,3
69273315552199424401605977323788782149007763029482231316741508910433312404345,3
72863044810447136547940569726352111790897412163094607979450087042650868290447,3
49392558677252409591317557907257960991233732966857773622084347796764107343834,3
105770643935292340481523297691803762047885549645028191587961015627657224506298,3
104629382278241070753566267354560924874435823543371151752420475196640158858382,3
90934745829137623862688395107519683645864331268002422772243729983665377273474,3
30258474916262491354608204939925691704551703923459298091103419857995454428781,3
69809748575440282394849503968061171067818554949179122150112829548656145868943,3
103722225907656737017530451669419208810247297897795691629991780934234938147838,3
9985345642469969548292296927781623546867415746383920807809480591480928055518,3
6849204466380313837379204838109061296579573152292525768286379912616273600026,3
53246635075624061492343556479725650879193316399197078728500386920585759081411,3
15993236266228389077765994176674777449458621258222195401636699432798107848941,3
56086789147323748873527191068898880151551204670238719689934382830655078472492,3
56135751035843049118039429667998533941487460831037926366698546031458265886301,3
44406472020161834301484326391038758502883692369847604399382861949282394591420,3
103942406816741478061000565524928464281733048173612160958373631177384238246571,3
72961098989195676982949349474293927536868800411075582467658959338242761495044,3
64439660023280477928291148452571612553511613627024306405845720533123157480907,3
96097231222576308661671303448005024834812107450275793066085634952112578879723,3
106520753302944240627518147317003335517212757044944139430584330165763268909322,3
103405577386509208965561270612057032599509222876807229008993616726310248196995,3
46978832013387281011323181726128615422183371601129534108262600907487105423643,3
71703525009742880558195536261745667060215665938094661417012854063696389384706,3
82106881805364570002105494503971376610127981463428757496203492428179282115904,3
105669093343976020576438196245384314435457352864199116249445296558104326113519,3
70737400621055993548615887010820103312856242861033286864073650431851229725324,3
24085516326447796279891290477109873471227672403551740738228433386654022112411,3
73187190477727385849954752537274005635368824513277199710943669350387943593432,3
104454811020927376873674147101559771748784774004577317119990056341892334199676,3
55556063447509136614945674121206326447878138016336308397218856739937486270608,3
47948152318945497493734050664452797025771942510222041830870666351583531323323,3
89090153965298538400452586800703097002510366978052687505264269923352012340050,3
98950214114518488441772944709847936536741081919701589012448402446975394498692,3
27500885434639667271621376765803287757412895150342364627474568727836791128146,3
77434237313318869073749596795600096043482232750330739436791588874232588114614,3
6525379951534270279348476296149752918941087300270260634190480576409699289522,3
39023983676292356696810113399927147600542647544153424537163921738101526401480,3
17786411490542060705276071835545682782079520026489449857499690933065734970184,3
95637152552991984625613786157599351409273616300035886643663188990673887351735,3
100187608583497070761061054838557714749027313917868456321865435960294656389292,3
20701740104183019704930685314328653399336997541626635586264066144811513761495,3
50890167112690226556412866029434904344568263170942183958732262658475265950736,3
82650783890162498245897669117343945880539392303676352735168385950792307601887,3
11884099333102839116463980458252220017519197076047881973125495270262980704980,3
8787507376361864033365418363230784485022477201795794710743943871035054484998,3
45349615913652460748351201121301029084418974102178873424554191271068279852310,3
76048152295599839414890261952529447652665122560514648303427086594998512452268,3
96994385819977766564357731048283832145261076542951472676077606011981097990641,3
52096318889150681063982217736704146673221734697523685521987960603207419709131,3
9606434574741775398703834975823922384773293029252192043159106416358173546834,3
1246719014067418195670741817729794545925249798272775357585466424082113126497,3
5544861251782664028240197575551137146958060962888701905160833775240240411783,3
57491445892657613424401397484113091873516510556537624930612785701519192201749,3
23721994122964736462220495451637624251400213553768327329144165769888821732972,3
78107571271768925596105381989771672680940682120728584140251406470338476762408,3
22021678326050259256742958898502032342524702037115205438173573767246058206065,3
16535313514608197912792514959348016035927649402134478030089837482496566441198,3
1151366271037038108495100298441810996764401945396209924121408626082775501810,3
99247013920471718410706843913734106582784940140852469471896485190287929868939,3
37794734019395784822630624858790006125307846525618839490297375250979319998772,3
45337761776775855139258925578818344569439272211610549169455101570640900266991,3
16723228040714888771194410920852904124566078733913914478214592401872168093903,3
65404741909399219568969287094903134657987047103772119552541281776204337130495,3
80542276949161512692271912045217021345331697648516184676793087737848481499599,3
14409592131446182088599282398940816216890563574065280041358590079759315025300,3
3160924183180805944427067214079025932324889847431841354496411999594594769552,3
21719516129233660902321787652979664181622473898188314730711244523167400259546,3
71867198071687619115391475146022719600764668309234172510292443448910542245726,3
49084595459548091871065162343254011290064689106245570295530476188217680313954,3
18293722470776482663915993310157476626606127023202382602714298372198567294390,3
67265476329048082199173458540574742011650536424480541721338410762440557089942,3
65782874234103884337901670820476440112978793781008612349244643641377093759399,3
89200715398443927486145075770169217791252761267183611630910427405913227277585,3
75788272570057285958932448478825021349386759180000261807765365273760445829060,3
98553150462815367711400530073350389839132765550914401177495722613837627422443,3
106187167480597449033433345313277055272167848221546539151401222397396265751294,3
10899821899474594561070930483883141526366989390785215668087958677236268025810,3
89093483087927308274694805184424357521579990855068129765247610890561169643560,3
78684129427814852052449914822523366421903939732695308132628714180440501453781,3
36657317826332901627937699450140301937066429079514115425833382117001002933324,3
94059346179991287979389214086895256810225481556281326540633149568191437621961,3
114800493234623730914889385894134639144153390567039288928148532411790843048204,3
3866808079635920080644702251697771302996304684681407674443015526145886478078,3
27787343115562928131676283600822493165878855159188776236549272712729610818328,3
18740066777195582022409341362501062111681784853108578964326810664256905227259,3
101391900655820975195928088418167629996831341377132845316990354157957623326479,3
7118861878010810523359772327086831359238173848915297486583825417140198016249,3
101228281359209150209893586528932417454252828147150021322610891764218893362060,3
102661327616250564399627258626434918101849573427557116045056279148250453983711,3
65699561723779898042764098169085350215787764961214103072494976869137866690831,3
49206640648503612680831381405616660334926273392023101333120340998303396376443,3
96658272039938777739903362507834264717795671629082780184256146053577408512420,3
45475763268729020719304014244514042296537571153698164910992541566040411066787,3
41723057585115191320204900577261113273196056957464814270161378321991863874967,3
4557882389979573595607401771267141476425098609814957899308788691881003371999,3
19528927776127965547467615117442420992246435235232688425222260668983063809267,3
83430644025829910416505609739907390549762993020574032824246765590201419864816,3
105676991053775472116545259794504358163578225352051678267691975866597090914115,3
14567763609665604968371860853150717913955607657917335140592594738839219198471,3
74244997718187970271454081260417283286179821215585769269588048063999994101284,3
20137089861458043373637378324458496947677321618545341439164154303070975471375,3
18837330742298415130961031877897663216819344185340892594277667396953781844318,3
70859951844419258935373003417657617033445229800845204524421179004475100344830,3
42472147115665602892344209529703466773439772224971630957989445282281760084358,3
69845592393612768186605404022910034389548515062754443538703235769133605351206,3
89455549570752806247025200474578917617737468551904699178771917563337295568536,3
55922914857992699049140207230241093747130320704180231649060913622059455010073,3
28618784039592502813328540189153815496349559724884851267565149494234857598961,3
70323995441301023593686689231506814486166086251367810482580690997241522800477,3
17871863140615517863360013676994531604174437148440833545571490251058623176292,3
8692005263313198621869897937555301041203617441862162188231374130600659403308,3
77089443170474436954004991854651998979644951655065432885721495942225926053009,3
54534816437480210155352065157345357830698063044359804840280731507531167773819,3
61732514276901962975553805172446297097107455718739785776848708377877464961444,3
106848221935490439167837987324292787825560594476544696330360422291541727388708,3
8431245732972111683189276428206047072820704120023878906083631733164090613263,3
92563498847121323976569705426750385620645617885620047953946806870456052142184,3
30752079748708526412190823685602368707055024285891716445818408375290543281388,3
27741722552853028685917332068627789414229206045289639285954602530545442696585,3
73204324750415724848694127832757872788162970064507913913114839665753053548879,3
95927068628652322798109009705128675752943390294122365194217380158618289993014,3
26765044097536413985462146170390592113604073705451026816623747202063650186106,3
93765985210205881613479844827636719995642764263737471271532276504269892399669,3
91696141437095176044498337463295423850675166510763076703718401598848115164359,3
11209508784477879626326596135654607467258997938854034309196913539153593844415,3
95030864430064231934265164583291881645667583934929066247119118139744190512201,3
44642197797124292028167992935651044359152287051992779265601319294984225699400,3
64664028570457862445709437597727397875275946311725515609587435221207115699300,3
75986678137381283947749014862849323979884580409187938741527474570832238813464,3
21108769846246519385953084400185228735135943997477329131627271488875432905674,3
20795169169141468585936355377033651277390514036744854311590232162622859522383,3
84437174044056583670172341482724319099127575790954816202461904458870744563990,3
19637175029998073027177683383727130144217861748368917281925302172129188132697,3
34603728268270137377746596559553479256389562523814551826384844906420437530451,3
46544812416355121322887957077364767927154017387731897010904077049779492302410,3
43110862099840093330054455226070555976276977099093464403282595444524176620175,3
1069701225764729309440268446328885946043177289180062977638486288385644967773,3
29075650424251696642540430695375555528701116585864750625801316012516036735987,3
48982375674309434807732059611215205162601896738320849055704799983019828254294,3
33100949909948888702564694273415350449100341325951968885289375052953542298115,3
104642079579402961716770099007775418295803541920512260446313817263122675365566,3
39310314453671066822054078311941954767901519216001093159761000926229932407929,3
85932448873445017596418696270700006459144065430884659214195121131884968636802,3
62865507297896850489298199828592903397273141805380375009280333877642560663369,3
20794883235318367351065432874057825449091793167717649879651949825636793136142,3
19116329217198602895605511318198680242279190197908887408742977063895934758411,3
59256436389121003440830814457009557451434874286398188869511569585720017432485,3
32116712422709520063346390781365823402258290422938818792706756658580385627077,3
40160064531780433502162059313701522563461329955313862420426976210314600487952,3
51273826597358217353808607893428325843085370142358994657118118239056444253909,3
76482524056809268630814671401740723667507131743398203412642250657290541530496,3
101782164693544974191816132120236520100113326704817347970374892579006192411026,3
19062674651659914657319232561158979699729422600913207841271953377644602516050,3
12523701714314560219572217660175430029746810906604383319097451367882103688478,3
35587986435254297493678261109640245039121729134654223149884888851998222603967,3
86164066041591292293141059433598934133537449233793599449424061306783940361092,3
36092543817778623375520131468117370566757089789141871654725458352786330465353,3
36492106384371852092170557307828536309548997412050217667619910345481424095345,3
68232641478722428131529141901656098264927894479142002623448209160636027308766,3
9779291904939402826022017327268097885161486893161121472813078847931601979470,3
92818692074616333604940920322431174186229334042263117538802062606539865753412,3
85811719956962370397433235716286636521976552026605502994562025927122139582056,3
46799352886736210511594115113698493298311799664540278141868892821418297290031,3
63401192408660437596188878476914196756286574694158298469119115643792717556752,3
14172726040402913503677785588062900840590859931240931655717714770344275681880,3
80382376890340150229385324085714582766895815026244317174018035624701449253211,3
84996973964845245891890983100460053137334159206523681550943527934624705389962,3
55733431732662803536430784090807374381646009666924028281608428546220951186825,3
54422338642577026952071179343248161901909990177036238008970361129490937664898,3
17181679433793225539737448583554315211704683901827541931165238699157032521174,3
22665896803396179955587348779884864965224056214010781979525109567738402945153,3
14239197457369644821293163308002020909693096411319320838274424645030375362270,3
6702333355631899497495820583410714097587561881435259074141847798540385256861,3
22681644527702850666848244370203914619184390871401452633989177349754409223947,3
105225196862321536856317219017460469929481263314744799065510565927250091535247,3
98025953162754511810162093824068890727926378607307350994103082591512331123349,3
4467338520638549678181014078393538420816501157180463503206747551811287237718,3
27812426245991747239942055128220153055974892251950657666225942067553908897404,3
26533405922501742103701319485850323827817009775281350382343469655787792136696,3
8603906246508095573181809503042307690769793836189677866109050074412437810418,3
111640419518016430250298211494161397980590708279620891694862659272282698720121,3
96525028219963283815794095158557636031497837072260341474219278440698341236377,3
18035346004320315906885281686024286371336904785040340995293143350666187320207,3
102491497560060034549652814236381531860838201920603823995637851969462088590476,3
28908131794300623486617922975778744729153195537295354476493910589651409728546,3
66329885308851462297760106075827131699928221874405564281947677611671331547342,3
1693041433937065474701089929956088380674255948412469739144581299333722576869,3
86911294935635839693010166559410520631489808910977582392456175389793355213876,3
38740759999948049965186137273669487511191188912675283150614476072389640774016,3
7832189404588627079727070393262924157430035317075084342362594913413247574822,3
110452499026581363954830456628184746494630429483151958290294403969369768894920,3
76983460972964078020979851812052777701900205376448301221513381362881773592821,3
15002676477019392652614947207222395819019384768501188944030052011474457769025,3
57548013763351017368619588365469223318267867527094870890011630162875932728842,3
3981193243179145613252990914174449783618886261412531251576729926031511651266,3
81286142785626032002053638347589276491726264934093206103375169327621709554700,3
64910254355420225880050688222195263847786632014725076759260390022773588154348,3
65074397614735621479510151393497724007102337174212456709992392883594353352500,3
110122205049777953312697169088350009135675728976095046363280036287603692511843,3
78253368164243364877318038789255232005956777116894526273184477444905012971268,3
114522790609416814240338599676009360146558866965495643623476431018055705045820,3
20411669039459430275077702838787474252406003364715813518606323184302273430172,3
8167991915606708425869093667151682557729499771110886723314987956420024043601,3
26194643983899429732487700082017418937243984606050403881798986717355355255950,3
106596286725559740240408526700044165603131675853419286398440989488874277579817,3
84354337681483252343354985333035124888823521162641608977720203523358126366085,3
72161598298292670728645361052189899855365097319879373683259038361525266521127,3
12628083973818932878068333055475904750767056403080941718868972739893676728220,3
10286559459781103659575968316585580675564407837990416151216022695343062431135,3
111002525381847648253153416511354181843074261396402230836036566973770115145269,3
34901041662116186530246026397304903590397235500999849275060646332548598471773,3
92046166965930128845940217702517007334663450075898488549096492756987504508031,3
55334671585755100796970213811155003469779237700324091347523047114535831000619,3
69755432015333617036333276946651923868744650297542938300351867312373120808650,3
3376105601717548553399482399495183587047773626990383243797080662157440733618,3
44463836329902278359373092552673674689161385180189050017979668273343526051227,3
32340848678723523125890251227725318098173795323166963970784537280381914732591,3
93682525746147487053453618656148278270889103568486710073626984712609078485548,3
57375393720245580661310229051402590272449394568352782145343687928811837902789,3
104201734795433361997117164395444717152095636049872913155991040005104686044063,3
83158751634480215284807303662518293448231464630300271427778408387889702090396,3
27453832816883626612754115216150927768547457312395410020186963502804650244277,3
41981562971494460150913142768488908278093981804198450578338087570276588171790,3
27893271951517077538596720903204040416652347388879465949188107590016946366628,3
47070281864050465624921254702724503258553009667756046900394324199174694458893,3
52801066473620241480478440828380957971296805274672760309822896092971739758128,3
32335705366915009301162969267520267021347032085799496778344021429874447581421,3
66155257016926308982144452653346433668968126789910325993254226935333044347605,3
63629083836293694552968304941562344582178119861297307732258140526136665189734,3
31075296016542133896743513861880920366185876855477605269832018545770687174375,3
103953033204373354038185342986113787904855473302957062786506059489927157656307,3
74240342376313366514895060943509696986064018450707763214137409907956693054242,3
85824824176932323819026928690434166908718968327548279892374794314289888818290,3
14886936103147683307733715031087518498246300800315674111394641770198646913471,3
70001637910849935516337665651496066146383140739701433006725807266345716773553,3
13326451214205447020901734525100230549040419287152457374253452092832543305478,3
33934152898195878441820567060787302561976874628546419509230423007738435047656,3
70427746841434536316307131316161395317931196926593198143752275712359326259199,3
593608899614638002203621781884635850344879260858561021600131355652985753354,3
91542798361712799013548322931619405790717928893994729897907408514645285946546,3
87323777909185221261373576729852143611460641721745344082092734919371769406845,3
43144259745961120906720557338786381022287304981732026697833898053513633082948,3
67034123888861744228595835514579996944361984270141015608633622406717814898491,3
12253365685202669582845414140427201144515832084135115217457284850257393627099,3
105321742074446076600552458890105790963115524204747711753690280807458740289039,3
67986365839455677215369514191768409544314585668041836574071089126173749240681,3
51094969451879233994328858784757689995209782614272890638033980842397086778473,3
105114740919631604019102858333308422608949402435420038650242617929975346771120,3
54102070381084074242722529512058187975504732945983784366796347129036460577457,3
81840500469518338646580311938765805430049953093466739777336257997766352589219,3
99998975059853433624180420209170771570481237117790101578482523380293281210334,3
83002272439071147405951283365072815632646590721682238474546988399339614854636,2
56303046763604721410845348083511797555718773555128608493747180530697297449079,2
47156505756802377146311621443092681766607565537653325239699234548140730886780,2
10592774488194651969519776451426116926599628821147802579759276165758317195063,2
54937354810027244040719110612465541646021732669463244941255146402006471067089,2
53178823556904194441113622473646311150618126425581161186231206836919816370086,2
55125617879255189009416608719179766645100376942690887688520261648948526915233,2
84987427461409118500012355508116792193510075017687648346287419484863010409867,2
59971876748171249350474105115613080313927891544549828681708169637958143973755,2
104868873788603419336022349632179171897499682463332266679322292396584908643850,2
112025374180882824540069955553077006343590783558032916681354860483211776344011,2
64165717643829522601565260433967541910755868576469421698208872863045080997156,2
63380242205626841788616258086751651976938529526504778345159346086749767791090,2
40237111310150354307844410246437789135337259988818973510290347593375516896430,2
82507269315320582772266091488787417694930354958756057366552268477740888526498,2
68002468491825689412872790280783772533703052551420309850344138420972503982858,2
23423660522151286864894105591076241302174676989803974762937307817234732776405,2
46357934163564164043592863909361474958023796598560119066761973917825345417051,2
60003469802172570846901944508668719933687540195784818760657428628692931578286,2
24725343148067963366128071119855522781006964318080235509648008213170845832538,2
11562951288980170532795915323918050618964166465401253037525908657827554384157,2
86151799593348003733879978617855157994710190264981212359341384152755564368799,2
30683181454965361148769401728945401306250540590818862892012358958396172018957,2
65649815364205390391646270976481285433916379633940562860584035227246745863453,2
75460014821815773298999152342900324248889320675507089869161766573728127939727,2
24555846363335124000165052164922097138451319339867586721176457790501742694953,2
92759964510133572204700507543693569103593383498147191604042097163345517257925,2
20625749414944240586576155560398453498799435114811825590502452929248999583483,2
69225634848017695517770293079374960620305636833955887473747992457837684064137,2
26724587120679103248333189307425548637431414304872861778278126303215917975467,2
75218649152396388395445848650321499308462608718800412187835952181272011256408,2
39014653751163973427141746447528602285316333031008236292074712974840673135562,2
68871169436822247291000142020933547931178227278430317416700576740732899903164,2
2792323963221280399519942001315970456080293972433525669482134494884182555946,2
30600572743285982001230816944162478990822375797313198473344876720178079782655,2
69599086061456599915794763687010223030347792532175783231027931129775242783396,2
92083572579422092230915494012876470571354124280831118395878749353174544880846,2
35751931917818465076565935234554855666533993414621756929448358997827599413719,2
10159861706364925385053013853915882505015524881228855579464417515004851919122,2
65364404986315382637058015338733655487287947829827347211450334018118967609376,2
99605524001908987602663518703043927186019659290158447645385791704638386020073,2
110065034562518954046494644578621222579838774091144748203575590954388378253500,2
99169836661846962003186885466817745924263291703042696824187532403713460511777,2
82843385918719176987147346439059260355587414627290692453378920117804761724110,2
102624046243055446643924544278440131291921886505990469712924695710149422062059,2
79313965090723196183341651535182627395293214916588067770862786281970162023057,2
69553330614384523278277227952549962058335894729503996846640587947946557026200,2
15484700814253287679040166434624491182571456960176706752518411442720291194358,2
21531878077641854706902289559409018880555395031720201407701663547503767892442,2
5495864776838528772470016379389358911626140708547152615365233690703509803574,2
103610230425936228427207038792829026959079438941993042156786595968278933560877,2
33771402227503832483834166708435449408724743835186908724146137463591930607402,2
108754318378043487895614657178560990811471846968068706020118850384464285733087,2
114467569568865543973189103017112201005564589678271253181175329739978497733363,2
45408738347358405949224424540851613240735293639433044719076630550749696178743,2
55727000597752891878734696338685142828643199440477366135589956618125929993722,2
86103697273008487286291686948835956878401705947999838661002462379282291581560,2
37882769363148578877092819295082373167836586085395098022413776404583619025707,2
113035953614625210003881250539211153988033299481415001753848089647971836034320,2
5992370684332454641752391573919404148583011770328243581806354677566806416257,2
107384033506275654724112672333882538984853204151373424144201427719948394848191,2
106093377053418188578492135672269033805309216792874656887205028599259137115643,2
38156230741004368634276948294281065358161887843320987581550767759702695549735,2
49757070492861021736605100934430933903228184400833662532964197923611654992982,2
97294797564055767779680175266157707897979726215890007116970857504361594983673,2
101019184850923501372737407202614672013921005550303743452832854374048998082321,2
65374853283507792325316852142891770798645401554920319798768442146394651055448,2
43487723979443740950681105835368733985602867162832681969521262801210270739255,2
73944103578165911624177351994680186131027989444652855092745602974502265549502,2
71404788281030822046634043453906482176342763333529002826385428336289605342971,2
68657521460989952640717845914830275282872540059062502460137547065518348549834,2
75363958615285103271678155585761010177366764243333104292583473893624707386592,2
89777807849480115297070889466339686671287308519446705456199358020427654858644,2
39998979806110519367773512927214945339142939167062606338502222855712091621235,2
14427336472624390731380213159196355827040581118613173009211168699501143684716,2
115727975552639772811413529622098238250330799433242180984232229747279414663193,2
9876474589241439382918379034631811015861466046567206977066071091162653779604,2
91638922345306540912036452614733589809626277476113216797136522223111826951924,2
44558594030582320944821146093356444245734058348710083552697426407782571446070,2
65690509361633119961878173575804689537329869994112382073210570259186712931964,2
114173193031840255045669286384941075448522512548386188160134487877473988759401,2
37000933131279917280986557818431216250781921242990270217134874247134335901605,2
55640773073392799003557203756301896597128525006562475817244921674868002949806,2
7240355981852546764853861590353769898414067258881864666793711274115065051996,2
73551703850629856936396280774782723216922407759778898311356423873760478709611,2
50435258321334016074940965540710280593552985351825913179549607692713991952594,2
114484411998818634525315489147496490196624857978280272504584103678388421903657,2
60582784421891424526471617902229111492071204705726586291240002654107716997401,2
105916615136017569588529522330653347669799588284287264951651421049586260745944,2
54848958843477516048710996561149314365443485504083164299147290003130894237646,2
34552914970336846804704086223825310530013543859491688181981124841750023410428,2
42315577619337630824791010222134879882265200764786560779645442384409415826156,2
79037498334773542614487352283686152318208775786787556748276692213748764162733,2
47884867297303917579433140202544639844969844219848484909688817365214885461470,2
22672493864805758787153974538952820345259036479268318221941988461130812740623,2
106654092986480860870794180405036831918582659063301592564134960856251108411586,2
43926439837696453937935823822355860173951576490532222172664816030286164259529,2
60272761146837272104072132916100362174244586346447406684858244120475904032999,2
40676747747176564158759168737139725704950402736019915791443550565718655886650,2
90248475880094453039487828559694137976419369523669489587663127918484893941269,2
14805830043301458660207165432112242829130751058240416813046124206038341075468,2
37937287519232509803633954961276497512180902887715262681331030992523360876838,2
25516080623914224131823859085519995334800513722343566622541004768234034447408,2
102927458751143359627785463921956960393121344414353061967347293633351379118737,2
90409503038809665916574052481313291235852577266825759853927337035335876830556,2
97921532204141114292863578187028149084312903798056136696597522437100939394007,2
95990701854629811655711714230508760070455438087443966622453274333876674541566,2
106540459949140699587981016281623261292144280908621693952300478387588251091925,2
112620982157049496683682862575169582453355981225340311116440466988473900216163,2
32431694186190030769920197664003363294813549733566316176666621995157287757095,2
108374484800820478995776452510579860521319714296256698396896589241944260892841,2
19129995843515924401215610506978084049075771164978850486707702529541356567261,2
104064561898529678606057089828182586466573363379573602359208700429931267526726,2
52673104974810514697833478202482978338251940333713937572396607624648078340540,2
108169501805738525429116843758185217975571593624270615600843298452794550464706,2
42701359428184924711299173292950169471142364317721996209484042797743490175723,2
62952964389455954138136091434344390897174670393560855893717100019226689990342,2
13165171323502087332483734846368942684991975414321417302710163044255194338737,2
60968505494260966970082768381963693720967808705111093258604273938244739088787,2
87166331099201633268035797537804032696023097996811625854823074750125668783685,2
41612565214267212344325265152709967514881906624232179720927041881430061689826,2
36597087533633426474219707350226870811402927277836779962373828169390053479646,2
74502854599188087008936870089066370686491288237775127622900693337901244160766,2
23817079120741880305893401857112668506902689920022137700880426593930424930377,2
41229586857587181772444087728878755291674515571988627570736637098008679743194,2
45893053752372432262419685093648173189129160535493655670763550797558339095906,2
92401890141934108342043922047042187349246238194884565157519061563257657789270,2
15668164658239003996611945096726880096400743411519325708627667283593441187173,2
19107832244226686403251841754381666558339082492710771789157908079533504094530,2
5531112312494735411999709559749988378908732335465146658950514539085511562243,2
16856195775892932066516498529468080207178787662799504738779713218045439494087,2
16733687985985204403552781769575852165170718588353455363155196795959918522116,2
55853668084768639996188428584931331780806910246541086155808265851853636433108,2
90407094151476159856855482300048837723457270781724427634849700852917322393403,2
107722850640693406436097849686437418526198983665164741471803155605191222738604,2
35555238051137686954793791938475524066074251936284163607135310623902360193237,2
13115848602204743409967778774083676620144628634246428585018447139548817744470,2
69839015888232834320867142582316392580878966143653815158238788087167154826398,2
111592152342524947074211416793911602155422365074010502351951042693710116910263,2
95037740390092320310016550280132656609721045984291769616737364325948408637314,2
64467729793881691077388463174727620800843519137079152613780414975597440811100,2
106568219411574692276205605747130165344563298156824085780665775467953539214772,2
78876509003154500757676193546269010833032635105477205934756813846700472026776,2
5980092003225505629895299101565623004729146144384734176689874312635490713353,2
61007962593254976340196044212604839134378202127654571410082956905586812054972,2
47952719779434981042194228282508844702179085705109869402777874183616282381696,2
92611090104864663067050490226821118152870055160846309433862631530051314834318,2
73482294158114631330283157634008403436158102450031850528541139879518881369286,2
12470422016625735434142307617941443940237443013580474525957028447465787506070,2
68221749542448043434128089309088153926152219632176822229349138644855196134438,2
75869929039020688595159913318320024520754451034288340835294608738236647661304,2
70653197062328818626365075571679074128700366881453972405665965788251323750002,2
96199387903225389022708868262534762550574683994799434150596163010374349237986,2
60375714613447036505931656981311051016837481900528954375105311013156899196991,2
98725129413073534394597578076278972988022616573736731948336397612914781670679,2
93534190068994887028762860313243499242544062540324315185606153579352457390122,2
62422566006902069884313246345116785289048201175537851285916032738698088475012,2
97828779734059435266606031707194280672762843837266687637571757981534810538699,2
99863475089518431648768661074482781582161614431564097049040745013389862655326,2
101044210496992343511978323028041921586148170659119562637487037098892673518655,2
75725512161375538067531879236763241560415790770871286094794087071542709493108,2
52063347187252973557818844859482221266962336057645984153767422451200921371474,2
93604970579419568212334470703977764624680904312159862504262098653357694860214,2
48340993169557476295828125241766418887082845556857096246703411128799148664358,2
15932088273207119825767731410230722881735194994444168966007305108562124706349,2
82236650942157113575907065556185633382524951822338665741586726155637087293886,2
52776059021987251465462278682226941535536115860298433519261400565934947009132,2
16719994169057841865105847019362491948057471440824341765394015370455340738381,2
46169791489034228116264666392324536388852934850573159102522835020254758254352,2
63641501536088167205731624752209522333230426329561975258067059996317938880895,2
95043970182067680115507685590439823219411848969570527825310422012976057850993,2
101315435271948228812889731271417475267260298873392111963950685753536789587237,2
82312504629933230091648694179834899198861007869998321547789961488468342914138,2
67915771864802942831940835546621156983069509404726627630288950195026446940458,2
48423898645571508452692467401477193234227241614399514946160341788456310828169,2
102248090026717389813255025060767841655370966233456520213550353735277514907717,2
101234431798130700247339670691473500871369110695083873378777777158241491257880,2
20914417118503444560038570516265653036947665473591960552652036836148544491168,2
73053021320268362831479343219348041502073669049061670491921337970306995880836,2
62799975995976815856429659442242576113228284632924149387526447555524011478123,2
64060825358543662557598014460790910143933436011102260782563523405254160530457,2
115729452425715891607998312919982591679171402506847210382918515163303854944110,2
26273042900733119767550117794794689633232099004446586123876171889387692184306,2
43999087641709617596137591199833920268538232881862760246574422569154601722960,2
27442636953103927768903556194143611217295903190959483195871130601221084076341,2
19641781949862809645234942874379972224393342190077326397896586980647516656397,2
102113065306255114018561735684035804106844206598290967389702738019803310495194,2
12072237753551620292667144780288849248011256956364380734890201525059518707998,2
76499134152976855019226807407872143286559942803510877565154314808565086999233,2
14402926006551582877730991160839052582159541193576555349758706501031316101691,2
41971708841517534924516408057956427327873959447604145696120754270605120453756,2
94359670668619480761928602458284402308107014437414900513203496318473475331600,2
97295227416700947779266175718401679831225370500375721740861048977770256946654,2
7962281823507087175944907010374839016730487939884921059613066912468087285881,2
6748121974550862588536773997459960108366967466821063496946550361366313745949,2
24581147021501306821594271091424818131357856157621668227136688128919354950089,2
102547427025866444587078857731847410959683385710756719499656044801555726935253,2
9670272543232944147820799480497231061441993090970753585818437497217960816505,2
67842482237944585060288837815473334916111968817378177553267879897472417168916,2
67556039504846097375547680419297418774955381068190893976621445831521703702749,2
111952285369352896377815478289045962374831865870976187042122763687349979988891,2
66980142139521325361235502438048196182767919057963454858170064112164559111030,2
59012769014285645801478952594229976031895273461330414151428875221517059998031,2
39083195803127758585559460403735468552401064684036371359178925063045443384264,2
64531414207054798602161412244645751605668357320389782151047533084028022448799,2
101260939184493939237531113408230680432923004221854479594677776523887256265392,2
3827481473409950838771738679182165540117573285576131568811712456926217295097,2
19656349048386966084272544984639019572846324277118089412420836472403745930632,2
4007750614520644993334477393675852550818016812105177227914540706961713019662,2
9479563967489199827025060975724620044973638299255006728626350634733909087948,2
3941864880905370877244929528295803843959733003439186681159467651958370488395,2
51901200123068781450984557041507317789826135361722430074622655244225480935843,2
21011717066701174267259560891803825462624829567953530076257936189687667853273,2
62729904370246187210041323774501486892801193624692337848465753146915233088971,2
107835691402836255880994787323540388561617423008399649562705213071017732918386,2
93439303078323644205139539814072876596516616763236167162589750788351571947413,2
14800641468348717638045812386820034485906219205112486766672962110745961295713,2
32079316177796107899285267123315932345150454504389126801533172150966705534769,2
59295678537712086277194855730943508792308365723346400104266752335368633975867,2
7488115752885196549369789900256706094084993318752701826149623907270553579280,2
3090893269303261363204133323291378688886036420720424425420206380246904144958,2
8183051826474062409526641966404384937814521575692617213885166047692756533702,2
20039241826323711066296262653705864070233661687467251262096219715111168778926,2
102508488389415042771988612168138743994682672672102505608910514095705930127737,2
47633306228686070553715281144215113900178057251162406359725343521068313179801,2
55774843653162011114512316998383015556347184217397577903356589170515741081104,2
34336235488901110817226038491806094516569845505783921287585020074075825019932,2
83033635941708003089823007947093104746027090613944524453014386358035229514781,2
86155072645836440400485779631847831398602347624995135967936164063832905428153,2
6164392893432577986491665288133307790499819441690116642364940544473536139342,2
50053192845248716738879820860910106685445970417374754741888287443236989014618,2
46697808945461486045080711570456208915699217612761159692016764963000971184947,2
108942289406104136355553108174854506968255872302440068006544492308644697938886,2
30057321327063194593786788280720894718288285884744428891264159552046395642441,2
41810479057435306766379889360361244651165868451303446758506430913306565845625,2
68920119053212730142380472673902494388247589273315752881794857684693472871713,2
47129245167371061313076869478807656061693705474607581179579782288777655613069,2
109037916647747041643324069088906157452923488987618652022565095304802777142670,2
61023956438547663832121488130536702501336345181553132573285540141126071458015,2
13299219930440064736182543923273926701468503467772785975942477474485556666563,2
81585203917529709960249529205525847908112884765502664636539150747920837528342,2
110239080766802461053042991711046927431557357800355003562918676908529362069576,2
36008803097406364355750220989529017100165136772209629391543680513357111976797,2
56921449198520630490110632150428400597089003930485845086022470563989924192792,2
11351976778590649478320925986952695423548877517322710462721092488010526895129,2
44510169646147155460144438323077416687621202527653299799617825282779245532574,2
101215239702299751298977002354004431009023706723959376009598460643643297186798,2
100988799528396890941120127823295882285649262632118811653926942324769833109716,2
97250259575722794940295725439863056903730861665834670145752024298621906785595,2
49093658051043996040388383056090279936831183107017481816685769667643931472943,2
70895500197946518121339733195373456379728795903508028934838667710415909349373,2
40338894942104634550739890287960864713662474611645572706811585082951685062861,2
29496101158255032446983309087138089865783941227376716230088334167004936590382,2
85181797707300434722844795644495537294885313854100920583816244096574874464328,2
55170265580116607074000102973487242201036558766335337003763743222232333245710,2
40028048249873059495592343662448359217303757098986862542489274979117698566455,2
98021744687218480968811487468158362967268629812903536342802072031474400665591,2
89480245619583147529242877331673622410195502092962672716319166099937470287823,2
43374212101108168083488232442326976796159819149334217643765583245754854546362,2
63382292365428781680984007622798542465960662773969869332772195452292034882618,2
18722133771767774526145052203302607729667835920107789157592264092672024924558,2
29948842932385586541885812423803319956266441702338095667790802641283342227667,2
6856561069341110246942704992716580969647085449772051030519918677894037352472,2
75571423065129369194885604341636138988096073860249180105066663941170958409836,2
64003915140361953546659414493024904471073458927257920121347999984146584273007,2
95060008373118653705543966623118639505244285716186916584072851759713514277301,2
34172636766743592199098510607684144754008516385898283450626603802733246370507,2
21814460655831935382420324935717334365796947711123546269011059941502327894640,2
106315068792639354325144051267476852145251240645600927342338758287043668799452,2
67003450492577688596851078621075942535754503635838234514200533170106146526506,2
107611368417138489759073251525326191157875779265664997161925373624518057866467,2
106381255965801067851773942662917377668420997716026893895104987504995612272766,2
62433480430240106582335284318083211962868678537134549406158984180313509804947,2
43556706282172538073198293687453215912115613306085144466365140045714383940210,2
38647711861410822637525676253685156183483959616108302906012760238291021410417,2
100312285229068926184670419165570915544421766251286692062663392999519591768549,2
93869127828347274294638157012004236568361373791571883916570496212714019313921,2
87861967087662757325075750336568818132292708253335551274762316782616453355077,2
20252111039282221429487046068758936775384551289039535184176238323753586602438,2
23420572512673026643095828807616136418773630628625826202923011463571438166789,2
40370256255813191792950180842022922768920910123324128553315878651583668025722,2
113451346938736050808682501436612381454641731064179571150926018936242464826930,2
95059936952074055761975110347066685804627755124532364715278777002853413555276,2
108595209168950982835429831885730693174840719557729676433455951486721197985021,2
85857390924977453720331320171726926378529110223750235320814251385678403566817,2
102393749857304705439344135812151603824460598917548015021568955641179918697267,2
96649855549749027357594327637232747744900387743179649186216845461049292840555,2
15481812100414767268532415079347427864433361938603368776524120014614286268909,2
42106211733121020430979443838174059311482096848522528854070967521451320634022,2
72253593783158701842468227624975501928790634158239507487566106516749882932600,2
40324993591148979732469268854900161984180711411755221953171682818951245568053,2
93307243107631908267356548920532302054305736267226826238433438988243611573475,2
2084418907127223336231827682224151771015140848607079757353407639024230731510,2
1815064798933785867161710370643610987227780901199271137118221431821026488921,2
107512600447307465523178323801992345033621649993472184585956884373601607876780,2
32862277373551809417969014278729867570184893862571340075418081640910786392678,2
73494939323558939995624960415181718353006442167554404441761700666167790251087,2
94446044958568337699679849469337896620257040996265241503254029287994485104715,2
46358138472019739788408749948226132096267240011712843100114679661073309760909,2
89164429726949203083602088245294660308260073820562544290759033756862259125766,2
107454555565967182433315162474014144798363610482225297459537238303609039068329,2
3141871136135018462721131078803114031583730352595956314915258578709758328416,2
52736628428283748346347023059823697861994903765459026879713466164755165907686,2
6272404220658218385967529289348555206151909166505519534319480247486745849373,2
72716004957146422102965896566785017512098756698810256777589369687487187578799,2
12846488875807761754968436633784080972769472286346857380806964198176600433783,2
17579429552389967273210758459343486053722210361318230444906269333633093713768,2
10429312995999495737907861220164495053703301103617106451958609574978525404845,2
108598025840386253164944434023845199674112159537574422507868843094013132527890,2
78470313383313139682228542529035465844026643676875234350852555684977831486681,2
2133307204002087640867910842213274586765925519681589259625944208033107389640,2
90339076622037477763605831388472948848729060194666348287620008251837710582510,2
42697800414723439840490922103585787377721948778614642259304746711805972563626,2
53239156556048639051570419108157987132840957377145296335537985277040551397357,2
108399100946087430092150342259454869835578039835323819087355489149260706875100,2
112825500814688082857252910404814370477526178965036559445596218705520767090452,2
72597128443892930155061794529015680455490485962344858536706212972048016898849,2
28404629432362205791742370470671512685453966440183620099853657956958550593231,2
42899112654784439030800514396415371771394777054574730249611892454922702933105,2
87114215863743078890624353043834410609823897671435874939266428397215011391346,2
99838522917916703245211385887038758912320118463178421594039268047516673234066,2
11034678176629764920354778374916679209495492240037634098625442196042309357267,2
12885679939568396967159460427895385867804021247070826282996549565208079509002,2
104919752319524866611174040395541704488679061463154450266446798954631165802402,2
51727807927552154822300520048993401674910948731272343566574698769543514888541,2
94325305431594695270172998242722002815455063162884789035913137868770072820757,2
7270638920122483304342345046693658824342564268807169565531684970465669622975,2
52469994234712741749332003437055722592947495851196593021290857460107654730128,2
37343010944485110394655053396191920658702324099861748750740724362535155617044,2
96062235966637926220043452210024200916735244422463249185925777934717809795545,2
105980540411245448983428267988544503392342852649682673903907698701350083304085,2
109448580370155832579062534438885669492459552555675383058669367940716483897097,2
35700543087789965366375611773850754860401387819290433714964376685934578732309,2
30065826058692537349538563871995061517746753173243805478138413225966872360203,2
97136960407301535109439270478167299302400893180138515003032570122006503559680,2
69285890707244812706619769403608354529810850699040524625787526409359805706060,2
18292724920103141028147634951575737267081904924481629432437063671978288263098,2
15578506961867057437198613992673804323705459681438498226118693003323160565103,2
93011749690664019208991452362137247355656573889228207774638275782882349182265,2
70313497679152129227271777227835874260694359532474024694040707149890317466394,2
106376659246054098161815983134335854091799430187666611378344314940344380319967,2
6286608288707732402554606338530145117827437488841165383832000874587435652671,2
86413826045404377568347365146954325114129417103879910744240616158351747165610,2
114047210430746048698365564545370784290138615997327249769444284176748333828200,2
113416355431812867700401112148905781672319048061464143080163855955537791146343,2
11043559248331261458883062432675045273169243417448748225039450063837181983169,2
34930436287691739305551515007734931576211887168811711348086648252751083497847,2
17285864778661497181164211630546181546757446338350998791922418815229725360889,2
80974507135216183344310002530971010799852614110093816157848066773839467488014,2
37336015125205997825933825470942664929416277435598231553682506393524070153689,2
103620706419084869382360952228172857857698962754544804709438884382386360377396,2
29548201156034227043631394106295277015886074150155750022053909841465905102045,2
87768150085327093129534385773142407364468207221451121112351029749513930497395,2
51745185229775727137975739523682770851555705340701115420365029376369973812322,2
112822858394079740440725251321089933086595839192543522423412718200510692337429,2
77756828946202923905361674479659877330642460120789692196982741263553620996995,2
14927607945070655642007682027861143317386790354649388824365511685855981991276,2
97657954324958488751960624276401075209784745812928960412174041559067343812085,2
32884615890561073955418395845006223206118618953110061198935961164454256734126,2
23220893793279829963972102833157533306222894483512230864444383737296243935361,2
67055424881833125431928839737200811202691696574292104251570176395222558234802,2
100916945939733621676288816619405448713285905798320484573987325878156050195491,2
60493218433769333650686537185341078751256465072186874616076421286797708281755,2
80085767838983132932407092971500092457465398035802019763352017997562161815076,2
113523853880657925807474365783819989377877365801839852922706029436537799521944,2
28186096679481842079014941746947991307647265329947814081587865521747109939226,2
96525045475984054237095446258662553720057001490767434422966457151456347968048,2
102315403561121831118260763937622281725196501910851886549641958661521623987,2
113527397202694251290018437825928651338332143458717064347614092455467636074048,2
84012501517951547335942878351995184913217472410634837504329200166163671349427,2
13626788096180979442670151347796797708870101967960613870380890143454709653500,2
66058932808516344193127159323573290483415374501661991589172777775555175343133,2
62043866191016061606074758975882666078197834457151758552852330467853647500405,2
44155060727804917113140636862592140626598569786552363266290577642871222984971,2
102947956791553400269373293954144414514218981249512477378892968637729845380964,2
87536429511056438013642672356042734998519556372582159958027341438486615399576,2
50145146324871402768157674144233769281377081026065693350158405935063430233133,2
71902766392500992536639664212508873425571286501094192584582654050955388822797,2
45864978826466172450588157849464630456922586501626604248228771578989322135835,2
92420307893985905661659977345775290710845192033172431281370361371259433851285,2
58479206867314956454849141851440625225425059394648209543565074046857816171647,2
105306882188213720806048693264069886108867043602036237034075421051692761953612,2
104915696653756749902901187271105148755234816866701654405408195354066410562858,2
104634933858172985956397267721628836251579465832480831286516758335564228787302,2
105623221763865264201178114810362516795395828242583797613568919170882715120469,2
14783957484501998300013635252673551026427955308550048762426734491836017658263,2
3284783989795799409876817958759761581060780840177132721845522668180516345409,2
21642701194336609900563234790479140668354781885395820683670494670240824525139,2
56756005653331569041814224004394677908995125594224684662770185057121220490209,2
34749690381257714007006851943586497648718175569330558829511457544117063536523,2
103611989510804140137235091149156307696146634481710581044861935495909424889476,2
44913190735255304642661792339113160788885249738039946582960104506456583643978,2
103254169022441825425836210139952259800088714615774320085552820097658347486941,2
64494130382127289777142465311982388212081470266943732390149663172988762890576,2
66276952445795488310527614907322958412414234612233121613235465867584314263471,2
108864273986306813165167907171951323032467099565056451060977423252526509705183,2
42332344176536086727222688925078849521341366494323939315081733593856266783414,2
27241398850333933150198296699638310602884755420334055126132739204418732617450,2
102190625341130711119617224100665285235239364220327682598901823257959770177478,2
57711095686845906608391334343167182354753912370504450803511037479354171502506,2
17476825683140973528970318163315994107744265406646264399419381675798410570699,2
48404417268024255507539210115427495343857192254728280147969897330991565067017,2
107738985806734780999297089000799638798358084774412341254349621053915058600406,2
113049994839218669144402219178820421397134120973225729767269976479990784329812,2
10157788557607896574077325306753912397721730827728279023798006452844273477333,2
99793089141696556337700528778077246729275149170955381624185185318788202567287,2
3415117698476199494814341420909004158761240860009094685761757238706214089298,2
9286552028725054894848608714981047305129635695992827884384765641547599085002,2
72045662190019617619332827709535922050130388144646503606111185680790166557294,2
6893533257548479523011383162520103048380554156895228938306261292888695750541,2
12816095884208068255660707047368161618042819824005338022393353655483292845974,2
11751658973950857934402692036103635574215893945326278554705781300874637229785,2
81254026694893785605195525094541218257226361730384003417861867099487558860093,2
110356360011335745271134087326715724979254895954154037061589946429298552580205,2
54710714433440926991370623594729697156829670971934562842847840123241329135532,2
27599380981639569705906199470708989588115696333101618745548833695925656814251,2
109343741457142956204439524165472714048189469859551175847693298101760519009919,2
19837230788600274455671107230689744574670023228123203766370778811018077122444,2
23523015511969833393642144566879679557939751051139233602514097408572343451308,2
76434175296504431690335342732509930364143440492922260930334339404005659710819,2
99094066811844491642907158180701350962761889925689661769423442972545560870495,2
54331427807286767274244679456107565177564904376114781094263368662722357647579,2
98034605203025329776452142382820051482893424302202971515115804142566325787775,2
43688677290099972578575510271334169470237397710930801314094620462774764553992,2
89751937382038182796204755873319458288934301794975210545017208606704885950904,2
67130520068002902394214652738674379828811841685007172811652206298937976724343,2
105234246760479008617324362097921768927866012521948319268502100095401275740211,2
13788034686071341983704076023868323677135663128124464864842130370248156267202,2
44321220659147561389259657033879409981653788412216476855995672198370025646189,2
18018658560057509024402323994667673578732218824079896100197010007915760003169,2
51895718290396918820562277093075289124526969169262239670581774117494629747390,2
12584734058274269287490188577118762688801175289775137676354883391671556313385,2
31616346173476090885537984704713235062799710878307182822029595377323316341275,2
901137018095619802040539150785120704124903486674811983031618570643757569663,2
83031036305523977122626245151745863371423966241203626772008910338050913030883,2
6947338432234626123510154103501982541816497728053933935967022550311055602953,2
112772204042424134697891588273224696583911568317816791354826592720594054885607,2
45390782805347084518591584356834880111296579050023127355746295913725103607571,2
52469859610529352538404905541212494769250227239266518365095106016212813086700,2
114573465427947013976955925960810199215023491622255635717423205280464241011051,2
30185139975056711719394074970175493185849219359621083980540962512398042219959,2
44276930486662210679845668065455486008231806380025194754617767542108176782325,2
14249705161135794533919712511717684844639998235857770851395434435633572780052,2
5821231699278597267382245755702433459578408954400743729883094413606335714243,2
49886634840204211804816025241211808015137697104197648290888783011406974865097,2
109133893054687492293049231917255026043421243529811554614687291190583508725006,2
46285288381006088644135330568338247001871482937090380206245393627301248433851,2
16966505238612030099402019670884697023959790097235832860696484370812632851040,2
89396374148646172645051540607044048621089593740122877789681877904756480207592,2
8996098878644381779661513174783132087135898665856293591847713958461290841872,2
109727712558016101407375025045186037939337363549799104943610149737336149981520,2
50882172809550468096893796807745116022010512395355447233137600770814590204558,2
1866947881291312152577315259043650689277631613212498778031198718283124439722,2
111509953512641842710378628444802037963812765969093982721263324588753714412133,2
107936626979239189627035179222030409873797282771515504389530757098595749632426,2
114329578329449852708665102387540132204699064253381675670902805969210186243644,2
7308856426682784946530728674739436161348027530591916205531025041474914048695,2
102845383000680284369215490945721269526291172028999599885759199701296708827013,2
108781982604158085220699954179343578028615425761523741080209436782890567213264,2
32895363547399413823706302485689005761761405594587069348863016425473848385202,2
40502125358860272198781333253203286660632986330315476558041006693210377247587,2
32140686894384238397986346798073472698255415276186723529793393910925865053883,2
4053047451517458208664791091096529474392171759029913961902428676368831502203,2
15591668025532435084865787697558464910932722211290890798184810901116117864257,2
9729305449175732816981874518430037078334941298930869471950314859789626055845,2
75288878580673114614050830742303413611533979133745740407325288760641366755171,2
28526344387397515933965511105767727130911785708063123331593272831197278367511,2
90531140653441809465895237850091232768839398704269555901963369587410187298480,2
87658811628320339980917967878164100023239845047530552146508043741697270323715,2
63669303703569707493024971839015660700813391284366650140169000956427831276700,2
41955196153507466017622309265995931093482496201350869635714940811412160231181,2
32863506809679961566996133764575015580504270913267593527232890064912524532651,2
10895863584933678562812356355895153020388978340603344496979929714798735847572,2
90536016187279962954395117405674341368547663776023093135563870622804790182910,2
101747213957501624311853738864581652852166217981468589522848936402011438092783,2
5375198259614619926050494840697830105290291300191420343097037990287084961000,2
90049176967162682555684265312970331236713933076968124409100214493020253972432,2
59859913529879692181527250352785197896696270505420751125455576032561025280332,2
79925487432376415600085136441329656752245580836995821235144041578862255929831,2
8696604025729860713606206971470971749137051365948045561537966863645963576908,2
41658917040597224472092189026259462999269301100897248165385546458248375464544,2
93862654304362086096217090819444964995176638989815124573001112864749774220166,2
13426114410890698642345460251036461939252034361799694737728132363504886553992,2
62851169346117987744121463517210655756579416588431430097091874865603512229092,2
72259962534116177237462348026155303424034943446458292684684164312386813132360,2
25811486722735783875389656647721227233549695007546792552249695069171232396832,2
8799995482607684314609452310581794521908687221957694252237487421502835572956,2
65957832255296907158360519400607920190507729480760721458854344106834713562043,2
7230269290106861787931535147038598891803223720188096719054986195142765866812,2
101796482196961996506162394852110066817028956926935984469416135276858542832474,2
86945281165479295516429563116111718504265354544787839157752503796315138434213,2
105286019018493857364781596817119782053268850413702318157507561019268883975161,2
81705177922747172128488401916657010633851490903369456762184796777848688497198,2
77578241669314941799187675109810855464837451815889360116589974800255073893642,2
95001949170250166033459725867538947104804226706797745612942332689986375254858,2
53693645947387629845721392736359067561741871466889402019060647789484945881073,2
80354537342564681449580852260784568432631076042295850871953153537353731273771,2
94711408964612699032499519231339624254650834344565997181097803649960778519386,2
53348823955471548098550816759019139768336876159915911123160942390276489131115,2
49337607625742935982002305177731698698248050080769778547278918768141534659569,2
57015298597012695767408252524937199819977490312030162931010035045270470341258,2
3098096912921343461918800053204660725720626925213991018939429613908972629986,2
68315204098211391029435739846285498513964833160989014643311227577540244190612,2
52747738221945783994310811282192899831086020565309363926545811687549853440163,2
12635603093263705719213300042056715612819248059444612694549676378608062763528,2
100246863565463401202310130363402501763627203274076476686135357107723667167531,2
70093844305383337497753950481066503672533529780770174488922725766911322163087,2
103387466505227114298133761077042805113767645634095077064736583194153302552582,2
48935111480330437606514680402256985796444866307229281969503934727003907231763,2
47694078662446083246093023453581344745918280694955301740481839542975360613865,2
51780250057174674625897282526242635593928095257241115853986329276489642220023,2
1736717571929251899106833790851011967322224338695230587481941261534461565642,2
104800571136247899901037956619938554223831316120783538650545650737042554925220,2
60732253059423659069964097835358748989002056231524232910189805082006686203214,2
33846005591839444206216050802997665897004192260185992597171622097575507255105,2
83698538583609275110678012308357562640973156110738742478734512697346404048475,2
5125485235146775063095626222040349111587772639779878296736749946759792500977,2
20823830043321701563041598610480004944120356343331172585696378419469497672055,2
61527943945782670224854660281687612231657721249608715502882171182844470076224,2
80317388319034383020549149596125733678402898365534288052915706378227779881484,2
76971396719168870755256965731218162221193780467747093678079747471751278205058,2
60657217050717840356787309336539087656229485289467469138122070161862790560276,2
43433504122427903849985142957965638107852528209168094934672317744667269628006,2
44248774656901192982640982025558018949051621413114798564033243534615937587787,2
12193464460003079120348016332983294565623682622912717098018191674147821957517,2
80011974106715026199150645767455283629885442893084037006364596900375512903197,2
113906452458620870427813685579906369322124404574559256832686873109201636136253,2
833116091372737135909512497434798523587460417813982974144614726659340069114,2
47991775291829830066104051248344812497222997112835125833129493538272862051745,2
88120050525077931018294615541205014745797485010756010793671958177923814095813,2
96720559358129713294528992166038643947215890342518350231357602901318158708773,2
19943931042714372275640973652133373232466165518976586916968207683659675836755,2
57292007404986865528947833470437622157575120624901822650636402294490018556441,2
71511476709022551246848949343974766425147512046792303503021231919168095276732,2
50668716188845877706494463552425947238724018873695324960469594213357638003379,2
6561404968134650324263121209883872271100206423894250239189662660935081377342,2
27631042782103022493555568622058656593079036764456576235468218296011723617596,2
87600700962884059453768672440848707707069133219117358042962238213510859364157,2
51849524924901881404126086401019143720734428741508516628623925185890527815558,2
81718498900706462930107575169245550342585466008766541244526015707553653369193,2
5585804480835674633739373164203569027642101240753682907513335471536511892542,2
85733073641102652946389716572916426607002275019389395789187881587793793476876,2
36770092678360081181042868978499301027279115575138584782519900640115904210216,2
76724780295896968466437830764855193401578157460854798909205921564913359538043,2
21641585159942064983353326370828342915699208619785858422148474144196548425173,2
85446727056229133029552913500666590992393986267491540416495578095652794441727,2
79772792813160225477130339287429984876181832442916378425033686551369056158872,2
73920648925145598428886216485358567251350498564208267840204029074120730703496,2
3144838209796901056733350305988573389167859640200123239236004832237173607277,2
21430860937628787889694069667861944966732621599373715064407134107551214838898,2
78127436285748774910413253875613774536692508634374738194612525513120201718109,2
77814899019586752346429049703905809503794284345103028868789750786807934917480,2
69179393549114381421092624704008160537825916207232755706126792275490465306764,2
27795771127259050549752740644094222773754029761911832485828755598606247400398,2
74000615509555897609976472239034993199440265372198279191338089910408405748726,2
56219627617265984171859085069078884661362313831867709018478332298853920998107,2
42916838789656364544376037442049942059982102289580673202543592298382114258287,2
30770929422404752177886918312887036642036265096688358813382528843035221874742,2
30030034167532886302017679664738244783768398815764835930535110158711033188935,2
27390977515142497830466830169099752166827557645226795179880139589705207345036,2
56230498874329097601393819494457939492683369570085402916080331342502826582016,2
63094543724742725217821394578351690879037261892737501795635040871105097947592,2
49686090640442745061796134435967340986445510811453558506091147159709274897065,2
74889248315550594183227106543931639450962272078421564701910093015319635029947,2
42829447288494052404810013915474667704089553941529249866956188740902318346815,2
17475068141098507610687425120055193750144610922532141270943847624776435348350,2
94213875263722920959506748984522032119853022055764052496125317784201728619988,2
46454451852736329259954796926913427186948491407894687453022510451486800394400,2
88989091245360395892881100038883331553144033671904215008078363808806287015878,2
60342728656703319744310009337524234226502965896889812756115645889677581917664,2
107336408721945195001117676804340676615479971042287382912790234000987518294916,2
55699033060348476436187173191113298546218390776016342024876381366863846150522,2
97711694730648553769492805763340608285733658619805991455721435346226244516861,2
89500519808615022644079233602410926067497918210604686077494401864746108919679,2
102357562135571245155831791997984380501682362455180693891159025476444935516483,2
79101750038998488783582311749385917962037630407637042825243386664459966379560,2
8897533182627765486488251266699014615284913152996569870557752800916593515240,2
81741925563033069415339804101407001154149234874638792266669252790098938745423,2
56719306754579900697869215516940013067549510335195239357793948077703481472526,2
83089917748353192898742748830568298334094199181336939555857773743388544458836,2
106928170755222740771341787106136070633572371369282687598799577515378894652679,2
56624251593998838934031421038828724471298816002982253636515477308628256029933,2
51868620088363647684894185695264828509784917468434495208721943073696260232372,2
13664191575165214319673757733370658458959507192021460997678514631651476427859,2
62156689110237636134798953773719959202191372328700423696930267712133332922611,2
27749315076392916985846453336700533614609751954759362208417657542242418217486,2
8607363037466456054621308294446236506950339708379224629226841118562607918745,2
9891397838189457460321265824693785913700351037902481509409735739817848930596,2
107198858244270792876667148857823961438819409690685629171449071708338575127227,2
44101965318207875923004775590372970855291816921506865927211473438883183826490,2
24941403977812578044017589182119060729818277693103724151321392294550759346182,2
112795342480655268549161283902234820543192652485169962709056970865571933485743,2
27412230093515373328612508227460913527335389584397413336416470795209096465581,2
70562284770107961139231563948038286826668302834092462759636200039797976952156,2
11406898957229940269497077972911493927957978785670644525688879467647659538021,2
41461787364738646439323673207659218311991843591775523872142835936739220894985,2
29147671279625204347599778786946299777921637014300735158610084462822705856101,2
43095599871716500960622333356750961597009314049850674146055974801265436513295,2
14046995932300485562363199285835389264161834119771082878444405408736292916762,2
22007366300458898769725898935483340822397221385954415047618469384512198272314,2
87253253106054772328002740866201271981416361993259022206414993259200527710169,2
79599805258682515425795153266202284242600246720231563801096732654102736753769,2
78830728396662181580668122814106637977745975347619921987214073769229375541466,2
101648485870717857594845989612885261398081134392096485827036781499282208512542,2
59437767777289064702687473348930036348298879127570052456693580922005655629173,2
53016981792024660187580381474559260863537935350281541137076623368670651814377,2
5030729260713318130963336115614389017837268517508586410789103235006177486390,2
21827719236917144900969911674641683583762065875030135614511824017826344948746,2
53704772044190887768426960916116148350761051984622667156435172445689217159447,2
89322937988914997381364024081195815952653486739516984938223869857664751223912,2
77548995820241315709796933672778432733977651387554329980959027347658894020088,2
28404860205568376190952237514128942186795990341632872380230663695582078977955,2
108144242103954708189843281471853247602590389518108387081529811434057957482850,2
90083234862721003788421757510662623957822759881753026498238693515897465954265,2
64563657639569170418163690537208519214792879926815187722176626785320831602849,2
82280522192413596967380056911565139596112258040548405638490791709072511619423,2
106103868151869866832734648451053985808370787897064374476535620424561859079593,2
40540480101246277963108088229333961652561270364552858421047301670572030540067,2
109519497322545743306294889631133146122079121928603545642186211361789144630011,2
366076657431466546587356982369127310643708534307989116068042622842255554970,2
77574025776462209518657236755498100497084845967649053361472288873842779855848,2
37680851126887222127767113482234962877343651176450243481068841880321460461975,2
92375515190648444295410438697767287019024517820184753401068505937344481439602,2
5106886335618002803309012408389942468527214254163744064280494430563198936990,2
56655382240082919805227096478747284904650727489456560969894478004069602850572,2
31583047394977697865377816749638146812612953621853107660903503114909663989344,2
84387251355755815570239687507893732014504338159709374238328744310669045560784,2
52200672095221458515818341278945257301846547916586257553516339810000745301184,2
61056100462339807832666671344441031290939373708953393583842755514543490568399,2
18281219496859863777724399011792639241481156881179634744872088167778707785780,2
24211009530169749767084511581210943695165054204751426625540782213241110562701,2
106036711779245332729884370810343158621297145759973766761810834352284095955224,2
102051130025292495953773251318007081892897938497368811698703344524434988859637,2
24626995242808195778405437529367204343284733499878113149080559153509099902673,2
110439339808739450962391079036369468807330947995409675009871616440479791785894,2
47971086998364569064712342468842626053926531608210799219001125842531374226423,2
84664666749134155036020161261675078754006257433162283625399569406840236114438,2
7655474420365426916502098366889460676627964715380675536536843563825550833997,2
86061628801178756925660874230851290293199692690831399766298087652619715752015,2
82974651297829107510788230185260015163710035995020112900631993950644677629622,2
65080711455411779916944495356553210665187205607947467650113900358626572317406,2
95281398020853706384986879246652941224408402175615797974677521296165775935078,2
879924782662768329691147194591394052228332424178889423548646318833497304462,2
53340960017839798197229980516086399679067566119325840251640388773243331544317,2
43959537303142003885995279801845836821854127951288171203449213850924661751449,2
111722060161642614430011483848264365931392508239326014979191709730996940273220,2
56213979228710068507642920910929456146060208788298246663549229679555259457641,2
2707153693901105950717406052587542030849808930178165358515840500976827685154,2
46002711287649324161813795798325122092761391677550654180631013214049010361734,2
73549147286129875954900923346468698381235327653179091856688291027517642453715,2
3807250208704412263036872262903584954212233805472545113796663164546986565683,2
66349366221675135899893162310991189863715252566115513674211050838922730908116,2
36168963539621489540955286128569372694396818304497113625888811350307937414757,2
15117259976944511263788522725038566594230340721355357089481407352705290250963,2
88348039624088393040071088441597680271511760031431379693709997343097446583057,2
66374530470193073392090073077354448932373509711376200230664530193929778481548,2
90944147175278418086567656509094485694619189404184400604414507213547693858740,2
17828120838411642326069473405125920201212969400751417737474520973287027184788,2
64774126055252285203993826952311437088681891298063072300049377132092547107580,2
66219496341984774774759159484773576154623722723624528659181683877779755656901,2
68419814616053632911734216796302538849373770337626128215925215109806287805976,2
56184371172860745998006517611624391557160139837390938435225750912313079963138,2
74301005128657735927956013202480885091016252818964896389229768770391380503235,2
82519265886128633196070448338123012110754622108975700940265325938967692220445,2
8699852964621756521802073747003701319894861112053417735940957262730709199609,2
54681306313764673510865325810114624757236842919362601966749509819534359647918,2
93139598603185295055504729487355015832981249615227638846131243405219591890150,2
5380416053788676220113507938351580178293450386330721994478044383206098862731,2
76704456634991353519954001365158491801612448512623571871595189055614436671441,2
65545858617072008121084492275600997348256411008623969675476223176705216934120,2
66122348091791127544774974034174647691694892985221678762345067416624919442668,2
94622589027328913464639523894851838487203993877399238300092820209619745362045,2
47906291367127049607956142967239730199938359111205278153337822986679112089603,2
108921533387356218245661877615204359020408961203063403826656399842849607678853,2
3618831465620749683677649656961301412745508622796926996762567595764956996632,2
32088051907815001405965177765030866986107175335842535555161101958881341074150,2
88290827687674420336545132308086299433985840615706730688190130880741395529099,2
78221161225175798891948704433053440678733783652375682365844317677334677824385,2
22332964820467546651005940934486092579763630766910351805385298600150270242119,2
81591787619700447649761785973750472911298496495726411896612945670403794595677,2
13232531259484614454149761357311998567443594447925828956085539267107077695466,2
8554849738497767003560819017418392633768218197886757416646722182693082661571,2
52997531776452325953938189192725272619522492071651820636635603548081152828568,2
106258697164581856562269774377771523446402732182802866215915244275033342604286,2
69002338949668390891252485992960942625218487631746447540268863639326734993209,2
27819101292277738233308127019195075108696471476197266858735140225574595308642,2
48175084599092256584390242853942582441113175096012617512236571380936890172184,2
54929256988245096987836596321547504713751251780183753563598304141780991086013,2
98929766370607971003927077173064298842170663328049303428020439210496578630842,2
55921138220226524277637693823524171500155300596109106844494510157576375280062,2
102216490963960543162595389308879549757625021558664841234062788310846686247927,2
59277674400570450934449685267450512529700217940485707964043593721993214115426,2
56473207182913527330006915007405464724323694737236361849925783588337128208804,2
862088577455245268162694978036478359829275181370495674681949982802737612790,2
23377208327361042052093671284702425035428284171327419537713548689920761102336,2
55377426525546898148178643524545066517252704459521312831273280929603182357653,2
63238363974209896361923396943915544880672619456163162652494735185492471520441,2
39121854466193177702997462020383807566411721395329291661295406146078080720677,2
90336032759238764526855840566653981256918375358915816007676502832211649094493,2
6792355441235363496603702698584585855341460107608967525714056246263983662133,2
88688895586946398309172680193267340446794537108783660369268627947271964698644,2
10768171192989746276524505214362480172244282881375431655821700834198689629663,2
58486684606388308724705067209301942649986060439758526542708931377737963536700,2
95760982268368746118488213247472724984914129935317455986894833111892040303938,2
51196345119215040724281227685194766996492626846624437317781115455413759723843,2
62752014576583272219930668625776288528665672427633761783511862673857993756593,2
95032274133817743519543242768561380672946897931287885684631850109942781806846,2
4232933751114299193789062980248515007834841315803809640772580019510844273561,2
90849401070686808217219851183522927370164678771919873195369332931056604338146,2
73222419320322788693182844222134416492651382647523864770656645139947185341355,2
7697523865058384655814670404891724932302330868110909690001610880311487979319,2
56204393416330345732334478635196287778293505181827442514312740864271945543545,2
67901870726537315501708920699874111407631669980368376401646888733524157975961,2
76868742903885669487685944273150006481902305682866357027318982469277816952447,2
43183457688557283908354869338939042170834520165812800004890402284805283597240,2
101655744887189652613034161888667509335632302299264791588039516015096612037640,2
113301613725795012901080809460615570275967932984208885476368617910651671969351,2
35912978882304301744214527718800440468541712038308512085331105181863699564503,2
19923483070188240264047582063286749221455893223319525998981954419634568611310,2
23242418074625564248905139860967809537362358766378968274779485788360982728707,2
111546543752635110371621716795239259394915131896357609850256894303221889132909,2
99839298030199365096180810994555801789058789589705760036271766243482993792614,2
91767944567960274061055819133649975999166547504703992617155800973196203499206,2
77672835755269795828914591105688467043114273479343279420934191612657951627456,2
17492960945449230719809855336972794825606652071750346156427510225159120357025,2
76633544390127797535985216895674280144931664455479726950275724472415730101171,2
90085149653296486742105681362914990520895305093510391893823225958234607163896,2
112357319552773117434674906489006897884489208118487331950560688233805621552891,2
36051174044415112524789260556943511859327255091057123422583167647955656177635,2
40790804378657231939958859430327194663131366881360699884513327749428940727614,2
18896708648613997415673037142861216144319500611506403482320135557521838825804,2
29968425337067585311333580015070894097655511938084877118996805063568081914341,2
107371201122097140026610340028037589847479815757515470668241900974870251301308,2
19385329364540434255402943982551922863324088380236844967421069430093340040625,2
101229599325993147432916897335284928065996180541778630191862891737382930073755,2
59554060310464048162851928535784338270956575121751540635882699789829766279877,2
29099925288190210226336450026225192359516152749126329071281118496809793246256,2
90127400234556234153620809160442792638900236924667002202633107445200165894233,2
30990819831251372178427372528015238140224602298040312788158176459647995894658,2
70599599037056961827545783968406699689641135348924101864838425314761758184606,2
56097293010706627236042335763304042947392283784878631058505726343743851426354,2
55383126937527881440463715927119544128723600347308153790154899442654997938315,2
9296048531963795385464326358519641646224906865439889088957900966632255752551,2
34244077374567108024346633784147655991113166400759132275778790443487664245047,2
112995961967365892311431614790058687309593252864190264338206711207077657239254,2
39561873814291539837299696737770424357619250555294560199754215796202544989545,2
88483934802297205127113582637987323936480077503095651045214088590146299669824,2
22892137540479854515135167864250547330825993934632739710737933384037306637934,2
16563131680044015793865392699218678527063229243213410850504866207176720607305,2
74839622288115248758489600070553944680775299933722309688289388736810280092664,2
86057124277054549067796510720133445513165545445470745466464820480745168837337,2
16764768973717351203342784492313809922942888454562208900664071444786596532916,2
21989353134258078461578572492633216422564592155982662508283933873530265318728,2
79362945313553083525507816314722380280279977458059271061982699681663707049947,2
38802870584968253859668143150999456515607421619528780600681146400631144582555,2
21246518793625832999570725095933471122571527790370502428599854999503656188343,2
89071427522083207901432419614662786625731942930009149251395568780454114406487,2
78415946601710895892271604945283429369514897972273949190379174767042060553974,2
77955076058318513276280479945235588444167614337494347359978721624795568195440,2
84102653927106601737881694529395099929206012291669872102710631965619810920502,2
68501904991970406534474078458914285250404969350468822540555018913315554198096,2
108121807819425937681484517311031095133957274526909286362966396224329189814870,2
70476723422437889589423881458152620888150916364119380720429384504043510308289,2
34572536971480537219434802894168880275057457391029893104086341177010877688776,2
31205250545394116132780551419448344122594807846229504370702017763342287709651,2
2583936810595269177407391898518066342008410877655854507897914352959743479607,2
78416936170906102332347511651915441876080549689349884756254859935737696967166,2
104318438691548436858214936070423734611977580377784444886135445106573673112674,2
9479964752120871225590626860723031885571056282347993792334079738150758417119,2
547508878339072208919254456167419606760507305335987053678992027352210913041,2
37578937264121751032003631222666056162185628754065929438514187215188679329006,2
29400054377099192073931198860629317082627404919556488099070779969929179986365,2
43417213862904982191800773346997513519384051013456433755074593559649966534269,2
62047738833472902562155436345963880631471539209815121125813224385201893766780,2
99086506084760231380986309655806213962883834409651405740920647046854478284302,2
82334384341245929206789493591181860813186801265461771463979323909986219500020,2
73444601601677841886161720119130007081258744416864645909921076797114263660542,2
113672944878373734907544637304051910386045188782774583782111648043096953278816,2
91008619730471724308362065147534037578298652986287493577479060734196293281036,2
103904033174211601413726160913982437780815057903905127398736379913307744412937,2
94948451299730276319991071206832247109940051987631391397010710034541889610746,2
70727550922545874552378403195081943198500260388767001598973936221530304613718,2
71003687763373796453086335542476845383346058835759000888795678801551238989732,2
89506336879475717201628443917367409201631054032927803800046982980315483984291,2
81823248908368416433300247162657926900434852082145154528978832931286332812678,2
74942099056051407685418024828512228069292513055049961589018275818790495480688,2
38834283781896700586607540922505933472850145277136513800250037369118013454872,2
15098013068616677793785505299233112035222554822947604976890872056430129620929,2
9815435144833997238124233365177537694441449921979317851062293975816725054418,2
82715818706486773149972588158105396071161506877625722365642547127993185865781,2
80424003866344181318825875182277417148161925438467868870966341236186219605352,2
100649745851641354862880680961323910506038780088826954839597978659076094773407,2
85476777724926142398279509128296208855590186513721406490798896254565507821537,2
106165399010358128419093446496527672085881452614991192079749704077465419614505,2
104760327698188291603256104633663047863063653922238858228783529973796514088689,2
87794127438224548587324887905917601895661201695572882850621549561362575311417,2
64557200489803686984565190663687311701307314773854134337193152084839289210091,2
46915156940575888559901344382538480879568820856578326246568585531706416642178,2
102630598624195375310635624568277282683044140844865349050303316671386328564614,2
103812262156872765209417592664358343481988351306441502752057721971208800791060,2
49882479293637348393848313108058743866818107071039100873655009792728265946738,2
69542113220089179645668738286969099544405220322424450966745480253759252816350,2
17204463027015411064348260948290374218925615694490024555754740089589609728638,2
69414893466755281530760392153565220606721362910117767219467226521146359381921,2
97371852479066209377656146588710691897693389025646413805232204243132495740583,2
98870727859765264982653284116591010481058915244612473721562245237873554852440,2
4902768659317076977146930819477994686720026768471052248710345465382104013417,2
48360664691212865141416007286414558806465125330042117621893413463569021371112,2
40467209474110362671798183911375242100190457868399206441976282240196009748188,2
56245698976766309008169140487444902103459110964559770075501271941104998234777,2
42085414418746003720890345676403307574076111142846245162414669141406057219510,2
732673393675838786237498140975123342908939821717502036454932208276652355266,2
53317815860152332328616610705401302631286152968668368111047856458967358440775,2
82017575299585942431380806291374039765554258742434127541780714702357359625200,2
28753390882939373589160316241407663083690406916331422484416840680239643173375,2
25726021858766475010175674958823714496584892788148623744119658598371706125170,2
59351337792183224003444032524092583875248940443011418308413851288721759147431,2
68479739592222667495062970287134524377034248764842296023558648135553487450951,2
71732547021903247519386202980904990922788346977874132475756954532643998620426,2
113250918509013143894861156294419326891679904992288193844454899272985196587801,2
101962449416677313288122784118596229999321391298791756229187761342743530571642,2
92913122299966609668840547417810489737014608560575901344973646669045833158459,2
105110558676520654802798640484121954795273847307454364873970167631300356834148,2
98794661252409880462120170806971931367872253712143613429093921042051234420074,2
10196830447297021766783998331832360536618461343159990827669187525766728991111,2
75674496777415586971454595266520562630753214827553832417479402260975150835393,2
115731453617279676831573974541827829280300194731183552954781268390931991560264,2
81286532493396269317844468280970243692116923574371062414386792441971112624473,2
76840469854217178790682625381129162739386210019015721821224597735943325093112,2
100824444327543391532919736151500272486570805992904312443879357478671322238538,2
13366618609292656916515624137265607922903165328008152643572803217032326128150,2
9315495204278777106520998405394014389319949663834947803633347304254097250560,2
32923718131691918803028510871921310050584434582111696782580335127118525851751,2
48400988955811108630448563012796128080415466090987499967864506250641165616856,2
111973951665468312385963308985089062655909712450772813727269022794029986556463,2
2023690544810507844802419501378754018340218934258235389113255491818129802806,2
102336677372829884236957045132651949046145827976109305810379996478165166923703,2
88502120833722473312604071358747116710308398811127779034481117304619379205073,2
106827529865134289796584776889922718385723693300667285843126633627230034615681,2
69445508733863554180827531716031620792650467268752285949392754104049749105392,2
21812522242391527214538414558698840823973728686262570135010555170109608104650,2
3311080000192722593103982633110361656637307059992874505002873836524184105085,2
77090584445918242623076082856456257985801583016465733834926370546129007381888,2
4225876472622688582643338978967221863421084754935486713049753134793490638087,2
36310135294525170735187015045357828628433362482273276244835542233284476629679,2
36154470112432918168095520418875646915436429333867680822051383527346102638629,2
50047375308618843647529450401112590139048747413763485868822245833732876151008,2
56116341647928556137796216191549292708922865528809007281116917966431962022604,2
43749283134753810090891151959124369508365209735101191965290989358875826842655,2
61686771155932584979368149560172720263117634319272598371873738314436939215169,2
22040825198104300052816221106797425915422075027950014778051864218281216505678,2
110914177311606695702377457120795029081812490464967214774224124399664001118947,2
114454352130608743138642448223843548017364945015864322603604582805075317101327,2
16865687594727409085470199414353818498513271165832413486531945842363644166318,2
83298892649725962905346230082936407936957674331819156481439009789399511868878,2
51501500290408893895655409350593022615146128036751335604497803189850662977183,2
57630901159438433082545158899753420229203353258222540590400160426360462984800,2
73247097849933836409927039098092531566840545099133781073415846284346068714740,2
76558913089082134016947545019010104824082090508569178834848228741807587242389,2
50189488927631258856231220172828744330000277759894952832554197596515551154174,2
54259213931622976147545483392531994252224427933058237601808687811574279855014,2
30994362123995609808554301291030189893396363279127222356927107230769627427873,2
4434046520335125466559739376319306840000063772049587103381227933387457088592,2
36899696588891027802449729282456462168774851356062535166447148786754920602774,2
387612462616478492245141475431000178690199062988638535115470360538053752700,2
39961758242178756128508538703803852773362616853150349571162171387372641267794,2
29605418661176837577394239538584607316809212081750259379097210662414004844561,2
36983947552188665223988387613094697333640670518170456752249738552904901837322,2
69880740574483220760806612517499441173818635338957495529565005213590649671061,2
62677429071303862559589618414804113718186210848081692499088529174545359289704,2
15533439145577810531632698095621408138235379053574136847089890393171891353587,2
39140942809643916414856372218565668416407343572951450038339319547169744088098,2
26921427804975358073961072292859874506209637405629081532254610024320937729537,2
39780565579642277287891527537400343019229196255358338396656517565835306743736,2
87058018970549921661642905821612584370668434634246050701222231970461626397421,2
2388647990919554649602722667929831047935585063871540043713285285175665502580,2
68199185010915338579156020003069325739512567346170428921449653307944725405495,2
15222445691372327064486524339934934759498233754452822936732243364105617909898,2
109482388348307982883335325209039422560809177560457260160352823012913255824244,2
110543976400104304125442203888709476337767023996692712762404563727201714523584,2
69534026646980758541229380072334239834403009214296842632360601865033229955262,2
19469263536186056630833622999161290378230086188301968711137814491736778886345,2
99151264765837518242790848923149964916404097629140542918598743874797239368554,2
59259137556294591996811955345843482247106721946340873737923440972906797236378,2
42830582553940495217043916397318611849646007527575320425172325139878431746632,2
39144182082761936684556564005143614531885693414776055880277088731486734439589,2
56410893106763713071783340446440178315549506314955318638944186692811304294123,2
70547088301800029868609077265027913733295753598633575440063465379311390846935,2
5587291630668070281867826124681544398428933072090943431791223335204531205207,2
49411660851118684567535961168811352884130396678138910222226008416252761707194,2
90465943552786377110368457978989171471323671406921852546839967561859272314665,2
31962819460783917957249276245835284984885749528754747185085649001410022441138,2
89508623574061316678398142390743264300110914398147930985935730139092000749216,2
17998056246687504008991106758746792503655611431052290565165089290655265323005,2
112634202088000851850173265957593344580873128052702335665813206573171640504570,2
19410081801812507091128773255210846846234997928225026808269990530664389558343,2
97947199583342315088858654090224127818320424786922125546569132457823025861603,2
14495434918604391623179781202128101428378333347952629304859144338899923680249,2
54832765615734707550877902107159881887399569835887148371685270015201836632029,2
20242741110748406970741783261008273390605143521086726336272031660955972258247,2
42319002633527842791653533899073974528915786597044225826245565403227999928340,2
47587988273414515634183920954472685809803146098019389556253217458228145521579,2
27309140869679263690580016264279376226890376592135047237731725582570210716160,2
39739670600756092397711506559722584511349260677646868285535040706527913065945,2
102379099164293207754196431645434036884504963051036353560381793880305137875998,2
59541524742078377405762884063196914416741585661879914151846331321989496454634,2
53808181554208571413189962151379737435210972649905758373641873315843093477838,2
106555650208925172120600326147308894724286572982776238339573127016580881447186,2
62196799522628609964666947395024464703968235188530267033114474606209302045778,2
13130131485443413455705675474928485062196841171605507459574486663949582183007,2
29903347090345554011131806576131949046671782709430917299495954235935814442767,2
28859622892112941283429116809531638291713708102635340454878386182654467907865,2
53036661481390162529819351511031107936160063356734156077753693665478684866266,2
65334703227384877582654928440216914259063328792065025327520986212277421841303,2
66049321374233955813014026458380092065027119256302000248105496661949698602729,2
21122638394742070824101069786756686578227493027818501281258373175828393097999,2
61552737357206072547176180133602269616202892292481787132988153060474655549692,2
95348352664877450067357936623922607135416835608988678344247757604476564482830,2
31055706013192086126674185887223788365259624512644562633691809537649106335524,2
37149232692330678665972617627756804216292681425651927708053670484167581970262,2
65106634083981989278143488506636095360758700831728276302147578646459078992151,2
48909149875649357110791027818013389898037320422211232416535832773482542167619,2
72304166505044270269419252925686278385790901999617778433117317597338075230967,2
18381696253882428145815026860756192823983294343845455312276117266513660000609,2
47204429432301315850469305083932315813461045578782199260344524214342171016045,2
105843450250985460489824584860182743132196483680233328341067761043546610055144,2
72191404185874493243505862819277006122287516465306076262216298500822475769899,2
3826022803323285674352354536434039908077497282244765122879309069596197491999,2
64490981988329565460760047188597743385630508186747645580507124905088388046740,2
91549308526072638344933320285388507333210615516056785384609337203340783092630,2
115390516855181575818736769324256837398452788770265088574306668012333444971932,2
12775764273826525365700067240318832778351968607696822988897711376429605045752,2
89460471564700208415439819960374072466895183233912869385695917559075496588873,2
100120994718254558212724302313373479099731772978509339054926929581944273527943,2
39992320446908399022262235072010634174359173165167231727464175607935387190095,2
103426769579833458173990924672912480314911432589757777840314727338915367348313,2
3937105748643720433605357235724169161876364360669977117321608767960983630706,2
55424033342179964716687966398054072242516936347454506577180352319433761911685,2
73859017106755374295785570688680155286436233181274813748302657555838310742909,2
3293612912841040420164119772417464049801403079937988905592192355153541257291,2
44016684024474475476479723703443592668700076478958923551720087798180007826467,2
36288424105326879652237218927089860733836019985093035366727547346129953166014,2
89845520252284832309974794432923966151061784795254292475495549727958835919696,2
16890519133537003530162175803404231167894668924183639286061711993734054674669,2
18432492936841763134908237524280227535239455911399903349136908102558639740878,2
96026814840367133810223407171289724076078156168888598141529302227006153815721,2
40498848828484221479759138545256320586830512509531759119711353829201559999701,2
46171172816588758241847616035577700431662943355508445073055350344930388519998,2
52980614171070021923826298206329476391426443468834794786441958624330052215426,2
23015971013958750899291406414316506339973935256924391220314490747356886060331,2
105355435689267308352046968915610879282179546699281533382450424572696202931107,2
1974986916516226758508619271870607332645729960286198404682102854170293999249,2
113617479191523693393018574389102456871033357600747512761942352357812176426230,2
359736698821803049947136792812255731685764020241706298144559375287845919996,2
14048442331560926606729837777666682447777748744812580051880197022406082679505,2
99079785603187523135672440011400419664533846093424281141693817923031557723854,2
40973320114765372618574314880894946872008072109517184635425988356879735890464,2
30427644951973056022366009872000849598451972788529687702658325282293865209666,2
10555014862076132949343758829062176945284648987453808602624769663603180611880,2
1588169944918936611371249914266490184416679971293393481441137260894257272240,2
97569010738617922184408913616074744547420911118988542916292374849607151029407,2
44318063888264452214711462968431113571298410105691858062571707262723818885803,2
5981202028372121214574564404870036390962584492537836445192567575369033786897,2
77197499232741758500742072009427154595927675253880110765134177400846412721279,2
17191210171434305473036977939647106946338780887257100104988982613958295997528,2
52641148892142487232609199780969555575941135574106250586189609912470356990163,2
106611242257503255186787910128269015228299535252276405141637159527280166905648,2
87454421340645174023206714425186485878604172327034801170747942287954640482207,2
101943859132788052101899233296851726242520393380625770316470014216291287101059,2
62776748359449592631815470884872428976219716272660888815082523336134754084038,2
53828372605867874015534017365633982285941366993284930080316933244691513732135,2
4064160706663675119506853144267063551820201750870657163937796806427974131012,2
63068337415813175739855523394072057420576277023512261211693058365239445368856,2
43993765679482935577554010155922195537867605217700156135133640306602141204687,2
85307543205922140607817382727238100418837774826081110855525430718592382431959,2
38966315255385591695176523755564880358359583894400394288153692530363908051641,2
62609324722740943454989562941072775430635215158229072349382465789734214599487,2
56458226659451619549438949729784685470393800535268070031375231811417986062418,2
65108202235959198406726496887720105219743323583783008954256553028878439927845,2
96664855292441044805625355456124878216405976856254562226980324348917943341560,2
51107066448454520038199947763856500315174041748133141518457057022023362795605,2
17909921739311128500611501807067616263665718864015675961604136299664808868633,2
38728018658791036711155295244226089920416385207805390328831049795191918957367,2
54237538098393491135256270846828116390362251665941560392428799235082147793470,2
103191700793203362743198303092491268823072580108654983155522173417576413870535,2
41717809944123696558831523939406348134986213255401267034313650017644225078429,2
12618475607601399140181111565623557527997591778864942410339485900362216896577,2
25012671588208835435252797537893571515123576230955463686376808358787815097021,2
89571062327618222040117308453761612060822964770837681306446475510908031425978,2
64825976439474812875627593727089069016785169925087541193259592585397205181565,2
115570600231697259083633443119475636848466478587612691232032941927098933773530,2
21509285338838484092577445000783381945032357863817526642176908028517891286563,2
72950562877780919984518723915434003310175142852096673699330319364557469346104,2
102092444540044963532416585448379035887185780361830277926011441934288361833129,2
66379705632110252551485486397834056853047639682529735160809141512103627061322,2
286427012096466608055895879742873602741343655454841752502759620624339611178,2
101979809961242435781382171218944249971163083100213257512352421564878112859491,2
67949951096210064517571197606252474943952871318703613519661105996506906117851,2
109542531133327468465702530278968699496445738538582113931676628301858348561607,2
111235977635108591583025062765542585565433321945140093606091326068103179934032,2
76968958913975306170932760290089080233032031714622938315930312588232281469371,2
72160974890788439579490338595508066079369702921391157352927095915979495043254,2
48492079562848414426982293727011649682872268269221274654694862642192829823147,2
64650550248360663439014028161813003607209305369024527978187586358756308732646,2
102922211630149570427921576802429300710439380375020006876452507939926519945451,2
95656801444075989456086123678537466924838760110576696698399620433446172646135,2
88692410740897439464723881185147464982440802327089447553319629974890080873754,2
99502806416724909577835108377866338083062469296101931005669076803122095984155,2
28672782301360185559929165860215062355099187422660736595852247635091028777505,2
105125294498968076610636882501564484817209672025764982724899613834904726149703,2
100613732964344400873385476757164801754644414289408173189976510822625766658422,2
63402274494174579078714905412876377111595059295561287231181549461861279425513,2
85695949384912120259678636831537168213973776364084197625035609007575805300417,2
24333252615825006385110160391327544609986082084802505014296472142905546480834,2
78899773201800114133422021410475729582351589511739525835504000451908947673063,2
101036146956134045782241882683637336884341775829814224988191145661157942601465,2
53462652803448393331819199528217637998739306772968090961582735349316698995897,2
570720204688499394836766842985938331643438790481489097053637034839786346306,2
43749299205252329650230876659676227917679977011491965340057492096803042257490,2
27068294258403950917133814927390296716355737527833454663460261421458638989092,2
74776533005120153168589064730935594271533165583680732438528207599783617482500,2
47492221934417606251266604774707640165163348540703289491999502933011176578514,2
92268586940029504429507857351687490387724430744180929465684307898890917875216,2
100094368189292707518541475093901195017272173467579491767533955307681200369095,2
5521278261735678439540778410823890829867414112351577682959349631519586707067,2
27149217464208018943722212867636637083201939479747614979250999481147092253808,2
26646341544222256204128226696345085604935357150744284180793015027239698855159,2
52416908841125611889177834548523473439555595766233257145458588301737242171225,2
24644699126591211226495982143898168100637926016371128430138897567760119139644,2
93814676594503140452687118612893676336785553498802933504962539496701676349687,2
1908260998159637116881750337779733872189351209297578998193437074456557172090,2
16419807768831576713575902712682056631567957389213208264333176460145604119673,2
78938226685942133774357345638549968460392789894522120737311240684681501837795,2
58526912217983205334984941628019122581864298180833752848249734266303416043523,2
71238978450458214083246818446493095568357822764618006428631048448181415906967,2
73161923459308065614385606508497453063728599988779539551336951595547198049194,2
27590073529502140552181972276238457370773836592410059648830655554472148805809,2
80077690808026018963200539341089566279049075705687907186547966058310308153485,2
45236154465401842579813850705767090274042785560058247556217979833087482486205,2
79399654744770484866854018944735679929364992004786672366967814185187994524133,2
88319802308241725518976311568077382841746621870643144904617518576421117138883,2
13438595279784104766083148714555634704791226473501605154729280622749426570457,2
28381419836838052985899342695703685608274716725126155920958814400274942103461,2
80762448382808151179059368938583514545630423241157516232372626299622874374841,2
108255337419569451955470423590014876102231623424572774125413373388206200997823,2
4273989089815534903017798857102544235803001154678406004711032232203852239028,2
14717485619240204200164917435436015047999159432003676612271221019253739667509,2
35628878745890346082133457054434424320210051219279091730058782429808901541079,2
95620529678871808078652147633568256831787933634949132433474500302966976587130,2
10126169165897204774384945999902612604678376700365306213903561993586262001857,2
65896904960234327150657126379182157060211772680580559870261098189684025359228,2
79805512122667856304911264766860342501925726167519295350561416671801525552359,2
13408987247394126671069528244990233061843774419140599960939321132145090939157,2
110460867349476067850145053366708182213291025718606485641536141695603009351802,2
100228899535623059467946191010254765151130871427954576620905975659247192741696,2
53177742734428957754841042911931285238193796368036127704142423526234790481706,2
54091092347034590736343951832819792038434662568229410336487877277679907188357,2
29444951964183729302780911976208747296923719762173809217323054168842330160662,2
77694392637269300466967436120960875529194378169484535193545087414967219488542,2
52116300704442607010988031750211591064363664418958020531636707551919086835754,2
78631579095927977014181855020715754211151022047619685720818488977550997344336,2
37792088012330459132856573837815877484313070228234935309427188489774165621461,2
72642147664620892104674986756279729243970871228329947368791619416387968068236,2
14844795507445263675185649784604345755649492138101574681103013593162559624183,2
109778109485890010118582411050901837120360821028516257666041491371800842020867,2
71291531382904547798749524215182787466389227377144787231260837335946803923098,2
97501313878752052737726432260113664750139414602939693118358787830743934060525,2
18002241300044306321769372633354273815286856828287946391290263395260928851822,2
8578917909466217529444847838379434672291956034801842188851704729915818830646,2
102191709322840372346899076070040526644560072323120909363474272854337032457791,2
77110264584402690850789485329197108164524631058502893400787547585068740186313,2
62793488701012874178828324405202176637154551779911659782891773592301154825006,2
31368170156126390208832958615252724186349978820705284161730560267190603174196,2
36393581598434505789240347426311194217075095169294003343879561195538648477653,2
114956469753989507479708149422718085030172893437291075161947288522757157460975,2
69274198861564497233994985127352877704103451737004112258878968705739335949286,2
109612884237766048672568408480198985841325844710677429678730119984436157405680,2
68265603962685260766221847043251762814140678114307497029475428625914020249747,2
22286692183158797070565784983046254725079504923142868777937395295079017813017,2
64806678613981859631059161551069697716267602548530717431658415726039431219656,2
54118372718427411320715007593449559266326962289490594915881223022622266344663,2
43822110125805274275251667130974423926591820996717148652224185603789877562581,2
10666545576340917791616629733800855398183971692549225836510784228951459021466,2
98858888945826189077397430001860730221996191005044273106307698263524871536614,2
111914159321091309964989441787931491474005828429875968272959430988755865291418,2
2468365627859555142928627375966356849281719785509518080427340574972029288905,2
108034112516784087224737462160338552017984473417755081993846378838763304338231,2
115419234698755206249625765169993682087962963043451969900982591124673071143251,2
10054760012656890408707323241829868273149014845455289439401405410404521251303,2
970940200571612906011756119116836984221020142811631283179733123468786946405,2
78335017306203828880947134842664764235623223895741082111710580460644426189412,2
19513270130477201168654422306279513013203040692744091819660588936124721859806,2
20436704329289950573251937461252606022822031110080485469269491526468114164398,2
98212821256275061377027798258764834498916082996670989510315754995669756967011,2
65236539103928786576407933540058670555849259686438058471307011384983618700639,2
58027630800174682676533766201325022763629982738548260996048988700614570231941,2
42607516350692041626286296530741750061498452396995982997299752448227885561448,2
28265885764936141854635175009550327913797579786869522018902958241193828125577,2
15562365721366136745458704419798026302564688975019498723509691144477191360846,2
85790903656786443711765936089429550030435441212534024927287102119128193868452,2
10754886684477928774063600972951453087717085660540131287334887998432919565922,2
65520453652894101633102687000336041848362837297578571825900804210179231590485,2
16657251186583821176026043399496459396106899009598682023159571305780032528248,2
81256179861255425748540294772655360621638156160640212417858624079995378435258,2
41272857892159087387470381682931800503571331633378165125611933913905037478048,2
25194586026407900011016145413006341519615814476274914163320886068218109891070,2
49149556417138593268976921050738718918832794702624897441054072303654242073954,2
75282766797642330123133210060076555383691098079301387592132635547948750816027,2
50533964565368852735352850468462017527075253309432944794332060585112214385716,2
32032273401450253694003434195811541467373314223187318468711284398781275629697,2
16433950658333083518882722531781812072528741448635500728057075488773548834253,2
19784348023563761742636837109815915605077275727770627059473850942152508922115,2
41638060342492439330519055523380386124199797929908520481512183888275405608009,2
39228147546493321487408701372372992676834828531473370866805997962006490967246,2
107682569762191036228339035297116058047321815797886713541654894125827646424605,2
58558518752371166113021833881262630291215806966515346978848069054182392551691,2
91632346575020919876271320603238227172709051010016527960336246544327301822717,2
23855415528452064826850923655504905980312764839589439038812442457818960978252,2
10839760519262478909556438803114918850734429376402414678330890532157513371075,2
41826820551787764185664093581175396121482683613017026132378887521162779199199,2
41323439001976560417058369405948411753515819989971867261708949160064252134742,2
16249143273959652827855422172579948648429876119971295764258871951536915089839,2
99890488781292040376858779200075316155898646646296643856365260318429172437552,2
70933488780379761060970156366978089927116757805273394515126444499312400651727,2
26654047002034908880541075886153447967665637350688719910978886033769507882790,2
68235820297815526699772331597909766451737107534222633209844154284983428287087,2
41921536087650023685483462004377782158505607282060554076127007260766062066380,2
52072354061941739277348226442363219322268021487621793649445552471101821151001,2
7652030308566231676149233901942329551591361532733077249012385031791773907298,2
76076390038127114248192852092049381869457734706187114342315074389066443765696,2
81731030232556700961361069972190969260493765868583737869251679147744399493436,2
17805901815494801669403884687220359125367128237598614460909831753370826345232,2
43024256083092670221840656240457995507169125018053125123988740383539805340633,2
51540024982451033032921766108037523885931669215260031312391393454772970652502,2
110320969167801970170374074026161060287944330070604786225257251496232156163751,2
2422687147068793087304215961485819626389861655883020814450288412986236994064,2
12720318351831618376767603972282307090545009143830736725924480149940252812826,2
84194000421217838628171031580624770227818573645300111247036587402551902194476,2
41901360530809423903472246895146859733340075824490810584340011296038399358630,2
3842147619818970045154785270883695476700310369798871166977426841198928013456,2
33991466445750855115198702586697796966834100176532458399600557452434162803885,2
25194485040208425585291435060748529473852236305145446548513662043871093140232,2
4836260140278789540399342461142300941129425470128971809981444167665457731709,2
88345574248955335433955259743581663731581840753008534237291810293383251560810,2
60436689883301895683762234742836989553529210745101204063717853764536687549278,2
66641491233358449489142700103530920165867860742316085890240861127584513234648,2
73040325000840166570468257220891830189244467443450052669086621159444218638829,2
95761725799690264813336665378927346842900055628219490701247125568722096850885,2
10806330703374010855041468893113826269235827157506462530535722842635900082287,2
107137918164954452902708735900296542876674556559014964563218262641423443427940,2
66424148598788618627838875623136338019813731706648128007629144447846110474126,2
43605255348783282794211146801170200285440947995658278948340551501203641557293,2
61330335011412369469587903197660373363994479297484768482772288556836230243865,2
63048490923156611987003028286301732737999626324839514188675885212661000905911,2
24645097185961978072849670100733891370475032222749952811891575643445250082376,2
74703033371005267154280813076735902327076982736561213009335765932617169032607,2
113919481494544313181399551858926021714395114841446890824278450415715480941533,2
11651949543577487815256747085312271794396158204647089407504761533908670619468,2
54363049220707877599409362797768196696474686819318918515188447199990486581671,2
42461122357571939783394239113729801576371128707972917412008634978369290880119,1
110383595293868185256008526823797729773795167240800750681442972050167320870452,1
60830565205984070104135801391461696647089615050077260420385451650072839482658,1
19483230039335337910036284435082967922116866286632256007478472161777424478660,1
115204797858961556734230612564230044873371651534646920434625798288879502037523,1
11783479462977843569801003206216702462366206712264000201345130228069477408664,1
39509826998121786954164327357524199543126390662418047688219667346412390944925,1
46726019813374635516786811724713508476094677259477221854754532882570768756362,1
83116537222840032632761692871507003040667708521781876432638933365456143913164,1
77729477192996526234535019564421484797780258730239919635673560166112099427373,1
108170081857338507927702561903116681398176059103737045133916654403237719266310,1
9138868015136521648988634611895511410113571731191869842641221206417084864649,1
86088818281262714508582180891556011014502330472884281862611123302684962953930,1
68399287899555714318167445922550970237199000724379109991215273111797455261026,1
41272938490450328448547720548376906524626890632795192038913825333612426067780,1
111364265569404726309735079148573945567243621075710288061768580550181750303018,1
111546786137741743490812051556441978952376934085680534223349476324369248599930,1
85192150923439887817763350583123819390878709136497748792058363573760432018383,1
56133995702663625870004475359302813047118054452783822566025705084855676480414,1
58349043720635861062436016090169510700269298377076908476973145551110678736437,1
32098701708977834152734797112431652677646644210764512011402719110544149472474,1
95153787979425474698725108015151062716500249574628953947176955251297577714972,1
47256622645422870008501644329791967866221273391188153516886854904541248388531,1
111802304697851004866441066040401912817937951434666918660272068837054720614696,1
66296310929669340414235849460487882418124492666772459887095014821870612174784,1
50188649002844683684763968410730732163930869861846968042680885456487045714228,1
73236353054041817007355112801375135338021616716696137383928223004300598655545,1
49156440104296664122444063677753598826877627907540180406881550010340106718830,1
37021614990292000147038494041766744860544402932906349145849238212167081223172,1
36932115041114834886094217396328989258115222112280561573528766695003342133079,1
36919671925878702518327015542355677657209909943021191966782503769597239892115,1
44617634094266226693984490429220851901469757988866735919728958426862967146242,1
98736234639429334551652180770283415585941215475219392471936292794347305229997,1
3158307287612112986654238571702009756108741936760077201988770971032511583713,1
69741535312525930202576362322793483973644924209099269623622996386288006930905,1
98876787986148260440927105066762185420057952458994940583722266478687011570539,1
67589008335184430168597822357433833891384154191889939680841144637225742730775,1
19750726056164019505846052179195177635002196555155554743360504107599306211800,1
9127690877091567574943069010247992708398456789859944834945526865834544992589,1
68265973045306213365497247588884557361282023250714681992145885293778301726148,1
112859198580613042890060113056814981292065085156726601672391492526907850719037,1
7175661799339871164350880173621173726407662129493260852150845267337764784992,1
16807589208970141700832393762027569098691630373619374327998010467456132257816,1
80747406999810191444926039342059997090644999584065821880812501739619550794570,1
90095503008684269888287012897710410732892371552149423058182784077250733803467,1
81071828534488361644868074445493032623227231052575787663329023679766305519320,1
95706394143423502550572293385344677106652641675064341024943928128775785407123,1
71010485547221617957771609165110725389554537920740146896995794856362975710144,1
87841885996468226706510138344711537787028878380138199942747952199804289232674,1
15294098021810087529060591046905073864719425994904900911727183903328179329528,1
91882082882051970070761604422992189455415915224971267483107427804149761665816,1
62669709899085718474862665338998627022991971958046980515094232069134697818533,1
15129556023624774619799709385070214487528485128184761835394011790990518602622,1
15611729615576692506152281641486069573357142207340452143233053143989848574462,1
97081426400683308919089460354165700517344881030642567834952056235388557339564,1
8667122936808881612923461123284917610485147542484389219709584399955515057796,1
40761918727638151536607889896809717527548787604575724060544042284816628983076,1
25177022510547112612866990260179622367704084552277914239453736177688374125707,1
5065969055729233723574330633149706130695196437530589441315396554173919226182,1
53792426127065817240707028922813219910617235260164984182908677155199198101695,1
56626409542117602501074524307693412332408430220156348382033465206956910621332,1
30716783293068681630319558386561706539149297362954179447674700914518053222641,1
110066032630700667096531861175557987247600378065133122931114392637064492165671,1
34766052749507580360051206960553320545651171371811189655255794976430184227724,1
59466351825931317079471427534008819259610879847958440355679649155203648106109,1
82976974421962212359333110047005936980064941996348677104742760736327615086565,1
65681375375937256385013097875488562690671183115488959358966660715037663903856,1
47991911789009582667238662417060464808398167473356848124610797347147778297427,1
109201799596654698658053431691577241103495815829423130011150581239582609874606,1
110918747995435473943957733045852998468436923463443104139923913308946284764443,1
70090888981781676379260219150208484384033562168101046281498668683714463621321,1
19903214057588739490460143966763792559025658263771736909013720726652532863674,1
110594713010936820104803972486192170659118704840618540038166735849553988123872,1
10261440833311527575604072524439596878726164187584858530897073330855047411140,1
68564036724298272408241481512765278319792557697318330315599984921987637297791,1
92882619029219566636093332295893519899927889816882623903077615638877549746906,1
16553978671627498245615447282485847787451362233800522111675784288651479632687,1
54058421363933761263369240098208010321918313927434618059325818364825657773825,1
106250160158960704952839120657563490134206171447171401328860021249140485233781,1
99412099741340746057666718915258024300603837044460597838757136541779553154265,1
55624999399473217518451508762376594368019144469615457678723468087043419012989,1
50413410178531952694882649739463648111480768367036537782541949145856757916573,1
98624313185961888771170099915448273358067770423699935833806831226777089124351,1
24223524497070032117596273460723970454715674004476347999713385830346727177155,1
26247540720401693150000835970525550597808393037524721865398582889521862353294,1
88043461339036669439832853267089568847478947069900282167210875354920167065417,1
38542848241518605121754595165099950076121713824939028112553288080977896518110,1
32211507416944857008758625203404654914674360810802803485174178142323649562365,1
48695430210786768098572801220044622311825477150673713245029574527528153008383,1
54846858850322048294717611788408497773308604964168015676254182254570159713996,1
53404262578315978740399602556138108356679822522363219905092986263692689761777,1
91781707781141944266257325391132417394979467751574592790809259375906187606840,1
29251780703736006238622943564412381934422056371973558652990608688223392980022,1
62998771722688641454166027242711320326363640422767255352641874953010567958744,1
39635836427550175306164284378919389942051118245944129065218835459762142588058,1
19209384596266327481894818836605268434622624183810828956406343659832992947125,1
73396282991534463133780054442189982532281528499905006957541186298940624280247,1
24431912340263300820365887710919054308432068616541930622973943743132026175902,1
52908404861650842291082526143940567742650008783880314521847195546200263378175,1
12123949719092196048636156691285333066131670902110425652246287837303496574986,1
47671981785518129053048903530632581825826660499559711194154711561888210233765,1
80913998088677668274664118574654554973677684761311007331638156157696216239586,1
36461260618375300686221354278720807151499890660595415655182797294198675706649,1
100928638608017983108832926030263137947820467801064011880001220271500854956902,1
51382674491635160375597621943179385660254625319525583264476671663052363270173,1
104954489381277813428075495896068203964452560234222993492806057096916132767125,1
28499556587932390785305963901860661750279888557997991844443370327121957602544,1
105764117004804065714762883819517635888728796219552360023025287590233274082281,1
21480011473968536523115700604848774697384176853160537297217126835344981856532,1
49844693411379896898943108252836490307076602186037242191198247845914414246146,1
36061631405134195203940004149771541657117194145929005982568553311179623671380,1
5973791455236341155057837066876267800771892085282489183906980244931867405085,1
6264371816752049440852727756995692370917329616402814375028348514939508469752,1
55106439275828268491816077620969739210055066705275161840518399803584937907756,1
51078193775225194225746604320404864567525631055556911209980846035786157602780,1
43270229478630574927016534719002592886382656794054271205896075166772074681850,1
36302860582251611754124482856236755768820723150475742186528328765076469765225,1
45338602362930061204305531694748278560252667850622366173934717301964758552541,1
37966385020240854453056009831633959193085519320319153930064061643231485167223,1
102400450103983064992505990313001447412280651669816683940376178441463639276696,1
78443346337688768345860101656057584350503150124867143919497224631172104695369,1
95820814394638173845493139223955491409080174833010756696636991541155223340946,1
61157860189669485144165990636615323362691073066217042854114628250528177909539,1
115402749917750579744093928242424316943951745658913391091323002258283536613523,1
59738130202823782136015194277796170078771991050401041110431468818295424967020,1
69861360235385049102826307910322570953510689550785683014684505581829235401798,1
28148446739394600528518192431992779833709923135536864264433024934570436075964,1
85121106357165571740042870474475938797203322883786101438888946939789780643597,1
12316011280879071076759231180826390915189410162407912643145162487061607985043,1
38794848236518280996298885857920579809784945239749131005274340274106516234041,1
71315336148437753087284734008244541728785530604712196508619139827924320814113,1
50432973857821364090235087851958509883811515182029795247299829881145859130051,1
21196467640713000504804258178576366922866172866006453090007224595264140420972,1
71677700021061273446432563918254553362887487158375311416868730217952422976683,1
71241849649197543092268870866635813428684108225948303853182210623171181997336,1
13641787757426532892742563080829796086709571558029079255710806180628651178211,1
92444335595415815151600945977101372096861734756772189488819698674320857048188,1
12610615764706392342375120335072750948325188885261236810144875301620190124046,1
43291587787720800466875319877084052803517745187352293454836984050505720651683,1
35285934855525200246767637974690770578279756661469060881436326619116389517333,1
87405344730665754777367789583876509752179066701878888267863765514412304766242,1
5897598540159314583241564511259588116461815347334405249717422338717496598178,1
37159917944642611126525369308180462507232254979801562991630706788879746687259,1
89811799099804864578413664550329714616750751752605164849777902562406975995766,1
8921730295686468556564402637236077740719134985905255077003501694590124637395,1
83063364424300433075180183842572130085469852497776269895466105870203403597768,1
106975619239103287596390879513692886019181727542103902953272695917971838525593,1
62395394358583798128421545047007393332334696497294600224419713236053340904963,1
26012079702643091677048160340093242403189222843469788290724716964768187811427,1
7119547135411220474705822015932097155641980848584158638300177718860253819361,1
18637800045957406598649556400096429614806224141036605209554031187123310770268,1
63311080625350791955352565495485514120884806117450086424240988956472291905579,1
16463279896239969447357234856315956403763909899606194899127188035864710607261,1
33762488616873212150025567881201777083798486687640580650793453293373663095772,1
48630978475766456468224304205408034961065005400934516456994438560187454170191,1
32687777268188256357942716928963451263260741072441676569694744716858986236052,1
82851714192944476672614685694686020884380065156172841059446872808709243321032,1
23487180076750609272836474719158365265339386712746489931197260256221842111494,1
9456593016122819000865404389570801373361786743969598677178588194056826926804,1
50400511601259641351206113216750753458522315966578093579686250287460877137249,1
46015355660201909482590219126663154956953086269461660250371024117973727698884,1
47950481956975050505744316012593845411658060452585161411872654103837908246978,1
76219327612475233665242979747937671974835461637804471131200666060056756388983,1
22366767358305305329843056759000832772961831433246640216494695186103373245527,1
14907614095955468263331525482244702201997651998672479307146404404064401562635,1
100596511921579957080226892045063884575157769266283886969972993185522260857175,1
54608460625976482396407146777996810882854685226165138271088314018975125813360,1
81562503045153805773811040739362998917491491039488843259522664743457443874646,1
16719921667908023925222502709260349490505272620390029166842670585196787489393,1
75675239839586781089433852580730106685394421684136874041299314388352223884310,1
23598220097705007654779347356234432981973220206621489036804186534112361189154,1
65360551252230060534307063714545533477793252512123408655392166681773982868118,1
12757485742419892078611654188143167016564813823900559658434020153623482255081,1
80838046588856396037169419830579016208900565470836355879964996286457920600799,1
91309061938417711288698240689371516718399120878064018535416879883276317636629,1
52051335229561259584430772769214993175734980327309993974300825641423982148596,1
68784857450507136338660735982632116787064610156375436723239230163198762372098,1
2426767411188931046543645547636264432704583466030895817556497900959398594827,1
72414444497792612237955324678148449593313770408541164513681899363889873896738,1
75384215246873866481183932853585067982143792738529927300271286682658911660399,1
82699219450297528975829619457896412976832762370614144043555195171704214163130,1
52021210926864662470868575097526250699486424025412222721332062281732733667923,1
34094356772318041676661235775704467827655308465098424936287429201029039905081,1
20453386274329310477616269459027109341214207697935306052127497638201908839216,1
40776016933111231058717330040660310583732206821669578961758790742906703663385,1
50789386328523064255377145168813942269343270591010699098783597524578853884168,1
45826038714149777057228403228319605536250205862832917552279304800242788580695,1
5341221041097499129637831024929084727118471842533146105894604761597108627887,1
13442229527233589536798060974629194622166104011887415226687860769444282716448,1
35672773017009233213505383118669940001380702918298147995666735433273639813208,1
63930834094617977628996735117961321442442032104319288739251063104163174991701,1
44135244125153475067842641859403165967935385492760413723951900690260383733293,1
91430522984589138066056339105027381034090873476282826670155195453151471972091,1
81695087941343863686010852057064665581939136991208425604816793033705396132914,1
101982247729943222432388250954553488614901962151315109217839729363509084791757,1
296949400892653847822565124177319992849212194078267443631486226046063092618,1
111347860359554249257516034349505888644798962808432326128906887020217896114106,1
112774524535757908704561013865508572078903059458041922233132740196627802391091,1
91082456791012273319570693199146133007822252541379527106275744151518273742193,1
45150506980131678916240106646335055634466583510301615122003945452495537150587,1
5305772770277219604593760545043094171640549737169129785665381075316981468551,1
27861736963113544723532254364176587935391517724773324809580708836248136143572,1
11971140759484723925124907677525117549287222170565893028706840148186792140384,1
11160178271081792175731455505522943116537355884603628144481828511773495952674,1
75867116632218401256349745849431365221937146277697991393368803191282971414531,1
72141083289336535260561581497232047985345280831256536696847981222315761537110,1
14267736060117446437987060494427751131443370230776296600011664947911986612537,1
69237498341200252619118296121326716120434771133778970847168471639508248350979,1
109711984759464636508937009587200581377510005434444432051320972285704250936238,1
17146839770718284579695541630826908720573636071277787146217226573779448310015,1
15886644950294999762211104839280382453422754037767877609887676336142275037590,1
73352330510989826280077030395256609250966317566718455191812273659260727447138,1
67404679470148883081738375788683010147069646908526080518998454336689886112462,1
34445166875060829188391996155750218730030623096464341237291185386672829852500,1
48631459220527902417518069757246391405240305582659157242274257983547459094532,1
37300848954952909229509956729105700244976091283415848501967401242421176243635,1
42737792375333623162971989370904399926535928664251146379733023095636066594823,1
7642546697365043919156017019544433787293595858948012614736054079460255481418,1
100559731948115879864673543554873619284015318634808277395730327370974386414431,1
49551507212424885669643616605285352029540865143518297464945200152537852547989,1
114910523287895142038302451520567969714508785744746321736258809128445931865111,1
100421147972781650501144322851804384652846566573004516247205585683577961249665,1
85900551840044128678129773246997360051319223222997650984015483473482924776401,1
47965649388419730258892730702538292659852293041808559750365567092300449308331,1
52329175666813107975321292947811040583397246257689274582471114582934926945663,1
64919537372331228524174255870961341311422322431689126104814061922485772713814,1
71398383375975658960080065630863504289708930796316697274008535685429992258461,1
62579471022899163534795838162979683680228471675240544018473334950225981191986,1
76790639766102362091946805557637659147646265564491100106663097672749778993453,1
90728461190491269598234849926597003417769829612970927181970978082979629568937,1
82116825916343257908220812908070366173170250389950336891781975840848494682898,1
98873619142542923017995980765802684002223416756990136834929890845810983765790,1
27336753030434339523609619557605496790473142023232148629746726761345846991789,1
36581072202307732187246086960371820376160004764014660028439390774856278495231,1
17641703097646239347329157253795918559592512245359225279075215523525670136519,1
103033336365854604518277918255089564340703109855452593332269134770583917363559,1
76993270995380118674618130537856323636602559111268898019900329828090430356612,1
76618168434037742947218364193315645267659232384276836901997314888898896399381,1
83919868690760661347346156988494852297493175912687587676313980957806143921407,1
12191720867703424101498637332685073209913436264458941176384726633830488613545,1
49476208610864425579592949886039576995835524714523609235706214721123236552470,1
93666803677422072861473512967371160785102790302932275905581612384357255000637,1
14396217852296080182023920303947712050010157964618999320230203350898472555469,1
86321786862392834203646226139126777507532453383641686699829724439206705254535,1
31722633383615947250261991294932750460992009819888982562637111157885859084058,1
75906605161305407722669030008874238605131138641281864834414483084128173538552,1
2588177348972862770676348742656475014219695104403368024791221574391998384390,1
1858270196218251695159768442213332377004256257218137070065222499508714533419,1
100160053195142545293062546602932851157716578728867798672148074006108787418763,1
10730666855189543846455123413263410629703920148434359476839419221232053962303,1
68344251441024565932028837046563039941651496758439443565314659986508270795544,1
112336748495383673109863683345710997511085134011205462110671501511778706686219,1
43020055281570176352564815232883843450347662414342284858141945337745290112028,1
102887054293879290913843271247840774778014992318807603059004616308206397643878,1
100040802522378243573782257395236865313417592080461637756415303376239355892476,1
3509598641359946952569172385311222494499341534724775275385252963354520975485,1
40675314457649414436351041782049945416909491351979064356335829882715633387681,1
68592298148710839806709888761937343166350862672938142500847994510769327855491,1
49609169120448831343917585762689197738832617846340324369702717345957825760474,1
74840981686425912214433184915850553365850523814599124044587044385960568776225,1
42465555377575366314216417827117778637114849022306632118327394476149242897481,1
49632903838826446589054353679546079443951740138728989875789498563803753519264,1
105520954227147142931282700671401300817685105688092473694359328048476156966828,1
103222180512761890398027307610411528704986965216767883269180381674017978086372,1
55034600387993174151052958908945676523829893676884141338259969332070172855725,1
102063066329510863546518816120869242349353960333976672332193356327593944255615,1
79657487640213435965390344853426007092381498765655591620030444338282309253080,1
86357004904507890472826320886215066686000095378554752587173216652162353571502,1
89023888276230574674348971553927096487474192242577506466437375852573827690111,1
111084920609835855994987777001471545493733950722755329977130933127393450741013,1
42246840422876633442003169990231764887546387852863053254790580169530313287408,1
38257873580003288248750832388859176582188406353258856304651460218935749857868,1
19125092707768373164115378573540863945729999421202941412968400985745924622134,1
10745433341375020532938781582925933974087474350737042857202259223705507134732,1
115669547002767152781485987076182925072237884758328654831511250034803422711002,1
66959026254876125531616475982031941278103394767372933797972503372816939092223,1
109351650225926735889770234841870152328970255631493671674033608446938444983413,1
38984098616647047651769168798941382590682562002750195218902147296316774607412,1
34149469215201496758153445636016162510116570786502540037784653407750208421446,1
86557855074745046065395670323454218286656171883446972408717213051620585987558,1
86794785940901603683184032647931220870879904617002002904047391999452624221969,1
79214815746298103286279461326597275472368615419922845153718647454369609104326,1
83648360770458873421939556840743009653384802370188258035891672230443783726302,1
106186567642205180182258008765642311085985960783139113446328523592331469982650,1
17724328653587794116473860303954531704255485296386419549957125399309734891868,1
115615840965973373063241102446173499122235710406475085531897993605150631840544,1
86238928342561379481418200578784687470475519819989329402876950100533251561445,1
37997415744419944538989184603086848204638701078445565943709630062036945695148,1
103965899728441364057403841843086306184872582280704463535374085709021923071520,1
23582178282679550422942619326188094488426717843232428778716602957945254810265,1
29104616311731703113630490348948640580214378921302922621873881449390053441016,1
76836420944592097455255826868114343009997313432833686213201928933915157126769,1
75529199216838879317610210056390765339578113755870483657429409167499461638519,1
105173643596461748520184099218163873564331556499041956136650075703093723199667,1
65750858228162103142275376900737929847485558434485470237536517960371550529840,1
66840350206399813874249431350576699947862928261241137757055277662311414203436,1
50074847237862079404264199609157282719443627726556594403639880274382235648778,1
37703362919997871411404442880854921729731283354723594576474796334690406674773,1
46355380307826987570292433021937184617339882759003903488901109653644902732552,1
82114635089541929857702332835787934485490390311811162425636002095489159797866,1
58686926711406624156447189436230640410711597481502951017762897122409731035363,1
94537478072478905369553921955062177014807893160820357226841872108858674016020,1
53320898454345854731175462039853624421659390677534052950192483555571800708024,1
61116311497123829964403694401766831629482723312504842411286922246808989091026,1
43122513744527769563200869821833546520873021047202516757616001485312431456234,1
30405830744400733715538746280174046582435430690788910688387274839334781743320,1
24191200931717490060024177802082260155188321104786409728945513709226046675094,1
39638650285491935113590230992515762946424170735493998457615368854115132148956,1
14574565442884844884692747032867444692812213067238862051031833238963553818842,1
47030805339530470840708862273605122421576279107540318144549501210031251738623,1
4459298341694970593145163173914370633505297530526022090180626631321466481108,1
71506105468521955736519106371784886976939995041354232238809851749628290579180,1
33689015601937494103660593490268077477877484753628763408068995837247972529879,1
97088351635896772915401377958679125904505802346597323388869863292197909908636,1
80197358535351714666899528925236419993278654628508433987384668808057012248287,1
102756998714167166439640967498552326267719852955477830607102700552169635135919,1
35949549380301903900758797987984313975272248734469198173069899222932733984902,1
42731770403915142776651346851215746787165445186518801207327674645214173175527,1
41749102750480449687797908633415157003724146086342299168797583259431754967565,1
60097131781795249438196172043477617231089215851623471864608651653574795553687,1
94195123284369399261624432632446937776156335148921554286668095589790487289398,1
85734583089879971088429436545165293533789817814632191509380045254512544352831,1
76370542198490426222312145226221208006431575209896540621799843449094292825271,1
65070085819843273839920778780964411127627276813697358129193921293173359696155,1
34396331737782129800593922427185004555801795027488869168743783834596550245642,1
101592086712483106493718964316824113328016857549818075124074053918998133834273,1
9183669023594691396283278046722205919059436564509041101566759639608460640243,1
112063322255466381636760760234962639843004796143695124024357673709351246448530,1
55225884651731002918159716000205419347896937499203250725149644037333941478530,1
14169891610904082598659612777853493612302832476385986255111944590023190139323,1
25365580195098594435718219193015769732087045939842412455731357606611886684363,1
87097773569375548523093171296840797503675613760292392418223768088595384834916,1
26677326416980567241409589614437290245051415128268045783811837841941481430363,1
11020553558235389102082592094442739409875756373398858976318709090675748315827,1
113731111135923372713996388026590387601172267178139503830634385144425891155221,1
31292035575093300689373940575187542684818960452041001931611953720383478980029,1
36677591814742347392138067581617923343795813936525607969711979667824741487882,1
51213602270209559085953901784149437208073743469834982929708324556819143446767,1
52416000521133679611450688370354788655426719397029340209005244943750461192081,1
98160006869271659723591316126183381800943012607916297263823559015778326706793,1
108729967675557889071042781914770093416148155064783728618754640103818299019765,1
76399246309906799719380620745519973169678589574396779459744154301003547436785,1
32087796267000411472716622065896496636476930788367325516771424404784191289284,1
37760052839275293996394392097554189889297672833209109209934618431805748824555,1
42299253917290568721673437968160476410826027041639393404547573711256411065995,1
44099723174377379727716704310282361205875729178264947228859547111602028464437,1
19800004287963690267057346478085417547615017064364868622916661501229319135383,1
82625313661926376530553853946001161596726659811109767385748841831024977443861,1
80276781796412615030190086877819061234989291577950050992792723320055754154106,1
91439654051439477304763547065418401688674477665453618798943221452172282326367,1
52525207891955600009554291742244537743582370044849453913636277789626021635973,1
69855008069018002272633422373818967894248508691950577070416794265230720190173,1
36197137324443117530614275511886771355580931544191562639206574569353073965663,1
98360830363533584702561231409789791850497798022390367382758958751233288547449,1
29765631899507031199874081691925212370224459644736957164695779124235148815513,1
32087832754472616837725412270813709805690485201690618680467415338719654351231,1
66377162325133379874106190640803945887435602191783296342217531354857956667206,1
86851957592250386080075703555511709915419669807227311884584281918280873594302,1
108859535459684655519214150670403362616161644178251187547475949052523925813732,1
60321153783596449976806558158451732585737045714404829846922490295054718715190,1
12888304293653334491473202591430564875366461426403362268608891321797751228363,1
97251675555131030140142603868660911528641522796929425330884628543368559833871,1
61498278015697914090322088379618712062010854997015937196236040409015977857504,1
21429426565971540506296745738508000526503298344175025238804934551539888401238,1
98120115053337499062103530769379233527930083430485872051315560284793759252719,1
91420286494685786722258451995103306770848566655907994965811097158011702546304,1
72624527982237007474939658580143162743020699503740337925097289419606424383926,1
58456619304256689888092983447590660000667024073529604739103981433942586333395,1
96230219512219567802318454871419109733690981080109451330532151541418042416498,1
16163838094687466395609898152415921783627798994690389283999328872278061638830,1
82448558733098885311972548341304120482940177379227147288531134873609529102290,1
90762438981856093064904323787904311102839905491205444696585792128385257679120,1
99117486332845862555149345602879798395921867226354162666388435140463587204707,1
65078074793318392911236168650375250131348639575848942541899341621830560110582,1
64759064284174378205925063975548105174554087135845700563457696294534090172664,1
47125437878163937208465911157431306530667633062264035234451559044532165105227,1
15412964688103208085032365814095567792543151682549779650918730658383964328621,1
14614997996964132468584374923351971978410753235316760029297118131788653266401,1
36522024361983324703410302227059158187477301544849291034971228633870751426161,1
9823467785866205064569583866465927456851473284189116096598066870234787325459,1
61558915565343199149253687369668950676732474159085282630519570640937259926830,1
44862960305319685155972000984688671024898440000901338083562779265350258119706,1
45125079251655510903815892195748793942446705896326833160409201261394179222239,1
44665382837744263313606889576848297459077597454145602649979821051439745905802,1
88787089920133301161662530970382439722119213749567996807875746179891379261946,1
24854735617886241216074437970441196725596758901652625239465248382566098602623,1
41397102267381440657694699146214904527065150126702147507932064659631535642085,1
44221869900009544926282135584757059211902104696220798044861757765045802748246,1
64159682175845974112789177415899799645572918268097673662718475818892255565645,1
27566757355039241985536863988953868922026285089098251176158725928124376990657,1
112362163739751392018201988994757769913599372191174733046280601653134256509760,1
27537778135443906673683513527826495365643686596025274353448593105136587269900,1
27641614320996353027600069418291870055827648310551229868660460413717500930969,1
113590833823211136844523993694842994685142033321190933203427356163453678608468,1
69035342914607855047608199097544486431815697129722311808376025869430059494891,1
11470143484796775461856226756407240055676340516242444714166037076332566588821,1
89613116777323401770325774682902127763519304682732338835700991626973867630595,1
78302511256200352000871404885112519907808218564828052404882395387745085407711,1
32712562042931249117911751914228969664438809227264367082255834656389504756343,1
31079734919975249499271606226858719115238269261821315124421360834931623205253,1
95500564001266313987303730483798421714608740925327511070926006493710996657623,1
68637757697095645003695822862814833402748282006597337099062556179208438979831,1
103237207958461742691777040242617855847502312574861369552832587792632876658957,1
31855480132794984099656908122964962817743898664330644106475407945659258098359,1
84734885963294347925962767754861663282234696417708813052274754897188597574686,1
1885113063146032188670736381895317851375903422330480805308522250129228780069,1
32720170970829928839992815270073669031244062029403162800985188589724756770193,1
26497956409492420259722018159225124140950440064075555483678635354541836638947,1
17315533982687036928438082993341786679675644769698529157087464257387391982625,1
61883377499919882239008076467078067520566216257546116568517996930204949914219,1
106456811286052992971724643659965530639258452868915851353566577046886404850935,1
37776281646755704785124278346151050548114664106376825675461760632166535213786,1
78632519663294880026258920095616898398348892382024147494102948712502433005165,1
61222361541440873260633565309626892440967402936490491467311590883326617926748,1
8332104321077427008772414654356637178655896914322648263798686610705657111946,1
17430371464199666169807102030633018135948201565843269861573038353232847490915,1
53872839031332122393536182393576631287106405068234523200052917073004109880639,1
99910236883503725131600812906126095662315240946033751972624972789136316360433,1
67743481815820711744643574960404320850741551895994277156261211543651622643802,1
13485371774800269733754939170849223221652279490875129198139242410523126600737,1
31476633980356852288973887395077118267141300919879929440766430890916191501588,1
67751801374185571797334928125843660775604731450395308837414526262749594595654,1
14673587530548285732239137101914887581923220404796109454222969672022769247042,1
25173704248507751727214344369204782956566283855094528912853105631372694956205,1
81147386421609762941910010554984296117073269523746066553343315816207717314068,1
74203421136061700799157537711244713953329663094629993810930667329525401978364,1
93361191193331555823186368648282139318276681316995385183035979368463635927212,1
696307549474282891695463422351985198779161334922456676244497543992576155983,1
78710077667113019109045353405170189451042146344833162619022419416624929084035,1
44625254175736755237578149084211365510501148612600783991622967831577888334478,1
44511245482061876322264911116980357898418570498550401544734952365062486052380,1
81653576585087530781526708088807283061275983456423034826368234829934089455158,1
105999885778752114491481018851921361202161537226990836337963439729868467382291,1
23026728167628833827558578839689624571457612844914251868291697137937975584346,1
83395061947058170670364546243722666198097000850114872265952740867378882369490,1
91048623933420657137678493466651941638892236472413257645932188574691922757234,1
2452571173109156312953955674049792093255765239777841579033371594365487498375,1
68083321835479017621827247919007523825360002731235200650289918815399534351482,1
101410468812974024928883856067805934838963599485684747300439130984017903914033,1
41820903455380035536045499221230611870869556622152667708390726343219247054414,1
45311392719181049691362712377414258212481033315747083146117971957690246184656,1
29673232856619067191501928755508608130289388540441728195411976309740538554978,1
16116080764240611385979927985935791188945979392788499484278930240587939001520,1
112715220813077696006013971316847421167584597184451546107544090741985236736862,1
25366588794359266241817199693332198596277133764608892631156041794800490176369,1
33201935857027231184046983978618572636741875754828199114776848315488564953059,1
66995913074339142599005836876007744388004927245212093189370924438699256885284,1
97364166461288151110206230070470448384909644035261611859994687105994068330526,1
42854539580726572605320332211264133447501577651331293906001531260182464965529,1
62553948953079730009881276754548510061276670870661076670134461685280243500369,1
9413315988356237479416132149887488592066004637208513869889002590841820363209,1
13323093624785028248206826601987144611821165110693292461290640375944984058002,1
110443695458132371629565148126771514014690956515227818195024402659113349672042,1
1608401176070373293545790813034941890120235856632480240609797764130589009318,1
19040564141566333380656615342609448621772071210915471112439014873289339725074,1
32389113271013919250806803733063294150897219950149921730034937633327061326634,1
55293781539224291999434963672218268547876486218414561176203228823945301817803,1
91755909315001860551671504208093766014216705652997230303727742303796024593065,1
48400438681954226015597604456870864461571488584371182311841351431526124845641,1
70974664103778372508067483139682000567026713840787522910083741651840681293340,1
55252615163429021841603033516948748094762719343538898301668315928655547131045,1
58100091720223728627985530231645829854331829392139996999453381516247849232044,1
87143290349449934794380010916872292737092095188646998984632367255441767044917,1
109542824711365966711463031610358345089998843694253960180837895101090199784700,1
85986110722946534767823322826692996169476381774695230429321647676239638384671,1
2458552730658524661894695219734471466794514519905854448914897354216530532917,1
48351394763315041498001406200106613379087986806607475111417967905505579445634,1
39980882665282790278119361924128740675213139193189697479404844136138294500246,1
86662383410116363350241742028809149702259986917805356935837700020950406144357,1
96612881711657519886534813136717791382338678278592655979563522192415014170899,1
84102841026835540206772078431875846831535278706605427037270076651642659346070,1
113169371104301994820909017501305604532501024558629976294247426320379935387211,1
699206921852926776803441904819647830134024467201764717510278274980977745251,1
113839888591109865688963977062763581391870710351652646466859472541649162058160,1
101582486997246211135717348149859329611852643527678072700895571322760241072889,1
75495117743179542153022455131505458608253838694669881267927680602324821684423,1
62732586519372875237234858181495322078443170124508963229544685023367983309442,1
64854944927665139570926289186117274226591542043860999287387732951261557049971,1
67240681318752198365533027643215196237654180243225020941684717599552081623612,1
32179048143794421653301148938207537649054130557820698883397872690718848334725,1
104022264901807064743941424157396429262463110755020420690735351344521028150839,1
114216682701903950686009181677295366660308070554853333661103717524844047146660,1
86068012665990745952074512766740461592227362773405733228022199463729866227912,1
40741413868324353636136717198340666014491605377850375791318358732346671879739,1
38542847903488928201911132463716004102134859512726072846296187001668823370452,1
21639421690666308466856469122685216530413833396191312554758935741436865736044,1
111870581939806656254114701437503644017952913498751937688131404278937693258553,1
46732384362012913082477346500241948733524847491894510062879171915469137107565,1
79795596887079955459798562413334734654359422388853405159208603798679707667805,1
64843111601752010795586672605308914133019839786046925303494336982733315266215,1
91016202397437154278439559231718678264606314339006766888095653890335532675220,1
14660741026974147357875982599169370829001218794269400349267485567258657994491,1
67498720942888023039332715236388781485186648646350830225217448508362973054142,1
70714088492124979332017274213912115243810850327082414520002758806074163309823,1
38642878659853988859580305029496872405864709098656439682698355653349083851532,1
33169987967220278828847728963665047195643540795039532118773468153873183182137,1
72831713149895359362854660959723434351691941105185643438243483962884276264771,1
38159127325499801262286616298032925636003316084492536221660795208244182448334,1
53649399208675701989342508378267622515085907470921766016716217700594881478893,1
105899704302640011425117618525363128557652211437056582611655877329548165065311,1
8829736702516396995141483533962815132501532384532998010597750158242495980280,1
89937069094771295253947565336390139102595770111164114120605919790865053378414,1
64292925368849149728852645708595498419284008116705778824483259200185198168458,1
41681139473626149655937441050696434895954146494072568235486767159387304804021,1
69648044269319803450110416091466774717171713662856947889429889529764482700812,1
61151989810774077792216670564844757687950663014673804189040059439425281781902,1
26139282410090690900311926215804676425418033915497821029361670127543944852388,1
91881495110707760240870030666448025888252703205721279904719048243231494013436,1
67863670956771153761237014914456902101255869752886309549539413261054574841611,1
55701041988221978625147637935526361900327669287311074320927726674767140458418,1
73228933844934600158015105996204767177936573283590780322109748613824070323167,1
12634121999305275535136191766911193904031341132578390059457683567645618978799,1
36987862196406895096134230321562604167124878722654579511197133451831105909260,1
108285324439032827696416737800500762822351209881395779480943238909096657920905,1
114025948006601856792754046857571678177713274600727940917763203288956594166726,1
98458734408194722586158847918937801344566112956214313885393997683612164176466,1
76280293073508277918249957298526371588261517460987709599728432253791165146633,1
99492699737053404422458039338960912300475772065444878085964151100693234423603,1
94966003866203405936555538883285374048202417175553505372604375719522016912268,1
84807261233485745779090240632527899539458061207984405715419648054625951228148,1
32098650477012332844377913529389442638647844749746715775606431068719737035099,1
7331128269048675254467282198947687451301341763880491750472845475601248339210,1
87606581760817053763022498065113495456897471667736301443851577306126655313968,1
17256698643827224172229890425896200363185028850702203351863575974719236998369,1
80640128487365980349514012463828053175982895101909118943004294419834390677334,1
35714416592260703831642170490700647006867989383847336865708772826778406020459,1
16847840758792390203182635963453889806006451012625680809990149914806155109710,1
104275225322631194059565025605052758631246580481893365375935388248980103340988,1
35334312372415174914398299345364940005115494997145504292072104772254221009703,1
62810978701149180940728070178762996409446740760419080063134563754595362901817,1
40600039621848168421160303615809299768794084086722944171136533504321978912925,1
44700606421699477956417619160945183767249249388875258796764264611435345654023,1
82844013551019870291962645931693197958209741943098724826856984668207345065633,1
114038292203386955001721511693812525297018178348607001759339910264416795309831,1
112227607857414940801783108177387236499350513995877602498457199975631888560441,1
44458407919963459487043914961439307540079682203635597936019346242283542424140,1
87673037039730788476226447422288680660710011429755928689022490520744949644770,1
13036189604586515731748316818206261169397432729633900701597423266358111560050,1
48263561698340016778361185162312441806541956894021917075232069507640154295562,1
51579180927796978829569170359431524670647117079616975914539414279988120100997,1
65360439942521299973887733648982457318510093128502299448843513408209103646174,1
10597060651445897550115941416044643799771201759039010498525996795790542462878,1
11967270985105479249942988460610095196638059678964725779080279189386488996737,1
45482543985160372484837533182854921261100005937851470063025656491962533950317,1
72300894488024569386030093393707693329296534650746448226834242485748120805438,1
54514566326732282738475130091651479786775297856456546457554445728029471894167,1
15980534918711760977461000177727820720534435464935108973103829998068463150572,1
69173542047692686546831447015469307203027225338126087994171748545689571616177,1
50268273148252563150176579217665563301885157475421078022411677651117156013637,1
74086446709843050590125181101855870803470982659040982972530235912994516698467,1
115433800265640477106553322093840493996640598932745899368976037437161866782376,1
77932940639461708260800944169749206584203243801893520933759909815648345006919,1
70999133428611042475428117131614623262394067343850409974095095897642340817449,1
107892263616567629606976928188181966916738001047043334135682044066536065088453,1
70301821456850072522186806934677371333600152756795510993174975403931309226682,1
102783437498931405500373723556109331674684406026856052412885849373002874758693,1
80989387718220827255250910462310765010733118918145508909535370437089661515,1
50424024481318796562008183846489291041666429814648572035108255116529731373516,1
10176487783986657364862653808198767673263252623763290202323653303168876766153,1
113898977409632931644704325241018776898595004742596950934757506597535178118114,1
79663779356078364342463305181297473852079932983179739924933846154045700981263,1
94882940147548134902007420634653126968360390679044248106772037231845736727553,1
110713595589987920099059460055146394597221917199612596972425544029022188006652,1
16784276775147001391579251492176506712290839361720217007550280607301004469365,1
550568133650155080590951594059177275981416305430436097055854101611883759569,1
51987710721929692167941629772222082488131838678141206867933881605521149785997,1
91800898919430048841920073757525033558538720106935635362045927475635918643050,1
60785347422479268477032085349413878162739331707979993890842596375187500087325,1
94769642260464754094026122520950920815637346998753972194332747438054826986508,1
88939240453786660564445657034463655196893071452967854741019196252647769069213,1
69502688864283265415695504769648451386951219369324539169541958886771513344822,1
42035224432752050755149233237327094102302529667320180690549296094757748332249,1
23926746733061334829244232490478379805406418224926896314467293821140793382285,1
109001649274045227172336590995864068172789973443799217626749241835623750901215,1
64743413867607007688270122020573595995799023068681555325062287958577952315591,1
9415086625577716131817871306126958296145509533636851816095634521637077747577,1
62860772476464681798586443756881043332125611647130820644272763127301875490363,1
66606821083263823914944136907125670850051977913670071795802310965807168773084,1
41174552680222281392277743160976664152150700545389078084668630149207443200800,1
96883983662698431684468736747879090795859814743591236219115256662399749699506,1
111007812749074182277267459364114367572637305448347801317508627373393061236805,1
38149049364200768002022979025621143366598556179839833107333643808110240872742,1
31941090260320045682719488115535746516152279500547497093814895339399631382560,1
99476362585855659332445100220914742217850299990317422960423149687692394282972,1
97536018158945326390948704008141297885121763344830921939052928812894991215043,1
64341970536408738380260215680634171325256233889898902513973572625611601624617,1
90412118321719624065138636514858598743032697721580460121717612632465993809012,1
53403667455246522783548336520715614135035063365607403521865873374011230968812,1
40273663532530725617248892790839387006880224613450370417606895428993003214669,1
76706230261548786121112686850966539283287735132821788671431436009514934895023,1
13541612756423916100673120572612673045167593104092418077999862881736053503580,1
14527133297732570445289889541962365473215539479759064363313690661218398350866,1
9462713591263299927626868682775917128093324744093219855475439673168430978599,1
109676958868322047176810643190820391302116958268840120509650847489291255403346,1
86997316431438147664620634640125567026991575929039407170007464413378498822170,1
50118370930536851411902542860443509949129911656291588754712396730826856182671,1
69801901514712926111029788751511340005504652861808000423765203503922175282683,1
98624252899923461677235525898106907927029077503792406967740131387287833510788,1
42029080695789284398828694410250925286894999117524370351476047358485029257986,1
44478493395762003592841504000531493856052241173527546460117823969138386658041,1
41486305421518646114310903682619823515426713169523282381801739369242109354563,1
34270873074904795542385892524888948089819010009890241344660167952108073853167,1
85162365607278189422685236961307912397844411606981481985622542707741158775723,1
67588546605859880340584827954400146915079680358924105336860627828761414037888,1
101039075378233606698955976423954620908918729005329292690186345685761264504064,1
80323352156890242683840355486794592307320946287648275121651127164450844500194,1
27235021556010142216768942735325174709205514504730693160764980943613191211324,1
61122806547646937491006096774468048254170826996496895437834016384874673270697,1
102893113631611025532998727672889655135804092895831171467873168098718344025755,1
107355724510401503847423604216098076647195785589824392155191311277683787924506,1
81772441348247521882345494876183187833491956756487535535971562437154550482349,1
15638249036114112051841260434176232517926293738418502721032654797433346870025,1
105217785029398218368097593838967668367164865250253387516611679754017612924068,1
79692123415983496197701714848308327727314595314598363702322618461634053662972,1
30376873287026348196251275838330230882946957764709126213351833107500594688307,1
106083248294636141518534037896863347781485121761766779262681868147651019732467,1
68546880662751938849537679084906779944652383869275369185757432248307298649491,1
15024408107147643669174633440964972571389470582551554394506824760023191621085,1
28826960914062730740762939064462042997531755042355117732550614616724839100124,1
6037969600155729551930298395135190940928878587200353335635151078858058750925,1
39180858577707570375256305118036637868531813399400629407953393481821202257641,1
103249912618067416399121734761401290823590502989888069013742588056361313899464,1
65828640461402778882537349759201482957545866235826543191148258989148946807330,1
82948811984085538134242280911081494183417175504760188949697593483373578511810,1
21718892424179741210893549605843359233385145124826561143840841651571793210160,1
22847453979241727754027450341902611952744791882331252575867200012097563241437,1
32674451040646520770253104684481252070614852186236604906835014863355424462890,1
54406455184148496207644687527147920050428795157676959074978535990709321186494,1
59627269660548742871806125989773900387976489837833151564450770653561044568516,1
99422013496329275969078444308774484768797235037048448256685276619165867742675,1
42683786837161214152352196817900566199717581535193546930622276027177392162921,1
61092061139239968464212078489314025300290296085019365863779035467417611406555,1
27689704809075780800428565212012551752395296014293927643240766483781023644756,1
61974132565075143797357083976854101232021969490968803678350072659846718252228,1
36109677298755571903676669247603996824402951198325220965434190087035118316989,1
86275983231255825748205804171322561930031014483669526285219152552889727039543,1
87543918928623192542783323750137992977095678665687051421313858340807425717221,1
96313678342441848642862622588755993720573130844835127604528457095625062023057,1
39744430561316741569163909290321791306901289795924188844490646613102354910731,1
100860277488359750263819344959305125655570682761824908674576029423366770607845,1
8003657927446148566024734318968122088077039502576932970360159943714243068501,1
28824366489897083372644912197427720795666402348395191249837671230067751599989,1
2529139834505132802561090675941593073933697199590830382106479463991532466762,1
78503562437011548194110796951979998437213220227139348194678838479169636603618,1
56462129071103468612040180600843595702583814130968903944944227071062477931673,1
71925600235149806479947347806239204933262525980842774174835691657721907129462,1
62156480971130498116337947453059087390141523486057433108388691424331985042283,1
83660564983250163187669451678344631898848178438772801626062210460345389895496,1
67687218531173596383090041684708522460436717591101461117010812048272928388441,1
24905169873709819979233413360140229060904211414229895343835553621235426158537,1
79071174089425439410756457837974788798978150008407649000874135201048683620453,1
104044322331150189084129343324177183713540712935620044361185522906857122482040,1
90786401505488209754230046145772146216605731865351773126664929738065103237863,1
19298459498790381799193324804864253386788829535530735254946118900021541029117,1
27518261359644075330653508718785982818404762382936099255884576832583267624305,1
51353122931946892719703903324364834525484456033216872575315516487945272547881,1
44758708047057933209166473911843883657336446805530974653202783076746187255806,1
113681198822896445959818140519482430453020302705212259763474988488374679525757,1
20427621414522440462468602855176847131378693056218811120411381917162025310859,1
18668256196015407953938637865555143931904677326955130510200407353420665894277,1
81623837688932686070583144201430092186564676141270625822120015181696464243121,1
50638399220973067627198724006739885907332941008926111891537326761012836144345,1
9685215305882090631128620744878519706419167682712631121859568729786109302,1
38649289906032362563537839180902767721808589086567725439464248597306320766503,1
44768378632986283437901105673504875873724837813869317597332758675096468061072,1
109134704071948542871547748135019580898664770861269981883335805121679541996135,1
30834686410268656843602735048330792573026277407318506274124693393368997224430,1
78447267887525112834048208292276467041771387910776839709387505343290649053679,1
37021433930482887934286966791966384336569998760914825723150193344959775804356,1
78387471712340898647194065055411304042046611652372134827302808264198979758232,1
66372798767030947596991790632650120309418184489884309911673370060300209451536,1
37977304048069350700003200672819723852974783802772406511793458006109805817790,1
106121954270638914194223404579656340903436846975225923218991706178873704903957,1
1976914344718497174931990557760652312574538571827705074662162857938497507598,1
52911396348458562233407627243534856471545022671073635140818553184225892326088,1
234297286699194695481326064586611236670826477392959678536495992371564075659,1
94543959133867801762164316688431734032566336943892968863301312778252637729112,1
75473866860538746621694426345905166728296681103767043980647252934424789881829,1
24166762404641976957467953015345386305765900068509071857208930188078323357669,1
59503758118924403522260236840645426613084469147007105069758964318743275275911,1
24357312882216126847187438802921168105759376509232721903772507923684660276936,1
98919563206014786018158251699222511389711637118871254831874224971292683353316,1
51819328276778607691744867618681152812800365489248935022729791688919681244602,1
63931582359256923096838934317469080863007131929368743537857678085439684619475,1
84841064588153434929425260311977375242183602582327106308703310498488139696589,1
45345207707497259096545479672613311677537168440010176515189325641398472169269,1
21386280718317241619383834141227511042349091828712334342444651905795269792859,1
88700397907485753642100761504994339394468085744650523951616978729013088535857,1
81132524200652130858706715544260229724725082710352552673963458119717372530839,1
83332931024776798211851668823301492317358031925968641353314958304967923169131,1
13277786909983260788567119072407287783599718809394277167283247915332125334455,1
29224216697849950147547002748784579794805272101768193261208896724094366481539,1
59608944112066168981683146597503737606831506625085731779843482782604573033883,1
46084838418090044958273866158492186960436090220909456297424370825543357592478,1
28389511807339177303225836476120090800074240825067978172114781097238605780973,1
37136218783793255982217609541633348782396392748834148161601132608016976060958,1
30185553481329014857299013816276981973925410776545088139247337887038272158247,1
91483440377920255316110475208353789478802369546206580392506867778312710660562,1
31291048470271211956653194052745232298164766926292410670076861360525486632390,1
87357164366872777283340242391435570904832288341829917416236945059114990238186,1
32895244797558664688621065676941256976377494356582755158695184677266310026494,1
5647074955194667555555614028370549921413440756325139817759983105776085191913,1
66167709681127168802727943209094843490413404073431109473447914783078498599687,1
87046993434932244392280973208651836328479084138630866220890736626174405392336,1
67568879280573154901903213180592683133774856042659440905706056780783586673328,1
32464383284295899945452696396683275565628252041617440714741329589309628443463,1
47441212454046358107670024691002704931980986361535713804186039972345289241153,1
18288152695742978584842249664997210367269632344797671183719572384230724165496,1
62814843338934681223029629947868658337448239227134693630132661866638920466084,1
102072079692408456132074751847773973801572548228847911851617903923989858682545,1
20425491095660150752429888214251876662606109010754360279606759895062285237211,1
63862746986936782573276609051679013729544682776913466477207602622254377416386,1
78762846211831847959425673623732920460064413687309854830563841168968313926509,1
4668569610266950951142992182901204151630240932048675921173639097975888473979,1
15573571876651756471766646043470597552015852091719900187231859494156195437718,1
20793675533741621038379912317574750693516919881539619196798452950246887325149,1
99036292097594727009384389562797767218708284785167357961302351956966244878859,1
78663731468974411158528002667870246677599493198650740172172105033009016476736,1
23827550344459207356101212049338751893347894946342020455200559852880406827817,1
92745309955842699225353384694758520194174570977249788547919387125503006316746,1
38826902728805524542291557690219652632336750154881440815843385220657801538977,1
92494621827473466729683319772815633436588207183580074524892843909145668371442,1
90398380823567553958258263524253974981591524849055853804428460069096783542002,1
52319275572943710496772589792796103423776681412109608399080261633805000007779,1
112749243436257602850522843886141579400449888157388605562459082127328674657900,1
4272368785571720073702324780501590612144593293846879135374720190865017957700,1
61246007075998256470549410620512755535951816896304036031885820997374645885955,1
100342515696665047654828822309202845115475490070035701734203752716155317135302,1
48773547267385888328018989171468816845632054575128616909353280085708439124825,1
102279363212504987336068086758087279209679218860185751599700347968917028181835,1
33038233040692171790357772708040968338273830661434310820889323404828526094583,1
71919771754927218778000568531853259014331805331869879280003117473657993727856,1
1521137951006751267983040388911927151909496939115835703378132779770070708327,1
88822611331946713699611356781958693714987486540727113269537003303853329297892,1
76016704189465438274891192959289074210190314840278520305092825930341143608766,1
46821197602436760681637555193771924198504748732133975585519164291259694815740,1
31422073808097577791004426517299323331889511513750095947144290580149560959111,1
28710299705117499986243277118796888132010042791509649426256647686534730301179,1
78202443393423434199528460733826838135745531637807365028030808004631025175898,1
14250822961142583273343785482105114137455643495574326235524551298641619433371,1
83697440371221353597926355487232735984043908384098126962689700946120896031037,1
31351517675856446851148747238012411881606519645717764265376364495387990662535,1
107591736184089286350996572562177061986019791463108258327634117678169426757648,1
78843668080256420300831137441474731545491997351558708304108494758319304656521,1
87767967586813950145728509944379020818891827668391139635607305033335710335301,1
112660495126494692487742430520432722989586067175320454195790433806848614206663,1
10073607983405727368280640259521002847694237241503123219847580580149051510960,1
403198261801801682898922698431336763795944465177177982029488527872095598768,1
34865905593788733906661393538948463625465480752456738124306692558952303208230,1
33439247015722756081928138671268824055437995722999582422562173073372119007479,1
72269761085983436933953020635078163627612401734944606902660469894595304478501,1
63113263687534975903822556343412709550915721977563796358869721562895243623494,1
81511059003100683209882349310647892330329233062632057350400782529331661572721,1
79477541190424202897053427052563809971162984690842099801320102807010059117893,1
14526675884179239018267198478204971323087079312065255460091396166215079441125,1
63781571337500450467180319294169398683846733847617863151152962242224463714935,1
22856741158015068000242675026367228868130712157327802555148447107165861104929,1
28961920726337972072086111772515258305394357795504715248558555366038118813653,1
63643013432170104814222541380194789312158613659732919055426719084550895931350,1
74631505193795871642235292023588774240634687191725732873959930982454461754813,1
23573527625181379638164610365463429118578116075406978452316503452434890771724,1
85122850753453707596837871223492105612708980105166275174495134272391780627552,1
94899785164136714753599346708509057850335154274115601486685460455077929236649,1
34752762952759805741098272739818674816402230727475908990055919029542470779309,1
35729031359905421421524675198970062172182944568361400541818417230662630735836,1
97591174877831545006302508307390616052900274797793705419950145657560168555540,1
69691578963631943298037068464825713441835044877997559008161154662064430888070,1
63572105343223163693292831738721590138362195417748010575972618504270575123679,1
46848944009721292922461600094250067995753270015302562097393756492600637960946,1
10692651529716040449916535279415533949027097336391655890517039717623123065322,1
16165541474838895834914116266052469859007883698435739046751596985724564807120,1
37885191429156270720118331428218035083396586212113221347522477348603945787121,1
53473319484317269988455768432699604342584462715313604539446516700577780113371,1
7668840938873345852209299896637305069241079552018473113620323199758335441799,1
96593939043277491672382060889561694805975214282846527316078046671086373717086,1
10764246367697563831864112472545227551312939373642891068837824372487179354212,1
72860258536057072467452561816717991349640798285783322187557391340375308849460,1
90451701671464549225981634744628894480912877124527239458037455040507988594413,1
5965587300201313713838216097070931478758386505547635873589112482659609763712,1
44474987668408803089343006626579867584801264428138567147383379689068423413810,1
66685837030379779673891361520260983192048294841047286156065316073484652586310,1
92859850767509364992258793738671199221260162669152570999144659201348386827749,1
20716524998423730951782248016653202343298819605115464357487334390649075343431,1
2309523912559050540541764349228551161765886006354911351389321783300712387960,1
70324551426336443603182601431860216821830305746890496845010653250643077745524,1
2576557407256894418259999681944886039494553736603460555267144611400053619276,1
36094437855979046857534578363119041575887186801986133744292209615385982480231,1
31728525152107134460225399908544541847054645738024577092142450887830729467109,1
21091139845094038201627320427203230892665696780219133306504407129771342317049,1
27672171477397171066814357365257706559752814375220038894150757836300723867136,1
106351529845355300851654541811139270164630418097033803484258471204808320939822,1
18182546142391230878913457472794902605856816605474151925764665892892003720991,1
98353851130257982459057073904240595589646816439344380452667957686173870488020,1
70907458332159502527036194704622377666921033218541457563954425184303969601300,1
31420527978896667632192603395513140473087600053459611132833235244815784956699,1
54344334016965796476022359973150442021305318855050595925935094323643893231519,1
99885830705929109766379185223718617316327439944443703757691313460569953523280,1
2413932975723043195422327537136097940816704672853042207566267051842445229460,1
50412232682824311555732479761338190726410758921463626505271559374430604652379,1
97850895184078765828506141800213788100533943103292343033090101721405224819862,1
22721296366317448603192582445254876049356399336034296810480464805433761975061,1
88130830764451960245929328859698596653230103413686652661258564413898492724493,1
101879831461451805785557154878446892305876869805566587020490376790540300390822,1
84949454177815704384280559275409353632709274141326949223048088042012004815397,1
99575316759435583518228213439726405268764438887912918645762722421292548894889,1
50579766035994460219793386859497980851555854557801897080099802301892895067103,1
18601785326655814835696192388212095499366432035939232965539995837892298094358,1
69911438905535090615706957517814756243422356837581178424113594678422674241407,1
76796044208646838983440449323667025690568702201177382787007241305367506022977,1
109999786390118969642817804828808868618341951659127108857900652898932653780936,1
112745017722277752068282169179266936042294326035916510031689712148181096456300,1
42750893117834454563507479856405311159208237619587675460021036701904940480836,1
84646120366855164022922914035773565962138143577235086738665661286158688551879,1
106652401127243666279629195957223286500061569143025871681269564110759673280584,1
106167619701182207328933265630995937143022190596148593874016289895574800526,1
96281444314743360562310830892064329729345769716754323267268760679806461199315,1
41313791696754965573752006547397707479191934075455987973109968272477545655468,1
13732663139428413257199531477535862365034068112599057086875691717395172745696,1
110601382201267006891376183677874795417337812420618110106334443602386059796774,1
23128803924506452592913231610989911624999826713558041161623346253664541821466,1
114238830900996178366446382023056091087543433420782576664253090464141685815822,1
34290283060511903633734082160492792185435849918876830609034431713974258799253,1
28303353404396777670066377832017612688252799018291116521514563414883786786645,1
50659326851524603526002373170499191769228116432756592625754119554947432280286,1
1187230549242761590045162344092270185132707804872636022054063550106059076391,1
104791855043613013926131910832234427474167108372133923659477980895071534451913,1
104165451418806112758023693541776979395912374001148614986800687359734638574859,1
71638351939509320838098237015623932905347665489329690771102759496724406360514,1
85158060628207525190165633877693074552305076035774271664998784985190111469665,1
56972016967583830827701295535692736189660397920151182397340757361492816883229,1
54116736667505610495057805387789384827264497741731212674452514298901337215209,1
16462864717427473184746755734403868558480106182099939671409731826856482466386,1
56665907814059825105625793685017339967604728672610471959201152428520726542435,1
57835536675757016013251477291704019362092593192222002214581787662382070331036,1
94281848990110948274689668931306365677608731402516545492122524974989817979281,1
15981547589809696652222157096127091325617063085520395870606759191727903999251,1
26541091428021443853050058789356697112463615925173736024327666596729731382549,1
49295610336762430231404060783490837025859555428623678108975009966837435046768,1
61833379430197192428782280721210126434268188414684425849809971387608044769370,1
41269675553364037168195761174238932928771630632927032338125002817996234726935,1
16089567624003779874769906591020827235035580534799150410469717095116107546365,1
40362719336670455734976474030178489216102255169628034306782570097266081304652,1
76263566639463574262614012124791386407262548102701585232313236194965640858094,1
100930660364279442937978518506131073289291961201629949776830223584357663531458,1
102185510774851768338285411191498941640744710013956120300152684276360282325096,1
102062066356155395390657341607284879696930214734749726714317409074397582358689,1
112158730556021166273670129987687712087911593578306944305679405852575642632270,1
79854846721272503339339254453260483780085622330560111430396604481750427888401,1
107961368927292074720888288179642861766382374291359118975829175495750134026486,1
6787428563292840075036743639149083354015433650482852365775877099839428124692,1
3845873034696687813264114137814812638617138483347842083984108150802712716284,1
74825785166067825087391428634425841350015609087317797800122041448065974748657,1
70473104904850692186716343064323793510417638846933101159937178291431780381531,1
109641241745860969613964166588498471612387783229691111334958980497134282890378,1
63902972377554254617367181234809828528789505338676137955711082389169222313409,1
29707209225020500522069320228424696279257655181604642613631470264411714062976,1
34499912688550061417914353889233078884343946938516385697073130611711076498254,1
109829292536328984404638007092429333488844410340895514904431658087468084541759,1
22685880460451992856246668596381707005671095320716373530352027630192708647934,1
57621443808384467036411564885878424480515247211140586422532239360154548760058,1
93417606911689847963153437003480737272432627065127747114095022256980522538170,1
19946161851625389900224929875303023112243349766906865814488426201170617669141,1
35649518456330869269413325099598772544694451432452726854280543732378047483388,1
70988776993364464926284065890751520114252308629817931688689188918653362398003,1
10831998489511118223389682888711673417905562228997883201094238925707640131389,1
11719077476381577340552011587918319235079864230736106466320779553468199426995,1
43370225953514950476001148677012013186538184834462311676159428791929448522961,1
2136965226963526995496510162990682493134623803714647780213503474271991095049,1
30611764325421598605266169768819559651065986604392323405903125866366078128696,1
56724537144109367885466096224363954283416898515110910229920982340704137349087,1
5592906388317995647334059955292070604241264847015589133393948921501892827460,1
93563185719725081568565262604840580882212085815361242481843501445481886753961,1
62113861931981823601411267018073106648006124106650719250651202135071740761616,1
84432368218911962320769452036424660168422830999256663481103287515113730410480,1
47651932802128267156867179443175997850572032622327098526804071040310959559030,1
108000707543017274489176672072192764951533542091086111999288328277448131919661,1
80249494981106375702272820180407354892301923660250741225445743438875874043187,1
82608010274657102652979349564614656054926933341599774972296750884226669205191,1
12272161106547932625807253645872683184236851745941555852729754715349405478127,1
110124137710073010288101587295442429701426857918987600266435298920911105852996,1
107510004076080087048316001668439893397590035818733597250877393980699382257943,1
16611017308426060962857017361056538637227032307509826765019917160360367021018,1
3823415931955144974245775400777818185755314575852346460252864961542915703677,1
55781440370020413923949293649106478326627081267838594231468274976259220674966,1
41986657867237660780396816543051299106303285632665799865255977685177767817344,1
91159954741623428817830296941053474157090975207019893287555653834940536867083,1
115455682632862476420755398379369420059388383061801156580488485735616061547468,1
73647702625996982742372555142968137117229963920763075266357197189848017354507,1
27165692236843983219206558982095973325661473986158818585751739975224906458476,1
51698276636660123036372030236062193774123372291432851968482458758265863321889,1
95671434443586259851547737739147835557121226545834641729889269402440101266198,1
86607758096943344618396921167401019553913219117287585192753060559474333102124,1
44486094732684995304823684849620258445898350977558890545727421125731456268415,1
61239913921861181650688206700750099155492007760955445668842552689189349060038,1
94144255254548668299070347727251211029994182669180964078313403674291041292052,1
17270190285769206307145168252430934466013508731838333317274807836308712069654,1
46071614811277712968274622416042614053806559882975173993820655111067902068234,1
85570537221931099004205909617458833091750650934823616352081874189913870725614,1
45715590537585730588301523837134735033118506077437980038320382563711443588472,1
115540184875682862797711092110971869801589136069263785408754715392186374404592,1
89367136388138789066165911390031645519956797422605618023985022546420633317105,1
45710432329883529113111352404981762868599469296419940021735203664044476353424,1
28180856470453744537658273980869184005447595080314367629944116478268484610557,1
61630992566518962361942495706917025335344115349661002547006186520091564136779,1
39375867502924770755647899825629075923596773599172865569361459426181813354898,1
2244184780454398048529060375619434267697137013143117163312785307020071996599,1
8673980832341556043604184133250107263000751265329555078261385397795795452683,1
48864832285925436192931418257600792352278640262503951670377641676538835153205,1
43052342656394790510781203616878328962735563582852764990876523008337298183531,1
77688335674659780393736848161884687798541757562480152830053682559097963913388,1
4943043670572805563021918871281509165856418645852755119772728478838115015950,1
779706741029940493560968700982734181166379245197056291820933357905222325906,1
46068917593012074324756584541711368008124536134319290287128042923168635204450,1
42233150333969791088985659426333600299929479323098912275930172951652706545351,1
58776281355637274991964277376316578930352110612498542305330101451448687443733,1
54948814207383573680292938336850677332991800754218437893203037704626506836759,1
31923156390571421386994599799189869012578904824287614062803736142560794227077,1
37861620893426271858288928990134667132588242128796246616705338159997888671595,1
78284894337136081276246148092611814032839266076464470306012703723152471656277,1
60045829743397361635122018518650280879293986963306141169563501847689260234139,1
57062949773143761919814106528720483730691392642825637770497394639253158748976,1
88942049029594291549521457345917951140684060073275689319889571358765262081514,1
18733084872770447772762995871392915380637356782517061322709365932869836227339,1
75389515363594279269701986939290032654273261722359112876734801719704916279575,1
64942723341029647829015128123342594387101532470713605919442187740048213578034,1
36701098024559540119878196591455202596107271439157823950725634087368779189110,1
62578289845950048369424846185029498000388136917536546380499046264822198927367,1
83163088164095197187842001350241792282556622376617710399493905220053267020579,1
22573795596729808843084286227587217207886984490775080026184121826666908534472,1
91877164697516426643041562933344485462673108972216521221809986119508565951546,1
92419227899164386159727673373444141757839053465359571129989357412863372983729,1
72273433687144300061508564983742220876745882867445768201602753417230061162899,1
79364820721725373446045845844464528874038106122555570571354688500886493569031,1
9153318622366499463082820274579208876483574136672126684975509576608462577303,1
78139950121478601085580011185941956358459797960730037651571941248327800751072,1
68049451446241695577516297550321228394487459231714455526661974833892005740420,1
48005440759952262785349275923015779727308685868021713478738449219997591261966,1
6614151340137102066467578932461266143429223848591225038810233041609146716051,1
29571659161907689380880320933362834963209752098803488878200578945789836934264,1
2508198131938189346184476439235713370007393817218198968773498527240291399589,1
110376300071322232200417875865457100422130329683264935485810983510164631825048,1
23156653048654125559745609782531854953759251532816871023214477352416621945505,1
79121984169885698516249373423906825122645123203917206877057239622408933514628,1
28889472838539621695275116055117973742132637989454764784149724670949118765669,1
41871816736970385138171679400608212013492510017482440072964725226130761115183,1
109513705988304751662662872402338814377667290412275790778826268487994900476171,1
102760548878659733286503813650596744662349315123457843624339995024493269000376,1
33852111937034136111630096802150029903566458037050357231840631359354729739286,1
19849311826695321230168979731085066116340298351119449472557597130351017261958,1
46808612830023270410863587659338644291365023158995104383002814937909455798184,1
11900891076304412472993640253829400483340910733791714171812715563729073923023,1
3950642451000144468287216640177627502308051919113055892833487859326038050559,1
86902172172014106626332317111329207483716745848117495550047640295450226056793,1
67416839009942427595236244202736792400002751878999908672131551601870331032439,1
77736071431875592994957252914561331561681476030181125683086047583703651201499,1
35821407260362533238137490446928670687657473021989639070306754329012865269178,1
55219473243937727021141636320992407728973750342153154064261061045911948313729,1
73038415284304223994931295677692893670980030495891423539436813275139241231265,1
13156426511342250452087855877072684605524275123417002522187261437204128749641,1
65105948307244611678816969387514169916420104752353891660326276737841654030289,1
36970664798910273009136047419487914631874872697138488001424519122273459162341,1
42877377583854550536615199047946334460595418653481189566852579166388920968706,1
82653282867092100976364153741680257311559540544768226161582096864791906942183,1
2936911090371872839494673549507356731355057851555890405168710139415341972241,1
91119595263048264802098329801043193188110513565641657539445232629560498277541,1
84378437044885491472357969876104866294140198023768135363293089594175025115943,1
31677984885454332065617660620119531276372791652507445881914454359486670607744,1
786238962925293274582495129109025390219167743678802814581012675452143345243,1
113166889148717293025597342009589479799571984323880571233645683811385790988614,1
9997239106066814271436739775106713939981635334332956049319530726201853553313,1
110014491257687402970866145223664642122422215814386318751691715203840914763909,1
46688272194850757289012962831594009510340913760680847225797065679081722409705,1
9498001332880395203445276300438731337182712010220594413320050147502965885017,1
91381642113432122755656572885386692629352252791608402788424097965417161385528,1
40871476433039395109830989883680939934267550250391036665261635090974093347936,1
17086896214866615973744246403043539374522495734640094058490658048629273583931,1
66374483034160212235144972080266218303483368265272309727174665551869879794531,1
51724474951149583355284549420218109487968833093970329114673121075421068223227,1
65690074852251132311172997890461312982728447517680682834512129218428733228323,1
11729593387787546620428891345482421093857256322865748609257342151029296139790,1
94493922572131097536418484700030759716419110164524371891274967753051747038928,1
76596044010043994202271436863107320061754596806080621833145435489833676828260,1
34715133589398148912782135547132965075625576563319722363914064334593626686793,1
56364904065502658617897811771684503394452309085628081334420574794004610160211,1
78706543528670892260309722189262038337649244869123979521090074913991314246549,1
34789360254716205326433478705295204805622888454112058251480176765540092756091,1
25885436918798613964520165980498675886183761282819830781419595491130749289921,1
103491990899370232843477597435658163396974833401998913792810337911127174784549,1
75636900933500902281295180756964404972619323815425564933231022917950678318011,1
20260673368538255304553821724978100133983940260293568628627281171228029938905,1
36452615115849084072163227392833622999755727451029536067117282612061947329925,1
69932768760036240065763557183520588760994417718241335382321130181361847653989,1
78780543963635915869138657314190519297355609140925247556633182927621564679736,1
112969997407751782378877672911455683207741380572632907936112005749685929001786,1
103050893912271000067120804291055385808857000726682719915621958189555973677030,1
89878695484911919137868356437936989517437571049034071324402858549027586458665,1
34293253742381266163216354841626575020004458012676467113717965571251261099303,1
31298688883688683899507133181081558111492231239289060190593136612072401555284,1
32428874017095103249318593619003530949100247747726581656384990379844689236004,1
35239286851574274356885322493886690515338997028646315142187478142767070027622,1
76727274114426763368549773247345930118576198039034026561951354864692042358871,1
63476323157279134113533653603419240839012126722088759949015180176383709052703,1
82487548043314773823134210621550627317123651296068965686634768814670941074262,1
52258182306234512194889019729713132626351749645423300275489808867966183542244,1
14051994435669917580209540416373768289025225726836026380117358574710305764525,1
75343310438399272201976353101808534268717602546224662758702340324183785223703,1
30607677801427691184965249759484609358215500172400177573107816829676368751391,1
108529192136191160965096342508399108848833123273372884199106429976282693288759,1
3703591112591599786175685370654420216888195535974091375424548999608232308168,1
16215512462160339862290765791423733849597346451378990139373471066905007672465,1
10979907600911584805150812117161283318709131104272900047498662275798707087333,1
22698270992323295874202158683089119145197656063896616227153411113190295170943,1
73041660686363880154248374424258798670411268215860302978330706589863973724152,1
6601803063744117764447033275488891125453930683586680806192485055556794101918,1
13896083437884384302270647602110762759794243039592761072877313034845328500221,1
2210179557968107341223089485424103918516128773719319507605216110829667886320,1
66963346911800599914212965314593817991452281138494978669468743541765537763780,1
46770193801970684679619180638296157826616596002703070794937324821107010091157,1
96698711188006669087137033406280007896023980116118511780275150816582630641499,1
113964131981823995208341655118568305985880156698078073264741454999230611728304,1
49602177108933477338559646517718436274150917036891431293732054593543510944701,1
63373201243328412996281279855772991420942702380096666945159423376817466208574,1
9443448746583449582657848412370172132754272134539652051990505801204153122175,1
29032218965765006530765740164804041491885536144126723231805147687023518473645,1
57619638727653825320934879391783197928721413575893671432801487486189078171555,1
20336112479601266006288864809142830645508739767629735470237363514793573770632,1
94101777363577342338896178469331707390378295585127618509704823358763657422224,1
99510429382333391183526161625976445797617534694082634553244158902315611454864,1
103776145408258928485695455876448884151953977702136619992586884722474427425596,1
3608868590221269735775370311440750341763475679808161627146683463780836447848,1
18301874828908645045248361813050272340556962743507740662955794246753953926842,1
71467772216509572345851462123345462910420212882690018962405843213536714295290,1
80477122824709861925924647396292534438255078936396414492650316203013725475066,1
46049875984629563678001644621079066130299608251211995241492118543136430213360,1
44317649201442688497357791177045942690706483255581783830096971201501049261819,1
72501633916896879683817190216931351144524496505385728267240519548797975202452,1
90639282739396298128786186422832832302215431855244093201917771227670355188430,1
54217749881325202757727197298829029157368321107608492175227371462572651220043,1
22170310417550765822238473269455760794556713289380315740454058557687083627179,1
82992900294751729637406914894304824862746378733236355355335681493771239121621,1
58067399994522555905060307576257462117147227417005166492087524717051488032578,1
93479994171137807187980750956006091257140377745820759728103935289055095403147,1
109775047743550195407789136285299846738725834296939106471450778098291145785297,1
97721690386764900270590777769873156104150631068299797447517588991694898272836,1
91613135834926228510961939782246542524641845236465994311131758637314285325818,1
48986562997109154724094864983203719563328041638712419090076218046246081974113,1
74531545008795573409007913214178953417490721208239182225094212406826418739134,1
15069002068278308632904217611464709764017305457970473549204268503504028364470,1
102646268104449872610512296511684397185303321656558257603671970256930716523944,1
69945559153578207183991061745890848739360521071728530781970376961256625125000,1
115209141495898680298574297172097336127320903151600654981692802282201879959081,1
69132288076627732474872642058793535041289980507218665572035550265343561196343,1
20059384812375655547869281070058333130842619289706631015604611697885909652564,1
72050009680335565795291807218874920301388957113320228093532532352288199650055,1
103871153304123352661122393102088433273816172138617281034988548211579408578169,1
46738928820832616689834889080452249677583124853266348474076555234030431009827,1
11786751074405153519972212093583438903449055458949322182879483851303728948689,1
78191732410737431153324508787115432445386246749708677731546504282071517615805,1
34720883301155084873751097640939776617803015878434075208469123944256986902635,1
24843576375476074054389112493890658561342636985931314250025501316307763772889,1
37677283292556338606023594823362294408235516292801788194664950365482814151753,1
57124621542879644642383095095755479746222186733727844999986686350392974665547,1
26458890721923934088959428767112280723616841545492374858577741004180749471922,1
113524413333250941681110396150340047388722272011030731916207401553754109653146,1
33800350198655571760707911194973422025996214018758686941351800084587196084471,1
48124937956329605194312294448108880597760020630140136168896187511099494482490,1
50435987466503389240298001691417546037460486230334592574248221956963057813891,1
61659858470384670701821612821599018269907490815173494467120854339807102382936,1
81527589925602838760599638889040309172132009985524431087996394496273490905278,1
73311287960857309792466294838823077089559182969513578223046426610506314158224,1
61277608687065785553688968644398528329073310241937562954222010808167296702629,1
72220733469039277349264724909549924796058951505017945942204542038300984523423,1
61510944146747867600601207126223281349469797912483975557215208352275414147798,1
37365642076043801478293610163506929235792074985095498741190399427006699686797,1
7176977646754560657523074796148270832027729261630490599548056340035413946753,1
26740416636641049617386192289953290328718876764809783191790697865528590205021,1
23359995633904613631944965060018038964177112981090295538584450451760102499229,1
7238551506651128250128535915808693883680878083531620351344071361154376539637,1
20028252251909278495501542871422972542244321863335060455326890168713085368434,1
112744086857534410788689043598855218242662268911475017224023928285170017010813,1
87823715811907940325191345494538810461765138601384481365526235396457516017135,1
110928141532407865427717169382007672329871991551599231741191909987660284197201,1
98751119408431487088641726807607146471014738315281354947191016999180944842390,1
54919799813559833279342537247290741266573106559258652264848295010098172209583,1
56761835273041707966179143582725364223768271996168505183352840600605553649186,1
10129861391466302331281362028547520074993161508297385968042720919724724588150,1
48545013583219997309567687541651616639364797674464447263112407076754376563181,1
92948189504233475490240874927552068589269587814646801961462188631693973677360,1
24779325881291233453789564852842623475099382172923282788806650400724480063763,1
31500193098924467801949457933775239301009096459458555506516775934363200297267,1
80236830937836996025653683264888264502687481131215371366108244063649994145981,1
101681304585077103519568052195396842232221847604865384809205934887998804792064,1
33391384026295786503291468183625975871942410416840796009658108773039747546478,1
106769425669042724986315395883713171440126960544199476105759575552276943897003,1
59203925887407228293103805438985489910952677057510351771530917182581647154293,1
16309939945159650600621481963052922641057618186351785130623556198501727732982,1
23995253329419326637889966678749142797944209078308538234656115301693555490800,1
84781064792583404752774092629816135738061720798440451337751678497515221120790,1
96799319392195362454881160175064951955776781406694206166827162194448193772019,1
97449022549986954888891078520471592389501425221398020632073185149312789701925,1
72371532873736810956371083567257237999161253431701595010482873673366275636055,1
89193546118863496184116454624731957078805161775361480937148292551581205024176,1
105157490899372930976453054131610136883121519366717358084310439548621636971848,1
20028895142255936300184178303922267048328478677765525059981053090535498972873,1
16865801461406123719926796069791564604224728120689733745024854982958916456410,1
27190591640861497643941178517119559809119466134520817564217961757086028745680,1
36258573455215751967779931782725556126376739669880994195290092199115998710425,1
44717556265336043944692254072685589975409766186751102397930757088785433905359,1
65629664763630810929547458957254163005773463544013268095655532584573205891939,1
45845983531712303844507961271518284872933073737314209139367606996471280776639,1
81991988267234427255395614946586476683969275074729924525210518372893895840622,1
111380763101735128700641060312288122034475034191644924001711044278908325433826,1
56080388486941978549043202718363567952994215983908607447008044047013135013085,1
93142103495735886380170140380306247973802222827270412376529740622033665876714,1
78617253797983401285032374400780426049290115989987573520509941586761395682666,1
58796388527491943074491839453552661949893354047297244504376292883170621996002,1
111625268310587081310498160431448465773705534811322790332043026378479208598257,1
65750558955861273178277937083439130939735315589978456981981745915353514581201,1
17351458471710685989584345656208455780653485409709960404152412577633695297150,1
16971787553105161464775606783073972115081683486989689707502021537278857992200,1
10834758502626812701181385254613072578450072177116926323168135688343537937313,1
10353520379982888006171835277506508617674968224650704564637163841707128938888,1
80132815763291008456056319958112163206287948305650990497970735173356633986989,1
12009930901159172266529486721225732116155301910272427222315749768848570888034,1
88001048046440334548141227707213193039541773289188220810940453902226957038859,1
55000607778845715279966029881423751865683295651934169880151177664579489243121,1
10979651238955786836412532063725869097806462211113703865223975152978915342800,1
34949630866371255930151894422208558313226326510877352213357089650819118097480,1
79065534112306115011689597230846015117804695012526409553558312630584023960311,1
75480693147517926382710398729575164258551692595350239274477705495321132910441,1
19549831019662259953062443387487622687415951051471209198343249071931147395765,1
20979569374033600160654424959811959611110395697077569454159228599403123132259,1
115112857979336853211745444978654935195083443659289174575017752795010940227583,1
52574791745847283650800783525793610687743233570347975866078576802083230586299,1
73769901171254073525087932276796103651578803667484633145292120118703966882773,1
88467264293124288696416663209245445402233126047553877779394729902664573882370,1
111118911072717844301402563012896692936686612813107920643870253378948695739680,1
40546337291128791149584313110247630793059534950645560356040644965504113977168,1
99318320721666460764714534020039220193238326376614342284708492555988330411618,1
40463860809459829706003196942170217411738694043371685639000947015726406743421,1
64597093198023022186099062772320224630608959570465583278860077921468236896482,1
18743843385031956775923919700564476727081386620257624560371277160909704207264,1
89145811434862810157433662781132156687292476439855853377938539832484137495629,1
82406222681577790107037018357218741114456116486414750443538773772408566336729,1
75178137265223689029485521865410221348534916143425467416265001999528108228369,1
81555166370805967505218533566902417986781663462626888623812549358605952432150,1
37022165975343917087284862727746839953466586191049796489616276991600829238958,1
23272785556389923672518438329410632695507362947154120398018320230623294427977,1
65500007346629447256740629771175715176907963406954622251491484757812908452581,1
98144563999422710513419359217651553268508160768937769370746394115715368913570,1
12663752272427705738706935605967792326750487315801676746889534275722990498168,1
1645199710785784996477004732424920156306692565265577068113243447005261038298,1
79073202583046467598816843253777171379791832316400799750379483099179961294332,1
34779451120829766954526050605149436194777159488847246811109796487312688387531,1
93420446529626201215358609042873861424197102588461647592999818737547809749835,1
107987107696094984605985301262790362410119386330598903879967050397460360261180,1
81722707977699704668611854115675974894586469959677740308250582282503538986327,1
30704002240642017299909757506393855080326039437768195876770144184350645692037,1
86981876078368360456835523776207638538058624359570091561922338500082246002529,1
22641763224340945835068941164127764789252396700849888770599572792732748255474,1
11410990070766935515676189451515405701902823539280936475831935717145107779596,1
97767210719547505189157921008399839305649399740818227757147128032407126883773,1
49414537936565775369483873166570774005495537435618555304397650984268887944962,1
88428591176971839026441859714887847859793662601206507650477429676635469152195,1
114313083856011129519185961414053170472295099307335054112927903559948636607503,1
77250328460724641303630300611313266257370487679715151301610263927363589878100,1
91342387551928965185905195636791106599239340549693474901879396872582712744413,1
96388402109275589755224711395064364350881444054084938139098742412985302237535,1
55453169408463657178124637300967262264362443927861513036624008403371964906539,1
37425852961522953709846088519109498809846750585007132067892516131106816885791,1
76627748938663016588024330795910275568934864880650278460067621719019624565137,1
28695017676617416085270542162730333895690717725101059451818020502274921798439,1
64712351023337413971916839267871644116819770923830954047388030469970478873421,1
24463611622440882744364167015763082010059226739142794994087654844211030710968,1
60744385778920430108629307308143749554272272365497651426725404431653121435629,1
90866301518296553064695648800160427392734302737945619066607447746759709534692,1
102053481786999317688073287997372567012740310824532442974220322355224798938863,1
40776046039030166622783976100102849387055147470731578063912683523905596305560,1
72140192796352861875214188393699603365275337292852267174727907729737026876243,1
14752619354205517650328674912672082752794558419888509049025492785534195547976,1
16621550907551033179257851288598417410497948217466795884547435700723849770327,1
38201427554331222717808821529446372285165668047388941567386168761909325688740,1
53932032592708743357180634393913806042316322193508759369898757979198983447390,1
73948819331346582123059742921554095198784366578903049064279206867913425417944,1
4713548048421580987300873077944906528750567111090439721315056545115863977345,1
33788921639294272010705245780353396919008388687267690981504633986777053621668,1
114612232790986299036980006417902127694259053379373539959746918502399826139375,1
53928437374126863620935224567570661972706838421878648865282656767376086705240,1
2828915372459527321124745708251866055107558891820698734919222521487277232462,1
81844094479218152125156722832477604631329036804696091416470820948948956591824,1
107318890422224055491687122950292829610595511282437682485030069668656708036170,1
115303443152691722898128327507149938088380328863363214253399574834185264714911,1
89668099162433826725861824497992424974244033935421997763587242307603408474792,1
91499728369546882030112140516820903045034381520865784089306082159910808938441,1
43838646135258402153137084074139864111231853051726254743618818279172642375592,1
24130197155288981826839412074587336636955367404848638667085441638423090189167,1
100360792299837931969923507105105240071741749836895707073865305864423876673368,1
111045443643944164309964521528279337945385592201461339982654771257154676645253,1
21099086903109508522338482411824708820496494297321460948475805849904668732612,1
99855267126220211292637592309401349852140478179361467962209179713864259661820,1
27505945167422097909494943077464874713089802235210203926046186736849670859814,1
53418272176674314702766547807082355824529993659153333620561132104855729808201,1
69422671795411800790982801882508845937084250483731523541052711336556027955520,1
78352581186969998388638600271197396355562266634370936529952187106142234326089,1
84791669092653607670402788108617232263610695750624140878262953118332387261980,1
28184806669654799770882380534093117677913749985829338259344274282773194105133,1
113813127546316817747633349272217843287883864065791949732837940269956437707453,1
97276410011813913234723799450575485581569331664356379498039124183500437243801,1
20494791210134581310806260002880869168254446103737875019444423225442914012066,1
51800203226809270892695179400757792891331516423932098854405365196471423779792,1
28036926802796840098041683193166044425008019936365675944734443186484130227879,1
114590282330040128309501873463552211581556561667963500654989838402269348463723,1
62251636875257838475188250114420258976931614536133417915869626481303410699150,1
11619662468564194847676224272174573611416644194649175154635226597933680172497,1
83918358644611160996904997565727393387733865370688501900141082652002465357473,1
115129545314401080633263928391294203223614640210954057223588269560693638630409,1
75551372114609440145025681717586020667826856108128764716876870577480311172886,1
24185447441956071522970166882349992276383860565638505260490197868715386492468,1
62458346595677288671614478022529709853152992057652272757557672723036637281504,1
53069917462966255405919267705611918511512727610042823691895536764092827829670,1
73416163823410304247880252230185667685338895992652373411264634097440962073471,1
39099127568649262311656046650415205554729510221702991440502833132140191674887,1
98941941567191080852668345372510369983389890534884308458707014170441639374828,1
64754731555318892934907212446049809764444625362355173710157512597960832829447,1
46141452154873111501231508178836183493854775634547760355342367897083495576743,1
2009716964787035719621844902456655827275142888031433330350269399782384687712,1
49592285623668317188603104930817919893258639181989249285305412953724995030708,1
72307197679332227876495524192135730433007367057409580582741409416461915651215,1
3860583819206489417305417530967128010655368885435032552657368559950371015221,1
41891582250093601056738627681033074931084838403412967273165165837752758114380,1
42531663125661543086367878123127003480778030827179263857769132039496284114609,1
23354111245501147521687795822150501967345296262906730466306756915372095139493,1
51681831912456611165714848128753124208790776382561087443794360298493849236220,1
74719242880256926799338356254290668893359195322973790723899742195146475711281,1
84008234092065279689707399913752531474765982109127635305295146323588592811590,1
48796235891916305389707291690795005721191376759174993629050302339835942462153,1
69262251413086898121004459315678321968139259678486643976984717163087489132882,1
49008875360403197100599871809931637004471677751388099910623350347925776334278,1
29234205171818845448711625567037100642838677668542086310339960868926362191270,1
92882468570743684755058339569994246206572852416896272376309208132172216203022,1
28185830154180286212155911987459184470812692245814466724862162474776925735533,1
31412419967901336374891356396557887569580114172014837463657880951060476857587,1
56057556850605170434452325349206882264524874656055131188018049282678969466614,1
20989690280767102088086189634152946657504729868451386993647022420373409017940,1
77756529810050739249533650047534996108660801584734068323112675217282597447999,1
76202894688428447352597414144569720533942682093925506675737732095425318572068,1
89488498143832496113131813227060648367401109269173101097674883137054682444686,1
42394811928577894767573748177241899449803400408874318195611282984667930068611,1
69886019503464442296339123647569921083709031212358796834993563731124729370485,1
14939143943739867167998135530355114275726098243144129563668383046407174772835,1
194660523241686185258601967795004714230150321948943607258533472208774228437,1
76917347989626145098935912590859582458844645338195185645912101560933176238621,1
71014116395370033444216817131041777398063947036991954214987210530127964183162,1
21533115609692182416383953890383821984311976334028814138344218206142648699900,1
84436348597263894299938002677276839369589338942736220198500098230821223378781,1
110121127379678949946664496114106031107922723506629279306042109988735582913844,1
61312162809135624145145900688509837251279454179499525787727839756052411020103,1
87980316706468653043722463852205151592751208399060506977566386717730784310108,1
98994564597843695587604476972609847215768599761030056954193868633732612060603,1
24912107191699280005852064503934509363795395685993240325896682552887697463078,1
107731003383547896119402315024200119419248383031316049245730371110472147954777,1
8879413515598004711267427736558907355323302701442698314485822795503984133354,1
73976891404326938367224940525582354275179749969673912469086592332622678274849,1
101353202418963936257583364145572529165222131812598640532256757411211237108163,1
107368623017924617583154664882147352309938400978815050305853483738956595183718,1
111051314535211991061864874655407994423566366277964628801498774280937457074745,1
12045358494946189423534549864718392512977770974801401243532744484506052955080,1
48271029792061251602725509016866658627314800935132127059765788871174951389900,1
108533361044030470936769622590376393840575306533409213797805548997543006841537,1
62613844402849203402845138308809294422241491298936678299206703093816776065061,1
40716848652630362317078474848624352608478534861882804387705648894239327874481,1
45818323735340942666874194468961631067711999141904648611264301504269221011672,1
96151494595254968597407145636553278092121876138666957597159450959144999396220,1
87837902947620448060972541127030449325311077597639773219221120633353112653023,1
18149694053488449943789306503716260451921639612780993574058701996574726292626,1
38850634387789998022137649849941718600074054812573297855845682233672092506195,1
40184132569571112270320743929806900627703265217054138329685124050099091201558,1
112237271416316495264661297393875385991314668551473421307416262807671598497654,1
5079006112199314492228301177804219473972951964608776388671636454762078575399,1
7340424158624861645048880511318936138816802477784178083470551899560791605376,1
112041679096909377925402505601714895906444882646105163985236083751779102988472,1
92588091818862952819559886147311749949188925295178426611445574168664689015346,1
3978991971179530437469491325217097905777500115485536562586662649847520469666,1
100331289306163870152946485379065782941051139569252426952530105449351850144686,1
2483464786062946717225509069395761496102317518887257116051571750336462013688,1
76082616638807710797806107953389280104413489634831817493058098322877565489526,1
26966379490091795008212433923357610200238344199472369528636158213078829598977,1
38525054943914316659140781806306214395787012959028324110216210259926691943465,1
13236905381154870979353606659953697921885102021817170526765193360690365194072,1
71377856147368708981850159322928067058442527452079280535360256832222071526716,1
114973581980202969231921639748392632221146489296068346568910281165627506958624,1
80970939672486243082339811723081723824957382751736330894528843704209249999470,1
96665788485489585199808496158331424084618477516775549931059499246256328623455,1
21858800262259646657050589136708678194296306526413334576534185370889802852270,1
59918048617072250439243998390844234928694481845732215054028319216256631077656,1
80082232564393100849629683269185188394634861388349841143850766332352553128994,1
92252522298097870391625837563551141880514534616795269074151032214625672912708,1
97706246503867223058934898057572750339036323808853218111014550005887520827436,1
8802986803059295463798505203455401307980159859969035801442992337314121263492,1
8943540879522107556678603026880402452136195140210714007030202546423438857332,1
92845972923559898195895964025289291907992456258217339543164256775891888078430,1
96673363400816682630503309039567010593914573785836093454706289128624625495841,1
59783358124722031293444456975640341473402966850465200071355565288433031038996,1
25915489813027867217732312208380131121212371150686829078332191508390474041231,1
77532235748882905294783005754707702378639675331604933377848372016038806361478,1
82559665706384821974879816118495212062503710297079294823226055001079559524593,1
111434672839893697799522732699620776381117993020082483444993222557499220092516,1
23780339207090829245305031874565176156241599492671447500330583384436796688236,1
100894950591034490089857566488268657940677340338828691950938365221749513714842,1
18518979573877250466084284004417604982977859204984165775959702555782900415228,1
73839079990929318311608438853043663246721678754927166734272974412147365900206,1
110385179275406533541041214314337172926096402926726081156789890040868000067318,1
6519672418719207186640565953356994487076419185467773845852124554958024935407,1
73817524322427021630333039926122768761648762907754879084641387382344801310975,1
107316872750649117745540963212228696035780509665634695370269966578689777074449,1
53445114602644136845534417672461675624524552959375122271045519999734006150055,1
32077735534011653961202770563428331731993539622817181793674057464152730311008,1
99324678669627771978110827098463696558707796877294810218504601196862442279083,1
18374818367887402395615569813203504337360107804878105711904259650563539362887,1
113922281961796728457631504709644942416445333745472367992574245663907600916334,1
79810147488066905374686387239233888876452257822185761856383408612811363283900,1
107350922925356080383022953607725985997683862400161270571031671262823620136532,1
14623700966316975329945924158386216151606316041843440403563804155156257814068,1
59186985168778697229359422625221587444300503027603688968645864018398553091907,1
68884455439549743599294875817725303039384067663987181961072256865007908297136,1
80537102905328679095411387296765073550846417911175669073632884029605293370853,1
66723884376312930612962219924086509843384787774424710946428016484454834860669,1
77586633170159647732519139132619747565467009106960286666752716813184836172122,1
40078492152607033745950924622878425971594058647617804790509229004363467825645,1
56158791393510841497513275741086882515534856989433293897512269477546042747921,1
47186934719611115525619518458072606709604190468364126536477486205053401808605,1
36468629069937869453640591602210409546775425557279817110434547748870628106251,1
113138113949173258945476356762414970571514943829479318006669801122459475456731,1
92490972800324708357749470780346837864068424019599789572527673658915848009229,1
71603426875005545807438011046453609550264409534161545048077553993567229680442,1
50625440934406468572957551061660319334111598934872132625171335528133779229484,1
89459330808546352617204924535539627527570167190252652937414289144237532547533,1
56124364913356823033837830616024208447160754642899716012607284275639689457406,1
91885324305080836409018951069594946691617415657524417729431145098920695022923,1
40430514414237382783778016753253646317977430395669084866090115229990950186694,1
63036642387944208532585280391161779966484242758652128959656329550862036783332,1
84444947120932385743119439399737394761907469881454616960153121259094253991416,1
20755927513634879504247376435081880609191580422605678566965639562038016261286,1
6861223810846346674972396335938690058873756583524588253077958019590561454119,1
30172315190087390410275682735594079046055602999594985456833006020208720303066,1
36447431533058446593347094451120052015941599145586043055598021006627698879950,1
48623968351741069388198720644852056289467652827225281933168296108192856484792,1
94901824856519626609077937204469566727534603948134932195512731421671777681339,1
102376717903325597933095434525111675165198834464063017468212116902905368837844,1
29389540641114815466970198156481926587049205241348918175366573786187643424662,1
40776727077469867503084169537225438987927916911233482717758417262120706300984,1
1896595726572534206675974656788760918889950860683555230428189048111264844015,1
55187210761162100821947218053376516671433760002521546277602762946551720812424,1
58270226974488861559113663432726624272208310850469992760805875584582674114479,1
71533594223263648610720274801437309291949651814064484642770862224190279642707,1
40706279950831470744865737743727781214583444519328877284214066743863912566679,1
31646275953650314384768793142379639206377656556486962569998115071497898106374,1
97709147101805330356604486610636046502858043100276199437348884505229295829949,1
104763875594942509553093664784888627161745603805411504249946731976301728902901,1
82431428874781921463551518760017662110330212084325519267874594865520978762949,1
27080525398126150190663391322587148219079342795808204343133816441898788349816,1
70084971983504620493012325339612521452434400308207715589390979238253332262434,1
103897886774993177279714703502683057753669445269419350027131880005261195626021,1
56809654817471806847950082870421420692885579565864659356798375892544972502028,1
73138300172559943738276183928541618617305610855456052108333234563866995414860,1
5875068624500507355433984857118785207885187178174633918564046544068189742630,1
54852499518991356410598458133708060661284498227879069605409074081065637990129,1
8058148476931663540778204051986777413509679199708573997636866616596098883848,1
103408282755553106506508793821339660335032280973477306448048511340603538099529,1
38400191396753876109185833838962554750075308437599291688921237535409405080406,1
89311822074978166998345515090113938988090523287118505306752027320406200229573,1
31394502695090924762714926890859501819645991558616379366122973963203308769586,1
48028292988171199083599007499689506507835212888490204222862906152357997947552,1
62368261809098060672335037659102583711673945854175861924924172090185471725916,1
50609286908891471012971889553062659466346572048776856274720333165612114014408,1
92727344335569152266614032135259866492854751944217891130533008471409179973212,1
114285644971179377894105097149790620033057936308797339997917577091958692961848,1
38000834729451231999007098510567661849941934127520399605476620143339028368313,1
58603665273520216990009805064085679782197184951610827636376491499140148475195,1
86556649734292259030315061738523857418591579184975849052314971534576797061212,1
88496816834708407392795965507494553102366998326093190877918889151254384703125,1
57081944583583697184496776762635921318951026480887382623401334694499701066813,1
84403251609771380404357660584356660308538710724700838872245864280785214033629,1
31602565106737750054071782189392908720179396858158670031236350662416677099689,1
108146175089124885411397098985462174411808536343732146699311613340514124928459,1
67463936294316881561405761239716117591001244299693766795452914578136607974534,1
47945637310027494987663417030996253177750258435528140869920384009924585037082,1
73938214631914911305339744279574867549665714114563595850417963197911689655371,1
56727899150702519586879848712787709610018877963533887144400093591091797300861,1
81744166743985244858142602691888272149718081141840023822149559629991480608544,1
75434291023280547781675549408358291149575211212766821475348495230375613759958,1
4671307353392793796885492606131274035962684747418827067705636881447101819978,1
94892750243698039967795242997007482498477400004454895982874807598099666844751,1
89461839741708526081512021633237648325351307966294510149983015728869389279300,1
87588466251573790559037653329153776767838987344350522451242148378740485267906,1
94378504314200763738641671129441409379791200197512390528724191411908967305127,1
83316515928003619320673282341163180514558306095812263701124253744337376124838,1
75754700802445050182223002789838981938356558224194663561588164891906977238555,1
14343579231679023466052851830167952293534928638934455083030957737150252585242,1
66604195571578375212737185833339792644996143187883520960736804124047743054739,1
7655683926366367509152561163111217036434883103228440900633102166285439335140,1
94876697177536700389509855776489443272904528616718133920698938260505452131954,1
35701328921574121697529206862317355061606866436408920784208738749821138304418,1
64640248411095150470073432533146105393024399798647110278738259696941368175298,1
115209867232377346736251104111263484577104164837701972678731196441551458477444,1
30950622715075283086052985294001209432907226083294955504218674051233860692270,1
36944340784395953214220813090921991379513918770003539575174650798175777221773,1
33387550184928672241661833850336472355568586963625667318898589081662688822502,1
103180242519996183354068401296213070402162277781209998980633418903902707455995,1
26459715049391115599433726507901376817391128410369392139433000474491885655874,1
78924698546097443694247444381378395826316947329769519584243310969775893651394,1
104513210991266709966704679670612567886231950330104480618127174740600228712757,1
100809218651666173141193684079411377143290645140566199754156629080255929521960,1
97833245571029140167238128292492440524459928561563696446761922718168667486659,1
100756088257704143452893690878335380248157306212977181422863098491370844534359,1
59200299767097100025017042559916110938428817244649118007916979596428039234933,1
23611151499878391552657830941972171096322504790058715518961656334010972421066,1
110288336543012627947724548098121471914064823955182884296066016796529428448844,1
37187985662315066779359084552617007078557480965494453063451403756956409032960,1
46158902632604521684136042478104601474771014602170101633160759867620793289663,1
40469125812122916312184153415442440281531270805186238173124787891708411323170,1
102436854417613222112275360965457151868647868003033963252816383223865133438956,1
50809827540323869618639347906879810404464637956677792521737150588946851444377,1
68657811275361358715594998684573117507663736176710475301061719847133839791213,1
78005447964542550605376745129500280226132302796693332832608874046153331242552,1
48665472075776683594976242092518918374863209780219892130997533219352504406078,1
41060898601209313134709529025731043856545226306858633861052352216218454873281,1
42062218877303355969033874107659177206777841276572535127318797964715463587135,1
10347049303311586891790399191174806853995539394470201814033127730317544127659,1
100300846209598409253640995725049666186245482355285467001930128426221652017835,1
68498264637164602881442129238871701107952325145043584928452043241349905504337,1
98417522312556499613308192370082022613925483378439827759454457509049226545845,1
25453284712728090433541518299624662758158918146249006608657431484274899541154,1
24079578175883437371163020880262440239211089979530726882250062640880337382393,1
105273159268456927876110933811716470170246782306127077475800521074578806450827,1
80149694105212392157369731853525723513946462732274110538397926507013697284751,1
27797994456791573202958179576705369966842950631220574425420741844194378586818,1
92755866189067706960341736436230060728958545606965435288771794348969576309854,1
23768575623330388865027486371538380314714900072621225000529269692680559781376,1
112935581755876995009658008658528054976987041023084202693295798572040243404471,1
114317053152942547304257375426683976677734265818800196375103244483541636389270,1
34795369867708521529564771341367388940934323499663136910174436851250726567732,1
73982505587415666164670151813942951800578469983394869666729857959371213777192,1
90562890211226615750737071684385282604926593295013022676575556150479649265151,1
97584837191199114970697410662622588391228916567422036421033958093821002942413,1
26952930698044114263564480417879139371365937641556203411818791103397480160270,1
83532510564524808007754553655030990003628876157177301493933435348468624927410,1
107324913229684589437656077615779110813493658253175174045188250520388608502144,1
40686465000347254956800686244023394304818222194453359624102732081984984212142,1
30181772566537872557533711860596521206260990254977760236246720056485656722676,1
4697607128151407960072215584469912063132338692241759135026641208702831882358,1
101289591475689908930358092513765898819637757437207249750010125286978831907710,1
80695551789185856083426524585234988667855963514191656577273545278234674351760,1
50602923348452091678779593760153548962558245294845862121553207445426313315573,1
80559661792650522190868949818702178422528054086403467631665512050455011783215,1
69392323184407922414915853088714284444432541950968725033613611300362013902724,1
15871927954081593013062131122667173559632446674026823559977109690726241592317,1
84926573118897256787900838223382562647360923699751057556906360297875526881017,1
56037109453080349610934978475038044400368116019553139802784251215428836272810,1
8583983446146777136386367979579923689320296910772875758249498639258776156301,1
104983503076258268580585660466210810384493538685414947980209294123125507899600,1
59390296054186608240384376007645595597624137624988477805776268376215425991397,1
11258736326138273764120226376922769433732729780592190913104804541929213647844,1
37803598436466754252556515221609541995872034631711877626801605168219695045070,1
81309123927678659603598058143112033756858770377046141602866838505861459834436,1
30702178852541835842432724201109007883560397588813194032589808784765593816498,1
76130781671204599334743419909239548920515292500301353371308722023172909323642,1
19990092260768296639749287925436568004420046416509103316022429402447435986397,1
19449715469521325399927760685355266618036603951420975062491171088186185013729,1
91564637208319557265762339072360221633439306111367101008485818527483651693843,1
98681640573389672987960662588207912005434168212337738580253184369667467779037,1
34470956802744794034500985969877865284550314982629089407571106710799275877778,1
45232290362389261484888105220002733866995490135832162645095404465160534705025,1
67830898117676781012638399259572671011276448353245379328869196255857710594883,1
102898434775327349897423453646801855101373437178780082544277136585233102453802,1
105041481450476398499999913152440235245548696879702909584857250518790741698702,1
49985263159501525361887769294502059318485014304995900651960422058707927037831,1
107232943975349365380854949322444382237861528880374092917069459106866132182156,1
77309364294076494757251954421682317606036583822517268850411761024269707802862,1
65709704153170109860179066984488893691340568375552122279418334534722008943222,1
112207823937814377228673336570788133896150551442083899845206153443631464860402,1
85018098925950683113925148651023100486135592165266573098393042361444869134320,1
46332107773589763686384242922822307490324627295172399133117534837414329087209,1
53174271626850524754972469135696408955318907872053966314969274998118545041318,1
99603422326370424338586978812552206508869011761717247034640673102378091773203,1
90606587601616551724718105689956084219177369395412644902889216601566592917147,1
71611836500148856106787885339408739702722592971779679492825490590221935128504,1
81775892928744679285123654712900068422863489613384043086773827258488973511597,1
73319655324592596660941490534045609496461787169248045933974517129236977947237,1
41075882192091745846854313531576718001954900343543825816248888692083887469913,1
51974434580341957111860011668755734414606296584505376368678620848496751172652,1
563591040143439159282389286750179535603851093558028501759872757220814862609,1
82480917138695531777762049487840941874544850780493368758757206712698735859571,1
70758047663555274544278829822708912827050188583862103066377793894770496936605,1
65276451353437072645803955540146163279946945176558454372408889258029685077710,1
76109222156364738199058065697923484681088639078971681377988338323643870570768,1
4763866856035459065460536870679709429716692886099796779997110184221388327783,1
71834056650251317345940544750501220190465956125478516549905127136922922834963,1
38122636667273598794711186541313303008215994746969587044952834297670695744550,1
44361632549616348680621783141166880521643850680744973081977878420899716068456,1
41783794444603933932228530286227261014677277622339999392930282195080855878319,1
88607148565164991520118531160187303603873011439860205466100538427630257507492,1
89750301836107125131115270802300065785911814028909235230112629329573316259460,1
43921386469459111897829550644414908120653756345849778108441267494073683749475,1
20509443956196538962519937075880575309630312951859127673159905945128990357809,1
99094197857284441038094027766972978045402497432512494130797988006322272985650,1
35639063854579986512534677079727332314262024478151384387864689034974427037400,1
60952259614067114122037963644577196890184302370394762124044693242261810943300,1
76606789936252729420016274784785647415193183309120266121600160632913293670514,1
76866419846597513600029739346771891348607801548758726136230446234474199292418,1
94408050783797435723698074203061738930336340995380847540880121317985581568858,1
74257998196844685472394469376157606199578254341654985438688970467910531786978,1
74041010141921602027821927254525605488455609029254052013485516714167111277017,1
82981751843501282355135604286913015397401029386534177126283770174941868667729,1
97339428930109154084929422684909540701285318832383355034776888454726534718117,1
57280177392349619147187841695042836523489176622417978558202573289029450826076,1
105771959347876536466872388016811206328621250239341648372003297490960416955087,1
89669406733904116390530817325649712281037537509453072049162643038927142083321,1
106679007595451479471644165567786301044512405277117847121767075488849391008693,1
106870765067229086623247982886036865924324570855756523256160961553951095204862,1
73590481796171489917742517110466372731676583987248076827753937344160069620562,1
27898801393666145330222351857031144315150647581247719601290016375327574724556,1
44951363949550073422792888731576361366908962932915997660086082543975177834647,1
21906784428194860985846669639675575433747969943302060433241484753401417508869,1
42897186543316989349728011532603655992202202475325720035410156262408044150519,1
75531974518343845770366562412628454167432515065709753946527528856890181126046,1
38803977061128167760126794507499405318884995588713226202005552163755651208543,1
19034527184573520272599917985656750368634590710283621142876294518829724825259,1
78640267651164048531076150986730391995519381778190523194488607496774798498059,1
36022042448864471398097617461886760804966039274010076435204929167387487127507,1
86629351469453809201028163804426023543289757193918883769054586045188538894058,1
74313144288605127524709153591865362994769362532090609292613224001170007453112,1
84743428746672650398653266119150914660684181394361365936781837478723337863030,1
12260360836757519249465857973747220441837735981903752327723642496992549263346,1
34412428322839012183323051753961399413894656871345959112229577471031467727801,1
83565978384434795823889326709529669753136107398365368967583150677646274682468,1
46172480067713901779346272258919553176850768657041426671150475422804953849960,1
6960934672657035936084998133398670129500307879809065375131551252433539535366,1
59034421777236935350195756905036642672151981025818854218823501881703720813606,1
29519454235170782806908244736387695869972268727104789198943110023614650826941,1
70194978336194257810041631380095455936554447532915393531762557354261442635393,1
48135075411122580195818365322804963588417549197772120343251928312934089517974,1
11335257935034941254764012135336042376525269747956513950161294836974465573800,1
10436611695364612975549195780280650609954366186001291121986499607540077560504,1
98769537412515016514229212993088210121746401536127265382591818801672990370188,1
58743467501627611362925880001937388124973124811998193426887256560189622943800,1
41836941340661004336783233567498017899084304918493477513017706099252518447030,1
15319896684929295796435145653013979938250891940703534691561049793040678253870,1
52839123304193038142982109452082508623580882829411972256463598542211916674557,1
35785230438848818548138069327457314443627316430648694374450200269982968223558,1
51583303945710233852840054036467344095505791339834303925914450892729059739675,1
72621598054408781228777303274399945955853794415658306023695396999558466040446,1
72249197660537894285258487442704370397224983426765641385004123670817253676534,1
9646778878518182479916719270948133819796168076841776743460598695057027619160,1
24087940470694659263473511354740542268084148694201295167233886573985841998980,1
68112659296072573205352049672525753695691651423867745534268327888711319987165,1
25910888523314416450899976814466615349824640258547547939665395203439888152966,1
11743529333562682192060737625546800835191899998419374852738550566209094708012,1
38736603051221832473421248042308374494402089276437900653985510569417277024162,1
68048003452983693611075480036346262876344173509535915687278428199961451980326,1
15734622685568420745900677839851733563544763414926474743168202766777423882982,1
9951405887046571573116337767325274803828183458502183312237469831086973156769,1
100522718144781416473723961292000456151954374573701341151956063211684203374993,1
26389104653245202990748943515266432373984289396763583554479258570822672062863,1
31788474574836042698952446621102208928597964277306773830226162065482002583857,1
10182049578331091444802897980993555523930203592478643068853624884716767952547,1
105369420213298904872017786193697105517081107325911018221881879517435736065563,1
25099595921454878078177181908800768413672259595940571202333118355740999421659,1
57410319953002040711426603641372107777937420237546306143742329696042475761183,1
13926092605318276770267731843402588067025095597709360806061858037398148515711,1
53658738583143353594701220523382676961226970222914636903502953185887148768241,1
15960351429218652919683905644104718135963391511499077131132469380795223914185,1
61133237481985112684261862541077363023651061363321192224223123912003878794819,1
109803828204143282648463765491127944358590142288658596938696343026236579198277,1
97878506963134531207732466276768582083434820628002303723313934115934576337140,1
98092754479705304298496328359392281669887421376126474063667972278029116872022,1
41977407629185175131267437707686300746955983109792100792343422831443930078272,1
69739856893910249996645166728859023678442741791247176118983396055271627966919,1
48707868183822648438461557209233947354328236994011612352676726598157103879495,1
115028674553006136616383271989816288079362157514611745281001752726567592974141,1
6420770933857156403468113960922935340167836633559840358682953682465653617062,1
113470107678327793059622791011650559192575605449627719796200506034562864240938,1
94112655877181857230265617639923316107420831567721560359055727449764904867629,1
49978711273315988390104127233875752303483456458246620492265534912123970959481,1
34842854131011623458350707617142371948744715322382134709705033904713991661319,1
113528732728058211491315804406664300867526445877965572310920796052443839788928,1
21149054945370075052740746326932839973405509177531731900108858653299274365901,1
35506524878694762511033125892132980491304625375849723884388030223075802660248,1
71689926589040326918143535614330069348679925794975694903027295582637114422526,1
19429995683783599395645688083724770984982185384772834044137149500976704909757,1
109273792643422628342140089702109458997591145467044845706333812203383232467922,1
60420857616104116526513126419666141741340193469095127374969860985355275030256,1
2893722634156734261142142795448008541410796404106153049612935703117820607219,1
3591290151259715925875728787056354324909341417553153641216207520964763557543,1
7075954220634255384854613338493785775326659392197715679020237033808056645442,1
106146165874475970106338146693250361043083885309845917173340854407371163768955,1
114639219755038317412312222964401401961661950139337170698577483156181730946344,1
52948911708482234536997951180119368754106245188430833974894909260665395105642,1
73981912330894772914609983755332610578048160839032249778174780937179123186869,1
58372589968455418997685783859144014692281424990512250548928145376480586286110,1
43542408741473539410060678964256366045103132405246493744625144773765474653701,1
114140000056501416921473133151901771250132887700927647746363982968948747360381,1
73959902413252463504881948034056588375200122856995867685100054384569128040701,1
252612005958955117741777237408419305293099082013189486129705478548254560105,1
14255955616769645056540026223588248911013132640959490302085623591735644393762,1
5359284782369052491382303978837219864128107020019794989977983947752357088566,1
23934213560258080283352208267408900181839066141968991829930353393828669998194,1
39806090865755248860924666272192314813386647959535165177177833126463179650202,1
28397690973840752068345562626403318005593243948766863507254211050562152207213,1
2097397391641408927253592385967160050956100078906773823962353709080859211949,1
112406449766875220722043634384373652717931534000539271627354538528599986151093,1
10989695847458642916544119062325239729106924842961955615741079366125794195537,1
93939973895201790609662138306870605221112857803617957139000261801975285700821,1
21110124614608856260218710334191985609541612877173913330676749632681045020636,1
41371031159634426218183464530952468165957090157080401542892097091585810917051,1
107135991074138007787533507816608393279423201690502869583615544333559612297615,1
63981178111144585647221162921653165208162736890406828271989825738812635489804,1
12673709758630642323517788329078087208351918873206339630434088230043248187054,1
86280833850072856122588711119948673003910941505244477632177695987963230016182,1
34377694101010501593339461457482644398876682425152754980451520441237092911882,1
113896997677751407865194147637029611536732290451137207615974610236638331939776,1
20875713911061910015104182551781407784327079559954830616332810642289097448950,1
45114709817211473306655726928468163868352071661048793382821890485327080687532,1
910658102896060463349785245542071350127725880334582606621439447879459205196,1
36761521877929866308958991982374219688894773580262261658709654094905813007758,1
50500394107898259221909837025328756182710316999964888136513722005356600077139,1
49015847905544776763131872240230368442808668342103326734012330186534993736478,1
83007281431591725309803027359887354404615944487973374810615664585599333907648,1
108881565572645308547093591630275415584916324800326014293731438707866631822920,1
4232756284331522209337319327792590620003836496525232287989411452568196288791,1
82718537759271950587517798551661317882027432869202329157896021065223458437898,1
15290281622693748280586425037959741267097598565861906685196155444401946096337,1
70007572949331696062854389390157001512652355322129921248656156201470334573040,1
92835226067115944225821473104727954090285980920447559637138498525796566144782,1
79997150702723123288546386426958043668942209913472802003372953795304518735074,1
337992180092636443750741584898879293725859244670771132725103223016111246525,1
60408642819423705572369731921946738912776691232597297086285494962865314680098,1
72524793958861187690120641043116440902619765691311731134172072637827705332100,1
53959932784341267342199346300642154185422699195908885640103436880275705457266,1
114515562180983823730989606690991484089814187927923299000713646572666093001780,1
50860640184915342399118800110712814484125878117242526956815813797145059136021,1
110602300797263157050982410073552368966476374054920035091530226110180185143450,1
113392202766886112737953021954043315114209977121067495330943026904687810640021,1
102706420952902190190177285561538824585833780024416619824735094229655546629745,1
68956964858751424958941528232857854587209363486218775983129164977229921331745,1
51278961343534192516871520236137528198493485828702542761816236869431235041337,1
38041138121435743011181769848249227523043571063447857525034767854319601114576,1
1507131099164426829789012679757409622249294191579746897998010841703376494590,1
91358175974544898940814376638756245716132819573685943143231287400092176689051,1
100678259531571130076873109359636730791049218369572883862291797901915175775662,1
84999037485403068285715052941065229425304264509255729118553633971723027456863,1
95174615481490635849771261847230000387053062455820773577324810747575042683461,1
53393642738331953982505931479663852368430525654832673856927723989447360406252,1
68413801819217594761498238922241708452411759567943867019532123983887539870163,1
58253788585164251530364236082745451760887123604282534599708959118382765002117,1
84047080684562572617751442918795869374090157980325864502227793364610447023873,1
48939102354669479690382999892601111339733857335336227893640374912525296563289,1
58730020962869704815212492144657151221833586408015924022836505639237853434851,1
62043949315455254598647711019526405075986851962248409836004240240724310051489,1
35699569962118723721312505954984167202637450410052691692363750070086336601330,1
60343364768183778069564574593953715996082449072542879934267468678851031170745,1
84639606086991161419376641857439695741287928474968983034193045334251934318716,1
51706787711070647737689598318733143093247426370441520535097189687578952214399,1
113704298245518579491244174257874998142713822474559950941328860551587228761583,1
107790409405153166199665547137042812156132321081386282133319392039216208846674,1
49384510390107240546849463320461022108223470783036982971287691922914145395883,1
9030128489389335213846890529941569037774106987629647437729906482424688541726,1
80325772861899264461191491537970159713818314481104388279806451332992170970792,1
112260598924038280226664910846200466400170316868199024850320244952093454443192,1
25073147671857308726927149165844858013451954379579682676917130045473095632039,1
20944006286321714355793446456317128474654991444982237473896305916685889828350,1
24488852382217162045162307156351227531644858697609800890703186239566395079028,1
65661782102264822845337611371168199441609282106625489458728374193112109718849,1
97979637711167684010379549414118786576969422196477160172105885965005803690740,1
20687385205539032924850372457850886566312814033766824238393805967624348765447,1
106705160051255666072570323646130693332964884173174434976447338671727634423566,1
77395520780195168145883758655050864910406550463033607555173365391138023801321,1
114860848535390449676437981237015473724462003517097272069982336234196455666714,1
94320211486110255358788088716788007174375741310073319354678340858282035600166,1
36633216984421138728018837762684505776446567979918398419579267359844173247304,1
36199449569565270608980058648365921188178274304116478099261482628063913450438,1
100777219398643509704256447812577580609524793770891577786356275098262056649610,1
65659743861178887202647459081591972729900697115368146811384455397618077803900,1
51568545083152535644240163427247500224965548808484869617376805066185650333207,1
73197341203277810730383635570708380693050422880057544133124117640081268629887,1
99744336970847139747586498089718101723229840594400615812934196546636502190137,1
27968639531974669249066373523439143396654795863843714564927891076745356145720,1
97152729694002454275858463454644219318116916823080600690981049408912370014062,1
53349954431680538065663593914388646130628870449645449510241398245317669251639,1
110144802111376835569660156880485492279117165452409974549216552271166123778277,1
79546113291374014229075723994643260098447206596082488599344151295220366264979,1
99782206598523473281963489188267025502910406560063706729100063808777292287995,1
79620816535307372794607867476294002244490674762159897379391063083318190131786,1
96689338644499622419445001523914197419209422162137304217862073489439815307969,1
104164594695448752344291529881195315117540562548326241044833808408851067421688,1
98027825685138372087726486836236921187336046973469483791403437810944456801642,1
26235124946833723693382928177637944636173788495822958555952704997952012034196,1
84623400695569959657780357275156982091710382172886636661289667760304885777212,1
22941535016678577960925066908063262188546668605638147580458689968637747486739,1
59191945670851199245495558441686535886239185355980290269090404472864504225676,1
43829834963155491433560825862454996731293293800842858872291090744221911320498,1
109252730757755591829764781173780116059079627977690315368134118534742149440145,1
106997327054283529939460166389725032397166731291441345557262725231105741578290,1
114741174398738667314382093199901579866551823347752056734718094167740902625058,1
25008886465600627813232184554292139653804560374027063598241158765699503837852,1
44615443349291208551930519733314236220606636071829329016732424759995503803655,1
15736713785877360465229892077567250654140955635156089625222662866679508037139,1
56829916554538456679251120665414250053835159251954285909713593816562583965057,1
105047868902738538781379519201098540920553975461073622589107341663920926917522,1
8026427035966363499443090603930483619702792593027064997072437175407944392464,1
92209732390203922104103321883819220036552203606821541926073331694090623155866,1
64401957443226836641707350673262527122708515360248236644162302002448281890348,1
115245138115179479451245761484273051461123219070378198368565533369736576495210,1
78990399856332735704032041834243217620701459438017518622443109909460114565628,1
95625741534168922542091559264260635705011624532419549805257570626186880535852,1
30987061914431985376196309674744371349051262388364101275991469215937149306153,1
89141528149447576827051635749201014250874539141913751261620795278982975123489,1
115115980352938818960928381654349502229985694455335899500925828554368587408444,1
74806426794569062187103035000571526426501926737124796317650799488430735223978,1
46193901463770551069522773367865036766094560769963902919890937192933154404518,1
62278312395560626758690035895143058462966954262461364112853042858731586710197,1
52674772163203291998448311254371164966774480173898067159918696325705875471092,1
115395894826166442547803645459137513176226468161500274845823417757958595663831,1
109529350351706370056435942068369191713527579002014149844806519086644035112458,1
86013763573599581001879173065966339166304168555124658766567543926326277462041,1
54185035017689717865988498544715377276605247731398209112863328816008825573483,1
34593502631699273536640804498214101625416206804503659153152095873879373285344,1
100003630419427201448645465743878758365092200663649255367157648324237291004721,1
39355340636485463140967396077510032522615062620333957479071244519462191126941,1
34461475840277964566973610732586563034880903639918782088581843535666668052209,1
78610263558802391409894486401007953092246400010795424749330445828912559588108,1
32639182655901965131301528947438762768040403897939063897649531012404921021349,1
19177471958426574184838638094063987480474474796405906005268525655507339293767,1
59898136820049596978692515556393063376564731914688661652626420641730398030882,1
19881506665567863070226121881722233859189882578368509120310952354795750425758,1
95059016683142215752323922911283005680570371033925214334953910986096136020475,1
37347795025532606019147089596177685225130595064505933449576579052451140030407,1
6280165063316872060660425542882486687883699481084881326348936043167521364977,1
56359868027528168755174341441893061490816761667783036367456904271754495148180,1
57601747606185346392755360157063606883604627358854133158020707325076828633689,1
71424516508575040336127665713267039646305796214560697706618721269300264100704,1
892804317026366208545037911006033530682898740931323074647617100389701024872,1
79207369546135015567486943660424607270248719683026119732552388797143678427372,1
109953999400064588046257761745871549724251547197376942537377248346188934456267,1
66087525428257493049062222565687934465752022971350103063442388800319673770219,1
10702779327726530819356269058222780224537326075409702768976017573104300981967,1
89263655664291928264361333949605633834005796000654277613682880134743603467855,1
114871304645642734049515572219158771571422667296065001785151695312984477283640,1
63831802585619850439644749636062113166344735069925811874690182148321473081358,1
73043619887098432876239039067331745863238376607904575626491721062830229304868,1
9127361870408645439693720453467704431128855558136251742369222781431094650291,1
115616994612074661275211127189596740408985787348939693723771768578438260583291,1
47925749211838968139756196698973437280690763172480357778775971782001824153774,1
33888017504961298692807324172887884963365768666875548721987993400118524653369,1
76712167173839488820339778790849766027530337660932537473828073508603873309264,1
106160928530690203170875023535228120904321781067985266851408586007072208429136,1
41976714162852719527486780329934007098472906950113520771161954991737643240461,1
114650475819692782193547314841486534951360702287408148557120878147237148791715,1
3136148563435828294765482373691702222991863761360512885928912483284412237744,1
76005787070348164518963896468006070683219146955002909527745012937531405174424,1
48768668436418424771322286480350086400294832929866737399736768387098316748442,1
56634058492130421701680642014434511932889697607790957689289591456988667997061,1
93415623062624645748955214686031957691966814658112156242040581066402787007612,1
25145322677962244205299199499267154355498818017123681532051065691436955832679,1
53958663503442504334744781434492641644906189185028423821941765906691993841445,1
81894027795461910510906204837632566328739258179393269511703195376406926315561,1
64742942086665817125945354631277171364040025342760874014547585311565387485674,1
97327434821554311077788120759184807607233399887823642548535815884445624275603,1
53460987186837703051292499195524043267536079195435857058385614915843296411890,1
97602632806535324859385640161252876289990765241449068947661258797297503222089,1
89885616142420268974671372555852263408222426735347519335453533204852101948832,1
60914999798084504077626156796726619166738690309254310263664162379881113701798,1
28767443946323313590833629102812701893357807609988544266997251171220192607431,1
40442184934147552289576802848790924187880088297645763902162268246181762893006,1
113403780690766403627342221296094339690483511687810629853346271035245762616049,1
111711299611930252961587119529904405746555305555645466980531027883471907373252,1
38285345678076168342179143996780933305130041582683065636050572344836815584516,1
1094178722333957688542797936534099923059514036631684499288565652750417677104,1
37013758926210245223867750572209435305443931029325998205691295598036012064376,1
8259867194306391250283493446135845868743949016204923507513707495738353648170,1
53962502455450188565600550172868188675244835930709893554635117914109290791906,1
87437834353047827099298325699539060252503903425965671418741962479151742395331,1
95726351156301258200536874019639689261987960001492649106514537510970930333901,1
72748646812221739202678705852160263002757442384924246977390947621074168955493,1
46250511748447627458317090377843851377123539679675432534096225360603849386413,1
46413854901481202640253962064106274058447857005657000996127326315439376549855,1
78605436382755714245823974561348743200238871795516813117525664635726673376552,1
62447546698390754392572347359953777028309991376964081169810028121308782441985,1
14194559248841759441886732769072799796093784602371921707448610759013417286122,1
39953548245989787343000055914093998691139910125516038072687555081634070468461,1
3898868936157373706214852898124541277692610367233746663515171969587658981746,1
86264097899652545672156145445525224488867608896543594815515802686815733944172,1
100124820880713536944421222635688790878223954034585855817642594557280096739479,1
50912574844412664610117086735813967433184896704543180303531409511281694866916,1
31667662682650411632503303563851886817618949967178256716612875358375547177847,1
9418694993461097424361259855535454601159663142985595372036906769654844670398,1
54512876519160919292842054294147826868431901688951998960268866238891833881623,1
95443418822182074388071355009831217167982940614343658344529603454671215330116,1
109145306979653098982580523651252182560845414630548168296707687458040355750196,1
42798786435412847479642256813346885510443893892600126990935741736369437739787,1
108659605918418121861546397987001006295599068508646362999174621447278739939140,1
49603409001417173503708645800215731598963869263624882682731429804454558084313,1
90617386870533846265463642003913287676454769485910607563974413989616043476574,1
3549698705572786245087724732343622864852256825548741578847537786738072843614,1
34152197095283646038403019224109705930431598739804418771107646627314219200056,1
83138365541205241125112599109555432354194262280635389483999975262482625085619,1
21388665236580052611177412983779047445678323240048506123368573559050607048223,1
2299935355910819435924839031253321977371444821905505524070708355222559017074,1
106685007231614139140267565545901681201232132151571033193854796410032488456000,1
113314470224276007023197255999637936050751822506932614906407101393356503895895,1
32980873960098145225984810870269067711713845283918721943458170421825006831335,1
72103925486710419672057847578794025980238625509109510353702804974937054729496,1
56472294420879402063443818115850345108541779779685820532197635025629427094717,1
78766402704076561133080368994664726566288660561416213568315847632873694159235,1
21715918769421057745161846970510686554545778689737739970598527376102673627301,1
39364900256569611076695504051372047008044970671805221185775925418525334797437,1
105996805964136003680900889116004162261886100099238936049919549636230249214804,1
57314870195031654526406762428019607210084862568571363587913393297740063501695,1
113431264463945609000861742310430019134161752584727612338430861318078439621454,1
18877570792309990368599506558545920277174345695600849296862461426421792001652,1
31803695596159038459947495130861805020232395784660925239187828137177150200060,1
46530646315261411597891346819243004909318346862447494783541669157989325904986,1
113566996066030403951558884689598917394033044171850712035185754225462269641152,1
51551909926536390133617425750244257647985026057549327010554669773322359885166,1
42749607901979465843000300437816198564840689831723770614895769505444355299182,1
7784637763457389612409948666802922255159351127812957707638138195167905622139,1
84647804775242366085553840843731488221060733000827327520849259798767644776644,1
44089182757825687290742530237716276369053692466098616568681511453223504766484,1
67342710692341370800451827340868868576532001496141630878989380800524218088497,1
1858647124681436944455227335701312814696056795328147166593966061627635483223,1
110682631989298321089723289171153003545292803913380219068360342787055752395592,1
14622171322559906915832392823049824503520721172820798395209410374354342179619,1
76119293352605666700999485065746667025176709463784080249616838384375971016658,1
30274928122943367515045155828927157928583379840375322629488518710784601410323,1
44095538986501055042771470086691197460582112596245289034643811969733966451965,1
57425651010335153403772056652771140463128058689458759892868474846744301730978,1
63672688893794133347926932250527169407894230169668004875550305236348179981144,1
33517246227119020938825210343838059628643444577505997247706673656662875100164,1
3764131887417021124332228329503735911511354585310280221277326708229760002156,1
115281497791426203088056342770963720931809407424886842482188375447706252890052,1
20710492769062575091088093302470621104928585056896951725647093158147484639686,1
36267359620647221987517384549794189889647400368349717835793856997179506347464,1
69284149478992716731175348185082011350130177579959674854892122692622083950320,1
25448910615657413738686120911923533041489652401011157802363768671767938982004,1
109336506301833695735504427590013941622439390490181007027368612892773833343212,1
53788414595362027782694333505910191448549102134024028667050784608946959567904,1
58270223164442427149977441986362107112876916878429867262165254879391755737594,1
84821952757596690001013058517039824694300053535565297347528999930406389294048,1
52946691247176764213529657950776503592994346684096085614237742369634055320867,1
91261429396345801436024060174800909578679873442128252337861289006443236265492,1
112119382146075619198146028277513115239243422563127076872803939658519315303075,1
38145376525791509718170883646836323491407689581709758144395051365644337143095,1
53025686390050475458727580685148684955612604536347169922642528075024329298597,1
10894133907574362886449002878323845426689542593899164980776368647733639704252,1
60596942543074203499216168679711859249285381527695236741161123646585556065960,1
22510857687993921586818730095058787268045750715958795340693685628497026518532,1
63615795783093339235357512483236689070626558221320618187337160362984096704715,1
53424646803032590798274145339467496694784512334679481804739335941482958827338,1
98970972061097181256972904766542063251297132713167068725882018305495430507193,1
65039914025950519482436982648060142655360519303613809135335324576723429561889,1
112952934981503956870963441098696313555540033593708164789887672032869410248102,1
37033389451508247249394916199938926857162605436128147174825444931158060482203,1
101592924383058237977512903023649567930675137193884217879501916196949032798462,1
73921877712995321386932000718742542883401341243836755995853382275591163195911,1
51179113805988453626027972197708348589971727737910947270452249881858966868322,1
43413341551499753626037878717486246470584111929199766600855127303055217244108,1
28734988074412667249162610915269793946500702314522245943836410997149177088738,1
40400036106935616322380625546692817203392580292115267883983386431473743354249,1
55422905891862824566579990277074214397691202523641867074979838614665302188465,1
50401032403136108235985517260686659936897715879077197217149106054079683082770,1
37753004791114137628859377524977990154655403983384934922351096823114558534716,1
38611430593413737252304405871549660329178133444585251623748938616018830619746,1
53972719040609050407771920897228801758093999988686779465773274194481444184693,1
62314015204231478579407629822848582595243097326834211491315743939921992556924,1
37552001351599673914807788130747314811392635872265653587237399630383522134238,1
36623317349791956136116208832776076391450850735812944967881397887025156330244,1
70309044886871523051165092277653292530257204968847713199822546090097032879800,1
38496692420451822291643139463803886430008620155674013483149283250214913633336,1
113278268084197858667966414153447730850420645296347668823975836480099644854980,1
12439548233133858408198260088933626782210990408735523716327611305391387975705,1
38707389722521315184547782347036189477027980094663907201608137139024876870806,1
9247741705727396077841921870355029823726954039952846543305018027121262800134,1
16305966866368298212383308868411601021999087253978142586666188579094788264040,1
7711270539454674621075735656364363291410012817383477376927691480825247702597,1
83297946089049306883489106470681780325066854816135629859874852747141130753652,1
54120737686429608723829929720795282202688895476981427919346411668572401872759,1
70279603825300644942325570028909825515550235039536770331757515269564578837081,1
27722646820972507311016468692148153934142203465868965751457873277876954237290,1
31431291794535279365129122529698683888802921610509046849166890575612842311463,1
92580618698980502814207509984958151157675696122451482883062491354826620866540,1
46295253040581108731626753983963385218086869741847937277177409610048539864709,1
78537529841923373289998457118754561305747390674078689884638814004186695053174,1
16960786771096742428317843227552959217186701051378645303748439360310491226852,1
8726780393721109169096449048585165813638277412522666322427502855980254557624,1
62687331177803374248008890137860131195402434197959123214639850684930060867700,1
36408991615329228227059965955658584650575301715157745821034941158788666308845,1
70726993737702736043054279382139551661698246904042150291976601852137824416546,1
17973413561097614728645574070574618547458098451241148558663934816602926507529,1
49281621348334497954184867294295241415413962917429575248870539885894682073762,1
114749870596642029549939887522242277937160104028527690819911713842306243662639,1
1985096005451994070864868185536359870823077266202713638266182272598628741347,1
16118941720062120110011082036328025040342220889793973565953619230134316002805,1
114286202045078580317642656344058748194692002529184272663049691828734609865641,1
72828092870552583510436181430446150050444610693632520135939846296555575723125,1
43618923454347936634111105155339198600483223301753007493952755946754687488524,1
38914011501206316091460530016165310290840215605414580429793204283473240568566,1
14244081601599807546645696547389840762847442057685027541372838779475730012970,1
15811938523107258165948246473658737841226514633543155129208217242604537597039,1
38803444193764205804229635102405272842026114958688737879686528013363617869675,1
82499672175639963190998552723364876143684767490325670690803217099648428174854,1
26537885935777546928308622837210773024011105538452421519115321160181516180398,1
45306960476306075685276902769952135325121808620334517277777123670992059425643,1
5466210461858509055509770318593774206230614987246756025328450095103045479904,1
83280000173149424092939465363738078027999256036578866148145103858003521344270,1
6686561788987827825056289091033341314438450656531067554978096743512754861795,1
49541214832432082242408663721239508998860808560324515767389679378359209418345,1
46896551011503425849840962955834847952456497604490056299860263611603223504748,1
44769456601297488361423348636570312728817561717186335207955498632465663832654,1
90646950770723257635611226689646316351014907319268415439244825552665357734161,1
6848605340109106665297041415399851697903412844171108075232513168198181023129,1
54320546364164958451128813354785844847832449871508139577187975543617260551744,1
67894599802571909317977353903704019985363273498841306968542345801200734764871,1
33327320435714969463900244715389298584052768110324766692848029093752567939377,1
82134406845368650543906304506557460642792327995410475248534496639962346202919,1
104533511034128097972503036739490437185985519337517274832772228030920035023425,1
41708974605053187979653043904575448376150087077441552661038262971066743021993,1
112165882420989356110869575841798291444802354205351222625257828438253081894404,1
22856462724915592444811164290564929238201137530930418539492122168261413871774,1
38767259288895578012645779531460492501846164497892696273725145072016059309965,1
103370312753144957885188910983063491992899724317036690303834287959092334526654,1
67248946899100693346113204648708104247518302601029209551291442857238705588811,1
90376205464963450502058250600721640240638183212501025058874926104340421499484,1
87800961576551566444370855594805668132223457048983552807783287807294010699629,1
108170667146171708232506966844677282044396777384133711339522187393945186622224,1
85913758531026693862632171263516155914952965406398767784709104952155561372138,1
69288228270470248374368671277198093268903942980986438414103944100745544132190,1
46162706323054052952967124662042256056561444709954431492947175170903030767551,1
58788456508294973368583721772404973347225003264595022548889471014451037776796,1
88134624981333005870367412964779641654648738819037735277094629954694500940003,1
39010126555037335752579151177800519473003758682620060300299702549790612014324,1
26796961785143814903216329594843692503930529938923166972039068689014239941418,1
37118918274641625908170878501906370959153518172940423865440255610032893982297,1
37951038019303820919664762424305837913789438274759621337554876842904516122676,1
76480018789942089859142229235928874933298793065148241480959088483865430471184,1
69394581806158339233867891485493769801593911158141865029081918902348365301263,1
14653953232681359658543828309059273514986181603104953422330334988809627716483,1
18976469389501792171438785213386755414584181524805070934065756363025995159542,1
102541258528436197685023214354070251316756066846261603247672357967040837551454,1
13593343606997571902844072538913012643155194331429696164297330180003676860559,1
63542002289233439314542369999199585064099023790211895239240406946466803849355,1
72662097496523020734944507500966493891324495700915534395030010534647026228850,1
53037247540066835036043974656410388759326513416529961981324479926555599852571,1
23007459019688904710778463757112043870766798143440261369492494320332663469062,1
23324854858430919383344447267187980918271904733203672221315738628433491402649,1
92942947052757961953316647684749379444143378053767171203317472761549739388567,1
111198425541845629913578653853884211419200787290544821638776621333050065400580,1
77599644476459712306213907509716827624313866892601624122484947855294628237248,1
13625611293531867068903353012959444987110855674159762177286778534090055980235,1
6960221932736008267040381104053089022748008335580184153785103067998942320186,1
93900011251951614333656600159329005323665936471776526100025319514914606743439,1
18120833398249914096693141618115693405237218519525955442295729498202230135112,1
82966346894378268343511239893463281186876371948781633855818576504031935653657,1
55628033193974434656852583005392350647691538562633185204338013235151469613179,1
51382961944092842835618778510142989935375732578225338689530116575828777817562,1
6866206275411940796457594384858189264218445098520689239291400375949875051389,1
1939491702592282431272239637897049408168159075872750977125656829924251563806,1
45774745890898121824152477337941396091769354174650048840620074813717238768129,1
56496837727251896922442133664414439736225000943953329699123791635446658557680,1
35592035848778633090007051266592271319972815058006990453800862924860417348319,1
21942047954844266728601119780727079919406859824515908619355132024393488796794,1
38008299982513980245882818946241741974900132461064901786158148935144623499297,1
21096269434938651748944753496458878300425298257907087173787313040727440669916,1
49176881871721297487752101782373571135797445428364170671814086946000028954670,1
95052830863890919364729593390446039466100716665635719153574650280890450787825,1
34072004107809117164294648515939697479625658439758673389272599683686185872169,1
78605044152297719179863226429266783940223593691748594832034648024354854953557,1
34690990797652088675968737959518349854597776064602699975744604012434205283115,1
70736117502226906342682719981707520829693200951938698503043609283890965361159,1
61668288592532902516963454925464166623726549157829598741246197937092097424766,1
44484690047315656289239068656974534972763238674598641008958531293853673023465,1
9224577162409213409567506436384976405270249021796827169784141922415844246277,1
89563947135602768437867067853655773515837504656566053716894591010965860441729,1
73132578279518259480217961668952612977475501459931128125311188418294458430259,1
80483037988691257626120622771657241871516328979530213875411779201982959976434,1
71991661125841816099850497666772978061281406691766938895908550848684564741939,1
1543948981318554523836381027373967723388350242620066502220483339800517590003,1
38022595227698643724984057907768114114287053006400066901610585477227980382595,1
14252890989625219744596392524672703354330520311348583585889996107239597232365,1
106773823400131792539893326311821256853366082819059494767271726704938162172022,1
17637936069768994736245730500606081951675151957655443060440807246117877992581,1
100739158483017232882792378359604016298053883372563922230502435127930450168482,1
76394662055828164590633368641556578382711605125310914624738316033059588654986,1
42769739875304021875731310595037485657811615348728382966466410396421507978834,1
56489295949801812303685145250112008810353120170470741221866874670468232648240,1
36493250255826183012022646088415327914555849425780606338612097145845966323860,1
53709010948044328875911232674969658002877826903254431576575730066750360558841,1
32076456596884303311264041261490879186050835557707252561382294133165447270140,1
22691897030411081211274042925528896110379238508874691841343552617974829595580,1
81136996532564499320858176904241406005902929769141810298123219622907963379233,1
23904882537240467963196945417024747133243745688161486492431597909240190249337,1
3997534899500761925327612797240093158278557158859404636155617539167028617308,1
57375301046932719046853711362524839051481483216247293065838322450976205808593,1
71613881809854762075904418853296559061517197704901969542848283601547198271629,1
11557263417725321509463267407128401284709011842272200616939809376125358850099,1
29209334902794228871088365747176792573031523750743783261631595874678352716103,1
39319958836748257500103565574960437880945455382217066712804405391125926429165,1
103045846109806526369023031616942423398442691570074765717791025372068381374860,1
27249318229848567103486393884282767854669439285551988796039713038543963030735,1
614825733684204182588300344186957751518939325543036900680978131234620076487,1
86593254083140740494290065758487627394618939958602731664089145447678120261368,1
52973877502037635428258889484565221160664404249370764358934807969988803300113,1
83070499366578086241443430522113499795781044868137998590332550102092202506511,1
14085655885844573699040533369532069045724806258845731205397074113759058528078,1
108081954858109716105500274242745585726367616438974529977368931088645834837769,1
18674125751947954214164093066016566921339725979092097089651558516301608906322,1
109345266654864978752641942718360877092617385816582934578858916436539481784204,1
102407155562966416345364746747716249621273618383928706038733689328253795167426,1
115172317874973790534144736377066671083697915878863310601098430093084418324527,1
74373361547031300874144414433554599249062768321332206751924248333923675304915,1
56029635307098733492819918537422481381806381065118325804625305757694629042642,1
82170916411384934700608478848664900039858460690201878190355527807206273902268,1
77627803388339251549431202095867379091280333490179001547093090577822493982068,1
46467218202369542965381591281916100661163738835090092568688116823987359217790,1
104373082468058316984875502210124566655259345419736430765057433175872158671052,1
62270598686186611962871477454093879052549606134555514860112897349882832797106,1
109212887900831973306603701137396038577062756842243625300583140586312411193690,1
2996898011010889892320305117413255771044123345671052767661505046958793848308,1
62592225225035718639203095493491655682055478838314424792402182860542587960391,1
103933234890187091332777812771407830470310654812589600002147195700284483357274,1
52464437212197950663711679963246444906631702946481759856214904168874605804251,1
58163410605198769630126637028109351017940027685439442995271950842027881880871,1
14657526969505319128817418488904764830936856410941180848225783913739569667179,1
99599381035744472644464217787822514646415465797057134184552457321984358333678,1
38935140128485836435496325205569228519218560739980752751903555050759779911918,1
7196492944024249411554230086291139840489605838951796655129428033504121183447,1
23601043821473083553671282571822142832764340686246774874130480469475860265744,1
102390467430300974176140240386594834744171447104315765458450133942596342847098,1
19461345587172533217891155035567790351446037782875710363386462244994616765104,1
66336436800096476221706441613858374299489145757238348255503734702984242142625,1
68170255680687364663676145747330167838467776715952845198225536628536832556476,1
24673541225528490442682298028344778412326102097749260340516809148104713418741,1
3454041009228599174207132177633753975397277148316294376233476336136256285424,1
29193785307787601242700374043044932086362636455380062866500824402286327562367,1
951958995237968058763030356151414098892568173399156978096131728409362927410,1
35181296700990108159893418654073328958999791492181353582435996056150970021463,1
57029345043737772427807480020668610334470460169305234770325646986022878412738,1
110832799796038627186993414730305980020959712535960978688379093920766780820597,1
45935048043404309806952330298304867556603916100651055013352477530828691411264,1
71987117294455302533766435564625247969414535525024579411169079255226829110005,1
92592895955953919608919892677679320037875244339053802680502649883532155433477,1
16172581202693585610117063007435266508649996508181350191648216640223652866847,1
51616495379720058002130391748834426767597335803031150437145212469063778223696,1
50745738013396906066794667895349656087182505423011639548238614088998899820162,1
56089371839144578014273065270182731261653207392322008727728258535987954639622,1
85940168688124182541080734987001104521800552783529183293711559213911791148109,1
98695738538576718531118064336035103224341244997278428904154301324719203125670,1
50516348269331591320126840238261631047580697646557186272712036187176172024632,1
40312605324118701632431364102812816445520121884255713466281826763539480104585,1
99648380930012171845113591442857068112059505169885675139200050762335138916354,1
113556157748359529085990101928772459357239018278979894931105700566255362965695,1
21709685093486187595854436082133530151732714312038950611246290226999033841765,1
92733652447232300329299990726492939847115464646949751818014732969838230781874,1
35055279888218015284653017023508190598328904292310846984440957255461911264654,1
64841353935762672843605791256944138018553900894720886266758282919265730443318,1
28007686502053322858756576950712337528094948565289143701904068271510199634353,1
103434810893396195483306298529751667956740549137774898604772081691398582321611,1
94208935000792005907715211857822137250809028082223491996469490271792467853352,1
91169360661903710611066489827805136505985667196239374135418057709009430002196,1
85271887418929031944879550366205407708460695285952097482349026315054722038007,1
39820135941393779736756736709043352892962190256583293292614983691998727474527,1
90344392623078166611237383015992023225220422156548269494200356984099004129145,1
2542082937419199207861364645484002279765482252487532454377262523987417923335,1
102842279734913565319626937866320539173383510742669871475438827624738148253451,1
81359348002305409136728655574346795391388486737645946371514834462007334068387,1
36328934815037849408966206273632769852000961357536901360659972573886148218960,1
79846237034686813905103231251449359485108758845200083693655038753059248103952,1
36430740317069812964094674227352792900115981976444439228733352923295273009165,1
498400557780699430382943536371897097729880146566430070193213600493825759176,1
51570468207752154467454615114044553242593451899781891407279519285056807962343,1
70059669281678131918556732439482380659530791995420517696449095859694257088957,1
20706905667002126384975384749799930509127362749051419572350026787036795708328,1
115556517434136333470951009056069642781862607952075083207488664405544770446251,1
94639862243229265804228213353660531512056881560570200769778737212517180926427,1
21343762085985727805228130121047059776297702733843135128663424277974909246054,1
4291978932676957478090617541492345148848586497154500353771577743880369276706,1
28951035588018526506111609866806612577524887163364963376346625350185356140366,1
5710344200657828090725982219704219229969820103130877970263317901353101531227,1
40791132381248623064119622016705341338117174812289357620258791235937447203583,1
86983659800563272893515619340932221254345959124343487231889253377993887288893,1
81159049809021740654921433533911964991513280300094607225484620107598665284191,1
16108571983425933355607215280720701483776368759881399953253508943872186154650,1
91984751752998149869868102438774082017460244514788684253746384174148540020317,1
59152206511729072192942892918024241694563167774003960444028047267647303978842,1
114444489559887120865907117711259661774131791232134850354928844581681096592753,1
87566094262773695905714630956445746940640146478208598023318043098694547473297,1
10316521950010071300558511037609850329813768891731316444356042646634187966427,1
73953647620527639949280557845128491864303108991491409178399416547974064193495,1
99828916168718025706491125521252872264627728257887033734813297899014028255469,1
33918935318377679878924661606360547580548115663249673085211694565754075662657,1
104292756480895977571378308563101079249558902372942427593634457854654712539777,1
7023169239531263275879435727242608712798018110710749640261022103683637168005,1
42415862848149211735849429887849620013376810761262498285084246809504117278644,1
101407794167105329590756936882533417163663666787145073164077968026581982987445,1
63580236849507731124995335746728690652355923340090887473061121997627549566017,1
9462997966293730737196879788530116168997371236191643673360150157702904502285,1
62203919636387106089157175077075465040968100991921690878696076675112678009164,1
50646507440451753147820568563825434201101631896052395826357893421987230412619,1
82465069005979789090655093337101369598535067546595370254936725028144578994609,1
24418311341042953380656530986331177715926341025292943330084123417213506389687,1
4563441186423624572281605787987758889244738142675617154551682495562417371328,1
104455554028318533750274930178199220873195460544540068310327651741647782264918,1
53483128016863925353300749478812437579941641212335262809521910190310152073036,1
82452611185896804160188754613926559582174362664284442390722479743178608783663,1
105044353483853359108014971255781994793029973421299718015445488957029701155264,1
103744241881744171197118855556144420907098298462335075321061919152305278593845,1
38045513906766490328029683641384181885334699749934909031286404199286688295004,1
67164556533833332877014811170641983466191778286788755088010687394058212535649,1
110967272287797093860727537073655549324464114740582947102464777758460072750532,1
71623391842577203168315990072938163822725590631844008287329985490293085907484,1
10299891405954487649602699224027720550053562741419208036407993697229294641548,1
73301537889810612000708155214470540077915806970066401844891733836053504431406,1
72949421973517750595431318739900454104912547238942253767735519772705440082901,1
68662329345919366047078693288817200714586589123718332798714762738433552018096,1
33037322376116986146724361928809264433869447170954185767409873028296977865255,1
73363155850967733692298018842496345770322440937746467399628415211705653529543,1
16771855009664546330075625281989732617139493849742672554985936612256560060539,1
40753965477068156275881576915651565144222564694625945915056398484760136938927,1
40402476129610839491906390793596323635677494315175911126483772786662098102222,1
107931904010435237065994013936788274403840054316791267852949237150066782572078,1
97599647044680554226746552062868963988255457899037741808064116175185149229807,1
12824769194940922726795131623805246686279732837765739229707607849534631708887,1
88723711064497225946931297665499215540948966851753859756752625473161805780552,1
28043103785284738485487492584233267252555855938013449491476635267208664432607,1
78559563304652249917679121990740417057086650005293039871071957953720067647200,1
45497449309434633540819987650149241095034836981994518867623080151659600943716,1
18869214358481002607647744911404172470543268153604597208479337164151595431368,1
35313403291010270437215970862598808893675244752019167552621058424848221827283,1
11328775653300203455961249121087996158922004005502170327236839019844611107457,1
81159080422720381134047332504764526549461179717720915237061171325271303079623,1
10509992934638272837994242472064861541075268336039128743503769124718099227060,1
13414488654642700648208003208141799551077909625394689589158461528035134215733,1
37038482944020917330280913492825889729342764253689274381749355070744885545514,1
73111043899749679243144972591470697995759039078814474822617542163666632106450,1
94826481872381726897988118165401650562483481242842373603748563010293246808786,1
27080457252593907504120812742574432979719629511497377525718988344916316126111,1
110169785853095474471916672855965839411001826048095066615785259343920929903062,1
13241369174802602753318970564491427652400372932100223900610999220018998318256,1
66995896853435104812407975766531839697289495211464654265449055485153254417412,1
15985583231497518836334021328871040186086215406781430952914363233489357678999,1
81779560005205392179140374126653164653352065927057863021160410469390293565378,1
71548110873406013267419313109668719663583935793789332592541508398383591754247,1
70587350659007062134391740403056846596270654227108223121464061779192101272115,1
107778279465831338710316665274766596484013136298551343338685554729735756330692,1
27721586689113967385386961412630712802055941426844876033876737429935861756597,1
16645060708744860722214786766465678101223278054029882344614255889700683529218,1
22594970585120873676473690510807520725997286611934691119089129183993796444452,1
113348977991108759469323840591414185437543362960366699743159072029918988340155,1
81350853113226188569746066802767977811661030499714197715066881387885548953497,1
41931438187296314715695721525432509482361358054687011218204170780907507368730,1
50758398888286161395284066390419126105826035466755095924497253403658589354106,1
29819066314020268478020541827738058592348600531463787417126280440214792346990,1
84836984601806558999624664488725121030991612971336064913105247073454108964902,1
96137292019243527313211592830813511303049163187929245787280079012971386254796,1
84327155521534356781007908045476176029950125299408656523128472892895566318758,1
26013804786614605076932604710074056943879265187057357663868818570336201295078,1
72969327741048461492942120138870232855124745298123523167852104308138490513640,1
44265501607545146615552614488632115257823858453724927864082223486187304955297,1
23838325802229082612342084757911114126747192012474257667158848435585806899311,1
33328429831106374844204725103415189423523483503538768887348985428904497268805,1
11570931330092224122243482506377139052927609851679628492267094528501216342649,1
17842901126196877745288238786217062573396196744845494489033819776072346508879,1
46068882735108275664466585510305339227134640108154031955724050889641514616994,1
92582346097826827574455471972594758784942690001807482214912086294047426828168,1
58785231434767329048303724745085660310737109426714495454221018359356092485569,1
93740582801939864713262447555243684057365421151709787685038435970511172798846,1
27495903327406054938041506659896071445970111762264591206878266868216114425289,1
104351399131187963676629241297278251324531197484089539403111824957165670884956,1
48571935623121401196011623995816603275844578247155496741965259241974020867631,1
5860284861116311684403162277542554548814634047743001150838541754371670061791,1
20150068140844129903837972268501360336195233133366568771690892359387800449196,1
81837182465143310578636794363123716558528788132271355939802961150840021783557,1
92284858556750912064065644383537276111239820954304005137047851943661329765003,1
44780894455192900853202815309565413892362873599443248055340685671660988150164,1
59332047675557924778374443176224649201618645272216612072081072427930134009539,1
99453025212277474323036057984731306423016548325617656196681030260116183434707,1
4043676356651872110808234347591554656467606784169366094951886079374700930732,1
55252150476282073429380530407478182532163217482800475200096985319558623836501,1
38460035892906307186480487425285535828439906262760470422514640552867304551009,1
79357195105570808651748528762393759989589193868649962847632598722711136660499,1
106163003470535721248938248402544675181437775711340748121046634676408715344125,1
41532197904637075486032041932271868313278438007698973059633692245181009720738,1
89884698684365038099014504051906697377778819796891839966535197918884531877809,1
21354895364877262069650590076610075374853466823203905354047062116772837660938,1
66946273667034572011039003862682324691989899472604897761879203544046745204606,1
34429820011014971259862547266201933186333389955236347017261630072492589014774,1
17344481878092229228998728594394110293050599262875532699139452317619434429415,1
7161079112089694832249835178448896537706740353562426365672628031440729524127,1
27190785912637096084876580658397591009240616195322719764321003872574714590295,1
20148274260360611007167777730387554035569828295946088958097942123362672827298,1
69003732727419020768947136385345155451080602448350307232594326346913494240685,1
24631961993153858039663088296807283306863206227401440502341050213795626523852,1
55491657054435411564468911229693200884642663914107800983142517118864892110619,1
91530655743218433809877532013226897406968019203081397584182738500224227679145,1
66156157403153881649651876892782483663433765157038848594463801628671069159701,1
76348841060991004181723027554005735343635641750644319454576514543845180032276,1
25252832371771161962541060560712214962311131346921237686994948987672018984088,1
70727702060448777040586188150818269645379108878392025657999971052419074653047,1
17677436793210746839047328311417458730836470182676624436053310569133127711496,1
36221336381252322105404038239999353714327069357429387643891375546812552164490,1
9838890629484065738112370395977984968199652867639123885392614256530736087864,1
51775871372328454354219101860684916694461617937939181694702631387469144285149,1
82939287991538838408656314687903734882111764840892401983381175597804690401395,1
7406041654945353837203752902752213013929796794454380437623523837657476876289,1
104631445720661654978788717521725644016281880242128961095184718556305384303614,1
2837728126215418586697604791679334024190664412473111649979237852030669097233,1
4179811523166824332300147930344203541380383230347045409939960806806492788577,1
99195909751527133193698488944267092263443040295547740217199441245943547257480,1
65515787026960295651700560229609898141066795241373837753582743938323100169033,1
58980199877170112047381841943421840380516635635614555141386612006438163923888,1
24769563958718478896831973461398122717360070305530694280344362796205675685146,1
59935314529342598760282093554907025626744991143256408445528519322133136856790,1
16514615987302156369383729911972511394381483915542359077809009419683749470322,1
108198718057084554215863730079917530092311616445017070805660296780580077361613,1
1240154668441079233160850919060372683392318169208282604481512234807070994461,1
112616238281892039253979597788081333677456727688288624389549362469184679013904,1
58744727758364327497827858547466869464487471985617122703931684528138429127072,1
69257824751001617450989045107927135979984634277546424851116585062595071069779,1
100157369857605131582291586605445663664775886453358308566335531697641414670839,1
603033743990362087966566319767961949621446339087894106589457425149138580533,1
1936085113074552050556463904844070270924988428945424369750795748393820068734,1
43288300519766714657604260112268464781894639020698257769151322905784708558298,1
28566499950583635490445442165907659884175291876339986239646488821680546200631,1
49385303643271257629394623775347993839510302428354914065267850173184735818493,1
41548099034722778301856435462970876068672709852646209617970430161016200821124,1
26978510284533395640466600039027277991777712206566495773469283302106754681984,1
110576020510334937372938381963277378703678702332326516727419246395438644419071,1
101111253836547383918522376195467808999228523306526253124662116883984969392444,1
52643879287585755149349546404543485491345790638734244854473924769268780786203,1
12253550627334309928717577244034379650211098521105976448226715594789397858714,1
100749805321059740411019337223934279672333427507702682104080400025612972530311,1
61621214519926100003626570938625275078851431937055616937242049524726236259218,1
85801718323955024681017501150224589825947309835523006000479702595694179265970,1
90047940014897432604994768186696893702805976252224214731288810147101623006120,1
38779079633032729217852893402587516396152274087099326491251195584757048925948,1
74297987234170216698063672262527231723708309235437516899259494488512559117134,1
47132158720748600657004053327475363502882292614508120589639015898251025343399,1
114398125287529688262335067548663933706202378561129771626717188183674908065544,1
1015920125742040980270061305849292518846832747834143476520239182340720832715,1
115717490479551983374393748326702946008042209670438876209902514205379727221450,1
52314055672035039448098715807493499011002995918230088804856033484356031204615,1
83097400582034833334670051124305260306564911069751175280256508044541107734958,1
115018513809160467615523511420791727321542593544681336017522078334770809633727,1
31809870306543291057652180776820152324669399180772234146817317533669506120247,1
54326639510034905567628795764790593668453999063930041405112264068611748024953,1
101447201713579709310962750312206742260757169170058896483022329990436394269210,1
40564886158339892473281968134533890016722803337754234052390721012458686052250,1
97095055657349409934752933234814439503797478854850737586627987990250064571851,1
93926997674471862149994603268859880493234173569006533922375616865164320871023,1
104389646239619562867946780646547468436778701022517970233712811034608982231813,1
8398952857475638834809421479562668110060221672331950859925330985934178949897,1
75371399460073654095931550868499950040650583685388644126787974870925339038755,1
90091687051812660556522666199141101862383153375612341083656120433069985728064,1
20374483270127010905210356352719990297548685578037457814141719486054075939537,1
84561523701403018222068004026015115976758266798544595924386440976878655835406,1
370714833552264951430787966926224354796356248156392903661597611996100367978,1
64215452580656375212181813301045609632363802427573335346278353563544687658576,1
43334536446779589728560022948699513344239630126763982610210086039297331863436,1
22165313989656837114829211554858131312852960395442367976994462954764968008256,1
69583228617735184444579707666358476638631367074919344196532120169439294036527,1
108066842281391371048315964378155900248586740509717856319586857932435934921688,1
113421955237804230946454237959699310062557461788981602205425913160486472908579,1
87255888735766260427723580042113022622500123072346479288524509430739378121056,1
94912195271067787443914924226842041833750571483526058007700197314902091530714,1
103378405584329652047206458922466856700798868673585467385281758398538221383262,1
89446159442904054565866583642173487215261330248323956701422277160490576851144,1
106818458043154623448829711578682756883259950510548197443475881775983078879410,1
110150624553169741310484625442192960412295723650175950643096156157350695149129,1
96301324368975045775888115902917465463925828427043930170789403654943745563769,1
78806638438027305967592255650002798093268065507811083928169212602151290954398,1
87435826886987919415150239137250103451172445089377296883107769866636451811220,1
34997348951327186653614511886699494984597015080955310745334003985975260784433,1
70114725250018576844599368235298404137023496612834037033658363719701220090253,1
83578058069500457454467940869832869790672816946483528725442171994505135097644,1
31503498050668595262327313307174503869654108425976936517621193101743599413298,1
73060057255770224641881422498035409079425641411663776433291801262531769076667,1
88118324583464793839721584397977263735247902501329371333443798474251844459640,1
112193324625022550767667358342833210601635168337413921623881327288958005551120,1
53962820648792550824558553611887442564636320824040290719878990575297208568183,1
66864367804129964268947696893906464609716666685720360005766920813457609898499,1
53229663723708263337131564520440901379805329133950789873205802931523650209583,1
61116101650052020719792713265949283394028787534852734698387690360045306607124,1
29823833264995252817539823942403782532113086944462453361579130624296038085946,1
53669602512842345400692134102620558042578876748502326055284328953812768767333,1
72594910087909591551646594179284220460977277364271985853692129406037018469358,1
100694788710350532015072520198690341990622195424772555448268145020008374743746,1
21761990808506423981528573875413059134933720866846311821867713397843055066531,1
696876178712351031509971685097418671392424761165158711888790470985463861426,1
76184810961745542145946273708863118553090155242137290399115380959049787558996,1
81277595267699054575164604678854373558322035034095924411014017170803746129506,1
113752988459330948148457781370089865819093003191785388544923288551681757723143,1
38001735872669961349479626859611707267442742902372227224641072281887808582689,1
149828350962856041479367441339226880679779842265378923543896809103786843168,1
12215215125759831616702760419707709982960026190513279516783211419458232593715,1
106628246262222238458994058097099785049623037943210762621788607462199271778402,1
79501944648186712645673345296445310462565462678855739181662352779653822574008,1
91445047193944107154154682235617882804199455504253602335037420571162909271419,1
79540899353023528915448658888983408826082994166903584179056561435226132750764,1
35865046764784233641501508693827652637746892088670940731234858426253596128151,1
71113932649637113785435627405319317522940748623089638461557926561465158158619,1
23794300286910677299761961147965757791826840898776388393481478981939047574530,1
29813971408585250624017221732098805286337310516603468273864384257314681736455,1
44536960596419669684526347246223858234626203534939899341648893709643690981780,1
107147148865234179819022601798917552504106366090822476826224551596312358549933,1
13941950737404727106883936031113324360917430988695832390087798353900336937079,1
97228912825068063043041574663053102367572592099906540653392444920192045611335,1
55507285613536377563360643284206054302861716978848644146610812941688314387363,1
44021121677281344376834228453935444533792227937838809071743996202083359670824,1
48597114478612057289507071213325711436467912767707123468017412897360467250121,1
86921211200083865003964140265212278197223647535422788097356757894907640948048,1
4228948195873065021131064174357205477293899024395164428322589033828137659490,1
65624657421443312483950414808088820583362103313903094117710890088738976745085,1
11475156702697061867205748419836229778581441988995485922430904105036011350691,1
106836066545800285567540009031739171518632578821993400946949250626761098272812,1
2154756335105106817788489533101972274421847858714026044946731288482457767378,1
6251520859891068518212871830748528367749469499283374576133197261712256399376,1
45765496158567578754203294582709131107195295434844656286358901250880581762535,1
40662799620792324938238525357611844833894187267324824614153395915311585074323,1
28364180530469864510451876832418125497725812134930139932701986292755497039707,1
112804446868456597187360661427634880591936374925025542769164615588993971071590,1
45674003455082026797012450908426291052799456110716201458085293379994441739115,1
66974416877705061865288130312025963150756084808221209071230989508434833825865,1
44887076706782952702562499435797287138090705983454404497381290889174500795934,1
51532149071293205043480739842082198923546510873733652550019202091707945365015,1
74417886056570056211030088254245385286369928318161041964850835377420519912656,1
32056775190419409470262496017206923643890501078791397221445466908882255323556,1
19935058787286203805366449727971314892705765045822968891010437752101066878407,1
46461436987828182815065965420392652525846770464762752356079546048004696684552,1
69414102872492301122239351835081846464592593680670627691361490600049972323936,1
1249651844295872846552567600108376505476800324775702417277902564587372354513,1
42873030170417927000046701496746992628787186540985116262667153968510699874395,1
84727587170861096217687825231595487067340373576667686895389392230280977401099,1
115125937802960386286385507403234141631686092878680588359348998334058136450288,1
63312505242000135448814129024241171928660349448419973558532853307278759304460,1
69334897234080939733566086554348700380803279744837863106293396120584892680696,1
96149511341357479142640606239271930434026184264100360493751682325069189816949,1
60151156739181484533365428795523070724908256817469300131935176767869161438590,1
36024851278681798797619730688128872014046619519499999942995414038190720026891,1
50201251127675435543948914550439874866190881583435731045765225616321179496219,1
115099372607343445238953664804969360247711215180191793924734813499835407594412,1
72136681120132811580016727164465148654263647898776825566288830770232548889716,1
13184906649343978950197491611146836123756496381758930251487970667479706645648,1
49662284363800858532968671110660694682282767224611821283889017178564907402668,1
70850508258623442555468280408333995640040028765667287675420733276742474647683,1
5668474137682247896267301583782632385174094254151859861951463332319516131650,1
70948993770184070222121584144496433168018155376050139167818791308129248214146,1
100876569467295221164088513860310032840691840122858377414535017714718648586531,1
21141752099556404903062310560571109214701776090960814081345173571646889072878,1
47008573195329489226086133255636455363479063186138461664477543283232975513195,1
40562925794366385290857135869340712821371312471671676949526287760618222447605,1
94937788121160467465236006505374250064032252274470134355467285789135616390866,1
2243357386590540662137676494073675036672174908289795350701298810423975391799,1
31491106880138813520867278084011150815192149578563629492594539888719729102483,1
87504150537088465173515574414236729443017280727777790352874443973005177766927,1
90767398224426910594905751129723662785742264435056137381505171629377286294228,1
77454980007765763440988980398987688045012836937473877989498421903952056343836,1
72083391489544394980313221194202410703174660661969320829581861096741959886365,1
44042157262707777171796219087349718343478497313102051120900528422273094599605,1
1300232004596947981340254858211504858568747194333448241101829143721107010849,1
64859273305253094772528281284306451326547654409222075845838600589650886688248,1
46249805580307558191323594906195661308758861399025660399663637863737877842014,1
3288050906849563985716300272445265374638065130709529267382253729908605308738,1
39472729467033691367225219076059176892003543486493756335576134831162422169440,1
14241046155103055853066567785958091231132099332037270005851191905531960812426,1
83054433601031015291554830440466647415180790865526519230283444556154484516897,1
83364928520077864468615662387640390450668304932097689243761879664634348894000,1
58258232260443490658385926468708518869317402849350324973783096410336131836937,1
84397234423697733426406825121855742152797708069058953941416343784981610105939,1
65803350771082674345983512665845204410595373854068998131640859359252925880255,1
18355014225779402473281931676269493060032283326267655438497823142639420919132,1
26410272613439809933773315106305500150852418207638429533733569586429857606816,1
38453546737620810816857540885868001662550854435550793492494640208396212616791,1
111055895746420025193496351144692787543578101857736136787894301259157811601962,1
91642946134135923324857799061023693292303034345552740529785904465850384898853,1
111056057798503750346638203788432089117125471955988344140586656932808752597016,1
99452098721351580160383376820790379424796772761275709354062829799553118419413,1
52732086954102305961146574263866150292740813131851838393258771879503295487763,1
80259454768343577593198391563380600436332212650034449294361824839751121755784,1
66663562314388492185810807194957258727203110348483645554489521466968739863266,1
79375345571438489505919271497592686847342613218725666335055908295564148745352,1
67606811376857176747645540806492858058763469538686930698546606090045218444827,1
10504881176966486628364531900529622079780834091257587115262132907437015023060,1
107507845509571752604693875439204820741530050867655911473959114116618777201147,1
21249753287138871333390650940719828630460160375074247664065714742522960455221,1
30015065972281549210617988114508982674688474481430065353475886755516871038465,1
106141390277908464791250339352027792338493517569623960072125063668859570666588,1
79082222160168138262871875956378814846646257384237930256833562275372252250347,1
109907253581193537563048315493013549740458782913421997754274021287941087646668,1
32445238411103854719351680944097140534956558321946709661066082412671070078420,1
68236565640034182242934549289080418914428884198560967453641794239001700996458,1
102542309183243472398438350915299038497698492447540668522086891405010927147553,1
14583551228847349949390350491465084232330984452821550956337288875527291797529,1
103195950914440009567503192221970319568444625327718332650021716984923249226752,1
5992707872769935987636342867560867590446740554967329461916060741611660100428,1
93672226267628540161445990820146071385809154788170989022960704976823252424926,1
57138440917579632275438412733170724803779452606474280673521075570822043367927,1
75234501234647100159695566124283375813630586548078251156419990441935391250945,1
70292994100447559769798612604780658469741177755324364032275211295149831175150,1
56560525465823393634709897963304387394325821274648505351442747395150211142014,1
64369111555989962967762162808028864982223663342804553808461829398541882382725,1
20332328348897740198422006427533599167029897302525526594444665008439929738445,1
67184376549508907911093569782518463891630527807206886944022948912124742010979,1
84036665792965554146344797144835385934080972354146815215761413500111470007759,1
11982739980641263564998761843221285643975622748210418318469072611708259963590,1
32731247640349511996011181716088292760981127686853728124260052390382388145050,1
86173947421148181382689611575589824629984943536402004381014434357066817120416,1
81517717424771330255606380154603407142709178355146403743463651871870572951456,1
79763179831190647899215641837906352064997630467777874201742380674944150670999,1
47760008312605045856295486933786583394894419735619642260745707494517430389601,1
89301259651023722734224276212020776051079227735446539484585797192119215085412,1
51983009349501271303007651775595472647546289113785222382243608909002166502305,1
26884599173362020190110342201578619185021710018410076373350742892346900485775,1
5705805577100599794347332539592150838679662977872979327348975670414659378085,1
3454238347935930444254502426944077118517554015362492799107719375056190374277,1
20198601971762038903512885461217623307023597179656544416125348625494535140222,1
34218187558764288471065574820171998557520529178244981085882462254713235759471,1
77677977047271608249712521258867727798636275147889097334752645163671844756451,1
8162539233508465205734285345077486713838804494050873978995920972663873977548,1
105557276659769941449739072051537968006493656513396697798571033150348369880798,1
80314776628557116707658429979538791269045850405690367172943319068579163661716,1
4895054549261086920383218152565097141441104434007789751159440660523381290792,1
99819010484177401240744713424472936781299441429256875529774264789287519348020,1
6850907343406049632915369810593097568462618064389521763260207246299945556527,1
80537201921323740447657977333976695232366187397425765617764639320851180823686,1
41631304888665030454998782074023858423598830591455005780251768001512370623629,1
8477314823862985003971676411612364429640517812919702461399292067687862463,1
19246489197280338585092909390764424565246014227110295162371417634228886332126,1
9168838303280201547265933531694603876484925729145971311540631970350843088673,1
104642148453087860680741873013107579322272560626365604161229322972351145332841,1
63281603473423916074953306885525075314464496835652093403175673561598715045378,1
95017203833931760020086975155396995258996156035213315318967327961548394232998,1
55359656140063546491903970903812332025233783579852400477882657197776530735821,1
88832906782097876328480047860703416342591708895684187665599068794079765891258,1
89376643836871245064661055175015439563599529505102231596207236060148863629302,1
53159423016944214831608877194223520734299341184880594163939839949752755529136,1
30061764960700554635938315667492185902584767474287356061785906706329042442497,1
111705857681166915232587988604398715018149901909492519135648372783695648389247,1
84929765260057243319094161352894725623215349619961998637617031381870072940038,1
66664060451173568862040546432134627790649985483508604390974333174804998958531,1
94153337672070434402985149748865915113666041615358573414436241717667709375843,1
91002209454448137058535485335586402457378269505519544300809550263969471560899,1
99077224093901568850481784236265232832710116296793771736739862741467337638028,1
78858950324072656199631692122760990168981250741325801848341941360660865570789,1
18641605592577461500434109890874181505342296619316417595560271815382596937804,1
90099122995431749282274261842109640840814983062749593588795238032103719875066,1
6487146421336462222730263363288186773717266285907348193226234387525115295930,1
11965445973883387600207053955122670410422316891832383206812599851113804136839,1
6490798072543702495902709933244966915975571839251285580907719881361800698046,1
43351851256005966504456469827790387766716058548246856365637828987660893699361,1
7143880442781531636008885281198071242418537093899410900638266460931048824448,1
101060437001772240009530194296392528330011553083334702134314313870188326675628,1
94096322714939938950049240285249488205650902072231209600821666145326951922906,1
28990863403546322811693432497047483360945055499026948414286954965243466029469,1
6121269251999365266572378044360271573585053007981819388474000007339922545622,1
23298525143672750420298042161816158639610111974829976582601928466637668009753,1
43898602071341949857327410607810902401988060855642015057406041644689596537264,1
27244582407568152662456182087414452191339358257768645455106726862583611116558,1
19321876114035884088183375262737683209869293343747310060899528394509388727151,1
21064500467915364328741422529585194687739286551114643870891754177972244356171,1
7512015987614988688507381884715733762281254959022678673449004579340590772698,1
112138763852697159712800323023038901465507572960136111296359329502580378626479,1
5374225572345283567004157449208346979357811273587365871119212472127563844212,1
26669986402975795022517019345879075797403641926968573849029333147082289354366,1
21903632997961552875404336693827666466969864119028816505236427664805426054535,1
77815226715398505872112059402524940104117676660159531147200412411606540689722,1
21146269642824858427876689346783199204628892835457291062900825088526398745784,1
29126930896334594764534859046004183496609877796931372004861196427780818859715,1
47035969648707274649607816460343288833592244711589992547706330137177161463741,1
55393896840798172117841951882929466664299199563302048661889914764789280043097,1
30103934107819046283258115598062000946011727031823742483326705944346978707095,1
93386348434142752001704013957579476930892008502364913430924248338371414544716,1
81476582531168601620309979424963957406993504648505202670938242285381193124086,1
23670190938374998632673151609745410444284911465066195204449648939957929876843,1
34788126866113855844479508687397250603284761410533037853397702585637194770023,1
92627861136943074497190431697804625723463256427193629124629379710628582090837,1
80633656071435631486280954362281942381516361820024390304731479468622936686988,1
50205233945556325748475927377709636994352082354337722020781937215778947507238,1
98065807510728933927871778870751478188916081370771230773562709843472727241279,1
104387226015961914050311425680149441213046324557318328337910426546578229693320,1
14615943911323207887978481754027897135425205794160655350882640829610192793663,1
58469437991680740541963962899292528761065234296967168429554422143928536898089,1
7651510324699920456262750597745132485202454041232134963033487334126250949005,1
24196690133327295817189543793398601396467329393620840877455824072103874094873,1
78864522605072152034449995048401973026304929632393441759599513417692464031586,1
27245355061898648600500477263255726773397260271940734394553338118701968001386,1
54853422829891293201426197429871905438110028058550260059382905890815090950342,1
47707277180099236633039839264643840100307069334000080662209377944628959133723,1
6699918844702845084305514361405064892178407616840671361205044853185856095168,1
96159198484592000176268564641594841289786853856538308935426385200570966276065,1
31176038404229422378822878349960300432925263403287553888665506726261693086291,1
12767099929872566329042051408888524844430580345490495015507250361173863672029,1
47565890672887073160907237558799947914519908791017663010266681988845126695349,1
25392975006701030176256458601487309079521824421737064440529054750967444473974,1
73695923655870732831188013328298122250939721372485392233461908493813439146746,1
49437643422838866660253460027301002732808352555222295327735914921503380281186,1
109436179539595518605821552122109602797003382945508054843265185710387580704492,1
17260257027256373329649428752306438802920389196529511053344568987589042563952,1
55516755774319737063528641864373237499629303103486694792829902903972469606599,1
16027934815547123241705676782951126642719542323538009896569449272673054620027,1
82939354422391106112337122639489702541918087066432210104055566389032817254897,1
59453211703937546897156850021667352686257669528240936262925171200726946100275,1
83737318609122690587614469955378868619531460820233690140855829067237623591460,1
99288483207959268808077105432484499847647497647375688009188020582444471176199,1
71432287313313355437301361714080777059529469380646001652355956070430890442776,1
36409362408683118927950216490834196146485010169744380544627331094607722191469,1
69715508824968938079006021090973221549560142597724936081874744590903371476496,1
100923534169624467763530681553757957694791666164314351448184809969232036039658,1
75206662077384755360623385065854668345689935139030732018750597663010271224629,1
87715026203400689124552012922670073484445665916243631494495202262664546092562,1
99776635035077315641439880032426025567435338000818269530221662833244041646903,1
113632629951403972970048176407928332373325590482533452855979524161400662771920,1
81568974151396551358712915589146672995340813284163544293269543309496048252846,1
79136782901019153336923495915642568661490795804813237769826861851811778329279,1
81930518684482334111616915905994899033627662504677120623751373742133918058099,1
34953072497315693525299925553652283734068412070427315863552142130989753749621,1
65936248353621614295297550191747963665076607904213552081897129272843941421813,1
45259245780436862679952425560627676555182862286176419232280664473981902581298,1
49541151918113369350783773083594938059017121335111819732573273635964538990197,1
101186879525765155713991129385534301610076607775270226580111391423329872491157,1
99038633823275903888586116489449684712101242505915087092001925005975523405698,1
101923069903328839094347603437449986762592745539896544785148345622876422038508,1
51927526354411701998339988076963945612540581279398981973360552650150585944477,1
111958211378034668381543544462041615492321455360503020952992729621745054791678,1
112591301255195553479604870893690097473941707394726563011207801943528043114250,1
43080398809390243861094742235196198635182365026907973310935299271259137774828,1
29521024954839489498632517636505085875805242494959879462796224240393713554908,1
9066898976708728512434169326235370828133199704911606085307339883190496887183,1
20391814487987064511882871872038549282431944920846223508539056259638198892089,1
41026174396387577279702246483397240878954882585890502278735380984187948545867,1
76827183961874075451563962985823995025401359622539255122381049167918195760419,1
40512910476664299707380140686836847237870351614476070625971192945705549905103,1
25066923610132107978322631166818212527316521454859626740789715875217580952959,1
84281386269929789519227263702247268831021782541669858226645136013588606890866,1
85102162936208909036370938546136681199252916117925727570046531463510836012122,1
36742420008207094045592340651468013455983090126646832411049862024385043660276,1
105976896409547016271002872564074506188384954512512926671052310823331396058031,1
51139497576556831569234774527671653886515900968901057492019868174581979205632,1
65473216142359282356069099270619592816029229639387861120037899912753477494450,1
100018543330719290088105990161490390879107166767415833898398286346582908579765,1
26914158023816457370601932162196552688473385667580631666142040045251662511815,1
42894454352642750378615065244258761606942698216101368917960279513002702713863,1
66178375399251524000183945572500983727570328501256639321222889901997165526667,1
95129575596214582399618954472286000708284331050289648374644184239208871176027,1
37465737324450062323734656743325637363814552352185042867176306357693389028471,1
35948124199579345498956689051190825277274091492908713049873536286407020607114,1
59125268633549222324217401638806061080955112777280473009763016150241248962254,1
8135524025695908160963417367930986132021037320757448056908115729790425667479,1
11771607333506074425070266787382590731745661579475865840436080112390757701051,1
106212820330182519262299010943225064646223851914137052756238560072113704043505,1
22807365870623240285005645281117320552339286221284730118181456045305415678134,1
89065671715879336406187685007368819140650626907045821379579549131880204648559,1
17299976875763482443987194659253375222026444781352457296251812778974071508145,1
107543747857667822778935725826832499837751401203127884838215016805118023118490,1
89275351171956382100092159054988130201651058526141575597088921171217491828600,1
19694649383259980077515640155657341727691792951268990517134533758987101235924,1
22396642911761437440194151254550740328586684850813711143392741790537002415200,1
13314827148339458691891195642248592548018918947284236686352798285571483565794,1
4685770899224374309431385010786018447517772454262836641884087563517696578081,1
87070064385790894259976795439064452770127554955557075691662743883425554466503,1
91840377060882301610753414239014875127245682512576043000307220982090743206232,1
28691038436475921516637888430999449187721153574785658782939185083402723940055,1
56282041156936388503868998556754309276465107098358975951568636179797123848714,1
81519766309248464013227291560019779176330837771093470471771787162192251550366,1
6499275610326568009580153359412071331237334259787720616095259576227947760261,1
61097009347589403847477439196115629375730121216993073223822822951179560442300,1
25176879181793233540474496097564423130030467882612880450021089456316106845253,1
25036290719373723840826684468322532630253974984398344259541515496735181917292,1
80378947030389427594592094533547486620041210170214174986177947261193326160698,1
115207162107110812837780971384497880343727325418863664516115490302368696839404,1
34672147757966098010183534857946748385098690508064545631541102604775296844752,1
14064273643917277345222455139211826391427234337171037810161838436791466486932,1
15170310896531299389398424085976095520824827687260261727400474148526128178036,1
48954837963080995519605120564966846128099543694862219055093270913201882981011,1
113716500469803362856628803101091528763601449625938105826365511318228498775421,1
42437216277501775211034256326749586383906758871484776582499885284220132372561,1
50582397566620859994121741763252778898853790283618329366344156148182605043947,1
69242380072046432634150467145711286058598203385091102921045044567386449722952,1
81273505713114627140651098312128838441039195837893151193748224328912538677005,1
50537127524217138000223504432590316724214766582368819804027245515610101731904,1
72292133429252197158919913965964908587923129068138799913327961760111029077110,1
86237336745579538400758042498210860557104126122090580934445759177049609987698,1
30350707798253530726626450759890038395286130217920831869725798225777910797570,1
69019417256861930046497254821772768228689299055436180046214514069872726504475,1
44476743502005219736205506174452834330727092731512210316801394153261860284167,1
104419524307119959064684764426809074419664091750276380119365600757752663023253,1
30763159226517909144589089982829463208605986702605165226269800443096725890453,1
15559879985096091811809459629232263305129439060889412339616680373805362803190,1
31888715574355270573393049337319022321882023466602004881026658582919228210038,1
35896286535666045240806629716505844247896086515781319002908923498145236053792,1
47273911366508713022779728811095507738059257428477648813342648716096024386452,1
6448973135382424717158260251837067167129242315429435766903043439076669083412,1
59932922347425028124404596392268284595316615871502728401214649846893340692452,1
72093315790573499168088313513766277739486777217700557454880441921195244075078,1
91133388178815306374978168035769130857231679178909593341085314434416481000562,1
21313969041504376949118266628123369329517411258008317939232235693974852065259,1
24119613448898058458728478006809722174426640883137178173062473974271503037363,1
64631754710060477910126158850011542485228990860468884757921377233143703159017,1
14368722095315143596146942285549934710866554616058775965203354719644386176173,1
112987756561534025222606622932005373100278768493634714065771862634532376170339,1
15995084104767014971285258472640820685150738734853542753292132921388020944412,1
33212437359097063949354363023395601774785774932702130056307079899536846648872,1
26107574465670267229246825187345359717618290816427139716560368075412743751364,1
64487933190681742296022082263382679075087237299486398685419893140357333143009,1
2463360074586335623120090284456505290130215527601405049404848379358931474547,1
99052888618219809897554548556839996846356290126525107842396066140697960939006,1
61808817142173604935832827221585005535378307349328611702304799121228275073214,1
72597183976101917239363924883249163669125036215481590127905091026245077482137,1
41401733403251601156769204288637757028932873485635088031010492741805641678363,1
4629159908763006032299378537722514125649410314385712805653095938697582753344,1
95638087077082090283795481147888861405499546877879648278250347862432339969285,1
43809121722306217843404405330142645989308076806021393984284400139694074390192,1
48878282570118363970492639226363677426845585670882489634774940864471268750642,1
45653077945518316855456738127296838115345022533907310687386406949620366599878,1
24729047167539450065551387271789415311958448334308650243445141178615123370525,1
105510833710044181691422312301903746610057328638171166612325732304847231609530,1
44296570812852896839637739115064690142574490607934904578815017869231293472234,1
90972219990082812955928722106775412871267014615964544551037487554127904277749,1
38730812941038840425907075661878201967854157984707432940684103839432456883222,1
15626481111828871382511838618478104688672445869112459295548239657851655766331,1
82417080515977671250277750021958835473236030848178873622884927445719822192679,1
114363562538600043254070190531371297767432977212809735980426613794061897233495,1
31532778518782075362388028962705998870731018797456651420165139586219151000344,1
34363039796975563807512767768765259845096612638778469961718203361069020588517,1
87752590920738273011645392078523443879312150005214904974339730495807383550532,1
44415481566255091678797722993506617400912677653042127751138423171011317970780,1
20420455731839990001637053507465855098242311186609522863162653167400143238790,1
91489702306601758088196242400859733711346002872771380008424026756352796069600,1
2256361118670744484413659413706516224581891757354377445885424031160449385771,1
72286384444237730208907484674850947727268401356463585734029833570416652142878,1
32759382401686838125166558939105346882802421695595933906028060973184928889633,1
59032253112321933357714410927216060661731210550509148794540036223620566436048,1
9829397385466862337136013439935669548344458845047535006570777750682300326147,1
76409305718398941392722464761071309131846483670768283285641143775973614766780,1
100242106603045173735412944013265163724688822619063749437521889318135171588851,1
53795385455935339957164722153531941646133960167219819348296975006712080989354,1
32842940429265639892009032651350115179377558139137434681053871619939963355687,1
91848850823681846502295190069738294751159613980259374259479669865536417986516,1
90127466282401901017354596688627786721348306615032733054265104070815068349341,1
3998433181012138664749403776923037531502021172643274893684405556598651797202,1
29591170498004074319975527614584877016034471009802284751523220246297208450126,1
82220091044623348621016620126176254664288378456759237031553933784640359405179,1
17865523218633251369096765720049905114047313139515283728866212981706108823502,1
17481496398346954664528076579850660745579447216314109981839407068100255230293,1
115412705410835092854768895200946266233943775283854557348481400153108274434115,1
29182890244971750977523492831357843106443522167141197100083796556773737225148,1
54005667593733778081693690171577411650484161898860734627144105113216426199568,1
55972337689638446043526619351459175169295055206512841102381786494574921455185,1
11743838467547168599694679014867738457557788831361749938407853504464388818183,1
65181914563941120293389736757786111176390337135924975070504582239134790447925,1
67907030285545945503975519576841945946154456951109840276091446168335034874566,1
98823279094227840470981155606276466040627470398941647094826837626090955776468,1
44522101831277561913161338477169727839287990336659321648252603474498102300540,1
54462422137903083548695450258866682042737521556071993718600048551610530710157,1
98824130710238501735112829380662621421100360324819557697457728441170794318698,1
79855567796014514209356195789693565262632026297360223337906602129267757750887,1
104878633763052467702560112882086185799442640582251990240009120623131611084883,1
80246154290840846085522967885834398162007079931459801450641965409238660781544,1
10293960490450005741137140590377476689413912376605182594130689573491540205399,1
115418267805878203880025144232128987593507954512106103745971478174674908364335,1
77178130623817651272622611321025112726811669872943915504506150830184278597318,1
22616965735011817104912099714461175040349123284164587907169644498360600034182,1
89545573626658120175664575267855773959851649207897897501130932527796357192334,1
54161914673591001601666646453181384574942501418477277028312606817453628935252,1
102977247702457576066285224035399819575625271509010601318053240156783910424046,1
104130104510274080881576499666648542828758234754840788182866613724123424401470,1
83509353584554787292283600171178085176275474786434688252108799453528921407427,1
53549343451223592357637157267812455548946641485190547782759044238831970598944,1
9322479953775293377737936562531410839466445362944371939277962521297895409577,1
104540630294981785533440605516304170966237578537983281984592694601745020534221,1
89394430383435484316821252736444028902514257251720142561229502346089680165906,1
96495978645227313896638096668109663263803341299488747228642474539043148602453,1
24015871380878779231977923722521693163111180880394110962870701972110785138335,1
90601254879266720732015617037675777768939606503540841415174912120140215698247,1
59150858420180710493520603894707160563988709187560845357424059570102374612570,1
80608031347784821509367660687000623674131817344673732541103798079011621833900,1
40261389627048429281775274594167977152608595326743091297938258041724270133905,1
40882724212960282157370865734563511643889975273259740327364351546304249726022,1
58152716336791497306157535924183994245703175250375445729427478288687479597006,1
114166966209456836259517912685213933832788162279426116969472159079616214390163,1
78543773038680234517659772141495269508383425517377277860896323150862925759421,1
112333835736085350027691316902606575897953771610354728731450151436715421720472,1
66157012825426447277913197253038895777935228544817297149268030063285085584274,1
95818974636572073920875894272701392834926561319207299904140381144206148695694,1
85839076497801508986781255345615912138247566564715138362934838421623925812789,1
81277319666801449341603279177457854219558906211901281050167236057339601587364,1
80844574021304908810850527479209505668877598417190294923295306980621668896468,1
84399085001908726591166637044220300289043629500906956028733767913022152972790,1
79969922887227524486603044536993830678363826489762800990360147187119625068295,1
68644295559545350235573344426871654294784063465820810321865067768481855449042,1
104236182322278904497879762759911330532540430477864083365955787646895454368731,1
15272391496948520921353737900049688691549024624012661909079518859670643224119,1
101135675607590577527641102143039666183784947060706174935875350170350063611955,1
102737276440778458081610098502519856912794198267364909721170611159164060172378,1
71744883914975889340427471539535135885979965296485159368982587149155599917504,1
56272204671856598189983987012556407086359015235155800381757707516983147857267,1
92043307734603538918928045793361438016974220933252598576852769521872947689352,1
57782823855186709469150587385256804666776881191251178314677011119311110901769,1
112329743798306897603577281076969819091600426466719038656365360727029304027999,1
29734252689385119306858101892339188371186436717389632539930048763549064219130,1
14382709023823677481868420985118619573944282014141410312466287950873442766125,1
42080464554599380980044434938858909423831248360348303571945180431221381201074,1
58159512178964118903433828660671443788236047029263059938339761189967454105784,1
1096379284475985429506562302236786563462274444468135535809586112480798565137,1
90837595956895568245423357775380264217952766438830594036035300003606122614879,1
80724237672665750709641772390106921980678123706996680485183725835670890499703,1
19960387484008057146277972265955309838615196254293098202973353760076928361525,1
85740554022816246381103708059395170178545421690588488987725966355733604052200,1
3122155577257937194203518841514459954031170055549549137081881983128547089516,1
114896524573473068957084417805237197082270891696359288742491447479282138477219,1
20209522201634336508404068571434946537997260792437089136703676415398691413752,1
106752187251174420377567160076472282669453190198835406451355912422947778557403,1
12866701656210972395649443064256929074691123871604299549991290833356344590373,1
8562127202424229384427971166966063804471245575902147964794280358985196409981,1
90291981549545063892711632460719527201581401702192937467066161780162782400644,1
97097089378543126694192050245743556998155470198781426596050611603576058355649,1
96916224361069956429908572265483988768206493809257642192588705240828870265151,1
115751815223382460635811097102318305902601578103566022551515402608489615716461,1
25522781074578320241291599302217264078506507390371258559713506979135433812630,1
76526386820205628604618347318523173926812071995373245044888779151152651785073,1
53343940785761796368389208781604583622012582864768024770436828224402570021370,1
75273394256035624413891671376867345134241466764489200717766909646666491518247,1
23988224582085138701158863287766318428010247526784950791305157286012224317431,1
89310425339911770360157186675743815875787806527922575087836878833554275959777,1
28678611740567447136802212003714502120253467241367408429678834805083553571966,1
38331583744610039957847688788108889389377954870730913372791364832287017058199,1
3942539191178267280276252760990713409075489563750318222987669748888719335835,1
108333898855492994165650417950272125732120380244042747119878350969407248726480,1
69304074712469490846709735930545765038113035467269542740338914123672143065748,1
17562746329062011440417523393026317780925228661917915395556343712808147563269,1
51214752447819327169359615143701723182016626328216959431231551648292810526244,1
4851901495361588590619162865338352732791693935331371711468155116830331496535,1
28074531717858346149624434151453857988455488850427222483284083598453464872355,1
6628478772720823915341076784193499335197291883629381478829172188648968940433,1
70325089865819138733699333757402368214661055044172847530893058752724236234827,1
103132731163470318224822030653341420613146205776467059960743991993089315867730,1
32021761306615852021851854697126542715711999815622577884785402689757936406029,1
71827950969989302606047401511513098323074753236164354462525482203199441681683,1
67457579008259100846368373912010666637802500011746432302502519068165362713246,1
109902128039125051964125351126716388535266379194295466113324252232160449439168,1
97075315021242741041692310700053578475676844540361010198980732502298901068742,1
99228874729319756936931076097485583601717039070854936698649575423853525224375,1
43365102611999359646473146119885003245845923855186198714873921400577312095321,1
37971347301334109955413009223313476130995943708797535296575506255571151821883,1
98863626007340083853928022427778626472054607766933560476237745744588834136572,1
2892703119038386615685373320040971942681364345719105347036876083957277620182,1
109812788157495842884130600697304331023768169323173026945070372322391368315859,1
76020340993642287356069200025996271910011877084645440130632369701257692857798,1
1844058657354586693785776475489000732090853879129377116629673751210915315852,1
42643680254583740175478391084580628987226734376259153332530042440362293739294,1
7963271720396621751966862628825511436745605964463242119605973280440890693053,1
69775893229938903577144476249535969254985594451315864501980531599957393357376,1
66185565788046094934255987833810435009296674707296606556607411410663240650274,1
66933122729232799139330657875577461738040184274727808978264235112686569850271,1
87675399294904459398261091598376131370306282242034619845727032341307844556707,1
16843471140971664459563390747578830701756310114293786311061833820856394235755,1
22494352767496041411073480524891251653456256321368659226757605709789437785088,1
70039533764384751262212787325191451272483867502895166636938629955668527748818,1
46376410744239531785057534005429461261782355328979391075260308095729893418850,1
85055849873808385964634366122535017622643918991979879327419417397190771339396,1
11960278981952184334447483188296083426644969209194143441127803624136748868436,1
89687793275033603647117038766915462264869781949118870906292896827737519685646,1
70379839758500068111343916484738580742557684248719058073340859481943086807841,1
111290883441220196347656383175717541205269700500146707001347832117336413624484,1
80703743174058747500191195811926501937066560730885921289501751939470906803953,1
30285897273019877679472046487160832882542194273617950936500693708014864577760,1
75167260307573115673131719402258976725405513410326969638194880259606943947842,1
110946499679873866601096904769186667076292832847763132547213803706498706949108,1
29148349472549576067731007824675679377592783623422924943743411547659832534547,1
58194583274693094590718049808255549341195029666063765120938553915321521587294,1
95907590603786297984848974994225731959677252236100429016491178280764035732948,1
62671723401483936975605080451652676376913980693916853048764582487052389926940,1
53641002866512467367851167542881628417122880666462885001225152174343170592558,1
24173358811374479043662082291281876899665793979291591918243085348470958676484,1
247444591602392423079206437843316272293804697926083116715493412424493713392,1
111819164368669128579151334277723621097318936065975572564387140318410099903907,1
45153595683136213726587975170115078546741508363700909233687051090116115642772,1
102272032273209177498606058998246382784758735715601326288897110061059355687950,1
107501170045053414009679782110181776185925589241977895865172259782564117860694,1
62682113937183869456714926706616676041267183744836019144237466630090594129950,1
90310903916079909940066663091720621725411616258744388525168101876257254893756,1
76260290641760995717000154157572457709430941820895841172175548644271488771800,1
110868105589107765754263205733007074389332819833419437644903846280863055382337,1
295680549936611662260898037056086326562849238980118773447873857895280257286,1
72493149022068476484539718004456190121211030785791303163743868494899089629661,1
115685075481819652771294722617446351643282279144621209612970697019699264261903,1
37622915584847270034157241059118893054538935994505563074974553569868003074589,1
95210071715208190493733800888755997507128858843586784450944461822745834570972,1
65669116584427404821363276848493286574108619269531419910894514118683727843970,1
90040952364458188246699661352223912246657038900790243837595796221521905605477,1
95159330100377703651045987429658202901356425828215073037844875266503894497542,1
64727021549500203126557131928956411165641729798560621301750199609529142930144,1
57906539605001893303034153691679749948080772442297061824992570544491952632921,1
88843763832595063087833672084283529937143360866353015881304551261754000124324,1
46440208328060052148452653009433890412382313402777389268879040163275336850828,1
68553745912025506572023542975822086874794536845146268915426668555484766849115,1
95091825022862737528057230290503076519543752900399032505994519220803633667326,1
40888396642449711374134024530245321731734510984500337361765045134484442569122,1
31618203791733737967504743475868806807097301234756821939365524833745883129780,1
25751572804513163912717410995114794239210839088992827145674385960718317382597,1
58973699565472578218855002829218342427619757935585515679052327275500136370273,1
29542796658310255030107635317676237031842243148168403239844905502160871957670,1
97749811990121788215673978218470212665190964479939651095569243956777755266543,1
114263080242128868633130333192324969429379024147984554158329848799961204376906,1
14129891740726622309955301128431649567405650133900677968375096698708581707722,1
31058241408532302784913977743610406122838762502524375215838327640331393709725,1
31432843635396453448583988333628354371460080730743735537145069775803997465536,1
45188764388270503620561277208079419018313511590458968523850686506973264965705,1
94558158462655383330444039644121099642624660548219277142936015326650991994244,1
22889661361355283877207577076529401262617753054284034997601013188145369611107,1
21036084630463330674316617640003087641810568589884932228785738650155213986411,1
3894154944008749408879891124910250996244098021804877780911809779529702513720,1
74569481547138373449362317196027092163377076304438148984581939272602163712658,1
82749794390085624794978571481685903330871758207219327088918591612238616386939,1
25751833266257500439899488333421237344902495077351571042993262357315741113794,1
63666221983118614986275440201759707888562776127000961035562069053357867436010,1
111423524813918328653525247869066208677873316648409167493312596852449870759141,1
61807825556708153001347498114467243251974859190713055342101405949622764509915,1
38104931642548865621634994164657378038916484911056449620399742489676840941273,1
57862608767712032568752018840500995743195615731290810673994442568195889470011,1
41738698756523405182804199209694035003776818836734308990973330485908738412594,1
47875869348393511952355254969705079090804454839996441280636246000862751712693,1
80285544245503854093808266807267993421492815905198322491334226626966484794493,1
78724862206899575144415333563188136539803786049725420881803363238900603751422,1
6966782460883521024322674631027872897938973512313361492720151060145059050177,1
40885689131209092779726904979924233829254261919575667215834738405636414685588,1
87671716132865871271839467082485420441402702241327384667158421073775467390395,1
36979882191323314333236226737796092570445170901451687278509668923023161000243,1
104094807068888845196827294438553770327962488621584725975337903204223116491483,1
79864939004327830009638229766461979150168082220147975492135183495217356477904,1
15402978986955164730641552436555698060254146051748129505746708001297025101655,1
104266090561382242774233296072661077713272883608287305627860238038955932085018,1
46396183141243382969526707545869691350544711486515627286058125940070478774722,1
26446991114428316437005047073849836658361078609524720132876380552518737723666,1
92284469807176178236348154036696054758221539374921058117593466651949532392875,1
21647923665444133556275151631186713737175845756393483749912504191839102987970,1
52549609025530787527492710344388478152268125549301224541458302250948445067758,1
3353291783560263568775619816501075447210245016135466649139131238634321940338,1
45837230860704097282848003960010791446177174295398144104829876086448472072232,1
79618965894784725032820789392795234466914651235340187979028867643808917142726,1
53836803483272890178915842717564782848673245395403905376647798650569674984265,1
29245797236071819146116411882440513773165570577647360539028837323091733007876,1
85455441890625749220142723866015546461318302679529681263762708888445244445480,1
55664574343170620574621461784782926903548557903575880274080023756831449294474,1
67936937761052512127976171169342790913148409096466181938493042524883929043982,1
111837171493803232403545235535915651582031609105991474666669215185800683805387,1
112435015970196011118403412720406386601496354789901621218360646461596517897052,1
101822657290220632575480420648145380176567388129245635124542256671497066433129,1
12037515908645180408885680757054930042687721585094541844985919904720063093969,1
58988818567913322085312506767248124335488605469227379968529281309666099240617,1
81817328842517096280850199075873351828811913912689651492319034698278901285987,1
77736836158933663419220728204393676460325849598497465294073911878289573640239,1
42858650434131998213602816039088206506531256177630014345143690214661569817783,1
111761041730450581478536959488591097587907023139467912218568286335996489988737,1
109773026609796771756985604290395697345914381440622302763377987402382606937901,1
56248181771310806174784479817087142388038491803486371459029270568186547184596,1
93692917708190836665741718282847891159131324430430839081209992255332676506747,1
114032393156853866449070489870652250208441294177708515348698169079418608330812,1
16391909304395250646054434119734402033542927520454244773704097368774591396184,1
109197195869731401097158561408785723350611686095276089434660035548352918779037,1
89371890010737656169372363381968184743402293283394773028317963304468398144741,1
54238995784911081702167922061473998739432077345056877200665368060085846486025,1
12579291167744181239976789968841539704655061082041233852395416659595609659821,1
69168569402398112081758382586830033146528161580554432898768413796290294024573,1
61983462263071879609091040597160318064502156046766463523121704842228889038544,1
56689503260313560136307290058809748458487046888437232751552117477292615856356,1
56164966785883388160022028839467146995070370317050460499462759792999651116586,1
69543133088690804209614988355401028081099800385187006897367663783828923177547,1
91483960160839265018290786831710016712473284354529277079865792749811317698315,1
32414118850531241459583957884254017002479746336158758101604167964111016223293,1
29282183800435201174734662861342791939185413230129826710128981316202556088206,1
64304161022981726787620266770512728932384300514678943184475409478778379027824,1
64208411925945045753496423124476562589228377811128549051453980924136067837855,1
38664397118581456176450026166996019761860836897198136733550837313008053631763,1
94033025795063705658985462676176784342125292482720398573155428937292607260289,1
25012161386391510348611034129792278809270458221946257258568376584817343943747,1
62416639673241023012426365174842129545005482737209282528315857488048012012443,1
98067507335860458852355547061086731982598968534191190635417584131886975387759,1
68614681173844059846875921750332803922434459356373120931733736948246184943423,1
24575470978992762172149194732178979270336099096386841623300318835823813066622,1
82175678298431955214351737333782890702861170771082954595553276604115526590659,1
12902450304254486272044678184853690091131905009761839914025074139709184080504,1
45153493347649215179534980196319565700125046640675092429235961032063434414890,1
10641970685504346999937108455154406308039314795140113808392841566516599738952,1
9079635055576244420570018159813660974850295173312694190031247673377000971839,1
24346565965622343899085558648949997821839230193815166116997066069573043336740,1
104740825361485100523848908607984300556511357423202744073011633009778257871000,1
104438790487295445845984176985539530065759294249565888553447223355700872119063,1
40729874460446916768290190076526458147513087863231854176569813019276797020936,1
40847359237011734050423634174147954452121973034963267712630391993352979992127,1
11345180337041845963020317361678363422390584127266933495219113251499238786357,1
45248888225003856263326237197360171314207438499271310417064181765294067437266,1
108124311073815673820583343766163427757128219937772834437178400688461852344757,1
107881291473967054583335815994033775460705906702528381794026841860540590519186,1
80470753526362907825786503773494628407397039199169449523296092366499631952046,1
611525781958796254820857712846938845299538269275891170983535443959310223133,1
22808736620445984205560169857569576454441065454408591636126623341294475829455,1
82312131604342338261446683004141478561233280824339808013184168683945709498690,1
104919414448440608930835330329376609739041940613947691642526177721427474595040,1
34643194502147597116125433787298844008332470924830316059553879694749282982252,1
34139400975873424961141935033252114861914148022460361901202059139876123824493,1
71200102145202392373304131675860454595001461343636554468172871135504084657627,1
85780262850962066625793950764521582348349715590018252650915167259714351982349,1
8175403248477602876893343351248968335941909116785578498509766374521397106010,1
67488745919980982371229855722358979249691374160204310525034910264663706249662,1
78717087209132951514370602733382043027596251242950687422335032033342764180922,1
73151681141807934124219098170962137365095423427208434468093715027313723684070,1
4368542427861608254020889305490954884293798326070750866261059701838816887239,1
28935739591857803554003053336781749963461521052504203760914581605329295726123,1
102090633092144748363123084545331283803383241162667279763457400058552544603770,1
36303620147418803338909114465129624512294500234034153385586136214427832475865,1
179647926450318495260197228971389326233530102924325239163635409900297354038,1
47778997554286201275629278726641825293724843361716743131380100200825173734365,1
96479873663278249006587762546515565511490092707809324835108163772900370039165,1
112082540409661198136114507470475694327795151672446422815143070561478495084640,1
100384247347463913914750385984892008773659121858396390918974764897995207631669,1
109998466675169346858393661263054627698155363946090367477383775673420510435015,1
42237034586592026967650717309609133913723741613200875466852069537500765720521,1
105110575397285130829139309432225914503779489127207234172185094933331056840645,1
26267958064045813105728893102701991899142408844806547959349066703809038563412,1
65394420012393552678113161258310455630491576318591283074660283993191071574561,1
57002523147119538932124809369895731705250256882026318827570189967600372179784,1
57263910395504105523805527254292555702374761668952433748294206423505051941310,1
35903054689773931695138621732876471486804414091978756971478991704080142405512,1
16568917660956429141764878497912212133979823827823591386788707293516621171933,1
85885743158521983870239290638217290516358213241486654480534463473451571986467,1
65197088866953843676118084545605210676160051434774127306604849135439064453597,1
58189249732833485494732093731800146988254536646545553725199334404484785768368,1
51291003069768749285949244874711195070738195174635129534268531939117061542559,1
40283826926456797833165206414226609959514383544451788188745520539970811884817,1
3627250675741337789459792652508941997557418466774057561200905985827380846070,1
23952033266231188300015469545189288225576697933158596145576916868476205233085,1
31026394807944969912812446499487103614805580554192321736688481689446236933000,1
71322843345119561009660301312354115389323557715864422516420122638035383039103,1
58000265494531987174226476597801042775027425277724200672986179647599150741309,1
84796673314450859192835556201509679240930018968589431403120131687118996262176,1
64577708396077393815443675289112359263122963464139587557291607870044318711577,1
32083199866966577567147579441470864878856255391037577413833229711809541828866,1
17592479308344485547194134697272157220455969921623150769622151976158621570032,1
6258305974808962098894514952032568044106008543705846470859743033942172820811,1
89379683854808948644620128539681629162152110491699442449373492627524572301262,1
75769937360119857668293538803206642261804841882045341718133312656027074516904,1
55690800914952799121768012139628052999647032417592894207065363020296207853247,1
13052086813738242077841648553559461137648627532885174828983864499959600240484,1
108145772012016721048103874690684299053217961816053936698058004769090246952356,1
94827712583047844075972370782866539815776454249838261662171119646997958198842,1
22841252127274826195827879860270708826826534507183493647385047584800994466391,1
97177652478656672362973518329722434402177962034830332209073102937169719322136,1
65043242123569075790822159436675274575503106967279296842873230397308380810892,1
1465817503183033995461560441038346058566388723256330114353632132928547623322,1
38857542867537939958649884324850872698563154078032636737144584197985338774686,1
82047907484820211309032123088740054186507061115906092677910171981811278063452,1
33829281242262383458145713194336076126222649407242091675207145724508155878960,1
3149749186206351619824340251276176844647485581670270487641601178825360634963,1
14319405368753903236347095957427403067133766348214418012898897395534852805316,1
19013230883541460942149384643772716396093358056809441541286635260044723965333,1
75450600246961243100151869298673206223376329014956415990038992282132016471304,1
3558607778009457659613639648883345292411064123815020641737282348085918597542,1
32948799496513468956785494063855919393396339966293621123603602125195748150161,1
112864358288423742210748247328074697073352563133303687489441869195313459075352,1
49572024243090133984317849204104376963343633043293225171356298675622571925131,1
81041937183711043141387293765270856705958911288421882379172728056072743965614,1
63821781462144092108135429817822355419187721420843511779209377987258847610613,1
87206443452081266335947009731357518802297673637010976509853325488495092519481,1
26591722072987837548317276184546610136056296083087856430059609733249124442761,1
15348427735500832612454550238424555296728971761313644896336533521883417772595,1
57392865892582116731781721026526757459415504548744242652156750771993534331198,1
98465970613524494888710656571414631595252059286667929411815386172042834149020,1
33023511889621228636583198902759887928938085285523989607191837345204308948586,1
103716249413876370458201031498128679222506449208509420397040373786041827024433,1
89346042198247835519556811700671222939129130559634480365274321428724161148728,1
51640559632124793469706844894437873051842272997686233009396363059187330926517,1
99907046721740797285511738989401140766079243949812817941946342747333047972089,1
92132217612220463918272174719183449538729646807390437217603189306834462184669,1
112202232327637296480920126513054676007122038376479143057225984112569030120772,1
54810079172229044830778141431502705093539537130544877506624775898626764322211,1
29579626611045251460717287074943150824256581231476528262945346152885078970421,1
26554080715957874849896024256947102085985123034558593549790810858775013824013,1
39630113504186141913826120660891268296421037202009708285728982522909639336114,1
47014990148333017001529472531767034739973211204416358899341513099644351621614,1
52839188027629650161916004616170443017257136078473791837880704774460272275020,1
51793581623098852575772128915712099484717987138924902827548498146730863611895,1
58194532643374900883087095384794336920101396820860273419789761008655786873198,1
12609832352193783168332158132977075932675083510429514381503348903022037306781,1
48525557175430919802207783666532276306656713956204135999456985151994124754484,1
59010771470984673858429692387261799413854300153210498860760011649191117617278,1
18975416707837118030966420182500800359360338904484707665768313787027958681241,1
65469829263089603159489676285996116858563651627205748761334652504075995439543,1
62027758940760114471438834362389661483721586270095520671248074750361384393594,1
92797815314935689115025072053272700139575936957851515810892011740324151232299,1
4345601225876397196468074212487646318346059956916119228172492502237084646543,1
64753097733684339512008889509119923788486993952163341981898406318555871345463,1
112442685431033094349549151456505557581434480341855342340317850647249550453299,1
46868395158437257080972430230970056600311389635231406848932996013197205107710,1
23809070464222296428270683944628941560887728698059315652824481322567322802619,1
74392807613857595902756278715807424594933907213850819874379298424011808979750,1
37181601001610960984329600669645070376261376337062692949533021782271932250859,1
72792270013298568977487581983828011489374548738180634852718812599974410857408,1
40116064055904506274243002065896791631882766897761023790010191543543833512384,1
30277365957745598918038199636067746756701616133465274887639564722316351178454,1
87636802250148803268981055419353747315270859105119773993084683320836280459207,1
63405584145730640141298977003463799842756026229995788535965134716542993578918,1
43115847794980353078165774271298475384859986267870898851886119215380377157302,1
2966020012501829118115380668887205744266548658640152626779119601295144719215,1
21054756519252925189755603769690091045529462515176233228459174645846848940700,1
17797997826286401298793192004189173709881311089669574363039532812045762116591,1
70414697444323284298330347912877777466010008044798469247725404686971404478204,1
85703951391528862826743389073225695958191333983661186596612088292370721719955,1
91597006267188842077117193924583798181326222646614135829304771474565326327712,1
16495914669086199017083797871163009251943474453437795892493793618289741113400,1
106288932891119377024999272825810440315072136246019317292856361956967915251192,1
93675134402502992281952392115190102148818599037936307450994080099886050798293,1
91642443123005490805171746391919268989287439046842811960643550364051508512360,1
86865154539817096096339856788543838384376649325089558652012045268880176780474,1
70170852497531986696300155210624761870435489690820073311275790373069557006912,1
33543597552449699724814845500719611841189086600004908697165822048537467399307,1
48165128662789753511272080466132976368348614830128300164401342539951691058324,1
79635583858031915407730163352678770215081988414141757633621319340954060138349,1
55932468560247029020401392996757764520462724660175306156230266979135634289064,1
69969067207088439777398297178618521537405757536865555552323513265115825832191,1
104383498049910140902785245068328522129970091061883219770375713798560045332179,1
82495345317133038593958891990841760066050340951256069700317318527399214077014,1
59566004716513974555349999589588040274360513834152375949242188150223622718581,1
104992030975776442487539184074559482129650993008566308972399691448406301787891,1
78368143288702343146176580451369055544224329191518848140755713857887480495038,1
82893293041713152702391995336099336255446340579211643226289349844350681994592,1
100070274548304960908803884825035989867197587586433930841457986233120662717158,1
115683520474144955714214156372968158695501320449554755963774310796922519157219,1
78405169239329100641279919174875422106211994968279861387040719784977213584478,1
38207451299476456354552390385014450990573199470867070888570948779973843310577,1
78160131097872634235402238238621080308392905766139224128472309770848503279133,1
25169851009323029821596842398048944055869121600245253774120710333783450231199,1
38662084789994379859763401349592606457063859444615904485775870231310734731795,1
34697002509568090617954337997935981982199647264964074940727335930189967584494,1
67768719903895370264087624159166497519144430859559213942938346360328394500084,1
62594359435111711827624673190711885171942297626872301878624781720483257360809,1
57293507746693112060382455425116035220535602071118921508589928787946903411675,1
103539448014230424419476878960131692270983097705471200364345660952417019076542,1
16360125663293608248918917249566203200476171934050138262902857917994216421410,1
52281782337946718705071439725790308649313281495980899421222716766382128640099,1
86049642125490613418501494586592060773841372859112419134094317752859746163224,1
34893086105161912103750372999168598357650437348776734634062143049250841826703,1
14422360608487999660171189812426089861985507311497523454769133712776536170006,1
105619924001327230409376755363564613185689893406535954003697423214106924096398,1
62453706304127366702672679197164890177810271121810212786373218841405130163189,1
89445422833386898082491822177568563096900052894635660560263843794789708045739,1
51814136266256061771170765040596756573326107329137082274651293512169648981790,1
28248438558916508312932954145543144386783174885438885867041777888998058291830,1
56719666965183366130148953327484106482685299186333465119715314086884996100709,1
105144947422890206505096935187318317828968657485742526379904892603377758731062,1
107385802822481610451480907312249742438791602563850323002930438193767125361128,1
86488927989668292729536350948701906116674687655648911662960938255109310210528,1
48077270843214018857071245568095876116756526187805713855519410590631726780355,1
109969426092053608779229087931241887223283063069868150279157078251843586401754,1
83552500814402772837146007828645735082848289607796043234359505854849464330960,1
41384826118131467717799172084110552260929622104094132254358131198243135011468,1
106165702805612479717240090972334738449589768707617472344096850147894911959706,1
102994350501722449968423948188251228288775517564967076151501577251457886715296,1
42602194716992128934219561322474770429321635681088992484995031742563551849385,1
102395423197821747134093258284807513775979538733661506651294222667344713442030,1
65777504939822079344607058979486517850620297867650738272566355076635463699216,1
59889945456788899938387519877042291656342872675273384681716832790513573860972,1
58323106311938582340137172066125694736893695935061049407990193493376548990550,1
9446340298463338787085975747901191661363736923703299183266728988269198126195,1
39541424324853372420594377235390771461438369424925085982386931136671017197292,1
104287707046829548556378204279652152150018351993426537144099873976643585033653,1
57488498738076392920734206291029673508633832828612459524355850078520257623828,1
95155568870138837825159359828211009855071419067627279617521022616625094278318,1
73635571393522942623793166854946788377160705062360659439176144101388868829172,1
2419241105107169133579951516158788433431881036392060652256604771292903772846,1
45715436694174792655183542203441277001359938289678563103593551945996665180536,1
110616297682157924139808615133356826636662524058091307252811897383446113160467,1
35293630653525532904428669281838604234091196423607955402573108275134386407147,1
29832883882133671633893666936614539648823304382229881277239528697652860689356,1
77902251438594487155263520493984195277275702885588850902238704240377429810936,1
81979532402443848987427123771460769426544541544110951978445333103135408412411,1
20641038471987524324299481319657039390973400135614008798981687517777042046265,1
22606833038550823762847522556861418572120887741148076360548531343237993495078,1
56051907090184874962725797561739601634580583951276275995700375265875804896435,1
70743402644077444735104935072814732967797769208314705625455023044990054197558,1
24324748959816678562853691462116702661684380892209132689575251580687083949896,1
83286036149044367043102282429847335856368846320764394044212885335192891124436,1
49022838397458640453664432334139789826424095245231706978739754773478809084724,1
78911993465810022321042615388618062455637353412558355904352408972631636673886,1
93915291246318520251615421442995051920105959066787612729543362690072051256165,1
65390361951512180848772142741636151515371982096598104459655324096684785876466,1
90551627515618831833937257367200235158378369759577763027743079569054663683758,1
20279829190582918533400683719526478667907754648919128169041253829349032216357,1
104184695252029218756477527549738034626246238264857937934840752961354151108838,1
106463664493341637534589366701265831945406408545960719401189770535645917170522,1
50151740787376641198239896405110906150348761504263201967925781257711259769265,1
78411252599827291823268922110560848899835959770885603166454636568978001571395,1
14698998504353421824753766179350014339307170245341945136394753385636404226942,1
69777472027327651319245820190659316775881556516005624355470588423211144365085,1
31089320892294332486795039841341220483849792358594826272793632351245515923531,1
60006807724233033210551047830407085330806233929651961740715847032351195919672,1
107733138417362128012740851905166427823202438215655922012109899821854182663968,1
96493447211161098850022277852048695871154107999032200475243133042897778621850,1
55456630590883908954834156205228332987966915289809062024414788531661263901917,1
112699169661295210483955176414519588488537231532195858962092230283791502458913,1
113459332047967783874867256154594480022012488454342031881855922675013624968839,1
113151189538605021544423543162556420448715534905571753896175326692251230868122,1
97040645244775953187947341806972276409963432296916014601913894603865195472331,1
86008430501916758954427518114113133466539415775761073768190913561443965650780,1
81014240398268868744888706581563198528896674912766158013471572516961801248362,1
108225220059315512588173385507842758265715010171077867450850654745363615920546,1
21320614682062547992240804121163625146334969213962174595944071920898410963286,1
70966476812600353402956015101533432932907553849801675387217544813561875345763,1
22259697641772266213547268549148889862993060821758760148884710895100015958332,1
50446712891769114347424478161625671503761857716152812547587298138490420767645,1
92198309997091045209696492312107390357233792716195897936692834755864842946128,1
10165183318522921549134477504364585320686648095308474457224731561002391605110,1
104243193532253054632297439218223886946647047560387885321205847426177099149664,1
108371540561417854897009046740672290677210609237060353064526957297597977306197,1
107987503141318234906589125474224934633096185565077299425796501236742315605995,1
70701717521136616276570811827633601204732510363084316149812970331604025385411,1
93613455740775134734765856665420737286720251892447273671393214501878603883746,1
5635832123977718831023394658916846782134181449000031715715918465291904889650,1
59561416077447897239260653971563646204041838720825218309203823437486919226324,1
79821348452168191476737781009153278636477689867416729114711287670519344744812,1
6165959717509877443832161406387146928449736749358958277036856802026733633464,1
96549479387795598988523501963902824513354519036264841413835987561006099119625,1
80638192705548159328895778656875074963591809151563347902051288454324698075444,1
110338672722665274696727002883632772629123275126736720777619412395295470216132,1
28215298899497132853255539870504528433080114530674088525326820019511843837711,1
90666961778970461527576018183527694169334188093353278402511443931989948521233,1
110017796826194100379015830806714601864206991299711399254522184172710902960276,1
28320423088965634770812000228713458459877313862930847064391510601418957063241,1
48751341013677311404626023787212098644589698486746300107261244568136876589422,1
43679948263153446590633616757698652798304452752169833305670718363170832140523,1
12938994055066061599670574721141308121889021743058001333606474877149231085322,1
86752212136934866867590745323359807724183597040203202030310581993650335490985,1
75845082829228009153620680309531092950146616569777572612448218185974177552182,1
27935928689825048365249140877552644114503076077661506089691799776024326475842,1
65246298437287260584206981689480464785018260553542146418752533035570979521741,1
23721819518230373983772504621785379233132642853731609469583087876237254963675,1
99325369548434315861027778060629776711327992053084519558381985172524376268371,1
104005332953517763056207722738282565749438145417685589611278512692035527497526,1
33508881059159631046649642725311603765130094966267471561876629946440992559691,1
16365690261011162988300896940632246662494988905323884122881081064637419939777,1
17901499202426573826231214319705166508829222418517263791756360230501693823800,1
14625788004902000526629780450800245182337215448119934993904703899706373117837,1
71942921783190869178832429962024730173083052985677261730961044365438759597030,1
71398867568602500486431354807313344826463048897213011206423403255006786249153,1
12826745318765041954305135001503189583365004867319859631145781413837570907671,1
37304897821631267809257070561730367351465563622546309707746245701212354405455,1
68151854315651392607848594928897538297521940786931217384583819614194837346804,1
30007882200123771947939083488250687041723601427680487142385753123355485481567,1
52873471626710284307555068361006291246238726948885427951915850122312437414179,1
93163633548138515670547602597208680181680549939388062173731962519881903057066,1
35504681623297779553505206467451319256733392676257621775049645855838073995606,1
35280464808996192366666728525188163817548475084577589665713080113866895942154,1
36594409033209440573208496300698584173311903385086585171451219272616261416940,1
44687329292680478572806720749058293567972313293225661576386036557791565888120,1
100686283023840208533538688875890413208137672518534840575243650422623207480484,1
36297682335683886074642964689510533542607378152781590264946118768405012749624,1
37316769035693365333170032838176088197386077553131472671373349363196072025401,1
51758000358803850937285608739081588091446727593054131535608310361170619525464,1
111774217381104073945972984565042823798227215532222996883130109147157776846120,1
1668410420734287685974563655579894262710516122947322002481532490601357260500,1
48430964907088320564891917778024441921252892632594056311911480844593506710733,1
26953322259737025311176152563775917147525171025070030887934797262217992152063,1
80047588908666977582244573962429056522405638791440175573438195221778790693748,1
109215472419693963892266772727185443749595559494050317634292632155532051312256,1
47759974743722706516170402153392028841430051119643858502685655881820169340226,1
4970455764651268374625236271163169742079020935308342554974229151490988927854,1
98282384850487221824358239769994515700378283828939269407662175325101824223562,1
83952806535258956653053987619859364611374584450736668755860116893980829562587,1
45017416634495883716004712981359278738108016173704552174472663784429272299569,1
15289660416219749649581165541978831121117337644896782751370321560842384353068,1
64656977003356777728230115422031106234208069440810269502280519158416365206171,1
56161748445418799905239264673233215547367125897087609607928741266041498954665,1
90804457081551207542307624715795297603293970489048876096102509107026570989010,1
16256108754959963634075468434300381811224543498608963798333427315333424185988,1
29829560973756029241299246198892012874808101061671167100653398138077409066994,1
5779014916370741276947282841317388349569623637937847913917144717699455121525,1
42866669929848710983929604993598272283955991492929713449529956833138673861198,1
112545538779618159403768701665776959104351445348756810969183531148388826478576,1
77421590098200802032955395753864325974441784196142997527203933869788101924046,1
12548950001678765819083677905956858970025160830375799777266989198414894228592,1
18807588303663164278201547886706175269426452929031540791800071630917911611407,1
5288984890691407877114907639071146472030007035460669569681274582087899328004,1
105354372974054021143860135117119314699963635878158320862523866988261393274044,1
29463385678097036198933644126926347098420598397925390737784422582482664409477,1
105973776304297770201625135337251748107163571635673475307130895361116234915538,1
87050159431061011577462503106706328535789246495026276761755965421988771415996,1
82433122621235500963720435597573461170325997149416701929752349239268059915204,1
60492335363781359957350039322051131138879452752232327515282435652608066026421,1
70050855830564035315101774486154411399449859118425181719933133642322565296373,1
87959532381271661887676475920265331875098789455109109828054907422269027297193,1
114611425378490496806344500037387488038501333027311440439108519902452280785199,1
297732088895471283200021568781480423486827818444973842312310161885503840515,1
6249483209377329905767240634395098667069726710535611255360937691268279840911,1
81141622960299798186100598731835799420720692067020838352193306108346220867041,1
2949967915615355622325483373639095820641658253818146799438936070957579520597,1
29318474824819871271818090452479922528647738671435948074541511611780141429865,1
16335331384260394691160667411872615749328873275312787164554623861923466103383,1
91291684698781016225177507908954408031753436324093467453749826581345484524976,1
101598208949914043324961105395391244361886986078080634364533152264035579755280,1
18660310113949215715177303789363347201995917871865579495139614548714195272494,1
53283946544425624877993277067287808465953467627295026959763036737685031215071,1
73584798125052265904813194538079299779907797371760514238962839392421267354392,1
13136044896898936245571080931011291712270482216070591151289913849801788576113,1
101246981272435677017395664803161315266496549539520247507904028274906870752905,1
93006630387092090121434940847491076441034847898841437355272580619264973271316,1
46795089568354321681854566860178733659649768551236748145282448318284244840923,1
77453629254201076108230991565334341338318168917906993834923345871189399721023,1
83260928890585235241003091773601103406076901920764108355653009170105069494633,1
28296492612515537146549119390306812028784436421671196722137878516946897860349,1
17564134591815407082090589935588156184574009658315381964835664900808611934358,1
6606238482969874763378875348427376509660524432537293729393599096408963952660,1
103341097639197887890358438113033195272224632703878461680641826873223324043841,1
88787175600607252958451351908579775191442071039749530477064369064215063268025,1
9337384381883629574225033629794395733350826545806746690272063366446493362255,1
4518855093016693806610845842784688973825986378086223771514270343639885288123,1
51290120103011104877655301838582926593543551137240089062660543502979322071649,1
35042598409093134153437902556043652615885270694650537105411077987376418027846,1
51055481285602786676398258024208221213303444334653093209391006731382228008524,1
110437729289827589874115493895666117827038809024127813894410205538521926019347,1
30941967823343278919130254966983928637626839162161833196489901373787269156760,1
28099960299735218165961906686993491916798108076190772963710260782771691726782,1
107097615475570068661372284705362949860512554411507578430994838219606141565446,1
20414436228289573422517434083419634425924098212676928012588516405065835696794,1
50132232357285856141142751007843350825702935090661384650294614452740478254747,1
42833334314128937174316320941269679920617824472808568829920800597402247410663,1
2551398832927732877051785192704165292379518873286406181468246278679840625506,1
5620009681290841102706976408596497901086864257075968291412653097256710348869,1
106354332018924666016442379970661204958837855138666623364161967975580288573913,1
47565304087680001563120444787914428216753067198974934229745669734438600213328,1
11557253109982560103096228690921583353639245405382294260074811651878781197437,1
68776905356591329600570668987432262376357527767280899866603496027691166793834,1
76991357400647065199075170706797544387428965472573704344798562841071274767618,1
88953684253793565253342535454900113634005174127392239059246601437756169721726,1
27373260416514570694396012543293416892443144121746393988567343619237248544886,1
124768812340119286599243189315536700731446563520711073352864634966126125810,1
74907549953191472279959193377919422657849930365171383361255738068004745418696,1
40307590958690890677874970064902762506712256481409908363641960764004165447131,1
56438278434416585008385388005234683072293680571656267467425002379160976233733,1
29718228132305840600388297942188030719920351972906383423377994366756547972850,1
52607429191472717496855251589847673844009180652558049201575076143197440183235,1
79943905872457878465501313086989381559886445844366774574497785886804402441422,1
107816266629041297741164559011001238465629082724685773574472079004300272479076,1
26023293597441871511149065838869140525745101920402117637362807374169178832901,1
49366686467642061670328653434783942183934194471273604819274435223675388372794,1
42793374928618738369618319866618498869028030413107078454618599774581495719984,1
31834954571961869624307096321227832694357026456140245546859799713314286513996,1
49040616816902600762083036095589533263360723277072238195283660724445288395524,1
8650688718084811769578190789966063335465058744890543658969373578372705457819,1
75234871179641034436197124240633535714405133135800301955230496501107550796371,1
98533043089416725985188505064201035560159984793833286374848627989798736465427,1
47151380445572245147919151963896251391744679621091869677670734936665203767588,1
94880351515822637200342288008713560667914934614778285798798377059403436350953,1
64357190554257732007510381819461997193589546297102083766207647342177545936776,1
69408285226342599642606971225323596387844189474938015051672717820093026070177,1
61303562982672084253256300899951496591427161493118812684193251990624133912234,1
73399344710708295890659635691469179694128716276172509683721898864213155978905,1
36822331832506127747068324178777170784107347394074941383996969036247567552587,1
23249580952832092043599533204516969512515102331112117375180376363160897994486,1
64281481983265405511808159776535990192895033641823734741817112852407012788592,1
99152494017758093560217933053255319033533322325086070361170397034234830667597,1
101016093779455268297402705849814535005831143812380754610107188228848860759333,1
41704398301340701349509188327393318759063150835989136372686977617388833723775,1
83339196900481825400343652331128709988834988985634320014087747464273476961951,1
74935376213992236692250605120623854220003143467459173480964690317498585458261,1
53689281832295044375226373401737631472048013334079638643967254031910621568651,1
55643037311097716205137269370587148539281694333422695927388873353534248744833,1
74359976797480662344025958677265379237062421533520014684231252092862926926789,1
30510015439774233031239967274482584768346379925765141461673169909732036430245,1
48187266718038557712873124566555283708429522333611725900755536933081830364351,1
41899800589675714770348669207965141051742825928137428947160787506667685419270,1
74468405798871538605117205649026578478035179545983612844021483772304268263788,1
74612395146803868425010315132953292852163565721287572354713461699648744982479,1
57102942788082039811002701050613452327274256157953271148872152759493897905032,1
93468142633182258638604609731174658910406107965195487219886702448244174880048,1
94407091817643203829324383813404593557796121407873541837901170683400578920488,1
67265347830268385592515914693855475293637238473392842211266095855625771441777,1
30986839160729383935094581396597583794529810748501978750046187702427595820674,1
110797908426127436304361422823921575259172555251943023109605461289629023976528,1
73219052283395480031603559998918712513794889551112257311365509407811367074133,1
34460837845830339121671075802538876390996322052564684417296018865591185393086,1
20038175214692262012566896136865391514797718380050206849280796745048419331793,1
19322510654210477887167097550627696315743300820305757630119119345422059317213,1
97676334713435694297802100396063173887271701306341493138639042760775504448835,1
60932678902171507080743826377844729248493848690117929474904343933208369162212,1
32660071484743949171293538841025856622898158541636716293124302546050746167592,1
58338318002289989536311765803068643431877838111978520221706237611070599487320,1
66919888566403822871531022828294730762959189885934719721643363222092572226744,1
98905471058077087477512372322628902117951838432706700612944277546885465870543,1
33050367359944509268570612593254453539436456367470970635411360458664436284605,1
17844128607024281129394927822587766345371010362473518043622493944586024662764,1
82791551347740744967599437838372608943408223096045865057980894477457031358601,1
67122578154065387711387165327126935318612058161878844527390465381205112227954,1
105703002297347779561970042861677280388954236239433626355433321639808517396525,1
92894142057748801274464452759628839935770192720882394294042439798932973402707,1
44794819701243605498121826253959372674649761123343386778012759402473539009889,1
87877280881421296760799388411461751311650792206446270980214119594956349357465,1
61410007038336038070572231164150267608925275575148658330595444908668152571990,1
55351846951651896824315719930400866712861249132203784644176470392519546055022,1
95608826514898224157414518823402641999820540952475213345257012895769966651843,1
65819584974645293980121640417355899731741089176559686322985769591704629071922,1
60768347292208708961038614975190291002332928286154866343861194896267584287481,1
62892674189838781556920335281913017588149051466594803660218442862132608634918,1
5548870867832188428368250139792471664300293999222435097291673213308601385027,1
103750508039794800030450416835166935487988558545138562959048058104094889778147,1
113984223697034503752649652428951350667943011065678521495886822599199963183482,1
45328897874024339091364407452613262423497776531740246082500619338980775156664,1
61209730339526336956218148890175381764197732388576422114879598147151431638636,1
78079876514039761557873596160438443457155289380097642278528277731951001141058,1
26219760097666648836112425184733451474469956937483442982261607305500000912909,1
44665051779173781068920889668202671318098834057661527317031071571547021324824,1
90949125526817278958927382075119436117227088142988670922204048375873131093358,1
53077416950030363971321540329934151526178282951984862855099227961615065727353,1
110534192837871664911940759456769895573437681504808517299048829106796917105338,1
57700456866027459592020638612352820933880602725513917636074249597195421888228,1
103484800099181115285750665972234733940195201223989228114564920120352133703311,1
105569547298450158356524940182445777722952694512404149015728456437239235263460,1
93251910086578378107938963801442388916083453805008041095096977904256572407058,1
52067595191809444567858646782040922396830946571692670222764298927657205571980,1
43987054126278458888487997948868818465730898179558254717602468796375487101615,1
106476294906320403413409867848257505721638263637694537561124063942020028445817,1
66229546697234146487233927311563541444746725213210710909614286919572243964981,1
7784655781484223642852757612522071807249886806404350712836290082873619436457,1
4249975558924844461621067355699933350781896553064356982954121466077901847177,1
34458609709224135451097578732334992551031022666284329209532035046373653526434,1
6072486975956996234843030954760022973363169125288550652286948543115687276925,1
16291624702423688394041797885804316092282390993717837580093167757759462239299,1
54620432061164480976237180214426510195865366580883281658601372209058619512439,1
27680147699924964998057697218752839054240761094015470794580415373984857038860,1
105641434413546040649725451834852089820665771031196695423349190561837177194630,1
109486404152093790771239639216487682507996078987327658101766401764544764784962,1
109898606277293554432513798390110135922633044041288615295928892940303702547623,1
4131738847838157462184231098671890804546734884433856136128477958114811576446,1
104676955634228195452956837181918494853277715257200500603629208144555660637077,1
55859660548813099965467409193648952021453476856329191708506502374062660238872,1
114778375065871012420075295480444617257192430191939065182587901895752716464694,1
30860627798227798988806021535370724033300795747186828327024754144132044673143,1
60834019346363594956744172841512788803010937562137185656660510626941081908946,1
71155571734937874391332755143685065634256455163381256958819847595081672995034,1
87993307382857022898150168120115235502508599843447266139295210099628955513464,1
9407056789596379786698359843493800510692235090291318904890403343072692128,1
63928707978217577833079813073347625688068110956487693337115360565414347829732,1
32737846310921470759381894576977139614318906697571518999254948937758288058630,1
109235915688408449198658703464266985261502435470858910402862519798193322989820,1
55524200490596900656001923060930172288509133072550123599298418001285357395358,1
75582674491851366207823727465465221228431381102600887694123893558566244723144,1
67726217271888360168397550773565634901955431719116694067794941150169787183429,1
25661381139477279116475397999451878920958773502572184373529804657650079994875,1
56658805857754438255926265282207625964826023730507629706282203305376334161286,1
2290781636316600453493863990525242165918902546150515755314421091629649539210,1
47588230952103510809656605867625353792077885663254400992772292747914196917916,1
43124449321134245626608469931561360783162822926451591611488648971186915015581,1
33300395897316718013145038888197660830013316853859486747768792720450142600025,1
47348517204907186662558978788627880547438135531239929638703797497742488210811,1
85557646706610391552613011880899690993195668439773547868811021092356433023266,1
74247582058670379622909861819027307439035753819319534649158180369921619442569,1
35936375658048193402303257646080976851065990151365007921113877148845086294075,1
103043316512119929454026710084063184817849821514496148679989062014929632531781,1
89646621694643651040896178738509719885529272010592967501386435241597579833158,1
94546484423925968479372139524164140955400347132573247410672506460509459737924,1
109941669618538876102495420511670420926462881547621654282825015226333796403026,1
84768819948309394215573462956521074221917819667721126965146854842207018208460,1
11940124941193221600716247936874375690444763540094665377395732907267611330919,1
12708938303555121149257413878958653126395416565260768775601039808055625141467,1
84533587164139191134045530071027093046594593450878076548948576820216369211189,1
26758064177359853797106711151668162739662075771457237981795374820916139565086,1
79271775594110573062346930637943856196174451111091481941690351134418811049896,1
70567130568322842262546969029899640659070235756234994008914326971703859733472,1
3724688856221441265999250418143079805451629861775952149764798203781626989056,1
73510507497992975436584311879067788732809941041791363309286309017587994127954,1
10194646285851342385598441008615416867253536542716626987089283711062129173255,1
84433869203187053585602716785588620100157700938442129293766742393894756500416,1
28857659926855520855040855060522448633361068298757346187409026936305735960659,1
10766930861723945273707578938121941704804034176975903848241149419314115682325,1
89779749872415228213840652711821994357530380817641566561400800446150302155356,1
44165261988371118182667506747289067001887188531212008715960263071776750304084,1
49114074426568128685121608702679467104094470960678461982185354084168638619293,1
91245344284588644509930660692365119831987813266127171009876649097447140288459,1
89781829108427633033824577932970727930365270124778443649295441659117908346870,1
75885876883602781045420244756602808778410903122565248359656210181216365316402,1
46776064364230005530606421939435064987074367431278961066502689421697316477653,1
30219633187397495392590619567333759397497137707113077585477625437408558747318,1
29259608327618091203923625380814376067467088761788372692265903376582741968713,1
23786130073499710624174603086968666747183758493775063368263572685088635409643,1
60392787753680704951665530015529056893610497071396508454356166532634677603138,1
60706815697686748089395586361026734737171997395428847254237234978479188385003,1
4361301775863290200921092517384158264633580090733748300004151673036112509185,1
97911355626195013459100213882491761607987513513358871899129844973388882998156,1
71636292341290591306864323618303918690239886287631425879386524840762039999187,1
52296393834132946469129827062403665191703007560775477899827894232323740886611,1
59819215096882347911160566416306375499245149000236739043311029137515730923161,1
96220797457876432851902620963673837966936973133761993973043410444348475718798,1
42722550895983661572538242067153716879142629172521956087135670816030661399696,1
86106644610113624807751867069900734508784706789740323445504473999715598161389,1
59224399456921097446613898272150536307331826044325887850936715712055121906721,1
81959177195521295931433853091246634632149242592025979589323324864500856666981,1
99750490429700291740304817868694083969368004125974805531209351180202636836204,1
48100469699848033242700764569660620406809225089715937564895724077397435851201,1
93837086403646130900957222611982425988248977100626175054946711543450776270399,1
3406433725682208997903591803471081315981069576792319051708682021703657138744,1
58877047528136191484418469015974965287844921933154606878053278403085854046931,1
66296835707879122495745230511582018700614894635339132134312285951481333828188,1
16189452264585413611136941631421622542951405501132593821446000648088176392350,1
9243470372331149028131924365869315797602126627586058366993890020028673623363,1
22252405957810642121995606865343073894305174379556948508589036664596083828360,1
69171128517085823975862563209595185340686928781840653554680673137569746524079,1
103494387147527529039599589403233083895119231488473246259908356749627102087631,1
54145177004851754944148648115682618301034559162985115152518029715612843599555,1
74684612147199905239404281953998863215204756123503556630342972805256504931494,1
36624182069101919577646594152561448874746752409581312104160533642392717003398,1
100180787977190905037685481209250960675837107959849842007122860888751021574609,1
27844696708395368363199342302755420236072961993444074975966629092343185091619,1
105462676542983146526657558453153433792706090369633619876787101668550561372493,1
13669545654906498426536198778924129320860098006690469050621840159705328448214,1
27618205653906618892560942611025273171533424109853910275329706291231992414189,1
44644932142512061158998501899819250151229335761561357373663110063500576901706,1
100907147914253122333491447256160968798619885550441522279947656352018463605934,1
86251859878536701239263102252000144444561467331454291286812654408714829294356,1
107265898773795155574869343460846295163822481279414786630122001155692485484576,1
39737197414330588390750096824267342970009766323894915787464370296247203101608,1
13220430675889821972362130518904979845754665328940377610064901890061644032008,1
92292652197049876136776660712533677403394193525587719892117593951557169232545,1
2099315185021344695922267091379610524275026946917487812790771406039033927645,1
112441777609539024133592280987792624494271129520264473331109382326214266604281,1
51900309734014255607582096140074217932329413952066957908958837874028072742201,1
99909461371499607548209125440499899017429354250841635351782671346806872385587,1
24960648099524483641022677238340197169114995717259945982904599481336276410642,1
1590301665895763074571688329299118672219306350796916596672250940424957217571,1
109678308204284003002108162485887803616105673794100845141760303815171087646411,1
81718914673663794827350368887169111609604093597619052900419553444180297103043,1
25615702807687195999159798012469701694740953950491421061491256418389512448081,1
35306322184925440392816930958436278948418963190975798407592564706473817686694,1
101898824834746613578883299314621832836529640102653357141503807690425381575560,1
109677617923804948147449022662204833220111746129404644268277623548611269394860,1
72413601577632022671522005135750567343714532737519285916341118553695850146831,1
86897380491535667209193428306827944916959522905745541658330559363728876411185,1
52536831488027542038658793756224598125016113631485607015685717527317597909167,1
61488996043108593456589405581678492913993530129392270320749769688267164626346,1
52693299874297230551605545802370718237218492793196703415310529774934795595202,1
70471190395214348077530875765653342925807720892156412711765159950501497949942,1
42045698920117396815588049949410963019378802711276927494430157964976789902985,1
94670927131050765859641234546199037577273534574472590804132617081578861438687,1
93625658938520192559822772051871942873962958167375020885280382787751233099204,1
12576574537765716041951149960820758537778349518948377082242391804610098806024,1
59074217467625322538705737219013484620446640185979095634352255465207829940654,1
93053661074214709684281460188106814454906792754639901762596245949908511869411,1
74305764502206470059559901066869627260600828319253066180016259352571426148036,1
62932851788559811031386995863293124098695712257667210191895367460727281674486,1
94264579797360614470123124245183662546770211357010947372908290167133726802780,1
12390147474924855333971696385685984473166833540046243213191551667205987517753,1
54899386005624475659896576336567496498778720184176710278295522834069593907049,1
115458017966696494726487334105633468049535479067070264768726505952272612697958,1
100011048818631008567986799820507513959397640069309756743080042212913986123216,1
40270333310593538885020236364735918394283233512285771741981900614270896657259,1
20370805477682567629837850019767151938657410382088309413090600128851959044146,1
111878707719762780573053370008132050577936410111737078126110530897349977293757,1
102931488032768336130954641890069751754710901677525806250444105747803018116238,1
80698580785139984439838533110430469040958434460300775599215169803480424124544,1
35940603510025709723704171599036829127446778828823711865015299900990842296826,1
100669913215742820135042986314447753518946900816550091651617874055338391309587,1
56662643240152180272356251962620343764831167544326393135061281942325424607796,1
105817815914326172581233769449236368879993431230258420324020329785955249175022,1
59777520430810251247461063035559411292402317207494771768982413748824646856044,1
67963858822594985011845827343733163930561337365866090174825850237970011058489,1
25938050900224215977700964927604913938095863154209028512265793617154532763188,1
12799227676389959233563536915361943226480191315570958516245160968267957841514,1
31319703525613999543898793246882249320635963701985686738001555088392248236287,1
67163124272560976817974397366304149330913018093195063473662514739189855469773,1
50203929180531716808392730406404982056060714456416741187396297373586085875977,1
111177067604674854189417871007956888969053706366123250915466992344563283478187,1
96609503432839547134991814637420725544881113774050230079308789827593957745457,1
54314492929938488545747737291448658289926213776459694630243220784473853072647,1
53808782891566609523960911219024467564014107025973836586979502415255939537193,1
74096652599970913522221802553090941246236085415728436431005739958115442215075,1
67960730684944214526869433204557129070145237384066066431583951923398992294831,1
52509378091995846163784717880067549235417367322798082135022895711145924558685,1
20223918869278133890789726905083027666365504254561192453077407026908781842655,1
43655010451839755200887835279596856383463515808662409485345917444955323828980,1
109844836468723230093200642940339088500321704885503997267190382168970913705263,1
76951492899712864327908938070729307974874835467328243962260102263235899124765,1
58801747404386044711069417717671719222865002384841782561756174664716361515810,1
15984828257227698659646204856132561488417303548432485680127782169312771839875,1
113827480941190199133974220401836078656290461159344022988358008608809327432499,1
94735688272322507450397051937158582194651845948058351201459963553692146099705,1
70368639871005172404443189012179092208288282217140005774012619800647946538106,1
23790131042130034768130327134296457078139274189541912801182791679837911219954,1
96889080833314871284849462675880820209798330513073164762158378170952326209656,1
37922444228459745572699469910642717239934921267960043235516486310608703090728,1
79404416181732310110557587333486296414245642140114239937155390186767720567717,1
95786961990696307864591089893355449677456738046695528824946745387195611370075,1
1506554811498537702771939545591209631227974659000276753151707709003596493040,1
792954725331285150781115174319938691987215399564811589725320566928198729145,1
41264703523569508705771740946867584991852065279552946389699934958163261622790,1
73607787767311640781079772857546156684538615098508973541298280795947921943630,1
4510578086974459071737903328379654399993225913580135676450205143554640170948,1
35980105035739831172651331514073395546662619706948280391159648099750430870144,1
110062214202067022207869030607400783684521125995974564371322231470756014321146,1
54618402266655111164947856762281042965286540197123723843384963783421158778106,1
77342849804056629975385628451346377567550861003591665320806084602128165965508,1
32809977153785427487389803240280458642975747654855534632245542503074697766302,1
92104593018880033322327179786519359821412522087434122570944750968110172643353,1
11984550225449422732113421101513874511420805184486971203903639444870151547479,1
114245863458979903581115031788696932766426432486422710837441815221100912029149,1
68252140152688506869449147463505296407446445248939144522064369288835638489285,1
66923399644480576746859387880408628229727186672259098827647041722415401479032,1
107059239444717103124469102182547010439364721028867304078080764614446761375747,1
4970995790838907729978332355991768648250900410933907516160736294978275958221,1
25754933824277220828214769022725213712612072040011849328463059802831284427780,1
20837453709965981255053968981390051965877946795740854506848440715870884206334,1
28234222041719043181212675737881840523679187838468608891145049677522118845827,1
1409536462317073311397769628441128455523928296446477262193336562633222323989,1
8182252696312245732727819444125114640700886633364912515647608191275774705088,1
95716829269006642645887481489358427793789905206887505904168694093068182322512,1
57629162203007944486802012137411938784003129020830785819092620906580977200259,1
5189010885252000077141952032012829906025684223511178100566857953756234939759,1
97509035681082288574986495153638207330998117336835535717093983819607263494403,1
104127487199120072193516809601762657731149710418508471377573951739991016369558,1
10133781862234158074693341496928768476111577065681216277752245839080186218324,1
14979074649235708429149834300084870606855013160100240336509738641167116880582,1
85841897179453830398112165458469309697460646642287812728409047996569740055206,1
109561087779215276528407443371642370274318295214922751946635801248683733992732,1
55720412931169311422268437435910388986890866874424312823693246552774271221351,1
14527322812338703007646549771217647871745497061007591893427389093219165608544,1
17646199079851864293930987463987968187988286322111277174457059685032141367031,1
94314547306281842540119946786332787679537777702428471799280328718094528325706,1
24282518932606365028570193266690462945893980317800346058039148951138116859064,1
28593781304836319578691982354417945715196440888262701614488751755157083036563,1
100349221682787068373637410627013536908280393903517412798711659606544988091173,1
114936294584512309277944142965199891793744268726897204503006063662115941407668,1
112952758578440376774773790321201563325230494015466247627986032342186882147837,1
38151687264191274827572507383084635726010631579625528934905948879490605099860,1
21127348646182425483876954579533534699461482590594584468286575654591682936324,1
75844713759245824092631387310733276179054448213547166458440014298996337888137,1
111478725606286650316984165669348179881918944244460335703923751116410522322561,1
18464508513907422331434512521835894634344086761563542577085755918156789384275,1
100768229847261003990323349491681944135590261638810468430564174025181711032279,1
102886280373064635918769865709257276166655584269564787129114439575266356042607,1
75001984017946784843550206302367318677999027924119131920842993910927705451533,1
63745141895427669908050803300585263411754158877447937441653146090449255026082,1
37361682914490269144389140616174272848043295274498855840222158630690255571001,1
9679417325457741660943064745349878462813172290559296256946815292944318343959,1
60748851089462512841988111096250779707813588570236929532650481696571785419285,1
51873149095924395946504770990485615586450098416250580277172625529766989602889,1
78857431538975965393776461944849013369063642235604919120034470339469983689208,1
80984079990201159056092890095984028461873230871007738068116636167604953152578,1
35081246147955859666534669874574895896211997681534252225375056056737187709499,1
58805184565650197215878978536157619866729242431994610510959138545557914891893,1
90682192339459226880976130739135019182030894278436964289278463189175367146856,1
111837266554082862816380828336086280937319578179193664992559414708831991522667,1
102981874640489706724053659292467059659878029977337820009373383457238883822675,1
53862747813039583267925300741725857956381218050953666551963173951722566776279,1
77662245904984287751087874473737136645348984226624245392153719033480960653570,1
60913858499985391464136572994012090392120478046943094210586402639351163684338,1
112288741753936499345098640095800421222005061453047276804187497242257509557466,1
8916139222112907811503574326999756221670491057396357193689183729023202555368,1
81992182572548734595416136549243779555644469842397538998780475694217284250375,1
103623081055816543661089822568831396134139068256253836974074743293444250514872,1
53939397691525882049394697409128199854924340183219855584133344199522042473903,1
67598147724075027825772257392873065090775734398312802923995298269417222900457,1
3038508580326421584505681222242283454930234573221766209750249230429532049402,1
109732279158676839943889957485084545605907397822926282957550479570989049014380,1
52398615641856028188973738656956923189341376901793312128657348637112239931843,1
19808932159376972655309195959735372616914253226092515732539851276427235531661,1
82894059633142643192915652717590311026940124654426413243007090879747461432035,1
92841349799957694499108423808324846171884924150820516056019466735087608684800,1
5651274391396334570295581535078108477336496435480525786632809649598241665303,1
63425380669963987322847388445692663981439195463824957853168156211043560862995,1
91923119852594620309269887822697743163057114445662604486757386476980446130962,1
47527363525234802212269475337030461168345156860783912143806702136198580569548,1
21369438633691589889431804255304344909030781334832881680525229917203890351897,1
34987824147343246421092671024971641439698724876602514200376295383249854870732,1
38700874057014458907522112630608198366279748109013662951885961288120863142350,1
111548549714366132056287705240421425659132873000747919780408479845057508645825,1
25257862060677326546066268257832624081690384962427829331079915666358206302172,1
94857456164250419369754847654432424824308810733072246223328972615535493278212,1
65952335579427200631769355304571254526507671592359582971642197780662132872822,1
65945108912237558721907566288207222497740143247279185209243017578877173365347,1
112271796294811593527130534864643004407365732082864837125691983354256033592500,1
87477544996943686362698065821719165591199214940874818896045773643189564763725,1
30249498518757185983409492059959096595405320397025494680472657694834255782859,1
57216198254447010905446351875082953823309300520504307608408333417395262365037,1
66691195249454452427574681472468391863767757979568211658214484428104782963145,1
86218872222514066501533745876840368891972307785231037054419525365917883511153,1
92109749507856062740867770728789178910101440703603392062034059330944655162248,1
51759649412488952921708260762269389036712713698784199506345646944626226937274,1
19277830007532694605298318661927016004887933557157331261704726647371326320518,1
46011407605561234413136902618987775148861354057911190264086582390614299451637,1
54614728648494517760087084474023531724740357305759359044910906145309489397554,1
115316507998018674004007347856445057679752720285620395508154960948580593865401,1
32314145697447439071757699779802892425222100162025823887548265891255195498827,1
44662161041200598996593497120576910767438061627639690469232060071520301144582,1
45978949728190911698109830653241137343510215495364889856796247068550548740071,1
107602487374841605767187182876449268967655646177638183381024136612251162012307,1
74933123064206307264986048522109066353509809849877612757482629799097209002847,1
17625640913698334899088093465210714335730328950975237673550720469096342381733,1
45026200859180197798126875598628585102571340552193345877066752046605580772647,1
4590061780470152524589270544986010102651565756623740716077671841469396185877,1
96907685827701538762950252181158710287263090800578874199114781165718835634825,1
9107300023058616976791262384560759013764771685917849860911917797790157861136,1
21879356397430134517722614203922065098607361320348359238056399195554109307237,1
41580044344866786034652365647205291499634493671666486640296780060433267233689,1
66234354257740808434950833722050203609621308686371609317046350612504626430064,1
64550914435870160067476032425195252802836087874855441400529483102817573523540,1
48893532524734368884723525674227557144433287845194398538354967525996340103936,1
92873265752636272074596910495917750308560930500459409693009917937325376623845,1
96275698519665501982811648881793857837700677315612486485408462887240971409528,1
41059583548736293641943116217430247379723639734595483570104014962358306692423,1
109366883079929429748896996382921624480174949318442026734266854116637441664221,1
76052104535451817627452797036981982313505055986928891957483509007453620570531,1
49177959230759820757701928603609723081086647922239452376707479516858410536997,1
87629975987016592516040845960020191595042896780491471055391548282171148873437,1
33611698931499763903205335533119900445751605598428729271395549059516646991088,1
107357426754850979637034553575040189283041739607720339634040363908028346577146,1
51204166626684042030757810609422898583764234117149543591748267173137400883531,1
64040485289137487127001211050203617733093147782909057028178635786720926398366,1
42472144028492367927110724986827772539790401938160845578772655169590945173499,1
113870838633579435541328394866211832443311976766547053631384487716807141846512,1
54187650880076564628958816004477073514690990002404911183717780563182152458920,1
85300282521493034651461828970436952866218558742884275504619344932364586381412,1
147856310614338382273930540971424977371222496748208276423422878985956163662,1
29481355647488187638345397411418906607790939210491154167699711337953050218970,1
56814762460077454398256022437149860076925919435763126552368013395050235441160,1
90482402073447770019507440656536687057690012149177469866781059054502630478038,1
113558185988431019043751835690744663081342230407714547324263684709471927511779,1
63922811865927392483915033604925256721146816878004333671017948566090088916108,1
109323409516680895119102895215295949840971520029658073060685890314702346641010,1
21066450549827465795335394783268934450949167499051171111405307807622297371124,1
28564479999639932127814879809610291168782430929515937714187292800984239486213,1
48877438768902795994825506293794270428646836602248348020061291660998154417879,1
5204842178251196599696680647989979406288863325296552454412534146245409199049,1
97426699329835346241464398986995779500281937913352477076260746536018177479142,1
45704454195935889849408203380259831036752298438445936846982807036883417919946,1
35508887313989449995144577192299845147412616023592306339230791041070373077930,1
52282549816545053205242420912337946597198772943078544928965908978541017069288,1
83425611715491898828807849686446419237486338165605364691474202389431974140068,1
43275748499162842506402498035259770628856692891120825361012524378197407131697,1
79905903661794039435343643331091326246928861041508352937829663980222368655727,1
10095359231789048627608637315889103221983151157257292055862660441669253870911,1
32599779243041345896305966595378606316686882033014365093504197343809516109530,1
111307678329194335436173142962345889128395193850214360208527444150574684599916,1
113338212174948131585866461666537663731416463805644468509134066313239472102736,1
49904443419320479930124904976650965469755543392059574265647452138779807884355,1
13760654994456096628065649967324001615646398997878181635244170848667347969244,1
58841001949640055134416782584169479983282498128629463153562416007628375013803,1
80227668181099692030718065812466123033958416453261261975258363728670819994035,1
34643649937251420190759335529717413025960911294624003096351111342054122433469,1
70676109405201283686140889789626631882362394752241603838074704487046796172340,1
74383257625441687067271494926640605169177192996273305771639828919573551967323,1
46910592091214704440589314401303747379076021237573134887470536293464652667570,1
6666298922519483127590271543092546553330179303401604526512685765330015296180,1
93574215306804598970683727041908184144876346395001313073789375080346208941695,1
27637755324512271108096329131156937566044474588190382387795497626249362706212,1
42010300507449671027476532790901821023754396135872579750103183498041651127115,1
51842658506265971919356575620856365202820283965843517363118003414424904072489,1
60380395273793207897428315942639913699486084426094294280594869422175491807965,1
14679538025194022302719633611959230006973684870834425945369356429680411742070,1
33177775590349781352453668139913258923399873093821439527797782770390766502602,1
78420307331899673537757946923934907187047149671130396520453766580784945497349,1
10824254836374911320311949665100505886633216317060911181327995679481712574205,1
69228741287703879990544426079659944411196178322706352777781618103489949046008,1
94058247402779618517430273754046383573169249153607681844317721096918608120038,1
53237834756731301933917316304905515739740917420594464476129179804056948520804,1
102364442019520966837862314072408941990529930261474714003945572410357058797244,1
93594866162037643809043055988085564559879374241191532989761134575103152190709,1
101633911227850267501547595197849231102933207777153015332546523046600178405061,1
91222161853706972419986978146788092781729207326453548884663822040523446842369,1
21096836120189858884927301355665465967056963813072352723049811188669292133033,1
53068384903009272012149873480504011238871044604266287701108663276980553509578,1
67688013896007280051251873847081083331099038364682139740830134019174367125277,1
29233227110390937546349182821859255463929587005802688798285334572394091338444,1
94930791564851303761363894787163707801733637761805843244127998133573830943073,1
15758209513531499347424646880340942757852651042805092777046678548123779806834,1
85277109297713091929557227557348293879111012271778560938423553560937883835848,1
34594358556718937464659684597233974425807462813031105690232957292466866951766,1
12590861053926025632098774196056339088812043807289508347785478808865716971606,1
91166133188401377120507298754570455346634111505595391215612287724423849710983,1
90326958184071603610858931686331124373622708891718048376557010978894129068487,1
14918983691877914976158478281918559004936429930730217552267005945716527279920,1
69396267440111989126907844377662962717231128377292168779874308180875931040818,1
96365440266338952856887226457552125795129484009556402133876663577184828310867,1
106313263648408932033071363818723163183764813076472695432105956861088119867557,1
59979800545721188000503505218797156135362457573750704340707179537243914181713,1
84009275080881648553910112234380394046169708710954223993850680213207735887978,1
77735554321670217666809371099511249158659678061113327824041331552845986855929,1
85830731666806936788790481984337517002710569631417071110102482108521234174238,1
25051397469952151177211862185357780488604273381083126047956632756170029167189,1
48851219702820186161777926091381364094015174110254716892800899136475243962529,1
107197050123308097280122228828616466300832329074707656811020118941027163896498,1
103595717015168383003820334816558308936249335809665058967800554765044920945295,1
51182354737236997844028214966248212608785280665613697959516863357349540387951,1
6999191314625538785569030656180817794386990841571236500006494802170841053323,1
79646748962436649864603183118876214189124463436090167374161147326673019953366,1
108195337232105160001429339521824533104151444197285213382614865698801482085524,1
68351833522097517790240846413133103117888619399513187189383395532013499530550,1
77717409386603962443497586209147478306230173726161056097817102874701081250975,1
102336950984950277781646951219146659560733451415981250573240738010494609326715,1
53574249625531435724852278442840866210661556808314591332557506853209853498212,1
53479481264500215940755012016226183585976432457798924350351274466183567116481,1
34410469138629468182677103729661337216388542206279412478599716388651791269741,1
15849544424102662654226488164886478216044956106851088355578064037143689095816,1
82784500155995734915590662052201208454536392435100052262145420801799849349241,1
49211115751980256653778597059837853851877705695062630832433885010314442368491,1
31322536303942362918029242269962422665711360099657615283667590514229738978611,1
62110114193285383047240423495272823836457143272504339019012025092673498189944,1
19786359261582516972921067524292285868768033615343568235906105444270187112799,1
103287731407849711679895613502666418417014144697511644412063715004653379686791,1
98243281306409417291964665052294370068797625478761227786632487031057114277773,1
47497573143459037746845607511070360373999946641170214104757733046892395707057,1
84899872768244986249978518421083859127045684457827921968135302650295476182561,1
37731415375742349507014124144054501100517548312411467960930320726123066583930,1
97446555361442955830754653946334216676698717578285471223939892717506633182058,1
80183980449902371651900130332545719216320462098886008896383570021181983950278,1
72166180360919019453324238618389102862246829131247709805506678596756465047017,1
93414300480723526922398030657091036519564790186380831027217991130940539533075,1
58226031867957186915327243966983092807219082302284060094756637355235984688654,1
16688256283341284331873867357240062821520561778277541501222368337934180215180,1
10745034231889542745363909009561504147730097845489255750802745009423206307821,1
83045082135073933647242050359565749307757018677693015642267311953556040189793,1
10607153798656543136604285181602054411555004237330189103779726414634830272082,1
52643001972415071880614409677879526538765381138527577957693223799372281080225,1
50226670729053802421575737440883187802474648723636051404088542406724181334023,1
92464871267085133950834755976078132440011300503474212072494220082741855252787,1
44352826730953572753436256229686139586730230233659785900549953677197698703014,1
24865059420007265491176971215732586075241728974875135376429980995733254226417,1
46232234802442991326823356341228540738653560393689738887564955481978206096406,1
90601057528454890160558054076832892590156214749897817651658110609142152303750,1
93416567014341924621845789897676689180813321134606432315641255183568477595890,1
54943825745281900688960384599535011035219478139060032446558428237600585467741,1
107758258947255766580724026029410228055666087931825887516719674450061690385455,1
15724940620015942378197759161411437383870401018468484444705648365546212768495,1
52972441221737419595545770772254915069729610224442513520496331342912956789696,1
5592531880437103930703216230443894986296191838610427958718442490142413804895,1
99352903516821394459676122799487344581041285302552025254932317115159642224373,1
34314226482882937870176920106670089532096116952271371121410317059413119150744,1
4740928305487471585271473985935125073416793703892651752371475113798146860704,1
53462919960478225149418801116152980884284541680021686178934217072729335257189,1
102093178343537265376016572672586866525544247339451224287348739312127790210189,1
9628487036992334228494973841260129624058873298382602964497693948205751626667,1
43927229343763300415895059163859466456844714283581296156278903485332779732852,1
46002435707425557942416867621871567259740374083353754386741929356531256143164,1
85781552017658364988883705634335188655257844736801436333836288787126727103208,1
57896175130293493386932681667573874929282270647569563810334092336477608138171,1
109726947474073414037374711448689055213495918650464463546845482729019317312022,1
20861419028836793828356497111143280744846607522656678867396307380182480698308,1
95228125270748156195138029232204280033862218384615226657665871263384217774472,1
78103383556914113120433331559534589183283372053869503576206709358754891723244,1
41007507786122286436894658068877774418245140828864111530438123485844402269595,1
65455406988417218699270899406140189920523237563520784334674231030720172571493,1
13828342641315968446771830897863701340742131533337364072354156226759287035097,1
106906027197867692700605098308875959642719058378920946908648388734782301195014,1
18840985527810316030862487760638791059870855713051331216182342596586622068930,1
92939412292519557766788694269984315312548430997519804196309873246900825422772,1
65457634446268058055006262044684983963158332781863428453140954702560807701574,1
97827511468492406505106297654239030813357890932331197045940313538926809898618,1
110292215525184979793810562088739478044802243942790972489110512146953848090053,1
7288024939561298861754312522658169083961607640497564162770672957895330278912,1
31341578147509175229623853929769326519357392853103478908441840864575713750084,1
100751162286830578155891107461235673037531327749852382404567251753543926839649,1
98802695130951670710749185733997850148734751152613283014350841965327710725828,1
8591096283425947907393236320924822912586130856551322003004769858446370676224,1
93048025446442445816714118988690137017489585020462926502384977087787269227358,1
63458873495419543137761636392391291692160236716764065850214088282286076162074,1
27314274440061272230684856671762750080712826508309424572064888435555349772517,1
12692943540315674564809238788125416093419495727944870797390609458041445579239,1
29746150001077813743714247352585021636811140908612096216335967689193847726289,1
110369103668597161592257601388151460779268103982800957526115132705350301489162,1
76272659302505128911314774622967664006837429553886602805055235660331544996104,1
30987229961450810031048762042196527557939548283662335008399303067668332219605,1
8306905448283467412285530414657001859201575922450478044322134115785506118036,1
61049564860573635623455162006895650590058876110243354362410829082602949053604,1
92439018941276979280238649746158690662054345552901793027405360586880460407303,1
89449192039375041245334518463837780883654232120206319173696171446018470748740,1
99209406137326170789949474721093612709978835711804447402099698823095749503500,1
98637972685589828583156057094373767521356236196364455590800354573580740446707,1
20628546001705418173271409463870138316551928876353628873480005368686819926588,1
48519854230707182657971670808867487484460042348096781294924687239786902457483,1
86272685934254946597390394508110154212960702020399021654736213916153123265404,1
44593153197688817604627899475129689151514086233053838482170789827310768143588,1
59451648808231113819905044989451952511147928083801758374487028550428196081166,1
103297368574717907868771047967322257262889667362107822953111486444798460888352,1
113852309793621578330180413787385189620680105079457220995572821267295278968728,1
57592439647009325235460792667992283515056731739988959317040357974499156239937,1
51649255579983508571584561110636840727480428832048787195858073481962635714953,1
71092608903678640026062664195914111722864729803402234593482362306084255621570,1
25996930510596530652545744648527359514882812615871879848320936962311607678312,1
54278543086826928946345799912088769819321879638722598795039588855504989413772,1
39080054595065043280761016125533146964187030268910439240295542860298949527017,1
86392642941880677944734004183765747397486621454157166877770551210921246293776,1
79285846738071062155885000700046399944648227219902795575242830245943553614422,1
292680227318577832679728063180786423814492285389043720192832959516295128469,1
49289081697350365015684990330340942982414673119044848935422161578469040166028,1
47481970496193146754544292883439297136655359780111010845447868614497813640628,1
66033155540192496165119679231251400657100806053382072120168929366927561432833,1
82041333474734036488414517534458147527966369700198852815904543055732392414294,1
75775476672123981640852336440993871006763824977853194652186533241194956356928,1
113278638194787614486145941548354793163191172064059118734112729813888036479688,1
48101613819938700310413032207468211590159701914361992605774439275602321263281,1
112109300202998341867615646911188978239526233373253678888253747722022352721070,1
6491035010160125945606461494433904005886214578668713446724132530793945028028,1
64142454016951242435095530740036566754331412093802565280032513704620798631754,1
46320921471880845815051755939534476186763992948939768094414824130351907789479,1
12712100564471239712762967054891800284504800926270837600467773232823522243604,1
22657893759072761082461994772979932645963829071489796334634193704523815383418,1
60190841016532738392719694603999541180147742932610646539903866526820083734395,1
33491786033789555129820640981746871489921815255088167459132188900996656858940,1
56400122776325202485831457775088294172486903910002512852327604595933067779227,1
1699760514158138953342949939214618513898897969733278693303019894468035552724,1
31641636468751703678924434551552559181509847179087402033206152646363060006233,1
56639772737603894039095532628556105116369726518160310166079457144181585424294,1
10172944396236948624090912399596605680226194931747899846991534439261019965067,1
27956243222821784178319966961377181085448055054888652415215926169322712513402,1
19628196541924321720037281834992229409922110312201027813253376294193950666448,1
53495126195183714103374832759365174836323313450025661569412297555712696699025,1
13403823222395237822794190113778626740439309996521344076330054158232224275421,1
61164099834819482149140338582994180895263776526314464112082730598536912738614,1
98879023453713376012986168401045754393312655674911762036050606320272162366226,1
9348901755889682822452526560991342239481030478359856750114813276262551085536,1
95722985776930799885388892801882599917177021938153752549481594243779799793748,1
50158986240034568962208915668236070725984353070666166123467186786107495287957,1
115438110470091149155270900862051266384707825316773473452746832309700401669593,1
100884403337559308504300356244656151945930297063078589092373662135803193569185,1
945229974450884157402317686349206951571820026420350272526954244690357072584,1
21188239979867410405057005995300174054751125727014619686628621982035727740833,1
18476207762812088982951706746652296866709366109873113971840725283736747339449,1
35369297756554837514802235997203234745766589122429036072076408698889222424706,1
18261811002700261803809311412174452397276811127033291478589470219657374179204,1
97383512844671147947546887524511553345686169497141053813594065019289973262469,1
78387992913033774716972877254983461966979737467242267100076297824228295555551,1
22027638403733752379083638349588065788018174512699578908074151383052527783511,1
32482413161133412912146996662020019235890688646834395160567485323765109257416,1
99668095144538620648216016947925011838970118780074771889001057354628850594807,1
77441990567032727787752269010813446300524288016387391959173574120538796127340,1
82712225348341442191169396782013490553021792035559243604173703812792964545048,1
115536316819543542172683864711647188368340688409075902272488207949811409446495,1
44485591662349573392230874662267773713450908391259439094229832382121393355979,1
103228527090059322019370610493443611986399060751731297396688104368975648932156,1
91796018219820918186115158967824922731040591753167402550063037463627756004495,1
19630124270020424786658001341622943546374786295210076790889195767918811772227,1
31843673962556020335931891057585154561354377426808616001944559030487789681307,1
93379776413574376957356479080134949501456359996303472858087259534409514613004,1
21743713862738909829373719458136269864321170477716825867897522386754993997147,1
100048069947451027717637529261362354723549963731374121464383429549535210507041,1
15942785481756974234647947117743552424656954888447354798710863611305502097148,1
90590697010578320459451764668912004771429472156662467203315434361406343388589,1
72036144678289461681694947925920364433775074052292977617296287751967330156476,1
34353132111727629753902246665807050433307157231157431168434562661363212953615,1
15398748838411693883351985950574405435582815274213075318615225650179548422172,1
61815459416248099951406672058975318899985203303723114749246715812284215912283,1
50001378262654508240115657233245219278595656558256464234368523995688557033026,1
7880478052076472174565233392340189783564966666980093800233950312015899950993,1
72512067227786909396664760552312874974847395048624825268373674084406264183503,1
16379721503842647659538479850255628939331293633882865808187627275508991576075,1
82355872426053503745763969036886679842169152249543419443061883788394065813488,1
96162450136498877808567104937946808921704141858418080312098550157261144535181,1
21683839369864085497622879822412265317287202276403433804669261986291391481191,1
63517545240112559354558099099879579542136075924873732864463573493175843663472,1
25502015749596815266459933637281471671522943346929134521516808413776962977083,1
60068500390677709810793518111106429885790835587233410696272831982365330257263,1
84887788407981207457269792159290250871839939289035519700013295718217994570306,1
18417819517607218469328136074272236368665300496352937901404926837554735997075,1
2284112534023410512988635383421957114015329262242876475212146457583122657618,1
41948139972024832304464048753333681275630033969502732597672019747926840995385,1
22071072894843626986199245046651535392779648110035202109430134084604985742487,1
68008916480646551864990038925658945470735314313089758630946914099064125099635,1
103461740992860127350002435470898143804147197346774790003986917018582532872631,1
61176471462115654438495390714280655913747878552316552623260013734582804660292,1
78974813270238548759222069960111104227859510372440900002604345131736111382708,1
8197488148816687352276980682124690458632148555346060066837535782296825563373,1
51030836266456565973198802924829458386256484543199332836100773786488613287976,1
53790794559476735631102392591911394624242950769336833627311798111086252314012,1
71503193925738414220488565968623753581167297848380223326174158889907368312288,1
11072710628859963210378126637694047635679671025555385373977825730326060117532,1
31950639895826894210441831713038261509060303807687671686046483371798118078497,1
99676247618074538584110394409034963043526026172584142687203027673290866511470,1
108557175276317447238404449715606310544330138218909670413137822435116745480738,1
111691016389372269578878464249954046059921305204790046496593596951427183058086,1
61587598879715453365970025440919793374814087661826984232275853746001323299645,1
21829946725395902638894296788535677400666692067324165560395559057930289088672,1
76859277836565160984764838517954663782993513521994161366476213838990130350193,1
44392063876229975680303969786917957324570294124423046329020099015367971525127,1
27008230842957488036592288420156356403824028942018424696477229701379998088924,1
5689486646804185277560493203082537698544208928144379064421198887952657984192,1
80898589793261848688038677553139635850604186027668077170300140475976204295023,1
44333144129122223863728517178839543180747438790324584705710731735784057028883,1
97070140356191756988821373927583691668071792146597050054647223852859766937728,1
73848952145593941789973563761798908188005640438100325049027924974316567968807,1
22838630475236093519159639752671309299509365798852462123757317477484377433846,1
78087401554244676514982486340373185276138824204326410210618167920518279300966,1
14772710630746847606683171151241930389401874249662409446381083166217477044994,1
60527989424525471660218976524408528366831482013160848274654271521565777731787,1
52252302675509865676529353057943383453503141596792162034657479548744825923342,1
100234623354544332676800131981632866640673218109315217967408222145305530429904,1
107067581992204309347896666641291243227610390911535017229059728641989413521451,1
36429179943537907675683379193969807867693066273536622415337158155642031763302,1
13628830428607533836927072458679482438063003079282163634250200936490201196538,1
58374329535870273802301540395916945950009395255779629200394855214021710796693,1
104991793559095170095182759872532889792556806046435877180632656144799363165638,1
78619930441090774828381003612109206966413065140028963175455823135468169871840,1
70485499556050970406363250519189484661043106883869986148978713985556545843857,1
88632781334598540834588245404477264462044839999215025169381387059407809962122,1
52271934541913704992963421866643809317817333621368451157322549278450914644418,1
22359317313061059797668465854519238870392752741029299737138644920954942066478,1
41997601681207135762866660868314633751556075351709301674359843777967955734281,1
24943473309247101008509731902622368136467898835355162470488264884032063328455,1
98176622598195821710448389972092290272458770538792198818913834671679642983243,1
79509518027480812921497218038128134523710414484932690435721013877207192094882,1
42283795120558639619509881560898593738176631858568197795528405470346170285804,1
46221082864907315249254889525399272551091190011862896216820562063293748374808,1
69470114497032823970914136087889718065800429900105425176210177422060019076328,1
72828149409634155531055549001714805302254181982343595663200729180286124996073,1
23593085300725907571700661009442790296218888617219286114619791154076027005921,1
112002286593514085388652452976581066249462261096244979966864999144074113511674,1
1282580202145117915201213481769705725131009971587444925591387918805639588535,1
109190155208536617823769457850623577551434109848403183225105896421627866473719,1
25751686040780171794017937634182504574953670421631380037693692037122166624789,1
26416880339986053029083725597516560968894450004110892347404672864141927872480,1
101379941435356004057837845477313884666758822524384372480541035609802879838875,1
30724972476543363256693171830517489150880018020525021831458017514224507644997,1
59427014614279854154820414568651857173563206373610683641195101539731608175921,1
115633554045867648764740715304558498118070943242744297032388795486169005894742,1
58672382624649366566678761545028740759801223132943593024930205659947169403176,1
62199872062613030653856489760490047152763501892710025065155120704214844524807,1
62799005943624455479045668741677884621849471689993811212972001829787060807488,1
33332304652499450747021662194282965488400187244452300951231356554608494324010,1
105304200897009227832371534734331356290928349661093763585284060868899572282099,1
76921954916898705636761532911816993422229860467261506773342971931923935173456,1
2482508949086413007062167446919190828617622490549878614294677384705158383311,1
28164607202991420063298348734010253674767683905269628924712332928735076923842,1
25911027322679504578646206858225982371301539533009317866145571867824071244900,1
28536322056453163560610840766817282482741741294474755845587291090516024429636,1
23920644608463739963459005872471521509750147044867112723884830454492223641466,1
80503026519480819671552684714560696850907740811958428189461775932546755661085,1
99756238021782558723306284348347243851618374008934636312661966479519984685340,1
46355154512217151709315764445321982646235887291137506082101860914403238656870,1
53573839694433867440868812956361960372748508151736921032939953484427662785506,1
36150333058696742387207801471225022701583111462064941719482644831348170207764,1
106055844510032659149126386250383015615740415186796241556786491222988491093730,1
5954913649580391927312671857398732044267700706025758266590442766793444179735,1
62981003565569273439731493117747524147101528168369310159053592884924244012693,1
12407458966970324701061038159332444307991270265273086555190807363077233453943,1
52973354903896101177676551438683150658318886488446366524226660999758095741770,1
18451580247284003368991868569825991743870222269937595963635130187652095893347,1
84853351110863847705173106585732864742560620516738684421311520331676439782442,1
77625207810465646661014713568302531147120669728384100325454990174422292060105,1
44366397443337438443820938582431531229253477455296490207680405294538644283118,1
43946808893310585063822749983300069934894424891194896993845858044926674367693,1
81619591526707321556984993925939260365740708509619700944996333628809806200240,1
49664350265124878546641776598077618590424063406888393072213145559002230633833,1
42033517032194614073831626728724289951093145820320895938515054539023395179521,1
70607569368977459732181668074149613019993156073632580887369504440197262297273,1
87725042721687835330978088554328593612186761890285244064335744980941811806053,1
34700329453494901561115821853662100232547439321715415427180641526323713275495,1
65977449436241103320682388154278444275911889020888179833178895455281186778230,1
13114971999547415896333565433307008063036912041280234518586289614352994264741,1
39646670262238451251618893595166173825996465733379908602818028652688207579050,1
1202365133802708102661952228946400030404254680161060809659433168061533372270,1
9714076521699159544486603337029404570055101430537321644815393945578838910864,1
14393959969408055349036560860945927112980444226975184151402343816879018082710,1
18691235986369034556331104926472969596295258936415006466357184725138529881662,1
44348471173759246356746274161810910296061267857643249453917463082342548486294,1
51876386873572021692028035967999973782639241062137614868172109462649929905850,1
56006558608448144674446961977205369476761257046711465576815433405308760662246,1
42156835158183205807191536785944641180741039650398674408279430261153394638586,1
34158074434133047251766633861907211822901832343138382346172075406550028667512,1
2934446682524738039474971905898425282196083822092119368267194215995512856151,1
53785182817667014995910956022875138702077959440119627262050622030235756521576,1
28919353914194551343100409122260943331875317806403915463245458995066606938468,1
89749285856263374772384052671497843817794132862964093073158066438907790456343,1
72206902831724591701427562332941647922022959808784729548910235266354535205490,1
73462680905969512317478390011424657915029210212193221844989837185170901409453,1
50117631273649674978499148622193390600865096610468683074115853124959636412262,1
24234318500507989064806503150557822702657256590750928799854663737227210108610,1
78463400955431375996937202372971378597813740111911788479630458560417093652155,1
12989579633148760871021841357690212034222216952792017064233967651291195663196,1
55423948648401125341210482094395960768064425660061830210040525015387280173039,1
20856987377328862400832207249642500889484064168839512053144783593254700440464,1
3903645495057984495237821200065149063984407409431569685727402306452903082787,1
71113283529623028705140697657671183206472666563739457644175536428933874132045,1
25096021447487150943625926280196606865191623856310590212199969042165263073793,1
55663165134514400848870530676070839770778680125360765483721931897135628134215,1
68121938012090443954877063562040223048248171436455810372697348771156897575750,1
24966796097908629672079513704286343878562315065869157872387221206965267538513,1
11923793804782314633365556383926047167032115574719464922439696822550464321233,1
21572568698661125939138230913417442179277560176933762110698687378621771319578,1
49541284448188091940166378782386123617614681903449594825601468011669661542642,1
21579297371160139105120572754575883730194018676267298840725905405152243973453,1
113470906897710559140741367718506737863250569326371127923725041990802047459003,1
4274129807345999139832070386563285071268114134261368456869413590580706622908,1
29320675579170318346700409127770044080120505889656537332181380452109861196198,1
4140932935364325193394111307374450153678241337141433449282784234349216119248,1
88004477680193483618789733413741357279662800386683408894046395665650596034654,1
2630007418713905842623545707995395855220439401093505102048648737323917710038,1
66154101295617386818062895556653246380486697837065611335115041597046225308430,1
78621851675741476015853515658908314941232032330138818511629974598291153455153,1
96176154482212614480883562550290062272651773466324005572043238284097328657314,1
37389701149441743708866152661677971865627754517587436958936659345208192526328,1
29341072943189094451930138000493741103500028512656340734050623012593371255887,1
103707198922542088476186999104218999397773169425012763515088808339863530631016,1
85047820007443052972996191481946107532083736065631690568061886939608889058963,1
64382914563409173158597052596861910834766865909227869663068941042168950820082,1
97415429701468129106269223058623443749235558783487345521406346123129499961933,1
3226744211054369003070758355342171426837008786655465389511106069872091524067,1
104711575391777719849073466243945323343621466955849800680235007542389679641374,1
23513825857163129599222563967166529806283102579373982829609635119815202742296,1
52104067909332499147957108179634757253522403710777707445367834255497275376615,1
113463839834377735172679710922408049765299129467090288624216776735755381891384,1
105432919644505082445364190785117003287867970839617488951293638374821601578651,1
4701008925341813942354266487821874572021621889147431490819959077871504058085,1
54545083780634977025150355573723852871589450816878768224251288877345553239245,1
81803531247590949709369919271537051515877746918840955076917494321965326120492,1
46134684008063032421359513243670950284802571347566824578997155594356427621089,1
29518769186171591456591967812939258406701799743890241713977176571608680206382,1
114171645560416234732938235527305567637856447267708510268622920843922234682234,1
42276903095395188439070318364872474532608778254680411986422667648583766949751,1
30801239138648755789548303638034870769145666874716117210240331963070271387154,1
65219540526590435989054516759657732339591207756669163473141413274352201439526,1
57725223545830484608043628933238251450927644351241272512251713834148534001010,1
100213103429112594717700440947419401965357874201302895917181882111378706572288,1
33617024280141531717664798682586614746741850747314697970187084907864991493451,1
62142436678160746993309135001588414395561198399503263037882105344116618048752,1
10916661560350878772515980272998739424553965769527339348293992002012288074742,1
97563378860209287736596927179772508047708276735976430143160707005767547418133,1
41558251521254641940350237408402563284586651870730748628280967931489307161375,1
61255849473287695319710485168616092718751401537723417188166646557365427034774,1
1124518606232004736667261606495087606118150441694135432064016825013982293015,1
32531081656387312088948824760314345648871675808090087398872888477607104703926,1
86993324790460701545722458041519854600986013127502602171264034392727106819188,1
34738651757508638677528605160681802931282719496108231926826862098622963247358,1
103320883350817420725993014776959904774269757363794456849669871435434990963889,1
28158583253015829080666939285783389559060698736619350300401450786443633363419,1
105082733883715115258313805584387329366493442190144855951335607746911415812596,1
23121317852682936207888516969545434251131235626556327346963387000307886848254,1
101196358811710920405528461724646653575760924813787048312204114604410302247376,1
31580285834645720904494666230701537627283783199547336712206750856696355419100,1
39815938126885317872633930755748311466896478768916670094889499390138268175994,1
20175606527369557299331045571492292903025406402016566356767079751073861753555,1
91826276384327190330922878694598379234869391096273762099356960904264158462379,1
94559726809641446263745930545886734849835302531930784631509448430527961146442,1
92229958549886140818590036022587944105191800510944669496422244816654581764558,1
69572434931143905127133471244783753026222387493210445758877590542101860852691,1
66214749371002230988896604123793096927445225101416532509025569327588406823833,1
15256192848377575468675007742068811888317120031197978771244560342954977750552,1
112975937200821459499932393597065160414099636483863886236689496059796290440658,1
108576959419052675716532215974590061286803601194518705384031538969051521811374,1
113871413630727728753687408303642314168802573742733661990382840474490195387140,1
69636974353258248377174026774376108449199859779297141283491484560447245836046,1
114796500600736667068908931568841915715831482014862185605795458236850109704626,1
97694591512473598734669401438498371904483434125570994480193885297940638752529,1
46565203064321543795289295579359924071639434859011568956356344484572156474628,1
96957196872140920508958397087148812019222469395304396207143956349169970521396,1
89656078702152582519054009318702840851453590404960010849659560862775658417308,1
47001073142128669186460423609111208149229115263780357783259577514393171432706,1
25725718043995038237691998182824996935109486044920438556043447270078734154003,1
105752887602186832563332345752142028930225310838347544953897506408902011478364,1
18404193500083530628619521859875475414768641978349972752961785231926079722156,1
39472770105844131382600115672739967447431558494491363284810057819484424523775,1
111904227918870009278045706668349458058302832123637729375035037624099570787728,1
15929894686770035745918380189446262963605790742270231317348535705049293544827,1
97551666909060929474692847729533284745486506125647091158193083770215999033219,1
38479463578928038565689521579117938929214326239707059664959372045126427370690,1
108122581539762020915133776335521416790714943646878190529371469436167079574920,1
69210595104158664518502344767167663494432794865865376623296876950105684716203,1
74963866088061430856181397500311167549638739715127781614194274505233511697317,1
112016895331119726754807174895937888714780124556213122057790199317059092377294,1
17632777662353242173838503827320699216490927414128109527310260479561966173294,1
108763858349691522883059396085861188375240005637918901883310722203705944735404,1
21386496028571960535542555195837664969422429203216769431585960281332388087387,1
71028033718351422182199299902945554045185903633239947772466884935359241882153,1
80189217292865754422852739822815197451120961332398426520459150783395792193603,1
40266804028095541743293330461885747615222683983708331905095138164965382431422,1
57898999854482850626220239663997594325082548952681093154093022566519724274402,1
70291397516479719944919275617814943294352632923183237241620713648890016386197,1
6077392946568017287200189276024115550763850927963086609001754064718526508936,1
53998931179131262979468951473303157746445767740077796449934512513290878186132,1
46388923110515348719612585572578946091142198901303372208569206897051431483446,1
84738322712475407839624121050696389891723275502732514680770281573396591983081,1
26037782561304958038769876560566970843116645528446482460407407476865315530750,1
5818720420986726382709116478424613671892542981418787699057134507727659323353,1
101348861787374368903187554667799269126540275854180393839597805778397224476500,1
64591555329394058902281322088731644464432657296534210385324660929239696758842,1
4286739586171562778742291727378023966689174335630983368201431428140047905251,1
93973282325520949747194814843874360243299670019935687567678343950688774158575,1
106336126426354945455144661690857336484799515605133466037715710017742318771137,1
24450043311253170148771377904397352021061398570498901639198004489101423838356,1
106064819864833878390582323702085414170521308711536585858345237819728662162138,1
4127852230776203042650587678520636570440754898209960463164495793688884048527,1
32078068509436372921060581847832511031802483635971201824235915623932246772812,1
49870300029349447615747010680196152178782098437120957888483036100662816928665,1
30369022337072022990306109215294079701693981922959720813756556352779455977927,1
99115342839446619599911720949067427351749890412911084723521919578203505104589,1
89545659845755733434246522397244615912044821612929123439320643562865128515037,1
108298765500813909344289201977214143379549184950108094046751806651117391075947,1
10378411729801634134861071581187115646461360963628677619416743425297645837158,1
59666476867286677296685787070236882100826744823270081270559600548672753880887,1
114295433523340483412117962154015658732413954984948151487235227045597100754618,1
6764232754689271668094661347536457221256990638017065414541254667235772233630,1
80607521319128955491140977104128689978041281700755293111330762744435534084441,1
17216087516644775493543010775248343430519498957815270013710054134961409400350,1
39924562779764735669086387451467382857563279180689286330096864122372106112807,1
41590060140585927629460225944631226494037370934751216376805660934582963564944,1
10484092379988599739130240115316023625323057530505751264963630843024369518688,1
91672947317626726191848208538922031814006707658599706663704832067861351433022,1
33110659030905365837771484779903883078053171794975140205118632581419753344730,1
110188968821027541882609316205448173285272111994961010657345035588676714975490,1
33052732466784409412296970951893072831550487102869416956349782414864945911190,1
38942244700508963314972196545176430738119702619716003838044205321457546415859,1
75775865387779905019055619726663879326200183809622560067462376749556587993008,1
87307934742351167785368094155355174686661686959345038713376328445441264822314,1
32537534618693781288636434930858822240301068942074689995063880644753931115966,1
28520666368588786133337728656542282909350582074100173253752713439943325574464,1
28567988135371961905629605843470922745447452876568647700367672825193624701114,1
10857285570673513213125341662973017854178894460751719268154448033416972479124,1
28156571914513272459525160005958473153425181149442888854421445557282495173518,1
49867260659086680900232613526457176664801071256704813204323105189234500280859,1
42322569227178532355924136338374635482890995024925519982487583286262249085613,1
17657110905412009717166573537177187842954723747793351542016720296806559836727,1
100325989157740162799333830320302104539480711688401145406939073357251711498175,1
12314419173780665864058495354830516935213900865350148120213326971272976754616,1
35393610468830721185181401544525867295763242929888814483163437673399526183017,1
73395087443373758284139376449874405523204807048459258486413619887049294508964,1
84392781902151725069930752714009320678200666385339985659886479147979792712489,1
45256117637670439423671983174988657942229222312214782219172888340378331563579,1
52062136902869806602118903200918591080581922104199339919538242978511899842144,1
61493380055315206826919388743783825864126966295171969601521545366277752507974,1
55177990940003188023203997339864745583677460565690403512341071591437591489462,1
77056354086812806497205673571290213581660341323312263263000555597451537660223,1
9492406853830129245655047893798296834063084731919346592725954353205526560732,1
29878444998393844944973353771991912624618768832938141508754095118955145572848,1
12265606194810654678566657793152209098243186020902471612544811401015322067623,1
74416697967270251928787225520997310165854456558413074058797362114074899225286,1
779329702078604848343156957202843244091104353572531454765020257122534790567,1
113946965857822943680318405652459443504757041891444302632207917666902180623799,1
7703601048768028262945646866287893067500981620024798858094545001032146665748,1
78686109838913278384229434118031480486867582632683920323287958778552353708847,1
80997263927058782900003198217205034564157966193880665668215893955129984173091,1
80878876539965498974617866386428435513116834521693965834656697255065864023340,1
50298717189773304838315989735217792721403538440664367524015099825878350601277,1
105640517128185756084369586195211170439490735993465938085543191764632808500435,1
100538381531931048984764136765380971926336482073219660502899873857138902400507,1
28318577444049874289640564101421230253148710445870381371860632723114266960736,1
48418407477908027835140156336926282592307726709399799318225946470640870780691,1
41361204143759663661054982071211339055880264186078785079198271210827604101992,1
63329354728230248526349498830653994007847343710373497633431522980774336071114,1
72272397018028893667202913414525469507423125796736605962296260222864951909542,1
50705264639275996320012822685489951571209248540658723289877709193087283800020,1
82430997255707754483424819551436153898481668409906644071520953429745201745860,1
109846553980813500470583024976111810797931362103249317950084296169760977855122,1
38306099860239099107713854634667264203266851882806958731708772687950084143777,1
3416714134006868101852194664071247689455284680850801448654680764130129586044,1
67969764107175428473067835630159370801694864688822717609174954089726088887275,1
9612913893519689590151290569277525592299066501139821381588543187444317253846,1
493023166597822796623897389160136440433690095488300022518035011600157707446,1
64052756827809164851111794242393745381104135146068456605202812962081551963047,1
88882656876705550276997946589826532817891903597017601622590838376060922490956,1
29416699966535562473627236536946555213116931883761622963510414700527575915572,1
49036139352667926961301932036279142100961052057055466664827466490010457721446,1
105200945603451004441236107287896272997487353662269126757786344119503671529726,1
95195025445058976669234388558676747572503900905162327544024975263274886675417,1
106209989883485476464067208799246336459732612537892587927293294014981040825298,1
28042831135708927109698258192267728753226747729057852796002351852621824655167,1
69549940982920277302372715002243715157534989965917733888646309341704196729089,1
100147672402194098121558577773517982383918559715660737669613807915988639040265,1
104675585687949345341726054201383953172842726596143222282304231409949400648934,1
100680598182675796878207716421570479808114352738929560494423401005279853372105,1
69127335450870453416155225426447367518149520373621535301030328277372243597703,1
86972532969544046695465676453159414273130155483899193110332211136791420560379,1
111486692525062476467504979782123544230818612207178764885450618074457002634081,1
65299903879353725718323757655555458872600214404103925212556788947451449147934,1
87670684742261348179935789931860521624985368840601088015346742776007091853553,1
103894841146051555732147643122775263264404055540402853995885082512797372643415,1
95411531115679492261748164552457122675022583145008613490315406445332912399023,1
103375709346611023126291822430539674391081394098810349044751846003800608439735,1
18213856675845098222201425541664954270965123146329753030430256839832718823138,1
114381186541740233329224062036498291976551557056339957906293884628330399591557,1
110324612580181471836223738530738291704078503695002082659159594356388839238933,1
64855189187463259115871150354036485043782620671560606984956371319917843227947,1
50681440887076447033872662313647954102061872081674580940465791185924895049077,1
105526667853338345441070473980827044479790361942866401826198573881618418955208,1
6243555890181395601965503259548843999434565597957311104096982499394362816236,1
4427134393505625112900543180067342042696274760332188433726911042154214701756,1
54553613304343461119421290805128223193546284419989168977376093345504858621537,1
73868176204549783493325942555388322606909016034366070197504133824733739165188,1
97910337236370568507894054910786228026055348877702766099642968729177247602310,1
19935000222843754174479458970920223899225898397176908606198536632703365098917,1
75446329297731507379323363358997792921159230954802092448086842812261306824350,1
24336307350630936384429778434392599077091331907906400305622076496491357091838,1
88215385934774454741046604051383061356478058838632311710187507451495470617122,1
50288766083486425742904393916234056621205833036241189597442968260561858030059,1
39273046154744247307991645340248237842361150752606078771049510948454480077228,1
11103433205909646285861649266380831093202742311924389640402307143146386031662,1
34005946041888737047319719199552103814028500142892361655782259925034414413811,1
46676676991027303639240055199193565812572218484296526115425424984757973118293,1
104456776251494509562518415037545223081714431840680273661436092289186825357381,1
31608696056336192721427295885293984502038101517113765027884165735269018215829,1
91651155640264910191846631062347668352052145581719858320968724068356664792504,1
74040245902028078348267876109701181256990828897885734543981239063846296810734,1
56854303697793810659002102518904971789285492896898476814693731024807419614618,1
8512196146461003381795794068602409579123101117774930359711534770835291715414,1
28168313664382293459015399377891290978624149548492701699382014635893850866553,1
46897741205929382360945950176930709666180839597579205034584885051722860210364,1
113504178132810804451435554436873638673557206865196375943099205348997632997238,1
106406167886829227803197750013297466451123295521346462614611799593861964834637,1
102405957989279698018024268111787853937852880070035886752996663689090648801485,1
3257425927866978386795207863679460241583456502139865902583718965777814178282,1
80262258818459018205169626300253502106563987529570489672946415752075137220126,1
99871426989752797213908996652089143007461796057212169349591854626438053214719,1
12508195385771476509563436991184463192320258793679687670371094058699801254059,1
16421602403529159657243073224951857346275295278058906495129642822131164188434,1
64200810150899979746602034855647298043697366298935449469584941236144138333729,1
33784187316320361755805912863549681322487240925054891121781229973372060140232,1
13202621400432491703967159182527726834795716678310195353088349331414553888663,1
89929175159938823708432494875743692923902790080701737961941461100397521231491,1
2076060783984532173281327660653464788647837975235533484620116554494861204632,1
109876243316065150226418040266865664627713823329455684005673535098254264029417,1
33800470621633726665536074619469627527535932077984045953765469750830315462853,1
70663454940634561986163324366090070283674625957134423351537232810688307563157,1
53037074089844724407034792079656370920112934704627313486853584327817393418031,1
71805869743410478935802011035875390545169673993711667625899553201581350506653,1
112496147877602366442800714269978329100923941041814061191043966842587135460743,1
73538814651235140886770540494522589869626105606183391372900835486117590862317,1
28759556646362312733618481312065437128503644399296796500957018285189868214697,1
13108363786605546452828344037441966541882918067981788233147444267838359114063,1
79968314093877920892377261872005571244151202211568904862547155623789627263041,1
114989855169248434448483719032064549602125035181776860487468185539784059369674,1
96917311272529071339516718010044048816590563944544371262980299929682490300918,1
21701904336883557984669331623470223002095509685030078761767127748077422908370,1
10799626062126834955401038710432523052354501572037789615876318376177452311751,1
18454119609683861882237285643955605408619764450626087728363012502764711650560,1
17503863707960762384003639577242523258209648812135124941003904721173743713071,1
115252764569453928798808924229236795131709570941443826306237049577373818214569,1
13148036884387285423642158490372544644824261471989855140044729671709327273523,1
79776206375494127671315663080504910056550087570238644364213892726258763884170,1
88525004445438661252209332080945946232536478643234583638207656579406198927479,1
112339143320021927407174924348973431548665860942298441657594789612702656694392,1
98934397757006986933029292225993311649159689209861041488696914760596828792680,1
63612157148291246266778974564690855635273298037432324694086963572356917177547,1
61142327666362118199678902200730904057770709753416665291020694817853912079112,1
65183985772460829537332553791191688514753017028707734810318424635392854444619,1
46405814933951134778074313349481995277914391257261355083132427959905210675265,1
18465534153056926342386612151944335351167047920323016078130674019977313213317,1
39719934744601042053082383846843789247224391618087738097986174628329098309076,1
15263261524956173937893281046163945476224360100511694610687808635709102482770,1
31680835625558903033863187977605069282043490396660774025452880588365017434802,1
62408467624438163425842131350294703712118836708562700305190704222989931072461,1
11996145200492193842064656036180268893392766661125555255776243007732878251832,1
60623641090728019850083053434653362215226346275378331334487836742769664475888,1
79539491865890058440544248509347398210492881162688565064401414781654920912850,1
23104977466977385914539017780179844889923573084675203468674724241848181679636,1
27235352634987147754997487302395356039938582052772586365360355285156102835333,1
36987409236711363517011310587756007027707611318063140157504352796781778104275,1
109123063781828291274703949431784456558017880370987836541459855993244067031965,1
81689175613175752903178172842917623657902399948523251404457489208468559967483,1
73824506041475484661399108969313554761883686932996529299826156353759215979209,1
84044611891413344471353971784974021973692487213424026634289324207204039231211,1
28188755041745486299656185814308265090016845103478497199942708570903609565176,1
77966107999973535158055092187099234501429701083260449693234216326315507074584,1
83228240118996748597164426568574490547478534446658860661066965653833039987029,1
19165147926546122521233838807909045488420095482819107331851990028224169272281,1
40725631136304891379135824736420637808529085778264847972916416284918561574404,1
66994616055944467935570781530322606318865684017411448580732386179436181298648,1
24270314633044934998225103554693346059473636208310063418310025970127600114064,1
99361662746681505916708655984938425298101410186473770975549950075350709896185,1
21553510185182182884787264888833576971869935577435636269483401446626656638883,1
99275375591143057793512476734939591036805497804706415470679787999020260478168,1
98937135414939830301633813635501432522086220020028049573588727491692715495012,1
8363616704770361933833361021379441834906351945615635415220851916914857834632,1
107397519029531724976339395700222488851220757504782634250323069972261544448726,1
105225914877950559494847877262345732785514347672919274742828356812823141933095,1
51347466983136147293919998475820362233250930518186804350241576142990792110632,1
52656848761473791222084855171214739657188215382400645128220547693692105387948,1
87853599929143642585190076762180296807738741608038954806176995840457403856010,1
114781918993550498839067511712794481788489999872385503870534351476187104298643,1
97855969632366801977727613178729181238988779831129124001083924084840240030246,1
24517019229360190637195595715868956029226292877845100792483655622693278027698,1
44223752622728960782148147363103454044381813412445395701381571373604893638340,1
41389696184733750544235487949179753679252226756714702504759248734837967387059,1
54357992309833071895249310803815224840903213459894687471370817912447780036221,1
106455590785647689331447913790837735599294498700331692220091187602511773948867,1
3793896189169972793066725350490932214839796770548775762138949305704034161876,1
20588130479832160777470157218703992275284433722245219300650099723731090913250,1
9322261604885038490107035737212550394856802663919453552154650581516687951623,1
84381831844647511640698971714339753149837636826407996089344502198057209470125,1
52086450431368616319484834536208106545050785356942655105752713466102573737881,1
39850568848449630400722611142703633766716549334648716326142366828202986570766,1
92468923906176977730257163436515079575360806249807847337658683623847956746193,1
111664589873935811705481301128763257300610767761012223793676067322531400598966,1
13844802923072176175957942326001190890794925814970252344868057923985578815589,1
81969380598271777133162455942257698846521374007213038424880632899199600607399,1
95531359260372330167887774203659819116322584906481810575240925888124657921288,1
112919193249334568928519511821841258100469970635192553522445738535689044724371,1
86000656617979071016508694187418337862723859163511739173349631956532951942452,1
1449027704341027087999526607243966185749547776690373411752459431559302185091,1
89085311010589099359170452702242796143711626810585791354340879689020738997816,1
86295114009101206575454408943174508494480126281426823834776789474634599159871,1
31409121220217538517214682071544056519860435462074670079291977908481051156625,1
24180835451457533513586947096572996199642988735128669222539260278982487857611,1
14942715932636441174168486523210782572786602408025903472230316214879561595193,1
45978835156958575373094621462104544747098887213146251751080409283570053186220,1
41466204272632083094410422515285719678312739702415245992789095847232645186788,1
105909736514831840968422712542457300496095834875599121038638407935244597908616,1
99626730598345249644733502108336489267701867996979760640658543158214164694637,1
51096045712175987117501250856001601660251169460071090763381733760479782291483,1
33980186053612307112355397397973145147747240501124344134318865625000541203864,1
39370907902158172379687605061830654661789585736485114678524996839154138774140,1
85594490542237934723417375386404582151717954522223897404814604430569035146537,1
103775968493822934947637749325484730658120161116504267526403648288472673027219,1
24824167120414894297511295890479992358188891261825077771118335599444715413388,1
78600418030318286191640227294350323130640553630597697584342472947745377155668,1
105794169838878565229021562225585479813976049685195848785452445314545948319966,1
40428158487802614948349213106184847755111937817749732607207255700939393103875,1
59589053943023926358694175817126217390702850728287590426851753798130601547867,1
71650064057744104470134322483523188318374611976851607285272250756695244292164,1
42926470292376548560292930090322916894404515076442188646052735878627440878832,1
39282004997245116779380230342378192208469060969187554398978978157858881287577,1
95245585293326585223473248101439482112651336766878888595624772618978294527324,1
36525701749381995033426390692134000955663556244321797962947954023710899891961,1
15101865355245536891183596228960685893115623722965010810082807433646187970225,1
98971081931589002136543694060586465841366406892995092339603224335030398549866,1
105311268869326413651791005244023986207164914919336711879207302498776826875485,1
66649021899984873731929391668194349482825058546151928419233570013531487668741,1
80368484503409662582710678325712237280824317540872139469695563707486442165926,1
72905651336722167844704089747316093109744562279663371619549616860223985309896,1
27299711034205766983111556141310807398297902034179683222125726048476845948094,1
28691991003320230882408938974548577407265586196287053798255849288185087882403,1
27376539214382459549171789195974765154490737213644793942413895239356362980305,1
40369373694691407851618894934398896680628305904110108916983143469500333143366,1
71144971912448204481554331776251146431530312436542657825560031561528799290649,1
60293634506580713140030133598667378458468851218849124753978655397004229631029,1
56009315757923496589413855248700332417479400305243119673051380117162953501197,1
72476398423212538118774875259301049498574466328322247259336184541185950221886,1
64035782983587193226264490343492300230559615591497209905305508441477245334333,1
39433138808400557227008765962150698991577061682600797507457139556550414012455,1
94194863329393330940395383259915843569109506602382495389730001033224025388612,1
47698879459379220789863727932935957899714459989446026027399170180826901332878,1
57778601094689614404665634599730057356165054518858848151314524986436441187311,1
48989771287189564362404869441402792271994937134755008030128555205436896339143,1
86426839726702986277354208511391545637743293755578208827988172654564846798380,1
8574917119178556292596156379757661702089936896699646295089380856870870316837,1
107294102634598630223809034425707339015241920978987007581343603927952294977522,1
20375791082378467010099694413438233758429073692911800068945468325085305920133,1
94364993442228993662736763905968078120298209777741466687093027350884747559130,1
15091363740256551879001718082570550927571376149008741350175548655805151717407,1
96994198616564977298126281242048318887755824605028022996528510951476397726517,1
67446964525068512431155731273552643591163409784011650566771030010940623312688,1
111120281614563067953071251434617417752319390634830409044761837893543563445842,1
17820944971834434073249083623837623363844438308312799783948089980863708268233,1
100300518260789243673244318203468178964231878655103920534518048820655119488710,1
17560231938840060056375769413682571124937437413059605844446534650753070032054,1
104118284815822047540805805259366513772464264729256870239336276772600892635054,1
49543240779914271870843664314619141834517336077038117151614077670625869111134,1
66688249183976594153999157095704634967047051762334089098976791286669048293155,1
12672881635242064770135787200755490838722302498062454728471263574360884233714,1
40723290947947397609649031047252817715732016516390892354047325067564075481122,1
81401464674738169987936472686000948826547083373675557499088822029291048524393,1
8431015796010194279196571072726122970179982659619280827882613176046054539576,1
91881921837647511292613879302471567497304869012434500234696744455813965796947,1
54919390881572707624347623193543923968477790604137397185024831970231309491053,1
105327960891911179369339011535105033782472461661943402272950788508416731600765,1
71920878909932894577195862225754288647870827258180389539933684386673454039387,1
89709043142740742652638458674020475937981807752633294807567819896756448246061,1
17176959367268459739369528022493788235661171857781994203817432862200060974284,1
46769745015558734505555673173728406484071724153426154893673953862599839146082,1
86906001171107727081715901538723523986366605882076280124827088161366015013192,1
29427274299427238319090087939231632184954737510989178846094786736593664944777,1
50593559386487573539686150116133024026064775134188841285710057576939923785277,1
20781982872383682497461999473272386813599866604968986082957767256662956405578,1
50427759028978077066247985264356404521856961900084908436415349454459949249334,1
47335240824283003834492478728635531173054470149213955390097086713357117010862,1
39570671981017361590750667046819675835085962212451558484321604058354409708515,1
45064114255320799332074128655872270975726797858291070842057828162622308951979,1
53769989141334602516762041469679042011886776696773661663039500447043115125016,1
55863645007108637918506426711778622638711472431155730498621055393954194141888,1
108277649893850305564402545921995658074052371934859739843866174507873266248737,1
112420231977582743878854256312535349210778527535874641001080694257300528014860,1
48810947161561981366772604469100576937531409927273434375437524011165255975375,1
77332180041476406518182990955746697295802463937403320359688013862794765769312,1
88559122954880272871669464048917958467911012919723561111872474523323815638783,1
101048567415000404508197758972879921765455179599147279278163336062921248084098,1
87654286660712522244461831498055122092318480371465904276753072761132361559426,1
47713079961158530493518810570515455971344864176673544582543667950577542591334,1
82065140883784148943744227291932616859619428709080219365893650575508985854494,1
66147884820876968490419450289290690398507880833070623573507077768468410538066,1
10783457508308237021082236193142414763304032187309319028221236014892481945672,1
15626847365713221004264362706937952221564090843504259364798955073939774170995,1
3385348961839953917735295258901221862655872987257046328524481803779383557439,1
67364008907790139263153548856984608668007133645543521038135360715177591831524,1
79171089159330286797101325520796520195504339877269755191501879294576411756369,1
107012855781075486194603606048899270722304284593148401450547958308779280544723,1
63903506141731617786618134880316906467833497617030266379953935825508385444474,1
11204701134505952880884542682829685916019676807258306954780323567394865854412,1
55376036279919124570332668237353019727456401888899351385761564144680369973096,1
74920477672967297171407942806688103718528131520925883049816843810754988651765,1
98684683590947615783553945267103704374350431298729881310764366660330465275207,1
56126339010566650112309973666259762432237812206578512447178314513694892512325,1
34426186906181895263963855600796766240416645307422584687588987728532966066620,1
97656582230395608934485537985734496997151507093275084502570794568818620173575,1
93415710047956111559134956456392291481304737724336456130003489086781968667287,1
35796439986324475980766224837005903354500562180757886821546520894811096306757,1
51182961114903667332744782135498997719562260908508772787090384167703670513102,1
72328444208839662621031455875564589290405271977523468471000967517807185752992,1
96105033820213998186028325870859399924371119381042303932433408860137225744800,1
101878864276178296953615932490582039617905577386232898423028104425307879019899,1
87745538163663535275311438111355683514236644589595886925114564333705894611645,1
39325635744055115171120712263694492314339107368497580637432938712097250691756,1
16343286275356953129054398625764787892178385734185089215937189755192754147636,1
65974828790422074176031389129867876875092354830959205211739905754454109822237,1
34990383734013304033759603841309292762203174663599162637931786232075216838028,1
72687508752624533632949480295087984472233616213986192868698812879737492619510,1
100527766455731929347280014282025337671123773462064437421452559180072233795825,1
108928836016120388157180005443586135898944736951076546977293456143766900784760,1
87435806801087537553328099424467879022362911909473200223896021750046651253110,1
52030641894656184945166556408745815080044357370761970759074541529278635348938,1
41637885388296351665135397655793679545121271643509055315106003048544147475797,1
109314494058505975720767019873987183433239996014529081364028168125441994739076,1
78750881808121617675061443563450408104502868309097520009876290097934061407565,1
91879206507049115691117370275518003185027839875754303061655628350850460398930,1
24391719273810949041476109302243182224005364601343120627613734891908156947594,1
35935331001325872307758659299808713812068166184837118188988363560314097729498,1
114628725055962859125228398186927344356010398630916090297608154999289995057669,1
73916224283591058072765884712045518233811222206645060302040706146087070692305,1
51901687357849847797413193233524310475785686244868230057494110279397611100951,1
98182091592544340935247795538971186203238585383582306190273700281143706785497,1
73180207772151581460764038025849389164618970883452592580536306603264484473827,1
66805260860061304026471739040165144900699394735644859717988936015573647084232,1
14689391365359250548720200362638657254858633468773729358764160902893201880947,1
74951222383236840815139707444774323857962222398663717374071992774261109139413,1
18304773831088025609088915734934207166288390331316717051204383614878815053351,1
11846386702275155951995466281401875604725576852491883897213724492917160099598,1
5612073222004268652170232045730639563813238417585263370635146056496509346859,1
46855378546770770211517905349089098210729386967721533622177262994202873222232,1
51457380069687856298488230674841247700789575120476845676324078868603117458038,1
64088305257539760724223659481577438392167494088047402324495138726711856481896,1
111736801636224003981521570321124200116252173847281331328116982116182455146937,1
69411425644888290231977700147160064848795420158684567161488728475022191447756,1
7060259916396116667753096592314290758979422938944071982996128752483914796277,1
54561625191239167388596303428378395722712299679780701002202106638370171151091,1
113766821440935175133447204912873184163782807208568932565255840496285863338247,1
109419097636087447416403649257299536846390941553301493729321989176162968763795,1
53315832473914327111275215690749324097730803298866053066602897844132909709082,1
90661969986876136717345356296260621480793692371089258511726666873560388445744,1
59816452253275068122395960484224219277664477736285926730240975763896633279266,1
14648983003930720628106268600815441707289607088276670565111669132036100231771,1
54726093618117990120584033743467781348491155794670832860073128075791302655357,1
58678733113390375464456723973273333809920588982791714296754137716009675451180,1
14988386494446863802512921788437650899284680317918408590471873920606067810906,1
52048112733865725260760495042563152123679145407712084282995973188061054604855,1
16062017557283363229656872258530715457342203475741497918662140137025601358284,1
85348784932976787665699069296330196830150468897917238634441898117589142355102,1
22491558391738498790870694982298501581708002237799617240398198304604577597128,1
51405726301428337439724291267261631600076790566489801589811203961581823741859,1
115377674001951634985265021342128314114592791890794282394885709151745588569026,1
105853056931175983712818389450863782139323026708116830939820732386729969069537,1
31944917615829259825024558621155964985181815664514767947893751180211359144275,1
73496713580587439743301232769943728925076660378677931471855722667788892156214,1
111595701083687908541809879088245303171110863102956355549824622832115645003587,1
31150685042445625665859801660647032510764026912992914793006336389057423824628,1
83093031519008744342523664755910735617350716737499299390439189858030596466126,1
2823174338572795548098148512948215091970767733865809003909236947432429673999,1
62552987175546949731318194234772093459061461047634620543060274517085213925608,1
29798007956195045465376905367149874446294352756129475315101050644449490907293,1
5196349681414146413573399466984378626969493985738178857207937607970727834529,1
52448426285017001305147130635108509797360978048357747938614640344456949759540,1
23087407423916777311947716198632150669634596618937200802301033431921303125645,1
75846617276529294233346400778750221066805069812460721155633826583412295254314,1
104814228818566736626159700263034298806317876394990624673701379825391214858497,1
31262131311944990872664398248831892994850945059917182926400497203870011458117,1
83109733707980608000892887052924127523094123933383485768867014691269147534887,1
104290756413731962826965059664374577210135951940455593491375799783277614460200,1
105573748038106643325165967763327511699075800248885362659977895979895694150714,1
56906459401363484518451788070130597917599563010476265323854971712194503987719,1
69566036962015016814982648169327113247378493503271178029572490561017298451532,1
15636117084987827427184180888592265918301368160318149957262890242923040522863,1
75557492580324706350318351061639317067298306848924727471082953939533548530738,1
46790604520180508356463935662555612834344024432557225996960438512867213324841,1
35245350731346397501100264642639683981009906116618413785811876520100996436250,1
3019720619164227900911562142308271610628407866716820462146340009015657490316,1
17940555184530659148934267058739059040752291876499415473631397554896987486674,1
35743672118436446602421648158313033054150332017693788091644772437329594252531,1
71344387255540975302606991533847824965989969164174038883896022320367729887620,1
6612841477687292382411682672536482251963832643623716943996559967885923581864,1
45902242811706265600514571804557617666430246492111916199163085809402646941998,1
36627226447585391013707836078338617242349549559425237114038454080563581083034,1
34006478970528300619286462040647364618574903793546951836583935976002120500014,1
77074391465062213130372337920097090316898449138285983175345957358824786309441,1
78860290602905333921907251391387492711603549612819155666141781250440364605667,1
43678338053275553405415694991139380862043530911336534934234864675375834785558,1
27944490351982024785282953510712486662438524478973271543677187580921813169001,1
37958446558531409485812577922470390680405050312907518821611160496732340473320,1
50857308834299426403241901350253649940494919136879559846173712436341173936908,1
12023170911496298854696324564542100873166756072104117764289473073010905283235,1
89756188093080681588554861005256420505380086123880571664348892437222778190475,1
108721073885700610353868947000747500559793414341280012691233540960115116385550,1
85273752392282628103396741225539622962651056555306959850314655511734492488875,1
26312576148037753480673323477805716782682410605178568858587526697867765325168,1
99009053549464080471018189395596232763936107392052592486653673541274395193737,1
90035441231291781559128578499586378047177069260033460676615178801956506873089,1
32084397578903000954396831576210078151473141684798642506017770447959122850806,1
89223012313441861043902971037731234012827844729696713529627653151745622781500,1
106657792213362322749548065150539632498533966252687401453671918122091444658627,1
95282146626918628358203420550814493206192591828785783551512253260691119167432,1
43210751946920996361692192607176772569565131329789428335324902553749343741438,1
97652035614868308102084634304975701079343957937995184258979087696447358706208,1
76559305594976535963150731305027271584933647589718850645876817921502184522976,1
56803375832250681168321835007074020780172202059593081039947544074616914877754,1
36394293344552981258790518761150071864036866751130946541456660230044925081795,1
66679758158669700671223133949390431654864398571446809529468139621047493995253,1
73815782438166388368071719075805109346567867857010068492832589714284485041252,1
53542799614836010626556605190127837067029961771332763509483725254682394511834,1
45191749275154532480552821513485703526567070976074594080031474841031531877366,1
84787672853272042861216829872704115804430773082744189150504416053377144593267,1
25704519231193387747589549636885221675917999789021220674130655056956081541670,1
20240184734831581089150859393030180246707827572844395932559750050069431854938,1
106404248234694332656903433290526258969735350233796620794203612889100280252155,1
33854768665992665351581742564336910686975999122260862519658422919342025957253,1
110771998174448912316876334781859232690689334703233675232146915161486616120412,1
94771481093370639013251112234278436762585347152249993005535205475245853839343,1
96504235333221649163942908432518347415426597393921757685480681972741834362301,1
98988979880409395434541777776632127861143889908360027237313175523927087489567,1
52427487731165255018145344470855432317803291892308293514826078595625274260812,1
75871035948037375353955839435522324519774015894105325467087539645788610843330,1
60395212731785025237647101096358550633086419100883453658045286774682739255597,1
101825105764174896140769543247412730407360990676316643130023867971236977415991,1
665433952307991804202740256889090765733925450342222755435725581578062957105,1
31297125291143038732211785569215164620969847146173816674972205245153386294768,1
95257535632355369433575388800727079324117519003913976458129984129869354592331,1
97898107021895667040757586198231850005064329727947595424546960735857614491148,1
6414859324312895736798088933205731571422957916575370280229744940844011096275,1
103762222660335640743033376050676006260966552418294461904275290626848503610429,1
43986792550176185512307521814576218592184720945998241041896046950234726882847,1
17026991728024790848147385243060875668596337584859073089306925053900678011994,1
59497665472749676703904116894391649921217021224381260115287080853477846305098,1
100456438062053604365141170891999722661473334873271693381042254703352229940886,1
26092756452793839294342824741983425993065234934608961226037424027727688343363,1
77089486075388699176342425759781073298425662813491182914898222630893000257379,1
76741638261887405938097734836817655886699287693782839995501182495231718314443,1
4853693935671051713191094221233683362531576032817984451454133617775991366702,1
48067074360933401210019415974899986620055244069718740187836233232691605292224,1
107580039490092882559183391520957897873839464584302723657170302853442484004904,1
107862111730679928843483053538277490578759938588867986872149233636784258351578,1
48198769203217923151462053442732942956777411723730110229919315150154822606187,1
1368254301149185530519530620794039738882744678433864506600163934451925771014,1
82539253140684051619765102193201229434024764294224867143909640733715000630156,1
21756595884455060896429743757742221004894024066705437646509728862304291479113,1
95837931854450697558423491575959165854039270956356888960541865767841018846399,1
88764769796545581226846344719864650092214620444596517019607268470575034707182,1
84666460793437216288740073783368456044536608363332965345909896641655303266141,1
2176909715216900428943826409365235242600656207485402934608063534104477430846,1
103747933020229428003207862068728639205712069698452972060787583709208018313989,1
32668137297999795674185732398104464399670586018129869222505559368974977025214,1
21190242556377233865495720090536510204909543684608955064885669897979105924286,1
58008322790231993607534855213343823887708115198861984615320799074624471830998,1
11226744372509450465240622047304203559787322372008631634808037228248014518283,1
63328036552343729299981338621760680989490323510043315329956513326999903206929,1
69614968070162255607883606249056394468723393594200509805018747268161762255295,1
52497434929726395449826893679996044166935717026123398991177346704114094159080,1
68161903655133345940875892799907345422578740608366157033065984845629056317984,1
88185787929315490671678726075800756206785550709750588429983333883286861566388,1
11786347050678161327758467209187924473578359424800355946061165635225894360298,1
65911972760903260445854062263585172245500398227451039762991345380147419357958,1
67674864580132577938869130587357003310106004101729547520889497963820325658705,1
101091152932569278061824371189768191527002501352292336327205403205338701830186,1
50360433827972238885929357599803535643017324878260378678829591000564886312102,1
83834026993627837371991672603340951797646187489028756891061051968983073011584,1
97709076354310966956822198727138343290925865287874121443323150565743124264112,1
88180371821438765527066325573394685269383849153130507515023760576137260271494,1
48878239548427564198584292886755294875961030176569621571922621319206758584666,1
40087899846427586309440115941236847378368000685592623369014135456188169369977,1
24001264833677631808062583801232807760131873757940709959650618923837849989388,1
103630300639316792117300645148536608893957846356608710268920609331456479306695,1
73024577205464903448574718307614177511044163341469231226633864205932677467068,1
36729028163812244110420229751447335436633995845611878165015284591700167805457,1
12904666150489237767204804532325846211884323398573278316839118001109480484632,1
30705988625330693123963134965055402245816709833076675313645411135843326638818,1
28599083083863886186820580531950153964658078902437231292108661649140036070015,1
52443359044987117645686656957754881318107042001157380927337389097809201063283,1
65244559955811380685156547274834679389181655777361928645617586505205749181187,1
29531507638422477107383769173389435420670169856720055408873101768747918673693,1
85177729815369491364093253432356109023431348724024212098258201510067002495188,1
77377082533497366433234362645494517241472348181614947760196779162491162246553,1
64910011214829609976252877613906926492847728789985405630314394901151824642363,1
85690042620345077348650692239417578489311647600592552160998337710433773073640,1
62429709356413940871681121106271326489152016548823712937790190379310863540336,1
60940743844723700640853089953516812645587981988187399376635199296862092118767,1
101886147460275003263390423459798420743286335107184312758631204444132673085818,1
55899941452693550183901482169707725346929274568674580924919725721134519196910,1
31018780562483526677817651988477796719368647000490263873239103463785237225526,1
66759210158119963885885279074245491227872224143896383687558636152878160211916,1
54386676292946584387143633379000694659999905746411644706905121327534948505512,1
4859338398614887417755352490242341823030074120185620711113313737543863897635,1
58093553249815172930285642694727003079378645953621648382942218059070174395929,1
39259008788447590563128198710994344416231374881111073829260831166761570208521,1
72247536863946136817328386241363513698511931968718514436846506713651492415552,1
84089782319470605369636059703859483833142563539484249537962056922025736706152,1
100911991673856469540646423531110815751847633367842291882709077948858240330639,1
110432131117227650624910858417861265587443812969408532623613989182584860863178,1
76510329321619649130055991641155258793960257304923700608940493561641298360010,1
98911489410217229729559301116715411910023538710894895402727764581143271116761,1
42921708730263437201266177937469603964467653803169511112046613686188533755547,1
93741096995770950040392619237773879455135586557166106972196482744050209944707,1
58933384080946791554489486505946955329273363594363318190493432222198027328414,1
33342891372078920632638817284710269514060002046182820990164736031031089573649,1
102096337037838955428207432731339478447229596053813080175374196940988616348003,1
75224961177073100432572773993208944603603854135644419054664456739356163560507,1
80096720431906572862354669681648082612104772213066073052773872139803424918192,1
50898842655878353555480741318612660023332653207181996423002166510125822247730,1
74071518863329377508707743420466995382268933585270050845057818507960746201877,1
77432900259568021896528473817518543144544369438876550340315400636903448995990,1
40269694560036715727504712661025376957740733962595183510242961488330854449555,1
19896556723658028962425764540672432152235384451769203802575446193521188155455,1
84099671515106962681995260674256546425401372949607663811093758728887911614839,1
98935831772741995642194898637692151996150489877294939081461071479912562614369,1
66530124912363253949517949728256373965270155319904326963639221172475526399020,1
41495145032530386979867655423755375428756303210903548906214524389223172834812,1
75535770012007030748936840483665305879274463837068547529856493143020466940388,1
65247248384769671644328959477643475160934762932026295784769484452322515924066,1
90159242699932297246739863036563783499911172697196593193572429343737662413229,1
28712841423191318928878046506136885573268233374183355180911011177844871447874,1
98281623777391480227839943186349671559784597722510460163161722080430806438686,1
69707637657040073563597125129452373549136146484610818932405913694578127061095,1
76366111174105749373377666255151864167044879261850009044584378366567076588548,1
29969610308004536313664109316564881786275733921595707677108565956741035360510,1
43474896345480424994920336293958605552996889157218243210479877067606356636915,1
25195757666891804205242069798448331980984085451919065242043404151814668488355,1
7956337380594169429116854292219503881342619758870133856398021410460538773561,1
3915341083576838742738740631777242921338054869152397091010175670864679582611,1
49436073902253972440462748593173682348355296964258709693992617358596934834360,1
66674881651667467657179381885059798396904517080556336922637336711226263488856,1
11637031473084272321418213653092880625683123046478236633374211996025766845909,1
55516706371937040533402819535128652815367954932001369889017413425925550499684,1
103876810921263106992272192129297446826030595753852941904845603274541359364386,1
84676048628184496615712816060235018101967999958235403097578579071612954879896,1
96398179265268903618978195774010779621288736958534701722780109479784865761681,1
13780899922135917436039309882254772395674209130273706943033369941304173677473,1
4707690479024555697399373487764254921348414381985571734092706868365276444504,1
22899791354856427175928971190588064068163101900919564922651711552281496672115,1
62863249202893396161119483885829421869220280869364789559496248831948094082932,1
30473093689106944806221038874495273882851981881337620016651406470784063022410,1
73174399080195873836611876619586632043798763068400922251423133381998883114157,1
101882802938460457120228155097321869767308863129486623084353457809216420369966,1
13365780137237546767430334709800626838214383727410526565809461664617355248429,1
63806447711800622127171089149019768904106661245088419516845745116829774629479,1
85111855798015637057139295511314456004795436368820667651037331681993733874975,1
51516259902337372276623083774490132537697037018056516810084088152439522660497,1
87211890237827098136243038833169921960686435834770109641219461246269786156759,1
7605855770018911864529666175744131141781852995765279779237198349065023146569,1
18532700161745054071122748920712378518965206903279849964216668207197636390362,1
13061115706920994308811672148747082393087676750815640532664097898170976331874,1
6826704354944711345867765102494378881146739315034985852301145121065938380086,1
53481676087611331153943035723305626942775979254138696292997249896267598223347,1
27272028269593432099400220058388580031744883945078178346730634660991570180949,1
112938957524235131870389882390973882362785106832561218862960152998046653930806,1
43717417491569939212222651633976154433611978432689244968619392187951280504281,1
39533317420662011862594634579820065830595925354475622498853879308995972380381,1
28712231437750646075277453655030180124826963487925437187063244993515756409696,1
78302800018382055994720224527998127901176933629773818314023376990749949168513,1
48398231822812903498243896323852571481714502125468887873762891955344528886915,1
60974902526288366099151368762630322404682496329073519004456903625769863205158,1
44415967259914816802730478411564586075389580179891089536132886992814089996805,1
14813969775723496476124866040714336293217772944050766546365528809604290581734,1
11161132882392273767671937507721699531727853078015706751518451124623605832515,1
72314901127939453899013829480447605593920272524736851334717280394767313492813,1
12022609142345249867705354021120493563250851735015771792941888817992923112449,1
41567015427228517469775357855892739805168898226922659173219473307746519809848,1
33254877966952498518533859432323525873060310668977333635195875890874853465814,1
12722606752027518486447219919396961406510457864048435681587636270059728562616,1
16415983206382644250703327305271429646839608938947853443365249124957600090288,1
73434436326946127779918129469102952536448528575213369051723479897488894356650,1
109217652011834699211921081505349620526293608577027218726433620398305987537049,1
36061865582746099876251116102070087823680574496663004562912313182229334818293,1
9171790443934513886951424663788186943885426616783585032609054194836201716755,1
69039650968628439576384612157650714641108717277301445659020686160325532143441,1
39679666394284736233904222461633619896100026142857611153326031061660716500916,1
101314096676562690785281133152392425967049130299929037982772380055410848403074,1
49292929241710384928969464116984791736832199341817334072104652584500863420103,1
16605223259959264552144012334960268315087476219435669088725976266903036173431,1
29470641517817583132800359133599679476898218073275402721879525027206399745415,1
35166032974506786833612847983034346615558778709637434932870919440460790599130,1
66409293175997210435510245730379084800859194034263217826853275776509599589175,1
58853877082439435295705235099022488512825593289023211433699877868816281938723,1
98631988446687536991116135362984501547676396812845253266535148754487373836928,1
78418439316481912572415500047904129006664180105810848356980439280778481151622,1
50169868281956738040858124780459709105779608727214241709150596356774137112788,1
100924893928024176791757126280833155944536071680415330402662665896572608172112,1
65187165896319826682426108519629918268745162877291438563200382917873070277351,1
66291912957686768593138330690683466908202878243413366700957625147528143476799,1
937057542579124552474433061372152660716067900757697128926751656348355974371,1
10442917372633406680024543107938067282539504545003992004966383415963545419581,1
61882829429195400943122987197047575809058857354824965763566937434069895268417,1
108487333836490250500436506467994419431168338687294492510002835768878461301517,1
109596292039981871118434384295045025898890654680712249942473348817180501433216,1
28678409549122982085861666381168375110790102845188011029565242873959767304391,1
14827284895142401329120967005419921529737778018110012811846536513673379678811,1
103495813427448184233509728441579021212575754960597888980203040082131374376400,1
25491754398246062644085794425191072367686864880325596066005534862624413172061,1
2701575119917037799877658660031950254348260772693880705761822418822994351064,1
28078127129432415618488940187186168781844596223119163928075842388053510429292,1
51359782210127241253358612368677190353389341590418054660094048964019154180663,1
111675707980943618235676208985242656633555739744833871847280332152069695920482,1
35439689461770869345210732928628373276350417162430088705078685722899312628165,1
102612862556116191714871411656323531048205323807335882203036727292855389997388,1
385035000390084806602592568385682482200846674362218826506571643053116643164,1
76718422571773230840949419939892555907818120472450027692130015869207142882816,1
74716973219370493744315377120644418211632381663458680352717096147534279963176,1
50040956114304840189488593334495348895663886295227855460216410279933086555706,1
113648195106948247729309722317973238402683654542671319786153895752875556988692,1
23996409068309286572781864858298522569776835218579307373946678029288345539966,1
10209640316015143778994307321797555588066751710156812895989335721303955003392,1
3461844659125905898545332262564456071722006991159470415756925960441606246876,1
36185261788893400352095785232490515406073596776162541193217418303428282059679,1
48204829336329443823041096166669435762022439306130216369492550213763886535031,1
105088346256188288353020177798846063678368021722450696770822214624313128624918,1
3730098419326695677947232530173196723869846085304109370551010042359821059637,1
40882962546367355617482985795334997994600483299452095227986374241266680291393,1
87553249219665027495286071277607426606145562626179008516952937914005149165420,1
63186871678011061622473849811453881311541205990439381866033191150905120890849,1
55968423070816518025715733171878088351346434602655303200947877176143412011568,1
107261417956545744215736138263239960532196484287266784277836534506286982392924,1
101522812322956579095470394205630098281916413825516547758447958041740040958704,1
65964938171672233191110134657782610628441897704111628114573808052856621737683,1
29110098223517000272608519773292032041646940165104367305503308602196367523832,1
34480859349131468864958335152796392490266470739374161393039815357797803198641,1
37092793966366281752521902559608520779209723903893281840098417799054948028767,1
14252146942287957750800280577125753289742544091024164431560104590712867366297,1
31139262302586318830525130838572650753242052230621980115708502453144967417535,1
76777951388620339843098580343409955614264941899809014353727982952723142728786,1
112233013116804659452976709504593902680679430477740470783661299209526809183080,1
78835371418167678978051132734175000793726516750231847252175941551941287375157,1
111303923273047322600429050124031976058687924157745657030950981782347742519438,1
95029001248318273679271692891081355573145193052896893393856811806347881950716,1
32223370556770177462487082450626714800059322268837599381570016180679419282677,1
6119603473373493580200665727118361459109686872024180643428026913855633458960,1
104128957519781523645146924186091227802878838351282544520957764558298333049065,1
55012731083782612072324459096398929490265204609809788595565947007948416445432,1
84882768427344616061780630467667540714333556767969501542286364874850252017817,1
64425638463690864216221930151845777739905847931312232710090169727424221503089,1
83513741544959550115850146833516357913004185460024886714445701476658830461687,1
2424174587722913164193038975029321992245157640480759688330511160129349759263,1
33503162236676800807812047675657794336692752320529904219129621719334146143459,1
34996353842273084384050321440731045519835265711973764071140032133444027265193,1
88620051881836888849730739993679531760066936136763788024048805133492216572268,1
28568110677995999760568105581141733329195230763831840664734341407237003074164,1
67583686078806539167871937378005384394306112829174431417231354575728411453548,1
87743188793589695220526836012173290794404478127451231252891111920942236033418,1
115112441501049981493929853848737711171053508168220432544205468475094267672775,1
14229479889998029667949397581511452568404181056403062776882724889877512643486,1
90760528867281775072406256877931881915545808424713993450662988887910491901738,1
49870862539889630797979078610387919004719411916251718872976099184175872881323,1
8301990733204983189364004735560425210777740755397719062464089990590010140323,1
26565746370656040652480667747637039823600489187651020958669819982074860622226,1
84196490761741193624721704857528538663490278156537094838533802851204243535633,1
74981419496701899308799292189178073769759816093216585666345786234931093622693,1
9548702436361370012396545565017239220460857099418111250492380962584878461046,1
71062986751160108563004389016366335409658100302850234486188587285043295557893,1
38198400053744411631420561747844363855622058766745184900499754886106838419069,1
37677013537543903929190857594585338293299857419780629349664657861151143165663,1
37329056393597159971817573998268798010427861791621353704294277004389537702002,1
61954713942003148518532235442831418916296747742931478911545717438225231439029,1
15643232796780644419435436014202041871419992934061123385070778865438187652288,1
79847843937230126272163852039292210383342504385414561687195730276090597906389,1
50077311862997233667009454322419505084858791241451193389338174050728821626144,1
18314402198650354231980468331460999060504656434436002013216600521476090055677,1
28730906438781713358838570190890567384389761988312692738537394072217272323172,1
15849038464427505108217838514134632215221960769785430628543802934460783833373,1
53133796970851261017784323145949360659357171489723628303595560978235729020325,1
11453691754471359582750497184130328289478774808333134837682722114686130484275,1
69093720629090431539483787317204985586916744030592405224127321580363610289086,1
101473903169031838522391468215804522902246441284935637282296498057237581070698,1
31339498163009186437576439986447459613967621526413637962031498046030232724108,1
47375265682831136845242750250799970537002924474905291371448459251394233974856,1
29448036839428336256467343949863389051242964016622155320352036187284936800597,1
18041541907431739666976160519753025832573249899640569601014214580122962795989,1
55024369887985668184317869934667792013252082299804530727645158483171164747504,1
76841393246886433522355248757614945971326946037628871413293048060655981337138,1
9202162044267132325321158778427309156274859981849582549735216586026137775973,1
58842103007651694695255134990444312802031039625073765621996400020192836680013,1
3372369382902298265793142385286412372759895080375177759036919964848428037956,1
57226374862260850864981994034049519962597622879983688166095302754269156952682,1
29412122385232142966794700720040490277527220759123583394441884139601078611082,1
47756735428420487598770308435672123710647803382951645142581654229449230295487,1
12267726722645597137603131917286914676348764138856527214559839450503559523102,1
59586656532794291739155739155747591566689963839474566085729669226150803481342,1
93040372335766493849086611813666001304950907270360617854190169182359793697208,1
39336980897444192643345522463172627920152095230451337139949167350662019582352,1
87347265390999414438618415866951273196392570020918484039632837125471002015295,1
70350391927759172252472998362701859404329038147800557154552306091862394076401,1
94662584241702053928504677628999525979983052549421437597939207372267864400528,1
33273053496221841043764446961928287421465822823119204592818556779745903642015,1
17791718204267858185752106237918572408260756038798269892316841984942410827040,1
37587021171507581429004960693740999593939450157181626301227263538234972316125,1
1702963220799449534915582640030725859856275342214805406649486265634054674168,1
115620339253228728804731336689695164730873801525285295030547704730882485585126,1
100784091286656674220278166328269174104297062162340368021301493895187096528415,1
26963899676515257057552831558095182365067097367704852464778770869996090783426,1
56972640312488557634195662019091573733536921208836827576180664247974595673021,1
113145153278523346118358071555782303473629694754465946070867011704436291499254,1
6274875239849690681674789013045284339643074995359578322841913392204285478263,1
76643501353133362731036835767994680431422159691015086152631924010164163355465,1
111559632444353204409832043197529453022734925295015201535999164489536885116922,1
113695557669915319663667082285776442523338492539236980296077009610706882853739,1
42218461151981939090891606855346813065257372989308333965592106652843234613833,1
102800415124222083743965685866800138844899317746041567972171831854680176188560,1
325784941987918872017519482802492628148663791820017265545552900319878991123,1
98604818702489704227838130992465822389170045728246047580248820858209831345662,1
71063246436602754122501302613554011168892339181027696961919426212774320601212,1
25698287284031913428439766637373658372862847223451629568201773948594114589853,1
79061658243254627426506421050250304314790100899853050877973882338624749873025,1
91830348009393425868147993988272703118687539776372276868374999473421738575465,1
88659951685470486817921179555609001139239425902349878336908401008528142908505,1
33002526201871324017333189645270597583550253993559122576571127320597399241989,1
8099427019189919051332995712438098152895097928776171043287214472057115774442,1
45700290584262976283267603789611632665297652708109269715624472277440402596034,1
35736624964945968122393144206558910385960104793491991517600237716350255460450,1
60119222498682719365940412445539374749853430612721339328549206758214247480700,1
29434483075304036662643754581520282994701921928885206704889816049659371260983,1
28679499496010246421770330526308292019459064712399515018015241856555722057979,1
96116880142494802974476690999500768845347095238324442919660465317518556926955,1
34745303856333290060085074038952667836171881366656686385029080664623591193733,1
84246967359377997329114587025731675215519321601728302897571153991416518237961,1
51855363185272320320215120804779604881880505147173627925243535990897402756338,1
91357138418712495819659482465337156961982312142198007924385882418826219460415,1
19156099713120608111551089637485730551919549788202881354470235319283167621289,1
98027026326029402072802334324475971131785376420448183531952008818366872992433,1
109606682552485537721017537134419600524001715858586541590652953994568490961169,1
87581884268542279785566314040102457517279770998235019639903808119681174377752,1
35866018404941183564083478052657453313896524582442289079655926029647269798784,1
111905130942225467774991734719261830674505601348523552492716198286937683693464,1
73693110291267029830924921776244378606024931994984600797347946420188355855469,1
59760887053968951346855641981178629648244839780731116960152231269762177184164,1
64007799069601361008568056794061873929845910198416939556056211292452067679287,1
46728774778803049781663289804751175294273582095907582385583998178289040677620,1
100642087441720306985658148938350738495694802168596088912471268601676469770471,1
54219335067440594145933557576346692648099941233966498359970502937364440894518,1
65348928018132593730856972407035026794233623184247477679192077087766169092662,1
17153768851082590611582725152666148443863735832929712507135302529124543499215,1
61936635282464953904680012871809043754797388384009460859246890142828511394877,1
14662787408052911940393103290962786433283871659403759805774969086379757121904,1
30753627031918064497452191740323103632277038234705142667574587288227702899277,1
99752333222097120253802632307983228381953145204153010468785407062839479496848,1
105449644627985129660350303726923842226767374802389576708075385704934606915901,1
57951950304045332279593455614171504729010878940094935360860362750401578615262,1
110167747894722792372157118762657446784647214164310283784402729354777565368516,1
15227654382534964527924207850835335570334535654805900754737752268451431975375,1
14537185891485908751475976189393618355947964253136353675609428893617715948841,1
45077667684095753276655038310130691731225111031343374611393449992943421057687,1
56437541473366935765960822363865827794357333255622505045330012814993841074522,1
46804191400349925250034383939818220008180422775693272048392784442854862228868,1
21263330072700809297869656406239367004058854498144883536773040029706387987417,1
17973836495105669366149845090361765673019050239957914704819483228601516844747,1
56967495542953138140063072522431862180166706830669810840279647246228265712994,1
51344999259230792506962470787734187332921802998892352877364331434722633351715,1
100926210742616815150719272615938670099310580683994250435673772161852772519554,1
42351081967012758124144480104000969349778598465719230169071878225707131358672,1
78020873730664310786524639389104325636411193894826610606831383620345366505531,1
601357946702076689572176304678332571238819705501216052107431581664097904436,1
49225218600211560624678537625918932657241209130695366335068984854852314245871,1
74934024084609175157418567571224561506434278706373355620129288352802592894752,1
40493570323183470785101757906720459551653772313385926346311306160967913165656,1
51562736150797652626954177392769470554765472239281809700763221892838980434969,1
59473228819355547123243744095659954191209178605423936055918990487569601489895,1
102048002471307300467183642394058510238192306309829254228050749915436118803837,1
93435407182117158456379136361368907890587712310621666452995642015102030459297,1
128852070008155343186103250827875947774912254831898706137596442146578549666,1
107721747382636484854681931598811593818339723232258385800668428218217301604466,1
24869432849215972261126163783608247947348959507179072742425424899036408881592,1
74372029772374274596146549013410404578320074527482317017019136866855341651437,1
69800348486941471249490195642382373048222597032612750633668451745445959169034,1
61721215477701091052137974637544119678103138583048858437838078739441989173194,1
65868231542678562633764458537910995765630412432921322092035421992570490760296,1
106226899286658484198902667479226227764932707945813592253592531434003466076800,1
83265671691078609084177807751730561360343874340125178552182351139291974842144,1
66383798915675086913074161111572171052652476727144801007856595173633323399533,1
11697352756831721499086382383344410391667428827434257401288099383949241036302,1
33026255336014778285151027781177000315897307847316069859287440673595968072991,1
36982531599865147877437043188072809837150955204171715055310672631188013628627,1
18978983612666615822945862377592955230591833504174678560612118399398991042650,1
105901844269729861115455974359802751158949173508183254610976515772131226262362,1
100455718542082689689344386874006373908239567321208979461816126647433863167822,1
2621824016897545204676303854977300954757556131920059154898864959217124440913,1
21596744159069221430357642154080243628850428969129324578662993096476444725453,1
19478672406355244459952408770431464265213451819993939395215255028679653877705,1
19681668073818010093628584725163629128518026087930405962838512531073576128052,1
70374206689898384230120631830842689002023875690278031444532031957959361960730,1
65482334164978454248431095789500672841273440654615499017785585588991130022575,1
104287029781058795320127757885826332264904224325358524947511452861641560025230,1
43834895403652079728225535836681214268604577481224326272306549928995567896569,1
63341162144303594432264085564125563525570909534190155315858054613527573055459,1
86619563766782444550000243252023311221647190160813166854171728917806805118234,1
58030126896138649429232310388807752675387024022252084657445072909038502526581,1
74643401719096457386755137381266602480076820728127080299690928208330702728192,1
13510999207668755042345762652417820358539014165755353483893319704414791998737,1
28923052933604438503333383732037376513613406319992708594156002166621900594753,1
45951141089502118949928635479762158093093948501847064613368876032462602045311,1
88544853731652983358944245730006425682333881386247200121913741266089527066712,1
81695910467543961176707134189695908384997073919990232178080146462362378442280,1
3347577870121586018629848759059396229665920142654203999095655764398286075392,1
57394457571491953218019884632298389997720115483020759908487843958371191428654,1
37366435832590948719463071155211143142763041429685817428598627520282700554458,1
61369698442772419152036218130454662482924853392852510637489232235614026250427,1
17313950690511349943820509445813576035534424220529523268187271791893514071665,1
40040154176138854581346391254375893216558247923963203527071273405919123042131,1
43975083353118092727392120982033579415261001425852025928788702008417179427373,1
23077348866981876841276527853128840713044684126202586940792703774547055945340,1
47865286971521029843874210186404294668689528678898010328547563211033515704437,1
94022788489816888138094503825918139396787593285177585671879157047015162755279,1
63742271895852928694578903139221176009579974350788955897256116057101442431507,1
108427930965958122410196644274026328968006989682951961233167651753877204312021,1
76619280931897685482032543916325110137426011604994404060212716866665266410667,1
72156742129165059377970562194365239122222922626839790816244219880304396618057,1
1869743378867474742129397548768613586030704234421932755501934045642973121226,1
19694670444406103219125369187312443321716636528731866207812213350236317433624,1
108432076583984997562399876460807126340449252407871116546652881691561287855352,1
33527689861232847800656036521090423094077638427272743767557823773873282291947,1
98621256732291525949863571454212058854901388580839753275009041481215546041725,1
34328639094472913861396222277679613812865923308990231312368380533981980310256,1
59391716508541956458970839205979675351274680620132442817616850187166537951299,1
46268501041672013912957328151026957188969787703041932071282146087830816158260,1
70689125020272131341444031118108179443248699851547491834913127646741063117232,1
104533638084209256859828636795319996473253707496157779342322993304725581505776,1
39102834609675187748308319921931075212252046169911168381391616089257148608237,1
43814814567685743628862539527216132864430604323532510721848886383104855953927,1
90293376964697261906466327014932549262675583834626057343201302668540316296752,1
9507338419727466341317458998802560860262182929801784877526292867777380068457,1
87868557454001993010997235908404080103473766990520145232578872442129748490951,1
98374129801673186468389330978971396664803751448762521443912432003706452265492,1
77790340406171863059098085079777724048499929761888625975658849683734567439137,1
5923748416583246594692201211464472116620725729835347374111406993764860711369,1
106828377019012556487634586082146943231193495661275941101129044765044941131317,1
31485420871816853510108157252347984675322266019087358159847822201649947599915,1
73707926648339616252768266801648338318127267410813107954912766928497545602702,1
43401811056178902172398598287278973361453826526945757735332236564859068521693,1
19353947701108511387922277927488808437625570847767753492536364085841862040281,1
41983543282693488494095883321447986727945694556662138317622058237914601421933,1
26492177400568905766219652105782205511440409229790983502559494398675644547627,1
71943522234655873128919804705383032318151999078915488711564187616266409615241,1
55553302812629352366210886026012808448943942050032311786743689464910804723177,1
102719035530620799172335176839717484831351342225999503635762296906996504078934,1
47036039781631169841102309719158991899418394371561435889040937442483921003499,1
19179935160931406877665958552928275620218267113720000041326616215537392513637,1
4644909161602743425279766473727425147169688514451124457776531137873244052703,1
95233069924240244298639331257149592290161760399318024480597381005042296818304,1
48029400720580965376782391382948977290296505755769452333299293194993291350108,1
49319135025950317143163289348729625850799355479491867219815580224182260839896,1
71681170289818873344773848674150649965543212698184050820448423818590112661904,1
84696529994023304179767403095194875724939371402820136372502466317126152588878,1
74381894306490505902484376588326258568762397753688997076783164488247857201989,1
23204071518194873571937718757470707913278190746662407249630316844853321375702,1
5042264407534559370261264277370132749667678915665335064075745116784310721906,1
71222093021366842103521233017668121475651574117214298910029559468811754419603,1
63768846395149579449878392448176267939180684474905238849762466933970438064586,1
10058505897401587325613954644361622677429103135186278004391041926564954621673,1
25755084941961528671735566759985423113470866762719373989072009867573051088819,1
1303660190189174194133761545938847902851821500660849791681857930241728438596,1
26002140161430867146084680768125494040012601739287528497585634427692860706981,1
71331056076221267227163569262901433541251207082592825820737620595853400096970,1
40337556121925910636146069344163447954200691515106482874445058073066776000935,1
30437648073916095483294548322894268170001548559757357331915883822125986330732,1
60433958048014693608163704714204651584113539269575301437005978004154630189184,1
40365614843416698473795755611334933143094557508825621985141826390860211689929,1
15963864658343468630326255626340493232230337629425661611912027891445001111301,1
80697134633995483044995947649190708535970222937839200236990959520447541601397,1
100542148560177563121996473653968390036792210746928715723528023395547733570926,1
98599863583770076996533274950405696524218228107658211614848868848628700881418,1
19146261350371201123547347155236846092203485589948300636117186833395848342102,1
68658615078051963810497251978458593310717383817720147837539396625725467218788,1
36425733282172090823018353350941274659920559026924126882015590138845681039215,1
75971864899605557016762509040734142545728296324880321749636953343846642651662,1
52256804662131727863812360935100004275525254125460789023080568389438204332776,1
102032049661318105534217636747957199348789188084321302580301352221059806790534,1
88126361796258628691646060157910563571077835878969513102560510050750713699235,1
57640057830510288281162143116593315306041576458782559028084158644990593139186,1
9459914956322803822995100277027337280657654542500868559748901589161544613511,1
102348672668792732915690152979091369716409406756825783789853870099416147299992,1
56570400942534254153649257773910641939319749317198355669157234200552493254752,1
6653574462995097918757002262237949801711767160695095361355002624725612063658,1
36599117550685813825301186528763221013569627313435571005582058354328827594090,1
103633716269382496820779692619883004413254920643206183855217081193448760215821,1
81575473790444426939317227894607236212057987463746714570780991459413372613535,1
96246205098590646921219281731729010441866865148581978398300456596333902171490,1
33834738745120009286332353998385632685943656138650899956865412825185270820262,1
31602626611027915601384941970356817278962395911923380304066673314375058126928,1
106583577436487616726248575609334552688605018213165941040465161939985983613560,1
74848771047129637100954166208122403059199953804114857327505314728337172255854,1
47529075889181506546792946440836456139750988301318078011258340522826876341303,1
95006850840548232705553638244190727187356753586600461766847586953704529192991,1
47192781497443641602033985514219726424671756571238125141532826121108584077266,1
112178247561862325641794766927053217430758033318942044388976230491432591658164,1
18556057763030020981904832012745410941180588227518609631342322646674557038195,1
33970170019382848026307328453713344899177159436912366610541292660360479361453,1
98197405542768890355008765761005727567880054196596099393030513972638939226049,1
100146765002373881464057980697534467872505630652177944796212202623356078081594,1
83573869028052506369444148492973479890560074462684411619915569642641097896916,1
90960361329976269777910277647937127422626225722069566532871833060914765460163,1
72955475709377797824243916614067622483227316119519423977376793621975544008815,1
65817009804152372298421795438712118668182131773057024281029998127546748452156,1
23146882370479588652672736774250901481033430230083948237615274409623943033364,1
85567745772297151403568097456637412714123913028377065936662233840188057023483,1
109416054533528468387865030934106895339655082133544881635807277444352784816550,1
4244074085901217752293471111854851756846967237450223877378504904041874361048,1
79295676010892960236978319962814074116838218699130708441384336253033206043971,1
45749505690324872592799331092107871151773521523287525720929258680619912917027,1
7027755873542115951181372643681835145966902661594827120396893802993979396850,1
66795219163512695637265113496006429577748234775793249879433929290257096906439,1
80600259960502457041650032165952018519545894085722491692632448322263948606862,1
243863204834667196829217049680605182935688651989451771935824279982256333125,1
48372772646933711929546245202740750548180578364729026864345871512382477821815,1
12737177950965360432679348898881749400915397621898721440016145602275299236856,1
69103618660268786242676115885386751048411961104287328439757973637501853015034,1
105512512117213880602075227251286902619894124643102920481374923518163403464679,1
66414182212025912792642547473673472143824934752370772463515489281073798881771,1
63577108819333195329594644940826629558268235356329445485552363994794971389320,1
103165580619559598960818428538848609043824727051244904114281736903480171658820,1
62475343476746714272287308833430731241397869697562834221243818622559121571849,1
3559344074145998957503590703753433234040575768770462771935145777328980024178,1
100259749371367505385033146541291324298677832853254273033047579395336989969677,1
41133040322263853059087433345865631071466345521030273917632777523132502880720,1
30204075915830411771865506013974312828640583775117042418758649382336979185000,1
26683172938741618480079552661761861924819214959494414269977051021084471062494,1
69512331225247861571928811572074915788727789675247904557317494325074999901387,1
95710644100771157692178333435469231474546340029989222406098457333934484195654,1
55160316538481440907170368373231298059136632853140386069020230873110746005672,1
101651478790296880855572314058793736119442391004547664996536803053502954683294,1
54321207908272823074101444833994942303953917317367360401765779938050402215803,1
85041110435680386482062338107533767993490766280640947608276400973397482605706,1
100959127594921812340538267086104816323294175204187763767445644562449868894148,1
23312473505492613592404071429726606351063562563997058848641045682549579205607,1
5992267273552528720820488790231767783550012737710745660415422584540873047411,1
59773208017265587826948814386655368022766210535742384723689636513607514484759,1
9471687070346495176220744247081500411008233497660746537255584833242881147594,1
3251189844902393695474490343857730910648187689111328044029535596866105036057,1
30595297444973862063679197328191926433197264017765212117890269955883292400294,1
943975865668164856667051775191880940443401011934894096372567282463624751368,1
86743844513626195601330271304749139153378934150928047126594271249287746097516,1
66968038986647212298843400678964676395582234080961202476234709736548332746153,1
98019338686438490812529801332710743339843748304387626669020347340954019579040,1
89388901857557138115541065074015001359880542647309146594124038502696051737461,1
107625428959315743068413138098341720323498964333221895912079055518556313614288,1
76609657922440584632580134382402537660842384215650027174775061190027370004618,1
12679808273157603175530252212723975632249754465105246877905576513423408709425,1
41215317132423766025644291447825655703374779563144439264619579485628871211119,1
66073548581110417553286945564346351847933091333220296850891720366502207629419,1
105999491520063264441458038940708977295646878493415850038021797699700480068275,1
96552487653982534179612969601693341638257126175696977141819075409610092021322,1
69799452070596987676023915151614398719016245111965567588688609036926785789080,1
53393751607975475298749525449663566576824171711676008428740959020056416564457,1
13415571777433183406629592763151781320025507913106169581223092224530530365105,1
82021993195316563144720366693134526339767284325568814263413945853382440846957,1
106220081046893882314677150960919815842653274242995011160857081237736981806447,1
9927635676025618052746296433910321708805969726026258270991177305338685178155,1
93012946626487847614779701490083274369150651511342507604488973502029191757922,1
98620707920753706955364744240871133405824024848320695391939829255997019189829,1
53961594107302327007318682754022663214297724712080772276454846702822603999334,1
6247089409003529704805484194051718451210873641486453429949739395615007988869,1
50507129975634884404761550627315335491192484890666442239351053780616056218288,1
60196653503427809816957977180793701173854344803171793315160410940085545513133,1
54133082112353001946969776684781670019044998323520128449693141579430081570853,1
96737773912451911145814653841701329997707530556989231607990309192128304939570,1
105774820342556784848558760715652497296163745855970055162051181128826828869589,1
3238278114471908699613447866224603851762808872624438753445687876292359685841,1
81568542441312726084292814272426058360282190554943926360257526826739040034670,1
29776307496425465576573861695450896393137648000740142750622772830384393773999,1
25065909175979863230022042685626086053352874949443111777391088538279539510039,1
94123238029129330667630853742167286219003622240968671758410572809596335683435,1
74696918978175435371649382125193999566074404319210189889607787627845352779303,1
8041925198847000347435780649069257680041542798583103579421572246939234821032,1
8865229204110127269819910098211675565285825993020848566036472140026024324723,1
83969421583160476812264189199381557538332069031910296657438639964274004441357,1
71925616069630006885747647127757222026708994839496114517569596899372157264830,1
110807390583840421214258438397888197196256049129259330812867514605226609545792,1
44802271440607061237326100012727543879456202556450434137257893315287952069232,1
49760053389624544942222813058048112357965026369616686761847119322487571307017,1
104136540635918551152171072144430009938914619728206188717962577381705320392376,1
11478189626386978231567593311786287275618665120581506280749737207102556316384,1
72740836349535121188238104598515154791155255383157175988346262425240156141736,1
85198714854751607216835589467005432077555930700478415979571931187015783106687,1
23149678281305618702489064018628634892821910546498579794678116553942988723108,1
23464800950592921666182287743542392718173107472871358075387401574737500448773,1
51568780921245311409945892248305227804031155481049084892857588367841756140015,1
2606235008279482020680800452092887559831638416993864367517494827773797131652,1
26420150705163587831220668082568059315455838438477625446007626466758593983758,1
17550257620122681866445730446632975062365262632312255424071883801798979671822,1
19852286805840487439749213605112476278601229541964088610399601532440162764921,1
42077834431857037886068096913295748251711780501623557764536061696952802579622,1
17934982291839958552652386370581588306645005151034426267506658004807865166348,1
74964685388300577901221436252813253990809692270198909095568523696149191556688,1
18730349813217613036224152147968221795959051194287960808041653579586618253652,1
9412355888150251898578141639738158418731050169972385190904285871466501363154,1
96378347125961023996167091882904288245134132510902881280790174590149596685607,1
11891295541667535118381149463764342026604409430491264959038313050473751553919,1
88459770111722756284595336680690853431675313732843364502179812471184301195633,1
104544322160582306555783507493714621407212125381758646004871336475667776610594,1
15870647884659989026831424910968393563948924531835790814543030094395784430571,1
85825639008043385542592655699348870699971106849360420390292534336478284559937,1
108596639159577630948052237812266051143813046850021788608519573503289598594540,1
44918711893792272659304803207291162009423159336989325458204278049750438060368,1
113102555137444721659663964361043222356357529450393038591616510078491673077878,1
29684608639027179203642777926512676698796866958191314813990874662564438431636,1
37861632582993434404458689631583770908764366654156541704137002919867951771803,1
60031458765573086389350308327614237614383713946922146349207590298716385766009,1
90871369933359806267251423084832215730989700109196130155215539032279966357278,1
22115686538088569210462214122424393897289025731480993303095924063550419950963,1
19222776929749825126579281267918275936720916338955174262929153277766243390292,1
99127099876624919599453253751800320066183163321944978263993955037686353913835,1
32854831487106115962340542401891568988403868362218541556356126553735404937724,1
13853005883782665457248676687162548909411647554815165969908532761798480067109,1
96846845599948036656272207770936828729909094866756393837274873265549871535621,1
108444492397427513684451687701693521837869771577294535630389990328642383578116,1
28321208939326087328963113470699631295022786253717042727639221669687573497455,1
94361278648613515972742219623654392385992785178742783133819104780158978460556,1
93822263300071883539275893084474401479777967357772656204157359988176014212638,1
115502121282769634806795689730779709537771094493922757658092785012132034372398,1
18657059179975451817237708567421827236260064104225756912690404809178377132347,1
79095276037068367396148189399874566230478784989771637849884104846116074729073,1
18325994890807890115066288915259499307577645033375556672133280125971016366451,1
46672282679274072783494306548478156348833361589126092347031207799933136343702,1
16774369238299016268384250244887936623433294072026677969208589749632501169746,1
71037014411852140853607029680712047412721384233163523560554675960039775131431,1
22721752765482018290041573713885845422786595482138659801584602321431949940215,1
27045771756236208175313211987255588547682238203018461898594970367002511618813,1
64494603620362523394568194668149846563129498784926760806134050786991766063121,1
57523818697135234686727589155825853838981990803572759268265865108739526513273,1
32993218620645630466397367146451633554387549123687951806648357410382753949632,1
49243966710592305015592526603897724806538878834115792725542145740622807788295,1
90819942827429425779878693664231407432792747710549168984704807517974714798563,1
113291146509530198239830222671122604940299190209901275530843061147178412564247,1
23207090509892613030484466844548002445905280428661623097604629530873943928856,1
13319509595469361466423946425588110904871822026036228150262834076146006742828,1
7776150338165648273680800481553278133775113497373432755786164434694464926663,1
715291915955862115297693297879993704345534536600945377272013967529943846812,1
34310004339080696520831120201571679178297605532012824125597980232866318132388,1
101027607145741433386727484863225281131144386230401882647924248353104269215945,1
67592008922167385198987978230369971178368816293178475113276720201303050039982,1
26816523938570308401003214061434697645431515847881641098313937334191702473507,1
41519121244247116974929938459130560919207963030906627986633259388031140130884,1
69726016460074904785409251583545168904817192823596361933694460661443670376763,1
35899373362774070300886102583579606284352261504698112331236789771074049403861,1
47998521279586866167691691272705346187336264098174602186690282810190181398024,1
47855100364621094119056898381163841907629994132593581944620558106936647445705,1
62693967817402242479051300219075465720564165810782023480641646573276410339317,1
36546946664054978779594395805746211420223287945655862995635753528692433792347,1
3664407833774019553815543266002185141529732739748017459932312334484889508125,1
36542934517154108481501947647451369371238044853949049022880613634223648043816,1
97411963436908190696104406440840699990721781966403226622143966671423215106320,1
69816163187373852199329855956079347025781560248849273513646087872727327571749,1
80213494879137684108030102730625715558907836826535347885632228037524928925730,1
24409982866088610094946629465671049761679302112169952385686220835188925614721,1
103268949205386360422010796999958161928949067959696042252492497707351714817388,1
67633817306301750055765392023424473492759287636995517173190798529633673609004,1
6185075877200388356107479982903950962651225739722252409814485873997265940563,1
40636697192891461710274900399704946454726495264041079950061653003175496274975,1
27094643438717598677949263603622841611178654216601919839385007303918732169089,1
95942321347738929818088780457603412687464559799581207598901030446653452231394,1
33174620747143705884939785930135470760476637184981005145055447414786749589272,1
112608164995696906487481038560388924711741409428817608439452477094376220295520,1
40578205477311916632472979729780404121983566767320736487676549559068586388429,1
80294059017826448991270397076043498950835770169210747478109570281494718893540,1
63247506066441648191071488051195953575834794790597759815846689828486737212186,1
50470283421629609061533555043309706634258849995423010632430828382434792756857,1
62352310115833545488106496470198195357338393806739129374486103422845395709587,1
84536261402774817164794967995692434738453186889039641546572493990287265163445,1
106855323789388986965614773448280638666343539490643225019082249100249075677361,1
105541684030156884896070418187391456634382682034082411986780586494619462490669,1
84740662030637049413819917872160239023435875301010756514853757459997772028654,1
61454250750133840425971629366443223921930254805771247345944378652630752826717,1
19100011158047945715175575409021341375891196878304063025881610785258818587831,1
16911724539631038199582446201078326908329465785155221052933465536915655543633,1
105404979660527433780388420654873937368733913555134523972018646896952888756643,1
94171351548226854146651896677674285642545207211865920651841636365181105308057,1
51973275774455051279708712638720855905017993496190420812306692496085493873403,1
20805208235066111556935801717602129072447558743224290792052118650905776890451,1
104033877463768592163535837063315467657514785835127568084221974733149122872282,1
3388584330358642692966536252782660161565238754486866781313508180793105112630,1
54335813734992879663408905459465895636062667013801469917277031779759356393341,1
73543040287292990240676240227718864563565532874121191572117929121530788568377,1
102272981396765653024267929939439525554175938569495098164867037405872711623530,1
82691489059463335264937520716911050979852900180744770356763796177703615404947,1
105538751026450455957821867540250718452856105846848062655041406845192738034181,1
19819942020554093112168404090003565228092947963047128067122834473216803979683,1
51616101424464051652407989845878312325942261068117311059264180176255894950221,1
103931999759992612619756982778102584476180296207706995691322197483299547593614,1
18838945789934982869766463105939832700495165656297991831375896058851296667282,1
95459044874669438174974297762779657700007327890052253646349110265762274041005,1
113026371714747466497319726970330369963179836821953912459112176489164202681028,1
40207908673384576260337747211505301082086561524216644983285509217042867939146,1
77971111255700462041712366454591456081949445771543023487056890552087632464330,1
103369156247218021363113054717584666722900663449018678937269587719446736965036,1
108173402141940970119138116953191053419396327128466407523859906047034854765235,1
14957473505907979128437610149454205232780982494860263396533020544143178771844,1
45085570924822370867837349215940571169163061437342396061242352845084419196462,1
44000949431136317568334039269155119396880838882600735453693963621477715704517,1
98517529280545651482308542226447922339694096592219535053743787579193328805843,1
39279827522165398940018274268389445493459185841811378582516446372098433526419,1
48821486722708728360709083942252189793053669269476484501714765533258058897747,1
89461568639780518200314870695673950347252829660717961352316255743558276015722,1
69641682829340540105567688340565431607660912172270375876391751674697125686409,1
46174835298439806899858062366826591547379621654466517874636979167737518852125,1
3047879464677024238769106366506087718666945955233245129429850548048443346356,1
92381935472402544625403755903314852684451264546890237852460556548783358471734,1
50832784069938834081661388241777809196768272445963290958910269158879519138760,1
30643135425627424000458501990590295788174963655003003141852540238025573416915,1
32265913258522579104561690611646220654816816080971207952346467284381327215521,1
64335486056760276251623182732508860139387646145625784912982350836409610935118,1
64479400307076991464486925435768228940847251671522469536092830152649552263424,1
49008369735959225601644345106941946508102506738220735397832685289181496437229,1
81838234457928382769288134416778933553789686679497753686433411097513083657050,1
106585478395229374774348494460049157752698649224518731644575469096459735845662,1
31909966156383385588767177370745967287229258306630199279813099413892009117661,1
10993435841238132271191295288687255576040754750600602762058461536953418701302,1
101327955697788326623186638012936764894983377669110444894176448841159412425626,1
29923456963749769939201992929357130595529183548288234105201328733313555649065,1
75911389668041492507469229718339561819624698366840200656341975390040177333194,1
104667365529690687859508588125545862048818052130241722864815304067444381354214,1
61628367421614340715944179828452737340524785277397564145071066067628618168410,1
91818673421769643844352923353738730829278932287306615235838795770101744194747,1
73177907672157516137529061253725589607759243666456837642163097935045468756722,1
113510042884926651287489350689382922802912979970054050316595715112663774528419,1
18368342369798671226704820826163723844494338754647378223031314625441937523583,1
15462684567653968229916425788794630585967715584130907518401190593958502432775,1
69730257315856064311945799661768302895963242245887742334523060136404341645813,1
26637066619002485181056997419831456808374827259586883426086886692675654852881,1
96078557444725500181965631467360183489462730005844076982218842795193869289643,1
22912884750125554721564519290152351421638266654294058430782047361587789417256,1
62349115611728554040634114428996921670276769791226432548038499128728593164437,1
45144746952954323718124798028753205901092725978785051537685595228500649967512,1
99118736834453076166249356712110200367960191047790196059324084508636814305296,1
47929695458591538664796146265591558018674019607994510579715867000916808288395,1
12748162592043147995050160369866655933212430074386386064792749374227628172738,1
56187806072329558965282457946087527182038587336867359386092489686554619996271,1
12255330675650220620372831302179796431369008650424056337185532121531465351019,1
111083951296824937910665361591795175634786294779695777706833690079931213951678,1
65960179213375067323056591931650700321928889428718732385420746637866934914589,1
40209503688732185384954246400334147220541394319572080708236436543400875040301,1
39568984921652937999150990238122580507489394238311694059708540216484610819906,1
106205534270399993715336369983422366279354674098253362444937538920500466613157,1
109099966820513621665246038626975043632580016668129765048753906527657443659008,1
17304997790882395062379715287988879999569317961030169343509743868721592167335,1
16889918808936119868588210977585893319425625219369258269524016757420910700787,1
43759402884254144544173791432170033767311324174997549664493987072221029648887,1
99707342948309364032115117323975484926512847726338559879197887039717920187858,1
43529206838754547025130979811975633821513209513602063822999288639389544631443,1
107290818201969651764744932650009304346467538811533690370893618065665989461718,1
53802355558477408069905913697356293230489963789849119877706326669389790389441,1
95750493670495333870628731089855921005963025052278652118457723032391594453954,1
144726071023694949433700200999946593959383075189898572255894344654860955360,1
75826858511671231461419999518247523674904621269718026861457271962850725050778,1
90999806073331743269117359839562325444134046820863233659805070834516839395070,1
11640032447893126835919254159283522396687791970202941609818070641604354487333,1
105174417442266649192737399462041593772252603412961434280664875069513683093826,1
33269050674540702681730440662031737185627351528291952529229814886664259193331,1
74871994265890734702899197487121910913463121957427174475793972903909376502588,1
111208270902330601319942547387952794415677761478092642927622351355193748464077,1
87039609128016599113644420486610392384917026461485418059655584101743671697823,1
1755290859719617640345977675547348417631256078915292945463577634297778753475,1
18791151400473518043150761091987475313303702550155168476685528280763572051466,1
108501042479214436390150551554387032816842762214172275566711019744483929043597,1
5114138117729766038043215545479354478479028725154058174316763082373520961586,1
92814542445947204138684788676936970695942484661116912973852182680199149079619,1
2047326135733610823131376340189580309296095395633023709162021393547203402454,1
70826728094243439345408876031352285041604308503170582067838635244638735585716,1
72118868479265407470777274547377255045639333295403626486952147232092962755806,1
12277549510425973530997067761650549344491943481207858714691217086549541044501,1
20103382821570385127724989517000177592105816302007974411908133794169173369457,1
83203772730836344768766640867994129495121017199654844415667030090111490583864,1
31597012629360974284420545145481759604780183906418590564569711214674801097801,1
42213563507177069868965946368670651043300949748423807415597116213725927777844,1
63264349294734556929441421105894121393908025349701968868063010771117957217108,1
19398422184389291101841273218439914246484994462957094970719924917185058925391,1
44231467708483966180583205353773252069846126271527861054260120404861269389045,1
109299903237162093634735283761867569330704130668221018426893220560250535899384,1
42298318224714751930136263831326509396718025445218731083036852451857335510376,1
7406076136180692353432900468283299044776624766925898573453594922907747855502,1
26983285248519325800131052749049644589391091987159354800066054960988821531500,1
2918452799642871560010783178881841614712306085110933064045656847518333464622,1
96350810207624627322768339700698857739125855789973222912148511130575741813715,1
91761604725015108309502242422211501933837894941782591667799297380616916780089,1
113230921548801130894795389814721587231675054657480500211681859734961558802959,1
35540658508301500486270564720303373488916896311172946928964582270988754209725,1
87178923954457654268862543647316081891333731278293562713263314769655123588823,1
66978217926923447164063879878266592488122931286496148600338681599706483770099,1
70605908266827046773898195241402640813882279381988678869920527212107681005460,1
24219286516684032216748786968862363495765351739190302114271851995838616411998,1
23357456833283282135741990802325098258377684948180062063062952955724607297177,1
68447426022557564867358592806565354887614558275239733988055024550852396909886,1
85361395336296967989421229848985333634862591763038508434239113554670692174027,1
3551863311084931924957510633385991314834615066101563557890372079607761344969,1
111680717576483010793543591741679170211088345160044504702892880034394772433553,1
84424075766974714560147123708325292036439498656533668567854495174127856813109,1
89058400252774830617568672554600733838767674474754508509405410340808155589388,1
78060514131893309926205305124863616037422912596134529231071113675809355849042,1
13176554007028684289043323440170391114298165500915762050701788420188154318640,1
4587221595056804129008784675821253141082852893454751841514782098833649701336,1
15797318133623142320596284814998461881501605944605921322919990999790306893894,1
42298499551407278961524713197072556162961820699440144540239068793145086371963,1
78138028070550690961849724303606276800383228012969795300817938178194209267031,1
5906546184859952194494767109930434788355511118660034467053235064869846723147,1
56540453887539795016958479533376321892995265991406762068120367492896886739816,1
65437434454964914727187605347993128942786866011127736294838573680360458809865,1
70129145476433427071790289560558852612418848799098766772952000563367519585961,1
115024769661187264937913327651250850790511766148148413779987477062953058676440,1
61731062025579121963020513080709402113179060634682197995713860968481530813787,1
34923470706421918807037357095761321411275113007324860331632501495876601355911,1
49652385730837696280577053561380231994474361783567705721696119225731257893482,1
87921237303916327171860291868473968483392772686771341862313548260403985165107,1
33838485452857502451262556764237683442968672981439171528105318008380140128412,1
61770023914655340712516409085698924786884043252646868749821720131392379544500,1
90348798707622799628096042696639713704747149572193699964305855365626978987452,1
11452604815112294818700382485523591783146100884905141814919468684125149338718,1
94449923994812287265206461091605814618156121983405922022968689520146557503081,1
96118855045568018502514539409341057533673392600691126580617604258698020362676,1
17419542525031251942513497718130738987735684745370871177883753464090617906970,1
16954141310200524794449998700315906297164179014565600650974998195697689342295,1
69126980953075427225998789914253659966167114135687127372041960121449024287938,1
28833408087606280677449567081736769653110289292454724024653309141492141845417,1
97679363517950100952547730344599143536439041805956696600893013712206715970655,1
85565650340561533977588330758188826420143194339121965616973724446012896366944,1
42949997852839849191448881231864010748866558349200233353874625020814669305635,1
23907536715664401307431087152233749538807830915132311882155392720401174661179,1
24843367286084033854749104166278072785463733862948654018445022280159993073560,1
7584307278102746026698878351674935369116064121968848374458950608585964422663,1
11279744777566484411941836855068108509693055315351497061698750893647528309848,1
75837593166203094826209248845430408205633885255257426180145071925996323129831,1
50689926653999075181406359951143403796428248749728992121634457108133232643889,1
20635198978778073261743453833642698246070801054786959707904966314942650433333,1
81136047882739658593810674914305081846659182587931019983847722263776663611145,1
71635813112027910673451667061450311556211577294361827415021204933540448179762,1
47042785864771510426236815300496646662982673255431316397342746255821109366142,1
71582563711037323674628853905355832715265271099461622738424342850982077351736,1
68968364268929615576168212537907608375910834755340055927779094499175490780620,1
81741898530473072076550453906397874055533312578204250516722727441269322042125,1
33513454433001221998506484037426835027750382863693575257077263916992648688309,1
115233217299822267959431153545292406745252397255257762968326999500236994548536,1
10584193991764086371161982947100182278899826525998216612997011780778498451803,1
47205504514039174696037660973122181126238276146138623879965236219448376078806,1
36591785331039399877803459398894898382615819703597795021996001416509558214359,1
57005397204384891486323745898871136518781407724702033090954259792465902915765,1
17039546047312132887683578465867814574613800322890600121630425300085032421737,1
94517923825376819419925254055166159831714812820022325724331363870534670154693,1
6904992119645348277424610344805503763209471741812433407345516418647138894691,1
106569805143464701440595989610849736812575028586173307935550866132775913609848,1
29359884072434085142588994823668792106156353307834621091126849604434585494334,1
31512591243608514669488857451259096825528077918403215309896577002499942813506,1
24106416364171798518833562722502416591584982876715567060247107300009303110078,1
51504588030861799481288255349109819337261609339362369527414911752851960729583,1
112284172208185681251518063247801684506382577304940556551133774351056850943365,1
68563903790338865661283208746460409174769859113677478970575249289878021583245,1
46305087095521518150564210680926773623268890034385616410479547614648187910734,1
88794900590341605417272036446308706167770483649214821894478015094210401596088,1
19178896679911397763501271148367928504668486370241749024381177990682895154151,1
1421006772409866101985220687937167284382019610744032398652968457150655875056,1
53166561764649227245032847913805833569565009526286733923556884782754803077580,1
78853031488003087678382665050447713149895150360079621682324064876049338725090,1
41367774762012937884908071959235859950087736971025691511352248913881706891850,1
95000700184780733450998205469499720143062664916973565201822209487066080694366,1
33314663379787071139624510300306326296125862975441228615885937851877808620619,1
37070040533275152568286588336418314336949274159267866547851546688176478446586,1
69173108422311948543585449895307437545640302013135597774841835374771318764544,1
74984520877849447212173259427069015297750306901062070042213179961682916137223,1
105099864183373560566993500337123593063431266172038430217551477850143413904103,1
96557035002278006007129799013124921408129527072495425816294149229265951816120,1
60775136336020937144211412586756207658162773628195192529053313329412174055310,1
21162889365977373278977238739625231287873291784249862925380779507600348846721,1
101202431519279860309098220554198589845094603672847295551316579554374721729076,1
85586494663891153799978751144497973798413554001485760181432937196401680609491,1
33500675494558575592916761194049714424487795009464690751674806890842550531335,1
95247727331639429384636320061620354729339071032104736190404834702303393908067,1
39388895864817277461251290484411089113961997456179716369760511434800186387205,1
46752600702834211157514061277077672546126044065682387189260726880624031059681,1
58925422704592669278894891704485152361130285241196794887623571702120029150426,1
32656091934459868653676547566599649120826126160692810008501130609288749584377,1
81988479450802584142496678578783591493125833259986278057959964034742368230882,1
94145837311231216038555686972780722273188486098690613586498842475980115137441,1
19794281184688467534403673326721904242326895054180607596972598791891114288522,1
415221457496112296805681666729171581267742455281470671755568271330192987312,1
81021692706747084491203166809414909897723438833498360986019764897412202047733,1
81996300095131695637324964156391139236852932460975968663918273279664678280662,1
107040718129187532954430235084472760510317935105956369301077455992014873950653,1
24443890919362479055866526229502181971961868528978404443264918279415223792197,1
56711754896957461774684980290658326307277934570820312090740677150103758410211,1
1327794301869738605619967961632805684436295180440730610924642884301875641564,1
98590570588055858146681433631200161726299358594716165769799027106987783831688,1
82274161876253150636611958901956058772459008529835032259059528161546135192267,1
92512253665162305503381326447868664863006700769871739640436283530846926042053,1
55047252029189302856979516308166105542125509369331960478879157744341871076911,1
92765182845393547463195912216029052816350416315346239028490004229297036165050,1
42649230340268509715568506482550181701342528885785519459202596711994592470994,1
52375732178232977575465238851069555595629015848273895998813800654186716324273,1
6936238952072505204903107576053891970877533822279751182909640382556929076686,1
19903672422526248371572240423217460610205499797405164510199183893171194269862,1
101459110747999163904547405305140777560570416021432972748788061504544520958550,1
34470849418992193529269023742655457785197625104929585347687129904821977803943,1
27862364813859104086521420130336954091140316290558803261879748238916462530143,1
96634952354226956441203359522810714510280228276380038435516280756300355915133,1
79352831308633389460767768556376965390728740746431998871671529014658548956457,1
81316481669815040252691944025461547243568979861288101575086941039770541521840,1
74989133748094699263523636326984144632581697301349311434056392925957170312839,1
51642273114454039200001230256185882862653440131376173674337611070539964067140,1
99748198079884962084572687045647541502704048641753096045344044133778034943132,1
45931012992534703406988628023804151024937986381948735516479477672453071803956,1
49253283701100842101459274979301258174578671000186120487861654491827145008503,1
81739413466680163251627540064746388186972330486934368746185779238797151962132,1
33254016932252607130351244947881434590385335368776485374340614057886812328684,1
96004097544233318393532399611793179341202122149818000466275750925342542192811,1
16456286217297435151450771476749901110149098699290500732769256302394915364054,1
74310343911317325237478744314259428519792887515518074435654848529938650329851,1
107541669687835011931924464791704436413146946105148751093064254156197314161748,1
80840780423109731179164915493383166922845325812735699836539202135126073060932,1
107285454808906344584654761662619120087743869892944927334185854501235721821416,1
57972768966743680620794598382880871228227666641151776811759905536664055134153,1
87384000629031008693717901526945842747610145660115339601930900170108454628620,1
112342246161553092561272558779098302239923072721963122806613099480384726246190,1
44172298359474651300747895564856601054784966219326729432008547468101955448586,1
66365622589815202829448933159485880685752298401646133199908179996023643980870,1
114293068808059658733603703321983147290802991771062421815256610800843299233902,1
49577756002763767113159963808763062496725256522160044809547916827302317037144,1
21959228473404302232905720868890893204531622934486953532908685938447510767250,1
64123983092780796952661441958039022758935578471245906199130667987181881714975,1
14965874417488690669274719356657251489374925334947216469303945645253335626650,1
8885067896289903748430104275716678971574094335960550326706528152755817068904,1
17692419683309814266068621840870328884693289826748610291450619511070262264284,1
92203642162023011143802450744809285680279355274061148386838695264564052571591,1
69279305617535146685323661320729713044100107037740133793733707250032699138935,1
87467452218831290731978714661201605589423921365003481752957804628254278332564,1
30476413630445709124488730228484843892262713638113247707154308864142370716332,1
28894348657650788947811735742636238378672262662583346053341191867515778041609,1
25866974806097797152435700929601031824017847674931060943570287528373402861808,1
39812688212840953832691149964141643587306211402536904000170330224772403138471,1
38343262524817602338895057922807894347063950104596627713839738111458442241331,1
40172061717986125277615312680785108025768755675015989254485214786766800257803,1
28349423503474957707568450310981900269864615146558870580477263478535985919413,1
69209351892334184720184305197570293226625594370793181559626735578431192607318,1
57174731409008985200322900632096678612938474272723769695459470266978232400487,1
71837862102799796247462824292149648703063078177352384340336340487427957864055,1
484039313006080544020573493619877029283457379884025157431053274833205846655,1
113452974573483178192924665303442166007867320189513394257309821448315994586578,1
91454216969691851102073662298869034456514444845471113583961241770463211675840,1
105779319148819418787217878353969372364263706445862371984405726433422412332306,1
4438191426406839314072915399898827760322885709953985322054018221801151706513,1
63723637744005082834321056948741767004795443950762840953250958472379224234091,1
57743669030962395107566084823411124240732682889863620816712219777651792438159,1
1197186849948308119723875700645969883657397130163819859655113694903809368815,1
14663893416623401760988154003750553637701552167078287970033249365301566087218,1
11237127093265342483912429839677900369855607559630092021960607162991257628477,1
87942819589887246397181093738966882036219616778370981911030151683851813133246,1
99956092896296629161829031425519182352603540487658519467406644993976877140420,1
44520611753265910043377267444241564099073491189071627301014772574690459599792,1
34214133545908219295079228007444812077993018272954085060372014579942520019310,1
72944592593469559645249350055038528758213952793938355402787758927935367313504,1
109843276507663976662904664802357946774392258824577875499612681212678242549408,1
71069424774899981241966783606262799212744071653812022440549234653365298956549,1
56911399977092919198143766198201002967459638485572704122591587024531345405466,1
28309221810374090678505674294659210121294450768726095879026757075082708103145,1
970415296370090111780708481797820881608339502900113112308882574882207490671,1
17530832744318421756143128461957343078030570749839361612387464890304239976974,1
40031347291916399830632035373224947390063266893643440153551302888816134160517,1
114522247658103441734620425800503643981891452838351254213714784698263719525939,1
89473437502221982488580355773721249499006394557448653099559769181704320963002,1
61684797493470162184589676745958580983892276241067792712489698894913595843458,1
112645661857405102934497161570441392968385075560845149097551463744551021389760,1
64221970151663137536955794676965054819819291515863011241425508196377246443707,1
32883326849429742729509970616532142866714036558578213298375141622430899895650,1
2688404160596729466349678598141153086331194324089334106174268672614733765796,1
69833679979780000252416197868912697519051427352141305023423577714379874584926,1
59702246040202008578701987573502170978977683112397679387382637101061665664655,1
108241157802823347875334108503693693314130520814409579559798268883396331567541,1
73240114789955107572446983882140818856706279773777226968950414471103970679832,1
25924157769732815284062378220410128329151947156830856865744039005636990027707,1
64930943159587352293093965380219618871917633360799452863498002128536390189779,1
60700130576467431455972141248374575392453762957305928171331795018206518997738,1
6252925831077829866545307006728346949519329944558815883264796698548528666214,1
53597101976282627807375038443531803825547948140184411724104282047445411691168,1
56843086955831306955745776806350210138556741164448772948462800598075881348482,1
44311591132719119765430233341176790856411504835742646219880593241874022908341,1
20011029631879846038348254793193778418622213778091139570953055288265439659599,1
100501871803943545194920078547687485768312439222067403315116913785473514343913,1
63396579889762780959898899970991058082844436884086084289480659310403713337216,1
64766833755469759391437152310004259534235427982384569336281337722378082532489,1
70473871022541174586828821854529490813029007299763011077299633528632161502084,1
85187631939875363532321134127605707297350694328203164766001957724925438447079,1
81855020840765907799453569894427461822911114514931953203179129749567855583521,1
107397188517761640535234520626225639822955619510827206057523708615296126677591,1
30458336288700310504769175707198348938226730881493582989239513607525492459208,1
83122049472289624660872494959296982424399169576473197013350421567510030741685,1
71062240181044607477853788343067249568125861915839534905525292171900867956091,1
23343518758131224637122332408628632584598889113181792110562919208957729283658,1
19347235536219220181384753556043996668121345680820186133224048394747739962950,1
74082465915759196740597967948709921087371783757356325255934086919547205817101,1
89694974255772259519382675463911032413617855418906986656983629519158633208688,1
71188434302811780504666613843413629633686659480767408794402877371648416189063,1
107169414151754732289633063492398126149382743392329866929061939114306754964552,1
97196666359842407689544091565392058772358805573178254053832460532516333841479,1
115130529653961055301065546490289916994786223315826814954362157028892899545076,1
88298693447427267300088223604191424515964489109404458670901694129565572847954,1
56033301801228518923661455114228451495323140729295841279404364645806472047316,1
10676654561186015427241086148981819387221783322176843807049131080146261569318,1
61390481445095605008440384332154476960666966690369566259757011554106649961280,1
49970159941546183934606642023262304986865388190375779916476658503383261913179,1
84383589517501688137554585496857313175632057790289950798879653233526127966023,1
112102199481589011873278914102610045240958966694368709302642497302280272023500,1
47890546381936071881685925161806620334589085590470979990839102035787633427181,1
68895070525691136224530771931793619340499274333997119831058695240530254703105,1
61830322997323325648274805581908748267526473350052973671177616533146802750868,1
48046933566045535962101866311959330727575438010278099950627339065972565677450,1
60134543038426890441225435583557509080671545418791844704502866010598500348705,1
37189114321279944589608333215393954952363927020142480290754887708381849390553,1
28304451628138019505388545407259201489632013890536219612136969012944054477786,1
79338320759473913902102750470608614247868060561609908206343592524790921712976,1
38840845602413888655593587996011245573644433219738137840010555871460216981639,1
114128272634590519869095927913433069936981738586976205740524564432891002208860,1
68990600869640529746304482664387932137487823981490164884740104125962494793344,1
60598958896193309343247509449191885377205106708089299574464618412641798683145,1
89070344602593198435079450699919211520385772518228824290527934215311701349688,1
100468872601384947485377047435697099458147355288831561101888204364911015482272,1
89423945627462176787016764531625636983638598972168060309625325744910046786025,1
2548390427447570637743859304060031770840477516034825680002259825071118464919,1
105648925527832899221232592108510220444884302104848530649028827650485102379395,1
38637302331244037201362896854131657691422163600984805991411502222611511212039,1
96720628695569937271433468071804874577843470590948574308888490690788108458999,1
26632191907608188417444607758614912229601307490069491057724616560196235868896,1
687393713262952390828323203587730503322926221831408236635559832745894545601,1
115514792010650337959407948013612281708567415319413101419809124547339564339770,1
94912358006307986852514287277620476739331297282349428152815909584444869654047,1
69520139152895331840193323595513722092366850173162111523126923481832804745278,1
16160424605256611487318232132043935164305672027599119881751408215880461817558,1
47810937441307051073988490666272968386692696033585078804768284131219395199627,1
87461815106037248606572536755648215655927518386087468839785641022460020366385,1
108828114910402639815169488340804497665562574761063490976182484276717826574162,1
21549005582229245036420600943384701998322308403937643167372792797763642373053,1
111273747145997269294596799979528969168309696635660860379811161499819751069492,1
98744325994334746012205781195497932520250753585833946344866987733730797192481,1
41701292899211897054944597643790574519729897531075374236798469335361434277699,1
10880515201379287906489157219685259536963878041583766914059313477572014783875,1
29274894966079983221723933810025567107998632517319467739726805886530567737839,1
87561062709224642458578759104689624802360938496483818186462372856073197716081,1
63404718868337975448172449939958788927148391537121790394852802197894119730430,1
112580447795460704006361464153649093865743743629607700171474654877052089791686,1
61748536623310475678363431351762074999077182491065875131740059591699177268940,1
113337706909295066498509468750065342371441029237210967540274145413329431720628,1
26307824225920740144606531519821790945987350718658252399359205652402806380610,1
71392579203992851826602860459649406211662647663366509286869791368154876791910,1
20010245554440403059873752370312057087473712879397505435649057101203495221296,1
85821519232492652430788773860376525087253194586082357261389456596202508564256,1
23942300696653581198755717581550027607717723552498024647692120754270232468061,1
3421765225998857638652562156676008601504187773693071880680833577920910114897,1
97702052179380433853531008750322424304119418175753591036913759279250743439523,1
113296016777829983780762500625658763567484756551893959751105847326704086376586,1
18534186480543486323079004185866010804180833660444982951805599961819817700289,1
64261104679963041175618465678161485026133238985099589022693213023931320045416,1
66124007985018303254225713772661065919430437059211198662315145014244018972477,1
84942105878737558407716772273012710061814480157792523245424170431411931679332,1
62720610303154978345520426568834230364059653710578863845624414682967570335432,1
87305907506081861860065980647060292401838026438569201400803998701367201150311,1
56950629605966036410588851122195857372140679732905880913875843622438046838443,1
86000892725059102162202064601213553339220548964961354789126807298523097253189,1
32822124322295080718512259461963386158030510405953201932859624008773260441408,1
92804315170601740658899184444899096365790580196671952176689082140457198066980,1
111742092967951755255210776128729456057991657885747259824612902952076672288279,1
66169462250685951186242665581577821848226479050092924615605115545183485492392,1
11339547237197495927319125854143925494409778915705211867188232457008871768270,1
101293378497100253130737064190160066929950998092971230477700342976268844200669,1
11270704420453115589837132521393341158358577893859509410908366363410142963342,1
630270509840881210931756059885098728403375805066951492472841374998805064896,1
91992741739435471590096273530191089161742580564799040258716196385815747468727,1
54530884497012177507324042369826849385589921778035322578826026362924832413915,1
24291192168177810515374074584096002618038244560223174574831080000457857389079,1
83472913186902746126190809413314367678326437590215536289228585806361973765638,1
77073637286304393924112957744595529387297317192788932976756987262055274924994,1
71323991595942361222778554823469736068626041654325634270402702575929377977220,1
52636579037356835177588286769697143011802998709109418796498110921879675332794,1
46012829854583843990249748806740865209553950544671496028006416213718531523842,1
99075805313255534374857775109388609609807893273194940514263401031469214816549,1
93826345853135987040977187761893826139908057955672917273587531463808928612603,1
61245398250448654919560325178196546530389394153385522562475887447969124298131,1
39185040213971977784957527464157763222391104356710188915179265014617243922764,1
58444270355442247802823512235851567003311694327128614390882307113813994103094,1
93163837918749873639756036046792821485653045032775069071654749031647522885022,1
43593957781436753093798930860453823580733834159330190428148816799378103321732,1
96334620339878363369506094795799051330993604534102845546675666336066129894134,1
3519880699291599706743465765192273892978145724146526415702400138507059528784,1
1811923217444892926587248157574335426245021584960625890174888587149005093690,1
102512266748540155046547281530468433023115367980008056805045624585518439179735,1
100544192917131459346638803085471367874348943011895085182245873173036471448882,1
20505999287775201924996105709665300669178499346066985186513187951667037547612,1
49365297643722287061561343168800028482726419347011640148091828039025694626966,1
31784830491000596221477445393622081077255038663842951864750964148774071264634,1
58643027526155201452853370915571759488202858406996816983707267734173338244569,1
100770918377083405585237213669371072252834986369660404358554462481822004954270,1
13635652971559709076725644561557192930549563130947455315262254954760044158993,1
69704091361761490190179473025960962584748065366765859309516047665660847856249,1
26222188404084468531446012528216892834015851989395962428677843901258922317441,1
62719471885381677599522963361252731092852453237765167728188897317832116297634,1
105632384182171691221912152828407981604042052220547050462282305536988598886077,1
44415915712725317072512645545338992452002279004244333676784183420582228957547,1
96342162387204837423238281900599688606830106755818308059279126776915842719737,1
61468634718800746990833151471770558262346614813022881185728621762727817117416,1
47293713743614496914781241288225131008116322232502383236720056330089557673600,1
5347228050605204123493594256384538950263537929093405671998642953245076518672,1
15408385163164153703031338461840101934789506799303636912989294502392764820836,1
44234341540591549558919005920134182643200168881732047633451829505995176910960,1
43324146765797356387829626068136859791947638509143425063633673980371790273201,1
94335464671565378059166131334751244614788839943228432872236656133735464316869,1
21207661216235648533090317202385220772164428007684942494866568730445184963614,1
97670617163197193928363493379051043303983057686612290637248595575984696003986,1
8568474673990609359587152882650581908910947996494898010784177881305558409818,1
1027410539365210165257511011100050783726882672177361844778520153266909382662,1
63903081737194367510124043117824168895258022612627441278104415143703420562122,1
98787381289619975701254689086031678846745900895024418289810091616229746164114,1
60728346949826114872483098651640275757752712387385109701894169925366290522933,1
108658349300254324800532862659912301202688917731282739375351894074372699252453,1
31472416539273358025428029949135108227547829486676014019259772994066266392922,1
35788007370210759592427814786671236358363778270606060526297676561327356782835,1
86419368665341066674098949672416491093382755846970514352603860287119577280399,1
12487471486925224748714184629300578162269140412197416259459896912005074841540,1
9128991929668741847303275437633989007631489007425530347771084200709918621990,1
28091046778284515161898618018060570744769996803110233215405063452581515441428,1
113612222009128559455407479113302222575953310346297860759096792775027882465425,1
37616757960629092225449893438199801040954881373793556080808295990182412037598,1
30190169949126344061035737929300557244039013826874707692488292236109003741478,1
103400496959090361952773447469729455204503685886585998970441494496297671836130,1
9980207196167868375442036009743314571749449645536571437656837722546240628656,1
89228942417947723831717821542924770878640178290283000367520973725481333215742,1
22286905120652632622591524757984746012893488615996400319856157428575341510460,1
67358464015114045443588968603028096289499165956453167129164899612714588145156,1
20992061855304811738813039592889857126449712582952248092749582444125832631707,1
2519925727458219284910551199647473536066199866229797408977124522704992369753,1
91151330840321365490026314678634800752477930034533479080283798521621301546039,1
101291821006763978550826667963235995971818879539327789988308837074420609960818,1
70855300559206751303782026142585661233315547201168156048552491464476687191578,1
53174565028072141569563284199955782503608461104462578475796637039038246425487,1
75817205877692373356780055791095537122516067976864795126604316474013451703988,1
25649215275821937208480267289176893897877917242718737843228830311975006874245,1
43258066627572772648561256487937403226354931987547655633401543215495905316656,1
81821389203694373651529722618863192910541959437406069431619439378350081762753,1
7948668636757588455519365652956024722350733102679544143488697419443530345356,1
53535838469175492587648242732648339413766622592143387082975906345866143928224,1
92201235711042445109703868498034636323086274996189548358166495577035548622676,1
55255015605362374878734340834414196985247038999012376791692939417215630110814,1
101147720060116511575293536349669860565275964505474763612322489659753084535774,1
110708744148064843318105671448280595607409008848747454996923647754187680817867,1
68481769900102109920415194192471138006255525071050448326580685910595211257770,1
94394487444653147937394783208924667663632288185059688663418276845564201169122,1
63096882308595476260414265009125784691920357843696860481998663199994545205214,1
4963746665062082338255280171814124602463776694718862395476524064084459268965,1
40638718693354347040599765682892671239852512513010592057371440335626975822296,1
61656601714761998444087701073492841225389773923213608528151504553373029873569,1
82153136981250874624657514824096803681394963214966711108332789236063458944293,1
60668475919211576194651731119147970506150176869528760764684167968358954507924,1
58572012717212698783832188332295904243464958721217826517524386411626629030674,1
2703546134769835949270835160936303767937833094486972855314968341361235193385,1
113006823120792010491314494534489260070152111634316022815566730270149267651537,1
22302701090831021527808569412964266367011979576303722044694922063802699973287,1
27122207733439563972932215047791088813055149233645550717930716602832906367587,1
88751760260733832471889225949446146059751306227130226648462370765312770205663,1
93209439662312031466822363382655069888587603247642090259835546223802577572253,1
84198994796656356315710750389734615341771905419004402962959280160254093142889,1
104282029537152740683473206644365922072607057024025505075363398373089597888827,1
22369064068905152995470343329671809302957063661985137461229404447887538112358,1
13137835507899668529940867547800204615844635728103808119187845759459743879805,1
72742298665245064162075972831352199816552282180810888980711573425916020279321,1
19426680388654045722585822404041455581369241122420627379638041158815349741561,1
32743384918511468612292186583063319320358429024426381369243838741919173099320,1
6380168175275502679609065977710702790029210284886729056270894221247986803092,1
72504015044224095367933341475578857480350412597105471480406495792166602322395,1
12827289599617806433451151045001718749178393050742609845514945237453026484274,1
91735205686559972264848993524081394953860013959636821587938548785112807019098,1
62376663101157000448090593886500753140060733811259055818336104386997502182984,1
44355106650076869148563732843225528818844939481540759078243082676407278945950,1
24388363943342355341093494582692286514337890300751057018180634237309474158996,1
20649043651746166534404861485972796117093160522046872815059802252207305203005,1
46106133649499527542147337799909471794750819737375537508141408678139509314615,1
29059732698420852290993115129916236627741402012713410675028760241325415300625,1
53783310297971685683474233504123402256287667425711685514031418493831948654759,1
50454923195050191669380135271156276666309229815509043519094536214554094596887,1
96795767681689877098785577818489574402078513837183913112168447058053546865746,1
40557023494997438718306300477524716277832620162743304084391152291169471547825,1
42749727009812457602026034961454408047463010200824626616314606045617769967437,1
26113602836417885051292639507290596842251284090501355522937380469534597614686,1
110402653563611686887635259206191437211852617832929957202643214172079865922701,1
29071091566576504285126650798292234640114611671483591720661048897565832160971,1
41606754137323906452119920168431935666968893406395631286001686540256033794081,1
33601070393963932423366931291872772334034923464093513180195054144557357801278,1
35521597344368363588677370483001154459022014126777329827098975357710271218869,1
100693272124274165988158326070442356514024900992494949615355212757464935943395,1
10626591105206904842752747468252560195397901781964701568521287962069479604344,1
74021996363153341923875515630207449905014668212014714917991604347462094410425,1
81595434407699092803311382128170175731577645754384357803169425062320225726393,1
26892615924027455507869652888884694517772173792220132286022594908042824344083,1
113438137005613066755710828704755292803678435261198976615273198849852706114849,1
109430871316543090285601244372350737792241433583078945209999504628624057722477,1
80182690555599993627473927392935489518202918704076587311453152349721603335221,1
63179732055172173331035795886593106739830345100381604583755114284623686800619,1
104463798236604813068047439558442097591396515892630244201103070433372570491362,1
70571104307004425812273227820856248561907747340195426725748114007057369136623,1
61286359350453884969190225541804737027217115365407485432835461044138313936565,1
107256690743860660448767277326084528142563511425734248956428730358424985180534,1
101535353116534458657915252562084070301398992402638598386498206535025184997431,1
5020978670787370849718920905739364065184406646843745528820802552622159228055,1
64556547509030384910433746864292193979886451497128713147052191458360740594158,1
77196875838448250406547484660480265999960678140784406621336125265196032578823,1
36392019489026669811045625907287405604163162436620184094506498902757788211345,1
67668500269443915179773471184038821856865104892432659920686072260786613336596,1
58803441863497636043397003754129717527975889070889406339583606387049146388272,1
5089112107967112098385875804313136806428434037094919814186432146194596383386,1
60710684355464367776459167833271441265539537193048200897334412284107833537802,1
20067816912291353837382265805256276830266780104179130889860231404884637403141,1
66198913451625403037091524720943416970227595726527078816272461460999142382600,1
78741620448360807236438011995008326990682383871569698221354943224393122278672,1
110987488322437906220479892957775811578078862075614204506377772944219873274827,1
15668041968689841761520916199268558117250283372547617214045428699284421602923,1
43239069953342895102707195845027060936770449750095879087686106002673600466712,1
22246399141266477259115491128746851057770162864305917655337584317158977099660,1
84615015300610329755949994797994181064176902838648225438748187838925497367987,1
13054371419822643711958110067173558866134703580685488347522918406489603401035,1
252864109830837449772807343756160438975803800545081984810692320668974755701,1
9143660344334148826295712274268944461529777145662764369710441170799844668215,1
54720034870340751894492772899758305451200650189356138761309205269541731655294,1
7207431186939894442106153901419039226257205387294789935456906629444784312031,1
87962099849504499884534527587489749217732351878610937968191105152024225773484,1
108693686647430200776433035898631993376529830991037323554821543231917246985845,1
114518740155402776361173809726446632843617797656673213438229236227567634016483,1
17761452056544552911456264161870772537172482325558751710612498052651702931991,1
81146210270270953508381370205716583789852231085627114948611894823629062317439,1
34331433711877984461003070391649219774010224350921522594455164215698626136345,1
54157901391969261861290750837092513659049265732047503574486441726268466477217,1
49401187174255833834919222574013058849743212126989666507117136156132446658628,1
58422045092756729571038123458637398538460705152371319448970650392024879652240,1
39160795117894564339323106599146058947347914269636190779442016941379218373361,1
100598595833569224197578804697763865359362933768438672261509226003050462865853,1
53857591254371720394052379359930093762608221395165894759065470584175607743194,1
18100714493722216405373116009172283435989159415855738967108599057686319954001,1
110890270355497787016674862343985343581087940844666490118375252479596745949208,1
8756089903903187780450350838600532195271937918681999138220209831823709882993,1
80489267937517898223235101458914423014961489189162790852971337133657863765112,1
96759476036691936077075722582596235392850944458678395451220158389374209190927,1
41245953571746769596008864592206910946020240272752609337582467302677027793329,1
12560477433940037749051169158223944993378376380097985273170413263658567962502,1
92658484438893001631414039699316696183631650024549506979690159508058326308730,1
58466052215589774382864536002190496871737345673076365002748345452698080311086,1
98068429296823136685627220946398133623984176254494843228995405584287476371146,1
93015515554230143625818592778907749012199391728198315277707986749047471893696,1
86484196602287785393212702035378238359078286259298584697474207709722185563425,1
8786150980064659694250302932058540702544835657805804555530667364721154021901,1
675636805746882072983676097988138110715600990249797286110580932977042122258,1
21619032165345279838283307717118502458852735125288049375256515933023031061501,1
32064660899559426122402961353742819644265276812045491852232710124768228704723,1
91018890275079656746654385921201369704747815283830173440431231362075400043784,1
105176472610311547944327982631046524697470334133063573662155724544206167086691,1
26281743140175162820979081118816305582130635712964110645682081505752031552461,1
28095181961933493845480401968055925863164033596528735876313585486503013177239,1
56419910033009228983087599061233117648875058794722484191964121047794083336481,1
87606695823776676586228078412541864405140509383153974134408423042214133740535,1
60832164369316473209203645660991145803311349105610952678311852050466500136373,1
53245703900402177189456125865260059868730918812161061044277488358431514060441,1
67777778559805103592601556997117405525530780316087894670959151850065535108301,1
82947855868926227370399194554040300566105017219080746293889948885823921390247,1
16488572650121008785306851842796805260136878095441239314880092917185835865060,1
31960696292066747020541921425436260339787401523397392807035701472681230368585,1
70406244562741510985221240049281222622619430255140197055932378506354137659475,1
22679354688192240852997717769125179168955901664649274432099216434381510143224,1
39444318667190879931425332688912927100174561978769944511242263001974952421306,1
114172444408759185190511489277295739493873662722643992783810847981325011823420,1
12450639111659578974713102037588444157977922648227434552931538292216324176575,1
93340967971878146029892780467939925224104205134575602273040401003417490160908,1
87362791518131754284792969238111874696034715209983005289870659631272214138973,1
80577408014032315109621940345308650921849076272451496711841590959646971193599,1
20210930322339469357293603626244718216423274420435430469877556310215201767936,1
77154477918725613199886208632722636760319966907314626287530274336575323530190,1
115617269911362005911289380559238651757475887483726305557153183673007148522952,1
84018031866785014980504769222223702992681836538826929174044340530329989451383,1
105283210079839557334434164025276545568947986926871445800486890998142752042437,1
80627272703806407318602034271568111311283644429946186114711236894204704750020,1
36696604584091171248265051944078877560207542472279653954026576363575722965333,1
13124339099626138545598416211697460308392248150089109748973583121140189019234,1
99595320496121303125504833018181287567892020787721949873593114978239645908816,1
67268618333712401505271372810420594326643751825874156983351936356159784304571,1
83725828857004549663339450041152507796369388278739170713677483615762485657866,1
38517735090135176522457580926617327195424293474640545314499105982936684155118,1
86650920595369076034848672760990904129446536190247227989078084760062143492633,1
97777280497894141887913817979402602790719433198169279329693717907610878325437,1
88313069375210413938019330979461747883315323000088097567395827840503837945990,1
39212553260305765964026114889718074659378677007541511898746360915800722137454,1
4148859755965645748912633237981133811082124234813169874403886967458336901368,1
61118653102892725374954219363085519831948630942088153881462476483975575622262,1
59952753058499254251944853419502150694572687354170721874071661731786393882054,1
17900801523166042124575692095357400471989596598209525599917746276734842966204,1
102628376761141170846898262025885789649807557561925397057994894347244444924130,1
98443810414433223432361969344496314761066864424237692912725891851682464598468,1
20888598068432348803683891484454610575869302383090684267674994595442445951041,1
41691122784037087946571168405227684289741421626446005857096537402460272794360,1
79497210873748501869046047577578979046977707619955761366991900137565765053540,1
91919835476423480502049562252978142411597744885230637838804664713705546347543,1
105586728587189795384386610700471097977576744240341532431416362026316898781365,1
111315567261627729658013966181593272995316198067328567586496650766583503048111,1
24884740572189099762826905491290884646537431119561548354339990504417248323305,1
18226157234509529042495699565223418236924815555665112711176642546814999396996,1
71938200680501328485144008435992370584659034688371908971080512192097405787093,1
76243877239898332110912432165996762710119436876908265903839487993067723707120,1
99983256523086617497057954775402140110285747280266338753177164726678441410567,1
41527390198049474558847902613092274069582606239013462015913093939521332976525,1
72494726471550899104112355772685861840891789942105805680405742433777232300163,1
49495251739514738490275296737700773733262217639242778576612424788542091554667,1
5123988021011092128703208650557364593441412938236655010983824648288111903421,1
63123070823244800945751617268887896300709494560187187624812127221668073203526,1
28588605543468847156711106318407465853745636111355543411323401679553169029931,1
16503272550903553852046184652594024901052425290252056444485826413938483912031,1
65989749345678297053710500263596550335193524577224386010738266313494607230652,1
92380482053283753823710783002496923593283115307120116647153214776367063072302,1
15231731534147391424536537552882043552710204016433901913104085453380990528616,1
5353247077513709013833963227102891653894217494468242532114086337375297310767,1
6057992599114709062616428048858501523189099743609675737298691792530087003949,1
54928844086930826455697563393043139841150429718412241405609464231355310292459,1
16293702794733366619177651290142211741756014843297033621360357525951202036737,1
13379968118914374574578084131218395999063755954428310854129073971159049548137,1
93830103490296227164458461734082778570975255815426444306085266245388377236830,1
27032887288315017064277814028903064091049522225040551417524179611869412118787,1
87893566997174988194401023772050073153688159939045433128489146824429779051380,1
104759516755435691496780876488649477917175567778726218681561068121183119072019,1
57103222420259905662785425861046720758229822192041117160853950689526327989959,1
66380769639961942004920752922158108302676080082260876088663871537171971819966,1
84208738250322910115146237406547572905011047930560842530503097619127259863149,1
60805094103392088459815391067556085643376138071250337762576557700195809166209,1
20907310758031055118263668594066104640791601244083536220541499873789480384302,1
62822682665443579492300767794007877987433716856908887512598070923437849032621,1
96813810966571411166701461809508785533247552078926501723313137402571940836624,1
109637723907059365752919814154272340477878267344378932176572908767103199135142,1
84662509316573061530719100665981262967112707337792752673404063251167680232348,1
81357634812473285100466107025839370486493906824178538097642480115309182465952,1
99538545674466984204374002701893870395876537165739135322572609539637004195081,1
52481142312320909192499811686351407357156144816344607519087584113914241329598,1
71264601483725973958969095148146650616405294502655594597176312347994193182890,1
36444870529975739389779386149408078232696359943688481502754494667821106663890,1
31133508150934516345110570643900021846274175211999665175812137326760249161798,1
34955108081749296905264059301495599183604626827266201627017758633564988414931,1
