id,formula_diff,sources
EVODEX.2.1-F1,{},"EVODEX.2.1-P4843,EVODEX.2.1-P6546,EVODEX.2.1-P5911,EVODEX.2.1-P2104,EVODEX.2.1-P4646,EVODEX.2.1-P6795,EVODEX.2.1-P6165,EVODEX.2.1-P2349,EVODEX.2.1-P1111,EVODEX.2.1-P3937,EVODEX.2.1-P3219,EVODEX.2.1-P4565,EVODEX.2.1-P6187,EVODEX.2.1-P2185,EVODEX.2.1-P4800,EVODEX.2.1-P4820,EVODEX.2.1-P4296,EVODEX.2.1-P2132,EVODEX.2.1-P3205,EVODEX.2.1-P124,EVODEX.2.1-P405,EVODEX.2.1-P3047,EVODEX.2.1-P3736,EVODEX.2.1-P2087,EVODEX.2.1-P2122,EVODEX.2.1-P3975,EVODEX.2.1-P1464,EVODEX.2.1-P2053,EVODEX.2.1-P5463,EVODEX.2.1-P2858,EVODEX.2.1-P6371,EVODEX.2.1-P6552,EVODEX.2.1-P3480,EVODEX.2.1-P4631,EVODEX.2.1-P2910,EVODEX.2.1-P2923,EVODEX.2.1-P5896,EVODEX.2.1-P3148,EVODEX.2.1-P2343,EVODEX.2.1-P5762,EVODEX.2.1-P5764,EVODEX.2.1-P4306,EVODEX.2.1-P6164,EVODEX.2.1-P5849,EVODEX.2.1-P4899,EVODEX.2.1-P2928,EVODEX.2.1-P1481,EVODEX.2.1-P4390,EVODEX.2.1-P3636,EVODEX.2.1-P2520,EVODEX.2.1-P3126,EVODEX.2.1-P5995,EVODEX.2.1-P4039,EVODEX.2.1-P2117,EVODEX.2.1-P3112,EVODEX.2.1-P3723,EVODEX.2.1-P179,EVODEX.2.1-P2985,EVODEX.2.1-P5722,EVODEX.2.1-P6053,EVODEX.2.1-P3303,EVODEX.2.1-P5758,EVODEX.2.1-P2230,EVODEX.2.1-P5741,EVODEX.2.1-P5057,EVODEX.2.1-P4976,EVODEX.2.1-P261,EVODEX.2.1-P6178,EVODEX.2.1-P3595,EVODEX.2.1-P3336,EVODEX.2.1-P5970,EVODEX.2.1-P4895,EVODEX.2.1-P2400,EVODEX.2.1-P1490,EVODEX.2.1-P2408,EVODEX.2.1-P1564,EVODEX.2.1-P2726,EVODEX.2.1-P4319,EVODEX.2.1-P4801,EVODEX.2.1-P3003,EVODEX.2.1-P5459,EVODEX.2.1-P2342,EVODEX.2.1-P4018,EVODEX.2.1-P4728,EVODEX.2.1-P3441,EVODEX.2.1-P5927,EVODEX.2.1-P3855,EVODEX.2.1-P3345,EVODEX.2.1-P2633,EVODEX.2.1-P4459,EVODEX.2.1-P1486,EVODEX.2.1-P1624,EVODEX.2.1-P3856,EVODEX.2.1-P1608,EVODEX.2.1-P1776,EVODEX.2.1-P1774,EVODEX.2.1-P3554,EVODEX.2.1-P3730,EVODEX.2.1-P4795,EVODEX.2.1-P1581,EVODEX.2.1-P4257,EVODEX.2.1-P5743,EVODEX.2.1-P6145,EVODEX.2.1-P272,EVODEX.2.1-P5045,EVODEX.2.1-P2326,EVODEX.2.1-P5841,EVODEX.2.1-P2772,EVODEX.2.1-P4904,EVODEX.2.1-P3324,EVODEX.2.1-P3611,EVODEX.2.1-P1895,EVODEX.2.1-P2797,EVODEX.2.1-P5852,EVODEX.2.1-P4647,EVODEX.2.1-P586,EVODEX.2.1-P5385,EVODEX.2.1-P3731,EVODEX.2.1-P4909,EVODEX.2.1-P6049,EVODEX.2.1-P3594,EVODEX.2.1-P6057,EVODEX.2.1-P4274,EVODEX.2.1-P4776,EVODEX.2.1-P2784,EVODEX.2.1-P4005,EVODEX.2.1-P6362,EVODEX.2.1-P5664,EVODEX.2.1-P3476,EVODEX.2.1-P1841,EVODEX.2.1-P109,EVODEX.2.1-P4182,EVODEX.2.1-P5542,EVODEX.2.1-P1829,EVODEX.2.1-P3769,EVODEX.2.1-P1644,EVODEX.2.1-P2344,EVODEX.2.1-P5846,EVODEX.2.1-P6340,EVODEX.2.1-P1524,EVODEX.2.1-P5554,EVODEX.2.1-P4954,EVODEX.2.1-P1551,EVODEX.2.1-P3854,EVODEX.2.1-P1806,EVODEX.2.1-P2096,EVODEX.2.1-P4008,EVODEX.2.1-P3783,EVODEX.2.1-P1721,EVODEX.2.1-P5825,EVODEX.2.1-P5460,EVODEX.2.1-P5544,EVODEX.2.1-P1724,EVODEX.2.1-P403,EVODEX.2.1-P5135,EVODEX.2.1-P3838,EVODEX.2.1-P3483,EVODEX.2.1-P4330,EVODEX.2.1-P3073,EVODEX.2.1-P1703,EVODEX.2.1-P3437,EVODEX.2.1-P1561,EVODEX.2.1-P5277,EVODEX.2.1-P2449,EVODEX.2.1-P1596,EVODEX.2.1-P3912,EVODEX.2.1-P3876,EVODEX.2.1-P3584,EVODEX.2.1-P2042,EVODEX.2.1-P6096,EVODEX.2.1-P5727,EVODEX.2.1-P6161,EVODEX.2.1-P1910,EVODEX.2.1-P4691,EVODEX.2.1-P1501,EVODEX.2.1-P1898,EVODEX.2.1-P2027,EVODEX.2.1-P2199,EVODEX.2.1-P3180,EVODEX.2.1-P710,EVODEX.2.1-P142,EVODEX.2.1-P3064,EVODEX.2.1-P2543,EVODEX.2.1-P2308,EVODEX.2.1-P5464,EVODEX.2.1-P4055,EVODEX.2.1-P5019,EVODEX.2.1-P4061,EVODEX.2.1-P3391,EVODEX.2.1-P5746,EVODEX.2.1-P5847,EVODEX.2.1-P4351,EVODEX.2.1-P6181,EVODEX.2.1-P1424,EVODEX.2.1-P5930,EVODEX.2.1-P3932,EVODEX.2.1-P3016,EVODEX.2.1-P5313,EVODEX.2.1-P5928,EVODEX.2.1-P5920,EVODEX.2.1-P1975,EVODEX.2.1-P6126,EVODEX.2.1-P134,EVODEX.2.1-P1824,EVODEX.2.1-P244,EVODEX.2.1-P5899,EVODEX.2.1-P4978,EVODEX.2.1-P3938,EVODEX.2.1-P5643,EVODEX.2.1-P3906,EVODEX.2.1-P5638,EVODEX.2.1-P6155,EVODEX.2.1-P117,EVODEX.2.1-P5983,EVODEX.2.1-P1149,EVODEX.2.1-P4805,EVODEX.2.1-P1611,EVODEX.2.1-P2140,EVODEX.2.1-P3701,EVODEX.2.1-P3027,EVODEX.2.1-P5961,EVODEX.2.1-P4009,EVODEX.2.1-P155,EVODEX.2.1-P3748,EVODEX.2.1-P3055,EVODEX.2.1-P5989,EVODEX.2.1-P5931,EVODEX.2.1-P3117,EVODEX.2.1-P2319,EVODEX.2.1-P6088,EVODEX.2.1-P6125,EVODEX.2.1-P3961,EVODEX.2.1-P3370,EVODEX.2.1-P5363,EVODEX.2.1-P3005,EVODEX.2.1-P3754,EVODEX.2.1-P3927,EVODEX.2.1-P4403,EVODEX.2.1-P2871,EVODEX.2.1-P3311,EVODEX.2.1-P3240,EVODEX.2.1-P5625,EVODEX.2.1-P355,EVODEX.2.1-P4997,EVODEX.2.1-P229,EVODEX.2.1-P6093,EVODEX.2.1-P6106,EVODEX.2.1-P6097,EVODEX.2.1-P118,EVODEX.2.1-P2156,EVODEX.2.1-P1649,EVODEX.2.1-P3797,EVODEX.2.1-P5343,EVODEX.2.1-P119,EVODEX.2.1-P3383,EVODEX.2.1-P5096,EVODEX.2.1-P6052,EVODEX.2.1-P5691,EVODEX.2.1-P3610,EVODEX.2.1-P2788,EVODEX.2.1-P5757,EVODEX.2.1-P3963,EVODEX.2.1-P3779,EVODEX.2.1-P5483,EVODEX.2.1-P3711,EVODEX.2.1-P4580,EVODEX.2.1-P4025,EVODEX.2.1-P4872,EVODEX.2.1-P2021,EVODEX.2.1-P2088,EVODEX.2.1-P4104,EVODEX.2.1-P3761,EVODEX.2.1-P2261,EVODEX.2.1-P6177,EVODEX.2.1-P2709,EVODEX.2.1-P1790,EVODEX.2.1-P6109,EVODEX.2.1-P4245,EVODEX.2.1-P5588,EVODEX.2.1-P1779,EVODEX.2.1-P1661,EVODEX.2.1-P1286,EVODEX.2.1-P6100,EVODEX.2.1-P4247,EVODEX.2.1-P4893,EVODEX.2.1-P5663,EVODEX.2.1-P2266,EVODEX.2.1-P4582,EVODEX.2.1-P5482,EVODEX.2.1-P2099,EVODEX.2.1-P3775,EVODEX.2.1-P1502,EVODEX.2.1-P4271,EVODEX.2.1-P1069,EVODEX.2.1-P2859,EVODEX.2.1-P4604,EVODEX.2.1-P3078,EVODEX.2.1-P5774,EVODEX.2.1-P4719,EVODEX.2.1-P1465,EVODEX.2.1-P2292,EVODEX.2.1-P175,EVODEX.2.1-P4217,EVODEX.2.1-P1075,EVODEX.2.1-P1971,EVODEX.2.1-P3735,EVODEX.2.1-P1773,EVODEX.2.1-P3215,EVODEX.2.1-P4269,EVODEX.2.1-P2028,EVODEX.2.1-P5851,EVODEX.2.1-P3936,EVODEX.2.1-P5880,EVODEX.2.1-P1483,EVODEX.2.1-P2624,EVODEX.2.1-P207,EVODEX.2.1-P1913,EVODEX.2.1-P6048,EVODEX.2.1-P2295,EVODEX.2.1-P4653,EVODEX.2.1-P625,EVODEX.2.1-P3347,EVODEX.2.1-P3065,EVODEX.2.1-P4030,EVODEX.2.1-P2038,EVODEX.2.1-P5962,EVODEX.2.1-P2419,EVODEX.2.1-P2174,EVODEX.2.1-P2881,EVODEX.2.1-P1907,EVODEX.2.1-P3013,EVODEX.2.1-P6098,EVODEX.2.1-P2211,EVODEX.2.1-P4063,EVODEX.2.1-P1155,EVODEX.2.1-P2086,EVODEX.2.1-P1954,EVODEX.2.1-P1936,EVODEX.2.1-P4364,EVODEX.2.1-P141,EVODEX.2.1-P2422,EVODEX.2.1-P3535,EVODEX.2.1-P3017,EVODEX.2.1-P3094,EVODEX.2.1-P1900,EVODEX.2.1-P380,EVODEX.2.1-P5112,EVODEX.2.1-P3325,EVODEX.2.1-P5012,EVODEX.2.1-P1883,EVODEX.2.1-P3664,EVODEX.2.1-P6156,EVODEX.2.1-P1560,EVODEX.2.1-P6108,EVODEX.2.1-P6050,EVODEX.2.1-P4660,EVODEX.2.1-P1994,EVODEX.2.1-P3720,EVODEX.2.1-P3981,EVODEX.2.1-P1996,EVODEX.2.1-P2500,EVODEX.2.1-P180,EVODEX.2.1-P196,EVODEX.2.1-P3369,EVODEX.2.1-P2433,EVODEX.2.1-P4739,EVODEX.2.1-P4017,EVODEX.2.1-P1073,EVODEX.2.1-P3922,EVODEX.2.1-P3330,EVODEX.2.1-P1126,EVODEX.2.1-P3054,EVODEX.2.1-P4873,EVODEX.2.1-P5693,EVODEX.2.1-P1106,EVODEX.2.1-P4125,EVODEX.2.1-P4986,EVODEX.2.1-P3087,EVODEX.2.1-P161,EVODEX.2.1-P2227,EVODEX.2.1-P2144,EVODEX.2.1-P2503,EVODEX.2.1-P4870,EVODEX.2.1-P3570,EVODEX.2.1-P3939,EVODEX.2.1-P5978,EVODEX.2.1-P6101,EVODEX.2.1-P1612,EVODEX.2.1-P3328,EVODEX.2.1-P4101,EVODEX.2.1-P4119,EVODEX.2.1-P4671,EVODEX.2.1-P2870,EVODEX.2.1-P3600,EVODEX.2.1-P1748,EVODEX.2.1-P4122,EVODEX.2.1-P2250,EVODEX.2.1-P1935,EVODEX.2.1-P4387,EVODEX.2.1-P1654,EVODEX.2.1-P1875,EVODEX.2.1-P3956,EVODEX.2.1-P5926,EVODEX.2.1-P3539,EVODEX.2.1-P1848,EVODEX.2.1-P2269,EVODEX.2.1-P6166,EVODEX.2.1-P6073,EVODEX.2.1-P5714,EVODEX.2.1-P5568,EVODEX.2.1-P156,EVODEX.2.1-P4077,EVODEX.2.1-P4433,EVODEX.2.1-P2231,EVODEX.2.1-P1123,EVODEX.2.1-P2157,EVODEX.2.1-P3988,EVODEX.2.1-P427,EVODEX.2.1-P2838,EVODEX.2.1-P1881,EVODEX.2.1-P6082,EVODEX.2.1-P6348,EVODEX.2.1-P5642,EVODEX.2.1-P5842,EVODEX.2.1-P6169,EVODEX.2.1-P6001,EVODEX.2.1-P3863,EVODEX.2.1-P2166,EVODEX.2.1-P3322,EVODEX.2.1-P2490,EVODEX.2.1-P122,EVODEX.2.1-P6718,EVODEX.2.1-P5657,EVODEX.2.1-P6258,EVODEX.2.1-P2146,EVODEX.2.1-P1847,EVODEX.2.1-P1479,EVODEX.2.1-P5959,EVODEX.2.1-P4223,EVODEX.2.1-P4089,EVODEX.2.1-P7096,EVODEX.2.1-P116,EVODEX.2.1-P1578,EVODEX.2.1-P3426,EVODEX.2.1-P3428,EVODEX.2.1-P3771,EVODEX.2.1-P114,EVODEX.2.1-P1520,EVODEX.2.1-P4165,EVODEX.2.1-P6087,EVODEX.2.1-P2120,EVODEX.2.1-P6102,EVODEX.2.1-P131,EVODEX.2.1-P2272,EVODEX.2.1-P1585,EVODEX.2.1-P5094,EVODEX.2.1-P4015,EVODEX.2.1-P1108,EVODEX.2.1-P3534,EVODEX.2.1-P3982,EVODEX.2.1-P3848,EVODEX.2.1-P2475,EVODEX.2.1-P2113,EVODEX.2.1-P1197,EVODEX.2.1-P3051,EVODEX.2.1-P1842,EVODEX.2.1-P301,EVODEX.2.1-P4714,EVODEX.2.1-P3573,EVODEX.2.1-P4033,EVODEX.2.1-P2007,EVODEX.2.1-P6382,EVODEX.2.1-P4397,EVODEX.2.1-P2100,EVODEX.2.1-P2504,EVODEX.2.1-P4907,EVODEX.2.1-P2118,EVODEX.2.1-P624,EVODEX.2.1-P5988,EVODEX.2.1-P5713,EVODEX.2.1-P4675,EVODEX.2.1-P3343,EVODEX.2.1-P3824,EVODEX.2.1-P2672,EVODEX.2.1-P3381,EVODEX.2.1-P4737,EVODEX.2.1-P2050,EVODEX.2.1-P1867,EVODEX.2.1-P4131,EVODEX.2.1-P2285,EVODEX.2.1-P3063,EVODEX.2.1-P3086,EVODEX.2.1-P1421,EVODEX.2.1-P3331,EVODEX.2.1-P4252,EVODEX.2.1-P6020,EVODEX.2.1-P2247,EVODEX.2.1-P3430,EVODEX.2.1-P3845,EVODEX.2.1-P1889,EVODEX.2.1-P125,EVODEX.2.1-P699,EVODEX.2.1-P3080,EVODEX.2.1-P2736,EVODEX.2.1-P4869,EVODEX.2.1-P6018,EVODEX.2.1-P113,EVODEX.2.1-P1625,EVODEX.2.1-P3332,EVODEX.2.1-P6185,EVODEX.2.1-P5981,EVODEX.2.1-P5566,EVODEX.2.1-P282,EVODEX.2.1-P708,EVODEX.2.1-P1959,EVODEX.2.1-P1290,EVODEX.2.1-P2005,EVODEX.2.1-P2439,EVODEX.2.1-P6007,EVODEX.2.1-P2502,EVODEX.2.1-P6010,EVODEX.2.1-P2114,EVODEX.2.1-P3099,EVODEX.2.1-P5992,EVODEX.2.1-P6134,EVODEX.2.1-P5964,EVODEX.2.1-P4227,EVODEX.2.1-P4222,EVODEX.2.1-P1306,EVODEX.2.1-P632,EVODEX.2.1-P6114,EVODEX.2.1-P3770,EVODEX.2.1-P694,EVODEX.2.1-P2657,EVODEX.2.1-P2258,EVODEX.2.1-P3592,EVODEX.2.1-P1880,EVODEX.2.1-P4980,EVODEX.2.1-P891,EVODEX.2.1-P6071,EVODEX.2.1-P2394,EVODEX.2.1-P5565,EVODEX.2.1-P3434,EVODEX.2.1-P4046,EVODEX.2.1-P5968,EVODEX.2.1-P1869,EVODEX.2.1-P4404,EVODEX.2.1-P2130,EVODEX.2.1-P1130,EVODEX.2.1-P3008,EVODEX.2.1-P880,EVODEX.2.1-P6067,EVODEX.2.1-P1725,EVODEX.2.1-P4124,EVODEX.2.1-P2488,EVODEX.2.1-P5569,EVODEX.2.1-P1914,EVODEX.2.1-P3738,EVODEX.2.1-P2485,EVODEX.2.1-P3098,EVODEX.2.1-P3351,EVODEX.2.1-P3790,EVODEX.2.1-P4472,EVODEX.2.1-P3833,EVODEX.2.1-P3827,EVODEX.2.1-P4645,EVODEX.2.1-P3713,EVODEX.2.1-P3574,EVODEX.2.1-P5909,EVODEX.2.1-P2658,EVODEX.2.1-P6113,EVODEX.2.1-P3020,EVODEX.2.1-P5335,EVODEX.2.1-P2814,EVODEX.2.1-P1504,EVODEX.2.1-P6154,EVODEX.2.1-P1492,EVODEX.2.1-P6163,EVODEX.2.1-P4640,EVODEX.2.1-P3349,EVODEX.2.1-P5637,EVODEX.2.1-P2025,EVODEX.2.1-P1103,EVODEX.2.1-P3694,EVODEX.2.1-P5615,EVODEX.2.1-P3678,EVODEX.2.1-P209,EVODEX.2.1-P1894,EVODEX.2.1-P5595,EVODEX.2.1-P3101,EVODEX.2.1-P5538,EVODEX.2.1-P6414,EVODEX.2.1-P6017,EVODEX.2.1-P3875,EVODEX.2.1-P2635,EVODEX.2.1-P1526,EVODEX.2.1-P3568,EVODEX.2.1-P2194,EVODEX.2.1-P370,EVODEX.2.1-P3695,EVODEX.2.1-P5954,EVODEX.2.1-P3861,EVODEX.2.1-P2049,EVODEX.2.1-P5364,EVODEX.2.1-P2109,EVODEX.2.1-P6039,EVODEX.2.1-P2192,EVODEX.2.1-P1517,EVODEX.2.1-P5331,EVODEX.2.1-P1180,EVODEX.2.1-P138,EVODEX.2.1-P1498,EVODEX.2.1-P3844,EVODEX.2.1-P128,EVODEX.2.1-P123,EVODEX.2.1-P3681,EVODEX.2.1-P1877,EVODEX.2.1-P3715,EVODEX.2.1-P112,EVODEX.2.1-P6123,EVODEX.2.1-P3823,EVODEX.2.1-P5894,EVODEX.2.1-P3097,EVODEX.2.1-P1870,EVODEX.2.1-P6701,EVODEX.2.1-P3261,EVODEX.2.1-P4810,EVODEX.2.1-P1550,EVODEX.2.1-P5037,EVODEX.2.1-P1922,EVODEX.2.1-P4992,EVODEX.2.1-P5831,EVODEX.2.1-P3985,EVODEX.2.1-P1672,EVODEX.2.1-P5337,EVODEX.2.1-P6171,EVODEX.2.1-P4123,EVODEX.2.1-P6173,EVODEX.2.1-P3699,EVODEX.2.1-P5966,EVODEX.2.1-P4590,EVODEX.2.1-P3509,EVODEX.2.1-P5376,EVODEX.2.1-P2683,EVODEX.2.1-P4882,EVODEX.2.1-P6175,EVODEX.2.1-P640,EVODEX.2.1-P1693,EVODEX.2.1-P4982,EVODEX.2.1-P5275,EVODEX.2.1-P5153,EVODEX.2.1-P2191,EVODEX.2.1-P5707,EVODEX.2.1-P5905,EVODEX.2.1-P3307,EVODEX.2.1-P4020,EVODEX.2.1-P6167,EVODEX.2.1-P2057,EVODEX.2.1-P637,EVODEX.2.1-P106,EVODEX.2.1-P3018,EVODEX.2.1-P3151,EVODEX.2.1-P1667,EVODEX.2.1-P2273,EVODEX.2.1-P105,EVODEX.2.1-P177,EVODEX.2.1-P5987,EVODEX.2.1-P3501,EVODEX.2.1-P5985,EVODEX.2.1-P5444,EVODEX.2.1-P1299,EVODEX.2.1-P319,EVODEX.2.1-P2002,EVODEX.2.1-P1639,EVODEX.2.1-P2106,EVODEX.2.1-P3494,EVODEX.2.1-P5536,EVODEX.2.1-P4862,EVODEX.2.1-P3704,EVODEX.2.1-P4867,EVODEX.2.1-P3866,EVODEX.2.1-P4695,EVODEX.2.1-P1599,EVODEX.2.1-P210,EVODEX.2.1-P1851,EVODEX.2.1-P1874,EVODEX.2.1-P3009,EVODEX.2.1-P2313,EVODEX.2.1-P5890,EVODEX.2.1-P878,EVODEX.2.1-P6842,EVODEX.2.1-P6255,EVODEX.2.1-P5656,EVODEX.2.1-P2800,EVODEX.2.1-P2108,EVODEX.2.1-P5913,EVODEX.2.1-P5670,EVODEX.2.1-P893,EVODEX.2.1-P5717,EVODEX.2.1-P3950,EVODEX.2.1-P140,EVODEX.2.1-P6061,EVODEX.2.1-P3990,EVODEX.2.1-P2888,EVODEX.2.1-P4720,EVODEX.2.1-P2979,EVODEX.2.1-P6029,EVODEX.2.1-P2200,EVODEX.2.1-P3340,EVODEX.2.1-P1499,EVODEX.2.1-P6152,EVODEX.2.1-P5646,EVODEX.2.1-P4576,EVODEX.2.1-P1909,EVODEX.2.1-P5573,EVODEX.2.1-P4880,EVODEX.2.1-P1541,EVODEX.2.1-P5708,EVODEX.2.1-P2178,EVODEX.2.1-P5869,EVODEX.2.1-P3972,EVODEX.2.1-P3813,EVODEX.2.1-P129,EVODEX.2.1-P150,EVODEX.2.1-P1531,EVODEX.2.1-P5705,EVODEX.2.1-P1562,EVODEX.2.1-P6121,EVODEX.2.1-P2298,EVODEX.2.1-P1115,EVODEX.2.1-P4641,EVODEX.2.1-P2271,EVODEX.2.1-P1858,EVODEX.2.1-P6013,EVODEX.2.1-P3825,EVODEX.2.1-P5692,EVODEX.2.1-P5984,EVODEX.2.1-P1679,EVODEX.2.1-P3021,EVODEX.2.1-P2809,EVODEX.2.1-P2751,EVODEX.2.1-P5610,EVODEX.2.1-P158,EVODEX.2.1-P6157,EVODEX.2.1-P3896,EVODEX.2.1-P6130,EVODEX.2.1-P3675,EVODEX.2.1-P2288,EVODEX.2.1-P4730,EVODEX.2.1-P2973,EVODEX.2.1-P6128,EVODEX.2.1-P1856,EVODEX.2.1-P4901,EVODEX.2.1-P1143,EVODEX.2.1-P1476,EVODEX.2.1-P5327,EVODEX.2.1-P327,EVODEX.2.1-P5601,EVODEX.2.1-P4616,EVODEX.2.1-P1855,EVODEX.2.1-P3707,EVODEX.2.1-P1987,EVODEX.2.1-P3556,EVODEX.2.1-P1093,EVODEX.2.1-P2221,EVODEX.2.1-P3940,EVODEX.2.1-P1471,EVODEX.2.1-P6024,EVODEX.2.1-P1512,EVODEX.2.1-P1489,EVODEX.2.1-P1423,EVODEX.2.1-P3025,EVODEX.2.1-P6069,EVODEX.2.1-P4885,EVODEX.2.1-P5830,EVODEX.2.1-P5955,EVODEX.2.1-P3620,EVODEX.2.1-P3037,EVODEX.2.1-P1288,EVODEX.2.1-P2955,EVODEX.2.1-P5724,EVODEX.2.1-P1845,EVODEX.2.1-P7112,EVODEX.2.1-P6612,EVODEX.2.1-P2682,EVODEX.2.1-P3446,EVODEX.2.1-P2305,EVODEX.2.1-P5047,EVODEX.2.1-P3706,EVODEX.2.1-P5993,EVODEX.2.1-P3817,EVODEX.2.1-P1916,EVODEX.2.1-P6062,EVODEX.2.1-P5914,EVODEX.2.1-P249,EVODEX.2.1-P6617,EVODEX.2.1-P2473,EVODEX.2.1-P5701,EVODEX.2.1-P1911,EVODEX.2.1-P2310,EVODEX.2.1-P674,EVODEX.2.1-P1993,EVODEX.2.1-P1988,EVODEX.2.1-P147,EVODEX.2.1-P1293,EVODEX.2.1-P1713,EVODEX.2.1-P6253,EVODEX.2.1-P5650,EVODEX.2.1-P3468,EVODEX.2.1-P7068,EVODEX.2.1-P2975,EVODEX.2.1-P6009,EVODEX.2.1-P5917,EVODEX.2.1-P1705,EVODEX.2.1-P1618,EVODEX.2.1-P5395,EVODEX.2.1-P5113,EVODEX.2.1-P6147,EVODEX.2.1-P4768,EVODEX.2.1-P1619,EVODEX.2.1-P3688,EVODEX.2.1-P176,EVODEX.2.1-P2249,EVODEX.2.1-P1281,EVODEX.2.1-P1833,EVODEX.2.1-P6133,EVODEX.2.1-P148,EVODEX.2.1-P4551,EVODEX.2.1-P6131,EVODEX.2.1-P5836,EVODEX.2.1-P5921,EVODEX.2.1-P2607,EVODEX.2.1-P1677,EVODEX.2.1-P5658,EVODEX.2.1-P2219,EVODEX.2.1-P162,EVODEX.2.1-P1924,EVODEX.2.1-P154,EVODEX.2.1-P6251,EVODEX.2.1-P2622,EVODEX.2.1-P6168,EVODEX.2.1-P697,EVODEX.2.1-P4398,EVODEX.2.1-P1653,EVODEX.2.1-P713,EVODEX.2.1-P3537,EVODEX.2.1-P2983,EVODEX.2.1-P3543,EVODEX.2.1-P165,EVODEX.2.1-P3820,EVODEX.2.1-P6042,EVODEX.2.1-P5054,EVODEX.2.1-P5699,EVODEX.2.1-P6675,EVODEX.2.1-P5401,EVODEX.2.1-P5516,EVODEX.2.1-P174,EVODEX.2.1-P1523,EVODEX.2.1-P5671,EVODEX.2.1-P202,EVODEX.2.1-P1570,EVODEX.2.1-P1474,EVODEX.2.1-P2660,EVODEX.2.1-P2239,EVODEX.2.1-P5458,EVODEX.2.1-P2004,EVODEX.2.1-P6170,EVODEX.2.1-P1313,EVODEX.2.1-P4594,EVODEX.2.1-P6015,EVODEX.2.1-P1292,EVODEX.2.1-P4884,EVODEX.2.1-P3789,EVODEX.2.1-P3262,EVODEX.2.1-P121,EVODEX.2.1-P120,EVODEX.2.1-P4812,EVODEX.2.1-P4129,EVODEX.2.1-P1530,EVODEX.2.1-P1885,EVODEX.2.1-P6028,EVODEX.2.1-P1572,EVODEX.2.1-P1425,EVODEX.2.1-P4857,EVODEX.2.1-P2745,EVODEX.2.1-P6132,EVODEX.2.1-P5923,EVODEX.2.1-P1621,EVODEX.2.1-P4697,EVODEX.2.1-P6046,EVODEX.2.1-P181,EVODEX.2.1-P5885,EVODEX.2.1-P5875,EVODEX.2.1-P3531,EVODEX.2.1-P3721,EVODEX.2.1-P6646,EVODEX.2.1-P4106,EVODEX.2.1-P2738,EVODEX.2.1-P3810,EVODEX.2.1-P1944,EVODEX.2.1-P2032,EVODEX.2.1-P6162,EVODEX.2.1-P4615,EVODEX.2.1-P5160,EVODEX.2.1-P6316,EVODEX.2.1-P2636,EVODEX.2.1-P6033,EVODEX.2.1-P2214,EVODEX.2.1-P1902,EVODEX.2.1-P4399,EVODEX.2.1-P5521,EVODEX.2.1-P2300,EVODEX.2.1-P2237,EVODEX.2.1-P126,EVODEX.2.1-P5736,EVODEX.2.1-P1099,EVODEX.2.1-P2875,EVODEX.2.1-P3547,EVODEX.2.1-P2018,EVODEX.2.1-P1598,EVODEX.2.1-P153,EVODEX.2.1-P2609,EVODEX.2.1-P1722,EVODEX.2.1-P1941,EVODEX.2.1-P127,EVODEX.2.1-P2256,EVODEX.2.1-P2224,EVODEX.2.1-P6179,EVODEX.2.1-P3414,EVODEX.2.1-P167,EVODEX.2.1-P6767,EVODEX.2.1-P3750,EVODEX.2.1-P218,EVODEX.2.1-P1085,EVODEX.2.1-P3034,EVODEX.2.1-P314,EVODEX.2.1-P6629,EVODEX.2.1-P3902,EVODEX.2.1-P3244,EVODEX.2.1-P3908,EVODEX.2.1-P5390,EVODEX.2.1-P226,EVODEX.2.1-P3996,EVODEX.2.1-P3459,EVODEX.2.1-P2944,EVODEX.2.1-P352,EVODEX.2.1-P3245,EVODEX.2.1-P1754,EVODEX.2.1-P2202,EVODEX.2.1-P3028,EVODEX.2.1-P3533,EVODEX.2.1-P3888,EVODEX.2.1-P2284,EVODEX.2.1-P6764,EVODEX.2.1-P1189,EVODEX.2.1-P2648,EVODEX.2.1-P4610,EVODEX.2.1-P4708,EVODEX.2.1-P5393,EVODEX.2.1-P5667,EVODEX.2.1-P1715,EVODEX.2.1-P6072,EVODEX.2.1-P6247,EVODEX.2.1-P4601,EVODEX.2.1-P191,EVODEX.2.1-P340,EVODEX.2.1-P4599,EVODEX.2.1-P36,EVODEX.2.1-P6180,EVODEX.2.1-P5702,EVODEX.2.1-P892,EVODEX.2.1-P3925,EVODEX.2.1-P1311,EVODEX.2.1-P5484,EVODEX.2.1-P3971,EVODEX.2.1-P6112,EVODEX.2.1-P4712,EVODEX.2.1-P2287,EVODEX.2.1-P2647,EVODEX.2.1-P1683,EVODEX.2.1-P149,EVODEX.2.1-P5833,EVODEX.2.1-P3548,EVODEX.2.1-P1771,EVODEX.2.1-P144,EVODEX.2.1-P132,EVODEX.2.1-P6390,EVODEX.2.1-P151,EVODEX.2.1-P6117,EVODEX.2.1-P5860,EVODEX.2.1-P4553,EVODEX.2.1-P3469,EVODEX.2.1-P6159,EVODEX.2.1-P2476,EVODEX.2.1-P5276,EVODEX.2.1-P693,EVODEX.2.1-P6070,EVODEX.2.1-P5883,EVODEX.2.1-P1601,EVODEX.2.1-P4606,EVODEX.2.1-P1751,EVODEX.2.1-P3997,EVODEX.2.1-P3687,EVODEX.2.1-P6403,EVODEX.2.1-P3684,EVODEX.2.1-P2496,EVODEX.2.1-P6137,EVODEX.2.1-P4043,EVODEX.2.1-P5380,EVODEX.2.1-P4598,EVODEX.2.1-P5696,EVODEX.2.1-P2003,EVODEX.2.1-P236,EVODEX.2.1-P6498,EVODEX.2.1-P1637,EVODEX.2.1-P3040,EVODEX.2.1-P1630,EVODEX.2.1-P4355,EVODEX.2.1-P1963,EVODEX.2.1-P1691,EVODEX.2.1-P5373,EVODEX.2.1-P2799,EVODEX.2.1-P1128,EVODEX.2.1-P289,EVODEX.2.1-P2575,EVODEX.2.1-P1744,EVODEX.2.1-P2577,EVODEX.2.1-P6139,EVODEX.2.1-P3722,EVODEX.2.1-P6248,EVODEX.2.1-P146,EVODEX.2.1-P4878,EVODEX.2.1-P3808,EVODEX.2.1-P1542,EVODEX.2.1-P163,EVODEX.2.1-P145,EVODEX.2.1-P6038,EVODEX.2.1-P159,EVODEX.2.1-P108,EVODEX.2.1-P6149,EVODEX.2.1-P3460,EVODEX.2.1-P2259,EVODEX.2.1-P1067,EVODEX.2.1-P6124,EVODEX.2.1-P170,EVODEX.2.1-P5700,EVODEX.2.1-P1927,EVODEX.2.1-P1182,EVODEX.2.1-P2095,EVODEX.2.1-P5324,EVODEX.2.1-P4121,EVODEX.2.1-P1681,EVODEX.2.1-P2154,EVODEX.2.1-P3406,EVODEX.2.1-P164,EVODEX.2.1-P4990,EVODEX.2.1-P2982,EVODEX.2.1-P6094,EVODEX.2.1-P2241,EVODEX.2.1-P2948,EVODEX.2.1-P3901,EVODEX.2.1-P1178,EVODEX.2.1-P2172,EVODEX.2.1-P1767,EVODEX.2.1-P3864,EVODEX.2.1-P3485,EVODEX.2.1-P6076,EVODEX.2.1-P4480,EVODEX.2.1-P178,EVODEX.2.1-P4679,EVODEX.2.1-P1547,EVODEX.2.1-P6034,EVODEX.2.1-P4235,EVODEX.2.1-P2183,EVODEX.2.1-P5730,EVODEX.2.1-P5864,EVODEX.2.1-P2634,EVODEX.2.1-P359,EVODEX.2.1-P2632,EVODEX.2.1-P2283,EVODEX.2.1-P5879,EVODEX.2.1-P2158,EVODEX.2.1-P2169,EVODEX.2.1-P4699,EVODEX.2.1-P3870,EVODEX.2.1-P5881,EVODEX.2.1-P3546,EVODEX.2.1-P4037,EVODEX.2.1-P3552,EVODEX.2.1-P166,EVODEX.2.1-P4393,EVODEX.2.1-P6085,EVODEX.2.1-P346,EVODEX.2.1-P4120,EVODEX.2.1-P5665,EVODEX.2.1-P2153,EVODEX.2.1-P2282,EVODEX.2.1-P3673,EVODEX.2.1-P3994,EVODEX.2.1-P3043,EVODEX.2.1-P2664,EVODEX.2.1-P2947,EVODEX.2.1-P6120,EVODEX.2.1-P3957,EVODEX.2.1-P6118,EVODEX.2.1-P5947,EVODEX.2.1-P6122,EVODEX.2.1-P2245,EVODEX.2.1-P6077,EVODEX.2.1-P6484,EVODEX.2.1-P1749,EVODEX.2.1-P6176,EVODEX.2.1-P4474,EVODEX.2.1-P6136,EVODEX.2.1-P2576,EVODEX.2.1-P2666,EVODEX.2.1-P1429,EVODEX.2.1-P2498,EVODEX.2.1-P6060,EVODEX.2.1-P3992,EVODEX.2.1-P2243,EVODEX.2.1-P1663,EVODEX.2.1-P3953,EVODEX.2.1-P194,EVODEX.2.1-P4470,EVODEX.2.1-P2263,EVODEX.2.1-P5523,EVODEX.2.1-P3558,EVODEX.2.1-P2248,EVODEX.2.1-P5469,EVODEX.2.1-P294,EVODEX.2.1-P6091,EVODEX.2.1-P3549,EVODEX.2.1-P1739,EVODEX.2.1-P3550,EVODEX.2.1-P890,EVODEX.2.1-P171,EVODEX.2.1-P3946,EVODEX.2.1-P6489,EVODEX.2.1-P3438,EVODEX.2.1-P2950,EVODEX.2.1-P5539,EVODEX.2.1-P5877,EVODEX.2.1-P6158,EVODEX.2.1-P6025,EVODEX.2.1-P2980,EVODEX.2.1-P168,EVODEX.2.1-P3970,EVODEX.2.1-P1096,EVODEX.2.1-P1422,EVODEX.2.1-P1544,EVODEX.2.1-P2693,EVODEX.2.1-P107,EVODEX.2.1-P2952,EVODEX.2.1-P1668,EVODEX.2.1-P1430,EVODEX.2.1-P1545,EVODEX.2.1-P6043,EVODEX.2.1-P3885,EVODEX.2.1-P5513,EVODEX.2.1-P894,EVODEX.2.1-P6059,EVODEX.2.1-P1428,EVODEX.2.1-P2631,EVODEX.2.1-P682,EVODEX.2.1-P160,EVODEX.2.1-P1426,EVODEX.2.1-P6040,EVODEX.2.1-P2497,EVODEX.2.1-P169,EVODEX.2.1-P1427,EVODEX.2.1-P143"
EVODEX.2.1-F45,"{""C"": 10, ""H"": 12, ""N"": 2, ""O"": 3}","EVODEX.2.1-P2777,EVODEX.2.1-P2599,EVODEX.2.1-P2763,EVODEX.2.1-P2778,EVODEX.2.1-P2762"
EVODEX.2.1-F51,"{""C"": 10, ""H"": 12, ""N"": 5, ""O"": 3}","EVODEX.2.1-P2374,EVODEX.2.1-P2379,EVODEX.2.1-P2388,EVODEX.2.1-P2360,EVODEX.2.1-P2366"
EVODEX.2.1-F53,"{""C"": 10, ""H"": 12, ""N"": 5, ""O"": 6, ""P"": 1}","EVODEX.2.1-P2913,EVODEX.2.1-P3195,EVODEX.2.1-P6353,EVODEX.2.1-P6310,EVODEX.2.1-P6355,EVODEX.2.1-P3202,EVODEX.2.1-P6312,EVODEX.2.1-P6249,EVODEX.2.1-P6473,EVODEX.2.1-P7059,EVODEX.2.1-P6231,EVODEX.2.1-P1314,EVODEX.2.1-P251,EVODEX.2.1-P7115,EVODEX.2.1-P3239,EVODEX.2.1-P6475,EVODEX.2.1-P3258,EVODEX.2.1-P7107,EVODEX.2.1-P6365,EVODEX.2.1-P7053,EVODEX.2.1-P6366,EVODEX.2.1-P3233,EVODEX.2.1-P6349,EVODEX.2.1-P3235,EVODEX.2.1-P3237"
EVODEX.2.1-F54,"{""C"": 10, ""H"": 12, ""N"": 5, ""O"": 7, ""P"": 1}","EVODEX.2.1-P3232,EVODEX.2.1-P3243,EVODEX.2.1-P3179,EVODEX.2.1-P3192,EVODEX.2.1-P3175"
EVODEX.2.1-F65,"{""C"": 10, ""H"": 13, ""N"": 5, ""O"": 10, ""P"": 2}","EVODEX.2.1-P6358,EVODEX.2.1-P6243,EVODEX.2.1-P6244,EVODEX.2.1-P6241,EVODEX.2.1-P6321"
EVODEX.2.1-F66,"{""C"": 10, ""H"": 13, ""N"": 5, ""O"": 3}","EVODEX.2.1-P2998,EVODEX.2.1-P2856,EVODEX.2.1-P3000,EVODEX.2.1-P2839,EVODEX.2.1-P2854"
EVODEX.2.1-F67,"{""C"": 10, ""H"": 13, ""N"": 5, ""O"": 4}","EVODEX.2.1-P2840,EVODEX.2.1-P2845,EVODEX.2.1-P2903,EVODEX.2.1-P2843,EVODEX.2.1-P2851,EVODEX.2.1-P2902,EVODEX.2.1-P2904,EVODEX.2.1-P2842,EVODEX.2.1-P2844,EVODEX.2.1-P2846"
EVODEX.2.1-F69,"{""C"": 10, ""H"": 13, ""N"": 5, ""O"": 6, ""P"": 1}","EVODEX.2.1-P820,EVODEX.2.1-P2377,EVODEX.2.1-P725,EVODEX.2.1-P2359,EVODEX.2.1-P2372,EVODEX.2.1-P803,EVODEX.2.1-P815,EVODEX.2.1-P2373,EVODEX.2.1-P873,EVODEX.2.1-P2382"
EVODEX.2.1-F71,"{""C"": 10, ""H"": 13, ""N"": 5, ""O"": 9, ""P"": 2}","EVODEX.2.1-P6512,EVODEX.2.1-P6523,EVODEX.2.1-P6442,EVODEX.2.1-P7103,EVODEX.2.1-P6691,EVODEX.2.1-P6265,EVODEX.2.1-P6343,EVODEX.2.1-P6279,EVODEX.2.1-P6372,EVODEX.2.1-P6370"
EVODEX.2.1-F75,"{""C"": 10, ""H"": 14, ""N"": 2, ""O"": 5}","EVODEX.2.1-P2847,EVODEX.2.1-P3011,EVODEX.2.1-P3010,EVODEX.2.1-P3012,EVODEX.2.1-P3014"
EVODEX.2.1-F80,"{""C"": 10, ""H"": 14, ""N"": 5, ""O"": 6, ""P"": 1}","EVODEX.2.1-P789,EVODEX.2.1-P791,EVODEX.2.1-P805,EVODEX.2.1-P822,EVODEX.2.1-P800"
EVODEX.2.1-F81,"{""C"": 10, ""H"": 14, ""N"": 5, ""O"": 7, ""P"": 1}","EVODEX.2.1-P3131,EVODEX.2.1-P2899,EVODEX.2.1-P3161,EVODEX.2.1-P6214,EVODEX.2.1-P2831,EVODEX.2.1-P6204,EVODEX.2.1-P3134,EVODEX.2.1-P6190,EVODEX.2.1-P3127,EVODEX.2.1-P6225,EVODEX.2.1-P6232,EVODEX.2.1-P2832,EVODEX.2.1-P1315,EVODEX.2.1-P3050,EVODEX.2.1-P3157"
EVODEX.2.1-F94,"{""C"": 10, ""H"": 15, ""N"": 5, ""O"": 10, ""P"": 2}","EVODEX.2.1-P3329,EVODEX.2.1-P3337,EVODEX.2.1-P3246,EVODEX.2.1-P2925,EVODEX.2.1-P3106,EVODEX.2.1-P3116,EVODEX.2.1-P7105,EVODEX.2.1-P3118,EVODEX.2.1-P6558,EVODEX.2.1-P3317,EVODEX.2.1-P3315,EVODEX.2.1-P6274,EVODEX.2.1-P6534,EVODEX.2.1-P6566,EVODEX.2.1-P7049,EVODEX.2.1-P3319,EVODEX.2.1-P2822,EVODEX.2.1-P2828,EVODEX.2.1-P3062,EVODEX.2.1-P3089,EVODEX.2.1-P3093,EVODEX.2.1-P3137,EVODEX.2.1-P3056,EVODEX.2.1-P3083,EVODEX.2.1-P3100,EVODEX.2.1-P3095,EVODEX.2.1-P2989,EVODEX.2.1-P6346,EVODEX.2.1-P6335,EVODEX.2.1-P2971,EVODEX.2.1-P3059,EVODEX.2.1-P6280,EVODEX.2.1-P3053,EVODEX.2.1-P6261,EVODEX.2.1-P3061"
EVODEX.2.1-F110,"{""C"": 10, ""H"": 16, ""N"": -2, ""O"": 9}","EVODEX.2.1-P7078,EVODEX.2.1-P6741,EVODEX.2.1-P7081,EVODEX.2.1-P6745,EVODEX.2.1-P7065"
EVODEX.2.1-F121,"{""C"": 10, ""H"": 18, ""O"": 1}","EVODEX.2.1-P3680,EVODEX.2.1-P1802,EVODEX.2.1-P3423,EVODEX.2.1-P1805,EVODEX.2.1-P1803"
EVODEX.2.1-F139,"{""C"": 10, ""H"": 7, ""N"": 1, ""O"": 1}","EVODEX.2.1-P4814,EVODEX.2.1-P4765,EVODEX.2.1-P4804,EVODEX.2.1-P4735,EVODEX.2.1-P4764"
EVODEX.2.1-F145,"{""C"": 10, ""H"": 8, ""O"": 3}","EVODEX.2.1-P1521,EVODEX.2.1-P1651,EVODEX.2.1-P1529,EVODEX.2.1-P1576,EVODEX.2.1-P3674,EVODEX.2.1-P1652,EVODEX.2.1-P1781,EVODEX.2.1-P1655,EVODEX.2.1-P1532,EVODEX.2.1-P1525"
EVODEX.2.1-F150,"{""C"": 10, ""H"": 9, ""N"": 1, ""O"": 2}","EVODEX.2.1-P4736,EVODEX.2.1-P4802,EVODEX.2.1-P4741,EVODEX.2.1-P4738,EVODEX.2.1-P5014"
EVODEX.2.1-F158,"{""C"": 11, ""H"": 10, ""N"": 2, ""O"": 1}","EVODEX.2.1-P6886,EVODEX.2.1-P6906,EVODEX.2.1-P6892,EVODEX.2.1-P6894,EVODEX.2.1-P6900"
EVODEX.2.1-F162,"{""C"": 11, ""H"": 10, ""O"": 4}","EVODEX.2.1-P1854,EVODEX.2.1-P1559,EVODEX.2.1-P3672,EVODEX.2.1-P1853,EVODEX.2.1-P1582"
EVODEX.2.1-F168,"{""C"": 11, ""H"": 12, ""N"": 2, ""O"": 2}","EVODEX.2.1-P2548,EVODEX.2.1-P2544,EVODEX.2.1-P6887,EVODEX.2.1-P6912,EVODEX.2.1-P2539,EVODEX.2.1-P2534,EVODEX.2.1-P6899,EVODEX.2.1-P2410,EVODEX.2.1-P7023"
EVODEX.2.1-F185,"{""C"": 11, ""H"": 17, ""N"": 1, ""O"": 8}","EVODEX.2.1-P2197,EVODEX.2.1-P2195,EVODEX.2.1-P2198,EVODEX.2.1-P2189,EVODEX.2.1-P2196"
EVODEX.2.1-F190,"{""C"": 11, ""H"": 21, ""N"": 2, ""O"": 5, ""P"": 1, ""S"": 1}","EVODEX.2.1-P6332,EVODEX.2.1-P6328,EVODEX.2.1-P6242,EVODEX.2.1-P6238,EVODEX.2.1-P6245"
EVODEX.2.1-F191,"{""C"": 11, ""H"": 21, ""N"": 2, ""O"": 6, ""P"": 1, ""S"": 1}","EVODEX.2.1-P6341,EVODEX.2.1-P6291,EVODEX.2.1-P6295,EVODEX.2.1-P6373,EVODEX.2.1-P6266"
EVODEX.2.1-F195,"{""C"": 11, ""H"": 22, ""N"": 2, ""O"": 9, ""P"": 2, ""S"": 1}","EVODEX.2.1-P6306,EVODEX.2.1-P6211,EVODEX.2.1-P6308,EVODEX.2.1-P6200,EVODEX.2.1-P6305"
EVODEX.2.1-F205,"{""C"": 11, ""H"": 9, ""N"": 1, ""O"": 3}","EVODEX.2.1-P2779,EVODEX.2.1-P2715,EVODEX.2.1-P2717,EVODEX.2.1-P2712,EVODEX.2.1-P2546"
EVODEX.2.1-F206,"{""C"": 11, ""H"": 9, ""N"": 2, ""O"": -2, ""P"": -1}","EVODEX.2.1-P6915,EVODEX.2.1-P6897,EVODEX.2.1-P7037,EVODEX.2.1-P7024,EVODEX.2.1-P7005,EVODEX.2.1-P6932"
EVODEX.2.1-F228,"{""C"": 12, ""H"": 18, ""N"": 6, ""O"": 11, ""P"": 2}","EVODEX.2.1-P6989,EVODEX.2.1-P6703,EVODEX.2.1-P7000,EVODEX.2.1-P6704,EVODEX.2.1-P6707"
EVODEX.2.1-F234,"{""C"": 12, ""H"": 22, ""O"": 1}","EVODEX.2.1-P1712,EVODEX.2.1-P1812,EVODEX.2.1-P1810,EVODEX.2.1-P1762,EVODEX.2.1-P1813"
EVODEX.2.1-F253,"{""C"": 13, ""H"": 13, ""N"": 1, ""O"": 5}","EVODEX.2.1-P4652,EVODEX.2.1-P4662,EVODEX.2.1-P4665,EVODEX.2.1-P4663,EVODEX.2.1-P4656"
EVODEX.2.1-F261,"{""C"": 13, ""H"": 16, ""N"": 4, ""O"": 2}","EVODEX.2.1-P5016,EVODEX.2.1-P5110,EVODEX.2.1-P5099,EVODEX.2.1-P5108,EVODEX.2.1-P5105"
EVODEX.2.1-F265,"{""C"": 13, ""H"": 20, ""N"": 6, ""O"": 11, ""P"": 2}","EVODEX.2.1-P6977,EVODEX.2.1-P6945,EVODEX.2.1-P6756,EVODEX.2.1-P6889,EVODEX.2.1-P6527"
EVODEX.2.1-F266,"{""C"": 13, ""H"": 20, ""N"": 6, ""O"": 11, ""P"": 2, ""S"": 1}","EVODEX.2.1-P7044,EVODEX.2.1-P6957,EVODEX.2.1-P6985,EVODEX.2.1-P7028,EVODEX.2.1-P6991"
EVODEX.2.1-F267,"{""C"": 13, ""H"": 20, ""N"": 6, ""O"": 12, ""P"": 2}","EVODEX.2.1-P6804,EVODEX.2.1-P6875,EVODEX.2.1-P6952,EVODEX.2.1-P6606,EVODEX.2.1-P6845"
EVODEX.2.1-F272,"{""C"": 14, ""H"": 11, ""N"": 6, ""O"": -1, ""P"": -1}","EVODEX.2.1-P6485,EVODEX.2.1-P6494,EVODEX.2.1-P6492"
EVODEX.2.1-F274,"{""C"": 14, ""H"": 14, ""N"": 6, ""O"": 3}","EVODEX.2.1-P6491,EVODEX.2.1-P6503"
EVODEX.2.1-F285,"{""C"": 14, ""H"": 22, ""N"": 6, ""O"": 11, ""P"": 2}","EVODEX.2.1-P6639,EVODEX.2.1-P6719,EVODEX.2.1-P6601,EVODEX.2.1-P6651,EVODEX.2.1-P6645"
EVODEX.2.1-F286,"{""C"": 14, ""H"": 22, ""N"": 6, ""O"": 12, ""P"": 2}","EVODEX.2.1-P6621,EVODEX.2.1-P6853,EVODEX.2.1-P6773,EVODEX.2.1-P6964,EVODEX.2.1-P6884"
EVODEX.2.1-F287,"{""C"": 14, ""H"": 23, ""N"": 1, ""O"": 10}","EVODEX.2.1-P4113,EVODEX.2.1-P4111,EVODEX.2.1-P4110,EVODEX.2.1-P4117,EVODEX.2.1-P4114"
EVODEX.2.1-F293,"{""C"": 14, ""H"": 26, ""O"": 1}","EVODEX.2.1-P1861,EVODEX.2.1-P1866,EVODEX.2.1-P1814,EVODEX.2.1-P1862,EVODEX.2.1-P1815,EVODEX.2.1-P1766,EVODEX.2.1-P1796,EVODEX.2.1-P1793,EVODEX.2.1-P1865,EVODEX.2.1-P1863"
EVODEX.2.1-F313,"{""C"": 15, ""H"": 18, ""N"": 6, ""O"": 7}","EVODEX.2.1-P4769,EVODEX.2.1-P4771,EVODEX.2.1-P4783,EVODEX.2.1-P4775,EVODEX.2.1-P4777"
EVODEX.2.1-F316,"{""C"": 15, ""H"": 20, ""N"": 6, ""O"": 8}","EVODEX.2.1-P4790,EVODEX.2.1-P4785,EVODEX.2.1-P4784,EVODEX.2.1-P4778,EVODEX.2.1-P4774"
EVODEX.2.1-F324,"{""C"": 15, ""H"": 22, ""N"": 6, ""O"": 13, ""P"": 2}","EVODEX.2.1-P6711,EVODEX.2.1-P6565,EVODEX.2.1-P6545,EVODEX.2.1-P6533,EVODEX.2.1-P6575"
EVODEX.2.1-F327,"{""C"": 15, ""H"": 24}","EVODEX.2.1-P2329,EVODEX.2.1-P2341,EVODEX.2.1-P2348,EVODEX.2.1-P2325,EVODEX.2.1-P2330"
EVODEX.2.1-F330,"{""C"": 15, ""H"": 24, ""N"": 6, ""O"": 11, ""P"": 2}","EVODEX.2.1-P7018,EVODEX.2.1-P6881,EVODEX.2.1-P6749,EVODEX.2.1-P6937,EVODEX.2.1-P6754"
EVODEX.2.1-F331,"{""C"": 15, ""H"": 24, ""N"": 6, ""O"": 11, ""P"": 2, ""S"": 1}","EVODEX.2.1-P6793,EVODEX.2.1-P6941,EVODEX.2.1-P6872,EVODEX.2.1-P6733,EVODEX.2.1-P6948"
EVODEX.2.1-F354,"{""C"": 16, ""H"": 22, ""N"": 8, ""O"": 11, ""P"": 2}","EVODEX.2.1-P6452,EVODEX.2.1-P6448,EVODEX.2.1-P6758,EVODEX.2.1-P6454,EVODEX.2.1-P6480"
EVODEX.2.1-F360,"{""C"": 16, ""H"": 26, ""N"": 6, ""O"": 11, ""P"": 2}","EVODEX.2.1-P6908,EVODEX.2.1-P6624,EVODEX.2.1-P6905,EVODEX.2.1-P6868,EVODEX.2.1-P6787,EVODEX.2.1-P6865,EVODEX.2.1-P7033,EVODEX.2.1-P7012,EVODEX.2.1-P6778,EVODEX.2.1-P6750"
EVODEX.2.1-F365,"{""C"": 16, ""H"": 30, ""O"": 1}","EVODEX.2.1-P1718,EVODEX.2.1-P1584,EVODEX.2.1-P1817,EVODEX.2.1-P1717,EVODEX.2.1-P1763"
EVODEX.2.1-F370,"{""C"": 16, ""H"": 34, ""O"": 1}","EVODEX.2.1-P1799,EVODEX.2.1-P1811,EVODEX.2.1-P1822,EVODEX.2.1-P1804,EVODEX.2.1-P1795"
EVODEX.2.1-F384,"{""C"": 17, ""H"": 32, ""N"": 8, ""O"": 9, ""P"": 2}","EVODEX.2.1-P6427,EVODEX.2.1-P6436,EVODEX.2.1-P6430,EVODEX.2.1-P6433,EVODEX.2.1-P6440"
EVODEX.2.1-F395,"{""C"": 18, ""H"": 28, ""O"": 13}","EVODEX.2.1-P6526,EVODEX.2.1-P6522,EVODEX.2.1-P6532,EVODEX.2.1-P6521,EVODEX.2.1-P6524"
EVODEX.2.1-F401,"{""C"": 18, ""H"": 32, ""O"": 1}","EVODEX.2.1-P1700,EVODEX.2.1-P1610,EVODEX.2.1-P1711,EVODEX.2.1-P1690,EVODEX.2.1-P1794"
EVODEX.2.1-F404,"{""C"": 18, ""H"": 32, ""O"": 2}","EVODEX.2.1-P1821,EVODEX.2.1-P1819,EVODEX.2.1-P1688,EVODEX.2.1-P1820,EVODEX.2.1-P1818"
EVODEX.2.1-F408,"{""C"": 18, ""H"": 35, ""N"": 1, ""O"": 1}","EVODEX.2.1-P5495,EVODEX.2.1-P5490,EVODEX.2.1-P5474,EVODEX.2.1-P5498,EVODEX.2.1-P5486"
EVODEX.2.1-F412,"{""C"": 18, ""H"": 37, ""N"": 1, ""O"": 2}","EVODEX.2.1-P5475,EVODEX.2.1-P5480,EVODEX.2.1-P5488,EVODEX.2.1-P5477,EVODEX.2.1-P1708,EVODEX.2.1-P5491,EVODEX.2.1-P1709,EVODEX.2.1-P1710,EVODEX.2.1-P1720"
EVODEX.2.1-F416,"{""C"": 18, ""H"": 39, ""N"": 1, ""O"": 2}",EVODEX.2.1-P1719
EVODEX.2.1-F419,"{""C"": 19, ""H"": 20, ""N"": 7, ""O"": 2, ""P"": -1}","EVODEX.2.1-P6578,EVODEX.2.1-P6592,EVODEX.2.1-P6547"
EVODEX.2.1-F420,"{""C"": 19, ""H"": 21, ""N"": 7, ""O"": 5}","EVODEX.2.1-P6596,EVODEX.2.1-P6537,EVODEX.2.1-P6549,EVODEX.2.1-P6591"
EVODEX.2.1-F422,"{""C"": 19, ""H"": 23, ""N"": 7, ""O"": 6}","EVODEX.2.1-P6588,EVODEX.2.1-P6577"
EVODEX.2.1-F424,"{""C"": 19, ""H"": 24, ""N"": 7, ""O"": 9, ""P"": 1}",EVODEX.2.1-P6590
EVODEX.2.1-F437,"{""C"": 1, ""H"": 1, ""N"": 1}","EVODEX.2.1-P5980,EVODEX.2.1-P5974,EVODEX.2.1-P6054,EVODEX.2.1-P5965,EVODEX.2.1-P5975,EVODEX.2.1-P5963,EVODEX.2.1-P5979,EVODEX.2.1-P6051,EVODEX.2.1-P6045,EVODEX.2.1-P5972"
EVODEX.2.1-F438,"{""C"": 1, ""H"": 1, ""N"": 1, ""O"": 1}","EVODEX.2.1-P1473,EVODEX.2.1-P1478,EVODEX.2.1-P1477,EVODEX.2.1-P1470,EVODEX.2.1-P1468"
EVODEX.2.1-F444,"{""C"": 1, ""H"": 2}","EVODEX.2.1-P3613,EVODEX.2.1-P1348,EVODEX.2.1-P2621,EVODEX.2.1-P1401,EVODEX.2.1-P1346,EVODEX.2.1-P1398,EVODEX.2.1-P1357,EVODEX.2.1-P1343,EVODEX.2.1-P1336,EVODEX.2.1-P2623,EVODEX.2.1-P1344,EVODEX.2.1-P1340,EVODEX.2.1-P1361,EVODEX.2.1-P1386,EVODEX.2.1-P1434,EVODEX.2.1-P1367,EVODEX.2.1-P1391,EVODEX.2.1-P1389,EVODEX.2.1-P1382,EVODEX.2.1-P1280,EVODEX.2.1-P2637,EVODEX.2.1-P1432,EVODEX.2.1-P2129,EVODEX.2.1-P1437,EVODEX.2.1-P1390,EVODEX.2.1-P1334,EVODEX.2.1-P2024,EVODEX.2.1-P1416,EVODEX.2.1-P1413,EVODEX.2.1-P1359,EVODEX.2.1-P1353,EVODEX.2.1-P1446,EVODEX.2.1-P1388,EVODEX.2.1-P1374,EVODEX.2.1-P2630,EVODEX.2.1-P1438,EVODEX.2.1-P2613,EVODEX.2.1-P1443,EVODEX.2.1-P1450"
EVODEX.2.1-F445,"{""C"": 1, ""H"": 2, ""N"": 2}","EVODEX.2.1-P1488,EVODEX.2.1-P1487,EVODEX.2.1-P1484,EVODEX.2.1-P5098,EVODEX.2.1-P1485"
EVODEX.2.1-F452,"{""C"": 1, ""H"": 3}","EVODEX.2.1-P1454,EVODEX.2.1-P1351,EVODEX.2.1-P1455,EVODEX.2.1-P1453,EVODEX.2.1-P1395"
EVODEX.2.1-F460,"{""C"": 1, ""H"": 4, ""O"": 1}","EVODEX.2.1-P5429,EVODEX.2.1-P5341,EVODEX.2.1-P3614,EVODEX.2.1-P4267,EVODEX.2.1-P5097"
EVODEX.2.1-F481,"{""C"": 1, ""H"": -3, ""N"": -3, ""O"": -8, ""P"": -2}","EVODEX.2.1-P6904,EVODEX.2.1-P7019,EVODEX.2.1-P6895,EVODEX.2.1-P6891,EVODEX.2.1-P6901"
EVODEX.2.1-F482,"{""C"": 1, ""H"": -3, ""O"": -2, ""P"": -1}","EVODEX.2.1-P7101,EVODEX.2.1-P7093"
EVODEX.2.1-F487,"{""C"": 1, ""O"": 1}","EVODEX.2.1-P5633,EVODEX.2.1-P1461,EVODEX.2.1-P1456,EVODEX.2.1-P5632,EVODEX.2.1-P1457"
EVODEX.2.1-F488,"{""C"": 1, ""O"": 2}","EVODEX.2.1-P7100,EVODEX.2.1-P5922,EVODEX.2.1-P5918,EVODEX.2.1-P5910,EVODEX.2.1-P7089,EVODEX.2.1-P5912,EVODEX.2.1-P5915,EVODEX.2.1-P7085"
EVODEX.2.1-F494,"{""C"": 20, ""H"": 27, ""N"": 9, ""O"": 8}","EVODEX.2.1-P4746,EVODEX.2.1-P4758,EVODEX.2.1-P4762,EVODEX.2.1-P4757,EVODEX.2.1-P4747"
EVODEX.2.1-F496,"{""C"": 20, ""H"": 28, ""N"": 3, ""O"": 15, ""P"": 1}","EVODEX.2.1-P6743,EVODEX.2.1-P7063,EVODEX.2.1-P7076,EVODEX.2.1-P6747"
EVODEX.2.1-F498,"{""C"": 20, ""H"": 28, ""N"": 8, ""O"": 5}","EVODEX.2.1-P4798,EVODEX.2.1-P4792,EVODEX.2.1-P4791,EVODEX.2.1-P4793,EVODEX.2.1-P4794"
EVODEX.2.1-F500,"{""C"": 20, ""H"": 29, ""N"": 3, ""O"": 18, ""P"": 2}","EVODEX.2.1-P6746,EVODEX.2.1-P6742,EVODEX.2.1-P7077,EVODEX.2.1-P7082,EVODEX.2.1-P7064"
EVODEX.2.1-F501,"{""C"": 20, ""H"": 29, ""N"": 9, ""O"": 9}","EVODEX.2.1-P4799,EVODEX.2.1-P4748,EVODEX.2.1-P4755,EVODEX.2.1-P4761,EVODEX.2.1-P4745"
EVODEX.2.1-F503,"{""C"": 20, ""H"": 30, ""O"": 1}","EVODEX.2.1-P1768,EVODEX.2.1-P3653"
EVODEX.2.1-F504,"{""C"": 20, ""H"": 31, ""N"": 3, ""O"": 19, ""P"": 2}",EVODEX.2.1-P6744
EVODEX.2.1-F506,"{""C"": 20, ""H"": 32}","EVODEX.2.1-P2354,EVODEX.2.1-P2352,EVODEX.2.1-P2350,EVODEX.2.1-P2351,EVODEX.2.1-P2353"
EVODEX.2.1-F511,"{""C"": 20, ""H"": 34, ""N"": 7, ""O"": 14, ""P"": 3, ""S"": 1}","EVODEX.2.1-P727,EVODEX.2.1-P885,EVODEX.2.1-P853,EVODEX.2.1-P744,EVODEX.2.1-P769"
EVODEX.2.1-F514,"{""C"": 20, ""H"": 35, ""N"": 7, ""O"": 14, ""P"": 3, ""S"": 1}","EVODEX.2.1-P733,EVODEX.2.1-P739,EVODEX.2.1-P731,EVODEX.2.1-P743,EVODEX.2.1-P850"
EVODEX.2.1-F516,"{""C"": 20, ""H"": 38, ""O"": 1}","EVODEX.2.1-P1797,EVODEX.2.1-P1798,EVODEX.2.1-P1800"
EVODEX.2.1-F528,"{""C"": 21, ""H"": 28, ""N"": 7, ""O"": 14, ""P"": 2}","EVODEX.2.1-P2916,EVODEX.2.1-P2920,EVODEX.2.1-P2921,EVODEX.2.1-P2918"
EVODEX.2.1-F529,"{""C"": 21, ""H"": 29, ""N"": 7, ""O"": 14, ""P"": 2}",EVODEX.2.1-P2922
EVODEX.2.1-F535,"{""C"": 21, ""H"": 32, ""N"": 7, ""O"": 9, ""P"": 1, ""S"": 1}","EVODEX.2.1-P6354,EVODEX.2.1-P6299,EVODEX.2.1-P6314,EVODEX.2.1-P6319,EVODEX.2.1-P6300"
EVODEX.2.1-F538,"{""C"": 21, ""H"": 33, ""N"": 7, ""O"": 12, ""P"": 2, ""S"": 1}",EVODEX.2.1-P6210
EVODEX.2.1-F539,"{""C"": 21, ""H"": 34, ""N"": 7, ""O"": 15, ""P"": 3, ""S"": 1}","EVODEX.2.1-P6303,EVODEX.2.1-P6307,EVODEX.2.1-P6313,EVODEX.2.1-P6311,EVODEX.2.1-P6325"
EVODEX.2.1-F541,"{""C"": 21, ""H"": 34, ""N"": 7, ""O"": 16, ""P"": 3, ""S"": 1}","EVODEX.2.1-P884,EVODEX.2.1-P836,EVODEX.2.1-P82,EVODEX.2.1-P714,EVODEX.2.1-P726,EVODEX.2.1-P840,EVODEX.2.1-P774,EVODEX.2.1-P857,EVODEX.2.1-P735,EVODEX.2.1-P771,EVODEX.2.1-P772"
EVODEX.2.1-F543,"{""C"": 21, ""H"": 35, ""N"": 7, ""O"": 16, ""P"": 3, ""S"": 1}","EVODEX.2.1-P842,EVODEX.2.1-P861,EVODEX.2.1-P845,EVODEX.2.1-P716,EVODEX.2.1-P852,EVODEX.2.1-P728,EVODEX.2.1-P732,EVODEX.2.1-P740,EVODEX.2.1-P745"
EVODEX.2.1-F544,"{""C"": 21, ""H"": 36, ""N"": 7, ""O"": 16, ""P"": 3, ""S"": 1}","EVODEX.2.1-P1602,EVODEX.2.1-P6360,EVODEX.2.1-P6364,EVODEX.2.1-P6304,EVODEX.2.1-P6290,EVODEX.2.1-P1736,EVODEX.2.1-P6296,EVODEX.2.1-P1844,EVODEX.2.1-P1852,EVODEX.2.1-P1734,EVODEX.2.1-P1723,EVODEX.2.1-P6254,EVODEX.2.1-P1733,EVODEX.2.1-P1843,EVODEX.2.1-P6252,EVODEX.2.1-P1716,EVODEX.2.1-P6250,EVODEX.2.1-P1626,EVODEX.2.1-P6256"
EVODEX.2.1-F555,"{""C"": 22, ""H"": 40, ""O"": 1}","EVODEX.2.1-P1807,EVODEX.2.1-P1809,EVODEX.2.1-P1689,EVODEX.2.1-P1765,EVODEX.2.1-P1808"
EVODEX.2.1-F559,"{""C"": 23, ""H"": 31, ""N"": 7, ""O"": 5}","EVODEX.2.1-P4824,EVODEX.2.1-P4832,EVODEX.2.1-P4825,EVODEX.2.1-P4834,EVODEX.2.1-P4837"
EVODEX.2.1-F560,"{""C"": 23, ""H"": 33, ""N"": 7, ""O"": 6}","EVODEX.2.1-P4829,EVODEX.2.1-P4835,EVODEX.2.1-P4838,EVODEX.2.1-P4817,EVODEX.2.1-P4833"
EVODEX.2.1-F563,"{""C"": 23, ""H"": 38, ""N"": 7, ""O"": 17, ""P"": 3, ""S"": 1}","EVODEX.2.1-P1605,EVODEX.2.1-P1597,EVODEX.2.1-P1686,EVODEX.2.1-P1604,EVODEX.2.1-P1687"
EVODEX.2.1-F580,"{""C"": 25, ""H"": 40, ""N"": 7, ""O"": 18, ""P"": 3, ""S"": 1}","EVODEX.2.1-P3398,EVODEX.2.1-P3388,EVODEX.2.1-P3402,EVODEX.2.1-P3390,EVODEX.2.1-P3396"
EVODEX.2.1-F581,"{""C"": 25, ""H"": 40, ""N"": 7, ""O"": 19, ""P"": 3, ""S"": 1}","EVODEX.2.1-P3379,EVODEX.2.1-P3353,EVODEX.2.1-P3380,EVODEX.2.1-P3371,EVODEX.2.1-P3375"
EVODEX.2.1-F584,"{""C"": 26, ""H"": 40, ""N"": 7, ""O"": 19, ""P"": 3, ""S"": 1}","EVODEX.2.1-P3356,EVODEX.2.1-P3361,EVODEX.2.1-P3358,EVODEX.2.1-P3359"
EVODEX.2.1-F586,"{""C"": 26, ""H"": 42, ""N"": 7, ""O"": 19, ""P"": 3, ""S"": 1}",EVODEX.2.1-P3368
EVODEX.2.1-F608,"{""C"": 28, ""H"": 40, ""N"": 5, ""O"": 19, ""P"": 1}","EVODEX.2.1-P6509,EVODEX.2.1-P6530"
EVODEX.2.1-F609,"{""C"": 28, ""H"": 41, ""N"": 5, ""O"": 22, ""P"": 2}","EVODEX.2.1-P6510,EVODEX.2.1-P6531,EVODEX.2.1-P6520,EVODEX.2.1-P6516,EVODEX.2.1-P6525"
EVODEX.2.1-F610,"{""C"": 28, ""H"": 43, ""N"": 5, ""O"": 23, ""P"": 2}","EVODEX.2.1-P6515,EVODEX.2.1-P6508,EVODEX.2.1-P6506"
EVODEX.2.1-F618,"{""C"": 2, ""H"": 1, ""O"": -2, ""P"": -1}",EVODEX.2.1-P6212
EVODEX.2.1-F620,"{""C"": 2, ""H"": 2, ""N"": 1, ""O"": -2, ""P"": -1}","EVODEX.2.1-P6696,EVODEX.2.1-P7021"
EVODEX.2.1-F621,"{""C"": 2, ""H"": 2, ""O"": 1}","EVODEX.2.1-P3575,EVODEX.2.1-P1729,EVODEX.2.1-P1737,EVODEX.2.1-P1699,EVODEX.2.1-P1839,EVODEX.2.1-P5549,EVODEX.2.1-P1738,EVODEX.2.1-P1628,EVODEX.2.1-P1840,EVODEX.2.1-P1728,EVODEX.2.1-P1823,EVODEX.2.1-P1939,EVODEX.2.1-P6217,EVODEX.2.1-P1947,EVODEX.2.1-P1834,EVODEX.2.1-P1926,EVODEX.2.1-P6282,EVODEX.2.1-P1949,EVODEX.2.1-P1772,EVODEX.2.1-P6192,EVODEX.2.1-P1948,EVODEX.2.1-P1828,EVODEX.2.1-P1714,EVODEX.2.1-P1831"
EVODEX.2.1-F624,"{""C"": 2, ""H"": 2, ""O"": 3}","EVODEX.2.1-P2511,EVODEX.2.1-P2753,EVODEX.2.1-P2750,EVODEX.2.1-P2472,EVODEX.2.1-P2477"
EVODEX.2.1-F627,"{""C"": 2, ""H"": 3, ""N"": 1, ""O"": 1}","EVODEX.2.1-P3625,EVODEX.2.1-P6705,EVODEX.2.1-P6988,EVODEX.2.1-P6514,EVODEX.2.1-P1826,EVODEX.2.1-P7066,EVODEX.2.1-P7104,EVODEX.2.1-P6702,EVODEX.2.1-P1825,EVODEX.2.1-P1888"
EVODEX.2.1-F634,"{""C"": 2, ""H"": 4, ""O"": 1}","EVODEX.2.1-P6036,EVODEX.2.1-P6035,EVODEX.2.1-P1509,EVODEX.2.1-P6030"
EVODEX.2.1-F635,"{""C"": 2, ""H"": 4, ""O"": 2}","EVODEX.2.1-P2297,EVODEX.2.1-P2311,EVODEX.2.1-P2321,EVODEX.2.1-P2314,EVODEX.2.1-P2309,EVODEX.2.1-P1500,EVODEX.2.1-P1923,EVODEX.2.1-P6218,EVODEX.2.1-P1933,EVODEX.2.1-P6189,EVODEX.2.1-P1938,EVODEX.2.1-P1495,EVODEX.2.1-P1497,EVODEX.2.1-P1494,EVODEX.2.1-P1503,EVODEX.2.1-P1968,EVODEX.2.1-P6288,EVODEX.2.1-P1920,EVODEX.2.1-P1942"
EVODEX.2.1-F642,"{""C"": 2, ""H"": 5, ""N"": 1, ""O"": 2}","EVODEX.2.1-P1515,EVODEX.2.1-P6671,EVODEX.2.1-P6695,EVODEX.2.1-P1675,EVODEX.2.1-P6058,EVODEX.2.1-P1555,EVODEX.2.1-P6513,EVODEX.2.1-P1783,EVODEX.2.1-P1784,EVODEX.2.1-P1553,EVODEX.2.1-P1516,EVODEX.2.1-P2744,EVODEX.2.1-P1514,EVODEX.2.1-P2740,EVODEX.2.1-P2737,EVODEX.2.1-P2747,EVODEX.2.1-P2725,EVODEX.2.1-P6026"
EVODEX.2.1-F645,"{""C"": 2, ""H"": 5, ""O"": 5, ""P"": 1}","EVODEX.2.1-P6287,EVODEX.2.1-P6285"
EVODEX.2.1-F650,"{""C"": 2, ""H"": 6, ""O"": 1}","EVODEX.2.1-P5018,EVODEX.2.1-P5104,EVODEX.2.1-P5101,EVODEX.2.1-P3609,EVODEX.2.1-P5102"
EVODEX.2.1-F677,"{""C"": 31, ""H"": 42, ""N"": 6, ""O"": 2, ""P"": -2, ""S"": 2}","EVODEX.2.1-P2337,EVODEX.2.1-P2335,EVODEX.2.1-P2338,EVODEX.2.1-P2328,EVODEX.2.1-P2331"
EVODEX.2.1-F679,"{""C"": 31, ""H"": 46, ""N"": 6, ""O"": 9, ""S"": 2}","EVODEX.2.1-P2334,EVODEX.2.1-P2336,EVODEX.2.1-P2333,EVODEX.2.1-P2327,EVODEX.2.1-P2332"
EVODEX.2.1-F680,"{""C"": 31, ""H"": 48, ""N"": 12, ""O"": 22, ""P"": 4, ""S"": 1}","EVODEX.2.1-P6368,EVODEX.2.1-P6297,EVODEX.2.1-P6246,EVODEX.2.1-P6309,EVODEX.2.1-P6298"
EVODEX.2.1-F682,"{""C"": 31, ""H"": 49, ""N"": 12, ""O"": 25, ""P"": 5, ""S"": 1}","EVODEX.2.1-P6257,EVODEX.2.1-P6361,EVODEX.2.1-P6356,EVODEX.2.1-P6281,EVODEX.2.1-P6374"
EVODEX.2.1-F683,"{""C"": 31, ""H"": 49, ""N"": 12, ""O"": 26, ""P"": 5, ""S"": 1}","EVODEX.2.1-P6322,EVODEX.2.1-P6333,EVODEX.2.1-P6324,EVODEX.2.1-P6326,EVODEX.2.1-P6239"
EVODEX.2.1-F696,"{""C"": 3, ""H"": 2, ""O"": 3}","EVODEX.2.1-P1623,EVODEX.2.1-P1692,EVODEX.2.1-P1538,EVODEX.2.1-P1622,EVODEX.2.1-P1537"
EVODEX.2.1-F699,"{""C"": 3, ""H"": 3, ""N"": 1, ""O"": -5, ""P"": -2}","EVODEX.2.1-P6478,EVODEX.2.1-P6468,EVODEX.2.1-P6482,EVODEX.2.1-P6464,EVODEX.2.1-P6457"
EVODEX.2.1-F700,"{""C"": 3, ""H"": 3, ""O"": 2}","EVODEX.2.1-P1249,EVODEX.2.1-P1223,EVODEX.2.1-P1216,EVODEX.2.1-P1212,EVODEX.2.1-P1243"
EVODEX.2.1-F705,"{""C"": 3, ""H"": 4, ""N"": 1, ""O"": -1, ""P"": -1}",EVODEX.2.1-P6967
EVODEX.2.1-F706,"{""C"": 3, ""H"": 4, ""N"": 1, ""O"": -2, ""P"": -1}","EVODEX.2.1-P6518,EVODEX.2.1-P6819,EVODEX.2.1-P6728,EVODEX.2.1-P6633,EVODEX.2.1-P6737,EVODEX.2.1-P6954,EVODEX.2.1-P6665"
EVODEX.2.1-F707,"{""C"": 3, ""H"": 4, ""N"": 1, ""O"": -2, ""P"": -1, ""S"": 1}","EVODEX.2.1-P6956,EVODEX.2.1-P6652"
EVODEX.2.1-F709,"{""C"": 3, ""H"": 4, ""O"": 1}","EVODEX.2.1-P1519,EVODEX.2.1-P1730,EVODEX.2.1-P1627,EVODEX.2.1-P1609,EVODEX.2.1-P5541"
EVODEX.2.1-F711,"{""C"": 3, ""H"": 4, ""O"": 2}","EVODEX.2.1-P1231,EVODEX.2.1-P1224,EVODEX.2.1-P1259,EVODEX.2.1-P1215,EVODEX.2.1-P1217"
EVODEX.2.1-F712,"{""C"": 3, ""H"": 4, ""O"": 3}","EVODEX.2.1-P6023,EVODEX.2.1-P2696,EVODEX.2.1-P2495,EVODEX.2.1-P2494,EVODEX.2.1-P6066,EVODEX.2.1-P6074,EVODEX.2.1-P6065,EVODEX.2.1-P2430,EVODEX.2.1-P2428,EVODEX.2.1-P2489,EVODEX.2.1-P2815,EVODEX.2.1-P2453,EVODEX.2.1-P2953,EVODEX.2.1-P2324,EVODEX.2.1-P2600,EVODEX.2.1-P5953,EVODEX.2.1-P2949,EVODEX.2.1-P2945,EVODEX.2.1-P2429,EVODEX.2.1-P2942"
EVODEX.2.1-F716,"{""C"": 3, ""H"": 5, ""N"": 1, ""O"": 1}","EVODEX.2.1-P6517,EVODEX.2.1-P6970,EVODEX.2.1-P6763,EVODEX.2.1-P6461,EVODEX.2.1-P6717,EVODEX.2.1-P6465,EVODEX.2.1-P6882,EVODEX.2.1-P4579,EVODEX.2.1-P6634,EVODEX.2.1-P6965,EVODEX.2.1-P3624,EVODEX.2.1-P4265,EVODEX.2.1-P6724,EVODEX.2.1-P6727,EVODEX.2.1-P6714"
EVODEX.2.1-F717,"{""C"": 3, ""H"": 5, ""N"": 1, ""O"": 1, ""S"": 1}","EVODEX.2.1-P7074,EVODEX.2.1-P6654,EVODEX.2.1-P6653,EVODEX.2.1-P6955,EVODEX.2.1-P7020"
EVODEX.2.1-F718,"{""C"": 3, ""H"": 5, ""N"": 1, ""O"": 2}","EVODEX.2.1-P6815,EVODEX.2.1-P6143,EVODEX.2.1-P6779,EVODEX.2.1-P6873,EVODEX.2.1-P6712,EVODEX.2.1-P2291,EVODEX.2.1-P2296,EVODEX.2.1-P7067,EVODEX.2.1-P2290,EVODEX.2.1-P2294"
EVODEX.2.1-F732,"{""C"": 3, ""H"": 6, ""O"": 3}","EVODEX.2.1-P5996,EVODEX.2.1-P6021,EVODEX.2.1-P6016,EVODEX.2.1-P6000,EVODEX.2.1-P5991"
EVODEX.2.1-F735,"{""C"": 3, ""H"": 7, ""N"": 1}","EVODEX.2.1-P2252,EVODEX.2.1-P2209,EVODEX.2.1-P2207,EVODEX.2.1-P2235,EVODEX.2.1-P2253"
EVODEX.2.1-F737,"{""C"": 3, ""H"": 7, ""N"": 1, ""O"": 2}","EVODEX.2.1-P2523,EVODEX.2.1-P6855,EVODEX.2.1-P2443,EVODEX.2.1-P6471,EVODEX.2.1-P6444,EVODEX.2.1-P6460,EVODEX.2.1-P2580,EVODEX.2.1-P6953,EVODEX.2.1-P6715,EVODEX.2.1-P6481,EVODEX.2.1-P2671,EVODEX.2.1-P6725,EVODEX.2.1-P6761,EVODEX.2.1-P6477,EVODEX.2.1-P2521,EVODEX.2.1-P2517,EVODEX.2.1-P2695,EVODEX.2.1-P6663,EVODEX.2.1-P6739,EVODEX.2.1-P2438,EVODEX.2.1-P2452,EVODEX.2.1-P6443,EVODEX.2.1-P2435"
EVODEX.2.1-F738,"{""C"": 3, ""H"": 7, ""N"": 1, ""O"": 2, ""S"": 1}","EVODEX.2.1-P7027,EVODEX.2.1-P6655,EVODEX.2.1-P6604"
EVODEX.2.1-F739,"{""C"": 3, ""H"": 7, ""N"": 1, ""O"": 3}","EVODEX.2.1-P6913,EVODEX.2.1-P6667,EVODEX.2.1-P6966,EVODEX.2.1-P3302,EVODEX.2.1-P3300,EVODEX.2.1-P6961,EVODEX.2.1-P3299,EVODEX.2.1-P3298,EVODEX.2.1-P2914"
EVODEX.2.1-F741,"{""C"": 3, ""H"": 7, ""O"": 6, ""P"": 1}","EVODEX.2.1-P1732,EVODEX.2.1-P6003,EVODEX.2.1-P6008,EVODEX.2.1-P6012,EVODEX.2.1-P5994,EVODEX.2.1-P6004"
EVODEX.2.1-F742,"{""C"": 3, ""H"": 7, ""O"": 7, ""P"": 1}","EVODEX.2.1-P3069,EVODEX.2.1-P3070,EVODEX.2.1-P3068,EVODEX.2.1-P3067,EVODEX.2.1-P3071"
EVODEX.2.1-F753,"{""C"": 3, ""H"": 9, ""O"": 6, ""P"": 1}","EVODEX.2.1-P1591,EVODEX.2.1-P1593,EVODEX.2.1-P1590,EVODEX.2.1-P1685"
EVODEX.2.1-F765,"{""C"": 46, ""H"": 78, ""N"": -2, ""O"": -5}","EVODEX.2.1-P3281,EVODEX.2.1-P3295,EVODEX.2.1-P3289,EVODEX.2.1-P3293,EVODEX.2.1-P3286"
EVODEX.2.1-F792,"{""C"": 4, ""H"": 4, ""O"": 5}","EVODEX.2.1-P2536,EVODEX.2.1-P2785,EVODEX.2.1-P2675,EVODEX.2.1-P2803,EVODEX.2.1-P2528"
EVODEX.2.1-F798,"{""C"": 4, ""H"": 5, ""N"": 1, ""O"": 4}","EVODEX.2.1-P2463,EVODEX.2.1-P2620,EVODEX.2.1-P2461,EVODEX.2.1-P2471,EVODEX.2.1-P2470"
EVODEX.2.1-F799,"{""C"": 4, ""H"": 5, ""N"": 2, ""O"": -1, ""P"": -1}","EVODEX.2.1-P6890,EVODEX.2.1-P6824,EVODEX.2.1-P6723,EVODEX.2.1-P6938,EVODEX.2.1-P6776"
EVODEX.2.1-F804,"{""C"": 4, ""H"": 6, ""N"": 1, ""O"": -1, ""P"": -1}","EVODEX.2.1-P6772,EVODEX.2.1-P6850"
EVODEX.2.1-F805,"{""C"": 4, ""H"": 6, ""N"": 1, ""O"": -2, ""P"": -1}","EVODEX.2.1-P6616,EVODEX.2.1-P6648,EVODEX.2.1-P6636,EVODEX.2.1-P6644,EVODEX.2.1-P6688"
EVODEX.2.1-F807,"{""C"": 4, ""H"": 6, ""O"": 1}","EVODEX.2.1-P1837,EVODEX.2.1-P1836,EVODEX.2.1-P1835,EVODEX.2.1-P3679,EVODEX.2.1-P1634"
EVODEX.2.1-F810,"{""C"": 4, ""H"": 6, ""O"": 3}","EVODEX.2.1-P299,EVODEX.2.1-P391,EVODEX.2.1-P255,EVODEX.2.1-P400,EVODEX.2.1-P364,EVODEX.2.1-P348,EVODEX.2.1-P428,EVODEX.2.1-P263,EVODEX.2.1-P341,EVODEX.2.1-P2604,EVODEX.2.1-P3394,EVODEX.2.1-P698,EVODEX.2.1-P388,EVODEX.2.1-P393,EVODEX.2.1-P310,EVODEX.2.1-P350,EVODEX.2.1-P3385,EVODEX.2.1-P2770,EVODEX.2.1-P287,EVODEX.2.1-P3386,EVODEX.2.1-P3404,EVODEX.2.1-P3400,EVODEX.2.1-P308,EVODEX.2.1-P2407,EVODEX.2.1-P361,EVODEX.2.1-P2774,EVODEX.2.1-P256,EVODEX.2.1-P305,EVODEX.2.1-P2589,EVODEX.2.1-P353"
EVODEX.2.1-F811,"{""C"": 4, ""H"": 6, ""O"": 4}","EVODEX.2.1-P3366,EVODEX.2.1-P3352,EVODEX.2.1-P3365,EVODEX.2.1-P3367,EVODEX.2.1-P3363"
EVODEX.2.1-F815,"{""C"": 4, ""H"": 7, ""N"": 1, ""O"": 1}","EVODEX.2.1-P6605,EVODEX.2.1-P6643,EVODEX.2.1-P6638,EVODEX.2.1-P7071,EVODEX.2.1-P6689"
EVODEX.2.1-F817,"{""C"": 4, ""H"": 7, ""N"": 1, ""O"": 2}","EVODEX.2.1-P6780,EVODEX.2.1-P2318,EVODEX.2.1-P6620,EVODEX.2.1-P6879,EVODEX.2.1-P6960,EVODEX.2.1-P2312,EVODEX.2.1-P2322,EVODEX.2.1-P6852,EVODEX.2.1-P2316,EVODEX.2.1-P2303"
EVODEX.2.1-F819,"{""C"": 4, ""H"": 7, ""N"": 1, ""O"": 4}","EVODEX.2.1-P2532,EVODEX.2.1-P2409,EVODEX.2.1-P2781,EVODEX.2.1-P2780,EVODEX.2.1-P2787"
EVODEX.2.1-F825,"{""C"": 4, ""H"": 8, ""N"": 2, ""O"": 3}","EVODEX.2.1-P6781,EVODEX.2.1-P6971,EVODEX.2.1-P6858,EVODEX.2.1-P6722,EVODEX.2.1-P7029"
EVODEX.2.1-F835,"{""C"": 4, ""H"": 9, ""N"": 1, ""O"": 2}","EVODEX.2.1-P6647,EVODEX.2.1-P7070,EVODEX.2.1-P6661,EVODEX.2.1-P6721,EVODEX.2.1-P6615"
EVODEX.2.1-F837,"{""C"": 4, ""H"": 9, ""N"": 1, ""O"": 3}","EVODEX.2.1-P6771,EVODEX.2.1-P6846,EVODEX.2.1-P6930"
EVODEX.2.1-F841,"{""C"": 55, ""H"": 91, ""O"": 4, ""P"": 1}","EVODEX.2.1-P3284,EVODEX.2.1-P3296,EVODEX.2.1-P3282,EVODEX.2.1-P3297,EVODEX.2.1-P3290"
EVODEX.2.1-F844,"{""C"": 5, ""H"": 10, ""N"": 1, ""O"": 7, ""P"": 1}","EVODEX.2.1-P6379,EVODEX.2.1-P6399"
EVODEX.2.1-F846,"{""C"": 5, ""H"": 10, ""N"": 2, ""O"": 3}","EVODEX.2.1-P2444,EVODEX.2.1-P2458,EVODEX.2.1-P7035,EVODEX.2.1-P6863,EVODEX.2.1-P2735,EVODEX.2.1-P2716,EVODEX.2.1-P6968,EVODEX.2.1-P2727,EVODEX.2.1-P6998,EVODEX.2.1-P6896,EVODEX.2.1-P7111"
EVODEX.2.1-F857,"{""C"": 5, ""H"": 11, ""N"": 1, ""O"": 2}","EVODEX.2.1-P6782,EVODEX.2.1-P6748,EVODEX.2.1-P2594,EVODEX.2.1-P2730,EVODEX.2.1-P2566,EVODEX.2.1-P2525,EVODEX.2.1-P7060,EVODEX.2.1-P7075,EVODEX.2.1-P2559"
EVODEX.2.1-F858,"{""C"": 5, ""H"": 11, ""N"": 1, ""O"": 2, ""S"": 1}","EVODEX.2.1-P7015,EVODEX.2.1-P7013"
EVODEX.2.1-F864,"{""C"": 5, ""H"": 11, ""O"": 8, ""P"": 1}","EVODEX.2.1-P3154,EVODEX.2.1-P3160,EVODEX.2.1-P2908,EVODEX.2.1-P2860,EVODEX.2.1-P3155"
EVODEX.2.1-F904,"{""C"": 5, ""H"": 6, ""N"": 1, ""O"": -2, ""P"": -1}","EVODEX.2.1-P6874,EVODEX.2.1-P6869,EVODEX.2.1-P6860,EVODEX.2.1-P6854,EVODEX.2.1-P6768,EVODEX.2.1-P6911"
EVODEX.2.1-F905,"{""C"": 5, ""H"": 6, ""N"": 1, ""P"": -1}","EVODEX.2.1-P6539,EVODEX.2.1-P6658,EVODEX.2.1-P6893,EVODEX.2.1-P6541,EVODEX.2.1-P6486,EVODEX.2.1-P6496,EVODEX.2.1-P6499,EVODEX.2.1-P6410,EVODEX.2.1-P6387"
EVODEX.2.1-F910,"{""C"": 5, ""H"": 6, ""N"": 4, ""O"": 6, ""P"": 2}","EVODEX.2.1-P6562,EVODEX.2.1-P6586,EVODEX.2.1-P7083,EVODEX.2.1-P6564,EVODEX.2.1-P6572"
EVODEX.2.1-F911,"{""C"": 5, ""H"": 6, ""O"": 1}","EVODEX.2.1-P1646,EVODEX.2.1-P1641,EVODEX.2.1-P1647"
EVODEX.2.1-F914,"{""C"": 5, ""H"": 6, ""O"": 4}","EVODEX.2.1-P2670,EVODEX.2.1-P2656,EVODEX.2.1-P2659,EVODEX.2.1-P2668,EVODEX.2.1-P2662"
EVODEX.2.1-F915,"{""C"": 5, ""H"": 6, ""O"": 5}","EVODEX.2.1-P2708,EVODEX.2.1-P2681,EVODEX.2.1-P2805,EVODEX.2.1-P2540,EVODEX.2.1-P2529,EVODEX.2.1-P2585,EVODEX.2.1-P2427,EVODEX.2.1-P2426,EVODEX.2.1-P2432,EVODEX.2.1-P2573,EVODEX.2.1-P2813,EVODEX.2.1-P2760,EVODEX.2.1-P2510,EVODEX.2.1-P2456,EVODEX.2.1-P2414"
EVODEX.2.1-F916,"{""C"": 5, ""H"": 7, ""N"": 1, ""O"": 1}","EVODEX.2.1-P6866,EVODEX.2.1-P6862,EVODEX.2.1-P4250,EVODEX.2.1-P4268,EVODEX.2.1-P4264"
EVODEX.2.1-F918,"{""C"": 5, ""H"": 7, ""N"": 1, ""O"": 3}","EVODEX.2.1-P6656,EVODEX.2.1-P6608,EVODEX.2.1-P6567,EVODEX.2.1-P1892,EVODEX.2.1-P1876,EVODEX.2.1-P1872,EVODEX.2.1-P6563,EVODEX.2.1-P6560,EVODEX.2.1-P6583,EVODEX.2.1-P6553,EVODEX.2.1-P6416,EVODEX.2.1-P6400,EVODEX.2.1-P6392"
EVODEX.2.1-F919,"{""C"": 5, ""H"": 7, ""N"": 1, ""O"": 4}","EVODEX.2.1-P2690,EVODEX.2.1-P2723,EVODEX.2.1-P2479,EVODEX.2.1-P2687,EVODEX.2.1-P2482"
EVODEX.2.1-F920,"{""C"": 5, ""H"": 7, ""N"": 2, ""O"": -1, ""P"": -1}","EVODEX.2.1-P6969,EVODEX.2.1-P6802,EVODEX.2.1-P6726,EVODEX.2.1-P7036"
EVODEX.2.1-F923,"{""C"": 5, ""H"": 8}","EVODEX.2.1-P2393,EVODEX.2.1-P2275,EVODEX.2.1-P2398,EVODEX.2.1-P2277,EVODEX.2.1-P2402,EVODEX.2.1-P2274,EVODEX.2.1-P2399,EVODEX.2.1-P2233,EVODEX.2.1-P2218,EVODEX.2.1-P2279,EVODEX.2.1-P2268,EVODEX.2.1-P2226,EVODEX.2.1-P2238,EVODEX.2.1-P2395,EVODEX.2.1-P2223,EVODEX.2.1-P2220,EVODEX.2.1-P2396,EVODEX.2.1-P2391,EVODEX.2.1-P2212,EVODEX.2.1-P2216"
EVODEX.2.1-F927,"{""C"": 5, ""H"": 8, ""N"": 1, ""O"": -2, ""P"": -1}",EVODEX.2.1-P7009
EVODEX.2.1-F928,"{""C"": 5, ""H"": 8, ""N"": 1, ""O"": -2, ""P"": -1, ""S"": 1}","EVODEX.2.1-P6944,EVODEX.2.1-P6792,EVODEX.2.1-P7017,EVODEX.2.1-P6963,EVODEX.2.1-P6939,EVODEX.2.1-P6734,EVODEX.2.1-P6788,EVODEX.2.1-P7004"
EVODEX.2.1-F930,"{""C"": 5, ""H"": 8, ""N"": 2, ""O"": 2}","EVODEX.2.1-P7034,EVODEX.2.1-P6805,EVODEX.2.1-P6808,EVODEX.2.1-P6730,EVODEX.2.1-P6801"
EVODEX.2.1-F931,"{""C"": 5, ""H"": 8, ""O"": 1}","EVODEX.2.1-P1706,EVODEX.2.1-P1631"
EVODEX.2.1-F934,"{""C"": 5, ""H"": 8, ""O"": 3}","EVODEX.2.1-P2558,EVODEX.2.1-P2614,EVODEX.2.1-P2612,EVODEX.2.1-P2448,EVODEX.2.1-P2729"
EVODEX.2.1-F935,"{""C"": 5, ""H"": 8, ""O"": 3, ""S"": 1}","EVODEX.2.1-P2701,EVODEX.2.1-P2702,EVODEX.2.1-P2704,EVODEX.2.1-P2617,EVODEX.2.1-P2514"
EVODEX.2.1-F936,"{""C"": 5, ""H"": 8, ""O"": 4}","EVODEX.2.1-P2181,EVODEX.2.1-P2112,EVODEX.2.1-P2111,EVODEX.2.1-P2179,EVODEX.2.1-P2182"
EVODEX.2.1-F940,"{""C"": 5, ""H"": 9, ""N"": 1, ""O"": 1}","EVODEX.2.1-P6936,EVODEX.2.1-P6917,EVODEX.2.1-P6753,EVODEX.2.1-P6849,EVODEX.2.1-P6880"
EVODEX.2.1-F941,"{""C"": 5, ""H"": 9, ""N"": 1, ""O"": 1, ""S"": 1}","EVODEX.2.1-P6947,EVODEX.2.1-P7016,EVODEX.2.1-P6946,EVODEX.2.1-P7014,EVODEX.2.1-P6732,EVODEX.2.1-P6962,EVODEX.2.1-P6950,EVODEX.2.1-P6789,EVODEX.2.1-P6994,EVODEX.2.1-P6841"
EVODEX.2.1-F942,"{""C"": 5, ""H"": 9, ""N"": 1, ""O"": 2}","EVODEX.2.1-P6859,EVODEX.2.1-P6877,EVODEX.2.1-P6766,EVODEX.2.1-P6843"
EVODEX.2.1-F945,"{""C"": 5, ""H"": 9, ""N"": 1, ""O"": 4}","EVODEX.2.1-P6635,EVODEX.2.1-P2423,EVODEX.2.1-P2619,EVODEX.2.1-P2509,EVODEX.2.1-P6397,EVODEX.2.1-P7061,EVODEX.2.1-P6609,EVODEX.2.1-P6551,EVODEX.2.1-P6607,EVODEX.2.1-P6409,EVODEX.2.1-P2673,EVODEX.2.1-P2705,EVODEX.2.1-P6657,EVODEX.2.1-P2515,EVODEX.2.1-P2416,EVODEX.2.1-P2719,EVODEX.2.1-P2596,EVODEX.2.1-P6495,EVODEX.2.1-P2508,EVODEX.2.1-P6493,EVODEX.2.1-P2506,EVODEX.2.1-P2425,EVODEX.2.1-P2697,EVODEX.2.1-P2421,EVODEX.2.1-P2812,EVODEX.2.1-P6377"
EVODEX.2.1-F969,"{""C"": 6, ""H"": 10, ""N"": 1, ""O"": -2, ""P"": -1}","EVODEX.2.1-P6959,EVODEX.2.1-P7030,EVODEX.2.1-P6622,EVODEX.2.1-P6811,EVODEX.2.1-P6626,EVODEX.2.1-P6785,EVODEX.2.1-P6867,EVODEX.2.1-P6818"
EVODEX.2.1-F976,"{""C"": 6, ""H"": 10, ""O"": 3}","EVODEX.2.1-P2616,EVODEX.2.1-P2644,EVODEX.2.1-P2653,EVODEX.2.1-P2601,EVODEX.2.1-P2457"
EVODEX.2.1-F977,"{""C"": 6, ""H"": 10, ""O"": 4}","EVODEX.2.1-P2123,EVODEX.2.1-P2135,EVODEX.2.1-P2133,EVODEX.2.1-P2127,EVODEX.2.1-P2125"
EVODEX.2.1-F978,"{""C"": 6, ""H"": 10, ""O"": 5}","EVODEX.2.1-P2094,EVODEX.2.1-P1995,EVODEX.2.1-P2149,EVODEX.2.1-P2064,EVODEX.2.1-P2090,EVODEX.2.1-P2011,EVODEX.2.1-P2067,EVODEX.2.1-P2056,EVODEX.2.1-P2006,EVODEX.2.1-P2143,EVODEX.2.1-P2058,EVODEX.2.1-P2148,EVODEX.2.1-P2022,EVODEX.2.1-P2142,EVODEX.2.1-P2030,EVODEX.2.1-P2023,EVODEX.2.1-P2008,EVODEX.2.1-P1977,EVODEX.2.1-P2026,EVODEX.2.1-P2152"
EVODEX.2.1-F984,"{""C"": 6, ""H"": 11, ""N"": 1, ""O"": 1}","EVODEX.2.1-P6836,EVODEX.2.1-P7055,EVODEX.2.1-P6784,EVODEX.2.1-P7079,EVODEX.2.1-P7054,EVODEX.2.1-P7031,EVODEX.2.1-P6834,EVODEX.2.1-P5630,EVODEX.2.1-P6907,EVODEX.2.1-P5427"
EVODEX.2.1-F989,"{""C"": 6, ""H"": 11, ""N"": 2, ""O"": -2, ""P"": -1}",EVODEX.2.1-P6467
EVODEX.2.1-F991,"{""C"": 6, ""H"": 11, ""N"": 4, ""O"": -2, ""P"": -1}","EVODEX.2.1-P6993,EVODEX.2.1-P6708,EVODEX.2.1-P6995,EVODEX.2.1-P6823,EVODEX.2.1-P6794,EVODEX.2.1-P6709,EVODEX.2.1-P6755"
EVODEX.2.1-F1001,"{""C"": 6, ""H"": 12, ""O"": 4}","EVODEX.2.1-P2937,EVODEX.2.1-P2935,EVODEX.2.1-P2933,EVODEX.2.1-P2938,EVODEX.2.1-P2939"
EVODEX.2.1-F1003,"{""C"": 6, ""H"": 12, ""O"": 6}","EVODEX.2.1-P3801,EVODEX.2.1-P2968,EVODEX.2.1-P2897,EVODEX.2.1-P3276,EVODEX.2.1-P2876,EVODEX.2.1-P2817,EVODEX.2.1-P2896,EVODEX.2.1-P2978,EVODEX.2.1-P2895,EVODEX.2.1-P2976,EVODEX.2.1-P2977,EVODEX.2.1-P2869,EVODEX.2.1-P2981,EVODEX.2.1-P2898,EVODEX.2.1-P2970,EVODEX.2.1-P3277,EVODEX.2.1-P3280,EVODEX.2.1-P3278,EVODEX.2.1-P2969,EVODEX.2.1-P2967"
EVODEX.2.1-F1007,"{""C"": 6, ""H"": 13, ""N"": 1, ""O"": 2}","EVODEX.2.1-P6800,EVODEX.2.1-P2640,EVODEX.2.1-P7057,EVODEX.2.1-P2606,EVODEX.2.1-P2734,EVODEX.2.1-P2563,EVODEX.2.1-P7058,EVODEX.2.1-P6812,EVODEX.2.1-P2655,EVODEX.2.1-P2605,EVODEX.2.1-P6817,EVODEX.2.1-P2551,EVODEX.2.1-P6942,EVODEX.2.1-P2638,EVODEX.2.1-P2626,EVODEX.2.1-P6990,EVODEX.2.1-P2611"
EVODEX.2.1-F1014,"{""C"": 6, ""H"": 13, ""O"": 8, ""P"": 1}","EVODEX.2.1-P3204,EVODEX.2.1-P3208,EVODEX.2.1-P3193,EVODEX.2.1-P3211,EVODEX.2.1-P3213"
EVODEX.2.1-F1015,"{""C"": 6, ""H"": 13, ""O"": 9, ""P"": 1}","EVODEX.2.1-P2835,EVODEX.2.1-P2829,EVODEX.2.1-P2830,EVODEX.2.1-P2837,EVODEX.2.1-P3256,EVODEX.2.1-P2833,EVODEX.2.1-P3187,EVODEX.2.1-P2834,EVODEX.2.1-P3189,EVODEX.2.1-P3199,EVODEX.2.1-P3031,EVODEX.2.1-P2865,EVODEX.2.1-P2864,EVODEX.2.1-P2866,EVODEX.2.1-P3182"
EVODEX.2.1-F1018,"{""C"": 6, ""H"": 14, ""N"": 2, ""O"": 2}","EVODEX.2.1-P6838,EVODEX.2.1-P6909,EVODEX.2.1-P6729,EVODEX.2.1-P6507"
EVODEX.2.1-F1020,"{""C"": 6, ""H"": 14, ""N"": 4, ""O"": 2}","EVODEX.2.1-P6757,EVODEX.2.1-P6673,EVODEX.2.1-P6759"
EVODEX.2.1-F1034,"{""C"": 6, ""H"": 4, ""N"": 2, ""O"": 1}","EVODEX.2.1-P4763,EVODEX.2.1-P4875,EVODEX.2.1-P4246,EVODEX.2.1-P4734,EVODEX.2.1-P4577"
EVODEX.2.1-F1048,"{""C"": 6, ""H"": 6, ""N"": 2, ""O"": 2}","EVODEX.2.1-P4874,EVODEX.2.1-P4670,EVODEX.2.1-P4658,EVODEX.2.1-P4659,EVODEX.2.1-P4583"
EVODEX.2.1-F1050,"{""C"": 6, ""H"": 6, ""N"": 3, ""O"": -2, ""P"": -1}","EVODEX.2.1-P6903,EVODEX.2.1-P6447,EVODEX.2.1-P7002,EVODEX.2.1-P7006,EVODEX.2.1-P6981"
EVODEX.2.1-F1065,"{""C"": 6, ""H"": 7, ""N"": 3, ""O"": 1}","EVODEX.2.1-P7007,EVODEX.2.1-P6453,EVODEX.2.1-P6797,EVODEX.2.1-P6996,EVODEX.2.1-P6983,EVODEX.2.1-P7010,EVODEX.2.1-P7025,EVODEX.2.1-P6920,EVODEX.2.1-P7001,EVODEX.2.1-P6456"
EVODEX.2.1-F1079,"{""C"": 6, ""H"": 8, ""O"": 5}","EVODEX.2.1-P2691,EVODEX.2.1-P2793,EVODEX.2.1-P2767,EVODEX.2.1-P2794,EVODEX.2.1-P2791"
EVODEX.2.1-F1080,"{""C"": 6, ""H"": 8, ""O"": 6}","EVODEX.2.1-P2047,EVODEX.2.1-P2060,EVODEX.2.1-P2041,EVODEX.2.1-P2061,EVODEX.2.1-P2040,EVODEX.2.1-P2033,EVODEX.2.1-P2044,EVODEX.2.1-P2046,EVODEX.2.1-P2045,EVODEX.2.1-P2034"
EVODEX.2.1-F1084,"{""C"": 6, ""H"": 9, ""N"": 1, ""O"": 1, ""S"": 1}","EVODEX.2.1-P2962,EVODEX.2.1-P2966,EVODEX.2.1-P2965,EVODEX.2.1-P2963,EVODEX.2.1-P2964"
EVODEX.2.1-F1091,"{""C"": 6, ""H"": 9, ""N"": 3, ""O"": 2}","EVODEX.2.1-P6902,EVODEX.2.1-P2714,EVODEX.2.1-P6483,EVODEX.2.1-P6455,EVODEX.2.1-P2571,EVODEX.2.1-P6975,EVODEX.2.1-P2524,EVODEX.2.1-P2445,EVODEX.2.1-P6980,EVODEX.2.1-P2783"
EVODEX.2.1-F1093,"{""C"": 6, ""H"": 9, ""O"": 1, ""P"": -1}","EVODEX.2.1-P3207,EVODEX.2.1-P3212,EVODEX.2.1-P3209,EVODEX.2.1-P3210,EVODEX.2.1-P3203"
EVODEX.2.1-F1095,"{""C"": 6, ""H"": 9, ""O"": 2, ""P"": -1}","EVODEX.2.1-P3198,EVODEX.2.1-P3177,EVODEX.2.1-P3188,EVODEX.2.1-P3190,EVODEX.2.1-P3181"
EVODEX.2.1-F1130,"{""C"": 7, ""H"": 11, ""N"": 2, ""P"": -1}",EVODEX.2.1-P6505
EVODEX.2.1-F1150,"{""C"": 7, ""H"": 14, ""N"": 2, ""O"": 4}","EVODEX.2.1-P6511,EVODEX.2.1-P6529,EVODEX.2.1-P6528,EVODEX.2.1-P6504"
EVODEX.2.1-F1160,"{""C"": 7, ""H"": 16, ""N"": 3, ""O"": -4, ""P"": -1}","EVODEX.2.1-P6428,EVODEX.2.1-P6437,EVODEX.2.1-P6426"
EVODEX.2.1-F1163,"{""C"": 7, ""H"": 17, ""N"": 3, ""O"": -1}","EVODEX.2.1-P6435,EVODEX.2.1-P6424,EVODEX.2.1-P6438,EVODEX.2.1-P5624,EVODEX.2.1-P6432"
EVODEX.2.1-F1165,"{""C"": 7, ""H"": 19, ""N"": 3}","EVODEX.2.1-P6425,EVODEX.2.1-P6422"
EVODEX.2.1-F1173,"{""C"": 7, ""H"": 4, ""N"": 2, ""O"": 3}","EVODEX.2.1-P4608,EVODEX.2.1-P4589,EVODEX.2.1-P5344,EVODEX.2.1-P3623,EVODEX.2.1-P4587"
EVODEX.2.1-F1174,"{""C"": 7, ""H"": 4, ""O"": 1}","EVODEX.2.1-P1682,EVODEX.2.1-P1680,EVODEX.2.1-P1860,EVODEX.2.1-P1678,EVODEX.2.1-P1786,EVODEX.2.1-P5628,EVODEX.2.1-P1556,EVODEX.2.1-P1684,EVODEX.2.1-P5629,EVODEX.2.1-P1554"
EVODEX.2.1-F1193,"{""C"": 7, ""H"": 6, ""N"": 2, ""O"": 4}","EVODEX.2.1-P4609,EVODEX.2.1-P3619,EVODEX.2.1-P4612,EVODEX.2.1-P4588,EVODEX.2.1-P4593"
EVODEX.2.1-F1217,"{""C"": 7, ""H"": 8, ""O"": 1}","EVODEX.2.1-P4270,EVODEX.2.1-P4254,EVODEX.2.1-P4253,EVODEX.2.1-P4272,EVODEX.2.1-P4263"
EVODEX.2.1-F1247,"{""C"": 8, ""H"": 10, ""N"": 2, ""O"": 2, ""S"": 1}","EVODEX.2.1-P5356,EVODEX.2.1-P3629,EVODEX.2.1-P5332,EVODEX.2.1-P5349,EVODEX.2.1-P5351"
EVODEX.2.1-F1260,"{""C"": 8, ""H"": 11, ""N"": 2, ""O"": 1, ""P"": -1, ""S"": 1}",EVODEX.2.1-P6682
EVODEX.2.1-F1266,"{""C"": 8, ""H"": 12, ""N"": 2, ""O"": 3, ""S"": 1}","EVODEX.2.1-P5357,EVODEX.2.1-P5334,EVODEX.2.1-P5355,EVODEX.2.1-P5352,EVODEX.2.1-P3630"
EVODEX.2.1-F1268,"{""C"": 8, ""H"": 12, ""N"": 2, ""O"": 4, ""S"": 1}","EVODEX.2.1-P6680,EVODEX.2.1-P6681,EVODEX.2.1-P6686,EVODEX.2.1-P6677,EVODEX.2.1-P6684"
EVODEX.2.1-F1275,"{""C"": 8, ""H"": 13, ""N"": 1, ""O"": 5}","EVODEX.2.1-P2016,EVODEX.2.1-P2079,EVODEX.2.1-P2103,EVODEX.2.1-P2012,EVODEX.2.1-P2139"
EVODEX.2.1-F1280,"{""C"": 8, ""H"": 14, ""N"": 2, ""O"": 5, ""S"": 1}","EVODEX.2.1-P6683,EVODEX.2.1-P6676,EVODEX.2.1-P6687,EVODEX.2.1-P6699"
EVODEX.2.1-F1313,"{""C"": 8, ""H"": 6, ""O"": 1}","EVODEX.2.1-P5338,EVODEX.2.1-P5340,EVODEX.2.1-P1577,EVODEX.2.1-P5360,EVODEX.2.1-P5348"
EVODEX.2.1-F1360,"{""C"": 9, ""H"": 11, ""N"": 1, ""O"": 2}","EVODEX.2.1-P6928,EVODEX.2.1-P6825,EVODEX.2.1-P2755,EVODEX.2.1-P2758,EVODEX.2.1-P2676,EVODEX.2.1-P2706,EVODEX.2.1-P6972,EVODEX.2.1-P2556,EVODEX.2.1-P6831,EVODEX.2.1-P7026,EVODEX.2.1-P7051"
EVODEX.2.1-F1361,"{""C"": 9, ""H"": 11, ""N"": 1, ""O"": 3}","EVODEX.2.1-P2679,EVODEX.2.1-P2466,EVODEX.2.1-P6921,EVODEX.2.1-P2722,EVODEX.2.1-P2645,EVODEX.2.1-P2537"
EVODEX.2.1-F1363,"{""C"": 9, ""H"": 11, ""N"": 2, ""O"": 8, ""P"": 1}","EVODEX.2.1-P3268,EVODEX.2.1-P3176,EVODEX.2.1-P3264,EVODEX.2.1-P3196,EVODEX.2.1-P3227"
EVODEX.2.1-F1374,"{""C"": 9, ""H"": 12, ""N"": 3, ""O"": 7, ""P"": 1}","EVODEX.2.1-P3270,EVODEX.2.1-P3252,EVODEX.2.1-P3221,EVODEX.2.1-P3194,EVODEX.2.1-P3259,EVODEX.2.1-P3272,EVODEX.2.1-P3220,EVODEX.2.1-P3223,EVODEX.2.1-P3178,EVODEX.2.1-P3271"
EVODEX.2.1-F1385,"{""C"": 9, ""H"": 13, ""N"": 2, ""O"": 9, ""P"": 1}","EVODEX.2.1-P3108,EVODEX.2.1-P3111,EVODEX.2.1-P3109,EVODEX.2.1-P3288,EVODEX.2.1-P3287"
EVODEX.2.1-F1388,"{""C"": 9, ""H"": 13, ""N"": 3, ""O"": 4}","EVODEX.2.1-P2995,EVODEX.2.1-P2857,EVODEX.2.1-P2841,EVODEX.2.1-P2853,EVODEX.2.1-P2855"
EVODEX.2.1-F1396,"{""C"": 9, ""H"": 14, ""N"": 3, ""O"": 8, ""P"": 1}","EVODEX.2.1-P2957,EVODEX.2.1-P2960,EVODEX.2.1-P3114,EVODEX.2.1-P3113,EVODEX.2.1-P3115"
EVODEX.2.1-F1400,"{""C"": 9, ""H"": 15, ""N"": 1, ""O"": 4}","EVODEX.2.1-P7047,EVODEX.2.1-P7041"
EVODEX.2.1-F1413,"{""C"": 9, ""H"": 17, ""N"": 2, ""O"": -2, ""P"": -1}","EVODEX.2.1-P7087,EVODEX.2.1-P7090"
EVODEX.2.1-F1415,"{""C"": 9, ""H"": 18, ""N"": 1, ""O"": 8, ""P"": 1}","EVODEX.2.1-P7050,EVODEX.2.1-P7038,EVODEX.2.1-P7046"
EVODEX.2.1-F1418,"{""C"": 9, ""H"": 20, ""N"": 2, ""O"": 2}","EVODEX.2.1-P7102,EVODEX.2.1-P7097,EVODEX.2.1-P7086"
EVODEX.2.1-F1420,"{""C"": 9, ""H"": 6, ""O"": 2}","EVODEX.2.1-P1694,EVODEX.2.1-P1563,EVODEX.2.1-P1698,EVODEX.2.1-P1580,EVODEX.2.1-P3671"
EVODEX.2.1-F1421,"{""C"": 9, ""H"": 6, ""O"": 3}","EVODEX.2.1-P1574,EVODEX.2.1-P1535,EVODEX.2.1-P1566,EVODEX.2.1-P1536,EVODEX.2.1-P1571,EVODEX.2.1-P3670,EVODEX.2.1-P1522,EVODEX.2.1-P1594,EVODEX.2.1-P1696,EVODEX.2.1-P1527"
EVODEX.2.1-F1436,"{""C"": 9, ""H"": 8, ""N"": 1, ""O"": -1, ""P"": -1}","EVODEX.2.1-P6919,EVODEX.2.1-P6924,EVODEX.2.1-P6934,EVODEX.2.1-P6926"
EVODEX.2.1-F1437,"{""C"": 9, ""H"": 8, ""N"": 1, ""O"": -2, ""P"": -1}","EVODEX.2.1-P6839,EVODEX.2.1-P6835,EVODEX.2.1-P6822,EVODEX.2.1-P6974"
EVODEX.2.1-F1441,"{""C"": 9, ""H"": 8, ""O"": 3}","EVODEX.2.1-P2741,EVODEX.2.1-P2562,EVODEX.2.1-P2759,EVODEX.2.1-P2756,EVODEX.2.1-P2459"
EVODEX.2.1-F1445,"{""C"": 9, ""H"": 9, ""N"": 1, ""O"": 1}","EVODEX.2.1-P6840,EVODEX.2.1-P6829,EVODEX.2.1-P6774,EVODEX.2.1-P5631,EVODEX.2.1-P6832,EVODEX.2.1-P6769,EVODEX.2.1-P4584,EVODEX.2.1-P6844,EVODEX.2.1-P6826,EVODEX.2.1-P6973"
EVODEX.2.1-F1446,"{""C"": 9, ""H"": 9, ""N"": 1, ""O"": 2}","EVODEX.2.1-P6933,EVODEX.2.1-P6929,EVODEX.2.1-P6922,EVODEX.2.1-P6986,EVODEX.2.1-P6674"
EVODEX.2.1-F1451,"{""C"": -1}","EVODEX.2.1-P378,EVODEX.2.1-P408,EVODEX.2.1-P418,EVODEX.2.1-P407,EVODEX.2.1-P1283,EVODEX.2.1-P358,EVODEX.2.1-P410,EVODEX.2.1-P286,EVODEX.2.1-P1294,EVODEX.2.1-P345,EVODEX.2.1-P332,EVODEX.2.1-P701,EVODEX.2.1-P317,EVODEX.2.1-P339,EVODEX.2.1-P426,EVODEX.2.1-P313,EVODEX.2.1-P422,EVODEX.2.1-P260,EVODEX.2.1-P396,EVODEX.2.1-P1309,EVODEX.2.1-P1302,EVODEX.2.1-P1279,EVODEX.2.1-P390,EVODEX.2.1-P303,EVODEX.2.1-P281"
EVODEX.2.1-F1452,"{""C"": -100, ""H"": -165, ""O"": -4, ""P"": -1}","EVODEX.2.1-P1985,EVODEX.2.1-P1986,EVODEX.2.1-P1991,EVODEX.2.1-P1992,EVODEX.2.1-P1990"
EVODEX.2.1-F1456,"{""C"": -10, ""F"": -3, ""H"": -4, ""N"": -1, ""O"": -1}","EVODEX.2.1-P4379,EVODEX.2.1-P5061,EVODEX.2.1-P4897,EVODEX.2.1-P5068,EVODEX.2.1-P4142"
EVODEX.2.1-F1457,"{""C"": -10, ""F"": -3, ""H"": -6, ""N"": -1, ""O"": -2}","EVODEX.2.1-P5010,EVODEX.2.1-P5051,EVODEX.2.1-P5067,EVODEX.2.1-P5060,EVODEX.2.1-P4865"
EVODEX.2.1-F1470,"{""C"": -10, ""H"": -11, ""N"": -1, ""O"": -1}","EVODEX.2.1-P4648,EVODEX.2.1-P4950,EVODEX.2.1-P4293,EVODEX.2.1-P4384,EVODEX.2.1-P4848"
EVODEX.2.1-F1478,"{""C"": -10, ""H"": -11, ""N"": -5, ""O"": -3}","EVODEX.2.1-P6144,EVODEX.2.1-P3102,EVODEX.2.1-P2246,EVODEX.2.1-P6146,EVODEX.2.1-P3782"
EVODEX.2.1-F1489,"{""C"": -10, ""H"": -12, ""N"": -5, ""O"": -6, ""P"": -1}","EVODEX.2.1-P5827,EVODEX.2.1-P6226,EVODEX.2.1-P5854,EVODEX.2.1-P3174,EVODEX.2.1-P5820,EVODEX.2.1-P3200,EVODEX.2.1-P6203,EVODEX.2.1-P6234,EVODEX.2.1-P6350,EVODEX.2.1-P6230"
EVODEX.2.1-F1490,"{""C"": -10, ""H"": -12, ""N"": -5, ""O"": -7, ""P"": -1}","EVODEX.2.1-P804,EVODEX.2.1-P5838,EVODEX.2.1-P823,EVODEX.2.1-P794,EVODEX.2.1-P3183,EVODEX.2.1-P3231,EVODEX.2.1-P5815,EVODEX.2.1-P819,EVODEX.2.1-P3201,EVODEX.2.1-P807"
EVODEX.2.1-F1502,"{""C"": -10, ""H"": -13, ""N"": -5, ""O"": -4}","EVODEX.2.1-P2849,EVODEX.2.1-P2984,EVODEX.2.1-P3049,EVODEX.2.1-P2884,EVODEX.2.1-P2848"
EVODEX.2.1-F1504,"{""C"": -10, ""H"": -13, ""N"": -5, ""O"": -7, ""P"": -1}","EVODEX.2.1-P875,EVODEX.2.1-P795,EVODEX.2.1-P812,EVODEX.2.1-P802,EVODEX.2.1-P808"
EVODEX.2.1-F1506,"{""C"": -10, ""H"": -13, ""N"": -5, ""O"": -9, ""P"": -2}","EVODEX.2.1-P246,EVODEX.2.1-P6599,EVODEX.2.1-P6706,EVODEX.2.1-P1271,EVODEX.2.1-P6603,EVODEX.2.1-P6571,EVODEX.2.1-P6535,EVODEX.2.1-P5840,EVODEX.2.1-P3133,EVODEX.2.1-P2890,EVODEX.2.1-P6339,EVODEX.2.1-P6278,EVODEX.2.1-P6347,EVODEX.2.1-P6259,EVODEX.2.1-P6270"
EVODEX.2.1-F1512,"{""C"": -10, ""H"": -14, ""N"": -4, ""O"": -11, ""P"": -2}","EVODEX.2.1-P2819,EVODEX.2.1-P2901,EVODEX.2.1-P2987,EVODEX.2.1-P2929,EVODEX.2.1-P2836"
EVODEX.2.1-F1517,"{""C"": -10, ""H"": -14, ""N"": -5, ""O"": -6, ""P"": -1}","EVODEX.2.1-P3168,EVODEX.2.1-P3170,EVODEX.2.1-P3002,EVODEX.2.1-P3166,EVODEX.2.1-P3169"
EVODEX.2.1-F1518,"{""C"": -10, ""H"": -14, ""N"": -5, ""O"": -7, ""P"": -1}","EVODEX.2.1-P6209,EVODEX.2.1-P3305,EVODEX.2.1-P3001,EVODEX.2.1-P6320,EVODEX.2.1-P6463,EVODEX.2.1-P3129,EVODEX.2.1-P5814,EVODEX.2.1-P2889,EVODEX.2.1-P6352,EVODEX.2.1-P6293,EVODEX.2.1-P6292,EVODEX.2.1-P2868,EVODEX.2.1-P3132,EVODEX.2.1-P7056,EVODEX.2.1-P3242,EVODEX.2.1-P2906,EVODEX.2.1-P5819,EVODEX.2.1-P7062,EVODEX.2.1-P2872,EVODEX.2.1-P7052,EVODEX.2.1-P6476,EVODEX.2.1-P3141,EVODEX.2.1-P3128,EVODEX.2.1-P5853,EVODEX.2.1-P3171"
EVODEX.2.1-F1519,"{""C"": -10, ""H"": -14, ""N"": -5, ""O"": -8, ""P"": -1}","EVODEX.2.1-P2911,EVODEX.2.1-P2863,EVODEX.2.1-P3164,EVODEX.2.1-P5817,EVODEX.2.1-P2862"
EVODEX.2.1-F1528,"{""C"": -10, ""H"": -15, ""N"": -5, ""O"": -10, ""P"": -2}","EVODEX.2.1-P3314,EVODEX.2.1-P2986,EVODEX.2.1-P6814,EVODEX.2.1-P6260,EVODEX.2.1-P3339,EVODEX.2.1-P2823,EVODEX.2.1-P7110,EVODEX.2.1-P6662,EVODEX.2.1-P3107,EVODEX.2.1-P6423,EVODEX.2.1-P2893,EVODEX.2.1-P2958,EVODEX.2.1-P6602,EVODEX.2.1-P6770,EVODEX.2.1-P3121,EVODEX.2.1-P3333,EVODEX.2.1-P2932,EVODEX.2.1-P2885,EVODEX.2.1-P6720,EVODEX.2.1-P3318,EVODEX.2.1-P6359,EVODEX.2.1-P3312,EVODEX.2.1-P2068,EVODEX.2.1-P6363,EVODEX.2.1-P3150,EVODEX.2.1-P3308,EVODEX.2.1-P2879,EVODEX.2.1-P6659,EVODEX.2.1-P3038,EVODEX.2.1-P3122,EVODEX.2.1-P2071,EVODEX.2.1-P3092,EVODEX.2.1-P3039,EVODEX.2.1-P2880,EVODEX.2.1-P3350,EVODEX.2.1-P3147,EVODEX.2.1-P2092,EVODEX.2.1-P2878,EVODEX.2.1-P3346,EVODEX.2.1-P6337,EVODEX.2.1-P3084,EVODEX.2.1-P3342,EVODEX.2.1-P6272,EVODEX.2.1-P2080,EVODEX.2.1-P6186,EVODEX.2.1-P3344,EVODEX.2.1-P2069,EVODEX.2.1-P6642,EVODEX.2.1-P3045,EVODEX.2.1-P2993,EVODEX.2.1-P3090,EVODEX.2.1-P3035,EVODEX.2.1-P3052,EVODEX.2.1-P3076,EVODEX.2.1-P2931,EVODEX.2.1-P6613,EVODEX.2.1-P2936,EVODEX.2.1-P2905,EVODEX.2.1-P3041,EVODEX.2.1-P2917"
EVODEX.2.1-F1529,"{""C"": -10, ""H"": -15, ""N"": -5, ""O"": -11, ""P"": -2}","EVODEX.2.1-P6240,EVODEX.2.1-P2892,EVODEX.2.1-P2134,EVODEX.2.1-P2126,EVODEX.2.1-P2093,EVODEX.2.1-P2078,EVODEX.2.1-P2877,EVODEX.2.1-P2124,EVODEX.2.1-P2992,EVODEX.2.1-P2891,EVODEX.2.1-P2147,EVODEX.2.1-P2894,EVODEX.2.1-P6331,EVODEX.2.1-P3136,EVODEX.2.1-P6357,EVODEX.2.1-P6323,EVODEX.2.1-P6263,EVODEX.2.1-P2145,EVODEX.2.1-P2119,EVODEX.2.1-P3138,EVODEX.2.1-P3142,EVODEX.2.1-P3105,EVODEX.2.1-P2121,EVODEX.2.1-P3139,EVODEX.2.1-P2141"
EVODEX.2.1-F1530,"{""C"": -10, ""H"": -15, ""N"": -5, ""O"": -9, ""P"": -2}","EVODEX.2.1-P3144,EVODEX.2.1-P3110,EVODEX.2.1-P3135,EVODEX.2.1-P2824,EVODEX.2.1-P2959,EVODEX.2.1-P2873,EVODEX.2.1-P2915,EVODEX.2.1-P3143,EVODEX.2.1-P2818,EVODEX.2.1-P3145"
EVODEX.2.1-F1533,"{""C"": -10, ""H"": -16, ""N"": -2, ""O"": -11, ""P"": -2}","EVODEX.2.1-P2081,EVODEX.2.1-P2927,EVODEX.2.1-P2820,EVODEX.2.1-P2075,EVODEX.2.1-P2089,EVODEX.2.1-P2091,EVODEX.2.1-P2996,EVODEX.2.1-P2934,EVODEX.2.1-P2180,EVODEX.2.1-P2994"
EVODEX.2.1-F1560,"{""C"": -10, ""H"": -6}","EVODEX.2.1-P3495,EVODEX.2.1-P3503,EVODEX.2.1-P3500,EVODEX.2.1-P3577,EVODEX.2.1-P3491,EVODEX.2.1-P4022,EVODEX.2.1-P3465,EVODEX.2.1-P3493,EVODEX.2.1-P3442,EVODEX.2.1-P3462"
EVODEX.2.1-F1563,"{""C"": -10, ""H"": -6, ""O"": -2}","EVODEX.2.1-P3983,EVODEX.2.1-P3427,EVODEX.2.1-P3456,EVODEX.2.1-P3979,EVODEX.2.1-P4012,EVODEX.2.1-P3941,EVODEX.2.1-P3933,EVODEX.2.1-P4057,EVODEX.2.1-P3431,EVODEX.2.1-P3977"
EVODEX.2.1-F1565,"{""C"": -10, ""H"": -7, ""N"": -1, ""O"": 1}","EVODEX.2.1-P4380,EVODEX.2.1-P4367,EVODEX.2.1-P4988,EVODEX.2.1-P3571,EVODEX.2.1-P4356"
EVODEX.2.1-F1566,"{""C"": -10, ""H"": -7, ""N"": -1, ""O"": -1}","EVODEX.2.1-P4974,EVODEX.2.1-P5252,EVODEX.2.1-P4985,EVODEX.2.1-P5325,EVODEX.2.1-P4172"
EVODEX.2.1-F1571,"{""C"": -10, ""H"": -8, ""O"": -1}","EVODEX.2.1-P4021,EVODEX.2.1-P3464,EVODEX.2.1-P3461,EVODEX.2.1-P4083,EVODEX.2.1-P3496,EVODEX.2.1-P3466,EVODEX.2.1-P4729,EVODEX.2.1-P3498,EVODEX.2.1-P3576,EVODEX.2.1-P3454"
EVODEX.2.1-F1573,"{""C"": -10, ""H"": -8, ""O"": -3}","EVODEX.2.1-P3667,EVODEX.2.1-P3432,EVODEX.2.1-P3676,EVODEX.2.1-P3452,EVODEX.2.1-P3455,EVODEX.2.1-P3506,EVODEX.2.1-P3457,EVODEX.2.1-P3665,EVODEX.2.1-P3669,EVODEX.2.1-P1567"
EVODEX.2.1-F1575,"{""C"": -10, ""H"": -9, ""N"": -1}","EVODEX.2.1-P4987,EVODEX.2.1-P4294,EVODEX.2.1-P4224,EVODEX.2.1-P4218,EVODEX.2.1-P5021,EVODEX.2.1-P4303,EVODEX.2.1-P4850,EVODEX.2.1-P4156,EVODEX.2.1-P4383,EVODEX.2.1-P4849"
EVODEX.2.1-F1577,"{""C"": -10, ""H"": -9, ""N"": -1, ""O"": -2}","EVODEX.2.1-P4900,EVODEX.2.1-P4650,EVODEX.2.1-P5048,EVODEX.2.1-P5062,EVODEX.2.1-P5056"
EVODEX.2.1-F1578,"{""C"": -10, ""H"": -9, ""N"": -1, ""O"": -3}","EVODEX.2.1-P4492,EVODEX.2.1-P4421,EVODEX.2.1-P4457,EVODEX.2.1-P4441,EVODEX.2.1-P4458"
EVODEX.2.1-F1579,"{""C"": -10, ""H"": -9, ""N"": -1, ""O"": -4}","EVODEX.2.1-P2764,EVODEX.2.1-P2769,EVODEX.2.1-P2765,EVODEX.2.1-P2776,EVODEX.2.1-P2775"
EVODEX.2.1-F1581,"{""C"": -11, ""H"": -10, ""N"": -2, ""O"": -1}","EVODEX.2.1-P4490,EVODEX.2.1-P4229,EVODEX.2.1-P4195,EVODEX.2.1-P4136,EVODEX.2.1-P5679,EVODEX.2.1-P4145,EVODEX.2.1-P4506,EVODEX.2.1-P3627,EVODEX.2.1-P4198,EVODEX.2.1-P4941"
EVODEX.2.1-F1582,"{""C"": -11, ""H"": -10, ""N"": -2, ""O"": -3}","EVODEX.2.1-P4173,EVODEX.2.1-P4210,EVODEX.2.1-P4698,EVODEX.2.1-P4215,EVODEX.2.1-P4211,EVODEX.2.1-P4208,EVODEX.2.1-P4709,EVODEX.2.1-P4713,EVODEX.2.1-P4707"
EVODEX.2.1-F1586,"{""C"": -11, ""H"": -11, ""N"": -1, ""O"": -1}","EVODEX.2.1-P4856,EVODEX.2.1-P4863,EVODEX.2.1-P4859,EVODEX.2.1-P4983,EVODEX.2.1-P4358"
EVODEX.2.1-F1591,"{""C"": -11, ""H"": -12, ""N"": -2, ""O"": -2}","EVODEX.2.1-P5678,EVODEX.2.1-P4548,EVODEX.2.1-P5437,EVODEX.2.1-P2711,EVODEX.2.1-P4940,EVODEX.2.1-P2542,EVODEX.2.1-P4489,EVODEX.2.1-P2545,EVODEX.2.1-P2569,EVODEX.2.1-P2541"
EVODEX.2.1-F1592,"{""C"": -11, ""H"": -12, ""N"": -2, ""O"": -3}",EVODEX.2.1-P4701
EVODEX.2.1-F1609,"{""C"": -11, ""H"": -16, ""N"": -5, ""O"": -3, ""S"": -1}","EVODEX.2.1-P2234,EVODEX.2.1-P2205,EVODEX.2.1-P2255,EVODEX.2.1-P2280,EVODEX.2.1-P2251"
EVODEX.2.1-F1618,"{""C"": -11, ""H"": -18, ""N"": -4, ""O"": -5}","EVODEX.2.1-P5249,EVODEX.2.1-P5248,EVODEX.2.1-P5251,EVODEX.2.1-P5250,EVODEX.2.1-P5247"
EVODEX.2.1-F1628,"{""C"": -11, ""H"": -21, ""N"": -2, ""O"": -6, ""P"": -1, ""S"": -1}","EVODEX.2.1-P6276,EVODEX.2.1-P6342,EVODEX.2.1-P6267,EVODEX.2.1-P6264,EVODEX.2.1-P6289"
EVODEX.2.1-F1632,"{""C"": -11, ""H"": -22, ""N"": -2, ""O"": -9, ""P"": -2, ""S"": -1}","EVODEX.2.1-P6198,EVODEX.2.1-P6196,EVODEX.2.1-P6205,EVODEX.2.1-P6193,EVODEX.2.1-P6216"
EVODEX.2.1-F1636,"{""C"": -11, ""H"": -8, ""N"": -2, ""O"": -2}","EVODEX.2.1-P4209,EVODEX.2.1-P4213,EVODEX.2.1-P4212,EVODEX.2.1-P4700,EVODEX.2.1-P4214,EVODEX.2.1-P4174,EVODEX.2.1-P4704,EVODEX.2.1-P4696,EVODEX.2.1-P4710,EVODEX.2.1-P4706"
EVODEX.2.1-F1639,"{""C"": -11, ""H"": -9, ""N"": -1}","EVODEX.2.1-P4858,EVODEX.2.1-P4861,EVODEX.2.1-P4860,EVODEX.2.1-P4855,EVODEX.2.1-P4391"
EVODEX.2.1-F1640,"{""C"": -11, ""H"": -9, ""N"": -1, ""O"": -3}","EVODEX.2.1-P2568,EVODEX.2.1-P2550,EVODEX.2.1-P2538,EVODEX.2.1-P2710,EVODEX.2.1-P2700"
EVODEX.2.1-F1660,"{""C"": -12, ""H"": -18, ""N"": -4, ""O"": -2}","EVODEX.2.1-P4409,EVODEX.2.1-P4406,EVODEX.2.1-P4415,EVODEX.2.1-P4416,EVODEX.2.1-P4412"
EVODEX.2.1-F1666,"{""C"": -12, ""H"": -20, ""N"": -4, ""O"": -3}","EVODEX.2.1-P4410,EVODEX.2.1-P4411,EVODEX.2.1-P4431,EVODEX.2.1-P4418,EVODEX.2.1-P4407"
EVODEX.2.1-F1668,"{""C"": -12, ""H"": -20, ""O"": -10}","EVODEX.2.1-P3965,EVODEX.2.1-P3884,EVODEX.2.1-P4023,EVODEX.2.1-P1972,EVODEX.2.1-P3881"
EVODEX.2.1-F1673,"{""C"": -12, ""H"": -22, ""O"": -1}","EVODEX.2.1-P5415,EVODEX.2.1-P5412,EVODEX.2.1-P5408,EVODEX.2.1-P5342,EVODEX.2.1-P5409"
EVODEX.2.1-F1693,"{""C"": -13, ""H"": -13, ""N"": -1, ""O"": -5}","EVODEX.2.1-P4654,EVODEX.2.1-P4661,EVODEX.2.1-P4655,EVODEX.2.1-P4666,EVODEX.2.1-P4438"
EVODEX.2.1-F1703,"{""C"": -13, ""H"": -16, ""N"": -4, ""O"": -2}","EVODEX.2.1-P5106,EVODEX.2.1-P5103,EVODEX.2.1-P5111,EVODEX.2.1-P5100,EVODEX.2.1-P5017"
EVODEX.2.1-F1704,"{""C"": -13, ""H"": -16, ""N"": -6, ""O"": -5}","EVODEX.2.1-P4960,EVODEX.2.1-P5041,EVODEX.2.1-P4425,EVODEX.2.1-P4644,EVODEX.2.1-P4424"
EVODEX.2.1-F1711,"{""C"": -13, ""H"": -18, ""N"": -6, ""O"": -6}","EVODEX.2.1-P5243,EVODEX.2.1-P4642,EVODEX.2.1-P5244,EVODEX.2.1-P4643,EVODEX.2.1-P4732"
EVODEX.2.1-F1719,"{""C"": -13, ""H"": -23, ""N"": -3, ""O"": -3}","EVODEX.2.1-P4972,EVODEX.2.1-P4964,EVODEX.2.1-P4968,EVODEX.2.1-P4970,EVODEX.2.1-P4966"
EVODEX.2.1-F1721,"{""C"": -13, ""H"": -25, ""N"": -3, ""O"": -4}","EVODEX.2.1-P4965,EVODEX.2.1-P4963,EVODEX.2.1-P4967,EVODEX.2.1-P4969,EVODEX.2.1-P4971"
EVODEX.2.1-F1727,"{""C"": -14, ""H"": -12, ""N"": -6, ""O"": -2}","EVODEX.2.1-P6487,EVODEX.2.1-P6497,EVODEX.2.1-P6500"
EVODEX.2.1-F1731,"{""C"": -14, ""H"": -15, ""N"": -6, ""O"": -6, ""P"": -1}","EVODEX.2.1-P6488,EVODEX.2.1-P6501"
EVODEX.2.1-F1741,"{""C"": -14, ""H"": -18, ""N"": -4, ""O"": -3}","EVODEX.2.1-P5072,EVODEX.2.1-P5070,EVODEX.2.1-P5077,EVODEX.2.1-P5071,EVODEX.2.1-P5081"
EVODEX.2.1-F1746,"{""C"": -14, ""H"": -20, ""N"": -4, ""O"": -4}","EVODEX.2.1-P5078,EVODEX.2.1-P5069,EVODEX.2.1-P5076,EVODEX.2.1-P5079,EVODEX.2.1-P5080"
EVODEX.2.1-F1749,"{""C"": -14, ""H"": -21, ""N"": -6, ""O"": -5, ""S"": -1}","EVODEX.2.1-P1339,EVODEX.2.1-P1358,EVODEX.2.1-P1383,EVODEX.2.1-P1444,EVODEX.2.1-P1448,EVODEX.2.1-P1375,EVODEX.2.1-P1387,EVODEX.2.1-P1420,EVODEX.2.1-P1410,EVODEX.2.1-P1397,EVODEX.2.1-P1385,EVODEX.2.1-P1419,EVODEX.2.1-P1381,EVODEX.2.1-P1411,EVODEX.2.1-P1405,EVODEX.2.1-P1345,EVODEX.2.1-P1445,EVODEX.2.1-P1341,EVODEX.2.1-P1400,EVODEX.2.1-P1369,EVODEX.2.1-P1354,EVODEX.2.1-P1365,EVODEX.2.1-P1415,EVODEX.2.1-P1442,EVODEX.2.1-P1440,EVODEX.2.1-P1431,EVODEX.2.1-P1347,EVODEX.2.1-P1370,EVODEX.2.1-P1372,EVODEX.2.1-P1333,EVODEX.2.1-P1356,EVODEX.2.1-P1408,EVODEX.2.1-P1350,EVODEX.2.1-P1406,EVODEX.2.1-P1441"
EVODEX.2.1-F1751,"{""C"": -14, ""H"": -23, ""N"": -3, ""O"": -2}","EVODEX.2.1-P4923,EVODEX.2.1-P4949,EVODEX.2.1-P4944,EVODEX.2.1-P4938,EVODEX.2.1-P4947"
EVODEX.2.1-F1756,"{""C"": -14, ""H"": -25, ""N"": -3, ""O"": -3}","EVODEX.2.1-P4942,EVODEX.2.1-P4932,EVODEX.2.1-P4935,EVODEX.2.1-P4929,EVODEX.2.1-P4921"
EVODEX.2.1-F1761,"{""C"": -14, ""H"": -27, ""N"": -3, ""O"": -4}","EVODEX.2.1-P4920,EVODEX.2.1-P4946,EVODEX.2.1-P4931,EVODEX.2.1-P4926,EVODEX.2.1-P4916,EVODEX.2.1-P4917,EVODEX.2.1-P4948,EVODEX.2.1-P4936,EVODEX.2.1-P4930,EVODEX.2.1-P4925"
EVODEX.2.1-F1773,"{""C"": -15, ""H"": -13, ""N"": -1, ""O"": -5}","EVODEX.2.1-P5259,EVODEX.2.1-P5256,EVODEX.2.1-P5254,EVODEX.2.1-P5263,EVODEX.2.1-P5255"
EVODEX.2.1-F1776,"{""C"": -15, ""H"": -18, ""N"": -6, ""O"": -7}","EVODEX.2.1-P4781,EVODEX.2.1-P4779,EVODEX.2.1-P4789,EVODEX.2.1-P4787,EVODEX.2.1-P4782"
EVODEX.2.1-F1784,"{""C"": -15, ""H"": -20, ""N"": -6, ""O"": -8}","EVODEX.2.1-P4788,EVODEX.2.1-P4770,EVODEX.2.1-P4772,EVODEX.2.1-P4786,EVODEX.2.1-P4780"
EVODEX.2.1-F1791,"{""C"": -15, ""H"": -22, ""N"": -6, ""O"": -13, ""P"": -2}","EVODEX.2.1-P6556,EVODEX.2.1-P6587,EVODEX.2.1-P6574,EVODEX.2.1-P6554,EVODEX.2.1-P6543"
EVODEX.2.1-F1818,"{""C"": -16, ""H"": -15, ""N"": -3, ""O"": -3}","EVODEX.2.1-P4313,EVODEX.2.1-P4316,EVODEX.2.1-P4314,EVODEX.2.1-P4312,EVODEX.2.1-P4310"
EVODEX.2.1-F1820,"{""C"": -16, ""H"": -17, ""N"": -3, ""O"": -4}","EVODEX.2.1-P4317,EVODEX.2.1-P4309,EVODEX.2.1-P4308,EVODEX.2.1-P4315,EVODEX.2.1-P4311"
EVODEX.2.1-F1832,"{""C"": -16, ""H"": -22, ""N"": -2, ""O"": -3}","EVODEX.2.1-P4279,EVODEX.2.1-P4285,EVODEX.2.1-P4281,EVODEX.2.1-P4284,EVODEX.2.1-P4278"
EVODEX.2.1-F1838,"{""C"": -16, ""H"": -24, ""N"": -2, ""O"": -4}","EVODEX.2.1-P4287,EVODEX.2.1-P4286,EVODEX.2.1-P4283,EVODEX.2.1-P4280,EVODEX.2.1-P4282"
EVODEX.2.1-F1845,"{""C"": -16, ""H"": -27, ""N"": -3, ""O"": -3}","EVODEX.2.1-P5132,EVODEX.2.1-P5133,EVODEX.2.1-P5124,EVODEX.2.1-P5139,EVODEX.2.1-P5137"
EVODEX.2.1-F1850,"{""C"": -16, ""H"": -29, ""N"": -3, ""O"": -4}","EVODEX.2.1-P5136,EVODEX.2.1-P5134,EVODEX.2.1-P5141,EVODEX.2.1-P5138,EVODEX.2.1-P5140"
EVODEX.2.1-F1851,"{""C"": -16, ""H"": -30, ""O"": -1}","EVODEX.2.1-P3639,EVODEX.2.1-P3409,EVODEX.2.1-P1586,EVODEX.2.1-P3637,EVODEX.2.1-P1789,EVODEX.2.1-P3589,EVODEX.2.1-P3593,EVODEX.2.1-P3640,EVODEX.2.1-P3508,EVODEX.2.1-P3632"
EVODEX.2.1-F1853,"{""C"": -16, ""H"": -32}","EVODEX.2.1-P3634,EVODEX.2.1-P3581,EVODEX.2.1-P3633,EVODEX.2.1-P3516,EVODEX.2.1-P3635"
EVODEX.2.1-F1855,"{""C"": -16, ""H"": -32, ""O"": -2}","EVODEX.2.1-P3631,EVODEX.2.1-P3507,EVODEX.2.1-P3561,EVODEX.2.1-P3638,EVODEX.2.1-P3564"
EVODEX.2.1-F1856,"{""C"": -17, ""H"": -15, ""N"": -1, ""O"": -3}","EVODEX.2.1-P4417,EVODEX.2.1-P4446,EVODEX.2.1-P4440,EVODEX.2.1-P4502,EVODEX.2.1-P4450"
EVODEX.2.1-F1884,"{""C"": -18, ""H"": -18, ""N"": -2, ""O"": -6}","EVODEX.2.1-P5262,EVODEX.2.1-P5260,EVODEX.2.1-P5261,EVODEX.2.1-P5257,EVODEX.2.1-P5258"
EVODEX.2.1-F1901,"{""C"": -18, ""H"": -27, ""N"": -7, ""O"": -10, ""P"": -2, ""S"": -1}","EVODEX.2.1-P1587,EVODEX.2.1-P1592,EVODEX.2.1-P1589,EVODEX.2.1-P1588"
EVODEX.2.1-F1903,"{""C"": -18, ""H"": -28, ""O"": -1}",EVODEX.2.1-P3562
EVODEX.2.1-F1907,"{""C"": -18, ""H"": -29, ""N"": -7, ""O"": -10, ""P"": -2, ""S"": -1}",EVODEX.2.1-P1731
EVODEX.2.1-F1911,"{""C"": -18, ""H"": -30, ""O"": -1}","EVODEX.2.1-P1764,EVODEX.2.1-P5617"
EVODEX.2.1-F1914,"{""C"": -18, ""H"": -32, ""O"": -1}","EVODEX.2.1-P1613,EVODEX.2.1-P3515,EVODEX.2.1-P3511,EVODEX.2.1-P5688"
EVODEX.2.1-F1919,"{""C"": -18, ""H"": -34, ""O"": -1}","EVODEX.2.1-P5612,EVODEX.2.1-P5613,EVODEX.2.1-P5481"
EVODEX.2.1-F1921,"{""C"": -18, ""H"": -35, ""N"": -1, ""O"": -1}","EVODEX.2.1-P5489,EVODEX.2.1-P5479,EVODEX.2.1-P5493,EVODEX.2.1-P5485,EVODEX.2.1-P5497"
EVODEX.2.1-F1924,"{""C"": -18, ""H"": -37, ""N"": -1, ""O"": -2}","EVODEX.2.1-P5478,EVODEX.2.1-P5487,EVODEX.2.1-P5492,EVODEX.2.1-P5476,EVODEX.2.1-P5496"
EVODEX.2.1-F1926,"{""C"": -19, ""H"": -20, ""N"": -7, ""O"": -2, ""P"": 1}","EVODEX.2.1-P6581,EVODEX.2.1-P6538,EVODEX.2.1-P6594,EVODEX.2.1-P6550"
EVODEX.2.1-F1927,"{""C"": -19, ""H"": -21, ""N"": -7, ""O"": -5}","EVODEX.2.1-P6579,EVODEX.2.1-P6536,EVODEX.2.1-P6548"
EVODEX.2.1-F1930,"{""C"": -19, ""H"": -23, ""N"": -7, ""O"": -6}",EVODEX.2.1-P6589
EVODEX.2.1-F1933,"{""C"": -19, ""H"": -24, ""N"": -7, ""O"": -9, ""P"": -1}","EVODEX.2.1-P6593,EVODEX.2.1-P6580"
EVODEX.2.1-F1943,"{""C"": -19, ""H"": -31, ""N"": -6, ""O"": -14, ""P"": -3, ""S"": -1}","EVODEX.2.1-P1676,EVODEX.2.1-P1782,EVODEX.2.1-P1788,EVODEX.2.1-P1557,EVODEX.2.1-P1558"
EVODEX.2.1-F1948,"{""C"": -19, ""H"": -34, ""N"": -4, ""O"": -4}","EVODEX.2.1-P4918,EVODEX.2.1-P4919,EVODEX.2.1-P4939,EVODEX.2.1-P4933,EVODEX.2.1-P4927"
EVODEX.2.1-F1951,"{""C"": -19, ""H"": -34, ""N"": -8, ""O"": -5}","EVODEX.2.1-P4846,EVODEX.2.1-P4841,EVODEX.2.1-P4845,EVODEX.2.1-P4844,EVODEX.2.1-P4842"
EVODEX.2.1-F1962,"{""C"": -1, ""H"": 2, ""O"": -1}","EVODEX.2.1-P5619,EVODEX.2.1-P5582,EVODEX.2.1-P5618,EVODEX.2.1-P5580,EVODEX.2.1-P5584,EVODEX.2.1-P5572,EVODEX.2.1-P5589,EVODEX.2.1-P5606,EVODEX.2.1-P7094,EVODEX.2.1-P5608,EVODEX.2.1-P5602,EVODEX.2.1-P7098"
EVODEX.2.1-F1967,"{""C"": -1, ""H"": -1, ""N"": -1}","EVODEX.2.1-P5969,EVODEX.2.1-P5990,EVODEX.2.1-P5973,EVODEX.2.1-P5976,EVODEX.2.1-P5977,EVODEX.2.1-P5982,EVODEX.2.1-P6047,EVODEX.2.1-P5971,EVODEX.2.1-P5986,EVODEX.2.1-P5967"
EVODEX.2.1-F1968,"{""C"": -1, ""H"": -1, ""N"": -1, ""O"": -1}","EVODEX.2.1-P1469,EVODEX.2.1-P5760,EVODEX.2.1-P5585,EVODEX.2.1-P5620,EVODEX.2.1-P5576"
EVODEX.2.1-F1970,"{""C"": -1, ""H"": -1, ""O"": 3, ""P"": 1}","EVODEX.2.1-P2173,EVODEX.2.1-P2176,EVODEX.2.1-P2167,EVODEX.2.1-P2171,EVODEX.2.1-P2164"
EVODEX.2.1-F1971,"{""C"": -1, ""H"": -1, ""O"": -1}","EVODEX.2.1-P705,EVODEX.2.1-P603,EVODEX.2.1-P600"
EVODEX.2.1-F1972,"{""C"": -1, ""H"": -1, ""O"": -2}","EVODEX.2.1-P737,EVODEX.2.1-P886,EVODEX.2.1-P101,EVODEX.2.1-P99,EVODEX.2.1-P76,EVODEX.2.1-P881,EVODEX.2.1-P75,EVODEX.2.1-P97,EVODEX.2.1-P849,EVODEX.2.1-P855"
EVODEX.2.1-F1974,"{""C"": -1, ""H"": -1, ""O"": -5, ""P"": -1}","EVODEX.2.1-P7091,EVODEX.2.1-P7095"
EVODEX.2.1-F1975,"{""C"": -1, ""H"": -2}","EVODEX.2.1-P3703,EVODEX.2.1-P3663,EVODEX.2.1-P3435,EVODEX.2.1-P3512,EVODEX.2.1-P3436,EVODEX.2.1-P2128,EVODEX.2.1-P1305,EVODEX.2.1-P3916,EVODEX.2.1-P1276,EVODEX.2.1-P1378,EVODEX.2.1-P704,EVODEX.2.1-P1298,EVODEX.2.1-P1295"
EVODEX.2.1-F1976,"{""C"": -1, ""H"": -2, ""N"": -2}","EVODEX.2.1-P1482,EVODEX.2.1-P4853,EVODEX.2.1-P5756,EVODEX.2.1-P4975,EVODEX.2.1-P5759"
EVODEX.2.1-F1979,"{""C"": -1, ""H"": -2, ""O"": -1}","EVODEX.2.1-P219,EVODEX.2.1-P678,EVODEX.2.1-P690,EVODEX.2.1-P680,EVODEX.2.1-P217,EVODEX.2.1-P242,EVODEX.2.1-P231,EVODEX.2.1-P234,EVODEX.2.1-P695,EVODEX.2.1-P684,EVODEX.2.1-P115,EVODEX.2.1-P659"
EVODEX.2.1-F1980,"{""C"": -1, ""H"": -2, ""O"": -2}","EVODEX.2.1-P734,EVODEX.2.1-P882,EVODEX.2.1-P1769,EVODEX.2.1-P854,EVODEX.2.1-P741"
EVODEX.2.1-F1981,"{""C"": -1, ""H"": -2, ""O"": -3}","EVODEX.2.1-P233,EVODEX.2.1-P228,EVODEX.2.1-P235,EVODEX.2.1-P245,EVODEX.2.1-P670,EVODEX.2.1-P667,EVODEX.2.1-P675,EVODEX.2.1-P225,EVODEX.2.1-P689,EVODEX.2.1-P238,EVODEX.2.1-P683,EVODEX.2.1-P660"
EVODEX.2.1-F1988,"{""C"": -1, ""H"": -3}","EVODEX.2.1-P1393,EVODEX.2.1-P1407,EVODEX.2.1-P1452,EVODEX.2.1-P1394,EVODEX.2.1-P601,EVODEX.2.1-P1332"
EVODEX.2.1-F1991,"{""C"": -1, ""H"": -3, ""N"": -1, ""O"": 1}","EVODEX.2.1-P5330,EVODEX.2.1-P5527,EVODEX.2.1-P5533,EVODEX.2.1-P5531,EVODEX.2.1-P5540"
EVODEX.2.1-F1995,"{""C"": -1, ""H"": -3, ""O"": -6, ""P"": -1}","EVODEX.2.1-P5942,EVODEX.2.1-P5936,EVODEX.2.1-P5934"
EVODEX.2.1-F1998,"{""C"": -1, ""H"": -4, ""N"": -4, ""O"": -7, ""P"": -2}","EVODEX.2.1-P6925,EVODEX.2.1-P6918,EVODEX.2.1-P6927,EVODEX.2.1-P6987,EVODEX.2.1-P6935"
EVODEX.2.1-F1999,"{""C"": -1, ""H"": -4, ""N"": -4, ""O"": -8, ""P"": -2}","EVODEX.2.1-P6830,EVODEX.2.1-P6827,EVODEX.2.1-P6833,EVODEX.2.1-P6828,EVODEX.2.1-P6847"
EVODEX.2.1-F2002,"{""C"": -1, ""H"": -4, ""O"": -1}","EVODEX.2.1-P4664,EVODEX.2.1-P4668,EVODEX.2.1-P3626,EVODEX.2.1-P3612,EVODEX.2.1-P4667,EVODEX.2.1-P4871,EVODEX.2.1-P3443,EVODEX.2.1-P3567,EVODEX.2.1-P2161,EVODEX.2.1-P4766,EVODEX.2.1-P3582,EVODEX.2.1-P2170,EVODEX.2.1-P2163,EVODEX.2.1-P2159,EVODEX.2.1-P2175"
EVODEX.2.1-F2005,"{""C"": -1, ""H"": -5, ""N"": -1}","EVODEX.2.1-P5329,EVODEX.2.1-P5532,EVODEX.2.1-P5526,EVODEX.2.1-P5537,EVODEX.2.1-P5530"
EVODEX.2.1-F2019,"{""C"": -1, ""O"": -1}","EVODEX.2.1-P5639,EVODEX.2.1-P5640,EVODEX.2.1-P276,EVODEX.2.1-P5652,EVODEX.2.1-P5635,EVODEX.2.1-P5659,EVODEX.2.1-P5647,EVODEX.2.1-P5636,EVODEX.2.1-P5645,EVODEX.2.1-P685,EVODEX.2.1-P1272,EVODEX.2.1-P5654,EVODEX.2.1-P5661,EVODEX.2.1-P481,EVODEX.2.1-P6227,EVODEX.2.1-P1463,EVODEX.2.1-P1462,EVODEX.2.1-P1458,EVODEX.2.1-P1459"
EVODEX.2.1-F2020,"{""C"": -1, ""O"": -2}","EVODEX.2.1-P2501,EVODEX.2.1-P1760,EVODEX.2.1-P429,EVODEX.2.1-P5924,EVODEX.2.1-P5929,EVODEX.2.1-P681,EVODEX.2.1-P696,EVODEX.2.1-P365,EVODEX.2.1-P5957,EVODEX.2.1-P1493,EVODEX.2.1-P357,EVODEX.2.1-P279,EVODEX.2.1-P1510,EVODEX.2.1-P369,EVODEX.2.1-P1746,EVODEX.2.1-P315,EVODEX.2.1-P1518,EVODEX.2.1-P5950,EVODEX.2.1-P335,EVODEX.2.1-P5925,EVODEX.2.1-P5908,EVODEX.2.1-P5916,EVODEX.2.1-P5956,EVODEX.2.1-P5587,EVODEX.2.1-P404,EVODEX.2.1-P275,EVODEX.2.1-P3376,EVODEX.2.1-P215,EVODEX.2.1-P669,EVODEX.2.1-P321,EVODEX.2.1-P1513,EVODEX.2.1-P1496,EVODEX.2.1-P297,EVODEX.2.1-P5946,EVODEX.2.1-P2516,EVODEX.2.1-P5594,EVODEX.2.1-P1755,EVODEX.2.1-P262,EVODEX.2.1-P224,EVODEX.2.1-P700,EVODEX.2.1-P672,EVODEX.2.1-P687,EVODEX.2.1-P223,EVODEX.2.1-P5605,EVODEX.2.1-P322,EVODEX.2.1-P382,EVODEX.2.1-P424,EVODEX.2.1-P5958,EVODEX.2.1-P5607,EVODEX.2.1-P5596,EVODEX.2.1-P240,EVODEX.2.1-P1511,EVODEX.2.1-P347,EVODEX.2.1-P5919,EVODEX.2.1-P1752,EVODEX.2.1-P1758,EVODEX.2.1-P232,EVODEX.2.1-P292,EVODEX.2.1-P284,EVODEX.2.1-P5939,EVODEX.2.1-P375,EVODEX.2.1-P5951"
EVODEX.2.1-F2022,"{""C"": -1, ""O"": -3}","EVODEX.2.1-P482,EVODEX.2.1-P254,EVODEX.2.1-P480"
EVODEX.2.1-F2029,"{""C"": -20, ""H"": -27, ""N"": -9, ""O"": -8}","EVODEX.2.1-P4753,EVODEX.2.1-P4749,EVODEX.2.1-P4957,EVODEX.2.1-P4760,EVODEX.2.1-P5052"
EVODEX.2.1-F2032,"{""C"": -20, ""H"": -28, ""N"": -6, ""O"": -3}","EVODEX.2.1-P4890,EVODEX.2.1-P4887,EVODEX.2.1-P4891,EVODEX.2.1-P4888,EVODEX.2.1-P4886"
EVODEX.2.1-F2034,"{""C"": -20, ""H"": -28, ""N"": -8, ""O"": -5}","EVODEX.2.1-P4759,EVODEX.2.1-P4958,EVODEX.2.1-P4961,EVODEX.2.1-P4797,EVODEX.2.1-P4796"
EVODEX.2.1-F2039,"{""C"": -20, ""H"": -29, ""N"": -9, ""O"": -9}","EVODEX.2.1-P4750,EVODEX.2.1-P4744,EVODEX.2.1-P4752,EVODEX.2.1-P4754,EVODEX.2.1-P4756"
EVODEX.2.1-F2056,"{""C"": -21, ""H"": -23, ""N"": -5, ""O"": -6}","EVODEX.2.1-P5220,EVODEX.2.1-P5218,EVODEX.2.1-P5219,EVODEX.2.1-P5225,EVODEX.2.1-P5224"
EVODEX.2.1-F2057,"{""C"": -21, ""H"": -25, ""N"": -5, ""O"": -7}","EVODEX.2.1-P5217,EVODEX.2.1-P5223,EVODEX.2.1-P5222,EVODEX.2.1-P5221,EVODEX.2.1-P5216"
EVODEX.2.1-F2066,"{""C"": -21, ""H"": -31, ""N"": -7, ""O"": -5}","EVODEX.2.1-P5197,EVODEX.2.1-P4621,EVODEX.2.1-P4401,EVODEX.2.1-P4624,EVODEX.2.1-P4623"
EVODEX.2.1-F2070,"{""C"": -21, ""H"": -32, ""N"": -7, ""O"": -16, ""P"": -3, ""S"": -1}","EVODEX.2.1-P81,EVODEX.2.1-P867"
EVODEX.2.1-F2071,"{""C"": -21, ""H"": -32, ""N"": -7, ""O"": -9, ""P"": -1, ""S"": -1}","EVODEX.2.1-P6208,EVODEX.2.1-P6207,EVODEX.2.1-P6235,EVODEX.2.1-P6351,EVODEX.2.1-P6197"
EVODEX.2.1-F2073,"{""C"": -21, ""H"": -33, ""N"": -5, ""O"": -6}","EVODEX.2.1-P5146,EVODEX.2.1-P5149,EVODEX.2.1-P5145,EVODEX.2.1-P5147,EVODEX.2.1-P5148"
EVODEX.2.1-F2074,"{""C"": -21, ""H"": -33, ""N"": -7, ""O"": -12, ""P"": -2, ""S"": -1}","EVODEX.2.1-P6262,EVODEX.2.1-P1674,EVODEX.2.1-P6330,EVODEX.2.1-P1670,EVODEX.2.1-P1665,EVODEX.2.1-P1659,EVODEX.2.1-P1657"
EVODEX.2.1-F2075,"{""C"": -21, ""H"": -33, ""N"": -7, ""O"": -16, ""P"": -3, ""S"": -1}",EVODEX.2.1-P869
EVODEX.2.1-F2076,"{""C"": -21, ""H"": -33, ""N"": -7, ""O"": -6}","EVODEX.2.1-P4620,EVODEX.2.1-P4622,EVODEX.2.1-P4619,EVODEX.2.1-P5198,EVODEX.2.1-P4625"
EVODEX.2.1-F2078,"{""C"": -21, ""H"": -34, ""N"": -7, ""O"": -15, ""P"": -3, ""S"": -1}","EVODEX.2.1-P1937,EVODEX.2.1-P3373,EVODEX.2.1-P6327,EVODEX.2.1-P1962,EVODEX.2.1-P3719,EVODEX.2.1-P3717,EVODEX.2.1-P1615,EVODEX.2.1-P1928,EVODEX.2.1-P1965,EVODEX.2.1-P1951,EVODEX.2.1-P1919,EVODEX.2.1-P1945,EVODEX.2.1-P1960,EVODEX.2.1-P1957,EVODEX.2.1-P1932"
EVODEX.2.1-F2080,"{""C"": -21, ""H"": -34, ""N"": -7, ""O"": -16, ""P"": -3, ""S"": -1}","EVODEX.2.1-P863,EVODEX.2.1-P834,EVODEX.2.1-P724"
EVODEX.2.1-F2081,"{""C"": -21, ""H"": -35, ""N"": -5, ""O"": -5}","EVODEX.2.1-P5130,EVODEX.2.1-P5125,EVODEX.2.1-P5131,EVODEX.2.1-P5127,EVODEX.2.1-P5152"
EVODEX.2.1-F2083,"{""C"": -21, ""H"": -35, ""N"": -7, ""O"": -16, ""P"": -3, ""S"": -1}","EVODEX.2.1-P843,EVODEX.2.1-P723,EVODEX.2.1-P833,EVODEX.2.1-P715"
EVODEX.2.1-F2084,"{""C"": -21, ""H"": -36, ""N"": -7, ""O"": -16, ""P"": -3, ""S"": -1}","EVODEX.2.1-P1787,EVODEX.2.1-P1775,EVODEX.2.1-P1801,EVODEX.2.1-P1695,EVODEX.2.1-P6344,EVODEX.2.1-P1964,EVODEX.2.1-P1864,EVODEX.2.1-P1838,EVODEX.2.1-P1539,EVODEX.2.1-P3712,EVODEX.2.1-P1735,EVODEX.2.1-P1770,EVODEX.2.1-P1579,EVODEX.2.1-P1816,EVODEX.2.1-P1742,EVODEX.2.1-P1583,EVODEX.2.1-P1792,EVODEX.2.1-P1552,EVODEX.2.1-P1629,EVODEX.2.1-P1603,EVODEX.2.1-P1859,EVODEX.2.1-P1697,EVODEX.2.1-P1702,EVODEX.2.1-P6224,EVODEX.2.1-P1934,EVODEX.2.1-P3714,EVODEX.2.1-P6213,EVODEX.2.1-P1925,EVODEX.2.1-P1614,EVODEX.2.1-P1568,EVODEX.2.1-P1759,EVODEX.2.1-P1642,EVODEX.2.1-P1967,EVODEX.2.1-P1543,EVODEX.2.1-P1569,EVODEX.2.1-P1750,EVODEX.2.1-P1600,EVODEX.2.1-P1656,EVODEX.2.1-P1534,EVODEX.2.1-P1791,EVODEX.2.1-P1757,EVODEX.2.1-P1575,EVODEX.2.1-P1761,EVODEX.2.1-P1595,EVODEX.2.1-P1727,EVODEX.2.1-P1645,EVODEX.2.1-P1849,EVODEX.2.1-P1778,EVODEX.2.1-P5564,EVODEX.2.1-P3716,EVODEX.2.1-P1930,EVODEX.2.1-P1565,EVODEX.2.1-P1528,EVODEX.2.1-P1777,EVODEX.2.1-P1650,EVODEX.2.1-P1921,EVODEX.2.1-P1573,EVODEX.2.1-P1929,EVODEX.2.1-P1857,EVODEX.2.1-P1740,EVODEX.2.1-P1643,EVODEX.2.1-P1666,EVODEX.2.1-P1664,EVODEX.2.1-P1638,EVODEX.2.1-P1955,EVODEX.2.1-P1533,EVODEX.2.1-P1830,EVODEX.2.1-P1827,EVODEX.2.1-P1832,EVODEX.2.1-P1540,EVODEX.2.1-P1669,EVODEX.2.1-P1850,EVODEX.2.1-P1946,EVODEX.2.1-P1701,EVODEX.2.1-P1846,EVODEX.2.1-P1952,EVODEX.2.1-P1546,EVODEX.2.1-P1704,EVODEX.2.1-P1780,EVODEX.2.1-P1640,EVODEX.2.1-P1549,EVODEX.2.1-P1648,EVODEX.2.1-P1548"
EVODEX.2.1-F2085,"{""C"": -21, ""H"": -37, ""N"": -5, ""O"": -6}","EVODEX.2.1-P5151,EVODEX.2.1-P5128,EVODEX.2.1-P5116,EVODEX.2.1-P5154,EVODEX.2.1-P5129"
EVODEX.2.1-F2088,"{""C"": -22, ""H"": -26, ""N"": -6, ""O"": -3}","EVODEX.2.1-P4818,EVODEX.2.1-P4509,EVODEX.2.1-P4521,EVODEX.2.1-P4516,EVODEX.2.1-P4520"
EVODEX.2.1-F2095,"{""C"": -22, ""H"": -36, ""N"": -7, ""O"": -18, ""P"": -3, ""S"": -1}","EVODEX.2.1-P1753,EVODEX.2.1-P1741,EVODEX.2.1-P1747,EVODEX.2.1-P1745,EVODEX.2.1-P1756"
EVODEX.2.1-F2096,"{""C"": -22, ""H"": -38, ""N"": -6, ""O"": -7}","EVODEX.2.1-P5082,EVODEX.2.1-P5075,EVODEX.2.1-P5074,EVODEX.2.1-P5083,EVODEX.2.1-P5073"
EVODEX.2.1-F2099,"{""C"": -23, ""H"": -31, ""N"": -7, ""O"": -5}","EVODEX.2.1-P4819,EVODEX.2.1-P4822,EVODEX.2.1-P4823,EVODEX.2.1-P4821,EVODEX.2.1-P4828"
EVODEX.2.1-F2107,"{""C"": -23, ""H"": -33, ""N"": -7, ""O"": -6}","EVODEX.2.1-P4831,EVODEX.2.1-P4836,EVODEX.2.1-P4826,EVODEX.2.1-P4830,EVODEX.2.1-P4827"
EVODEX.2.1-F2139,"{""C"": -25, ""H"": -38, ""N"": -10, ""O"": -10}","EVODEX.2.1-P5007,EVODEX.2.1-P5009,EVODEX.2.1-P4998,EVODEX.2.1-P4995,EVODEX.2.1-P4996"
EVODEX.2.1-F2142,"{""C"": -25, ""H"": -40, ""N"": -10, ""O"": -11}","EVODEX.2.1-P5006,EVODEX.2.1-P5180,EVODEX.2.1-P5185,EVODEX.2.1-P4993,EVODEX.2.1-P4994"
EVODEX.2.1-F2144,"{""C"": -25, ""H"": -40, ""N"": -7, ""O"": -18, ""P"": -3, ""S"": -1}","EVODEX.2.1-P3403,EVODEX.2.1-P3389,EVODEX.2.1-P3399,EVODEX.2.1-P3393,EVODEX.2.1-P3384"
EVODEX.2.1-F2146,"{""C"": -25, ""H"": -40, ""N"": -8, ""O"": -4}","EVODEX.2.1-P4999,EVODEX.2.1-P5002,EVODEX.2.1-P5005,EVODEX.2.1-P5003,EVODEX.2.1-P5000"
EVODEX.2.1-F2153,"{""C"": -26, ""H"": -29, ""N"": -5, ""O"": -6}","EVODEX.2.1-P5237,EVODEX.2.1-P5227,EVODEX.2.1-P5238,EVODEX.2.1-P5226,EVODEX.2.1-P5236"
EVODEX.2.1-F2154,"{""C"": -26, ""H"": -31, ""N"": -5, ""O"": -5}","EVODEX.2.1-P5239,EVODEX.2.1-P5284,EVODEX.2.1-P5294,EVODEX.2.1-P5241,EVODEX.2.1-P5240"
EVODEX.2.1-F2159,"{""C"": -26, ""H"": -40, ""N"": -10, ""O"": -8}","EVODEX.2.1-P5310,EVODEX.2.1-P5298,EVODEX.2.1-P5305,EVODEX.2.1-P5283,EVODEX.2.1-P5300"
EVODEX.2.1-F2162,"{""C"": -26, ""H"": -42, ""N"": -10, ""O"": -9}","EVODEX.2.1-P5281,EVODEX.2.1-P5297,EVODEX.2.1-P5282,EVODEX.2.1-P5299,EVODEX.2.1-P5309"
EVODEX.2.1-F2176,"{""C"": -27, ""H"": -40, ""N"": -10, ""O"": -9}","EVODEX.2.1-P5181,EVODEX.2.1-P5177,EVODEX.2.1-P5179,EVODEX.2.1-P5175,EVODEX.2.1-P5183"
EVODEX.2.1-F2178,"{""C"": -27, ""H"": -42, ""N"": -10, ""O"": -10}","EVODEX.2.1-P5174,EVODEX.2.1-P5176,EVODEX.2.1-P5184,EVODEX.2.1-P5182,EVODEX.2.1-P5178"
EVODEX.2.1-F2179,"{""C"": -27, ""H"": -44}","EVODEX.2.1-P3518,EVODEX.2.1-P3523,EVODEX.2.1-P3520,EVODEX.2.1-P3528,EVODEX.2.1-P3524"
EVODEX.2.1-F2182,"{""C"": -27, ""H"": -46, ""O"": -1}","EVODEX.2.1-P3525,EVODEX.2.1-P3522,EVODEX.2.1-P3526,EVODEX.2.1-P3517,EVODEX.2.1-P3519"
EVODEX.2.1-F2187,"{""C"": -28, ""H"": -37, ""N"": -11, ""O"": -7}","EVODEX.2.1-P5232,EVODEX.2.1-P5234,EVODEX.2.1-P4716,EVODEX.2.1-P5233,EVODEX.2.1-P5229"
EVODEX.2.1-F2188,"{""C"": -28, ""H"": -37, ""N"": -5, ""O"": -4}","EVODEX.2.1-P4725,EVODEX.2.1-P4723,EVODEX.2.1-P4724,EVODEX.2.1-P4721,EVODEX.2.1-P4722"
EVODEX.2.1-F2190,"{""C"": -28, ""H"": -39, ""N"": -11, ""O"": -8}","EVODEX.2.1-P5242,EVODEX.2.1-P5230,EVODEX.2.1-P5228,EVODEX.2.1-P5235,EVODEX.2.1-P5231"
EVODEX.2.1-F2196,"{""C"": -29, ""H"": -30, ""N"": -4, ""O"": -6}","EVODEX.2.1-P4910,EVODEX.2.1-P4908,EVODEX.2.1-P4905,EVODEX.2.1-P4902,EVODEX.2.1-P4912"
EVODEX.2.1-F2199,"{""C"": -2, ""Cl"": -1, ""H"": -1, ""O"": -1}","EVODEX.2.1-P5445,EVODEX.2.1-P5436,EVODEX.2.1-P5435,EVODEX.2.1-P5430,EVODEX.2.1-P4347"
EVODEX.2.1-F2206,"{""C"": -2, ""H"": -1, ""N"": -3, ""O"": -5, ""P"": -2, ""S"": 1}","EVODEX.2.1-P6672,EVODEX.2.1-P6670,EVODEX.2.1-P6685,EVODEX.2.1-P6678,EVODEX.2.1-P6664"
EVODEX.2.1-F2207,"{""C"": -2, ""H"": -1, ""O"": 2, ""P"": 1}",EVODEX.2.1-P1969
EVODEX.2.1-F2210,"{""C"": -2, ""H"": -2, ""O"": -1}","EVODEX.2.1-P5420,EVODEX.2.1-P5558,EVODEX.2.1-P5559,EVODEX.2.1-P6223,EVODEX.2.1-P3644,EVODEX.2.1-P3657,EVODEX.2.1-P3598,EVODEX.2.1-P5425,EVODEX.2.1-P5367,EVODEX.2.1-P3643,EVODEX.2.1-P3530,EVODEX.2.1-P3659,EVODEX.2.1-P1785,EVODEX.2.1-P3649,EVODEX.2.1-P3596,EVODEX.2.1-P3656,EVODEX.2.1-P6221,EVODEX.2.1-P3473,EVODEX.2.1-P3478,EVODEX.2.1-P3661,EVODEX.2.1-P3646,EVODEX.2.1-P3641,EVODEX.2.1-P1620,EVODEX.2.1-P6283,EVODEX.2.1-P6188"
EVODEX.2.1-F2213,"{""C"": -2, ""H"": -2, ""O"": -3}","EVODEX.2.1-P2739,EVODEX.2.1-P2754,EVODEX.2.1-P2743,EVODEX.2.1-P2405,EVODEX.2.1-P2748"
EVODEX.2.1-F2216,"{""C"": -2, ""H"": -3, ""N"": -1, ""O"": -1}","EVODEX.2.1-P5505,EVODEX.2.1-P7073,EVODEX.2.1-P4307,EVODEX.2.1-P4161,EVODEX.2.1-P7106,EVODEX.2.1-P4179,EVODEX.2.1-P4485,EVODEX.2.1-P4455,EVODEX.2.1-P4350,EVODEX.2.1-P4331,EVODEX.2.1-P4321,EVODEX.2.1-P4325,EVODEX.2.1-P4428,EVODEX.2.1-P4354,EVODEX.2.1-P4322"
EVODEX.2.1-F2220,"{""C"": -2, ""H"": -4}","EVODEX.2.1-P3586,EVODEX.2.1-P4563,EVODEX.2.1-P4363,EVODEX.2.1-P3417,EVODEX.2.1-P3418"
EVODEX.2.1-F2225,"{""C"": -2, ""H"": -4, ""O"": -1}","EVODEX.2.1-P6032,EVODEX.2.1-P3569,EVODEX.2.1-P3682,EVODEX.2.1-P3572,EVODEX.2.1-P6027,EVODEX.2.1-P3683,EVODEX.2.1-P6031"
EVODEX.2.1-F2227,"{""C"": -2, ""H"": -4, ""O"": -2}","EVODEX.2.1-P3597,EVODEX.2.1-P2315,EVODEX.2.1-P3642,EVODEX.2.1-P3658,EVODEX.2.1-P6220,EVODEX.2.1-P3477,EVODEX.2.1-P2304,EVODEX.2.1-P3648,EVODEX.2.1-P2302,EVODEX.2.1-P2307,EVODEX.2.1-P3645,EVODEX.2.1-P2289,EVODEX.2.1-P3484,EVODEX.2.1-P1970,EVODEX.2.1-P3475,EVODEX.2.1-P3479,EVODEX.2.1-P3647,EVODEX.2.1-P6215,EVODEX.2.1-P6286,EVODEX.2.1-P3650"
EVODEX.2.1-F2232,"{""C"": -2, ""H"": -5, ""N"": -1}","EVODEX.2.1-P3819,EVODEX.2.1-P3728,EVODEX.2.1-P3821,EVODEX.2.1-P3822,EVODEX.2.1-P3812"
EVODEX.2.1-F2235,"{""C"": -2, ""H"": -5, ""N"": -1, ""O"": -2}","EVODEX.2.1-P2742,EVODEX.2.1-P2474,EVODEX.2.1-P5502,EVODEX.2.1-P6041,EVODEX.2.1-P4449,EVODEX.2.1-P4150,EVODEX.2.1-P4219,EVODEX.2.1-P6055,EVODEX.2.1-P4153,EVODEX.2.1-P6037,EVODEX.2.1-P6044,EVODEX.2.1-P2746,EVODEX.2.1-P6056,EVODEX.2.1-P2749,EVODEX.2.1-P2608"
EVODEX.2.1-F2236,"{""C"": -2, ""H"": -5, ""N"": -1, ""O"": -2, ""S"": -1}","EVODEX.2.1-P5504,EVODEX.2.1-P5501,EVODEX.2.1-P5506,EVODEX.2.1-P5509,EVODEX.2.1-P5510"
EVODEX.2.1-F2240,"{""C"": -2, ""H"": -5, ""O"": -5, ""P"": -1}",EVODEX.2.1-P6284
EVODEX.2.1-F2249,"{""C"": -2, ""H"": -6, ""O"": -1}","EVODEX.2.1-P3608,EVODEX.2.1-P3421,EVODEX.2.1-P4877,EVODEX.2.1-P3536,EVODEX.2.1-P4876,EVODEX.2.1-P3472,EVODEX.2.1-P5107,EVODEX.2.1-P3662,EVODEX.2.1-P4258,EVODEX.2.1-P5109,EVODEX.2.1-P5015"
EVODEX.2.1-F2257,"{""C"": -2, ""H"": -7, ""N"": -1, ""O"": -3, ""S"": -1}","EVODEX.2.1-P5503,EVODEX.2.1-P5499,EVODEX.2.1-P5508,EVODEX.2.1-P5500,EVODEX.2.1-P5552"
EVODEX.2.1-F2270,"{""C"": -31, ""H"": -42, ""N"": -10, ""O"": -9}","EVODEX.2.1-P5273,EVODEX.2.1-P5266,EVODEX.2.1-P5268,EVODEX.2.1-P5270,EVODEX.2.1-P5214"
EVODEX.2.1-F2271,"{""C"": -31, ""H"": -42, ""N"": -12, ""O"": -9}","EVODEX.2.1-P5199,EVODEX.2.1-P5206,EVODEX.2.1-P5215,EVODEX.2.1-P5203,EVODEX.2.1-P5205"
EVODEX.2.1-F2272,"{""C"": -31, ""H"": -42, ""N"": -6, ""O"": -5}","EVODEX.2.1-P5211,EVODEX.2.1-P5209,EVODEX.2.1-P5210,EVODEX.2.1-P5212,EVODEX.2.1-P5200"
EVODEX.2.1-F2274,"{""C"": -31, ""H"": -44, ""N"": -10, ""O"": -10}","EVODEX.2.1-P5271,EVODEX.2.1-P5272,EVODEX.2.1-P5213,EVODEX.2.1-P5267,EVODEX.2.1-P5269"
EVODEX.2.1-F2275,"{""C"": -31, ""H"": -44, ""N"": -12, ""O"": -10}","EVODEX.2.1-P5204,EVODEX.2.1-P5207,EVODEX.2.1-P5202,EVODEX.2.1-P5201,EVODEX.2.1-P5208"
EVODEX.2.1-F2278,"{""C"": -31, ""H"": -46, ""N"": -6, ""O"": -7}","EVODEX.2.1-P4626,EVODEX.2.1-P4627,EVODEX.2.1-P4628,EVODEX.2.1-P4629,EVODEX.2.1-P4630"
EVODEX.2.1-F2279,"{""C"": -31, ""H"": -48, ""N"": -12, ""O"": -22, ""P"": -4, ""S"": -1}","EVODEX.2.1-P6194,EVODEX.2.1-P6202,EVODEX.2.1-P6233,EVODEX.2.1-P6236,EVODEX.2.1-P6191"
EVODEX.2.1-F2280,"{""C"": -31, ""H"": -49, ""N"": -12, ""O"": -25, ""P"": -5, ""S"": -1}","EVODEX.2.1-P6269,EVODEX.2.1-P6338,EVODEX.2.1-P6275,EVODEX.2.1-P6271,EVODEX.2.1-P6345"
EVODEX.2.1-F2284,"{""C"": -32, ""H"": -43, ""N"": -9, ""O"": -6}","EVODEX.2.1-P5289,EVODEX.2.1-P5285,EVODEX.2.1-P5291,EVODEX.2.1-P5288,EVODEX.2.1-P5296"
EVODEX.2.1-F2295,"{""C"": -35, ""H"": -65, ""N"": -13, ""O"": -8, ""S"": -2}","EVODEX.2.1-P5118,EVODEX.2.1-P5122,EVODEX.2.1-P5142,EVODEX.2.1-P5119,EVODEX.2.1-P5121"
EVODEX.2.1-F2296,"{""C"": -35, ""H"": -67, ""N"": -13, ""O"": -9, ""S"": -2}","EVODEX.2.1-P5123,EVODEX.2.1-P5120,EVODEX.2.1-P5117,EVODEX.2.1-P5143,EVODEX.2.1-P5144"
EVODEX.2.1-F2298,"{""C"": -36, ""H"": -49, ""N"": -13, ""O"": -10}","EVODEX.2.1-P5321,EVODEX.2.1-P5319,EVODEX.2.1-P5318,EVODEX.2.1-P5316,EVODEX.2.1-P4693"
EVODEX.2.1-F2299,"{""C"": -36, ""H"": -51, ""N"": -13, ""O"": -11}","EVODEX.2.1-P5245,EVODEX.2.1-P5315,EVODEX.2.1-P5317,EVODEX.2.1-P5320,EVODEX.2.1-P5322"
EVODEX.2.1-F2300,"{""C"": -36, ""H"": -51, ""N"": -13, ""O"": -8}","EVODEX.2.1-P5032,EVODEX.2.1-P5036,EVODEX.2.1-P5033,EVODEX.2.1-P5034,EVODEX.2.1-P5035"
EVODEX.2.1-F2309,"{""C"": -38, ""H"": -54, ""N"": -8, ""O"": -10}","EVODEX.2.1-P5189,EVODEX.2.1-P5187,EVODEX.2.1-P5188,EVODEX.2.1-P5190,EVODEX.2.1-P5186"
EVODEX.2.1-F2310,"{""C"": -38, ""H"": -55, ""N"": -11, ""O"": -7}","EVODEX.2.1-P5292,EVODEX.2.1-P5286,EVODEX.2.1-P5290,EVODEX.2.1-P5295,EVODEX.2.1-P5287"
EVODEX.2.1-F2312,"{""C"": -38, ""H"": -62, ""N"": -12, ""O"": -9}","EVODEX.2.1-P5194,EVODEX.2.1-P5193,EVODEX.2.1-P5191,EVODEX.2.1-P5196,EVODEX.2.1-P5195"
EVODEX.2.1-F2313,"{""C"": -38, ""H"": -63, ""N"": -15, ""O"": -10}","EVODEX.2.1-P5304,EVODEX.2.1-P5307,EVODEX.2.1-P5303,EVODEX.2.1-P5308,EVODEX.2.1-P5280"
EVODEX.2.1-F2314,"{""C"": -38, ""H"": -65, ""N"": -15, ""O"": -11}","EVODEX.2.1-P5302,EVODEX.2.1-P5293,EVODEX.2.1-P5279,EVODEX.2.1-P5301,EVODEX.2.1-P5306"
EVODEX.2.1-F2333,"{""C"": -3, ""H"": 4, ""N"": -2, ""O"": -10, ""P"": -2}","EVODEX.2.1-P6434,EVODEX.2.1-P6441,EVODEX.2.1-P6439,EVODEX.2.1-P6429,EVODEX.2.1-P6431"
EVODEX.2.1-F2342,"{""C"": -3, ""H"": -2, ""O"": -2}","EVODEX.2.1-P5861,EVODEX.2.1-P5865,EVODEX.2.1-P5858,EVODEX.2.1-P5871,EVODEX.2.1-P5873"
EVODEX.2.1-F2349,"{""C"": -3, ""H"": -3, ""O"": -2}","EVODEX.2.1-P1245,EVODEX.2.1-P980,EVODEX.2.1-P1229,EVODEX.2.1-P1225,EVODEX.2.1-P1250"
EVODEX.2.1-F2352,"{""C"": -3, ""H"": -4, ""O"": -1}","EVODEX.2.1-P5447,EVODEX.2.1-P5563,EVODEX.2.1-P5428,EVODEX.2.1-P5556,EVODEX.2.1-P1726"
EVODEX.2.1-F2354,"{""C"": -3, ""H"": -4, ""O"": -2}","EVODEX.2.1-P979,EVODEX.2.1-P1232,EVODEX.2.1-P1213,EVODEX.2.1-P1226,EVODEX.2.1-P1251"
EVODEX.2.1-F2355,"{""C"": -3, ""H"": -4, ""O"": -3}","EVODEX.2.1-P2579,EVODEX.2.1-P5872,EVODEX.2.1-P2323,EVODEX.2.1-P6063,EVODEX.2.1-P5857,EVODEX.2.1-P6075,EVODEX.2.1-P2519,EVODEX.2.1-P6064,EVODEX.2.1-P2941,EVODEX.2.1-P5870,EVODEX.2.1-P5863,EVODEX.2.1-P6068,EVODEX.2.1-P2434,EVODEX.2.1-P5867,EVODEX.2.1-P2587,EVODEX.2.1-P2518,EVODEX.2.1-P2684,EVODEX.2.1-P2451,EVODEX.2.1-P2946,EVODEX.2.1-P2522,EVODEX.2.1-P2441,EVODEX.2.1-P5952,EVODEX.2.1-P2436,EVODEX.2.1-P2943,EVODEX.2.1-P2951"
EVODEX.2.1-F2360,"{""C"": -3, ""H"": -5, ""N"": -1, ""O"": -1}","EVODEX.2.1-P4362,EVODEX.2.1-P4266,EVODEX.2.1-P4504,EVODEX.2.1-P4341,EVODEX.2.1-P4448,EVODEX.2.1-P4184,EVODEX.2.1-P4436,EVODEX.2.1-P4260,EVODEX.2.1-P4259,EVODEX.2.1-P4337,EVODEX.2.1-P4170,EVODEX.2.1-P4915,EVODEX.2.1-P4181,EVODEX.2.1-P4190,EVODEX.2.1-P4275"
EVODEX.2.1-F2362,"{""C"": -3, ""H"": -5, ""N"": -1, ""O"": -2}","EVODEX.2.1-P4934,EVODEX.2.1-P4333,EVODEX.2.1-P5410,EVODEX.2.1-P4914,EVODEX.2.1-P5400,EVODEX.2.1-P6135,EVODEX.2.1-P4361,EVODEX.2.1-P4139,EVODEX.2.1-P4542,EVODEX.2.1-P6141,EVODEX.2.1-P4291,EVODEX.2.1-P6138,EVODEX.2.1-P4157,EVODEX.2.1-P6142,EVODEX.2.1-P6140"
EVODEX.2.1-F2376,"{""C"": -3, ""H"": -6, ""O"": -2}","EVODEX.2.1-P3588,EVODEX.2.1-P3413,EVODEX.2.1-P3411,EVODEX.2.1-P3416,EVODEX.2.1-P3580"
EVODEX.2.1-F2378,"{""C"": -3, ""H"": -6, ""O"": -3}","EVODEX.2.1-P5998,EVODEX.2.1-P5997,EVODEX.2.1-P6019,EVODEX.2.1-P6022,EVODEX.2.1-P5999"
EVODEX.2.1-F2386,"{""C"": -3, ""H"": -7, ""N"": -1, ""O"": -2}","EVODEX.2.1-P4538,EVODEX.2.1-P4537,EVODEX.2.1-P5507,EVODEX.2.1-P2802,EVODEX.2.1-P2584,EVODEX.2.1-P2487,EVODEX.2.1-P4435,EVODEX.2.1-P4437,EVODEX.2.1-P2491,EVODEX.2.1-P2440,EVODEX.2.1-P2442,EVODEX.2.1-P2486,EVODEX.2.1-P2492,EVODEX.2.1-P2484,EVODEX.2.1-P2437"
EVODEX.2.1-F2388,"{""C"": -3, ""H"": -7, ""N"": -1, ""O"": -3}","EVODEX.2.1-P4541,EVODEX.2.1-P4374,EVODEX.2.1-P5399,EVODEX.2.1-P4519,EVODEX.2.1-P4392"
EVODEX.2.1-F2391,"{""C"": -3, ""H"": -7, ""O"": -6, ""P"": -1}","EVODEX.2.1-P6011,EVODEX.2.1-P6006,EVODEX.2.1-P6005,EVODEX.2.1-P1508,EVODEX.2.1-P6014,EVODEX.2.1-P6002,EVODEX.2.1-P1507,EVODEX.2.1-P1505,EVODEX.2.1-P1491,EVODEX.2.1-P1506"
EVODEX.2.1-F2397,"{""C"": -3, ""H"": -8, ""O"": -3}","EVODEX.2.1-P3415,EVODEX.2.1-P3410,EVODEX.2.1-P3445,EVODEX.2.1-P3587,EVODEX.2.1-P3412"
EVODEX.2.1-F2410,"{""C"": -40, ""H"": -56, ""N"": -12, ""O"": -8}","EVODEX.2.1-P5088,EVODEX.2.1-P5092,EVODEX.2.1-P5091,EVODEX.2.1-P5086,EVODEX.2.1-P5087"
EVODEX.2.1-F2411,"{""C"": -40, ""H"": -58, ""N"": -12, ""O"": -9}","EVODEX.2.1-P5084,EVODEX.2.1-P5089,EVODEX.2.1-P5090,EVODEX.2.1-P5093,EVODEX.2.1-P5085"
EVODEX.2.1-F2412,"{""C"": -41, ""H"": -50, ""N"": -10, ""O"": -8}","EVODEX.2.1-P4726,EVODEX.2.1-P4423,EVODEX.2.1-P4727,EVODEX.2.1-P4718,EVODEX.2.1-P4422"
EVODEX.2.1-F2418,"{""C"": -46, ""H"": -67, ""N"": -17, ""O"": -11}","EVODEX.2.1-P5029,EVODEX.2.1-P5023,EVODEX.2.1-P5027,EVODEX.2.1-P5026,EVODEX.2.1-P5030"
EVODEX.2.1-F2419,"{""C"": -46, ""H"": -69, ""N"": -17, ""O"": -12}","EVODEX.2.1-P5028,EVODEX.2.1-P5025,EVODEX.2.1-P5039,EVODEX.2.1-P5024,EVODEX.2.1-P5022"
EVODEX.2.1-F2440,"{""C"": -4, ""H"": -2, ""N"": -4, ""O"": -8, ""P"": -2}","EVODEX.2.1-P6786,EVODEX.2.1-P7080,EVODEX.2.1-P6777,EVODEX.2.1-P6923,EVODEX.2.1-P7032,EVODEX.2.1-P6813,EVODEX.2.1-P6627,EVODEX.2.1-P6623,EVODEX.2.1-P6751,EVODEX.2.1-P6837"
EVODEX.2.1-F2449,"{""C"": -4, ""H"": -3, ""N"": -2, ""O"": -4, ""P"": -1}",EVODEX.2.1-P6450
EVODEX.2.1-F2462,"{""C"": -4, ""H"": -4, ""O"": -5}","EVODEX.2.1-P2406,EVODEX.2.1-P2677,EVODEX.2.1-P2786,EVODEX.2.1-P2721,EVODEX.2.1-P2789"
EVODEX.2.1-F2464,"{""C"": -4, ""H"": -5, ""N"": -1, ""O"": -1}","EVODEX.2.1-P3698,EVODEX.2.1-P5683,EVODEX.2.1-P5684,EVODEX.2.1-P5681,EVODEX.2.1-P5687"
EVODEX.2.1-F2466,"{""C"": -4, ""H"": -5, ""N"": -1, ""O"": -3}","EVODEX.2.1-P4567,EVODEX.2.1-P5396,EVODEX.2.1-P5368,EVODEX.2.1-P4493,EVODEX.2.1-P5398,EVODEX.2.1-P4141,EVODEX.2.1-P4158,EVODEX.2.1-P4133,EVODEX.2.1-P4340,EVODEX.2.1-P4573,EVODEX.2.1-P4230,EVODEX.2.1-P4566,EVODEX.2.1-P5511,EVODEX.2.1-P4568,EVODEX.2.1-P4570"
EVODEX.2.1-F2474,"{""C"": -4, ""H"": -6, ""N"": -2, ""O"": -2}","EVODEX.2.1-P4344,EVODEX.2.1-P4295,EVODEX.2.1-P4171,EVODEX.2.1-P4414,EVODEX.2.1-P4572,EVODEX.2.1-P4511,EVODEX.2.1-P4343,EVODEX.2.1-P4191,EVODEX.2.1-P4864,EVODEX.2.1-P5347"
EVODEX.2.1-F2475,"{""C"": -4, ""H"": -6, ""N"": -2, ""O"": -8, ""P"": -2}","EVODEX.2.1-P6446,EVODEX.2.1-P6479,EVODEX.2.1-P6798,EVODEX.2.1-P7011,EVODEX.2.1-P7008,EVODEX.2.1-P7003,EVODEX.2.1-P6997,EVODEX.2.1-P6982,EVODEX.2.1-P6976"
EVODEX.2.1-F2476,"{""C"": -4, ""H"": -6, ""O"": -1}","EVODEX.2.1-P3489,EVODEX.2.1-P3590,EVODEX.2.1-P3686,EVODEX.2.1-P3505,EVODEX.2.1-P3407"
EVODEX.2.1-F2477,"{""C"": -4, ""H"": -6, ""O"": -2}","EVODEX.2.1-P377,EVODEX.2.1-P271,EVODEX.2.1-P298,EVODEX.2.1-P387,EVODEX.2.1-P397,EVODEX.2.1-P331,EVODEX.2.1-P409,EVODEX.2.1-P328,EVODEX.2.1-P270,EVODEX.2.1-P425,EVODEX.2.1-P373,EVODEX.2.1-P324,EVODEX.2.1-P309,EVODEX.2.1-P258,EVODEX.2.1-P384,EVODEX.2.1-P333,EVODEX.2.1-P394,EVODEX.2.1-P293,EVODEX.2.1-P280,EVODEX.2.1-P285"
EVODEX.2.1-F2478,"{""C"": -4, ""H"": -6, ""O"": -3}","EVODEX.2.1-P3387,EVODEX.2.1-P3392,EVODEX.2.1-P3397,EVODEX.2.1-P3401,EVODEX.2.1-P3395"
EVODEX.2.1-F2480,"{""C"": -4, ""H"": -6, ""O"": -4}","EVODEX.2.1-P386,EVODEX.2.1-P379,EVODEX.2.1-P302,EVODEX.2.1-P392,EVODEX.2.1-P417,EVODEX.2.1-P266,EVODEX.2.1-P420,EVODEX.2.1-P423,EVODEX.2.1-P349,EVODEX.2.1-P296,EVODEX.2.1-P371,EVODEX.2.1-P3372,EVODEX.2.1-P295,EVODEX.2.1-P277,EVODEX.2.1-P3364,EVODEX.2.1-P343,EVODEX.2.1-P3378,EVODEX.2.1-P3382,EVODEX.2.1-P3374,EVODEX.2.1-P307,EVODEX.2.1-P338,EVODEX.2.1-P356,EVODEX.2.1-P374,EVODEX.2.1-P320,EVODEX.2.1-P360"
EVODEX.2.1-F2487,"{""C"": -4, ""H"": -7, ""N"": -1, ""O"": -2}","EVODEX.2.1-P2317,EVODEX.2.1-P5680,EVODEX.2.1-P2301,EVODEX.2.1-P5686,EVODEX.2.1-P4243,EVODEX.2.1-P5685,EVODEX.2.1-P3697,EVODEX.2.1-P4569,EVODEX.2.1-P2299,EVODEX.2.1-P5682,EVODEX.2.1-P4545,EVODEX.2.1-P2320,EVODEX.2.1-P2306,EVODEX.2.1-P4559,EVODEX.2.1-P5421"
EVODEX.2.1-F2489,"{""C"": -4, ""H"": -7, ""N"": -1, ""O"": -4}","EVODEX.2.1-P5114,EVODEX.2.1-P2610,EVODEX.2.1-P5397,EVODEX.2.1-P5441,EVODEX.2.1-P4140,EVODEX.2.1-P5442,EVODEX.2.1-P2531,EVODEX.2.1-P2761,EVODEX.2.1-P2535,EVODEX.2.1-P2403"
EVODEX.2.1-F2493,"{""C"": -4, ""H"": -8, ""N"": -2, ""O"": -3}","EVODEX.2.1-P2464,EVODEX.2.1-P4420,EVODEX.2.1-P4571,EVODEX.2.1-P2467,EVODEX.2.1-P2469,EVODEX.2.1-P2460,EVODEX.2.1-P4177,EVODEX.2.1-P2468,EVODEX.2.1-P4413,EVODEX.2.1-P5404,EVODEX.2.1-P4426,EVODEX.2.1-P5422,EVODEX.2.1-P4342,EVODEX.2.1-P4510,EVODEX.2.1-P4531"
EVODEX.2.1-F2507,"{""C"": -4, ""H"": -9, ""N"": -1, ""O"": -1, ""S"": -1}","EVODEX.2.1-P1707,EVODEX.2.1-P1636,EVODEX.2.1-P1635,EVODEX.2.1-P1632,EVODEX.2.1-P1633"
EVODEX.2.1-F2508,"{""C"": -4, ""H"": -9, ""N"": -1, ""O"": -2}","EVODEX.2.1-P2588,EVODEX.2.1-P2603,EVODEX.2.1-P2768,EVODEX.2.1-P2547,EVODEX.2.1-P2773"
EVODEX.2.1-F2510,"{""C"": -4, ""H"": -9, ""N"": -1, ""O"": -3}","EVODEX.2.1-P5411,EVODEX.2.1-P4205,EVODEX.2.1-P4242,EVODEX.2.1-P4544,EVODEX.2.1-P5431"
EVODEX.2.1-F2520,"{""C"": -5, ""H"": -10, ""N"": -1, ""O"": -7, ""P"": -1}","EVODEX.2.1-P6376,EVODEX.2.1-P6402,EVODEX.2.1-P6411"
EVODEX.2.1-F2522,"{""C"": -5, ""H"": -10, ""N"": -2, ""O"": -3}","EVODEX.2.1-P2689,EVODEX.2.1-P5432,EVODEX.2.1-P2480,EVODEX.2.1-P5387,EVODEX.2.1-P2686,EVODEX.2.1-P2733,EVODEX.2.1-P5388,EVODEX.2.1-P4512,EVODEX.2.1-P4159,EVODEX.2.1-P2481"
EVODEX.2.1-F2533,"{""C"": -5, ""H"": -11, ""N"": -1, ""O"": -2}","EVODEX.2.1-P4326,EVODEX.2.1-P4134,EVODEX.2.1-P5414,EVODEX.2.1-P2564,EVODEX.2.1-P4339,EVODEX.2.1-P5312,EVODEX.2.1-P2598,EVODEX.2.1-P2591,EVODEX.2.1-P2557,EVODEX.2.1-P2728"
EVODEX.2.1-F2534,"{""C"": -5, ""H"": -11, ""N"": -1, ""O"": -2, ""S"": -1}","EVODEX.2.1-P4924,EVODEX.2.1-P5423,EVODEX.2.1-P2698,EVODEX.2.1-P5439,EVODEX.2.1-P2483,EVODEX.2.1-P2798,EVODEX.2.1-P5274,EVODEX.2.1-P2513,EVODEX.2.1-P2699,EVODEX.2.1-P4486"
EVODEX.2.1-F2543,"{""C"": -5, ""H"": -12, ""O"": -7, ""P"": -2}","EVODEX.2.1-P5948,EVODEX.2.1-P5943,EVODEX.2.1-P5940"
EVODEX.2.1-F2547,"{""C"": -5, ""H"": -15, ""O"": -11, ""P"": -3}","EVODEX.2.1-P5949,EVODEX.2.1-P5944"
EVODEX.2.1-F2557,"{""C"": -5, ""H"": -4, ""N"": -4, ""O"": -8, ""P"": -2}","EVODEX.2.1-P6810,EVODEX.2.1-P6848,EVODEX.2.1-P6916,EVODEX.2.1-P6783,EVODEX.2.1-P6752"
EVODEX.2.1-F2558,"{""C"": -5, ""H"": -4, ""N"": -4, ""O"": -8, ""P"": -2, ""S"": 1}","EVODEX.2.1-P6735,EVODEX.2.1-P6871,EVODEX.2.1-P6790,EVODEX.2.1-P6821,EVODEX.2.1-P6940"
EVODEX.2.1-F2567,"{""C"": -5, ""H"": -5, ""N"": -1, ""O"": -2}","EVODEX.2.1-P4560,EVODEX.2.1-P4555,EVODEX.2.1-P4556,EVODEX.2.1-P4564,EVODEX.2.1-P4557"
EVODEX.2.1-F2568,"{""C"": -5, ""H"": -5, ""N"": -3, ""O"": -7, ""P"": -2}","EVODEX.2.1-P6803,EVODEX.2.1-P6799,EVODEX.2.1-P6796,EVODEX.2.1-P6806,EVODEX.2.1-P6809"
EVODEX.2.1-F2576,"{""C"": -5, ""H"": -6, ""N"": -1, ""P"": 1}","EVODEX.2.1-P6561,EVODEX.2.1-P6557,EVODEX.2.1-P6407,EVODEX.2.1-P6573,EVODEX.2.1-P6595,EVODEX.2.1-P6394"
EVODEX.2.1-F2580,"{""C"": -5, ""H"": -6, ""N"": -4, ""O"": -6, ""P"": -2}","EVODEX.2.1-P7109,EVODEX.2.1-P6568,EVODEX.2.1-P6555,EVODEX.2.1-P6597,EVODEX.2.1-P6618,EVODEX.2.1-P6540,EVODEX.2.1-P6582,EVODEX.2.1-P6625,EVODEX.2.1-P6628,EVODEX.2.1-P6610"
EVODEX.2.1-F2582,"{""C"": -5, ""H"": -6, ""N"": -4, ""O"": -8, ""P"": -2}","EVODEX.2.1-P6864,EVODEX.2.1-P6856,EVODEX.2.1-P6870,EVODEX.2.1-P6861,EVODEX.2.1-P6878"
EVODEX.2.1-F2584,"{""C"": -5, ""H"": -6, ""O"": -3}","EVODEX.2.1-P5676,EVODEX.2.1-P5673,EVODEX.2.1-P5675,EVODEX.2.1-P5674,EVODEX.2.1-P5677"
EVODEX.2.1-F2585,"{""C"": -5, ""H"": -6, ""O"": -4}","EVODEX.2.1-P3360,EVODEX.2.1-P3354,EVODEX.2.1-P3357,EVODEX.2.1-P3362,EVODEX.2.1-P3355"
EVODEX.2.1-F2586,"{""C"": -5, ""H"": -6, ""O"": -5}","EVODEX.2.1-P2692,EVODEX.2.1-P2618,EVODEX.2.1-P2810,EVODEX.2.1-P2597,EVODEX.2.1-P2650,EVODEX.2.1-P2533,EVODEX.2.1-P2417,EVODEX.2.1-P2581,EVODEX.2.1-P2808,EVODEX.2.1-P2415,EVODEX.2.1-P2450,EVODEX.2.1-P2424,EVODEX.2.1-P2505,EVODEX.2.1-P2411,EVODEX.2.1-P2507"
EVODEX.2.1-F2588,"{""C"": -5, ""H"": -7, ""N"": -1, ""O"": -1}","EVODEX.2.1-P4175,EVODEX.2.1-P4328,EVODEX.2.1-P4256,EVODEX.2.1-P4180,EVODEX.2.1-P4460,EVODEX.2.1-P4298,EVODEX.2.1-P4204,EVODEX.2.1-P4169,EVODEX.2.1-P4505,EVODEX.2.1-P4349"
EVODEX.2.1-F2589,"{""C"": -5, ""H"": -7, ""N"": -1, ""O"": -2}","EVODEX.2.1-P4536,EVODEX.2.1-P4543,EVODEX.2.1-P4546,EVODEX.2.1-P4539,EVODEX.2.1-P4540"
EVODEX.2.1-F2591,"{""C"": -5, ""H"": -7, ""N"": -1, ""O"": -3}","EVODEX.2.1-P1878,EVODEX.2.1-P6584,EVODEX.2.1-P6129,EVODEX.2.1-P4495,EVODEX.2.1-P1879,EVODEX.2.1-P5570,EVODEX.2.1-P6544,EVODEX.2.1-P5467,EVODEX.2.1-P6127,EVODEX.2.1-P6559,EVODEX.2.1-P5192,EVODEX.2.1-P6413,EVODEX.2.1-P4301,EVODEX.2.1-P4225,EVODEX.2.1-P6389,EVODEX.2.1-P4236,EVODEX.2.1-P4302"
EVODEX.2.1-F2592,"{""C"": -5, ""H"": -7, ""N"": -1, ""O"": -4}","EVODEX.2.1-P2688,EVODEX.2.1-P2724,EVODEX.2.1-P2462,EVODEX.2.1-P2685,EVODEX.2.1-P2478"
EVODEX.2.1-F2597,"{""C"": -5, ""H"": -8, ""N"": -2, ""O"": -2}","EVODEX.2.1-P5433,EVODEX.2.1-P4532,EVODEX.2.1-P4241,EVODEX.2.1-P5611,EVODEX.2.1-P5386,EVODEX.2.1-P4240,EVODEX.2.1-P5424,EVODEX.2.1-P4237,EVODEX.2.1-P4239,EVODEX.2.1-P4238"
EVODEX.2.1-F2600,"{""C"": -5, ""H"": -8, ""O"": -3}","EVODEX.2.1-P2642,EVODEX.2.1-P2447,EVODEX.2.1-P2795,EVODEX.2.1-P2565,EVODEX.2.1-P2593"
EVODEX.2.1-F2602,"{""C"": -5, ""H"": -8, ""O"": -4}","EVODEX.2.1-P4078,EVODEX.2.1-P3968,EVODEX.2.1-P6089,EVODEX.2.1-P4080,EVODEX.2.1-P4001,EVODEX.2.1-P3969,EVODEX.2.1-P4082,EVODEX.2.1-P4094,EVODEX.2.1-P4095,EVODEX.2.1-P4097"
EVODEX.2.1-F2605,"{""C"": -5, ""H"": -9, ""N"": -1, ""O"": -1}","EVODEX.2.1-P4442,EVODEX.2.1-P4163,EVODEX.2.1-P5440,EVODEX.2.1-P4462,EVODEX.2.1-P4345,EVODEX.2.1-P4522,EVODEX.2.1-P5159,EVODEX.2.1-P4276,EVODEX.2.1-P3601,EVODEX.2.1-P3615,EVODEX.2.1-P3419,EVODEX.2.1-P3606,EVODEX.2.1-P3607,EVODEX.2.1-P4220,EVODEX.2.1-P3602"
EVODEX.2.1-F2606,"{""C"": -5, ""H"": -9, ""N"": -1, ""O"": -1, ""S"": -1}","EVODEX.2.1-P4189,EVODEX.2.1-P4200,EVODEX.2.1-P4464,EVODEX.2.1-P4202,EVODEX.2.1-P4487,EVODEX.2.1-P4201,EVODEX.2.1-P4207,EVODEX.2.1-P4443,EVODEX.2.1-P4262,EVODEX.2.1-P5438"
EVODEX.2.1-F2607,"{""C"": -5, ""H"": -9, ""N"": -1, ""O"": -2}","EVODEX.2.1-P4352,EVODEX.2.1-P4444,EVODEX.2.1-P4381,EVODEX.2.1-P5053,EVODEX.2.1-P4203"
EVODEX.2.1-F2608,"{""C"": -5, ""H"": -9, ""N"": -1, ""O"": -3}","EVODEX.2.1-P2663,EVODEX.2.1-P2667,EVODEX.2.1-P2661,EVODEX.2.1-P2665,EVODEX.2.1-P2669"
EVODEX.2.1-F2610,"{""C"": -5, ""H"": -9, ""N"": -1, ""O"": -4}","EVODEX.2.1-P2646,EVODEX.2.1-P2707,EVODEX.2.1-P2420,EVODEX.2.1-P2582,EVODEX.2.1-P2804,EVODEX.2.1-P2418,EVODEX.2.1-P4327,EVODEX.2.1-P4513,EVODEX.2.1-P2674,EVODEX.2.1-P2816,EVODEX.2.1-P2530,EVODEX.2.1-P6585,EVODEX.2.1-P2527,EVODEX.2.1-P2574,EVODEX.2.1-P2446,EVODEX.2.1-P2807,EVODEX.2.1-P4574,EVODEX.2.1-P5115,EVODEX.2.1-P4496,EVODEX.2.1-P2578,EVODEX.2.1-P2431,EVODEX.2.1-P6406,EVODEX.2.1-P6415,EVODEX.2.1-P6391"
EVODEX.2.1-F2630,"{""C"": -6, ""H"": -10}","EVODEX.2.1-P4898,EVODEX.2.1-P4074"
EVODEX.2.1-F2633,"{""C"": -6, ""H"": -10, ""N"": -2, ""O"": -2}","EVODEX.2.1-P4178,EVODEX.2.1-P4427,EVODEX.2.1-P4289,EVODEX.2.1-P5169,EVODEX.2.1-P5173"
EVODEX.2.1-F2638,"{""C"": -6, ""H"": -10, ""O"": -3}","EVODEX.2.1-P2602,EVODEX.2.1-P2629,EVODEX.2.1-P2615,EVODEX.2.1-P2654,EVODEX.2.1-P2512"
EVODEX.2.1-F2640,"{""C"": -6, ""H"": -10, ""O"": -4}","EVODEX.2.1-P4059,EVODEX.2.1-P4070,EVODEX.2.1-P4011,EVODEX.2.1-P4040,EVODEX.2.1-P4058,EVODEX.2.1-P4042,EVODEX.2.1-P4065,EVODEX.2.1-P4067,EVODEX.2.1-P4010,EVODEX.2.1-P4066"
EVODEX.2.1-F2641,"{""C"": -6, ""H"": -10, ""O"": -5}","EVODEX.2.1-P2073,EVODEX.2.1-P2059,EVODEX.2.1-P2085,EVODEX.2.1-P4026,EVODEX.2.1-P4007,EVODEX.2.1-P1989,EVODEX.2.1-P4085,EVODEX.2.1-P2077,EVODEX.2.1-P4006,EVODEX.2.1-P4024,EVODEX.2.1-P3898,EVODEX.2.1-P3944,EVODEX.2.1-P3911,EVODEX.2.1-P3890,EVODEX.2.1-P3887,EVODEX.2.1-P1984,EVODEX.2.1-P3904,EVODEX.2.1-P3948,EVODEX.2.1-P2009,EVODEX.2.1-P3949,EVODEX.2.1-P4051,EVODEX.2.1-P3900,EVODEX.2.1-P4049,EVODEX.2.1-P2000,EVODEX.2.1-P3951,EVODEX.2.1-P3955,EVODEX.2.1-P4004,EVODEX.2.1-P4088,EVODEX.2.1-P4053,EVODEX.2.1-P4035,EVODEX.2.1-P3889,EVODEX.2.1-P2010,EVODEX.2.1-P3967,EVODEX.2.1-P4028,EVODEX.2.1-P3914"
EVODEX.2.1-F2645,"{""C"": -6, ""H"": -11, ""N"": -1, ""O"": -1}","EVODEX.2.1-P4369,EVODEX.2.1-P5371,EVODEX.2.1-P4144,EVODEX.2.1-P4952,EVODEX.2.1-P4135,EVODEX.2.1-P4152,EVODEX.2.1-P4305,EVODEX.2.1-P4452,EVODEX.2.1-P4147,EVODEX.2.1-P4167,EVODEX.2.1-P5372,EVODEX.2.1-P4463,EVODEX.2.1-P4138,EVODEX.2.1-P4518,EVODEX.2.1-P4323"
EVODEX.2.1-F2648,"{""C"": -6, ""H"": -11, ""N"": -1, ""O"": -3}","EVODEX.2.1-P2583,EVODEX.2.1-P2586,EVODEX.2.1-P2703,EVODEX.2.1-P2652,EVODEX.2.1-P2455"
EVODEX.2.1-F2649,"{""C"": -6, ""H"": -11, ""N"": -1, ""O"": -4}","EVODEX.2.1-P2720,EVODEX.2.1-P2790,EVODEX.2.1-P2796,EVODEX.2.1-P2766,EVODEX.2.1-P2792"
EVODEX.2.1-F2652,"{""C"": -6, ""H"": -11, ""O"": -8, ""P"": -1}","EVODEX.2.1-P3918,EVODEX.2.1-P3915,EVODEX.2.1-P4102,EVODEX.2.1-P3920,EVODEX.2.1-P3919"
EVODEX.2.1-F2657,"{""C"": -6, ""H"": -12, ""N"": -2, ""O"": -1}","EVODEX.2.1-P4467,EVODEX.2.1-P5059,EVODEX.2.1-P4372,EVODEX.2.1-P5416,EVODEX.2.1-P4193,EVODEX.2.1-P4188,EVODEX.2.1-P4371,EVODEX.2.1-P4562,EVODEX.2.1-P4186,EVODEX.2.1-P4192,EVODEX.2.1-P5454,EVODEX.2.1-P5450,EVODEX.2.1-P4297,EVODEX.2.1-P5418,EVODEX.2.1-P5451"
EVODEX.2.1-F2658,"{""C"": -6, ""H"": -12, ""N"": -2, ""O"": -3}","EVODEX.2.1-P4429,EVODEX.2.1-P5166,EVODEX.2.1-P5170,EVODEX.2.1-P5163,EVODEX.2.1-P5162"
EVODEX.2.1-F2661,"{""C"": -6, ""H"": -12, ""N"": -4, ""O"": -1}","EVODEX.2.1-P4928,EVODEX.2.1-P4185,EVODEX.2.1-P4497,EVODEX.2.1-P4154,EVODEX.2.1-P4468,EVODEX.2.1-P4299,EVODEX.2.1-P4233,EVODEX.2.1-P4494,EVODEX.2.1-P4221,EVODEX.2.1-P4488,EVODEX.2.1-P4232,EVODEX.2.1-P4234,EVODEX.2.1-P4320,EVODEX.2.1-P4318,EVODEX.2.1-P4300"
EVODEX.2.1-F2667,"{""C"": -6, ""H"": -12, ""O"": -5}","EVODEX.2.1-P4041,EVODEX.2.1-P4060,EVODEX.2.1-P4064,EVODEX.2.1-P4062,EVODEX.2.1-P4068"
EVODEX.2.1-F2668,"{""C"": -6, ""H"": -12, ""O"": -6}","EVODEX.2.1-P4014,EVODEX.2.1-P4002,EVODEX.2.1-P4019,EVODEX.2.1-P4050,EVODEX.2.1-P4048,EVODEX.2.1-P1976,EVODEX.2.1-P1978,EVODEX.2.1-P3894,EVODEX.2.1-P3910,EVODEX.2.1-P2031,EVODEX.2.1-P3882,EVODEX.2.1-P4013,EVODEX.2.1-P3886,EVODEX.2.1-P4054,EVODEX.2.1-P3966,EVODEX.2.1-P4052,EVODEX.2.1-P1979,EVODEX.2.1-P2029,EVODEX.2.1-P2954,EVODEX.2.1-P4087,EVODEX.2.1-P2137,EVODEX.2.1-P3891,EVODEX.2.1-P2101,EVODEX.2.1-P3897,EVODEX.2.1-P4027,EVODEX.2.1-P2116,EVODEX.2.1-P6174,EVODEX.2.1-P6172,EVODEX.2.1-P2102,EVODEX.2.1-P2115,EVODEX.2.1-P4118,EVODEX.2.1-P2974,EVODEX.2.1-P3903,EVODEX.2.1-P2956,EVODEX.2.1-P4103"
EVODEX.2.1-F2669,"{""C"": -6, ""H"": -12, ""O"": -9, ""P"": -2}","EVODEX.2.1-P5945,EVODEX.2.1-P5937"
EVODEX.2.1-F2672,"{""C"": -6, ""H"": -13, ""N"": -1, ""O"": -2}","EVODEX.2.1-P5362,EVODEX.2.1-P2628,EVODEX.2.1-P4155,EVODEX.2.1-P4456,EVODEX.2.1-P5407,EVODEX.2.1-P4168,EVODEX.2.1-P4453,EVODEX.2.1-P4324,EVODEX.2.1-P4517,EVODEX.2.1-P2732,EVODEX.2.1-P2651,EVODEX.2.1-P2625,EVODEX.2.1-P2731,EVODEX.2.1-P2627,EVODEX.2.1-P2549,EVODEX.2.1-P5406,EVODEX.2.1-P5419,EVODEX.2.1-P2641,EVODEX.2.1-P2567,EVODEX.2.1-P2639"
EVODEX.2.1-F2676,"{""C"": -6, ""H"": -13, ""O"": -9, ""P"": -1}","EVODEX.2.1-P3265,EVODEX.2.1-P3266,EVODEX.2.1-P3185,EVODEX.2.1-P3267,EVODEX.2.1-P3197"
EVODEX.2.1-F2679,"{""C"": -6, ""H"": -14, ""N"": -2, ""O"": -2}","EVODEX.2.1-P5446,EVODEX.2.1-P4461,EVODEX.2.1-P5452,EVODEX.2.1-P4491,EVODEX.2.1-P5449,EVODEX.2.1-P4501,EVODEX.2.1-P4482,EVODEX.2.1-P5417,EVODEX.2.1-P4346,EVODEX.2.1-P5448"
EVODEX.2.1-F2680,"{""C"": -6, ""H"": -14, ""N"": -4, ""O"": -2}","EVODEX.2.1-P4216,EVODEX.2.1-P4231,EVODEX.2.1-P4483,EVODEX.2.1-P4469,EVODEX.2.1-P4500"
EVODEX.2.1-F2683,"{""C"": -6, ""H"": -15, ""O"": -13, ""P"": -3}","EVODEX.2.1-P5941,EVODEX.2.1-P5933,EVODEX.2.1-P5935"
EVODEX.2.1-F2689,"{""C"": -6, ""H"": -3, ""N"": -1, ""O"": -2}","EVODEX.2.1-P3804,EVODEX.2.1-P4692,EVODEX.2.1-P4073,EVODEX.2.1-P3935,EVODEX.2.1-P9,EVODEX.2.1-P3879,EVODEX.2.1-P5043,EVODEX.2.1-P3705,EVODEX.2.1-P3872,EVODEX.2.1-P3447,EVODEX.2.1-P3708,EVODEX.2.1-P3926,EVODEX.2.1-P3867,EVODEX.2.1-P4098,EVODEX.2.1-P3439,EVODEX.2.1-P4038,EVODEX.2.1-P3877,EVODEX.2.1-P4056,EVODEX.2.1-P3814,EVODEX.2.1-P3865,EVODEX.2.1-P3868,EVODEX.2.1-P4029,EVODEX.2.1-P3444,EVODEX.2.1-P3470,EVODEX.2.1-P3449"
EVODEX.2.1-F2692,"{""C"": -6, ""H"": -4}","EVODEX.2.1-P3976,EVODEX.2.1-P4072,EVODEX.2.1-P3422"
EVODEX.2.1-F2696,"{""C"": -6, ""H"": -4, ""N"": -2, ""O"": -1}","EVODEX.2.1-P4389,EVODEX.2.1-P4847,EVODEX.2.1-P5042,EVODEX.2.1-P4879,EVODEX.2.1-P4206,EVODEX.2.1-P5379,EVODEX.2.1-P5382,EVODEX.2.1-P4377,EVODEX.2.1-P5375,EVODEX.2.1-P5384"
EVODEX.2.1-F2708,"{""C"": -6, ""H"": -5, ""N"": -1, ""O"": -3}","EVODEX.2.1-P3015,EVODEX.2.1-P4688,EVODEX.2.1-P3004,EVODEX.2.1-P4248,EVODEX.2.1-P4991,EVODEX.2.1-P3880,EVODEX.2.1-P4578,EVODEX.2.1-P3007,EVODEX.2.1-P3751,EVODEX.2.1-P4116,EVODEX.2.1-P3006,EVODEX.2.1-P4076,EVODEX.2.1-P4112,EVODEX.2.1-P4109,EVODEX.2.1-P2131"
EVODEX.2.1-F2715,"{""C"": -6, ""H"": -6, ""N"": -2, ""O"": -2}","EVODEX.2.1-P4672,EVODEX.2.1-P5690,EVODEX.2.1-P5020,EVODEX.2.1-P4657,EVODEX.2.1-P4373,EVODEX.2.1-P1873,EVODEX.2.1-P1893,EVODEX.2.1-P1890,EVODEX.2.1-P1891,EVODEX.2.1-P5374,EVODEX.2.1-P5383,EVODEX.2.1-P1871,EVODEX.2.1-P3689,EVODEX.2.1-P5378,EVODEX.2.1-P4376"
EVODEX.2.1-F2716,"{""C"": -6, ""H"": -6, ""N"": -2, ""O"": -3}","EVODEX.2.1-P2590,EVODEX.2.1-P2713,EVODEX.2.1-P2592,EVODEX.2.1-P2782,EVODEX.2.1-P2595"
EVODEX.2.1-F2717,"{""C"": -6, ""H"": -6, ""N"": -4, ""O"": -7, ""P"": -2}","EVODEX.2.1-P6914,EVODEX.2.1-P6619,EVODEX.2.1-P6851,EVODEX.2.1-P6807,EVODEX.2.1-P6931"
EVODEX.2.1-F2718,"{""C"": -6, ""H"": -6, ""N"": -4, ""O"": -8, ""P"": -2}","EVODEX.2.1-P6650,EVODEX.2.1-P6649,EVODEX.2.1-P6632,EVODEX.2.1-P7072,EVODEX.2.1-P6637"
EVODEX.2.1-F2719,"{""C"": -6, ""H"": -6, ""O"": -1}","EVODEX.2.1-P3024,EVODEX.2.1-P4651,EVODEX.2.1-P3691,EVODEX.2.1-P3019,EVODEX.2.1-P3486,EVODEX.2.1-P4108,EVODEX.2.1-P3917,EVODEX.2.1-P3023,EVODEX.2.1-P3022,EVODEX.2.1-P3026"
EVODEX.2.1-F2731,"{""C"": -6, ""H"": -7, ""N"": -3, ""O"": -1}","EVODEX.2.1-P4336,EVODEX.2.1-P4277,EVODEX.2.1-P4515,EVODEX.2.1-P4334,EVODEX.2.1-P4329"
EVODEX.2.1-F2748,"{""C"": -6, ""H"": -8, ""O"": -6}","EVODEX.2.1-P4091,EVODEX.2.1-P4092,EVODEX.2.1-P3930,EVODEX.2.1-P3931,EVODEX.2.1-P4093"
EVODEX.2.1-F2754,"{""C"": -6, ""H"": -9, ""N"": -1, ""O"": -2, ""S"": -1}","EVODEX.2.1-P4534,EVODEX.2.1-P4550,EVODEX.2.1-P4547,EVODEX.2.1-P4535,EVODEX.2.1-P4549"
EVODEX.2.1-F2757,"{""C"": -6, ""H"": -9, ""N"": -3, ""O"": -2}","EVODEX.2.1-P4348,EVODEX.2.1-P4332,EVODEX.2.1-P4514,EVODEX.2.1-P4561,EVODEX.2.1-P4335"
EVODEX.2.1-F2778,"{""C"": -7, ""H"": -10, ""O"": -6}","EVODEX.2.1-P3929,EVODEX.2.1-P3928,EVODEX.2.1-P3923,EVODEX.2.1-P3514,EVODEX.2.1-P3924"
EVODEX.2.1-F2814,"{""C"": -7, ""H"": -4, ""N"": -2, ""O"": -3}","EVODEX.2.1-P4602,EVODEX.2.1-P4596,EVODEX.2.1-P4591,EVODEX.2.1-P4611,EVODEX.2.1-P4585"
EVODEX.2.1-F2815,"{""C"": -7, ""H"": -4, ""O"": -1}","EVODEX.2.1-P5391,EVODEX.2.1-P5443,EVODEX.2.1-P5389,EVODEX.2.1-P5063,EVODEX.2.1-P4617"
EVODEX.2.1-F2824,"{""C"": -7, ""H"": -5, ""N"": -3, ""O"": -2}","EVODEX.2.1-P4674,EVODEX.2.1-P4806,EVODEX.2.1-P4678,EVODEX.2.1-P4614,EVODEX.2.1-P4809"
EVODEX.2.1-F2828,"{""C"": -7, ""H"": -6}","EVODEX.2.1-P3960,EVODEX.2.1-P5599,EVODEX.2.1-P4816,EVODEX.2.1-P5095,EVODEX.2.1-P3604,EVODEX.2.1-P3962,EVODEX.2.1-P5597,EVODEX.2.1-P5603,EVODEX.2.1-P5590,EVODEX.2.1-P5592"
EVODEX.2.1-F2829,"{""C"": -7, ""H"": -6, ""N"": -2, ""O"": -4}","EVODEX.2.1-P3621,EVODEX.2.1-P5369,EVODEX.2.1-P4595,EVODEX.2.1-P4600,EVODEX.2.1-P4603"
EVODEX.2.1-F2844,"{""C"": -7, ""H"": -7, ""N"": -3, ""O"": -3}","EVODEX.2.1-P4676,EVODEX.2.1-P4807,EVODEX.2.1-P4673,EVODEX.2.1-P4613,EVODEX.2.1-P4808"
EVODEX.2.1-F2845,"{""C"": -7, ""H"": -7, ""N"": -4, ""O"": -5, ""P"": -1}","EVODEX.2.1-P6462,EVODEX.2.1-P6458,EVODEX.2.1-P6470,EVODEX.2.1-P6472,EVODEX.2.1-P6459"
EVODEX.2.1-F2850,"{""C"": -7, ""H"": -8, ""N"": -4, ""O"": -7, ""P"": -2}","EVODEX.2.1-P6979,EVODEX.2.1-P6816,EVODEX.2.1-P6958,EVODEX.2.1-P6951,EVODEX.2.1-P6760"
EVODEX.2.1-F2851,"{""C"": -7, ""H"": -8, ""N"": -4, ""O"": -8, ""P"": -2}","EVODEX.2.1-P6888,EVODEX.2.1-P6791,EVODEX.2.1-P6857,EVODEX.2.1-P6713,EVODEX.2.1-P6679,EVODEX.2.1-P6943,EVODEX.2.1-P6519,EVODEX.2.1-P6820,EVODEX.2.1-P6885,EVODEX.2.1-P6738,EVODEX.2.1-P6716,EVODEX.2.1-P6736,EVODEX.2.1-P6762,EVODEX.2.1-P6883,EVODEX.2.1-P6445"
EVODEX.2.1-F2852,"{""C"": -7, ""H"": -8, ""N"": -4, ""O"": -8, ""P"": -2, ""S"": 1}","EVODEX.2.1-P7045,EVODEX.2.1-P6978,EVODEX.2.1-P6600,EVODEX.2.1-P6984,EVODEX.2.1-P6598"
EVODEX.2.1-F2854,"{""C"": -7, ""H"": -8, ""O"": -1}","EVODEX.2.1-P3605,EVODEX.2.1-P4251,EVODEX.2.1-P4249,EVODEX.2.1-P4273,EVODEX.2.1-P3959,EVODEX.2.1-P4255,EVODEX.2.1-P4034,EVODEX.2.1-P4261,EVODEX.2.1-P3513,EVODEX.2.1-P4815"
EVODEX.2.1-F2869,"{""C"": -8, ""H"": -10, ""N"": -1, ""O"": -5, ""P"": -1}","EVODEX.2.1-P1195,EVODEX.2.1-P1187,EVODEX.2.1-P1181,EVODEX.2.1-P1207,EVODEX.2.1-P1190"
EVODEX.2.1-F2872,"{""C"": -8, ""H"": -10, ""N"": -2, ""O"": -2, ""S"": -1}","EVODEX.2.1-P3482,EVODEX.2.1-P5354,EVODEX.2.1-P1616,EVODEX.2.1-P3628,EVODEX.2.1-P5353"
EVODEX.2.1-F2874,"{""C"": -8, ""H"": -10, ""N"": -4, ""O"": -4}","EVODEX.2.1-P5246,EVODEX.2.1-P4635,EVODEX.2.1-P4634,EVODEX.2.1-P4632,EVODEX.2.1-P4773"
EVODEX.2.1-F2875,"{""C"": -8, ""H"": -10, ""N"": -4, ""O"": -8, ""P"": -2}","EVODEX.2.1-P6690,EVODEX.2.1-P7022,EVODEX.2.1-P6999,EVODEX.2.1-P6949,EVODEX.2.1-P6898"
EVODEX.2.1-F2885,"{""C"": -8, ""H"": -12, ""N"": -2, ""O"": -3, ""S"": -1}","EVODEX.2.1-P5333,EVODEX.2.1-P5366,EVODEX.2.1-P1617,EVODEX.2.1-P5345,EVODEX.2.1-P5350"
EVODEX.2.1-F2887,"{""C"": -8, ""H"": -12, ""N"": -2, ""O"": -4, ""S"": -1}","EVODEX.2.1-P6697,EVODEX.2.1-P6693,EVODEX.2.1-P6666"
EVODEX.2.1-F2890,"{""C"": -8, ""H"": -13, ""N"": -1, ""O"": -5}","EVODEX.2.1-P3934,EVODEX.2.1-P3978,EVODEX.2.1-P4115,EVODEX.2.1-P4075,EVODEX.2.1-P2082"
EVODEX.2.1-F2899,"{""C"": -8, ""H"": -14, ""O"": -1}","EVODEX.2.1-P3487,EVODEX.2.1-P3488,EVODEX.2.1-P3563,EVODEX.2.1-P3424,EVODEX.2.1-P3521"
EVODEX.2.1-F2905,"{""C"": -8, ""H"": -15, ""N"": -2, ""O"": -8, ""P"": -1, ""S"": -1}","EVODEX.2.1-P6700,EVODEX.2.1-P6698"
EVODEX.2.1-F2924,"{""C"": -8, ""H"": -6, ""O"": -1}","EVODEX.2.1-P5361,EVODEX.2.1-P5453,EVODEX.2.1-P5358,EVODEX.2.1-P3481,EVODEX.2.1-P5346"
EVODEX.2.1-F2925,"{""C"": -8, ""H"": -6, ""O"": -2}","EVODEX.2.1-P5402,EVODEX.2.1-P5604,EVODEX.2.1-P4680,EVODEX.2.1-P4478,EVODEX.2.1-P4476"
EVODEX.2.1-F2935,"{""C"": -8, ""H"": -8, ""N"": -1, ""O"": -5, ""P"": -1}","EVODEX.2.1-P1194,EVODEX.2.1-P1196,EVODEX.2.1-P1188,EVODEX.2.1-P1205,EVODEX.2.1-P1184"
EVODEX.2.1-F2938,"{""C"": -8, ""H"": -8, ""N"": -4, ""O"": -3}","EVODEX.2.1-P4637,EVODEX.2.1-P4633,EVODEX.2.1-P4639,EVODEX.2.1-P4636,EVODEX.2.1-P4638"
EVODEX.2.1-F2958,"{""C"": -9, ""H"": -10, ""N"": -2, ""O"": -4}","EVODEX.2.1-P4524,EVODEX.2.1-P4529,EVODEX.2.1-P4528,EVODEX.2.1-P4526,EVODEX.2.1-P4527"
EVODEX.2.1-F2966,"{""C"": -9, ""H"": -11, ""N"": -1, ""O"": -2}","EVODEX.2.1-P4164,EVODEX.2.1-P2752,EVODEX.2.1-P4466,EVODEX.2.1-P2570,EVODEX.2.1-P4199,EVODEX.2.1-P4465,EVODEX.2.1-P4149,EVODEX.2.1-P2554,EVODEX.2.1-P2553,EVODEX.2.1-P2561"
EVODEX.2.1-F2967,"{""C"": -9, ""H"": -11, ""N"": -1, ""O"": -3}","EVODEX.2.1-P4370,EVODEX.2.1-P4196,EVODEX.2.1-P4160,EVODEX.2.1-P4151,EVODEX.2.1-P4451"
EVODEX.2.1-F2970,"{""C"": -9, ""H"": -11, ""N"": -2, ""O"": -8, ""P"": -1}","EVODEX.2.1-P3255,EVODEX.2.1-P1607,EVODEX.2.1-P3228,EVODEX.2.1-P1606,EVODEX.2.1-P5828"
EVODEX.2.1-F2974,"{""C"": -9, ""H"": -12, ""N"": -2, ""O"": -11, ""P"": -2}","EVODEX.2.1-P2062,EVODEX.2.1-P2039,EVODEX.2.1-P2151,EVODEX.2.1-P2037,EVODEX.2.1-P1981"
EVODEX.2.1-F2980,"{""C"": -9, ""H"": -12, ""N"": -3, ""O"": -7, ""P"": -1}","EVODEX.2.1-P3225,EVODEX.2.1-P5826,EVODEX.2.1-P3279,EVODEX.2.1-P3275,EVODEX.2.1-P3218"
EVODEX.2.1-F2985,"{""C"": -9, ""H"": -13, ""N"": -2, ""O"": -9, ""P"": -1}","EVODEX.2.1-P3285,EVODEX.2.1-P3292,EVODEX.2.1-P3294,EVODEX.2.1-P3304,EVODEX.2.1-P2991,EVODEX.2.1-P2867,EVODEX.2.1-P3291,EVODEX.2.1-P3283,EVODEX.2.1-P2990,EVODEX.2.1-P3162"
EVODEX.2.1-F2992,"{""C"": -9, ""H"": -14, ""N"": -2, ""O"": -12, ""P"": -2}","EVODEX.2.1-P2098,EVODEX.2.1-P1980,EVODEX.2.1-P2014,EVODEX.2.1-P2054,EVODEX.2.1-P2097,EVODEX.2.1-P2052,EVODEX.2.1-P2940,EVODEX.2.1-P2013,EVODEX.2.1-P2909,EVODEX.2.1-P2907,EVODEX.2.1-P2063,EVODEX.2.1-P2001,EVODEX.2.1-P2886,EVODEX.2.1-P2036,EVODEX.2.1-P2105,EVODEX.2.1-P2035,EVODEX.2.1-P2924,EVODEX.2.1-P2048,EVODEX.2.1-P2043,EVODEX.2.1-P2150,EVODEX.2.1-P1999,EVODEX.2.1-P2015,EVODEX.2.1-P2110,EVODEX.2.1-P2055,EVODEX.2.1-P2020,EVODEX.2.1-P1998,EVODEX.2.1-P2074,EVODEX.2.1-P2155,EVODEX.2.1-P1997,EVODEX.2.1-P3999,EVODEX.2.1-P3214,EVODEX.2.1-P2107,EVODEX.2.1-P1983,EVODEX.2.1-P2184,EVODEX.2.1-P2051"
EVODEX.2.1-F2995,"{""C"": -9, ""H"": -14, ""N"": -3, ""O"": -8, ""P"": -1}","EVODEX.2.1-P2188,EVODEX.2.1-P2190,EVODEX.2.1-P2187,EVODEX.2.1-P3301,EVODEX.2.1-P3257,EVODEX.2.1-P2201,EVODEX.2.1-P2193,EVODEX.2.1-P3274,EVODEX.2.1-P3273,EVODEX.2.1-P3163"
EVODEX.2.1-F2997,"{""C"": -9, ""H"": -15, ""N"": -1, ""O"": -4}","EVODEX.2.1-P7048,EVODEX.2.1-P7040,EVODEX.2.1-P7043"
EVODEX.2.1-F2998,"{""C"": -9, ""H"": -15, ""N"": -3, ""O"": -10, ""P"": -2}","EVODEX.2.1-P2827,EVODEX.2.1-P3802,EVODEX.2.1-P2919,EVODEX.2.1-P2999,EVODEX.2.1-P2874"
EVODEX.2.1-F2999,"{""C"": -9, ""H"": -15, ""N"": -3, ""O"": -11, ""P"": -2}","EVODEX.2.1-P2988,EVODEX.2.1-P2887,EVODEX.2.1-P2850,EVODEX.2.1-P2825,EVODEX.2.1-P2826,EVODEX.2.1-P3125,EVODEX.2.1-P2961,EVODEX.2.1-P3130,EVODEX.2.1-P3119,EVODEX.2.1-P3140"
EVODEX.2.1-F3003,"{""C"": -9, ""H"": -16, ""N"": -2, ""O"": -2}","EVODEX.2.1-P4683,EVODEX.2.1-P4682,EVODEX.2.1-P4684,EVODEX.2.1-P4430,EVODEX.2.1-P4686,EVODEX.2.1-P5253,EVODEX.2.1-P5172,EVODEX.2.1-P5168,EVODEX.2.1-P4690,EVODEX.2.1-P5165"
EVODEX.2.1-F3012,"{""C"": -9, ""H"": -18, ""N"": -1, ""O"": -8, ""P"": -1}","EVODEX.2.1-P7039,EVODEX.2.1-P7042"
EVODEX.2.1-F3013,"{""C"": -9, ""H"": -18, ""N"": -2, ""O"": -3}","EVODEX.2.1-P5171,EVODEX.2.1-P4681,EVODEX.2.1-P5164,EVODEX.2.1-P5150,EVODEX.2.1-P4687,EVODEX.2.1-P5167,EVODEX.2.1-P4839,EVODEX.2.1-P4685,EVODEX.2.1-P5156,EVODEX.2.1-P4689"
EVODEX.2.1-F3023,"{""C"": -9, ""H"": -7, ""N"": -1, ""O"": -2}","EVODEX.2.1-P4445,EVODEX.2.1-P4419,EVODEX.2.1-P4454,EVODEX.2.1-P4408,EVODEX.2.1-P4432"
EVODEX.2.1-F3030,"{""C"": -9, ""H"": -8, ""N"": -2, ""O"": -3}","EVODEX.2.1-P4525,EVODEX.2.1-P4507,EVODEX.2.1-P4523,EVODEX.2.1-P4530,EVODEX.2.1-P4508"
EVODEX.2.1-F3033,"{""C"": -9, ""H"": -8, ""O"": -3}","EVODEX.2.1-P2555,EVODEX.2.1-P2552,EVODEX.2.1-P2757,EVODEX.2.1-P2572,EVODEX.2.1-P2560"
EVODEX.2.1-F3034,"{""C"": -9, ""H"": -8, ""O"": -4}","EVODEX.2.1-P2404,EVODEX.2.1-P2643,EVODEX.2.1-P2465,EVODEX.2.1-P2678,EVODEX.2.1-P2771"
EVODEX.2.1-F3036,"{""C"": -9, ""H"": -9, ""N"": -1, ""O"": -1}","EVODEX.2.1-P4226,EVODEX.2.1-P4382,EVODEX.2.1-P4447,EVODEX.2.1-P4162,EVODEX.2.1-P4498,EVODEX.2.1-P4484,EVODEX.2.1-P4194,EVODEX.2.1-P4290,EVODEX.2.1-P4197,EVODEX.2.1-P4146"
EVODEX.2.1-F3037,"{""C"": -9, ""H"": -9, ""N"": -1, ""O"": -2}","EVODEX.2.1-P4368,EVODEX.2.1-P5413,EVODEX.2.1-P5161,EVODEX.2.1-P4499,EVODEX.2.1-P4558,EVODEX.2.1-P4503,EVODEX.2.1-P4137,EVODEX.2.1-P4187,EVODEX.2.1-P4148,EVODEX.2.1-P4479"
EVODEX.2.1-F3043,"{""Cl"": -1, ""H"": 1, ""O"": 1}","EVODEX.2.1-P5897,EVODEX.2.1-P5895,EVODEX.2.1-P5900,EVODEX.2.1-P5889,EVODEX.2.1-P5892"
EVODEX.2.1-F3044,"{""Cl"": -1, ""H"": -1}","EVODEX.2.1-P5906,EVODEX.2.1-P5902,EVODEX.2.1-P5888,EVODEX.2.1-P5887,EVODEX.2.1-P5891"
EVODEX.2.1-F3047,"{""H"": 1}","EVODEX.2.1-P1323,EVODEX.2.1-P42,EVODEX.2.1-P1317,EVODEX.2.1-P1242,EVODEX.2.1-P47,EVODEX.2.1-P966,EVODEX.2.1-P44,EVODEX.2.1-P464,EVODEX.2.1-P844,EVODEX.2.1-P72,EVODEX.2.1-P28,EVODEX.2.1-P910,EVODEX.2.1-P1328,EVODEX.2.1-P92,EVODEX.2.1-P490,EVODEX.2.1-P46,EVODEX.2.1-P719,EVODEX.2.1-P1016,EVODEX.2.1-P1325,EVODEX.2.1-P915,EVODEX.2.1-P37,EVODEX.2.1-P182,EVODEX.2.1-P49,EVODEX.2.1-P1327,EVODEX.2.1-P40,EVODEX.2.1-P509,EVODEX.2.1-P2362,EVODEX.2.1-P917,EVODEX.2.1-P1238,EVODEX.2.1-P451,EVODEX.2.1-P67,EVODEX.2.1-P572,EVODEX.2.1-P522,EVODEX.2.1-P1039,EVODEX.2.1-P785,EVODEX.2.1-P596,EVODEX.2.1-P462,EVODEX.2.1-P518,EVODEX.2.1-P908,EVODEX.2.1-P975,EVODEX.2.1-P1326,EVODEX.2.1-P909,EVODEX.2.1-P1009,EVODEX.2.1-P933,EVODEX.2.1-P916,EVODEX.2.1-P20,EVODEX.2.1-P435,EVODEX.2.1-P593,EVODEX.2.1-P662,EVODEX.2.1-P656,EVODEX.2.1-P43,EVODEX.2.1-P446,EVODEX.2.1-P1218,EVODEX.2.1-P529,EVODEX.2.1-P93,EVODEX.2.1-P604,EVODEX.2.1-P483,EVODEX.2.1-P567,EVODEX.2.1-P465,EVODEX.2.1-P1264,EVODEX.2.1-P1244,EVODEX.2.1-P754,EVODEX.2.1-P22,EVODEX.2.1-P2384,EVODEX.2.1-P588,EVODEX.2.1-P830,EVODEX.2.1-P1262,EVODEX.2.1-P787,EVODEX.2.1-P511,EVODEX.2.1-P784,EVODEX.2.1-P51,EVODEX.2.1-P487,EVODEX.2.1-P557,EVODEX.2.1-P912,EVODEX.2.1-P1319,EVODEX.2.1-P45,EVODEX.2.1-P559,EVODEX.2.1-P864,EVODEX.2.1-P898,EVODEX.2.1-P914,EVODEX.2.1-P527,EVODEX.2.1-P792,EVODEX.2.1-P1008,EVODEX.2.1-P993,EVODEX.2.1-P848,EVODEX.2.1-P811,EVODEX.2.1-P758,EVODEX.2.1-P598,EVODEX.2.1-P1318,EVODEX.2.1-P477,EVODEX.2.1-P444,EVODEX.2.1-P903,EVODEX.2.1-P761,EVODEX.2.1-P718,EVODEX.2.1-P938,EVODEX.2.1-P38,EVODEX.2.1-P484,EVODEX.2.1-P2389,EVODEX.2.1-P1265,EVODEX.2.1-P913,EVODEX.2.1-P1320,EVODEX.2.1-P747,EVODEX.2.1-P2378,EVODEX.2.1-P801,EVODEX.2.1-P752,EVODEX.2.1-P30,EVODEX.2.1-P798,EVODEX.2.1-P957,EVODEX.2.1-P86,EVODEX.2.1-P1263,EVODEX.2.1-P62,EVODEX.2.1-P806,EVODEX.2.1-P60,EVODEX.2.1-P1266,EVODEX.2.1-P439,EVODEX.2.1-P31,EVODEX.2.1-P985,EVODEX.2.1-P552,EVODEX.2.1-P1316,EVODEX.2.1-P981,EVODEX.2.1-P534,EVODEX.2.1-P2385,EVODEX.2.1-P87"
EVODEX.2.1-F3048,"{""H"": 1, ""N"": 1}","EVODEX.2.1-P6183,EVODEX.2.1-P6421,EVODEX.2.1-P5524,EVODEX.2.1-P6182,EVODEX.2.1-P6385"
EVODEX.2.1-F3049,"{""H"": 1, ""N"": 1, ""O"": -1}","EVODEX.2.1-P5013,EVODEX.2.1-P5547,EVODEX.2.1-P1113,EVODEX.2.1-P5545,EVODEX.2.1-P5465,EVODEX.2.1-P1119,EVODEX.2.1-P1122,EVODEX.2.1-P1166,EVODEX.2.1-P5555,EVODEX.2.1-P1107"
EVODEX.2.1-F3050,"{""H"": 1, ""N"": -1, ""O"": 2}","EVODEX.2.1-P5788,EVODEX.2.1-P5808,EVODEX.2.1-P5811,EVODEX.2.1-P5771,EVODEX.2.1-P5782"
EVODEX.2.1-F3053,"{""H"": 1, ""O"": 1}","EVODEX.2.1-P828,EVODEX.2.1-P888,EVODEX.2.1-P847,EVODEX.2.1-P866,EVODEX.2.1-P766,EVODEX.2.1-P767,EVODEX.2.1-P929,EVODEX.2.1-P934,EVODEX.2.1-P1047,EVODEX.2.1-P1240,EVODEX.2.1-P1036,EVODEX.2.1-P1052,EVODEX.2.1-P1273,EVODEX.2.1-P948,EVODEX.2.1-P955,EVODEX.2.1-P1256,EVODEX.2.1-P953,EVODEX.2.1-P1252,EVODEX.2.1-P999,EVODEX.2.1-P1034,EVODEX.2.1-P1227"
EVODEX.2.1-F3056,"{""H"": 1, ""O"": 3, ""P"": 1}","EVODEX.2.1-P3048,EVODEX.2.1-P3149,EVODEX.2.1-P2930,EVODEX.2.1-P2821,EVODEX.2.1-P2926,EVODEX.2.1-P3066,EVODEX.2.1-P2900,EVODEX.2.1-P6740,EVODEX.2.1-P3072,EVODEX.2.1-P3124,EVODEX.2.1-P3120,EVODEX.2.1-P1460,EVODEX.2.1-P3146,EVODEX.2.1-P3123,EVODEX.2.1-P6576,EVODEX.2.1-P6669,EVODEX.2.1-P3081,EVODEX.2.1-P3057,EVODEX.2.1-P3085,EVODEX.2.1-P3074,EVODEX.2.1-P6569,EVODEX.2.1-P3088,EVODEX.2.1-P3077,EVODEX.2.1-P3096,EVODEX.2.1-P3033,EVODEX.2.1-P6876,EVODEX.2.1-P3042,EVODEX.2.1-P3036,EVODEX.2.1-P3046,EVODEX.2.1-P3044"
EVODEX.2.1-F3060,"{""H"": 2}","EVODEX.2.1-P921,EVODEX.2.1-P653,EVODEX.2.1-P33,EVODEX.2.1-P104,EVODEX.2.1-P71,EVODEX.2.1-P1248,EVODEX.2.1-P607,EVODEX.2.1-P634,EVODEX.2.1-P94,EVODEX.2.1-P493,EVODEX.2.1-P77,EVODEX.2.1-P456,EVODEX.2.1-P1132,EVODEX.2.1-P3,EVODEX.2.1-P585,EVODEX.2.1-P837,EVODEX.2.1-P988,EVODEX.2.1-P783,EVODEX.2.1-P606,EVODEX.2.1-P720,EVODEX.2.1-P448,EVODEX.2.1-P778,EVODEX.2.1-P64,EVODEX.2.1-P591,EVODEX.2.1-P27,EVODEX.2.1-P636,EVODEX.2.1-P1324,EVODEX.2.1-P1004,EVODEX.2.1-P1054,EVODEX.2.1-P952,EVODEX.2.1-P1124,EVODEX.2.1-P508,EVODEX.2.1-P88,EVODEX.2.1-P569,EVODEX.2.1-P609,EVODEX.2.1-P515,EVODEX.2.1-P563,EVODEX.2.1-P1021,EVODEX.2.1-P818,EVODEX.2.1-P582,EVODEX.2.1-P618,EVODEX.2.1-P633,EVODEX.2.1-P41,EVODEX.2.1-P1234,EVODEX.2.1-P488,EVODEX.2.1-P638,EVODEX.2.1-P447,EVODEX.2.1-P513,EVODEX.2.1-P584,EVODEX.2.1-P810,EVODEX.2.1-P498,EVODEX.2.1-P469,EVODEX.2.1-P1236,EVODEX.2.1-P35,EVODEX.2.1-P782,EVODEX.2.1-P1322,EVODEX.2.1-P458,EVODEX.2.1-P48,EVODEX.2.1-P560,EVODEX.2.1-P1,EVODEX.2.1-P1237,EVODEX.2.1-P1258,EVODEX.2.1-P59,EVODEX.2.1-P473,EVODEX.2.1-P824,EVODEX.2.1-P860,EVODEX.2.1-P1045,EVODEX.2.1-P505,EVODEX.2.1-P611,EVODEX.2.1-P551,EVODEX.2.1-P899,EVODEX.2.1-P476,EVODEX.2.1-P872,EVODEX.2.1-P452,EVODEX.2.1-P50,EVODEX.2.1-P1330,EVODEX.2.1-P900,EVODEX.2.1-P7,EVODEX.2.1-P788,EVODEX.2.1-P8,EVODEX.2.1-P790,EVODEX.2.1-P1032,EVODEX.2.1-P4,EVODEX.2.1-P904,EVODEX.2.1-P157,EVODEX.2.1-P550,EVODEX.2.1-P1027,EVODEX.2.1-P1321,EVODEX.2.1-P443,EVODEX.2.1-P1329,EVODEX.2.1-P5,EVODEX.2.1-P12,EVODEX.2.1-P1331,EVODEX.2.1-P13,EVODEX.2.1-P152,EVODEX.2.1-P901,EVODEX.2.1-P918,EVODEX.2.1-P580,EVODEX.2.1-P14,EVODEX.2.1-P902"
EVODEX.2.1-F3061,"{""H"": 2, ""N"": 1, ""O"": -1}","EVODEX.2.1-P1013,EVODEX.2.1-P1048,EVODEX.2.1-P965,EVODEX.2.1-P967,EVODEX.2.1-P927,EVODEX.2.1-P950,EVODEX.2.1-P994,EVODEX.2.1-P1025,EVODEX.2.1-P1001,EVODEX.2.1-P939"
EVODEX.2.1-F3064,"{""H"": 2, ""N"": -2, ""O"": 4}","EVODEX.2.1-P5786,EVODEX.2.1-P5780,EVODEX.2.1-P5776,EVODEX.2.1-P5799,EVODEX.2.1-P5785"
EVODEX.2.1-F3065,"{""H"": 2, ""O"": 1}","EVODEX.2.1-P5264,EVODEX.2.1-P4742,EVODEX.2.1-P4694,EVODEX.2.1-P4288,EVODEX.2.1-P5311,EVODEX.2.1-P4767,EVODEX.2.1-P4840,EVODEX.2.1-P4533,EVODEX.2.1-P3777,EVODEX.2.1-P3651,EVODEX.2.1-P3451,EVODEX.2.1-P5856,EVODEX.2.1-P3557,EVODEX.2.1-P3603,EVODEX.2.1-P4892,EVODEX.2.1-P4003,EVODEX.2.1-P5755,EVODEX.2.1-P3527,EVODEX.2.1-P4851,EVODEX.2.1-P4304,EVODEX.2.1-P4434,EVODEX.2.1-P5644,EVODEX.2.1-P4977,EVODEX.2.1-P4036,EVODEX.2.1-P3702,EVODEX.2.1-P5434,EVODEX.2.1-P4126,EVODEX.2.1-P5571,EVODEX.2.1-P4962,EVODEX.2.1-P5044,EVODEX.2.1-P3566,EVODEX.2.1-P4081,EVODEX.2.1-P5903,EVODEX.2.1-P5772,EVODEX.2.1-P3739,EVODEX.2.1-P1066,EVODEX.2.1-P4903,EVODEX.2.1-P5843,EVODEX.2.1-P709,EVODEX.2.1-P5850,EVODEX.2.1-P5797,EVODEX.2.1-P4143,EVODEX.2.1-P3954,EVODEX.2.1-P3858,EVODEX.2.1-P5806,EVODEX.2.1-P5065,EVODEX.2.1-P3490,EVODEX.2.1-P4366,EVODEX.2.1-P3660,EVODEX.2.1-P3973,EVODEX.2.1-P3729,EVODEX.2.1-P3743,EVODEX.2.1-P4084,EVODEX.2.1-P3807,EVODEX.2.1-P5829,EVODEX.2.1-P3565,EVODEX.2.1-P3474,EVODEX.2.1-P5046,EVODEX.2.1-P4375,EVODEX.2.1-P4911,EVODEX.2.1-P3458,EVODEX.2.1-P6099,EVODEX.2.1-P5634,EVODEX.2.1-P3792,EVODEX.2.1-P4402,EVODEX.2.1-P5553,EVODEX.2.1-P3945,EVODEX.2.1-P6111,EVODEX.2.1-P4597,EVODEX.2.1-P4359,EVODEX.2.1-P3420,EVODEX.2.1-P3666,EVODEX.2.1-P3905,EVODEX.2.1-P3753,EVODEX.2.1-P3788,EVODEX.2.1-P4360,EVODEX.2.1-P3433,EVODEX.2.1-P5562,EVODEX.2.1-P3585,EVODEX.2.1-P3553,EVODEX.2.1-P5750,EVODEX.2.1-P5528,EVODEX.2.1-P4105,EVODEX.2.1-P3733,EVODEX.2.1-P4353,EVODEX.2.1-P1183,EVODEX.2.1-P3785,EVODEX.2.1-P4127,EVODEX.2.1-P3805,EVODEX.2.1-P5578,EVODEX.2.1-P3874,EVODEX.2.1-P876,EVODEX.2.1-P6268,EVODEX.2.1-P4956,EVODEX.2.1-P5494,EVODEX.2.1-P3504,EVODEX.2.1-P4071,EVODEX.2.1-P5653,EVODEX.2.1-P3696,EVODEX.2.1-P1950,EVODEX.2.1-P2293,EVODEX.2.1-P3710,EVODEX.2.1-P1204,EVODEX.2.1-P4045,EVODEX.2.1-P5775,EVODEX.2.1-P5155,EVODEX.2.1-P5472,EVODEX.2.1-P5763,EVODEX.2.1-P3907,EVODEX.2.1-P4973,EVODEX.2.1-P4357,EVODEX.2.1-P3837,EVODEX.2.1-P1956,EVODEX.2.1-P5157,EVODEX.2.1-P5795,EVODEX.2.1-P5641,EVODEX.2.1-P5593,EVODEX.2.1-P5126,EVODEX.2.1-P5901,EVODEX.2.1-P5884,EVODEX.2.1-P1135,EVODEX.2.1-P1931,EVODEX.2.1-P1175,EVODEX.2.1-P6084,EVODEX.2.1-P4989,EVODEX.2.1-P5621,EVODEX.2.1-P3781,EVODEX.2.1-P3766,EVODEX.2.1-P3815,EVODEX.2.1-P5660,EVODEX.2.1-P3772,EVODEX.2.1-P3826,EVODEX.2.1-P5729,EVODEX.2.1-P4090,EVODEX.2.1-P3852,EVODEX.2.1-P4385,EVODEX.2.1-P5747,EVODEX.2.1-P5807,EVODEX.2.1-P3958,EVODEX.2.1-P5886,EVODEX.2.1-P3862,EVODEX.2.1-P4881,EVODEX.2.1-P4913,EVODEX.2.1-P1917,EVODEX.2.1-P5855,EVODEX.2.1-P5614,EVODEX.2.1-P3839,EVODEX.2.1-P3816,EVODEX.2.1-P5800,EVODEX.2.1-P5001,EVODEX.2.1-P4100,EVODEX.2.1-P1104,EVODEX.2.1-P3551,EVODEX.2.1-P3497,EVODEX.2.1-P1209,EVODEX.2.1-P5004,EVODEX.2.1-P5761,EVODEX.2.1-P3718,EVODEX.2.1-P5794,EVODEX.2.1-P4896,EVODEX.2.1-P1064,EVODEX.2.1-P1982,EVODEX.2.1-P3599,EVODEX.2.1-P4473,EVODEX.2.1-P1165,EVODEX.2.1-P5649,EVODEX.2.1-P3806,EVODEX.2.1-P877,EVODEX.2.1-P4292,EVODEX.2.1-P3964,EVODEX.2.1-P5058,EVODEX.2.1-P5765,EVODEX.2.1-P4166,EVODEX.2.1-P3583,EVODEX.2.1-P5370,EVODEX.2.1-P4477,EVODEX.2.1-P4132,EVODEX.2.1-P4959,EVODEX.2.1-P3893,EVODEX.2.1-P3818,EVODEX.2.1-P1072,EVODEX.2.1-P5622,EVODEX.2.1-P10,EVODEX.2.1-P3429,EVODEX.2.1-P4866,EVODEX.2.1-P4388,EVODEX.2.1-P1142,EVODEX.2.1-P3974,EVODEX.2.1-P4552,EVODEX.2.1-P6201,EVODEX.2.1-P3860,EVODEX.2.1-P5740,EVODEX.2.1-P5766,EVODEX.2.1-P4889,EVODEX.2.1-P2019,EVODEX.2.1-P4677,EVODEX.2.1-P5529,EVODEX.2.1-P3655,EVODEX.2.1-P5668,EVODEX.2.1-P4228,EVODEX.2.1-P3942,EVODEX.2.1-P4854,EVODEX.2.1-P5821,EVODEX.2.1-P4955,EVODEX.2.1-P3700,EVODEX.2.1-P1153,EVODEX.2.1-P5835,EVODEX.2.1-P4130,EVODEX.2.1-P5898,EVODEX.2.1-P6081,EVODEX.2.1-P3795,EVODEX.2.1-P5874,EVODEX.2.1-P1278,EVODEX.2.1-P1095,EVODEX.2.1-P3591,EVODEX.2.1-P4396,EVODEX.2.1-P3830,EVODEX.2.1-P3799,EVODEX.2.1-P5878,EVODEX.2.1-P5672,EVODEX.2.1-P6115,EVODEX.2.1-P1918,EVODEX.2.1-P5040,EVODEX.2.1-P3510,EVODEX.2.1-P4883,EVODEX.2.1-P3559,EVODEX.2.1-P4086,EVODEX.2.1-P3921,EVODEX.2.1-P5832,EVODEX.2.1-P4951,EVODEX.2.1-P3727,EVODEX.2.1-P4894,EVODEX.2.1-P3408,EVODEX.2.1-P5824,EVODEX.2.1-P5669,EVODEX.2.1-P4000,EVODEX.2.1-P4128,EVODEX.2.1-P4852,EVODEX.2.1-P4378,EVODEX.2.1-P4906,EVODEX.2.1-P3794,EVODEX.2.1-P4981,EVODEX.2.1-P5557,EVODEX.2.1-P1961,EVODEX.2.1-P879,EVODEX.2.1-P3760,EVODEX.2.1-P3560,EVODEX.2.1-P1966,EVODEX.2.1-P6086,EVODEX.2.1-P3899,EVODEX.2.1-P711,EVODEX.2.1-P4554,EVODEX.2.1-P3952,EVODEX.2.1-P3453,EVODEX.2.1-P4979,EVODEX.2.1-P3542,EVODEX.2.1-P1148,EVODEX.2.1-P5666,EVODEX.2.1-P4717,EVODEX.2.1-P4394,EVODEX.2.1-P4069,EVODEX.2.1-P5586,EVODEX.2.1-P3529,EVODEX.2.1-P3677,EVODEX.2.1-P3980,EVODEX.2.1-P1089,EVODEX.2.1-P4868,EVODEX.2.1-P3425,EVODEX.2.1-P3693,EVODEX.2.1-P1304,EVODEX.2.1-P3532,EVODEX.2.1-P5816,EVODEX.2.1-P4703,EVODEX.2.1-P6083,EVODEX.2.1-P1940,EVODEX.2.1-P3947,EVODEX.2.1-P4649,EVODEX.2.1-P5403,EVODEX.2.1-P3943,EVODEX.2.1-P4365,EVODEX.2.1-P3545,EVODEX.2.1-P3579,EVODEX.2.1-P1915,EVODEX.2.1-P5655,EVODEX.2.1-P5859,EVODEX.2.1-P4031,EVODEX.2.1-P5721,EVODEX.2.1-P5893,EVODEX.2.1-P3540,EVODEX.2.1-P3502,EVODEX.2.1-P3538,EVODEX.2.1-P3811,EVODEX.2.1-P5598,EVODEX.2.1-P5457,EVODEX.2.1-P3726,EVODEX.2.1-P1308,EVODEX.2.1-P3809,EVODEX.2.1-P5626,EVODEX.2.1-P5011,EVODEX.2.1-P6090,EVODEX.2.1-P3463,EVODEX.2.1-P3544,EVODEX.2.1-P5031,EVODEX.2.1-P3892,EVODEX.2.1-P4439,EVODEX.2.1-P3668,EVODEX.2.1-P3909,EVODEX.2.1-P1193,EVODEX.2.1-P4044,EVODEX.2.1-P5651,EVODEX.2.1-P6160,EVODEX.2.1-P4711,EVODEX.2.1-P5405,EVODEX.2.1-P3622,EVODEX.2.1-P3878,EVODEX.2.1-P5648,EVODEX.2.1-P5278,EVODEX.2.1-P1958,EVODEX.2.1-P4471,EVODEX.2.1-P3986,EVODEX.2.1-P3685,EVODEX.2.1-P3984,EVODEX.2.1-P1289,EVODEX.2.1-P5834,EVODEX.2.1-P1943,EVODEX.2.1-P3450,EVODEX.2.1-P1953,EVODEX.2.1-P3895,EVODEX.2.1-P5066,EVODEX.2.1-P3541,EVODEX.2.1-P5392,EVODEX.2.1-P1887,EVODEX.2.1-P4618,EVODEX.2.1-P3555,EVODEX.2.1-P1086,EVODEX.2.1-P4047,EVODEX.2.1-P3998,EVODEX.2.1-P1275,EVODEX.2.1-P1080,EVODEX.2.1-P1287,EVODEX.2.1-P5904,EVODEX.2.1-P5591,EVODEX.2.1-P5381,EVODEX.2.1-P5515,EVODEX.2.1-P4592,EVODEX.2.1-P1170,EVODEX.2.1-P1285,EVODEX.2.1-P4099,EVODEX.2.1-P1192,EVODEX.2.1-P4705,EVODEX.2.1-P5704,EVODEX.2.1-P3995,EVODEX.2.1-P5862,EVODEX.2.1-P3883,EVODEX.2.1-P4016,EVODEX.2.1-P1179,EVODEX.2.1-P5525,EVODEX.2.1-P5394,EVODEX.2.1-P3993,EVODEX.2.1-P5876,EVODEX.2.1-P4984,EVODEX.2.1-P4731,EVODEX.2.1-P5038,EVODEX.2.1-P1164,EVODEX.2.1-P3499,EVODEX.2.1-P3987,EVODEX.2.1-P5839,EVODEX.2.1-P3871,EVODEX.2.1-P5882,EVODEX.2.1-P6092,EVODEX.2.1-P5055,EVODEX.2.1-P5735,EVODEX.2.1-P5314,EVODEX.2.1-P3690,EVODEX.2.1-P5662,EVODEX.2.1-P5377,EVODEX.2.1-P4475,EVODEX.2.1-P4400,EVODEX.2.1-P4395,EVODEX.2.1-P3873,EVODEX.2.1-P5734,EVODEX.2.1-P5535,EVODEX.2.1-P5738,EVODEX.2.1-P3467,EVODEX.2.1-P1291,EVODEX.2.1-P3578,EVODEX.2.1-P3492,EVODEX.2.1-P6095,EVODEX.2.1-P3869,EVODEX.2.1-P4481,EVODEX.2.1-P4386,EVODEX.2.1-P5866,EVODEX.2.1-P3652,EVODEX.2.1-P3709,EVODEX.2.1-P3991,EVODEX.2.1-P5868,EVODEX.2.1-P5008,EVODEX.2.1-P5709,EVODEX.2.1-P3448,EVODEX.2.1-P5837,EVODEX.2.1-P4575,EVODEX.2.1-P3471,EVODEX.2.1-P5609,EVODEX.2.1-P3440,EVODEX.2.1-P5718,EVODEX.2.1-P3692,EVODEX.2.1-P4107,EVODEX.2.1-P4702,EVODEX.2.1-P5711,EVODEX.2.1-P5697,EVODEX.2.1-P3989,EVODEX.2.1-P3913,EVODEX.2.1-P5600,EVODEX.2.1-P4079,EVODEX.2.1-P5706"
EVODEX.2.1-F3066,"{""H"": 2, ""O"": 2}","EVODEX.2.1-P895,EVODEX.2.1-P897,EVODEX.2.1-P896,EVODEX.2.1-P889"
EVODEX.2.1-F3067,"{""H"": 2, ""O"": 4, ""P"": 1}","EVODEX.2.1-P756,EVODEX.2.1-P757,EVODEX.2.1-P746,EVODEX.2.1-P760,EVODEX.2.1-P751"
EVODEX.2.1-F3068,"{""H"": 2, ""O"": 6, ""P"": 2}","EVODEX.2.1-P3167,EVODEX.2.1-P3172,EVODEX.2.1-P3159,EVODEX.2.1-P2997,EVODEX.2.1-P3158,EVODEX.2.1-P2912,EVODEX.2.1-P3152,EVODEX.2.1-P3165,EVODEX.2.1-P3156,EVODEX.2.1-P2186"
EVODEX.2.1-F3069,"{""H"": 2, ""O"": -1}",EVODEX.2.1-P24
EVODEX.2.1-F3072,"{""H"": 3}","EVODEX.2.1-P55,EVODEX.2.1-P54"
EVODEX.2.1-F3073,"{""H"": 3, ""N"": 1}","EVODEX.2.1-P1105,EVODEX.2.1-P5543,EVODEX.2.1-P1068,EVODEX.2.1-P5462,EVODEX.2.1-P6388,EVODEX.2.1-P1117,EVODEX.2.1-P1118,EVODEX.2.1-P5455,EVODEX.2.1-P5546,EVODEX.2.1-P5520,EVODEX.2.1-P1167,EVODEX.2.1-P6401,EVODEX.2.1-P6395"
EVODEX.2.1-F3074,"{""H"": 3, ""N"": 1, ""O"": 1}","EVODEX.2.1-P6315,EVODEX.2.1-P6419,EVODEX.2.1-P6317"
EVODEX.2.1-F3075,"{""H"": 3, ""N"": 1, ""O"": -1}","EVODEX.2.1-P2649,EVODEX.2.1-P963,EVODEX.2.1-P982,EVODEX.2.1-P2694,EVODEX.2.1-P2806,EVODEX.2.1-P1125,EVODEX.2.1-P2718,EVODEX.2.1-P2811,EVODEX.2.1-P1210,EVODEX.2.1-P1160,EVODEX.2.1-P1162,EVODEX.2.1-P969,EVODEX.2.1-P2801,EVODEX.2.1-P2412,EVODEX.2.1-P1743"
EVODEX.2.1-F3077,"{""H"": 3, ""O"": 1}","EVODEX.2.1-P2381,EVODEX.2.1-P2383,EVODEX.2.1-P2390,EVODEX.2.1-P2370"
EVODEX.2.1-F3078,"{""H"": 3, ""O"": 4, ""P"": 1}","EVODEX.2.1-P6542,EVODEX.2.1-P6611,EVODEX.2.1-P6570,EVODEX.2.1-P2070,EVODEX.2.1-P6329,EVODEX.2.1-P1974,EVODEX.2.1-P2072,EVODEX.2.1-P1658,EVODEX.2.1-P2084,EVODEX.2.1-P2083,EVODEX.2.1-P3249,EVODEX.2.1-P6336,EVODEX.2.1-P2168,EVODEX.2.1-P1660,EVODEX.2.1-P6277,EVODEX.2.1-P2177,EVODEX.2.1-P2165,EVODEX.2.1-P1673,EVODEX.2.1-P3247,EVODEX.2.1-P6404,EVODEX.2.1-P3250,EVODEX.2.1-P2162,EVODEX.2.1-P1662,EVODEX.2.1-P2160,EVODEX.2.1-P3251,EVODEX.2.1-P3248,EVODEX.2.1-P1671,EVODEX.2.1-P6380"
EVODEX.2.1-F3080,"{""H"": 4}","EVODEX.2.1-P52,EVODEX.2.1-P868,EVODEX.2.1-P11"
EVODEX.2.1-F3081,"{""H"": 4, ""N"": 1}","EVODEX.2.1-P971,EVODEX.2.1-P935,EVODEX.2.1-P1049,EVODEX.2.1-P1023,EVODEX.2.1-P1037,EVODEX.2.1-P961,EVODEX.2.1-P986,EVODEX.2.1-P1026,EVODEX.2.1-P951,EVODEX.2.1-P996"
EVODEX.2.1-F3084,"{""H"": 4, ""O"": 2}","EVODEX.2.1-P5809,EVODEX.2.1-P5844,EVODEX.2.1-P5158,EVODEX.2.1-P5781,EVODEX.2.1-P5323,EVODEX.2.1-P5789,EVODEX.2.1-P5792,EVODEX.2.1-P5845,EVODEX.2.1-P5793,EVODEX.2.1-P4715,EVODEX.2.1-P5783,EVODEX.2.1-P4405,EVODEX.2.1-P4943,EVODEX.2.1-P5801,EVODEX.2.1-P5265,EVODEX.2.1-P4937,EVODEX.2.1-P5768,EVODEX.2.1-P5790,EVODEX.2.1-P4183,EVODEX.2.1-P4945,EVODEX.2.1-P5779,EVODEX.2.1-P4922"
EVODEX.2.1-F3085,"{""H"": 4, ""O"": 7, ""P"": 2}","EVODEX.2.1-P6219,EVODEX.2.1-P3229,EVODEX.2.1-P3230,EVODEX.2.1-P3186,EVODEX.2.1-P3104,EVODEX.2.1-P3216,EVODEX.2.1-P6206,EVODEX.2.1-P3234,EVODEX.2.1-P3032,EVODEX.2.1-P3217,EVODEX.2.1-P3253,EVODEX.2.1-P6237,EVODEX.2.1-P3236,EVODEX.2.1-P6195,EVODEX.2.1-P6229"
EVODEX.2.1-F3086,"{""H"": 5, ""N"": 1}","EVODEX.2.1-P1015,EVODEX.2.1-P964,EVODEX.2.1-P924,EVODEX.2.1-P1011,EVODEX.2.1-P983,EVODEX.2.1-P1056,EVODEX.2.1-P1003,EVODEX.2.1-P959,EVODEX.2.1-P1046,EVODEX.2.1-P989"
EVODEX.2.1-F3089,"{""H"": 8, ""O"": 4}","EVODEX.2.1-P5796,EVODEX.2.1-P5784,EVODEX.2.1-P5803,EVODEX.2.1-P5798,EVODEX.2.1-P5769"
EVODEX.2.1-F3090,"{""H"": -1}","EVODEX.2.1-P928,EVODEX.2.1-P825,EVODEX.2.1-P858,EVODEX.2.1-P1366,EVODEX.2.1-P1418,EVODEX.2.1-P6,EVODEX.2.1-P96,EVODEX.2.1-P15,EVODEX.2.1-P90,EVODEX.2.1-P870,EVODEX.2.1-P1020,EVODEX.2.1-P1435,EVODEX.2.1-P846,EVODEX.2.1-P1364,EVODEX.2.1-P63,EVODEX.2.1-P57,EVODEX.2.1-P1342,EVODEX.2.1-P859,EVODEX.2.1-P829,EVODEX.2.1-P1433,EVODEX.2.1-P95,EVODEX.2.1-P2,EVODEX.2.1-P79,EVODEX.2.1-P1338,EVODEX.2.1-P1409,EVODEX.2.1-P61,EVODEX.2.1-P78,EVODEX.2.1-P968,EVODEX.2.1-P1392,EVODEX.2.1-P856,EVODEX.2.1-P1402,EVODEX.2.1-P937,EVODEX.2.1-P1436,EVODEX.2.1-P1439,EVODEX.2.1-P1403,EVODEX.2.1-P58,EVODEX.2.1-P722,EVODEX.2.1-P1362,EVODEX.2.1-P2210,EVODEX.2.1-P89,EVODEX.2.1-P1373,EVODEX.2.1-P91,EVODEX.2.1-P1384,EVODEX.2.1-P56,EVODEX.2.1-P183,EVODEX.2.1-P1360,EVODEX.2.1-P83,EVODEX.2.1-P1399,EVODEX.2.1-P18,EVODEX.2.1-P865,EVODEX.2.1-P832,EVODEX.2.1-P936,EVODEX.2.1-P1337,EVODEX.2.1-P1335,EVODEX.2.1-P2208,EVODEX.2.1-P1349,EVODEX.2.1-P1368,EVODEX.2.1-P753,EVODEX.2.1-P841,EVODEX.2.1-P69,EVODEX.2.1-P1447,EVODEX.2.1-P1417,EVODEX.2.1-P1363,EVODEX.2.1-P84,EVODEX.2.1-P1412,EVODEX.2.1-P755,EVODEX.2.1-P838,EVODEX.2.1-P1371,EVODEX.2.1-P1214,EVODEX.2.1-P1254,EVODEX.2.1-P68,EVODEX.2.1-P1352,EVODEX.2.1-P1376,EVODEX.2.1-P738,EVODEX.2.1-P1414,EVODEX.2.1-P1396,EVODEX.2.1-P759,EVODEX.2.1-P907,EVODEX.2.1-P750,EVODEX.2.1-P1449,EVODEX.2.1-P39,EVODEX.2.1-P742,EVODEX.2.1-P1404,EVODEX.2.1-P2254,EVODEX.2.1-P1451,EVODEX.2.1-P102,EVODEX.2.1-P1228,EVODEX.2.1-P851,EVODEX.2.1-P1035,EVODEX.2.1-P1030,EVODEX.2.1-P17,EVODEX.2.1-P730,EVODEX.2.1-P2244,EVODEX.2.1-P1355,EVODEX.2.1-P2206,EVODEX.2.1-P21,EVODEX.2.1-P98,EVODEX.2.1-P956,EVODEX.2.1-P905,EVODEX.2.1-P911,EVODEX.2.1-P992,EVODEX.2.1-P1247,EVODEX.2.1-P906,EVODEX.2.1-P978,EVODEX.2.1-P1042,EVODEX.2.1-P73,EVODEX.2.1-P100,EVODEX.2.1-P74"
EVODEX.2.1-F3096,"{""H"": -1, ""N"": -1}","EVODEX.2.1-P5534,EVODEX.2.1-P5328,EVODEX.2.1-P5518,EVODEX.2.1-P5471,EVODEX.2.1-P5514"
EVODEX.2.1-F3097,"{""H"": -1, ""N"": -1, ""O"": 1}","EVODEX.2.1-P4953,EVODEX.2.1-P5752,EVODEX.2.1-P5773,EVODEX.2.1-P1090,EVODEX.2.1-P5748,EVODEX.2.1-P5778,EVODEX.2.1-P5754,EVODEX.2.1-P1065,EVODEX.2.1-P5777,EVODEX.2.1-P5742,EVODEX.2.1-P5733,EVODEX.2.1-P1141,EVODEX.2.1-P5753,EVODEX.2.1-P4338,EVODEX.2.1-P5810,EVODEX.2.1-P1127,EVODEX.2.1-P1161,EVODEX.2.1-P1097,EVODEX.2.1-P5616,EVODEX.2.1-P5805,EVODEX.2.1-P1098,EVODEX.2.1-P1062,EVODEX.2.1-P5561,EVODEX.2.1-P1158,EVODEX.2.1-P5050,EVODEX.2.1-P1172,EVODEX.2.1-P5723,EVODEX.2.1-P1102,EVODEX.2.1-P1134,EVODEX.2.1-P5574,EVODEX.2.1-P5728,EVODEX.2.1-P1151,EVODEX.2.1-P1091,EVODEX.2.1-P5581,EVODEX.2.1-P5623,EVODEX.2.1-P5579,EVODEX.2.1-P5737,EVODEX.2.1-P5726,EVODEX.2.1-P1084"
EVODEX.2.1-F3099,"{""H"": -1, ""O"": 1}","EVODEX.2.1-P517,EVODEX.2.1-P507,EVODEX.2.1-P528,EVODEX.2.1-P504,EVODEX.2.1-P558,EVODEX.2.1-P537,EVODEX.2.1-P467,EVODEX.2.1-P556,EVODEX.2.1-P595,EVODEX.2.1-P502,EVODEX.2.1-P523,EVODEX.2.1-P565,EVODEX.2.1-P590,EVODEX.2.1-P530,EVODEX.2.1-P459,EVODEX.2.1-P495,EVODEX.2.1-P666,EVODEX.2.1-P453,EVODEX.2.1-P478,EVODEX.2.1-P665,EVODEX.2.1-P503,EVODEX.2.1-P538,EVODEX.2.1-P658,EVODEX.2.1-P663,EVODEX.2.1-P577,EVODEX.2.1-P548,EVODEX.2.1-P470,EVODEX.2.1-P602,EVODEX.2.1-P703,EVODEX.2.1-P554,EVODEX.2.1-P542,EVODEX.2.1-P599,EVODEX.2.1-P441,EVODEX.2.1-P438"
EVODEX.2.1-F3100,"{""H"": -1, ""O"": -1}","EVODEX.2.1-P592,EVODEX.2.1-P474,EVODEX.2.1-P1222,EVODEX.2.1-P1235,EVODEX.2.1-P594,EVODEX.2.1-P519,EVODEX.2.1-P1274,EVODEX.2.1-P779,EVODEX.2.1-P1044,EVODEX.2.1-P575,EVODEX.2.1-P1270,EVODEX.2.1-P455,EVODEX.2.1-P566,EVODEX.2.1-P576,EVODEX.2.1-P514,EVODEX.2.1-P561,EVODEX.2.1-P763,EVODEX.2.1-P874,EVODEX.2.1-P1219,EVODEX.2.1-P555,EVODEX.2.1-P461,EVODEX.2.1-P486,EVODEX.2.1-P1055,EVODEX.2.1-P664,EVODEX.2.1-P457,EVODEX.2.1-P1022,EVODEX.2.1-P827,EVODEX.2.1-P661,EVODEX.2.1-P564,EVODEX.2.1-P1010,EVODEX.2.1-P923,EVODEX.2.1-P608,EVODEX.2.1-P945,EVODEX.2.1-P510,EVODEX.2.1-P546,EVODEX.2.1-P485,EVODEX.2.1-P494,EVODEX.2.1-P573,EVODEX.2.1-P500,EVODEX.2.1-P1002,EVODEX.2.1-P535,EVODEX.2.1-P940,EVODEX.2.1-P471,EVODEX.2.1-P436,EVODEX.2.1-P958,EVODEX.2.1-P1031,EVODEX.2.1-P549,EVODEX.2.1-P543,EVODEX.2.1-P532"
EVODEX.2.1-F3103,"{""H"": -1, ""O"": -3, ""P"": -1}","EVODEX.2.1-P3742,EVODEX.2.1-P3747,EVODEX.2.1-P3791,EVODEX.2.1-P3752,EVODEX.2.1-P5848,EVODEX.2.1-P3774,EVODEX.2.1-P3786,EVODEX.2.1-P3780,EVODEX.2.1-P3776,EVODEX.2.1-P3206,EVODEX.2.1-P3744,EVODEX.2.1-P3768,EVODEX.2.1-P3764,EVODEX.2.1-P2017,EVODEX.2.1-P2972,EVODEX.2.1-P3724,EVODEX.2.1-P3784,EVODEX.2.1-P3765,EVODEX.2.1-P3732,EVODEX.2.1-P3058,EVODEX.2.1-P3737,EVODEX.2.1-P2861,EVODEX.2.1-P2882,EVODEX.2.1-P3091,EVODEX.2.1-P5719,EVODEX.2.1-P5907,EVODEX.2.1-P3740,EVODEX.2.1-P3759,EVODEX.2.1-P3082,EVODEX.2.1-P5716,EVODEX.2.1-P3075,EVODEX.2.1-P3079,EVODEX.2.1-P3060,EVODEX.2.1-P5712"
EVODEX.2.1-F3105,"{""H"": -1, ""O"": -6, ""P"": -2}","EVODEX.2.1-P2363,EVODEX.2.1-P2355,EVODEX.2.1-P2367,EVODEX.2.1-P2358,EVODEX.2.1-P2386"
EVODEX.2.1-F3106,"{""H"": -2}","EVODEX.2.1-P80,EVODEX.2.1-P32,EVODEX.2.1-P139,EVODEX.2.1-P1154,EVODEX.2.1-P25,EVODEX.2.1-P776,EVODEX.2.1-P764,EVODEX.2.1-P1211,EVODEX.2.1-P765,EVODEX.2.1-P34,EVODEX.2.1-P922,EVODEX.2.1-P926,EVODEX.2.1-P1136,EVODEX.2.1-P1146,EVODEX.2.1-P1191,EVODEX.2.1-P887,EVODEX.2.1-P1078,EVODEX.2.1-P103,EVODEX.2.1-P775,EVODEX.2.1-P16,EVODEX.2.1-P1012,EVODEX.2.1-P1079,EVODEX.2.1-P1269,EVODEX.2.1-P1168,EVODEX.2.1-P65,EVODEX.2.1-P991,EVODEX.2.1-P839,EVODEX.2.1-P1159,EVODEX.2.1-P721,EVODEX.2.1-P1277,EVODEX.2.1-P773,EVODEX.2.1-P19,EVODEX.2.1-P736,EVODEX.2.1-P770,EVODEX.2.1-P66,EVODEX.2.1-P111,EVODEX.2.1-P1163,EVODEX.2.1-P883,EVODEX.2.1-P1199,EVODEX.2.1-P1059,EVODEX.2.1-P835,EVODEX.2.1-P110,EVODEX.2.1-P717,EVODEX.2.1-P1186,EVODEX.2.1-P1201,EVODEX.2.1-P1303,EVODEX.2.1-P729,EVODEX.2.1-P1267,EVODEX.2.1-P1297,EVODEX.2.1-P1203,EVODEX.2.1-P1282,EVODEX.2.1-P1233,EVODEX.2.1-P1006,EVODEX.2.1-P29,EVODEX.2.1-P1029,EVODEX.2.1-P1255,EVODEX.2.1-P946,EVODEX.2.1-P1301,EVODEX.2.1-P1284,EVODEX.2.1-P1083,EVODEX.2.1-P976,EVODEX.2.1-P1246,EVODEX.2.1-P871,EVODEX.2.1-P26"
EVODEX.2.1-F3109,"{""H"": -2, ""N"": -1, ""O"": 1}","EVODEX.2.1-P1057,EVODEX.2.1-P932,EVODEX.2.1-P943,EVODEX.2.1-P1051,EVODEX.2.1-P920,EVODEX.2.1-P930,EVODEX.2.1-P987,EVODEX.2.1-P962,EVODEX.2.1-P947,EVODEX.2.1-P1007"
EVODEX.2.1-F3111,"{""H"": -2, ""N"": -2, ""O"": 2}","EVODEX.2.1-P5787,EVODEX.2.1-P5770,EVODEX.2.1-P5802,EVODEX.2.1-P5804,EVODEX.2.1-P5791"
EVODEX.2.1-F3112,"{""H"": -2, ""O"": 1}","EVODEX.2.1-P239,EVODEX.2.1-P135,EVODEX.2.1-P676,EVODEX.2.1-P137,EVODEX.2.1-P253,EVODEX.2.1-P643,EVODEX.2.1-P243,EVODEX.2.1-P652,EVODEX.2.1-P639,EVODEX.2.1-P241,EVODEX.2.1-P654,EVODEX.2.1-P641,EVODEX.2.1-P221,EVODEX.2.1-P691,EVODEX.2.1-P216,EVODEX.2.1-P668,EVODEX.2.1-P671,EVODEX.2.1-P686"
EVODEX.2.1-F3114,"{""H"": -2, ""O"": -1}","EVODEX.2.1-P4751,EVODEX.2.1-P5627,EVODEX.2.1-P4244,EVODEX.2.1-P6640,EVODEX.2.1-P193,EVODEX.2.1-P4733,EVODEX.2.1-P248,EVODEX.2.1-P5426,EVODEX.2.1-P5551,EVODEX.2.1-P6992,EVODEX.2.1-P6150,EVODEX.2.1-P6184,EVODEX.2.1-P6273,EVODEX.2.1-P4607,EVODEX.2.1-P5466,EVODEX.2.1-P644,EVODEX.2.1-P6199,EVODEX.2.1-P6104,EVODEX.2.1-P5519,EVODEX.2.1-P188,EVODEX.2.1-P5548,EVODEX.2.1-P5461,EVODEX.2.1-P6302,EVODEX.2.1-P187,EVODEX.2.1-P184,EVODEX.2.1-P6294,EVODEX.2.1-P688,EVODEX.2.1-P4740,EVODEX.2.1-P6107,EVODEX.2.1-P237,EVODEX.2.1-P230,EVODEX.2.1-P4581,EVODEX.2.1-P4669,EVODEX.2.1-P1121,EVODEX.2.1-P6103,EVODEX.2.1-P4096,EVODEX.2.1-P5359,EVODEX.2.1-P6153,EVODEX.2.1-P587,EVODEX.2.1-P6110,EVODEX.2.1-P5695,EVODEX.2.1-P4032,EVODEX.2.1-P3654,EVODEX.2.1-P6105,EVODEX.2.1-P5468,EVODEX.2.1-P192,EVODEX.2.1-P1129,EVODEX.2.1-P6318,EVODEX.2.1-P3616,EVODEX.2.1-P3405,EVODEX.2.1-P1120,EVODEX.2.1-P4811,EVODEX.2.1-P1116,EVODEX.2.1-P186,EVODEX.2.1-P6119,EVODEX.2.1-P4605,EVODEX.2.1-P6151,EVODEX.2.1-P6384,EVODEX.2.1-P6148,EVODEX.2.1-P5694,EVODEX.2.1-P651,EVODEX.2.1-P3617,EVODEX.2.1-P6668,EVODEX.2.1-P136,EVODEX.2.1-P630,EVODEX.2.1-P642,EVODEX.2.1-P649,EVODEX.2.1-P1131,EVODEX.2.1-P6079,EVODEX.2.1-P227,EVODEX.2.1-P4743,EVODEX.2.1-P133,EVODEX.2.1-P4813,EVODEX.2.1-P5703,EVODEX.2.1-P679,EVODEX.2.1-P130,EVODEX.2.1-P5365,EVODEX.2.1-P5698,EVODEX.2.1-P214,EVODEX.2.1-P222,EVODEX.2.1-P5710,EVODEX.2.1-P6080,EVODEX.2.1-P4803,EVODEX.2.1-P4586,EVODEX.2.1-P3618,EVODEX.2.1-P6078,EVODEX.2.1-P198,EVODEX.2.1-P5550,EVODEX.2.1-P6660,EVODEX.2.1-P677,EVODEX.2.1-P692,EVODEX.2.1-P6116,EVODEX.2.1-P6614,EVODEX.2.1-P6641,EVODEX.2.1-P6631,EVODEX.2.1-P673"
EVODEX.2.1-F3119,"{""H"": -2, ""O"": -4, ""P"": -1}","EVODEX.2.1-P831,EVODEX.2.1-P762,EVODEX.2.1-P826,EVODEX.2.1-P749,EVODEX.2.1-P748"
EVODEX.2.1-F3120,"{""H"": -2, ""O"": -4, ""S"": -1}","EVODEX.2.1-P3850,EVODEX.2.1-P3859,EVODEX.2.1-P3843,EVODEX.2.1-P3849,EVODEX.2.1-P3853,EVODEX.2.1-P3847,EVODEX.2.1-P3828,EVODEX.2.1-P3798,EVODEX.2.1-P3831,EVODEX.2.1-P3832"
EVODEX.2.1-F3123,"{""H"": -2, ""O"": -6, ""P"": -2}","EVODEX.2.1-P5823,EVODEX.2.1-P3153,EVODEX.2.1-P5812"
EVODEX.2.1-F3124,"{""H"": -2, ""O"": -7, ""P"": -2}","EVODEX.2.1-P796,EVODEX.2.1-P813,EVODEX.2.1-P809,EVODEX.2.1-P816,EVODEX.2.1-P799"
EVODEX.2.1-F3126,"{""H"": -3}",EVODEX.2.1-P70
EVODEX.2.1-F3127,"{""H"": -3, ""N"": -1}","EVODEX.2.1-P5744,EVODEX.2.1-P5689,EVODEX.2.1-P5336,EVODEX.2.1-P5745,EVODEX.2.1-P5749,EVODEX.2.1-P1110,EVODEX.2.1-P5575,EVODEX.2.1-P5473,EVODEX.2.1-P5049,EVODEX.2.1-P5064,EVODEX.2.1-P1897,EVODEX.2.1-P1377,EVODEX.2.1-P5751,EVODEX.2.1-P1070,EVODEX.2.1-P1139,EVODEX.2.1-P1157,EVODEX.2.1-P1379,EVODEX.2.1-P1882,EVODEX.2.1-P4176,EVODEX.2.1-P1081,EVODEX.2.1-P1901,EVODEX.2.1-P1087,EVODEX.2.1-P1173,EVODEX.2.1-P1884,EVODEX.2.1-P1076,EVODEX.2.1-P5560,EVODEX.2.1-P5567,EVODEX.2.1-P5577,EVODEX.2.1-P5512,EVODEX.2.1-P6405,EVODEX.2.1-P5583,EVODEX.2.1-P1147,EVODEX.2.1-P1904,EVODEX.2.1-P1899,EVODEX.2.1-P1109,EVODEX.2.1-P5339,EVODEX.2.1-P1063,EVODEX.2.1-P1114,EVODEX.2.1-P1905,EVODEX.2.1-P1906,EVODEX.2.1-P1903,EVODEX.2.1-P1868,EVODEX.2.1-P1896,EVODEX.2.1-P6378,EVODEX.2.1-P6398,EVODEX.2.1-P1912,EVODEX.2.1-P1886,EVODEX.2.1-P1092,EVODEX.2.1-P1100,EVODEX.2.1-P1094,EVODEX.2.1-P5732,EVODEX.2.1-P1908,EVODEX.2.1-P1380,EVODEX.2.1-P5725,EVODEX.2.1-P5720,EVODEX.2.1-P5739,EVODEX.2.1-P5731,EVODEX.2.1-P2286,EVODEX.2.1-P2281"
EVODEX.2.1-F3128,"{""H"": -3, ""N"": -1, ""O"": 1}","EVODEX.2.1-P5932,EVODEX.2.1-P1077,EVODEX.2.1-P2680,EVODEX.2.1-P1138,EVODEX.2.1-P2454,EVODEX.2.1-P990,EVODEX.2.1-P220,EVODEX.2.1-P974,EVODEX.2.1-P972,EVODEX.2.1-P1171,EVODEX.2.1-P1150,EVODEX.2.1-P2499,EVODEX.2.1-P1019,EVODEX.2.1-P942,EVODEX.2.1-P2493,EVODEX.2.1-P2413"
EVODEX.2.1-F3130,"{""H"": -3, ""N"": -1, ""O"": -1}","EVODEX.2.1-P5522,EVODEX.2.1-P5456,EVODEX.2.1-P5470,EVODEX.2.1-P5517,EVODEX.2.1-P5326"
EVODEX.2.1-F3131,"{""H"": -3, ""O"": -4, ""P"": -1}","EVODEX.2.1-P6694,EVODEX.2.1-P6375,EVODEX.2.1-P2883,EVODEX.2.1-P6775,EVODEX.2.1-P6710,EVODEX.2.1-P3745,EVODEX.2.1-P3803,EVODEX.2.1-P7069,EVODEX.2.1-P1973,EVODEX.2.1-P3757,EVODEX.2.1-P3767,EVODEX.2.1-P3796,EVODEX.2.1-P5818,EVODEX.2.1-P3734,EVODEX.2.1-P3793,EVODEX.2.1-P3749,EVODEX.2.1-P3787,EVODEX.2.1-P3755,EVODEX.2.1-P3800,EVODEX.2.1-P2065,EVODEX.2.1-P2136,EVODEX.2.1-P3773,EVODEX.2.1-P2076,EVODEX.2.1-P6222,EVODEX.2.1-P3741,EVODEX.2.1-P3725,EVODEX.2.1-P2066,EVODEX.2.1-P3778,EVODEX.2.1-P2852,EVODEX.2.1-P6408,EVODEX.2.1-P3746,EVODEX.2.1-P3030,EVODEX.2.1-P7092,EVODEX.2.1-P5715,EVODEX.2.1-P7099,EVODEX.2.1-P3029,EVODEX.2.1-P6396,EVODEX.2.1-P1480,EVODEX.2.1-P6910,EVODEX.2.1-P1467,EVODEX.2.1-P1475,EVODEX.2.1-P3758,EVODEX.2.1-P7084,EVODEX.2.1-P1466,EVODEX.2.1-P6466,EVODEX.2.1-P1472,EVODEX.2.1-P3762,EVODEX.2.1-P7088,EVODEX.2.1-P5960,EVODEX.2.1-P6386,EVODEX.2.1-P6630,EVODEX.2.1-P3756,EVODEX.2.1-P6383,EVODEX.2.1-P5938,EVODEX.2.1-P6765,EVODEX.2.1-P3763,EVODEX.2.1-P2138,EVODEX.2.1-P6502,EVODEX.2.1-P6490"
EVODEX.2.1-F3132,"{""H"": -3, ""O"": -7, ""P"": -2}","EVODEX.2.1-P821,EVODEX.2.1-P814,EVODEX.2.1-P817,EVODEX.2.1-P797,EVODEX.2.1-P793,EVODEX.2.1-P2356,EVODEX.2.1-P2368,EVODEX.2.1-P2364,EVODEX.2.1-P2380,EVODEX.2.1-P2375"
EVODEX.2.1-F3134,"{""H"": -4}",EVODEX.2.1-P53
EVODEX.2.1-F3135,"{""H"": -4, ""N"": -1}","EVODEX.2.1-P973,EVODEX.2.1-P931,EVODEX.2.1-P1050,EVODEX.2.1-P970,EVODEX.2.1-P919,EVODEX.2.1-P954,EVODEX.2.1-P1041,EVODEX.2.1-P944,EVODEX.2.1-P998,EVODEX.2.1-P984"
EVODEX.2.1-F3138,"{""H"": -4, ""O"": -10, ""P"": -3}","EVODEX.2.1-P2387,EVODEX.2.1-P2369,EVODEX.2.1-P2365,EVODEX.2.1-P2361,EVODEX.2.1-P2376"
EVODEX.2.1-F3140,"{""H"": -4, ""O"": -7, ""P"": -2}","EVODEX.2.1-P5767,EVODEX.2.1-P2203,EVODEX.2.1-P2345,EVODEX.2.1-P2347,EVODEX.2.1-P2346,EVODEX.2.1-P3184,EVODEX.2.1-P2242,EVODEX.2.1-P6469,EVODEX.2.1-P2339,EVODEX.2.1-P3260,EVODEX.2.1-P6228,EVODEX.2.1-P6474,EVODEX.2.1-P2340,EVODEX.2.1-P250,EVODEX.2.1-P3222,EVODEX.2.1-P6334,EVODEX.2.1-P3254,EVODEX.2.1-P2215,EVODEX.2.1-P6367,EVODEX.2.1-P3191,EVODEX.2.1-P3173,EVODEX.2.1-P6301,EVODEX.2.1-P6451,EVODEX.2.1-P7114,EVODEX.2.1-P3238,EVODEX.2.1-P6449,EVODEX.2.1-P2401,EVODEX.2.1-P2392,EVODEX.2.1-P7108,EVODEX.2.1-P5813,EVODEX.2.1-P3224,EVODEX.2.1-P2228,EVODEX.2.1-P2265,EVODEX.2.1-P2357,EVODEX.2.1-P6417,EVODEX.2.1-P2229,EVODEX.2.1-P6369,EVODEX.2.1-P247,EVODEX.2.1-P7113,EVODEX.2.1-P5822,EVODEX.2.1-P2204,EVODEX.2.1-P3269,EVODEX.2.1-P2270,EVODEX.2.1-P6418,EVODEX.2.1-P2260,EVODEX.2.1-P3263,EVODEX.2.1-P2267,EVODEX.2.1-P2240,EVODEX.2.1-P2397,EVODEX.2.1-P252,EVODEX.2.1-P3226,EVODEX.2.1-P2264,EVODEX.2.1-P2236,EVODEX.2.1-P2213,EVODEX.2.1-P2262,EVODEX.2.1-P2278,EVODEX.2.1-P2276,EVODEX.2.1-P2217,EVODEX.2.1-P3103,EVODEX.2.1-P2257,EVODEX.2.1-P2222,EVODEX.2.1-P2232,EVODEX.2.1-P2225,EVODEX.2.1-P3241"
EVODEX.2.1-F3141,"{""H"": -5, ""N"": -1}","EVODEX.2.1-P1038,EVODEX.2.1-P1058,EVODEX.2.1-P1060,EVODEX.2.1-P1112,EVODEX.2.1-P1174,EVODEX.2.1-P1145,EVODEX.2.1-P1133,EVODEX.2.1-P1152,EVODEX.2.1-P1028,EVODEX.2.1-P1074,EVODEX.2.1-P1208,EVODEX.2.1-P1033,EVODEX.2.1-P997,EVODEX.2.1-P1005,EVODEX.2.1-P1101"
EVODEX.2.1-F3145,"{""N"": 1, ""O"": -3, ""P"": -1}","EVODEX.2.1-P6692,EVODEX.2.1-P6420"
EVODEX.2.1-F3146,"{""N"": 1, ""O"": -4, ""P"": -1}","EVODEX.2.1-P6731,EVODEX.2.1-P6412"
EVODEX.2.1-F3147,"{""N"": -1, ""O"": 4, ""P"": 1}","EVODEX.2.1-P6393,EVODEX.2.1-P6381"
EVODEX.2.1-F3148,"{""O"": 1}","EVODEX.2.1-P1176,EVODEX.2.1-P1053,EVODEX.2.1-P1312,EVODEX.2.1-P1137,EVODEX.2.1-P190,EVODEX.2.1-P337,EVODEX.2.1-P777,EVODEX.2.1-P622,EVODEX.2.1-P368,EVODEX.2.1-P702,EVODEX.2.1-P330,EVODEX.2.1-P1198,EVODEX.2.1-P1024,EVODEX.2.1-P648,EVODEX.2.1-P1144,EVODEX.2.1-P1071,EVODEX.2.1-P318,EVODEX.2.1-P431,EVODEX.2.1-P430,EVODEX.2.1-P786,EVODEX.2.1-P1177,EVODEX.2.1-P1156,EVODEX.2.1-P568,EVODEX.2.1-P712,EVODEX.2.1-P617,EVODEX.2.1-P562,EVODEX.2.1-P646,EVODEX.2.1-P497,EVODEX.2.1-P526,EVODEX.2.1-P1061,EVODEX.2.1-P466,EVODEX.2.1-P381,EVODEX.2.1-P1140,EVODEX.2.1-P657,EVODEX.2.1-P536,EVODEX.2.1-P621,EVODEX.2.1-P583,EVODEX.2.1-P1268,EVODEX.2.1-P531,EVODEX.2.1-P1185,EVODEX.2.1-P499,EVODEX.2.1-P631,EVODEX.2.1-P259,EVODEX.2.1-P265,EVODEX.2.1-P189,EVODEX.2.1-P416,EVODEX.2.1-P450,EVODEX.2.1-P977,EVODEX.2.1-P570,EVODEX.2.1-P628,EVODEX.2.1-P304,EVODEX.2.1-P1202,EVODEX.2.1-P491,EVODEX.2.1-P635,EVODEX.2.1-P185,EVODEX.2.1-P432,EVODEX.2.1-P1200,EVODEX.2.1-P597,EVODEX.2.1-P401,EVODEX.2.1-P949,EVODEX.2.1-P1253,EVODEX.2.1-P449,EVODEX.2.1-P1206,EVODEX.2.1-P1310,EVODEX.2.1-P415,EVODEX.2.1-P445,EVODEX.2.1-P524,EVODEX.2.1-P525,EVODEX.2.1-P326,EVODEX.2.1-P1257,EVODEX.2.1-P195,EVODEX.2.1-P460,EVODEX.2.1-P571,EVODEX.2.1-P1300,EVODEX.2.1-P2526,EVODEX.2.1-P3377,EVODEX.2.1-P1230,EVODEX.2.1-P312,EVODEX.2.1-P506,EVODEX.2.1-P501,EVODEX.2.1-P581,EVODEX.2.1-P85,EVODEX.2.1-P1169,EVODEX.2.1-P1088,EVODEX.2.1-P200,EVODEX.2.1-P1082,EVODEX.2.1-P553,EVODEX.2.1-P1296,EVODEX.2.1-P1307,EVODEX.2.1-P366,EVODEX.2.1-P212,EVODEX.2.1-P433,EVODEX.2.1-P440,EVODEX.2.1-P547,EVODEX.2.1-P1241,EVODEX.2.1-P205,EVODEX.2.1-P1000,EVODEX.2.1-P414,EVODEX.2.1-P614,EVODEX.2.1-P539,EVODEX.2.1-P199,EVODEX.2.1-P612,EVODEX.2.1-P540,EVODEX.2.1-P520"
EVODEX.2.1-F3150,"{""O"": 2}","EVODEX.2.1-P273,EVODEX.2.1-P383,EVODEX.2.1-P211,EVODEX.2.1-P411,EVODEX.2.1-P204,EVODEX.2.1-P354,EVODEX.2.1-P269,EVODEX.2.1-P291,EVODEX.2.1-P274,EVODEX.2.1-P208,EVODEX.2.1-P419,EVODEX.2.1-P344,EVODEX.2.1-P362,EVODEX.2.1-P316,EVODEX.2.1-P278,EVODEX.2.1-P213,EVODEX.2.1-P342,EVODEX.2.1-P376,EVODEX.2.1-P336,EVODEX.2.1-P323,EVODEX.2.1-P203,EVODEX.2.1-P372,EVODEX.2.1-P201,EVODEX.2.1-P206,EVODEX.2.1-P283,EVODEX.2.1-P421,EVODEX.2.1-P257"
EVODEX.2.1-F3152,"{""O"": 3, ""S"": 1}","EVODEX.2.1-P3310,EVODEX.2.1-P3306,EVODEX.2.1-P3341,EVODEX.2.1-P3338,EVODEX.2.1-P3316,EVODEX.2.1-P3327,EVODEX.2.1-P3348,EVODEX.2.1-P3313,EVODEX.2.1-P3320,EVODEX.2.1-P3309"
EVODEX.2.1-F3155,"{""O"": -1}","EVODEX.2.1-P412,EVODEX.2.1-P442,EVODEX.2.1-P402,EVODEX.2.1-P1040,EVODEX.2.1-P925,EVODEX.2.1-P706,EVODEX.2.1-P544,EVODEX.2.1-P1239,EVODEX.2.1-P645,EVODEX.2.1-P1018,EVODEX.2.1-P616,EVODEX.2.1-P960,EVODEX.2.1-P463,EVODEX.2.1-P367,EVODEX.2.1-P610,EVODEX.2.1-P650,EVODEX.2.1-P619,EVODEX.2.1-P516,EVODEX.2.1-P1220,EVODEX.2.1-P406,EVODEX.2.1-P780,EVODEX.2.1-P1017,EVODEX.2.1-P398,EVODEX.2.1-P1014,EVODEX.2.1-P264,EVODEX.2.1-P23,EVODEX.2.1-P496,EVODEX.2.1-P389,EVODEX.2.1-P399,EVODEX.2.1-P574,EVODEX.2.1-P1221,EVODEX.2.1-P512,EVODEX.2.1-P172,EVODEX.2.1-P781,EVODEX.2.1-P605,EVODEX.2.1-P1261,EVODEX.2.1-P578,EVODEX.2.1-P329,EVODEX.2.1-P1260,EVODEX.2.1-P489,EVODEX.2.1-P768,EVODEX.2.1-P655,EVODEX.2.1-P173,EVODEX.2.1-P627,EVODEX.2.1-P325,EVODEX.2.1-P626,EVODEX.2.1-P311,EVODEX.2.1-P454,EVODEX.2.1-P351,EVODEX.2.1-P862,EVODEX.2.1-P995,EVODEX.2.1-P620,EVODEX.2.1-P334,EVODEX.2.1-P479,EVODEX.2.1-P647,EVODEX.2.1-P475,EVODEX.2.1-P545,EVODEX.2.1-P589,EVODEX.2.1-P197,EVODEX.2.1-P707,EVODEX.2.1-P288,EVODEX.2.1-P629,EVODEX.2.1-P941,EVODEX.2.1-P492,EVODEX.2.1-P363,EVODEX.2.1-P395,EVODEX.2.1-P385,EVODEX.2.1-P472,EVODEX.2.1-P533,EVODEX.2.1-P413,EVODEX.2.1-P437,EVODEX.2.1-P306,EVODEX.2.1-P541,EVODEX.2.1-P300,EVODEX.2.1-P468,EVODEX.2.1-P290,EVODEX.2.1-P613,EVODEX.2.1-P1043,EVODEX.2.1-P615,EVODEX.2.1-P434,EVODEX.2.1-P579,EVODEX.2.1-P268,EVODEX.2.1-P267,EVODEX.2.1-P521,EVODEX.2.1-P623"
EVODEX.2.1-F3158,"{""O"": -3, ""P"": -1}",EVODEX.2.1-P2371
EVODEX.2.1-F3159,"{""O"": -3, ""S"": -1}","EVODEX.2.1-P3857,EVODEX.2.1-P3840,EVODEX.2.1-P3321,EVODEX.2.1-P3834,EVODEX.2.1-P3829,EVODEX.2.1-P3841,EVODEX.2.1-P3836,EVODEX.2.1-P3835,EVODEX.2.1-P3842,EVODEX.2.1-P3846,EVODEX.2.1-P3851,EVODEX.2.1-P3335,EVODEX.2.1-P3326,EVODEX.2.1-P3334,EVODEX.2.1-P3323"
