id,original_id,smirks,sources
EVODEX.1-E1,31689368120759156399680056954834041291939238756736262193412191184000527801026,[#6:1](-[#8:2]-[#6:3])(-[H:48])(-[H:49])-[H:50].[#6:28](-[#6@@:27]-[#6@:37](-[#8:38])(-[H:66])-[#6@:39](-[#6@:25])(-[#8:40])-[H:68])-[#16:29]-[#6:30]>>[#6:1](-[#16:29](-[#6:28]-[#6@@:27]-[#6@:37](-[#6@:39](-[#6@:25])(-[#8:40])-[H:68])(-[#8:38])-[H:66])-[#6:30])(-[H:48])(-[H:49])-[H:50].[#8:2](-[#6:3])-[H],"EVODEX.1-P1240,EVODEX.1-P1293,EVODEX.1-P1237,EVODEX.1-P1243,EVODEX.1-P1305"
EVODEX.1-E2,108357581621747949898590714195532809964868057528818737960996685023418625060532,[#6:3]-[#16:4]-[#6:5].[#6:25](-[#6@@:24]-[#6@:39](-[#8:40])(-[H:65])-[#6@:41](-[#6@:22])(-[#8:42])-[H:67])(-[#8:26]-[#15:27](=[#8:28])(-[#8:29])-[#8:30]-[#15:31])(-[H:61])-[H:62].[#8:43](-[H:70])-[H]>>[#6:3]-[#16:4](-[#6:5])-[#6:25](-[#6@@:24]-[#6@:39](-[#6@:41](-[#6@:22])(-[#8:42])-[H:67])(-[#8:40])-[H:65])(-[H:61])-[H:62].[#8:26](-[#15:27](=[#8:28])(-[#8:29])-[#8:43]-[H:70])-[H].[#8:30](-[#15:31])-[H],"EVODEX.1-P2765,EVODEX.1-P2777,EVODEX.1-P2759,EVODEX.1-P2792,EVODEX.1-P2782"
EVODEX.1-E3,95493427935209558878600846114307262512637737140953948897990375478777189555552,[#8:45]=[#6:46](-[#6:47])-[H:93]>>[#8:45](-[#6:46](-[#6:47])(-[H:93])-[H])-[H],"EVODEX.1-P126,EVODEX.1-P78,EVODEX.1-P67,EVODEX.1-P65,EVODEX.1-P51"
EVODEX.1-E4,6814852929650887661130912829842458008476160981430275149243128871063129095799,[#6:56]-[#7:57](-[#8:58]-[H:93])-[H:94]>>[#6:56]-[#7:57](-[H:94])-[H].[#8:58](-[H:93])-[H],"EVODEX.1-P1203,EVODEX.1-P1208,EVODEX.1-P1199,EVODEX.1-P1206,EVODEX.1-P1201"
EVODEX.1-E5,83137599177878774672393408292679405440494866571628116008215070208629120434306,[#6:3]-[#6:4](=[#8:5])-[#6:6]>>[#6:3]-[#6:4](-[#8:5]-[H])(-[#6:6])-[H],"EVODEX.1-P20,EVODEX.1-P13,EVODEX.1-P87,EVODEX.1-P14,EVODEX.1-P75"
EVODEX.1-E6,83243461007439950970231697447669256008650174661932855900304162135948461079560,[#6:6]-[#6:7](=[#8:8])-[#8:9]-[H:16]>>[#6:6]-[#6:7](=[#8:8])-[H].[#8:9](-[H:16])-[H],"EVODEX.1-P696,EVODEX.1-P692,EVODEX.1-P700,EVODEX.1-P705,EVODEX.1-P788"
EVODEX.1-E7,90208367522052387741010317500126903235205442573768705083575161940770730338939,[#6:1](-[#6:2])(-[H:62])(-[H:63])-[H].[#8:55]=[#8:56]>>[#6:1](-[#6:2])(-[#8:55]-[H])(-[H:62])-[H:63].[#8:56](-[H])-[H],"EVODEX.1-P470,EVODEX.1-P543,EVODEX.1-P453,EVODEX.1-P539,EVODEX.1-P599"
EVODEX.1-E8,38328535630614830808049915723766996357794085936404610309729982264933501853168,[#8:49]=[#6:50](-[#6:51])-[#8:59]>>[#8:49](-[#6@@:50](-[H])(-[#6:51])-[#8:59])-[H],"EVODEX.1-P80,EVODEX.1-P27,EVODEX.1-P809,EVODEX.1-P94,EVODEX.1-P176"
EVODEX.1-E9,39252703617161316536387382561203766526842294234605903127377650594148226998316,[#6:57]-[#16:58]-[#16:59]-[#6:60]>>[#6:57]-[#16:58]-[H].[#16:59](-[#6:60])-[H],"EVODEX.1-P1223,EVODEX.1-P1222,EVODEX.1-P1220,EVODEX.1-P1219,EVODEX.1-P1221"
EVODEX.1-E10,77057919934499070487471435206125065316015653688069395473723124555010947062398,[#6:53]-[#6:54](=[#8:55])-[#8:56]-[H:121].([#8:74]-[#15:75](=[#8:76])(-[#8:77])-[#8:78]-[#15:79].[#8:88]-[#6@@:87](-[#6@@:72])(-[H:141])-[#6@:89](-[#6@:70])(-[#8:90])-[H:143])>>[#6:53]-[#6:54](=[#8:55])-[H].([#8:56](-[#15:75](-[#8:74])(=[#8:76])-[#8:77])-[H:121].[#8:90]-[#6@:89](-[#6@:70])(-[H:143])-[#6@@:87](-[#6@@:72])(-[#8:88])-[H:141]).[#8:78](-[#15:79])-[H],"EVODEX.1-P727,EVODEX.1-P715,EVODEX.1-P759,EVODEX.1-P676,EVODEX.1-P730"
EVODEX.1-E11,45828399498337338375186270864702078139287544923758433955481541559949772991999,[#8:63]-[#15:64](=[#8:65])(-[#8:66])-[#8:67]-[#15:68].[#8:80]=[#6:81](-[#8:82]-[H:136])-[#6:83]>>[#8:63]-[#15:64](=[#8:65])(-[#8:66])-[#8:82]-[H:136].[#8:80]=[#6:81](-[#6:83])-[H].[#8:67](-[#15:68])-[H],"EVODEX.1-P722,EVODEX.1-P723,EVODEX.1-P726,EVODEX.1-P710,EVODEX.1-P717"
EVODEX.1-E12,62010078941200458619092858159427859852876507441342686492041520750835838641642,[#6:18]-[#6:19](=[#8:20])-[H:31].[#7:23](-[H:42])(-[H:43])-[H]>>[#6:18]-[#6:19](-[#7:23](-[H:42])-[H:43])(-[H:31])-[H].[#8:20](-[H])-[H],"EVODEX.1-P1062,EVODEX.1-P1034,EVODEX.1-P1101,EVODEX.1-P1038,EVODEX.1-P1021"
EVODEX.1-E13,36347450811037557253432054535306306515082047778788316488430731321832861995751,[#6:7]-[#6:8](-[H:80])(-[H])-[#6:9].[#8:70]=[#8:71]>>[#6:7]-[#6@:8](-[#8:70]-[H])(-[H:80])-[#6:9].[#8:71](-[H])-[H],"EVODEX.1-P212,EVODEX.1-P476,EVODEX.1-P202,EVODEX.1-P519,EVODEX.1-P455"
EVODEX.1-E14,81463667325325374598075013882042627620814997832787741382019354026424167824333,[#6:3]-[#16:4]-[#6:5].[#8:59]=[#8:60]>>[#6:3]-[#16@@:4](-[#6:5])=[#8:60].[#8:59](-[H])-[H],"EVODEX.1-P500,EVODEX.1-P484,EVODEX.1-P469,EVODEX.1-P190,EVODEX.1-P471"
EVODEX.1-E15,69162442276040434029937773151452493764700586112484961231301567958881483680329,[#7:8]-[#6:9](-[#6:10])(-[H:34])-[H].[#8:31]=[#8:32]>>[#7:8]-[#6:9](-[#6:10])(-[#8:31]-[H])-[H:34].[#8:32](-[H])-[H],"EVODEX.1-P598,EVODEX.1-P581,EVODEX.1-P574,EVODEX.1-P588,EVODEX.1-P589"
EVODEX.1-E16,14777821612835428385402830201687291477945326589095538382033025202203515800390,[#6:6]-[#7:14]=[#6:12](-[#6:9])-[#6:13]>>[#6:6]-[#7:14](-[#6@@:12](-[#6:9])(-[#6:13])-[H])-[H],"EVODEX.1-P1145,EVODEX.1-P1146,EVODEX.1-P1147,EVODEX.1-P1140,EVODEX.1-P1144"
EVODEX.1-E17,113343171635363417770951758932430688342283211659298500732598324354269928305393,[#6:17]-[#6:18](=[#8:19])-[#16:20]-[#6:21]>>[#6:17]-[#6:18](=[#8:19])-[H].[#16:20](-[#6:21])-[H],"EVODEX.1-P675,EVODEX.1-P670,EVODEX.1-P741,EVODEX.1-P735,EVODEX.1-P740"
EVODEX.1-E18,63230454533161947871397931566647232683370865603166787686256724269494560699223,[#6:96]-[#6:97](-[#6:98])=[#6:99](-[#6:100])-[H:213]>>[#6:96]-[#6:97](-[#6:98])(-[#6:99](-[#6:100])(-[H:213])-[H])-[H],"EVODEX.1-P830,EVODEX.1-P799,EVODEX.1-P136,EVODEX.1-P812,EVODEX.1-P810"
EVODEX.1-E19,51640533615824173654679796017154609649763119365714549334440397233863621841321,[#6:50]-[#7:51](-[H])-[#6:52].[#8:61]=[#8:62]>>[#6:50]-[#7:51](-[#8:61]-[H])-[#6:52].[#8:62](-[H])-[H],"EVODEX.1-P518,EVODEX.1-P487,EVODEX.1-P490,EVODEX.1-P465,EVODEX.1-P437"
EVODEX.1-E20,1012267650030691393377281167284295743922917160222459783985514137315715957662,[#7:1](-[H:86])(-[H:87])-[H].[#8:46]=[#6:47](-[#6:48])-[#6:50]>>[#7:1](-[#6@:47](-[#6:48])(-[#6:50])-[H])(-[H:86])-[H:87].[#8:46](-[H])-[H],"EVODEX.1-P898,EVODEX.1-P894,EVODEX.1-P906,EVODEX.1-P892,EVODEX.1-P916"
EVODEX.1-E21,63634945601041540194169619441826192341202044574282259848518890579466742878880,[#6:28](-[#6@:26])(-[#8:29]-[H])(-[H:113])-[H].[#8:77]=[#8:78]>>[#6:28](-[#6@:26])(=[#8:29])-[H:113].[#8:77](-[H])-[H].[#8:78](-[H])-[H],"EVODEX.1-P208,EVODEX.1-P475,EVODEX.1-P193,EVODEX.1-P197,EVODEX.1-P192"
EVODEX.1-E22,74487724742346898418057480198071749780483591921911460424979195217575522998224,[#6:1](-[#8:2]-[#6:3])(-[H:72])(-[H:73])-[H].[#8:59]=[#8:60]>>[#6:1](=[#8:60])(-[H:72])-[H:73].[#8:59](-[H])-[H].[#8:2](-[#6:3])-[H],"EVODEX.1-P507,EVODEX.1-P502,EVODEX.1-P647,EVODEX.1-P643,EVODEX.1-P504"
EVODEX.1-E23,106757440076494709642227704306348271906348836954354733799931598342931705038310,[#8:49]=[#6:50](-[#6:51](-[#6:52])(-[#6:55])-[H:117])-[H:118]>>[#8:49](-[#6:50](-[#6@:51](-[#6:52])(-[#6:55])-[H:117])(-[H:118])-[H])-[H],"EVODEX.1-P5,EVODEX.1-P10,EVODEX.1-P8,EVODEX.1-P79,EVODEX.1-P9"
EVODEX.1-E24,112094621668428768873024900802555826198894009618031354448753207233458721828415,[#6:1]-[#6@:2](-[#6@:3])(-[#6@@:11])-[H].[#8:82]=[#8:83]>>[#6:1]-[#6@@:2](-[#6@:3])(-[#6@@:11])-[#8:83]-[H].[#8:82](-[H])-[H],"EVODEX.1-P209,EVODEX.1-P533,EVODEX.1-P203,EVODEX.1-P440,EVODEX.1-P537"
EVODEX.1-E25,89861587282289157398639459600500821678084059467505450957783340322116802564537,[#8:45]=[#6:46]-[#6:48](=[#6:49](-[#6:50]=[#8:51])-[H:84])-[H:85]>>[#8:45]=[#6:46]-[#6:48](-[#6:49](-[#6:50]=[#8:51])(-[H:84])-[H])(-[H:85])-[H],"EVODEX.1-P49,EVODEX.1-P818,EVODEX.1-P817,EVODEX.1-P819,EVODEX.1-P814"
EVODEX.1-E26,2973906435746176371815853850120100947275171080524171624115339607474688846703,[#8:15]=[#6:16]-[#6:18](=[#6:19](-[#6:20])-[H:55])-[H:56].[#8:25]=[#6:26]-[#6:28](=[#6:29](-[#6:30])-[H:61])-[H:62]>>[#8:15]=[#6:16]-[#6:18](-[#6:19](-[#6:20])(-[H:55])-[H])(-[H:56])-[H].[#8:25]=[#6:26]-[#6:28](-[#6:29](-[#6:30])(-[H:61])-[H])(-[H:62])-[H],"EVODEX.1-P803,EVODEX.1-P831,EVODEX.1-P804,EVODEX.1-P815,EVODEX.1-P816"
EVODEX.1-E27,82633643039793950611027967799954080683807090000243769096983453015438676527092,[#8:49]=[#6:50](-[#6:51](-[H:91])(-[H:92])-[#6:52])-[#6:58].[#8:59]=[#8:60]>>[#8:49]=[#6:50](-[#6:58])-[#8:60]-[#6:51](-[#6:52])(-[H:91])-[H:92].[#8:59](-[H])-[H],"EVODEX.1-P461,EVODEX.1-P459,EVODEX.1-P446,EVODEX.1-P516,EVODEX.1-P442"
EVODEX.1-E28,64866539250530115945302861888798829482350806280824657613178691201771697050306,[#7:45](-[#6:46])(-[H:106])-[H].[#6:59]-[#6:60](=[#8:61])-[#6:62]=[#8:63]>>[#7:45](-[#6:46])(-[#6@@:60](-[#6:59])(-[#6:62]=[#8:63])-[H])-[H:106].[#8:61](-[H])-[H],"EVODEX.1-P1128,EVODEX.1-P1139,EVODEX.1-P1133,EVODEX.1-P1125,EVODEX.1-P1137"
EVODEX.1-E29,52636178040498004324844339677273712932216559737522830357267451017106447140648,[#6:19](-[#6@:8])(-[#6@:17])=[#6:20](-[H:89])-[#6:21].[#8:68]=[#8:69]>>[H:89]-[#6@:20]1(-[#6@@:19](-[#6@:8])(-[#6@:17])-[#8:69]-1)-[#6:21].[#8:68](-[H])-[H],"EVODEX.1-P213,EVODEX.1-P525,EVODEX.1-P215,EVODEX.1-P218,EVODEX.1-P523"
EVODEX.1-E30,23529212850341294464775913390638444818452664761140762188802772219678738860989,[#6:10]1=[#6:11]-[#6:13](=[#8:14])-[#6:15]=[#6:18]-[#6:21]-1=[#8:22]>>[#6:10]1:[#6:11]:[#6:13](-[#8:14]-[H]):[#6:15]:[#6:18]:[#6:21]:1-[#8:22]-[H],"EVODEX.1-P871,EVODEX.1-P872,EVODEX.1-P1190,EVODEX.1-P150,EVODEX.1-P873"
EVODEX.1-E31,82812122086808488056712180588773012909874863391300091978169700030117043054255,[#6:1]-[#6:2](=[#8:3])-[#6:4](-[#6:5])(-[#6:6])-[H:69].[#8:57]=[#8:58]>>[#6:1]-[#6:2](=[#8:3])-[#8:58]-[#6@:4](-[#6:5])(-[#6:6])-[H:69].[#8:57](-[H])-[H],"EVODEX.1-P514,EVODEX.1-P449,EVODEX.1-P481,EVODEX.1-P436,EVODEX.1-P467"
EVODEX.1-E32,75233573613138878433510728726811252388089306227044537935935649255814098313817,[#6:49](=[#8:50])-[#6:51](=[#6:52](-[#6:53])-[H:136])-[H:137].[#8:107]=[#6:108]=[#8:109]>>[#6:49](=[#8:50])-[#6@@:51](-[#6:52](-[#6:53])(-[H:136])-[H])(-[#6:108](-[#8:107]-[H])=[#8:109])-[H:137],"EVODEX.1-P842,EVODEX.1-P836,EVODEX.1-P845,EVODEX.1-P839,EVODEX.1-P843"
EVODEX.1-E33,10803352372427595226349846331429323380061824994120607687649157592901807601103,[#6:2]-[#6:3](=[#8:4])-[#6:5]=[#8:6].[#6:8]-[#6@:9](-[#7:10](-[H:64])-[H])(-[#6:11])-[H:67]>>[#6:2]-[#6:3](-[#6:5]=[#8:6])(-[#7:10](-[#6@@:9](-[#6:8])(-[#6:11])-[H:67])-[H:64])-[H].[#8:4](-[H])-[H],"EVODEX.1-P1113,EVODEX.1-P1108,EVODEX.1-P1111,EVODEX.1-P1132,EVODEX.1-P1110"
EVODEX.1-E34,104917760805689880787781962972274610542292766379344661431162465358630945972885,[#6:21]-[#8:22]-[H].[#6:27](-[#16:28](-[#6:29])-[#6:36])(-[H:98])(-[H:99])-[H:100]>>[#6:21]-[#8:22]-[#6:27](-[H:98])(-[H:99])-[H:100].[#16:28](-[#6:29])-[#6:36],"EVODEX.1-P1308,EVODEX.1-P1228,EVODEX.1-P1231,EVODEX.1-P1294,EVODEX.1-P1246"
EVODEX.1-E35,34859213610842768896794385513711237644286909078051926490057465734449697066296,[#6:1](-[#16:2](-[#6:3])-[#6:10])(-[H:60])(-[H:61])-[H:62].[#16:28](-[#6:29])-[H]>>[#6:1](-[#16:28]-[#6:29])(-[H:60])(-[H:61])-[H:62].[#16:2](-[#6:3])-[#6:10],"EVODEX.1-P1318,EVODEX.1-P1314,EVODEX.1-P1300,EVODEX.1-P1302,EVODEX.1-P1313"
EVODEX.1-E36,40543414886590992948071730636013510832242856651387221517769760733342163329299,[#6:1](-[#16:2](-[#6:3])-[#6:10])(-[H:56])(-[H:57])-[H:58].[#7:28](-[#6:29])(-[H:66])-[H]>>[#6:1](-[#7:28](-[#6:29])-[H:66])(-[H:56])(-[H:57])-[H:58].[#16:2](-[#6:3])-[#6:10],"EVODEX.1-P1264,EVODEX.1-P1232,EVODEX.1-P1238,EVODEX.1-P1310,EVODEX.1-P1272"
EVODEX.1-E37,89560497479347239300313763224884726283440834104667888586902108362027244610014,[#6:18]-[#7:19](-[H])-[#6@@:20].[#6:29](-[#16:30](-[#6:31])-[#6:38])(-[H:104])(-[H:105])-[H:106]>>[#6:18]-[#7:19](-[#6:29](-[H:104])(-[H:105])-[H:106])-[#6@@:20].[#16:30](-[#6:31])-[#6:38],"EVODEX.1-P1292,EVODEX.1-P1282,EVODEX.1-P1277,EVODEX.1-P1290,EVODEX.1-P1233"
EVODEX.1-E38,58959761642429467833218689519811031890265992434816073554664379976766080525805,[#6:1]-[#16:2](-[#6:3](-[#6:4])(-[H:51])-[H:52])-[#6:10].[#7:28](-[#6@@:29])(-[H:82])-[H]>>[#6:3](-[#6:4])(-[#7:28](-[#6@@:29])-[H:82])(-[H:51])-[H:52].[#6:1]-[#16:2]-[#6:10],"EVODEX.1-P2583,EVODEX.1-P2545,EVODEX.1-P2592,EVODEX.1-P2547,EVODEX.1-P2542"
EVODEX.1-E39,68239341295905675406512657363032968256603986662218067877761194453574867859101,[#6:1]-[#6:2](-[#6:3])=[#6:4](-[#6:5])-[H].[#6:32](-[#16:33](-[#6:34])-[#6:41])(-[H:127])(-[H:128])-[H]>>[#6:1]-[#6:2](-[#6:3])(-[#6:4](-[#6:5])=[#6:32](-[H:127])-[H:128])-[H].[#16:33](-[#6:34])-[#6:41],"EVODEX.1-P1254,EVODEX.1-P1258,EVODEX.1-P1256,EVODEX.1-P1249,EVODEX.1-P1250"
EVODEX.1-E40,97378729520138447854836188905490993365497144899615848364835264623866286409471,[#6:10](-[#6@:9])(-[#8:11]-[H])(-[H:191])-[H]>>[#6:10](-[#6@:9])(=[#8:11])-[H:191],"EVODEX.1-P44,EVODEX.1-P52,EVODEX.1-P95,EVODEX.1-P22,EVODEX.1-P105"
EVODEX.1-E41,34171091940788578241217381591686143855877388655982542137051948926862725989,[#6:51]-[#6@@:52](-[#8:53]-[H])(-[H])-[#6:54]>>[#6:51]-[#6:52](=[#8:53])-[#6:54],"EVODEX.1-P21,EVODEX.1-P91,EVODEX.1-P74,EVODEX.1-P29,EVODEX.1-P34"
EVODEX.1-E42,112511881853663473423070289378829590818543221350978921244543124391015505001088,[#6:16]-[#6:17](=[#8:18])-[H].[#8:19](-[H:61])-[H]>>[#6:16]-[#6:17](=[#8:18])-[#8:19]-[H:61],"EVODEX.1-P682,EVODEX.1-P691,EVODEX.1-P688,EVODEX.1-P701,EVODEX.1-P59"
EVODEX.1-E43,11654224110023770785329660391153859592895370391962565351108634005802630641995,[#6:2]-[#6:4](-[#7:5](-[H:10])-[H:11])(-[H:12])-[H].[#8:6](-[H])-[H]>>[#6:2]-[#6:4](=[#8:6])-[H:12].[#7:5](-[H:10])(-[H:11])-[H],"EVODEX.1-P1024,EVODEX.1-P1065,EVODEX.1-P1010,EVODEX.1-P937,EVODEX.1-P1023"
EVODEX.1-E44,12915689398523809891306164460764266595120677878791307103598651342925340615283,[#8:37](-[#6@:36](-[#6@:34])(-[H])-[#8:38])-[H]>>[#6:36](-[#6@:34])(=[#8:37])-[#8:38],"EVODEX.1-P174,EVODEX.1-P26,EVODEX.1-P25,EVODEX.1-P24,EVODEX.1-P93"
EVODEX.1-E45,108444492397427513684451687701693521837869771577294535630389990328642383578116,[#7:1]#[#6:2]-[#7:3].[#8:4](-[H])-[H]>>[#7:1](-[#6:2](-[#7:3])=[#8:4])(-[H])-[H],"EVODEX.1-P652,EVODEX.1-P659,EVODEX.1-P6458,EVODEX.1-P653,EVODEX.1-P663"
EVODEX.1-E46,97349138365495420822589781379777608443203635761907758284554944901529192862671,[#6:8](=[#8:9])-[#6:10](-[#8:11])(-[H:20])-[H]>>[#6:8](-[#8:9]-[H])=[#6:10](-[#8:11])-[H:20],"EVODEX.1-P68,EVODEX.1-P116,EVODEX.1-P1,EVODEX.1-P41,EVODEX.1-P39"
EVODEX.1-E47,72224147798347293687731090445665869100716575900920406029454294008635748620425,[#6:13]-[#6:14](-[#6:15](-[#6:16])(-[H:109])-[H])(-[H:111])-[H]>>[#6:13]-[#6:14](=[#6:15](-[#6:16])-[H:109])-[H:111],"EVODEX.1-P600,EVODEX.1-P124,EVODEX.1-P605,EVODEX.1-P601,EVODEX.1-P602"
EVODEX.1-E48,72756172130775069765812377228397603133405325281403410010912618384972085267567,[#6:1](-[#7:2](-[#6:3])-[H:24])(-[H:25])(-[H:26])-[H].[#8:12](-[H])-[H]>>[#6:1](=[#8:12])(-[H:25])-[H:26].[#7:2](-[#6:3])(-[H:24])-[H],"EVODEX.1-P1160,EVODEX.1-P1151,EVODEX.1-P1178,EVODEX.1-P1181,EVODEX.1-P1175"
EVODEX.1-E49,69884135596527292063163321365344435150313591721610940271255190922697253270913,[#6:1]-[#6:2](-[#7:3](-[#6:4])-[H:28])(-[H:29])-[H].[#8:13](-[H])-[H]>>[#6:1]-[#6:2](=[#8:13])-[H:29].[#7:3](-[#6:4])(-[H:28])-[H],"EVODEX.1-P1086,EVODEX.1-P1166,EVODEX.1-P1154,EVODEX.1-P1094,EVODEX.1-P1083"
EVODEX.1-E50,107777633375756606886230723586606757689205340045251183622367039918256123629082,[#7:1](-[#6:2](-[#6:3])(-[#6:9])-[H])(-[H:29])-[H:30].[#8:15](-[H])-[H]>>[#6:2](-[#6:3])(-[#6:9])=[#8:15].[#7:1](-[H:29])(-[H:30])-[H],"EVODEX.1-P950,EVODEX.1-P901,EVODEX.1-P882,EVODEX.1-P946,EVODEX.1-P897"
EVODEX.1-E51,48754450157401483762513774524906236143637718554390033792211176592516258951465,[#6:47]-[#16:48]-[H].[#8:97]=[#6:98](-[#6:99])-[H]>>[#6:47]-[#16:48]-[#6:98](=[#8:97])-[#6:99],"EVODEX.1-P667,EVODEX.1-P736,EVODEX.1-P673,EVODEX.1-P666,EVODEX.1-P671"
EVODEX.1-E52,25274073999458364915836906665432779244588416327117790152752366997505208826011,[#6:1]-[#6:2](-[#6@@:3](-[H])(-[#6@:4])-[#6@@:25])(-[H:96])-[H]>>[#6:1]-[#6:2](=[#6:3](-[#6@:4])-[#6@@:25])-[H:96],"EVODEX.1-P135,EVODEX.1-P604,EVODEX.1-P829,EVODEX.1-P828,EVODEX.1-P603"
EVODEX.1-E53,66746702220006426746522148005270231681152805494397043651639771727833961156694,[#6:66]-[#6@:67](-[#6:68](-[#8:69]-[H])(-[H:111])-[H])(-[#6:70])-[H:118]>>[#6:66]-[#6:67](-[#6:68](=[#8:69])-[H:111])(-[#6:70])-[H:118],"EVODEX.1-P11,EVODEX.1-P7,EVODEX.1-P6,EVODEX.1-P4,EVODEX.1-P3"
EVODEX.1-E54,75110247637631236105388199725872406059924851462190033226628129551983812331909,[#6:1]-[#6@:2](-[H])(-[#6:3])-[#7:6](-[#6:5])-[H]>>[#6:1]-[#6:2](=[#7:6]-[#6:5])-[#6:3],"EVODEX.1-P545,EVODEX.1-P547,EVODEX.1-P1141,EVODEX.1-P1142,EVODEX.1-P1143"
EVODEX.1-E55,30429297465048665994634521312219709637340318268485609103119064394425695075991,[#6:5]-[#6:6](-[#8:7])(-[#6:8](-[#8:9])(-[H:62])-[H])-[H]>>[#6:5]-[#6:6](-[#8:7])=[#6:8](-[#8:9])-[H:62],"EVODEX.1-P805,EVODEX.1-P808,EVODEX.1-P807,EVODEX.1-P73,EVODEX.1-P806"
EVODEX.1-E56,99367462096271243341848151533100817735039767619291145633219682559126189308558,[#6:5](=[#8:6])-[#6@@:7](-[#6:8](-[#6:9])(-[H:26])-[H])(-[H])-[#7:15]>>[#6:5](=[#8:6])-[#6:7](=[#6:8](-[#6:9])-[H:26])-[#7:15],"EVODEX.1-P849,EVODEX.1-P853,EVODEX.1-P855,EVODEX.1-P852,EVODEX.1-P847"
EVODEX.1-E57,112807702842724900552002895608977815722077552948660876489818460273095831151534,[#6:50]-[#7:51](-[#6@@:52](-[#6:53])(-[#6:58]=[#8:59])-[H])-[H:100].[#8:64](-[H])-[H]>>[#6:52](-[#6:53])(-[#6:58]=[#8:59])=[#8:64].[#6:50]-[#7:51](-[H:100])-[H],"EVODEX.1-P1116,EVODEX.1-P1121,EVODEX.1-P1118,EVODEX.1-P1150,EVODEX.1-P926"
EVODEX.1-E58,18375624709015959504080792870806124701003757252618064205090423883371951951072,[#6:1]-[#6:2](=[#8:3])-[#6:4](=[#8:5])-[#8:6].[#6:49]-[#16:50]-[H]>>[#6:1]-[#6:2](=[#8:3])-[#16:50]-[#6:49].[#6:4](=[#8:5])(-[#8:6])-[H],"EVODEX.1-P744,EVODEX.1-P793,EVODEX.1-P686,EVODEX.1-P677,EVODEX.1-P1821"
EVODEX.1-E59,3652459716674903990026247901638484531728192889851508334018458682051835060134,[#6:96]-[#7:97]=[#7:98]-[#6:99]>>[#7:98](-[#6:99])(-[H])-[H].[#6:96]-[#7:97](-[H])-[H],"EVODEX.1-P1211,EVODEX.1-P1209,EVODEX.1-P1216,EVODEX.1-P1215,EVODEX.1-P1217"
EVODEX.1-E60,60310473904130331826372816414402799731855328084686848355161727674722951712105,[#8:89]=[#6:90](-[#8:91])-[#6@@:92]>>[#6:90](-[#8:91])(-[#6@@:92])(-[H])-[H].[#8:89](-[H])-[H],"EVODEX.1-P57,EVODEX.1-P58,EVODEX.1-P60,EVODEX.1-P28,EVODEX.1-P70"
EVODEX.1-E61,58404281027380000266418308652519766929520392721125327547906651057888249532721,[#6:27]-[#6:28](=[#8:29])-[#16:30]-[#6:31]>>[#6:27]-[#6:28](-[#8:29]-[H])(-[H])-[H].[#16:30](-[#6:31])-[H],"EVODEX.1-P751,EVODEX.1-P756,EVODEX.1-P748,EVODEX.1-P752,EVODEX.1-P757"
EVODEX.1-E62,49955776768585084327879763447520588715115240212495070001300559071778288040312,[#8:89](-[H])-[H].[#8:90]-[#6:91](-[#6@@:92])(-[H])-[H]>>[#8:89]=[#6:91](-[#8:90])-[#6@@:92],"EVODEX.1-P71,EVODEX.1-P56,EVODEX.1-P72,EVODEX.1-P53,EVODEX.1-P693"
EVODEX.1-E63,65584326832651190537758626048435275925844939645162446636234362877989396008178,[#7:101](-[#6:102])(-[H])-[H].[#7:89](-[#6:90])(-[H])-[H]>>[#7:89](-[#6:90])=[#7:101]-[#6:102],"EVODEX.1-P1214,EVODEX.1-P1212,EVODEX.1-P1218,EVODEX.1-P1213,EVODEX.1-P1210"
EVODEX.1-E64,81166835665963590969835059938578466481641115161093243883185169031952955325777,([#6:5]-[#7:6](-[#6:7](=[#8:8])-[#6:9])-[H:30].[#7:12](-[#6@:11])(-[H:22])-[H])>>[#6:7](=[#8:8])(-[#6:9])-[#7:12](-[#6@:11])-[H:22].[#6:5]-[#7:6](-[H:30])-[H],"EVODEX.1-P6536,EVODEX.1-P6544,EVODEX.1-P6540,EVODEX.1-P6537,EVODEX.1-P6541"
EVODEX.1-E65,11190067943588361679950025943665527748733708446410935335053040160774376411609,([#7:9](-[#6@@:8])(-[H:26])-[H].[#6:11]-[#6:12](-[#7:13](-[H:28])-[H:29])=[#8:14])>>[#7:9](-[#6@@:8])(-[H:26])-[#6:12](=[#8:14])-[#6:11].[#7:13](-[H:28])(-[H:29])-[H],"EVODEX.1-P2145,EVODEX.1-P2149,EVODEX.1-P2160,EVODEX.1-P2157,EVODEX.1-P2154"
EVODEX.1-E66,17957494775432463646888016753660762547768902404184413333237526430125894741461,([#7:1](-[#6@:2])(-[H:18])-[H].[#6:4]-[#6:5](=[#8:6])-[#8:7]-[H:11])>>[#7:1](-[H:18])(-[#6@:2])-[#6:5](-[#6:4])=[#8:6].[#8:7](-[H:11])-[H],"EVODEX.1-P2158,EVODEX.1-P5852,EVODEX.1-P5847,EVODEX.1-P5857,EVODEX.1-P5858"
EVODEX.1-E67,91757470287545600822664291122005910304497591517147865289185491655338424845774,([#7:8](-[#6@@:7])(-[H:19])-[H].[#7:15](-[#6@@:14](-[#6@@:2])(-[#6:16])-[H:34])(-[H:31])-[H:32])>>[#7:8](-[#6@@:7])(-[H:19])-[#6@@:14](-[#6@@:2])(-[#6:16])-[H:34].[#7:15](-[H:31])(-[H:32])-[H],"EVODEX.1-P2152,EVODEX.1-P2156,EVODEX.1-P2165,EVODEX.1-P2163,EVODEX.1-P2146"
EVODEX.1-E68,35165742685481653439681182239019796399279761598274988241086661456487847439302,([#6:5]-[#6:6](=[#6:7](-[#6:8]=[#8:9])-[H:29])-[H:30].[#6:17]-[#8:18]-[H])>>[#6:5]-[#6@:6](-[H:30])(-[#6:7](-[H:29])(-[H])-[#6:8]=[#8:9])-[#8:18]-[#6:17],"EVODEX.1-P6614,EVODEX.1-P6609,EVODEX.1-P6611,EVODEX.1-P6617,EVODEX.1-P6616"
EVODEX.1-E69,35350521957881283767030162878741811226146052317896688236274968415098968218770,([#8:1]=[#6:2](-[#6:3])-[H].[#6:20]-[#6:21](=[#8:22])-[H:52])>>[#8:1]=[#6:2](-[#6:3])-[#6@@:21](-[#6:20])(-[#8:22]-[H])-[H:52],"EVODEX.1-P6282,EVODEX.1-P6281,EVODEX.1-P6283,EVODEX.1-P6284,EVODEX.1-P6285"
EVODEX.1-E70,39503320933976878852667415055485395021601439470875121199020299163465154030371,[#8:1](-[H:33])-[H].([#8:10]-[#6@:9]1(-[#6@@:8]-[#6@:24](-[#8:23]-[#6@:13](-[#6@@:11]-1(-[#8:12])-[H:40])(-[#8:14]-[#6:15])-[H:50])(-[#6:25])-[H:54])-[H:38].[#8:28]-[#6@:27](-[#6@:6])(-[H:57])-[#6@:29](-[#8:30])(-[H:59])-[#6@@:31](-[#6@@:4])(-[#8:32])-[H:61])>>[#8:14](-[#6:15])-[H].([#8:1](-[#6@@:13]1(-[H:50])-[#6@@:11](-[#8:12])(-[H:40])-[#6@:9](-[#8:10])(-[H:38])-[#6@@:8]-[#6@:24](-[#6:25])(-[H:54])-[#8:23]-1)-[H:33].[#8:32]-[#6@@:31](-[#6@@:4])(-[H:61])-[#6@@:29](-[#8:30])(-[H:59])-[#6@:27](-[#6@:6])(-[#8:28])-[H:57]),"EVODEX.1-P4341,EVODEX.1-P4373,EVODEX.1-P4411,EVODEX.1-P4447,EVODEX.1-P4508"
EVODEX.1-E71,75064169797473104906337093919736709936176440406390928792832027126885397722878,[#8:1](-[H:47])-[H].([#8:10]1-[#6@@:9]-[#6@:28](-[#6@@:26](-[#6@:24](-[#6@:11]-1(-[#8:12]-[#6@@:13])-[H:62])(-[#8:25])-[H:64])(-[#8:27])-[H:66])(-[#8:29])-[H:78].[#8:42]-[#6@:41](-[#6@@:6])(-[H:83])-[#6@:43](-[#8:44])(-[H:85])-[#6@@:45](-[#6@@:4])(-[#8:46])-[H:87])>>[#8:12](-[#6@@:13])-[H].([#8:1](-[#6@@:11]1(-[H:62])-[#8:10]-[#6@@:9]-[#6@:28](-[#8:29])(-[H:78])-[#6@@:26](-[#8:27])(-[H:66])-[#6@:24]-1(-[#8:25])-[H:64])-[H:47].[#8:46]-[#6@@:45](-[#6@@:4])(-[H:87])-[#6@@:43](-[#8:44])(-[H:85])-[#6@:41](-[#6@@:6])(-[#8:42])-[H:83]),"EVODEX.1-P4494,EVODEX.1-P4352,EVODEX.1-P4547,EVODEX.1-P4449,EVODEX.1-P4370"
EVODEX.1-E72,104849117538962158097050838741887157894054015228465677593365386391826473170180,([#8:24]-[#15:25](=[#8:26])(-[#8:27])-[#8:28]-[#15:29].[#8:34]-[#6@@:33](-[#6@@:18])(-[H:49])-[#6@:35](-[#6@:16])(-[#8:36])-[H:51]).[#8:1](-[H:52])-[H]>>([#8:1](-[#15:25](-[#8:24])(=[#8:26])-[#8:27])-[H:52].[#8:36]-[#6@:35](-[#6@:16])(-[H:51])-[#6@@:33](-[#6@@:18])(-[#8:34])-[H:49]).[#8:28](-[#15:29])-[H],"EVODEX.1-P4238,EVODEX.1-P6014,EVODEX.1-P5980,EVODEX.1-P4236,EVODEX.1-P5968"
EVODEX.1-E73,34005098021200576131758782359335971481908552404506598752431271171169592939225,[#8:33]-[#15:34](=[#8:35])(-[#8:36])-[#8:37]-[#15:38].[#8:42](-[H:66])-[H]>>[#8:33]-[#15:34](=[#8:35])(-[#8:36])-[#8:42]-[H:66].[#8:37](-[#15:38])-[H],"EVODEX.1-P5970,EVODEX.1-P5976,EVODEX.1-P5974,EVODEX.1-P5982,EVODEX.1-P5975"
EVODEX.1-E74,48239492217365593582674223134874217972761852005565058089706162183368538649144,[#15:24]-[#8:26]-[H].([#8:46]-[#15:47](=[#8:48])(-[#8:49])-[#8:50]-[#15:51].[#8:60]-[#6@@:59](-[#6@@:44])(-[H:90])-[#6@:61](-[#6@:42])(-[#8:62])-[H:92])>>([#15:24]-[#8:26]-[#15:47](-[#8:46])(=[#8:48])-[#8:49].[#8:62]-[#6@:61](-[#6@:42])(-[H:92])-[#6@@:59](-[#6@@:44])(-[#8:60])-[H:90]).[#8:50](-[#15:51])-[H],"EVODEX.1-P3632,EVODEX.1-P3683,EVODEX.1-P7557,EVODEX.1-P3628,EVODEX.1-P3676"
EVODEX.1-E75,40832159244498275380310498314027976393774517947842650172051821427417857494269,[#8:15]-[#15:16](=[#8:17])(-[#8:18])-[#8:19]-[#15:20].([#15:50]-[#8:52]-[H].[#8:55]-[#6@@:54](-[#6@@:43])(-[H:86])-[#6@:56](-[#6@:41])(-[#8:57])-[H:88])>>([#8:15]-[#15:16](=[#8:17])(-[#8:18])-[#8:52]-[#15:50].[#8:57]-[#6@:56](-[#6@:41])(-[H:88])-[#6@@:54](-[#6@@:43])(-[#8:55])-[H:86]).[#8:19](-[#15:20])-[H],"EVODEX.1-P3533,EVODEX.1-P3568,EVODEX.1-P3718,EVODEX.1-P3564,EVODEX.1-P3563"
EVODEX.1-E76,1698394942713425816222765813660885133888359617482393347034441912325939901013,[#8:16]-[#15:17](=[#8:18])(-[#8:19])-[#8:20]-[#15:21].([#6:42]-[#6@@:43](-[#8:44])(-[H:85])-[#6@:45].[#15:56]-[#8:58]-[H])>>([#8:16]-[#15:17](=[#8:18])(-[#8:19])-[#8:58]-[#15:56].[#8:44]-[#6@@:43](-[#6@:45])(-[H:85])-[#6:42]).[#8:20](-[#15:21])-[H],"EVODEX.1-P3572,EVODEX.1-P3530,EVODEX.1-P3566,EVODEX.1-P3527,EVODEX.1-P3531"
EVODEX.1-E77,33739455898969767570616002154738251122200790021268340097856653940705985382334,[#15:17]-[#8:19]-[H].[#15:31]-[#8:34]-[#15:35](=[#8:36])(-[#8:37])-[#8:38]>>[#15:17]-[#8:19]-[#15:35](=[#8:36])(-[#8:37])-[#8:38].[#15:31]-[#8:34]-[H],"EVODEX.1-P3616,EVODEX.1-P3717,EVODEX.1-P3569,EVODEX.1-P1188,EVODEX.1-P3636"
EVODEX.1-E78,54412171184713970680067745899037010667277992939658703194722616497201889857154,[#8:17](-[#6@:16])-[H].([#8:64]-[#15:65](=[#8:66])(-[#8:67])-[#8:68]-[#15:69].[#8:93]-[#6@@:92](-[#6@@:54])(-[H:147])-[#6@:94](-[#6@:52])(-[#8:95])-[H:149])>>([#8:17](-[#6@:16])-[#15:65](-[#8:64])(=[#8:66])-[#8:67].[#8:95]-[#6@:94](-[#6@:52])(-[H:149])-[#6@@:92](-[#6@@:54])(-[#8:93])-[H:147]).[#8:68](-[#15:69])-[H],"EVODEX.1-P309,EVODEX.1-P3695,EVODEX.1-P308,EVODEX.1-P3673,EVODEX.1-P3684"
EVODEX.1-E79,31530611199488680169544744277140006079566376480367333491647481143848851476031,[#15:79]-[#8:82]-[#15:83](=[#8:84])(-[#8:85])-[#8:86].[#6:53]-[#8:55]-[H]>>[#15:79]-[#8:82]-[H].[#6:53]-[#8:55]-[#15:83](=[#8:84])(-[#8:85])-[#8:86],"EVODEX.1-P3395,EVODEX.1-P3472,EVODEX.1-P3477,EVODEX.1-P3434,EVODEX.1-P3442"
EVODEX.1-E80,67036839228584934565371760445381170284863815755398385509955763950179030533151,([#7:6](-[#6@:5])(-[#6:7](=[#8:8])-[#6@:9])-[H:83].[#6:40](-[#6@@:32])(=[#8:41])-[#7:42](-[#6@@:43])-[H:108]).[#8:59](-[H:119])-[H].[#8:60](-[H:121])-[H]>>[#6:7](=[#8:8])(-[#6@:9])-[#8:59]-[H:119].([#7:6](-[#6@:5])(-[H:83])-[H].[#6:40](-[#6@@:32])(=[#8:41])-[#8:60]-[H:121]).[#7:42](-[#6@@:43])(-[H:108])-[H],"EVODEX.1-P5420,EVODEX.1-P5392,EVODEX.1-P5381,EVODEX.1-P4836,EVODEX.1-P5386"
EVODEX.1-E81,43464940969606448196836143975045390711919667261269146455812016963231869907228,([#8:59]-[#15:60](=[#8:61])(-[#8:62])-[#8:63]-[#15:64].[#8:69]-[#6@@:68](-[#6@@:53])(-[H:83])-[#6@:70](-[#6@:51])(-[#8:71])-[H:85]).([#6:19]-[#6@:20](-[#7:21])(-[#6:38])-[H:103].[#6:31]-[#6:32](=[#8:33])-[#8:34]-[H:92]).[#7:9](-[#6@:8])(-[H:114])-[H]>>([#7:9](-[#6@:8])(-[#6:32](-[#6:31])=[#8:33])-[H:114].[#7:21]-[#6@@:20](-[#6:19])(-[#6:38])-[H:103]).([#8:34](-[#15:60](-[#8:59])(=[#8:61])-[#8:62])-[H:92].[#8:71]-[#6@:70](-[#6@:51])(-[H:85])-[#6@@:68](-[#6@@:53])(-[#8:69])-[H:83]).[#8:63](-[#15:64])-[H],"EVODEX.1-P7123,EVODEX.1-P7090,EVODEX.1-P7119,EVODEX.1-P7105,EVODEX.1-P6917"
EVODEX.1-E82,81242393075860325295112700118971759685569261196261167604158103657839948381784,[#6:1](-[#8:2]-[#6:3])(-[H:36])(-[H:37])-[H:38].[#8:21](-[H:39])-[H]>>[#6:1](-[#8:21]-[H:39])(-[H:36])(-[H:37])-[H:38].[#8:2](-[#6:3])-[H],"EVODEX.1-P5214,EVODEX.1-P3892,EVODEX.1-P4342,EVODEX.1-P4110,EVODEX.1-P3923"
EVODEX.1-E83,246867334021275951760657497529770324279857542564221208485928328573478233934,[#6:5](-[#6@:4])#[#7:6].[#8:14](-[H])-[H]>>[#6:5](-[#6@:4])(-[#7:6](-[H])-[H])=[#8:14],"EVODEX.1-P6475,EVODEX.1-P5927,EVODEX.1-P5933,EVODEX.1-P6465,EVODEX.1-P6468"
EVODEX.1-E84,17717899346181017069575470398943364322730090765394763079314383017864561756809,[#6:8]-[#6@@:9](-[#7:10])(-[#6:11])-[H:21]>>[#6:8]-[#6@:9](-[#7:10])(-[#6:11])-[H:21],"EVODEX.1-P6573,EVODEX.1-P6574,EVODEX.1-P6572,EVODEX.1-P6571,EVODEX.1-P6584"
EVODEX.1-E85,66359954560327433824047594449110195639692261968681082881421440531375254583406,[#6:5](-[#6@:4])(-[#7:6](-[H])-[H])=[#8:7]>>[#6:5](-[#6@:4])#[#7:6].[#8:7](-[H])-[H],"EVODEX.1-P6471,EVODEX.1-P6464,EVODEX.1-P6470,EVODEX.1-P6466,EVODEX.1-P6477"
EVODEX.1-E86,77915210960540148829574243863207844087222149813559537436998623639079653406252,[#8:22]-[#6@@:21](-[#6@@:20])(-[#6:23])-[H:50]>>[#8:22]-[#6@:21](-[#6@@:20])(-[#6:23])-[H:50],"EVODEX.1-P6575,EVODEX.1-P3420,EVODEX.1-P6577,EVODEX.1-P6576,EVODEX.1-P35"
EVODEX.1-E87,17888822801889557731974310313337393824240382373190627398265535135000315618603,[#6:19]-[#6:20](-[#8:21]-[#15:22])(-[H:94])-[H:95].([#6:31]-[#6@:33](-[#7:34])(-[#6:76])-[H:156].[#6:74]-[#16:75]-[H])>>([#6:19]-[#6:20](-[#16:75]-[#6:74])(-[H:94])-[H:95].[#7:34]-[#6@@:33](-[#6:31])(-[#6:76])-[H:156]).[#8:21](-[#15:22])-[H],"EVODEX.1-P2692,EVODEX.1-P2700,EVODEX.1-P2694,EVODEX.1-P2696,EVODEX.1-P2703"
EVODEX.1-E88,115010544728896313430441114925631078706509437081654704126308085410923543782258,[#6:13]-[#6:14](-[#17:15])(-[H:17])-[H:18].[#8:16](-[H:46])-[H]>>[#6:13]-[#6:14](-[#8:16]-[H:46])(-[H:17])-[H:18].[#17:15]-[H],"EVODEX.1-P6097,EVODEX.1-P6121,EVODEX.1-P6100,EVODEX.1-P6102,EVODEX.1-P6108"
EVODEX.1-E89,110180146528797263385196141192288670669618798158162134115126300117240054960354,[#8:1](-[#7:2]=[#6:3](-[#6:4])-[H])-[H:23]>>[#7:2]#[#6:3]-[#6:4].[#8:1](-[H:23])-[H],"EVODEX.1-P6561,EVODEX.1-P6563,EVODEX.1-P6565,EVODEX.1-P6567,EVODEX.1-P6569"
EVODEX.1-E90,64283199246332444968102683330848171642457505187472316950061725603382565661380,[#6:19]-[#6:20](-[#8:21]-[#15:22])(-[H:73])-[H:74].([#6:33]-[#6@:34](-[#7:35]-[#6:36]-[#6@@:38](-[#7:39])(-[#6:46])-[H:111])(-[#6:49])-[H:119].[#6:44]-[#16:45]-[H])>>([#6:19]-[#6:20](-[#16:45]-[#6:44])(-[H:73])-[H:74].[#7:39]-[#6@:38](-[#6:36]-[#7:35]-[#6@@:34](-[#6:33])(-[#6:49])-[H:119])(-[#6:46])-[H:111]).[#8:21](-[#15:22])-[H],"EVODEX.1-P2711,EVODEX.1-P2659,EVODEX.1-P2714,EVODEX.1-P2716,EVODEX.1-P2701"
EVODEX.1-E91,51330321998451376501920407340616015039517984499622791203093277703563422108873,[#6:19]-[#6:20](-[#8:21]-[#15:22])(-[H:97])-[H:98].([#6:33]-[#6@:34](-[#7:35])(-[#6:79])-[H:173].[#6:44]-[#6@@:46](-[#7:47]-[#6:48]-[#6@:50](-[#6:51]-[#16:52]-[H])(-[#7:53])-[H:159])(-[#6:76])-[H:168])>>([#6:19]-[#6:20](-[#16:52]-[#6:51]-[#6@@:50](-[#6:48]-[#7:47]-[#6@:46](-[#6:44])(-[#6:76])-[H:168])(-[#7:53])-[H:159])(-[H:97])-[H:98].[#7:35]-[#6@@:34](-[#6:33])(-[#6:79])-[H:173]).[#8:21](-[#15:22])-[H],"EVODEX.1-P2723,EVODEX.1-P2742,EVODEX.1-P2734,EVODEX.1-P2747,EVODEX.1-P2719"
EVODEX.1-E92,74366513894588864283714019705741661342323508618207884283668342657141039774572,[#6:1]-[#6:2](=[#8:3])-[#8:4]-[H:22].([#7:10]-[#6@@:21](-[#6@@:7])(-[#6:20])-[H:36].[#6:18]-[#7:19](-[H:28])-[H])>>([#6:1]-[#6:2](=[#8:3])-[#7:19](-[#6:18])-[H:28].[#7:10]-[#6@:21](-[#6@@:7])(-[H:36])-[#6:20]).[#8:4](-[H:22])-[H],"EVODEX.1-P5083,EVODEX.1-P5098,EVODEX.1-P5084,EVODEX.1-P5076,EVODEX.1-P5791"
EVODEX.1-E93,88426143806807330756847944807470034841761066821911616839029217462161757825723,[#6:2]-[#6@:4](-[H:24])(-[#6:5])-[#6@:22]>>[#6:2]-[#6@@:4](-[H:24])(-[#6:5])-[#6@:22],"EVODEX.1-P6581,EVODEX.1-P6578,EVODEX.1-P6579,EVODEX.1-P6580,EVODEX.1-P6582"
EVODEX.1-E94,429586173758693266091390832060140905052655555984542702080928812954039264285,[#7:5]-[#6:6](=[#7:7]-[H:15])-[H:16].[#8:11](-[H])-[H]>>[#7:5]-[#6:6](=[#8:11])-[H:16].[#7:7](-[H:15])(-[H])-[H],"EVODEX.1-P5865,EVODEX.1-P5879,EVODEX.1-P5876,EVODEX.1-P5862,EVODEX.1-P5873"
EVODEX.1-E95,68754678984665268610652294736460415302650630576321053534152644986740239598649,[#6:4]-[#6:5](-[#8:6]-[#15:7])(-[H:57])-[H:58].([#15:42]-[#8:44]-[H].[#8:47]-[#6@@:46](-[#6@@:31])(-[H:74])-[#6@:48](-[#6@:29])(-[#8:49])-[H:76])>>([#6:4]-[#6:5](-[#8:44]-[#15:42])(-[H:57])-[H:58].[#8:49]-[#6@:48](-[#6@:29])(-[H:76])-[#6@@:46](-[#6@@:31])(-[#8:47])-[H:74]).[#8:6](-[#15:7])-[H],"EVODEX.1-P7563,EVODEX.1-P3674,EVODEX.1-P7565,EVODEX.1-P3613,EVODEX.1-P7560"
EVODEX.1-E96,94102753811404742242034737254466012266609872025769284841140925768621914789029,[#6:9](-[#6@@:8])(-[#8:10]-[#15:11])(-[H:62])-[H:63].[#8:44](-[H:71])-[H]>>[#6:9](-[#6@@:8])(-[#8:44]-[H:71])(-[H:62])-[H:63].[#8:10](-[#15:11])-[H],"EVODEX.1-P6020,EVODEX.1-P4212,EVODEX.1-P4177,EVODEX.1-P4226,EVODEX.1-P4182"
EVODEX.1-E97,10418584620863360672938899287298944322278321361671099657765362851620578198242,[#6:2]-[#6:3](-[#8:4]-[#6:5])(-[H:20])-[H:21].[#8:14](-[H:27])-[H]>>[#6:2]-[#6:3](-[#8:14]-[H:27])(-[H:20])-[H:21].[#8:4](-[#6:5])-[H],"EVODEX.1-P4503,EVODEX.1-P5495,EVODEX.1-P3993,EVODEX.1-P5228,EVODEX.1-P4081"
EVODEX.1-E98,65943596422479714860443544081768775008936754311663686581249257671202432956251,[#6:6]-[#6:7](-[#7:8](-[H:11])-[H:12])=[#8:9].[#8:10](-[H:21])-[H]>>[#6:6]-[#6:7](=[#8:9])-[#8:10]-[H:21].[#7:8](-[H:11])(-[H:12])-[H],"EVODEX.1-P5702,EVODEX.1-P4650,EVODEX.1-P5122,EVODEX.1-P5624,EVODEX.1-P5705"
EVODEX.1-E99,30858260486608857139802167945600841766010886503136344013977541807822307718870,[#6:12]-[#6:13](-[#8:14]-[H])(-[H:25])-[H].[#8:17]=[#8:18]>>[#6:12]-[#6:13](=[#8:14])-[H:25].[#8:17](-[#8:18]-[H])-[H],"EVODEX.1-P127,EVODEX.1-P104,EVODEX.1-P146,EVODEX.1-P145,EVODEX.1-P119"
EVODEX.1-E100,55063587677968676307884989672235253098272495805896727823990808231228756525612,[#6:7]-[#6@:8](-[#8:9]-[H])(-[#6:10]#[#7:11])-[H:13]>>[#6:7]-[#6:8](=[#8:9])-[H:13].[#6:10](#[#7:11])-[H],"EVODEX.1-P6234,EVODEX.1-P6237,EVODEX.1-P6228,EVODEX.1-P6358,EVODEX.1-P6244"
EVODEX.1-E101,97713510756956130237960044628909877946414218362569616318673005375296877661746,[#6:9]-[#6:10](=[#8:11])-[H:12].[#6:1](#[#7:2])-[H]>>[#6:1](#[#7:2])-[#6@:10](-[#6:9])(-[#8:11]-[H])-[H:12],"EVODEX.1-P6223,EVODEX.1-P6243,EVODEX.1-P6236,EVODEX.1-P6352,EVODEX.1-P6230"
EVODEX.1-E102,107949124502312718914583327997877665692844356740221939092966306622789840240435,[#6:4]-[#6:5](=[#8:6])-[#8:7]-[H:8].[#7:1](-[H:11])(-[H:12])-[H]>>[#7:1](-[#6:5](-[#6:4])=[#8:6])(-[H:11])-[H:12].[#8:7](-[H:8])-[H],"EVODEX.1-P5625,EVODEX.1-P5689,EVODEX.1-P5211,EVODEX.1-P5687,EVODEX.1-P5572"
EVODEX.1-E103,92624234963485899914117476444260784585286422140687554646815984777584252264169,[#6:4]-[#7:5](-[#6:6](=[#8:7])-[H:9])-[H:10].[#8:8](-[H:20])-[H]>>[#6:4]-[#7:5](-[H:10])-[H].[#6:6](=[#8:7])(-[#8:8]-[H:20])-[H:9],"EVODEX.1-P5805,EVODEX.1-P5820,EVODEX.1-P5800,EVODEX.1-P5815,EVODEX.1-P5803"
EVODEX.1-E104,27938017763405389143012863116667108359151156412353877677521531427670171277352,[#6:1](-[#6:2])(-[H:13])(-[H:14])-[H].[#6:8]-[#6:10](=[#8:11])-[H:19]>>[#6:1](-[#6:2])(-[#6:10](-[#6:8])(-[#8:11]-[H])-[H:19])(-[H:13])-[H:14],"EVODEX.1-P6287,EVODEX.1-P6288,EVODEX.1-P6374,EVODEX.1-P6251,EVODEX.1-P6255"
EVODEX.1-E105,97652316823993632201705198568306657410797437532771271365556780637348022051816,[#8:9]1-[#6@@:8]-[#6@@:10]-1(-[#6:11])-[H:40].[#8:22](-[H:47])-[H]>>[#8:9](-[#6@@:8]-[#6@:10](-[#6:11])(-[#8:22]-[H:47])-[H:40])-[H],"EVODEX.1-P4554,EVODEX.1-P4553,EVODEX.1-P4563,EVODEX.1-P4564,EVODEX.1-P4570"
EVODEX.1-E106,87275547990447110419703241226230203588286302356395882374805906834188944596192,[#6:2]-[#6:4](-[#8:5]-[H])(-[#6:6](-[#6:7])(-[H:17])-[H:18])-[H:19]>>[#6:2]-[#6:4](=[#8:5])-[H:19].[#6:6](-[#6:7])(-[H:17])(-[H:18])-[H],"EVODEX.1-P6289,EVODEX.1-P6365,EVODEX.1-P6253,EVODEX.1-P6369,EVODEX.1-P6375"
EVODEX.1-E107,18716746759419783532749663182891021182104902613230657037442858810990648136695,[#7:1](-[#6@@:2](-[#6:3](-[#6:4])(-[H:14])-[H])(-[#6:8])-[H:17])(-[H:18])-[H:19]>>[#7:1](-[#6:3](-[#6:2](-[#6:8])(-[H:17])-[H])(-[#6:4])-[H:14])(-[H:18])-[H:19],"EVODEX.1-P6605,EVODEX.1-P6604,EVODEX.1-P6606,EVODEX.1-P6603,EVODEX.1-P6607"
EVODEX.1-E108,80286964932565131527513733803131826871188165290443918889361987854124359674788,[#6:25](-[#6@@:24])(-[#8:26]-[#16:27])(-[H:43])-[H:44].[#8:37](-[H:85])-[H]>>[#6:25](-[#6@@:24])(-[#8:37]-[H:85])(-[H:43])-[H:44].[#8:26](-[#16:27])-[H],"EVODEX.1-P4287,EVODEX.1-P4289,EVODEX.1-P4275,EVODEX.1-P4268,EVODEX.1-P4280"
EVODEX.1-E109,65428634731316694344936279004135204703245450425166118928575046268193493960531,[#6:19]-[#6:20](-[H:28])(-[H:29])-[#8:21]-[#6:22].[#8:24](-[H:56])-[H]>>([#6:19]-[#6:20](-[#8:24]-[H:56])(-[H:28])-[H:29].[#6:22]-[#8:21]-[H]),"EVODEX.1-P4145,EVODEX.1-P4141,EVODEX.1-P4146,EVODEX.1-P3981,EVODEX.1-P4148"
EVODEX.1-E110,102441504598845488990631653147825299708022077227865428085878232937184046036444,[#6:52]-[#6:53](-[#6:54](=[#8:55])-[#8:56]-[H])(-[H:79])-[H:80]>>[#6:54](=[#8:55])=[#8:56].[#6:52]-[#6:53](-[H:79])(-[H:80])-[H],"EVODEX.1-P6210,EVODEX.1-P6158,EVODEX.1-P6173,EVODEX.1-P6169,EVODEX.1-P6168"
EVODEX.1-E111,72305176075939755742853840751370833990645187722557990359338153740585130311505,[#8:35](-[#6@:34])-[#6:36](-[H:94])(-[#8:37])-[#6@:45].([#15:69]-[#8:71]-[H].[#8:74]-[#6@@:73](-[#6@@:62])(-[H:130])-[#6@:75](-[#6@:60])(-[#8:76])-[H:132])>>([#8:71](-[#6@@:36](-[H:94])(-[#8:37])-[#6@:45])-[#15:69].[#8:76]-[#6@:75](-[#6@:60])(-[H:132])-[#6@@:73](-[#6@@:62])(-[#8:74])-[H:130]).[#8:35](-[#6@:34])-[H],"EVODEX.1-P2356,EVODEX.1-P2253,EVODEX.1-P2269,EVODEX.1-P2262,EVODEX.1-P2354"
EVODEX.1-E112,107249536427390431467087212755203256219776157970701729636276159973874831333132,[#15:2]-[#8:3]-[H].[#6:12]-[#8:13]-[#6@@:14](-[H:32])(-[#8:15])-[#6@:23]>>[#15:2]-[#8:3]-[#6@@:14](-[H:32])(-[#8:15])-[#6@:23].[#6:12]-[#8:13]-[H],"EVODEX.1-P2229,EVODEX.1-P2421,EVODEX.1-P2365,EVODEX.1-P2366,EVODEX.1-P2350"
EVODEX.1-E113,10373402035149097564897722167371448969550499428723017294884375515993592631545,[#6:2]-[#8:3]-[#6@:4](-[H:53])(-[#8:5])-[#6@:13].([#6:34]-[#8:35]-[H].[#8:48]-[#6@:47](-[#6@:26])(-[H:82])-[#6@:49](-[#8:50])(-[H:84])-[#6@@:51](-[#6@@:24])(-[#8:52])-[H:86])>>([#8:35](-[#6@:4](-[H:53])(-[#8:5])-[#6@:13])-[#6:34].[#8:52]-[#6@@:51](-[#6@@:24])(-[H:86])-[#6@@:49](-[#8:50])(-[H:84])-[#6@:47](-[#6@:26])(-[#8:48])-[H:82]).[#6:2]-[#8:3]-[H],"EVODEX.1-P2405,EVODEX.1-P2387,EVODEX.1-P2388,EVODEX.1-P2407,EVODEX.1-P2386"
EVODEX.1-E114,33272825790354646004533947046756896845461650720352451694760559865132752230396,[#6:3]-[#6:4](-[#6:5])(-[H:44])-[H].[#8:19]=[#8:20]>>[#6:3]-[#6:4](-[#6:5])(-[#8:19]-[#8:20]-[H])-[H:44],"EVODEX.1-P267,EVODEX.1-P260,EVODEX.1-P265,EVODEX.1-P258,EVODEX.1-P261"
EVODEX.1-E115,16905509394016542225626908801391046980670599119142637180835393781300580842792,[#6:1]-[#6:2](-[#8:3]-[H:13])(-[H:14])-[H:15].[#6:5]-[#8:6]-[H]>>[#6:1]-[#6:2](-[#8:6]-[#6:5])(-[H:14])-[H:15].[#8:3](-[H:13])-[H],"EVODEX.1-P4117,EVODEX.1-P4126,EVODEX.1-P5133,EVODEX.1-P3953,EVODEX.1-P3951"
EVODEX.1-E116,16749953190336139398840354266306331202234294334659504318835455900311767113799,[#8:1]=[#6:2](-[#6@:3](-[#8:4]-[H])(-[#6@:5])-[H])-[H:35]>>[#8:1](-[#6:2](-[#6:3](=[#8:4])-[#6@:5])(-[H:35])-[H])-[H],"EVODEX.1-P6590,EVODEX.1-P6588,EVODEX.1-P6587,EVODEX.1-P6586,EVODEX.1-P6585"
EVODEX.1-E117,93574405872010378304645805694147043469292106974432065479297137966850266555602,[#6:1](-[#7:2])(-[H:14])(-[H:15])-[H].[#8:5]=[#6:6](-[#6:7])-[H:22]>>[#6:1](-[#7:2])(-[#6@@:6](-[#8:5]-[H])(-[#6:7])-[H:22])(-[H:14])-[H:15],"EVODEX.1-P6218,EVODEX.1-P6350,EVODEX.1-P6217,EVODEX.1-P6220,EVODEX.1-P6215"
EVODEX.1-E118,42188056310082029968457877575649964456213030996500149127964597369233629385525,[#7:2]-[#6:4](-[#6@@:5](-[#8:6]-[H])(-[#6:7])-[H:20])(-[H:21])-[H:22]>>[#6:5](=[#8:6])(-[#6:7])-[H:20].[#7:2]-[#6:4](-[H:21])(-[H:22])-[H],"EVODEX.1-P6219,EVODEX.1-P6349,EVODEX.1-P6351,EVODEX.1-P6216,EVODEX.1-P6214"
EVODEX.1-E119,83300251048018864660790118294994937232728053774328172855638507182008737082034,[#8:1]=[#6:2](-[#8:3]-[H])-[#6:4](=[#6:5])-[H:17]>>[#6:4](=[#6:5])(-[H:17])-[H].[#8:1]=[#6:2]=[#8:3],"EVODEX.1-P6152,EVODEX.1-P6147,EVODEX.1-P6207,EVODEX.1-P6148,EVODEX.1-P6153"
EVODEX.1-E120,20000250051576874876259939683742115711639214039597088008514619444415955482554,[#8:7](-[#6@@:6](-[#6@@:5])(-[H:142])-[#8:32])-[#15:8].([#7:83]-[#6@:84](-[#6:85])(-[#6:125])-[H:230].[#8:124](-[#6@@:122])-[H])>>([#8:124](-[#6@:6](-[#6@@:5])(-[H:142])-[#8:32])-[#6@@:122].[#6:85]-[#6@@:84](-[#7:83])(-[#6:125])-[H:230]).[#8:7](-[#15:8])-[H],"EVODEX.1-P2251,EVODEX.1-P2375,EVODEX.1-P2439,EVODEX.1-P2437,EVODEX.1-P2443"
EVODEX.1-E121,98998528721354617889360566184902481058675615575580543782573304650396778709181,[#6:3]-[#16:4]-[#6:5](-[#6@:6])(-[H:16])-[H:17].[#8:11](-[H:24])-[H]>>[#6:5](-[#6@:6])(-[#8:11]-[H:24])(-[H:16])-[H:17].[#6:3]-[#16:4]-[H],"EVODEX.1-P4088,EVODEX.1-P4549,EVODEX.1-P4975,EVODEX.1-P4548,EVODEX.1-P4973"
EVODEX.1-E122,18755139015916337550875519066311351866572069789964980676415517082149855086686,[#8:1]=[#6:2](-[#6:3](-[#8:4]-[H])(-[H:20])-[H])-[#6@:5]>>[#8:1](-[#6@@:2](-[#6:3](=[#8:4])-[H:20])(-[#6@:5])-[H])-[H],"EVODEX.1-P6591,EVODEX.1-P6592,EVODEX.1-P6594,EVODEX.1-P6593,EVODEX.1-P6589"
EVODEX.1-E123,114123208770261427192917852431421519902235396313947259417558473201873962597245,[#6:1]-[#6:2](-[#6:3])(-[#17:4])-[H:9].[#8:5](-[H:13])-[H]>>[#6:1]-[#6:2](-[#6:3])(-[#8:5]-[H:13])-[H:9].[#17:4]-[H],"EVODEX.1-P6087,EVODEX.1-P6119,EVODEX.1-P6112,EVODEX.1-P6093,EVODEX.1-P6091"
EVODEX.1-E124,106143953583292547381727063517197668494131091091965229494785855061206827826039,[#6:5]-[#6:6](=[#8:7])-[H:16].[#8:13](-[#8:14]-[H])-[H]>>[#6:5]-[#6:6](-[#8:7]-[H])(-[H:16])-[H].[#8:13]=[#8:14],"EVODEX.1-P138,EVODEX.1-P139,EVODEX.1-P141,EVODEX.1-P142,EVODEX.1-P140"
EVODEX.1-E125,855078534898543949945372333050469459791149699395508616564733686473139380490,[#6:6]-[#6:7](=[#6:8](-[#6:9])-[H:35])-[H:36].[#8:19](-[H:50])-[H]>>[#6:6]-[#6:7](-[#6@:8](-[#6:9])(-[#8:19]-[H:50])-[H:35])(-[H:36])-[H],"EVODEX.1-P6439,EVODEX.1-P6428,EVODEX.1-P6446,EVODEX.1-P6445,EVODEX.1-P6441"
EVODEX.1-E126,93023607447379305326123387168562805923409937539073676347553997727424371663307,[#6:6]-[#6:7](-[#6@@:8](-[#8:9]-[H:20])(-[#6:10])-[H:36])(-[H:37])-[H]>>[#6:6]-[#6:7](=[#6:8](-[#6:10])-[H:36])-[H:37].[#8:9](-[H:20])-[H],"EVODEX.1-P6442,EVODEX.1-P6448,EVODEX.1-P6444,EVODEX.1-P6454,EVODEX.1-P6438"
EVODEX.1-E127,5533025125034263480613599278941969029970444235037873997113600327871956776595,[#6:1](-[#6:2])(-[H:58])(-[H:59])-[H].[#6:5](-[#6:6](-[#6:7])(-[H:96])-[H:97])(-[H:98])(-[H:99])-[H:100]>>[#6:1](-[#6:2])(-[#6:5](-[H:98])(-[H:99])-[H:100])(-[H:58])-[H:59].[#6:6](-[#6:7])(-[H:96])(-[H:97])-[H],"EVODEX.1-P2848,EVODEX.1-P3060,EVODEX.1-P1401,EVODEX.1-P3784,EVODEX.1-P3064"
EVODEX.1-E128,58397163862326803283941346557081572273051515105713352123027262586014243267359,[#6:1]=[#6:2](-[#8:3]-[#6:4])-[H:27].[#8:17](-[H:30])-[H]>>[#6:1]=[#6:2](-[#8:17]-[H:30])-[H:27].[#8:3](-[#6:4])-[H],"EVODEX.1-P4099,EVODEX.1-P4095,EVODEX.1-P4101,EVODEX.1-P4097,EVODEX.1-P3924"
EVODEX.1-E129,73834200671283706519263499620001294180100017900364165860111958730857869126276,[#7:10](-[#6:11])(-[H:26])-[H].[#7:1](-[#6:2](-[#6:3])(-[H:42])-[H:43])(-[H:44])-[H:45]>>[#6:2](-[#6:3])(-[#7:10](-[#6:11])-[H:26])(-[H:42])-[H:43].[#7:1](-[H:44])(-[H:45])-[H],"EVODEX.1-P1270,EVODEX.1-P1269,EVODEX.1-P2616,EVODEX.1-P2615,EVODEX.1-P2614"
EVODEX.1-E130,74204409329002939842868785017165031754366961490986662669492969311732267126579,[#6:13]-[#6:14](=[#8:15])-[#16:16]-[#6:17].([#6:64]-[#6@:65](-[#7:66])(-[#6:84])-[H:233].[#6:82]-[#7:83](-[H:189])-[H])>>([#6:13]-[#6:14](=[#8:15])-[#7:83](-[#6:82])-[H:189].[#7:66]-[#6@@:65](-[#6:64])(-[#6:84])-[H:233]).[#16:16](-[#6:17])-[H],"EVODEX.1-P2105,EVODEX.1-P2110,EVODEX.1-P2111,EVODEX.1-P2115,EVODEX.1-P2109"
EVODEX.1-E131,67549136729362702738784129813748229774064554114912323372580975558341577821108,[#8:7](-[#6@@:6](-[#6@@:5])(-[H:53])-[#8:12])-[#15:8].([#15:39]-[#8:41]-[H].[#8:44]-[#6@@:43](-[#6@@:32])(-[H:80])-[#6@:45](-[#6@:30])(-[#8:46])-[H:82])>>([#8:41](-[#6@@:6](-[#6@@:5])(-[H:53])-[#8:12])-[#15:39].[#8:46]-[#6@:45](-[#6@:30])(-[H:82])-[#6@@:43](-[#6@@:32])(-[#8:44])-[H:80]).[#8:7](-[#15:8])-[H],"EVODEX.1-P3686,EVODEX.1-P2260,EVODEX.1-P2256,EVODEX.1-P2455,EVODEX.1-P2453"
EVODEX.1-E132,1162437699081540756876013428756605730409266504490822140922062273894478204450,[#15:20]-[#8:22]-[H].[#15:29]-[#8:32]-[#6@@:33](-[H:61])(-[#8:34])-[#6@:42]>>[#15:20]-[#8:22]-[#6@@:33](-[H:61])(-[#8:34])-[#6@:42].[#15:29]-[#8:32]-[H],"EVODEX.1-P3648,EVODEX.1-P3685,EVODEX.1-P2456,EVODEX.1-P2507,EVODEX.1-P3646"
EVODEX.1-E133,80813407743551870018312431689066340544613739091955135451355528735273205250859,[#8:1](-[H:16])-[H].[#6:5]-[#7:6](-[#6:7](-[#6:8])(-[H:24])-[H:25])-[H:26]>>[#8:1](-[#6:7](-[#6:8])(-[H:24])-[H:25])-[H:16].[#6:5]-[#7:6](-[H:26])-[H],"EVODEX.1-P5723,EVODEX.1-P5716,EVODEX.1-P5842,EVODEX.1-P5718,EVODEX.1-P4094"
EVODEX.1-E134,22431065632154793136662852137081777024031675386194634690928339736366487648027,[#6:15]-[#6:16](=[#8:17])-[#7:18](-[#6:19])-[H:33].[#8:28](-[H:65])-[H]>>[#6:15]-[#6:16](=[#8:17])-[#8:28]-[H:65].[#7:18](-[#6:19])(-[H:33])-[H],"EVODEX.1-P5423,EVODEX.1-P5545,EVODEX.1-P5661,EVODEX.1-P5231,EVODEX.1-P4636"
EVODEX.1-E135,43555759888092717344097781114106698625107880611753202370306886005968760623243,[#6:1]-[#6:2](=[#8:3])-[#8:4]-[#6:5].[#8:26](-[H:47])-[H]>>[#6:1]-[#6:2](=[#8:3])-[#8:26]-[H:47].[#8:4](-[#6:5])-[H],"EVODEX.1-P5199,EVODEX.1-P3945,EVODEX.1-P3954,EVODEX.1-P4017,EVODEX.1-P3999"
EVODEX.1-E136,91514430312460076028136107383811583033141008046202396783495906114694908722234,[#6:2]-[#6:3](=[#8:4])-[#8:5]-[H:14].[#7:6](-[#6:7])(-[H:27])-[H]>>[#6:2]-[#6:3](=[#8:4])-[#7:6](-[#6:7])-[H:27].[#8:5](-[H:14])-[H],"EVODEX.1-P5694,EVODEX.1-P5605,EVODEX.1-P5587,EVODEX.1-P5095,EVODEX.1-P5484"
EVODEX.1-E137,101339422055011391840998199452836626096778338763556962020324037687188393349327,[#6:2]-[#6:3](=[#8:4])-[#8:5]-[H:51].([#8:38]-[#15:39](=[#8:40])(-[#8:41])-[#8:42]-[#15:43].[#8:48]-[#6@@:47](-[#6@@:32])(-[H:67])-[#6@:49](-[#6@:30])(-[#8:50])-[H:69]).[#7:6](-[#6@:7])(-[H:84])-[H]>>[#6:2]-[#6:3](=[#8:4])-[#7:6](-[#6@:7])-[H:84].[#8:42](-[#15:43])-[H].([#8:5](-[#15:39](-[#8:38])(=[#8:40])-[#8:41])-[H:51].[#8:50]-[#6@:49](-[#6@:30])(-[H:69])-[#6@@:47](-[#6@@:32])(-[#8:48])-[H:67]),"EVODEX.1-P7270,EVODEX.1-P7039,EVODEX.1-P7420,EVODEX.1-P6916,EVODEX.1-P7151"
EVODEX.1-E138,113702922177769261178119684922054998094234947936112909307419250832939894638940,[#6:47](-[#6@@:45])(=[#8:48])-[#8:49]-[H:119].[#7:57](-[#6@:56](-[#6@:51])(-[#6:58])-[H:134])(-[H:131])-[H].([#8:79]-[#15:80](=[#8:81])(-[#8:82])-[#8:83]-[#15:84].[#8:89]-[#6@@:88](-[#6@@:73])(-[H:150])-[#6@:90](-[#6@:71])(-[#8:91])-[H:152])>>[#6:47](-[#6@@:45])(=[#8:48])-[#7:57](-[#6@:56](-[#6@:51])(-[#6:58])-[H:134])-[H:131].([#8:49](-[#15:80](-[#8:79])(=[#8:81])-[#8:82])-[H:119].[#8:91]-[#6@:90](-[#6@:71])(-[H:152])-[#6@@:88](-[#6@@:73])(-[#8:89])-[H:150]).[#8:83](-[#15:84])-[H],"EVODEX.1-P7539,EVODEX.1-P7156,EVODEX.1-P6922,EVODEX.1-P7148,EVODEX.1-P7490"
EVODEX.1-E139,27209978109910200218629239601343561283463090316965774715712624521821371957240,[#7:121](-[#6@@:120])(-[H:267])-[H].[#8:178]-[#15:179](=[#8:180])(-[#8:181])-[#8:182]-[#15:183].[#8:195]=[#6:196](-[#8:197]-[H:374])-[#6:198]>>[#7:121](-[#6@@:120])(-[#6:196](=[#8:195])-[#6:198])-[H:267].[#8:178]-[#15:179](=[#8:180])(-[#8:181])-[#8:197]-[H:374].[#8:182](-[#15:183])-[H],"EVODEX.1-P7359,EVODEX.1-P6959,EVODEX.1-P7088,EVODEX.1-P7018,EVODEX.1-P7494"
EVODEX.1-E140,37471651952871413234831072750174588934566143904740260046440465626583122575177,[#8:7](-[#6@@:6](-[#6@:5])(-[H:32])-[#6@@:13])-[#6@:8].[#8:25](-[H:46])-[H]>>[#8:25](-[#6@@:6](-[#6@:5])(-[H:32])-[#6@@:13])-[H:46].[#8:7](-[#6@:8])-[H],"EVODEX.1-P4066,EVODEX.1-P4328,EVODEX.1-P4486,EVODEX.1-P4335,EVODEX.1-P4134"
EVODEX.1-E141,108592612203513678970593065329159720379731638094818338389065244532578218940713,[#6:6](-[#6@@:5])(-[#8:7]-[#6@:8])(-[H:81])-[#8:42].[#8:50](-[H:94])-[H]>>[#6:6](-[#6@@:5])(-[#8:50]-[H:94])(-[H:81])-[#8:42].[#8:7](-[#6@:8])-[H],"EVODEX.1-P4392,EVODEX.1-P4383,EVODEX.1-P4501,EVODEX.1-P4400,EVODEX.1-P4397"
EVODEX.1-E142,34466312457816058543665030892903064923687307177730553204243449861936531787769,[#6:2]-[#6:4](=[#8:5])-[H].[#8:11]=[#6:12](-[#6:13])-[H:48]>>[#6:2]-[#6:4](=[#8:5])-[#6:12](-[#8:11]-[H])(-[#6:13])-[H:48],"EVODEX.1-P6182,EVODEX.1-P6181,EVODEX.1-P6286,EVODEX.1-P1396,EVODEX.1-P1398"
EVODEX.1-E143,88405163614122225979699753902756277638467864726364579601533936044505351174965,[#6:47]-[#16:48]-[#6:49](=[#8:50])-[#6:51].[#8:55](-[H:99])-[H]>>[#6:49](=[#8:50])(-[#6:51])-[#8:55]-[H:99].[#6:47]-[#16:48]-[H],"EVODEX.1-P4163,EVODEX.1-P4160,EVODEX.1-P4169,EVODEX.1-P4165,EVODEX.1-P5181"
EVODEX.1-E144,3674760439295659788494218410777762427442835001977669837359774406067298156311,[#6:47]-[#16:48]-[H].[#6:78](-[#6@:50])(=[#8:79])-[#8:80]-[H:189].([#8:95]-[#15:96](=[#8:97])(-[#8:98])-[#8:99]-[#15:100].[#8:109]-[#6@@:108](-[#6@@:93])(-[H:205])-[#6@:110](-[#6@:91])(-[#8:111])-[H:207])>>[#6:47]-[#16:48]-[#6:78](-[#6@:50])=[#8:79].([#8:80](-[#15:96](-[#8:95])(=[#8:97])-[#8:98])-[H:189].[#8:111]-[#6@:110](-[#6@:91])(-[H:207])-[#6@@:108](-[#6@@:93])(-[#8:109])-[H:205]).[#8:99](-[#15:100])-[H],"EVODEX.1-P6638,EVODEX.1-P6728,EVODEX.1-P6853,EVODEX.1-P6674,EVODEX.1-P6878"
EVODEX.1-E145,59658584690542769012530076821443382925080922776161610826294308739513215542694,[#6:1]=[#6:2]-[#6:7](=[#8:8])-[#8:9]-[H:92].[#6:56]-[#16:57]-[H].([#8:76]-[#15:77](=[#8:78])(-[#8:79])-[#8:80]-[#15:81].[#8:86]-[#6@@:85](-[#6@@:70])(-[H:142])-[#6@:87](-[#6@:68])(-[#8:88])-[H:144])>>[#6:1]=[#6:2]-[#6:7](=[#8:8])-[#16:57]-[#6:56].[#8:80](-[#15:81])-[H].([#8:9](-[#15:77](-[#8:76])(=[#8:78])-[#8:79])-[H:92].[#8:88]-[#6@:87](-[#6@:68])(-[H:144])-[#6@@:85](-[#6@@:70])(-[#8:86])-[H:142]),"EVODEX.1-P6780,EVODEX.1-P6696,EVODEX.1-P6703,EVODEX.1-P6700,EVODEX.1-P6709"
EVODEX.1-E146,6072465813363703581612373330327470118120409398843058890912507740323726084568,[#6:47]-[#16:48]-[H].[#8:67]-[#15:68](=[#8:69])(-[#8:70])-[#8:71]-[#15:72].[#8:80]=[#6:81](-[#8:82]-[H:141])-[#6:83]>>[#6:47]-[#16:48]-[#6:81](=[#8:80])-[#6:83].[#8:67]-[#15:68](=[#8:69])(-[#8:70])-[#8:82]-[H:141].[#8:71](-[#15:72])-[H],"EVODEX.1-P6828,EVODEX.1-P6895,EVODEX.1-P6827,EVODEX.1-P6791,EVODEX.1-P6813"
EVODEX.1-E147,25784643077050332708206714527505576362706802378857607309604190314822920427383,[#8:1]=[#8:2].[#8:11](-[#6@:10](-[#6@@:9])(-[H])-[#6@:12])-[H]>>[#8:1](-[#8:2]-[H])-[H].[#6:10](-[#6@@:9])(=[#8:11])-[#6@:12],"EVODEX.1-P108,EVODEX.1-P118,EVODEX.1-P114,EVODEX.1-P117,EVODEX.1-P137"
EVODEX.1-E148,99388113290049455426122752187182168463939713238736974212191453302180383114939,[#6:6]-[#6@@:7](-[#8:8]-[#15:9])(-[H:45])-[#6@:23].[#8:32](-[H:54])-[H]>>[#6:6]-[#6@@:7](-[#8:32]-[H:54])(-[H:45])-[#6@:23].[#8:8](-[#15:9])-[H],"EVODEX.1-P4201,EVODEX.1-P4173,EVODEX.1-P4178,EVODEX.1-P4216,EVODEX.1-P4203"
EVODEX.1-E149,62731262571545078042185252205637476189115570755326005989248027784070916226667,[#6:15]-[#6@@:17](-[#8:18]-[H])(-[#6:19](=[#8:20])-[#6:21])-[H:36]>>[#6:15]-[#6:17](=[#8:18])-[H:36].[#6:19](=[#8:20])(-[#6:21])-[H],"EVODEX.1-P6179,EVODEX.1-P6185,EVODEX.1-P6183,EVODEX.1-P6180,EVODEX.1-P6184"
EVODEX.1-E150,15353946530746007286755509279671678488000245873998743829600428405503848571876,[#6:2]-[#6:4](-[#7:5](-[H:10])-[H:11])(-[H:12])-[H].[#8:7]=[#8:8].[#8:6](-[H])-[H]>>[#6:2]-[#6:4](=[#8:6])-[H:12].[#7:5](-[H:10])(-[H:11])-[H].[#8:7](-[#8:8]-[H])-[H],"EVODEX.1-P938,EVODEX.1-P1009,EVODEX.1-P934,EVODEX.1-P1013,EVODEX.1-P1012"
EVODEX.1-E151,40650580108877192703595253587275718210327244696643654873685894570429000530891,[#6:11]-[#8:12]-[#16:13](=[#8:14])(=[#8:15])-[#8:16].([#15:40]-[#8:42]-[H].[#8:45]-[#6@@:44](-[#6@@:37])(-[H:80])-[#6@:50](-[#6@:35])(-[#8:51])-[H:82])>>[#6:11]-[#8:12]-[H].([#16:13](=[#8:14])(=[#8:15])(-[#8:16])-[#8:42]-[#15:40].[#8:51]-[#6@:50](-[#6@:35])(-[H:82])-[#6@@:44](-[#6@@:37])(-[#8:45])-[H:80]),"EVODEX.1-P3734,EVODEX.1-P3747,EVODEX.1-P3738,EVODEX.1-P3745,EVODEX.1-P3751"
EVODEX.1-E152,96006391921261370854913521749894111766231966879973910539481267881497021056800,[#15:16]-[#8:18]-[H].[#6:34]-[#8:35]-[#16:36](=[#8:37])(=[#8:38])-[#8:39]>>[#15:16]-[#8:18]-[#16:36](=[#8:37])(=[#8:38])-[#8:39].[#6:34]-[#8:35]-[H],"EVODEX.1-P3730,EVODEX.1-P3776,EVODEX.1-P3780,EVODEX.1-P3743,EVODEX.1-P3778"
EVODEX.1-E153,41895592801026372432857799693202935485221142526284018584548284393697777370278,[#6:5]-[#6:6](=[#8:7])-[H].[#8:15]=[#8:16].[#8:14](-[H:27])-[H]>>[#6:5]-[#6:6](=[#8:7])-[#8:14]-[H:27].[#8:15](-[#8:16]-[H])-[H],"EVODEX.1-P775,EVODEX.1-P767,EVODEX.1-P662,EVODEX.1-P660,EVODEX.1-P766"
EVODEX.1-E154,37831307141691242798861799648759837571903335016015856512950009093346382474322,[#6:7]-[#6@:8](-[#7:9])(-[#6:10](=[#8:11])-[#8:12]-[H])-[H:16]>>[#6:10](=[#8:11])=[#8:12].[#6:7]-[#6:8](-[#7:9])(-[H:16])-[H],"EVODEX.1-P6159,EVODEX.1-P6164,EVODEX.1-P6177,EVODEX.1-P6161,EVODEX.1-P6162"
EVODEX.1-E155,62760627445555790747070279550167360571741728803979093294087769390178610509692,[#6:3]-[#6:4](=[#8:5])-[H:19].[#6:10]-[#6:11](-[#8:12])(-[H:27])-[H]>>[#6:3]-[#6:4](-[#8:5]-[H])(-[#6:11](-[#6:10])(-[#8:12])-[H:27])-[H:19],"EVODEX.1-P6277,EVODEX.1-P6307,EVODEX.1-P6261,EVODEX.1-P6257,EVODEX.1-P5296"
EVODEX.1-E156,51950690521333995501062418100027097773923233277815506210838512295976084730454,[#8:43](-[#6@@:42](-[#6@@:40])(-[H:261])-[#6@:48])-[#16:44].[#8:234](-[H:387])-[H]>>[#8:234](-[#6@@:42](-[#6@@:40])(-[H:261])-[#6@:48])-[H:387].[#8:43](-[#16:44])-[H],"EVODEX.1-P4272,EVODEX.1-P4224,EVODEX.1-P4278,EVODEX.1-P4260,EVODEX.1-P4259"
EVODEX.1-E157,64888360386883028018863361305772794512826561643479679530423560136227207122157,[#6:1]-[#6:2](=[#8:3])-[#8:4]-[H:15].[#6:13]-[#8:14]-[H]>>[#6:1]-[#6:2](=[#8:3])-[#8:14]-[#6:13].[#8:4](-[H:15])-[H],"EVODEX.1-P4087,EVODEX.1-P3888,EVODEX.1-P4086,EVODEX.1-P3849,EVODEX.1-P4084"
EVODEX.1-E158,63815708037011913728616645107275063909040574288338064788635771790383918869389,[#7:1](-[#6@@:2](-[#6:3](-[#6:4])(-[H:22])-[H])(-[#6:13]=[#8:14])-[H:25])(-[H:26])-[H:27]>>[#6:2](=[#6:3](-[#6:4])-[H:22])(-[#6:13]=[#8:14])-[H:25].[#7:1](-[H:26])(-[H:27])-[H],"EVODEX.1-P6510,EVODEX.1-P6508,EVODEX.1-P6500,EVODEX.1-P6503,EVODEX.1-P6505"
EVODEX.1-E159,106692664888105056767003608633041478131787317963370213295061381814935966514721,[#7:1](-[#6:2](=[#8:3])-[#7:4](-[#6:5])-[H:16])(-[H:17])-[H:18].[#8:10](-[H])-[H]>>[#6:2](=[#8:3])=[#8:10].[#7:4](-[#6:5])(-[H:16])-[H].[#7:1](-[H:17])(-[H:18])-[H],"EVODEX.1-P5779,EVODEX.1-P5707,EVODEX.1-P5500,EVODEX.1-P5735,EVODEX.1-P5736"
EVODEX.1-E160,3101533854070023763348476342855977893752938021894202553969065142619517629196,[#6:3]-[#6:4](-[#6:5](=[#8:6])-[#6:7])(-[H:21])-[H:22].[#8:1](-[H:24])-[H]>>[#6:3]-[#6:4](-[H:21])(-[H:22])-[H].[#8:1](-[#6:5](=[#8:6])-[#6:7])-[H:24],"EVODEX.1-P6048,EVODEX.1-P6065,EVODEX.1-P6068,EVODEX.1-P6056,EVODEX.1-P6053"
EVODEX.1-E161,103803904139095282881185966693673701362246830817363552891222725054832909415613,[#8:1]=[#6:2](-[#8:3]-[H])-[#6:4](=[#8:5])-[#6:6]>>[#6:4](=[#8:5])(-[#6:6])-[H].[#8:1]=[#6:2]=[#8:3],"EVODEX.1-P6190,EVODEX.1-P6140,EVODEX.1-P6195,EVODEX.1-P6194,EVODEX.1-P1393"
EVODEX.1-E162,9716017138235370598073265913260505511867417458359705879021846787626593362459,([#15:25]-[#8:27]-[H].[#8:30]-[#6@@:29](-[#6@@:22])(-[H:45])-[#6@:31](-[#6@:20])(-[#8:32])-[H:47]).[#8:4]-[#15:5](=[#8:6])(-[#8:7])-[#8:8]-[#6:9]>>([#8:4]-[#15:5](=[#8:6])(-[#8:7])-[#8:27]-[#15:25].[#8:32]-[#6@:31](-[#6@:20])(-[H:47])-[#6@@:29](-[#6@@:22])(-[#8:30])-[H:45]).[#8:8](-[#6:9])-[H],"EVODEX.1-P3471,EVODEX.1-P3474,EVODEX.1-P3484,EVODEX.1-P3483,EVODEX.1-P3284"
EVODEX.1-E163,37340952590348686995621196711645046199196863013195591096820803911632027423400,[#8:15]-[#15:16](=[#8:17])(-[#8:18])-[#8:19]-[#6:20].[#15:36]-[#8:37]-[H]>>[#8:15]-[#15:16](=[#8:17])(-[#8:18])-[#8:37]-[#15:36].[#8:19](-[#6:20])-[H],"EVODEX.1-P3557,EVODEX.1-P3356,EVODEX.1-P3294,EVODEX.1-P3639,EVODEX.1-P3726"
EVODEX.1-E164,93597760003438289952012799663489152594017287210335715558111501316981761417419,[#6:1](-[#6:2])(-[H:61])(-[H:62])-[H].[#6:53]-[#6:55](-[#6:56](-[#6:57])(-[H:86])-[H:87])(-[H:88])-[H:89]>>[#6:1](-[#6:2])(-[#6:56](-[#6:57])(-[H:86])-[H:87])(-[H:61])-[H:62].[#6:53]-[#6:55](-[H:88])(-[H:89])-[H],"EVODEX.1-P3075,EVODEX.1-P2902,EVODEX.1-P2806,EVODEX.1-P3074,EVODEX.1-P3065"
EVODEX.1-E165,30654974950251643459512515466966429061925140593114980944763672677317228742118,[#7:1](-[H:13])(-[H:14])-[H].[#8:2]=[#6:3]-[#6:5](=[#6:6](-[#6:7])-[H:21])-[H:22]>>[#7:1](-[#6:5](-[#6:3]=[#8:2])(-[#6:6](-[#6:7])(-[H:21])-[H])-[H:22])(-[H:13])-[H:14],"EVODEX.1-P6501,EVODEX.1-P6514,EVODEX.1-P6513,EVODEX.1-P6499,EVODEX.1-P6504"
EVODEX.1-E166,82130274787344019553281437204916318527692405788908486763203405695958607853148,[#7:1]-[#6@:2](-[#6:3])(-[#6@@:6](-[#8:7]-[H])(-[#6:8])-[H:23])-[H:24]>>[#6:6](=[#8:7])(-[#6:8])-[H:23].[#7:1]-[#6:2](-[#6:3])(-[H:24])-[H],"EVODEX.1-P6298,EVODEX.1-P6302,EVODEX.1-P6306,EVODEX.1-P6290,EVODEX.1-P6299"
EVODEX.1-E167,95349576213210622884589986028691100678072021730913369129506278135626210584279,[#8:34]=[#6:35](-[#6:36])-[#7:43](-[#6:39])-[H:68].[#8:32](-[H:69])-[H]>>([#8:32](-[#6:35](=[#8:34])-[#6:36])-[H:69].[#6:39]-[#7:43](-[H:68])-[H]),"EVODEX.1-P5848,EVODEX.1-P5854,EVODEX.1-P5844,EVODEX.1-P5843,EVODEX.1-P5859"
EVODEX.1-E168,78970086706821911857246029456986595643941404409470344205501917999131510496585,[#7:1]-[#6:2](-[#6:3])(-[H:17])-[H].[#8:6]=[#6:7](-[#6:8])-[H:26]>>[#7:1]-[#6@:2](-[#6:3])(-[#6@@:7](-[#8:6]-[H])(-[#6:8])-[H:26])-[H:17],"EVODEX.1-P6304,EVODEX.1-P6296,EVODEX.1-P6291,EVODEX.1-P6300,EVODEX.1-P6364"
EVODEX.1-E169,105418361755050719522937170270437263410461563417285527859648884395258384440300,[#6:5]-[#6:6](=[#8:7])-[H].[#8:8]=[#6:9]=[#8:10]>>[#6:5]-[#6:6](=[#8:7])-[#6:9](-[#8:8]-[H])=[#8:10],"EVODEX.1-P6186,EVODEX.1-P6193,EVODEX.1-P6191,EVODEX.1-P6141,EVODEX.1-P6188"
EVODEX.1-E170,74614665426392161028682944654464797638014570405123488755821815989766206216587,[#6:7]-[#6:8](=[#8:9])-[#6:10].[#6:1](#[#7:2])-[H]>>[#6:1](#[#7:2])-[#6@:8](-[#6:7])(-[#8:9]-[H])-[#6:10],"EVODEX.1-P6245,EVODEX.1-P6240,EVODEX.1-P6242,EVODEX.1-P6232,EVODEX.1-P6224"
EVODEX.1-E171,36210125840203190862353431734007444896891035885677565343943125003347215118641,[#6:5]-[#6@:6](-[#8:7]-[H])(-[#6:8]#[#7:9])-[#6:10]>>[#6:5]-[#6:6](=[#8:7])-[#6:10].[#6:8](#[#7:9])-[H],"EVODEX.1-P6225,EVODEX.1-P6348,EVODEX.1-P6221,EVODEX.1-P6356,EVODEX.1-P6248"
EVODEX.1-E172,86912248203894291280628031530346118819043627570132011321438780595922596671115,[#6:3]-[#6@@:4](-[#8:5]-[H])(-[#6@@:6](-[#8:7])(-[#6:8])-[H:22])-[H:23]>>[#6:6](-[#8:7])(-[#6:8])(-[H:22])-[H].[#6:3]-[#6:4](=[#8:5])-[H:23],"EVODEX.1-P6268,EVODEX.1-P6264,EVODEX.1-P6250,EVODEX.1-P6266,EVODEX.1-P6371"
EVODEX.1-E173,80943425491288206500179790479153012130795362077821690435021126349989120349300,[#6:13]-[#16:15]-[H].[#6:2]-[#8:4]-[#6:5](-[#6:6])(-[H:26])-[H:27]>>[#6:5](-[#6:6])(-[#16:15]-[#6:13])(-[H:26])-[H:27].[#6:2]-[#8:4]-[H],"EVODEX.1-P2633,EVODEX.1-P2621,EVODEX.1-P2648,EVODEX.1-P2642,EVODEX.1-P2626"
EVODEX.1-E174,13264280256206204069295533813820108542106653871459028493869289970860251599907,[#6:3]-[#6:4](-[#16:5]-[#6:6])(-[H:28])-[H:29].[#8:15](-[#6:16])-[H]>>[#6:3]-[#6:4](-[#8:15]-[#6:16])(-[H:28])-[H:29].[#16:5](-[#6:6])-[H],"EVODEX.1-P2636,EVODEX.1-P2624,EVODEX.1-P2627,EVODEX.1-P2629,EVODEX.1-P2650"
EVODEX.1-E175,63319401269861403438157879833750792308922956170940004972633702709872227266239,[#6:5]-[#6:6](-[#8:7]-[#15:8])(-[H:30])-[H:31].[#6:18]-[#8:19]-[H]>>[#6:5]-[#6:6](-[#8:19]-[#6:18])(-[H:30])-[H:31].[#8:7](-[#15:8])-[H],"EVODEX.1-P2555,EVODEX.1-P2608,EVODEX.1-P2607,EVODEX.1-P2551,EVODEX.1-P2549"
EVODEX.1-E176,66491434361938400406222443789623742830101818881504952362848649295932589715995,[#6:10]-[#7:12](-[#15:13](=[#8:14])(-[#8:15])-[#8:16])-[H:48].([#15:36]-[#8:38]-[H].[#8:41]-[#6@@:40](-[#6@@:29])(-[H:67])-[#6@:42](-[#6@:27])(-[#8:43])-[H:69])>>[#6:10]-[#7:12](-[H:48])-[H].([#15:13](=[#8:14])(-[#8:15])(-[#8:16])-[#8:38]-[#15:36].[#8:43]-[#6@:42](-[#6@:27])(-[H:69])-[#6@@:40](-[#6@@:29])(-[#8:41])-[H:67]),"EVODEX.1-P3503,EVODEX.1-P3516,EVODEX.1-P3519,EVODEX.1-P3511,EVODEX.1-P3514"
EVODEX.1-E177,5082767263774412834453764340800318024234324513705258874373649199879373862950,[#7:6](-[#6@@:5])(-[#6:7](=[#8:8])-[#8:9])-[H:28].[#8:20](-[H:38])-[H]>>[#6:7](=[#8:8])(-[#8:9])-[#8:20]-[H:38].[#7:6](-[#6@@:5])(-[H:28])-[H],"EVODEX.1-P5137,EVODEX.1-P4171,EVODEX.1-P4901,EVODEX.1-P4170,EVODEX.1-P5031"
EVODEX.1-E178,91207108331235453248159632774557182448632316593677331585712786934895572587372,[#6:4]-[#6:5](-[#8:6]-[#15:7])(-[H:48])-[H:49].[#7:15](-[#6:16])(-[H:67])-[H]>>[#6:4]-[#6:5](-[#7:15](-[#6:16])-[H:67])(-[H:48])-[H:49].[#8:6](-[#15:7])-[H],"EVODEX.1-P2578,EVODEX.1-P2580,EVODEX.1-P2595,EVODEX.1-P2561,EVODEX.1-P2596"
EVODEX.1-E179,6298894551703068826283536206818069131741424427091514689028521211295895076904,[#6:8]-[#16:17]-[#6@:18](-[H:37])(-[#8:19])-[#6@:27].[#8:1](-[H:48])-[H]>>[#6:8]-[#16:17]-[H].[#8:1](-[#6@:18](-[H:37])(-[#8:19])-[#6@:27])-[H:48],"EVODEX.1-P4361,EVODEX.1-P4363,EVODEX.1-P4356,EVODEX.1-P4367,EVODEX.1-P4357"
EVODEX.1-E180,46522152635600425965556177404926938756520997237419906440927327515940862647440,[#6:6]-[#6:7](=[#8:8])-[#8:9]-[H:18].[#8:14](-[#8:15]-[H])-[H]>>[#6:6]-[#6:7](=[#8:8])-[H].[#8:14]=[#8:15].[#8:9](-[H:18])-[H],"EVODEX.1-P791,EVODEX.1-P786,EVODEX.1-P784,EVODEX.1-P781,EVODEX.1-P783"
EVODEX.1-E181,67105198363615676965533830606996332927631752305606364055595778065678161407823,[#15:18]-[#8:21]-[#6:22](-[H:45])(-[#8:23])-[#6@@:31].[#8:40](-[H:66])-[H]>>[#8:40](-[#6@@:22](-[H:45])(-[#8:23])-[#6@@:31])-[H:66].[#15:18]-[#8:21]-[H],"EVODEX.1-P4255,EVODEX.1-P2374,EVODEX.1-P4200,EVODEX.1-P4198,EVODEX.1-P4229"
EVODEX.1-E182,96746391916842450238303217953080358822778115408902796039986585069102181047047,[#7:11](-[#6@@:12])(-[H:33])-[H].[#7:1](-[#6:2](=[#8:3])-[#6:4])(-[H:42])-[H:43]>>[#6:2](=[#8:3])(-[#6:4])-[#7:11](-[#6@@:12])-[H:33].[#7:1](-[H:42])(-[H:43])-[H],"EVODEX.1-P2139,EVODEX.1-P2140,EVODEX.1-P5463,EVODEX.1-P5467,EVODEX.1-P5471"
EVODEX.1-E183,13353305835758997200748918937499701400565987741067072352704183211054944212294,[#6:6]-[#6@:7](-[#6:8])(-[H:25])-[#8:9]-[#6:10].[#8:13](-[H:30])-[H]>>([#6:6]-[#6:7](-[#6:8])(-[#8:13]-[H:30])-[H:25].[#6:10]-[#8:9]-[H]),"EVODEX.1-P3942,EVODEX.1-P3973,EVODEX.1-P3943,EVODEX.1-P3972,EVODEX.1-P3986"
EVODEX.1-E184,61660080549377199399168407878074081269256253775658555395339307317193902469693,[#6:6]-[#8:8]-[#6:9](-[#6:10])(-[H:60])-[H:61].[#6:39]-[#8:41]-[H]>>[#6:9](-[#6:10])(-[#8:41]-[#6:39])(-[H:60])-[H:61].[#6:6]-[#8:8]-[H],"EVODEX.1-P2655,EVODEX.1-P2620,EVODEX.1-P2652,EVODEX.1-P4065,EVODEX.1-P2593"
EVODEX.1-E185,65093977759150125019016376309440158270743027223580830983788721877698569589330,[#6:81]-[#6:83](=[#8:84])-[#8:85]-[#6:86].[#8:92](-[H:177])-[H]>>([#6:81]-[#6:83](=[#8:84])-[#8:92]-[H:177].[#6:86]-[#8:85]-[H]),"EVODEX.1-P3975,EVODEX.1-P3871,EVODEX.1-P3983,EVODEX.1-P3985,EVODEX.1-P3984"
EVODEX.1-E186,67323974139214044408268641706871744926274824372477296537157422595443002256099,[#6:2]-[#6:3](=[#8:4])-[#7:5](-[#8:6])-[H:9].[#8:7](-[H:15])-[H]>>[#6:2]-[#6:3](=[#8:4])-[#8:7]-[H:15].[#7:5](-[#8:6])(-[H:9])-[H],"EVODEX.1-P5667,EVODEX.1-P5627,EVODEX.1-P5447,EVODEX.1-P5642,EVODEX.1-P5443"
EVODEX.1-E187,4032331883711679256121076909822119190471021407401476462375718140037966648930,[#6:2]-[#6@@:3](-[#6:4](=[#8:5])-[#8:6]-[H])(-[#6:7])-[H:93]>>[#6:4](=[#8:5])=[#8:6].[#6:2]-[#6:3](-[#6:7])(-[H:93])-[H],"EVODEX.1-P6213,EVODEX.1-P6172,EVODEX.1-P6157,EVODEX.1-P6212,EVODEX.1-P6206"
EVODEX.1-E188,103647228778079395030683810817840668720624516919832269845957060196000873277396,[#6:18]-[#6:19](=[#8:20])-[H:31].[#7:23](-[H:42])(-[H:43])-[H].[#8:24](-[#8:25]-[H])-[H]>>[#6:18]-[#6:19](-[#7:23](-[H:42])-[H:43])(-[H:31])-[H].[#8:24]=[#8:25].[#8:20](-[H])-[H],"EVODEX.1-P1036,EVODEX.1-P1028,EVODEX.1-P1071,EVODEX.1-P1060,EVODEX.1-P1053"
EVODEX.1-E189,83125083756100296096839991874612768389456927603651281647389460336506294786276,[#7:7](-[#6@:6](-[#6@:5])(-[H:32])-[#6:8])(-[H:30])-[H:31].[#7:15](-[#6:16])(-[H:46])-[H]>>[#7:15](-[#6@:6](-[#6@:5])(-[H:32])-[#6:8])(-[#6:16])-[H:46].[#7:7](-[H:30])(-[H:31])-[H],"EVODEX.1-P2121,EVODEX.1-P5466,EVODEX.1-P5497,EVODEX.1-P5490,EVODEX.1-P2124"
EVODEX.1-E190,59008987970675483421532494136721842765596388438042105691497307256907472546348,[#6:2]-[#6:3](=[#8:4])-[#7:5](-[#7:6])-[H:10].[#8:7](-[H:16])-[H]>>[#6:2]-[#6:3](=[#8:4])-[#8:7]-[H:16].[#7:5](-[#7:6])(-[H:10])-[H],"EVODEX.1-P5493,EVODEX.1-P4847,EVODEX.1-P4578,EVODEX.1-P4822,EVODEX.1-P5665"
EVODEX.1-E191,109320618704962761690528544665891134703219917530394858174576625169290096518764,[#6:1]-[#6:2](-[#6:3])=[#6:4](-[#6:5])-[H:42].[#8:25](-[H:46])-[H]>>[#6:1]-[#6:2](-[#6:3])(-[#6:4](-[#6:5])(-[H:42])-[H])-[#8:25]-[H:46],"EVODEX.1-P6416,EVODEX.1-P6421,EVODEX.1-P6480,EVODEX.1-P6418,EVODEX.1-P6419"
EVODEX.1-E192,27138576965514347292064332044196207952714610374167040064256850746075528791862,[#6:1](-[#7:2](-[#6:3])-[H:24])(-[H:25])(-[H:26])-[H].[#8:13]=[#8:14].[#8:12](-[H])-[H]>>[#6:1](=[#8:12])(-[H:25])-[H:26].[#7:2](-[#6:3])(-[H:24])-[H].[#8:13](-[#8:14]-[H])-[H],"EVODEX.1-P1180,EVODEX.1-P1156,EVODEX.1-P1167,EVODEX.1-P1159,EVODEX.1-P1182"
EVODEX.1-E193,33689623061472717951146390608013305009307270710190703468579138630957626007695,[#6:5]-[#6@@:6]1(-[H:21])-[#8:7]-[#6@:8]-1(-[#6:9])-[H:29].[#8:18](-[H:35])-[H]>>[#6:5]-[#6@:6](-[#6@@:8](-[#8:7]-[H])(-[#6:9])-[H:29])(-[#8:18]-[H:35])-[H:21],"EVODEX.1-P4569,EVODEX.1-P4571,EVODEX.1-P4557,EVODEX.1-P4561,EVODEX.1-P4555"
EVODEX.1-E194,103944194088159574890247871232184518536579717302128793470825549803922940805925,[#6:1]-[#6:2](=[#8:3])-[H:11].[#6:4]-[#6:5](-[#6:6])(-[H:16])-[H]>>[#6:1]-[#6:2](-[#8:3]-[H])(-[#6:5](-[#6:4])(-[#6:6])-[H:16])-[H:11],"EVODEX.1-P5295,EVODEX.1-P6366,EVODEX.1-P5299,EVODEX.1-P5292,EVODEX.1-P5294"
EVODEX.1-E195,39514991840879365308520440121027708047546634209340761521670647915412978427239,[#6:4]-[#7:5](-[#6:6](-[#8:7]-[H])(-[#6:8]=[#8:9])-[H:19])-[H:20]>>[#6:4]-[#7:5](-[H:20])-[H].[#6:6](=[#8:7])(-[#6:8]=[#8:9])-[H:19],"EVODEX.1-P6529,EVODEX.1-P6527,EVODEX.1-P6534,EVODEX.1-P6530,EVODEX.1-P6528"
EVODEX.1-E196,3111735852209572162769887189152428040087354212240066074191362221833090950845,[#8:1]=[#8:2].[#8:10]-[#6:11](-[#8:12]-[H])(-[H])-[#6@@:13]>>[#8:10]-[#6:11](=[#8:12])-[#6@@:13].[#8:1](-[#8:2]-[H])-[H],"EVODEX.1-P134,EVODEX.1-P132,EVODEX.1-P131,EVODEX.1-P123,EVODEX.1-P129"
EVODEX.1-E197,76615482746013506824413960157386386447431721123299617648561468574408669945191,[#8:2]=[#6:3](-[#8:4]-[#15:5])-[#6:9].[#8:1](-[H:24])-[H]>>[#8:1](-[#6:3](=[#8:2])-[#6:9])-[H:24].[#8:4](-[#15:5])-[H],"EVODEX.1-P6024,EVODEX.1-P5984,EVODEX.1-P5983,EVODEX.1-P5985,EVODEX.1-P6022"
EVODEX.1-E198,75551171888708646090135685718043171195543552785488080470323386656111182666401,[#6:12](-[#6:13](-[H:32])(-[H:33])-[H])=[#6:14]-[#6:16](-[#8:17]-[#15:18])(-[H:38])-[H:39]>>[#6:12](=[#6:13](-[H:32])-[H:33])-[#6:14]=[#6:16](-[H:38])-[H:39].[#8:17](-[#15:18])-[H],"EVODEX.1-P6494,EVODEX.1-P6489,EVODEX.1-P6487,EVODEX.1-P6491,EVODEX.1-P6495"
EVODEX.1-E199,113172719926744561792650459636626186288184851547507471396756999627820577701679,[#6:2]-[#6:3](-[#7:4](-[H:8])-[H:9])=[#8:5].[#7:6](-[#8:7])(-[H:16])-[H]>>[#6:2]-[#6:3](=[#8:5])-[#7:6](-[#8:7])-[H:16].[#7:4](-[H:8])(-[H:9])-[H],"EVODEX.1-P5678,EVODEX.1-P5681,EVODEX.1-P5634,EVODEX.1-P5573,EVODEX.1-P5637"
EVODEX.1-E200,39219416343682467318696516972189738959974854471500317306182756710931563323065,[#6:2]-[#6:3](=[#8:4])-[H:12].[#7:5](-[#6:6](-[#6:7])(-[H:21])-[H])(-[H:23])-[H:24]>>[#6:2]-[#6:3](-[#7:5](-[H:23])-[H:24])(-[H:12])-[H].[#8:4]=[#6:6](-[#6:7])-[H:21],"EVODEX.1-P2903,EVODEX.1-P2904,EVODEX.1-P3214,EVODEX.1-P2901,EVODEX.1-P2905"
EVODEX.1-E201,34233259517721129911766389469490798066420679392544102569142661698337755993811,[#6:43]-[#6:44](-[#16:45]-[#6:46])(-[H:128])-[H:129].[#6:16]-[#16:18]-[H]>>[#6:16]-[#16:18]-[#6:44](-[#6:43])(-[H:128])-[H:129].[#16:45](-[#6:46])-[H],"EVODEX.1-P1692,EVODEX.1-P1694,EVODEX.1-P1690,EVODEX.1-P1693,EVODEX.1-P1862"
EVODEX.1-E202,94254435786560126800733140648123872666185381018744757452364705424647068458285,[#6:14]-[#16:15]-[H].[#15:54]-[#8:57]-[#6:58](-[#6:59])(-[H:144])-[H:145]>>[#6:14]-[#16:15]-[#6:58](-[#6:59])(-[H:144])-[H:145].[#15:54]-[#8:57]-[H],"EVODEX.1-P2665,EVODEX.1-P2679,EVODEX.1-P2677,EVODEX.1-P2688,EVODEX.1-P2674"
EVODEX.1-E203,49069999385626491254706106778668693400940158869714297537975503510199247361314,[#6:5]-[#6:6](=[#6:7]-[#6:8](-[#6:9]=[#6:10])(-[H:48])-[H])-[H:51]>>[#6:5]-[#6:6](-[#6:7]=[#6:8](-[#6:9]=[#6:10])-[H:48])(-[H:51])-[H],"EVODEX.1-P6456,EVODEX.1-P6595,EVODEX.1-P6455,EVODEX.1-P6583,EVODEX.1-P6596"
EVODEX.1-E204,25719258833291162773356612058995449886913745784739688942505155852422808156527,[#6:10]-[#8:11]-[H].[#15:38]-[#8:41]-[#6@@:42](-[H:75])(-[#8:43])-[#6@:49]>>[#6:10]-[#8:11]-[#6@:42](-[H:75])(-[#8:43])-[#6@:49].[#15:38]-[#8:41]-[H],"EVODEX.1-P2445,EVODEX.1-P2353,EVODEX.1-P2314,EVODEX.1-P2378,EVODEX.1-P2302"
EVODEX.1-E205,98491985873626895658276159723401547669578825946020157072464095271834095647907,[#6:1]-[#6:2](=[#8:3])-[#16:4]-[#6:5].[#8:52](-[#6:53])-[H]>>[#6:1]-[#6:2](=[#8:3])-[#8:52]-[#6:53].[#16:4](-[#6:5])-[H],"EVODEX.1-P1592,EVODEX.1-P1567,EVODEX.1-P1685,EVODEX.1-P1873,EVODEX.1-P1700"
EVODEX.1-E206,44577287159886610924148841586705624260127828818840991543991447173123833921751,[#6:9]-[#6:10](=[#8:11])-[#16:12]-[#6:13].[#6:65]-[#7:66](-[H:124])-[H]>>[#6:9]-[#6:10](=[#8:11])-[#7:66](-[#6:65])-[H:124].[#16:12](-[#6:13])-[H],"EVODEX.1-P1825,EVODEX.1-P1776,EVODEX.1-P2113,EVODEX.1-P1463,EVODEX.1-P1448"
EVODEX.1-E207,97234619119113630447547185911026734809710599791293200557857429373015366989308,[#6:1]-[#6:2](=[#8:3])-[#7:4](-[#6:5])-[#6@@:13].[#8:22](-[H:39])-[H]>>[#6:1]-[#6:2](=[#8:3])-[#8:22]-[H:39].[#7:4](-[#6:5])(-[#6@@:13])-[H],"EVODEX.1-P5773,EVODEX.1-P5329,EVODEX.1-P4764,EVODEX.1-P4766,EVODEX.1-P5306"
EVODEX.1-E208,96768384114749037823100604955646459490183893132873392089859762960100579285312,[#6:11]-[#8:12]-[H].[#6:2]-[#7:3](-[#6:4](=[#8:5])-[#6:6])-[H:20]>>[#6:4](=[#8:5])(-[#6:6])-[#8:12]-[#6:11].[#6:2]-[#7:3](-[H:20])-[H],"EVODEX.1-P4062,EVODEX.1-P5134,EVODEX.1-P5030,EVODEX.1-P5472,EVODEX.1-P4703"
EVODEX.1-E209,111257350491026975865272491738767756949503700808040114345546150344175476055507,[#6:14]-[#8:15]-[#6:16](=[#8:17])-[#6@:18].[#6:12]-[#7:13](-[H:42])-[H]>>[#6:14]-[#8:15]-[H].[#6:12]-[#7:13](-[#6:16](=[#8:17])-[#6@:18])-[H:42],"EVODEX.1-P5469,EVODEX.1-P4727,EVODEX.1-P4061,EVODEX.1-P4716,EVODEX.1-P5029"
EVODEX.1-E210,74735904478629812561619875820362618595106264743474118485661306633200377805342,[#6:4]-[#8:5]-[H].[#6:6]-[#8:7]-[#6:8](=[#8:9])-[#6:10]>>[#6:4]-[#8:5]-[#6:8](=[#8:9])-[#6:10].[#6:6]-[#8:7]-[H],"EVODEX.1-P1486,EVODEX.1-P4131,EVODEX.1-P4025,EVODEX.1-P1490,EVODEX.1-P1753"
EVODEX.1-E211,44759911394325130704027810576721996972579496994133254804393524892743772083377,[#8:14](-[#6@@:13])-[#15:15](=[#8:16])(-[#8:17])-[#8:18].[#8:39](-[H:64])-[H]>>[#8:14](-[#6@@:13])-[H].[#15:15](=[#8:16])(-[#8:17])(-[#8:18])-[#8:39]-[H:64],"EVODEX.1-P4228,EVODEX.1-P4185,EVODEX.1-P4195,EVODEX.1-P6030,EVODEX.1-P4154"
EVODEX.1-E212,87748581453070377953148948259274955411543454855310917061907240908303159218074,[#8:24]-[#6@@:25](-[#6@:5])(-[#8:26]-[#6:27])-[H:70].[#8:36](-[#6:37])-[H]>>[#8:24]-[#6@:25](-[#6@:5])(-[#8:36]-[#6:37])-[H:70].[#8:26](-[#6:27])-[H],"EVODEX.1-P4540,EVODEX.1-P4446,EVODEX.1-P4388,EVODEX.1-P4542,EVODEX.1-P4469"
EVODEX.1-E213,28816350093112560108574559139103890999982564708145126807608043795022211623531,[#6:47]-[#16:48]-[H].[#6:63]-[#6:64](=[#8:65])-[#8:66]-[#6:67]>>[#6:47]-[#16:48]-[#6:64](-[#6:63])=[#8:65].[#8:66](-[#6:67])-[H],"EVODEX.1-P1806,EVODEX.1-P1517,EVODEX.1-P1529,EVODEX.1-P1417,EVODEX.1-P1513"
EVODEX.1-E214,5612519690107455269865194947320660931906753664036168547856558828949271694244,[#6:1]-[#6:2](-[#7:3](-[#6:4])-[H:28])(-[H:29])-[H].[#8:14]=[#8:15].[#8:13](-[H])-[H]>>[#6:1]-[#6:2](=[#8:13])-[H:29].[#7:3](-[#6:4])(-[H:28])-[H].[#8:14](-[#8:15]-[H])-[H],"EVODEX.1-P1093,EVODEX.1-P1082,EVODEX.1-P1075,EVODEX.1-P1163,EVODEX.1-P1039"
EVODEX.1-E215,108694099494440367105309675947649203919319000321223254819966749612456065112386,[#7:7](-[#6@@:6])(-[#6:8](=[#8:9])-[#6:10])-[H:40].[#7:24](-[#6:25])(-[H:50])-[H]>>[#6:8](=[#8:9])(-[#6:10])-[#7:24](-[#6:25])-[H:50].[#7:7](-[#6@@:6])(-[H:40])-[H],"EVODEX.1-P2127,EVODEX.1-P2133,EVODEX.1-P5275,EVODEX.1-P2142,EVODEX.1-P5274"
EVODEX.1-E216,9533814471288917030451527234694424409105658274875855957537584214784970893594,[#6:4]-[#6:5](-[#8:6]-[#6@:7](-[H:19])(-[#8:8])-[#6@:16])(-[H:30])-[H:31].[#8:18](-[H:41])-[H]>>[#6:4]-[#6:5](-[#8:18]-[H:41])(-[H:30])-[H:31].[#8:6](-[#6:7](-[H:19])(-[#8:8])-[#6@:16])-[H],"EVODEX.1-P4439,EVODEX.1-P4434,EVODEX.1-P4368,EVODEX.1-P4491,EVODEX.1-P4408"
EVODEX.1-E217,12577867122983923123889030072610940037911842076028623900172447536802037849544,[#6:4]-[#6:5](-[#7:6](-[#6:7](=[#8:8])-[H:36])-[H:37])(-[#6:9])-[H:57].[#8:35](-[H:65])-[H]>>[#6:4]-[#6@:5](-[#7:6](-[H:37])-[H])(-[#6:9])-[H:57].[#6:7](=[#8:8])(-[#8:35]-[H:65])-[H:36],"EVODEX.1-P5807,EVODEX.1-P5810,EVODEX.1-P5816,EVODEX.1-P5806,EVODEX.1-P5808"
EVODEX.1-E218,4773910254971010946673300577611087344923316213706046592854876397865871100665,[#7:1](-[#6:2](-[#6:3])(-[#6:9])-[H])(-[H:29])-[H:30].[#8:16]=[#8:17].[#8:15](-[H])-[H]>>[#6:2](-[#6:3])(-[#6:9])=[#8:15].[#7:1](-[H:29])(-[H:30])-[H].[#8:16](-[#8:17]-[H])-[H],"EVODEX.1-P955,EVODEX.1-P964,EVODEX.1-P1051,EVODEX.1-P960,EVODEX.1-P952"
EVODEX.1-E219,12337292912026024938331015279721162883207446324118787976200546400861158211788,[#6:11]-[#7:12](-[#6:13](=[#8:14])-[H:114])-[#6@:15].[#7:56](-[#6:57])(-[H:196])-[H]>>[#6:11]-[#7:12](-[H])-[#6@:15].[#6:13](=[#8:14])(-[#7:56](-[#6:57])-[H:196])-[H:114],"EVODEX.1-P1333,EVODEX.1-P1334,EVODEX.1-P1325,EVODEX.1-P1332,EVODEX.1-P1328"
EVODEX.1-E220,12075676157628594151380450637530564013431425000180171081444254404399311760813,[#6:1](-[#6@@:2](-[#6:3])(-[#6:7])-[H:103])(-[H:104])(-[H:105])-[H:106].[#6:60]-[#6:61](-[#6:62])(-[H:109])-[H]>>[#6:2](-[#6:3])(-[#6:7])(-[H:103])-[H].[#6:1](-[#6@@:61](-[#6:60])(-[#6:62])-[H:109])(-[H:104])(-[H:105])-[H:106],"EVODEX.1-P3052,EVODEX.1-P3058,EVODEX.1-P3050,EVODEX.1-P3805,EVODEX.1-P3062"
EVODEX.1-E221,5257918977833784564732561683708453625037009266803701888433784515318930476736,[#6:15]-[#6:16](=[#8:17])-[#16:18]-[#6:19].[#16:66](-[#6:67])-[H]>>[#6:15]-[#6:16](=[#8:17])-[#16:66]-[#6:67].[#16:18](-[#6:19])-[H],"EVODEX.1-P1689,EVODEX.1-P1691,EVODEX.1-P1593,EVODEX.1-P1829,EVODEX.1-P1595"
EVODEX.1-E222,112819968096241993704580737339705486005316462472449692488583452366310482407041,[#6:1](-[#6:2])(-[H:139])(-[H:140])-[H].[#6:53]-[#6:54](=[#8:55])-[#16:56]-[#6:57]>>[#6:1](-[#6:2])(-[#6:54](-[#6:53])=[#8:55])(-[H:139])-[H:140].[#16:56](-[#6:57])-[H],"EVODEX.1-P1769,EVODEX.1-P1713,EVODEX.1-P1573,EVODEX.1-P2084,EVODEX.1-P2088"
EVODEX.1-E223,69531546987820042233164162753665567779046623236404940514416140445567725537715,[#6:49](=[#8:50])-[#6:51](-[#6:52](-[#6:53])(-[H:91])-[H])(-[H:93])-[H].[#8:62]=[#8:63]>>[#6:49](=[#8:50])-[#6:51](=[#6:52](-[#6:53])-[H:91])-[H:93].[#8:62](-[#8:63]-[H])-[H],"EVODEX.1-P860,EVODEX.1-P857,EVODEX.1-P859,EVODEX.1-P858,EVODEX.1-P874"
EVODEX.1-E224,91413811731620652991284451738462713107708064351768534464931207685813319749475,[#6:1]-[#6:2](-[#8:3]-[#6:4])(-[#6:16])-[#6:19].[#8:25](-[H:43])-[H]>>[#6:1]-[#6@:2](-[#6:16])(-[#6:19])-[#8:25]-[H:43].[#8:3](-[#6:4])-[H],"EVODEX.1-P4079,EVODEX.1-P3904,EVODEX.1-P3902,EVODEX.1-P3851,EVODEX.1-P4326"
EVODEX.1-E225,9438903719216397006109241712652668528230231578763971541371723706120570454058,[#15:3]-[#8:5]-[#6:6](-[#6@:7](-[#8:8])(-[#6:9])-[H:28])(-[H:29])-[H:30].[#8:1](-[H:42])-[H]>>[#15:3]-[#8:5]-[H].[#8:1](-[#6:6](-[#6:7](-[#8:8])(-[#6:9])-[H:28])(-[H:29])-[H:30])-[H:42],"EVODEX.1-P4242,EVODEX.1-P4240,EVODEX.1-P4219,EVODEX.1-P4244,EVODEX.1-P4239"
EVODEX.1-E226,109361819591782949937838327773444691081522148914829610238350172857241704354903,[#8:13]-[#6@:14](-[#8:15]-[#6:16])(-[#6:22])-[#6:25].[#8:28](-[H:52])-[H]>>[#8:13]-[#6@:14](-[#6:22])(-[#8:28]-[H:52])-[#6:25].[#8:15](-[#6:16])-[H],"EVODEX.1-P4348,EVODEX.1-P4416,EVODEX.1-P4414,EVODEX.1-P4418,EVODEX.1-P4424"
EVODEX.1-E227,56086113648745470862198214079842223945869715788758270435354214237641911272890,[#8:1]=[#6:2](-[#8:3]-[H])-[#6:4](-[#8:5])(-[#6:6])-[#6:9]>>[#8:5]-[#6@@:4](-[#6:6])(-[#6:9])-[H].[#8:1]=[#6:2]=[#8:3],"EVODEX.1-P6201,EVODEX.1-P6175,EVODEX.1-P6197,EVODEX.1-P6198,EVODEX.1-P6204"
EVODEX.1-E228,49122840453328355334763227706125766352221126444102757727080788760501542952847,[#6:47]-[#16:48]-[H].[#6:50]-[#6:51](=[#8:52])-[#6:53](-[#6:54])(-[H:175])-[H:176]>>[#6:47]-[#16:48]-[#6:51](-[#6:50])=[#8:52].[#6:53](-[#6:54])(-[H:175])(-[H:176])-[H],"EVODEX.1-P2076,EVODEX.1-P2089,EVODEX.1-P2079,EVODEX.1-P1571,EVODEX.1-P2083"
EVODEX.1-E229,67191901952986847327597169389021745161279503875853601774599568155539123874319,[#7:1]-[#6:2](=[#8:3])-[#8:4]-[#15:5].[#7:9](-[#6:10])(-[H:26])-[H]>>[#7:1]-[#6:2](=[#8:3])-[#7:9](-[#6:10])-[H:26].[#8:4](-[#15:5])-[H],"EVODEX.1-P1348,EVODEX.1-P1346,EVODEX.1-P1343,EVODEX.1-P1357,EVODEX.1-P1354"
EVODEX.1-E230,65059933214467928297665451968220858972976025024297897140814545586003142232839,[#6:1]-[#6:2](=[#8:3])-[#16:4]-[#6:5].[#15:49]-[#8:50]-[H]>>[#6:1]-[#6:2](=[#8:3])-[#8:50]-[#15:49].[#16:4](-[#6:5])-[H],"EVODEX.1-P1630,EVODEX.1-P1631,EVODEX.1-P2063,EVODEX.1-P1638,EVODEX.1-P1625"
EVODEX.1-E231,39977578548358676603453034567767536520870740261043555746926924898466960435031,[#6:12]-[#7:13](-[H:51])-[H].[#15:29]-[#8:32]-[#6@@:33](-[H:81])(-[#8:34])-[#6@:42]>>[#6:12]-[#7:13](-[#6:33](-[H:81])(-[#8:34])-[#6@:42])-[H:51].[#15:29]-[#8:32]-[H],"EVODEX.1-P2475,EVODEX.1-P2486,EVODEX.1-P2471,EVODEX.1-P2477,EVODEX.1-P2473"
EVODEX.1-E232,5801506139265560189465491498991516422840066057110314352325440770240780111220,[#6:5]-[#6@:6](-[H:24])(-[#6:7](-[H:25])(-[H])-[#6:8]=[#8:9])-[#8:18]-[#6:17]>>([#6:5]-[#6:6](=[#6:7](-[#6:8]=[#8:9])-[H:25])-[H:24].[#6:17]-[#8:18]-[H]),"EVODEX.1-P6613,EVODEX.1-P6615,EVODEX.1-P6608,EVODEX.1-P6610,EVODEX.1-P6612"
EVODEX.1-E233,70910843181404317587372503922846393610919026993186758764706043384888699655913,[#6:17]-[#6:18](=[#8:19])-[#6:20](-[#8:21])(-[#6:22])-[H:30].[#8:24](-[H:66])-[H]>>[#6:20](-[#8:21])(-[#6:22])(-[H:30])-[H].[#6:17]-[#6:18](=[#8:19])-[#8:24]-[H:66],"EVODEX.1-P4133,EVODEX.1-P5742,EVODEX.1-P4071,EVODEX.1-P4034,EVODEX.1-P5745"
EVODEX.1-E234,64598805518167209266894179962028227032670210088116378320869120508990868865937,[#6:51]-[#6:52](-[#6:53](=[#8:54])-[#8:55])(-[H:83])-[H:84].[#6:56](-[#6:57])(-[H:104])(-[H:105])-[H]>>[#6:53](=[#8:54])(-[#8:55])-[#6:56](-[#6:57])(-[H:104])-[H:105].[#6:51]-[#6:52](-[H:83])(-[H:84])-[H],"EVODEX.1-P1341,EVODEX.1-P3045,EVODEX.1-P1339,EVODEX.1-P1338,EVODEX.1-P1337"
EVODEX.1-E235,14064136131573224966502297975463412976310664170910772083119808714677258546816,[#7:14](-[#6:15])(-[H:33])-[H].[#7:1]=[#6:2](-[#7:3])-[#7:4](-[#6:5])-[H:49]>>[#7:4](-[#6:5])(-[H:49])-[H].[#7:1]=[#6:2](-[#7:3])-[#7:14](-[#6:15])-[H:33],"EVODEX.1-P1365,EVODEX.1-P1358,EVODEX.1-P1363,EVODEX.1-P1360,EVODEX.1-P1361"
EVODEX.1-E236,93928883303904420004308009007059713350481937735987819443419653793638539493106,[#6:9]-[#16:10]-[#6:11](=[#8:12])-[#6@:13](-[#8:14]-[H])(-[#6:15])-[H]>>[#6:11](=[#8:12])(-[#6:13](=[#8:14])-[#6:15])-[H].[#6:9]-[#16:10]-[H],"EVODEX.1-P6555,EVODEX.1-P6559,EVODEX.1-P6557,EVODEX.1-P6556,EVODEX.1-P6558"
EVODEX.1-E237,68549153228986445169728319588464058312613594082867035302602952669089296854603,[#16:22](-[#6@:21])-[H].[#15:39]-[#8:42]-[#6@@:43](-[H:84])(-[#8:44])-[#6@:52]>>[#16:22](-[#6@:21])-[#6@:43](-[H:84])(-[#8:44])-[#6@:52].[#15:39]-[#8:42]-[H],"EVODEX.1-P2328,EVODEX.1-P2333,EVODEX.1-P2326,EVODEX.1-P2330,EVODEX.1-P2433"
EVODEX.1-E238,65448920808086701200623319992398591956326063976842407662838836589739127006166,[#6:1]-[#6:2](=[#8:3])-[#16:4]-[#6:5].[#7:66]-[#8:67]-[H]>>[#6:1]-[#6:2](=[#8:3])-[#8:67]-[#7:66].[#16:4](-[#6:5])-[H],"EVODEX.1-P1440,EVODEX.1-P1443,EVODEX.1-P1441,EVODEX.1-P1445,EVODEX.1-P1450"
EVODEX.1-E239,48357153116419369535678259940417741690824948763840559851968344630628278166693,[#6:47]-[#16:48]-[H].[#15:64]-[#8:67]-[#6:68](=[#8:69])-[#6:70]>>[#6:47]-[#16:48]-[#6:68](=[#8:69])-[#6:70].[#15:64]-[#8:67]-[H],"EVODEX.1-P1629,EVODEX.1-P6776,EVODEX.1-P2062,EVODEX.1-P6888,EVODEX.1-P1688"
EVODEX.1-E240,113561329586407642495063504498526554587581025652240021020854064987426813778663,[#6:4]-[#6:5](-[#6:6])(-[H:103])-[H].[#6:59]-[#6@@:60](-[#8:61]-[H:114])(-[#6:62])-[H:116]>>[#6:4]-[#6@:5](-[#6:6])(-[#8:61]-[H:114])-[H:103].[#6:59]-[#6:60](-[#6:62])(-[H:116])-[H],"EVODEX.1-P3824,EVODEX.1-P2941,EVODEX.1-P3789,EVODEX.1-P3820,EVODEX.1-P2942"
EVODEX.1-E241,85279450399257685652963288102495665418782632979224619679108455791497155044078,[#8:1]=[#6:2]-[#6@:3](-[#8:4]-[H])(-[#6@@:5](-[#8:6]-[H:12])(-[#6@:7])-[H:18])-[H]>>[#8:1]=[#6:2]-[#6:3](=[#8:4])-[#6:5](-[#6@:7])(-[H:18])-[H].[#8:6](-[H:12])-[H],"EVODEX.1-P6460,EVODEX.1-P4083,EVODEX.1-P6423,EVODEX.1-P6425,EVODEX.1-P6399"
EVODEX.1-E242,91165303318933712617284341973105705770036459588985107509314007974654315163034,[#6:42]-[#7:44](-[#15:45](=[#8:46])(-[#8:47])-[#8:48])-[H:117].[#8:103](-[H:218])-[H]>>[#6:42]-[#7:44](-[H:117])-[H].[#15:45](=[#8:46])(-[#8:47])(-[#8:48])-[#8:103]-[H:218],"EVODEX.1-P6136,EVODEX.1-P6134,EVODEX.1-P6132,EVODEX.1-P6138,EVODEX.1-P6129"
EVODEX.1-E243,32783242283625216951499500861141280923710537519891626521279387219153755479048,[#15:33]-[#8:36]-[#16:37](=[#8:38])(=[#8:39])-[#8:40].[#6:7]-[#8:8]-[H]>>[#15:33]-[#8:36]-[H].[#6:7]-[#8:8]-[#16:37](=[#8:38])(=[#8:39])-[#8:40],"EVODEX.1-P3733,EVODEX.1-P3782,EVODEX.1-P3774,EVODEX.1-P3736,EVODEX.1-P3750"
EVODEX.1-E244,2861397237037897548242548428500186000155096002703825511791777891808557219884,[#8:18](-[#6@:17])-[H].[#8:21]=[#15:22](-[#8:23])(-[#8:24])-[#8:25]-[#6@@:26]>>[#8:18](-[#6@:17])-[#15:22](=[#8:21])(-[#8:23])-[#8:24].[#8:25](-[#6@@:26])-[H],"EVODEX.1-P3458,EVODEX.1-P3448,EVODEX.1-P3461,EVODEX.1-P3379,EVODEX.1-P4250"
EVODEX.1-E245,27190548561717031636777832420346750454061511611453668686352732192963767405316,[#6:20](-[#6@@:19])(-[#7:21](-[H:61])-[H:62])(-[H:63])-[H].[#6:47]-[#6:48](=[#8:49])-[#6:50]=[#8:51]>>[#6:20](-[#6@@:19])(=[#8:49])-[H:63].[#7:21](-[#6:48](-[#6:47])(-[#6:50]=[#8:51])-[H])(-[H:61])-[H:62],"EVODEX.1-P2833,EVODEX.1-P2857,EVODEX.1-P2995,EVODEX.1-P3215,EVODEX.1-P2910"
EVODEX.1-E246,55423268779878805512347072565748920707606770803203621297931944397023876088025,[#8:9](-[#6@@:8](-[#6@@:6])(-[#6@:25])-[H:48])-[#6@:10](-[H:31])(-[#8:11])-[#6@:23].[#8:1](-[H:52])-[H]>>[#8:1](-[#6@@:8](-[#6@@:6])(-[#6@:25])-[H:48])-[H:52].[#8:9](-[#6:10](-[H:31])(-[#8:11])-[#6@:23])-[H],"EVODEX.1-P4444,EVODEX.1-P4307,EVODEX.1-P4324,EVODEX.1-P4306,EVODEX.1-P4464"
EVODEX.1-E247,17852683932745287752866840630774799248213264458716705545572055644843036773843,[#8:1]=[#16:2](=[#8:3])(-[#8:4])-[#8:5]-[#6:6].[#8:16](-[#6:17])-[H]>>[#8:1]=[#16:2](=[#8:3])(-[#8:4])-[#8:16]-[#6:17].[#8:5](-[#6:6])-[H],"EVODEX.1-P3755,EVODEX.1-P3756,EVODEX.1-P3753,EVODEX.1-P3754,EVODEX.1-P3731"
EVODEX.1-E248,19078318584272323921661318627229692210939665860496317526678572599366428019332,[#6:1]-[#6:2](=[#8:3])-[#7:4](-[#6:5](-[#6:6])(-[#6:7])-[H:28])-[H:29].[#8:15](-[H:33])-[H]>>[#6:1]-[#6:2](=[#8:3])-[#8:15]-[H:33].[#7:4](-[#6@@:5](-[#6:6])(-[#6:7])-[H:28])(-[H:29])-[H],"EVODEX.1-P5401,EVODEX.1-P4877,EVODEX.1-P5398,EVODEX.1-P5062,EVODEX.1-P5355"
EVODEX.1-E249,91281028286378429123192682242185951028957239917718953035995703603088558214365,[#6:12]-[#6:13](=[#8:14])-[H:31].[#7:17](-[#6@@:18](-[#6:19])(-[#6:23]=[#8:24])-[H])(-[H:41])-[H:42]>>[#6:12]-[#6:13](-[#7:17](-[H:41])-[H:42])(-[H:31])-[H].[#8:14]=[#6:18](-[#6:19])-[#6:23]=[#8:24],"EVODEX.1-P2822,EVODEX.1-P2984,EVODEX.1-P2844,EVODEX.1-P2982,EVODEX.1-P2986"
EVODEX.1-E250,53554971192175773641348462813479561971365829834908978379502852946752377451486,[#7:77]-[#6@@:78](-[#6:79])(-[#6:84](=[#8:85])-[#7:86](-[#6@@:87])-[H:413])-[H:414].[#8:221](-[H:429])-[H]>>[#7:77]-[#6:78](-[#6:79])(-[#6:84](=[#8:85])-[#8:221]-[H:429])-[H:414].[#7:86](-[#6@@:87])(-[H:413])-[H],"EVODEX.1-P5044,EVODEX.1-P5006,EVODEX.1-P4878,EVODEX.1-P4672,EVODEX.1-P4692"
EVODEX.1-E251,58568582449475232172760009286704046869243546577304873586133993836649117215785,[#8:2]=[#6:3]-[#6:5](=[#8:6])-[#6:7](=[#6:8](-[#6:9])-[H:33])-[H:34].[#8:1](-[H])-[H]>>[#8:1]=[#6:8](-[#6:9])-[H:33].[#8:2]=[#6:3]-[#6:5](=[#8:6])-[#6:7](-[H:34])(-[H])-[H],"EVODEX.1-P6339,EVODEX.1-P6337,EVODEX.1-P6320,EVODEX.1-P6329,EVODEX.1-P6332"
EVODEX.1-E252,37777535699061024472684558027769504175493421171208596062386685206509061612113,[#6:1](-[#6:2](=[#8:3])-[#6:4]=[#8:5])(-[H:24])(-[H])-[H].[#8:7]=[#6:8](-[#6:9])-[H:36]>>[#6:1](-[#6:2](=[#8:3])-[#6:4]=[#8:5])(=[#6:8](-[#6:9])-[H:36])-[H:24].[#8:7](-[H])-[H],"EVODEX.1-P6338,EVODEX.1-P6280,EVODEX.1-P6322,EVODEX.1-P6321,EVODEX.1-P6318"
EVODEX.1-E253,84445104650530099840505907584496883218799990747479084401772786822609685801190,[#6:1]-[#6:2](=[#8:3])-[#8:4]-[H:14].[#6:8]-[#6@@:9](-[#7:10](-[H:18])-[H])(-[#6:11])-[H:21]>>[#6:1]-[#6:2](=[#8:3])-[#7:10](-[#6@:9](-[#6:8])(-[#6:11])-[H:21])-[H:18].[#8:4](-[H:14])-[H],"EVODEX.1-P5597,EVODEX.1-P5103,EVODEX.1-P5608,EVODEX.1-P5789,EVODEX.1-P5790"
EVODEX.1-E254,63280743694824180178153066383802413343951204831650187611903102566251864644899,[#6:6]=[#6:7]-[#6:8](-[#6:9]=[#6:10](-[#6:11])-[H:56])(-[H:58])-[H].[#8:32]=[#8:33]>>[#6:6]=[#6:7]-[#6:8](=[#6:9]-[#6:10](-[#6:11])(-[#8:32]-[#8:33]-[H])-[H:56])-[H:58],"EVODEX.1-P264,EVODEX.1-P244,EVODEX.1-P263,EVODEX.1-P230,EVODEX.1-P249"
EVODEX.1-E255,6257138026364190960337421999345483052303459200812731859994039970827537630068,[#6:10]-[#7:12](-[H:46])-[H].[#15:32]-[#8:35]-[#15:36](=[#8:37])(-[#8:38])-[#8:39]>>[#6:10]-[#7:12](-[#15:36](=[#8:37])(-[#8:38])-[#8:39])-[H:46].[#15:32]-[#8:35]-[H],"EVODEX.1-P3507,EVODEX.1-P3520,EVODEX.1-P3509,EVODEX.1-P3510,EVODEX.1-P3521"
EVODEX.1-E256,84229690139259701568700869331172078698699424247420655719817886625124739500292,[#6:1]-[#6:2](=[#8:3])-[#6:4].[#6:8]-[#6:9](-[#8:10]-[H])(-[#6:11])-[H]>>[#6:1]-[#6:2](-[#8:3]-[H])(-[#6:4])-[H].[#6:8]-[#6:9](=[#8:10])-[#6:11],"EVODEX.1-P188,EVODEX.1-P187,EVODEX.1-P185,EVODEX.1-P186,EVODEX.1-P17"
EVODEX.1-E257,62046329314401416044125981124721867432801165639386409609503613304884468647840,[#6:1]-[#6:2](=[#8:3])-[#16:4]-[#6:5].[#6:69]-[#7:70](-[H])-[#6:71]>>[#6:1]-[#6:2](=[#8:3])-[#7:70](-[#6:69])-[#6:71].[#16:4](-[#6:5])-[H],"EVODEX.1-P2069,EVODEX.1-P1589,EVODEX.1-P2071,EVODEX.1-P2065,EVODEX.1-P1827"
EVODEX.1-E258,97428777915106550631018661609835406291090766714852199198162600437053644449670,[#8:7]-[#6@:8](-[#8:9]-[#6@:10](-[H:30])(-[#8:11])-[#6@:19])(-[H:41])-[#6@@:21].[#8:28](-[H:53])-[H]>>[#8:7]-[#6@:8](-[#8:28]-[H:53])(-[H:41])-[#6@@:21].[#8:9](-[#6:10](-[H:30])(-[#8:11])-[#6@:19])-[H],"EVODEX.1-P4425,EVODEX.1-P4451,EVODEX.1-P4314,EVODEX.1-P4320,EVODEX.1-P4311"
EVODEX.1-E259,30599656066968215822995465766054522179220458891799083227452253481662598991606,[#6:1](=[#6:2]-[#6:4](-[#6:5])(-[H:60])-[H])(-[H:62])-[H:63].[#6:33]-[#6:34](-[#8:35]-[#15:36])(-[H:76])-[H:77]>>[#6:1](-[#6:2]=[#6:4](-[#6:5])-[H:60])(-[#6:34](-[#6:33])(-[H:76])-[H:77])(-[H:62])-[H:63].[#8:35](-[#15:36])-[H],"EVODEX.1-P2534,EVODEX.1-P2599,EVODEX.1-P2604,EVODEX.1-P2531,EVODEX.1-P2801"
EVODEX.1-E260,41325176529219577507980520869290327533915815180250847630462387022834745448981,[#7:2]-[#6:3](-[#6:4])(-[#6:11](=[#8:12])-[#8:13]-[H])-[H].[#8:14]=[#8:15]>>[#6:11](=[#8:12])=[#8:13].[#7:2]-[#6:3](-[#6:4])=[#8:14].[#8:15](-[H])-[H],"EVODEX.1-P281,EVODEX.1-P273,EVODEX.1-P295,EVODEX.1-P279,EVODEX.1-P285"
EVODEX.1-E261,78631734368123017030659266648507714528876590406941038820546921442303529767892,[#6:1]-[#6:2](-[#8:3]-[#6:4](=[#8:5])-[#7:6](-[#6:7])-[H:19])(-[H:20])-[H:21].[#8:13](-[H:25])-[H]>>[#6:1]-[#6:2](-[#8:13]-[H:25])(-[H:20])-[H:21].[#7:6](-[#6:7])(-[H:19])-[H].[#8:3]=[#6:4]=[#8:5],"EVODEX.1-P5766,EVODEX.1-P5770,EVODEX.1-P5760,EVODEX.1-P5761,EVODEX.1-P5720"
EVODEX.1-E262,46448541987221115406521438956262739112741801435947023126357155012968339974409,[#7:1](-[H:11])(-[H:12])-[H].[#8:2]=[#6:3]-[#6:5](=[#8:6])-[#6:7].[#8:9](-[#8:10]-[H])-[H]>>[#7:1](-[#6@@:5](-[#6:3]=[#8:2])(-[#6:7])-[H])(-[H:11])-[H:12].[#8:9]=[#8:10].[#8:6](-[H])-[H],"EVODEX.1-P986,EVODEX.1-P984,EVODEX.1-P993,EVODEX.1-P989,EVODEX.1-P931"
EVODEX.1-E263,102244615441993441498344908941536040076140778052100191209354807558429316524311,[#6:15]-[#6:16](=[#8:17])-[#6:18](-[#8:19])(-[#6:20])-[#6:22].[#8:24](-[H:63])-[H]>>[#6:15]-[#6:16](=[#8:17])-[#8:24]-[H:63].[#6:18](-[#8:19])(-[#6:20])(-[#6:22])-[H],"EVODEX.1-P3996,EVODEX.1-P4068,EVODEX.1-P3967,EVODEX.1-P3968,EVODEX.1-P4027"
EVODEX.1-E264,96740598643892064811058904935083838098079639730723459014790036276476139371882,[#7:1]-[#6@:2](-[#6:3](-[#16:4](=[#8:5])-[#6:6])(-[H:18])-[H:19])(-[#6:11]=[#8:12])-[H]>>[#7:1]-[#6:2](=[#6:3](-[H:18])-[H:19])-[#6:11]=[#8:12].[#16:4](-[#8:5]-[H])-[#6:6],"EVODEX.1-P6553,EVODEX.1-P6549,EVODEX.1-P6547,EVODEX.1-P6550,EVODEX.1-P6546"
EVODEX.1-E265,115352426403758549099246176187123819979124487300651138808472026190914420006916,[#15:29]-[#8:32]-[#16:33](=[#8:34])(=[#8:35])-[#8:36].[#7:1](-[#6:2])(-[H:70])-[H]>>[#15:29]-[#8:32]-[H].[#7:1](-[#6:2])(-[#16:33](=[#8:34])(=[#8:35])-[#8:36])-[H:70],"EVODEX.1-P3761,EVODEX.1-P3765,EVODEX.1-P3729,EVODEX.1-P3759,EVODEX.1-P3769"
EVODEX.1-E266,86501516750980672048550729949834109875019374178328389312181991805042764829133,[#8:16]=[#8:17].[#6:5](=[#8:6])-[#6@@:7](-[#6:8](-[#6:9])(-[H:26])-[H])(-[H])-[#7:15]>>[#6:5](=[#8:6])-[#6:7](=[#6:8](-[#6:9])-[H:26])-[#7:15].[#8:16](-[#8:17]-[H])-[H],"EVODEX.1-P856,EVODEX.1-P851,EVODEX.1-P850,EVODEX.1-P854,EVODEX.1-P848"
EVODEX.1-E267,13688232541792571495893574970267147319129680712998701242190422670904963428343,[#8:1]=[#6:2]-[#6:4](-[#6:5](-[#6:6](-[#6:7])(-[H:22])-[H:23])(-[#6:14]=[#8:15])-[H:25])(-[H:26])-[H]>>[#6:6](-[#6:7])(-[H:22])(-[H:23])-[H].[#8:1]=[#6:2]-[#6:4](=[#6:5](-[#6:14]=[#8:15])-[H:25])-[H:26],"EVODEX.1-P6396,EVODEX.1-P6377,EVODEX.1-P6389,EVODEX.1-P6379,EVODEX.1-P6386"
EVODEX.1-E268,84919464912984458573141140231847461402062704502054711152974593208400144026961,[#6:1](-[#6:2])(-[H:21])(-[H:22])-[H].[#8:9]=[#6:10]-[#6:12](=[#6:13](-[#6:14]=[#8:15])-[H:26])-[H:27]>>[#6:1](-[#6:2])(-[#6:13](-[#6:12](-[#6:10]=[#8:9])(-[H:27])-[H])(-[#6:14]=[#8:15])-[H:26])(-[H:21])-[H:22],"EVODEX.1-P6381,EVODEX.1-P6391,EVODEX.1-P6383,EVODEX.1-P6384,EVODEX.1-P6388"
EVODEX.1-E269,5076671236184723331659121522776852523536936080944201113541896737895378856901,[#6:4]-[#6:6](=[#8:7])-[#16:8]-[#6:9].[#6:58]-[#6:59](=[#8:60])-[#8:61]-[H:104]>>[#6:4]-[#6:6](=[#8:7])-[#8:61]-[H:104].[#16:8](-[#6:9])-[#6:59](-[#6:58])=[#8:60],"EVODEX.1-P3846,EVODEX.1-P3815,EVODEX.1-P3788,EVODEX.1-P3792,EVODEX.1-P3807"
EVODEX.1-E270,105970234440656169854401149487530102139430805216984835592418545771735698378156,[#6:4]-[#6:5](=[#8:6])-[#16:7]-[#6:8].[#6:59]-[#6:60](-[#8:61]-[H])(-[#6:62])-[H:120]>>[#6:4]-[#6:5](=[#8:6])-[#8:61]-[#6@@:60](-[#6:59])(-[#6:62])-[H:120].[#16:7](-[#6:8])-[H],"EVODEX.1-P1697,EVODEX.1-P1500,EVODEX.1-P1856,EVODEX.1-P1680,EVODEX.1-P1803"
EVODEX.1-E271,71685605503152712771421847278519696745953513931997873432329211120764058182345,[#6:2]-[#6:3](=[#8:4])-[#6:5](=[#8:6])-[#8:7]-[H].[#6:14]-[#6:15](=[#8:16])-[H:27]>>[#6:5](=[#8:6])=[#8:7].[#6:2]-[#6:3](=[#8:4])-[#6:15](-[#6:14])(-[#8:16]-[H])-[H:27],"EVODEX.1-P1394,EVODEX.1-P1368,EVODEX.1-P1391,EVODEX.1-P1399,EVODEX.1-P1397"
EVODEX.1-E272,4486343365176218005219211478884886448480470542528617296301104648520999270006,[#6:1]-[#6:2](=[#8:3])-[#16:4]-[#6:5].[#6:55]-[#6@:56](-[#7:57](-[H:99])-[H])(-[#6:58])-[H:102]>>[#6:1]-[#6:2](=[#8:3])-[#7:57](-[#6@@:56](-[#6:55])(-[#6:58])-[H:102])-[H:99].[#16:4](-[#6:5])-[H],"EVODEX.1-P1706,EVODEX.1-P1843,EVODEX.1-P1709,EVODEX.1-P1408,EVODEX.1-P1730"
EVODEX.1-E273,6874677124853285060019361366868806548395256686338725730343406441853653681493,[#7:40](-[#6@:39](-[#6@@:5])(-[#6@:37])-[H])(-[H:70])-[H:71].[#6:45]-[#6:46](=[#8:47])-[#6:48]=[#8:49]>>[#6:39](-[#6@@:5])(-[#6@:37])=[#8:47].[#7:40](-[#6@@:46](-[#6:45])(-[#6:48]=[#8:49])-[H])(-[H:70])-[H:71],"EVODEX.1-P3223,EVODEX.1-P2898,EVODEX.1-P2897,EVODEX.1-P3126,EVODEX.1-P3175"
EVODEX.1-E274,71150313353314078471757210547096322802169870108023547298929401200155514308013,[#6:6](-[#6@:5])(=[#8:7])-[#6@@:8].[#7:41](-[#6@@:42](-[#6:43])(-[#6:48]=[#8:49])-[H])(-[H:81])-[H:82]>>[#7:41](-[#6@@:6](-[#6@:5])(-[H])-[#6@@:8])(-[H:81])-[H:82].[#8:7]=[#6:42](-[#6:43])-[#6:48]=[#8:49],"EVODEX.1-P2890,EVODEX.1-P3221,EVODEX.1-P3219,EVODEX.1-P2932,EVODEX.1-P2931"
EVODEX.1-E275,54768710699154590002418010850174153948924796629509456309443690565808332517159,[#6:4]-[#6@:5](-[#7:6](-[H:42])-[H])(-[#6:7])-[H:47].[#6:16]-[#8:17]-[#6:18](=[#8:19])-[#6@:20]>>[#6:4]-[#6:5](-[#7:6](-[#6:18](=[#8:19])-[#6@:20])-[H:42])(-[#6:7])-[H:47].[#6:16]-[#8:17]-[H],"EVODEX.1-P5025,EVODEX.1-P5215,EVODEX.1-P4724,EVODEX.1-P5024,EVODEX.1-P4704"
EVODEX.1-E276,84155051527301768461774497850739277843981609336830365229480658084009619724007,[#6:2]1:[#6:3]:[#6:4]:[#6:5]:[#6:7](-[H:14]):[#6:8]:1-[#8:9].[#8:10]=[#8:11]>>[#6:2](=[#6:3]-[#6:4]=[#6:5]-[#6:7](=[#8:10])-[H:14])-[#6:8](-[#8:9])=[#8:11],"EVODEX.1-P268,EVODEX.1-P242,EVODEX.1-P238,EVODEX.1-P241,EVODEX.1-P231"
EVODEX.1-E277,30358342764189427341531008033727046330294944269320067931179785977837516436802,[#6:5]-[#6:6](-[#6@:7](-[#7:8])(-[#6:9])-[H:20])(-[H:21])-[H:22].[#8:12]=[#6:13](-[#6:14]=[#8:15])-[H]>>[#6:7](-[#7:8])(-[#6:9])(-[H:20])-[H].[#6:5]-[#6:6](-[#6:13](=[#8:12])-[#6:14]=[#8:15])(-[H:21])-[H:22],"EVODEX.1-P3138,EVODEX.1-P2918,EVODEX.1-P3005,EVODEX.1-P2877,EVODEX.1-P3101"
EVODEX.1-E278,67677209694274337805607018371690727569252982383512015247861050625401671982893,[#6:4]-[#6:5](=[#8:6])-[#16:7]-[#6:8].[#6:59]-[#6:60](-[#8:61])(-[#6:62])-[H]>>[#6:4]-[#6:5](=[#8:6])-[#6:60](-[#6:59])(-[#8:61])-[#6:62].[#16:7](-[#6:8])-[H],"EVODEX.1-P1510,EVODEX.1-P1496,EVODEX.1-P1514,EVODEX.1-P1516,EVODEX.1-P1848"
EVODEX.1-E279,63445616522900392552400288300473568917794592145708448963484923615398181965872,[#6:47]-[#16:48]-[H].[#6:52]-[#6:53](=[#8:54])-[#6:55](-[#8:56])(-[#6:57])-[#6:61]>>[#6:47]-[#16:48]-[#6:53](-[#6:52])=[#8:54].[#6:55](-[#8:56])(-[#6:57])(-[#6:61])-[H],"EVODEX.1-P1502,EVODEX.1-P1854,EVODEX.1-P1503,EVODEX.1-P1850,EVODEX.1-P1506"
EVODEX.1-E280,31598519174438813559314531222558929582746078351567047922646044003861656445942,[#6:1]-[#6@@:2](-[#8:3]-[H])(-[#6@:4])-[H:62].[#15:31]-[#8:34]-[#6@@:35](-[H:71])(-[#8:36])-[#6@:42]>>[#6:1]-[#6:2](-[#8:3]-[#6:35](-[H:71])(-[#8:36])-[#6@:42])(-[#6@:4])-[H:62].[#15:31]-[#8:34]-[H],"EVODEX.1-P2380,EVODEX.1-P2502,EVODEX.1-P2345,EVODEX.1-P2442,EVODEX.1-P2288"
EVODEX.1-E281,13664329839071890840141827583436871214549106611904936196939140741849151150950,[#7:1]-[#6:2](-[#6:3])(-[H:20])-[H].[#8:6]=[#6:7]-[#6:9](=[#8:10])-[#6:11](-[#6:12])(-[H:30])-[H:31]>>[#7:1]-[#6@:2](-[#6:3])(-[#6:11](-[#6:12])(-[H:30])-[H:31])-[H:20].[#8:6]=[#6:7]-[#6:9](=[#8:10])-[H],"EVODEX.1-P3168,EVODEX.1-P3160,EVODEX.1-P3162,EVODEX.1-P3164,EVODEX.1-P3006"
EVODEX.1-E282,66334618001944391560620306292867913976820224005155416444285506989787521701585,[#15:16]-[#8:19]-[#15:20](=[#8:21])(-[#8:22])-[#8:23]-[#15:24]-[#8:26]-[H].[#8:32](-[H:49])-[H]>>[#15:16]-[#8:19]-[H].[#15:20](=[#8:21])(-[#8:22])(-[#8:26]-[#15:24]-[#8:23]-[H])-[#8:32]-[H:49],"EVODEX.1-P6028,EVODEX.1-P5997,EVODEX.1-P5992,EVODEX.1-P5995,EVODEX.1-P5994"
EVODEX.1-E283,4842189745776746327864771753417574088560493487443621872529240090879861133596,[#6:6]-[#6:7](-[#6:8])=[#6:9](-[#6:10])-[H:68].[#6:38]-[#6:39](-[#8:40]-[#15:41])(-[H:89])-[H]>>[#6:6]-[#6:7]1(-[#6:8])-[#6:9](-[#6:10])(-[H:68])-[#6:39]-1(-[#6:38])-[H:89].[#8:40](-[#15:41])-[H],"EVODEX.1-P2577,EVODEX.1-P2590,EVODEX.1-P2541,EVODEX.1-P2589,EVODEX.1-P2802"
EVODEX.1-E284,103903953823321701347534175572353884352531316527418088201760798424615141003736,[#8:4]-[#6@@:5](-[#6:6])(-[#8:8]-[#6@@:9](-[H:45])(-[#8:10])-[#6@:18])-[#6@:20].[#6:33]-[#8:34]-[H]>>[#8:34](-[#6@@:9](-[H:45])(-[#8:10])-[#6@:18])-[#6:33].[#8:4]-[#6:5](-[#6:6])(-[#8:8]-[H])-[#6@:20],"EVODEX.1-P2452,EVODEX.1-P2465,EVODEX.1-P2450,EVODEX.1-P2462,EVODEX.1-P2464"
EVODEX.1-E285,27566757355039241985536863988953868922026285089098251176158725928124376990657,[#8:1]=[#8:2].[#6:4]1:[#6:5]:[#6:6]:[#6:7](-[#8:8]):[#6:9](-[#8:10]):[#6:11]:1>>[#8:1]=[#6:7](-[#6:6]=[#6:5]-[#6:4]=[#6:11]-[#6:9](=[#8:2])-[#8:10])-[#8:8],"EVODEX.1-P234,EVODEX.1-P224,EVODEX.1-P222,EVODEX.1-P223,EVODEX.1-P221"
EVODEX.1-E286,9469678625712068649621922132987771831268189039822306151480025866627380136806,[#8:1]=[#8:2].[#6:4]1:[#6:5]:[#6:7]:[#6:8]:[#6:9](-[#6:10]):[#6:16]:1-[#8:17]>>[#8:1]=[#6:9](-[#6:8]=[#6:7]-[#6:5]=[#6:4]-[#6:16](=[#8:2])-[#8:17])-[#6:10],"EVODEX.1-P256,EVODEX.1-P252,EVODEX.1-P255,EVODEX.1-P257,EVODEX.1-P250"
EVODEX.1-E287,22057313967502291203667891063114052145498746008015660939034761023702490122016,[#6:11]-[#6:13](-[#6:14])(-[#7:21](-[#6:22](=[#8:23])-[#6:24](-[#6:25])(-[#7:32])-[H:74])-[H:75])-[H:76].[#8:46](-[H:83])-[H]>>[#6:22](=[#8:23])(-[#6@:24](-[#6:25])(-[#7:32])-[H:74])-[#8:46]-[H:83].[#6:11]-[#6@:13](-[#6:14])(-[#7:21](-[H:75])-[H])-[H:76],"EVODEX.1-P4785,EVODEX.1-P5426,EVODEX.1-P4846,EVODEX.1-P5202,EVODEX.1-P5204"
EVODEX.1-E288,92771765498820467414861588616419010060101376391147019631394512619522262723251,[#7:11]-[#6@@:12](-[#6:13]-[#6:14]-[#6:15](=[#8:16])-[#8:17]-[H:52])(-[#6:18])-[H:58].[#7:1](-[#6:2])(-[H:70])-[H].([#8:39]-[#15:40](=[#8:41])(-[#8:42])-[#8:43]-[#15:44].[#8:49]-[#6@@:48](-[#6@@:33])(-[H:83])-[#6@:50](-[#6@:31])(-[#8:51])-[H:85])>>[#7:1](-[#6:2])(-[#6:15](-[#6:14]-[#6:13]-[#6@:12](-[#7:11])(-[#6:18])-[H:58])=[#8:16])-[H:70].([#8:17](-[#15:40](-[#8:39])(=[#8:41])-[#8:42])-[H:52].[#8:51]-[#6@:50](-[#6@:31])(-[H:85])-[#6@@:48](-[#6@@:33])(-[#8:49])-[H:83]).[#8:43](-[#15:44])-[H],"EVODEX.1-P7056,EVODEX.1-P7069,EVODEX.1-P7057,EVODEX.1-P7067,EVODEX.1-P7044"
EVODEX.1-E289,25025100618757672598640020237540501107602620883089390006647246243536151996006,[#6:76]-[#6@:75](-[#6@@:57])(-[#8:77]-[H])-[H:190].[#15:100]-[#8:103]-[#15:104](=[#8:105])(-[#8:106])-[#8:107]>>[#6:75](-[#6@@:57])(-[#6:76])(-[#8:77]-[#15:104](=[#8:105])(-[#8:106])-[#8:107])-[H:190].[#15:100]-[#8:103]-[H],"EVODEX.1-P3429,EVODEX.1-P3302,EVODEX.1-P3299,EVODEX.1-P3426,EVODEX.1-P3317"
EVODEX.1-E290,88413384526111485814611189962042034539908343005501533746479116647151465236394,[#15:16]-[#8:19]-[#15:20](=[#8:21])(-[#8:22])-[#8:23].[#8:32](-[#6:33](-[H:62])(-[#8:34])-[#6@:44])-[H]>>[#15:16]-[#8:19]-[H].[#15:20](=[#8:21])(-[#8:22])(-[#8:23])-[#8:32]-[#6@@:33](-[H:62])(-[#8:34])-[#6@:44],"EVODEX.1-P3403,EVODEX.1-P3312,EVODEX.1-P3405,EVODEX.1-P3404,EVODEX.1-P3307"
EVODEX.1-E291,72716390854952887712917626180890934449674072963323320453266257615400478851143,[#8:2]=[#6:3]-[#6:5]=[#6:7]-[#6:8]=[#6:9](-[#6:10](=[#8:11])-[#6:12])-[H:25].[#8:1](-[H:28])-[H]>>[#8:2]=[#6:3]-[#6:5]=[#6:7]-[#6:8]=[#6:9](-[H:25])-[H].[#8:1](-[#6:10](=[#8:11])-[#6:12])-[H:28],"EVODEX.1-P6075,EVODEX.1-P6078,EVODEX.1-P6084,EVODEX.1-P6050,EVODEX.1-P6080"
EVODEX.1-E292,23088656046654628255769550112720504378754809770749323456885847109133545090394,[#6:4](-[#6@:3])(-[H:22])(-[H:23])-[H].[#6:14]-[#6:15](=[#8:16])-[#6:17](=[#8:18])-[#8:19]-[H].[#8:20]=[#8:21]>>[#6:17](=[#8:18])=[#8:19].[#6:4](-[#6@:3])(-[#8:20]-[H])(-[H:22])-[H:23].[#6:14]-[#6:15](=[#8:16])-[#8:21]-[H],"EVODEX.1-P427,EVODEX.1-P410,EVODEX.1-P417,EVODEX.1-P395,EVODEX.1-P414"
EVODEX.1-E293,111323828474428348722582774141958567771001782146216599161165232540005061893667,[#6:8]-[#6:9](-[#6:10])(-[H:63])-[H].[H]-[#6@:28](-[#6@:26])(-[#6:29])-[#7:39](-[#6:38])-[H].[#8:40]=[#8:41]>>[#6:8]-[#6:9](-[#6:10])(-[#8:40]-[H])-[H:63].[#6:28](-[#6@:26])(=[#7:39]-[#6:38])-[#6:29].[#8:41](-[H])-[H],"EVODEX.1-P565,EVODEX.1-P544,EVODEX.1-P560,EVODEX.1-P557,EVODEX.1-P554"
EVODEX.1-E294,13378555162054469878277949486920634762992601554580765445438635319052424391440,[#15:16]-[#8:18]-[H].[#8:27]-[#6@@:28](-[#8:29]-[#15:30](=[#8:31])(-[#8:32])-[#8:33])(-[H:62])-[#6@@:38]>>[#15:16]-[#8:18]-[#15:30](=[#8:31])(-[#8:32])-[#8:33].[#8:27]-[#6:28](-[#8:29]-[H])(-[H:62])-[#6@@:38],"EVODEX.1-P3575,EVODEX.1-P3587,EVODEX.1-P3579,EVODEX.1-P3593,EVODEX.1-P3583"
EVODEX.1-E295,96600285694299036422290354624880521447226532435128106531763560066414920147397,[#6:15]-[#6:16](=[#8:17])-[#16:18]-[#6:19].[#8:85]-[#6@:86](-[#6:87]-[#8:88]-[H])(-[#6:89])-[H:186]>>[#6:15]-[#6:16](=[#8:17])-[#8:88]-[#6:87]-[#6@@:86](-[#8:85])(-[#6:89])-[H:186].[#16:18](-[#6:19])-[H],"EVODEX.1-P1830,EVODEX.1-P1455,EVODEX.1-P1662,EVODEX.1-P1831,EVODEX.1-P1834"
EVODEX.1-E296,101544884608160438668337177488008973452125741918807418624288319488905970362546,[#6:49]-[#6:51](-[#6:52](=[#8:53])-[#8:54]-[H])(-[H:134])-[H:135].[#6:101]-[#16:102]-[#6:103](=[#8:104])-[#6:105]>>[#6:52](=[#8:53])=[#8:54].[#6:49]-[#6:51](-[#6:103](=[#8:104])-[#6:105])(-[H:134])-[H:135].[#6:101]-[#16:102]-[H],"EVODEX.1-P1655,EVODEX.1-P1648,EVODEX.1-P1646,EVODEX.1-P1712,EVODEX.1-P1653"
EVODEX.1-E297,6095658845061191918437926641823526965122915920207121387548201264685604093937,[#6:7]-[#8:8]-[H].[#8:14]=[#15:15](-[#8:16])(-[#8:17])-[#8:18]-[#6@@:19](-[H:46])(-[#8:20])-[#6@:28]>>[#6:7]-[#8:8]-[#15:15](=[#8:14])(-[#8:16])-[#8:17].[#8:18](-[#6:19](-[H:46])(-[#8:20])-[#6@:28])-[H],"EVODEX.1-P6601,EVODEX.1-P3382,EVODEX.1-P3380,EVODEX.1-P6599,EVODEX.1-P6600"
EVODEX.1-E298,109227642683976467018283474858464386285741158237207713168637314422397315923037,[#6:13]-[#6:14](-[H:34])(-[H])-[#6@@:15].[#6:6]-[#6:7](=[#8:8])-[#6:9](=[#8:10])-[#8:11]-[H].[#8:32]=[#8:33]>>[#6:9](=[#8:10])=[#8:11].[#6:13]-[#6@:14](-[#8:33]-[H])(-[H:34])-[#6@@:15].[#6:6]-[#6:7](=[#8:8])-[#8:32]-[H],"EVODEX.1-P330,EVODEX.1-P315,EVODEX.1-P317,EVODEX.1-P407,EVODEX.1-P325"
EVODEX.1-E299,34548919475939808475178734651128636394244588546658961052901175335058405643221,[#15:15]-[#8:18]-[#6@@:19](-[H:72])(-[#8:20])-[#6@:26].[#6:36]-[#6@@:37](-[H:89])(-[#8:38])-[#6@:65](-[#6@:63])(-[#8:66]-[H])-[H:106]>>[#8:66](-[#6@@:19](-[H:72])(-[#8:20])-[#6@:26])-[#6@:65](-[H:106])(-[#6@:37](-[#6:36])(-[H:89])-[#8:38])-[#6@:63].[#15:15]-[#8:18]-[H],"EVODEX.1-P2342,EVODEX.1-P2341,EVODEX.1-P2448,EVODEX.1-P2236,EVODEX.1-P2348"
EVODEX.1-E300,63951971244776938122634258748152138029230952261224441684109474174149757814869,[#7:8]-[#6:9](-[#6:10])(-[H:34])-[H].[#8:19]=[#6:20]-[#6:29](=[#6:27]-[#8:28]-[H])-[#8:30]-[H].[#8:31]=[#8:32]>>[#7:8]-[#6:9](-[#6:10])(-[#8:31]-[H])-[H:34].[#8:19]=[#6:20]-[#6:29](-[#6:27]=[#8:28])=[#8:30].[#8:32](-[H])-[H],"EVODEX.1-P580,EVODEX.1-P594,EVODEX.1-P575,EVODEX.1-P592,EVODEX.1-P584"
EVODEX.1-E301,113258390460756853679124293784782295907482284056564002057472840986811491159648,[#7:19](-[#6@:18])(-[H:55])-[H].[#7:35]-[#6@@:36](-[#6:37]-[#6:38]-[#6:39](=[#8:40])-[#7:41](-[#6@@:42])-[H:103])(-[#6:52])-[H:109]>>[#7:19](-[#6@:18])(-[#6:39](-[#6:38]-[#6:37]-[#6@:36](-[#7:35])(-[#6:52])-[H:109])=[#8:40])-[H:55].[#7:41](-[#6@@:42])(-[H:103])-[H],"EVODEX.1-P2136,EVODEX.1-P2144,EVODEX.1-P2130,EVODEX.1-P2131,EVODEX.1-P2132"
EVODEX.1-E302,80073077912902875336162206931259621055464077928479994898153233787531717584881,[#7:15](-[#6@:9])(-[#6:16](=[#8:17])-[#6@@:18]-[#7:19](-[#6:20](=[#8:21])-[#6@:22])-[H:117])-[H:124].[#8:60](-[H:135])-[H].[#8:61](-[H:137])-[H]>>[#6:16](=[#8:17])(-[#6@@:18]-[#7:19](-[H:117])-[H])-[#8:61]-[H:137].[#6:20](=[#8:21])(-[#6@:22])-[#8:60]-[H:135].[#7:15](-[#6@:9])(-[H:124])-[H],"EVODEX.1-P5174,EVODEX.1-P4628,EVODEX.1-P5165,EVODEX.1-P5149,EVODEX.1-P5354"
EVODEX.1-E303,15238264173623941165421285503354689969927509106838248579768076704830688974444,[#6:11]-[#6:12](=[#8:13])-[#16:14]-[#6:15].[#7:62]-[#6@@:63](-[#6:64])(-[#6:66](=[#8:67])-[#8:68]-[H])-[H:131]>>[#6:66](=[#8:67])=[#8:68].[#6:11]-[#6:12](=[#8:13])-[#6:63](-[#7:62])(-[#6:64])-[H:131].[#16:14](-[#6:15])-[H],"EVODEX.1-P1784,EVODEX.1-P1793,EVODEX.1-P1764,EVODEX.1-P1778,EVODEX.1-P1756"
EVODEX.1-E304,51294192219346958729053643771094682302677685083237001007425349950711837060404,[#6:23]-[#6:24](-[#8:25]-[H])(-[H:33])-[H].[#6:3]1=[#6:4]-[#6:7](=[#8:8])-[#6:9]=[#6:15]-[#6:17]-1=[#8:18]>>[#6:23]-[#6:24](=[#8:25])-[H:33].[#6:3]1:[#6:4]:[#6:7](-[#8:8]-[H]):[#6:9]:[#6:15]:[#6:17]:1-[#8:18]-[H],"EVODEX.1-P163,EVODEX.1-P165,EVODEX.1-P162,EVODEX.1-P164,EVODEX.1-P166"
EVODEX.1-E305,16839844197584629595078487140846804285096715019078767370067567299676132861006,[#6:1](-[#6:2](=[#8:3])-[#16:4]-[#6:5])(-[H:98])(-[H:99])-[H].[#8:53]=[#6:54]-[#6:56](=[#8:57])-[#6:58].[#8:52](-[H:106])-[H]>>[#6:1](-[#6:2](=[#8:3])-[#8:52]-[H:106])(-[#6@:56](-[#6:54]=[#8:53])(-[#8:57]-[H])-[#6:58])(-[H:98])-[H:99].[#16:4](-[#6:5])-[H],"EVODEX.1-P2177,EVODEX.1-P2168,EVODEX.1-P2174,EVODEX.1-P2190,EVODEX.1-P2193"
EVODEX.1-E306,668703565731265097694689576505748448687644443615752758032657147850786408365,[#6:2]-[#6:3](=[#8:4])-[#16:5]-[#6:6].[#7:53]-[#6@@:54](-[#6:55]-[#6:56]-[#8:57]-[H])(-[#6:58])-[H:107]>>[#6:2]-[#6:3](=[#8:4])-[#8:57]-[#6:56]-[#6:55]-[#6@:54](-[#7:53])(-[#6:58])-[H:107].[#16:5](-[#6:6])-[H],"EVODEX.1-P1728,EVODEX.1-P1729,EVODEX.1-P1610,EVODEX.1-P1607,EVODEX.1-P1605"
EVODEX.1-E307,59306384750111164133894398389859814285689068052445924329564578703837718063793,[#7:4]-[#6:5](-[#6:6])(-[H:36])-[H].[#6:18]-[#6:19](=[#8:20])-[#6:21](=[#8:22])-[#8:23]-[H].[#8:24]=[#8:25]>>[#6:21](=[#8:22])=[#8:23].[#7:4]-[#6:5](-[#6:6])(-[#8:24]-[H])-[H:36].[#6:18]-[#6:19](=[#8:20])-[#8:25]-[H],"EVODEX.1-P636,EVODEX.1-P336,EVODEX.1-P333,EVODEX.1-P638,EVODEX.1-P384"
EVODEX.1-E308,105531970920010546735936529044609098981224680124357432929020890806794216304835,[#6:1]-[#6:2](=[#8:3])-[#6:4](=[#8:5])-[#8:6]-[H].[#6:12]-[#6:13](=[#6:14](-[#6:15]=[#8:17])-[H:25])-[H:26]>>[#6:4](=[#8:5])=[#8:6].[#6:1]-[#6:2](=[#8:3])-[#6@:13](-[#6:12])(-[#6:14](-[#6:15]=[#8:17])(-[H:25])-[H])-[H:26],"EVODEX.1-P1381,EVODEX.1-P1374,EVODEX.1-P1382,EVODEX.1-P1378,EVODEX.1-P1379"
EVODEX.1-E309,45174719382390275854829444354906231471779174091142424133477867318580918194863,[#15:16]-[#8:19]-[#6@@:20](-[H:67])(-[#8:21])-[#6@:29].[#8:47]-[#6@:48](-[H:93])(-[#8:49])-[#6@@:57](-[#6@@:55])(-[#8:58]-[H])-[H:103]>>[#8:58](-[#6@:20](-[H:67])(-[#8:21])-[#6@:29])-[#6@@:57](-[H:103])(-[#6@@:48](-[#8:47])(-[H:93])-[#8:49])-[#6@@:55].[#15:16]-[#8:19]-[H],"EVODEX.1-P2362,EVODEX.1-P2360,EVODEX.1-P2358,EVODEX.1-P2272,EVODEX.1-P2426"
EVODEX.1-E310,19126406480002485648834528176104522468136039675929394810154488338911208636099,[#8:9]-[#6@:10](-[#8:11]-[#6@:12])(-[H:72])-[#6@@:21].[#8:29]-[#6@:30](-[H:83])(-[#6@:31])-[#6@@:55](-[#6:54])(-[#8:56]-[H])-[H:107]>>[#8:11](-[#6@:12])-[H].[#8:9]-[#6@:10](-[#8:56]-[#6@@:55](-[H:107])(-[#6@@:30](-[#8:29])(-[H:83])-[#6@:31])-[#6:54])(-[H:72])-[#6@@:21],"EVODEX.1-P4530,EVODEX.1-P4467,EVODEX.1-P2285,EVODEX.1-P4531,EVODEX.1-P4479"
EVODEX.1-E311,17888818475103049396755201524018307404786755681942607596874313991169581478562,[#8:10]-[#15:11](=[#8:12])(-[#8:13])-[#8:14]-[#15:15].[#6:31]-[#6@:33](-[#8:34]-[H])(-[#6:35])-[#8:47]>>[#8:10]-[#15:11](=[#8:12])(-[#8:13])-[#8:34]-[#6@@:33](-[#6:31])(-[#6:35])-[#8:47].[#8:14](-[#15:15])-[H],"EVODEX.1-P3654,EVODEX.1-P3649,EVODEX.1-P3653,EVODEX.1-P3664,EVODEX.1-P3650"
EVODEX.1-E312,56814665148299230316765136567952792195697083297530852827623970961579292756256,[#8:37]-[#15:38](=[#8:39])(-[#8:40]-[H:55])-[#8:41].[#6:2]-[#6:3](=[#8:4])-[#7:5](-[#6@:6])-[H:78].[#15:47]-[#8:48]-[H]>>[#8:37]-[#15:38](=[#8:39])(-[#8:41])-[#8:48]-[#15:47].[#6:2]-[#6:3](=[#8:4])-[#8:40]-[H:55].[#7:5](-[#6@:6])(-[H:78])-[H],"EVODEX.1-P7024,EVODEX.1-P6982,EVODEX.1-P7501,EVODEX.1-P7008,EVODEX.1-P7030"
EVODEX.1-E313,98988663110402514535828296346617672805805305173997722595272057963877423643225,[#6:47]-[#16:48]-[#6:49](=[#8:50])-[#6@:51].[#8:80]-[#15:81](=[#8:82])(-[#8:83]-[H:143])-[#8:84].[#15:90]-[#8:91]-[H]>>[#6:49](=[#8:50])(-[#6@:51])-[#8:83]-[H:143].[#6:47]-[#16:48]-[H].[#8:80]-[#15:81](=[#8:82])(-[#8:84])-[#8:91]-[#15:90],"EVODEX.1-P6725,EVODEX.1-P6876,EVODEX.1-P6759,EVODEX.1-P6650,EVODEX.1-P6742"
EVODEX.1-E314,75866002471221348252210646508897451671375259694585178008004330344742255765399,[#8:1]=[#6:2]1-[#6:3]=[#6:4]-[#6:5](=[#8:6])-[#6:7]=[#6:8]-1.[#8:14](-[#6@:13](-[#6@:11])(-[#6@:15])-[H])-[H]>>[#6:13](-[#6@:11])(=[#8:14])-[#6@:15].[#8:1](-[#6:2]1:[#6:3]:[#6:4]:[#6:5](-[#8:6]-[H]):[#6:7]:[#6:8]:1)-[H],"EVODEX.1-P183,EVODEX.1-P180,EVODEX.1-P158,EVODEX.1-P156,EVODEX.1-P181"
EVODEX.1-E315,59583498064006301847635514657789338383833757999597274363186148465784801034010,[#6:20]-[#6@@:21](-[#8:22])(-[H:36])-[#6@:23]-[#6:24]-[#8:25]-[H].[#8:1]=[#15:2](-[#8:3])(-[#8:4])-[#8:5]-[#15:6]>>[#8:1]=[#15:2](-[#8:3])(-[#8:4])-[#8:25]-[#6:24]-[#6@:23]-[#6@:21](-[#8:22])(-[H:36])-[#6:20].[#8:5](-[#15:6])-[H],"EVODEX.1-P3330,EVODEX.1-P3275,EVODEX.1-P3259,EVODEX.1-P3339,EVODEX.1-P3252"
EVODEX.1-E316,36127664801887169379867602778307111324401335285581045125079368619928628984568,[#6:38]-[#6@:39](-[#7:40]-[#6:41]-[#6@@:43](-[#7:44](-[H:70])-[H])(-[#6:45])-[H:79])(-[#6:52])-[H:92].[#6:31](-[#6@:8])(=[#8:32])-[#8:33]-[H:121]>>[#6:31](-[#6@:8])(=[#8:32])-[#7:44](-[#6@:43](-[#6:41]-[#7:40]-[#6@@:39](-[#6:38])(-[#6:52])-[H:92])(-[#6:45])-[H:79])-[H:70].[#8:33](-[H:121])-[H],"EVODEX.1-P5113,EVODEX.1-P5104,EVODEX.1-P5112,EVODEX.1-P5110,EVODEX.1-P5107"
EVODEX.1-E317,82397074062056732661952120786990366374810306950475701668456597729994886243573,[#8:1]=[#6:2]1-[#6:3]=[#6:4]-[#6:5](=[#8:6])-[#6:7]=[#6:8]-1.[#8:17]-[#6@:18](-[#8:19]-[H])(-[H])-[#6@@:20]>>[#8:1](-[#6:2]1:[#6:3]:[#6:4]:[#6:5](-[#8:6]-[H]):[#6:7]:[#6:8]:1)-[H].[#8:17]-[#6:18](=[#8:19])-[#6@@:20],"EVODEX.1-P171,EVODEX.1-P170,EVODEX.1-P128,EVODEX.1-P149,EVODEX.1-P175"
EVODEX.1-E318,68614121846219086284909926416133088101276152798827923224842123394421460643502,[#6:3]-[#6:4](-[#6:5](=[#8:6])-[#16:7]-[#6:8])(-[H:100])-[H].[#6:59]-[#6:60](=[#8:61])-[#6:62]=[#8:63].[#8:55](-[H:113])-[H]>>[#6:3]-[#6:4](-[#6:5](=[#8:6])-[#8:55]-[H:113])(-[#6:60](-[#6:59])(-[#8:61]-[H])-[#6:62]=[#8:63])-[H:100].[#16:7](-[#6:8])-[H],"EVODEX.1-P2178,EVODEX.1-P2216,EVODEX.1-P2206,EVODEX.1-P2207,EVODEX.1-P2205"
EVODEX.1-E319,54273122483090557366427074324674870175831599633968973671080562850163512303844,[#15:2]-[#8:5]-[#6@:6](-[H:31])(-[#8:7])-[#6@:15].[#6:19]-[#6@:27](-[#6@@:25](-[#6@@:23]-[#8:24]-[H])(-[#8:26])-[H:48])(-[#8:28])-[H:50]>>[#8:24](-[#6@:6](-[H:31])(-[#8:7])-[#6@:15])-[#6@@:23]-[#6@:25](-[#6@@:27](-[#6:19])(-[#8:28])-[H:50])(-[#8:26])-[H:48].[#15:2]-[#8:5]-[H],"EVODEX.1-P2435,EVODEX.1-P2368,EVODEX.1-P2270,EVODEX.1-P2436,EVODEX.1-P2423"
EVODEX.1-E320,46303599725460962031591601430362416909267679670535322422627942238296278270522,[#8:12]-[#15:13](=[#8:14])(-[#8:15])-[#8:16]-[#15:17](=[#8:18])(-[#8:19])-[#8:20]-[#15:21].[#8:1](-[H:38])-[H].[#8:2](-[H:40])-[H]>>[#8:1](-[#15:13](-[#8:12])(=[#8:14])-[#8:15])-[H:38].[#8:20](-[#15:21])-[H].[#8:2](-[#15:17](-[#8:16]-[H])(=[#8:18])-[#8:19])-[H:40],"EVODEX.1-P6008,EVODEX.1-P6005,EVODEX.1-P6016,EVODEX.1-P6003,EVODEX.1-P6007"
EVODEX.1-E321,90283147212597335672563849846585700772999072054882558964180938954086636939946,[#6:5]-[#6:6](-[#8:7]-[H])(-[H:33])-[H].[#8:14]=[#6:15]1-[#6:16]=[#6:17]-[#6:18](=[#7:19]-[#6:20])-[#6:29]=[#6:30]-1>>[#6:5]-[#6:6](=[#8:7])-[H:33].[#8:14](-[#6:15]1:[#6:16]:[#6:17]:[#6:18](-[#7:19](-[#6:20])-[H]):[#6:29]:[#6:30]:1)-[H],"EVODEX.1-P96,EVODEX.1-P97,EVODEX.1-P99,EVODEX.1-P189,EVODEX.1-P98"
EVODEX.1-E322,25599469225266295426679561879110100234856270857812434470448654358159706434339,[#6:7]-[#6:8](-[H:98])(-[H:99])-[H].[#15:79]-[#8:82]-[#15:83](=[#8:84])(-[#8:85])-[#8:86].[#8:91]=[#6:92](-[#8:93])-[#8:94]-[H:162]>>[#6:7]-[#6:8](-[#6:92](=[#8:91])-[#8:93])(-[H:98])-[H:99].[#15:79]-[#8:82]-[H].[#15:83](=[#8:84])(-[#8:85])(-[#8:86])-[#8:94]-[H:162],"EVODEX.1-P7555,EVODEX.1-P7550,EVODEX.1-P7551,EVODEX.1-P7548,EVODEX.1-P7546"
EVODEX.1-E323,67087620974774137429100346018228583730359757112511368566703547056453708637483,[#6:19]-[#6:20](-[#8:21]-[#15:22])(-[H:88])-[H:89].[#7:35](-[#6@@:34](-[#6@:32])(-[#6:54])-[H:152])-[#6:36]-[#6@:38](-[#6:39]-[#16:40]-[H])(-[#7:41])-[H:127]>>[#6:19]-[#6:20](-[#16:40]-[#6:39]-[#6@@:38](-[#6:36]-[#7:35]-[#6@@:34](-[#6@:32])(-[#6:54])-[H:152])(-[#7:41])-[H:127])(-[H:88])-[H:89].[#8:21](-[#15:22])-[H],"EVODEX.1-P2749,EVODEX.1-P2736,EVODEX.1-P2718,EVODEX.1-P2739,EVODEX.1-P2745"
EVODEX.1-E324,112631787274137399228858478273123444075241386513953323653899358563805450902473,[#8:26](-[#6@:25](-[#6@:23])(-[H])-[#6@@:27])-[H].[#8:1]=[#6:2]1-[#6:3]=[#6:4]-[#6:5](=[#7:6]-[#6:7])-[#6:16]=[#6:17]-1>>[#6:25](-[#6@:23])(=[#8:26])-[#6@@:27].[#8:1](-[#6:2]1:[#6:3]:[#6:4]:[#6:5](-[#7:6](-[#6:7])-[H]):[#6:16]:[#6:17]:1)-[H],"EVODEX.1-P167,EVODEX.1-P182,EVODEX.1-P115,EVODEX.1-P177,EVODEX.1-P169"
EVODEX.1-E325,18978015715467277254192315287880097628675099426067017185347242437368429071761,[#8:10](-[#6@:9])-[H].[H:90]-[#6@@:27]1(-[#6@@:26]-[#6@:61](-[#6:60]-[#6@@:35](-[#8:34]-1)(-[#8:36]-[#15:37])-[#6:57])(-[#8:62])-[H:108])-[#6@:28]>>[#8:10](-[#6@:9])-[#6@:35]1(-[#6:57])-[#8:34]-[#6@:27](-[#6@:28])(-[H:90])-[#6@@:26]-[#6@:61](-[#8:62])(-[H:108])-[#6:60]-1.[#8:36](-[#15:37])-[H],"EVODEX.1-P2521,EVODEX.1-P2527,EVODEX.1-P2516,EVODEX.1-P2525,EVODEX.1-P2528"
EVODEX.1-E326,105549992939364451971732007784783949618339645136249570940414381236044168940205,[#8:18](-[#6@:17])-[#6@@:19]1(-[H:62])-[#6@@:20](-[#8:21])(-[H:64])-[#6@:22](-[#8:23])(-[H:66])-[#6@@:24](-[#8:25])(-[H:71])-[#8:35]-[#6@@:36]-1(-[#6:37]=[#8:38])-[H]>>[#6:19]1(-[H:62])=[#6:36](-[#6:37]=[#8:38])-[#8:35]-[#6@:24](-[#8:25])(-[H:71])-[#6@@:22](-[#8:23])(-[H:66])-[#6@:20]-1(-[#8:21])-[H:64].[#8:18](-[#6@:17])-[H],"EVODEX.1-P6483,EVODEX.1-P6482,EVODEX.1-P6485,EVODEX.1-P6484,EVODEX.1-P6486"
EVODEX.1-E327,45932675355492065540616298615537555860921610055193296152396095970303209272199,[#8:3]-[#6:4](-[#8:5]-[H])(-[H])-[#6@@:6].[#8:12]=[#6:13]1-[#6:14]=[#6:15]-[#6:16](=[#7:17]-[#6:18])-[#6:27]=[#6:28]-1>>[#8:3]-[#6:4](=[#8:5])-[#6@@:6].[#8:12](-[#6:13]1:[#6:14]:[#6:15]:[#6:16](-[#7:17](-[#6:18])-[H]):[#6:27]:[#6:28]:1)-[H],"EVODEX.1-P151,EVODEX.1-P172,EVODEX.1-P173,EVODEX.1-P152,EVODEX.1-P148"
EVODEX.1-E328,39826849812029317321146879582528283376288200711037643026687393682912858438098,[#6:3]1=[#6:4]-[#6:6](=[#8:7])-[#6:8]=[#6:10]-[#6:26]-1=[#8:27].[#8:28]=[#6:29]-[#6:31](-[#6:32](-[#6:33]=[#8:34])(-[H:71])-[H])(-[H:73])-[H]>>[#6:3]1:[#6:4]:[#6:6](-[#8:7]-[H]):[#6:8]:[#6:10]:[#6:26]:1-[#8:27]-[H].[#8:28]=[#6:29]-[#6:31](=[#6:32](-[#6:33]=[#8:34])-[H:71])-[H:73],"EVODEX.1-P866,EVODEX.1-P863,EVODEX.1-P861,EVODEX.1-P864,EVODEX.1-P869"
EVODEX.1-E329,86411446105189021265119520286551209137925966038413209516054926303785111238978,[#6:2]1:[#6:3]:[#6:5](-[#8:6]-[H]):[#6:7]:[#6:9]:[#6:11]:1-[#8:12]-[H].[#8:13]=[#6:14]-[#6:16](=[#6:17](-[#6:18]=[#8:19])-[H:37])-[H:38]>>[#6:2]1=[#6:3]-[#6:5](=[#8:6])-[#6:7]=[#6:9]-[#6:11]-1=[#8:12].[#8:13]=[#6:14]-[#6:16](-[#6:17](-[#6:18]=[#8:19])(-[H:37])-[H])(-[H:38])-[H],"EVODEX.1-P870,EVODEX.1-P862,EVODEX.1-P865,EVODEX.1-P868,EVODEX.1-P867"
EVODEX.1-E330,24854696320577549072052775086104456675171250445607040911488917886169464314442,[#6:6]-[#8:7]-[H].[#8:49]1-[#6@@:48]-[#6@:67](-[#6@@:65](-[#6@:50]-1(-[#6:51])-[#8:53]-[#6@@:54](-[H:115])(-[#8:55])-[#6@:63])(-[#8:66])-[H:127])(-[#8:68])-[H:129]>>[#6:6]-[#8:7]-[#6@@:50]1(-[#6:51])-[#8:49]-[#6@@:48]-[#6@:67](-[#8:68])(-[H:129])-[#6@@:65]-1(-[#8:66])-[H:127].[#8:53](-[#6:54](-[H:115])(-[#8:55])-[#6@:63])-[H],"EVODEX.1-P2296,EVODEX.1-P2238,EVODEX.1-P2293,EVODEX.1-P2237,EVODEX.1-P2499"
EVODEX.1-E331,115414102833153586421792686688389612262040915737508120735190602727967809775344,[#6:19]-[#6:20](-[#8:21]-[#15:22])(-[H:90])-[H:91].[#6:32]-[#6@:34](-[#7:35]-[#6:36]-[#6@@:38](-[#7:39]-[#6:40]-[#6@:42](-[#6:43]-[#16:44]-[H])(-[#7:45])-[H:138])(-[#6:62])-[H:147])(-[#6:65])-[H:159]>>[#6:19]-[#6:20](-[#16:44]-[#6:43]-[#6@@:42](-[#6:40]-[#7:39]-[#6@:38](-[#6:36]-[#7:35]-[#6@@:34](-[#6:32])(-[#6:65])-[H:159])(-[#6:62])-[H:147])(-[#7:45])-[H:138])(-[H:90])-[H:91].[#8:21](-[#15:22])-[H],"EVODEX.1-P2678,EVODEX.1-P2662,EVODEX.1-P2751,EVODEX.1-P2667,EVODEX.1-P2757"
EVODEX.1-E332,111997387232136001943480998414233993593142049410043656591675074011334552484832,[#6:1](-[#6:2]1(-[#6:3])-[#16:4]-[#6:5]-[#7:18]-[#6:19]-1(-[#6:20]=[#8:21])-[H])(-[H:48])(-[H:49])-[H].[#6:27]-[#6:28](=[#8:29])-[#6:30](=[#8:31])-[#8:32]-[H].[#8:33]=[#8:34]>>[#6:30](=[#8:31])=[#8:32].[#6:1]1(-[H:48])(-[H:49])-[#6:2](-[#6:3])=[#6:19](-[#6:20]=[#8:21])-[#7:18]-[#6:5]-[#16:4]-1.[#6:27]-[#6:28](=[#8:29])-[#8:33]-[H].[#8:34](-[H])-[H],"EVODEX.1-P620,EVODEX.1-P635,EVODEX.1-P631,EVODEX.1-P626,EVODEX.1-P613"
EVODEX.1-E333,72186260292935603662392390876181869859328823851673647455407063474416610114497,[#15:27]-[#8:30]-[#15:31](=[#8:32])(-[#8:33])-[#8:34].[#8:73](-[#6@@:74]1(-[H:166])-[#6@@:75](-[#8:76])(-[H:168])-[#6@:77](-[#8:78])(-[H:170])-[#6@@:79](-[#8:80])(-[H:172])-[#6@:81](-[#8:82])(-[H:174])-[#6@:83]-1(-[#8:84])-[H:176])-[H]>>[#15:27]-[#8:30]-[H].[#15:31](=[#8:32])(-[#8:33])(-[#8:34])-[#8:73]-[#6@:74]1(-[H:166])-[#6@:75](-[#8:76])(-[H:168])-[#6@@:77](-[#8:78])(-[H:170])-[#6@:79](-[#8:80])(-[H:172])-[#6@@:81](-[#8:82])(-[H:174])-[#6@@:83]-1(-[#8:84])-[H:176],"EVODEX.1-P3268,EVODEX.1-P3699,EVODEX.1-P3422,EVODEX.1-P3301,EVODEX.1-P3423"
EVODEX.1-E334,93653298130765641677256380230856151127964292054433173518204050563398300571858,[#6](-[#6](-[#6](-[#6](-[#6](-[#6](-[#6](-[#6](=[#8])-[#8:10]-[#6:11])(-[H])-[H])(-[H])-[H])(-[H])-[H])(-[H])-[H])(-[H])-[H])(-[H])-[H])(-[H])(-[H])-[H]>>[#8:10](-[#6:11])-[H],"EVODEX.1-P4067,EVODEX.1-P1493,EVODEX.1-P3991,EVODEX.1-P3989,EVODEX.1-P4042"
EVODEX.1-E335,14937187245149880428443958328978293242590662178292625394967670099781142463405,[#6](-[#6](-[#6](-[#6](-[#6](-[#6](-[#6](-[#6](=[#8])-[#7:10](-[#6:11])-[H:25])(-[H])-[H])(-[H])-[H])(-[H])-[H])(-[H])-[H])(-[H])-[H])(-[H])-[H])(-[H])(-[H])-[H]>>[#7:10](-[#6:11])(-[H:25])-[H],"EVODEX.1-P5841,EVODEX.1-P5542,EVODEX.1-P5658,EVODEX.1-P5566,EVODEX.1-P5711"
EVODEX.1-E336,20629116990479151143716736264338657479371941251061972355773467387464776192524,([#8:24]-[#15:25](=[#8:26])(-[#8:27])-[#8:28]-[#15:29].[#8:34]-[#6@@:33](-[#6@@:18])(-[H:49])-[#6@:35](-[#6@:16])(-[#8:36])-[H:51])>>([#8](-[#15:25](-[#8:24])(=[#8:26])-[#8:27])-[H].[#8:36]-[#6@:35](-[#6@:16])(-[H:51])-[#6@@:33](-[#6@@:18])(-[#8:34])-[H:49]).[#8:28](-[#15:29])-[H],"EVODEX.1-P4237,EVODEX.1-P6021,EVODEX.1-P4196,EVODEX.1-P4192,EVODEX.1-P6015"
EVODEX.1-E337,19183628215600955497009004474904922783713185771481922350468201923748326965079,[#8:17]-[#15:18](=[#8:19])(-[#8:20])-[#8:21]-[#15:22]>>[#8:17]-[#15:18](=[#8:19])(-[#8:20])-[#8]-[H].[#8:21](-[#15:22])-[H],"EVODEX.1-P5969,EVODEX.1-P6019,EVODEX.1-P4188,EVODEX.1-P5972,EVODEX.1-P6000"
EVODEX.1-E338,28996723549649170158619898761176882265721329979409181357946569050996457675012,([#8:10]-[#6@:9]1(-[#6@@:8]-[#6@:24](-[#8:23]-[#6@:13](-[#6@@:11]-1(-[#8:12])-[H:40])(-[#8:14]-[#6:15])-[H:50])(-[#6:25])-[H:54])-[H:38].[#8:28]-[#6@:27](-[#6@:6])(-[H:57])-[#6@:29](-[#8:30])(-[H:59])-[#6@@:31](-[#6@@:4])(-[#8:32])-[H:61])>>[#8:14](-[#6:15])-[H].([#8](-[#6@@:13]1(-[H:50])-[#6@@:11](-[#8:12])(-[H:40])-[#6@:9](-[#8:10])(-[H:38])-[#6@@:8]-[#6@:24](-[#6:25])(-[H:54])-[#8:23]-1)-[H].[#8:32]-[#6@@:31](-[#6@@:4])(-[H:61])-[#6@@:29](-[#8:30])(-[H:59])-[#6@:27](-[#6@:6])(-[#8:28])-[H:57]),"EVODEX.1-P4510,EVODEX.1-P4413,EVODEX.1-P4372,EVODEX.1-P4374,EVODEX.1-P4301"
EVODEX.1-E339,92975003424184413023487358183728490316998839561783728334757428391837161557584,[#6:1](-[#8:2]-[#6:3])(-[H:36])(-[H:37])-[H:38]>>[#6:1](-[#8]-[H])(-[H:36])(-[H:37])-[H:38].[#8:2](-[#6:3])-[H],"EVODEX.1-P3922,EVODEX.1-P3930,EVODEX.1-P5645,EVODEX.1-P645,EVODEX.1-P5139"
EVODEX.1-E340,115358045372476904174760264892075239598559881695896785105759756860863421743580,[#6:5](-[#6@:4])#[#7:6]>>[#6:5](-[#6@:4])(-[#7:6](-[H])-[H])=[#8],"EVODEX.1-P6478,EVODEX.1-P6476,EVODEX.1-P6473,EVODEX.1-P6462,EVODEX.1-P6463"
EVODEX.1-E341,21329594524562713984147065761672313555592217528203281448108239519146884449949,[#6:13]-[#6:14](-[#17:15])(-[H:17])-[H:18]>>[#6:13]-[#6:14](-[#8]-[H])(-[H:17])-[H:18].[#17:15]-[H],"EVODEX.1-P6116,EVODEX.1-P6099,EVODEX.1-P6126,EVODEX.1-P6118,EVODEX.1-P6105"
EVODEX.1-E342,101583775837875046220953270941958219282065082406233979411729148154133181031846,[#7:5]-[#6:6](=[#7:7]-[H:15])-[H:16]>>[#7:5]-[#6:6](=[#8])-[H:16].[#7:7](-[H:15])(-[H])-[H],"EVODEX.1-P5878,EVODEX.1-P5864,EVODEX.1-P5870,EVODEX.1-P5872,EVODEX.1-P5868"
EVODEX.1-E343,80721483703097410956767529444472631986038381184920811505238182809717394570389,[#6:9](-[#6@@:8])(-[#8:10]-[#15:11])(-[H:62])-[H:63]>>[#6:9](-[#6@@:8])(-[#8]-[H])(-[H:62])-[H:63].[#8:10](-[#15:11])-[H],"EVODEX.1-P4174,EVODEX.1-P4294,EVODEX.1-P4211,EVODEX.1-P4296,EVODEX.1-P4234"
EVODEX.1-E344,73128767462434426843029015860315686841693219342026889858699680113062791681432,[#6:2]-[#6:3](-[#8:4]-[#6:5])(-[H:20])-[H:21]>>[#6:2]-[#6:3](-[#8]-[H])(-[H:20])-[H:21].[#8:4](-[#6:5])-[H],"EVODEX.1-P4369,EVODEX.1-P4155,EVODEX.1-P3913,EVODEX.1-P3870,EVODEX.1-P3934"
EVODEX.1-E345,88677076245645456360815760449015256543985681350672170417352994789210848889473,[#6:6]-[#6:7](-[#7:8](-[H:11])-[H:12])=[#8:9]>>[#6:6]-[#6:7](=[#8:9])-[#8]-[H].[#7:8](-[H:11])(-[H:12])-[H],"EVODEX.1-P5685,EVODEX.1-P5644,EVODEX.1-P4652,EVODEX.1-P5212,EVODEX.1-P4059"
EVODEX.1-E346,16526700383958735967006564078542762589655398912934870025203384598504720856650,[#7:1]#[#6:2]-[#6:3].[#8:8](-[H])-[H]>>[#6:2](-[#6:3])(=[#8:8])-[#8]-[H].[#7:1](-[H])(-[H])-[H],"EVODEX.1-P5902,EVODEX.1-P5934,EVODEX.1-P5897,EVODEX.1-P5913,EVODEX.1-P5920"
EVODEX.1-E347,26303382144454411832411196485377822573115443459992478955926781137775093901496,[#6:4]-[#7:5](-[#6:6](=[#8:7])-[H:9])-[H:10]>>[#6:4]-[#7:5](-[H:10])-[H].[#6:6](=[#8:7])(-[#8]-[H])-[H:9],"EVODEX.1-P5822,EVODEX.1-P5621,EVODEX.1-P5799,EVODEX.1-P5797,EVODEX.1-P5802"
EVODEX.1-E348,517956236059779895160731075647025867875002335303180136118752797657386641177,[#8:9]1-[#6@@:8]-[#6@@:10]-1(-[#6:11])-[H:40]>>[#8:9](-[#6@@:8]-[#6@:10](-[#6:11])(-[#8]-[H])-[H:40])-[H],"EVODEX.1-P4558,EVODEX.1-P4552,EVODEX.1-P4551,EVODEX.1-P4567,EVODEX.1-P4562"
EVODEX.1-E349,51810518774722079003874525142357463219800883094342256321668373574906271539172,[#6:25](-[#6@@:24])(-[#8:26]-[#16:27])(-[H:43])-[H:44]>>[#6:25](-[#6@@:24])(-[#8]-[H])(-[H:43])-[H:44].[#8:26](-[#16:27])-[H],"EVODEX.1-P4258,EVODEX.1-P4277,EVODEX.1-P4267,EVODEX.1-P4290,EVODEX.1-P4265"
EVODEX.1-E350,111648159537401750316776671473280448123079159116438874151732326326529927694938,[#6:19]-[#6:20](-[H:28])(-[H:29])-[#8:21]-[#6:22]>>([#6:19]-[#6:20](-[#8]-[H])(-[H:28])-[H:29].[#6:22]-[#8:21]-[H]),"EVODEX.1-P3982,EVODEX.1-P4147,EVODEX.1-P3978,EVODEX.1-P4142,EVODEX.1-P4149"
EVODEX.1-E351,14088835031397313502968349186090706906487577031330012482300986757914417914279,[#6:3]-[#16:4]-[#6:5](-[#6@:6])(-[H:16])-[H:17]>>[#6:5](-[#6@:6])(-[#8]-[H])(-[H:16])-[H:17].[#6:3]-[#16:4]-[H],"EVODEX.1-P4550,EVODEX.1-P4089,EVODEX.1-P3861,EVODEX.1-P4974,EVODEX.1-P4300"
EVODEX.1-E352,26603672650617835511947751261616303819543272137615166199927670009426959182910,[#6:1]-[#6:2](-[#6:3])(-[#17:4])-[H:9]>>[#6:1]-[#6:2](-[#6:3])(-[#8]-[H])-[H:9].[#17:4]-[H],"EVODEX.1-P6104,EVODEX.1-P6090,EVODEX.1-P6095,EVODEX.1-P6115,EVODEX.1-P6120"
EVODEX.1-E353,60078718591658993092498170562795649089877969816712606623602171693641824210645,[#6:6]-[#6:7](=[#6:8](-[#6:9])-[H:35])-[H:36]>>[#6:6]-[#6:7](-[#6@:8](-[#6:9])(-[#8]-[H])-[H:35])(-[H:36])-[H],"EVODEX.1-P6450,EVODEX.1-P6440,EVODEX.1-P6452,EVODEX.1-P6397,EVODEX.1-P6447"
EVODEX.1-E354,36325124571892608504346882203174156021372914672848163471255443674306770561380,[#6:1]=[#6:2](-[#8:3]-[#6:4])-[H:27]>>[#6:1]=[#6:2](-[#8]-[H])-[H:27].[#8:3](-[#6:4])-[H],"EVODEX.1-P4096,EVODEX.1-P3916,EVODEX.1-P4104,EVODEX.1-P3926,EVODEX.1-P3899"
EVODEX.1-E355,115422215184956993917058243354520774065705627827682291369756260155270153671621,[#6:5]-[#7:6](-[#6:7](-[#6:8])(-[H:24])-[H:25])-[H:26]>>[#8](-[#6:7](-[#6:8])(-[H:24])-[H:25])-[H].[#6:5]-[#7:6](-[H:26])-[H],"EVODEX.1-P5724,EVODEX.1-P5722,EVODEX.1-P5725,EVODEX.1-P5721,EVODEX.1-P5719"
EVODEX.1-E356,74053536504630857840619350985751527669310726966705544957023289596120796353269,[#6:2]-[#6:3](=[#8:4])-[#7:5](-[#6@:6])-[H:78]>>[#6:2]-[#6:3](=[#8:4])-[#8]-[H].[#7:5](-[#6@:6])(-[H:78])-[H],"EVODEX.1-P4664,EVODEX.1-P5011,EVODEX.1-P5088,EVODEX.1-P5513,EVODEX.1-P4731"
EVODEX.1-E357,58926703447563570620061036046056933448649626417393200590084045640133301358704,[#6:1]-[#6:2](=[#8:3])-[#8:4]-[#6:5]>>[#6:1]-[#6:2](=[#8:3])-[#8]-[H].[#8:4](-[#6:5])-[H],"EVODEX.1-P3992,EVODEX.1-P3914,EVODEX.1-P4057,EVODEX.1-P4004,EVODEX.1-P4883"
EVODEX.1-E358,98108507248955118158392770131140308880295329377270328985347600695925210639611,[#8:7](-[#6@@:6](-[#6@:5])(-[H:32])-[#6@@:13])-[#6@:8]>>[#8](-[#6@@:6](-[#6@:5])(-[H:32])-[#6@@:13])-[H].[#8:7](-[#6@:8])-[H],"EVODEX.1-P4332,EVODEX.1-P4305,EVODEX.1-P4453,EVODEX.1-P4092,EVODEX.1-P3990"
EVODEX.1-E359,10164794348574337998112036282047834508670826970096854632214869402742929274649,[#6:6](-[#6@@:5])(-[#8:7]-[#6@:8])(-[H:81])-[#8:42]>>[#6:6](-[#6@@:5])(-[#8]-[H])(-[H:81])-[#8:42].[#8:7](-[#6@:8])-[H],"EVODEX.1-P4537,EVODEX.1-P4428,EVODEX.1-P4401,EVODEX.1-P4382,EVODEX.1-P4256"
EVODEX.1-E360,61147624930347251324696592311458565930883959483717256024420708011305260394706,[#6:47]-[#16:48]-[#6:49](=[#8:50])-[#6@:51]>>[#6:49](=[#8:50])(-[#6@:51])-[#8]-[H].[#6:47]-[#16:48]-[H],"EVODEX.1-P4157,EVODEX.1-P6844,EVODEX.1-P4161,EVODEX.1-P3887,EVODEX.1-P5065"
EVODEX.1-E361,30517210787864042928436966378073576212885348561576793198965821653114988572629,[#6:6]-[#6@@:7](-[#8:8]-[#15:9])(-[H:45])-[#6@:23]>>[#6:6]-[#6@@:7](-[#8]-[H])(-[H:45])-[#6@:23].[#8:8](-[#15:9])-[H],"EVODEX.1-P4222,EVODEX.1-P4184,EVODEX.1-P4217,EVODEX.1-P4172,EVODEX.1-P4202"
EVODEX.1-E362,13004631202751664418791186656031710265765729502688307082780461889274351809893,[#6:2]-[#6:4](-[#7:5](-[H:10])-[H:11])(-[H:12])-[H].[#8:7]=[#8:8]>>[#6:2]-[#6:4](=[#8])-[H:12].[#7:5](-[H:10])(-[H:11])-[H].[#8:7](-[#8:8]-[H])-[H],"EVODEX.1-P1066,EVODEX.1-P1027,EVODEX.1-P1057,EVODEX.1-P1104,EVODEX.1-P1004"
EVODEX.1-E363,90456535659239061437208049957826346133042877687985774570702947790527939565969,[#7:1](=[#6:2](-[#7:3])-[#7:12](-[#6@@:13])-[H:83])-[H:84]>>[#7:12](-[#6@@:13])(-[H:83])-[H].[#7:1](-[#6:2](-[#7:3])=[#8])(-[H:84])-[H],"EVODEX.1-P5061,EVODEX.1-P6127,EVODEX.1-P6128,EVODEX.1-P5885,EVODEX.1-P5881"
EVODEX.1-E364,78221270981934683963104023855502335254709394536706602008279834137400678831137,[#6:5]-[#6:6](=[#8:7])-[H].[#8:15]=[#8:16]>>[#6:5]-[#6:6](=[#8:7])-[#8]-[H].[#8:15](-[#8:16]-[H])-[H],"EVODEX.1-P771,EVODEX.1-P789,EVODEX.1-P765,EVODEX.1-P768,EVODEX.1-P664"
EVODEX.1-E365,50551203961772880233724985751892995188875994641765049963287613964958930018458,[#8:43](-[#6@@:42](-[#6@@:40])(-[H:261])-[#6@:48])-[#16:44]>>[#8](-[#6@@:42](-[#6@@:40])(-[H:261])-[#6@:48])-[H].[#8:43](-[#16:44])-[H],"EVODEX.1-P4262,EVODEX.1-P4264,EVODEX.1-P4261,EVODEX.1-P4282,EVODEX.1-P4291"
EVODEX.1-E366,59636388122034409093640237216773357701818463620629866518057670352577487771548,[#7:1](-[#6:2](=[#8:3])-[#7:4](-[#6:5])-[H:16])(-[H:17])-[H:18]>>[#6:2](=[#8:3])=[#8].[#7:4](-[#6:5])(-[H:16])-[H].[#7:1](-[H:17])(-[H:18])-[H],"EVODEX.1-P5734,EVODEX.1-P5708,EVODEX.1-P5710,EVODEX.1-P5730,EVODEX.1-P5882"
EVODEX.1-E367,32589843035233643585208373496316991092639288217177567659166035460714546317554,[#6:3]-[#6:4](-[#6:5](=[#8:6])-[#6:7])(-[H:21])-[H:22]>>[#6:3]-[#6:4](-[H:21])(-[H:22])-[H].[#8](-[#6:5](=[#8:6])-[#6:7])-[H],"EVODEX.1-P6070,EVODEX.1-P6049,EVODEX.1-P6072,EVODEX.1-P6064,EVODEX.1-P6046"
EVODEX.1-E368,88446600223571500339130817749287419716605035636616106496323400455360786187706,[#8:34]=[#6:35](-[#6:36])-[#7:43](-[#6:39])-[H:68]>>([#8](-[#6:35](=[#8:34])-[#6:36])-[H].[#6:39]-[#7:43](-[H:68])-[H]),"EVODEX.1-P5849,EVODEX.1-P5853,EVODEX.1-P5846,EVODEX.1-P5851,EVODEX.1-P5860"
EVODEX.1-E369,909573566637115524008427192214408523086426505374834510331179115318571451350,[#7:6](-[#6@@:5])(-[#6:7](=[#8:8])-[#8:9])-[H:28]>>[#6:7](=[#8:8])(-[#8:9])-[#8]-[H].[#7:6](-[#6@@:5])(-[H:28])-[H],"EVODEX.1-P4902,EVODEX.1-P4920,EVODEX.1-P4921,EVODEX.1-P5786,EVODEX.1-P5604"
EVODEX.1-E370,87073366497773618780725035084181361012222180745419799915564179687561551421346,[#6:8]-[#16:17]-[#6@:18](-[H:37])(-[#8:19])-[#6@:27]>>[#6:8]-[#16:17]-[H].[#8](-[#6@:18](-[H:37])(-[#8:19])-[#6@:27])-[H],"EVODEX.1-P4354,EVODEX.1-P4366,EVODEX.1-P4360,EVODEX.1-P4355,EVODEX.1-P4358"
EVODEX.1-E371,56103679518303789560270440355806986776012572008761503418816321529341753111509,[#15:18]-[#8:21]-[#6:22](-[H:45])(-[#8:23])-[#6@@:31]>>[#8](-[#6@@:22](-[H:45])(-[#8:23])-[#6@@:31])-[H].[#15:18]-[#8:21]-[H],"EVODEX.1-P4429,EVODEX.1-P4199,EVODEX.1-P2243,EVODEX.1-P4471,EVODEX.1-P2312"
EVODEX.1-E372,56903713225825955742708498256009401864851403393622785689453707496627631561140,[#6:6]-[#6@:7](-[#6:8])(-[H:25])-[#8:9]-[#6:10]>>([#6:6]-[#6:7](-[#6:8])(-[#8]-[H])-[H:25].[#6:10]-[#8:9]-[H]),"EVODEX.1-P3977,EVODEX.1-P3944,EVODEX.1-P3980,EVODEX.1-P3974,EVODEX.1-P3979"
EVODEX.1-E373,110783486296421914123290888719971165022554739486699869473318379134104055828263,[#6:7]-[#6:8](=[#8:9])-[#7:10](-[#8:11])-[H:63]>>[#7:10](-[#8:11])(-[H:63])-[H].[#6:7]-[#6:8](=[#8:9])-[#8]-[H],"EVODEX.1-P5664,EVODEX.1-P5449,EVODEX.1-P5630,EVODEX.1-P5577,EVODEX.1-P5446"
EVODEX.1-E374,60658657534072466969482090424634592678300622446192596108671239337547953545551,[#6:81]-[#6:83](=[#8:84])-[#8:85]-[#6:86]>>([#6:81]-[#6:83](=[#8:84])-[#8]-[H].[#6:86]-[#8:85]-[H]),"EVODEX.1-P4037,EVODEX.1-P3866,EVODEX.1-P4036,EVODEX.1-P3971,EVODEX.1-P3976"
EVODEX.1-E375,13601815588499034472836948396702193036655141766714695586671000245018722869242,[#6:2]-[#6:3](=[#8:4])-[#7:5](-[#7:6])-[H:10]>>[#6:2]-[#6:3](=[#8:4])-[#8]-[H].[#7:5](-[#7:6])(-[H:10])-[H],"EVODEX.1-P5245,EVODEX.1-P4823,EVODEX.1-P5666,EVODEX.1-P2167,EVODEX.1-P5246"
EVODEX.1-E376,29849710864741092239885539807774274593753418515678914561828700513702301824484,[#6:1]-[#6:2](-[#6:3])=[#6:4](-[#6:5])-[H:42]>>[#6:1]-[#6:2](-[#6:3])(-[#6:4](-[#6:5])(-[H:42])-[H])-[#8]-[H],"EVODEX.1-P6417,EVODEX.1-P6481,EVODEX.1-P6479,EVODEX.1-P6422,EVODEX.1-P6420"
EVODEX.1-E377,43464547212065088200739749454860099766649466741507108502197664641416728065399,[#6:1](-[#7:2](-[#6:3])-[H:24])(-[H:25])(-[H:26])-[H].[#8:13]=[#8:14]>>[#6:1](=[#8])(-[H:25])-[H:26].[#7:2](-[#6:3])(-[H:24])-[H].[#8:13](-[#8:14]-[H])-[H],"EVODEX.1-P1158,EVODEX.1-P1161,EVODEX.1-P1184,EVODEX.1-P1152,EVODEX.1-P1169"
EVODEX.1-E378,106211854941200716856495949593128987856715031206740358691238057268864068689958,[#6:5]-[#6@@:6]1(-[H:21])-[#8:7]-[#6@:8]-1(-[#6:9])-[H:29]>>[#6:5]-[#6@:6](-[#6@@:8](-[#8:7]-[H])(-[#6:9])-[H:29])(-[#8]-[H])-[H:21],"EVODEX.1-P4568,EVODEX.1-P4565,EVODEX.1-P4566,EVODEX.1-P4556,EVODEX.1-P4572"
EVODEX.1-E379,71503585818168872929306194761144647102297901083471368865006319159018082862409,[#8:2]=[#6:3](-[#8:4]-[#15:5])-[#6:9]>>[#8](-[#6:3](=[#8:2])-[#6:9])-[H].[#8:4](-[#15:5])-[H],"EVODEX.1-P5987,EVODEX.1-P6023,EVODEX.1-P5986,EVODEX.1-P6025,EVODEX.1-P4186"
EVODEX.1-E380,2538561326534545936192762907807709501836056176171735921158167746903126325107,[#6:1]-[#6:2](=[#8:3])-[#7:4](-[#6:5])-[#6@@:13]>>[#6:1]-[#6:2](=[#8:3])-[#8]-[H].[#7:4](-[#6:5])(-[#6@@:13])-[H],"EVODEX.1-P4804,EVODEX.1-P5318,EVODEX.1-P4760,EVODEX.1-P5311,EVODEX.1-P5324"
EVODEX.1-E381,115503526646419809146640800619463456490482845256382529220437009387140043398410,[#8:7](-[#6@:6])-[#15:8](=[#8:9])(-[#8:10])-[#8:11]>>[#8:7](-[#6@:6])-[H].[#15:8](=[#8:9])(-[#8:10])(-[#8:11])-[#8]-[H],"EVODEX.1-P4209,EVODEX.1-P7537,EVODEX.1-P4248,EVODEX.1-P4247,EVODEX.1-P5978"
EVODEX.1-E382,103899961629502355196319160488090917823402787306857069163317458789261005595353,[#6:1]-[#6:2](-[#7:3](-[#6:4])-[H:28])(-[H:29])-[H].[#8:14]=[#8:15]>>[#6:1]-[#6:2](=[#8])-[H:29].[#7:3](-[#6:4])(-[H:28])-[H].[#8:14](-[#8:15]-[H])-[H],"EVODEX.1-P1087,EVODEX.1-P1162,EVODEX.1-P1165,EVODEX.1-P1164,EVODEX.1-P1084"
EVODEX.1-E383,9491996989771564387863180869995763247724995321990987043802335457465303775023,[#6:4]-[#6:5](-[#8:6]-[#6@:7](-[H:19])(-[#8:8])-[#6@:16])(-[H:30])-[H:31]>>[#6:4]-[#6:5](-[#8]-[H])(-[H:30])-[H:31].[#8:6](-[#6:7](-[H:19])(-[#8:8])-[#6@:16])-[H],"EVODEX.1-P4468,EVODEX.1-P4435,EVODEX.1-P4309,EVODEX.1-P4431,EVODEX.1-P4490"
EVODEX.1-E384,115681573414886679811680402391178970440454746514092255459670060894244837299948,[#6:4]-[#6:5](-[#7:6](-[#6:7](=[#8:8])-[H:36])-[H:37])(-[#6:9])-[H:57]>>[#6:4]-[#6@:5](-[#7:6](-[H:37])-[H])(-[#6:9])-[H:57].[#6:7](=[#8:8])(-[#8]-[H])-[H:36],"EVODEX.1-P5819,EVODEX.1-P5812,EVODEX.1-P5821,EVODEX.1-P5809,EVODEX.1-P5813"
EVODEX.1-E385,37003222505059725968359297921807727048597752804488440053359878904568093617536,[#7:1](-[#6:2](-[#6:3])(-[#6:9])-[H])(-[H:29])-[H:30].[#8:16]=[#8:17]>>[#6:2](-[#6:3])(-[#6:9])=[#8].[#7:1](-[H:29])(-[H:30])-[H].[#8:16](-[#8:17]-[H])-[H],"EVODEX.1-P954,EVODEX.1-P962,EVODEX.1-P949,EVODEX.1-P942,EVODEX.1-P1050"
EVODEX.1-E386,36587081548953839965529194465688375170590005949422072923123206518318083143022,[#6:1]-[#6:2](-[#8:3]-[#6:4])(-[#6:16])-[#6:19]>>[#6:1]-[#6@:2](-[#6:16])(-[#6:19])-[#8]-[H].[#8:3](-[#6:4])-[H],"EVODEX.1-P4440,EVODEX.1-P3903,EVODEX.1-P3850,EVODEX.1-P4442,EVODEX.1-P4327"
EVODEX.1-E387,17334817115142841439947009901065403143232416427419992159707640074891884342978,[#15:3]-[#8:5]-[#6:6](-[#6@:7](-[#8:8])(-[#6:9])-[H:28])(-[H:29])-[H:30]>>[#15:3]-[#8:5]-[H].[#8](-[#6:6](-[#6:7](-[#8:8])(-[#6:9])-[H:28])(-[H:29])-[H:30])-[H],"EVODEX.1-P4221,EVODEX.1-P4208,EVODEX.1-P4243,EVODEX.1-P4245,EVODEX.1-P4241"
EVODEX.1-E388,46710152132120409384123773609556980581993912515776004606040478139257360102728,[#8:13]-[#6@:14](-[#8:15]-[#6:16])(-[#6:22])-[#6:25]>>[#8:13]-[#6@:14](-[#6:22])(-[#8]-[H])-[#6:25].[#8:15](-[#6:16])-[H],"EVODEX.1-P4336,EVODEX.1-P4415,EVODEX.1-P4420,EVODEX.1-P4421,EVODEX.1-P4337"
EVODEX.1-E389,1590972634258482257516039670332764809087665388448826657162919782299850006932,[#6:17]-[#6:18](=[#8:19])-[#6:20](-[#8:21])(-[#6:22])-[H:30]>>[#6:20](-[#8:21])(-[#6:22])(-[H:30])-[H].[#6:17]-[#6:18](=[#8:19])-[#8]-[H],"EVODEX.1-P4035,EVODEX.1-P5743,EVODEX.1-P5700,EVODEX.1-P5598,EVODEX.1-P5746"
EVODEX.1-E390,90541122950836219746653777879146054338961955041856571123755038489602178920253,[#6:42]-[#7:44](-[#15:45](=[#8:46])(-[#8:47])-[#8:48])-[H:117]>>[#6:42]-[#7:44](-[H:117])-[H].[#15:45](=[#8:46])(-[#8:47])(-[#8:48])-[#8]-[H],"EVODEX.1-P6133,EVODEX.1-P4190,EVODEX.1-P6131,EVODEX.1-P6135,EVODEX.1-P6139"
EVODEX.1-E391,40725300146529893707067991731102279464807351388692791296558027048485180211001,[#6:2]-[#6:3](-[#8:4])(-[#6:5]#[#7:6])-[H:10].[#8:7](-[H])-[H]>>[#6:2]-[#6@:3](-[#8:4])(-[#6:5](=[#8:7])-[#8]-[H])-[H:10].[#7:6](-[H])(-[H])-[H],"EVODEX.1-P5894,EVODEX.1-P5938,EVODEX.1-P5893,EVODEX.1-P5948,EVODEX.1-P5942"
EVODEX.1-E392,86849690898463984838461633165968501582502092518620474552959851365630461131250,[#8:9](-[#6@@:8](-[#6@@:6])(-[#6@:25])-[H:48])-[#6@:10](-[H:31])(-[#8:11])-[#6@:23]>>[#8](-[#6@@:8](-[#6@@:6])(-[#6@:25])-[H:48])-[H].[#8:9](-[#6:10](-[H:31])(-[#8:11])-[#6@:23])-[H],"EVODEX.1-P4391,EVODEX.1-P4443,EVODEX.1-P4463,EVODEX.1-P4303,EVODEX.1-P4410"
EVODEX.1-E393,47031389871548418688516987764897435348910855707221175682074898727908745316024,[#6:1]-[#6:2](=[#8:3])-[#7:4](-[#6:5](-[#6:6])(-[#6:7])-[H:28])-[H:29]>>[#6:1]-[#6:2](=[#8:3])-[#8]-[H].[#7:4](-[#6@@:5](-[#6:6])(-[#6:7])-[H:28])(-[H:29])-[H],"EVODEX.1-P5378,EVODEX.1-P5396,EVODEX.1-P4602,EVODEX.1-P4941,EVODEX.1-P5348"
EVODEX.1-E394,44295669556650043353088248417127705691575933375262067155317238329493527510007,[#7:77]-[#6@@:78](-[#6:79])(-[#6:84](=[#8:85])-[#7:86](-[#6@@:87])-[H:413])-[H:414]>>[#7:77]-[#6:78](-[#6:79])(-[#6:84](=[#8:85])-[#8]-[H])-[H:414].[#7:86](-[#6@@:87])(-[H:413])-[H],"EVODEX.1-P4754,EVODEX.1-P5040,EVODEX.1-P4845,EVODEX.1-P5129,EVODEX.1-P5221"
EVODEX.1-E395,29644871457471316920318958918614260212849284749793698118137854810383172016778,[#8:2]=[#6:3]-[#6:5](=[#8:6])-[#6:7](=[#6:8](-[#6:9])-[H:33])-[H:34]>>[#8]=[#6:8](-[#6:9])-[H:33].[#8:2]=[#6:3]-[#6:5](=[#8:6])-[#6:7](-[H:34])(-[H])-[H],"EVODEX.1-P6343,EVODEX.1-P6309,EVODEX.1-P6312,EVODEX.1-P6327,EVODEX.1-P6340"
EVODEX.1-E396,57267012151984519298868026386861475494720313212275192403522324698930601055780,[#8:7]-[#6@:8](-[#8:9]-[#6@:10](-[H:30])(-[#8:11])-[#6@:19])(-[H:41])-[#6@@:21]>>[#8:7]-[#6@:8](-[#8]-[H])(-[H:41])-[#6@@:21].[#8:9](-[#6:10](-[H:30])(-[#8:11])-[#6@:19])-[H],"EVODEX.1-P4317,EVODEX.1-P4318,EVODEX.1-P4310,EVODEX.1-P4313,EVODEX.1-P4312"
EVODEX.1-E397,109856770053635760717344749671342511880990667645776306799306571903694548709525,[#6:1]-[#6:2](-[#8:3]-[#6:4](=[#8:5])-[#7:6](-[#6:7])-[H:19])(-[H:20])-[H:21]>>[#6:1]-[#6:2](-[#8]-[H])(-[H:20])-[H:21].[#7:6](-[#6:7])(-[H:19])-[H].[#8:3]=[#6:4]=[#8:5],"EVODEX.1-P5751,EVODEX.1-P5765,EVODEX.1-P5754,EVODEX.1-P5769,EVODEX.1-P5715"
EVODEX.1-E398,3386292204845156903695622897360646463498203236423666069002611633873626959892,[#6:15]-[#6:16](=[#8:17])-[#6:18](-[#8:19])(-[#6:20])-[#6:22]>>[#6:15]-[#6:16](=[#8:17])-[#8]-[H].[#6:18](-[#8:19])(-[#6:20])(-[#6:22])-[H],"EVODEX.1-P3960,EVODEX.1-P3995,EVODEX.1-P3969,EVODEX.1-P4069,EVODEX.1-P3961"
EVODEX.1-E399,17265325379357189834181799969589537979983138978483434523036138852586004349103,[#15:16]-[#8:19]-[#15:20](=[#8:21])(-[#8:22])-[#8:23]-[#15:24]-[#8:26]-[H]>>[#15:16]-[#8:19]-[H].[#15:20](=[#8:21])(-[#8:22])(-[#8:26]-[#15:24]-[#8:23]-[H])-[#8]-[H],"EVODEX.1-P5998,EVODEX.1-P5990,EVODEX.1-P6027,EVODEX.1-P5993,EVODEX.1-P5991"
EVODEX.1-E400,26570942512970355935622019061961749704655944006396724257733611497851261225696,[#6:11]-[#6:13](-[#6:14])(-[#7:21](-[#6:22](=[#8:23])-[#6:24](-[#6:25])(-[#7:32])-[H:74])-[H:75])-[H:76]>>[#6:22](=[#8:23])(-[#6@:24](-[#6:25])(-[#7:32])-[H:74])-[#8]-[H].[#6:11]-[#6@:13](-[#6:14])(-[#7:21](-[H:75])-[H])-[H:76],"EVODEX.1-P4751,EVODEX.1-P5427,EVODEX.1-P4908,EVODEX.1-P5063,EVODEX.1-P5201"
EVODEX.1-E401,106517030126733551626919973516080161851415515898884646296704842959415481878518,[#8:2]=[#6:3]-[#6:5]=[#6:7]-[#6:8]=[#6:9](-[#6:10](=[#8:11])-[#6:12])-[H:25]>>[#8:2]=[#6:3]-[#6:5]=[#6:7]-[#6:8]=[#6:9](-[H:25])-[H].[#8](-[#6:10](=[#8:11])-[#6:12])-[H],"EVODEX.1-P6083,EVODEX.1-P6082,EVODEX.1-P6052,EVODEX.1-P6081,EVODEX.1-P6034"
EVODEX.1-E402,10714726388261027771444007515051595802161126002604297004485985370545658214932,[#6:1](-[#6:2](=[#8:3])-[#16:4]-[#6:5])(-[H:98])(-[H:99])-[H].[#8:53]=[#6:54]-[#6:56](=[#8:57])-[#6:58]>>[#6:1](-[#6:2](=[#8:3])-[#8]-[H])(-[#6@:56](-[#6:54]=[#8:53])(-[#8:57]-[H])-[#6:58])(-[H:98])-[H:99].[#16:4](-[#6:5])-[H],"EVODEX.1-P2203,EVODEX.1-P2197,EVODEX.1-P2172,EVODEX.1-P2182,EVODEX.1-P2195"
EVODEX.1-E403,61050722093444524586741644128561761608985372896658909522051492861706540878435,[#6:3]-[#6:4](-[#6:5](=[#8:6])-[#16:7]-[#6:8])(-[H:100])-[H].[#6:59]-[#6:60](=[#8:61])-[#6:62]=[#8:63]>>[#6:3]-[#6:4](-[#6:5](=[#8:6])-[#8]-[H])(-[#6:60](-[#6:59])(-[#8:61]-[H])-[#6:62]=[#8:63])-[H:100].[#16:7](-[#6:8])-[H],"EVODEX.1-P2188,EVODEX.1-P2208,EVODEX.1-P2214,EVODEX.1-P2215,EVODEX.1-P2211"
EVODEX.1-E404,115381818264367942720709238464516553916625050736490199264436370310102234080182,[#6:1](-[#6:2])(-[H:92])(-[H:93])-[H]>>[#6:1](-[#6:2])(-[#8]-[H])(-[H:92])-[H:93],"EVODEX.1-P534,EVODEX.1-P535,EVODEX.1-P538,EVODEX.1-P375,EVODEX.1-P520"
EVODEX.1-E405,27842411553476543474847662979378817482282951375938738031080848689366645921187,[#6:4]-[#6:5](-[#6:6])(-[H:103])-[H]>>[#6:4]-[#6@:5](-[#6:6])(-[#8]-[H])-[H:103],"EVODEX.1-P266,EVODEX.1-P389,EVODEX.1-P531,EVODEX.1-P319,EVODEX.1-P536"
EVODEX.1-E406,64317071724587506873182351225496884598577263834697379356316965210718404713566,[#8:2]=[#6:3](-[#6:4])-[H]>>[#8](-[#6:3](=[#8:2])-[#6:4])-[H],"EVODEX.1-P683,EVODEX.1-P681,EVODEX.1-P698,EVODEX.1-P699,EVODEX.1-P703"
EVODEX.1-E407,16959465316000053223352195620328818447245161255562275350797040644103275672481,[#6:2]-[#6:4](-[#7:5](-[H:10])-[H:11])(-[H:12])-[H]>>[#6:2]-[#6:4](=[#8])-[H:12].[#7:5](-[H:10])(-[H:11])-[H],"EVODEX.1-P939,EVODEX.1-P1098,EVODEX.1-P1097,EVODEX.1-P1106,EVODEX.1-P932"
EVODEX.1-E408,27890092709947985974069160416447605162206886577863935957368809285108223144156,[#6:3]-[#16:4]-[#6:5]>>[#6:3]-[#16:4](-[#6:5])=[#8],"EVODEX.1-P485,EVODEX.1-P511,EVODEX.1-P495,EVODEX.1-P499,EVODEX.1-P456"
EVODEX.1-E409,26151309887045230415204985155041536413627904082170841611365792338186965793502,[#7:4]-[#6:5](-[#6:6])(-[H:35])-[H]>>[#7:4]-[#6:5](-[#6:6])(-[#8]-[H])-[H:35],"EVODEX.1-P339,EVODEX.1-P480,EVODEX.1-P586,EVODEX.1-P431,EVODEX.1-P577"
EVODEX.1-E410,86397390417088083336487466448226201876043019262495068633837586988286618485056,[#7:1]#[#6:2]-[#7:3]>>[#7:1](-[#6:2](-[#7:3])=[#8])(-[H])-[H],"EVODEX.1-P655,EVODEX.1-P658,EVODEX.1-P661,EVODEX.1-P654,EVODEX.1-P656"
EVODEX.1-E411,89588748947098126765192645704074765052551390602936331433809720230306562175482,[#6:50]-[#7:51](-[H])-[#6:52]>>[#6:50]-[#7:51](-[#8]-[H])-[#6:52],"EVODEX.1-P494,EVODEX.1-P486,EVODEX.1-P497,EVODEX.1-P489,EVODEX.1-P492"
EVODEX.1-E412,49254486432531060673486306779331730604404009736960570598929007552535782147354,[#6:1](-[#8:2]-[#6:3])(-[H:72])(-[H:73])-[H]>>[#6:1](=[#8])(-[H:72])-[H:73].[#8:2](-[#6:3])-[H],"EVODEX.1-P542,EVODEX.1-P641,EVODEX.1-P506,EVODEX.1-P503,EVODEX.1-P509"
EVODEX.1-E413,89863274391245773283469911834492896040867756202256572695523576454318727668571,[#6:1](-[#7:2](-[#6:3])-[H:24])(-[H:25])(-[H:26])-[H]>>[#6:1](=[#8])(-[H:25])-[H:26].[#7:2](-[#6:3])(-[H:24])-[H],"EVODEX.1-P1183,EVODEX.1-P1177,EVODEX.1-P1171,EVODEX.1-P1174,EVODEX.1-P1157"
EVODEX.1-E414,62357948525796506863239210815023508856151408436625412429543531376985437303445,[#6:2]-[#6:4](-[#8:5])(-[H:45])-[H]>>[#6:2]-[#6:4](-[#8:5])(-[#8]-[H])-[H:45],"EVODEX.1-P196,EVODEX.1-P125,EVODEX.1-P332,EVODEX.1-P567,EVODEX.1-P413"
EVODEX.1-E415,114549396395875953512537971262157840182712033870303271160282273041506679222938,[#6:2]-[#6:3](-[#16:4])(-[H:31])-[H]>>[#6:2]-[#6:3](-[#16:4])(-[#8]-[H])-[H:31],"EVODEX.1-P550,EVODEX.1-P403,EVODEX.1-P549,EVODEX.1-P553,EVODEX.1-P572"
EVODEX.1-E416,9439727610731032859120771015184144894399670799594252369098036080858343448740,[#6:1]-[#6:2](-[#7:3](-[#6:4])-[H:28])(-[H:29])-[H]>>[#6:1]-[#6:2](=[#8])-[H:29].[#7:3](-[#6:4])(-[H:28])-[H],"EVODEX.1-P1091,EVODEX.1-P1089,EVODEX.1-P1085,EVODEX.1-P1079,EVODEX.1-P472"
EVODEX.1-E417,45656938964093647423113759576787156397259718504006209374163690121409591932295,[#6:1]-[#6@:2](-[#6@:3])(-[#6@@:11])-[H]>>[#6:1]-[#6@@:2](-[#6@:3])(-[#6@@:11])-[#8]-[H],"EVODEX.1-P439,EVODEX.1-P322,EVODEX.1-P648,EVODEX.1-P204,EVODEX.1-P532"
EVODEX.1-E418,10784410068893280579760741222397619870211667848873219410904056316761973856575,[#6:1]-[#6:2](=[#6:3](-[#6:4])-[H:123])-[H:124]>>[#6:1]-[#6:2]1(-[H:124])-[#6:3](-[#6:4])(-[H:123])-[#8]-1,"EVODEX.1-P207,EVODEX.1-P205,EVODEX.1-P211,EVODEX.1-P473,EVODEX.1-P526"
EVODEX.1-E419,69079201658421666251706435842316457839423072463520443938899280724157441153502,[#6:23](-[#6@@:15])(-[#8:24]-[H])(-[#6:25])-[H:171]>>[#6:23](-[#6@@:15])(-[#6:25])(-[H:171])-[H].[#8:24]=[#8],"EVODEX.1-P314,EVODEX.1-P398,EVODEX.1-P313,EVODEX.1-P311,EVODEX.1-P569"
EVODEX.1-E420,108246192616705462167137221765602297210531623113163144974174697958685968725318,[#7:1](-[#6@@:2](-[#6:3]=[#8:4])(-[#6:6])-[H])(-[H:23])-[H:24]>>[#6:2](-[#6:3]=[#8:4])(-[#6:6])=[#8].[#7:1](-[H:23])(-[H:24])-[H],"EVODEX.1-P978,EVODEX.1-P1046,EVODEX.1-P966,EVODEX.1-P907,EVODEX.1-P921"
EVODEX.1-E421,34970186056225571357205162217367424924610305993641652773521350690118387364421,[#6:13]-[#6@:14](-[#7:15](-[H:27])-[H:28])(-[#6:16])-[H].[#6:1]-[#6@:2](-[#7:3](-[H:40])-[H:41])(-[#6:4])-[H]>>[#6:13]-[#6:14](-[#6:16])=[#8].[#6:1]-[#6:2](-[#6:4])=[#8].[#7:15](-[H:27])(-[H:28])-[H].[#7:3](-[H:40])(-[H:41])-[H],"EVODEX.1-P895,EVODEX.1-P1049,EVODEX.1-P899,EVODEX.1-P1052,EVODEX.1-P902"
EVODEX.1-E422,48432961566132917212164226224469091960336788822772035734174689357325844034536,[#8:49]=[#6:50](-[#6:51](-[H:91])(-[H:92])-[#6:52])-[#6:58]>>[#8:49]=[#6:50](-[#6:58])-[#8]-[#6:51](-[#6:52])(-[H:91])-[H:92],"EVODEX.1-P458,EVODEX.1-P443,EVODEX.1-P457,EVODEX.1-P460,EVODEX.1-P445"
EVODEX.1-E423,70786013837343048787630871261179677867415424652193612343567715789147936502227,[#6:19](-[#6@:8])(-[#6@:17])=[#6:20](-[H:89])-[#6:21]>>[H:89]-[#6@:20]1(-[#6@@:19](-[#6@:8])(-[#6@:17])-[#8]-1)-[#6:21],"EVODEX.1-P529,EVODEX.1-P220,EVODEX.1-P524,EVODEX.1-P527,EVODEX.1-P217"
EVODEX.1-E424,48357828697937168697233792100539158792213501012220722819091141214425917550136,[#6:1]-[#6:2](=[#8:3])-[#6:4](-[#6:5])(-[#6:6])-[H:69]>>[#6:1]-[#6:2](=[#8:3])-[#8]-[#6@:4](-[#6:5])(-[#6:6])-[H:69],"EVODEX.1-P513,EVODEX.1-P447,EVODEX.1-P462,EVODEX.1-P451,EVODEX.1-P466"
EVODEX.1-E425,56497924267954058572327752495571630368692000253380071698745777205523405652304,[#6:50]-[#7:51](-[#6@@:52](-[#6:53])(-[#6:58]=[#8:59])-[H])-[H:100]>>[#6:52](-[#6:53])(-[#6:58]=[#8:59])=[#8].[#6:50]-[#7:51](-[H:100])-[H],"EVODEX.1-P1107,EVODEX.1-P1149,EVODEX.1-P1130,EVODEX.1-P888,EVODEX.1-P1119"
EVODEX.1-E426,85616535181084071039400319892029593559775849250381541659739602023372608504355,[#8:90]-[#6:91](-[#6@@:92])(-[H])-[H]>>[#8]=[#6:91](-[#8:90])-[#6@@:92],"EVODEX.1-P122,EVODEX.1-P55,EVODEX.1-P54,EVODEX.1-P121,EVODEX.1-P77"
EVODEX.1-E427,41343080943458333127844137252716262125030397212076687546036167654969530687575,[#7:2]-[#6:3](-[#6:4])(-[#6:11](=[#8:12])-[#8:13]-[H])-[H]>>[#6:11](=[#8:12])=[#8:13].[#7:2]-[#6:3](-[#6:4])=[#8],"EVODEX.1-P272,EVODEX.1-P290,EVODEX.1-P297,EVODEX.1-P284,EVODEX.1-P294"
EVODEX.1-E428,106147466796089743093209452216627967278093755564791602090062923036035916219110,[#6:8]-[#6:9](-[#6:10])(-[H:63])-[H].[H]-[#6@:28](-[#6@:26])(-[#6:29])-[#7:39](-[#6:38])-[H]>>[#6:8]-[#6:9](-[#6:10])(-[#8]-[H])-[H:63].[#6:28](-[#6@:26])(=[#7:39]-[#6:38])-[#6:29],"EVODEX.1-P548,EVODEX.1-P562,EVODEX.1-P558,EVODEX.1-P564,EVODEX.1-P556"
EVODEX.1-E429,74717360746862831786577850907702255096155815465421327766004270485520953469452,[#7:8]-[#6:9](-[#6:10])(-[H:34])-[H].[#8:19]=[#6:20]-[#6:29](=[#6:27]-[#8:28]-[H])-[#8:30]-[H]>>[#7:8]-[#6:9](-[#6:10])(-[#8]-[H])-[H:34].[#8:19]=[#6:20]-[#6:29](-[#6:27]=[#8:28])=[#8:30],"EVODEX.1-P595,EVODEX.1-P591,EVODEX.1-P593,EVODEX.1-P597,EVODEX.1-P585"
EVODEX.1-E430,105497485737965877931580365052256922238201831158045405075282657101448741802152,[#6:1](-[#6:2]1(-[#6:3])-[#16:4]-[#6:5]-[#7:18]-[#6:19]-1(-[#6:20]=[#8:21])-[H])(-[H:48])(-[H:49])-[H].[#6:27]-[#6:28](=[#8:29])-[#6:30](=[#8:31])-[#8:32]-[H]>>[#6:30](=[#8:31])=[#8:32].[#6:1]1(-[H:48])(-[H:49])-[#6:2](-[#6:3])=[#6:19](-[#6:20]=[#8:21])-[#7:18]-[#6:5]-[#16:4]-1.[#6:27]-[#6:28](=[#8:29])-[#8]-[H],"EVODEX.1-P615,EVODEX.1-P622,EVODEX.1-P607,EVODEX.1-P632,EVODEX.1-P610"
EVODEX.1-E431,100116588243660453460055884926246393266246654223156949410259443791765407198504,[#6:56]-[#7:57](-[#8]-[H])-[H:94]>>[#6:56]-[#7:57](-[H:94])-[H],"EVODEX.1-P1207,EVODEX.1-P1200,EVODEX.1-P1205,EVODEX.1-P1204,EVODEX.1-P1202"
EVODEX.1-E432,19270090115884336816719303704471506053176455891549975385009089286927503794482,[#6:6]-[#6:7](=[#8:8])-[#8]-[H]>>[#6:6]-[#6:7](=[#8:8])-[H],"EVODEX.1-P702,EVODEX.1-P695,EVODEX.1-P706,EVODEX.1-P704,EVODEX.1-P697"
EVODEX.1-E433,24604992796970368334767672195017362182342031037709534618782697085731870827856,[#6:1](-[#6:2])(-[H:62])(-[H:63])-[H].[#8:55]=[#8]>>[#6:1](-[#6:2])(-[#8:55]-[H])(-[H:62])-[H:63],"EVODEX.1-P454,EVODEX.1-P522,EVODEX.1-P200,EVODEX.1-P478,EVODEX.1-P521"
EVODEX.1-E434,104381492287592580177180706279846302763159961304221391955679227110970812805875,[#6:59]-[#6@@:60](-[#8]-[H])(-[#6:62])-[H:116]>>[#6:59]-[#6:60](-[#6:62])(-[H:116])-[H],"EVODEX.1-P168,EVODEX.1-P651,EVODEX.1-P582,EVODEX.1-P568,EVODEX.1-P657"
EVODEX.1-E435,26992139858195994327514346384451243248466109507686377682724345194111377698242,[#6:18]-[#6:19](=[#8])-[H:31].[#7:23](-[H:42])(-[H:43])-[H]>>[#6:18]-[#6:19](-[#7:23](-[H:42])-[H:43])(-[H:31])-[H],"EVODEX.1-P1054,EVODEX.1-P1032,EVODEX.1-P1103,EVODEX.1-P1100,EVODEX.1-P1061"
EVODEX.1-E436,38685049789856794754785836482489886068546387915650006531249580489727083819256,[#6:7]-[#6:8](-[H:80])(-[H])-[#6:9].[#8:70]=[#8]>>[#6:7]-[#6@:8](-[#8:70]-[H])(-[H:80])-[#6:9],"EVODEX.1-P530,EVODEX.1-P541,EVODEX.1-P540,EVODEX.1-P346,EVODEX.1-P368"
EVODEX.1-E437,38874058174896687090602855660624018135557633613704335868164428274901602121295,[#6:3]-[#16:4]-[#6:5].[#8]=[#8:60]>>[#6:3]-[#16@@:4](-[#6:5])=[#8:60],"EVODEX.1-P464,EVODEX.1-P404,EVODEX.1-P483,EVODEX.1-P512,EVODEX.1-P191"
EVODEX.1-E438,108949847745374473992802491911135486555541886503425625046318428323895720159551,[#7:4]-[#6:5](-[#6:6])(-[H:35])-[H].[#8:23]=[#8]>>[#7:4]-[#6:5](-[#6:6])(-[#8:23]-[H])-[H:35],"EVODEX.1-P587,EVODEX.1-P363,EVODEX.1-P479,EVODEX.1-P583,EVODEX.1-P578"
EVODEX.1-E439,21193426253034247299679955066601812346026037550366237927316410268854001910742,[#6:50]-[#7:51](-[H])-[#6:52].[#8:61]=[#8]>>[#6:50]-[#7:51](-[#8:61]-[H])-[#6:52],"EVODEX.1-P491,EVODEX.1-P493,EVODEX.1-P498,EVODEX.1-P496,EVODEX.1-P488"
EVODEX.1-E440,74998885502983975250413606900932036264205380566640561968949467604501179358655,[#7:1](-[H:86])(-[H:87])-[H].[#8]=[#6:47](-[#6:48])-[#6:50]>>[#7:1](-[#6@:47](-[#6:48])(-[#6:50])-[H])(-[H:86])-[H:87],"EVODEX.1-P883,EVODEX.1-P896,EVODEX.1-P904,EVODEX.1-P891,EVODEX.1-P884"
EVODEX.1-E441,67886482407184212628532095813508731507969807845092479746859272997874944407463,[#6:1](-[#8:2]-[#6:3])(-[H:72])(-[H:73])-[H].[#8]=[#8:60]>>[#6:1](=[#8:60])(-[H:72])-[H:73].[#8:2](-[#6:3])-[H],"EVODEX.1-P399,EVODEX.1-P400,EVODEX.1-P501,EVODEX.1-P508,EVODEX.1-P644"
EVODEX.1-E442,97071497044156637958143626328879257154262945448653863778566429415111912045585,[#6:2]-[#6:3](-[#16:4])(-[H:31])-[H].[#8:24]=[#8]>>[#6:2]-[#6:3](-[#16:4])(-[#8:24]-[H])-[H:31],"EVODEX.1-P551,EVODEX.1-P570,EVODEX.1-P402,EVODEX.1-P552,EVODEX.1-P571"
EVODEX.1-E443,21483144677360493975804534932778351639687914284555531224608245909995344202674,[#6:2]-[#6:4](-[#8:5])(-[H:45])-[H].[#8:28]=[#8]>>[#6:2]-[#6:4](-[#8:5])(-[#8:28]-[H])-[H:45],"EVODEX.1-P198,EVODEX.1-P321,EVODEX.1-P195,EVODEX.1-P199,EVODEX.1-P566"
EVODEX.1-E444,53661760017527089560210169229672461650829459608002350656494161592133112749378,[#6:1]-[#6@:2](-[#6@:3])(-[#6@@:11])-[H].[#8]=[#8:83]>>[#6:1]-[#6@@:2](-[#6@:3])(-[#6@@:11])-[#8:83]-[H],"EVODEX.1-P438,EVODEX.1-P194,EVODEX.1-P649,EVODEX.1-P401,EVODEX.1-P210"
EVODEX.1-E445,7790871412739637154703575883806856701796816139862679703386900061234472116677,[#6:1]-[#6:2](=[#6:3](-[#6:4])-[H:123])-[H:124].[#8]=[#8:79]>>[#6:1]-[#6:2]1(-[H:124])-[#6:3](-[#6:4])(-[H:123])-[#8:79]-1,"EVODEX.1-P320,EVODEX.1-P474,EVODEX.1-P201,EVODEX.1-P381,EVODEX.1-P206"
EVODEX.1-E446,111550163341069901282536360091415875148273370685812226489829634219471268790860,[#8:49]=[#6:50](-[#6:51](-[H:91])(-[H:92])-[#6:52])-[#6:58].[#8]=[#8:60]>>[#8:49]=[#6:50](-[#6:58])-[#8:60]-[#6:51](-[#6:52])(-[H:91])-[H:92],"EVODEX.1-P441,EVODEX.1-P444,EVODEX.1-P463,EVODEX.1-P468,EVODEX.1-P482"
EVODEX.1-E447,73486188250524075677625998342080037030004603512955814866430012723115241158981,[#7:45](-[#6:46])(-[H:106])-[H].[#6:59]-[#6:60](=[#8])-[#6:62]=[#8:63]>>[#7:45](-[#6:46])(-[#6@@:60](-[#6:59])(-[#6:62]=[#8:63])-[H])-[H:106],"EVODEX.1-P1127,EVODEX.1-P1129,EVODEX.1-P887,EVODEX.1-P1124,EVODEX.1-P1115"
EVODEX.1-E448,84661259428914940095476281511136591096730063001058690892172179980580155958104,[#6:19](-[#6@:8])(-[#6@:17])=[#6:20](-[H:89])-[#6:21].[#8]=[#8:69]>>[H:89]-[#6@:20]1(-[#6@@:19](-[#6@:8])(-[#6@:17])-[#8:69]-1)-[#6:21],"EVODEX.1-P216,EVODEX.1-P214,EVODEX.1-P528,EVODEX.1-P219,EVODEX.1-P650"
EVODEX.1-E449,46762551876182374973002468902336735397795501970415524872480290241103459601055,[#6:1]-[#6:2](=[#8:3])-[#6:4](-[#6:5])(-[#6:6])-[H:69].[#8]=[#8:58]>>[#6:1]-[#6:2](=[#8:3])-[#8:58]-[#6@:4](-[#6:5])(-[#6:6])-[H:69],"EVODEX.1-P450,EVODEX.1-P452,EVODEX.1-P448,EVODEX.1-P517,EVODEX.1-P515"
EVODEX.1-E450,83985662473637668575939691174066475910005372827188063250322327710088107150075,[#6:2]-[#6:3](=[#8])-[#6:5]=[#8:6].[#6:8]-[#6@:9](-[#7:10](-[H:64])-[H])(-[#6:11])-[H:67]>>[#6:2]-[#6:3](-[#6:5]=[#8:6])(-[#7:10](-[#6@@:9](-[#6:8])(-[#6:11])-[H:67])-[H:64])-[H],"EVODEX.1-P1109,EVODEX.1-P1122,EVODEX.1-P1112,EVODEX.1-P1114,EVODEX.1-P1131"
EVODEX.1-E451,100971185586639553756396547228221374124512148518961628385419734951949926473082,[#6:1]-[#6:2](=[#8:3])-[#6](=[#8])-[#8]-[H].[#6:49]-[#16:50]-[H]>>[#6:1]-[#6:2](=[#8:3])-[#16:50]-[#6:49],"EVODEX.1-P743,EVODEX.1-P678,EVODEX.1-P685,EVODEX.1-P792,EVODEX.1-P687"
EVODEX.1-E452,45714893620549512624629277026889928021005199616227723173705532833412471392823,[#6](-[#6](-[#6](-[#6](-[#6](-[#6](=[#6](-[#6](-[#6](=[#6](-[#6](-[#6](-[#6](-[#6](-[#6](-[#6](-[#6](-[#6](=[#8])-[#8:20]-[#6:21])(-[H])-[H])(-[H])-[H])(-[H])-[H])(-[H])-[H])(-[H])-[H])(-[H])-[H])(-[H])-[H])-[H])-[H])(-[H])-[H])-[H])-[H])(-[H])-[H])(-[H])-[H])(-[H])-[H])(-[H])-[H])(-[H])(-[H])-[H]>>[#8:20](-[#6:21])-[H],"EVODEX.1-P5599,EVODEX.1-P4039,EVODEX.1-P3965,EVODEX.1-P1749,EVODEX.1-P4002"
EVODEX.1-E453,88365872090197020974405408879416405343508182032737029473160313569398384146925,[#6:23]-[#6:24](=[#8:25])-[#8]-[#6@@]1(-[H])-[#6](-[H])(-[H])-[#6](-[H])(-[H])-[#6@@]2(-[#6](-[H])(-[H])-[H])-[#6](=[#6](-[H])-[#6](-[H])(-[H])-[#6@@]3(-[H])-[#6@]4(-[H])-[#6](-[H])(-[H])-[#6](-[H])(-[H])-[#6@@](-[#6@](-[#6](-[H])(-[H])-[H])(-[#6](-[#6](-[#6](-[#6](-[#6](-[H])(-[H])-[H])(-[#6](-[H])(-[H])-[H])-[H])(-[H])-[H])(-[H])-[H])(-[H])-[H])-[H])(-[H])-[#6@@]-4(-[#6](-[H])(-[H])-[H])-[#6](-[H])(-[H])-[#6](-[H])(-[H])-[#6@]-2-3-[H])-[#6]-1(-[H])-[H].[#8:54](-[H:145])-[H]>>[#6:23]-[#6:24](=[#8:25])-[#8:54]-[H:145],"EVODEX.1-P3940,EVODEX.1-P3941,EVODEX.1-P3936,EVODEX.1-P3896,EVODEX.1-P3938"
EVODEX.1-E454,37745509706389760700316674325038015506129361515023007455945590120758470798252,[#6:32]-[#6:33](=[#8:34])-[#16:35]-[#6:36]>>[#6](-[#6](-[#6](-[#6](-[#6](-[#6](-[#6](-[#6](-[#6](-[#6](-[#6](-[#6](-[#6](-[#6](-[#6](=[#6](-[#8]-[#6:33](-[#6:32])=[#8:34])-[H])-[H])(-[H])-[H])(-[H])-[H])(-[H])-[H])(-[H])-[H])(-[H])-[H])(-[H])-[H])(-[H])-[H])(-[H])-[H])(-[H])-[H])(-[H])-[H])(-[H])-[H])(-[H])-[H])(-[H])-[H])(-[H])(-[H])-[H].[#16:35](-[#6:36])-[H],"EVODEX.1-P2051,EVODEX.1-P2027,EVODEX.1-P1952,EVODEX.1-P1990,EVODEX.1-P1880"
EVODEX.1-E455,56721546591943920421483862258972943629383765555785554967841640317376075732630,[#6:59]-[#8:60]-[H]>>[#6](=[#8])(-[#6](-[#6](-[#6](-[#6](-[#6](-[#6](-[#6](-[#6](-[#6](-[#6](-[#6](-[#6](-[#6](-[#6](-[#6](-[H])(-[H])-[H])(-[H])-[H])(-[H])-[H])(-[H])-[H])(-[H])-[H])(-[H])-[H])(-[H])-[H])(-[H])-[H])(-[H])-[H])(-[H])-[H])(-[H])-[H])(-[H])-[H])(-[H])-[H])(-[H])-[H])(-[H])-[H])-[#8:60]-[#6:59],"EVODEX.1-P2049,EVODEX.1-P1997,EVODEX.1-P1875,EVODEX.1-P1453,EVODEX.1-P1833"
EVODEX.1-E456,100519053841039708175221480407266093482380754434056563603124802947762610364959,[#6](-[#6](-[#6](-[#6](-[#6](-[#6](-[#6](-[#6](-[#6](-[#6](-[#6](-[#6](-[#6](-[#6](-[#6](-[#6](=[#8])-[#8:18]-[#6:19])(-[H])-[H])(-[H])-[H])(-[H])-[H])(-[H])-[H])(-[H])-[H])(-[H])-[H])(-[H])-[H])(-[H])-[H])(-[H])-[H])(-[H])-[H])(-[H])-[H])(-[H])-[H])(-[H])-[H])(-[H])-[H])(-[H])(-[H])-[H]>>[#8:18](-[#6:19])-[H],"EVODEX.1-P4005,EVODEX.1-P3853,EVODEX.1-P4028,EVODEX.1-P1483,EVODEX.1-P3863"
EVODEX.1-E457,23696022850845075940537412304557426717148948361987968040808945592824360896798,[#6](-[#6](-[#6](-[#6](-[#6](-[#6](-[#6](-[#6](-[#6](-[#6](-[#6](-[#6](-[#6](-[#6](-[#6](-[#6](=[#8])-[#7:18](-[#6:19])-[H:33])(-[H])-[H])(-[H])-[H])(-[H])-[H])(-[H])-[H])(-[H])-[H])(-[H])-[H])(-[H])-[H])(-[H])-[H])(-[H])-[H])(-[H])-[H])(-[H])-[H])(-[H])-[H])(-[H])-[H])(-[H])-[H])(-[H])(-[H])-[H]>>[#7:18](-[#6:19])(-[H:33])-[H],"EVODEX.1-P5596,EVODEX.1-P5747,EVODEX.1-P5712,EVODEX.1-P5774,EVODEX.1-P5696"
EVODEX.1-E458,102741311982723135687504210867271267636813683937605757788647439287596118655795,[#6:13]-[#6:14](=[#8:15])-[#16:16]-[#6:17]>>[#6:13]-[#6:14](=[#8:15])-[#8]-[#6](=[#6](-[#6](-[#6](-[#6](-[#6](-[#6](-[#6](-[#6](-[#6](-[#6](-[#6](-[#6](-[#6](-[#6](-[#6](-[#6](-[#6](-[#6](-[#6](-[#6](-[#6](-[H])(-[H])-[H])(-[H])-[H])(-[H])-[H])(-[H])-[H])(-[H])-[H])(-[H])-[H])(-[H])-[H])(-[H])-[H])(-[H])-[H])(-[H])-[H])(-[H])-[H])(-[H])-[H])(-[H])-[H])(-[H])-[H])(-[H])-[H])(-[H])-[H])(-[H])-[H])(-[H])-[H])(-[H])-[H])(-[H])-[H])-[H])-[H].[#16:16](-[#6:17])-[H],"EVODEX.1-P2045,EVODEX.1-P1945,EVODEX.1-P1963,EVODEX.1-P2021,EVODEX.1-P1928"
EVODEX.1-E459,29826554141484579548795315043838336126555644721002830211300621579459582484753,[#8:15](-[#6:16])-[H]>>[#6](=[#8])(-[#6](-[#6](-[#6](-[#6](-[#6](-[#6](-[#6](-[#6](-[#6](-[H])(-[H])-[H])(-[H])-[H])(-[H])-[H])(-[H])-[H])(-[H])-[H])(-[H])-[H])(-[H])-[H])(-[H])-[H])(-[H])-[H])-[#8:15]-[#6:16],"EVODEX.1-P1891,EVODEX.1-P1902,EVODEX.1-P1894,EVODEX.1-P1488,EVODEX.1-P4008"
EVODEX.1-E460,100619723801726773889890596022953520365917388803683186532597188720775180502066,[#6](-[#6](-[#6](-[#6](-[#6](-[#6](-[#6](-[#6](-[#6](-[#6](=[#8])-[#8:12]-[#6:13])(-[H])-[H])(-[H])-[H])(-[H])-[H])(-[H])-[H])(-[H])-[H])(-[H])-[H])(-[H])-[H])(-[H])-[H])(-[H])(-[H])-[H]>>[#8:12](-[#6:13])-[H],"EVODEX.1-P3868,EVODEX.1-P4076,EVODEX.1-P1487,EVODEX.1-P3918,EVODEX.1-P4001"
EVODEX.1-E461,97107566468394385906106878875968078723777635141618140122769036766816692081541,[#6:25]-[#8:26]-[H]>>[#6](-[#6](-[#6](-[#6](-[#6](-[#6](-[#6](-[#6](-[#6](-[#6](-[#6](-[#6](=[#8])-[#8:26]-[#6:25])(-[H])-[H])(-[H])-[H])(-[H])-[H])(-[H])-[H])(-[H])-[H])(-[H])-[H])(-[H])-[H])(-[H])-[H])(-[H])-[H])(-[H])-[H])(-[H])(-[H])-[H],"EVODEX.1-P1951,EVODEX.1-P1819,EVODEX.1-P1797,EVODEX.1-P1944,EVODEX.1-P3889"
EVODEX.1-E462,94084512470193541060689325958897683150785398259911248918134357589200352070731,[#6](-[#6](-[#6](-[#6](-[#6](-[#6](-[#6](-[#6](-[#6](-[#6](-[#6](-[#6](=[#8])-[#7:14](-[#6:15])-[H:29])(-[H])-[H])(-[H])-[H])(-[H])-[H])(-[H])-[H])(-[H])-[H])(-[H])-[H])(-[H])-[H])(-[H])-[H])(-[H])-[H])(-[H])-[H])(-[H])(-[H])-[H]>>[#7:14](-[#6:15])(-[H:29])-[H],"EVODEX.1-P5585,EVODEX.1-P5526,EVODEX.1-P5528,EVODEX.1-P5531,EVODEX.1-P5525"
EVODEX.1-E463,75515731925208528190301115894282982289204912914836827448082132421931361249267,[#6](-[#6](-[#6](-[#6](-[#6](-[#6](-[#6](-[#6](-[#6](-[#6](-[#6](-[#6](=[#8])-[#8:14]-[#6:15])(-[H])-[H])(-[H])-[H])(-[H])-[H])(-[H])-[H])(-[H])-[H])(-[H])-[H])(-[H])-[H])(-[H])-[H])(-[H])-[H])(-[H])-[H])(-[H])(-[H])-[H]>>[#8:14](-[#6:15])-[H],"EVODEX.1-P4070,EVODEX.1-P3994,EVODEX.1-P4012,EVODEX.1-P4000,EVODEX.1-P1491"
EVODEX.1-E464,110855659730799538798043443973310258832988859319390978022549486413139999974177,[#6:15]-[#6:16](=[#8:17])-[#16:18]-[#6:19]>>[#6:15]-[#6:16](=[#8:17])-[#8]-[#6](=[#6](-[#6](-[#6](-[#6](-[#6](-[#6](-[#6](-[#6](-[#6](-[#6](-[#6](-[#6](-[#6](-[#6](-[#6](-[#6](-[#6](-[#6](-[#6](-[H])(-[H])-[H])(-[H])-[H])(-[H])-[H])(-[H])-[H])(-[H])-[H])(-[H])-[H])(-[H])-[H])(-[H])-[H])(-[H])-[H])(-[H])-[H])(-[H])-[H])(-[H])-[H])(-[H])-[H])(-[H])-[H])(-[H])-[H])(-[H])-[H])(-[H])-[H])(-[H])-[H])-[H])-[H].[#16:18](-[#6:19])-[H],"EVODEX.1-P1967,EVODEX.1-P1878,EVODEX.1-P1988,EVODEX.1-P1898,EVODEX.1-P1950"
EVODEX.1-E465,52487057010557219970759109010538608899563123345656126296547014522432405273858,[#6:36]-[#6:37](=[#8:38])-[#16:39]-[#6:40]>>[#6](-[#6](=[#6](-[#6](-[#8]-[#6:37](-[#6:36])=[#8:38])(-[H])-[H])-[H])-[#6](-[#6](-[#6](-[#6@](-[#6](-[H])(-[H])-[H])(-[#6](-[#6](-[#6](-[#6@](-[#6](-[H])(-[H])-[H])(-[#6](-[#6](-[#6](-[#6](-[#6](-[H])(-[H])-[H])(-[#6](-[H])(-[H])-[H])-[H])(-[H])-[H])(-[H])-[H])(-[H])-[H])-[H])(-[H])-[H])(-[H])-[H])(-[H])-[H])-[H])(-[H])-[H])(-[H])-[H])(-[H])-[H])(-[H])(-[H])-[H].[#16:39](-[#6:40])-[H],"EVODEX.1-P1976,EVODEX.1-P1957,EVODEX.1-P2056,EVODEX.1-P1906,EVODEX.1-P2033"
EVODEX.1-E466,94088439680330604816791951837664591323182026152427682024695628485843854093905,[#6:20]-[#8:21]-[H]>>[#6:20]-[#8:21]-[#6](-[#6](-[#6](-[#6](-[#6](-[#6](-[#6](-[#6](-[#6](-[#6](-[#6](-[#6](-[#6](-[#6](-[#6](-[#6](-[#6](-[#6](-[#6](-[#6](-[H])(-[H])-[H])(-[H])-[H])(-[H])-[H])(-[H])-[H])(-[H])-[H])(-[H])-[H])(-[H])-[H])(-[H])-[H])(-[H])-[H])(-[H])-[H])(-[H])-[H])(-[H])-[H])(-[H])-[H])(-[H])-[H])(-[H])-[H])(-[H])-[H])(-[H])-[H])(-[H])-[H])(-[H])-[H])=[#8],"EVODEX.1-P1885,EVODEX.1-P1883,EVODEX.1-P1882,EVODEX.1-P1740,EVODEX.1-P1886"
EVODEX.1-E467,40793176583825010551493690598454730563008314130346984319152131867913942635521,[#6:15]-[#6:16](=[#8:17])-[#16:18]-[#6:19]>>[#6:15]-[#6:16](=[#8:17])-[#8]-[#6](=[#6](-[#6](-[#6](-[#6](-[#6](-[#6](-[#6](-[#6](-[#6](-[#6](-[#6](-[#6](-[#6](-[#6](-[#6](-[#6](-[#6](-[H])(-[H])-[H])(-[H])-[H])(-[H])-[H])(-[H])-[H])(-[H])-[H])(-[H])-[H])(-[H])-[H])(-[H])-[H])(-[H])-[H])(-[H])-[H])(-[H])-[H])(-[H])-[H])(-[H])-[H])(-[H])-[H])(-[H])-[H])(-[H])-[H])-[H])-[H].[#16:18](-[#6:19])-[H],"EVODEX.1-P2031,EVODEX.1-P1975,EVODEX.1-P1904,EVODEX.1-P2013,EVODEX.1-P2047"
EVODEX.1-E468,40138589321743354742998891118012390762963171290193324177095191850163434332910,[#6:22]-[#8:23]-[H]>>[#6](-[#6](-[#6](-[#6](-[#6](-[#6](-[#6](-[#6](-[#6](-[#6](-[#6](-[#6](-[#6](-[#6](-[#6](-[#6](-[#6](-[#6](=[#8])-[#8:23]-[#6:22])(-[H])-[H])(-[H])-[H])(-[H])-[H])(-[H])-[H])(-[H])-[H])(-[H])-[H])(-[H])-[H])(-[H])-[H])(-[H])-[H])(-[H])-[H])(-[H])-[H])(-[H])-[H])(-[H])-[H])(-[H])-[H])(-[H])-[H])(-[H])-[H])(-[H])(-[H])-[H],"EVODEX.1-P2024,EVODEX.1-P2018,EVODEX.1-P2023,EVODEX.1-P1811,EVODEX.1-P1717"
EVODEX.1-E469,50095621194152351368604671001063969206550130517641420971926334235881157353689,[#6:36]-[#6:37](=[#8:38])-[#16:39]-[#6:40]>>[#6](-[#6](-[#6](-[#6](-[#6](-[#6](=[#6](-[#6](-[#6](=[#6](-[#6](-[#6](-[#6](-[#6](-[#6](-[#6](-[#6](-[#6](-[#8]-[#6:37](-[#6:36])=[#8:38])(-[H])-[H])(-[H])-[H])(-[H])-[H])(-[H])-[H])(-[H])-[H])(-[H])-[H])(-[H])-[H])(-[H])-[H])-[H])-[H])(-[H])-[H])-[H])-[H])(-[H])-[H])(-[H])-[H])(-[H])-[H])(-[H])-[H])(-[H])(-[H])-[H].[#16:39](-[#6:40])-[H],"EVODEX.1-P1984,EVODEX.1-P1961,EVODEX.1-P1935,EVODEX.1-P1991,EVODEX.1-P1996"
EVODEX.1-E470,105601257939469189944276714522528068515358282763736058605378595234960895473809,[#6](-[#6](-[#6](-[#6](-[#6](-[#6](-[#6](-[#6](-[#6](-[#6](-[#6](-[#6](-[#6](-[#6](-[#6](-[#6](-[#6](-[#6](=[#8])-[#8:20]-[#6@:21])(-[H])-[H])(-[H])-[H])(-[H])-[H])(-[H])-[H])(-[H])-[H])(-[H])-[H])(-[H])-[H])(-[H])-[H])(-[H])-[H])(-[H])-[H])(-[H])-[H])(-[H])-[H])(-[H])-[H])(-[H])-[H])(-[H])-[H])(-[H])-[H])(-[H])(-[H])-[H]>>[#8:20](-[#6@:21])-[H],"EVODEX.1-P3855,EVODEX.1-P4006,EVODEX.1-P4227,EVODEX.1-P4013,EVODEX.1-P4015"
EVODEX.1-E471,19344803619162601625463198482907882527916092207247064862192954997551752739009,[#6:27]-[#8:28]-[H]>>[#6](-[#6](-[#6](-[#6](-[#6](-[#6](-[#6](-[#6](-[#6](-[#6](-[#6](-[#6](-[#6](-[#6](=[#8])-[#8:28]-[#6:27])(-[H])-[H])(-[H])-[H])(-[H])-[H])(-[H])-[H])(-[H])-[H])(-[H])-[H])(-[H])-[H])(-[H])-[H])(-[H])-[H])(-[H])-[H])(-[H])-[H])(-[H])-[H])(-[H])(-[H])-[H],"EVODEX.1-P1983,EVODEX.1-P1798,EVODEX.1-P1864,EVODEX.1-P1874,EVODEX.1-P5473"
EVODEX.1-E472,70907223630599887561518921016256717810483806579675278887124046219467489385384,[#6:23]-[#7:24](-[H:30])-[H]>>[#6](-[#6](-[#6](-[#6](-[#6](-[#6](-[#6](-[#6](-[#6](-[#6](-[#6](-[#6](-[#6](-[#6](=[#8])-[#7:24](-[#6:23])-[H:30])(-[H])-[H])(-[H])-[H])(-[H])-[H])(-[H])-[H])(-[H])-[H])(-[H])-[H])(-[H])-[H])(-[H])-[H])(-[H])-[H])(-[H])-[H])(-[H])-[H])(-[H])-[H])(-[H])(-[H])-[H],"EVODEX.1-P2114,EVODEX.1-P2107,EVODEX.1-P1704,EVODEX.1-P2118,EVODEX.1-P2104"
EVODEX.1-E473,40028753636896995850427357416575839598893179273745005082489932754506272294548,[#6](-[#6](-[#6](-[#6](-[#6](-[#6](-[#6](-[#6](-[#6](-[#6](-[#6](-[#6](-[#6](-[#6](=[#8])-[#8:16]-[#6:17])(-[H])-[H])(-[H])-[H])(-[H])-[H])(-[H])-[H])(-[H])-[H])(-[H])-[H])(-[H])-[H])(-[H])-[H])(-[H])-[H])(-[H])-[H])(-[H])-[H])(-[H])-[H])(-[H])(-[H])-[H]>>[#8:16](-[#6:17])-[H],"EVODEX.1-P1507,EVODEX.1-P3966,EVODEX.1-P3997,EVODEX.1-P3867,EVODEX.1-P3935"
EVODEX.1-E474,17698406599358416636063229422194519982006417597741316173893462336063503046022,[#6:17]-[#6:18](=[#8:19])-[#16]-[#6](-[#6](-[#7](-[#6](=[#8])-[#6](-[#6](-[#7](-[#6](=[#8])-[#6@](-[#8]-[H])(-[#6](-[#6](-[H])(-[H])-[H])(-[#6](-[H])(-[H])-[H])-[#6](-[#8]-[#15](=[#8])(-[#8]-[H])-[#8]-[#15](=[#8])(-[#8]-[H])-[#8]-[#6](-[#6@@]1(-[H])-[#8]-[#6@](-[#7]2:[#6](-[H]):[#7]:[#6]3:[#6](-[#7](-[H])-[H]):[#7]:[#6](-[H]):[#7]:[#6]:2:3)(-[H])-[#6@@](-[#8]-[H])(-[H])-[#6@@]-1(-[#8]-[#15](=[#8])(-[#8]-[H])-[#8]-[H])-[H])(-[H])-[H])(-[H])-[H])-[H])-[H])(-[H])-[H])(-[H])-[H])-[H])(-[H])-[H])(-[H])-[H]>>[#6:17]-[#6:18](=[#8:19])-[H],"EVODEX.1-P734,EVODEX.1-P737,EVODEX.1-P739,EVODEX.1-P672,EVODEX.1-P669"
EVODEX.1-E475,107882227586827179181874237441165640936371852536085017122213281326835826939176,[#6](-[#6](=[#8])-[#7:4](-[#6:5])-[H:62])(-[H])(-[H])-[H]>>[#7:4](-[#6:5])(-[H:62])-[H],"EVODEX.1-P5450,EVODEX.1-P5706,EVODEX.1-P5540,EVODEX.1-P5451,EVODEX.1-P5539"
EVODEX.1-E476,67338820801526914013682278679477538251059426838414027066624459589807249065337,[#6](-[#6](=[#8])-[#8:4]-[#6:5])(-[H])(-[H])-[H]>>[#8:4](-[#6:5])-[H],"EVODEX.1-P4044,EVODEX.1-P4046,EVODEX.1-P4153,EVODEX.1-P3928,EVODEX.1-P4078"
EVODEX.1-E477,225559106462388053902186004395170781685825985604341480193429058387361186964,[#6](-[#6](=[#8])-[#6:4](-[#6:5])(-[H:19])-[H:20])(-[H])(-[H])-[H]>>[#6:4](-[#6:5])(-[H:19])(-[H:20])-[H],"EVODEX.1-P6037,EVODEX.1-P2080,EVODEX.1-P6073,EVODEX.1-P2077,EVODEX.1-P6071"
EVODEX.1-E478,49504795077107136497000443191376182291415004654645194984329688725096692022305,[#6](-[#6](=[#8])-[#16:4]-[#6:5])(-[H])(-[H])-[H]>>[#16:4](-[#6:5])-[H],"EVODEX.1-P1773,EVODEX.1-P3886,EVODEX.1-P66,EVODEX.1-P2171,EVODEX.1-P1452"
EVODEX.1-E479,71344626814220304117158203271341789974478449453065295395636906053399457357671,[#7:12](-[#6@@:13])(-[H:64])-[H]>>[#7](-[#6@@](-[#6](-[#6]1:[#6](-[H]):[#7](-[H]):[#6](-[H]):[#7]:1)(-[H])-[H])(-[#6](=[#8])-[#7:12](-[#6@@:13])-[H:64])-[H])(-[H])-[H],"EVODEX.1-P7427,EVODEX.1-P7472,EVODEX.1-P7442,EVODEX.1-P7448,EVODEX.1-P7152"
EVODEX.1-E480,65595273706462174864043079163470875521527933805925351848546703920559478293109,[#6:8](-[#6@:6])(=[#8:9])-[#8]-[H]>>[#6:8](-[#6@:6])(=[#8:9])-[#7](-[#6@@](-[#6](-[#6]1:[#6](-[H]):[#7](-[H]):[#6](-[H]):[#7]:1)(-[H])-[H])(-[#6](=[#8])-[#8]-[H])-[H])-[H],"EVODEX.1-P7320,EVODEX.1-P6925,EVODEX.1-P6935,EVODEX.1-P7190,EVODEX.1-P7347"
EVODEX.1-E481,56751747104152641706546276964500660364228456043054781020065812925462518214135,([#7:1](-[#6@:2])(-[H:18])-[H].[#6:4]-[#6:5](=[#8:6])-[#8]-[H])>>[#7:1](-[H:18])(-[#6@:2])-[#6:5](-[#6:4])=[#8:6],"EVODEX.1-P5856,EVODEX.1-P2159,EVODEX.1-P5845,EVODEX.1-P5855,EVODEX.1-P5850"
EVODEX.1-E482,78309227735330892693660906556172469149264240907308306204421405333183354960992,[#6:7]-[#8:9]-[H]>>[#6](-[#8:9]-[#6:7])(-[H])(-[H])-[H],"EVODEX.1-P1309,EVODEX.1-P1263,EVODEX.1-P1230,EVODEX.1-P1262,EVODEX.1-P4058"
EVODEX.1-E483,14431539382483776791679767612073147857006317781206736678480874257378021549684,([#6:19]-[#6@:20](-[#7:21])(-[#6:38])-[H:103].[#6:31]-[#6:32](=[#8:33])-[#8]-[H]).[#7:9](-[#6@:8])(-[H:114])-[H]>>([#7:9](-[#6@:8])(-[#6:32](-[#6:31])=[#8:33])-[H:114].[#7:21]-[#6@@:20](-[#6:19])(-[#6:38])-[H:103]),"EVODEX.1-P6920,EVODEX.1-P7096,EVODEX.1-P7141,EVODEX.1-P5784,EVODEX.1-P7111"
EVODEX.1-E484,114909957571821066889338029482135146805716018927597771603705955266872094027728,[#6:5](-[#6@:4])(-[#7:6](-[H])-[H])=[#8]>>[#6:5](-[#6@:4])#[#7:6],"EVODEX.1-P6474,EVODEX.1-P6467,EVODEX.1-P6472,EVODEX.1-P6461,EVODEX.1-P6469"
EVODEX.1-E485,691667721990648135490611627515531157571603329743591953636199889549100371254,[#8](-[#7:2]=[#6:3](-[#6:4])-[H])-[H]>>[#7:2]#[#6:3]-[#6:4],"EVODEX.1-P6566,EVODEX.1-P6568,EVODEX.1-P6564,EVODEX.1-P6562,EVODEX.1-P6570"
EVODEX.1-E486,53123662256559399560466024480217643441270478667315356191441805269982083639274,[#6:1]-[#6:2](=[#8:3])-[#8]-[H].([#7:10]-[#6@@:21](-[#6@@:7])(-[#6:20])-[H:36].[#6:18]-[#7:19](-[H:28])-[H])>>([#6:1]-[#6:2](=[#8:3])-[#7:19](-[#6:18])-[H:28].[#7:10]-[#6@:21](-[#6@@:7])(-[H:36])-[#6:20]),"EVODEX.1-P5075,EVODEX.1-P5099,EVODEX.1-P5090,EVODEX.1-P5078,EVODEX.1-P5077"
EVODEX.1-E487,86330326526095404006042874279567022258498195469038603916609403638874205782199,[#7:1](-[H:71])(-[H:72])-[H].[#8:33]=[#6:34](-[#8]-[H])-[#6:36]>>[#7:1](-[#6:34](=[#8:33])-[#6:36])(-[H:71])-[H:72],"EVODEX.1-P5691,EVODEX.1-P5675,EVODEX.1-P5672,EVODEX.1-P5701,EVODEX.1-P5673"
EVODEX.1-E488,22963696221386241051936249488908310900320609206349519257910478255423491712987,[#6:1]-[#6:2](-[#8]-[H])(-[H:14])-[H:15].[#6:5]-[#8:6]-[H]>>[#6:1]-[#6:2](-[#8:6]-[#6:5])(-[H:14])-[H:15],"EVODEX.1-P3952,EVODEX.1-P4020,EVODEX.1-P4031,EVODEX.1-P5132,EVODEX.1-P4030"
EVODEX.1-E489,87329208986555868891291970276896349295036737708063726516730604786776324179064,[#6:6]-[#6:7](-[#6@@:8](-[#8]-[H])(-[#6:10])-[H:36])(-[H:37])-[H]>>[#6:6]-[#6:7](=[#6:8](-[#6:10])-[H:36])-[H:37],"EVODEX.1-P6398,EVODEX.1-P6449,EVODEX.1-P6443,EVODEX.1-P6453,EVODEX.1-P6451"
EVODEX.1-E490,72750680313587378348024684060227468124090006364900171119347824860537956020341,[#7:121](-[#6@@:120])(-[H:267])-[H].[#8:195]=[#6:196](-[#8]-[H])-[#6:198]>>[#7:121](-[#6@@:120])(-[#6:196](=[#8:195])-[#6:198])-[H:267],"EVODEX.1-P5079,EVODEX.1-P4995,EVODEX.1-P4997,EVODEX.1-P5825,EVODEX.1-P6991"
EVODEX.1-E491,61187114831279063366420707981251428954378187888360961019009266533287281239249,[#6:47]-[#16:48]-[H].[#8:80]=[#6:81](-[#8]-[H])-[#6:83]>>[#6:47]-[#16:48]-[#6:81](=[#8:80])-[#6:83],"EVODEX.1-P303,EVODEX.1-P6661,EVODEX.1-P6857,EVODEX.1-P6771,EVODEX.1-P1583"
EVODEX.1-E492,77449286330448966322844788256989298122930190446558242408914835431846498151022,[#6:5]-[#8:7]-[H].[#6:11](-[#6@@:9])(=[#8:12])-[#8]-[H]>>[#6:5]-[#8:7]-[#6:11](-[#6@@:9])=[#8:12],"EVODEX.1-P4129,EVODEX.1-P7149,EVODEX.1-P4019,EVODEX.1-P6619,EVODEX.1-P4023"
EVODEX.1-E493,60341128017520307266464379125697325863240974023344459969520765572165856982194,[#6:6]-[#6:7](=[#8:8])-[#8]-[H].[#8:14](-[#8:15]-[H])-[H]>>[#6:6]-[#6:7](=[#8:8])-[H].[#8:14]=[#8:15],"EVODEX.1-P785,EVODEX.1-P790,EVODEX.1-P762,EVODEX.1-P787,EVODEX.1-P782"
EVODEX.1-E494,2535002561204922034690037559524694235727664701391457750746550614036254105364,[#6:18]-[#6:19](=[#8])-[H:31].[#7:23](-[H:42])(-[H:43])-[H].[#8:24](-[#8:25]-[H])-[H]>>[#6:18]-[#6:19](-[#7:23](-[H:42])-[H:43])(-[H:31])-[H].[#8:24]=[#8:25],"EVODEX.1-P1035,EVODEX.1-P1099,EVODEX.1-P1016,EVODEX.1-P1029,EVODEX.1-P1068"
EVODEX.1-E495,48921421972908385928867682512564680790678719388574011281446073544891371161533,[#6:14](-[#6@:3])(=[#8:15])-[#8]-[H].[#7:17](-[#8:18])(-[H:67])-[H]>>[#6:14](-[#6@:3])(=[#8:15])-[#7:17](-[#8:18])-[H:67],"EVODEX.1-P5578,EVODEX.1-P5668,EVODEX.1-P6905,EVODEX.1-P6826,EVODEX.1-P6825"
EVODEX.1-E496,71819293187971506810703222692102780633980712852879486953277798377732503004263,[#8:60]-[#15:61](=[#8:62])(-[#8]-[H])-[#8:64].[#15:70]-[#8:71]-[H]>>[#8:60]-[#15:61](=[#8:62])(-[#8:64])-[#8:71]-[#15:70],"EVODEX.1-P6649,EVODEX.1-P2219,EVODEX.1-P6908,EVODEX.1-P2220,EVODEX.1-P6622"
EVODEX.1-E497,8075808663467645089886300915025879218770107542586758409257049644138130549464,[#8:1]=[#6:2]-[#6@:3](-[#8:4]-[H])(-[#6@@:5](-[#8]-[H])(-[#6@:7])-[H:18])-[H]>>[#8:1]=[#6:2]-[#6:3](=[#8:4])-[#6:5](-[#6@:7])(-[H:18])-[H],"EVODEX.1-P6415,EVODEX.1-P6426,EVODEX.1-P6427,EVODEX.1-P6400,EVODEX.1-P6435"
EVODEX.1-E498,77459750372623171586603364193635611329183261701741295150535811724461916127667,[#6:1](-[#6:2](=[#8:3])-[#6:4]=[#8:5])(-[H:24])(-[H])-[H].[#8]=[#6:8](-[#6:9])-[H:36]>>[#6:1](-[#6:2](=[#8:3])-[#6:4]=[#8:5])(=[#6:8](-[#6:9])-[H:36])-[H:24],"EVODEX.1-P6323,EVODEX.1-P6333,EVODEX.1-P6328,EVODEX.1-P6344,EVODEX.1-P6346"
EVODEX.1-E499,49517864677570146873727198059247396347234319053730517799448502390396531731992,[#7:2]-[#6:3](-[#6:4])(-[#6:11](=[#8:12])-[#8:13]-[H])-[H].[#8:14]=[#8]>>[#6:11](=[#8:12])=[#8:13].[#7:2]-[#6:3](-[#6:4])=[#8:14],"EVODEX.1-P293,EVODEX.1-P292,EVODEX.1-P277,EVODEX.1-P296,EVODEX.1-P282"
EVODEX.1-E500,53864085250579968520176441863994252223490556040473512403516910419893723753983,[#7:1](-[H:11])(-[H:12])-[H].[#8:2]=[#6:3]-[#6:5](=[#8])-[#6:7].[#8:9](-[#8:10]-[H])-[H]>>[#7:1](-[#6@@:5](-[#6:3]=[#8:2])(-[#6:7])-[H])(-[H:11])-[H:12].[#8:9]=[#8:10],"EVODEX.1-P974,EVODEX.1-P982,EVODEX.1-P987,EVODEX.1-P996,EVODEX.1-P1041"
EVODEX.1-E501,25118527850437925106555574819308996466504313866268170124018467111374472488329,[#7:1](-[#6@@:2])(-[H:71])-[H].[#7:8]-[#6@:9](-[#6:10](=[#8:11])-[#8]-[H])(-[#6@:13])-[H:79]>>[#7:1](-[#6@@:2])(-[#6:10](-[#6@@:9](-[#7:8])(-[#6@:13])-[H:79])=[#8:11])-[H:71],"EVODEX.1-P4056,EVODEX.1-P4064,EVODEX.1-P5136,EVODEX.1-P4998,EVODEX.1-P7082"
EVODEX.1-E502,70337310205233925399300577687642000097717058904441490746338197889754998858778,[#7:11]-[#6@@:12](-[#6:13]-[#6:14]-[#6:15](=[#8:16])-[#8]-[H])(-[#6:18])-[H:58].[#7:1](-[#6:2])(-[H:70])-[H]>>[#7:1](-[#6:2])(-[#6:15](-[#6:14]-[#6:13]-[#6@:12](-[#7:11])(-[#6:18])-[H:58])=[#8:16])-[H:70],"EVODEX.1-P7071,EVODEX.1-P7052,EVODEX.1-P6900,EVODEX.1-P7083,EVODEX.1-P7064"
EVODEX.1-E503,60394147957564808926551834832529057837727216600882493981869308872242851530626,[#6:8]-[#6:9](-[#6:10])(-[H:63])-[H].[H]-[#6@:28](-[#6@:26])(-[#6:29])-[#7:39](-[#6:38])-[H].[#8:40]=[#8]>>[#6:8]-[#6:9](-[#6:10])(-[#8:40]-[H])-[H:63].[#6:28](-[#6@:26])(=[#7:39]-[#6:38])-[#6:29],"EVODEX.1-P559,EVODEX.1-P561,EVODEX.1-P555,EVODEX.1-P563,EVODEX.1-P546"
EVODEX.1-E504,82488429991640771515134405057691281812494199561228949859542155290330174896074,[#7:8]-[#6:9](-[#6:10])(-[H:34])-[H].[#8:19]=[#6:20]-[#6:29](=[#6:27]-[#8:28]-[H])-[#8:30]-[H].[#8:31]=[#8]>>[#7:8]-[#6:9](-[#6:10])(-[#8:31]-[H])-[H:34].[#8:19]=[#6:20]-[#6:29](-[#6:27]=[#8:28])=[#8:30],"EVODEX.1-P576,EVODEX.1-P590,EVODEX.1-P596,EVODEX.1-P573,EVODEX.1-P579"
EVODEX.1-E505,84532039977693532576263119836579045550822536557004820011568622297983279957841,[#6:38]-[#6@:39](-[#7:40]-[#6:41]-[#6@@:43](-[#7:44](-[H:70])-[H])(-[#6:45])-[H:79])(-[#6:52])-[H:92].[#6:31](-[#6@:8])(=[#8:32])-[#8]-[H]>>[#6:31](-[#6@:8])(=[#8:32])-[#7:44](-[#6@:43](-[#6:41]-[#7:40]-[#6@@:39](-[#6:38])(-[#6:52])-[H:92])(-[#6:45])-[H:79])-[H:70],"EVODEX.1-P5111,EVODEX.1-P5108,EVODEX.1-P5106,EVODEX.1-P5105,EVODEX.1-P5109"
EVODEX.1-E506,24988923275065074792399054175942499372729301068902454654458980598860232839690,[#6:1](-[#6:2]1(-[#6:3])-[#16:4]-[#6:5]-[#7:18]-[#6:19]-1(-[#6:20]=[#8:21])-[H])(-[H:48])(-[H:49])-[H].[#6:27]-[#6:28](=[#8:29])-[#6:30](=[#8:31])-[#8:32]-[H].[#8:33]=[#8]>>[#6:30](=[#8:31])=[#8:32].[#6:1]1(-[H:48])(-[H:49])-[#6:2](-[#6:3])=[#6:19](-[#6:20]=[#8:21])-[#7:18]-[#6:5]-[#16:4]-1.[#6:27]-[#6:28](=[#8:29])-[#8:33]-[H],"EVODEX.1-P619,EVODEX.1-P627,EVODEX.1-P616,EVODEX.1-P624,EVODEX.1-P634"
EVODEX.1-E507,109378327286766807892021634533377291856547275092099266152571745506153028220033,[#6:49](=[#8:50])-[#6:51](=[#6:52](-[#6:53])-[H:136])-[H:137]>>[#6:49](=[#8:50])-[#6@@:51](-[#6:52](-[#6:53])(-[H:136])-[H])(-[#6](-[#8]-[H])=[#8])-[H:137],"EVODEX.1-P838,EVODEX.1-P837,EVODEX.1-P841,EVODEX.1-P840,EVODEX.1-P844"
EVODEX.1-E508,49840128555911174758446498567775545325408513613377767954356521053870635766857,[#7:1](-[#6:2])(-[H:19])-[H]>>[#7:1](-[#6:2])(-[#6](=[#8])-[H])-[H:19],"EVODEX.1-P1329,EVODEX.1-P5792,EVODEX.1-P1336,EVODEX.1-P5793,EVODEX.1-P1330"
EVODEX.1-E509,71001838660248728575302097503548394209770822019330831117001914000766830066889,[#6:4]-[#7:5](-[#6](=[#8])-[H])-[H:10]>>[#6:4]-[#7:5](-[H:10])-[H],"EVODEX.1-P5798,EVODEX.1-P1410,EVODEX.1-P5823,EVODEX.1-P5801,EVODEX.1-P5804"
EVODEX.1-E510,53068889507257729813155022526199856551711231101157779891525779729666159488413,[#6:1]-[#7:2](-[#6](=[#8])-[H])-[#6:5]>>[#6:1]-[#7:2](-[#6:5])-[H],"EVODEX.1-P1326,EVODEX.1-P1331,EVODEX.1-P1148,EVODEX.1-P1327,EVODEX.1-P1335"
EVODEX.1-E511,27118092883568023409161899244581253109674260081682966873996418424987448558953,[#6](-[#8:2]-[#6:3])(-[H])(-[H])-[H].[#8:59]=[#8]>>[#8:59](-[H])-[H].[#8:2](-[#6:3])-[H],"EVODEX.1-P505,EVODEX.1-P510,EVODEX.1-P477,EVODEX.1-P646,EVODEX.1-P640"
EVODEX.1-E512,107630320870105987849969040608923637303173361800771285156056038219936815932782,[#6:4]-[#6:5](-[#7:6](-[#6](=[#8])-[H])-[H:37])(-[#6:9])-[H:57]>>[#6:4]-[#6@:5](-[#7:6](-[H:37])-[H])(-[#6:9])-[H:57],"EVODEX.1-P5547,EVODEX.1-P5817,EVODEX.1-P5814,EVODEX.1-P5818,EVODEX.1-P5811"
EVODEX.1-E513,1883895469376424161960438644073970315361058899329533037633776206792311579353,[#8]=[#6](-[#8]-[H])-[#6](=[#8])-[#6](=[#6:8](-[#6:9])-[H:33])-[H]>>[#8]=[#6:8](-[#6:9])-[H:33],"EVODEX.1-P6311,EVODEX.1-P6316,EVODEX.1-P6335,EVODEX.1-P6313,EVODEX.1-P6325"
EVODEX.1-E514,72545391026327855578247210432561141350536203567257419256934728966094659702130,[#6:4](-[#6@:2])(=[#8:5])-[#6](-[#6](=[#8])-[#6](=[#8])-[#8]-[H])(-[H])-[H]>>[#6:4](-[#6@:2])(=[#8:5])-[#8]-[H],"EVODEX.1-P6039,EVODEX.1-P6041,EVODEX.1-P6043,EVODEX.1-P6042,EVODEX.1-P6045"
EVODEX.1-E515,95780922722440582769058345554815766509304953460211854834490495961769449492655,[#8]=[#6:8](-[#6:9])-[H:36]>>[#6](-[#6](=[#8])-[#6](=[#8])-[#8]-[H])(=[#6:8](-[#6:9])-[H:36])-[H],"EVODEX.1-P6341,EVODEX.1-P6330,EVODEX.1-P6324,EVODEX.1-P6336,EVODEX.1-P6314"
EVODEX.1-E516,86747074915734884906888830986019014964401907881000093959832798444709270969822,[#7:55](-[#6:56])(-[H:160])-[H]>>[#6](=[#8])(-[#6](-[#6](=[#8])-[#8]-[H])(-[H])-[H])-[#7:55](-[#6:56])-[H:160],"EVODEX.1-P1427,EVODEX.1-P1429,EVODEX.1-P1428,EVODEX.1-P2067,EVODEX.1-P1426"
EVODEX.1-E517,96861681015343255353773369283190921651738305505410275034714774480124166077955,[#6:72](-[#6@@:71]-[#6@:74](-[#8:75])(-[H:149])-[#6@@:76](-[#8:77])(-[H:151])-[#6@:78](-[#6@:69])(-[#8:79])-[H:153])-[#8:73]-[H]>>[#6](=[#8])(-[#6](-[#6](=[#8])-[#8]-[H])(-[H])-[H])-[#8:73]-[#6:72]-[#6@@:71]-[#6@:74](-[#6@@:76](-[#6@:78](-[#6@:69])(-[#8:79])-[H:153])(-[#8:77])-[H:151])(-[#8:75])-[H:149],"EVODEX.1-P1600,EVODEX.1-P1435,EVODEX.1-P1433,EVODEX.1-P1432,EVODEX.1-P1597"
EVODEX.1-E518,79712097127185018616204473245705193951332142301600131225476562670052297531858,[#6:19]-[#6@:20](-[#7:21](-[H:39])-[H:40])(-[#6:22]=[#8:23])-[H]>>[#6](-[#6](-[#6](-[H])(-[H])-[H])(-[#6](-[#6@@](-[#6](=[#8])-[#8]-[H])(-[#7:21](-[H:39])-[H:40])-[H])(-[H])-[H])-[H])(-[H])(-[H])-[H].[#8]=[#6:20](-[#6:19])-[#6:22]=[#8:23],"EVODEX.1-P3041,EVODEX.1-P3154,EVODEX.1-P3018,EVODEX.1-P2858,EVODEX.1-P3081"
EVODEX.1-E519,41970503980574246477869240440917387747421412780766617441206715304640180266007,[#6](-[#6](-[#6](-[H])(-[H])-[H])(-[#6](-[#6@@](-[#7:6](-[H:24])-[H:25])(-[#6](=[#8])-[#8]-[H])-[H])(-[H])-[H])-[H])(-[H])(-[H])-[H].[#6:15]-[#6:16](=[#8])-[#6:18]=[#8:19]>>[#7:6](-[#6:16](-[#6:15])(-[#6:18]=[#8:19])-[H])(-[H:24])-[H:25],"EVODEX.1-P3021,EVODEX.1-P3019,EVODEX.1-P3155,EVODEX.1-P3042,EVODEX.1-P2920"
EVODEX.1-E520,84873723557312396287172904435634920044221386956532360135538121518552185689307,[#8](-[#6](-[#6@@]1(-[H])-[#8]-[#6@@](-[#8:7]-[#6:8])(-[H])-[#6@@](-[#8]-[H])(-[H])-[#6@](-[#8]-[H])(-[H])-[#6@@]-1(-[#8]-[H])-[H])(-[H])-[H])-[H]>>[#8:7](-[#6:8])-[H],"EVODEX.1-P2487,EVODEX.1-P2467,EVODEX.1-P2351,EVODEX.1-P4524,EVODEX.1-P4488"
EVODEX.1-E521,55801723576602765499423088746209607420226488630637480066115932456128275068159,[#6:1]-[#16:2]-[#6@]1(-[H])-[#8]-[#6](-[#6](-[#8]-[H])(-[H])-[H])(-[H])-[#6@@](-[#8]-[H])(-[H])-[#6@](-[#8]-[H])(-[H])-[#6]-1(-[#8]-[H])-[H]>>[#6:1]-[#16:2]-[H],"EVODEX.1-P4364,EVODEX.1-P4353,EVODEX.1-P4365,EVODEX.1-P4362,EVODEX.1-P4359"
EVODEX.1-E522,38732650428181451509289081383647037783304554574443601272146676340235565757269,[#15:12]-[#8:15]-[#6]1(-[H])-[#8]-[#6@@](-[#6](-[#8]-[H])(-[H])-[H])(-[H])-[#6@@](-[#8]-[H])(-[H])-[#6@@](-[#8]-[H])(-[H])-[#6@]-1(-[#8]-[H])-[H]>>[#15:12]-[#8:15]-[H],"EVODEX.1-P2263,EVODEX.1-P2265,EVODEX.1-P2257,EVODEX.1-P3645,EVODEX.1-P2247"
EVODEX.1-E523,96863896685495342078015950071067502280385239906330086161753968825275848725787,[#6:3]-[#6@@:4](-[#8:5]-[#6@]1(-[H])-[#8]-[#6@@](-[#6](-[#8]-[H])(-[H])-[H])(-[H])-[#6@](-[#8]-[H])(-[H])-[#6@@](-[#8]-[H])(-[H])-[#6@]-1(-[#8]-[H])-[H])(-[H:50])-[#8:17]>>[#6:3]-[#6:4](-[#8:5]-[H])(-[H:50])-[#8:17],"EVODEX.1-P4316,EVODEX.1-P4319,EVODEX.1-P4334,EVODEX.1-P4427,EVODEX.1-P2344"
EVODEX.1-E524,80093403119360486121413815747643909208130557332012043397845964095039572361852,[#8](-[#6@@:29](-[#6@@:26])(-[H:81])-[#6@@:42])-[#6@]1(-[H])-[#8]-[#6@@](-[#6](-[#8]-[H])(-[H])-[H])(-[H])-[#6@@](-[#8]-[H])(-[H])-[#6@@](-[#8]-[H])(-[H])-[#6@]-1(-[#8]-[H])-[H]>>[#8](-[#6@:29](-[#6@@:26])(-[H:81])-[#6@@:42])-[H],"EVODEX.1-P4325,EVODEX.1-P4526,EVODEX.1-P4452,EVODEX.1-P4323,EVODEX.1-P4371"
EVODEX.1-E525,48715405745734625032215975773496309387217727098440655202750171712330732306039,([#6:36]-[#8:37]-[H].[#8:50]-[#6@:49](-[#6@:28])(-[H:86])-[#6@:51](-[#8:52])(-[H:88])-[#6@@:53](-[#6@@:26])(-[#8:54])-[H:90])>>([#8:37](-[#6@]1(-[H])-[#8]-[#6@@](-[#6](-[#8]-[H])(-[H])-[H])(-[H])-[#6@](-[#8]-[H])(-[H])-[#6@@](-[#8]-[H])(-[H])-[#6@]-1(-[#8]-[H])-[H])-[#6:36].[#8:54]-[#6@@:53](-[#6@@:26])(-[H:90])-[#6@@:51](-[#8:52])(-[H:88])-[#6@:49](-[#6@:28])(-[#8:50])-[H:86]),"EVODEX.1-P2385,EVODEX.1-P2409,EVODEX.1-P2411,EVODEX.1-P2404,EVODEX.1-P2389"
EVODEX.1-E526,59221864672677539203092487625271613547204222683913438658179259650255870946077,[#8:4](-[#6@@:3])-[H]>>[#8:4](-[#6@@:3])-[#6@]1(-[H])-[#8]-[#6@@](-[#6](-[#8]-[H])(-[H])-[H])(-[H])-[#6@@](-[#8]-[H])(-[H])-[#6@@](-[#8]-[H])(-[H])-[#6@]-1(-[#8]-[H])-[H],"EVODEX.1-P2325,EVODEX.1-P2315,EVODEX.1-P2347,EVODEX.1-P2418,EVODEX.1-P2361"
EVODEX.1-E527,88483861476082526690850123948617782404337521358611201977326397826509347195247,[#15:21]-[#8:23]-[H]>>[#15:21]-[#8:23]-[#6]1(-[H])-[#8]-[#6@@](-[#6](-[#8]-[H])(-[H])-[H])(-[H])-[#6@](-[#8]-[H])(-[H])-[#6@@](-[#8]-[H])(-[H])-[#6@@]-1(-[#8]-[H])-[H],"EVODEX.1-P2264,EVODEX.1-P2461,EVODEX.1-P2491,EVODEX.1-P2259,EVODEX.1-P2255"
EVODEX.1-E528,58586023870127915935681937288347669596569226838709167567447739381047866599777,[#6:12]-[#7:13](-[H:51])-[H]>>[#6:12]-[#7:13](-[#6]1(-[H])-[#8]-[#6@@](-[#6](-[#8]-[H])(-[H])-[H])(-[H])-[#6@](-[#8]-[H])(-[H])-[#6@@](-[#8]-[H])(-[H])-[#6@]-1(-[#8]-[H])-[H])-[H:51],"EVODEX.1-P2481,EVODEX.1-P2480,EVODEX.1-P2479,EVODEX.1-P2470,EVODEX.1-P2474"
EVODEX.1-E529,102908019102955435524415816806766634555617043101295161242009686246910083638035,[#6:6]-[#8:7]-[H]>>[#6:6]-[#8:7]-[#6@@]1(-[#6](-[#8]-[H])(-[H])-[H])-[#8]-[#6@@](-[#6](-[#8]-[H])(-[H])-[H])(-[H])-[#6@](-[#8]-[H])(-[H])-[#6@@]-1(-[#8]-[H])-[H],"EVODEX.1-P2239,EVODEX.1-P2289,EVODEX.1-P2493,EVODEX.1-P2290,EVODEX.1-P2292"
EVODEX.1-E530,107171729803055491994212164008033627369205543400183901087559381593296910978562,[#16:22](-[#6@:21])-[H]>>[#16:22](-[#6@:21])-[#6@]1(-[H])-[#8]-[#6@@](-[#6](-[#8]-[H])(-[H])-[H])(-[H])-[#6@@](-[#8]-[H])(-[H])-[#6@@](-[#8]-[H])(-[H])-[#6@]-1(-[#8]-[H])-[H],"EVODEX.1-P2336,EVODEX.1-P2332,EVODEX.1-P2338,EVODEX.1-P2334,EVODEX.1-P2339"
EVODEX.1-E531,41910153648161632845430353389023526174561208242975962976375267578837568961700,[#6:2]-[#6@@:19](-[#6@@:12])(-[#8:20]-[H])-[H:68]>>[#6:2]-[#6:19](-[#6@@:12])(-[#8:20]-[#6@]1(-[H])-[#8]-[#6@@](-[#6](-[#8]-[H])(-[H])-[H])(-[H])-[#6@](-[#8]-[H])(-[H])-[#6@@](-[#8]-[H])(-[H])-[#6@]-1(-[#8]-[H])-[H])-[H:68],"EVODEX.1-P2252,EVODEX.1-P2346,EVODEX.1-P2379,EVODEX.1-P2316,EVODEX.1-P2432"
EVODEX.1-E532,34466029877079467285905130034910031371028117726316264360541351619039684752612,[#8:17]-[#6@:18](-[H:58])(-[#6@:19])-[#6@@:43](-[#6:42])(-[#8:44]-[H])-[H:82]>>[#8:44](-[#6@]1(-[H])-[#8]-[#6@@](-[#6](-[#8]-[H])(-[H])-[H])(-[H])-[#6@](-[#8]-[H])(-[H])-[#6@@](-[#8]-[H])(-[H])-[#6@]-1(-[#8]-[H])-[H])-[#6@@:43](-[H:82])(-[#6@@:18](-[#8:17])(-[H:58])-[#6@:19])-[#6:42],"EVODEX.1-P2222,EVODEX.1-P2447,EVODEX.1-P2434,EVODEX.1-P2224,EVODEX.1-P2223"
EVODEX.1-E533,33338979501545626213658875781147144150007323493957481314114844888589360388207,[#6:11]-[#6:12](=[#8:13])-[#16:14]-[#6:15]>>[#6:11]-[#6:12](=[#8:13])-[#6](-[#7](-[H])-[H])(-[#6](-[#8]-[H])(-[H])-[H])-[H].[#16:14](-[#6:15])-[H],"EVODEX.1-P1763,EVODEX.1-P1783,EVODEX.1-P1791,EVODEX.1-P1781,EVODEX.1-P1777"
EVODEX.1-E534,98370433568475676027194222194549843189149167534799902981796786588181862231085,[#6:16]-[#6:17](=[#8:18])-[#7](-[#6](-[#6](-[#8]-[H])(-[H])-[H])(-[H])-[H])-[H].[#8:23](-[H:61])-[H]>>[#6:16]-[#6:17](=[#8:18])-[#8:23]-[H:61],"EVODEX.1-P5748,EVODEX.1-P5740,EVODEX.1-P5676,EVODEX.1-P5697,EVODEX.1-P5703"
EVODEX.1-E535,104249528167062909430267446793266521742794933010877500616537825540630956609096,[#6:27]-[#6:28](=[#8:29])-[#16]-[#6](-[#6](-[#7](-[#6](=[#8])-[#6](-[#6](-[#7](-[#6](=[#8])-[#6@](-[#8]-[H])(-[#6](-[#6](-[H])(-[H])-[H])(-[#6](-[H])(-[H])-[H])-[#6](-[#8]-[#15](=[#8])(-[#8]-[H])-[#8]-[#15](=[#8])(-[#8]-[H])-[#8]-[#6](-[#6@@]1(-[H])-[#8]-[#6@](-[#7]2:[#6](-[H]):[#7]:[#6]3:[#6](-[#7](-[H])-[H]):[#7]:[#6](-[H]):[#7]:[#6]:2:3)(-[H])-[#6@@](-[#8]-[H])(-[H])-[#6@@]-1(-[#8]-[#15](=[#8])(-[#8]-[H])-[#8]-[H])-[H])(-[H])-[H])(-[H])-[H])-[H])-[H])(-[H])-[H])(-[H])-[H])-[H])(-[H])-[H])(-[H])-[H]>>[#6:27]-[#6:28](-[#8:29]-[H])(-[H])-[H],"EVODEX.1-P754,EVODEX.1-P755,EVODEX.1-P750,EVODEX.1-P753,EVODEX.1-P749"
EVODEX.1-E536,74034852342790395952400489419040126689111069651760188292337709091619498458613,[#8:97]=[#6:98](-[#6:99])-[H]>>[#6](-[#6](-[#6](-[H])(-[H])-[H])(-[#6](-[#8]-[#15](=[#8])(-[#8]-[H])-[#8]-[#15](=[#8])(-[#8]-[H])-[#8]-[#6](-[#6@@]1(-[H])-[#8]-[#6@](-[#7]2:[#6](-[H]):[#7]:[#6]3:[#6](-[#7](-[H])-[H]):[#7]:[#6](-[H]):[#7]:[#6]:2:3)(-[H])-[#6@@](-[#8]-[H])(-[H])-[#6@@]-1(-[#8]-[#15](=[#8])(-[#8]-[H])-[#8]-[H])-[H])(-[H])-[H])(-[H])-[H])-[#6@@](-[#8]-[H])(-[#6](=[#8])-[#7](-[#6](-[#6](-[#6](=[#8])-[#7](-[#6](-[#6](-[#16]-[#6:98](=[#8:97])-[#6:99])(-[H])-[H])(-[H])-[H])-[H])(-[H])-[H])(-[H])-[H])-[H])-[H])(-[H])(-[H])-[H],"EVODEX.1-P738,EVODEX.1-P665,EVODEX.1-P668,EVODEX.1-P747,EVODEX.1-P674"
EVODEX.1-E537,96007439554800560420690306654093872748100629300822020760967395521295134932837,[#6:52]-[#6:53](=[#8:54])-[#6:55](=[#8:56])-[#8:57]-[H]>>[#6:55](=[#8:56])=[#8:57].[#6](-[#6](-[#6](-[H])(-[H])-[H])(-[#6](-[#8]-[#15](=[#8])(-[#8]-[H])-[#8]-[#15](=[#8])(-[#8]-[H])-[#8]-[#6](-[#6@@]1(-[H])-[#8]-[#6@](-[#7]2:[#6](-[H]):[#7]:[#6]3:[#6](-[#7](-[H])-[H]):[#7]:[#6](-[H]):[#7]:[#6]:2:3)(-[H])-[#6@@](-[#8]-[H])(-[H])-[#6@@]-1(-[#8]-[#15](=[#8])(-[#8]-[H])-[#8]-[H])-[H])(-[H])-[H])(-[H])-[H])-[#6@@](-[#8]-[H])(-[#6](=[#8])-[#7](-[#6](-[#6](-[#6](=[#8])-[#7](-[#6](-[#6](-[#16]-[#6:53](-[#6:52])=[#8:54])(-[H])-[H])(-[H])-[H])-[H])(-[H])-[H])(-[H])-[H])-[H])-[H])(-[H])(-[H])-[H],"EVODEX.1-P679,EVODEX.1-P680,EVODEX.1-P742,EVODEX.1-P794,EVODEX.1-P795"
EVODEX.1-E538,17774529788377681525821152778735791773446534614714940744475268965304347094736,[#6:13]-[#6:14](=[#8:15])-[#16]-[#6](-[#6](-[#7](-[#6](=[#8])-[#6](-[#6](-[#7](-[#6](=[#8])-[#6@](-[#8]-[H])(-[#6](-[#6](-[H])(-[H])-[H])(-[#6](-[H])(-[H])-[H])-[#6](-[#8]-[#15](=[#8])(-[#8]-[H])-[#8]-[#15](=[#8])(-[#8]-[H])-[#8]-[#6](-[#6@@]1(-[H])-[#8]-[#6@](-[#7]2:[#6](-[H]):[#7]:[#6]3:[#6](-[#7](-[H])-[H]):[#7]:[#6](-[H]):[#7]:[#6]:2:3)(-[H])-[#6@@](-[#8]-[H])(-[H])-[#6@@]-1(-[#8]-[#15](=[#8])(-[#8]-[H])-[#8]-[H])-[H])(-[H])-[H])(-[H])-[H])-[H])-[H])(-[H])-[H])(-[H])-[H])-[H])(-[H])-[H])(-[H])-[H].([#6:64]-[#6@:65](-[#7:66])(-[#6:84])-[H:233].[#6:82]-[#7:83](-[H:189])-[H])>>([#6:13]-[#6:14](=[#8:15])-[#7:83](-[#6:82])-[H:189].[#7:66]-[#6@@:65](-[#6:64])(-[#6:84])-[H:233]),"EVODEX.1-P2116,EVODEX.1-P2117,EVODEX.1-P2108,EVODEX.1-P2106,EVODEX.1-P2112"
EVODEX.1-E539,76577936644752720708605776724276408617437529234598199441014274207386183735300,[#6](-[#6](-[#6](-[H])(-[H])-[H])(-[#6](-[#8]-[#15](=[#8])(-[#8]-[H])-[#8]-[#15](=[#8])(-[#8]-[H])-[#8]-[#6](-[#6@@]1(-[H])-[#8]-[#6@](-[#7]2:[#6](-[H]):[#7]:[#6]3:[#6](-[#7](-[H])-[H]):[#7]:[#6](-[H]):[#7]:[#6]:2:3)(-[H])-[#6@@](-[#8]-[H])(-[H])-[#6@@]-1(-[#8]-[#15](=[#8])(-[#8]-[H])-[#8]-[H])-[H])(-[H])-[H])(-[H])-[H])-[#6@@](-[#8]-[H])(-[#6](=[#8])-[#7](-[#6](-[#6](-[#6](=[#8])-[#7](-[#6](-[#6](-[#16]-[#6:49](=[#8:50])-[#6:51])(-[H])-[H])(-[H])-[H])-[H])(-[H])-[H])(-[H])-[H])-[H])-[H])(-[H])(-[H])-[H].[#8:55](-[H:99])-[H]>>[#6:49](=[#8:50])(-[#6:51])-[#8:55]-[H:99],"EVODEX.1-P4166,EVODEX.1-P4158,EVODEX.1-P4156,EVODEX.1-P4159,EVODEX.1-P4162"
EVODEX.1-E540,39915441094596808934502821742155569163851047623315941815116821299214547153076,[#6:1]-[#6:2](=[#8:3])-[#16]-[#6](-[#6](-[#7](-[#6](=[#8])-[#6](-[#6](-[#7](-[#6](=[#8])-[#6@](-[#8]-[H])(-[#6](-[#6](-[H])(-[H])-[H])(-[#6](-[H])(-[H])-[H])-[#6](-[#8]-[#15](=[#8])(-[#8]-[H])-[#8]-[#15](=[#8])(-[#8]-[H])-[#8]-[#6](-[#6@@]1(-[H])-[#8]-[#6@](-[#7]2:[#6](-[H]):[#7]:[#6]3:[#6](-[#7](-[H])-[H]):[#7]:[#6](-[H]):[#7]:[#6]:2:3)(-[H])-[#6@@](-[#8]-[H])(-[H])-[#6@@]-1(-[#8]-[#15](=[#8])(-[#8]-[H])-[#8]-[H])-[H])(-[H])-[H])(-[H])-[H])-[H])-[H])(-[H])-[H])(-[H])-[H])-[H])(-[H])-[H])(-[H])-[H].[#8:52](-[#6:53])-[H]>>[#6:1]-[#6:2](=[#8:3])-[#8:52]-[#6:53],"EVODEX.1-P1686,EVODEX.1-P1599,EVODEX.1-P1942,EVODEX.1-P1938,EVODEX.1-P1818"
EVODEX.1-E541,82318435253939878818937453305554596440039152692937816335111989927731779260830,[#6:9]-[#6:10](=[#8:11])-[#16]-[#6](-[#6](-[#7](-[#6](=[#8])-[#6](-[#6](-[#7](-[#6](=[#8])-[#6@](-[#8]-[H])(-[#6](-[#6](-[H])(-[H])-[H])(-[#6](-[H])(-[H])-[H])-[#6](-[#8]-[#15](=[#8])(-[#8]-[H])-[#8]-[#15](=[#8])(-[#8]-[H])-[#8]-[#6](-[#6@@]1(-[H])-[#8]-[#6@](-[#7]2:[#6](-[H]):[#7]:[#6]3:[#6](-[#7](-[H])-[H]):[#7]:[#6](-[H]):[#7]:[#6]:2:3)(-[H])-[#6@@](-[#8]-[H])(-[H])-[#6@@]-1(-[#8]-[#15](=[#8])(-[#8]-[H])-[#8]-[H])-[H])(-[H])-[H])(-[H])-[H])-[H])-[H])(-[H])-[H])(-[H])-[H])-[H])(-[H])-[H])(-[H])-[H].[#6:65]-[#7:66](-[H:124])-[H]>>[#6:9]-[#6:10](=[#8:11])-[#7:66](-[#6:65])-[H:124],"EVODEX.1-P1824,EVODEX.1-P1447,EVODEX.1-P1459,EVODEX.1-P1766,EVODEX.1-P1767"
EVODEX.1-E542,87585395940039671524087839346657106934543280829169728981746644453396633816603,[#6:1](-[#6:2])(-[H:139])(-[H:140])-[H].[#6:53]-[#6:54](=[#8:55])-[#16]-[#6](-[#6](-[#7](-[#6](=[#8])-[#6](-[#6](-[#7](-[#6](=[#8])-[#6@](-[#8]-[H])(-[#6](-[#6](-[H])(-[H])-[H])(-[#6](-[H])(-[H])-[H])-[#6](-[#8]-[#15](=[#8])(-[#8]-[H])-[#8]-[#15](=[#8])(-[#8]-[H])-[#8]-[#6](-[#6@@]1(-[H])-[#8]-[#6@](-[#7]2:[#6](-[H]):[#7]:[#6]3:[#6](-[#7](-[H])-[H]):[#7]:[#6](-[H]):[#7]:[#6]:2:3)(-[H])-[#6@@](-[#8]-[H])(-[H])-[#6@@]-1(-[#8]-[#15](=[#8])(-[#8]-[H])-[#8]-[H])-[H])(-[H])-[H])(-[H])-[H])-[H])-[H])(-[H])-[H])(-[H])-[H])-[H])(-[H])-[H])(-[H])-[H]>>[#6:1](-[#6:2])(-[#6:54](-[#6:53])=[#8:55])(-[H:139])-[H:140],"EVODEX.1-P2086,EVODEX.1-P1577,EVODEX.1-P1570,EVODEX.1-P1774,EVODEX.1-P1714"
EVODEX.1-E543,79828479126650336690396092150449328593617528212385790736689337492547429054652,[#6:15]-[#6:16](=[#8:17])-[#16]-[#6](-[#6](-[#7](-[#6](=[#8])-[#6](-[#6](-[#7](-[#6](=[#8])-[#6@](-[#8]-[H])(-[#6](-[#6](-[H])(-[H])-[H])(-[#6](-[H])(-[H])-[H])-[#6](-[#8]-[#15](=[#8])(-[#8]-[H])-[#8]-[#15](=[#8])(-[#8]-[H])-[#8]-[#6](-[#6@@]1(-[H])-[#8]-[#6@](-[#7]2:[#6](-[H]):[#7]:[#6]3:[#6](-[#7](-[H])-[H]):[#7]:[#6](-[H]):[#7]:[#6]:2:3)(-[H])-[#6@@](-[#8]-[H])(-[H])-[#6@@]-1(-[#8]-[#15](=[#8])(-[#8]-[H])-[#8]-[H])-[H])(-[H])-[H])(-[H])-[H])-[H])-[H])(-[H])-[H])(-[H])-[H])-[H])(-[H])-[H])(-[H])-[H].[#16:66](-[#6:67])-[H]>>[#6:15]-[#6:16](=[#8:17])-[#16:66]-[#6:67],"EVODEX.1-P1861,EVODEX.1-P1596,EVODEX.1-P1828,EVODEX.1-P1594,EVODEX.1-P1860"
EVODEX.1-E544,71435598118341319637143735835101324934926532126504929462267272771940614390077,[#6:15]-[#6:16](=[#8:17])-[#16]-[#6](-[#6](-[#7](-[#6](=[#8])-[#6](-[#6](-[#7](-[#6](=[#8])-[#6@](-[#8]-[H])(-[#6](-[#6](-[H])(-[H])-[H])(-[#6](-[H])(-[H])-[H])-[#6](-[#8]-[#15](=[#8])(-[#8]-[H])-[#8]-[#15](=[#8])(-[#8]-[H])-[#8]-[#6](-[#6@@]1(-[H])-[#8]-[#6@](-[#7]2:[#6](-[H]):[#7]:[#6]3:[#6](-[#7](-[H])-[H]):[#7]:[#6](-[H]):[#7]:[#6]:2:3)(-[H])-[#6@@](-[#8]-[H])(-[H])-[#6@@]-1(-[#8]-[#15](=[#8])(-[#8]-[H])-[#8]-[H])-[H])(-[H])-[H])(-[H])-[H])-[H])-[H])(-[H])-[H])(-[H])-[H])-[H])(-[H])-[H])(-[H])-[H].[#15:72]-[#8:74]-[H]>>[#6:15]-[#6:16](=[#8:17])-[#8:74]-[#15:72],"EVODEX.1-P1635,EVODEX.1-P1641,EVODEX.1-P1632,EVODEX.1-P1627,EVODEX.1-P1639"
EVODEX.1-E545,101673060053043110710249734156797891772538423248152474237199859098330233403716,[#6:1]-[#6:2](=[#8:3])-[#16]-[#6](-[#6](-[#7](-[#6](=[#8])-[#6](-[#6](-[#7](-[#6](=[#8])-[#6@](-[#8]-[H])(-[#6](-[#6](-[H])(-[H])-[H])(-[#6](-[H])(-[H])-[H])-[#6](-[#8]-[#15](=[#8])(-[#8]-[H])-[#8]-[#15](=[#8])(-[#8]-[H])-[#8]-[#6](-[#6@@]1(-[H])-[#8]-[#6@](-[#7]2:[#6](-[H]):[#7]:[#6]3:[#6](-[#7](-[H])-[H]):[#7]:[#6](-[H]):[#7]:[#6]:2:3)(-[H])-[#6@@](-[#8]-[H])(-[H])-[#6@@]-1(-[#8]-[#15](=[#8])(-[#8]-[H])-[#8]-[H])-[H])(-[H])-[H])(-[H])-[H])-[H])-[H])(-[H])-[H])(-[H])-[H])-[H])(-[H])-[H])(-[H])-[H].[#7:66]-[#8:67]-[H]>>[#6:1]-[#6:2](=[#8:3])-[#8:67]-[#7:66],"EVODEX.1-P1444,EVODEX.1-P1451,EVODEX.1-P1449,EVODEX.1-P1442,EVODEX.1-P1446"
EVODEX.1-E546,26863323239973559384308964968832389289857622541025062371131115424711431246213,[#6:1]-[#6:2](=[#8:3])-[#16]-[#6](-[#6](-[#7](-[#6](=[#8])-[#6](-[#6](-[#7](-[#6](=[#8])-[#6@](-[#8]-[H])(-[#6](-[#6](-[H])(-[H])-[H])(-[#6](-[H])(-[H])-[H])-[#6](-[#8]-[#15](=[#8])(-[#8]-[H])-[#8]-[#15](=[#8])(-[#8]-[H])-[#8]-[#6](-[#6@@]1(-[H])-[#8]-[#6@](-[#7]2:[#6](-[H]):[#7]:[#6]3:[#6](-[#7](-[H])-[H]):[#7]:[#6](-[H]):[#7]:[#6]:2:3)(-[H])-[#6@@](-[#8]-[H])(-[H])-[#6@@]-1(-[#8]-[#15](=[#8])(-[#8]-[H])-[#8]-[H])-[H])(-[H])-[H])(-[H])-[H])-[H])-[H])(-[H])-[H])(-[H])-[H])-[H])(-[H])-[H])(-[H])-[H].[#6:69]-[#7:70](-[H])-[#6:71]>>[#6:1]-[#6:2](=[#8:3])-[#7:70](-[#6:69])-[#6:71],"EVODEX.1-P2072,EVODEX.1-P2068,EVODEX.1-P1590,EVODEX.1-P2070,EVODEX.1-P1853"
EVODEX.1-E547,111875512290733622107302225266632852246741065075392615982379896755514260183982,[#6:4]-[#6:5](=[#8:6])-[#16]-[#6](-[#6](-[#7](-[#6](=[#8])-[#6](-[#6](-[#7](-[#6](=[#8])-[#6@](-[#8]-[H])(-[#6](-[#6](-[H])(-[H])-[H])(-[#6](-[H])(-[H])-[H])-[#6](-[#8]-[#15](=[#8])(-[#8]-[H])-[#8]-[#15](=[#8])(-[#8]-[H])-[#8]-[#6](-[#6@@]1(-[H])-[#8]-[#6@](-[#7]2:[#6](-[H]):[#7]:[#6]3:[#6](-[#7](-[H])-[H]):[#7]:[#6](-[H]):[#7]:[#6]:2:3)(-[H])-[#6@@](-[#8]-[H])(-[H])-[#6@@]-1(-[#8]-[#15](=[#8])(-[#8]-[H])-[#8]-[H])-[H])(-[H])-[H])(-[H])-[H])-[H])-[H])(-[H])-[H])(-[H])-[H])-[H])(-[H])-[H])(-[H])-[H].[#6:59]-[#6:60](-[#8:61]-[H])(-[#6:62])-[H:120]>>[#6:4]-[#6:5](=[#8:6])-[#8:61]-[#6@@:60](-[#6:59])(-[#6:62])-[H:120],"EVODEX.1-P1804,EVODEX.1-P1718,EVODEX.1-P1515,EVODEX.1-P1699,EVODEX.1-P1512"
EVODEX.1-E548,24797024467509569640742291841309824443584592470402092292157313139867885627470,[#6:1]-[#6:2](=[#8:3])-[#16]-[#6](-[#6](-[#7](-[#6](=[#8])-[#6](-[#6](-[#7](-[#6](=[#8])-[#6@](-[#8]-[H])(-[#6](-[#6](-[H])(-[H])-[H])(-[#6](-[H])(-[H])-[H])-[#6](-[#8]-[#15](=[#8])(-[#8]-[H])-[#8]-[#15](=[#8])(-[#8]-[H])-[#8]-[#6](-[#6@@]1(-[H])-[#8]-[#6@](-[#7]2:[#6](-[H]):[#7]:[#6]3:[#6](-[#7](-[H])-[H]):[#7]:[#6](-[H]):[#7]:[#6]:2:3)(-[H])-[#6@@](-[#8]-[H])(-[H])-[#6@@]-1(-[#8]-[#15](=[#8])(-[#8]-[H])-[#8]-[H])-[H])(-[H])-[H])(-[H])-[H])-[H])-[H])(-[H])-[H])(-[H])-[H])-[H])(-[H])-[H])(-[H])-[H].[#6:55]-[#6@:56](-[#7:57](-[H:99])-[H])(-[#6:58])-[H:102]>>[#6:1]-[#6:2](=[#8:3])-[#7:57](-[#6@@:56](-[#6:55])(-[#6:58])-[H:102])-[H:99],"EVODEX.1-P1409,EVODEX.1-P1733,EVODEX.1-P1734,EVODEX.1-P1722,EVODEX.1-P1719"
EVODEX.1-E549,105777725968615531978509785896707990876403027464777752033115300128105423803983,[#6:4]-[#6:5](=[#8:6])-[#16]-[#6](-[#6](-[#7](-[#6](=[#8])-[#6](-[#6](-[#7](-[#6](=[#8])-[#6@](-[#8]-[H])(-[#6](-[#6](-[H])(-[H])-[H])(-[#6](-[H])(-[H])-[H])-[#6](-[#8]-[#15](=[#8])(-[#8]-[H])-[#8]-[#15](=[#8])(-[#8]-[H])-[#8]-[#6](-[#6@@]1(-[H])-[#8]-[#6@](-[#7]2:[#6](-[H]):[#7]:[#6]3:[#6](-[#7](-[H])-[H]):[#7]:[#6](-[H]):[#7]:[#6]:2:3)(-[H])-[#6@@](-[#8]-[H])(-[H])-[#6@@]-1(-[#8]-[#15](=[#8])(-[#8]-[H])-[#8]-[H])-[H])(-[H])-[H])(-[H])-[H])-[H])-[H])(-[H])-[H])(-[H])-[H])-[H])(-[H])-[H])(-[H])-[H].[#6:59]-[#6:60](-[#8:61])(-[#6:62])-[H]>>[#6:4]-[#6:5](=[#8:6])-[#6:60](-[#6:59])(-[#8:61])-[#6:62],"EVODEX.1-P1505,EVODEX.1-P1501,EVODEX.1-P1508,EVODEX.1-P1849,EVODEX.1-P1851"
EVODEX.1-E550,110740784612523778765294282830639127786619054919770981250424872500363616644637,[#6:15]-[#6:16](=[#8:17])-[#16]-[#6](-[#6](-[#7](-[#6](=[#8])-[#6](-[#6](-[#7](-[#6](=[#8])-[#6@](-[#8]-[H])(-[#6](-[#6](-[H])(-[H])-[H])(-[#6](-[H])(-[H])-[H])-[#6](-[#8]-[#15](=[#8])(-[#8]-[H])-[#8]-[#15](=[#8])(-[#8]-[H])-[#8]-[#6](-[#6@@]1(-[H])-[#8]-[#6@](-[#7]2:[#6](-[H]):[#7]:[#6]3:[#6](-[#7](-[H])-[H]):[#7]:[#6](-[H]):[#7]:[#6]:2:3)(-[H])-[#6@@](-[#8]-[H])(-[H])-[#6@@]-1(-[#8]-[#15](=[#8])(-[#8]-[H])-[#8]-[H])-[H])(-[H])-[H])(-[H])-[H])-[H])-[H])(-[H])-[H])(-[H])-[H])-[H])(-[H])-[H])(-[H])-[H].[#8:85]-[#6@:86](-[#6:87]-[#8:88]-[H])(-[#6:89])-[H:186]>>[#6:15]-[#6:16](=[#8:17])-[#8:88]-[#6:87]-[#6@@:86](-[#8:85])(-[#6:89])-[H:186],"EVODEX.1-P1663,EVODEX.1-P1835,EVODEX.1-P1667,EVODEX.1-P1832,EVODEX.1-P1670"
EVODEX.1-E551,1732808449440309428495549897769610763036388477681917895285947300977345899793,[#6:49]-[#6:51](-[#6:52](=[#8:53])-[#8:54]-[H])(-[H:134])-[H:135].[#6](-[#6](-[#6](-[H])(-[H])-[H])(-[#6](-[#8]-[#15](=[#8])(-[#8]-[H])-[#8]-[#15](=[#8])(-[#8]-[H])-[#8]-[#6](-[#6@@]1(-[H])-[#8]-[#6@](-[#7]2:[#6](-[H]):[#7]:[#6]3:[#6](-[#7](-[H])-[H]):[#7]:[#6](-[H]):[#7]:[#6]:2:3)(-[H])-[#6@@](-[#8]-[H])(-[H])-[#6@@]-1(-[#8]-[#15](=[#8])(-[#8]-[H])-[#8]-[H])-[H])(-[H])-[H])(-[H])-[H])-[#6@@](-[#8]-[H])(-[#6](=[#8])-[#7](-[#6](-[#6](-[#6](=[#8])-[#7](-[#6](-[#6](-[#16]-[#6:103](=[#8:104])-[#6:105])(-[H])-[H])(-[H])-[H])-[H])(-[H])-[H])(-[H])-[H])-[H])-[H])(-[H])(-[H])-[H]>>[#6:52](=[#8:53])=[#8:54].[#6:49]-[#6:51](-[#6:103](=[#8:104])-[#6:105])(-[H:134])-[H:135],"EVODEX.1-P1654,EVODEX.1-P1649,EVODEX.1-P1656,EVODEX.1-P1661,EVODEX.1-P1657"
EVODEX.1-E552,18091227529530135306403955027287231157673243443774926839966188184537775461107,[#6:11]-[#6:12](=[#8:13])-[#16]-[#6](-[#6](-[#7](-[#6](=[#8])-[#6](-[#6](-[#7](-[#6](=[#8])-[#6@](-[#8]-[H])(-[#6](-[#6](-[H])(-[H])-[H])(-[#6](-[H])(-[H])-[H])-[#6](-[#8]-[#15](=[#8])(-[#8]-[H])-[#8]-[#15](=[#8])(-[#8]-[H])-[#8]-[#6](-[#6@@]1(-[H])-[#8]-[#6@](-[#7]2:[#6](-[H]):[#7]:[#6]3:[#6](-[#7](-[H])-[H]):[#7]:[#6](-[H]):[#7]:[#6]:2:3)(-[H])-[#6@@](-[#8]-[H])(-[H])-[#6@@]-1(-[#8]-[#15](=[#8])(-[#8]-[H])-[#8]-[H])-[H])(-[H])-[H])(-[H])-[H])-[H])-[H])(-[H])-[H])(-[H])-[H])-[H])(-[H])-[H])(-[H])-[H].[#7:62]-[#6@@:63](-[#6:64])(-[#6:66](=[#8:67])-[#8:68]-[H])-[H:131]>>[#6:66](=[#8:67])=[#8:68].[#6:11]-[#6:12](=[#8:13])-[#6:63](-[#7:62])(-[#6:64])-[H:131],"EVODEX.1-P1761,EVODEX.1-P1757,EVODEX.1-P1779,EVODEX.1-P1760,EVODEX.1-P1794"
EVODEX.1-E553,6453912947353072823978220306559807383262952581244759112418476500637184485741,[#6:1](-[#6:2](=[#8:3])-[#16]-[#6](-[#6](-[#7](-[#6](=[#8])-[#6](-[#6](-[#7](-[#6](=[#8])-[#6@](-[#8]-[H])(-[#6](-[#6](-[H])(-[H])-[H])(-[#6](-[H])(-[H])-[H])-[#6](-[#8]-[#15](=[#8])(-[#8]-[H])-[#8]-[#15](=[#8])(-[#8]-[H])-[#8]-[#6](-[#6@@]1(-[H])-[#8]-[#6@](-[#7]2:[#6](-[H]):[#7]:[#6]3:[#6](-[#7](-[H])-[H]):[#7]:[#6](-[H]):[#7]:[#6]:2:3)(-[H])-[#6@@](-[#8]-[H])(-[H])-[#6@@]-1(-[#8]-[#15](=[#8])(-[#8]-[H])-[#8]-[H])-[H])(-[H])-[H])(-[H])-[H])-[H])-[H])(-[H])-[H])(-[H])-[H])-[H])(-[H])-[H])(-[H])-[H])(-[H:98])(-[H:99])-[H].[#8:53]=[#6:54]-[#6:56](=[#8:57])-[#6:58].[#8:52](-[H:106])-[H]>>[#6:1](-[#6:2](=[#8:3])-[#8:52]-[H:106])(-[#6@:56](-[#6:54]=[#8:53])(-[#8:57]-[H])-[#6:58])(-[H:98])-[H:99],"EVODEX.1-P2169,EVODEX.1-P2186,EVODEX.1-P2204,EVODEX.1-P2184,EVODEX.1-P2196"
EVODEX.1-E554,56943560045072104497189209036976555295246627066004914177237361872963516136769,[#6](-[#6](-[#6](-[H])(-[H])-[H])(-[#6](-[#8]-[#15](=[#8])(-[#8]-[H])-[#8]-[#15](=[#8])(-[#8]-[H])-[#8]-[#6](-[#6@@]1(-[H])-[#8]-[#6@](-[#7]2:[#6](-[H]):[#7]:[#6]3:[#6](-[#7](-[H])-[H]):[#7]:[#6](-[H]):[#7]:[#6]:2:3)(-[H])-[#6@@](-[#8]-[H])(-[H])-[#6@@]-1(-[#8]-[#15](=[#8])(-[#8]-[H])-[#8]-[H])-[H])(-[H])-[H])(-[H])-[H])-[#6@@](-[#8]-[H])(-[#6](=[#8])-[#7](-[#6](-[#6](-[#6](=[#8])-[#7](-[#6](-[#6](-[#16]-[#6:49](=[#8:50])-[#6@:51])(-[H])-[H])(-[H])-[H])-[H])(-[H])-[H])(-[H])-[H])-[H])-[H])(-[H])(-[H])-[H].[#8:80]-[#15:81](=[#8:82])(-[#8:83]-[H:143])-[#8:84].[#15:90]-[#8:91]-[H]>>[#6:49](=[#8:50])(-[#6@:51])-[#8:83]-[H:143].[#8:80]-[#15:81](=[#8:82])(-[#8:84])-[#8:91]-[#15:90],"EVODEX.1-P6873,EVODEX.1-P6765,EVODEX.1-P6867,EVODEX.1-P6743,EVODEX.1-P6633"
EVODEX.1-E555,18776050395447121087027014018549731981702666121245083248144338239757844590543,[#6:3]-[#6:4](-[#6:5](=[#8:6])-[#16]-[#6](-[#6](-[#7](-[#6](=[#8])-[#6](-[#6](-[#7](-[#6](=[#8])-[#6@](-[#8]-[H])(-[#6](-[#6](-[H])(-[H])-[H])(-[#6](-[H])(-[H])-[H])-[#6](-[#8]-[#15](=[#8])(-[#8]-[H])-[#8]-[#15](=[#8])(-[#8]-[H])-[#8]-[#6](-[#6@@]1(-[H])-[#8]-[#6@](-[#7]2:[#6](-[H]):[#7]:[#6]3:[#6](-[#7](-[H])-[H]):[#7]:[#6](-[H]):[#7]:[#6]:2:3)(-[H])-[#6@@](-[#8]-[H])(-[H])-[#6@@]-1(-[#8]-[#15](=[#8])(-[#8]-[H])-[#8]-[H])-[H])(-[H])-[H])(-[H])-[H])-[H])-[H])(-[H])-[H])(-[H])-[H])-[H])(-[H])-[H])(-[H])-[H])(-[H:100])-[H].[#6:59]-[#6:60](=[#8:61])-[#6:62]=[#8:63].[#8:55](-[H:113])-[H]>>[#6:3]-[#6:4](-[#6:5](=[#8:6])-[#8:55]-[H:113])(-[#6:60](-[#6:59])(-[#8:61]-[H])-[#6:62]=[#8:63])-[H:100],"EVODEX.1-P2213,EVODEX.1-P2210,EVODEX.1-P2217,EVODEX.1-P2189,EVODEX.1-P2181"
EVODEX.1-E556,15635377892571855127641286657533280541337553943790605201635066819159768511765,[#7:5](-[#6:6])(-[H:24])-[H]>>[#6](-[#6](=[#8])-[#7:5](-[#6:6])-[H:24])(-[H])(-[H])-[H],"EVODEX.1-P1771,EVODEX.1-P2075,EVODEX.1-P1772,EVODEX.1-P2064,EVODEX.1-P5824"
EVODEX.1-E557,60834357553513004676128554437900215562327730082401996911685141850098872113,[#6:13]-[#8:14]-[H]>>[#6](-[#6](=[#8])-[#8:14]-[#6:13])(-[H])(-[H])-[H],"EVODEX.1-P1587,EVODEX.1-P1844,EVODEX.1-P1855,EVODEX.1-P1845,EVODEX.1-P1618"
EVODEX.1-E558,11939656286112870917918510110782613357242796139319117968444444422522576781511,[#6:55](-[#6:56])(-[H:100])(-[H:101])-[H]>>[#6](-[#6](=[#8])-[#6:55](-[#6:56])(-[H:100])-[H:101])(-[H])(-[H])-[H],"EVODEX.1-P1775,EVODEX.1-P2087,EVODEX.1-P1715,EVODEX.1-P1770,EVODEX.1-P2082"
EVODEX.1-E559,82675596740108709770510947222849604909763238175695777626557771604210305237965,[#6:69]-[#7:70](-[H])-[#6:71]>>[#6](-[#6](=[#8])-[#7:70](-[#6:69])-[#6:71])(-[H])(-[H])-[H],"EVODEX.1-P2073,EVODEX.1-P1768,EVODEX.1-P1823,EVODEX.1-P1716,EVODEX.1-P1822"
EVODEX.1-E560,74082266747282392018882915566362237906672758175709277621652911008393552640541,[#6:9]-[#6@@:10](-[#7:11](-[H:19])-[H])(-[#6:12])-[H:22]>>[#6](-[#6](=[#8])-[#7:11](-[#6@:10](-[#6:9])(-[#6:12])-[H:22])-[H:19])(-[H])(-[H])-[H],"EVODEX.1-P1735,EVODEX.1-P1731,EVODEX.1-P1708,EVODEX.1-P1732,EVODEX.1-P1736"
EVODEX.1-E561,112957702482833357216276066494850649207750791388396409708275523509258620186465,[#6:57]-[#6@@:58](-[#8:59]-[H])(-[#6:60])-[H:111]>>[#6](-[#6](=[#8])-[#8:59]-[#6@:58](-[#6:57])(-[#6:60])-[H:111])(-[H])(-[H])-[H],"EVODEX.1-P1569,EVODEX.1-P1842,EVODEX.1-P1698,EVODEX.1-P1857,EVODEX.1-P1755"
EVODEX.1-E562,97830815160533255314418694722715033695527592091468185071155522000204088496338,[#8:53]=[#6:54]-[#6:56](=[#8:57])-[#6:58].[#8:52](-[H:106])-[H]>>[#6](-[#6](=[#8])-[#8:52]-[H:106])(-[#6@:56](-[#6:54]=[#8:53])(-[#8:57]-[H])-[#6:58])(-[H])-[H],"EVODEX.1-P2170,EVODEX.1-P2187,EVODEX.1-P2175,EVODEX.1-P2200,EVODEX.1-P2194"
EVODEX.1-E563,30051813597177228545252811618917639355450574949482971078303241386881385480247,[#6:53]-[#6:54](=[#8:55])-[#16]-[#6](-[#6](-[#7](-[#6](=[#8])-[#6](-[#6](-[#7](-[#6](=[#8])-[#6@](-[#8]-[H])(-[#6](-[#6](-[H])(-[H])-[H])(-[#6](-[H])(-[H])-[H])-[#6](-[#8]-[#15](=[#8])(-[#8]-[H])-[#8]-[#15](=[#8])(-[#8]-[H])-[#8]-[#6](-[#6@@]1(-[H])-[#8]-[#6@](-[#7]2:[#6](-[H]):[#7]:[#6]3:[#6](-[#7](-[H])-[H]):[#7]:[#6](-[H]):[#7]:[#6]:2:3)(-[H])-[#6@@](-[#8]-[H])(-[H])-[#6@@]-1(-[#8]-[#15](=[#8])(-[#8]-[H])-[#8]-[H])-[H])(-[H])-[H])(-[H])-[H])-[H])-[H])(-[H])-[H])(-[H])-[H])-[H])(-[H])-[H])(-[H])-[H]>>[#6](-[#6](=[#8])-[#16]-[#6](-[#6](-[#7](-[#6](=[#8])-[#6](-[#6](-[#7](-[#6](=[#8])-[#6@](-[#8]-[H])(-[#6](-[#6](-[H])(-[H])-[H])(-[#6](-[H])(-[H])-[H])-[#6](-[#8]-[#15](=[#8])(-[#8]-[H])-[#8]-[#15](=[#8])(-[#8]-[H])-[#8]-[#6](-[#6@@]1(-[H])-[#8]-[#6@](-[#7]2:[#6](-[H]):[#7]:[#6]3:[#6](-[#7](-[H])-[H]):[#7]:[#6](-[H]):[#7]:[#6]:2:3)(-[H])-[#6@@](-[#8]-[H])(-[H])-[#6@@]-1(-[#8]-[#15](=[#8])(-[#8]-[H])-[#8]-[H])-[H])(-[H])-[H])(-[H])-[H])-[H])-[H])(-[H])-[H])(-[H])-[H])-[H])(-[H])-[H])(-[H])-[H])(-[#6:54](-[#6:53])=[#8:55])(-[H])-[H],"EVODEX.1-P1659,EVODEX.1-P2090,EVODEX.1-P1652,EVODEX.1-P1578,EVODEX.1-P1575"
EVODEX.1-E564,94157191359568186473861239883757917412459012452972170009528983437479432135866,[#8]=[#6](-[#8]-[H])-[#6](=[#8])-[#6](=[#6:8](-[#6:9])-[H:33])-[H].[#8:1](-[H])-[H]>>[#8:1]=[#6:8](-[#6:9])-[H:33],"EVODEX.1-P6326,EVODEX.1-P6310,EVODEX.1-P6334,EVODEX.1-P6345,EVODEX.1-P6308"
EVODEX.1-E565,45696081992009994806248840414876511260141088577497787757466427658522209154400,[#6:2]-[#6:4](-[#8:5]-[H])(-[#6](-[#6](=[#8])-[#6](=[#8])-[#8]-[H])(-[H])-[H])-[H:19]>>[#6:2]-[#6:4](=[#8:5])-[H:19],"EVODEX.1-P6272,EVODEX.1-P6373,EVODEX.1-P6370,EVODEX.1-P6367,EVODEX.1-P6254"
EVODEX.1-E566,44258328438486165092138068067734033382507041621909614686011980342835806755584,[#6](-[#6@](-[#7:3](-[H:23])-[H:24])(-[#6](=[#8])-[#8]-[H])-[H])(-[H])(-[H])-[H].[#6:18]-[#6:19](=[#8])-[H:35]>>[#7:3](-[#6:19](-[#6:18])(-[H:35])-[H])(-[H:23])-[H:24],"EVODEX.1-P3002,EVODEX.1-P2840,EVODEX.1-P2842,EVODEX.1-P6059,EVODEX.1-P2983"
EVODEX.1-E567,84956311875728790273227469929681595867934226818764381293289252116698041342081,[#6:3]-[#6:4](-[#6:5])=[#8].[#6](-[#6@@](-[#7:9](-[H:23])-[H:24])(-[#6](=[#8])-[#8]-[H])-[H])(-[H])(-[H])-[H]>>[#6:3]-[#6@@:4](-[#6:5])(-[#7:9](-[H:23])-[H:24])-[H],"EVODEX.1-P2935,EVODEX.1-P2933,EVODEX.1-P2839,EVODEX.1-P2927,EVODEX.1-P2929"
EVODEX.1-E568,6865688372355578967077415562513396815519172670585435753852520323798643960774,[#6:4](-[#6@:2])(=[#8:5])-[#6](-[#6](=[#8])-[#6](=[#8])-[#8]-[H])(-[H])-[H].[#8:12](-[H:21])-[H]>>[#6:4](-[#6@:2])(=[#8:5])-[#8:12]-[H:21],"EVODEX.1-P6038,EVODEX.1-P6047,EVODEX.1-P6054,EVODEX.1-P6044,EVODEX.1-P6040"
EVODEX.1-E569,113574234746695290626765031409674812428725455194850172547977804997240053169199,[#6:52]-[#6:53](-[#6](=[#8])-[#8]-[H])(-[H:79])-[H:80]>>[#6:52]-[#6:53](-[H:79])(-[H:80])-[H],"EVODEX.1-P6156,EVODEX.1-P3819,EVODEX.1-P6155,EVODEX.1-P6167,EVODEX.1-P83"
EVODEX.1-E570,40732121478599892679575541446608262784875785791378117683844915582678520769164,[#8]=[#6](-[#8]-[H])-[#6:4](=[#6:5])-[H:17]>>[#6:4](=[#6:5])(-[H:17])-[H],"EVODEX.1-P6149,EVODEX.1-P6151,EVODEX.1-P6150,EVODEX.1-P6154,EVODEX.1-P6208"
EVODEX.1-E571,91164755357734410577925580838823729316673775135563288263088982682822961685787,[#6:7]-[#6@:8](-[#7:9])(-[#6](=[#8])-[#8]-[H])-[H:16]>>[#6:7]-[#6:8](-[#7:9])(-[H:16])-[H],"EVODEX.1-P6163,EVODEX.1-P6166,EVODEX.1-P6176,EVODEX.1-P6165,EVODEX.1-P6160"
EVODEX.1-E572,13985994074665068797116209516867755442051865156160414883089941946822468245506,[#8]=[#6](-[#8]-[H])-[#6:4](=[#8:5])-[#6:6]>>[#6:4](=[#8:5])(-[#6:6])-[H],"EVODEX.1-P6192,EVODEX.1-P6144,EVODEX.1-P6174,EVODEX.1-P6189,EVODEX.1-P6209"
EVODEX.1-E573,29494897091282767912839777743603003756217724469097098454779269740048854324292,[#6:38]-[#6:39](-[#6](=[#8])-[#8]-[H])(-[#6:43])-[H:74]>>[#6:38]-[#6:39](-[#6:43])(-[H:74])-[H],"EVODEX.1-P86,EVODEX.1-P6171,EVODEX.1-P6211,EVODEX.1-P6196,EVODEX.1-P6178"
EVODEX.1-E574,27140024359604555363507028775084099875482819138045182919252819482079586151029,[#8]=[#6](-[#8]-[H])-[#6:4](-[#8:5])(-[#6:6])-[#6:9]>>[#8:5]-[#6@@:4](-[#6:6])(-[#6:9])-[H],"EVODEX.1-P6202,EVODEX.1-P6203,EVODEX.1-P6200,EVODEX.1-P6199,EVODEX.1-P6205"
EVODEX.1-E575,36852600485820934973737992680450489973743587651479948266065338860936752026597,[#7:2]-[#6:3](-[#6:4])(-[#6](=[#8])-[#8]-[H])-[H].[#8:14]=[#8:15]>>[#7:2]-[#6:3](-[#6:4])=[#8:14].[#8:15](-[H])-[H],"EVODEX.1-P278,EVODEX.1-P288,EVODEX.1-P275,EVODEX.1-P280,EVODEX.1-P286"
EVODEX.1-E576,79788929376047523488368216379271149718721067659132889081882618109932144184349,[#6:1]-[#6:2](-[#8]-[#6](=[#8])-[#7:6](-[#6:7])-[H:19])(-[H:20])-[H:21].[#8:13](-[H:25])-[H]>>[#6:1]-[#6:2](-[#8:13]-[H:25])(-[H:20])-[H:21].[#7:6](-[#6:7])(-[H:19])-[H],"EVODEX.1-P5758,EVODEX.1-P5768,EVODEX.1-P5759,EVODEX.1-P5764,EVODEX.1-P5753"
EVODEX.1-E577,99850708912134649431918683019643771308255027241888940902635850077371677331432,[#6:2]-[#6:3](=[#8:4])-[#6](=[#8])-[#8]-[H].[#6:14]-[#6:15](=[#8:16])-[H:27]>>[#6:2]-[#6:3](=[#8:4])-[#6:15](-[#6:14])(-[#8:16]-[H])-[H:27],"EVODEX.1-P1371,EVODEX.1-P1404,EVODEX.1-P1369,EVODEX.1-P1395,EVODEX.1-P1400"
EVODEX.1-E578,89484033837842897024517500206377798089137728340487815975192541375205172294215,[#6:4](-[#6@:3])(-[H:22])(-[H:23])-[H].[#6:14]-[#6:15](=[#8:16])-[#6](=[#8])-[#8]-[H].[#8:20]=[#8:21]>>[#6:4](-[#6@:3])(-[#8:20]-[H])(-[H:22])-[H:23].[#6:14]-[#6:15](=[#8:16])-[#8:21]-[H],"EVODEX.1-P373,EVODEX.1-P421,EVODEX.1-P371,EVODEX.1-P396,EVODEX.1-P412"
EVODEX.1-E579,46947384478596476357555572951435824338424932257560571405470153570868296454089,[#6:13]-[#6:14](-[H:34])(-[H])-[#6@@:15].[#6:6]-[#6:7](=[#8:8])-[#6](=[#8])-[#8]-[H].[#8:32]=[#8:33]>>[#6:13]-[#6@:14](-[#8:33]-[H])(-[H:34])-[#6@@:15].[#6:6]-[#6:7](=[#8:8])-[#8:32]-[H],"EVODEX.1-P326,EVODEX.1-P387,EVODEX.1-P382,EVODEX.1-P345,EVODEX.1-P331"
EVODEX.1-E580,13222809733870095307841468001514362264920531188191389071128392599453309203667,[#6:11]-[#6:12](=[#8:13])-[#16:14]-[#6:15].[#7:62]-[#6@@:63](-[#6:64])(-[#6](=[#8])-[#8]-[H])-[H:131]>>[#6:11]-[#6:12](=[#8:13])-[#6:63](-[#7:62])(-[#6:64])-[H:131].[#16:14](-[#6:15])-[H],"EVODEX.1-P1782,EVODEX.1-P1765,EVODEX.1-P1786,EVODEX.1-P1796,EVODEX.1-P1790"
EVODEX.1-E581,109397895361996576325619876149923850341579948086944785273316856406028589923366,[#7:4]-[#6:5](-[#6:6])(-[H:36])-[H].[#6:18]-[#6:19](=[#8:20])-[#6](=[#8])-[#8]-[H].[#8:24]=[#8:25]>>[#7:4]-[#6:5](-[#6:6])(-[#8:24]-[H])-[H:36].[#6:18]-[#6:19](=[#8:20])-[#8:25]-[H],"EVODEX.1-P342,EVODEX.1-P359,EVODEX.1-P364,EVODEX.1-P639,EVODEX.1-P637"
EVODEX.1-E582,110908492088418379907808766779664483733905446775182203171286976740874960488998,[#6:1]-[#6:2](=[#8:3])-[#6](=[#8])-[#8]-[H].[#6:12]-[#6:13](=[#6:14](-[#6:15]=[#8:17])-[H:25])-[H:26]>>[#6:1]-[#6:2](=[#8:3])-[#6@:13](-[#6:12])(-[#6:14](-[#6:15]=[#8:17])(-[H:25])-[H])-[H:26],"EVODEX.1-P1377,EVODEX.1-P1373,EVODEX.1-P1386,EVODEX.1-P1383,EVODEX.1-P1375"
EVODEX.1-E583,103427848795513640665219028590956943514764203830951440994676826401799154819933,[#6:1](-[#6:2]1(-[#6:3])-[#16:4]-[#6:5]-[#7:18]-[#6:19]-1(-[#6:20]=[#8:21])-[H])(-[H:48])(-[H:49])-[H].[#6:27]-[#6:28](=[#8:29])-[#6](=[#8])-[#8]-[H].[#8:33]=[#8:34]>>[#6:1]1(-[H:48])(-[H:49])-[#6:2](-[#6:3])=[#6:19](-[#6:20]=[#8:21])-[#7:18]-[#6:5]-[#16:4]-1.[#6:27]-[#6:28](=[#8:29])-[#8:33]-[H].[#8:34](-[H])-[H],"EVODEX.1-P612,EVODEX.1-P633,EVODEX.1-P630,EVODEX.1-P623,EVODEX.1-P608"
EVODEX.1-E584,27122210580203323078217216374475831869714553154274016124224673377585984146152,[#6:4]-[#6:5](-[#8:6]-[H])(-[#6@@](-[#8]-[H])(-[#6](=[#8])-[#6](-[#8]-[H])(-[H])-[H])-[H])-[H:19]>>[#6:4]-[#6:5](=[#8:6])-[H:19],"EVODEX.1-P6267,EVODEX.1-P1388,EVODEX.1-P6263,EVODEX.1-P6276,EVODEX.1-P6279"
EVODEX.1-E585,95480158768153440389374413745457627869950673761057749637390506203582994710788,[#8:7]=[#6:8](-[#6:9])-[H:23]>>[#8]=[#6](-[#6@](-[#8]-[H])(-[#6:8](-[#8:7]-[H])(-[#6:9])-[H:23])-[H])-[#6](-[#8]-[H])(-[H])-[H],"EVODEX.1-P6275,EVODEX.1-P5298,EVODEX.1-P6262,EVODEX.1-P6265,EVODEX.1-P6278"
EVODEX.1-E586,63455661982977832623689166121757120781518889686385171739611802088901846322595,[#8:7]=[#6:8](-[#6:9])-[H:36]>>[#6](-[#6](=[#8])-[#6](=[#8])-[#8]-[H])(=[#6:8](-[#6:9])-[H:36])-[H].[#8:7](-[H])-[H],"EVODEX.1-P6315,EVODEX.1-P6317,EVODEX.1-P6319,EVODEX.1-P6331,EVODEX.1-P6342"
EVODEX.1-E587,107840411454119583211323778417081763411563003138420826787195263958041217002160,[#7:7](-[#6:8](-[#6:9])(-[H:20])-[H])(-[H:22])-[H:23]>>[#6](-[#6](-[#6](=[#8])-[#8]-[H])(-[#7:7](-[H:22])-[H:23])-[H])(-[H])(-[H])-[H].[#8]=[#6:8](-[#6:9])-[H:20],"EVODEX.1-P2834,EVODEX.1-P3004,EVODEX.1-P2837,EVODEX.1-P2832,EVODEX.1-P2988"
EVODEX.1-E588,48141359060133447792397456155880834216848340391415260696072340122094202069077,[#6:8]-[#6:10](=[#8:11])-[H:19]>>[#6](-[#6](=[#8])-[#6](=[#8])-[#8]-[H])(-[#6:10](-[#6:8])(-[#8:11]-[H])-[H:19])(-[H])-[H],"EVODEX.1-P2657,EVODEX.1-P6376,EVODEX.1-P6368,EVODEX.1-P6252,EVODEX.1-P2658"
EVODEX.1-E589,75359072015861216557664179459701571684356822813120816556888720858477749663818,[#7:7](-[#6@:8](-[#6:9])(-[#6:15])-[H])(-[H:35])-[H:36]>>[#6](-[#6@@](-[#6](=[#8])-[#8]-[H])(-[#7:7](-[H:35])-[H:36])-[H])(-[H])(-[H])-[H].[#8]=[#6:8](-[#6:9])-[#6:15],"EVODEX.1-P2893,EVODEX.1-P2906,EVODEX.1-P3222,EVODEX.1-P3177,EVODEX.1-P3107"
EVODEX.1-E590,110135289569160917987248788254209600954482442194308108297221660342762788165080,[#15:24]-[#8:27]-[#15:28](=[#8:29])(-[#8:30])-[#8:31]>>[#15:24]-[#8:27]-[H].[#15:28](=[#8:29])(-[#8:30])(-[#8:31])-[#8]-[#6](=[#6](-[H])-[H])-[#6](=[#8])-[#8]-[H],"EVODEX.1-P3373,EVODEX.1-P3378,EVODEX.1-P6170,EVODEX.1-P3375,EVODEX.1-P3377"
EVODEX.1-E591,58368819599003814430205007899226211814361947695100885423901044172372782960904,[#6:7]-[#6:8](-[H:98])(-[H:99])-[H]>>[#6:7]-[#6:8](-[#6](=[#8])-[#8]-[H])(-[H:98])-[H:99],"EVODEX.1-P7556,EVODEX.1-P1340,EVODEX.1-P2925,EVODEX.1-P7553,EVODEX.1-P85"
EVODEX.1-E592,48757893239796247325168447822054238384724819537769494858550661332391183122523,[#6:5]-[#6:6](=[#8:7])-[H]>>[#6:5]-[#6:6](=[#8:7])-[#6](-[#8]-[H])=[#8],"EVODEX.1-P6143,EVODEX.1-P6142,EVODEX.1-P6145,EVODEX.1-P6146,EVODEX.1-P6187"
EVODEX.1-E593,90277028024716110075655788572841119176468010049885847836601303844411789823817,[#6:3]-[#6@@:4](-[#8:5]-[H])(-[#6@@](-[#8]-[H])(-[#6](=[#8])-[#6](-[#8]-[#15](=[#8])(-[#8]-[H])-[#8]-[H])(-[H])-[H])-[H])-[H:23]>>[#6:3]-[#6:4](=[#8:5])-[H:23],"EVODEX.1-P6260,EVODEX.1-P6256,EVODEX.1-P6273,EVODEX.1-P6271,EVODEX.1-P6274"
EVODEX.1-E594,38572154771443974751096651012846269362532829229812070462819658944466363347306,[#7:1](-[#6@@](-[#6](-[#6](-[#6](=[#8])-[#8]-[H])(-[H])-[H])(-[H])-[H])(-[#6](=[#8])-[#8]-[H])-[H])(-[H:25])-[H:26].[#8]=[#6:12](-[#6:13])-[H:30]>>[#7:1](-[#6:12](-[#6:13])(-[H:30])-[H])(-[H:25])-[H:26],"EVODEX.1-P2852,EVODEX.1-P2912,EVODEX.1-P2989,EVODEX.1-P2939,EVODEX.1-P2821"
EVODEX.1-E595,1205795032588791081008589280874991725717544999851645995878429863742097881595,[#6:6](-[#6@:5])(=[#8])-[#6@@:8].[#7:41](-[#6@@](-[#6](-[#6](-[#6](=[#8])-[#8]-[H])(-[H])-[H])(-[H])-[H])(-[#6](=[#8])-[#8]-[H])-[H])(-[H:81])-[H:82]>>[#7:41](-[#6@@:6](-[#6@:5])(-[H])-[#6@@:8])(-[H:81])-[H:82],"EVODEX.1-P2825,EVODEX.1-P2990,EVODEX.1-P2815,EVODEX.1-P2992,EVODEX.1-P2817"
EVODEX.1-E596,67907798200081338059531661375298498996406995506469221945221510126097568273799,[#6:20](-[#6@@:19])(-[#7:21](-[H:61])-[H:62])(-[H:63])-[H]>>[#6:20](-[#6@@:19])(=[#8])-[H:63].[#7:21](-[#6](-[#6](-[#6](-[#6](=[#8])-[#8]-[H])(-[H])-[H])(-[H])-[H])(-[#6](=[#8])-[#8]-[H])-[H])(-[H:61])-[H:62],"EVODEX.1-P2851,EVODEX.1-P2824,EVODEX.1-P2856,EVODEX.1-P2823,EVODEX.1-P2997"
EVODEX.1-E597,15839077270096113639661289247148047479457974987659007552777872741415830500855,[#7:40](-[#6@:39](-[#6@@:5])(-[#6@:37])-[H])(-[H:70])-[H:71]>>[#6:39](-[#6@@:5])(-[#6@:37])=[#8].[#7:40](-[#6@@](-[#6](-[#6](-[#6](=[#8])-[#8]-[H])(-[H])-[H])(-[H])-[H])(-[#6](=[#8])-[#8]-[H])-[H])(-[H:70])-[H:71],"EVODEX.1-P2830,EVODEX.1-P2916,EVODEX.1-P3225,EVODEX.1-P2829,EVODEX.1-P2993"
EVODEX.1-E598,107298770499604653798955340802191560047397057333569532000371897547818126765557,[#8:2]=[#6:3](-[#7](-[#6](-[#6](-[#8]-[H])(-[H])-[H])(-[#6](=[#8])-[#8]-[H])-[H])-[H])-[#6:11].[#8:1](-[H:28])-[H]>>[#8:1](-[#6:3](=[#8:2])-[#6:11])-[H:28],"EVODEX.1-P5521,EVODEX.1-P4837,EVODEX.1-P5209,EVODEX.1-P4983,EVODEX.1-P4816"
EVODEX.1-E599,10715546834606966661318090587839733942227306549770380217141038258327385875205,[#7:2]-[#6:3](-[#6:4])(-[#6](=[#8])-[#8]-[H])-[H].[#8:14]=[#8]>>[#7:2]-[#6:3](-[#6:4])=[#8:14],"EVODEX.1-P299,EVODEX.1-P289,EVODEX.1-P276,EVODEX.1-P291,EVODEX.1-P274"
EVODEX.1-E600,31837683709399212029803446237042989037142035383128394903859841430458905595435,[#6:1](-[#6:2]1(-[#6:3])-[#16:4]-[#6:5]-[#7:18]-[#6:19]-1(-[#6:20]=[#8:21])-[H])(-[H:48])(-[H:49])-[H].[#6:27]-[#6:28](=[#8:29])-[#6](=[#8])-[#8]-[H].[#8:33]=[#8]>>[#6:1]1(-[H:48])(-[H:49])-[#6:2](-[#6:3])=[#6:19](-[#6:20]=[#8:21])-[#7:18]-[#6:5]-[#16:4]-1.[#6:27]-[#6:28](=[#8:29])-[#8:33]-[H],"EVODEX.1-P609,EVODEX.1-P617,EVODEX.1-P606,EVODEX.1-P611,EVODEX.1-P628"
EVODEX.1-E601,54384194288370754645971461432532499145492657714952874607145399471895993141058,[#7:2]-[#6:3](-[#6:4])(-[#6](=[#8])-[#8]-[H])-[H]>>[#7:2]-[#6:3](-[#6:4])=[#8],"EVODEX.1-P298,EVODEX.1-P301,EVODEX.1-P287,EVODEX.1-P283,EVODEX.1-P300"
EVODEX.1-E602,41337106281139838534785254762675968374622145043370093569481213460857965374829,[#6:1](-[#6:2]1(-[#6:3])-[#16:4]-[#6:5]-[#7:18]-[#6:19]-1(-[#6:20]=[#8:21])-[H])(-[H:48])(-[H:49])-[H].[#6:27]-[#6:28](=[#8:29])-[#6](=[#8])-[#8]-[H]>>[#6:1]1(-[H:48])(-[H:49])-[#6:2](-[#6:3])=[#6:19](-[#6:20]=[#8:21])-[#7:18]-[#6:5]-[#16:4]-1.[#6:27]-[#6:28](=[#8:29])-[#8]-[H],"EVODEX.1-P629,EVODEX.1-P621,EVODEX.1-P618,EVODEX.1-P614,EVODEX.1-P625"
EVODEX.1-E603,89440456228152819202399586727229180944982582534253005331828089992445102034085,[#6:3]-[#6:4](-[#6:5])(-[H:44])-[H]>>[#6:3]-[#6:4](-[#6:5])(-[#8]-[#8]-[H])-[H:44],"EVODEX.1-P259,EVODEX.1-P270,EVODEX.1-P269,EVODEX.1-P271,EVODEX.1-P262"
EVODEX.1-E604,79519333334102618053153984387553324134861111971856642315733138861627956945783,[#6:6]=[#6:7]-[#6:8](-[#6:9]=[#6:10](-[#6:11])-[H:56])(-[H:58])-[H]>>[#6:6]=[#6:7]-[#6:8](=[#6:9]-[#6:10](-[#6:11])(-[#8]-[#8]-[H])-[H:56])-[H:58],"EVODEX.1-P248,EVODEX.1-P246,EVODEX.1-P247,EVODEX.1-P229,EVODEX.1-P245"
EVODEX.1-E605,54147760520891815684735080964848540035869561371951240394959678674961333301494,[#6:2]1:[#6:3]:[#6:4]:[#6:5]:[#6:7](-[H:14]):[#6:8]:1-[#8:9]>>[#6:2](=[#6:3]-[#6:4]=[#6:5]-[#6:7](=[#8])-[H:14])-[#6:8](-[#8:9])=[#8],"EVODEX.1-P240,EVODEX.1-P239,EVODEX.1-P236,EVODEX.1-P243,EVODEX.1-P237"
EVODEX.1-E606,49535194041696280085737268585270831207066115567078363032911111169386791737862,[#6:4]1:[#6:5]:[#6:6]:[#6:7](-[#8:8]):[#6:9](-[#8:10]):[#6:11]:1>>[#8]=[#6:7](-[#6:6]=[#6:5]-[#6:4]=[#6:11]-[#6:9](=[#8])-[#8:10])-[#8:8],"EVODEX.1-P227,EVODEX.1-P225,EVODEX.1-P226,EVODEX.1-P228,EVODEX.1-P235"
EVODEX.1-E607,66740010291262940517924756357425265962198652825592230176299634088633398687725,[#6:4]1:[#6:5]:[#6:7]:[#6:8]:[#6:9](-[#6:10]):[#6:16]:1-[#8:17]>>[#8]=[#6:9](-[#6:8]=[#6:7]-[#6:5]=[#6:4]-[#6:16](=[#8])-[#8:17])-[#6:10],"EVODEX.1-P253,EVODEX.1-P251,EVODEX.1-P233,EVODEX.1-P254,EVODEX.1-P232"
EVODEX.1-E608,96815464826693627300246475294396886087094990921445859018955639870717018264952,[#6:4](-[#6@:3])(-[H:22])(-[H:23])-[H].[#6:14]-[#6:15](=[#8:16])-[#6:17](=[#8:18])-[#8:19]-[H]>>[#6:17](=[#8:18])=[#8:19].[#6:4](-[#6@:3])(-[#8]-[H])(-[H:22])-[H:23].[#6:14]-[#6:15](=[#8:16])-[#8]-[H],"EVODEX.1-P377,EVODEX.1-P426,EVODEX.1-P419,EVODEX.1-P428,EVODEX.1-P423"
EVODEX.1-E609,13876073981961044250663161439192480664011075158501961828617346363279568158836,[#6:13]-[#6:14](-[H:34])(-[H])-[#6@@:15].[#6:6]-[#6:7](=[#8:8])-[#6:9](=[#8:10])-[#8:11]-[H]>>[#6:9](=[#8:10])=[#8:11].[#6:13]-[#6@:14](-[#8]-[H])(-[H:34])-[#6@@:15].[#6:6]-[#6:7](=[#8:8])-[#8]-[H],"EVODEX.1-P323,EVODEX.1-P349,EVODEX.1-P329,EVODEX.1-P406,EVODEX.1-P367"
EVODEX.1-E610,82779584163868581666862297434467483695203067108083780717172129162513504341442,[#7:4]-[#6:5](-[#6:6])(-[H:36])-[H].[#6:18]-[#6:19](=[#8:20])-[#6:21](=[#8:22])-[#8:23]-[H]>>[#6:21](=[#8:22])=[#8:23].[#7:4]-[#6:5](-[#6:6])(-[#8]-[H])-[H:36].[#6:18]-[#6:19](=[#8:20])-[#8]-[H],"EVODEX.1-P385,EVODEX.1-P361,EVODEX.1-P338,EVODEX.1-P354,EVODEX.1-P391"
EVODEX.1-E611,94639626646831661189550697181213786304221645069391913931636749392584126711738,[#6:7]-[#6:12](=[#8:13])-[#8]-[#6](-[#6](-[H])(-[H])-[H])(-[H])-[H].[#8:17](-[H:40])-[H]>>[#6:7]-[#6:12](=[#8:13])-[#8:17]-[H:40],"EVODEX.1-P3869,EVODEX.1-P3915,EVODEX.1-P4029,EVODEX.1-P4093,EVODEX.1-P4026"
EVODEX.1-E612,97303370892546801473193482451918371220028095464925500253535157629003539511920,[#6](-[#6](-[#8]-[#6:4](=[#8:5])-[#6@:6])(-[H])-[H])(-[H])(-[H])-[H].[#6:34]-[#7:35](-[H:58])-[H]>>[#6:4](=[#8:5])(-[#6@:6])-[#7:35](-[#6:34])-[H:58],"EVODEX.1-P5283,EVODEX.1-P4713,EVODEX.1-P5218,EVODEX.1-P5280,EVODEX.1-P4053"
EVODEX.1-E613,41160907201945225077063707475215795912366844747749035128631878807771654140930,[#6:9]-[#6:11](-[#8]-[#6](-[#6](-[H])(-[H])-[H])=[#8])(-[H:54])-[H:55].[#8:47](-[H:89])-[H]>>[#6:9]-[#6:11](-[#8:47]-[H:89])(-[H:54])-[H:55],"EVODEX.1-P3907,EVODEX.1-P3908,EVODEX.1-P3897,EVODEX.1-P4074,EVODEX.1-P4073"
EVODEX.1-E614,66366858191747635488129640023265167920188612716849210835881922316224721115154,[#8](-[#6@@:19](-[#6@:15])(-[#6@:18])-[H:46])-[#6](-[#6](-[H])(-[H])-[H])=[#8].[#8:27](-[H:54])-[H]>>[#8:27](-[#6@@:19](-[#6@:15])(-[#6@:18])-[H:46])-[H:54],"EVODEX.1-P3865,EVODEX.1-P4045,EVODEX.1-P4091,EVODEX.1-P4075,EVODEX.1-P4038"
EVODEX.1-E615,13944490724650930743723687154889281377260238890050974583146515999672587918634,[#6:13]-[#16:15]-[H].[#6](-[#6](=[#8])-[#8]-[#6:5](-[#6:6])(-[H:26])-[H:27])(-[H])(-[H])-[H]>>[#6:5](-[#6:6])(-[#16:15]-[#6:13])(-[H:26])-[H:27],"EVODEX.1-P2640,EVODEX.1-P2644,EVODEX.1-P2638,EVODEX.1-P2632,EVODEX.1-P2646"
EVODEX.1-E616,110922875511759967095090580653458610455132596308927537854092677320244602308612,[#6](-[#6](=[#8])-[#16:4]-[#6:5])(-[H])(-[H])-[H].[#15:66]-[#8:68]-[H].[#8:77]=[#15:78](-[#8]-[H])(-[#8:80])-[#8:81]>>[#15:66]-[#8:68]-[#15:78](=[#8:77])(-[#8:80])-[#8:81].[#16:4](-[#6:5])-[H],"EVODEX.1-P2221,EVODEX.1-P6645,EVODEX.1-P6621,EVODEX.1-P6768,EVODEX.1-P6644"
EVODEX.1-E617,98981807605324115287787602996711054955862627936518987096384749552403740743667,[#6:15]-[#7:16](-[#6:17](=[#8:18])-[#6@:19])-[H:59]>>[#6](-[#6](-[#8]-[#6:17](=[#8:18])-[#6@:19])(-[H])-[H])(-[H])(-[H])-[H].[#6:15]-[#7:16](-[H:59])-[H],"EVODEX.1-P5284,EVODEX.1-P5287,EVODEX.1-P4714,EVODEX.1-P5217,EVODEX.1-P5286"
EVODEX.1-E618,93361524940262226131741743030472463943257426747298522868099929462250998239690,[#8:1]=[#15:2](-[#8:3])(-[#8:4])-[#8:5]-[#6:6]>>[#8:1]=[#15:2](-[#8:3])(-[#8:4])-[#8]-[#6](-[#6@@]1(-[H])-[#8]-[#6@](-[#7]2:[#6]3:[#7]:[#6](-[H]):[#7](-[H]):[#6](=[#8]):[#6]:3:[#7]:[#6]:2-[H])(-[H])-[#6@@](-[#8]-[H])(-[H])-[#6@@]-1(-[#8]-[H])-[H])(-[H])-[H].[#8:5](-[#6:6])-[H],"EVODEX.1-P3444,EVODEX.1-P3464,EVODEX.1-P3450,EVODEX.1-P3465,EVODEX.1-P3445"
EVODEX.1-E619,22538425011686750757534233334174422703174618011344434777901598884394231286505,[#8:24]-[#15:25](=[#8:26])(-[#8:27])-[#8:28]-[#15:29]>>[#7](-[#6]1:[#7]:[#6](-[H]):[#7]:[#6]2:[#6]:1:[#7]:[#6](-[H]):[#7]:2-[#6@]1(-[H])-[#8]-[#6@@](-[#6](-[#8]-[#15:25](-[#8:24])(=[#8:26])-[#8:27])(-[H])-[H])(-[H])-[#6@](-[#8]-[H])(-[H])-[#6@]-1(-[#8]-[H])-[H])(-[H])-[H].[#8:28](-[#15:29])-[H],"EVODEX.1-P3272,EVODEX.1-P3328,EVODEX.1-P3637,EVODEX.1-P3325,EVODEX.1-P3607"
EVODEX.1-E620,78677276541717962544318680922842905121397300758393943476258794093159595873845,[#8:20]=[#15:21](-[#8:22])(-[#8:23])-[#8:24]-[#15:25]>>[#7](-[#6]1:[#7]:[#6]2:[#6](:[#7]:[#6](-[H]):[#7]:2-[#6@@]2(-[H])-[#6](-[H])(-[H])-[#6@@](-[#8]-[H])(-[H])-[#6@](-[#6](-[#8]-[#15:21](=[#8:20])(-[#8:22])-[#8:23])(-[H])-[H])(-[H])-[#8]-2):[#6](=[#8]):[#7]:1-[H])(-[H])-[H].[#8:24](-[#15:25])-[H],"EVODEX.1-P3262,EVODEX.1-P3258,EVODEX.1-P3261,EVODEX.1-P3257,EVODEX.1-P3263"
EVODEX.1-E621,7484557473257948338608863979452025212119842517090277408551042044479342971502,[#8:1]=[#15:2](-[#8:3])(-[#8:4])-[#8:5]-[#6:6]>>[#8:1]=[#15:2](-[#8:3])(-[#8:4])-[#8]-[#6](-[#6@@]1(-[H])-[#8]-[#6@](-[#7]2:[#6](-[H]):[#6](-[H]):[#6](=[#8]):[#7](-[H]):[#6]:2=[#8])(-[H])-[#6@@](-[#8]-[H])(-[H])-[#6@@]-1(-[#8]-[H])-[H])(-[H])-[H].[#8:5](-[#6:6])-[H],"EVODEX.1-P3446,EVODEX.1-P3463,EVODEX.1-P3447,EVODEX.1-P3451,EVODEX.1-P3462"
EVODEX.1-E622,76040503165766958034595123046760904509271470226780395119954633378537070576192,[#15:24]-[#8:27]-[#15:28](=[#8:29])(-[#8:30])-[#8:31]>>[#15:24]-[#8:27]-[H].[#15:28](=[#8:29])(-[#8:30])(-[#8:31])-[#8]-[#6](-[#6@]1(-[H])-[#6@](-[#8]-[H])(-[H])-[#6](-[H])(-[H])-[#6@@](-[#7]2:[#6]3:[#7]:[#6](-[H]):[#7]:[#6](-[#7](-[H])-[H]):[#6]:3:[#7]:[#6]:2-[H])(-[H])-[#8]-1)(-[H])-[H],"EVODEX.1-P3438,EVODEX.1-P3440,EVODEX.1-P3256,EVODEX.1-P3276,EVODEX.1-P3255"
EVODEX.1-E623,621810537937639930097835199468999667818213126523284751870258954470907940139,[#8:17]=[#15:18](-[#8:19])(-[#8:20])-[#8:21]-[#15:22]>>[#7](-[#6]1:[#6](-[H]):[#6](-[H]):[#7](-[#6@@]2(-[H])-[#6](-[H])(-[H])-[#6@@](-[#8]-[H])(-[H])-[#6@](-[#6](-[#8]-[#15:18](=[#8:17])(-[#8:19])-[#8:20])(-[H])-[H])(-[H])-[#8]-2):[#6](=[#8]):[#7]:1)(-[H])-[H].[#8:21](-[#15:22])-[H],"EVODEX.1-P3435,EVODEX.1-P3437,EVODEX.1-P3274,EVODEX.1-P3443,EVODEX.1-P3430"
EVODEX.1-E624,89122799400410565162484469843310929427439200202745759524898743984805206592032,[#8:18]=[#15:19](-[#8:20])(-[#8:21])-[#8:22]-[#6:23]>>[#6](-[#6]1:[#6](-[H]):[#7](-[#6@@]2(-[H])-[#6](-[H])(-[H])-[#6@@](-[#8]-[H])(-[H])-[#6@](-[#6](-[#8]-[#15:19](=[#8:18])(-[#8:20])-[#8:21])(-[H])-[H])(-[H])-[#8]-2):[#6](=[#8]):[#7](-[H]):[#6]:1=[#8])(-[H])(-[H])-[H].[#8:22](-[#6:23])-[H],"EVODEX.1-P3460,EVODEX.1-P3456,EVODEX.1-P3457,EVODEX.1-P3265,EVODEX.1-P3459"
EVODEX.1-E625,42780260208895554063819851300758358229165900646515545782275598085324730773031,[#6:2]-[#6:4](-[#7](-[H])-[H])(-[H:12])-[H].[#8:6](-[H])-[H]>>[#6:2]-[#6:4](=[#8:6])-[H:12],"EVODEX.1-P1006,EVODEX.1-P1105,EVODEX.1-P1022,EVODEX.1-P1025,EVODEX.1-P935"
EVODEX.1-E626,56610265120891978125449166241942317667413355714296268957747264581684802218995,[#7](-[#6:2](-[#6:3])(-[#6:9])-[H])(-[H])-[H].[#8:15](-[H])-[H]>>[#6:2](-[#6:3])(-[#6:9])=[#8:15],"EVODEX.1-P961,EVODEX.1-P948,EVODEX.1-P965,EVODEX.1-P945,EVODEX.1-P1048"
EVODEX.1-E627,43881546517400851007507577174230528893326855989747373764771774388184344050753,[#6:20](-[#6@@:19])(-[#7](-[H])-[H])(-[H:63])-[H]>>[#6:20](-[#6@@:19])(=[#8])-[H:63],"EVODEX.1-P2855,EVODEX.1-P1026,EVODEX.1-P2911,EVODEX.1-P1011,EVODEX.1-P1059"
EVODEX.1-E628,100701893034943040326171359777596364548507814087369831190169160109845625212178,[#6:1]-[#6@:2](-[#7](-[H])-[H])(-[#6:4])-[H]>>[#6:1]-[#6:2](-[#6:4])=[#8],"EVODEX.1-P957,EVODEX.1-P2895,EVODEX.1-P919,EVODEX.1-P2892,EVODEX.1-P2899"
EVODEX.1-E629,30626378049109923447617265302204977688784409582624920929274991353358801886840,([#7:9](-[#6@@:8])(-[H:26])-[H].[#6:11]-[#6:12](-[#7](-[H])-[H])=[#8:14])>>[#7:9](-[#6@@:8])(-[H:26])-[#6:12](=[#8:14])-[#6:11],"EVODEX.1-P2162,EVODEX.1-P2148,EVODEX.1-P2161,EVODEX.1-P2155,EVODEX.1-P2153"
EVODEX.1-E630,25420489299120443989021680236508354180326398419149696595149829670637268519846,([#7:8](-[#6@@:7])(-[H:19])-[H].[#7](-[#6@@:14](-[#6@@:2])(-[#6:16])-[H:34])(-[H])-[H])>>[#7:8](-[#6@@:7])(-[H:19])-[#6@@:14](-[#6@@:2])(-[#6:16])-[H:34],"EVODEX.1-P2150,EVODEX.1-P2147,EVODEX.1-P2151,EVODEX.1-P6543,EVODEX.1-P2164"
EVODEX.1-E631,52388629212964965899993289881185451737033166719599349151689516318693881719078,[#7:28](-[#6:29])(-[H:66])-[H]>>[#6](-[#7:28](-[#6:29])-[H:66])(-[H])(-[H])-[H],"EVODEX.1-P1266,EVODEX.1-P1226,EVODEX.1-P1275,EVODEX.1-P1273,EVODEX.1-P1239"
EVODEX.1-E632,10686699550215665593621503011270310878401404044806237701102354507388854651202,[#7:5]-[#6:6](=[#7]-[H])-[H:16].[#8:11](-[H])-[H]>>[#7:5]-[#6:6](=[#8:11])-[H:16],"EVODEX.1-P5869,EVODEX.1-P5880,EVODEX.1-P5863,EVODEX.1-P5874,EVODEX.1-P5867"
EVODEX.1-E633,48124532406819643042919012832891636483408721967837933470288140191370666588670,[#6:6]-[#6:7](-[#7](-[H])-[H])=[#8:9].[#8:10](-[H:21])-[H]>>[#6:6]-[#6:7](=[#8:9])-[#8:10]-[H:21],"EVODEX.1-P5135,EVODEX.1-P5704,EVODEX.1-P4647,EVODEX.1-P4610,EVODEX.1-P4651"
EVODEX.1-E634,82994123135387584677685870247389622752647342738332837386464477803260833789702,[#7:10](-[#6:11])(-[H:26])-[H].[#7](-[#6:2](-[#6:3])(-[H:42])-[H:43])(-[H])-[H]>>[#6:2](-[#6:3])(-[#7:10](-[#6:11])-[H:26])(-[H:42])-[H:43],"EVODEX.1-P2143,EVODEX.1-P2612,EVODEX.1-P2120,EVODEX.1-P2613,EVODEX.1-P2617"
EVODEX.1-E635,30124877316527407921417112963408116744564617784622186274188888166581886236504,[#6:2]-[#6:4](-[#7](-[H])-[H])(-[H:12])-[H].[#8:7]=[#8:8].[#8:6](-[H])-[H]>>[#6:2]-[#6:4](=[#8:6])-[H:12].[#8:7](-[#8:8]-[H])-[H],"EVODEX.1-P1007,EVODEX.1-P1074,EVODEX.1-P936,EVODEX.1-P1058,EVODEX.1-P1008"
EVODEX.1-E636,74298297657136574610194521127336579316314473485103068785421348218961563845289,[#7](-[#6@@:2](-[#6:3](-[#6:4])(-[H:22])-[H])(-[#6:13]=[#8:14])-[H:25])(-[H])-[H]>>[#6:2](=[#6:3](-[#6:4])-[H:22])(-[#6:13]=[#8:14])-[H:25],"EVODEX.1-P6498,EVODEX.1-P6506,EVODEX.1-P6511,EVODEX.1-P6517,EVODEX.1-P6516"
EVODEX.1-E637,24758411371414841994319658351290840625453861414490114507031756331182042877534,[#7](-[#6:2](=[#8:3])-[#7:4](-[#6:5])-[H:16])(-[H])-[H].[#8:10](-[H])-[H]>>[#6:2](=[#8:3])=[#8:10].[#7:4](-[#6:5])(-[H:16])-[H],"EVODEX.1-P5726,EVODEX.1-P5499,EVODEX.1-P5783,EVODEX.1-P5780,EVODEX.1-P5731"
EVODEX.1-E638,67389231938539601797017056294473345671090663475344016692720122283412079372385,[#7:11](-[#6@@:12])(-[H:33])-[H].[#7](-[#6:2](=[#8:3])-[#6:4])(-[H])-[H]>>[#6:2](=[#8:3])(-[#6:4])-[#7:11](-[#6@@:12])-[H:33],"EVODEX.1-P2138,EVODEX.1-P2126,EVODEX.1-P2119,EVODEX.1-P2123,EVODEX.1-P5465"
EVODEX.1-E639,44340062068635680690281783411838582522605478376016380575243889449287536729641,[#7](-[#6@:6](-[#6@:5])(-[H:32])-[#6:8])(-[H])-[H].[#7:15](-[#6:16])(-[H:46])-[H]>>[#7:15](-[#6@:6](-[#6@:5])(-[H:32])-[#6:8])(-[#6:16])-[H:46],"EVODEX.1-P5489,EVODEX.1-P1268,EVODEX.1-P5491,EVODEX.1-P5496,EVODEX.1-P2129"
EVODEX.1-E640,106816122647308533038486459760622481742763308899881282981165841934325025583866,[#6:2]-[#6:3](-[#7](-[H])-[H])=[#8:5].[#7:6](-[#8:7])(-[H:16])-[H]>>[#6:2]-[#6:3](=[#8:5])-[#7:6](-[#8:7])-[H:16],"EVODEX.1-P5574,EVODEX.1-P5682,EVODEX.1-P5635,EVODEX.1-P2166,EVODEX.1-P5679"
EVODEX.1-E641,15719924146341896736387408729338655870016408849288231538942520732591503578762,[#7](-[#6:2](-[#6:3])(-[#6:9])-[H])(-[H])-[H].[#8:16]=[#8:17].[#8:15](-[H])-[H]>>[#6:2](-[#6:3])(-[#6:9])=[#8:15].[#8:16](-[#8:17]-[H])-[H],"EVODEX.1-P943,EVODEX.1-P953,EVODEX.1-P958,EVODEX.1-P959,EVODEX.1-P947"
EVODEX.1-E642,56985293248215630920341481773906477418311886953122508277361345705056900889181,[#7:5]-[#6:6](=[#7]-[H])-[H:16]>>[#7:5]-[#6:6](=[#8])-[H:16],"EVODEX.1-P5866,EVODEX.1-P5875,EVODEX.1-P5877,EVODEX.1-P5871,EVODEX.1-P5861"
EVODEX.1-E643,20620250820437379070023641832243850944815466274137888328049257571803341975085,[#6:6]-[#6:7](-[#7](-[H])-[H])=[#8:9]>>[#6:6]-[#6:7](=[#8:9])-[#8]-[H],"EVODEX.1-P4807,EVODEX.1-P3217,EVODEX.1-P5643,EVODEX.1-P5576,EVODEX.1-P5273"
EVODEX.1-E644,99131217287751378605567644517996742122612905834856535069585640761534677718268,[#7]#[#6:2]-[#6:3].[#8:8](-[H])-[H]>>[#6:2](-[#6:3])(=[#8:8])-[#8]-[H],"EVODEX.1-P5926,EVODEX.1-P5905,EVODEX.1-P5906,EVODEX.1-P5930,EVODEX.1-P5886"
EVODEX.1-E645,41644386435341711151437330270022584961877896148255164832068152300056981890585,[#6:2]-[#6:4](-[#7](-[H])-[H])(-[H:12])-[H].[#8:7]=[#8:8]>>[#6:2]-[#6:4](=[#8])-[H:12].[#8:7](-[#8:8]-[H])-[H],"EVODEX.1-P1015,EVODEX.1-P1067,EVODEX.1-P1056,EVODEX.1-P1005,EVODEX.1-P933"
EVODEX.1-E646,15563571206690750461164251312573019291278154109674082454914138388809079740897,[#7](-[#6:2](=[#8:3])-[#7:4](-[#6:5])-[H:16])(-[H])-[H]>>[#6:2](=[#8:3])=[#8].[#7:4](-[#6:5])(-[H:16])-[H],"EVODEX.1-P5778,EVODEX.1-P5737,EVODEX.1-P5732,EVODEX.1-P5883,EVODEX.1-P5501"
EVODEX.1-E647,110571567206159679107481665464947082879765384752960263955429810834112036078360,[#7](-[#6:2](-[#6:3])(-[#6:9])-[H])(-[H])-[H].[#8:16]=[#8:17]>>[#6:2](-[#6:3])(-[#6:9])=[#8].[#8:16](-[#8:17]-[H])-[H],"EVODEX.1-P1003,EVODEX.1-P944,EVODEX.1-P963,EVODEX.1-P956,EVODEX.1-P951"
EVODEX.1-E648,108568468186755336753211216073265841873638419263866052596240904793733880803721,[#6:2]-[#6:3](-[#8:4])(-[#6:5]#[#7])-[H:10].[#8:7](-[H])-[H]>>[#6:2]-[#6@:3](-[#8:4])(-[#6:5](=[#8:7])-[#8]-[H])-[H:10],"EVODEX.1-P5895,EVODEX.1-P5939,EVODEX.1-P5940,EVODEX.1-P5943,EVODEX.1-P5936"
EVODEX.1-E649,8395198162398221958050789415743039294505791589228997606407576759806667551627,[#8]=[#6](-[#7:4](-[#6@@:5])-[H:34])-[#8]-[#6](-[#6]1:[#6](-[H]):[#6](-[H]):[#6](-[H]):[#6](-[H]):[#6]:1-[H])(-[H])-[H]>>[#7:4](-[#6@@:5])(-[H:34])-[H],"EVODEX.1-P5560,EVODEX.1-P5767,EVODEX.1-P5524,EVODEX.1-P4919,EVODEX.1-P5714"
EVODEX.1-E650,72919296768742315581628835270112057192698004450089163125274204875907553071151,[#7:6](-[#6@@:5])(-[#6:7](=[#8:8])-[#6:9])-[H:39]>>[#6:7](=[#8:8])(-[#6:9])-[#8]-[#6](-[#6]1:[#6](-[H]):[#6](-[H]):[#6](-[H]):[#6](-[H]):[#6]:1-[H])(-[H])-[H].[#7:6](-[#6@@:5])(-[H:39])-[H],"EVODEX.1-P4726,EVODEX.1-P4720,EVODEX.1-P4709,EVODEX.1-P4717,EVODEX.1-P4728"
EVODEX.1-E651,83027332211686899475236079865067015627938015705595007828192361665347921302969,[#8:2]=[#6:3](-[#6:4])-[#8]-[#6](-[#6]1:[#6](-[H]):[#6](-[H]):[#6](-[H]):[#6](-[H]):[#6]:1-[H])(-[H])-[H].[#8:1](-[H:31])-[H]>>[#8:1](-[#6:3](=[#8:2])-[#6:4])-[H:31],"EVODEX.1-P4050,EVODEX.1-P3931,EVODEX.1-P3932,EVODEX.1-P4049,EVODEX.1-P5652"
EVODEX.1-E652,103895337947933537989198113068550926376452374963034496242916101735031643298394,[#7:6](-[#6@@:5])(-[H:28])-[H].[#6:17]-[#6:18](=[#8:19])-[#8]-[#6](-[#6]1:[#6](-[H]):[#6](-[H]):[#6](-[H]):[#6](-[H]):[#6]:1-[H])(-[H])-[H]>>[#7:6](-[#6@@:5])(-[#6:18](-[#6:17])=[#8:19])-[H:28],"EVODEX.1-P4708,EVODEX.1-P4715,EVODEX.1-P4719,EVODEX.1-P4706,EVODEX.1-P4721"
EVODEX.1-E653,36400388518032073589442886418693583669955086458073242429122849774439975046098,[#6](=[#6](-[#8]-[#6:4](=[#8:5])-[#6:6])-[H])(-[H])-[H].[#8:8](-[#6:9])-[H]>>[#6:4](=[#8:5])(-[#6:6])-[#8:8]-[#6:9],"EVODEX.1-P4011,EVODEX.1-P3998,EVODEX.1-P4132,EVODEX.1-P4080,EVODEX.1-P4024"
EVODEX.1-E654,86573404772078666849023389569190406998529579678619438582032094167852317591034,[#6:24]-[#8:25]-[H]>>[#6](-[#6](-[#6](-[#6](-[#6](-[#6](-[#6](-[#6](-[#6](=[#6](-[#6](-[#6](-[#6](-[#6](-[#6](-[#6](-[#6](-[#6](=[#8])-[#8:25]-[#6:24])(-[H])-[H])(-[H])-[H])(-[H])-[H])(-[H])-[H])(-[H])-[H])(-[H])-[H])(-[H])-[H])-[H])-[H])(-[H])-[H])(-[H])-[H])(-[H])-[H])(-[H])-[H])(-[H])-[H])(-[H])-[H])(-[H])-[H])(-[H])(-[H])-[H],"EVODEX.1-P1711,EVODEX.1-P1751,EVODEX.1-P1687,EVODEX.1-P1710,EVODEX.1-P4085"
EVODEX.1-E655,42624091303908637990087260767815523239827172466389710336065454598062606274809,[#6:17]-[#6:18](=[#8:19])-[#16:20]-[#6:21]>>[#6:17]-[#6:18](=[#8:19])-[#8]-[#6](-[#6](-[#6](-[#6](-[#6](-[#6](-[#6](-[#6](-[#6](=[#6](-[#6](-[#6@@](-[#6](-[#6](-[#6](-[#6](-[#6](-[#6](-[H])(-[H])-[H])(-[H])-[H])(-[H])-[H])(-[H])-[H])(-[H])-[H])(-[H])-[H])(-[#8]-[H])-[H])(-[H])-[H])-[H])-[H])(-[H])-[H])(-[H])-[H])(-[H])-[H])(-[H])-[H])(-[H])-[H])(-[H])-[H])(-[H])-[H])(-[H])-[H].[#16:20](-[#6:21])-[H],"EVODEX.1-P1999,EVODEX.1-P1907,EVODEX.1-P2034,EVODEX.1-P1941,EVODEX.1-P2014"
EVODEX.1-E656,28275629846049864546834889699542408357066247515595020427602449419553012414365,[#6:17]-[#6:18](=[#8:19])-[#16:20]-[#6:21]>>[#6:17]-[#6:18](=[#8:19])-[#8]-[#6](-[#6](-[#6](-[#6](-[#6](-[#6](-[#6](-[#6](-[#6](-[#6](-[#6](-[#6](-[#6](-[#6](-[H])(-[H])-[H])(-[H])-[H])(-[H])-[H])(-[H])-[H])(-[H])-[H])(-[H])-[H])(-[H])-[H])(-[H])-[H])(-[H])-[H])(-[H])-[H])(-[H])-[H])(-[H])-[H])(-[H])-[H])(-[H])-[H].[#16:20](-[#6:21])-[H],"EVODEX.1-P2048,EVODEX.1-P1910,EVODEX.1-P1863,EVODEX.1-P1866,EVODEX.1-P2054"
EVODEX.1-E657,34780282885311614297357478355119355659171355155175037209614184361439764074256,[#8:9](-[#6:10])-[H]>>[#6](=[#8])(-[#6](-[#6](-[#6](-[H])(-[H])-[H])(-[H])-[H])(-[H])-[H])-[#8:9]-[#6:10],"EVODEX.1-P1612,EVODEX.1-P4010,EVODEX.1-P2074,EVODEX.1-P1591,EVODEX.1-P3905"
EVODEX.1-E658,92669742797952305088498980918888131306491324464867904056048120279771823708119,[#6:6]=[#6:7]-[#6:8](=[#8:9])-[#16:10]-[#6:11]>>[#6:6]=[#6:7]-[#6:8](=[#8:9])-[#7](-[#6]1:[#6](-[#8]-[H]):[#6](-[H]):[#6](-[H]):[#6](-[H]):[#6]:1-[#6](=[#8])-[#8]-[H])-[H].[#16:10](-[#6:11])-[H],"EVODEX.1-P1550,EVODEX.1-P1557,EVODEX.1-P1542,EVODEX.1-P1556,EVODEX.1-P1537"
EVODEX.1-E659,107955874637641578294005287876924540616832313020674352911700255751385957814295,[#6:6]=[#6:7]-[#6:8](=[#8:9])-[#16:10]-[#6:11]>>[#6:6]=[#6:7]-[#6:8](=[#8:9])-[#7](-[#6]1:[#6](-[H]):[#6](-[H]):[#6](-[H]):[#6](-[H]):[#6]:1-[#6](=[#8])-[#8]-[H])-[H].[#16:10](-[#6:11])-[H],"EVODEX.1-P1538,EVODEX.1-P1545,EVODEX.1-P1547,EVODEX.1-P1536,EVODEX.1-P1533"
EVODEX.1-E660,23912778549152510651129265456569429850089477985034029639969345723529203965914,[#6:14]-[#8:16]-[H]>>[#6](-[#6](-[#6](-[H])(-[H])-[H])=[#6](-[#6](-[#8:16]-[#6:14])(-[H])-[H])-[H])(-[H])(-[H])-[H],"EVODEX.1-P2557,EVODEX.1-P2560,EVODEX.1-P2554,EVODEX.1-P2552,EVODEX.1-P2559"
EVODEX.1-E661,50228045144934703422439311152955197829350372460181903144601712389267822486086,[#6:38]-[#6:39](-[#8]-[#15](=[#8])(-[#8]-[H])-[#8]-[#15](=[#8])(-[#8]-[H])-[#8]-[H])(-[H:79])-[H:80]>>[#6](-[#6](-[#6](-[H])(-[H])-[H])=[#6](-[#6](-[#8]-[#15](=[#8])(-[#8]-[H])-[#8]-[#15](=[#8])(-[#8]-[H])-[#8]-[H])(-[H])-[H])-[H])(-[#6:39](-[#6:38])(-[H:79])-[H:80])(-[H])-[H],"EVODEX.1-P2537,EVODEX.1-P2535,EVODEX.1-P2602,EVODEX.1-P2533,EVODEX.1-P2540"
EVODEX.1-E662,64592732234956424183386905526966795821672098240421581433554084188272547200626,[#6:22]-[#8:23]-[H]>>[#6](-[#6](-[#6](-[#6](-[#6](-[#6](=[#6](-[#6](-[#6](=[#6](-[#6](-[#6](-[#6](-[#6](-[#6](-[#6](-[#6](-[#6](=[#8])-[#8:23]-[#6:22])(-[H])-[H])(-[H])-[H])(-[H])-[H])(-[H])-[H])(-[H])-[H])(-[H])-[H])(-[H])-[H])-[H])-[H])(-[H])-[H])-[H])-[H])(-[H])-[H])(-[H])-[H])(-[H])-[H])(-[H])-[H])(-[H])(-[H])-[H],"EVODEX.1-P1973,EVODEX.1-P2040,EVODEX.1-P1561,EVODEX.1-P1971,EVODEX.1-P1964"
EVODEX.1-E663,99397633072629045156925692300770903740320457151225719767499263593627202311397,[#6:14]-[#8:15]-[H]>>[#6:14]-[#8:15]-[#6](-[#6](-[#6](-[#6](-[#6](-[#6](-[#6](-[#6](-[#6](=[#6](-[#6](-[#6@@](-[#6](-[#6](-[#6](-[#6](-[#6](-[#6](-[H])(-[H])-[H])(-[H])-[H])(-[H])-[H])(-[H])-[H])(-[H])-[H])(-[H])-[H])(-[#8]-[H])-[H])(-[H])-[H])-[H])-[H])(-[H])-[H])(-[H])-[H])(-[H])-[H])(-[H])-[H])(-[H])-[H])(-[H])-[H])(-[H])-[H])=[#8],"EVODEX.1-P2005,EVODEX.1-P2011,EVODEX.1-P2002,EVODEX.1-P2016,EVODEX.1-P2007"
EVODEX.1-E664,80797491526347106001337835212233910367257242043974010548947682002094268449045,[#7:1](-[#6:2])(-[H:69])-[H]>>[#7:1](-[#6:2])(-[#6](-[#6@@](-[#7](-[H])-[H])(-[#6](-[#6]1:[#6](-[H]):[#6](-[H]):[#6](-[#8]-[H]):[#6](-[H]):[#6]:1-[H])(-[H])-[H])-[H])=[#8])-[H:69],"EVODEX.1-P7361,EVODEX.1-P7351,EVODEX.1-P7470,EVODEX.1-P7357,EVODEX.1-P7344"
EVODEX.1-E665,33433477760689945030484770335420689617763169829364848423113065245941532247681,([#8:37]-[#15:38](=[#8:39])(-[#8:40])-[#8:41]-[#15:42].[#8:47]-[#6@@:46](-[#6@@:31])(-[H:61])-[#6@:48](-[#6@:29])(-[#8:49])-[H:63]).[#7:1](-[#6:2])(-[H:69])-[H]>>[#7:1](-[#6:2])(-[#6](-[#6@@](-[#7](-[H])-[H])(-[#6](-[#6]1:[#6](-[H]):[#6](-[H]):[#6](-[#8]-[H]):[#6](-[H]):[#6]:1-[H])(-[H])-[H])-[H])=[#8])-[H:69].([#8](-[#15:38](-[#8:37])(=[#8:39])-[#8:40])-[H].[#8:49]-[#6@:48](-[#6@:29])(-[H:63])-[#6@@:46](-[#6@@:31])(-[#8:47])-[H:61]).[#8:41](-[#15:42])-[H],"EVODEX.1-P7342,EVODEX.1-P7350,EVODEX.1-P7465,EVODEX.1-P7356,EVODEX.1-P7099"
EVODEX.1-E666,3662754351613361241251558613425961261765329655617772840420237589541903151733,[#6:2]-[#6:3](-[#8:4]-[#15:5])(-[H:29])-[H:30]>>[#6:2]-[#6:3](-[#6]1:[#6](-[#6](-[#6@](-[#7](-[H])-[H])(-[#6](=[#8])-[#8]-[H])-[H])(-[H])-[H]):[#6](-[H]):[#6](-[H]):[#6](-[#8]-[H]):[#6]:1-[H])(-[H:29])-[H:30].[#8:4](-[#15:5])-[H],"EVODEX.1-P2569,EVODEX.1-P2564,EVODEX.1-P2570,EVODEX.1-P2568,EVODEX.1-P2572"
EVODEX.1-E667,56469076786127785772797131770049074131184829762267894408711467611012791896093,[#6:2]-[#6:3](=[#8:4])-[#6:5]=[#8:6]>>[#6:2]-[#6:3](-[#6:5]=[#8:6])(-[#7](-[H])-[H])-[H].[#8:4]=[#6](-[#6](-[#6]1:[#6](-[H]):[#6](-[H]):[#6](-[#8]-[H]):[#6](-[H]):[#6]:1-[H])(-[H])-[H])-[#6](=[#8])-[#8]-[H],"EVODEX.1-P3106,EVODEX.1-P2808,EVODEX.1-P2953,EVODEX.1-P3187,EVODEX.1-P2867"
EVODEX.1-E668,10036889820782393061828860201055119798665287279309617639898304441154370078056,[#7:1](-[#6@@:2])(-[H:59])-[H].([#8:41]-[#15:42](=[#8:43])(-[#8:44])-[#8:45]-[#15:46].[#8:51]-[#6@@:50](-[#6@@:35])(-[H:72])-[#6@:52](-[#6@:33])(-[#8:53])-[H:74])>>[#7:1](-[#6@@:2])(-[#6](-[#6@@](-[#7](-[H])-[H])(-[#6](-[#6]1:[#6](-[H]):[#7](-[H]):[#6]2:[#6](-[H]):[#6](-[H]):[#6](-[H]):[#6](-[H]):[#6]:1:2)(-[H])-[H])-[H])=[#8])-[H:59].([#8](-[#15:42](-[#8:41])(=[#8:43])-[#8:44])-[H].[#8:53]-[#6@:52](-[#6@:33])(-[H:74])-[#6@@:50](-[#6@@:35])(-[#8:51])-[H:72]).[#8:45](-[#15:46])-[H],"EVODEX.1-P7316,EVODEX.1-P7310,EVODEX.1-P7324,EVODEX.1-P7477,EVODEX.1-P7323"
EVODEX.1-E669,108066182568441903471251311382823233933221518879566868890585437839119155620551,[#6:21]-[#6:22](=[#8:23])-[#6:24]=[#8:25]>>[#6](-[#6](-[#6]1:[#6](-[H]):[#7](-[H]):[#6]2:[#6](-[H]):[#6](-[H]):[#6](-[H]):[#6](-[H]):[#6]:1:2)(-[H])-[H])(-[#6](=[#8])-[#8]-[H])=[#8:23].[#7](-[#6:22](-[#6:21])(-[#6:24]=[#8:25])-[H])(-[H])-[H],"EVODEX.1-P3148,EVODEX.1-P2963,EVODEX.1-P3122,EVODEX.1-P2956,EVODEX.1-P2870"
EVODEX.1-E670,38091129066753586615293986721468764396561060476105954843750658063004149989470,[#6:42](-[#6@:40])(=[#8:43])-[#8:44]-[H:107].([#8:70]-[#15:71](=[#8:72])(-[#8:73])-[#8:74]-[#15:75].[#8:80]-[#6@@:79](-[#6@@:64])(-[H:132])-[#6@:81](-[#6@:62])(-[#8:82])-[H:134])>>[#6:42](-[#6@:40])(=[#8:43])-[#7](-[#6@@](-[#6](-[#16]-[H])(-[H])-[H])(-[#6](=[#8])-[#8]-[H])-[H])-[H].([#8:44](-[#15:71](-[#8:70])(=[#8:72])-[#8:73])-[H:107].[#8:82]-[#6@:81](-[#6@:62])(-[H:134])-[#6@@:79](-[#6@@:64])(-[#8:80])-[H:132]).[#8:74](-[#15:75])-[H],"EVODEX.1-P7394,EVODEX.1-P7484,EVODEX.1-P7079,EVODEX.1-P7076,EVODEX.1-P7428"
EVODEX.1-E671,4480549732087635432809113267956634775036981917084435560022101232210977358747,[#6](-[#7:2](-[#6:3])-[H:24])(-[H])(-[H])-[H].[#8:13]=[#8:14]>>[#7:2](-[#6:3])(-[H:24])-[H].[#8:13](-[#8:14]-[H])-[H],"EVODEX.1-P1153,EVODEX.1-P1176,EVODEX.1-P1173,EVODEX.1-P1170,EVODEX.1-P1168"
EVODEX.1-E672,40908448846874268738638632574301471751322653870031171080131916305431341132039,[#6:4](-[#6@:3])(-[H:22])(-[H:23])-[H].[#6:14]-[#6:15](=[#8:16])-[#6](=[#8])-[#8]-[H]>>[#6:4](-[#6@:3])(-[#8]-[H])(-[H:22])-[H:23].[#6:14]-[#6:15](=[#8:16])-[#8]-[H],"EVODEX.1-P434,EVODEX.1-P416,EVODEX.1-P430,EVODEX.1-P425,EVODEX.1-P369"
EVODEX.1-E673,110355957763925405131374424437791863575899705351047848276401791453735627296016,[#6:13]-[#6:14](-[H:34])(-[H])-[#6@@:15].[#6:6]-[#6:7](=[#8:8])-[#6](=[#8])-[#8]-[H]>>[#6:13]-[#6@:14](-[#8]-[H])(-[H:34])-[#6@@:15].[#6:6]-[#6:7](=[#8:8])-[#8]-[H],"EVODEX.1-P409,EVODEX.1-P366,EVODEX.1-P356,EVODEX.1-P357,EVODEX.1-P380"
EVODEX.1-E674,18680129253014810667092672472073589610642156436233028117761816828990806718611,[#7:4]-[#6:5](-[#6:6])(-[H:36])-[H].[#6:18]-[#6:19](=[#8:20])-[#6](=[#8])-[#8]-[H]>>[#7:4]-[#6:5](-[#6:6])(-[#8]-[H])-[H:36].[#6:18]-[#6:19](=[#8:20])-[#8]-[H],"EVODEX.1-P340,EVODEX.1-P344,EVODEX.1-P393,EVODEX.1-P365,EVODEX.1-P352"
EVODEX.1-E675,92203235403685360616853880005139800341993677482287841409155297768065518027148,[#6:24]-[#8:25]-[H]>>[#6](-[#6](-[#6](-[#6](-[#6](-[#6](=[#6](-[#6](-[#6](=[#6](-[#6](-[#6](=[#6](-[#6](-[#6](=[#6](-[#6](-[#6](-[#6](-[#6](=[#8])-[#8:25]-[#6:24])(-[H])-[H])(-[H])-[H])(-[H])-[H])-[H])-[H])(-[H])-[H])-[H])-[H])(-[H])-[H])-[H])-[H])(-[H])-[H])-[H])-[H])(-[H])-[H])(-[H])-[H])(-[H])-[H])(-[H])-[H])(-[H])(-[H])-[H],"EVODEX.1-P1562,EVODEX.1-P2036,EVODEX.1-P1813,EVODEX.1-P1673,EVODEX.1-P1454"
EVODEX.1-E676,48445077256935907843258737732975384968232980886262685056237099536670901136216,[#6:88]-[#6@@:89](-[#8:90]-[H])(-[#6:91])-[H:168]>>[#6](-[#6](-[#6](-[#6](-[#6](-[#6](=[#6](-[#6](-[#6](=[#6](-[#6](-[#6](=[#6](-[#6](-[#6](=[#6](-[#6](-[#6](-[#6](-[#6](=[#8])-[#8:90]-[#6@:89](-[#6:88])(-[#6:91])-[H:168])(-[H])-[H])(-[H])-[H])(-[H])-[H])-[H])-[H])(-[H])-[H])-[H])-[H])(-[H])-[H])-[H])-[H])(-[H])-[H])-[H])-[H])(-[H])-[H])(-[H])-[H])(-[H])-[H])(-[H])-[H])(-[H])(-[H])-[H],"EVODEX.1-P1808,EVODEX.1-P1812,EVODEX.1-P1814,EVODEX.1-P1802,EVODEX.1-P1816"
EVODEX.1-E677,86235701824751362132245855678730129108105903579809572254531619332223960552870,[#6:38]-[#6:39](=[#8:40])-[#8:41]-[#6:42]>>[#6](-[#6]1=[#6](-[#6](=[#6](-[#6](-[#6](-[H])(-[H])-[H])=[#6](-[#6](=[#6](-[#6](-[#6](-[H])(-[H])-[H])=[#6](-[#6](-[#8]-[#6:39](-[#6:38])=[#8:40])(-[H])-[H])-[H])-[H])-[H])-[H])-[H])-[H])-[#6](-[#6](-[H])(-[H])-[H])(-[#6](-[H])(-[H])-[H])-[#6](-[H])(-[H])-[#6](-[H])(-[H])-[#6]-1(-[H])-[H])(-[H])(-[H])-[H].[#8:41](-[#6:42])-[H],"EVODEX.1-P1495,EVODEX.1-P1484,EVODEX.1-P1485,EVODEX.1-P1492,EVODEX.1-P1489"
EVODEX.1-E678,90089549726455184152500962282633963267811998992126319372842749983059701539127,[#6:1](-[#7:2](-[#6@@:3])-[H:23])(-[H:24])(-[H:25])-[H:26]>>[#6:1](-[#7](-[H])-[H])(-[H:24])(-[H:25])-[H:26].[#7:2](-[#6@@:3])(-[H:23])-[H],"EVODEX.1-P1267,EVODEX.1-P1155,EVODEX.1-P1172,EVODEX.1-P642,EVODEX.1-P1179"
EVODEX.1-E679,77975254755058971082203421472693790609733164272603896166741569986361998183110,[#6](-[#6:6](-[#6:7])(-[H:96])-[H:97])(-[H])(-[H])-[H]>>[#6:6](-[#6:7])(-[H:96])(-[H:97])-[H],"EVODEX.1-P3072,EVODEX.1-P3783,EVODEX.1-P3029,EVODEX.1-P2849,EVODEX.1-P3785"
EVODEX.1-E680,84204929191916476323874377354743598875593002757508473776808043671548601299976,[#6](-[#6:2](-[#6:3])(-[#6:9])-[H:20])(-[H])(-[H])-[H]>>[#6:2](-[#6:3])(-[#6:9])(-[H:20])-[H],"EVODEX.1-P3054,EVODEX.1-P3031,EVODEX.1-P3051,EVODEX.1-P3063,EVODEX.1-P3806"
EVODEX.1-E681,23292061006526955374709953146924095984558274359325783774871318029322308775976,[#6:2]-[#7:6](-[#6](-[H])(-[H])-[H])-[#6:8]>>[#6:2]-[#7:6](-[#6:8])-[H],"EVODEX.1-P1311,EVODEX.1-P379,EVODEX.1-P1185,EVODEX.1-P1244,EVODEX.1-P1245"
EVODEX.1-E682,1066310269255109731134988414427184405831790970446273561197003569988433289833,[#16:28](-[#6:29])-[H]>>[#6](-[#16:28]-[#6:29])(-[H])(-[H])-[H],"EVODEX.1-P1298,EVODEX.1-P1296,EVODEX.1-P1295,EVODEX.1-P1303,EVODEX.1-P1280"
EVODEX.1-E683,7160881732106515495299254641624859107663164723630719505603579016465612280050,[#6:1](-[#6:2])(-[H:58])(-[H:59])-[H]>>[#6:1](-[#6:2])(-[#6](-[H])(-[H])-[H])(-[H:58])-[H:59],"EVODEX.1-P3028,EVODEX.1-P3061,EVODEX.1-P1402,EVODEX.1-P3786,EVODEX.1-P3071"
EVODEX.1-E684,89670578302664306374205449461443657290196804116434564326378455417657136535632,[#6:18]-[#7:19](-[H])-[#6@@:20]>>[#6:18]-[#7:19](-[#6](-[H])(-[H])-[H])-[#6@@:20],"EVODEX.1-P1288,EVODEX.1-P1323,EVODEX.1-P1281,EVODEX.1-P1234,EVODEX.1-P1265"
EVODEX.1-E685,68126988199904464116434258369929780768750290084253255393289754175315901153498,[#6:60]-[#6:61](-[#6:62])(-[H:109])-[H]>>[#6](-[#6@@:61](-[#6:60])(-[#6:62])-[H:109])(-[H])(-[H])-[H],"EVODEX.1-P3053,EVODEX.1-P3804,EVODEX.1-P3059,EVODEX.1-P1586,EVODEX.1-P3030"
EVODEX.1-E686,37616101638321203164561306392541733852864366008805555912114679665641996690584,[#6:1]-[#6:2](-[#6:3])=[#6:4](-[#6:5])-[H]>>[#6:1]-[#6:2](-[#6:3])(-[#6:4](-[#6:5])=[#6](-[H])-[H])-[H],"EVODEX.1-P1257,EVODEX.1-P1285,EVODEX.1-P1248,EVODEX.1-P1252,EVODEX.1-P1255"
EVODEX.1-E687,63096401667915070201575570998850322257681880948425458770610989933085782090134,[#6](-[#6](-[#8:3]-[#6:4])(-[H])-[H])(-[H])(-[H])-[H]>>[#8:3](-[#6:4])-[H],"EVODEX.1-P3921,EVODEX.1-P4047,EVODEX.1-P3885,EVODEX.1-P3857,EVODEX.1-P4986"
EVODEX.1-E688,91581026320465939687614570495313875586260726413052270229847320056409154792090,[#15:4]-[#8:6]-[#6](-[#6](-[H])(-[H])-[H])(-[H])-[H]>>[#15:4]-[#8:6]-[H],"EVODEX.1-P4298,EVODEX.1-P4297,EVODEX.1-P4175,EVODEX.1-P4295,EVODEX.1-P4299"
EVODEX.1-E689,27421511532740622289790936801028799681876837887129040493000990376644265161030,[#6](-[#6](-[#7:3](-[#6:4])-[H:60])(-[#6](=[#8])-[#8]-[H])-[H])(-[H])(-[H])-[H]>>[#7:3](-[#6:4])(-[H:60])-[H],"EVODEX.1-P1136,EVODEX.1-P1120,EVODEX.1-P1135,EVODEX.1-P889,EVODEX.1-P1117"
EVODEX.1-E690,43416296212592067314073365993880611734806486520947152778359967149435645256092,[#6:4]-[#7:5](-[#6](-[#8]-[H])(-[#6](=[#8])-[#8]-[H])-[H])-[H:20]>>[#6:4]-[#7:5](-[H:20])-[H],"EVODEX.1-P6531,EVODEX.1-P6533,EVODEX.1-P6532,EVODEX.1-P6526,EVODEX.1-P6535"
EVODEX.1-E691,48520895898502467215699857321004584693259923003214124208596100924613820701047,[#7:1]-[#6:2](-[#6:3])(-[H:20])-[H].[#8]=[#6](-[#8]-[H])-[#6](=[#8])-[#6:11](-[#6:12])(-[H:30])-[H:31]>>[#7:1]-[#6@:2](-[#6:3])(-[#6:11](-[#6:12])(-[H:30])-[H:31])-[H:20],"EVODEX.1-P3145,EVODEX.1-P3171,EVODEX.1-P3135,EVODEX.1-P3159,EVODEX.1-P3161"
EVODEX.1-E692,11384046944622111273176959892154072391516862709934344591354930119345301797821,[#6](-[#6](-[#6](-[H])(-[H])-[H])(-[#6@@](-[#7:5](-[H:23])-[H:24])(-[#6](=[#8])-[#8]-[H])-[H])-[H])(-[H])(-[H])-[H].[#6:14]-[#6:15](=[#8])-[#6:17]=[#8:18]>>[#7:5](-[#6:15](-[#6:14])(-[#6:17]=[#8:18])-[H])(-[H:23])-[H:24],"EVODEX.1-P3039,EVODEX.1-P2937,EVODEX.1-P3068,EVODEX.1-P3070,EVODEX.1-P3209"
EVODEX.1-E693,2023553127333286138877391461101727705163455509612242844773901863700660539935,[#6](-[#6](-[#6](-[#6](-[#6](=[#8])-[#8:7]-[#6:8])(-[H])-[H])(-[H])-[H])(-[H])-[H])(-[H])(-[H])-[H]>>[#8:7](-[#6:8])-[H],"EVODEX.1-P4077,EVODEX.1-P4139,EVODEX.1-P3894,EVODEX.1-P3927,EVODEX.1-P3910"
EVODEX.1-E694,76327840132328250448877195643455796576537462616262153456391654963528389354300,[#6](-[#6](=[#8])-[#6](-[#6](=[#8])-[#16:7]-[#6:8])(-[H])-[H])(-[H])(-[H])-[H].[#6:57]-[#6:59](=[#8:60])-[#8]-[H]>>[#16:7](-[#6:8])-[#6:59](-[#6:57])=[#8:60],"EVODEX.1-P3827,EVODEX.1-P3816,EVODEX.1-P3831,EVODEX.1-P3843,EVODEX.1-P3847"
EVODEX.1-E695,99833996943022847981830204492100570156560315328037866539917102754452586199581,[#6](-[#6](-[#6](-[#6](=[#8])-[#8:6]-[#6:7])(-[H])-[H])(-[H])-[H])(-[H])(-[H])-[H]>>[#8:6](-[#6:7])-[H],"EVODEX.1-P4090,EVODEX.1-P3901,EVODEX.1-P4137,EVODEX.1-P3852,EVODEX.1-P3939"
EVODEX.1-E696,42963048415187242892359193697504252849385388287715029517791985103081395491828,[#6:13]-[#6@:14](-[#7:15](-[H:27])-[H:28])(-[#6:16]=[#8:17])-[H]>>[#6](-[#6](-[#6](-[H])(-[H])-[H])(-[#6@@](-[#6](=[#8])-[#8]-[H])(-[#7:15](-[H:27])-[H:28])-[H])-[H])(-[H])(-[H])-[H].[#8]=[#6:14](-[#6:13])-[#6:16]=[#8:17],"EVODEX.1-P3069,EVODEX.1-P3016,EVODEX.1-P3151,EVODEX.1-P2975,EVODEX.1-P3037"
EVODEX.1-E697,23243549415683648324195094532852067991801573126062509919733704888392989281635,[#6](=[#6](-[#8:3]-[#6:4])-[H])(-[H])-[H]>>[#8:3](-[#6:4])-[H],"EVODEX.1-P4098,EVODEX.1-P3925,EVODEX.1-P4102,EVODEX.1-P4100,EVODEX.1-P3898"
EVODEX.1-E698,96327985735818979873925419738867599850232019097398310695365330247030263957251,[#6:81]-[#8:82]-[H]>>[#6](-[#6](-[#6](-[#6](-[#6](-[#6](-[#6](-[#6](-[#6](-[#6](-[#6](-[#6](-[#6](-[#6](-[#6](-[#6](-[#6](-[#6](=[#6](-[#6](=[#8])-[#8:82]-[#6:81])-[H])-[H])(-[H])-[H])(-[H])-[H])(-[H])-[H])(-[H])-[H])(-[H])-[H])(-[H])-[H])(-[H])-[H])(-[H])-[H])(-[H])-[H])(-[H])-[H])(-[H])-[H])(-[H])-[H])(-[H])-[H])(-[H])-[H])(-[H])-[H])(-[H])-[H])(-[H])(-[H])-[H],"EVODEX.1-P1917,EVODEX.1-P1916,EVODEX.1-P1914,EVODEX.1-P1919,EVODEX.1-P1872"
EVODEX.1-E699,81600574881812564567184297100207747542850582100072658957516770406040888893578,[#6:2]-[#6:3](=[#8])-[#6:5]=[#8:6].[#7:8](-[#6@@](-[#6](-[#6]1:[#6](-[H]):[#6](-[H]):[#6](-[#8]-[H]):[#6](-[H]):[#6]:1-[H])(-[H])-[H])(-[#6](=[#8])-[#8]-[H])-[H])(-[H:36])-[H:37]>>[#6:2]-[#6:3](-[#6:5]=[#8:6])(-[#7:8](-[H:36])-[H:37])-[H],"EVODEX.1-P2952,EVODEX.1-P3105,EVODEX.1-P3120,EVODEX.1-P2807,EVODEX.1-P2978"
EVODEX.1-E700,72893413377623769774708292313076813360892494170813456322610336865203484925043,[#6:2]-[#6:6](-[#7:7](-[H:24])-[H:25])(-[#6:8]=[#8:9])-[H]>>[#6:2]-[#6:6](-[#6:8]=[#8:9])=[#8].[#7:7](-[#6@](-[#6](=[#8])-[#8]-[H])(-[#6](-[#6]1:[#6](-[H]):[#6](-[H]):[#6](-[H]):[#6](-[H]):[#6]:1-[H])(-[H])-[H])-[H])(-[H:24])-[H:25],"EVODEX.1-P2924,EVODEX.1-P2859,EVODEX.1-P2814,EVODEX.1-P3173,EVODEX.1-P2967"
EVODEX.1-E701,33374861608424847569919732604041188476605072237759873063230611057322763994405,[#7:6](-[#6:7])(-[H:27])-[H]>>[#6](-[#6](-[#6](=[#8])-[#7:6](-[#6:7])-[H:27])(-[H])-[H])(-[H])(-[H])-[H],"EVODEX.1-P5826,EVODEX.1-P1737,EVODEX.1-P1858,EVODEX.1-P1582,EVODEX.1-P2066"
EVODEX.1-E702,15121800313487617400073278085244791894876927450246352052695958414475101858121,[#6:2]-[#6:5](=[#8])-[#6:7]=[#8:8].[#7:10](-[#6@@](-[#6](-[#6]1:[#6](-[H]):[#6](-[H]):[#6](-[H]):[#6](-[H]):[#6]:1-[H])(-[H])-[H])(-[#6](=[#8])-[#8]-[H])-[H])(-[H:39])-[H:40]>>[#6:2]-[#6:5](-[#6:7]=[#8:8])(-[#7:10](-[H:39])-[H:40])-[H],"EVODEX.1-P2966,EVODEX.1-P3167,EVODEX.1-P3163,EVODEX.1-P2980,EVODEX.1-P2969"
EVODEX.1-E703,112228544539742355258159479140898548432120855590165969535322539461765569147576,[#7](-[#6]1:[#7]:[#6](-[H]):[#7]:[#6]2:[#6]:1:[#7]:[#6](-[H]):[#7]:2-[#6]1(-[H])-[#8]-[#6](-[#6](-[#8]-[#15](=[#8])(-[#8]-[H])-[#8]-[#15](=[#8])(-[#8]-[H])-[#8:23]-[#15:24])(-[H])-[H])(-[H])-[#6](-[#8]-[H])(-[H])-[#6]-1(-[#8]-[H])-[H])(-[H])-[H]>>[#8:23](-[#15:24])-[H],"EVODEX.1-P3321,EVODEX.1-P5981,EVODEX.1-P5996,EVODEX.1-P3680,EVODEX.1-P5999"
EVODEX.1-E704,83429807792487345991868277962787104388473515646411304880134238964587606796381,[#7](-[#6]1:[#7]:[#6](-[H]):[#7]:[#6]2:[#6]:1:[#7]:[#6](-[H]):[#7]:2-[#6@]1(-[H])-[#8]-[#6@@](-[#6](-[#8]-[#15](=[#8])(-[#8]-[H])-[#8]-[#15](=[#8])(-[#8:40]-[H:55])-[#8]-[H])(-[H])-[H])(-[H])-[#6@](-[#8]-[H])(-[H])-[#6@]-1(-[#8]-[H])-[H])(-[H])-[H].[#6:2]-[#6:3](=[#8:4])-[#7:5](-[#6@:6])-[H:78]>>[#6:2]-[#6:3](=[#8:4])-[#8:40]-[H:55].[#7:5](-[#6@:6])(-[H:78])-[H],"EVODEX.1-P6979,EVODEX.1-P6986,EVODEX.1-P6983,EVODEX.1-P6958,EVODEX.1-P7487"
EVODEX.1-E705,69552638716573047313789862281865941884718568847475277439359153497174813512838,[#6:47]-[#16:48]-[#6:49](=[#8:50])-[#6@:51].[#7](-[#6]1:[#7]:[#6](-[H]):[#7]:[#6]2:[#6]:1:[#7]:[#6](-[H]):[#7]:2-[#6@]1(-[H])-[#8]-[#6@@](-[#6](-[#8]-[#15](=[#8])(-[#8]-[H])-[#8]-[#15](=[#8])(-[#8:78]-[H:133])-[#8]-[H])(-[H])-[H])(-[H])-[#6@](-[#8]-[H])(-[H])-[#6@]-1(-[#8]-[H])-[H])(-[H])-[H]>>[#6:49](=[#8:50])(-[#6@:51])-[#8:78]-[H:133].[#6:47]-[#16:48]-[H],"EVODEX.1-P6767,EVODEX.1-P6761,EVODEX.1-P6738,EVODEX.1-P6747,EVODEX.1-P6750"
EVODEX.1-E706,17059344829797252464244668640649009232532536419994057794141166590223476377736,[#15:15]-[#8:17]-[H].([#8:33]-[#15:34](=[#8:35])(-[#8:36])-[#8]-[#15](=[#8])(-[#8]-[H])-[#8]-[#15](=[#8])(-[#8]-[H])-[#8]-[H].[#8:47]-[#6@@:46](-[#6@@:31])(-[H:74])-[#6@:48](-[#6@:29])(-[#8:49])-[H:76])>>([#15:15]-[#8:17]-[#15:34](-[#8:33])(=[#8:35])-[#8:36].[#8:49]-[#6@:48](-[#6@:29])(-[H:76])-[#6@@:46](-[#6@@:31])(-[#8:47])-[H:74]),"EVODEX.1-P3623,EVODEX.1-P7561,EVODEX.1-P3625,EVODEX.1-P7558,EVODEX.1-P3633"
EVODEX.1-E707,84112731823167754330993270768737928336911732794425708468498617922848748353108,[#8:15]-[#15:16](=[#8:17])(-[#8:18])-[#8]-[#15](=[#8])(-[#8]-[H])-[#8]-[#15](=[#8])(-[#8]-[H])-[#8]-[H].[#15:33]-[#8:34]-[H]>>[#8:15]-[#15:16](=[#8:17])(-[#8:18])-[#8:34]-[#15:33],"EVODEX.1-P3640,EVODEX.1-P3634,EVODEX.1-P3617,EVODEX.1-P3656,EVODEX.1-P3624"
EVODEX.1-E708,50082715549709365296236935552576942230357189841813864169960538151140477104338,[#6:8]-[#8:10]-[H].([#8:25]-[#15:26](=[#8:27])(-[#8:28])-[#8]-[#15](=[#8])(-[#8]-[H])-[#8]-[#15](=[#8])(-[#8]-[H])-[#8]-[H].[#8:39]-[#6@@:38](-[#6@@:23])(-[H:69])-[#6@:40](-[#6@:21])(-[#8:41])-[H:71])>>([#6:8]-[#8:10]-[#15:26](-[#8:25])(=[#8:27])-[#8:28].[#8:41]-[#6@:40](-[#6@:21])(-[H:71])-[#6@@:38](-[#6@@:23])(-[#8:39])-[H:69]),"EVODEX.1-P3688,EVODEX.1-P6910,EVODEX.1-P3651,EVODEX.1-P3661,EVODEX.1-P3660"
EVODEX.1-E709,59673159941711747905850560472239968862145133813071736853932855382980642888696,[#8:15]-[#15:16](=[#8:17])(-[#8:18])-[#8]-[#15](=[#8])(-[#8]-[H])-[#8]-[#15](=[#8])(-[#8]-[H])-[#8]-[H].[#6:33]-[#8:34]-[H]>>[#8:15]-[#15:16](=[#8:17])(-[#8:18])-[#8:34]-[#6:33],"EVODEX.1-P3469,EVODEX.1-P7543,EVODEX.1-P304,EVODEX.1-P307,EVODEX.1-P3652"
EVODEX.1-E710,99902728628766955279302182744051678056144611609581402919741707722161988432648,[#6:47]-[#16:48]-[H].[#6:78](-[#6@:50])(=[#8:79])-[#8:80]-[H:189].([#8:95]-[#15:96](=[#8:97])(-[#8:98])-[#8]-[#15](=[#8])(-[#8]-[H])-[#8]-[#15](=[#8])(-[#8]-[H])-[#8]-[H].[#8:109]-[#6@@:108](-[#6@@:93])(-[H:205])-[#6@:110](-[#6@:91])(-[#8:111])-[H:207])>>[#6:47]-[#16:48]-[#6:78](-[#6@:50])=[#8:79].([#8:80](-[#15:96](-[#8:95])(=[#8:97])-[#8:98])-[H:189].[#8:111]-[#6@:110](-[#6@:91])(-[H:207])-[#6@@:108](-[#6@@:93])(-[#8:109])-[H:205]),"EVODEX.1-P6852,EVODEX.1-P6820,EVODEX.1-P6806,EVODEX.1-P6793,EVODEX.1-P6778"
EVODEX.1-E711,85343923531991242683001857027943547359967984072990090164529606287125744709261,[#6:47]-[#16:48]-[H].[#6:54]=[#6:55]-[#6:56](=[#8:57])-[#8:58]-[H:132].([#8:73]-[#15:74](=[#8:75])(-[#8:76])-[#8]-[#15](=[#8])(-[#8]-[H])-[#8]-[#15](=[#8])(-[#8]-[H])-[#8]-[H].[#8:87]-[#6@@:86](-[#6@@:71])(-[H:151])-[#6@:88](-[#6@:69])(-[#8:89])-[H:153])>>[#6:47]-[#16:48]-[#6:56](-[#6:55]=[#6:54])=[#8:57].([#8:58](-[#15:74](-[#8:73])(=[#8:75])-[#8:76])-[H:132].[#8:89]-[#6@:88](-[#6@:69])(-[H:153])-[#6@@:86](-[#6@@:71])(-[#8:87])-[H:151]),"EVODEX.1-P6698,EVODEX.1-P6782,EVODEX.1-P6701,EVODEX.1-P6685,EVODEX.1-P6706"
EVODEX.1-E712,94177957103393674053054509511838308425039459678402177696535600104623966284281,[#6:47]-[#16:48]-[H].[#8:63]-[#15:64](=[#8:65])(-[#8:66])-[#8]-[#15](=[#8])(-[#8]-[H])-[#8]-[#15](=[#8])(-[#8]-[H])-[#8]-[H].[#8:80]=[#6:81](-[#8:82]-[H:144])-[#6:83]>>[#6:47]-[#16:48]-[#6:81](=[#8:80])-[#6:83].[#8:63]-[#15:64](=[#8:65])(-[#8:66])-[#8:82]-[H:144],"EVODEX.1-P6812,EVODEX.1-P6830,EVODEX.1-P6815,EVODEX.1-P6816,EVODEX.1-P6790"
EVODEX.1-E713,83782330574950121009589684269251069765055780964576587634843578807219565893686,[#7:17](-[#6:18])(-[H:61])-[H].[#6:10]-[#6:11](=[#8:12])-[#8:13]-[H:64].([#8:38]-[#15:39](=[#8:40])(-[#8:41])-[#8]-[#15](=[#8])(-[#8]-[H])-[#8]-[#15](=[#8])(-[#8]-[H])-[#8]-[H].[#8:52]-[#6@@:51](-[#6@@:36])(-[H:88])-[#6@:53](-[#6@:34])(-[#8:54])-[H:90])>>[#6:10]-[#6:11](=[#8:12])-[#7:17](-[#6:18])-[H:61].([#8:13](-[#15:39](-[#8:38])(=[#8:40])-[#8:41])-[H:64].[#8:54]-[#6@:53](-[#6@:34])(-[H:90])-[#6@@:51](-[#6@@:36])(-[#8:52])-[H:88]),"EVODEX.1-P6950,EVODEX.1-P6902,EVODEX.1-P6926,EVODEX.1-P7488,EVODEX.1-P6941"
EVODEX.1-E714,29108502112646873810033620304956222740248314503222600529457938527760233264338,[#6:19]-[#6:20](-[#8]-[#15](=[#8])(-[#8]-[H])-[#8]-[#15](=[#8])(-[#8]-[H])-[#8]-[H])(-[H:94])-[H:95].([#6:31]-[#6@:33](-[#7:34])(-[#6:76])-[H:156].[#6:74]-[#16:75]-[H])>>([#6:19]-[#6:20](-[#16:75]-[#6:74])(-[H:94])-[H:95].[#7:34]-[#6@@:33](-[#6:31])(-[#6:76])-[H:156]),"EVODEX.1-P2708,EVODEX.1-P2699,EVODEX.1-P2709,EVODEX.1-P2697,EVODEX.1-P2693"
EVODEX.1-E715,86432541132042436230046094064669925892714889355859174361357388902552518586758,[#6:19]-[#6:20](-[#8]-[#15](=[#8])(-[#8]-[H])-[#8]-[#15](=[#8])(-[#8]-[H])-[#8]-[H])(-[H:73])-[H:74].([#6:33]-[#6@:34](-[#7:35]-[#6:36]-[#6@@:38](-[#7:39])(-[#6:46])-[H:111])(-[#6:49])-[H:119].[#6:44]-[#16:45]-[H])>>([#6:19]-[#6:20](-[#16:45]-[#6:44])(-[H:73])-[H:74].[#7:39]-[#6@:38](-[#6:36]-[#7:35]-[#6@@:34](-[#6:33])(-[#6:49])-[H:119])(-[#6:46])-[H:111]),"EVODEX.1-P2660,EVODEX.1-P2713,EVODEX.1-P2695,EVODEX.1-P2661,EVODEX.1-P2715"
EVODEX.1-E716,51357892346127542223742958206159892023576476696545084922846179319570592160283,[#6:19]-[#6:20](-[#8]-[#15](=[#8])(-[#8]-[H])-[#8]-[#15](=[#8])(-[#8]-[H])-[#8]-[H])(-[H:97])-[H:98].([#6:33]-[#6@:34](-[#7:35])(-[#6:79])-[H:173].[#6:44]-[#6@@:46](-[#7:47]-[#6:48]-[#6@:50](-[#6:51]-[#16:52]-[H])(-[#7:53])-[H:159])(-[#6:76])-[H:168])>>([#6:19]-[#6:20](-[#16:52]-[#6:51]-[#6@@:50](-[#6:48]-[#7:47]-[#6@:46](-[#6:44])(-[#6:76])-[H:168])(-[#7:53])-[H:159])(-[H:97])-[H:98].[#7:35]-[#6@@:34](-[#6:33])(-[#6:79])-[H:173]),"EVODEX.1-P2725,EVODEX.1-P2748,EVODEX.1-P2743,EVODEX.1-P2730,EVODEX.1-P2720"
EVODEX.1-E717,103189806806976515682277126165604956563383034199293805216874222469970153021,[#6:9](-[#6@@:8])(-[#8]-[#15](=[#8])(-[#8]-[H])-[#8]-[#15](=[#8])(-[#8]-[H])-[#8]-[H])(-[H:33])-[H:34].[#8:26](-[H:42])-[H]>>[#6:9](-[#6@@:8])(-[#8:26]-[H:42])(-[H:33])-[H:34],"EVODEX.1-P4215,EVODEX.1-P4293,EVODEX.1-P2582,EVODEX.1-P4225,EVODEX.1-P4292"
EVODEX.1-E718,74927759485967131595806997268056389604276758650759130353457173944092603102612,[#6:12](-[#6@@:11])(-[#8]-[#15](=[#8])(-[#8]-[H])-[#8]-[#15](=[#8])(-[#8]-[H])-[#8]-[H])(-[H:56])-[H:57].[#6:31]-[#8:32]-[H]>>[#6:12](-[#6@@:11])(-[#8:32]-[#6:31])(-[H:56])-[H:57],"EVODEX.1-P2609,EVODEX.1-P2550,EVODEX.1-P2556,EVODEX.1-P2553,EVODEX.1-P2562"
EVODEX.1-E719,35103856089292173670224192361173281284774135633625927709226528316727874925711,[#6:4]-[#6:5](-[#8]-[#15](=[#8])(-[#8]-[H])-[#8]-[#15](=[#8])(-[#8]-[H])-[#8]-[H])(-[H:48])-[H:49].[#7:15](-[#6:16])(-[H:67])-[H]>>[#6:4]-[#6:5](-[#7:15](-[#6:16])-[H:67])(-[H:48])-[H:49],"EVODEX.1-P2579,EVODEX.1-P2597,EVODEX.1-P2558,EVODEX.1-P2594,EVODEX.1-P2581"
EVODEX.1-E720,5792433689636316660690209912226468922248937148803245642715313868692880142301,[#6:12](-[#6:13](-[H:32])(-[H:33])-[H])=[#6:14]-[#6:16](-[#8]-[#15](=[#8])(-[#8]-[H])-[#8]-[#15](=[#8])(-[#8]-[H])-[#8]-[H])(-[H:38])-[H:39]>>[#6:12](=[#6:13](-[H:32])-[H:33])-[#6:14]=[#6:16](-[H:38])-[H:39],"EVODEX.1-P6490,EVODEX.1-P6492,EVODEX.1-P6488,EVODEX.1-P6493,EVODEX.1-P6496"
EVODEX.1-E721,87590138150885582465251518217396307892055120147156663672485803045654648364617,[#6:14]-[#16:15]-[H].[#8]=[#15](-[#8]-[H])(-[#8]-[H])-[#8]-[#15](=[#8])(-[#8]-[H])-[#8]-[#6:58](-[#6:59])(-[H:144])-[H:145]>>[#6:14]-[#16:15]-[#6:58](-[#6:59])(-[H:144])-[H:145],"EVODEX.1-P2685,EVODEX.1-P2682,EVODEX.1-P2689,EVODEX.1-P2750,EVODEX.1-P2680"
EVODEX.1-E722,108021009521037624515224165544500546513630715732037228486646358598880040940682,[#8:16]-[#15:17](=[#8:18])(-[#8:19])-[#8]-[#15](=[#8])(-[#8]-[H])-[#8]-[#15](=[#8])(-[#8]-[H])-[#8]-[H].[#8:31](-[H:48])-[H]>>[#8:16]-[#15:17](=[#8:18])(-[#8:19])-[#8:31]-[H:48],"EVODEX.1-P5988,EVODEX.1-P5971,EVODEX.1-P5973,EVODEX.1-P2764,EVODEX.1-P6012"
EVODEX.1-E723,42577464981809239221773840798252114450609672389880164870976496766867167284790,[#6:1](=[#6:2]-[#6:4](-[#6:5])(-[H:60])-[H])(-[H:62])-[H:63].[#6:33]-[#6:34](-[#8]-[#15](=[#8])(-[#8]-[H])-[#8]-[#15](=[#8])(-[#8]-[H])-[#8]-[H])(-[H:76])-[H:77]>>[#6:1](-[#6:2]=[#6:4](-[#6:5])-[H:60])(-[#6:34](-[#6:33])(-[H:76])-[H:77])(-[H:62])-[H:63],"EVODEX.1-P2598,EVODEX.1-P2532,EVODEX.1-P2600,EVODEX.1-P2536,EVODEX.1-P2605"
EVODEX.1-E724,10800982128428226173985415328354339255635444282743892733455464362447786734124,[#6:19]-[#6:20](-[#8]-[#15](=[#8])(-[#8]-[H])-[#8]-[#15](=[#8])(-[#8]-[H])-[#8]-[H])(-[H:88])-[H:89].[#7:35](-[#6@@:34](-[#6@:32])(-[#6:54])-[H:152])-[#6:36]-[#6@:38](-[#6:39]-[#16:40]-[H])(-[#7:41])-[H:127]>>[#6:19]-[#6:20](-[#16:40]-[#6:39]-[#6@@:38](-[#6:36]-[#7:35]-[#6@@:34](-[#6@:32])(-[#6:54])-[H:152])(-[#7:41])-[H:127])(-[H:88])-[H:89],"EVODEX.1-P2721,EVODEX.1-P2726,EVODEX.1-P2746,EVODEX.1-P2744,EVODEX.1-P2758"
EVODEX.1-E725,58825742767186073232962915503059508929121795631137728112741031581650590531790,[#6:19]-[#6:20](-[#8]-[#15](=[#8])(-[#8]-[H])-[#8]-[#15](=[#8])(-[#8]-[H])-[#8]-[H])(-[H:90])-[H:91].[#6:32]-[#6@:34](-[#7:35]-[#6:36]-[#6@@:38](-[#7:39]-[#6:40]-[#6@:42](-[#6:43]-[#16:44]-[H])(-[#7:45])-[H:138])(-[#6:62])-[H:147])(-[#6:65])-[H:159]>>[#6:19]-[#6:20](-[#16:44]-[#6:43]-[#6@@:42](-[#6:40]-[#7:39]-[#6@:38](-[#6:36]-[#7:35]-[#6@@:34](-[#6:32])(-[#6:65])-[H:159])(-[#6:62])-[H:147])(-[#7:45])-[H:138])(-[H:90])-[H:91],"EVODEX.1-P2669,EVODEX.1-P2684,EVODEX.1-P2675,EVODEX.1-P2676,EVODEX.1-P2670"
EVODEX.1-E726,91337765501511519857109672580295234403850194103646297229058338582574086016371,([#6:19]-[#6@:20](-[#7:21])(-[#6:38])-[H:103].[#6:31]-[#6:32](=[#8:33])-[#8:34]-[H:92]).[#7:9](-[#6@:8])(-[H:114])-[H]>>([#7:9](-[#6@:8])(-[#6:32](-[#6:31])=[#8:33])-[H:114].[#7:21]-[#6@@:20](-[#6:19])(-[#6:38])-[H:103]).[#8:34](-[#15](-[#8]-[#15](-[#8]-[#6](-[#6@@]1(-[H])-[#8]-[#6@](-[#7]2:[#6]3:[#7]:[#6](-[H]):[#7]:[#6](-[#7](-[H])-[H]):[#6]:3:[#7]:[#6]:2-[H])(-[H])-[#6@@](-[#8]-[H])(-[H])-[#6@@]-1(-[#8]-[H])-[H])(-[H])-[H])(=[#8])-[#8]-[H])(=[#8])-[#8]-[H])-[H:92],"EVODEX.1-P7142,EVODEX.1-P7114,EVODEX.1-P7091,EVODEX.1-P7098,EVODEX.1-P7109"
EVODEX.1-E727,93246468587923224199787694003984595367855147591690633527332093166611141189064,[#6:2]-[#6:3](=[#8:4])-[#8:5]-[H:51].[#7:6](-[#6@:7])(-[H:84])-[H]>>[#6:2]-[#6:3](=[#8:4])-[#7:6](-[#6@:7])-[H:84].[#8:5](-[#15](-[#8]-[#15](-[#8]-[#6](-[#6@@]1(-[H])-[#8]-[#6@](-[#7]2:[#6]3:[#7]:[#6](-[H]):[#7]:[#6](-[#7](-[H])-[H]):[#6]:3:[#7]:[#6]:2-[H])(-[H])-[#6@@](-[#8]-[H])(-[H])-[#6@@]-1(-[#8]-[H])-[H])(-[H])-[H])(=[#8])-[#8]-[H])(=[#8])-[#8]-[H])-[H:51],"EVODEX.1-P7262,EVODEX.1-P7461,EVODEX.1-P6999,EVODEX.1-P7429,EVODEX.1-P7456"
EVODEX.1-E728,16382318568984807512825983323222453001574628878558134064394226456832421255646,[#6:47]-[#16:48]-[H].[#8:80]=[#6:81](-[#8:82]-[H:141])-[#6:83]>>[#6:47]-[#16:48]-[#6:81](=[#8:80])-[#6:83].[#7](-[#6]1:[#7]:[#6](-[H]):[#7]:[#6]2:[#6]:1:[#7]:[#6](-[H]):[#7]:2-[#6@]1(-[H])-[#8]-[#6@@](-[#6](-[#8]-[#15](=[#8])(-[#8]-[H])-[#8]-[#15](=[#8])(-[#8]-[H])-[#8:82]-[H:141])(-[H])-[H])(-[H])-[#6@](-[#8]-[H])(-[H])-[#6@]-1(-[#8]-[H])-[H])(-[H])-[H],"EVODEX.1-P6892,EVODEX.1-P6719,EVODEX.1-P6870,EVODEX.1-P6723,EVODEX.1-P6755"
EVODEX.1-E729,67278215964721518011154230225014532608790965526880769394086921076593041024591,[#7:11]-[#6@@:12](-[#6:13]-[#6:14]-[#6:15](=[#8:16])-[#8:17]-[H:52])(-[#6:18])-[H:58].[#7:1](-[#6:2])(-[H:70])-[H]>>[#7:1](-[#6:2])(-[#6:15](-[#6:14]-[#6:13]-[#6@:12](-[#7:11])(-[#6:18])-[H:58])=[#8:16])-[H:70].[#8:17](-[#15](-[#8]-[#15](-[#8]-[#6](-[#6@@]1(-[H])-[#8]-[#6@](-[#7]2:[#6]3:[#7]:[#6](-[H]):[#7]:[#6](-[#7](-[H])-[H]):[#6]:3:[#7]:[#6]:2-[H])(-[H])-[#6@@](-[#8]-[H])(-[H])-[#6@@]-1(-[#8]-[H])-[H])(-[H])-[H])(=[#8])-[#8]-[H])(=[#8])-[#8]-[H])-[H:52],"EVODEX.1-P7047,EVODEX.1-P7038,EVODEX.1-P7087,EVODEX.1-P7062,EVODEX.1-P6912"
EVODEX.1-E730,24462524209444590558244390147628984473080246488122129877912772961540816003476,[#8:15]-[#15:16](=[#8:17])(-[#8:18])-[#8]-[#15](=[#8])(-[#8]-[H])-[#8]-[#6](-[#6]1(-[H])-[#8]-[#6](-[#7]2:[#6](-[H]):[#7]:[#6]3:[#6](-[#7](-[H])-[H]):[#7]:[#6](-[H]):[#7]:[#6]:2:3)(-[H])-[#6](-[#8]-[H])(-[H])-[#6]-1(-[#8]-[H])-[H])(-[H])-[H].[#8:45](-[H:74])-[H]>>[#8:15]-[#15:16](=[#8:17])(-[#8:18])-[#8:45]-[H:74],"EVODEX.1-P5977,EVODEX.1-P6029,EVODEX.1-P5989,EVODEX.1-P4235,EVODEX.1-P3675"
EVODEX.1-E731,54908023540321795431095903439454241588392492475693350755059991828925569855379,[#8:17](-[#6@:16])-[H].[#7](-[#6]1:[#7]:[#6](-[H]):[#7]:[#6]2:[#6]:1:[#7]:[#6](-[H]):[#7]:2-[#6@]1(-[H])-[#8]-[#6@@](-[#6](-[#8]-[#15](=[#8])(-[#8]-[H])-[#8]-[#15:39](=[#8:40])(-[#8:41])-[#8:42])(-[H])-[H])(-[H])-[#6@](-[#8]-[H])(-[H])-[#6@]-1(-[#8]-[H])-[H])(-[H])-[H]>>[#8:17](-[#6@:16])-[#15:39](=[#8:40])(-[#8:41])-[#8:42],"EVODEX.1-P3266,EVODEX.1-P3394,EVODEX.1-P3431,EVODEX.1-P3304,EVODEX.1-P3581"
EVODEX.1-E732,45534340359909001394891509358510598651436061473417971168276305210188504273054,[#7](-[#6]1:[#7]:[#6](-[H]):[#7]:[#6]2:[#6]:1:[#7]:[#6](-[H]):[#7]:2-[#6@]1(-[H])-[#8]-[#6@@](-[#6](-[#8]-[#15](=[#8])(-[#8]-[H])-[#8]-[#15:48](=[#8:49])(-[#8:50])-[#8:51])(-[H])-[H])(-[H])-[#6@](-[#8]-[H])(-[H])-[#6@]-1(-[#8]-[H])-[H])(-[H])-[H].[#15:15]-[#8:17]-[H]>>[#15:15]-[#8:17]-[#15:48](=[#8:49])(-[#8:50])-[#8:51],"EVODEX.1-P3556,EVODEX.1-P3567,EVODEX.1-P3608,EVODEX.1-P3605,EVODEX.1-P3554"
EVODEX.1-E733,41211134627795815160133486175627068132726766019829848700527263900628537029545,[#6:47]-[#16:48]-[H].[#6:78](-[#6@:50])(=[#8:79])-[#8]-[H].[#7](-[#6]1:[#7]:[#6](-[H]):[#7]:[#6]2:[#6]:1:[#7]:[#6](-[H]):[#7]:2-[#6@]1(-[H])-[#8]-[#6@@](-[#6](-[#8]-[#15](=[#8])(-[#8]-[H])-[#8:99]-[#15:100])(-[H])-[H])(-[H])-[#6@](-[#8]-[H])(-[H])-[#6@]-1(-[#8]-[H])-[H])(-[H])-[H]>>[#6:47]-[#16:48]-[#6:78](-[#6@:50])=[#8:79].[#8:99](-[#15:100])-[H],"EVODEX.1-P6772,EVODEX.1-P6824,EVODEX.1-P6854,EVODEX.1-P6822,EVODEX.1-P6818"
EVODEX.1-E734,66584943214839229628917872861948659320543397922744771540337672297001119427733,[#7:121](-[#6@@:120])(-[H:267])-[H].[#7](-[#6]1:[#7]:[#6](-[H]):[#7]:[#6]2:[#6]:1:[#7]:[#6](-[H]):[#7]:2-[#6@]1(-[H])-[#8]-[#6@@](-[#6](-[#8]-[#15](=[#8])(-[#8]-[H])-[#8:182]-[#15:183])(-[H])-[H])(-[H])-[#6@](-[#8]-[H])(-[H])-[#6@]-1(-[#8]-[H])-[H])(-[H])-[H].[#8:195]=[#6:196](-[#8]-[H])-[#6:198]>>[#7:121](-[#6@@:120])(-[#6:196](=[#8:195])-[#6:198])-[H:267].[#8:182](-[#15:183])-[H],"EVODEX.1-P6934,EVODEX.1-P6936,EVODEX.1-P7489,EVODEX.1-P6946,EVODEX.1-P6938"
EVODEX.1-E735,115438207863139086857051653475225934188567522815339684675802356220386820025157,[#6:6]-[#8:8]-[#15](=[#8])(-[#8]-[H])-[#8]-[H]>>[#6:6]-[#8:8]-[H],"EVODEX.1-P3235,EVODEX.1-P3236,EVODEX.1-P3417,EVODEX.1-P3286,EVODEX.1-P3544"
EVODEX.1-E736,13526582034359399750846731566430842497391988157960080476767696324466290919037,[#8]=[#15](-[#8]-[H])(-[#8]-[H])-[#8:6]-[#15:7]>>[#8:6](-[#15:7])-[H],"EVODEX.1-P3547,EVODEX.1-P3296,EVODEX.1-P3240,EVODEX.1-P2763,EVODEX.1-P3230"
EVODEX.1-E737,87978919295009197974003011560719624084078870067202182982770606116511748641606,[#6:42]-[#7:44](-[#15](=[#8])(-[#8]-[H])-[#8]-[H])-[H:117]>>[#6:42]-[#7:44](-[H:117])-[H],"EVODEX.1-P3515,EVODEX.1-P6137,EVODEX.1-P6130,EVODEX.1-P3504,EVODEX.1-P3480"
EVODEX.1-E738,33327528356865544469718463415022535611403493853539072094057651751794225102397,[#6:2]-[#6:4](-[#6:5])(-[#8:11]-[#15](=[#8])(-[#8]-[H])-[#8]-[H])-[H:41]>>[#6:2]-[#6@@:4](-[#6:5])(-[#8:11]-[H])-[H:41],"EVODEX.1-P4180,EVODEX.1-P4205,EVODEX.1-P4183,EVODEX.1-P4189,EVODEX.1-P4210"
EVODEX.1-E739,48416070418208689593743190646244549439871385067414257210649049000525935574914,[#8](-[#6@@:12]-[#6@@:18](-[#6@@:8])(-[#8:19])-[H:29])-[#15](=[#8])(-[#8]-[H])-[#8]-[H]>>[#8](-[#6@@:12]-[#6@@:18](-[#6@@:8])(-[#8:19])-[H:29])-[H],"EVODEX.1-P4257,EVODEX.1-P4191,EVODEX.1-P4187,EVODEX.1-P4223,EVODEX.1-P4220"
EVODEX.1-E740,93579253326298330253686740502895874189594271943687061789553528862690652556218,[#15:16]-[#8:19]-[#15](=[#8])(-[#8]-[H])-[#8]-[#15](=[#8])(-[#8]-[H])-[#8]-[H]>>[#15:16]-[#8:19]-[H],"EVODEX.1-P3432,EVODEX.1-P3590,EVODEX.1-P3439,EVODEX.1-P6017,EVODEX.1-P6010"
EVODEX.1-E741,25306482023969358294462031371939511724661766012799750374126252079542278410853,[#6:33]-[#8:34]-[H]>>[#7](-[#6]1:[#7]:[#6](-[H]):[#7]:[#6]2:[#6]:1:[#7]:[#6](-[H]):[#7]:2-[#6@]1(-[H])-[#8]-[#6@@](-[#6](-[#8]-[#15](=[#8])(-[#8]-[H])-[#8:34]-[#6:33])(-[H])-[H])(-[H])-[#6@](-[#8]-[H])(-[H])-[#6@]-1(-[#8]-[H])-[H])(-[H])-[H],"EVODEX.1-P6889,EVODEX.1-P3630,EVODEX.1-P6875,EVODEX.1-P6618,EVODEX.1-P6911"
EVODEX.1-E742,94193691930697162267039757450953066910455298707440246615886547576790354273818,[#15:15]-[#8:17]-[H]>>[#15:15]-[#8:17]-[#15](-[#8]-[#6](-[#6@@]1(-[H])-[#8]-[#6@](-[#7]2:[#6]3:[#7]:[#6](-[H]):[#7]:[#6](-[#7](-[H])-[H]):[#6]:3:[#7]:[#6]:2-[H])(-[H])-[#6@@](-[#8]-[H])(-[H])-[#6@@]-1(-[#8]-[H])-[H])(-[H])-[H])(=[#8])-[#8]-[H],"EVODEX.1-P7559,EVODEX.1-P7562,EVODEX.1-P3368,EVODEX.1-P3629,EVODEX.1-P3687"
EVODEX.1-E743,89514217022110136816942604971727235914500742225305996771383737581311978265431,[#6:47]-[#16:48]-[H].[#6:78](-[#6@:50])(=[#8:79])-[#8:80]-[H:189]>>[#6:47]-[#16:48]-[#6:78](-[#6@:50])=[#8:79].[#8:80](-[#15](-[#8]-[#6](-[#6@@]1(-[H])-[#8]-[#6@](-[#7]2:[#6]3:[#7]:[#6](-[H]):[#7]:[#6](-[#7](-[H])-[H]):[#6]:3:[#7]:[#6]:2-[H])(-[H])-[#6@@](-[#8]-[H])(-[H])-[#6@@]-1(-[#8]-[H])-[H])(-[H])-[H])(=[#8])-[#8]-[H])-[H:189],"EVODEX.1-P6668,EVODEX.1-P6798,EVODEX.1-P6652,EVODEX.1-P6641,EVODEX.1-P6817"
EVODEX.1-E744,37428171833345313380415118700946196395734007284097220625273456120168597333887,[#7:121](-[#6@@:120])(-[H:267])-[H].[#8:195]=[#6:196](-[#8:197]-[H:374])-[#6:198]>>[#7:121](-[#6@@:120])(-[#6:196](=[#8:195])-[#6:198])-[H:267].[#7](-[#6]1:[#7]:[#6](-[H]):[#7]:[#6]2:[#6]:1:[#7]:[#6](-[H]):[#7]:2-[#6@]1(-[H])-[#8]-[#6@@](-[#6](-[#8]-[#15](=[#8])(-[#8]-[H])-[#8:197]-[H:374])(-[H])-[H])(-[H])-[#6@](-[#8]-[H])(-[H])-[#6@]-1(-[#8]-[H])-[H])(-[H])-[H],"EVODEX.1-P6940,EVODEX.1-P6921,EVODEX.1-P6901,EVODEX.1-P7491,EVODEX.1-P6968"
EVODEX.1-E745,27423650516408701803364568300101964732884758749185734019984777495880081483718,[#6:78](-[#6@:50])(=[#8:79])-[#8:80]-[H:189].([#8:95]-[#15:96](=[#8:97])(-[#8:98])-[#8:99]-[#15:100].[#8:109]-[#6@@:108](-[#6@@:93])(-[H:205])-[#6@:110](-[#6@:91])(-[#8:111])-[H:207])>>[#6](-[#6](-[#6](-[H])(-[H])-[H])(-[#6](-[#8]-[#15](=[#8])(-[#8]-[H])-[#8]-[#15](=[#8])(-[#8]-[H])-[#8]-[#6](-[#6@@]1(-[H])-[#8]-[#6@](-[#7]2:[#6](-[H]):[#7]:[#6]3:[#6](-[#7](-[H])-[H]):[#7]:[#6](-[H]):[#7]:[#6]:2:3)(-[H])-[#6@@](-[#8]-[H])(-[H])-[#6@@]-1(-[#8]-[#15](=[#8])(-[#8]-[H])-[#8]-[H])-[H])(-[H])-[H])(-[H])-[H])-[#6@@](-[#8]-[H])(-[#6](=[#8])-[#7](-[#6](-[#6](-[#6](=[#8])-[#7](-[#6](-[#6](-[#16]-[#6:78](-[#6@:50])=[#8:79])(-[H])-[H])(-[H])-[H])-[H])(-[H])-[H])(-[H])-[H])-[H])-[H])(-[H])(-[H])-[H].([#8:80](-[#15:96](-[#8:95])(=[#8:97])-[#8:98])-[H:189].[#8:111]-[#6@:110](-[#6@:91])(-[H:207])-[#6@@:108](-[#6@@:93])(-[#8:109])-[H:205]).[#8:99](-[#15:100])-[H],"EVODEX.1-P6642,EVODEX.1-P6729,EVODEX.1-P6858,EVODEX.1-P6635,EVODEX.1-P6646"
EVODEX.1-E746,21717382436798608273989957095459918465773375009796820095264509138568224142218,[#6:1]=[#6:2]-[#6:7](=[#8:8])-[#8:9]-[H:92].([#8:76]-[#15:77](=[#8:78])(-[#8:79])-[#8:80]-[#15:81].[#8:86]-[#6@@:85](-[#6@@:70])(-[H:142])-[#6@:87](-[#6@:68])(-[#8:88])-[H:144])>>[#6:1]=[#6:2]-[#6:7](=[#8:8])-[#16]-[#6](-[#6](-[#7](-[#6](-[#6](-[#6](-[#7](-[#6](-[#6@@](-[#6](-[#6](-[H])(-[H])-[H])(-[#6](-[H])(-[H])-[H])-[#6](-[#8]-[#15](=[#8])(-[#8]-[H])-[#8]-[#15](=[#8])(-[#8]-[H])-[#8]-[#6](-[#6@@]1(-[H])-[#8]-[#6@](-[#7]2:[#6](-[H]):[#7]:[#6]3:[#6](-[#7](-[H])-[H]):[#7]:[#6](-[H]):[#7]:[#6]:2:3)(-[H])-[#6@@](-[#8]-[H])(-[H])-[#6@@]-1(-[#8]-[#15](=[#8])(-[#8]-[H])-[#8]-[H])-[H])(-[H])-[H])(-[H])-[H])(-[#8]-[H])-[H])=[#8])-[H])(-[H])-[H])(-[H])-[H])=[#8])-[H])(-[H])-[H])(-[H])-[H].[#8:80](-[#15:81])-[H].([#8:9](-[#15:77](-[#8:76])(=[#8:78])-[#8:79])-[H:92].[#8:88]-[#6@:87](-[#6@:68])(-[H:144])-[#6@@:85](-[#6@@:70])(-[#8:86])-[H:142]),"EVODEX.1-P6711,EVODEX.1-P6845,EVODEX.1-P6686,EVODEX.1-P6697,EVODEX.1-P6702"
EVODEX.1-E747,39792785649401420075549971044470534952733023888455535973488913638851601811937,[#8:67]-[#15:68](=[#8:69])(-[#8:70])-[#8:71]-[#15:72].[#8:80]=[#6:81](-[#8:82]-[H:141])-[#6:83]>>[#6](-[#6](-[#6](-[H])(-[H])-[H])(-[#6](-[#8]-[#15](=[#8])(-[#8]-[H])-[#8]-[#15](=[#8])(-[#8]-[H])-[#8]-[#6](-[#6@@]1(-[H])-[#8]-[#6@](-[#7]2:[#6](-[H]):[#7]:[#6]3:[#6](-[#7](-[H])-[H]):[#7]:[#6](-[H]):[#7]:[#6]:2:3)(-[H])-[#6@@](-[#8]-[H])(-[H])-[#6@@]-1(-[#8]-[#15](=[#8])(-[#8]-[H])-[#8]-[H])-[H])(-[H])-[H])(-[H])-[H])-[#6@@](-[#8]-[H])(-[#6](=[#8])-[#7](-[#6](-[#6](-[#6](=[#8])-[#7](-[#6](-[#6](-[#16]-[#6:81](=[#8:80])-[#6:83])(-[H])-[H])(-[H])-[H])-[H])(-[H])-[H])(-[H])-[H])-[H])-[H])(-[H])(-[H])-[H].[#8:67]-[#15:68](=[#8:69])(-[#8:70])-[#8:82]-[H:141].[#8:71](-[#15:72])-[H],"EVODEX.1-P6651,EVODEX.1-P6746,EVODEX.1-P6770,EVODEX.1-P6794,EVODEX.1-P6789"
EVODEX.1-E748,105913410355693841074232671972691893480024610710837007618432161431795088481321,[#6:63]-[#6:64](=[#8:65])-[#8:66]-[#6:67]>>[#6](-[#6](-[#6](-[H])(-[H])-[H])(-[#6](-[#8]-[#15](=[#8])(-[#8]-[H])-[#8]-[#15](=[#8])(-[#8]-[H])-[#8]-[#6](-[#6@@]1(-[H])-[#8]-[#6@](-[#7]2:[#6](-[H]):[#7]:[#6]3:[#6](-[#7](-[H])-[H]):[#7]:[#6](-[H]):[#7]:[#6]:2:3)(-[H])-[#6@@](-[#8]-[H])(-[H])-[#6@@]-1(-[#8]-[#15](=[#8])(-[#8]-[H])-[#8]-[H])-[H])(-[H])-[H])(-[H])-[H])-[#6@@](-[#8]-[H])(-[#6](=[#8])-[#7](-[#6](-[#6](-[#6](=[#8])-[#7](-[#6](-[#6](-[#16]-[#6:64](-[#6:63])=[#8:65])(-[H])-[H])(-[H])-[H])-[H])(-[H])-[H])(-[H])-[H])-[H])-[H])(-[H])(-[H])-[H].[#8:66](-[#6:67])-[H],"EVODEX.1-P1726,EVODEX.1-P1826,EVODEX.1-P1498,EVODEX.1-P1530,EVODEX.1-P1696"
EVODEX.1-E749,78773552157133881620227555125144776514312194685847210556382768222869982858381,[#6:50]-[#6:51](=[#8:52])-[#6:53](-[#6:54])(-[H:175])-[H:176]>>[#6](-[#6](-[#6](-[H])(-[H])-[H])(-[#6](-[#8]-[#15](=[#8])(-[#8]-[H])-[#8]-[#15](=[#8])(-[#8]-[H])-[#8]-[#6](-[#6@@]1(-[H])-[#8]-[#6@](-[#7]2:[#6](-[H]):[#7]:[#6]3:[#6](-[#7](-[H])-[H]):[#7]:[#6](-[H]):[#7]:[#6]:2:3)(-[H])-[#6@@](-[#8]-[H])(-[H])-[#6@@]-1(-[#8]-[#15](=[#8])(-[#8]-[H])-[#8]-[H])-[H])(-[H])-[H])(-[H])-[H])-[#6@@](-[#8]-[H])(-[#6](=[#8])-[#7](-[#6](-[#6](-[#6](=[#8])-[#7](-[#6](-[#6](-[#16]-[#6:51](-[#6:50])=[#8:52])(-[H])-[H])(-[H])-[H])-[H])(-[H])-[H])(-[H])-[H])-[H])-[H])(-[H])(-[H])-[H].[#6:53](-[#6:54])(-[H:175])(-[H:176])-[H],"EVODEX.1-P2078,EVODEX.1-P2085,EVODEX.1-P1574,EVODEX.1-P1576,EVODEX.1-P2081"
EVODEX.1-E750,84914037193486347763674608360338706048099587710284503659184148952429309696430,[#6:52]-[#6:53](=[#8:54])-[#6:55](-[#8:56])(-[#6:57])-[#6:61]>>[#6](-[#6](-[#6](-[H])(-[H])-[H])(-[#6](-[#8]-[#15](=[#8])(-[#8]-[H])-[#8]-[#15](=[#8])(-[#8]-[H])-[#8]-[#6](-[#6@@]1(-[H])-[#8]-[#6@](-[#7]2:[#6](-[H]):[#7]:[#6]3:[#6](-[#7](-[H])-[H]):[#7]:[#6](-[H]):[#7]:[#6]:2:3)(-[H])-[#6@@](-[#8]-[H])(-[H])-[#6@@]-1(-[#8]-[#15](=[#8])(-[#8]-[H])-[#8]-[H])-[H])(-[H])-[H])(-[H])-[H])-[#6@@](-[#8]-[H])(-[#6](=[#8])-[#7](-[#6](-[#6](-[#6](=[#8])-[#7](-[#6](-[#6](-[#16]-[#6:53](-[#6:52])=[#8:54])(-[H])-[H])(-[H])-[H])-[H])(-[H])-[H])(-[H])-[H])-[H])-[H])(-[H])(-[H])-[H].[#6:55](-[#8:56])(-[#6:57])(-[#6:61])-[H],"EVODEX.1-P1511,EVODEX.1-P1504,EVODEX.1-P1499,EVODEX.1-P1852,EVODEX.1-P1509"
EVODEX.1-E751,112300866311023679414516204103300591309755676964707913306108599353462840290114,[#6:78](-[#6@:50])(=[#8:79])-[#8:80]-[H:189].([#8:95]-[#15:96](=[#8:97])(-[#8:98])-[#8]-[#15](=[#8])(-[#8]-[H])-[#8]-[#15](=[#8])(-[#8]-[H])-[#8]-[H].[#8:109]-[#6@@:108](-[#6@@:93])(-[H:205])-[#6@:110](-[#6@:91])(-[#8:111])-[H:207])>>[#6](-[#6](-[#6](-[H])(-[H])-[H])(-[#6](-[#8]-[#15](=[#8])(-[#8]-[H])-[#8]-[#15](=[#8])(-[#8]-[H])-[#8]-[#6](-[#6@@]1(-[H])-[#8]-[#6@](-[#7]2:[#6](-[H]):[#7]:[#6]3:[#6](-[#7](-[H])-[H]):[#7]:[#6](-[H]):[#7]:[#6]:2:3)(-[H])-[#6@@](-[#8]-[H])(-[H])-[#6@@]-1(-[#8]-[#15](=[#8])(-[#8]-[H])-[#8]-[H])-[H])(-[H])-[H])(-[H])-[H])-[#6@@](-[#8]-[H])(-[#6](=[#8])-[#7](-[#6](-[#6](-[#6](=[#8])-[#7](-[#6](-[#6](-[#16]-[#6:78](-[#6@:50])=[#8:79])(-[H])-[H])(-[H])-[H])-[H])(-[H])-[H])(-[H])-[H])-[H])-[H])(-[H])(-[H])-[H].([#8:80](-[#15:96](-[#8:95])(=[#8:97])-[#8:98])-[H:189].[#8:111]-[#6@:110](-[#6@:91])(-[H:207])-[#6@@:108](-[#6@@:93])(-[#8:109])-[H:205]),"EVODEX.1-P6856,EVODEX.1-P306,EVODEX.1-P6797,EVODEX.1-P6792,EVODEX.1-P6821"
EVODEX.1-E752,69597758863085989689972412241501035267823850807176068547463345383474128313368,[#6:54]=[#6:55]-[#6:56](=[#8:57])-[#8:58]-[H:132].([#8:73]-[#15:74](=[#8:75])(-[#8:76])-[#8]-[#15](=[#8])(-[#8]-[H])-[#8]-[#15](=[#8])(-[#8]-[H])-[#8]-[H].[#8:87]-[#6@@:86](-[#6@@:71])(-[H:151])-[#6@:88](-[#6@:69])(-[#8:89])-[H:153])>>[#6](-[#6](-[#6](-[H])(-[H])-[H])(-[#6](-[#8]-[#15](=[#8])(-[#8]-[H])-[#8]-[#15](=[#8])(-[#8]-[H])-[#8]-[#6](-[#6@@]1(-[H])-[#8]-[#6@](-[#7]2:[#6](-[H]):[#7]:[#6]3:[#6](-[#7](-[H])-[H]):[#7]:[#6](-[H]):[#7]:[#6]:2:3)(-[H])-[#6@@](-[#8]-[H])(-[H])-[#6@@]-1(-[#8]-[#15](=[#8])(-[#8]-[H])-[#8]-[H])-[H])(-[H])-[H])(-[H])-[H])-[#6@@](-[#8]-[H])(-[#6](=[#8])-[#7](-[#6](-[#6](-[#6](=[#8])-[#7](-[#6](-[#6](-[#16]-[#6:56](-[#6:55]=[#6:54])=[#8:57])(-[H])-[H])(-[H])-[H])-[H])(-[H])-[H])(-[H])-[H])-[H])-[H])(-[H])(-[H])-[H].([#8:58](-[#15:74](-[#8:73])(=[#8:75])-[#8:76])-[H:132].[#8:89]-[#6@:88](-[#6@:69])(-[H:153])-[#6@@:86](-[#6@@:71])(-[#8:87])-[H:151]),"EVODEX.1-P6712,EVODEX.1-P6705,EVODEX.1-P6707,EVODEX.1-P6699,EVODEX.1-P6861"
EVODEX.1-E753,32861623638051320971600493539377848430145034778452280423463487918793169793284,[#8:63]-[#15:64](=[#8:65])(-[#8:66])-[#8]-[#15](=[#8])(-[#8]-[H])-[#8]-[#15](=[#8])(-[#8]-[H])-[#8]-[H].[#8:80]=[#6:81](-[#8:82]-[H:144])-[#6:83]>>[#6](-[#6](-[#6](-[H])(-[H])-[H])(-[#6](-[#8]-[#15](=[#8])(-[#8]-[H])-[#8]-[#15](=[#8])(-[#8]-[H])-[#8]-[#6](-[#6@@]1(-[H])-[#8]-[#6@](-[#7]2:[#6](-[H]):[#7]:[#6]3:[#6](-[#7](-[H])-[H]):[#7]:[#6](-[H]):[#7]:[#6]:2:3)(-[H])-[#6@@](-[#8]-[H])(-[H])-[#6@@]-1(-[#8]-[#15](=[#8])(-[#8]-[H])-[#8]-[H])-[H])(-[H])-[H])(-[H])-[H])-[#6@@](-[#8]-[H])(-[#6](=[#8])-[#7](-[#6](-[#6](-[#6](=[#8])-[#7](-[#6](-[#6](-[#16]-[#6:81](=[#8:80])-[#6:83])(-[H])-[H])(-[H])-[H])-[H])(-[H])-[H])(-[H])-[H])-[H])-[H])(-[H])(-[H])-[H].[#8:63]-[#15:64](=[#8:65])(-[#8:66])-[#8:82]-[H:144],"EVODEX.1-P6881,EVODEX.1-P6769,EVODEX.1-P6805,EVODEX.1-P6814,EVODEX.1-P6829"
EVODEX.1-E754,99646439068288111415768198912299640121604341103095609580311117584655019407641,[#6:84]-[#6:86](=[#8:87])-[#8]-[H]>>[#6](-[#6](-[#6](-[H])(-[H])-[H])(-[#6](-[#8]-[#15](=[#8])(-[#8]-[H])-[#8]-[#15](=[#8])(-[#8]-[H])-[#8]-[#6](-[#6@@]1(-[H])-[#8]-[#6@](-[#7]2:[#6](-[H]):[#7]:[#6]3:[#6](-[#7](-[H])-[H]):[#7]:[#6](-[H]):[#7]:[#6]:2:3)(-[H])-[#6@@](-[#8]-[H])(-[H])-[#6@@]-1(-[#8]-[#15](=[#8])(-[#8]-[H])-[#8]-[H])-[H])(-[H])-[H])(-[H])-[H])-[#6@@](-[#8]-[H])(-[#6](=[#8])-[#7](-[#6](-[#6](-[#6](=[#8])-[#7](-[#6](-[#6](-[#16]-[#6:86](-[#6:84])=[#8:87])(-[H])-[H])(-[H])-[H])-[H])(-[H])-[H])(-[H])-[H])-[H])-[H])(-[H])(-[H])-[H],"EVODEX.1-P6811,EVODEX.1-P6796,EVODEX.1-P6795,EVODEX.1-P3793,EVODEX.1-P3826"
EVODEX.1-E755,84423156147285603719495825045433492840064786265927083432873986536010310979999,[#6:78](-[#6@:50])(=[#8:79])-[#8]-[H].[#7](-[#6]1:[#7]:[#6](-[H]):[#7]:[#6]2:[#6]:1:[#7]:[#6](-[H]):[#7]:2-[#6@]1(-[H])-[#8]-[#6@@](-[#6](-[#8]-[#15](=[#8])(-[#8]-[H])-[#8:99]-[#15:100])(-[H])-[H])(-[H])-[#6@](-[#8]-[H])(-[H])-[#6@]-1(-[#8]-[H])-[H])(-[H])-[H]>>[#6](-[#6](-[#6](-[H])(-[H])-[H])(-[#6](-[#8]-[#15](=[#8])(-[#8]-[H])-[#8]-[#15](=[#8])(-[#8]-[H])-[#8]-[#6](-[#6@@]1(-[H])-[#8]-[#6@](-[#7]2:[#6](-[H]):[#7]:[#6]3:[#6](-[#7](-[H])-[H]):[#7]:[#6](-[H]):[#7]:[#6]:2:3)(-[H])-[#6@@](-[#8]-[H])(-[H])-[#6@@]-1(-[#8]-[#15](=[#8])(-[#8]-[H])-[#8]-[H])-[H])(-[H])-[H])(-[H])-[H])-[#6@@](-[#8]-[H])(-[#6](=[#8])-[#7](-[#6](-[#6](-[#6](=[#8])-[#7](-[#6](-[#6](-[#16]-[#6:78](-[#6@:50])=[#8:79])(-[H])-[H])(-[H])-[H])-[H])(-[H])-[H])(-[H])-[H])-[H])-[H])(-[H])(-[H])-[H].[#8:99](-[#15:100])-[H],"EVODEX.1-P6626,EVODEX.1-P6775,EVODEX.1-P6887,EVODEX.1-P6777,EVODEX.1-P6823"
EVODEX.1-E756,82349789877226755995022631486843860235815594758791285852526834128752019971644,[#6](-[#6](-[#6](-[#6](-[#6](-[#6](=[#6](-[#6](-[#6](=[#6](-[#6](-[#6](=[#6](-[#6](-[#6](=[#6](-[#6](-[#6](-[#6](-[#6](=[#8])-[#8:22]-[#6:23])(-[H])-[H])(-[H])-[H])(-[H])-[H])-[H])-[H])(-[H])-[H])-[H])-[H])(-[H])-[H])-[H])-[H])(-[H])-[H])-[H])-[H])(-[H])-[H])(-[H])-[H])(-[H])-[H])(-[H])-[H])(-[H])(-[H])-[H]>>[#8:22](-[#6:23])-[H],"EVODEX.1-P3956,EVODEX.1-P3955,EVODEX.1-P4041,EVODEX.1-P3964,EVODEX.1-P4072"
EVODEX.1-E757,109614894622180800590931742942816067729775946976503182967460614441949545264353,[#6:78](-[#6@:50])(=[#8:79])-[#8:80]-[H:189]>>[#6](-[#6](-[#6](-[H])(-[H])-[H])(-[#6](-[#8]-[#15](=[#8])(-[#8]-[H])-[#8]-[#15](=[#8])(-[#8]-[H])-[#8]-[#6](-[#6@@]1(-[H])-[#8]-[#6@](-[#7]2:[#6](-[H]):[#7]:[#6]3:[#6](-[#7](-[H])-[H]):[#7]:[#6](-[H]):[#7]:[#6]:2:3)(-[H])-[#6@@](-[#8]-[H])(-[H])-[#6@@]-1(-[#8]-[#15](=[#8])(-[#8]-[H])-[#8]-[H])-[H])(-[H])-[H])(-[H])-[H])-[#6@@](-[#8]-[H])(-[#6](=[#8])-[#7](-[#6](-[#6](-[#6](=[#8])-[#7](-[#6](-[#6](-[#16]-[#6:78](-[#6@:50])=[#8:79])(-[H])-[H])(-[H])-[H])-[H])(-[H])-[H])(-[H])-[H])-[H])-[H])(-[H])(-[H])-[H].[#8:80](-[#15](-[#8]-[#6](-[#6@@]1(-[H])-[#8]-[#6@](-[#7]2:[#6]3:[#7]:[#6](-[H]):[#7]:[#6](-[#7](-[H])-[H]):[#6]:3:[#7]:[#6]:2-[H])(-[H])-[#6@@](-[#8]-[H])(-[H])-[#6@@]-1(-[#8]-[H])-[H])(-[H])-[H])(=[#8])-[#8]-[H])-[H:189],"EVODEX.1-P6773,EVODEX.1-P6779,EVODEX.1-P6810,EVODEX.1-P6879,EVODEX.1-P6855"
EVODEX.1-E758,37915646988707797800255617562656878640398748930843334958617213076527209001698,[#7](-[#6]1:[#7]:[#6](-[H]):[#7]:[#6]2:[#6]:1:[#7]:[#6](-[H]):[#7]:2-[#6@]1(-[H])-[#8]-[#6@@](-[#6](-[#8]-[#15](=[#8])(-[#8]-[H])-[#8:50]-[#15:51])(-[H])-[H])(-[H])-[#6@](-[#8]-[H])(-[H])-[#6@]-1(-[#8]-[H])-[H])(-[H])-[H]>>[#8:50](-[#15:51])-[H],"EVODEX.1-P7564,EVODEX.1-P302,EVODEX.1-P6001,EVODEX.1-P1189,EVODEX.1-P6026"
EVODEX.1-E759,55617690559208628943727877912602679076853952074609251372587438355870787096281,[#7](-[#6]1:[#7]:[#6](-[H]):[#7]:[#6]2:[#6]:1:[#7]:[#6](-[H]):[#7]:2-[#6@]1(-[H])-[#8]-[#6@@](-[#6](-[#8]-[#15](=[#8])(-[#8]-[H])-[#8:19]-[#6:20])(-[H])-[H])(-[H])-[#6@](-[#8]-[H])(-[H])-[#6@]-1(-[#8]-[H])-[H])(-[H])-[H]>>[#8:19](-[#6:20])-[H],"EVODEX.1-P6909,EVODEX.1-P3671,EVODEX.1-P305,EVODEX.1-P3669,EVODEX.1-P1186"
EVODEX.1-E760,37020485062724088348461788813023818271662811660005610954556539149114203418799,[#6:47]-[#16:48]-[#6:49](=[#8:50])-[#6@:51].[#7](-[#6]1:[#7]:[#6](-[H]):[#7]:[#6]2:[#6]:1:[#7]:[#6](-[H]):[#7]:2-[#6@]1(-[H])-[#8]-[#6@@](-[#6](-[#8]-[#15](=[#8])(-[#8:83]-[H:143])-[#8]-[H])(-[H])-[H])(-[H])-[#6@](-[#8]-[H])(-[H])-[#6@]-1(-[#8]-[H])-[H])(-[H])-[H]>>[#6:49](=[#8:50])(-[#6@:51])-[#8:83]-[H:143].[#6:47]-[#16:48]-[H],"EVODEX.1-P6632,EVODEX.1-P6657,EVODEX.1-P6665,EVODEX.1-P6637,EVODEX.1-P6662"
EVODEX.1-E761,108691295841814508102540346289515158074523488400321415320000653114243598837942,[#6](-[#6](-[#6](-[H])(-[H])-[H])(-[#6](-[#8]-[#15](=[#8])(-[#8]-[H])-[#8]-[#15](=[#8])(-[#8]-[H])-[#8]-[#6](-[#6@@]1(-[H])-[#8]-[#6@](-[#7]2:[#6](-[H]):[#7]:[#6]3:[#6](-[#7](-[H])-[H]):[#7]:[#6](-[H]):[#7]:[#6]:2:3)(-[H])-[#6@@](-[#8]-[H])(-[H])-[#6@@]-1(-[#8]-[#15](=[#8])(-[#8]-[H])-[#8]-[H])-[H])(-[H])-[H])(-[H])-[H])-[#6@@](-[#8]-[H])(-[#6](=[#8])-[#7](-[#6](-[#6](-[#6](=[#8])-[#7](-[#6](-[#6](-[#16]-[#6:49](=[#8:50])-[#6@:51])(-[H])-[H])(-[H])-[H])-[H])(-[H])-[H])(-[H])-[H])-[H])-[H])(-[H])(-[H])-[H].[#15:85]-[#8:86]-[H]>>[#6:49](=[#8:50])(-[#6@:51])-[#8]-[H].[#7](-[#6]1:[#7]:[#6](-[H]):[#7]:[#6]2:[#6]:1:[#7]:[#6](-[H]):[#7]:2-[#6@]1(-[H])-[#8]-[#6@@](-[#6](-[#8]-[#15](=[#8])(-[#8]-[H])-[#8]-[#15](=[#8])(-[#8]-[H])-[#8:86]-[#15:85])(-[H])-[H])(-[H])-[#6@](-[#8]-[H])(-[H])-[#6@]-1(-[#8]-[H])-[H])(-[H])-[H],"EVODEX.1-P6735,EVODEX.1-P6749,EVODEX.1-P6721,EVODEX.1-P6758,EVODEX.1-P6727"
EVODEX.1-E762,14755758772965741241683239712154527622196203483554184043744732150638193215294,[#7](-[#6]1:[#7]:[#6](-[H]):[#7]:[#6]2:[#6]:1:[#7]:[#6](-[H]):[#7]:2-[#6@]1(-[H])-[#8]-[#6@@](-[#6](-[#8]-[#15](=[#8])(-[#8]-[H])-[#8]-[#15](=[#8])(-[#8]-[H])-[#8:63]-[#15:64])(-[H])-[H])(-[H])-[#6@](-[#8]-[H])(-[H])-[#6@]-1(-[#8]-[H])-[H])(-[H])-[H].([#6:19]-[#6@:20](-[#7:21])(-[#6:38])-[H:103].[#6:31]-[#6:32](=[#8:33])-[#8]-[H]).[#7:9](-[#6@:8])(-[H:114])-[H]>>([#7:9](-[#6@:8])(-[#6:32](-[#6:31])=[#8:33])-[H:114].[#7:21]-[#6@@:20](-[#6:19])(-[#6:38])-[H:103]).[#8:63](-[#15:64])-[H],"EVODEX.1-P7104,EVODEX.1-P7140,EVODEX.1-P7102,EVODEX.1-P6918,EVODEX.1-P7097"
EVODEX.1-E763,50905175149513191363304753893456143313553863179869670919871073365117767143810,[#7](-[#6]1:[#7]:[#6](-[H]):[#7]:[#6]2:[#6]:1:[#7]:[#6](-[H]):[#7]:2-[#6@]1(-[H])-[#8]-[#6@@](-[#6](-[#8]-[#15](=[#8])(-[#8]-[H])-[#8]-[#15](=[#8])(-[#8]-[H])-[#8]-[#15:83](=[#8:84])(-[#8:85])-[#8:86])(-[H])-[H])(-[H])-[#6@](-[#8]-[H])(-[H])-[#6@]-1(-[#8]-[H])-[H])(-[H])-[H].[#6:53]-[#8:55]-[H]>>[#6:53]-[#8:55]-[#15:83](=[#8:84])(-[#8:85])-[#8:86],"EVODEX.1-P3260,EVODEX.1-P3476,EVODEX.1-P3361,EVODEX.1-P3238,EVODEX.1-P3425"
EVODEX.1-E764,32111568518429970088661949724169942702937789570639237411597437042746418422308,[#7](-[#6]1:[#7]:[#6](-[H]):[#7]:[#6]2:[#6]:1:[#7]:[#6](-[H]):[#7]:2-[#6@]1(-[H])-[#8]-[#6@@](-[#6](-[#8]-[#15](=[#8])(-[#8]-[H])-[#8]-[#16:37](=[#8:38])(=[#8:39])-[#8:40])(-[H])-[H])(-[H])-[#6@](-[#8]-[#15](=[#8])(-[#8]-[H])-[#8]-[H])(-[H])-[#6@]-1(-[#8]-[H])-[H])(-[H])-[H].[#6:7]-[#8:8]-[H]>>[#6:7]-[#8:8]-[#16:37](=[#8:38])(=[#8:39])-[#8:40],"EVODEX.1-P3781,EVODEX.1-P3748,EVODEX.1-P3775,EVODEX.1-P3771,EVODEX.1-P3742"
EVODEX.1-E765,31127593101163741042831723967881742289190657224105507841512249849755369869844,[#15:14]-[#8:16]-[H].[#7](-[#6]1:[#7]:[#6](-[H]):[#7]:[#6]2:[#6]:1:[#7]:[#6](-[H]):[#7]:2-[#6@]1(-[H])-[#8]-[#6@@](-[#6](-[#8]-[#15](=[#8])(-[#8]-[H])-[#8]-[#15](=[#8])(-[#8]-[H])-[#8]-[#15:47](=[#8:48])(-[#8:49])-[#8:50])(-[H])-[H])(-[H])-[#6@](-[#8]-[H])(-[H])-[#6@]-1(-[#8]-[H])-[H])(-[H])-[H]>>[#15:14]-[#8:16]-[#15:47](=[#8:48])(-[#8:49])-[#8:50],"EVODEX.1-P3393,EVODEX.1-P3552,EVODEX.1-P3523,EVODEX.1-P3535,EVODEX.1-P3551"
EVODEX.1-E766,100362002438285852717455966355618888632243283616366108444643824332099932111509,[#6:10]-[#7:12](-[H:46])-[H].[#7](-[#6]1:[#7]:[#6](-[H]):[#7]:[#6]2:[#6]:1:[#7]:[#6](-[H]):[#7]:2-[#6@]1(-[H])-[#8]-[#6@@](-[#6](-[#8]-[#15](=[#8])(-[#8]-[H])-[#8]-[#15](=[#8])(-[#8]-[H])-[#8]-[#15:36](=[#8:37])(-[#8:38])-[#8:39])(-[H])-[H])(-[H])-[#6@](-[#8]-[H])(-[H])-[#6@]-1(-[#8]-[H])-[H])(-[H])-[H]>>[#6:10]-[#7:12](-[#15:36](=[#8:37])(-[#8:38])-[#8:39])-[H:46],"EVODEX.1-P3500,EVODEX.1-P3496,EVODEX.1-P3505,EVODEX.1-P3518,EVODEX.1-P3502"
EVODEX.1-E767,76866759244797356065004917674759521324926038055512687183993711914048550209735,[#7](-[#6]1:[#7]:[#6](-[H]):[#7]:[#6]2:[#6]:1:[#7]:[#6](-[H]):[#7]:2-[#6@]1(-[H])-[#8]-[#6@@](-[#6](-[#8]-[#15](=[#8])(-[#8]-[H])-[#8]-[#16:33](=[#8:34])(=[#8:35])-[#8:36])(-[H])-[H])(-[H])-[#6@](-[#8]-[#15](=[#8])(-[#8]-[H])-[#8]-[H])(-[H])-[#6@]-1(-[#8]-[H])-[H])(-[H])-[H].[#7:1](-[#6:2])(-[H:70])-[H]>>[#7:1](-[#6:2])(-[#16:33](=[#8:34])(=[#8:35])-[#8:36])-[H:70],"EVODEX.1-P3760,EVODEX.1-P3770,EVODEX.1-P3757,EVODEX.1-P3768,EVODEX.1-P3766"
EVODEX.1-E768,86938030594416062333275095471892821140603583718782352009358815141217692857607,[#7](-[#6]1:[#7]:[#6]2:[#6](:[#7]:[#6](-[H]):[#7]:2-[#6@@]2(-[H])-[#6](-[H])(-[H])-[#6@@](-[#8]-[H])(-[H])-[#6@](-[#6](-[#8]-[#15](=[#8])(-[#8]-[H])-[#8]-[#15](=[#8])(-[#8]-[H])-[#8]-[#15:24](=[#8:25])(-[#8:26])-[#8:27])(-[H])-[H])(-[H])-[#8]-2):[#6](=[#8]):[#7]:1-[H])(-[H])-[H].[#6:33]-[#8:34]-[H]>>[#15:24](=[#8:25])(-[#8:26])(-[#8:27])-[#8:34]-[#6:33],"EVODEX.1-P3436,EVODEX.1-P3348,EVODEX.1-P3491,EVODEX.1-P3332,EVODEX.1-P3295"
EVODEX.1-E769,69100205020409831126333020383346450794872410600906081598831487897820958580326,[#6:2]-[#6:3](=[#8:4])-[#8]-[H].[#7](-[#6]1:[#7]:[#6](-[H]):[#7]:[#6]2:[#6]:1:[#7]:[#6](-[H]):[#7]:2-[#6@]1(-[H])-[#8]-[#6@@](-[#6](-[#8]-[#15](=[#8])(-[#8]-[H])-[#8]-[#15](=[#8])(-[#8]-[H])-[#8:42]-[#15:43])(-[H])-[H])(-[H])-[#6@](-[#8]-[H])(-[H])-[#6@]-1(-[#8]-[H])-[H])(-[H])-[H].[#7:6](-[#6@:7])(-[H:84])-[H]>>[#6:2]-[#6:3](=[#8:4])-[#7:6](-[#6@:7])-[H:84].[#8:42](-[#15:43])-[H],"EVODEX.1-P7268,EVODEX.1-P7013,EVODEX.1-P7014,EVODEX.1-P7483,EVODEX.1-P7026"
EVODEX.1-E770,73071033722223456279696536108447855041412842421630439137271753206802767373723,[#6:47]-[#16:48]-[H].[#7](-[#6]1:[#7]:[#6](-[H]):[#7]:[#6]2:[#6]:1:[#7]:[#6](-[H]):[#7]:2-[#6@]1(-[H])-[#8]-[#6@@](-[#6](-[#8]-[#15](=[#8])(-[#8]-[H])-[#8]-[#15](=[#8])(-[#8]-[H])-[#8:71]-[#15:72])(-[H])-[H])(-[H])-[#6@](-[#8]-[H])(-[H])-[#6@]-1(-[#8]-[H])-[H])(-[H])-[H].[#8:80]=[#6:81](-[#8]-[H])-[#6:83]>>[#6:47]-[#16:48]-[#6:81](=[#8:80])-[#6:83].[#8:71](-[#15:72])-[H],"EVODEX.1-P6883,EVODEX.1-P6745,EVODEX.1-P6734,EVODEX.1-P6886,EVODEX.1-P6762"
EVODEX.1-E771,75815151101583188474683680833993293383867121710107060909425812949749535353980,[#6:76]-[#6@:75](-[#6@@:57])(-[#8:77]-[H])-[H:190].[#7](-[#6]1:[#7]:[#6](-[H]):[#7]:[#6]2:[#6]:1:[#7]:[#6](-[H]):[#7]:2-[#6@]1(-[H])-[#8]-[#6@@](-[#6](-[#8]-[#15](=[#8])(-[#8]-[H])-[#8]-[#15](=[#8])(-[#8]-[H])-[#8]-[#15:104](=[#8:105])(-[#8:106])-[#8:107])(-[H])-[H])(-[H])-[#6@](-[#8]-[H])(-[H])-[#6@]-1(-[#8]-[H])-[H])(-[H])-[H]>>[#6:75](-[#6@@:57])(-[#6:76])(-[#8:77]-[#15:104](=[#8:105])(-[#8:106])-[#8:107])-[H:190],"EVODEX.1-P3267,EVODEX.1-P3479,EVODEX.1-P3319,EVODEX.1-P3318,EVODEX.1-P3315"
EVODEX.1-E772,51582084640859226423050009621817372947486102636926475355151950557055484975507,[#8:3]-[#6:4](-[#8:5]-[H])(-[H:45])-[#6@:6].[#7](-[#6]1:[#7]:[#6](-[H]):[#7]:[#6]2:[#6]:1:[#7]:[#6](-[H]):[#7]:2-[#6@]1(-[H])-[#8]-[#6@@](-[#6](-[#8]-[#15](=[#8])(-[#8]-[H])-[#8]-[#15](=[#8])(-[#8]-[H])-[#8]-[#15:35](=[#8:36])(-[#8:37])-[#8:38])(-[H])-[H])(-[H])-[#6@](-[#8]-[H])(-[H])-[#6@]-1(-[#8]-[H])-[H])(-[H])-[H]>>[#8:3]-[#6@@:4](-[#8:5]-[#15:35](=[#8:36])(-[#8:37])-[#8:38])(-[H:45])-[#6@:6],"EVODEX.1-P3345,EVODEX.1-P3309,EVODEX.1-P3311,EVODEX.1-P3308,EVODEX.1-P3401"
EVODEX.1-E773,18289353174620252991335853895336563671086920700783675657133221067152965139823,[#7](-[#6]1:[#7]:[#6](-[H]):[#7]:[#6]2:[#6]:1:[#7]:[#6](-[H]):[#7]:2-[#6@]1(-[H])-[#8]-[#6@@](-[#6](-[#8]-[#15](=[#8])(-[#8]-[H])-[#8]-[#15](=[#8])(-[#8]-[H])-[#8]-[#15:24](=[#8:25])(-[#8:26])-[#8:27])(-[H])-[H])(-[H])-[#6@](-[#8]-[H])(-[H])-[#6@]-1(-[#8]-[H])-[H])(-[H])-[H].[#6:39]-[#6@@:40](-[#8:41])(-[H:73])-[#6@:42]-[#6:43]-[#8:44]-[H]>>[#15:24](=[#8:25])(-[#8:26])(-[#8:27])-[#8:44]-[#6:43]-[#6@:42]-[#6@:40](-[#8:41])(-[H:73])-[#6:39],"EVODEX.1-P3277,EVODEX.1-P3278,EVODEX.1-P3334,EVODEX.1-P3336,EVODEX.1-P3338"
EVODEX.1-E774,25583212954241546150333871880405138149116878296413312391034770445410565581856,[#6:46](-[#6@@:44])(=[#8:47])-[#8:48]-[H:119].[#7:49](-[#6@@:50])(-[H:135])-[H].[#7](-[#6]1:[#7]:[#6](-[H]):[#7]:[#6]2:[#6]:1:[#7]:[#6](-[H]):[#7]:2-[#6@]1(-[H])-[#8]-[#6@@](-[#6](-[#8]-[#15](=[#8])(-[#8]-[H])-[#8]-[#15](=[#8])(-[#8]-[H])-[#8]-[#15:82](=[#8:83])(-[#8:84])-[#8:85])(-[H])-[H])(-[H])-[#6@](-[#8]-[H])(-[H])-[#6@]-1(-[#8]-[H])-[H])(-[H])-[H]>>[#6:46](-[#6@@:44])(=[#8:47])-[#7:49](-[#6@@:50])-[H:135].[#8:48](-[#15:82](=[#8:83])(-[#8:84])-[#8:85])-[H:119],"EVODEX.1-P7019,EVODEX.1-P7362,EVODEX.1-P6960,EVODEX.1-P7006,EVODEX.1-P6898"
EVODEX.1-E775,58151594395009941588113412533848108783125456796641523963338392818909095467817,[#7:11]-[#6@@:12](-[#6:13]-[#6:14]-[#6:15](=[#8:16])-[#8]-[H])(-[#6:18])-[H:58].[#7:1](-[#6:2])(-[H:70])-[H].[#7](-[#6]1:[#7]:[#6](-[H]):[#7]:[#6]2:[#6]:1:[#7]:[#6](-[H]):[#7]:2-[#6@]1(-[H])-[#8]-[#6@@](-[#6](-[#8]-[#15](=[#8])(-[#8]-[H])-[#8]-[#15](=[#8])(-[#8]-[H])-[#8:43]-[#15:44])(-[H])-[H])(-[H])-[#6@](-[#8]-[H])(-[H])-[#6@]-1(-[#8]-[H])-[H])(-[H])-[H]>>[#7:1](-[#6:2])(-[#6:15](-[#6:14]-[#6:13]-[#6@:12](-[#7:11])(-[#6:18])-[H:58])=[#8:16])-[H:70].[#8:43](-[#15:44])-[H],"EVODEX.1-P7084,EVODEX.1-P7070,EVODEX.1-P7059,EVODEX.1-P7073,EVODEX.1-P6972"
EVODEX.1-E776,70754060604757563030597538038057696006288109280028542113976019735987979834539,[#7](-[#6]1:[#7]:[#6](-[H]):[#7]:[#6]2:[#6]:1:[#7]:[#6](-[H]):[#7]:2-[#6@]1(-[H])-[#8]-[#6@@](-[#6](-[#8]-[#15](=[#8])(-[#8]-[H])-[#8]-[#15](=[#8])(-[#8]-[H])-[#8:71]-[#15:72])(-[H])-[H])(-[H])-[#6@](-[#8]-[H])(-[H])-[#6@]-1(-[#8]-[H])-[H])(-[H])-[H].[#8:80]=[#6:81](-[#8]-[H])-[#6:83]>>[#6](-[#6](-[#6](-[H])(-[H])-[H])(-[#6](-[#8]-[#15](=[#8])(-[#8]-[H])-[#8]-[#15](=[#8])(-[#8]-[H])-[#8]-[#6](-[#6@@]1(-[H])-[#8]-[#6@](-[#7]2:[#6](-[H]):[#7]:[#6]3:[#6](-[#7](-[H])-[H]):[#7]:[#6](-[H]):[#7]:[#6]:2:3)(-[H])-[#6@@](-[#8]-[H])(-[H])-[#6@@]-1(-[#8]-[#15](=[#8])(-[#8]-[H])-[#8]-[H])-[H])(-[H])-[H])(-[H])-[H])-[#6@@](-[#8]-[H])(-[#6](=[#8])-[#7](-[#6](-[#6](-[#6](=[#8])-[#7](-[#6](-[#6](-[#16]-[#6:81](=[#8:80])-[#6:83])(-[H])-[H])(-[H])-[H])-[H])(-[H])-[H])(-[H])-[H])-[H])-[H])(-[H])(-[H])-[H].[#8:71](-[#15:72])-[H],"EVODEX.1-P6764,EVODEX.1-P6871,EVODEX.1-P6896,EVODEX.1-P6868,EVODEX.1-P6890"
EVODEX.1-E777,96692482712156048216564688289532324850682751245238004560402668714950663700908,[#6:23]-[#8:24]-[#6](=[#8])-[#6](-[#6](-[#6](-[#6](-[#6](-[#6](-[#6](-[#6](=[#6](-[#6](-[#6](=[#6](-[#6](-[#6](=[#6](-[#6](-[#6](-[H])(-[H])-[H])(-[H])-[H])-[H])-[H])(-[H])-[H])-[H])-[H])(-[H])-[H])-[H])-[H])(-[H])-[H])(-[H])-[H])(-[H])-[H])(-[H])-[H])(-[H])-[H])(-[H])-[H])(-[H])-[H]>>[#6:23]-[#8:24]-[H],"EVODEX.1-P1695,EVODEX.1-P3988,EVODEX.1-P3937,EVODEX.1-P4016,EVODEX.1-P3987"
EVODEX.1-E778,8853465277873531033247044790187826317948268059681691868995811542785977229421,[#6](-[#6](-[#6](-[#6](-[#6](-[#6](-[#6](-[#6](-[#6](=[#6](-[#6](-[#6](-[#6](-[#6](-[#6](-[#6](-[#6](-[#6](=[#8])-[#8:20]-[#6@@:21])(-[H])-[H])(-[H])-[H])(-[H])-[H])(-[H])-[H])(-[H])-[H])(-[H])-[H])(-[H])-[H])-[H])-[H])(-[H])-[H])(-[H])-[H])(-[H])-[H])(-[H])-[H])(-[H])-[H])(-[H])-[H])(-[H])-[H])(-[H])(-[H])-[H]>>[#8:20](-[#6@@:21])-[H],"EVODEX.1-P4135,EVODEX.1-P4018,EVODEX.1-P1494,EVODEX.1-P3957,EVODEX.1-P3881"
EVODEX.1-E779,89883822649603041067252250817017260800243755057313473789033713145806755718203,[#8:15]-[#15:16](=[#8:17])(-[#8:18])-[#8:19]-[#15:20]>>[#8:15]-[#15:16](=[#8:17])(-[#8:18])-[#8]-[#15](=[#8])(-[#8]-[H])-[#8]-[#15](=[#8])(-[#8]-[H])-[#8]-[H].[#8:19](-[#15:20])-[H],"EVODEX.1-P3614,EVODEX.1-P3612,EVODEX.1-P3635,EVODEX.1-P3558,EVODEX.1-P3682"
EVODEX.1-E780,2583955300539637933285033176425200497825367763974031544562172648071505709037,[#8:15]-[#15:16](=[#8:17])(-[#8:18])-[#8:19]-[#6:20]>>[#8:15]-[#15:16](=[#8:17])(-[#8:18])-[#8]-[#15](=[#8])(-[#8]-[H])-[#8]-[#15](=[#8])(-[#8]-[H])-[#8]-[H].[#8:19](-[#6:20])-[H],"EVODEX.1-P3670,EVODEX.1-P3665,EVODEX.1-P3672,EVODEX.1-P3470,EVODEX.1-P3655"
EVODEX.1-E781,61551502354752317384900930196866766884395616194602071146497311360414152719971,[#6:47]-[#16:48]-[#6:49](=[#8:50])-[#6@:51].[#8:80]-[#15:81](=[#8:82])(-[#8:83]-[H:143])-[#8:84]>>[#6:49](=[#8:50])(-[#6@:51])-[#8:83]-[H:143].[#6:47]-[#16:48]-[H].[#8:80]-[#15:81](=[#8:82])(-[#8:84])-[#8]-[#15](=[#8])(-[#8]-[H])-[#8]-[#15](=[#8])(-[#8]-[H])-[#8]-[H],"EVODEX.1-P6629,EVODEX.1-P6630,EVODEX.1-P6647,EVODEX.1-P6625,EVODEX.1-P6656"
EVODEX.1-E782,9277451252889965718705913648614723922770299210024582824140094146709823146351,[#6:47]-[#16:48]-[#6](=[#8])-[#6](-[#6](-[#6](=[#8])-[#8]-[H])(-[H])-[H])(-[H])-[H].[#8:56]=[#6:57](-[#8]-[H])-[#6:59]>>[#6:47]-[#16:48]-[#6:57](=[#8:56])-[#6:59],"EVODEX.1-P3794,EVODEX.1-P3798,EVODEX.1-P3818,EVODEX.1-P3797,EVODEX.1-P3825"
EVODEX.1-E783,6243823140981823888338616910726605694651315225916952933074284512306410941331,[#6:4](-[#6@:3])(-[H:22])(-[H:23])-[H].[#8]=[#6](-[#8]-[H])-[#6](-[#6](-[#6](=[#8])-[#6:17](=[#8:18])-[#8:19]-[H])(-[H])-[H])(-[H])-[H].[#8:20]=[#8]>>[#6:17](=[#8:18])=[#8:19].[#6:4](-[#6@:3])(-[#8:20]-[H])(-[H:22])-[H:23],"EVODEX.1-P432,EVODEX.1-P372,EVODEX.1-P411,EVODEX.1-P376,EVODEX.1-P370"
EVODEX.1-E784,106926350322548007627572256379531522650803987232979693616939284347459682593273,[#6:12]-[#6:13](-[H:33])(-[H])-[#6@@:14].[#8]=[#6](-[#8]-[H])-[#6](-[#6](-[#6](=[#8])-[#6:8](=[#8:9])-[#8:10]-[H])(-[H])-[H])(-[H])-[H].[#8]=[#8:32]>>[#6:8](=[#8:9])=[#8:10].[#6:12]-[#6@:13](-[#8:32]-[H])(-[H:33])-[#6@@:14],"EVODEX.1-P408,EVODEX.1-P383,EVODEX.1-P388,EVODEX.1-P324,EVODEX.1-P318"
EVODEX.1-E785,5328957464273091357523532007276804698703905533047945708832601882751863659957,[#7:4]-[#6:5](-[#6:6])(-[H:35])-[H].[#8]=[#6](-[#8]-[H])-[#6](-[#6](-[#6](=[#8])-[#6:20](=[#8:21])-[#8:22]-[H])(-[H])-[H])(-[H])-[H].[#8:23]=[#8]>>[#6:20](=[#8:21])=[#8:22].[#7:4]-[#6:5](-[#6:6])(-[#8:23]-[H])-[H:35],"EVODEX.1-P337,EVODEX.1-P350,EVODEX.1-P341,EVODEX.1-P390,EVODEX.1-P358"
EVODEX.1-E786,108020080361704842991487323471504866261106576466123159397691150001358702534241,[#6:10]-[#6:11](=[#8:12])-[H:23]>>[#6:10]-[#6@@:11](-[#8:12]-[H])(-[#6](-[#6](-[#6](-[#6](=[#8])-[#8]-[H])(-[H])-[H])(-[H])-[H])=[#8])-[H:23],"EVODEX.1-P1407,EVODEX.1-P1392,EVODEX.1-P1405,EVODEX.1-P1403,EVODEX.1-P1406"
EVODEX.1-E787,17193748670000144963836756983142584494530587829525417219668176461939600634588,[#6:4](-[#6@:3])(-[H:22])(-[H:23])-[H].[#8:20]=[#8:21]>>[#6:4](-[#6@:3])(-[#8:20]-[H])(-[H:22])-[H:23].[#8]=[#6](-[#8]-[H])-[#6](-[#6](-[#6](=[#8])-[#8:21]-[H])(-[H])-[H])(-[H])-[H],"EVODEX.1-P422,EVODEX.1-P433,EVODEX.1-P397,EVODEX.1-P374,EVODEX.1-P418"
EVODEX.1-E788,61819112234622288895231835523940864981454007541695400906753895252309539625486,[#6:12]-[#6:13](-[H:33])(-[H])-[#6@@:14].[#8:31]=[#8:32]>>[#6:12]-[#6@:13](-[#8:32]-[H])(-[H:33])-[#6@@:14].[#8]=[#6](-[#8]-[H])-[#6](-[#6](-[#6](=[#8])-[#8:31]-[H])(-[H])-[H])(-[H])-[H],"EVODEX.1-P310,EVODEX.1-P316,EVODEX.1-P420,EVODEX.1-P435,EVODEX.1-P348"
EVODEX.1-E789,112657963880295382548191931176437379632905248698789881205627808463714759250290,[#6:10]-[#6:12](=[#8:13])-[#16:14]-[#6:15]>>[#6](-[#6](=[#8])-[#6](-[#6](=[#8])-[#16:14]-[#6:15])(-[H])-[H])(-[H])(-[H])-[H].[#8](-[#6:12](-[#6:10])=[#8:13])-[H],"EVODEX.1-P3833,EVODEX.1-P3828,EVODEX.1-P3838,EVODEX.1-P3814,EVODEX.1-P3840"
EVODEX.1-E790,103620279783835396603098420490038151563108083423666222847957595231737583104992,[#7:4]-[#6:5](-[#6:6])(-[H:35])-[H].[#8:23]=[#8:24]>>[#7:4]-[#6:5](-[#6:6])(-[#8:23]-[H])-[H:35].[#8]=[#6](-[#8]-[H])-[#6](-[#6](-[#6](=[#8])-[#8:24]-[H])(-[H])-[H])(-[H])-[H],"EVODEX.1-P334,EVODEX.1-P360,EVODEX.1-P351,EVODEX.1-P343,EVODEX.1-P353"
EVODEX.1-E791,38887751131760782268036781180278164884034041855256955197376689816358580973485,[#7:8](-[#6@@:9](-[#6:10])(-[#6:12]=[#8:13])-[H])(-[H:26])-[H:27]>>[#6](-[#6](-[#6](-[#6](=[#8])-[#8]-[H])(-[#7:8](-[H:26])-[H:27])-[H])(-[H])-[H])(-[H])(-[H])-[H].[#8]=[#6:9](-[#6:10])-[#6:12]=[#8:13],"EVODEX.1-P3185,EVODEX.1-P2972,EVODEX.1-P3188,EVODEX.1-P3190,EVODEX.1-P2961"
EVODEX.1-E792,54947248056690981559953239301084995291632976278426425999314832494793295289394,[#6:4](-[#6@:3])(-[H:22])(-[H:23])-[H].[#8]=[#6](-[#8]-[H])-[#6](-[#6](-[#6](=[#8])-[#6:17](=[#8:18])-[#8:19]-[H])(-[H])-[H])(-[H])-[H]>>[#6:17](=[#8:18])=[#8:19].[#6:4](-[#6@:3])(-[#8]-[H])(-[H:22])-[H:23],"EVODEX.1-P415,EVODEX.1-P424,EVODEX.1-P429,EVODEX.1-P394,EVODEX.1-P378"
EVODEX.1-E793,81266564586266129933583891439349159293441059143783901563768418318954015007219,[#6:12]-[#6:13](-[H:33])(-[H])-[#6@@:14].[#8]=[#6](-[#8]-[H])-[#6](-[#6](-[#6](=[#8])-[#6:8](=[#8:9])-[#8:10]-[H])(-[H])-[H])(-[H])-[H]>>[#6:8](=[#8:9])=[#8:10].[#6:12]-[#6@:13](-[#8]-[H])(-[H:33])-[#6@@:14],"EVODEX.1-P327,EVODEX.1-P405,EVODEX.1-P312,EVODEX.1-P328,EVODEX.1-P347"
EVODEX.1-E794,99295906896372368789933952634594268184354117032979405873770595735323589435655,[#7:4]-[#6:5](-[#6:6])(-[H:35])-[H].[#8]=[#6](-[#8]-[H])-[#6](-[#6](-[#6](=[#8])-[#6:20](=[#8:21])-[#8:22]-[H])(-[H])-[H])(-[H])-[H]>>[#6:20](=[#8:21])=[#8:22].[#7:4]-[#6:5](-[#6:6])(-[#8]-[H])-[H:35],"EVODEX.1-P355,EVODEX.1-P362,EVODEX.1-P386,EVODEX.1-P335,EVODEX.1-P392"
EVODEX.1-E795,16477100358886774207839440970761118222909228801462274679740893844436793566301,[#6:42](-[#6@:40])(=[#8:43])-[#8:44]-[H:109].([#8:72]-[#15:73](=[#8:74])(-[#8:75])-[#8:76]-[#15:77].[#8:82]-[#6@@:81](-[#6@@:66])(-[H:140])-[#6@:83](-[#6@:64])(-[#8:84])-[H:142])>>[#6:42](-[#6@:40])(=[#8:43])-[#7](-[#6@@](-[#6@](-[#6](-[#6](-[H])(-[H])-[H])(-[H])-[H])(-[#6](-[H])(-[H])-[H])-[H])(-[#6](=[#8])-[#8]-[H])-[H])-[H].([#8:44](-[#15:73](-[#8:72])(=[#8:74])-[#8:75])-[H:109].[#8:84]-[#6@:83](-[#6@:64])(-[H:142])-[#6@@:81](-[#6@@:66])(-[#8:82])-[H:140]).[#8:76](-[#15:77])-[H],"EVODEX.1-P7492,EVODEX.1-P7199,EVODEX.1-P7242,EVODEX.1-P7212,EVODEX.1-P7459"
EVODEX.1-E796,94214085635474688010866576188105772787845416055575891329734471179953680953104,[#6:15]-[#6:16](=[#8:17])-[#6:18]=[#8:19]>>[#6](-[#6](-[#6](-[H])(-[H])-[H])(-[#6](-[#6](-[#6](=[#8])-[#8]-[H])=[#8:17])(-[H])-[H])-[H])(-[H])(-[H])-[H].[#7](-[#6:16](-[#6:15])(-[#6:18]=[#8:19])-[H])(-[H])-[H],"EVODEX.1-P3033,EVODEX.1-P2964,EVODEX.1-P3057,EVODEX.1-P3038,EVODEX.1-P3083"
EVODEX.1-E797,756673002616381647976542095127527929641113653376745531580357507429942706868,[#8:10]=[#6:11]-[#6:13](=[#8:14])-[#6:15]>>[#6](-[#6](-[#6](-[#6](-[H])(-[H])-[H])(-[#6](-[#6](=[#8])-[#8]-[H])=[#8:14])-[H])(-[H])-[H])(-[H])(-[H])-[H].[#7](-[#6@:13](-[#6:11]=[#8:10])(-[#6:15])-[H])(-[H])-[H],"EVODEX.1-P2973,EVODEX.1-P3227,EVODEX.1-P3067,EVODEX.1-P3066,EVODEX.1-P3035"
EVODEX.1-E798,107034068490680900191076458410329108119684798243758358769281797856370267409562,[#7:18](-[#6@:13])(-[#6](=[#8])-[#6@](-[#6](-[H])(-[H])-[H])(-[#7](-[H])-[H])-[H])-[H:46]>>[#7:18](-[#6@:13])(-[H:46])-[H],"EVODEX.1-P4624,EVODEX.1-P4631,EVODEX.1-P4576,EVODEX.1-P4625,EVODEX.1-P4632"
EVODEX.1-E799,83931071607187470560664577254198484563901121747185468997404494694867098667629,[#7:6](-[#6@:5])(-[#6](=[#8])-[#6](-[#6](-[#7](-[H])-[H])(-[H])-[H])(-[H])-[H])-[H:25]>>[#7:6](-[#6@:5])(-[H:25])-[H],"EVODEX.1-P4657,EVODEX.1-P4729,EVODEX.1-P4725,EVODEX.1-P4656,EVODEX.1-P4788"
EVODEX.1-E800,31755123058695038371025779118991917860699416414123850721794760645047573031328,[#6:42](-[#6@:40])(=[#8:43])-[#7](-[#6@@](-[#6](-[H])(-[H])-[H])(-[#6](=[#8])-[#8]-[H])-[H])-[H]>>[#6:42](-[#6@:40])(=[#8:43])-[#8]-[H],"EVODEX.1-P4924,EVODEX.1-P4884,EVODEX.1-P4949,EVODEX.1-P4948,EVODEX.1-P4959"
EVODEX.1-E801,94689936444540518505068744445243088669685491717154529404436018158417415743114,[#6:8]-[#6:9](=[#8:10])-[#6](-[#6@](-[#7](-[H])-[H])(-[#6](=[#8])-[#8]-[H])-[H])(-[H])-[H]>>[#6:8]-[#6:9](=[#8:10])-[#8]-[H],"EVODEX.1-P6055,EVODEX.1-P6057,EVODEX.1-P6069,EVODEX.1-P6062,EVODEX.1-P6066"
EVODEX.1-E802,46799918662555346716584055678027717311977834713724239438761022546870624596538,[#6:16]-[#6:17](=[#8:18])-[#7](-[#6](-[#6](-[#8]-[H])(-[H])-[H])(-[H])-[H])-[H]>>[#6:16]-[#6:17](=[#8:18])-[#8]-[H],"EVODEX.1-P5739,EVODEX.1-P5744,EVODEX.1-P5738,EVODEX.1-P5749,EVODEX.1-P5741"
EVODEX.1-E803,69972806038202538848328817576943029028814529699575358511700985986232342302117,[#6:4]-[#6:5](=[#8])-[#6:7]=[#8:8].[#7](-[#6](-[#6](-[#6](-[#6](-[#6@](-[#7:16](-[H:28])-[H:29])(-[#6](=[#8])-[#8]-[H])-[H])(-[H])-[H])(-[H])-[H])(-[H])-[H])(-[H])-[H])(-[H])-[H]>>[#6:4]-[#6@@:5](-[#6:7]=[#8:8])(-[#7:16](-[H:28])-[H:29])-[H],"EVODEX.1-P2996,EVODEX.1-P3080,EVODEX.1-P3001,EVODEX.1-P3123,EVODEX.1-P3000"
EVODEX.1-E804,50212370579967989089114995816993524087791742583753649399558895241191780007513,[#6:25](-[#6@@:24])(-[#8]-[#16](=[#8])(=[#8])-[#8]-[H])(-[H:43])-[H:44].[#8:37](-[H:85])-[H]>>[#6:25](-[#6@@:24])(-[#8:37]-[H:85])(-[H:43])-[H:44],"EVODEX.1-P4266,EVODEX.1-P4269,EVODEX.1-P4283,EVODEX.1-P4288,EVODEX.1-P4276"
EVODEX.1-E805,97504385966047527115679299056819792286915036177355338312592488426186720566009,[#8](-[#6@@:42](-[#6@@:40])(-[H:261])-[#6@:48])-[#16](=[#8])(=[#8])-[#8]-[H].[#8:234](-[H:387])-[H]>>[#8:234](-[#6@@:42](-[#6@@:40])(-[H:261])-[#6@:48])-[H:387],"EVODEX.1-P4263,EVODEX.1-P4285,EVODEX.1-P4286,EVODEX.1-P4271,EVODEX.1-P4279"
EVODEX.1-E806,69001045357091849230590940927725715802255651994853943959117759631957378494874,[#6](-[#6](-[#6](-[#6](-[#8:5]-[#6@:6])(-[H])-[H])(-[H])-[H])(-[H])-[H])(-[H])(-[H])-[H]>>[#8:5](-[#6@:6])-[H],"EVODEX.1-P4082,EVODEX.1-P3900,EVODEX.1-P3858,EVODEX.1-P4106,EVODEX.1-P3920"
EVODEX.1-E807,33262950999317053918506223769888430638357918903695599569965080505301604142284,[#6](-[#6](-[#6](-[#6](-[#6](-[#6](=[#8])-[#8:8]-[#6:9])(-[H])-[H])(-[H])-[H])(-[H])-[H])(-[H])-[H])(-[H])(-[H])-[H]>>[#8:8](-[#6:9])-[H],"EVODEX.1-P3890,EVODEX.1-P3917,EVODEX.1-P3891,EVODEX.1-P3911,EVODEX.1-P3895"
EVODEX.1-E808,42252484545946826979794826902222974079064928093833076633052749307534473999789,[#6](-[#6](-[#6](-[#6](-[#6](-[#6](=[#8])-[#7:8](-[#6:9])-[H:21])(-[H])-[H])(-[H])-[H])(-[H])-[H])(-[H])-[H])(-[H])(-[H])-[H]>>[#7:8](-[#6:9])(-[H:21])-[H],"EVODEX.1-P4150,EVODEX.1-P5660,EVODEX.1-P5455,EVODEX.1-P5590,EVODEX.1-P5662"
EVODEX.1-E809,25863301417529706815021847584246364099664640408977572616314893544800447363382,[#6:1]-[#8:2]-[#6@@]1(-[H])-[#8]-[#6@@](-[#6](-[#8]-[H])(-[H])-[H])(-[H])-[#6@](-[#8]-[H])(-[H])-[#6@@]-1(-[#8]-[H])-[H]>>[#6:1]-[#8:2]-[H],"EVODEX.1-P4516,EVODEX.1-P4515,EVODEX.1-P4520,EVODEX.1-P6436,EVODEX.1-P4513"
EVODEX.1-E810,34212585431244115375816092161679425274089598497374434461258198738585563185741,[#8](-[#6@]1(-[H])-[#6@](-[#8]-[H])(-[H])-[#6@@](-[#8:7]-[#6@:8])(-[H])-[#8]-[#6](-[H])(-[H])-[#6@]-1(-[#8]-[H])-[H])-[H]>>[#8:7](-[#6@:8])-[H],"EVODEX.1-P4533,EVODEX.1-P4482,EVODEX.1-P4477,EVODEX.1-P4380,EVODEX.1-P4481"
EVODEX.1-E811,115291983736851024094260810960271760245257530106653442401184413190477271113707,[#7:25](-[#6:26])(-[H:76])-[H]>>[#6](-[#6](-[#6](-[#7](-[H])-[H])(-[H])-[H])(-[H])-[H])(-[#7:25](-[#6:26])-[H:76])(-[H])-[H],"EVODEX.1-P2574,EVODEX.1-P2546,EVODEX.1-P2548,EVODEX.1-P2543,EVODEX.1-P2544"
EVODEX.1-E812,78402170300952787265103475071454458511125593786590548707034306733983284483105,[#6:42](-[#6@:40])(=[#8:43])-[#8:44]-[H:108].([#8:71]-[#15:72](=[#8:73])(-[#8:74])-[#8:75]-[#15:76].[#8:81]-[#6@@:80](-[#6@@:65])(-[H:137])-[#6@:82](-[#6@:63])(-[#8:83])-[H:139])>>[#6:42](-[#6@:40])(=[#8:43])-[#7](-[#6@@](-[#6](-[#6](-[H])(-[H])-[H])(-[#6](-[H])(-[H])-[H])-[H])(-[#6](=[#8])-[#8]-[H])-[H])-[H].([#8:44](-[#15:72](-[#8:71])(=[#8:73])-[#8:74])-[H:108].[#8:83]-[#6@:82](-[#6@:63])(-[H:139])-[#6@@:80](-[#6@@:65])(-[#8:81])-[H:137]).[#8:75](-[#15:76])-[H],"EVODEX.1-P7337,EVODEX.1-P7451,EVODEX.1-P7179,EVODEX.1-P7183,EVODEX.1-P7364"
EVODEX.1-E813,23239697018245262098288966310142254496504338780502652762458670717674164254282,[#6:14]-[#6:15](=[#8:16])-[#6:17]=[#8:18]>>[#6](-[#6](-[#6](-[H])(-[H])-[H])(-[#6](-[#6](=[#8])-[#8]-[H])=[#8:16])-[H])(-[H])(-[H])-[H].[#7](-[#6:15](-[#6:14])(-[#6:17]=[#8:18])-[H])(-[H])-[H],"EVODEX.1-P3152,EVODEX.1-P3040,EVODEX.1-P2938,EVODEX.1-P2976,EVODEX.1-P3027"
EVODEX.1-E814,68878352204408771588585322018185382346276533151456863936917205221236962223499,[#7:5](-[#6@:4])(-[H:49])-[H].([#8:33]-[#15:34](=[#8:35])(-[#8:36])-[#8:37]-[#15:38].[#8:43]-[#6@@:42](-[#6@@:27])(-[H:68])-[#6@:44](-[#6@:25])(-[#8:45])-[H:70])>>[#7:5](-[#6@:4])(-[#6](-[#6](-[#6](-[#7](-[H])-[H])(-[H])-[H])(-[H])-[H])=[#8])-[H:49].([#8](-[#15:34](-[#8:33])(=[#8:35])-[#8:36])-[H].[#8:45]-[#6@:44](-[#6@:25])(-[H:70])-[#6@@:42](-[#6@@:27])(-[#8:43])-[H:68]).[#8:37](-[#15:38])-[H],"EVODEX.1-P6944,EVODEX.1-P6953,EVODEX.1-P7197,EVODEX.1-P7241,EVODEX.1-P6923"
EVODEX.1-E815,27055940264630071898048528480018632992339802624211589478614980797575603599441,[#6:18]-[#6:19](=[#8:20])-[H:35]>>[#6](-[#6](-[#6](=[#8])-[#8]-[H])=[#8:20])(-[H])(-[H])-[H].[#7](-[#6:19](-[#6:18])(-[H:35])-[H])(-[H])-[H],"EVODEX.1-P2841,EVODEX.1-P2843,EVODEX.1-P2838,EVODEX.1-P2853,EVODEX.1-P2836"
EVODEX.1-E816,20739465395176859754028887521813376506151149470568316608971770680450075216032,[#6:42](-[#6@:40])(=[#8:43])-[#8:44]-[H:108].([#8:69]-[#15:70](=[#8:71])(-[#8:72])-[#8:73]-[#15:74].[#8:79]-[#6@@:78](-[#6@@:63])(-[H:133])-[#6@:80](-[#6@:61])(-[#8:81])-[H:135])>>[#6:42](-[#6@:40])(=[#8:43])-[#7](-[#6@@](-[#6](-[H])(-[H])-[H])(-[#6](=[#8])-[#8]-[H])-[H])-[H].([#8:44](-[#15:70](-[#8:69])(=[#8:71])-[#8:72])-[H:108].[#8:81]-[#6@:80](-[#6@:61])(-[H:135])-[#6@@:78](-[#6@@:63])(-[#8:79])-[H:133]).[#8:73](-[#15:74])-[H],"EVODEX.1-P7430,EVODEX.1-P7404,EVODEX.1-P7160,EVODEX.1-P7495,EVODEX.1-P7372"
EVODEX.1-E817,92498552946682930693263910104706986855126108939609181243181486893212713483258,[#6:3]-[#6:4](-[#6:5])=[#8:6]>>[#6:3]-[#6@@:4](-[#6:5])(-[#7](-[H])-[H])-[H].[#8:6]=[#6](-[#6](-[H])(-[H])-[H])-[#6](=[#8])-[#8]-[H],"EVODEX.1-P2909,EVODEX.1-P2930,EVODEX.1-P2928,EVODEX.1-P2926,EVODEX.1-P2934"
EVODEX.1-E818,78669439999312288095027118907061297998632580339654594935886490154501649185144,[#8:1](-[H:21])-[H]>>[#8:1](-[#6](-[#6](-[#8]-[H])(-[H])-[H])(-[#6](-[#8]-[H])(-[H])-[H])-[H])-[H:21],"EVODEX.1-P3962,EVODEX.1-P4124,EVODEX.1-P4119,EVODEX.1-P3970,EVODEX.1-P3963"
EVODEX.1-E819,66099766789563243604913616652937318523134352013472387299699673066737858875815,[#8:6]=[#6:7](-[#6:8])-[H:22]>>[#6](-[#6](=[#8])-[#6@](-[#8]-[H])(-[#6@@:7](-[#8:6]-[H])(-[#6:8])-[H:22])-[H])(-[H])(-[H])-[H],"EVODEX.1-P5301,EVODEX.1-P5293,EVODEX.1-P5291,EVODEX.1-P5297,EVODEX.1-P5302"
EVODEX.1-E820,35890672350430417387450333362077933925324996756399712919088135648944852400017,[#6:2]-[#6@@:4](-[#7:5](-[H:23])-[H:24])(-[#6:6]=[#8:7])-[H]>>[#6:2]-[#6:4](-[#6:6]=[#8:7])=[#8].[#7:5](-[#6](-[#6](-[#6](-[#6](-[#6](=[#8])-[#8]-[H])(-[H])-[H])(-[H])-[H])(-[H])-[H])(-[#6](=[#8])-[#8]-[H])-[H])(-[H:23])-[H:24],"EVODEX.1-P3210,EVODEX.1-P3208,EVODEX.1-P3203,EVODEX.1-P3205,EVODEX.1-P3183"
EVODEX.1-E821,33052913035205244693916997179309919499964712516823369316592529878382260049067,[#6:1]-[#8:2]-[H]>>[#6:1]-[#8:2]-[#6@@]1(-[H])-[#8]-[#6@](-[#6](=[#8])-[#8]-[H])(-[H])-[#6@@](-[#8]-[H])(-[H])-[#6@](-[#8]-[H])(-[H])-[#6@@]-1(-[#8]-[H])-[H],"EVODEX.1-P2300,EVODEX.1-P2309,EVODEX.1-P2372,EVODEX.1-P2311,EVODEX.1-P2304"
EVODEX.1-E822,68409895214313277655809494172290220317540352994461552997264254966518800218205,[#6:1]-[#8:2]-[H]>>[#6:1]-[#8:2]-[#6@]1(-[H])-[#8]-[#6](-[H])(-[H])-[#6@](-[#8]-[H])(-[H])-[#6@@](-[#8]-[H])(-[H])-[#6@]-1(-[#8]-[H])-[H],"EVODEX.1-P2508,EVODEX.1-P2504,EVODEX.1-P2512,EVODEX.1-P2505,EVODEX.1-P2503"
EVODEX.1-E823,48619404110857584600238036115634350986896766636050730745393286471285610011983,[#6:42](-[#6@:40])(=[#8:43])-[#8]-[H]>>[#6:42](-[#6@:40])(=[#8:43])-[#7](-[#6@@](-[#6](-[#6](-[H])(-[H])-[H])(-[#6](-[H])(-[H])-[H])-[H])(-[#6](=[#8])-[#8]-[H])-[H])-[H],"EVODEX.1-P7462,EVODEX.1-P7181,EVODEX.1-P7158,EVODEX.1-P7184,EVODEX.1-P7511"
EVODEX.1-E824,75034111948833235949005279301448785944855951236919555244088743901845283345064,[#7:5](-[#6@:4])(-[H:51])-[H].[#8:27]-[#15:28](=[#8:29])(-[#8:30])-[#8:31]-[#15:32]>>[#7:5](-[#6@:4])(-[#6](=[#8])-[#6@]1(-[H])-[#6](-[H])(-[H])-[#6](-[H])(-[H])-[#6](-[H])(-[H])-[#7]-1-[H])-[H:51].[#8:27]-[#15:28](=[#8:29])(-[#8:30])-[#8]-[H].[#8:31](-[#15:32])-[H],"EVODEX.1-P7306,EVODEX.1-P7293,EVODEX.1-P7305,EVODEX.1-P7287,EVODEX.1-P7286"
EVODEX.1-E825,37757500333573238717751499981686313637515448858653863671301058654492943583565,[#8]=[#6](-[#8]-[H])-[#6](-[#6@](-[#7:6](-[#6:7])-[H:47])(-[#6](=[#8])-[#8]-[H])-[H])(-[H])-[H]>>[#7:6](-[#6:7])(-[H:47])-[H],"EVODEX.1-P929,EVODEX.1-P6519,EVODEX.1-P6523,EVODEX.1-P6524,EVODEX.1-P6521"
EVODEX.1-E826,66067521238441675857156672279577390987326698688866961428404571169267799098753,[#8]=[#6](-[#8]-[H])-[#6](-[#6](-[#6:6](-[#6:7])(-[H:22])-[H:23])(-[#6](=[#8])-[#8]-[H])-[H])(-[H])-[H]>>[#6:6](-[#6:7])(-[H:22])(-[H:23])-[H],"EVODEX.1-P6382,EVODEX.1-P6380,EVODEX.1-P6390,EVODEX.1-P6387,EVODEX.1-P6394"
EVODEX.1-E827,15425035685727294596400295170968915272352003108501729688340039252074432007180,[#6:7]-[#6:8](-[H:98])(-[H:99])-[H].[#15:79]-[#8:82]-[#15:83](=[#8:84])(-[#8:85])-[#8:86]>>[#6:7]-[#6:8](-[#6](=[#8])-[#8]-[H])(-[H:98])-[H:99].[#15:79]-[#8:82]-[H].[#15:83](=[#8:84])(-[#8:85])(-[#8:86])-[#8]-[H],"EVODEX.1-P7552,EVODEX.1-P7549,EVODEX.1-P7547,EVODEX.1-P7554,EVODEX.1-P7545"
EVODEX.1-E828,48571191351365563054626046060823739263289986613004969596383135502367101733328,[#7:1](-[#6:2])(-[H:46])-[H]>>[#7:1](-[#6:2])(-[#6@](-[#6](=[#8])-[#8]-[H])(-[#6](-[#6](=[#8])-[#8]-[H])(-[H])-[H])-[H])-[H:46],"EVODEX.1-P6522,EVODEX.1-P6520,EVODEX.1-P6525,EVODEX.1-P6497,EVODEX.1-P6518"
EVODEX.1-E829,4572213449765671580246560490355256140576935676631345542768119582099815943062,[#6:1](-[#6:2])(-[H:21])(-[H:22])-[H]>>[#6:1](-[#6:2])(-[#6](-[#6](-[#6](=[#8])-[#8]-[H])(-[H])-[H])(-[#6](=[#8])-[#8]-[H])-[H])(-[H:21])-[H:22],"EVODEX.1-P6395,EVODEX.1-P6392,EVODEX.1-P6385,EVODEX.1-P6378,EVODEX.1-P6393"
EVODEX.1-E830,44792675764410657040481371225547208284808262262138304631807897458373781605543,[#6:2]-[#6:10](=[#8:11])-[#8]-[H]>>[#6:2]-[#6:10](=[#8:11])-[#7](-[#6@@]1(-[H])-[#6@@]2(-[H])-[#16]-[#6](-[#6](-[H])(-[H])-[H])(-[#6](-[H])(-[H])-[H])-[#6@@](-[#6](=[#8])-[#8]-[H])(-[H])-[#7]-2-[#6]-1=[#8])-[H],"EVODEX.1-P5480,EVODEX.1-P5452,EVODEX.1-P5459,EVODEX.1-P5498,EVODEX.1-P5454"
EVODEX.1-E831,94341290536940404384359450548234060065233040750545381034691120184152887919436,[#7:7](-[#6:8])(-[H:32])-[H]>>[#6](-[#6@](-[#6](=[#8])-[#8]-[H])(-[#7:7](-[#6:8])-[H:32])-[H])(-[H])(-[H])-[H],"EVODEX.1-P2122,EVODEX.1-P1134,EVODEX.1-P1123,EVODEX.1-P1126,EVODEX.1-P1138"
EVODEX.1-E832,31591089995633883034859476605205257002561590733358738065123086555774659358620,[#7:5](-[#6@:4])(-[H:51])-[H]>>[#7:5](-[#6@:4])(-[#6](=[#8])-[#6@]1(-[H])-[#6](-[H])(-[H])-[#6](-[H])(-[H])-[#6](-[H])(-[H])-[#7]-1-[H])-[H:51],"EVODEX.1-P4711,EVODEX.1-P7292,EVODEX.1-P4712,EVODEX.1-P7297,EVODEX.1-P4707"
EVODEX.1-E833,56755498332726140778830954897927359657496012306413152064194816420919716831083,[#6:13]-[#16:15]-[H]>>[#6](-[#6](-[#6@](-[#7](-[H])-[H])(-[#6](=[#8])-[#8]-[H])-[H])(-[H])-[H])(-[#16:15]-[#6:13])(-[H])-[H],"EVODEX.1-P2645,EVODEX.1-P2641,EVODEX.1-P2628,EVODEX.1-P2631,EVODEX.1-P2639"
EVODEX.1-E834,22545472750744471420309333294973541367135074163631121581605068922776794927176,[#6:16]-[#8:17]-[H]>>[#6](-[#6](-[#6@](-[#7](-[H])-[H])(-[#6](=[#8])-[#8]-[H])-[H])(-[H])-[H])(-[#8:17]-[#6:16])(-[H])-[H],"EVODEX.1-P2623,EVODEX.1-P2606,EVODEX.1-P2653,EVODEX.1-P2656,EVODEX.1-P2654"
EVODEX.1-E835,90688338061711579247886275719461462238055024804755348347758988959169604309500,[#6:42](-[#6@:40])(=[#8:43])-[#8]-[H]>>[#6:42](-[#6@:40])(=[#8:43])-[#7](-[#6@@](-[#6@@](-[#6](-[H])(-[H])-[H])(-[#8]-[H])-[H])(-[#6](=[#8])-[#8]-[H])-[H])-[H],"EVODEX.1-P7402,EVODEX.1-P7335,EVODEX.1-P7147,EVODEX.1-P7391,EVODEX.1-P7363"
EVODEX.1-E836,84670028734970926134923612615965018621126280621871910154612023908680870771722,[#6:22]-[#8:23]-[H]>>[#6:22]-[#8:23]-[#6@@]1(-[H])-[#6@@](-[#7](-[#6](-[#6](-[H])(-[H])-[H])=[#8])-[H])(-[H])-[#6@](-[#8]-[H])(-[H])-[#6@](-[#8]-[H])(-[H])-[#6@](-[#6](-[#8]-[H])(-[H])-[H])(-[H])-[#8]-1,"EVODEX.1-P2444,EVODEX.1-P2241,EVODEX.1-P2438,EVODEX.1-P2441,EVODEX.1-P2278"
EVODEX.1-E837,39568965466214662027841696523021335820337727114988750788966238806222803298885,[#6:42](-[#6@:40])(=[#8:43])-[#8]-[H]>>[#6:42](-[#6@:40])(=[#8:43])-[#7](-[#6@@](-[#6@](-[#6](-[#6](-[H])(-[H])-[H])(-[H])-[H])(-[#6](-[H])(-[H])-[H])-[H])(-[#6](=[#8])-[#8]-[H])-[H])-[H],"EVODEX.1-P7354,EVODEX.1-P7247,EVODEX.1-P7460,EVODEX.1-P7201,EVODEX.1-P7516"
EVODEX.1-E838,4969444141332032355276306777915303751614587381616491209346462514637932134459,[#6:17](-[#6@:15])(=[#8:18])-[#8]-[H]>>[#6](-[#6](-[#6](-[H])(-[H])-[H])(-[#6](-[#6@](-[#7](-[#6:17](-[#6@:15])=[#8:18])-[H])(-[#6](=[#8])-[#8]-[H])-[H])(-[H])-[H])-[H])(-[H])(-[H])-[H],"EVODEX.1-P5543,EVODEX.1-P7376,EVODEX.1-P5488,EVODEX.1-P7216,EVODEX.1-P7299"
EVODEX.1-E839,65248044621088985238633925621591863100414412009167141474214261151581070501119,[#7](-[#6]1:[#7]:[#6](-[H]):[#7]:[#6]2:[#6]:1:[#7]:[#6](-[H]):[#7]:2-[#6@@]1(-[H])-[#6](-[H])(-[H])-[#6@@](-[#8]-[H])(-[H])-[#6@](-[#6](-[#8]-[#15](=[#8])(-[#8]-[H])-[#8]-[#15:50](=[#8:51])(-[#8:52])-[#8:53])(-[H])-[H])(-[H])-[#8]-1)(-[H])-[H].[#8:24](-[#6@:23])-[H]>>[#8:24](-[#6@:23])-[#15:50](=[#8:51])(-[#8:52])-[#8:53],"EVODEX.1-P3441,EVODEX.1-P3600,EVODEX.1-P3601,EVODEX.1-P3603,EVODEX.1-P3602"
EVODEX.1-E840,45834001269773852755489903340437244839569303630524489174698998771886536661340,[#6](-[#6](-[#6](=[#8])-[#7:5](-[#6:6])-[H:21])(-[H])-[H])(-[H])(-[H])-[H]>>[#7:5](-[#6:6])(-[H:21])-[H],"EVODEX.1-P5556,EVODEX.1-P5544,EVODEX.1-P5561,EVODEX.1-P5511,EVODEX.1-P5510"
EVODEX.1-E841,53889696009482709679484480272497901848863344635324130045509406803620792866080,[#6](-[#6](-[#6](=[#8])-[#8:5]-[#6:6])(-[H])-[H])(-[H])(-[H])-[H]>>[#8:5](-[#6:6])-[H],"EVODEX.1-P3884,EVODEX.1-P4136,EVODEX.1-P4140,EVODEX.1-P4138,EVODEX.1-P1497"
EVODEX.1-E842,15152223463573414453439903055234685508480403885487058378969447677636056005693,[#6](-[#6](-[#6](=[#8:4])-[#6](=[#8])-[#8]-[H])(-[H])-[H])(-[H])(-[H])-[H].[#7](-[#6@@:9](-[#6:10])(-[#6:12]=[#8:13])-[H])(-[H])-[H]>>[#8:4]=[#6:9](-[#6:10])-[#6:12]=[#8:13],"EVODEX.1-P2960,EVODEX.1-P3189,EVODEX.1-P3184,EVODEX.1-P3020,EVODEX.1-P3007"
EVODEX.1-E843,105915676926591279691949237849413992497681842296510836808227240142277963970130,[#6:2]-[#6:3](=[#8:4])-[#7](-[#8]-[H])-[H].[#8:7](-[H:15])-[H]>>[#6:2]-[#6:3](=[#8:4])-[#8:7]-[H:15],"EVODEX.1-P5448,EVODEX.1-P5663,EVODEX.1-P5628,EVODEX.1-P5444,EVODEX.1-P5639"
EVODEX.1-E844,76448313380742725328650317276002204415900594044639623501741211955913930307186,[#6:4]-[#6:5](=[#8:6])-[#8:7]-[H:8]>>[#7](-[#6:5](-[#6:4])=[#8:6])(-[H])-[H].[#8:7](-[H:8])-[H],"EVODEX.1-P5692,EVODEX.1-P5686,EVODEX.1-P5688,EVODEX.1-P5684,EVODEX.1-P5695"
EVODEX.1-E845,67349795263102495030810635588752720333328962602705946774396363173168149104659,[#8:2]=[#6:3]-[#6:5](=[#6:6](-[#6:7])-[H:21])-[H:22]>>[#7](-[#6:5](-[#6:3]=[#8:2])(-[#6:6](-[#6:7])(-[H:21])-[H])-[H:22])(-[H])-[H],"EVODEX.1-P6512,EVODEX.1-P6509,EVODEX.1-P6515,EVODEX.1-P6502,EVODEX.1-P6507"
EVODEX.1-E846,106501979039324413669179126035527906901800519854115542405412061947441856547861,[#6:18]-[#6:19](=[#8:20])-[H:31].[#8:24](-[#8:25]-[H])-[H]>>[#6:18]-[#6:19](-[#7](-[H])-[H])(-[H:31])-[H].[#8:24]=[#8:25].[#8:20](-[H])-[H],"EVODEX.1-P1069,EVODEX.1-P1033,EVODEX.1-P1030,EVODEX.1-P1014,EVODEX.1-P1018"
EVODEX.1-E847,38745504858599080604409178899799060572036023560698627213706956366626346604273,[#8:2]=[#6:3]-[#6:5](=[#8:6])-[#6:7].[#8:9](-[#8:10]-[H])-[H]>>[#7](-[#6@@:5](-[#6:3]=[#8:2])(-[#6:7])-[H])(-[H])-[H].[#8:9]=[#8:10].[#8:6](-[H])-[H],"EVODEX.1-P994,EVODEX.1-P975,EVODEX.1-P992,EVODEX.1-P983,EVODEX.1-P990"
EVODEX.1-E848,42662229464001308832039857518262940554479602014315520437903587056237004015983,[#6:5]-[#6:6](=[#8])-[H:15]>>[#6:5]-[#6:6](-[#7](-[H])-[H])(-[H:15])-[H],"EVODEX.1-P2913,EVODEX.1-P1063,EVODEX.1-P2900,EVODEX.1-P2985,EVODEX.1-P1017"
EVODEX.1-E849,95299016422381659623223752326098262446546165253020848832520599289256645580855,[#6:6](-[#6@:5])(=[#8])-[#6@@:8]>>[#7](-[#6@@:6](-[#6@:5])(-[H])-[#6@@:8])(-[H])-[H],"EVODEX.1-P2816,EVODEX.1-P3218,EVODEX.1-P2908,EVODEX.1-P920,EVODEX.1-P3226"
EVODEX.1-E850,94719571968175709864431090541599742273363313808253982521228462791080797202973,[#6:2]-[#6:3](-[#7:4](-[H:8])-[H:9])=[#8:5]>>[#6:2]-[#6:3](=[#8:5])-[#7](-[#8]-[H])-[H].[#7:4](-[H:8])(-[H:9])-[H],"EVODEX.1-P5636,EVODEX.1-P5680,EVODEX.1-P5683,EVODEX.1-P5638,EVODEX.1-P5632"
EVODEX.1-E851,67734216532498343492781457058009314428773433169183180257192163591913842782381,[#7:13](-[#6@@:14])(-[H:66])-[H]>>[#7](=[#6](-[#7](-[H])-[H])-[#7](-[#6](-[#6](-[#6](-[#6@](-[#7](-[H])-[H])(-[#6](=[#8])-[#7:13](-[#6@@:14])-[H:66])-[H])(-[H])-[H])(-[H])-[H])(-[H])-[H])-[H])-[H],"EVODEX.1-P7439,EVODEX.1-P4701,EVODEX.1-P7436,EVODEX.1-P7186,EVODEX.1-P7191"
EVODEX.1-E852,109063725498197171507795236432530789453306579257261811151952951790398041045542,[#7:1](-[#6@](-[#6](-[#6](=[#8])-[#8]-[H])(-[H])-[H])(-[#6](=[#8])-[#8]-[H])-[H])(-[H:26])-[H:27].[#6:15]-[#6:16](=[#8])-[#6:18]=[#8:19]>>[#7:1](-[#6:16](-[#6:15])(-[#6:18]=[#8:19])-[H])(-[H:26])-[H:27],"EVODEX.1-P2949,EVODEX.1-P2803,EVODEX.1-P3125,EVODEX.1-P2811,EVODEX.1-P3197"
EVODEX.1-E853,9022164363555244538814911377913770513333119925734701931513169641560879404776,[#6:17](-[#6@:15])(=[#8:18])-[#8:19]-[H:64].([#8:38]-[#15:39](=[#8:40])(-[#8:41])-[#8:42]-[#15:43].[#8:48]-[#6@@:47](-[#6@@:32])(-[H:83])-[#6@:49](-[#6@:30])(-[#8:50])-[H:85])>>[#6](-[#16]-[#6](-[#6](-[#6@](-[#7](-[#6:17](-[#6@:15])=[#8:18])-[H])(-[#6](=[#8])-[#8]-[H])-[H])(-[H])-[H])(-[H])-[H])(-[H])(-[H])-[H].([#8:19](-[#15:39](-[#8:38])(=[#8:40])-[#8:41])-[H:64].[#8:50]-[#6@:49](-[#6@:30])(-[H:85])-[#6@@:47](-[#6@@:32])(-[#8:48])-[H:83]).[#8:42](-[#15:43])-[H],"EVODEX.1-P7377,EVODEX.1-P7326,EVODEX.1-P7381,EVODEX.1-P7217,EVODEX.1-P7269"
EVODEX.1-E854,108869446713786219552800995232088984075953685123700538063890358330245906406685,([#8:59]-[#15:60](=[#8:61])(-[#8:62])-[#8]-[#15](=[#8])(-[#8]-[H])-[#8]-[H].[#8:69]-[#6@@:68](-[#6@@:53])(-[H:83])-[#6@:70](-[#6@:51])(-[#8:71])-[H:85]).([#6:19]-[#6@:20](-[#7:21])(-[#6:38])-[H:103].[#6:31]-[#6:32](=[#8:33])-[#8:34]-[H:92]).[#7:9](-[#6@:8])(-[H:114])-[H]>>([#7:9](-[#6@:8])(-[#6:32](-[#6:31])=[#8:33])-[H:114].[#7:21]-[#6@@:20](-[#6:19])(-[#6:38])-[H:103]).([#8:34](-[#15:60](-[#8:59])(=[#8:61])-[#8:62])-[H:92].[#8:71]-[#6@:70](-[#6@:51])(-[H:85])-[#6@@:68](-[#6@@:53])(-[#8:69])-[H:83]),"EVODEX.1-P7134,EVODEX.1-P7106,EVODEX.1-P6915,EVODEX.1-P6919,EVODEX.1-P7112"
EVODEX.1-E855,62945987238292043144993933094969325639766500934852336840888384603130693272563,[#6:2]-[#6:3](=[#8:4])-[#8:5]-[H:51].([#8:38]-[#15:39](=[#8:40])(-[#8:41])-[#8]-[#15](=[#8])(-[#8]-[H])-[#8]-[H].[#8:48]-[#6@@:47](-[#6@@:32])(-[H:67])-[#6@:49](-[#6@:30])(-[#8:50])-[H:69]).[#7:6](-[#6@:7])(-[H:84])-[H]>>[#6:2]-[#6:3](=[#8:4])-[#7:6](-[#6@:7])-[H:84].([#8:5](-[#15:39](-[#8:38])(=[#8:40])-[#8:41])-[H:51].[#8:50]-[#6@:49](-[#6@:30])(-[H:69])-[#6@@:47](-[#6@@:32])(-[#8:48])-[H:67]),"EVODEX.1-P7085,EVODEX.1-P7126,EVODEX.1-P7178,EVODEX.1-P7049,EVODEX.1-P7463"
EVODEX.1-E856,41103080033832428567790764610523860038012521397642548034484439774370932864747,[#6:47](-[#6@@:45])(=[#8:48])-[#8:49]-[H:119].[#7:57](-[#6@:56](-[#6@:51])(-[#6:58])-[H:134])(-[H:131])-[H].([#8:79]-[#15:80](=[#8:81])(-[#8:82])-[#8]-[#15](=[#8])(-[#8]-[H])-[#8]-[H].[#8:89]-[#6@@:88](-[#6@@:73])(-[H:150])-[#6@:90](-[#6@:71])(-[#8:91])-[H:152])>>[#6:47](-[#6@@:45])(=[#8:48])-[#7:57](-[#6@:56](-[#6@:51])(-[#6:58])-[H:134])-[H:131].([#8:49](-[#15:80](-[#8:79])(=[#8:81])-[#8:82])-[H:119].[#8:91]-[#6@:90](-[#6@:71])(-[H:152])-[#6@@:88](-[#6@@:73])(-[#8:89])-[H:150]),"EVODEX.1-P7525,EVODEX.1-P6967,EVODEX.1-P7159,EVODEX.1-P7153,EVODEX.1-P7150"
EVODEX.1-E857,5877936182961362539483413069591852601921943968633812703008724235662406001927,[#7:5](-[#6@:4])(-[H:51])-[H].[#8:27]-[#15:28](=[#8:29])(-[#8:30])-[#8]-[#15](=[#8])(-[#8]-[H])-[#8]-[H].[#8:40]=[#6:41](-[#8:42]-[H:75])-[#6@:43]>>[#7:5](-[#6@:4])(-[#6:41](=[#8:40])-[#6@:43])-[H:51].[#8:27]-[#15:28](=[#8:29])(-[#8:30])-[#8:42]-[H:75],"EVODEX.1-P7282,EVODEX.1-P7291,EVODEX.1-P6903,EVODEX.1-P7196,EVODEX.1-P7089"
EVODEX.1-E858,111045807878619560941925394554410123245559621718112907467409157526702003368048,[#6:58]-[#16:59]-[H].[#6:4]-[#6:5](=[#8:6])-[#8:7]-[H:130].([#8:78]-[#15:79](=[#8:80])(-[#8:81])-[#8]-[#15](=[#8])(-[#8]-[H])-[#8]-[H].[#8:88]-[#6@@:87](-[#6@@:72])(-[H:150])-[#6@:89](-[#6@:70])(-[#8:90])-[H:152])>>[#6:4]-[#6:5](=[#8:6])-[#16:59]-[#6:58].([#8:7](-[#15:79](-[#8:78])(=[#8:80])-[#8:81])-[H:130].[#8:90]-[#6@:89](-[#6@:70])(-[H:152])-[#6@@:87](-[#6@@:72])(-[#8:88])-[H:150]),"EVODEX.1-P6863,EVODEX.1-P6670,EVODEX.1-P6748,EVODEX.1-P6885,EVODEX.1-P6874"
EVODEX.1-E859,39930257625149744782372230882001376916443178273458774144305245456775676920158,[#6:47]-[#16:48]-[H].[#8:67]-[#15:68](=[#8:69])(-[#8:70])-[#8]-[#15](=[#8])(-[#8]-[H])-[#8]-[H].[#8:80]=[#6:81](-[#8:82]-[H:141])-[#6:83]>>[#6:47]-[#16:48]-[#6:81](=[#8:80])-[#6:83].[#8:67]-[#15:68](=[#8:69])(-[#8:70])-[#8:82]-[H:141],"EVODEX.1-P6846,EVODEX.1-P6751,EVODEX.1-P6894,EVODEX.1-P6891,EVODEX.1-P6741"
EVODEX.1-E860,66793207124751146637486062581130631200889621164694158193584972446034516635464,[#6:4]-[#6:5](-[#8]-[#15](=[#8])(-[#8]-[H])-[#8]-[H])(-[H:19])-[H:20].[#8:15](-[H:29])-[H]>>[#6:4]-[#6:5](-[#8:15]-[H:29])(-[H:19])-[H:20],"EVODEX.1-P4204,EVODEX.1-P4176,EVODEX.1-P4214,EVODEX.1-P4218,EVODEX.1-P4197"
EVODEX.1-E861,79407009649645341093373272262961422524234963579824695796720625319165541654583,[#6:9](-[#6@@:7])(-[#8]-[#15](=[#8])(-[#8]-[H])-[#8]-[H])(-[H:30])-[#6:15].[#8:16](-[H:36])-[H]>>[#8:16](-[#6@:9](-[#6@@:7])(-[H:30])-[#6:15])-[H:36],"EVODEX.1-P4181,EVODEX.1-P4206,EVODEX.1-P4193,EVODEX.1-P4179,EVODEX.1-P4207"
EVODEX.1-E862,40582319891511976453419770081841797508544653743224135804679258086760980558543,[#8:33]-[#15:34](=[#8:35])(-[#8:36])-[#8]-[#15](=[#8])(-[#8]-[H])-[#8]-[H].[#8:42](-[H:66])-[H]>>[#8:33]-[#15:34](=[#8:35])(-[#8:36])-[#8:42]-[H:66],"EVODEX.1-P6011,EVODEX.1-P4194,EVODEX.1-P6031,EVODEX.1-P6032,EVODEX.1-P6013"
EVODEX.1-E863,54749620017655342202592099456864339597036467349371664858753109723940685854707,[#8]=[#15](-[#8]-[H])(-[#8]-[H])-[#8]-[#6@:16](-[H:29])(-[#8:17])-[#6@:25].[#8:8](-[#6@:7])-[H]>>[#8:8](-[#6@:7])-[#6:16](-[H:29])(-[#8:17])-[#6@:25],"EVODEX.1-P2417,EVODEX.1-P2413,EVODEX.1-P2485,EVODEX.1-P2484,EVODEX.1-P2422"
EVODEX.1-E864,111033602192461894702798962978652975897432086041306951611949644474498339491370,[#7:11]-[#6@@:12](-[#6:13]-[#6:14]-[#6:15](=[#8:16])-[#8:17]-[H:52])(-[#6:18])-[H:58].[#7:1](-[#6:2])(-[H:70])-[H].([#8:39]-[#15:40](=[#8:41])(-[#8:42])-[#8]-[#15](=[#8])(-[#8]-[H])-[#8]-[H].[#8:49]-[#6@@:48](-[#6@@:33])(-[H:83])-[#6@:50](-[#6@:31])(-[#8:51])-[H:85])>>[#7:1](-[#6:2])(-[#6:15](-[#6:14]-[#6:13]-[#6@:12](-[#7:11])(-[#6:18])-[H:58])=[#8:16])-[H:70].([#8:17](-[#15:40](-[#8:39])(=[#8:41])-[#8:42])-[H:52].[#8:51]-[#6@:50](-[#6@:31])(-[H:85])-[#6@@:48](-[#6@@:33])(-[#8:49])-[H:83]),"EVODEX.1-P7051,EVODEX.1-P7072,EVODEX.1-P7058,EVODEX.1-P7045,EVODEX.1-P7086"
EVODEX.1-E865,19006116500960660464068938937681162084857250110653545875741995109341223177108,[#7:1]-[#6:2](=[#8:3])-[#8]-[#15](=[#8])(-[#8]-[H])-[#8]-[H].[#7:9](-[#6:10])(-[H:26])-[H]>>[#7:1]-[#6:2](=[#8:3])-[#7:9](-[#6:10])-[H:26],"EVODEX.1-P1345,EVODEX.1-P1350,EVODEX.1-P1352,EVODEX.1-P1355,EVODEX.1-P1347"
EVODEX.1-E866,56164949050780811879946609869913768680636217481506140918685555037992492517711,[#8]=[#15](-[#8]-[H])(-[#8]-[H])-[#8]-[#15:6](=[#8:7])(-[#8:8])-[#8:9].[#8:19](-[#6:20])-[H]>>[#15:6](=[#8:7])(-[#8:8])(-[#8:9])-[#8:19]-[#6:20],"EVODEX.1-P3273,EVODEX.1-P5979,EVODEX.1-P4231,EVODEX.1-P3271,EVODEX.1-P3316"
EVODEX.1-E867,85131822283896733536638997337243874969873677606679908269986313600063006569401,[#6:46](-[#6@@:44])(=[#8:47])-[#8]-[H].[#7:49](-[#6@@:50])(-[H:135])-[H].[#15:78]-[#8:81]-[#15](=[#8])(-[#8]-[H])-[#8]-[H]>>[#6:46](-[#6@@:44])(=[#8:47])-[#7:49](-[#6@@:50])-[H:135].[#15:78]-[#8:81]-[H],"EVODEX.1-P6897,EVODEX.1-P7360,EVODEX.1-P7005,EVODEX.1-P7004,EVODEX.1-P7538"
EVODEX.1-E868,86505500059130065631834307275090141550460420469529550295925695065304371662601,[#8]=[#15](-[#8]-[H])(-[#8]-[H])-[#8]-[#6@@:6](-[H:45])(-[#8:7])-[#6@:13].[#8:15]-[#6@:16](-[H:54])(-[#6@:17])-[#6@@:41](-[#6:40])(-[#8:42]-[H])-[H:78]>>[#8:42](-[#6@:6](-[H:45])(-[#8:7])-[#6@:13])-[#6@@:41](-[H:78])(-[#6@@:16](-[#8:15])(-[H:54])-[#6@:17])-[#6:40],"EVODEX.1-P2233,EVODEX.1-P2231,EVODEX.1-P2225,EVODEX.1-P2235,EVODEX.1-P2446"
EVODEX.1-E869,51165991146971331712997161494317943661129866156958807656757860889452207605548,[#7:11](-[#6@@:12])(-[H:67])-[H]>>[#7](-[#6](=[#8])-[#6](-[#6](-[#6@](-[#7](-[H])-[H])(-[#6](=[#8])-[#7:11](-[#6@@:12])-[H:67])-[H])(-[H])-[H])(-[H])-[H])(-[H])-[H],"EVODEX.1-P7232,EVODEX.1-P7194,EVODEX.1-P7223,EVODEX.1-P7480,EVODEX.1-P7228"
EVODEX.1-E870,83243316457380652342772012050000345654385892736783234436508990220509990217665,[#6:3]-[#6:4](=[#8:5])-[#7](-[#6](-[#6](=[#8])-[#7](-[#6](-[#6](=[#8])-[#8]-[H])(-[H])-[H])-[H])(-[H])-[H])-[H]>>[#6:3]-[#6:4](=[#8:5])-[#8]-[H],"EVODEX.1-P4744,EVODEX.1-P4860,EVODEX.1-P4818,EVODEX.1-P4618,EVODEX.1-P4679"
EVODEX.1-E871,96033230821901935000613423976337444781678247201162769227387635893914156268787,[#7](-[#6](=[#8])-[#6](-[#6](-[#7](-[#6:7](=[#8:8])-[#6:9])-[H])(-[#6](=[#8])-[#8]-[H])-[H])(-[H])-[H])(-[H])-[H]>>[#6:7](=[#8:8])(-[#6:9])-[#8]-[H],"EVODEX.1-P5429,EVODEX.1-P5558,EVODEX.1-P4586,EVODEX.1-P4952,EVODEX.1-P5128"
EVODEX.1-E872,101923514426544470666066599923381201363224529723629652314029012466076512040271,[#8:15](-[#6:16])-[H]>>[#6](-[#8]-[#6]1:[#6](-[H]):[#6](-[#6](=[#6](-[#6](=[#8])-[#8:15]-[#6:16])-[H])-[H]):[#6](-[H]):[#6](-[H]):[#6]:1-[#8]-[H])(-[H])(-[H])-[H],"EVODEX.1-P1619,EVODEX.1-P2102,EVODEX.1-P1622,EVODEX.1-P1623,EVODEX.1-P1456"
EVODEX.1-E873,36932592955110733049679301577469791770574125215615210832389414659408606119711,[#6:69]-[#7:70](-[H:117])-[H]>>[#6](-[#8]-[#6]1:[#6](-[H]):[#6](-[#6](=[#6](-[#6](=[#8])-[#7:70](-[#6:69])-[H:117])-[H])-[H]):[#6](-[H]):[#6](-[H]):[#6]:1-[#8]-[H])(-[H])(-[H])-[H],"EVODEX.1-P1419,EVODEX.1-P1422,EVODEX.1-P1420,EVODEX.1-P1423,EVODEX.1-P1522"
EVODEX.1-E874,6257371341860254203258683841009244050954396583085063589431638741610298240983,[#7:1](-[#6:2])(-[H:70])-[H].([#8:39]-[#15:40](=[#8:41])(-[#8:42])-[#8:43]-[#15:44].[#8:49]-[#6@@:48](-[#6@@:33])(-[H:83])-[#6@:50](-[#6@:31])(-[#8:51])-[H:85])>>[#7:1](-[#6:2])(-[#6](-[#6](-[#6](-[#6@](-[#7](-[H])-[H])(-[#6](=[#8])-[#8]-[H])-[H])(-[H])-[H])(-[H])-[H])=[#8])-[H:70].([#8](-[#15:40](-[#8:39])(=[#8:41])-[#8:42])-[H].[#8:51]-[#6@:50](-[#6@:31])(-[H:85])-[#6@@:48](-[#6@@:33])(-[#8:49])-[H:83]).[#8:43](-[#15:44])-[H],"EVODEX.1-P7048,EVODEX.1-P7066,EVODEX.1-P6904,EVODEX.1-P7040,EVODEX.1-P7054"
EVODEX.1-E875,5450976702595239153759717326288957397054244330119638542760304974740725819918,[#8:11]=[#6:12](-[#6:13])-[H:30]>>[#6](-[#6](-[#6](-[#6](=[#8])-[#8]-[H])(-[H])-[H])(-[H])-[H])(-[#6](=[#8])-[#8]-[H])=[#8:11].[#7](-[#6:12](-[#6:13])(-[H:30])-[H])(-[H])-[H],"EVODEX.1-P3104,EVODEX.1-P3118,EVODEX.1-P2940,EVODEX.1-P2820,EVODEX.1-P2914"
EVODEX.1-E876,97367171579663830042299259754910257543116335764913916460075252559739977581926,[#6:27](-[#6@@:25])(=[#8:28])-[#8:29]-[H:87].([#8:58]-[#15:59](=[#8:60])(-[#8:61])-[#8:62]-[#15:63].[#8:68]-[#6@@:67](-[#6@@:52])(-[H:116])-[#6@:69](-[#6@:50])(-[#8:70])-[H:118])>>[#6:27](-[#6@@:25])(=[#8:28])-[#7](-[#6@@](-[#6](-[#6](-[#6](=[#8])-[#8]-[H])(-[H])-[H])(-[H])-[H])(-[#6](=[#8])-[#8]-[H])-[H])-[H].([#8:29](-[#15:59](-[#8:58])(=[#8:60])-[#8:61])-[H:87].[#8:70]-[#6@:69](-[#6@:50])(-[H:118])-[#6@@:67](-[#6@@:52])(-[#8:68])-[H:116]).[#8:62](-[#15:63])-[H],"EVODEX.1-P6984,EVODEX.1-P6987,EVODEX.1-P6981,EVODEX.1-P7036,EVODEX.1-P6985"
EVODEX.1-E877,82803480054083653993593781279696372729323243591988746569480519375968643792657,[#6:6](-[#6@:5])(=[#8:7])-[#6@@:8]>>[#7](-[#6@@:6](-[#6@:5])(-[H])-[#6@@:8])(-[H])-[H].[#8:7]=[#6](-[#6](-[#6](-[#6](=[#8])-[#8]-[H])(-[H])-[H])(-[H])-[H])-[#6](=[#8])-[#8]-[H],"EVODEX.1-P3085,EVODEX.1-P2819,EVODEX.1-P2826,EVODEX.1-P3220,EVODEX.1-P2896"
EVODEX.1-E878,4368261682159033847505241151088763556679665211535863719337461416210883283197,([#7:6](-[#6@:5])(-[#6:7](=[#8:8])-[#6@:9])-[H:83].[#6:40](-[#6@@:32])(=[#8:41])-[#7:42](-[#6@@:43])-[H:108])>>[#6:7](=[#8:8])(-[#6@:9])-[#8]-[H].([#7:6](-[#6@:5])(-[H:83])-[H].[#6:40](-[#6@@:32])(=[#8:41])-[#8]-[H]).[#7:42](-[#6@@:43])(-[H:108])-[H],"EVODEX.1-P5382,EVODEX.1-P5303,EVODEX.1-P5352,EVODEX.1-P5059,EVODEX.1-P5421"
EVODEX.1-E879,94168166890806678934712987739059356711517189600010380262417441046772939159332,([#7:1]#[#6:2]-[#6:3].[#6:7]-[#6:8]#[#7:9]).[#8:12](-[H:21])-[H].[#8:13](-[H])-[H]>>([#6:2](-[#6:3])(=[#8])-[#8:12]-[H:21].[#6:7]-[#6:8](=[#8:13])-[#8]-[H]).[#7:1](-[H])(-[H])-[H].[#7:9](-[H])(-[H])-[H],"EVODEX.1-P5889,EVODEX.1-P5924,EVODEX.1-P5899,EVODEX.1-P5904,EVODEX.1-P5914"
EVODEX.1-E880,62451594924479540414944579267145846585495895687462460502747875533891299115954,[#7:1]#[#6:2]-[#6:3]>>[#6:2](-[#6:3])(=[#8])-[#8]-[H].[#7:1](-[H])(-[H])-[H],"EVODEX.1-P5887,EVODEX.1-P5923,EVODEX.1-P5892,EVODEX.1-P5901,EVODEX.1-P5903"
EVODEX.1-E881,110287867581323149524168101330232389460406115630248959885007806398700088611789,[#6:2]-[#6:3](-[#8:4])(-[#6:5]#[#7:6])-[H:10]>>[#6:2]-[#6@:3](-[#8:4])(-[#6:5](=[#8])-[#8]-[H])-[H:10].[#7:6](-[H])(-[H])-[H],"EVODEX.1-P5896,EVODEX.1-P5945,EVODEX.1-P5947,EVODEX.1-P5967,EVODEX.1-P5950"
EVODEX.1-E882,28856643025239246135447407478553363461457777672636496884061304160219294029332,[#7:15](-[#6@:9])(-[#6:16](=[#8:17])-[#6@@:18]-[#7:19](-[#6:20](=[#8:21])-[#6@:22])-[H:117])-[H:124]>>[#6:16](=[#8:17])(-[#6@@:18]-[#7:19](-[H:117])-[H])-[#8]-[H].[#6:20](=[#8:21])(-[#6@:22])-[#8]-[H].[#7:15](-[#6@:9])(-[H:124])-[H],"EVODEX.1-P4684,EVODEX.1-P5010,EVODEX.1-P4914,EVODEX.1-P5160,EVODEX.1-P4608"
EVODEX.1-E883,45060864444250752945350795623543474953646651252724652417758401240053290976977,[#8:12]-[#15:13](=[#8:14])(-[#8:15])-[#8:16]-[#15:17](=[#8:18])(-[#8:19])-[#8:20]-[#15:21]>>[#8](-[#15:13](-[#8:12])(=[#8:14])-[#8:15])-[H].[#8:20](-[#15:21])-[H].[#8](-[#15:17](-[#8:16]-[H])(=[#8:18])-[#8:19])-[H],"EVODEX.1-P6004,EVODEX.1-P6009,EVODEX.1-P6002,EVODEX.1-P6018,EVODEX.1-P6006"
EVODEX.1-E884,47669700714931431222150784971403898489750198669070989825423154612504820634637,[#6:7]-[#6:8](=[#8:9])-[#7](-[#8]-[H])-[H]>>[#6:7]-[#6:8](=[#8:9])-[#8]-[H],"EVODEX.1-P6907,EVODEX.1-P5640,EVODEX.1-P5629,EVODEX.1-P5445,EVODEX.1-P5633"
EVODEX.1-E885,29023403380214522884105361668819631719054243528930061883080852940763045943484,[#6:34]-[#8:35]-[#16](=[#8])(=[#8])-[#8]-[H]>>[#6:34]-[#8:35]-[H],"EVODEX.1-P3744,EVODEX.1-P3741,EVODEX.1-P3772,EVODEX.1-P3773,EVODEX.1-P3728"
EVODEX.1-E886,108139379750894558664883704137811300422674763992354633211656427237986240757064,[#8](-[#6@:4](-[#6@:2])(-[#6@@:10])-[H:24])-[#16](=[#8])(=[#8])-[#8]-[H]>>[#8](-[#6@:4](-[#6@:2])(-[#6@@:10])-[H:24])-[H],"EVODEX.1-P4284,EVODEX.1-P4270,EVODEX.1-P4273,EVODEX.1-P4281,EVODEX.1-P4274"
EVODEX.1-E887,80861045631507538810036075553416091290396134683447838544063198541993515614956,[#6:13]-[#6:14](=[#8:15])-[#8]-[#6]1:[#6](-[H]):[#6](-[H]):[#6](-[H]):[#6]2:[#6](-[H]):[#6](-[H]):[#6](-[H]):[#6](-[H]):[#6]:1:2.[#8:27](-[H:62])-[H]>>[#6:13]-[#6:14](=[#8:15])-[#8:27]-[H:62],"EVODEX.1-P3882,EVODEX.1-P3883,EVODEX.1-P3919,EVODEX.1-P4014,EVODEX.1-P3880"
EVODEX.1-E888,89406096430347324739338709396064681218419926857563310770306298022839622307337,[#6:11](-[#6@:2])(=[#8:12])-[#8]-[#6]1:[#6](-[H]):[#6](-[H]):[#6]2:[#6](-[H]):[#6](-[H]):[#6](-[H]):[#6](-[H]):[#6]:2:[#6]:1-[H].[#8:24](-[H:46])-[H]>>[#6:11](-[#6@:2])(=[#8:12])-[#8:24]-[H:46],"EVODEX.1-P3909,EVODEX.1-P4009,EVODEX.1-P3912,EVODEX.1-P3872,EVODEX.1-P5072"
EVODEX.1-E889,84274289225251641517474099913679875239625894703639221611488227552355599704216,[#6](-[#6]1:[#6](-[H]):[#6](=[#8]):[#8]:[#6]2:[#6](-[H]):[#6](-[#8:10]-[#6:11]):[#6](-[H]):[#6](-[H]):[#6]:1:2)(-[H])(-[H])-[H]>>[#8:10](-[#6:11])-[H],"EVODEX.1-P4386,EVODEX.1-P4462,EVODEX.1-P4455,EVODEX.1-P4125,EVODEX.1-P4381"
EVODEX.1-E890,47644412581853216616029010912061536427588602527399228851438995057844782542649,[#6:1]-[#16:2]-[#6:3]>>[#6:1]-[#16:2](-[#6:3])-[#6](-[H])(-[H])-[H],"EVODEX.1-P1320,EVODEX.1-P1284,EVODEX.1-P1322,EVODEX.1-P1321,EVODEX.1-P1319"
EVODEX.1-E891,25904967870297393784558035039159914426702083372783272806733570614884372073410,[#6](-[#16:2](-[#6:3])-[#6:10])(-[H])(-[H])-[H]>>[#16:2](-[#6:3])-[#6:10],"EVODEX.1-P1224,EVODEX.1-P1316,EVODEX.1-P1315,EVODEX.1-P1317,EVODEX.1-P1274"
EVODEX.1-E892,80642138055307204087779376936091067607226783387549443232987789967465822609024,[#6:17]-[#6:18](=[#8:19])-[#16:20]-[#6:21]>>[#6:17]-[#6:18](=[#8:19])-[#8]-[#6](-[#6](-[#6](-[#6](-[#6](-[#6](-[#6](-[#6](-[#6](-[#6](-[H])(-[H])-[H])(-[H])-[H])(-[H])-[H])(-[H])-[H])(-[H])-[H])(-[H])-[H])(-[H])-[H])(-[H])-[H])(-[H])-[H])(-[H])-[H].[#16:20](-[#6:21])-[H],"EVODEX.1-P1847,EVODEX.1-P1877,EVODEX.1-P1943,EVODEX.1-P1867,EVODEX.1-P1890"
EVODEX.1-E893,46057389133978584529429595791399765894627639707775378603305575456653042217348,[#6](-[#6](-[#6](-[#8:4]-[#6:5])(-[H])-[H])(-[H])-[H])(-[H])(-[H])-[H]>>[#8:4](-[#6:5])-[H],"EVODEX.1-P3893,EVODEX.1-P4507,EVODEX.1-P3946,EVODEX.1-P4130,EVODEX.1-P4052"
EVODEX.1-E894,28920663746216352888694972664932277449694765309565462428208317054659617226555,[#6:15]-[#6:16](=[#8:17])-[#6:18]=[#8:19]>>[#6](-[#6](-[#6](=[#8])-[#8]-[H])(-[H])-[H])(-[#6](=[#8])-[#8]-[H])=[#8:17].[#7](-[#6:16](-[#6:15])(-[#6:18]=[#8:19])-[H])(-[H])-[H],"EVODEX.1-P3202,EVODEX.1-P3108,EVODEX.1-P2809,EVODEX.1-P2810,EVODEX.1-P3198"
EVODEX.1-E895,113738916981453207676568155241828701267335958308516396080853675879739065422459,[#6:18]-[#6:19](=[#8:20])-[H:31]>>[#6:18]-[#6:19](-[#7](-[H])-[H])(-[H:31])-[H].[#8:20](-[H])-[H],"EVODEX.1-P1064,EVODEX.1-P1031,EVODEX.1-P1055,EVODEX.1-P1020,EVODEX.1-P1073"
EVODEX.1-E896,8967548646424934428051846003246537471299361966100236836105069448282299912213,[#8:46]=[#6:47](-[#6:48])-[#6:50]>>[#7](-[#6@:47](-[#6:48])(-[#6:50])-[H])(-[H])-[H].[#8:46](-[H])-[H],"EVODEX.1-P900,EVODEX.1-P903,EVODEX.1-P893,EVODEX.1-P905,EVODEX.1-P890"
EVODEX.1-E897,112211957548953158245267339678045790900918960420909502549991574276909700883023,[#6:12]-[#6:13](=[#8:14])-[#8]-[H]>>[#6:12]-[#6:13](=[#8:14])-[#7](-[#6@@](-[#6](-[#6]1:[#6](-[H]):[#6](-[H]):[#6](-[H]):[#6](-[H]):[#6]:1-[H])(-[H])-[H])(-[#6](=[#8])-[#8]-[H])-[H])-[H],"EVODEX.1-P7475,EVODEX.1-P7464,EVODEX.1-P7198,EVODEX.1-P5785,EVODEX.1-P7417"
EVODEX.1-E898,39543556376488527996961087701052329871866607004383915124856668760484891666612,[#6](-[#8]-[#6]1:[#6](-[H]):[#6](-[#6](=[#8])-[#8]-[#6@:9](-[H:56])(-[#8:10])-[#6@:18]):[#6](-[H]):[#6](-[H]):[#6]:1-[#8]-[H])(-[H])(-[H])-[H].([#6:36]-[#8:37]-[H].[#8:50]-[#6@:49](-[#6@:28])(-[H:86])-[#6@:51](-[#8:52])(-[H:88])-[#6@@:53](-[#6@@:26])(-[#8:54])-[H:90])>>([#8:37](-[#6@:9](-[H:56])(-[#8:10])-[#6@:18])-[#6:36].[#8:54]-[#6@@:53](-[#6@@:26])(-[H:90])-[#6@@:51](-[#8:52])(-[H:88])-[#6@:49](-[#6@:28])(-[#8:50])-[H:86]),"EVODEX.1-P2410,EVODEX.1-P2391,EVODEX.1-P2408,EVODEX.1-P2406,EVODEX.1-P2390"
EVODEX.1-E899,70250021567578670757441968660150304401295852967034561173452604192833427793195,[#6:51]-[#8:52]-[#6:53](=[#8:54])-[#6:55]>>[#6](-[#6](-[#6](-[H])(-[H])-[H])(-[#6](-[#6](-[#6](-[#6@@](-[#6](-[H])(-[H])-[H])(-[#6@@]1(-[H])-[#6](-[H])(-[H])-[#6](-[H])(-[H])-[#6@@]2(-[H])-[#6@]3(-[H])-[#6](-[H])(-[H])-[#6](-[H])=[#6]4-[#6](-[H])(-[H])-[#6@](-[#8]-[#6:53](=[#8:54])-[#6:55])(-[H])-[#6](-[H])(-[H])-[#6](-[H])(-[H])-[#6@]-4(-[#6](-[H])(-[H])-[H])-[#6@@]-3(-[H])-[#6](-[H])(-[H])-[#6](-[H])(-[H])-[#6@]-1-2-[#6](-[H])(-[H])-[H])-[H])(-[H])-[H])(-[H])-[H])(-[H])-[H])-[H])(-[H])(-[H])-[H].[#6:51]-[#8:52]-[H],"EVODEX.1-P2057,EVODEX.1-P1752,EVODEX.1-P1754,EVODEX.1-P2058,EVODEX.1-P1750"
EVODEX.1-E900,9941473426772497656555229340644721781163374277130727874147422706328133735417,[#7:1](-[#6@@:2])(-[H:56])-[H].([#8:38]-[#15:39](=[#8:40])(-[#8:41])-[#8:42]-[#15:43].[#8:48]-[#6@@:47](-[#6@@:32])(-[H:69])-[#6@:49](-[#6@:30])(-[#8:50])-[H:71])>>[#7:1](-[#6@@:2])(-[#6](-[#6@@](-[#7](-[H])-[H])(-[#6](-[#6]1:[#6](-[H]):[#6](-[H]):[#6](-[H]):[#6](-[H]):[#6]:1-[H])(-[H])-[H])-[H])=[#8])-[H:56].([#8](-[#15:39](-[#8:38])(=[#8:40])-[#8:41])-[H].[#8:50]-[#6@:49](-[#6@:30])(-[H:71])-[#6@@:47](-[#6@@:32])(-[#8:48])-[H:69]).[#8:42](-[#15:43])-[H],"EVODEX.1-P7433,EVODEX.1-P7272,EVODEX.1-P7266,EVODEX.1-P7263,EVODEX.1-P7252"
EVODEX.1-E901,75585833416473895764239218958201790669091370953917900541017868808454135665061,[#6:2]-[#6:5](=[#8:6])-[#6:7]=[#8:8]>>[#6:2]-[#6:5](-[#6:7]=[#8:8])(-[#7](-[H])-[H])-[H].[#8:6]=[#6](-[#6](-[#6]1:[#6](-[H]):[#6](-[H]):[#6](-[H]):[#6](-[H]):[#6]:1-[H])(-[H])-[H])-[#6](=[#8])-[#8]-[H],"EVODEX.1-P3156,EVODEX.1-P2971,EVODEX.1-P3157,EVODEX.1-P2968,EVODEX.1-P3174"
EVODEX.1-E902,8515860737352499030457348494220463956839358351480204679557307883113299863135,[#6:7]-[#6:8](=[#8:9])-[#7](-[#6@@](-[#6](-[#6]1:[#6](-[H]):[#6](-[H]):[#6](-[H]):[#6](-[H]):[#6]:1-[H])(-[H])-[H])(-[#6](=[#8])-[#8]-[H])-[H])-[H].[#8:1](-[H:39])-[H]>>[#8:1](-[#6:8](-[#6:7])=[#8:9])-[H:39],"EVODEX.1-P4891,EVODEX.1-P4789,EVODEX.1-P4643,EVODEX.1-P4937,EVODEX.1-P4890"
EVODEX.1-E903,56907719697459783067702458834047264202473649567306500556153713140818679571216,[#6:2]-[#6:6](-[#7](-[H])-[H])(-[#6:8]=[#8:9])-[H].[#8]=[#6](-[#8]-[H])-[#6](=[#8:15])-[#6](-[#6]1:[#6](-[H]):[#6](-[H]):[#6](-[H]):[#6](-[H]):[#6]:1-[H])(-[H])-[H]>>[#6:2]-[#6:6](-[#6:8]=[#8:9])=[#8:15],"EVODEX.1-P3115,EVODEX.1-P3137,EVODEX.1-P2965,EVODEX.1-P3166,EVODEX.1-P3172"
EVODEX.1-E904,112526538612003022597294634154929610888998226278684098099228008069775069877375,[#7:1](-[#6@@:2])(-[H:56])-[H]>>[#7:1](-[#6@@:2])(-[#6](-[#6@@](-[#7](-[H])-[H])(-[#6](-[#6]1:[#6](-[H]):[#6](-[H]):[#6](-[H]):[#6](-[H]):[#6]:1-[H])(-[H])-[H])-[H])=[#8])-[H:56],"EVODEX.1-P7278,EVODEX.1-P7267,EVODEX.1-P4702,EVODEX.1-P7155,EVODEX.1-P7271"
EVODEX.1-E905,66343662808341652367725631109345925015638599722146740365720753710982905725931,[#6:17](-[#6@:15])(=[#8:18])-[#8]-[H]>>[#6](-[#16]-[#6](-[#6](-[#6@](-[#7](-[#6:17](-[#6@:15])=[#8:18])-[H])(-[#6](=[#8])-[#8]-[H])-[H])(-[H])-[H])(-[H])-[H])(-[H])(-[H])-[H],"EVODEX.1-P7370,EVODEX.1-P7218,EVODEX.1-P7382,EVODEX.1-P7162,EVODEX.1-P7327"
EVODEX.1-E906,24014750538772728147779946378057415631856807628368600464110277247893908939991,[#7:22](-[#6@:14])(-[#6](=[#8])-[#6@@](-[#7](-[H])-[H])(-[#6](-[#6]1:[#6](-[H]):[#6](-[H]):[#6](-[H]):[#6](-[H]):[#6]:1-[H])(-[H])-[H])-[H])-[H:68]>>[#7:22](-[#6@:14])(-[H:68])-[H],"EVODEX.1-P4812,EVODEX.1-P4609,EVODEX.1-P4742,EVODEX.1-P4685,EVODEX.1-P4668"
EVODEX.1-E907,93675686584634101197114125624235637678631685887341546644327937560284828521106,[#6:7]-[#6:8](=[#8:9])-[#7](-[#6@@](-[#6](-[#6]1:[#6](-[H]):[#6](-[H]):[#6](-[H]):[#6](-[H]):[#6]:1-[H])(-[H])-[H])(-[#6](=[#8])-[#8]-[H])-[H])-[H]>>[#8](-[#6:8](-[#6:7])=[#8:9])-[H],"EVODEX.1-P4938,EVODEX.1-P4911,EVODEX.1-P4898,EVODEX.1-P5546,EVODEX.1-P5833"
EVODEX.1-E908,111244918511559415830891072783804168237318542957371266686299281301508935004284,[#7:1](-[#6@@:2])(-[H:59])-[H]>>[#7:1](-[#6@@:2])(-[#6](-[#6@@](-[#7](-[H])-[H])(-[#6](-[#6]1:[#6](-[H]):[#7](-[H]):[#6]2:[#6](-[H]):[#6](-[H]):[#6](-[H]):[#6](-[H]):[#6]:1:2)(-[H])-[H])-[H])=[#8])-[H:59],"EVODEX.1-P7315,EVODEX.1-P7314,EVODEX.1-P7476,EVODEX.1-P7317,EVODEX.1-P7312"
EVODEX.1-E909,17468969315731570129394733863948348429460429081090136993112273100364977508904,[#8:2]=[#6:3](-[#7](-[#6@@](-[#6](-[#6]1:[#6](-[H]):[#6](-[H]):[#6](-[#8]-[H]):[#6](-[H]):[#6]:1-[H])(-[H])-[H])(-[#6](=[#8])-[#8]-[H])-[H])-[H])-[#6:17].[#8:1](-[H:38])-[H]>>[#8:1](-[#6:3](=[#8:2])-[#6:17])-[H:38],"EVODEX.1-P5356,EVODEX.1-P4808,EVODEX.1-P4741,EVODEX.1-P4897,EVODEX.1-P4981"
EVODEX.1-E910,31962398504527112197738491504490344980741629014053770041739524177154594982267,[#7:3](-[#6@:2])(-[#6](=[#8])-[#6@@](-[#7](-[H])-[H])(-[#6](-[#6]1:[#6](-[H]):[#6](-[H]):[#6](-[#8]-[H]):[#6](-[H]):[#6]:1-[H])(-[H])-[H])-[H])-[H:30]>>[#7:3](-[#6@:2])(-[H:30])-[H],"EVODEX.1-P4922,EVODEX.1-P4671,EVODEX.1-P4670,EVODEX.1-P4593,EVODEX.1-P4644"
EVODEX.1-E911,73334312935382756671839845690891934530334536612880932068434802845615371211027,[#8:2]=[#6:3](-[#7](-[#6@@](-[#6](-[#6]1:[#6](-[H]):[#6](-[H]):[#6](-[#8]-[H]):[#6](-[H]):[#6]:1-[H])(-[H])-[H])(-[#6](=[#8])-[#8]-[H])-[H])-[H])-[#6:17]>>[#8](-[#6:3](=[#8:2])-[#6:17])-[H],"EVODEX.1-P4594,EVODEX.1-P4965,EVODEX.1-P5552,EVODEX.1-P4809,EVODEX.1-P4584"
EVODEX.1-E912,27377344727904778539584491642094372257231121339288467708999191933590848850511,[#6:7]-[#6:8](=[#8:9])-[#7](-[#6@@](-[#6](-[#6]1:[#6](-[H]):[#7](-[H]):[#6]2:[#6](-[H]):[#6](-[H]):[#6](-[H]):[#6](-[H]):[#6]:1:2)(-[H])-[H])(-[#6](=[#8])-[#8]-[H])-[H])-[H].[#8:1](-[H:43])-[H]>>[#8:1](-[#6:8](-[#6:7])=[#8:9])-[H:43],"EVODEX.1-P5172,EVODEX.1-P4950,EVODEX.1-P4645,EVODEX.1-P4641,EVODEX.1-P4963"
EVODEX.1-E913,112714063710766801405453661905472449604564629031250650438126415144457058934322,[#7](-[#6@@:2](-[#6:3])(-[#6:7]=[#8:8])-[H])(-[H])-[H].[#8]=[#6](-[#8]-[H])-[#6](=[#8:14])-[#6](-[#6]1:[#6](-[H]):[#7](-[H]):[#6]2:[#6](-[H]):[#6](-[H]):[#6](-[H]):[#6](-[H]):[#6]:1:2)(-[H])-[H]>>[#6:2](-[#6:3])(-[#6:7]=[#8:8])=[#8:14],"EVODEX.1-P2957,EVODEX.1-P3132,EVODEX.1-P3129,EVODEX.1-P2979,EVODEX.1-P3127"
EVODEX.1-E914,39203584869412399278960499185608037851565867107916303063286080476113544837851,[#7:18](-[#6@:13])(-[#6](=[#8])-[#6@@](-[#7](-[H])-[H])(-[#6](-[#6]1:[#6](-[H]):[#7](-[H]):[#6]2:[#6](-[H]):[#6](-[H]):[#6](-[H]):[#6](-[H]):[#6]:1:2)(-[H])-[H])-[H])-[H:60]>>[#7:18](-[#6@:13])(-[H:60])-[H],"EVODEX.1-P4640,EVODEX.1-P4686,EVODEX.1-P4648,EVODEX.1-P4626,EVODEX.1-P4580"
EVODEX.1-E915,109448864299172229469422554238191119185214922941642561605733635779879265386738,[#6:7]-[#6:8](=[#8:9])-[#7](-[#6@@](-[#6](-[#6]1:[#6](-[H]):[#7](-[H]):[#6]2:[#6](-[H]):[#6](-[H]):[#6](-[H]):[#6](-[H]):[#6]:1:2)(-[H])-[H])(-[#6](=[#8])-[#8]-[H])-[H])-[H]>>[#8](-[#6:8](-[#6:7])=[#8:9])-[H],"EVODEX.1-P5650,EVODEX.1-P4910,EVODEX.1-P4798,EVODEX.1-P5834,EVODEX.1-P4642"
EVODEX.1-E916,85428470895240514553434503024135099345510862398904557053022775463104879848906,[#6:42](-[#6@:40])(=[#8:43])-[#8:44]-[H:108].([#8:71]-[#15:72](=[#8:73])(-[#8:74])-[#8:75]-[#15:76].[#8:81]-[#6@@:80](-[#6@@:65])(-[H:135])-[#6@:82](-[#6@:63])(-[#8:83])-[H:137])>>[#6:42](-[#6@:40])(=[#8:43])-[#7](-[#6@@](-[#6@@](-[#6](-[H])(-[H])-[H])(-[#8]-[H])-[H])(-[#6](=[#8])-[#8]-[H])-[H])-[H].([#8:44](-[#15:72](-[#8:71])(=[#8:73])-[#8:74])-[H:108].[#8:83]-[#6@:82](-[#6@:63])(-[H:137])-[#6@@:80](-[#6@@:65])(-[#8:81])-[H:135]).[#8:75](-[#15:76])-[H],"EVODEX.1-P7505,EVODEX.1-P7206,EVODEX.1-P7234,EVODEX.1-P7276,EVODEX.1-P7390"
EVODEX.1-E917,46520357883980413262737064009326811391734082488534343575702942160804436652998,[#6:4]-[#8:5]-[H]>>[#6:4]-[#8:5]-[#6](=[#8])-[#6](=[#6](-[#6]1:[#6](-[H]):[#6](-[H]):[#6](-[#8]-[H]):[#6](-[#8]-[H]):[#6]:1-[H])-[H])-[H],"EVODEX.1-P2103,EVODEX.1-P1416,EVODEX.1-P1683,EVODEX.1-P4048,EVODEX.1-P1524"
EVODEX.1-E918,44572221294162824925682799233859779830829041971112028498721828085972601748776,[#6:62]-[#7:63](-[H:112])-[H]>>[#6](=[#8])(-[#6](=[#6](-[#6]1:[#6](-[H]):[#6](-[H]):[#6](-[#8]-[H]):[#6](-[#8]-[H]):[#6]:1-[H])-[H])-[H])-[#7:63](-[#6:62])-[H:112],"EVODEX.1-P1839,EVODEX.1-P1526,EVODEX.1-P1519,EVODEX.1-P1727,EVODEX.1-P1520"
EVODEX.1-E919,59293387764960815954078839339712076805613906238210912978035244960381038849706,[#6:4]-[#8:5]-[H]>>[#6:4]-[#8:5]-[#6](=[#8])-[#6](=[#6](-[#6]1:[#6](-[H]):[#6](-[H]):[#6](-[#8]-[H]):[#6](-[H]):[#6]:1-[H])-[H])-[H],"EVODEX.1-P1412,EVODEX.1-P1681,EVODEX.1-P4113,EVODEX.1-P1478,EVODEX.1-P1411"
EVODEX.1-E920,78389958198583429180476728133377221598722413333405143059568833212409386081214,[#6:67]-[#7:68](-[H:113])-[H]>>[#6](=[#8])(-[#6](=[#6](-[#6]1:[#6](-[H]):[#6](-[H]):[#6](-[#8]-[H]):[#6](-[H]):[#6]:1-[H])-[H])-[H])-[#7:68](-[#6:67])-[H:113],"EVODEX.1-P1424,EVODEX.1-P1425,EVODEX.1-P1421,EVODEX.1-P1553,EVODEX.1-P1836"
EVODEX.1-E921,57409495145516615709459665995839813493107333442734654640481794795642761211480,[#7:1](-[#6:2])(-[H:56])-[H].([#8:40]-[#15:41](=[#8:42])(-[#8:43])-[#8:44]-[#15:45].[#8:50]-[#6@@:49](-[#6@@:34])(-[H:84])-[#6@:51](-[#6@:32])(-[#8:52])-[H:86])>>[#7:1](-[#6:2])(-[#6](-[#6@@](-[#7](-[#6](-[#6](-[#6](-[#6@](-[#7](-[H])-[H])(-[#6](=[#8])-[#8]-[H])-[H])(-[H])-[H])(-[H])-[H])=[#8])-[H])(-[#6](-[#16]-[H])(-[H])-[H])-[H])=[#8])-[H:56].([#8](-[#15:41](-[#8:40])(=[#8:42])-[#8:43])-[H].[#8:52]-[#6@:51](-[#6@:32])(-[H:86])-[#6@@:49](-[#6@@:34])(-[#8:50])-[H:84]).[#8:44](-[#15:45])-[H],"EVODEX.1-P7122,EVODEX.1-P7092,EVODEX.1-P7120,EVODEX.1-P7110,EVODEX.1-P7107"
EVODEX.1-E922,91351308137872219863311260920616560643951408473666618918981312714026130345193,[#6:3]-[#7:4](-[H:55])-[H]>>[#6:3]-[#7:4](-[#6](-[#6@@](-[#7](-[#6](-[#6](-[#6](-[#6@](-[#7](-[H])-[H])(-[#6](=[#8])-[#8]-[H])-[H])(-[H])-[H])(-[H])-[H])=[#8])-[H])(-[#6](-[#16]-[H])(-[H])-[H])-[H])=[#8])-[H:55],"EVODEX.1-P7094,EVODEX.1-P7113,EVODEX.1-P7117,EVODEX.1-P7116,EVODEX.1-P7103"
EVODEX.1-E923,99836265423373003909024445965010747602842933461097671124147155667554803092876,[#6:42](-[#6@:40])(=[#8:43])-[#8]-[H]>>[#6:42](-[#6@:40])(=[#8:43])-[#7](-[#6@@](-[#6](-[#16]-[H])(-[H])-[H])(-[#6](=[#8])-[#8]-[H])-[H])-[H],"EVODEX.1-P7077,EVODEX.1-P7469,EVODEX.1-P7435,EVODEX.1-P7080,EVODEX.1-P7423"
EVODEX.1-E924,31417240924695492789317010169845734220196763809401594145525199579453094831938,[#7:12](-[#6@@:13])(-[H:64])-[H].([#8:42]-[#15:43](=[#8:44])(-[#8:45])-[#8:46]-[#15:47].[#8:52]-[#6@@:51](-[#6@@:36])(-[H:86])-[#6@:53](-[#6@:34])(-[#8:54])-[H:88])>>[#7](-[#6@@](-[#6](-[#6]1:[#6](-[H]):[#7](-[H]):[#6](-[H]):[#7]:1)(-[H])-[H])(-[#6](=[#8])-[#7:12](-[#6@@:13])-[H:64])-[H])(-[H])-[H].([#8](-[#15:43](-[#8:42])(=[#8:44])-[#8:45])-[H].[#8:54]-[#6@:53](-[#6@:34])(-[H:88])-[#6@@:51](-[#6@@:36])(-[#8:52])-[H:86]).[#8:46](-[#15:47])-[H],"EVODEX.1-P7440,EVODEX.1-P7444,EVODEX.1-P7447,EVODEX.1-P7418,EVODEX.1-P7425"
EVODEX.1-E925,62826524651257535662181327696442557521668371739478939806958739101654043439094,[#6:8](-[#6@:6])(=[#8:9])-[#8:10]-[H:64].([#8:40]-[#15:41](=[#8:42])(-[#8:43])-[#8:44]-[#15:45].[#8:50]-[#6@@:49](-[#6@@:34])(-[H:87])-[#6@:51](-[#6@:32])(-[#8:52])-[H:89])>>[#6:8](-[#6@:6])(=[#8:9])-[#7](-[#6@@](-[#6](-[#6]1:[#6](-[H]):[#7](-[H]):[#6](-[H]):[#7]:1)(-[H])-[H])(-[#6](=[#8])-[#8]-[H])-[H])-[H].([#8:10](-[#15:41](-[#8:40])(=[#8:42])-[#8:43])-[H:64].[#8:52]-[#6@:51](-[#6@:32])(-[H:89])-[#6@@:49](-[#6@@:34])(-[#8:50])-[H:87]).[#8:44](-[#15:45])-[H],"EVODEX.1-P7260,EVODEX.1-P7188,EVODEX.1-P7346,EVODEX.1-P6929,EVODEX.1-P6927"
EVODEX.1-E926,103895455343331786553706094820158470257878770013285646074927864205010260586503,[#6:15]-[#6:16](=[#8:17])-[#6:18]=[#8:19]>>[#6](-[#6](-[#6]1:[#6](-[H]):[#7](-[H]):[#6](-[H]):[#7]:1)(-[H])-[H])(-[#6](=[#8])-[#8]-[H])=[#8:17].[#7](-[#6@@:16](-[#6:15])(-[#6:18]=[#8:19])-[H])(-[H])-[H],"EVODEX.1-P3012,EVODEX.1-P2847,EVODEX.1-P3130,EVODEX.1-P3196,EVODEX.1-P3009"
EVODEX.1-E927,3150594662694511659227668794501440351024902005521234728090065260315623694262,[#8:14]=[#6:15](-[#8]-[H])-[#6:17]>>[#6](-[#6]1:[#6](-[H]):[#6](=[#8]):[#8]:[#6]2:[#6](-[H]):[#6](-[#7](-[#6:15](=[#8:14])-[#6:17])-[H]):[#6](-[H]):[#6](-[H]):[#6]:1:2)(-[H])(-[H])-[H],"EVODEX.1-P4996,EVODEX.1-P5100,EVODEX.1-P5101,EVODEX.1-P5138,EVODEX.1-P5073"
EVODEX.1-E928,90634447988171093976926710815801872364499395834066041752995444419307062957565,[#7:5](-[#6@:4])(-[H:21])-[H]>>[#7:5](-[#6@:4])(-[#6](=[#8])-[#6]1:[#6](-[H]):[#6](-[H]):[#6](-[H]):[#6](-[H]):[#6]:1-[H])-[H:21],"EVODEX.1-P4999,EVODEX.1-P1531,EVODEX.1-P5788,EVODEX.1-P1532,EVODEX.1-P5787"
EVODEX.1-E929,21805536210235722927901580331085406545622716294292043969450711344182198026227,[#6:12]-[#6:13](=[#6:14](-[#6:15]=[#8:17])-[H:25])-[H:26]>>[#6](-[#6](=[#8])-[#6@:13](-[#6:12])(-[#6:14](-[#6:15]=[#8:17])(-[H:25])-[H])-[H:26])(-[H])(-[H])-[H],"EVODEX.1-P1387,EVODEX.1-P1376,EVODEX.1-P1380,EVODEX.1-P1384,EVODEX.1-P1385"
EVODEX.1-E930,23576806802426915739112921799733765280394879602111945019449862738220514850018,[#7:1](-[#6:2])(-[H:28])-[H]>>[#7:1](-[#6:2])(-[#6](=[#8])-[#6](-[#6]1:[#6](-[H]):[#6](-[H]):[#6](-[H]):[#6](-[H]):[#6]:1-[H])(-[H])-[H])-[H:28],"EVODEX.1-P5482,EVODEX.1-P5462,EVODEX.1-P5464,EVODEX.1-P5485,EVODEX.1-P5468"
EVODEX.1-E931,10273022428426982884716030466778109988153679182626513621998784172366918706166,[#6:53]-[#6:54](=[#8:55])-[#8:56]-[H:121]>>[#6:53]-[#6:54](=[#8:55])-[H].[#8:56](-[#15](-[#8]-[#6](-[#6@@]1(-[H])-[#8]-[#6@](-[#7]2:[#6]3:[#7]:[#6](-[H]):[#7]:[#6](-[#7](-[H])-[H]):[#6]:3:[#7]:[#6]:2-[H])(-[H])-[#6@@](-[#8]-[H])(-[H])-[#6@@]-1(-[#8]-[H])-[H])(-[H])-[H])(=[#8])-[#8]-[H])-[H:121],"EVODEX.1-P761,EVODEX.1-P719,EVODEX.1-P718,EVODEX.1-P713,EVODEX.1-P724"
EVODEX.1-E932,112152060509194891356536856078080750451640036041998514301803447422274760560881,[#6:53]-[#6:54](=[#8:55])-[#8:56]-[H:121].([#8:74]-[#15:75](=[#8:76])(-[#8:77])-[#8]-[#15](=[#8])(-[#8]-[H])-[#8]-[#15](=[#8])(-[#8]-[H])-[#8]-[H].[#8:88]-[#6@@:87](-[#6@@:72])(-[H:141])-[#6@:89](-[#6@:70])(-[#8:90])-[H:143])>>[#6:53]-[#6:54](=[#8:55])-[H].([#8:56](-[#15:75](-[#8:74])(=[#8:76])-[#8:77])-[H:121].[#8:90]-[#6@:89](-[#6@:70])(-[H:143])-[#6@@:87](-[#6@@:72])(-[#8:88])-[H:141]),"EVODEX.1-P707,EVODEX.1-P760,EVODEX.1-P714,EVODEX.1-P732,EVODEX.1-P712"
EVODEX.1-E933,49107477912576967333838316016854554569214104474215378508967680500329102264969,[#8:63]-[#15:64](=[#8:65])(-[#8:66])-[#8]-[#15](=[#8])(-[#8]-[H])-[#8]-[#15](=[#8])(-[#8]-[H])-[#8]-[H].[#8:80]=[#6:81](-[#8:82]-[H:136])-[#6:83]>>[#8:63]-[#15:64](=[#8:65])(-[#8:66])-[#8:82]-[H:136].[#8:80]=[#6:81](-[#6:83])-[H],"EVODEX.1-P709,EVODEX.1-P721,EVODEX.1-P711,EVODEX.1-P728,EVODEX.1-P716"
EVODEX.1-E934,69468257676262005398718384846395365094923862804742004672568425908004785322172,[#7](-[#6]1:[#7]:[#6]2:[#6](:[#7]:[#6](-[H]):[#7]:2-[#6@]2(-[H])-[#8]-[#6@@](-[#6](-[#8]-[#15](=[#8])(-[#8]-[H])-[#8:17]-[#15:18])(-[H])-[H])(-[H])-[#6@](-[#8]-[H])(-[H])-[#6@]-2(-[#8]-[H])-[H]):[#6](=[#8]):[#7]:1-[H])(-[H])-[H]>>[#8:17](-[#15:18])-[H],"EVODEX.1-P3611,EVODEX.1-P3638,EVODEX.1-P3666,EVODEX.1-P3667,EVODEX.1-P3668"
EVODEX.1-E935,66712916642441261838103063491062975274916894052891023893151060757651371379338,[#6:53]-[#6:54](=[#8:55])-[#8]-[H].[#7](-[#6]1:[#7]:[#6](-[H]):[#7]:[#6]2:[#6]:1:[#7]:[#6](-[H]):[#7]:2-[#6@]1(-[H])-[#8]-[#6@@](-[#6](-[#8]-[#15](=[#8])(-[#8]-[H])-[#8:78]-[#15:79])(-[H])-[H])(-[H])-[#6@](-[#8]-[H])(-[H])-[#6@]-1(-[#8]-[H])-[H])(-[H])-[H]>>[#6:53]-[#6:54](=[#8:55])-[H].[#8:78](-[#15:79])-[H],"EVODEX.1-P729,EVODEX.1-P725,EVODEX.1-P720,EVODEX.1-P708,EVODEX.1-P731"
EVODEX.1-E936,64237316954174228712945578828790636718678066766096446573589121422117984352509,[#6:3]-[#16:4]-[#6:5].[#6:25](-[#6@@:24]-[#6@:39](-[#8:40])(-[H:65])-[#6@:41](-[#6@:22])(-[#8:42])-[H:67])(-[#8:26]-[#15:27](=[#8:28])(-[#8:29])-[#8]-[#15](=[#8])(-[#8]-[H])-[#8]-[#15](=[#8])(-[#8]-[H])-[#8]-[H])(-[H:61])-[H:62].[#8:43](-[H:70])-[H]>>[#6:3]-[#16:4](-[#6:5])-[#6:25](-[#6@@:24]-[#6@:39](-[#6@:41](-[#6@:22])(-[#8:42])-[H:67])(-[#8:40])-[H:65])(-[H:61])-[H:62].[#8:26](-[#15:27](=[#8:28])(-[#8:29])-[#8:43]-[H:70])-[H],"EVODEX.1-P2794,EVODEX.1-P2783,EVODEX.1-P2760,EVODEX.1-P2766,EVODEX.1-P2797"
EVODEX.1-E937,71672542170763770925063467704836006772950794548940498537644077473719336784034,[#6:40]-[#16:41]-[#6:42].[#8:32](-[H:79])-[H]>>[#7](-[#6]1:[#7]:[#6](-[H]):[#7]:[#6]2:[#6]:1:[#7]:[#6](-[H]):[#7]:2-[#6@]1(-[H])-[#8]-[#6@@](-[#6](-[#16:41](-[#6:40])-[#6:42])(-[H])-[H])(-[H])-[#6@](-[#8]-[H])(-[H])-[#6@]-1(-[#8]-[H])-[H])(-[H])-[H].[#8](-[#15](=[#8])(-[#8]-[H])-[#8:32]-[H:79])-[H],"EVODEX.1-P2770,EVODEX.1-P2800,EVODEX.1-P2781,EVODEX.1-P2762,EVODEX.1-P2775"
EVODEX.1-E938,98408384280739422739415513220480088953790235392812966499971373896059724876052,[#7](-[#6@@](-[#6](-[#6](=[#8])-[#8]-[H])(-[H])-[H])(-[#6](=[#8])-[#7:9](-[#6:10])-[H:62])-[H])(-[H])-[H]>>[#7:9](-[#6:10])(-[H:62])-[H],"EVODEX.1-P4688,EVODEX.1-P5156,EVODEX.1-P4604,EVODEX.1-P4990,EVODEX.1-P4639"
EVODEX.1-E939,82605859743241823130049542489540660147482371592215083562978946393577547694665,[#7](-[#6@@](-[#6](-[#6](=[#8])-[#7:6](-[#6@:7])-[H:33])(-[H])-[H])(-[#6](=[#8])-[#8]-[H])-[H])(-[H])-[H]>>[#7:6](-[#6@:7])(-[H:33])-[H],"EVODEX.1-P4992,EVODEX.1-P5623,EVODEX.1-P5622,EVODEX.1-P4991,EVODEX.1-P4989"
EVODEX.1-E940,65635822027433681603289557431691414553319259304014991282401902530929101534704,[#8]=[#6](-[#8]-[H])-[#6](-[#6@](-[#7](-[#6:8](=[#8:9])-[#6:10])-[H])(-[#6](=[#8])-[#8]-[H])-[H])(-[H])-[H]>>[#8](-[#6:8](=[#8:9])-[#6:10])-[H],"EVODEX.1-P5520,EVODEX.1-P5519,EVODEX.1-P4918,EVODEX.1-P5557,EVODEX.1-P5305"
EVODEX.1-E941,422065541099247295681521419954517249522396850999416147221692490243951770506,[#6:5]-[#7:6](-[#6](=[#8])-[#6](-[#6](-[#6@](-[#7](-[H])-[H])(-[#6](=[#8])-[#8]-[H])-[H])(-[H])-[H])(-[H])-[H])-[H:30]>>[#6:5]-[#7:6](-[H:30])-[H],"EVODEX.1-P6542,EVODEX.1-P2128,EVODEX.1-P4972,EVODEX.1-P6538,EVODEX.1-P6539"
EVODEX.1-E942,58631713750159987181138315556403042696012905769305442387898224338373289251451,[#7:7](-[#6@:6])(-[#6](=[#8])-[#6@@](-[#7](-[H])-[H])(-[#6](-[#6](-[#6](=[#8])-[#8]-[H])(-[H])-[H])(-[H])-[H])-[H])-[H:28]>>[#7:7](-[#6@:6])(-[H:28])-[H],"EVODEX.1-P5575,EVODEX.1-P4693,EVODEX.1-P4700,EVODEX.1-P4694,EVODEX.1-P5829"
EVODEX.1-E943,61425918352897618938720613869707176801841955742414691090541441348152784694509,[#6:47](-[#6@@:45])(=[#8:48])-[#7](-[#6@](-[#6](-[#6](-[#6](=[#8])-[#8]-[H])(-[H])-[H])(-[H])-[H])(-[#6](=[#8])-[#8]-[H])-[H])-[H]>>[#6:47](-[#6@@:45])(=[#8:48])-[#8]-[H],"EVODEX.1-P7025,EVODEX.1-P6970,EVODEX.1-P4934,EVODEX.1-P4935,EVODEX.1-P5713"
EVODEX.1-E944,28378834114494237021573819952409253114156161803716952509419264577973310973131,[#7:1](-[#6:2])(-[H:70])-[H]>>[#7:1](-[#6:2])(-[#6](-[#6](-[#6](-[#6@](-[#7](-[H])-[H])(-[#6](=[#8])-[#8]-[H])-[H])(-[H])-[H])(-[H])-[H])=[#8])-[H:70],"EVODEX.1-P2137,EVODEX.1-P7065,EVODEX.1-P2135,EVODEX.1-P2125,EVODEX.1-P2134"
EVODEX.1-E945,67564704566438808985770365554209383795917394270348489053410824804601398111751,[#6:27](-[#6@@:25])(=[#8:28])-[#8]-[H]>>[#6:27](-[#6@@:25])(=[#8:28])-[#7](-[#6@@](-[#6](-[#6](-[#6](=[#8])-[#8]-[H])(-[H])-[H])(-[H])-[H])(-[#6](=[#8])-[#8]-[H])-[H])-[H],"EVODEX.1-P7009,EVODEX.1-P6975,EVODEX.1-P7144,EVODEX.1-P6992,EVODEX.1-P6978"
EVODEX.1-E946,114009517852116513927799868355742424150929679125618153281976417815505066148722,[#7:5](-[#6@:4])(-[H:49])-[H]>>[#7:5](-[#6@:4])(-[#6](-[#6](-[#6](-[#7](-[H])-[H])(-[H])-[H])(-[H])-[H])=[#8])-[H:49],"EVODEX.1-P7250,EVODEX.1-P4710,EVODEX.1-P4723,EVODEX.1-P6951,EVODEX.1-P7245"
EVODEX.1-E947,87863178841125914650171889628401859730942158349031387155749745204567393986215,[#7:7](-[#6@@:8])(-[H:85])-[H]>>[#6](-[#6@](-[#7](-[H])-[H])(-[#6](=[#8])-[#7:7](-[#6@@:8])-[H:85])-[H])(-[H])(-[H])-[H],"EVODEX.1-P7368,EVODEX.1-P7146,EVODEX.1-P7165,EVODEX.1-P7167,EVODEX.1-P7166"
EVODEX.1-E948,33896754854153520409728500580854212788872552372121832505721196586302846685215,[#6:42](-[#6@:40])(=[#8:43])-[#8]-[H]>>[#6:42](-[#6@:40])(=[#8:43])-[#7](-[#6@@](-[#6](-[H])(-[H])-[H])(-[#6](=[#8])-[#8]-[H])-[H])-[H],"EVODEX.1-P4843,EVODEX.1-P7373,EVODEX.1-P6965,EVODEX.1-P7416,EVODEX.1-P7211"
EVODEX.1-E949,93297466829060772627947251101788046651478907706058443644987665622236123254517,[#7:6](-[#6@:7])(-[H:84])-[H]>>[#7](-[#6](-[#6](=[#8])-[#7:6](-[#6@:7])-[H:84])(-[H])-[H])(-[H])-[H],"EVODEX.1-P7542,EVODEX.1-P4844,EVODEX.1-P5408,EVODEX.1-P5409,EVODEX.1-P2141"
EVODEX.1-E950,87875000227682254422048731066697425489711884726292798240248305440376324588537,[#6:42](-[#6@:40])(=[#8:43])-[#8]-[H]>>[#6:42](-[#6@:40])(=[#8:43])-[#7](-[#6](-[#6](=[#8])-[#8]-[H])(-[H])-[H])-[H],"EVODEX.1-P7471,EVODEX.1-P7131,EVODEX.1-P7383,EVODEX.1-P7135,EVODEX.1-P7386"
EVODEX.1-E951,55266922666333346572168902791508367137816410283466820910000554647765579175591,[#6:8]-[#7:9](-[#6](=[#8])-[#6]1:[#6](-[H]):[#6](-[H]):[#6](-[H]):[#6](-[H]):[#6]:1-[H])-[H:26]>>[#6:8]-[#7:9](-[H:26])-[H],"EVODEX.1-P5647,EVODEX.1-P5646,EVODEX.1-P4947,EVODEX.1-P5651,EVODEX.1-P4882"
EVODEX.1-E952,7090525272688870978898525471108880264063075215172161775171736829049201112298,[#6:6]-[#7:7](-[#6](=[#8])-[#6](-[#6]1:[#6](-[H]):[#6](-[H]):[#6](-[H]):[#6](-[H]):[#6]:1-[H])(-[H])-[H])-[H:28]>>[#6:6]-[#7:7](-[H:28])-[H],"EVODEX.1-P5486,EVODEX.1-P5461,EVODEX.1-P5492,EVODEX.1-P5512,EVODEX.1-P5494"
EVODEX.1-E953,111431117656244135840269955971265150941790258309232129062867667304707153863557,[#6:19]-[#6:20](=[#8:21])-[#7](-[#6]1:[#6](-[H]):[#6](-[H]):[#6]2:[#6](-[#6](-[H])(-[H])-[H]):[#6](-[H]):[#6](=[#8]):[#8]:[#6]:2:[#6]:1-[H])-[H]>>[#6:19]-[#6:20](=[#8:21])-[#8]-[H],"EVODEX.1-P4687,EVODEX.1-P5238,EVODEX.1-P5005,EVODEX.1-P5200,EVODEX.1-P5012"
EVODEX.1-E954,38456619830619786429206309536423821851378403074701872123364453105611046476841,[#8]=[#6](-[#6](-[#17])(-[H])-[H])-[#7:6](-[#6:7])-[H:26]>>[#7:6](-[#6:7])(-[H:26])-[H],"EVODEX.1-P5562,EVODEX.1-P5548,EVODEX.1-P5559,EVODEX.1-P5549,EVODEX.1-P4799"
EVODEX.1-E955,46525196512978668636162173739068223270757201980243282685944530499023849202390,[#8]=[#6](-[#6](=[#6](-[#6]1:[#6](-[H]):[#6](-[H]):[#6](-[#8]-[H]):[#6](-[H]):[#6]:1-[H])-[H])-[H])-[#8:13]-[#6:14]>>[#8:13](-[#6:14])-[H],"EVODEX.1-P1479,EVODEX.1-P1476,EVODEX.1-P1475,EVODEX.1-P2093,EVODEX.1-P1477"
EVODEX.1-E956,28327172978053645473923578124312279023538895545410213377224949230600151886456,[#8]=[#6](-[#8]-[H])-[#6](-[#6](-[#6](-[#6](=[#8])-[#7:10](-[#6@@:11])-[H:36])(-[H])-[H])(-[H])-[H])(-[H])-[H]>>[#7:10](-[#6@@:11])(-[H:36])-[H],"EVODEX.1-P5828,EVODEX.1-P5832,EVODEX.1-P5831,EVODEX.1-P5830,EVODEX.1-P5693"
EVODEX.1-E957,52010633155986268203012719835085175287481473155272533346704096511237668414050,[#8]=[#6](-[#8]-[H])-[#6](-[#8]-[H])=[#6](-[#6](=[#6](-[#6:10](=[#8:11])-[#6:12])-[H])-[H])-[H].[#8:1](-[H:28])-[H]>>[#8:1](-[#6:10](=[#8:11])-[#6:12])-[H:28],"EVODEX.1-P6085,EVODEX.1-P6035,EVODEX.1-P6079,EVODEX.1-P6076,EVODEX.1-P6086"
EVODEX.1-E958,58752025645120951514761396591705356875115116277095770858732353439864140469927,[#6](-[#8]-[#6]1:[#6](-[H]):[#6](-[#6](=[#6](-[#6](=[#8])-[#8:10]-[H:22])-[H])-[H]):[#6](-[H]):[#6](-[H]):[#6]:1-[#8]-[H])(-[H])(-[H])-[H]>>[#8:10](-[H:22])-[H],"EVODEX.1-P3948,EVODEX.1-P4109,EVODEX.1-P4118,EVODEX.1-P3947,EVODEX.1-P4115"
EVODEX.1-E959,109020905083182248023544214379126487513539134857165085778642953327200920992662,[#6](-[#8]-[#6]1:[#6](-[H]):[#6](-[#6](=[#6](-[#6](=[#8])-[#8:10]-[#6:11])-[H])-[H]):[#6](-[H]):[#6](-[H]):[#6]:1-[#8]-[H])(-[H])(-[H])-[H]>>[#8:10](-[#6:11])-[H],"EVODEX.1-P4107,EVODEX.1-P4120,EVODEX.1-P1474,EVODEX.1-P4111,EVODEX.1-P4122"
EVODEX.1-E960,84323665274250660202634335326517656261763754720187465791748972156114766987067,[#8:10]-[#6@:11](-[#8]-[#6]1:[#6](-[H]):[#6](-[H]):[#6]2:[#6](-[#6](-[H])(-[H])-[H]):[#6](-[H]):[#6](=[#8]):[#8]:[#6]:2:[#6]:1-[H])(-[H:49])-[#6@@:25].[#8:39](-[H:71])-[H]>>[#8:10]-[#6@:11](-[#8:39]-[H:71])(-[H:49])-[#6@@:25],"EVODEX.1-P4497,EVODEX.1-P4347,EVODEX.1-P4405,EVODEX.1-P4346,EVODEX.1-P4496"
EVODEX.1-E961,114997615836527408711771554613993830282671006871510369927186630249760227014249,[#6:17]-[#6:18](=[#8:19])-[#8]-[#6]1:[#6](-[H]):[#6](-[H]):[#6]2:[#6](-[#6](-[H])(-[H])-[H]):[#6](-[H]):[#6](=[#8]):[#8]:[#6]:2:[#6]:1-[H].[#8:33](-[H:74])-[H]>>[#6:17]-[#6:18](=[#8:19])-[#8:33]-[H:74],"EVODEX.1-P3878,EVODEX.1-P3877,EVODEX.1-P3875,EVODEX.1-P3864,EVODEX.1-P3874"
EVODEX.1-E962,81635030947335542402847721844090121919598525765558950891193844463222700344194,[#8:17](-[#6:18])-[H]>>[#6](-[#8]-[#6]1:[#6](-[H]):[#6](-[#6](=[#6](-[#6](=[#8])-[#8:17]-[#6:18])-[H])-[H]):[#6](-[H]):[#6](-[#8]-[#6](-[H])(-[H])-[H]):[#6]:1-[#8]-[H])(-[H])(-[H])-[H],"EVODEX.1-P2098,EVODEX.1-P2096,EVODEX.1-P2091,EVODEX.1-P4123,EVODEX.1-P4114"
EVODEX.1-E963,16521791357372320551769570217367666906005509240040883282163819778312487995151,[#7:17](-[#6@:9])(-[#6](=[#8])-[#6@]1(-[H])-[#6](-[H])(-[H])-[#6](-[H])(-[H])-[#6](=[#8])-[#7]-1-[H])-[H:40]>>[#7:17](-[#6@:9])(-[H:40])-[H],"EVODEX.1-P4977,EVODEX.1-P4976,EVODEX.1-P4980,EVODEX.1-P4984,EVODEX.1-P4993"
EVODEX.1-E964,90710861191780211733279987449427856952658098374997071681621580812722228692569,[#6:1]-[#6:2](=[#8:3])-[H:18]>>[#6:1]-[#6:2](-[#8:3]-[H])(-[#6](=[#8])-[#6](-[#8]-[H])(-[H])-[H])-[H:18],"EVODEX.1-P1372,EVODEX.1-P1390,EVODEX.1-P1370,EVODEX.1-P1367,EVODEX.1-P1389"
EVODEX.1-E965,69032066755926687254800679476223873668471733081050633099543594411111889132903,[#6:6]-[#16:8]-[#6:9](-[#6:10])(-[H:26])-[H:27]>>[#6](-[#6](=[#8])-[#8]-[#6:9](-[#6:10])(-[H:26])-[H:27])(-[H])(-[H])-[H].[#6:6]-[#16:8]-[H],"EVODEX.1-P2576,EVODEX.1-P2651,EVODEX.1-P2625,EVODEX.1-P2647,EVODEX.1-P2637"
EVODEX.1-E966,3374134674718374000102022309929353836584250465079578929861888583786389332640,[#8:53]=[#6:54]-[#6:56](=[#8:57])-[#6:58]>>[#6](-[#6](=[#8])-[#8]-[H])(-[#6@:56](-[#6:54]=[#8:53])(-[#8:57]-[H])-[#6:58])(-[H])-[H],"EVODEX.1-P2173,EVODEX.1-P2176,EVODEX.1-P2192,EVODEX.1-P2202,EVODEX.1-P2199"
EVODEX.1-E967,33566818146662025171878452475334526745820296080542962546901863929076782208692,[#6:5]-[#6:6](-[#6@:7](-[#7:8])(-[#6:9])-[H:20])(-[H:21])-[H:22]>>[#6:7](-[#7:8])(-[#6:9])(-[H:20])-[H].[#6:5]-[#6:6](-[#6](=[#8])-[#6](=[#8])-[#8]-[H])(-[H:21])-[H:22],"EVODEX.1-P2919,EVODEX.1-P3158,EVODEX.1-P2875,EVODEX.1-P2878,EVODEX.1-P3139"
EVODEX.1-E968,91004499652075774960228359433686490154769393613876306222793405341018932863863,[#7:1](-[#6](=[#8])-[#7:4](-[#6:5])-[H:16])(-[H:17])-[H:18]>>[#7:4](-[#6:5])(-[H:16])-[H].[#7:1](-[H:17])(-[H:18])-[H],"EVODEX.1-P5580,EVODEX.1-P5727,EVODEX.1-P5781,EVODEX.1-P5729,EVODEX.1-P5728"
EVODEX.1-E969,79870396446721007055237706258089542003668145425217698688187742832401035965540,[#8]-[#6](=[#8])-[#7:6](-[#6:7])-[H:19]>>[#8]-[H].[#7:6](-[#6:7])(-[H:19])-[H],"EVODEX.1-P5750,EVODEX.1-P5757,EVODEX.1-P5756,EVODEX.1-P5763,EVODEX.1-P5518"
EVODEX.1-E970,50174698355675456258171571911799390423859469978267443729707958813705391454303,[#6:3]-[#6:4](=[#8:5])-[H:19]>>[#6:3]-[#6:4](-[#8:5]-[H])(-[#6](-[#6](=[#8])-[#6](-[#8]-[#15](=[#8])(-[#8]-[H])-[#8]-[H])(-[H])-[H])(-[#8]-[H])-[H])-[H:19],"EVODEX.1-P6269,EVODEX.1-P6259,EVODEX.1-P6249,EVODEX.1-P6258,EVODEX.1-P6270"
EVODEX.1-E971,92468468283655464957476870798966207599054279834079468234013167630381879442773,[#6:23]-[#6:24](=[#8:25])-[#16:26]-[#6:27]>>[#6:23]-[#6:24](=[#8:25])-[#8]-[#6](-[#6](=[#8])-[#6](-[#8]-[#15](=[#8])(-[#8]-[H])-[#8]-[H])(-[H])-[H])(-[H])-[H].[#16:26](-[#6:27])-[H],"EVODEX.1-P1747,EVODEX.1-P1739,EVODEX.1-P1742,EVODEX.1-P1748,EVODEX.1-P1745"
EVODEX.1-E972,40507378189288430727297681363461077459643295815256252537607682666871692861681,[#15:17]-[#8:20]-[#15:21](=[#8:22])(-[#8:23])-[#8:24]>>[#15:17]-[#8:20]-[H].[#15:21](=[#8:22])(-[#8:23])(-[#8:24])-[#8]-[#6](=[#8])-[#6@](-[#8]-[H])(-[#6](-[#8]-[#15](=[#8])(-[#8]-[H])-[#8]-[H])(-[H])-[H])-[H],"EVODEX.1-P3492,EVODEX.1-P3493,EVODEX.1-P3485,EVODEX.1-P3494,EVODEX.1-P3486"
EVODEX.1-E973,26348334810569330388036139804657323265886721931182891986517589401860964813641,[#6:13]-[#6:14](-[#17])(-[H:17])-[H:18].[#8:16](-[H:46])-[H]>>[#6:13]-[#6:14](-[#8:16]-[H:46])(-[H:17])-[H:18],"EVODEX.1-P6109,EVODEX.1-P6122,EVODEX.1-P6107,EVODEX.1-P6125,EVODEX.1-P6123"
EVODEX.1-E974,9011903765599312865929817003069938871610847838466908265950200774543033838717,[#6:1]-[#6:2](-[#6:3])(-[#17])-[H:9].[#8:5](-[H:13])-[H]>>[#6:1]-[#6:2](-[#6:3])(-[#8:5]-[H:13])-[H:9],"EVODEX.1-P6088,EVODEX.1-P6111,EVODEX.1-P6101,EVODEX.1-P6114,EVODEX.1-P6096"
EVODEX.1-E975,54073280341362325509639327759531129794151754608726551106133498044319605820388,[#8]=[#6](-[#8]-[H])-[#6](-[#8]-[H])=[#6](-[#6](=[#6](-[#6:10](=[#8:11])-[#6:12])-[H])-[H])-[H]>>[#8](-[#6:10](=[#8:11])-[#6:12])-[H],"EVODEX.1-P6074,EVODEX.1-P6077,EVODEX.1-P6036,EVODEX.1-P6033,EVODEX.1-P6051"
EVODEX.1-E976,7041684856184989255538123057064514885498545679873828779845169695603302641043,[#7:1](-[#6@@:2](-[#6:3])(-[#6:10]=[#8:11])-[H])(-[H:31])-[H:32]>>[#6:2](-[#6:3])(-[#6:10]=[#8:11])=[#8].[#7:1](-[#6](-[#6](=[#8])-[#6](-[#6](-[#6](=[#8])-[#8]-[H])(-[H])-[H])(-[H])-[H])(-[H])-[H])(-[H:31])-[H:32],"EVODEX.1-P3100,EVODEX.1-P3089,EVODEX.1-P3093,EVODEX.1-P3095,EVODEX.1-P3097"
EVODEX.1-E977,30508348444341803147046844566654158569926650982477617144854788931815628345407,[#8]=[#6](-[#8]-[H])-[#6]1(-[H])-[#6](-[H])(-[H])-[#6](-[H])(-[H])-[#6](-[H])(-[H])-[#7]-1-[#6:10](=[#8:11])-[#6:12].[#8:1](-[H:24])-[H]>>[#8:1](-[#6:10](=[#8:11])-[#6:12])-[H:24],"EVODEX.1-P4802,EVODEX.1-P5422,EVODEX.1-P4951,EVODEX.1-P4803,EVODEX.1-P4748"
EVODEX.1-E978,101151983398402730998162485855964918777979386866015155856865039468471500133864,[#6](-[#6](=[#8])-[#7](-[#6@@](-[#6](-[H])(-[H])-[H])(-[#6](=[#8])-[#7:9](-[#6@@:10])-[H:71])-[H])-[H])(-[H])(-[H])-[H]>>[#7:9](-[#6@@:10])(-[H:71])-[H],"EVODEX.1-P4961,EVODEX.1-P4886,EVODEX.1-P4868,EVODEX.1-P4966,EVODEX.1-P4964"
EVODEX.1-E979,37834768417873372057236252751656854017601540167730652080679680092145965518797,[#6:4]-[#6:5](=[#8])-[#6:7]=[#8:8].[#7](-[#6](=[#8])-[#6](-[#6](-[#6@](-[#7:19](-[H:34])-[H:35])(-[#6](=[#8])-[#8]-[H])-[H])(-[H])-[H])(-[H])-[H])(-[H])-[H]>>[#6:4]-[#6:5](-[#6:7]=[#8:8])(-[#7:19](-[H:34])-[H:35])-[H],"EVODEX.1-P3153,EVODEX.1-P2886,EVODEX.1-P3144,EVODEX.1-P2860,EVODEX.1-P3109"
EVODEX.1-E980,84825287226216583641711832091478262921213280662542090046888198735631777510968,[#6:4]-[#6:5](-[#7:6](-[H:23])-[H:24])(-[#6:7]=[#8:8])-[H]>>[#6:4]-[#6:5](-[#6:7]=[#8:8])=[#8].[#7:6](-[#6@@](-[#6](-[#6](-[#6](-[#7](-[H])-[H])=[#8])(-[H])-[H])(-[H])-[H])(-[#6](=[#8])-[#8]-[H])-[H])(-[H:23])-[H:24],"EVODEX.1-P2883,EVODEX.1-P2885,EVODEX.1-P3149,EVODEX.1-P3111,EVODEX.1-P2881"
EVODEX.1-E981,41130147256328763302169412228388329668644402899429869251108883295936179309666,[#7:3](-[#6@:2])(-[#6](=[#8])-[#6](-[#7](-[#6](=[#8])-[#6]1:[#6](-[H]):[#6](-[H]):[#6](-[H]):[#6](-[H]):[#6]:1-[H])-[H])(-[H])-[H])-[H:37]>>[#7:3](-[#6@:2])(-[H:37])-[H],"EVODEX.1-P4851,EVODEX.1-P4927,EVODEX.1-P4907,EVODEX.1-P4869,EVODEX.1-P4870"
EVODEX.1-E982,32913423161120341475187012613818934297606030338392472043875517061991244101255,[#8:2]=[#6:3](-[#7](-[#6](-[#6](-[#6]1:[#6](-[H]):[#7]:[#6](-[H]):[#7]:1-[H])(-[H])-[H])(-[#6](=[#8])-[#8]-[H])-[H])-[H])-[#6:15].[#8:1](-[H:34])-[H]>>[#8:1](-[#6:3](=[#8:2])-[#6:15])-[H:34],"EVODEX.1-P4793,EVODEX.1-P4985,EVODEX.1-P4783,EVODEX.1-P5649,EVODEX.1-P4894"
EVODEX.1-E983,12388105221915268684830795045367749407524071131778994187152804060175405252796,[#7:42](-[#6@@:41])(-[#6](=[#8])-[#6@@](-[#7](-[H])-[H])(-[#6](-[#6](-[#6](-[H])(-[H])-[H])(-[#6](-[H])(-[H])-[H])-[H])(-[H])-[H])-[H])-[H:109]>>[#7:42](-[#6@@:41])(-[H:109])-[H],"EVODEX.1-P5353,EVODEX.1-P4607,EVODEX.1-P4589,EVODEX.1-P4646,EVODEX.1-P4597"
EVODEX.1-E984,73749663539068693262667726212957279588947747871701210228780084543792435530102,[#6:2]-[#6:3](=[#8:4])-[#7](-[#6@](-[#6](-[#6](-[#6](-[H])(-[H])-[H])(-[#6](-[H])(-[H])-[H])-[H])(-[H])-[H])(-[#6](=[#8])-[#8]-[H])-[H])-[H]>>[#6:2]-[#6:3](=[#8:4])-[#8]-[H],"EVODEX.1-P4575,EVODEX.1-P5795,EVODEX.1-P4577,EVODEX.1-P4579,EVODEX.1-P4899"
EVODEX.1-E985,93152699448591185410750901104984804440016809384029514092946864601335284074894,[#6](-[#6](-[#6@@](-[#6](-[H])(-[H])-[H])(-[#6@](-[#7](-[#6:7](-[#6:8])=[#8:9])-[H])(-[#6](=[#8])-[#8]-[H])-[H])-[H])(-[H])-[H])(-[H])(-[H])-[H]>>[#6:7](-[#6:8])(=[#8:9])-[#8]-[H],"EVODEX.1-P4979,EVODEX.1-P4819,EVODEX.1-P4690,EVODEX.1-P4596,EVODEX.1-P5522"
EVODEX.1-E986,97268793545893511988217647447921466400521479621214666283183552548003107416796,[#6](-[#6](-[#6](-[H])(-[H])-[H])(-[#6@](-[#7](-[H])-[H])(-[#6](=[#8])-[#7:8](-[#6@@:9])-[H:36])-[H])-[H])(-[H])(-[H])-[H]>>[#7:8](-[#6@@:9])(-[H:36])-[H],"EVODEX.1-P4680,EVODEX.1-P4705,EVODEX.1-P4649,EVODEX.1-P4051,EVODEX.1-P4592"
EVODEX.1-E987,99385307206409293903702712032588261216810252219039037189885822998976904274974,[#6](-[#6](-[#6](-[H])(-[H])-[H])(-[#6](-[#7](-[#6:6](=[#8:7])-[#6:8])-[H])(-[#6](=[#8])-[#8]-[H])-[H])-[H])(-[H])(-[H])-[H]>>[#6:6](=[#8:7])(-[#6:8])-[#8]-[H],"EVODEX.1-P4978,EVODEX.1-P5532,EVODEX.1-P4630,EVODEX.1-P4988,EVODEX.1-P4598"
EVODEX.1-E988,57096780574008291107726973492490304391965183990080209073684609779384082970342,[#6:2]-[#6:3](=[#8:4])-[#7](-[#6](-[H])(-[H])-[H])-[H].[#8:7](-[H:17])-[H]>>[#6:2]-[#6:3](=[#8:4])-[#8:7]-[H:17],"EVODEX.1-P5655,EVODEX.1-P5656,EVODEX.1-P5654,EVODEX.1-P5670,EVODEX.1-P4930"
EVODEX.1-E989,71415235427404491778129901859539667042406680889743247664989551679923567709103,[#6:2]-[#6:3](=[#8:4])-[#7](-[#6](-[H])(-[H])-[H])-[H]>>[#6:2]-[#6:3](=[#8:4])-[#8]-[H],"EVODEX.1-P5671,EVODEX.1-P5657,EVODEX.1-P5659,EVODEX.1-P5579,EVODEX.1-P4931"
EVODEX.1-E990,93769479577773103052837180292129674163275988854315884981689659537502145068445,[#7:10](-[#6@@:11](-[#6:12])(-[#6:17]=[#8:18])-[H])(-[H:27])-[H:28]>>[#7](-[#6](=[#8])-[#6](-[#6@@](-[#6](=[#8])-[#8]-[H])(-[#7:10](-[H:27])-[H:28])-[H])(-[H])-[H])(-[H])-[H].[#8]=[#6:11](-[#6:12])-[#6:17]=[#8:18],"EVODEX.1-P2861,EVODEX.1-P2866,EVODEX.1-P2865,EVODEX.1-P2871,EVODEX.1-P2864"
EVODEX.1-E991,73107563614230308453721955741821215882534310303277861395987362823146658082136,[#8:33]=[#6:34](-[#8]-[H])-[#6:36]>>[#7](-[#6:34](=[#8:33])-[#6:36])(-[H])-[H],"EVODEX.1-P5677,EVODEX.1-P5690,EVODEX.1-P5653,EVODEX.1-P5276,EVODEX.1-P5213"
EVODEX.1-E992,55746021022466632434704205552425582743003100357398863126424203926054545485252,[#6:18]-[#6:19](=[#8])-[H:31].[#8:24](-[#8:25]-[H])-[H]>>[#6:18]-[#6:19](-[#7](-[H])-[H])(-[H:31])-[H].[#8:24]=[#8:25],"EVODEX.1-P1019,EVODEX.1-P1070,EVODEX.1-P1072,EVODEX.1-P1102,EVODEX.1-P1037"
EVODEX.1-E993,81996256820005783414243448738589940901943950721463738968272349949558836582824,[#8:2]=[#6:3]-[#6:5](=[#8])-[#6:7].[#8:9](-[#8:10]-[H])-[H]>>[#7](-[#6@@:5](-[#6:3]=[#8:2])(-[#6:7])-[H])(-[H])-[H].[#8:9]=[#8:10],"EVODEX.1-P988,EVODEX.1-P995,EVODEX.1-P973,EVODEX.1-P976,EVODEX.1-P972"
EVODEX.1-E994,80506867270851694900828830807425966100452190336979961220879300989986563034785,[#8:2]=[#6:3](-[#7:4](-[#6@@:5])-[H:34])-[#8:17]-[#6](-[#6]1:[#6](-[H]):[#6](-[H]):[#6](-[H]):[#6](-[H]):[#6]:1-[H])(-[H])-[H]>>[#7:4](-[#6@@:5])(-[H:34])-[H].[#8:2]=[#6:3]=[#8:17],"EVODEX.1-P5752,EVODEX.1-P5717,EVODEX.1-P5755,EVODEX.1-P5762,EVODEX.1-P5771"
EVODEX.1-E995,56519815221047269037275927809919794806397393977944244944680492332653439713531,[#8:2]=[#6:3](-[#6:4])-[#7](-[#6]1:[#6](-[H]):[#6](-[H]):[#6]2:[#6](-[H]):[#6](-[H]):[#6](-[H]):[#6](-[H]):[#6]:2:[#6]:1-[H])-[H].[#8:1](-[H:37])-[H]>>[#8:1](-[#6:3](=[#8:2])-[#6:4])-[H:37],"EVODEX.1-P4675,EVODEX.1-P4811,EVODEX.1-P5045,EVODEX.1-P4673,EVODEX.1-P5196"
EVODEX.1-E996,86178698273552196875784174242589544436901408249158801354792028483559505866444,[#6:31](-[#6@@:23])(=[#8:32])-[#7](-[#6]1:[#6](-[H]):[#6](-[H]):[#6]2:[#6](:[#6]:1-[H])-[#8]-[#6](-[H])(-[H])-[#6](-[H])=[#6]-2-[#6](-[H])(-[H])-[H])-[H]>>[#6:31](-[#6@@:23])(=[#8:32])-[#8]-[H],"EVODEX.1-P5130,EVODEX.1-P4828,EVODEX.1-P5064,EVODEX.1-P5239,EVODEX.1-P4830"
EVODEX.1-E997,63707223513129242470422450167772581802484460882495998817607796843415381150456,[#7](-[#6@@](-[#6](-[#6](-[#16:9]-[#6:10])(-[H])-[H])(-[H])-[H])(-[#6](=[#8])-[#8]-[H])-[H])(-[H])-[H]>>[#16:9](-[#6:10])-[H],"EVODEX.1-P2643,EVODEX.1-P2635,EVODEX.1-P2630,EVODEX.1-P2649,EVODEX.1-P2634"
EVODEX.1-E998,91313566657469502919325538369991102431852505568436157003552269362824834998682,[#6:7]-[#6:8](=[#8:9])-[#7](-[#6@@]1(-[H])-[#6](-[H])(-[H])-[#6](-[H])(-[H])-[#8]-[#6]-1=[#8])-[H].[#8:17](-[H:35])-[H]>>[#6:7]-[#6:8](=[#8:9])-[#8:17]-[H:35],"EVODEX.1-P4143,EVODEX.1-P5839,EVODEX.1-P4152,EVODEX.1-P5837,EVODEX.1-P4151"
EVODEX.1-E999,48077327096798968484337280698492138536206519978264179399906936040214930530973,[#6](-[#6@@](-[#8]-[H])(-[#6@](-[#7](-[#6:6](=[#8:7])-[#6:8])-[H])(-[#6](=[#8])-[#8]-[H])-[H])-[H])(-[H])(-[H])-[H]>>[#6:6](=[#8:7])(-[#6:8])-[#8]-[H],"EVODEX.1-P5530,EVODEX.1-P5509,EVODEX.1-P5550,EVODEX.1-P4968,EVODEX.1-P4982"
EVODEX.1-E1000,859607156786235130001807584335852405400022068585244825164521692999172611906,[#7:27](-[#6@:19])(-[#6](=[#8])-[#6@]1(-[H])-[#6](-[H])(-[H])-[#6](-[H])(-[H])-[#6](-[H])(-[H])-[#7]-1-[H])-[H:62]>>[#7:27](-[#6@:19])(-[H:62])-[H],"EVODEX.1-P4781,EVODEX.1-P4746,EVODEX.1-P4620,EVODEX.1-P4615,EVODEX.1-P4806"
EVODEX.1-E1001,1067054640412194503099476835090495562505398791808030611497658734699856412284,[#8]=[#6](-[#8]-[H])-[#6]1(-[H])-[#6](-[H])(-[H])-[#6](-[H])(-[H])-[#6](-[H])(-[H])-[#7]-1-[#6:10](=[#8:11])-[#6:12]>>[#8](-[#6:10](=[#8:11])-[#6:12])-[H],"EVODEX.1-P4773,EVODEX.1-P5553,EVODEX.1-P5210,EVODEX.1-P4771,EVODEX.1-P4906"
EVODEX.1-E1002,98604219334216183164626493576636377679663895182724984745032186990814856217586,[#6:7]-[#6:8](=[#8:9])-[#7](-[#6@@]1(-[H])-[#6](-[H])(-[H])-[#6](-[H])(-[H])-[#8]-[#6]-1=[#8])-[H]>>[#6:7]-[#6:8](=[#8:9])-[#8]-[H],"EVODEX.1-P5840,EVODEX.1-P4144,EVODEX.1-P5835,EVODEX.1-P5838,EVODEX.1-P5836"
EVODEX.1-E1003,48530231488906322766278238698918115387934774123096167145043158782587495494533,[#8]=[#6](-[#6](-[#7](-[#6](=[#8])-[#8]-[#6](-[#6]1:[#6](-[H]):[#6](-[H]):[#6](-[H]):[#6](-[H]):[#6]:1-[H])(-[H])-[H])-[H])(-[H])-[H])-[#7:16](-[#6@@:17])-[H:85]>>[#7:16](-[#6@@:17])(-[H:85])-[H],"EVODEX.1-P5220,EVODEX.1-P4887,EVODEX.1-P5219,EVODEX.1-P4861,EVODEX.1-P4893"
EVODEX.1-E1004,39133318846623240854360608650149296057328815838611489051726671541681146704850,[#6](-[#6]1:[#7]:[#6](-[H]):[#6](-[#6](-[#8]-[#15](=[#8])(-[#8]-[H])-[#8]-[H])(-[H])-[H]):[#6](-[#6](-[#7:14](-[#6:15])-[H:36])(-[H])-[H]):[#6]:1-[#8]-[H])(-[H])(-[H])-[H]>>[#7:14](-[#6:15])(-[H:36])-[H],"EVODEX.1-P1088,EVODEX.1-P1080,EVODEX.1-P1076,EVODEX.1-P1096,EVODEX.1-P1095"
EVODEX.1-E1005,40465622306461141740739581399825314299110067125009019215704322091648323907127,[#7](-[#6@](-[#6](=[#8])-[#8]-[H])(-[#6@@:6](-[#8:7]-[H])(-[#6:8])-[H:23])-[H])(-[H])-[H]>>[#6:6](=[#8:7])(-[#6:8])-[H:23],"EVODEX.1-P6294,EVODEX.1-P6293,EVODEX.1-P6362,EVODEX.1-P6301,EVODEX.1-P6297"
EVODEX.1-E1006,30186704194657312932965418179744778111461844365941710266493630109303700863934,[#6:7]-[#6:8](=[#8:9])-[#7](-[#6](-[#6](=[#8])-[#8]-[H])(-[H])-[H])-[H].[#8:1](-[H:26])-[H]>>[#8:1](-[#6:8](-[#6:7])=[#8:9])-[H:26],"EVODEX.1-P4573,EVODEX.1-P5615,EVODEX.1-P5554,EVODEX.1-P4889,EVODEX.1-P4611"
EVODEX.1-E1007,22086827093430205711046717945680240304214954887338110645655303591947924681250,[#6:5]-[#6:6](-[#6@](-[#7](-[H])-[H])(-[#6](=[#8])-[#8]-[H])-[H])(-[H:21])-[H:22].[#8:12]=[#6:13](-[#6:14]=[#8:15])-[H]>>[#6:5]-[#6:6](-[#6:13](=[#8:12])-[#6:14]=[#8:15])(-[H:21])-[H:22],"EVODEX.1-P2874,EVODEX.1-P2994,EVODEX.1-P2873,EVODEX.1-P2876,EVODEX.1-P3102"
EVODEX.1-E1008,98486704686881167765529724835656326273683004171871097828080638897709206346592,[#7](-[#6](-[#6](=[#8])-[#7:5](-[#6@:6])-[H:78])(-[H])-[H])(-[H])-[H]>>[#7:5](-[#6@:6])(-[H:78])-[H],"EVODEX.1-P4867,EVODEX.1-P4590,EVODEX.1-P4622,EVODEX.1-P5184,EVODEX.1-P4660"
EVODEX.1-E1009,73591781505642443168849591463647019304477067049952935504614482450641167857944,[#6:12]-[#7:13](-[#6@:9])-[#6](=[#8])-[#6](-[#7](-[H])-[H])(-[H])-[H]>>[#6:12]-[#7:13](-[#6@:9])-[H],"EVODEX.1-P4805,EVODEX.1-P4801,EVODEX.1-P4775,EVODEX.1-P4772,EVODEX.1-P4774"
EVODEX.1-E1010,26391305493715210847180356526296631957624056802073207995794346488066895955046,[#6:42](-[#6@:40])(=[#8:43])-[#7](-[#6](-[#6](=[#8])-[#8]-[H])(-[H])-[H])-[H]>>[#6:42](-[#6@:40])(=[#8:43])-[#8]-[H],"EVODEX.1-P4796,EVODEX.1-P4612,EVODEX.1-P4885,EVODEX.1-P4168,EVODEX.1-P5613"
EVODEX.1-E1011,73318232391120016673096663276402560318085546624907290894019443370835907531121,[#6](-[#6]1:[#7]:[#6](-[H]):[#6](-[#6](-[#8]-[#15](=[#8])(-[#8]-[H])-[#8]-[H])(-[H])-[H]):[#6](-[#6](-[#7:14](-[#6:15])-[H:36])(-[H])-[H]):[#6]:1-[#8]-[H])(-[H])(-[H])-[H].[#8:24]=[#8:25]>>[#7:14](-[#6:15])(-[H:36])-[H].[#8:24](-[#8:25]-[H])-[H],"EVODEX.1-P1090,EVODEX.1-P1077,EVODEX.1-P1081,EVODEX.1-P1092,EVODEX.1-P1078"
EVODEX.1-E1012,2743245665368309667506092871211522616261155264044182924236932273163998880871,[#6](-[#6](=[#8:3])-[#6](=[#8])-[#8]-[H])(-[H])(-[H])-[H].[#7](-[#6:8](-[#6:9])(-[H:20])-[H])(-[H])-[H]>>[#8:3]=[#6:8](-[#6:9])-[H:20],"EVODEX.1-P2987,EVODEX.1-P2831,EVODEX.1-P2835,EVODEX.1-P3003,EVODEX.1-P3103"
EVODEX.1-E1013,22948601714218790711081057310429706966509436702512268774385223308708189454727,[#6](-[#6@](-[#7](-[#6:4](=[#8:5])-[#6:6])-[H])(-[#6](=[#8])-[#8]-[H])-[H])(-[H])(-[H])-[H].[#8:15](-[H:29])-[H]>>[#6:4](=[#8:5])(-[#6:6])-[#8:15]-[H:29],"EVODEX.1-P4946,EVODEX.1-P4958,EVODEX.1-P4903,EVODEX.1-P4904,EVODEX.1-P4925"
EVODEX.1-E1014,38701399340846323140389986230433411334720434612498962782783862884269304062418,[#6](-[#6](=[#8:3])-[#6](=[#8])-[#8]-[H])(-[H])(-[H])-[H].[#7](-[#6@:8](-[#6:9])(-[#6:15])-[H])(-[H])-[H]>>[#8:3]=[#6:8](-[#6:9])-[#6:15],"EVODEX.1-P2891,EVODEX.1-P2907,EVODEX.1-P2889,EVODEX.1-P2894,EVODEX.1-P3176"
EVODEX.1-E1015,105383838820522883489535621462452181619354413980775220934335915677395796839584,[#6:8]-[#6:9](=[#8:10])-[#6](-[#6@](-[#7](-[H])-[H])(-[#6](=[#8])-[#8]-[H])-[H])(-[H])-[H].[#8:17](-[H:29])-[H]>>[#6:8]-[#6:9](=[#8:10])-[#8:17]-[H:29],"EVODEX.1-P6058,EVODEX.1-P6061,EVODEX.1-P6063,EVODEX.1-P6060,EVODEX.1-P6067"
EVODEX.1-E1016,72960922048300304496918233308263677955637242345525319841817627038839757763012,[#7:18](-[#6@:13])(-[#6](=[#8])-[#6@@](-[#7](-[H])-[H])(-[#6](-[#8]-[H])(-[H])-[H])-[H])-[H:47]>>[#7:18](-[#6@:13])(-[H:47])-[H],"EVODEX.1-P4699,EVODEX.1-P4617,EVODEX.1-P4810,EVODEX.1-P4601,EVODEX.1-P4790"
EVODEX.1-E1017,74822361585278130836424071584343081955960494070474407908109357113138793454301,[#7](-[#6@](-[#6](-[#16:4](=[#8:5])-[#6:6])(-[H])-[H])(-[#6](=[#8])-[#8]-[H])-[H])(-[H])-[H]>>[#16:4](-[#8:5]-[H])-[#6:6],"EVODEX.1-P6552,EVODEX.1-P6551,EVODEX.1-P6545,EVODEX.1-P6554,EVODEX.1-P6548"
EVODEX.1-E1018,15936949852206803015382819670160275598738359561563965837403028561048725141424,[#6:42](-[#6@:40])(=[#8:43])-[#7](-[#6@@](-[#6](-[#8]-[H])(-[H])-[H])(-[#6](=[#8])-[#8]-[H])-[H])-[H]>>[#6:42](-[#6@:40])(=[#8:43])-[#8]-[H],"EVODEX.1-P4880,EVODEX.1-P4794,EVODEX.1-P4583,EVODEX.1-P7502,EVODEX.1-P5180"
EVODEX.1-E1019,42074378375917076868265838426654967825752316464206853476214699664949796706287,[#6:2]-[#6:3](=[#8:4])-[#7](-[#6@](-[#6](-[#6](-[#6](-[H])(-[H])-[H])(-[#6](-[H])(-[H])-[H])-[H])(-[H])-[H])(-[#6](=[#8])-[#8]-[H])-[H])-[H].[#8:14](-[H:32])-[H]>>[#6:2]-[#6:3](=[#8:4])-[#8:14]-[H:32],"EVODEX.1-P5794,EVODEX.1-P4969,EVODEX.1-P4603,EVODEX.1-P5487,EVODEX.1-P4591"
EVODEX.1-E1020,105877928940882725672430566690388823962894885343679890740888915576948464371725,[#6](-[#6](-[#6@@](-[#6](-[H])(-[H])-[H])(-[#6@](-[#7](-[#6:7](-[#6:8])=[#8:9])-[H])(-[#6](=[#8])-[#8]-[H])-[H])-[H])(-[H])-[H])(-[H])(-[H])-[H].[#8:13](-[H:29])-[H]>>[#6:7](-[#6:8])(=[#8:9])-[#8:13]-[H:29],"EVODEX.1-P4780,EVODEX.1-P5534,EVODEX.1-P4940,EVODEX.1-P4776,EVODEX.1-P4939"
EVODEX.1-E1021,40179821081131763321514409059189175537068393728364323519382702779496941846484,[#6](-[#6](-[#6](-[H])(-[H])-[H])(-[#6](-[#6](=[#8:6])-[#6](=[#8])-[#8]-[H])(-[H])-[H])-[H])(-[H])(-[H])-[H].[#6:19]-[#6@:20](-[#7](-[H])-[H])(-[#6:22]=[#8:23])-[H]>>[#8:6]=[#6:20](-[#6:19])-[#6:22]=[#8:23],"EVODEX.1-P3056,EVODEX.1-P3046,EVODEX.1-P3079,EVODEX.1-P3034,EVODEX.1-P3179"
EVODEX.1-E1022,102854652516123651943567148305334145660163306507827386041742582525376367059538,[#6](-[#6](-[#6](-[#6](-[H])(-[H])-[H])(-[#6](=[#8:6])-[#6](=[#8])-[#8]-[H])-[H])(-[H])-[H])(-[H])(-[H])-[H].[#6:19]-[#6@:20](-[#7](-[H])-[H])(-[#6:22]=[#8:23])-[H]>>[#8:6]=[#6:20](-[#6:19])-[#6:22]=[#8:23],"EVODEX.1-P3055,EVODEX.1-P3026,EVODEX.1-P3194,EVODEX.1-P3032,EVODEX.1-P3014"
EVODEX.1-E1023,78128410100219463843717961556628597747379194599250214484198802873223474250002,[#7](-[#6](-[#6](-[#6](-[#6](-[#6@](-[#7](-[#6:8](=[#8:9])-[#6:10])-[H])(-[#6](=[#8])-[#8]-[H])-[H])(-[H])-[H])(-[H])-[H])(-[H])-[H])(-[H])-[H])(-[H])-[H].[#8:19](-[H:38])-[H]>>[#6:8](=[#8:9])(-[#6:10])-[#8:19]-[H:38],"EVODEX.1-P4945,EVODEX.1-P5533,EVODEX.1-P4926,EVODEX.1-P4933,EVODEX.1-P4689"
EVODEX.1-E1024,63547489625215104578556621430638968695975862754454060283518217083778169145879,[#7](-[#6@@](-[#6](-[#6](-[#6](-[#6](-[#7](-[#6:8](=[#8:9])-[#6:10])-[H])(-[H])-[H])(-[H])-[H])(-[H])-[H])(-[H])-[H])(-[#6](=[#8])-[#8]-[H])-[H])(-[H])-[H].[#8:19](-[H:44])-[H]>>[#6:8](=[#8:9])(-[#6:10])-[#8:19]-[H:44],"EVODEX.1-P4820,EVODEX.1-P5569,EVODEX.1-P5567,EVODEX.1-P5570,EVODEX.1-P5503"
EVODEX.1-E1025,55808529643432093880559813831251324520645268086273872747553329675246920219635,[#7:37](-[#6@:28])(-[#6](=[#8])-[#6@@](-[#7](-[H])-[H])(-[#6](-[#6](-[#6](-[#6](-[#7](-[H])-[H])(-[H])-[H])(-[H])-[H])(-[H])-[H])(-[H])-[H])-[H])-[H:78]>>[#7:37](-[#6@:28])(-[H:78])-[H],"EVODEX.1-P4667,EVODEX.1-P4638,EVODEX.1-P4747,EVODEX.1-P4623,EVODEX.1-P4634"
EVODEX.1-E1026,4572857979116004353051429638542171643245109764150055284873404405271685159019,[#7](-[#6](-[#6](-[#6](-[#6](-[#6@](-[#7](-[#6:8](=[#8:9])-[#6:10])-[H])(-[#6](=[#8])-[#8]-[H])-[H])(-[H])-[H])(-[H])-[H])(-[H])-[H])(-[H])-[H])(-[H])-[H]>>[#6:8](=[#8:9])(-[#6:10])-[#8]-[H],"EVODEX.1-P4944,EVODEX.1-P4913,EVODEX.1-P5551,EVODEX.1-P4905,EVODEX.1-P4797"
EVODEX.1-E1027,35769958723536493067945348921112442964979695424375774067400387551775419542428,[#7](-[#6@@](-[#6](-[#6](-[#6](-[#6](-[#7](-[#6:8](=[#8:9])-[#6:10])-[H])(-[H])-[H])(-[H])-[H])(-[H])-[H])(-[H])-[H])(-[#6](=[#8])-[#8]-[H])-[H])(-[H])-[H]>>[#6:8](=[#8:9])(-[#6:10])-[#8]-[H],"EVODEX.1-P5563,EVODEX.1-P5568,EVODEX.1-P5564,EVODEX.1-P5565,EVODEX.1-P5571"
EVODEX.1-E1028,108734074809248327603246561140029538116797726551895420781897628842440070894795,[#8:6]=[#6:7](-[#6:8])-[H:26]>>[#7](-[#6@](-[#6](=[#8])-[#8]-[H])(-[#6@@:7](-[#8:6]-[H])(-[#6:8])-[H:26])-[H])(-[H])-[H],"EVODEX.1-P6292,EVODEX.1-P6363,EVODEX.1-P6305,EVODEX.1-P6295,EVODEX.1-P6303"
EVODEX.1-E1029,63439880019747818168363736831858107733196733181965527725864395080196026427331,[#6:42](-[#6@:40])(=[#8:43])-[#8:44]-[H:105].([#8:68]-[#15:69](=[#8:70])(-[#8:71])-[#8:72]-[#15:73].[#8:78]-[#6@@:77](-[#6@@:62])(-[H:128])-[#6@:79](-[#6@:60])(-[#8:80])-[H:130])>>[#6:42](-[#6@:40])(=[#8:43])-[#7](-[#6](-[#6](=[#8])-[#8]-[H])(-[H])-[H])-[H].([#8:44](-[#15:69](-[#8:68])(=[#8:70])-[#8:71])-[H:105].[#8:80]-[#6@:79](-[#6@:60])(-[H:130])-[#6@@:77](-[#6@@:62])(-[#8:78])-[H:128]).[#8:72](-[#15:73])-[H],"EVODEX.1-P7431,EVODEX.1-P7137,EVODEX.1-P7127,EVODEX.1-P7385,EVODEX.1-P7139"
EVODEX.1-E1030,20682172314664004813827844346170886856701759769346112820619904436566068358791,[#6:47]-[#16:48]-[#6:49](=[#8:50])-[#6:51]>>[#6:49](=[#8:50])(-[#6:51])-[#7](-[#6](-[#6](=[#8])-[#8]-[H])(-[H])-[H])-[H].[#6:47]-[#16:48]-[H],"EVODEX.1-P1859,EVODEX.1-P1462,EVODEX.1-P1841,EVODEX.1-P1458,EVODEX.1-P1464"
EVODEX.1-E1031,14029004026342965476851250434791916289219760478007415842733444223373409466197,[#8:6]=[#6:7]-[#6:9](=[#8:10])-[#6:11](-[#6:12])(-[H:30])-[H:31]>>[#7](-[#6@](-[#6](=[#8])-[#8]-[H])(-[#6:11](-[#6:12])(-[H:30])-[H:31])-[H])(-[H])-[H].[#8:6]=[#6:7]-[#6:9](=[#8:10])-[H],"EVODEX.1-P3146,EVODEX.1-P3165,EVODEX.1-P3023,EVODEX.1-P3136,EVODEX.1-P3169"
EVODEX.1-E1032,99309367647441976874880468999288037938118889688707684148490020274224070422757,[#6:42](-[#6@:40])(=[#8:43])-[#8:44]-[H:107].([#8:70]-[#15:71](=[#8:72])(-[#8:73])-[#8:74]-[#15:75].[#8:80]-[#6@@:79](-[#6@@:64])(-[H:132])-[#6@:81](-[#6@:62])(-[#8:82])-[H:134])>>[#6:42](-[#6@:40])(=[#8:43])-[#7](-[#6](-[#6](-[#8]-[H])(-[H])-[H])(-[#6](=[#8])-[#8]-[H])-[H])-[H].([#8:44](-[#15:71](-[#8:70])(=[#8:72])-[#8:73])-[H:107].[#8:82]-[#6@:81](-[#6@:62])(-[H:134])-[#6@@:79](-[#6@@:64])(-[#8:80])-[H:132]).[#8:74](-[#15:75])-[H],"EVODEX.1-P7145,EVODEX.1-P7407,EVODEX.1-P7396,EVODEX.1-P7387,EVODEX.1-P7095"
EVODEX.1-E1033,38288155108982932088170231509989165206607762501841246322670877971043432466614,[#15:23]-[#8:26]-[#15:27](=[#8:28])(-[#8:29])-[#8:30]>>[#15:23]-[#8:26]-[H].[#15:27](=[#8:28])(-[#8:29])(-[#8:30])-[#8]-[#6](-[#6@](-[#7](-[H])-[H])(-[#6](=[#8])-[#8]-[H])-[H])(-[H])-[H],"EVODEX.1-P3721,EVODEX.1-P3723,EVODEX.1-P3724,EVODEX.1-P3727,EVODEX.1-P3722"
EVODEX.1-E1034,29488897893491306306965465909180660753818744933431497382547796666559688232852,[#6:12]-[#16:13]-[H]>>[#7](-[#6@@](-[#6](-[#16:13]-[#6:12])(-[H])-[H])(-[#6](=[#8])-[#8]-[H])-[H])(-[H])-[H],"EVODEX.1-P6437,EVODEX.1-P2619,EVODEX.1-P2618,EVODEX.1-P2622,EVODEX.1-P6560"
EVODEX.1-E1035,7341988747812113185099159564312853218135402500779313045526404657199958889397,[#6:42](-[#6@:40])(=[#8:43])-[#8]-[H]>>[#6:42](-[#6@:40])(=[#8:43])-[#7](-[#6](-[#6](-[#8]-[H])(-[H])-[H])(-[#6](=[#8])-[#8]-[H])-[H])-[H],"EVODEX.1-P7409,EVODEX.1-P7389,EVODEX.1-P7497,EVODEX.1-P7061,EVODEX.1-P7400"
EVODEX.1-E1036,53526752363134235892733467525243236643722972501767606808453888945580741725845,[#7](-[#6@@:2](-[#6:3])(-[#6:10]=[#8:11])-[H])(-[H])-[H].[#8:13]=[#6](-[#6](=[#8])-[#6](-[#6](-[#6](=[#8])-[#8]-[H])(-[H])-[H])(-[H])-[H])-[H]>>[#6:2](-[#6:3])(-[#6:10]=[#8:11])=[#8:13],"EVODEX.1-P3096,EVODEX.1-P3098,EVODEX.1-P3094,EVODEX.1-P3088,EVODEX.1-P3092"
EVODEX.1-E1037,96562531743301086007119201387604597952071459691553179605829206898891616128584,([#15:50]-[#8:52]-[H].[#8:55]-[#6@@:54](-[#6@@:39])(-[H:71])-[#6@:56](-[#6@:37])(-[#8:57])-[H:73])>>([#15](=[#8])(-[#8]-[H])(-[#8]-[H])-[#8:52]-[#15:50].[#8:57]-[#6@:56](-[#6@:37])(-[H:73])-[#6@@:54](-[#6@@:39])(-[#8:55])-[H:71]),"EVODEX.1-P3374,EVODEX.1-P3376,EVODEX.1-P3285,EVODEX.1-P3550,EVODEX.1-P3548"
EVODEX.1-E1038,38814453569972008950288774147258206240723325592525498309772125507132319302539,([#6:39]-[#6@@:40](-[#8:41])(-[H:74])-[#6@:42].[#15:45]-[#8:47]-[H])>>([#15](=[#8])(-[#8]-[H])(-[#8]-[H])-[#8:47]-[#15:45].[#8:41]-[#6@@:40](-[#6@:42])(-[H:74])-[#6:39]),"EVODEX.1-P3372,EVODEX.1-P3571,EVODEX.1-P3526,EVODEX.1-P3574,EVODEX.1-P3532"
EVODEX.1-E1039,99329748402888826635524067038235425564254798142992028199219566313830914206197,[#15:24]-[#8:26]-[H]>>[#15:24]-[#8:26]-[#15](=[#8])(-[#8]-[H])-[#8]-[H],"EVODEX.1-P3243,EVODEX.1-P3553,EVODEX.1-P3528,EVODEX.1-P3606,EVODEX.1-P3546"
EVODEX.1-E1040,19671429724330050096375140570394022582350594472274006230392821131637841284291,[#6:53]-[#8:55]-[H]>>[#6:53]-[#8:55]-[#15](=[#8])(-[#8]-[H])-[#8]-[H],"EVODEX.1-P3270,EVODEX.1-P3354,EVODEX.1-P3335,EVODEX.1-P3269,EVODEX.1-P3473"
EVODEX.1-E1041,68334736589512523104627204339747197626672389810756811913414562752782873267514,[#6:10]-[#7:12](-[H:46])-[H]>>[#6:10]-[#7:12](-[#15](=[#8])(-[#8]-[H])-[#8]-[H])-[H:46],"EVODEX.1-P3501,EVODEX.1-P3498,EVODEX.1-P3499,EVODEX.1-P3513,EVODEX.1-P3522"
EVODEX.1-E1042,115289459527388268677848755010891996164376705274452238964373192473013743133698,[#6:17]-[#6@:19](-[#8:20]-[H])(-[#6:21])-[H:33]>>[#15](=[#8])(-[#8]-[H])(-[#8]-[H])-[#8:20]-[#6:19](-[#6:17])(-[#6:21])-[H:33],"EVODEX.1-P3427,EVODEX.1-P3478,EVODEX.1-P3300,EVODEX.1-P3237,EVODEX.1-P3264"
EVODEX.1-E1043,89940713273683126735651565730502014575408422779593476696482331048122723572619,[#8:3]-[#6:4](-[#8:5]-[H])(-[H:45])-[#6@:6]>>[#8:3]-[#6@@:4](-[#8:5]-[#15](=[#8])(-[#8]-[H])-[#8]-[H])(-[H:45])-[#6@:6],"EVODEX.1-P3313,EVODEX.1-P3346,EVODEX.1-P3310,EVODEX.1-P3232,EVODEX.1-P3402"
EVODEX.1-E1044,46244356507233896602474650941467227296142704573912293029877230032719364352668,[#6:34]-[#6@@:35](-[#8:36])(-[H:62])-[#6@:37]-[#6:38]-[#8:39]-[H]>>[#15](=[#8])(-[#8]-[H])(-[#8]-[H])-[#8:39]-[#6:38]-[#6@:37]-[#6@:35](-[#8:36])(-[H:62])-[#6:34],"EVODEX.1-P3337,EVODEX.1-P3279,EVODEX.1-P3331,EVODEX.1-P3253,EVODEX.1-P3340"
EVODEX.1-E1045,108007061254817241099897863033597961284248058476955141650700357550413267613633,[#6:46](-[#6@@:44])(=[#8:47])-[#8:48]-[H:119].[#7:49](-[#6@@:50])(-[H:135])-[H]>>[#6:46](-[#6@@:44])(=[#8:47])-[#7:49](-[#6@@:50])-[H:135].[#8:48](-[#15](=[#8])(-[#8]-[H])-[#8]-[H])-[H:119],"EVODEX.1-P7023,EVODEX.1-P6961,EVODEX.1-P7007,EVODEX.1-P7304,EVODEX.1-P6899"
EVODEX.1-E1046,108348303594144142552498379822053241572538161342626149532284798092924771703405,[#6](-[#6](-[#6](-[H])(-[H])-[H])(-[#6](-[#7](-[#6:6](=[#8:7])-[#6:8])-[H])(-[#6](=[#8])-[#8]-[H])-[H])-[H])(-[H])(-[H])-[H].[#8:13](-[H:26])-[H]>>[#6:6](=[#8:7])(-[#6:8])-[#8:13]-[H:26],"EVODEX.1-P5536,EVODEX.1-P4881,EVODEX.1-P4909,EVODEX.1-P4957,EVODEX.1-P4779"
EVODEX.1-E1047,47674164943099734101740639432759275312177936579100895009843025186460529959617,[#6](-[#6](-[#6](-[H])(-[H])-[H])(-[#6](=[#8:5])-[#6](=[#8])-[#8]-[H])-[H])(-[H])(-[H])-[H].[#6:13]-[#6@:14](-[#7](-[H])-[H])(-[#6:16]=[#8:17])-[H]>>[#8:5]=[#6:14](-[#6:13])-[#6:16]=[#8:17],"EVODEX.1-P2850,EVODEX.1-P3150,EVODEX.1-P2970,EVODEX.1-P3036,EVODEX.1-P3015"
EVODEX.1-E1048,20964907062439935888211887375626690286273849715467873921002919750869290004332,[#6:20](-[#6@@:19])(-[#7](-[H])-[H])(-[H:63])-[H].[#8]=[#6](-[#8]-[H])-[#6](-[#6](-[#6](=[#8:49])-[#6](=[#8])-[#8]-[H])(-[H])-[H])(-[H])-[H]>>[#6:20](-[#6@@:19])(=[#8:49])-[H:63],"EVODEX.1-P3117,EVODEX.1-P2981,EVODEX.1-P2854,EVODEX.1-P2915,EVODEX.1-P2917"
EVODEX.1-E1049,67650310850922908334073311908141104623060113391819498229221920862704823791607,[#6:6]-[#6:7](=[#8:8])-[#7](-[#6@@](-[#6](-[#6](-[#6](=[#8])-[#8]-[H])(-[H])-[H])(-[H])-[H])(-[#6](=[#8])-[#8]-[H])-[H])-[H].[#8:1](-[H:32])-[H]>>[#8:1](-[#6:7](-[#6:6])=[#8:8])-[H:32],"EVODEX.1-P4916,EVODEX.1-P4892,EVODEX.1-P4942,EVODEX.1-P4915,EVODEX.1-P4917"
EVODEX.1-E1050,29463470902409379487312326110906306907652179147064457323768904011076967057148,[#7](-[#6@:39](-[#6@@:5])(-[#6@:37])-[H])(-[H])-[H].[#8]=[#6](-[#8]-[H])-[#6](-[#6](-[#6](=[#8:47])-[#6](=[#8])-[#8]-[H])(-[H])-[H])(-[H])-[H]>>[#6:39](-[#6@@:5])(-[#6@:37])=[#8:47],"EVODEX.1-P3224,EVODEX.1-P2827,EVODEX.1-P2991,EVODEX.1-P2828,EVODEX.1-P3084"
EVODEX.1-E1051,109198647340683078889692863302750010065334943285104350915584724587561718996975,[#6:47](-[#6@@:45])(=[#8:48])-[#7](-[#6@](-[#6](-[#6](-[#6](=[#8])-[#8]-[H])(-[H])-[H])(-[H])-[H])(-[#6](=[#8])-[#8]-[H])-[H])-[H].[#8:77]-[#15:78](=[#8:79])(-[#8:80]-[H:138])-[#8:81].[#15:87]-[#8:88]-[H]>>[#6:47](-[#6@@:45])(=[#8:48])-[#8:80]-[H:138].[#8:77]-[#15:78](=[#8:79])(-[#8:81])-[#8:88]-[#15:87],"EVODEX.1-P6997,EVODEX.1-P6989,EVODEX.1-P7540,EVODEX.1-P7011,EVODEX.1-P7031"
EVODEX.1-E1052,35493539690276292734364242404453133724748912609852168348207709505850763381922,[#8:2]=[#6:3](-[#7](-[#6](-[#6](-[#6]1:[#6](-[H]):[#7]:[#6](-[H]):[#7]:1-[H])(-[H])-[H])(-[#6](=[#8])-[#8]-[H])-[H])-[H])-[#6:15]>>[#8](-[#6:3](=[#8:2])-[#6:15])-[H],"EVODEX.1-P4800,EVODEX.1-P4784,EVODEX.1-P4792,EVODEX.1-P4791,EVODEX.1-P5527"
EVODEX.1-E1053,26282474885406275303460092952332896090379542978539633739060354779633051501924,[#8:24]=[#15:25](-[#8:26])(-[#8:27])-[#8:28]-[#15:29]>>[#7](-[#6]1:[#7]:[#6](-[H]):[#7]:[#6]2:[#6]:1:[#7]:[#6](-[H]):[#7]:2-[#6@]1(-[H])-[#8]-[#6@@](-[#6](-[#8]-[#15](=[#8])(-[#8]-[#15:25](=[#8:24])(-[#8:26])-[#8:27])-[#8]-[H])(-[H])-[H])(-[H])-[#6@](-[#8]-[H])(-[H])-[#6@]-1(-[#8]-[H])-[H])(-[H])-[H].[#8:28](-[#15:29])-[H],"EVODEX.1-P3555,EVODEX.1-P1187,EVODEX.1-P3562,EVODEX.1-P3561,EVODEX.1-P3525"
EVODEX.1-E1054,94573323665853171005605636930859554307096060502918403301317528345378451775516,[#8:27](-[#6@:26])-[#15:28](=[#8:29])(-[#8:30])-[#8:31]>>[#8:27](-[#6@:26])-[H].[#15:28](=[#8:29])(-[#8:30])(-[#8:31])-[#8]-[#15](-[#8]-[#6](-[#6@@]1(-[H])-[#8]-[#6@](-[#7]2:[#6]3:[#7]:[#6](-[H]):[#7]:[#6](-[#7](-[H])-[H]):[#6]:3:[#7]:[#6]:2-[H])(-[H])-[#6@@](-[#8]-[H])(-[H])-[#6@@]-1(-[#8]-[H])-[H])(-[H])-[H])(=[#8])-[#8]-[H],"EVODEX.1-P3582,EVODEX.1-P3244,EVODEX.1-P3282,EVODEX.1-P3289,EVODEX.1-P3281"
EVODEX.1-E1055,115360094067982309311684902771543538830002457908847331735815634920326566236193,[#6:47]-[#16:48]-[#6:49](=[#8:50])-[#6@:51].[#15:90]-[#8:91]-[H]>>[#6:49](=[#8:50])(-[#6@:51])-[#8]-[H].[#6:47]-[#16:48]-[H].[#7](-[#6]1:[#7]:[#6](-[H]):[#7]:[#6]2:[#6]:1:[#7]:[#6](-[H]):[#7]:2-[#6@]1(-[H])-[#8]-[#6@@](-[#6](-[#8]-[#15](=[#8])(-[#8]-[H])-[#8:91]-[#15:90])(-[H])-[H])(-[H])-[#6@](-[#8]-[H])(-[H])-[#6@]-1(-[#8]-[H])-[H])(-[H])-[H],"EVODEX.1-P6643,EVODEX.1-P6667,EVODEX.1-P6653,EVODEX.1-P6664,EVODEX.1-P6636"
EVODEX.1-E1056,72309580801287218558554526710308042522578748048897488128373232073805607634003,[#8:3](-[#6@@:2])-[H].[#8]=[#6]1:[#7](-[H]):[#6](-[H]):[#7]:[#6]2:[#6]:1:[#7]:[#6](-[H]):[#7]:2-[#6@]1(-[H])-[#8]-[#6@@](-[#6](-[#8]-[#15](=[#8])(-[#8]-[H])-[#8]-[#15](=[#8])(-[#8]-[H])-[#8]-[#15:38](=[#8:39])(-[#8:40])-[#8:41])(-[H])-[H])(-[H])-[#6@](-[#8]-[H])(-[H])-[#6@]-1(-[#8]-[H])-[H]>>[#8:3](-[#6@@:2])-[#15:38](=[#8:39])(-[#8:40])-[#8:41],"EVODEX.1-P3487,EVODEX.1-P3407,EVODEX.1-P3482,EVODEX.1-P3297,EVODEX.1-P3428"
EVODEX.1-E1057,50296108496569235702327525543715731643658899497518068409814006006790820478097,[#6:14](-[#6@:3])(=[#8:15])-[#8]-[H]>>[#6:14](-[#6@:3])(=[#8:15])-[#7](-[#8]-[H])-[H],"EVODEX.1-P5641,EVODEX.1-P5669,EVODEX.1-P6906,EVODEX.1-P5626,EVODEX.1-P5631"
EVODEX.1-E1058,18282912757761735905311551144539071828934186730954323719060123686803461556579,[#6:7]-[#8:8]-[H]>>[#6:7]-[#8:8]-[#16](=[#8])(=[#8])-[#8]-[H],"EVODEX.1-P3740,EVODEX.1-P3752,EVODEX.1-P3732,EVODEX.1-P3735,EVODEX.1-P3737"
EVODEX.1-E1059,85814824131374641195475004282704053441235298535020072712694655315700797757130,[#7:1](-[#6:2])(-[H:70])-[H]>>[#7:1](-[#6:2])(-[#16](=[#8])(=[#8])-[#8]-[H])-[H:70],"EVODEX.1-P3767,EVODEX.1-P3758,EVODEX.1-P3763,EVODEX.1-P3762,EVODEX.1-P3764"
EVODEX.1-E1060,73504977437886639045968905601942826864771828231534308879747689119274221485015,([#6:28]-[#6@:29](-[#7:30])(-[#6:49])-[H:110].[#6:47]-[#16:48]-[H])>>([#6](-[#6](-[#6](-[H])(-[H])-[H])=[#6](-[#6](-[#6](-[#6](-[#6](-[H])(-[H])-[H])=[#6](-[#6](-[#6](-[#6](-[#6](-[H])(-[H])-[H])=[#6](-[#6](-[#16:48]-[#6:47])(-[H])-[H])-[H])(-[H])-[H])(-[H])-[H])-[H])(-[H])-[H])(-[H])-[H])-[H])(-[H])(-[H])-[H].[#7:30]-[#6@@:29](-[#6:28])(-[#6:49])-[H:110]),"EVODEX.1-P2704,EVODEX.1-P2698,EVODEX.1-P2707,EVODEX.1-P2691,EVODEX.1-P2706"
EVODEX.1-E1061,68261207455948797595320930619728526627934587902931785338856292069023628014531,([#6:28]-[#6@:29](-[#7:30]-[#6:31]-[#6@@:33](-[#7:34])(-[#6:53])-[H:110])(-[#6:56])-[H:113].[#6:51]-[#16:52]-[H])>>([#6](-[#6](-[#6](-[H])(-[H])-[H])=[#6](-[#6](-[#6](-[#6](-[#6](-[H])(-[H])-[H])=[#6](-[#6](-[#6](-[#6](-[#6](-[H])(-[H])-[H])=[#6](-[#6](-[#16:52]-[#6:51])(-[H])-[H])-[H])(-[H])-[H])(-[H])-[H])-[H])(-[H])-[H])(-[H])-[H])-[H])(-[H])(-[H])-[H].[#7:34]-[#6@:33](-[#6:31]-[#7:30]-[#6@@:29](-[#6:28])(-[#6:56])-[H:113])(-[#6:53])-[H:110]),"EVODEX.1-P2717,EVODEX.1-P2710,EVODEX.1-P2705,EVODEX.1-P2702,EVODEX.1-P2712"
EVODEX.1-E1062,86506513782942323001004113160624374674344501526499209596309602087820859863821,([#6:28]-[#6@:29](-[#7:30])(-[#6:76])-[H:147].[#6:43]-[#6@@:45](-[#7:46]-[#6:47]-[#6@:49](-[#6:50]-[#16:51]-[H])(-[#7:52])-[H:133])(-[#6:73])-[H:142])>>([#6](-[#6](-[#6](-[H])(-[H])-[H])=[#6](-[#6](-[#6](-[#6](-[#6](-[H])(-[H])-[H])=[#6](-[#6](-[#6](-[#6](-[#6](-[H])(-[H])-[H])=[#6](-[#6](-[#16:51]-[#6:50]-[#6@@:49](-[#6:47]-[#7:46]-[#6@:45](-[#6:43])(-[#6:73])-[H:142])(-[#7:52])-[H:133])(-[H])-[H])-[H])(-[H])-[H])(-[H])-[H])-[H])(-[H])-[H])(-[H])-[H])-[H])(-[H])(-[H])-[H].[#7:30]-[#6@@:29](-[#6:28])(-[#6:76])-[H:147]),"EVODEX.1-P2740,EVODEX.1-P2735,EVODEX.1-P2738,EVODEX.1-P2724,EVODEX.1-P2728"
EVODEX.1-E1063,77262132609711817199160943584056759396350242781600500357774176402828331724828,[#6:26]-[#6@:28](-[#7:29]-[#6:30]-[#6@:32](-[#6:33]-[#16:34]-[H])(-[#7:35])-[H:127])(-[#6:56])-[H:144]>>[#6](-[#6](-[#6](-[H])(-[H])-[H])=[#6](-[#6](-[#6](-[#6](-[#6](-[H])(-[H])-[H])=[#6](-[#6](-[#6](-[#6](-[#6](-[H])(-[H])-[H])=[#6](-[#6](-[#16:34]-[#6:33]-[#6@@:32](-[#6:30]-[#7:29]-[#6@@:28](-[#6:26])(-[#6:56])-[H:144])(-[#7:35])-[H:127])(-[H])-[H])-[H])(-[H])-[H])(-[H])-[H])-[H])(-[H])-[H])(-[H])-[H])-[H])(-[H])(-[H])-[H],"EVODEX.1-P2729,EVODEX.1-P2727,EVODEX.1-P2722,EVODEX.1-P2741,EVODEX.1-P2731"
EVODEX.1-E1064,78266476318117860751088862586992246156873445674903639125453981588701657590251,[#6:32]-[#6@:34](-[#7:35]-[#6:36]-[#6@@:38](-[#7:39]-[#6:40]-[#6@:42](-[#6:43]-[#16:44]-[H])(-[#7:45])-[H:138])(-[#6:62])-[H:147])(-[#6:65])-[H:159]>>[#6](-[#6](-[#6](-[H])(-[H])-[H])=[#6](-[#6](-[#6](-[#6](-[#6](-[H])(-[H])-[H])=[#6](-[#6](-[#6](-[#6](-[#6](-[H])(-[H])-[H])=[#6](-[#6](-[#6](-[#6](-[#6](-[H])(-[H])-[H])=[#6](-[#6](-[#16:44]-[#6:43]-[#6@@:42](-[#6:40]-[#7:39]-[#6@:38](-[#6:36]-[#7:35]-[#6@@:34](-[#6:32])(-[#6:65])-[H:159])(-[#6:62])-[H:147])(-[#7:45])-[H:138])(-[H])-[H])-[H])(-[H])-[H])(-[H])-[H])-[H])(-[H])-[H])(-[H])-[H])-[H])(-[H])-[H])(-[H])-[H])-[H])(-[H])(-[H])-[H],"EVODEX.1-P2754,EVODEX.1-P2756,EVODEX.1-P2752,EVODEX.1-P2753,EVODEX.1-P2755"
EVODEX.1-E1065,13409564587213189919462741382279928564823306986753456139057382167862303953669,[#6:21]-[#8:22]-[H].[#6:27](-[#16](-[#6](-[#6](-[#6@](-[#7](-[H])-[H])(-[#6](=[#8])-[#8]-[H])-[H])(-[H])-[H])(-[H])-[H])-[#6](-[#6@@]1(-[H])-[#8]-[#6@](-[#7]2:[#6](-[H]):[#7]:[#6]3:[#6](-[#7](-[H])-[H]):[#7]:[#6](-[H]):[#7]:[#6]:2:3)(-[H])-[#6@@](-[#8]-[H])(-[H])-[#6@@]-1(-[#8]-[H])-[H])(-[H])-[H])(-[H:98])(-[H:99])-[H:100]>>[#6:21]-[#8:22]-[#6:27](-[H:98])(-[H:99])-[H:100],"EVODEX.1-P1261,EVODEX.1-P1307,EVODEX.1-P1271,EVODEX.1-P1260,EVODEX.1-P1227"
EVODEX.1-E1066,46527506173092877257276753113966966898191665108338088244769946865348382815517,[#6:1](-[#16](-[#6](-[#6](-[#6@](-[#7](-[H])-[H])(-[#6](=[#8])-[#8]-[H])-[H])(-[H])-[H])(-[H])-[H])-[#6](-[#6@@]1(-[H])-[#8]-[#6@](-[#7]2:[#6](-[H]):[#7]:[#6]3:[#6](-[#7](-[H])-[H]):[#7]:[#6](-[H]):[#7]:[#6]:2:3)(-[H])-[#6@@](-[#8]-[H])(-[H])-[#6@@]-1(-[#8]-[H])-[H])(-[H])-[H])(-[H:60])(-[H:61])-[H:62].[#16:28](-[#6:29])-[H]>>[#6:1](-[#16:28]-[#6:29])(-[H:60])(-[H:61])-[H:62],"EVODEX.1-P1299,EVODEX.1-P1301,EVODEX.1-P1304,EVODEX.1-P1312,EVODEX.1-P1297"
EVODEX.1-E1067,21990732230977997500110481841640067858039314153149683687986268513450907427636,[#6:1](-[#16](-[#6](-[#6](-[#6@](-[#7](-[H])-[H])(-[#6](=[#8])-[#8]-[H])-[H])(-[H])-[H])(-[H])-[H])-[#6](-[#6@@]1(-[H])-[#8]-[#6@](-[#7]2:[#6](-[H]):[#7]:[#6]3:[#6](-[#7](-[H])-[H]):[#7]:[#6](-[H]):[#7]:[#6]:2:3)(-[H])-[#6@@](-[#8]-[H])(-[H])-[#6@@]-1(-[#8]-[H])-[H])(-[H])-[H])(-[H:56])(-[H:57])-[H:58].[#7:28](-[#6:29])(-[H:66])-[H]>>[#6:1](-[#7:28](-[#6:29])-[H:66])(-[H:56])(-[H:57])-[H:58],"EVODEX.1-P1225,EVODEX.1-P1276,EVODEX.1-P1283,EVODEX.1-P1287,EVODEX.1-P1279"
EVODEX.1-E1068,33026740785080902750304591070312847413079953170351785606141496709235813893209,[#6:18]-[#7:19](-[H])-[#6@@:20].[#6:29](-[#16](-[#6](-[#6](-[#6@](-[#7](-[H])-[H])(-[#6](=[#8])-[#8]-[H])-[H])(-[H])-[H])(-[H])-[H])-[#6](-[#6@@]1(-[H])-[#8]-[#6@](-[#7]2:[#6](-[H]):[#7]:[#6]3:[#6](-[#7](-[H])-[H]):[#7]:[#6](-[H]):[#7]:[#6]:2:3)(-[H])-[#6@@](-[#8]-[H])(-[H])-[#6@@]-1(-[#8]-[H])-[H])(-[H])-[H])(-[H:104])(-[H:105])-[H:106]>>[#6:18]-[#7:19](-[#6:29](-[H:104])(-[H:105])-[H:106])-[#6@@:20],"EVODEX.1-P1289,EVODEX.1-P1291,EVODEX.1-P1278,EVODEX.1-P1324,EVODEX.1-P1229"
EVODEX.1-E1069,56152340053506292922058035831250879603912514873496507488633058218445981374058,[#6:1]-[#6:2](-[#6:3])=[#6:4](-[#6:5])-[H].[#6:32](-[#16](-[#6](-[#6](-[#6@](-[#7](-[H])-[H])(-[#6](=[#8])-[#8]-[H])-[H])(-[H])-[H])(-[H])-[H])-[#6](-[#6@@]1(-[H])-[#8]-[#6@](-[#7]2:[#6](-[H]):[#7]:[#6]3:[#6](-[#7](-[H])-[H]):[#7]:[#6](-[H]):[#7]:[#6]:2:3)(-[H])-[#6@@](-[#8]-[H])(-[H])-[#6@@]-1(-[#8]-[H])-[H])(-[H])-[H])(-[H:127])(-[H:128])-[H]>>[#6:1]-[#6:2](-[#6:3])(-[#6:4](-[#6:5])=[#6:32](-[H:127])-[H:128])-[H],"EVODEX.1-P1253,EVODEX.1-P1286,EVODEX.1-P1259,EVODEX.1-P1247,EVODEX.1-P1251"
EVODEX.1-E1070,34963964051587513433794876394923705179211576464066590795886275494045498681116,[#6:1](-[#8:2]-[#6:3])(-[H:48])(-[H:49])-[H:50]>>[#6:1](-[#16](-[#6](-[#6@@]1(-[H])-[#8]-[#6@](-[#7]2:[#6]3:[#7]:[#6](-[H]):[#7]:[#6](-[#7](-[H])-[H]):[#6]:3:[#7]:[#6]:2-[H])(-[H])-[#6@@](-[#8]-[H])(-[H])-[#6@@]-1(-[#8]-[H])-[H])(-[H])-[H])-[#6](-[#6](-[#6@](-[#7](-[H])-[H])(-[#6](=[#8])-[#8]-[H])-[H])(-[H])-[H])(-[H])-[H])(-[H:48])(-[H:49])-[H:50].[#8:2](-[#6:3])-[H],"EVODEX.1-P1242,EVODEX.1-P1235,EVODEX.1-P1241,EVODEX.1-P1236,EVODEX.1-P1306"
EVODEX.1-E1071,31721684787215057340894252716009872175819318520794937701618127263259381366877,[#6:2]-[#6@@:4](-[#7](-[H])-[H])(-[#6:6]=[#8:7])-[H].[#8]=[#6](-[#8]-[H])-[#6](-[#6](-[#6](-[#6](=[#8:16])-[#6](=[#8])-[#8]-[H])(-[H])-[H])(-[H])-[H])(-[H])-[H]>>[#6:2]-[#6:4](-[#6:6]=[#8:7])=[#8:16],"EVODEX.1-P3207,EVODEX.1-P3201,EVODEX.1-P3206,EVODEX.1-P3204,EVODEX.1-P3180"
EVODEX.1-E1072,21998025315694815101226782802730486815892826623670569652431787601052825465206,[#8:7]-[#15:8](=[#8:9])(-[#8:10])-[#8:11]-[#15:12]>>[#8:7]-[#15:8](=[#8:9])(-[#8:10])-[#8]-[#15](-[#8]-[#6](-[#6@@]1(-[H])-[#8]-[#6@](-[#7]2:[#6](-[H]):[#6](-[H]):[#6](=[#8]):[#7](-[H]):[#6]:2=[#8])(-[H])-[#6@@](-[#8]-[H])(-[H])-[#6@@]-1(-[#8]-[H])-[H])(-[H])-[H])(=[#8])-[#8]-[H].[#8:11](-[#15:12])-[H],"EVODEX.1-P3704,EVODEX.1-P3714,EVODEX.1-P3536,EVODEX.1-P3537,EVODEX.1-P3706"
EVODEX.1-E1073,96108317899111279135878996709056487257448261818947269555379426967092118174341,[#15:17]-[#8:19]-[H].[#8]=[#6]1:[#6](-[H]):[#6](-[H]):[#7](-[#6@]2(-[H])-[#8]-[#6@@](-[#6](-[#8]-[#15](=[#8])(-[#8]-[H])-[#8]-[#15:35](=[#8:36])(-[#8:37])-[#8:38])(-[H])-[H])(-[H])-[#6@](-[#8]-[H])(-[H])-[#6@]-2(-[#8]-[H])-[H]):[#6](=[#8]):[#7]:1-[H]>>[#15:17]-[#8:19]-[#15:35](=[#8:36])(-[#8:37])-[#8:38],"EVODEX.1-P3715,EVODEX.1-P3705,EVODEX.1-P3549,EVODEX.1-P3716,EVODEX.1-P3703"
EVODEX.1-E1074,3650899578422540932641826732269993713235232151620023273422006833278885003402,[#6:34]-[#8:35]-[H].[#8]=[#6]1:[#6](-[H]):[#6](-[H]):[#7](-[#6@]2(-[H])-[#8]-[#6@@](-[#6](-[#8]-[#15](=[#8])(-[#8]-[H])-[#8]-[#15:54](=[#8:55])(-[#8:56])-[#8:57])(-[H])-[H])(-[H])-[#6@](-[#8]-[H])(-[H])-[#6@]-2(-[#8]-[H])-[H]):[#6](=[#8]):[#7]:1-[H]>>[#6:34]-[#8:35]-[#15:54](=[#8:55])(-[#8:56])-[#8:57],"EVODEX.1-P3433,EVODEX.1-P3707,EVODEX.1-P3596,EVODEX.1-P3342,EVODEX.1-P3326"
EVODEX.1-E1075,18506687729492684072570406998743437074384545883899859359263609868993604227760,[#15:38]-[#8:41]-[#15:42](=[#8:43])(-[#8:44])-[#8:45]>>[#7](-[#6]1:[#6](-[H]):[#6](-[H]):[#7](-[#6@]2(-[H])-[#8]-[#6@@](-[#6](-[#8]-[#15](=[#8])(-[#8]-[#15:42](=[#8:43])(-[#8:44])-[#8:45])-[#8]-[H])(-[H])-[H])(-[H])-[#6@](-[#8]-[H])(-[H])-[#6@]-2(-[#8]-[H])-[H]):[#6](=[#8]):[#7]:1)(-[H])-[H].[#15:38]-[#8:41]-[H],"EVODEX.1-P3541,EVODEX.1-P3540,EVODEX.1-P3385,EVODEX.1-P3542,EVODEX.1-P3539"
EVODEX.1-E1076,59294213955285905495969543087192359796422838182913725918232513969478543072741,[#6:9]-[#6:10](=[#8:11])-[H:12]>>[#6](#[#7])-[#6@:10](-[#6:9])(-[#8:11]-[H])-[H:12],"EVODEX.1-P6222,EVODEX.1-P6235,EVODEX.1-P6238,EVODEX.1-P6241,EVODEX.1-P6246"
EVODEX.1-E1077,31938924009415956161408943828026385981665912771345761759112932453067528556129,[#6:7]-[#6:8](=[#8:9])-[#6:10]>>[#6](#[#7])-[#6@:8](-[#6:7])(-[#8:9]-[H])-[#6:10],"EVODEX.1-P6360,EVODEX.1-P6239,EVODEX.1-P6247,EVODEX.1-P6229,EVODEX.1-P6231"
EVODEX.1-E1078,71278040996747063865342881370574846580169784411306894157831951730768552194831,[#6:53]-[#6:54](=[#8:55])-[#16:56]-[#6:57]>>[#6](-[#6](=[#8])-[#16]-[#6](-[#6](-[#7](-[#6](=[#8])-[#6](-[#6](-[#7](-[#6](=[#8])-[#6@](-[#8]-[H])(-[#6](-[#6](-[H])(-[H])-[H])(-[#6](-[H])(-[H])-[H])-[#6](-[#8]-[#15](=[#8])(-[#8]-[H])-[#8]-[#15](=[#8])(-[#8]-[H])-[#8]-[#6](-[#6@@]1(-[H])-[#8]-[#6@](-[#7]2:[#6](-[H]):[#7]:[#6]3:[#6](-[#7](-[H])-[H]):[#7]:[#6](-[H]):[#7]:[#6]:2:3)(-[H])-[#6@@](-[#8]-[H])(-[H])-[#6@@]-1(-[#8]-[#15](=[#8])(-[#8]-[H])-[#8]-[H])-[H])(-[H])-[H])(-[H])-[H])-[H])-[H])(-[H])-[H])(-[H])-[H])-[H])(-[H])-[H])(-[H])-[H])(-[#6:54](-[#6:53])=[#8:55])(-[H])-[H].[#16:56](-[#6:57])-[H],"EVODEX.1-P1572,EVODEX.1-P1647,EVODEX.1-P1660,EVODEX.1-P1579,EVODEX.1-P1658"
EVODEX.1-E1079,61186771485245860707094631303745103004938046326561797922876986472023144931896,[#6:57]-[#6:59](=[#8:60])-[#8:61]-[H:103]>>[#6](-[#6](=[#8])-[#6](-[#6](=[#8])-[#8:61]-[H:103])(-[H])-[H])(-[H])(-[H])-[H].[#16](-[#6](-[#6](-[#7](-[#6](=[#8])-[#6](-[#6](-[#7](-[#6](=[#8])-[#6@](-[#8]-[H])(-[#6](-[#6](-[H])(-[H])-[H])(-[#6](-[H])(-[H])-[H])-[#6](-[#8]-[#15](=[#8])(-[#8]-[H])-[#8]-[#15](=[#8])(-[#8]-[H])-[#8]-[#6](-[#6@@]1(-[H])-[#8]-[#6@](-[#7]2:[#6](-[H]):[#7]:[#6]3:[#6](-[#7](-[H])-[H]):[#7]:[#6](-[H]):[#7]:[#6]:2:3)(-[H])-[#6@@](-[#8]-[H])(-[H])-[#6@@]-1(-[#8]-[#15](=[#8])(-[#8]-[H])-[#8]-[H])-[H])(-[H])-[H])(-[H])-[H])-[H])-[H])(-[H])-[H])(-[H])-[H])-[H])(-[H])-[H])(-[H])-[H])-[#6:59](-[#6:57])=[#8:60],"EVODEX.1-P3834,EVODEX.1-P3841,EVODEX.1-P3848,EVODEX.1-P3817,EVODEX.1-P3835"
EVODEX.1-E1080,103033118597917159659821638490149603241893350300407902734273275351357373973097,[#7:1](-[#6@@:2](-[#6:3])(-[#6:14]=[#8:15])-[H])(-[H:37])-[H:38]>>[#6:2](-[#6:3])(-[#6:14]=[#8:15])=[#8].[#7:1](-[#6@@](-[#6](-[#6](=[#8])-[#8]-[H])(-[H])-[H])(-[#6](=[#8])-[#8]-[H])-[H])(-[H:37])-[H:38],"EVODEX.1-P3024,EVODEX.1-P3114,EVODEX.1-P2943,EVODEX.1-P2944,EVODEX.1-P3216"
EVODEX.1-E1081,6827753263691844925949311003968036801195845604070676101693669651610379260519,[#6](-[#6](-[#6](-[H])(-[H])-[H])(-[#6](-[#8]-[#15](=[#8])(-[#8]-[H])-[#8]-[#15](=[#8])(-[#8]-[H])-[#8]-[#6](-[#6@@]1(-[H])-[#8]-[#6@](-[#7]2:[#6](-[H]):[#7]:[#6]3:[#6](-[#7](-[H])-[H]):[#7]:[#6](-[H]):[#7]:[#6]:2:3)(-[H])-[#6@@](-[#8]-[H])(-[H])-[#6@@]-1(-[#8]-[#15](=[#8])(-[#8]-[H])-[#8]-[H])-[H])(-[H])-[H])(-[H])-[H])-[#6@@](-[#8]-[H])(-[#6](=[#8])-[#7](-[#6](-[#6](-[#6](=[#8])-[#7](-[#6](-[#6](-[#16]-[#6:49](=[#8:50])-[#6@:51])(-[H])-[H])(-[H])-[H])-[H])(-[H])-[H])(-[H])-[H])-[H])-[H])(-[H])(-[H])-[H]>>[#6:49](=[#8:50])(-[#6@:51])-[#8]-[H],"EVODEX.1-P1585,EVODEX.1-P4164,EVODEX.1-P3844,EVODEX.1-P3800,EVODEX.1-P1584"
EVODEX.1-E1082,74961559874454491164985751424818587716345623383316721068003106590767331484214,[#6:1](-[#6:2](=[#8:3])-[#16]-[#6](-[#6](-[#7](-[#6](=[#8])-[#6](-[#6](-[#7](-[#6](=[#8])-[#6@](-[#8]-[H])(-[#6](-[#6](-[H])(-[H])-[H])(-[#6](-[H])(-[H])-[H])-[#6](-[#8]-[#15](=[#8])(-[#8]-[H])-[#8]-[#15](=[#8])(-[#8]-[H])-[#8]-[#6](-[#6@@]1(-[H])-[#8]-[#6@](-[#7]2:[#6](-[H]):[#7]:[#6]3:[#6](-[#7](-[H])-[H]):[#7]:[#6](-[H]):[#7]:[#6]:2:3)(-[H])-[#6@@](-[#8]-[H])(-[H])-[#6@@]-1(-[#8]-[#15](=[#8])(-[#8]-[H])-[#8]-[H])-[H])(-[H])-[H])(-[H])-[H])-[H])-[H])(-[H])-[H])(-[H])-[H])-[H])(-[H])-[H])(-[H])-[H])(-[H:98])(-[H:99])-[H].[#8:53]=[#6:54]-[#6:56](=[#8:57])-[#6:58]>>[#6:1](-[#6:2](=[#8:3])-[#8]-[H])(-[#6@:56](-[#6:54]=[#8:53])(-[#8:57]-[H])-[#6:58])(-[H:98])-[H:99],"EVODEX.1-P2183,EVODEX.1-P2191,EVODEX.1-P2198,EVODEX.1-P2201,EVODEX.1-P2185"
EVODEX.1-E1083,47290438034706260718002985451864717463747957052511893784479301484717913256420,[#6:3]-[#6:4](-[#6:5](=[#8:6])-[#16]-[#6](-[#6](-[#7](-[#6](=[#8])-[#6](-[#6](-[#7](-[#6](=[#8])-[#6@](-[#8]-[H])(-[#6](-[#6](-[H])(-[H])-[H])(-[#6](-[H])(-[H])-[H])-[#6](-[#8]-[#15](=[#8])(-[#8]-[H])-[#8]-[#15](=[#8])(-[#8]-[H])-[#8]-[#6](-[#6@@]1(-[H])-[#8]-[#6@](-[#7]2:[#6](-[H]):[#7]:[#6]3:[#6](-[#7](-[H])-[H]):[#7]:[#6](-[H]):[#7]:[#6]:2:3)(-[H])-[#6@@](-[#8]-[H])(-[H])-[#6@@]-1(-[#8]-[#15](=[#8])(-[#8]-[H])-[#8]-[H])-[H])(-[H])-[H])(-[H])-[H])-[H])-[H])(-[H])-[H])(-[H])-[H])-[H])(-[H])-[H])(-[H])-[H])(-[H:100])-[H].[#6:59]-[#6:60](=[#8:61])-[#6:62]=[#8:63]>>[#6:3]-[#6:4](-[#6:5](=[#8:6])-[#8]-[H])(-[#6:60](-[#6:59])(-[#8:61]-[H])-[#6:62]=[#8:63])-[H:100],"EVODEX.1-P2180,EVODEX.1-P2212,EVODEX.1-P2179,EVODEX.1-P2209,EVODEX.1-P2218"
EVODEX.1-E1084,44992922963278559939080320863634300097383548724550339528573610582647442801215,[#7](-[#6](=[#8])-[#7:4](-[#6:5])-[H:16])(-[H])-[H]>>[#7:4](-[#6:5])(-[H:16])-[H],"EVODEX.1-P5796,EVODEX.1-P5709,EVODEX.1-P5733,EVODEX.1-P5782,EVODEX.1-P1349"
EVODEX.1-E1085,114715205382490953590558330842232979890172259591653559467731774214200876779588,[#7:9](-[#6:10])(-[H:26])-[H]>>[#7](-[#6](=[#8])-[#7:9](-[#6:10])-[H:26])(-[H])-[H],"EVODEX.1-P1353,EVODEX.1-P1356,EVODEX.1-P1351,EVODEX.1-P1344,EVODEX.1-P1342"
EVODEX.1-E1086,78552638506106414440086138693804358974919806898478796579616397997778094827814,[#6:12]-[#8:13]-[#6@@:14](-[H:32])(-[#8:15])-[#6@:23]>>[#8]=[#15](-[#8]-[#6@@:14](-[H:32])(-[#8:15])-[#6@:23])(-[#8]-[H])-[#8]-[H].[#6:12]-[#8:13]-[H],"EVODEX.1-P2343,EVODEX.1-P2431,EVODEX.1-P2466,EVODEX.1-P2401,EVODEX.1-P2384"
EVODEX.1-E1087,3061045883039028990185848791588418976578882116371283714025458290221753478347,[#6:1]-[#6:2](=[#8:3])-[#16:4]-[#6:5]>>[#6:1]-[#6:2](=[#8:3])-[#8]-[#15](=[#8])(-[#8]-[H])-[#8]-[H].[#16:4](-[#6:5])-[H],"EVODEX.1-P1626,EVODEX.1-P1637,EVODEX.1-P1640,EVODEX.1-P1643,EVODEX.1-P1634"
EVODEX.1-E1088,60217573786261797673828164493617797690697163901063681749911994829102076887017,[#15:12]-[#8:19]-[#15:20](=[#8:21])(-[#8:22])-[#8:23]>>[#15:12]-[#8:19]-[H].[#15:20](=[#8:21])(-[#8:22])(-[#8:23])-[#8]-[#15](=[#8])(-[#8]-[H])-[#8]-[H],"EVODEX.1-P3677,EVODEX.1-P3618,EVODEX.1-P3678,EVODEX.1-P3681,EVODEX.1-P3679"
EVODEX.1-E1089,108561596681993655831282131416598252580756478257450927804958760816622601357656,[#8:37]-[#15:38](=[#8:39])(-[#8:40]-[H:55])-[#8:41].[#6:2]-[#6:3](=[#8:4])-[#7:5](-[#6@:6])-[H:78]>>[#8:37]-[#15:38](=[#8:39])(-[#8:41])-[#8]-[#15](=[#8])(-[#8]-[H])-[#8]-[H].[#6:2]-[#6:3](=[#8:4])-[#8:40]-[H:55].[#7:5](-[#6@:6])(-[H:78])-[H],"EVODEX.1-P7016,EVODEX.1-P6974,EVODEX.1-P6990,EVODEX.1-P6977,EVODEX.1-P7001"
EVODEX.1-E1090,103647881951865000540051699593228497884765650492768487831127900239733115011768,[#6:47]-[#16:48]-[#6:49](=[#8:50])-[#6@:51].[#8:75]-[#15:76](=[#8:77])(-[#8:78]-[H:133])-[#8:79]>>[#6:49](=[#8:50])(-[#6@:51])-[#8:78]-[H:133].[#6:47]-[#16:48]-[H].[#8:75]-[#15:76](=[#8:77])(-[#8:79])-[#8]-[#15](=[#8])(-[#8]-[H])-[#8]-[H],"EVODEX.1-P6744,EVODEX.1-P6766,EVODEX.1-P6733,EVODEX.1-P6737,EVODEX.1-P6836"
EVODEX.1-E1091,78486593707426124514038662164453083854305920008207547917279592402940556400530,[#6:190]-[#7:191](-[H:454])-[H]>>[#6:190]-[#7:191](-[#6](=[#7]-[H])-[#7](-[H])-[H])-[H:454],"EVODEX.1-P1359,EVODEX.1-P1366,EVODEX.1-P1364,EVODEX.1-P1362,EVODEX.1-P5279"
EVODEX.1-E1092,1704225475732689474627254205000030202718923737031745914723828068418985825175,[#7](=[#6](-[#7](-[H])-[H])-[#7:4](-[#6:5])-[H:27])-[H]>>[#7:4](-[#6:5])(-[H:27])-[H],"EVODEX.1-P5060,EVODEX.1-P5884,EVODEX.1-P5229,EVODEX.1-P5197,EVODEX.1-P5131"
EVODEX.1-E1093,91749527379544759921454495527850138569453797967632251044625131408330381916582,[#15:16]-[#8:19]-[#15:20](=[#8:21])(-[#8:22])-[#8:23]>>[#15:16]-[#8:19]-[H].[#15:20](=[#8:21])(-[#8:22])(-[#8:23])-[#8]-[#6@@]1(-[H])-[#8]-[#6@@](-[#6](-[#8]-[#15](=[#8])(-[#8]-[H])-[#8]-[H])(-[H])-[H])(-[H])-[#6@](-[#8]-[H])(-[H])-[#6@]-1(-[#8]-[H])-[H],"EVODEX.1-P3341,EVODEX.1-P3343,EVODEX.1-P3577,EVODEX.1-P3578,EVODEX.1-P3288"
EVODEX.1-E1094,46508553662316472469895622355567193801051759396365798197827268266211546212254,[#15:16]-[#8:18]-[H].[#8]=[#15](-[#8]-[H])(-[#8]-[H])-[#8]-[#6](-[#6@@]1(-[H])-[#8]-[#6@@](-[#8]-[#15:30](=[#8:31])(-[#8:32])-[#8:33])(-[H])-[#6@@](-[#8]-[H])(-[H])-[#6@@]-1(-[#8]-[H])-[H])(-[H])-[H]>>[#15:16]-[#8:18]-[#15:30](=[#8:31])(-[#8:32])-[#8:33],"EVODEX.1-P3594,EVODEX.1-P3588,EVODEX.1-P3576,EVODEX.1-P3580,EVODEX.1-P3584"
EVODEX.1-E1095,112179076269366062124788268569119383115787828036454790393896373408808774576578,[#8:12](-[#6](-[#6](-[#8]-[H])(-[#6](-[#8]-[H])(-[H])-[H])-[H])(-[H])-[H])-[H:40]>>[#8:12](-[H:40])-[H],"EVODEX.1-P3906,EVODEX.1-P4246,EVODEX.1-P4021,EVODEX.1-P3959,EVODEX.1-P3854"
EVODEX.1-E1096,68859938105895466103940134138945744214513201935843935413542165669226866939248,([#8:19]-[#15:20](=[#8:21])(-[#8:22])-[#8]-[#15](=[#8])(-[#8]-[H])-[#8]-[#6@@]1(-[H])-[#8]-[#6@@](-[#6](-[#8]-[H])(-[H])-[H])(-[H])-[#6@](-[#8]-[H])(-[H])-[#6@@](-[#8]-[H])(-[H])-[#6@]-1(-[#8]-[H])-[H].[#8:40]-[#6@@:39](-[#6@@:17])(-[H:66])-[#6@:41](-[#6@:15])(-[#8:42])-[H:68]).[#15:2]-[#8:3]-[H]>>([#15:2]-[#8:3]-[#15:20](-[#8:19])(=[#8:21])-[#8:22].[#8:42]-[#6@:41](-[#6@:15])(-[H:68])-[#6@@:39](-[#6@@:17])(-[#8:40])-[H:66]),"EVODEX.1-P3622,EVODEX.1-P3689,EVODEX.1-P3615,EVODEX.1-P3692,EVODEX.1-P3693"
EVODEX.1-E1097,33177945533782436079216143460906349176719608550832869549327018234660325578348,[#15:17]-[#8:20]-[#15:21](=[#8:22])(-[#8:23])-[#8:24]>>[#15:17]-[#8:20]-[H].[#15:21](=[#8:22])(-[#8:23])(-[#8:24])-[#8]-[#6](-[#6@@]1(-[H])-[#8]-[#6](-[#8]-[H])(-[H])-[#6@@](-[#8]-[H])(-[H])-[#6@](-[#8]-[H])(-[H])-[#6@@]-1(-[#8]-[H])-[H])(-[H])-[H],"EVODEX.1-P3228,EVODEX.1-P4233,EVODEX.1-P3231,EVODEX.1-P3293,EVODEX.1-P3292"
EVODEX.1-E1098,9314687572846525114317274734007178050147251444686912588331118433490307995089,[#15:17]-[#8:20]-[#15:21](=[#8:22])(-[#8:23])-[#8:24]>>[#15:17]-[#8:20]-[H].[#15:21](=[#8:22])(-[#8:23])(-[#8:24])-[#8]-[#6](-[#6@](-[#6@](-[#6@@](-[#6@](-[#6](=[#8])-[H])(-[#8]-[H])-[H])(-[#8]-[H])-[H])(-[#8]-[H])-[H])(-[#8]-[H])-[H])(-[H])-[H],"EVODEX.1-P4230,EVODEX.1-P3323,EVODEX.1-P3245,EVODEX.1-P3421,EVODEX.1-P3229"
EVODEX.1-E1099,3796155076186324215866187021643049849618965236547641433687041160800757703203,[#15:17]-[#8:20]-[#15:21](=[#8:22])(-[#8:23])-[#8:24]>>[#15:17]-[#8:20]-[H].[#15:21](=[#8:22])(-[#8:23])(-[#8:24])-[#8]-[#6@]1(-[H])-[#6@@](-[#8]-[H])(-[H])-[#6@](-[#8]-[H])(-[H])-[#6@@](-[#8]-[H])(-[H])-[#6@](-[#8]-[H])(-[H])-[#6@@]-1(-[#8]-[H])-[H],"EVODEX.1-P3698,EVODEX.1-P3702,EVODEX.1-P3424,EVODEX.1-P3700,EVODEX.1-P3701"
EVODEX.1-E1100,95083844498352787606569277515262596216911194075043420260112708855383437460026,[#15:15]-[#8:18]-[#15:19](=[#8:20])(-[#8:21])-[#8:22]>>[#15:15]-[#8:18]-[H].[#15:19](=[#8:20])(-[#8:21])(-[#8:22])-[#8]-[#6@@]1(-[H])-[#8]-[#6@@](-[#6](-[#8]-[H])(-[H])-[H])(-[H])-[#6@@](-[#8]-[H])(-[H])-[#6@@](-[#8]-[H])(-[H])-[#6@]-1(-[#8]-[H])-[H],"EVODEX.1-P3408,EVODEX.1-P3409,EVODEX.1-P3415,EVODEX.1-P3416,EVODEX.1-P3411"
EVODEX.1-E1101,74001743178193179200363211593822220519205058790005776702851188182350976244207,[#7:11](-[#6@@:12])(-[H:67])-[H].([#8:44]-[#15:45](=[#8:46])(-[#8:47])-[#8:48]-[#15:49].[#8:54]-[#6@@:53](-[#6@@:38])(-[H:90])-[#6@:55](-[#6@:36])(-[#8:56])-[H:92])>>[#7](-[#6](=[#8])-[#6](-[#6](-[#6@](-[#7](-[H])-[H])(-[#6](=[#8])-[#7:11](-[#6@@:12])-[H:67])-[H])(-[H])-[H])(-[H])-[H])(-[H])-[H].([#8](-[#15:45](-[#8:44])(=[#8:46])-[#8:47])-[H].[#8:56]-[#6@:55](-[#6@:36])(-[H:92])-[#6@@:53](-[#6@@:38])(-[#8:54])-[H:90]).[#8:48](-[#15:49])-[H],"EVODEX.1-P7233,EVODEX.1-P7193,EVODEX.1-P7227,EVODEX.1-P7238,EVODEX.1-P7222"
EVODEX.1-E1102,15472125051164921586322156663465319164638414242565811263202157123384549692892,[#6:4]-[#6:5](=[#8:6])-[#6:7]=[#8:8]>>[#6:4]-[#6:5](-[#6:7]=[#8:8])(-[#7](-[H])-[H])-[H].[#8:6]=[#6](-[#6](-[#6](-[#6](-[#7](-[H])-[H])=[#8])(-[H])-[H])(-[H])-[H])-[#6](=[#8])-[#8]-[H],"EVODEX.1-P2880,EVODEX.1-P3113,EVODEX.1-P2888,EVODEX.1-P2879,EVODEX.1-P3133"
EVODEX.1-E1103,78266602835424812553339828489931871228955950521626071290949220959571050637201,[#6](-[#6](-[#6](-[H])(-[H])-[H])(-[#6](-[#8]-[#15](=[#8])(-[#8]-[H])-[#8]-[#15](=[#8])(-[#8]-[H])-[#8]-[#6](-[#6@@]1(-[H])-[#8]-[#6@](-[#7]2:[#6](-[H]):[#7]:[#6]3:[#6](-[#7](-[H])-[H]):[#7]:[#6](-[H]):[#7]:[#6]:2:3)(-[H])-[#6@@](-[#8]-[H])(-[H])-[#6@@]-1(-[#8]-[#15](=[#8])(-[#8]-[H])-[#8]-[H])-[H])(-[H])-[H])(-[H])-[H])-[#6@@](-[#8]-[H])(-[#6](=[#8])-[#7](-[#6](-[#6](-[#6](=[#8])-[#7](-[#6](-[#6](-[#16]-[#6:49](=[#8:50])-[#6:51])(-[H])-[H])(-[H])-[H])-[H])(-[H])-[H])(-[H])-[H])-[H])-[H])(-[H])(-[H])-[H]>>[#6:49](=[#8:50])(-[#6:51])-[#7](-[#6](-[#6](=[#8])-[#8]-[H])(-[H])-[H])-[H],"EVODEX.1-P1645,EVODEX.1-P1840,EVODEX.1-P1461,EVODEX.1-P1460,EVODEX.1-P1644"
EVODEX.1-E1104,71686550618331000806363544373979968496951943684346196984364769318998005846203,[#6:6](-[#6@@:5])(-[#8]-[#6@]1(-[H])-[#8]-[#6@@](-[#6](-[#8]-[H])(-[H])-[H])(-[H])-[#6@](-[#8]-[H])(-[H])-[#6@@](-[#8]-[H])(-[H])-[#6@]-1(-[#8]-[H])-[H])(-[H:38])-[H:39].[#8:25](-[H:50])-[H]>>[#6:6](-[#6@@:5])(-[#8:25]-[H:50])(-[H:38])-[H:39],"EVODEX.1-P4492,EVODEX.1-P4493,EVODEX.1-P4472,EVODEX.1-P4489,EVODEX.1-P4456"
EVODEX.1-E1105,33824006894496537281930972362327697443026567854470534643061658424966139330474,[#8](-[#6@@:29](-[#6@@:26])(-[H:81])-[#6@@:42])-[#6@]1(-[H])-[#8]-[#6@@](-[#6](-[#8]-[H])(-[H])-[H])(-[H])-[#6@@](-[#8]-[H])(-[H])-[#6@@](-[#8]-[H])(-[H])-[#6@]-1(-[#8]-[H])-[H].[#8:64](-[H:160])-[H]>>[#8:64](-[#6@:29](-[#6@@:26])(-[H:81])-[#6@@:42])-[H:160],"EVODEX.1-P4322,EVODEX.1-P4433,EVODEX.1-P4432,EVODEX.1-P4473,EVODEX.1-P4465"
EVODEX.1-E1106,21996368107678471071992605331210569455150989444783764370448534314198758078702,[#8:7]-[#6@:8](-[#8]-[#6@]1(-[H])-[#8]-[#6@@](-[#6](-[#8]-[H])(-[H])-[H])(-[H])-[#6@](-[#8]-[H])(-[H])-[#6@](-[#8]-[H])(-[H])-[#6@]-1(-[#8]-[H])-[H])(-[H:41])-[#6@@:21].[#8:28](-[H:53])-[H]>>[#8:7]-[#6@:8](-[#8:28]-[H:53])(-[H:41])-[#6@@:21],"EVODEX.1-P4426,EVODEX.1-P4315,EVODEX.1-P4333,EVODEX.1-P4321,EVODEX.1-P4450"
EVODEX.1-E1107,23988165442385362105319783593733778310788283504407663320031727954329049925785,[#8](-[#6](-[#6@@]1(-[H])-[#8]-[#6@@](-[#6](-[#8]-[H])(-[H])-[H])(-[#8]-[#6@@:9](-[H:45])(-[#8:10])-[#6@:18])-[#6@](-[#8]-[H])(-[H])-[#6@@]-1(-[#8]-[H])-[H])(-[H])-[H])-[H].[#6:33]-[#8:34]-[H]>>[#8:34](-[#6@@:9](-[H:45])(-[#8:10])-[#6@:18])-[#6:33],"EVODEX.1-P2449,EVODEX.1-P2463,EVODEX.1-P2451,EVODEX.1-P2468,EVODEX.1-P2460"
EVODEX.1-E1108,64491947410327754955481721771219651855323422671109042936480082552890514330950,[#6:2]-[#6:3](-[#6:4])(-[#6:5])-[#8]-[#6@]1(-[H])-[#8]-[#6@@](-[#6](-[#8]-[H])(-[H])-[H])(-[H])-[#6@](-[#8]-[H])(-[H])-[#6@@](-[#8]-[H])(-[H])-[#6@]-1(-[#8]-[H])-[H].[#8:23](-[H:52])-[H]>>[#6:2]-[#6:3](-[#6:4])(-[#6:5])-[#8:23]-[H:52],"EVODEX.1-P4437,EVODEX.1-P4438,EVODEX.1-P4441,EVODEX.1-P4458,EVODEX.1-P4436"
EVODEX.1-E1109,23393831765517330441388543511237925405429892993612923913842912009585222875996,[#6:7]-[#8:8]-[H].[#8:14]=[#15:15](-[#8:16])(-[#8:17])-[#8]-[#6@@]1(-[H])-[#8]-[#6@@](-[#6](-[#8]-[H])(-[H])-[H])(-[H])-[#6@](-[#8]-[H])(-[H])-[#6@@](-[#8]-[H])(-[H])-[#6@]-1(-[#8]-[H])-[H]>>[#6:7]-[#8:8]-[#15:15](=[#8:14])(-[#8:16])-[#8:17],"EVODEX.1-P6602,EVODEX.1-P6598,EVODEX.1-P3381,EVODEX.1-P3619,EVODEX.1-P6597"
EVODEX.1-E1110,19807586671507683363993719528835320441262907050551039057082612359639583439675,[#8:1]=[#6:2](-[#6:3]=[#6:4])-[#8]-[#6@]1(-[H])-[#8]-[#6@@](-[#6](-[#8]-[H])(-[H])-[H])(-[H])-[#6@](-[#8]-[H])(-[H])-[#6@@](-[#8]-[H])(-[H])-[#6@]-1(-[#8]-[H])-[H].[#6:30]-[#8:32]-[H]>>[#8:1]=[#6:2](-[#6:3]=[#6:4])-[#8:32]-[#6:30],"EVODEX.1-P2092,EVODEX.1-P2097,EVODEX.1-P2101,EVODEX.1-P2100,EVODEX.1-P2095"
EVODEX.1-E1111,44498146975909006588393671828783147066131112495941464919265581813028824270802,[#6:6]-[#8:7]-[H].[#8:49]1-[#6@@:48]-[#6@:67](-[#6@@:65](-[#6@:50]-1(-[#6:51])-[#8]-[#6@@]1(-[H])-[#8]-[#6@@](-[#6](-[#8]-[H])(-[H])-[H])(-[H])-[#6@](-[#8]-[H])(-[H])-[#6@@](-[#8]-[H])(-[H])-[#6@]-1(-[#8]-[H])-[H])(-[#8:66])-[H:127])(-[#8:68])-[H:129]>>[#6:6]-[#8:7]-[#6@@:50]1(-[#6:51])-[#8:49]-[#6@@:48]-[#6@:67](-[#8:68])(-[H:129])-[#6@@:65]-1(-[#8:66])-[H:127],"EVODEX.1-P2295,EVODEX.1-P2294,EVODEX.1-P2500,EVODEX.1-P2291,EVODEX.1-P2297"
EVODEX.1-E1112,86956217548611274992193033230168406713312574428887852205676557311997860782650,[#6:6]=[#6:7]-[#6:8](=[#8:9])-[#16]-[#6](-[#6](-[#7](-[#6](=[#8])-[#6](-[#6](-[#7](-[#6](=[#8])-[#6@](-[#8]-[H])(-[#6](-[#6](-[H])(-[H])-[H])(-[#6](-[H])(-[H])-[H])-[#6](-[#8]-[#15](=[#8])(-[#8]-[H])-[#8]-[#15](=[#8])(-[#8]-[H])-[#8]-[#6](-[#6@@]1(-[H])-[#8]-[#6@](-[#7]2:[#6](-[H]):[#7]:[#6]3:[#6](-[#7](-[H])-[H]):[#7]:[#6](-[H]):[#7]:[#6]:2:3)(-[H])-[#6@@](-[#8]-[H])(-[H])-[#6@@]-1(-[#8]-[#15](=[#8])(-[#8]-[H])-[#8]-[H])-[H])(-[H])-[H])(-[H])-[H])-[H])-[H])(-[H])-[H])(-[H])-[H])-[H])(-[H])-[H])(-[H])-[H]>>[#6:6]=[#6:7]-[#6:8](=[#8:9])-[#7](-[#6]1:[#6](-[H]):[#6](-[H]):[#6](-[H]):[#6](-[H]):[#6]:1-[#6](=[#8])-[#8]-[H])-[H],"EVODEX.1-P1544,EVODEX.1-P1555,EVODEX.1-P1552,EVODEX.1-P1535,EVODEX.1-P1540"
EVODEX.1-E1113,21520090564035574171353812813076871207303127202640545936437658192859830663828,[#8:14]=[#6:15](-[#8:16]-[H:33])-[#6:17]>>[#6](-[#6]1:[#6](-[H]):[#6](=[#8]):[#8]:[#6]2:[#6](-[H]):[#6](-[#7](-[#6:15](=[#8:14])-[#6:17])-[H]):[#6](-[H]):[#6](-[H]):[#6]:1:2)(-[H])(-[H])-[H].[#8:16](-[H:33])-[H],"EVODEX.1-P5080,EVODEX.1-P5085,EVODEX.1-P5087,EVODEX.1-P5227,EVODEX.1-P5074"
EVODEX.1-E1114,2963318163486958473739823741395818003467780526383745537720297121952643080904,[#6:6]=[#6:7]-[#6:8](=[#8:9])-[#16]-[#6](-[#6](-[#7](-[#6](=[#8])-[#6](-[#6](-[#7](-[#6](=[#8])-[#6@](-[#8]-[H])(-[#6](-[#6](-[H])(-[H])-[H])(-[#6](-[H])(-[H])-[H])-[#6](-[#8]-[#15](=[#8])(-[#8]-[H])-[#8]-[#15](=[#8])(-[#8]-[H])-[#8]-[#6](-[#6@@]1(-[H])-[#8]-[#6@](-[#7]2:[#6](-[H]):[#7]:[#6]3:[#6](-[#7](-[H])-[H]):[#7]:[#6](-[H]):[#7]:[#6]:2:3)(-[H])-[#6@@](-[#8]-[H])(-[H])-[#6@@]-1(-[#8]-[#15](=[#8])(-[#8]-[H])-[#8]-[H])-[H])(-[H])-[H])(-[H])-[H])-[H])-[H])(-[H])-[H])(-[H])-[H])-[H])(-[H])-[H])(-[H])-[H]>>[#6:6]=[#6:7]-[#6:8](=[#8:9])-[#7](-[#6]1:[#6](-[#8]-[H]):[#6](-[H]):[#6](-[H]):[#6](-[H]):[#6]:1-[#6](=[#8])-[#8]-[H])-[H],"EVODEX.1-P1554,EVODEX.1-P1543,EVODEX.1-P1534,EVODEX.1-P1549,EVODEX.1-P1541"
EVODEX.1-E1115,56571650274460673881133458014338823767304430127614465575936283210118764493538,[#6:1]-[#6:2](=[#8:3])-[#8]-[#6](-[#6](-[#8]-[H])(-[#6](-[#8]-[H])(-[H])-[H])-[H])(-[H])-[H].[#8:10](-[H:21])-[H]>>[#6:1]-[#6:2](=[#8:3])-[#8:10]-[H:21],"EVODEX.1-P3873,EVODEX.1-P3958,EVODEX.1-P3860,EVODEX.1-P3859,EVODEX.1-P3856"
EVODEX.1-E1116,33766081651407954299996269804780493420545692921342716910161956951304908272025,[#6](-[#6](-[#6](-[H])(-[H])-[H])(-[#6](-[#8]-[#15](=[#8])(-[#8]-[H])-[#8]-[#15](=[#8])(-[#8]-[H])-[#8]-[#6](-[#6@@]1(-[H])-[#8]-[#6@](-[#7]2:[#6](-[H]):[#7]:[#6]3:[#6](-[#7](-[H])-[H]):[#7]:[#6](-[H]):[#7]:[#6]:2:3)(-[H])-[#6@@](-[#8]-[H])(-[H])-[#6@@]-1(-[#8]-[#15](=[#8])(-[#8]-[H])-[#8]-[H])-[H])(-[H])-[H])(-[H])-[H])-[#6@@](-[#8]-[H])(-[#6](=[#8])-[#7](-[#6](-[#6](-[#6](=[#8])-[#7](-[#6](-[#6](-[#16]-[#6:116](=[#8:117])-[#6:118])(-[H])-[H])(-[H])-[H])-[H])(-[H])-[H])(-[H])-[H])-[H])-[H])(-[H])(-[H])-[H]>>[#6:116](=[#8:117])(-[#6:118])-[#8]-[#6](-[#6@](-[#6](-[#8]-[#15](=[#8])(-[#8]-[H])-[#8]-[H])(-[H])-[H])(-[#8]-[H])-[H])(-[H])-[H],"EVODEX.1-P1650,EVODEX.1-P1563,EVODEX.1-P1565,EVODEX.1-P1651,EVODEX.1-P1559"
EVODEX.1-E1117,113226157993760502949509358528570302149479011017954501914483519783381764058593,[#6:114]-[#16:115]-[#6:116](=[#8:117])-[#6:118]>>[#6:116](=[#8:117])(-[#6:118])-[#8]-[#6](-[#6@](-[#6](-[#8]-[#15](=[#8])(-[#8]-[H])-[#8]-[H])(-[H])-[H])(-[#8]-[H])-[H])(-[H])-[H].[#6:114]-[#16:115]-[H],"EVODEX.1-P1558,EVODEX.1-P1564,EVODEX.1-P1560,EVODEX.1-P1568,EVODEX.1-P1566"
EVODEX.1-E1118,54034152576673601475741405601626716309455038794795819382143620352961633232351,[#6:85]-[#8:86]-[H]>>[#6](-[#6](-[#6](-[#6](-[#6](-[#6](-[#6](-[#6](-[#6](=[#6](-[#6](-[#6](-[#6](-[#6](-[#6](-[#6](-[#6](-[#6](-[#6](-[#6](-[#6](-[#6](=[#8])-[#8:86]-[#6:85])(-[H])-[H])(-[H])-[H])(-[H])-[H])(-[H])-[H])(-[H])-[H])(-[H])-[H])(-[H])-[H])(-[H])-[H])(-[H])-[H])(-[H])-[H])(-[H])-[H])-[H])-[H])(-[H])-[H])(-[H])-[H])(-[H])-[H])(-[H])-[H])(-[H])-[H])(-[H])-[H])(-[H])-[H])(-[H])(-[H])-[H],"EVODEX.1-P1929,EVODEX.1-P1926,EVODEX.1-P1939,EVODEX.1-P1933,EVODEX.1-P1922"
EVODEX.1-E1119,81866427887031033276001463144383684576699239090236837996608627500874551568027,[#6:10]-[#8:11]-[H].[#8]=[#6]1:[#6](-[H]):[#6](-[H]):[#7](-[#6@]2(-[H])-[#8]-[#6@@](-[#6](-[#8]-[#15](=[#8])(-[#8]-[H])-[#8]-[#15](=[#8])(-[#8]-[H])-[#8]-[#6@@:42](-[H:75])(-[#8:43])-[#6@:49])(-[H])-[H])(-[H])-[#6@](-[#8]-[H])(-[H])-[#6@]-2(-[#8]-[H])-[H]):[#6](=[#8]):[#7]:1-[H]>>[#6:10]-[#8:11]-[#6@:42](-[H:75])(-[#8:43])-[#6@:49],"EVODEX.1-P2244,EVODEX.1-P2323,EVODEX.1-P2440,EVODEX.1-P2428,EVODEX.1-P2303"
EVODEX.1-E1120,101030951441994420474695625413068416603325075917851553792995114945300870635627,[#6:12]-[#7:13](-[H:51])-[H].[#8]=[#6]1:[#6](-[H]):[#6](-[H]):[#7](-[#6@]2(-[H])-[#8]-[#6@@](-[#6](-[#8]-[#15](=[#8])(-[#8]-[H])-[#8]-[#15](=[#8])(-[#8]-[H])-[#8]-[#6@@:33](-[H:81])(-[#8:34])-[#6@:42])(-[H])-[H])(-[H])-[#6@](-[#8]-[H])(-[H])-[#6@]-2(-[#8]-[H])-[H]):[#6](=[#8]):[#7]:1-[H]>>[#6:12]-[#7:13](-[#6:33](-[H:81])(-[#8:34])-[#6@:42])-[H:51],"EVODEX.1-P2478,EVODEX.1-P2469,EVODEX.1-P2482,EVODEX.1-P2472,EVODEX.1-P2476"
EVODEX.1-E1121,33710143993666455407672266536727020325185120831837234767194727182060530904072,[#16:22](-[#6@:21])-[H].[#8]=[#6]1:[#6](-[H]):[#6](-[H]):[#7](-[#6@]2(-[H])-[#8]-[#6@@](-[#6](-[#8]-[#15](=[#8])(-[#8]-[H])-[#8]-[#15](=[#8])(-[#8]-[H])-[#8]-[#6@@:43](-[H:84])(-[#8:44])-[#6@:52])(-[H])-[H])(-[H])-[#6@](-[#8]-[H])(-[H])-[#6@]-2(-[#8]-[H])-[H]):[#6](=[#8]):[#7]:1-[H]>>[#16:22](-[#6@:21])-[#6@:43](-[H:84])(-[#8:44])-[#6@:52],"EVODEX.1-P2329,EVODEX.1-P2331,EVODEX.1-P2335,EVODEX.1-P2327,EVODEX.1-P2337"
EVODEX.1-E1122,25030982116983106972337382809395758770732918705586388178976596652345696094536,[#8](-[#6@@:6](-[#6@@:5])(-[H:59])-[#8:32])-[#15](=[#8])(-[#8]-[H])-[#8]-[#15](=[#8])(-[#8]-[H])-[#8]-[#6](-[#6@@]1(-[H])-[#8]-[#6@](-[#7]2:[#6](-[H]):[#6](-[H]):[#6](=[#8]):[#7](-[H]):[#6]:2=[#8])(-[H])-[#6@@](-[#8]-[H])(-[H])-[#6@@]-1(-[#8]-[H])-[H])(-[H])-[H].[#15:41]-[#8:42]-[H]>>[#8:42](-[#6@@:6](-[#6@@:5])(-[H:59])-[#8:32])-[#15:41],"EVODEX.1-P2506,EVODEX.1-P2287,EVODEX.1-P2258,EVODEX.1-P2254,EVODEX.1-P3647"
EVODEX.1-E1123,51506794421590782436018644670594719212872862666898468864731294795721357601846,[#8:3](-[#6@@:2])-[H].[#8]=[#6]1:[#6](-[H]):[#6](-[H]):[#7](-[#6@]2(-[H])-[#8]-[#6@@](-[#6](-[#8]-[#15](=[#8])(-[#8]-[H])-[#8]-[#15](=[#8])(-[#8]-[H])-[#8]-[#15:33](=[#8:34])(-[#8:35])-[#8:36])(-[H])-[H])(-[H])-[#6@](-[#8]-[H])(-[H])-[#6@]-2(-[#8]-[H])-[H]):[#6](=[#8]):[#7]:1-[H]>>[#8:3](-[#6@@:2])-[#15:33](=[#8:34])(-[#8:35])-[#8:36],"EVODEX.1-P3383,EVODEX.1-P3489,EVODEX.1-P3467,EVODEX.1-P3254,EVODEX.1-P3351"
EVODEX.1-E1124,38301178030974814563015764727728748262607417516659597029566335299247024759812,[#8]=[#6]1:[#6](-[H]):[#6](-[H]):[#7](-[#6@]2(-[H])-[#8]-[#6@@](-[#6](-[#8]-[#15](=[#8])(-[#8]-[H])-[#8]-[#15](=[#8])(-[#8]-[H])-[#8]-[#6@@:19](-[H:72])(-[#8:20])-[#6@:26])(-[H])-[H])(-[H])-[#6@](-[#8]-[H])(-[H])-[#6@]-2(-[#8]-[H])-[H]):[#6](=[#8]):[#7]:1-[H].[#6:36]-[#6@@:37](-[H:89])(-[#8:38])-[#6@:65](-[#6@:63])(-[#8:66]-[H])-[H:106]>>[#8:66](-[#6@@:19](-[H:72])(-[#8:20])-[#6@:26])-[#6@:65](-[H:106])(-[#6@:37](-[#6:36])(-[H:89])-[#8:38])-[#6@:63],"EVODEX.1-P2501,EVODEX.1-P2324,EVODEX.1-P2266,EVODEX.1-P2457,EVODEX.1-P2494"
EVODEX.1-E1125,48692907160739036025959387548552740859485378311371166581968846511635622105777,[#15:2]-[#8:3]-[H]>>[#15:2]-[#8:3]-[#15](-[#8]-[#6](-[#6@@]1(-[H])-[#8]-[#6@](-[#7]2:[#6](-[H]):[#6](-[H]):[#6](=[#8]):[#7](-[H]):[#6]:2=[#8])(-[H])-[#6@@](-[#8]-[H])(-[H])-[#6@@]-1(-[#8]-[H])-[H])(-[H])-[H])(=[#8])-[#8]-[H],"EVODEX.1-P1581,EVODEX.1-P3694,EVODEX.1-P1580,EVODEX.1-P3691,EVODEX.1-P3690"
EVODEX.1-E1126,74008675322531847998816171520910699067675155117950904894907048567347896698994,[#6:55]-[#6:56](=[#8:57])-[#16:58]-[#6:59]>>[#6](-[#6](-[#6](-[#6](-[#6](-[#6](-[#6](-[#6](-[#6](=[#6](-[#6](-[#6](-[#6](-[#6](-[#6](-[#6](-[#6](-[#6](=[#8])-[#8]-[#6](-[#6@](-[#6](-[#8]-[#6:56](-[#6:55])=[#8:57])(-[H])-[H])(-[#8]-[#6](=[#8])-[#6](-[#6](-[#6](-[#6](-[#6](-[#6](-[#6](-[#6](=[#6](-[#6](-[#6](-[#6](-[#6](-[#6](-[#6](-[#6](-[#6](-[H])(-[H])-[H])(-[H])-[H])(-[H])-[H])(-[H])-[H])(-[H])-[H])(-[H])-[H])(-[H])-[H])(-[H])-[H])-[H])-[H])(-[H])-[H])(-[H])-[H])(-[H])-[H])(-[H])-[H])(-[H])-[H])(-[H])-[H])(-[H])-[H])-[H])(-[H])-[H])(-[H])-[H])(-[H])-[H])(-[H])-[H])(-[H])-[H])(-[H])-[H])(-[H])-[H])(-[H])-[H])-[H])-[H])(-[H])-[H])(-[H])-[H])(-[H])-[H])(-[H])-[H])(-[H])-[H])(-[H])-[H])(-[H])-[H])(-[H])(-[H])-[H].[#16:58](-[#6:59])-[H],"EVODEX.1-P1665,EVODEX.1-P1666,EVODEX.1-P1668,EVODEX.1-P1675,EVODEX.1-P1677"
EVODEX.1-E1127,98700218519305142972406522947779026340197937527067105579358713279223584012049,[#6](-[#6]1(-[#6](-[H])(-[H])-[H])-[#16]-[#6@]2(-[H])-[#6](-[#7](-[#6:8](=[#8:9])-[#6:10])-[H])(-[H])-[#6](=[#8])-[#7]-2-[#6@]-1(-[#6](=[#8])-[#8]-[H])-[H])(-[H])(-[H])-[H]>>[#6:8](=[#8:9])(-[#6:10])-[#8]-[H],"EVODEX.1-P5457,EVODEX.1-P5453,EVODEX.1-P5477,EVODEX.1-P4063,EVODEX.1-P4055"
EVODEX.1-E1128,68004710487013901092977365299574400703434741367311620562359984034257345511856,[#6:2]-[#6:10](=[#8:11])-[#8:12]-[H:44]>>[#6:2]-[#6:10](=[#8:11])-[#7](-[#6@@]1(-[H])-[#6@@]2(-[H])-[#16]-[#6](-[#6](-[H])(-[H])-[H])(-[#6](-[H])(-[H])-[H])-[#6@@](-[#6](=[#8])-[#8]-[H])(-[H])-[#7]-2-[#6]-1=[#8])-[H].[#8:12](-[H:44])-[H],"EVODEX.1-P5481,EVODEX.1-P5458,EVODEX.1-P5476,EVODEX.1-P5460,EVODEX.1-P5479"
EVODEX.1-E1129,63660749588104320935176947737518243551385134439535707815144853319529774266946,[#6](-[#6]1(-[#6](-[H])(-[H])-[H])-[#16]-[#6@]2(-[H])-[#6](-[#7](-[#6:8](=[#8:9])-[#6:10])-[H])(-[H])-[#6](=[#8])-[#7]-2-[#6@]-1(-[#6](=[#8])-[#8]-[H])-[H])(-[H])(-[H])-[H].[#8:24](-[H:44])-[H]>>[#6:8](=[#8:9])(-[#6:10])-[#8:24]-[H:44],"EVODEX.1-P5478,EVODEX.1-P5475,EVODEX.1-P5827,EVODEX.1-P5456,EVODEX.1-P1588"
EVODEX.1-E1130,54757229639961616590744572339722702703156139471679156557202212632702520528058,[#6:30]-[#6:31](=[#8:32])-[#16]-[#6](-[#6](-[#7](-[#6](-[#6](-[H])(-[H])-[H])=[#8])-[H])(-[H])-[H])(-[H])-[H]>>[#6](-[#6](=[#8])-[#6]1:[#6](-[H]):[#6](-[H]):[#6](-[H]):[#6](-[#7](-[#6@@]2(-[H])-[#6@@](-[#7](-[H])-[H])(-[H])-[#6@](-[#6](-[H])(-[H])-[H])(-[#7](-[#6](=[#8])-[#7](-[#6](-[H])(-[H])-[H])-[#6](-[H])(-[H])-[H])-[H])-[#6@@](-[#6](-[H])(-[H])-[H])(-[#8]-[H])-[#6@@]-2(-[#8]-[H])-[#6](-[#8]-[#6:31](-[#6:30])=[#8:32])(-[H])-[H])-[H]):[#6]:1-[H])(-[H])(-[H])-[H],"EVODEX.1-P1613,EVODEX.1-P1606,EVODEX.1-P1608,EVODEX.1-P1616,EVODEX.1-P1611"
EVODEX.1-E1131,91258097211347273127711989242048670059197144696703902523765030166818971692140,[#6:30]-[#6:31](=[#8:32])-[#16:33]-[#6:34]>>[#6](-[#6](=[#8])-[#6]1:[#6](-[H]):[#6](-[H]):[#6](-[H]):[#6](-[#7](-[#6@@]2(-[H])-[#6@@](-[#7](-[H])-[H])(-[H])-[#6@](-[#6](-[H])(-[H])-[H])(-[#7](-[#6](=[#8])-[#7](-[#6](-[H])(-[H])-[H])-[#6](-[H])(-[H])-[H])-[H])-[#6@@](-[#6](-[H])(-[H])-[H])(-[#8]-[H])-[#6@@]-2(-[#8]-[H])-[#6](-[#8]-[#6:31](-[#6:30])=[#8:32])(-[H])-[H])-[H]):[#6]:1-[H])(-[H])(-[H])-[H].[#16:33](-[#6:34])-[H],"EVODEX.1-P1609,EVODEX.1-P1615,EVODEX.1-P1617,EVODEX.1-P1614,EVODEX.1-P1604"
EVODEX.1-E1132,90560471349022552246411715977159975674824043973449426688004353348003929929821,[#6:1]-[#6:2](=[#8:3])-[#16]-[#6](-[#6](-[#7](-[#6](=[#8])-[#6](-[#6](-[#7](-[#6](=[#8])-[#6@](-[#8]-[H])(-[#6](-[#6](-[H])(-[H])-[H])(-[#6](-[H])(-[H])-[H])-[#6](-[#8]-[#15](=[#8])(-[#8]-[H])-[#8]-[#15](=[#8])(-[#8]-[H])-[#8]-[#6](-[#6@@]1(-[H])-[#8]-[#6@](-[#7]2:[#6](-[H]):[#7]:[#6]3:[#6](-[#7](-[H])-[H]):[#7]:[#6](-[H]):[#7]:[#6]:2:3)(-[H])-[#6@@](-[#8]-[H])(-[H])-[#6@@]-1(-[#8]-[#15](=[#8])(-[#8]-[H])-[#8]-[H])-[H])(-[H])-[H])(-[H])-[H])-[H])-[H])(-[H])-[H])(-[H])-[H])-[H])(-[H])-[H])(-[H])-[H]>>[#6:1]-[#6:2](=[#8:3])-[#8]-[#6](-[#6](-[#6](-[#6](-[#6](-[#6](-[#6](-[#6](-[#6](-[#6](-[#6](-[#6](-[H])(-[H])-[H])(-[H])-[H])(-[H])-[H])(-[H])-[H])(-[H])-[H])(-[H])-[H])(-[H])-[H])(-[H])-[H])(-[H])-[H])(-[H])-[H])(-[H])-[H])(-[H])-[H],"EVODEX.1-P2022,EVODEX.1-P2001,EVODEX.1-P1946,EVODEX.1-P1920,EVODEX.1-P1870"
EVODEX.1-E1133,50348258191077057273191971145708310905662921484161225743065017110982775415049,[#6:1]-[#6:2](=[#8:3])-[#16:4]-[#6:5]>>[#6:1]-[#6:2](=[#8:3])-[#8]-[#6](-[#6](-[#6](-[#6](-[#6](-[#6](-[#6](-[#6](-[#6](-[#6](-[#6](-[#6](-[H])(-[H])-[H])(-[H])-[H])(-[H])-[H])(-[H])-[H])(-[H])-[H])(-[H])-[H])(-[H])-[H])(-[H])-[H])(-[H])-[H])(-[H])-[H])(-[H])-[H])(-[H])-[H].[#16:4](-[#6:5])-[H],"EVODEX.1-P1896,EVODEX.1-P1871,EVODEX.1-P1947,EVODEX.1-P2041,EVODEX.1-P1921"
EVODEX.1-E1134,96539905036364626728687917025840074116096549345720689989400512151207284350911,[#6:7]-[#6:8](=[#8:9])-[#16]-[#6](-[#6](-[#7](-[#6](=[#8])-[#6](-[#6](-[#7](-[#6](=[#8])-[#6@](-[#8]-[H])(-[#6](-[#6](-[H])(-[H])-[H])(-[#6](-[H])(-[H])-[H])-[#6](-[#8]-[#15](=[#8])(-[#8]-[H])-[#8]-[#15](=[#8])(-[#8]-[H])-[#8]-[#6](-[#6@@]1(-[H])-[#8]-[#6@](-[#7]2:[#6](-[H]):[#7]:[#6]3:[#6](-[#7](-[H])-[H]):[#7]:[#6](-[H]):[#7]:[#6]:2:3)(-[H])-[#6@@](-[#8]-[H])(-[H])-[#6@@]-1(-[#8]-[#15](=[#8])(-[#8]-[H])-[#8]-[H])-[H])(-[H])-[H])(-[H])-[H])-[H])-[H])(-[H])-[H])(-[H])-[H])-[H])(-[H])-[H])(-[H])-[H]>>[#6:7]-[#6:8](=[#8:9])-[#8]-[#6](-[#6](-[#6](-[#6](-[#6](-[#6](-[#6](-[#6](-[#6](-[#6](-[#6](-[#6](-[#6](-[#6](-[#6](-[#6](-[H])(-[H])-[H])(-[H])-[H])(-[H])-[H])(-[H])-[H])(-[H])-[H])(-[H])-[H])(-[H])-[H])(-[H])-[H])(-[H])-[H])(-[H])-[H])(-[H])-[H])(-[H])-[H])(-[H])-[H])(-[H])-[H])(-[H])-[H])(-[H])-[H],"EVODEX.1-P2037,EVODEX.1-P2039,EVODEX.1-P1868,EVODEX.1-P1879,EVODEX.1-P1968"
EVODEX.1-E1135,61706227426080637306065303567800519086283994697588250352534549804732857162404,[#6:7]-[#6:8](=[#8:9])-[#16:10]-[#6:11]>>[#6:7]-[#6:8](=[#8:9])-[#8]-[#6](-[#6](-[#6](-[#6](-[#6](-[#6](-[#6](-[#6](-[#6](-[#6](-[#6](-[#6](-[#6](-[#6](-[#6](-[#6](-[H])(-[H])-[H])(-[H])-[H])(-[H])-[H])(-[H])-[H])(-[H])-[H])(-[H])-[H])(-[H])-[H])(-[H])-[H])(-[H])-[H])(-[H])-[H])(-[H])-[H])(-[H])-[H])(-[H])-[H])(-[H])-[H])(-[H])-[H])(-[H])-[H].[#16:10](-[#6:11])-[H],"EVODEX.1-P1969,EVODEX.1-P2010,EVODEX.1-P2038,EVODEX.1-P1672,EVODEX.1-P1932"
EVODEX.1-E1136,60700531802673340370675075479439424290980550968761831466981896263164355315616,[#6:17]-[#6:18](=[#8:19])-[#16]-[#6](-[#6](-[#7](-[#6](=[#8])-[#6](-[#6](-[#7](-[#6](=[#8])-[#6@](-[#8]-[H])(-[#6](-[#6](-[H])(-[H])-[H])(-[#6](-[H])(-[H])-[H])-[#6](-[#8]-[#15](=[#8])(-[#8]-[H])-[#8]-[#15](=[#8])(-[#8]-[H])-[#8]-[#6](-[#6@@]1(-[H])-[#8]-[#6@](-[#7]2:[#6](-[H]):[#7]:[#6]3:[#6](-[#7](-[H])-[H]):[#7]:[#6](-[H]):[#7]:[#6]:2:3)(-[H])-[#6@@](-[#8]-[H])(-[H])-[#6@@]-1(-[#8]-[#15](=[#8])(-[#8]-[H])-[#8]-[H])-[H])(-[H])-[H])(-[H])-[H])-[H])-[H])(-[H])-[H])(-[H])-[H])-[H])(-[H])-[H])(-[H])-[H]>>[#6:17]-[#6:18](=[#8:19])-[#8]-[#6](-[#6](-[#6](-[#6](-[#6](-[#6](-[#6](-[#6](-[#6](-[#6](-[#6](-[#6](-[#6](-[#6](-[H])(-[H])-[H])(-[H])-[H])(-[H])-[H])(-[H])-[H])(-[H])-[H])(-[H])-[H])(-[H])-[H])(-[H])-[H])(-[H])-[H])(-[H])-[H])(-[H])-[H])(-[H])-[H])(-[H])-[H])(-[H])-[H],"EVODEX.1-P1865,EVODEX.1-P2053,EVODEX.1-P1889,EVODEX.1-P1869,EVODEX.1-P2043"
EVODEX.1-E1137,90438517068500398515535304974925994993348388839674128894730191843046315934229,[#6:5]-[#6:6](=[#8:7])-[#16]-[#6](-[#6](-[#7](-[#6](=[#8])-[#6](-[#6](-[#7](-[#6](=[#8])-[#6@](-[#8]-[H])(-[#6](-[#6](-[H])(-[H])-[H])(-[#6](-[H])(-[H])-[H])-[#6](-[#8]-[#15](=[#8])(-[#8]-[H])-[#8]-[#15](=[#8])(-[#8]-[H])-[#8]-[#6](-[#6@@]1(-[H])-[#8]-[#6@](-[#7]2:[#6](-[H]):[#7]:[#6]3:[#6](-[#7](-[H])-[H]):[#7]:[#6](-[H]):[#7]:[#6]:2:3)(-[H])-[#6@@](-[#8]-[H])(-[H])-[#6@@]-1(-[#8]-[#15](=[#8])(-[#8]-[H])-[#8]-[H])-[H])(-[H])-[H])(-[H])-[H])-[H])-[H])(-[H])-[H])(-[H])-[H])-[H])(-[H])-[H])(-[H])-[H]>>[#6:5]-[#6:6](=[#8:7])-[#8]-[#15](=[#8])(-[#8]-[H])-[#8]-[H],"EVODEX.1-P1642,EVODEX.1-P1624,EVODEX.1-P1636,EVODEX.1-P1633,EVODEX.1-P1628"
EVODEX.1-E1138,82857364894857200000088205556066370611573578323360169642442622696344451458175,[#6](-[#6](-[#6](-[H])(-[H])-[H])(-[#6](-[#8]-[#15](=[#8])(-[#8]-[H])-[#8]-[#15](=[#8])(-[#8]-[H])-[#8]-[#6](-[#6@@]1(-[H])-[#8]-[#6@](-[#7]2:[#6](-[H]):[#7]:[#6]3:[#6](-[#7](-[H])-[H]):[#7]:[#6](-[H]):[#7]:[#6]:2:3)(-[H])-[#6@@](-[#8]-[H])(-[H])-[#6@@]-1(-[#8]-[#15](=[#8])(-[#8]-[H])-[#8]-[H])-[H])(-[H])-[H])(-[H])-[H])-[#6@@](-[#8]-[H])(-[#6](=[#8])-[#7](-[#6](-[#6](-[#6](=[#8])-[#7](-[#6](-[#6](-[#16]-[#6:49](=[#8:50])-[#6@:51])(-[H])-[H])(-[H])-[H])-[H])(-[H])-[H])(-[H])-[H])-[H])-[H])(-[H])(-[H])-[H].[#8:75]-[#15:76](=[#8:77])(-[#8:78]-[H:133])-[#8:79]>>[#6:49](=[#8:50])(-[#6@:51])-[#8:78]-[H:133].[#8:75]-[#15:76](=[#8:77])(-[#8:79])-[#8]-[#15](=[#8])(-[#8]-[H])-[#8]-[H],"EVODEX.1-P6837,EVODEX.1-P6740,EVODEX.1-P6849,EVODEX.1-P6722,EVODEX.1-P6851"
EVODEX.1-E1139,23227634524067948080540819536918896094350467495095442985894211734451841119127,[#6:4]-[#6:5](=[#8:6])-[#8:7]-[H:130].([#8:78]-[#15:79](=[#8:80])(-[#8:81])-[#8]-[#15](=[#8])(-[#8]-[H])-[#8]-[H].[#8:88]-[#6@@:87](-[#6@@:72])(-[H:150])-[#6@:89](-[#6@:70])(-[#8:90])-[H:152])>>[#6:4]-[#6:5](=[#8:6])-[#16]-[#6](-[#6](-[#7](-[#6](-[#6](-[#6](-[#7](-[#6](-[#6@@](-[#6](-[#6](-[H])(-[H])-[H])(-[#6](-[H])(-[H])-[H])-[#6](-[#8]-[#15](=[#8])(-[#8]-[H])-[#8]-[#15](=[#8])(-[#8]-[H])-[#8]-[#6](-[#6@@]1(-[H])-[#8]-[#6@](-[#7]2:[#6](-[H]):[#7]:[#6]3:[#6](-[#7](-[H])-[H]):[#7]:[#6](-[H]):[#7]:[#6]:2:3)(-[H])-[#6@@](-[#8]-[H])(-[H])-[#6@@]-1(-[#8]-[#15](=[#8])(-[#8]-[H])-[#8]-[H])-[H])(-[H])-[H])(-[H])-[H])(-[#8]-[H])-[H])=[#8])-[H])(-[H])-[H])(-[H])-[H])=[#8])-[H])(-[H])-[H])(-[H])-[H].([#8:7](-[#15:79](-[#8:78])(=[#8:80])-[#8:81])-[H:130].[#8:90]-[#6@:89](-[#6@:70])(-[H:152])-[#6@@:87](-[#6@@:72])(-[#8:88])-[H:150]),"EVODEX.1-P6763,EVODEX.1-P6673,EVODEX.1-P6756,EVODEX.1-P6677,EVODEX.1-P6731"
EVODEX.1-E1140,84433531664067323437256187649904451755689346771425241792467757629693216757761,[#8:67]-[#15:68](=[#8:69])(-[#8:70])-[#8]-[#15](=[#8])(-[#8]-[H])-[#8]-[H].[#8:80]=[#6:81](-[#8:82]-[H:141])-[#6:83]>>[#6](-[#6](-[#6](-[H])(-[H])-[H])(-[#6](-[#8]-[#15](=[#8])(-[#8]-[H])-[#8]-[#15](=[#8])(-[#8]-[H])-[#8]-[#6](-[#6@@]1(-[H])-[#8]-[#6@](-[#7]2:[#6](-[H]):[#7]:[#6]3:[#6](-[#7](-[H])-[H]):[#7]:[#6](-[H]):[#7]:[#6]:2:3)(-[H])-[#6@@](-[#8]-[H])(-[H])-[#6@@]-1(-[#8]-[#15](=[#8])(-[#8]-[H])-[#8]-[H])-[H])(-[H])-[H])(-[H])-[H])-[#6@@](-[#8]-[H])(-[#6](=[#8])-[#7](-[#6](-[#6](-[#6](=[#8])-[#7](-[#6](-[#6](-[#16]-[#6:81](=[#8:80])-[#6:83])(-[H])-[H])(-[H])-[H])-[H])(-[H])-[H])(-[H])-[H])-[H])-[H])(-[H])(-[H])-[H].[#8:67]-[#15:68](=[#8:69])(-[#8:70])-[#8:82]-[H:141],"EVODEX.1-P6752,EVODEX.1-P6893,EVODEX.1-P6833,EVODEX.1-P6739,EVODEX.1-P6840"
EVODEX.1-E1141,20319641179826052248439060784780937176482225620127174817193192737702279454668,[#6](-[#6](=[#8])-[#6](-[#6](=[#8])-[#8:7]-[H:62])(-[H])-[H])(-[H])(-[H])-[H].[#6:10]-[#6:12](=[#8:13])-[#16]-[#6](-[#6](-[#7](-[#6](=[#8])-[#6](-[#6](-[#7](-[#6](=[#8])-[#6@](-[#8]-[H])(-[#6](-[#6](-[H])(-[H])-[H])(-[#6](-[H])(-[H])-[H])-[#6](-[#8]-[#15](=[#8])(-[#8]-[H])-[#8]-[#15](=[#8])(-[#8]-[H])-[#8]-[#6](-[#6@@]1(-[H])-[#8]-[#6@](-[#7]2:[#6](-[H]):[#7]:[#6]3:[#6](-[#7](-[H])-[H]):[#7]:[#6](-[H]):[#7]:[#6]:2:3)(-[H])-[#6@@](-[#8]-[H])(-[H])-[#6@@]-1(-[#8]-[#15](=[#8])(-[#8]-[H])-[#8]-[H])-[H])(-[H])-[H])(-[H])-[H])-[H])-[H])(-[H])-[H])(-[H])-[H])-[H])(-[H])-[H])(-[H])-[H]>>[#8:7](-[#6:12](-[#6:10])=[#8:13])-[H:62],"EVODEX.1-P3839,EVODEX.1-P3832,EVODEX.1-P3842,EVODEX.1-P3830,EVODEX.1-P3836"
EVODEX.1-E1142,72629380795577875420837818683397000965244506123968237804530065651536464545976,[#6:11]-[#6:12](=[#8:13])-[#16]-[#6](-[#6](-[#7](-[#6](=[#8])-[#6](-[#6](-[#7](-[#6](=[#8])-[#6@](-[#8]-[H])(-[#6](-[#6](-[H])(-[H])-[H])(-[#6](-[H])(-[H])-[H])-[#6](-[#8]-[#15](=[#8])(-[#8]-[H])-[#8]-[#15](=[#8])(-[#8]-[H])-[#8]-[#6](-[#6@@]1(-[H])-[#8]-[#6@](-[#7]2:[#6](-[H]):[#7]:[#6]3:[#6](-[#7](-[H])-[H]):[#7]:[#6](-[H]):[#7]:[#6]:2:3)(-[H])-[#6@@](-[#8]-[H])(-[H])-[#6@@]-1(-[#8]-[#15](=[#8])(-[#8]-[H])-[#8]-[H])-[H])(-[H])-[H])(-[H])-[H])-[H])-[H])(-[H])-[H])(-[H])-[H])-[H])(-[H])-[H])(-[H])-[H].[#7:62]-[#6@@:63](-[#6:64])(-[#6](=[#8])-[#8]-[H])-[H:131]>>[#6:11]-[#6:12](=[#8:13])-[#6:63](-[#7:62])(-[#6:64])-[H:131],"EVODEX.1-P1792,EVODEX.1-P1759,EVODEX.1-P1758,EVODEX.1-P1787,EVODEX.1-P1762"
EVODEX.1-E1143,38253638115277604673223716933536975693082386027374215463147505157989550446576,[#6:55]-[#6:56](=[#8:57])-[#16]-[#6](-[#6](-[#7](-[#6](=[#8])-[#6](-[#6](-[#7](-[#6](=[#8])-[#6@](-[#8]-[H])(-[#6](-[#6](-[H])(-[H])-[H])(-[#6](-[H])(-[H])-[H])-[#6](-[#8]-[#15](=[#8])(-[#8]-[H])-[#8]-[#15](=[#8])(-[#8]-[H])-[#8]-[#6](-[#6@@]1(-[H])-[#8]-[#6@](-[#7]2:[#6](-[H]):[#7]:[#6]3:[#6](-[#7](-[H])-[H]):[#7]:[#6](-[H]):[#7]:[#6]:2:3)(-[H])-[#6@@](-[#8]-[H])(-[H])-[#6@@]-1(-[#8]-[#15](=[#8])(-[#8]-[H])-[#8]-[H])-[H])(-[H])-[H])(-[H])-[H])-[H])-[H])(-[H])-[H])(-[H])-[H])-[H])(-[H])-[H])(-[H])-[H]>>[#6](-[#6](-[#6](-[#6](-[#6](-[#6](-[#6](-[#6](-[#6](=[#6](-[#6](-[#6](-[#6](-[#6](-[#6](-[#6](-[#6](-[#6](=[#8])-[#8]-[#6](-[#6@](-[#6](-[#8]-[#6:56](-[#6:55])=[#8:57])(-[H])-[H])(-[#8]-[#6](=[#8])-[#6](-[#6](-[#6](-[#6](-[#6](-[#6](-[#6](-[#6](=[#6](-[#6](-[#6](-[#6](-[#6](-[#6](-[#6](-[#6](-[#6](-[H])(-[H])-[H])(-[H])-[H])(-[H])-[H])(-[H])-[H])(-[H])-[H])(-[H])-[H])(-[H])-[H])(-[H])-[H])-[H])-[H])(-[H])-[H])(-[H])-[H])(-[H])-[H])(-[H])-[H])(-[H])-[H])(-[H])-[H])(-[H])-[H])-[H])(-[H])-[H])(-[H])-[H])(-[H])-[H])(-[H])-[H])(-[H])-[H])(-[H])-[H])(-[H])-[H])(-[H])-[H])-[H])-[H])(-[H])-[H])(-[H])-[H])(-[H])-[H])(-[H])-[H])(-[H])-[H])(-[H])-[H])(-[H])-[H])(-[H])(-[H])-[H],"EVODEX.1-P1674,EVODEX.1-P1671,EVODEX.1-P1669,EVODEX.1-P1664,EVODEX.1-P1676"
EVODEX.1-E1144,84742836063423031268023255900992816488209550339912085719197749897764492752759,[#6:2]-[#7:3](-[#6:4](=[#8:5])-[#6:6])-[H:20]>>[#6:4](=[#8:5])(-[#6:6])-[#8]-[#6](-[H])(-[H])-[H].[#6:2]-[#7:3](-[H:20])-[H],"EVODEX.1-P4718,EVODEX.1-P5023,EVODEX.1-P5019,EVODEX.1-P5470,EVODEX.1-P5022"
EVODEX.1-E1145,80906742115987099495340585140679171062437185143137714734591761712635454288807,[#6:38]-[#6:40](=[#8:41])-[#16]-[#6](-[#6](-[#7](-[#6](=[#8])-[#6](-[#6](-[#7](-[#6](=[#8])-[#6@](-[#8]-[H])(-[#6](-[#6](-[H])(-[H])-[H])(-[#6](-[H])(-[H])-[H])-[#6](-[#8]-[#15](=[#8])(-[#8]-[H])-[#8]-[#15](=[#8])(-[#8]-[H])-[#8]-[#6](-[#6@@]1(-[H])-[#8]-[#6@](-[#7]2:[#6](-[H]):[#7]:[#6]3:[#6](-[#7](-[H])-[H]):[#7]:[#6](-[H]):[#7]:[#6]:2:3)(-[H])-[#6@@](-[#8]-[H])(-[H])-[#6@@]-1(-[#8]-[#15](=[#8])(-[#8]-[H])-[#8]-[H])-[H])(-[H])-[H])(-[H])-[H])-[H])-[H])(-[H])-[H])(-[H])-[H])-[H])(-[H])-[H])(-[H])-[H]>>[#6](-[#6](-[#6](-[#6](-[#6](-[#6](-[#6](-[#6](-[#6](-[#6](-[#6](-[#6](-[#6](-[#6](=[#6](-[#6@@](-[#8]-[H])(-[#6@@](-[#7](-[#6:40](-[#6:38])=[#8:41])-[H])(-[#6](-[#8]-[H])(-[H])-[H])-[H])-[H])-[H])-[H])(-[H])-[H])(-[H])-[H])(-[H])-[H])(-[H])-[H])(-[H])-[H])(-[H])-[H])(-[H])-[H])(-[H])-[H])(-[H])-[H])(-[H])-[H])(-[H])-[H])(-[H])-[H])(-[H])(-[H])-[H],"EVODEX.1-P1720,EVODEX.1-P1723,EVODEX.1-P1721,EVODEX.1-P1703,EVODEX.1-P1701"
EVODEX.1-E1146,9789687789821893328091027619264981770712392784458540168242092428862676080392,[#6:17]-[#6:18](=[#8:19])-[#8:20]-[H:42]>>[#6:17]-[#6:18](=[#8:19])-[#7](-[#6@](-[#6@@](-[#6](=[#6](-[#6](-[#6](-[#6](-[#6](-[#6](-[#6](-[#6](-[#6](-[#6](-[#6](-[#6](-[#6](-[#6](-[H])(-[H])-[H])(-[H])-[H])(-[H])-[H])(-[H])-[H])(-[H])-[H])(-[H])-[H])(-[H])-[H])(-[H])-[H])(-[H])-[H])(-[H])-[H])(-[H])-[H])(-[H])-[H])(-[H])-[H])-[H])-[H])(-[#8]-[H])-[H])(-[#6](-[#8]-[H])(-[H])-[H])-[H])-[H].[#8:20](-[H:42])-[H],"EVODEX.1-P5610,EVODEX.1-P5601,EVODEX.1-P5595,EVODEX.1-P5606,EVODEX.1-P5582"
EVODEX.1-E1147,28049303944328287003835704889296178162813505284528724878423226301664651623325,[#6:38]-[#6:40](=[#8:41])-[#16:42]-[#6:43]>>[#6](-[#6](-[#6](-[#6](-[#6](-[#6](-[#6](-[#6](-[#6](-[#6](-[#6](-[#6](-[#6](-[#6](=[#6](-[#6@@](-[#8]-[H])(-[#6@@](-[#7](-[#6:40](-[#6:38])=[#8:41])-[H])(-[#6](-[#8]-[H])(-[H])-[H])-[H])-[H])-[H])-[H])(-[H])-[H])(-[H])-[H])(-[H])-[H])(-[H])-[H])(-[H])-[H])(-[H])-[H])(-[H])-[H])(-[H])-[H])(-[H])-[H])(-[H])-[H])(-[H])-[H])(-[H])-[H])(-[H])(-[H])-[H].[#16:42](-[#6:43])-[H],"EVODEX.1-P1705,EVODEX.1-P1724,EVODEX.1-P1702,EVODEX.1-P1707,EVODEX.1-P1725"
EVODEX.1-E1148,12666199475782556715162740670470028102071453164777762182510493091321303164172,[#6:17]-[#6:18](=[#8:19])-[#16]-[#6](-[#6](-[#7](-[#6](=[#8])-[#6](-[#6](-[#7](-[#6](=[#8])-[#6@](-[#8]-[H])(-[#6](-[#6](-[H])(-[H])-[H])(-[#6](-[H])(-[H])-[H])-[#6](-[#8]-[#15](=[#8])(-[#8]-[H])-[#8]-[#15](=[#8])(-[#8]-[H])-[#8]-[#6](-[#6@@]1(-[H])-[#8]-[#6@](-[#7]2:[#6](-[H]):[#7]:[#6]3:[#6](-[#7](-[H])-[H]):[#7]:[#6](-[H]):[#7]:[#6]:2:3)(-[H])-[#6@@](-[#8]-[H])(-[H])-[#6@@]-1(-[#8]-[#15](=[#8])(-[#8]-[H])-[#8]-[H])-[H])(-[H])-[H])(-[H])-[H])-[H])-[H])(-[H])-[H])(-[H])-[H])-[H])(-[H])-[H])(-[H])-[H]>>[#6:17]-[#6:18](=[#8:19])-[#8]-[#6](-[#6](-[#6](-[#6](-[#6](-[#6](-[#6](-[#6](-[#6](-[#6](-[H])(-[H])-[H])(-[H])-[H])(-[H])-[H])(-[H])-[H])(-[H])-[H])(-[H])-[H])(-[H])-[H])(-[H])-[H])(-[H])-[H])(-[H])-[H],"EVODEX.1-P1876,EVODEX.1-P1923,EVODEX.1-P1979,EVODEX.1-P1846,EVODEX.1-P2019"
EVODEX.1-E1149,51560884644635299802475245483791384405920183372776519457495508471247450981516,[#6](-[#6@@](-[#8]-[H])(-[#6@](-[#7](-[#6:6](=[#8:7])-[#6:8])-[H])(-[#6](=[#8])-[#8]-[H])-[H])-[H])(-[H])(-[H])-[H].[#8:13](-[H:24])-[H]>>[#6:6](=[#8:7])(-[#6:8])-[#8:13]-[H:24],"EVODEX.1-P4956,EVODEX.1-P4967,EVODEX.1-P4655,EVODEX.1-P5537,EVODEX.1-P5523"
EVODEX.1-E1150,48360004652899230156856050941167359115562341339777769048348664297811211726027,[#6](-[#6@](-[#7](-[#6](=[#8])-[#6@](-[#6](-[H])(-[H])-[H])(-[#7](-[#6:9](=[#8:10])-[#6@:11])-[H])-[H])-[H])(-[#6](=[#8])-[#8]-[H])-[H])(-[H])(-[H])-[H].[#8:42](-[H:82])-[H]>>[#6:9](=[#8:10])(-[#6@:11])-[#8:42]-[H:82],"EVODEX.1-P5364,EVODEX.1-P5358,EVODEX.1-P5363,EVODEX.1-P5372,EVODEX.1-P5366"
EVODEX.1-E1151,1549821850810114358099708017483797498661292137997022268055466147588959448325,[#6:23]-[#6:24](=[#8:25])-[#16]-[#6](-[#6](-[#7](-[#6](=[#8])-[#6](-[#6](-[#7](-[#6](=[#8])-[#6@](-[#8]-[H])(-[#6](-[#6](-[H])(-[H])-[H])(-[#6](-[H])(-[H])-[H])-[#6](-[#8]-[#15](=[#8])(-[#8]-[H])-[#8]-[#15](=[#8])(-[#8]-[H])-[#8]-[#6](-[#6@@]1(-[H])-[#8]-[#6@](-[#7]2:[#6](-[H]):[#7]:[#6]3:[#6](-[#7](-[H])-[H]):[#7]:[#6](-[H]):[#7]:[#6]:2:3)(-[H])-[#6@@](-[#8]-[H])(-[H])-[#6@@]-1(-[#8]-[#15](=[#8])(-[#8]-[H])-[#8]-[H])-[H])(-[H])-[H])(-[H])-[H])-[H])-[H])(-[H])-[H])(-[H])-[H])-[H])(-[H])-[H])(-[H])-[H]>>[#6:23]-[#6:24](=[#8:25])-[#8]-[#6](-[#6](=[#8])-[#6](-[#8]-[#15](=[#8])(-[#8]-[H])-[#8]-[H])(-[H])-[H])(-[H])-[H],"EVODEX.1-P1738,EVODEX.1-P1741,EVODEX.1-P1744,EVODEX.1-P1743,EVODEX.1-P1746"
EVODEX.1-E1152,92735698589179299828588181853027003384918522949077254609199219771350496265048,[#6:11]-[#6:12](=[#8:13])-[#16]-[#6](-[#6](-[#7](-[#6](=[#8])-[#6](-[#6](-[#7](-[#6](=[#8])-[#6@](-[#8]-[H])(-[#6](-[#6](-[H])(-[H])-[H])(-[#6](-[H])(-[H])-[H])-[#6](-[#8]-[#15](=[#8])(-[#8]-[H])-[#8]-[#15](=[#8])(-[#8]-[H])-[#8]-[#6](-[#6@@]1(-[H])-[#8]-[#6@](-[#7]2:[#6](-[H]):[#7]:[#6]3:[#6](-[#7](-[H])-[H]):[#7]:[#6](-[H]):[#7]:[#6]:2:3)(-[H])-[#6@@](-[#8]-[H])(-[H])-[#6@@]-1(-[#8]-[#15](=[#8])(-[#8]-[H])-[#8]-[H])-[H])(-[H])-[H])(-[H])-[H])-[H])-[H])(-[H])-[H])(-[H])-[H])-[H])(-[H])-[H])(-[H])-[H]>>[#6:11]-[#6:12](=[#8:13])-[#6](-[#7](-[H])-[H])(-[#6](-[#8]-[H])(-[H])-[H])-[H],"EVODEX.1-P1780,EVODEX.1-P1795,EVODEX.1-P1789,EVODEX.1-P1785,EVODEX.1-P1788"
EVODEX.1-E1153,115529110542603475737672852427959417919134232442128977233280686383783325517637,[#6:17]-[#6:18](=[#8:19])-[#7](-[#6@@](-[#6](-[#8]-[H])(-[H])-[H])(-[#6@](-[#8]-[H])(-[#6](=[#6](-[#6](-[#6](-[#6](-[#6](-[#6](-[#6](-[#6](-[#6](-[#6](-[#6](-[#6](-[#6](-[#6](-[H])(-[H])-[H])(-[H])-[H])(-[H])-[H])(-[H])-[H])(-[H])-[H])(-[H])-[H])(-[H])-[H])(-[H])-[H])(-[H])-[H])(-[H])-[H])(-[H])-[H])(-[H])-[H])(-[H])-[H])-[H])-[H])-[H])-[H])-[H].[#8:41](-[H:109])-[H]>>[#6:17]-[#6:18](=[#8:19])-[#8:41]-[H:109],"EVODEX.1-P5594,EVODEX.1-P5609,EVODEX.1-P5600,EVODEX.1-P5592,EVODEX.1-P5583"
EVODEX.1-E1154,9541024036307538657398042730026458275982931316598090421550014025108125635710,[#6:15]-[#6:16](=[#8:17])-[#16]-[#6](-[#6](-[#7](-[#6](=[#8])-[#6](-[#6](-[#7](-[#6](=[#8])-[#6@](-[#8]-[H])(-[#6](-[#6](-[H])(-[H])-[H])(-[#6](-[H])(-[H])-[H])-[#6](-[#8]-[#15](=[#8])(-[#8]-[H])-[#8]-[#15](=[#8])(-[#8]-[H])-[#8]-[#6](-[#6@@]1(-[H])-[#8]-[#6@](-[#7]2:[#6](-[H]):[#7]:[#6]3:[#6](-[#7](-[H])-[H]):[#7]:[#6](-[H]):[#7]:[#6]:2:3)(-[H])-[#6@@](-[#8]-[H])(-[H])-[#6@@]-1(-[#8]-[#15](=[#8])(-[#8]-[H])-[#8]-[H])-[H])(-[H])-[H])(-[H])-[H])-[H])-[H])(-[H])-[H])(-[H])-[H])-[H])(-[H])-[H])(-[H])-[H]>>[#6:15]-[#6:16](=[#8:17])-[#8]-[#6@](-[#6](-[#8]-[#6](-[#6](-[#6](-[#6](-[#6](-[#6](-[#6](-[#6](-[#6](=[#6](-[#6](-[#6](-[#6](-[#6](-[#6](-[#6](-[#6](-[#6](-[H])(-[H])-[H])(-[H])-[H])(-[H])-[H])(-[H])-[H])(-[H])-[H])(-[H])-[H])(-[H])-[H])(-[H])-[H])-[H])-[H])(-[H])-[H])(-[H])-[H])(-[H])-[H])(-[H])-[H])(-[H])-[H])(-[H])-[H])(-[H])-[H])=[#8])(-[H])-[H])(-[#6](-[#8]-[#15](=[#8])(-[#8]-[H])-[#8]-[H])(-[H])-[H])-[H],"EVODEX.1-P1815,EVODEX.1-P1820,EVODEX.1-P1817,EVODEX.1-P1799,EVODEX.1-P1810"
EVODEX.1-E1155,34635843514768311919445179397816998123519989939979127842156432191347601980658,[#6:15]-[#6:16](=[#8:17])-[#16:18]-[#6:19]>>[#6:15]-[#6:16](=[#8:17])-[#8]-[#6@](-[#6](-[#8]-[#6](-[#6](-[#6](-[#6](-[#6](-[#6](-[#6](-[#6](-[#6](=[#6](-[#6](-[#6](-[#6](-[#6](-[#6](-[#6](-[#6](-[#6](-[H])(-[H])-[H])(-[H])-[H])(-[H])-[H])(-[H])-[H])(-[H])-[H])(-[H])-[H])(-[H])-[H])(-[H])-[H])-[H])-[H])(-[H])-[H])(-[H])-[H])(-[H])-[H])(-[H])-[H])(-[H])-[H])(-[H])-[H])(-[H])-[H])=[#8])(-[H])-[H])(-[#6](-[#8]-[#15](=[#8])(-[#8]-[H])-[#8]-[H])(-[H])-[H])-[H].[#16:18](-[#6:19])-[H],"EVODEX.1-P1807,EVODEX.1-P1801,EVODEX.1-P1805,EVODEX.1-P1800,EVODEX.1-P1809"
EVODEX.1-E1156,109193714586645425296133682914040722086276919054722806079535049809368335388419,[#6:15]-[#6:16](=[#8:17])-[#16]-[#6](-[#6](-[#7](-[#6](=[#8])-[#6](-[#6](-[#7](-[#6](=[#8])-[#6@](-[#8]-[H])(-[#6](-[#6](-[H])(-[H])-[H])(-[#6](-[H])(-[H])-[H])-[#6](-[#8]-[#15](=[#8])(-[#8]-[H])-[#8]-[#15](=[#8])(-[#8]-[H])-[#8]-[#6](-[#6@@]1(-[H])-[#8]-[#6@](-[#7]2:[#6](-[H]):[#7]:[#6]3:[#6](-[#7](-[H])-[H]):[#7]:[#6](-[H]):[#7]:[#6]:2:3)(-[H])-[#6@@](-[#8]-[H])(-[H])-[#6@@]-1(-[#8]-[#15](=[#8])(-[#8]-[H])-[#8]-[H])-[H])(-[H])-[H])(-[H])-[H])-[H])-[H])(-[H])-[H])(-[H])-[H])-[H])(-[H])-[H])(-[H])-[H]>>[#6:15]-[#6:16](=[#8:17])-[#8]-[#6](=[#6](-[#6](-[#6](-[#6](-[#6](-[#6](-[#6](-[#6](-[#6](-[#6](-[#6](-[#6](-[#6](-[#6](-[#6](-[#6](-[#6](-[#6](-[#6](-[H])(-[H])-[H])(-[H])-[H])(-[H])-[H])(-[H])-[H])(-[H])-[H])(-[H])-[H])(-[H])-[H])(-[H])-[H])(-[H])-[H])(-[H])-[H])(-[H])-[H])(-[H])-[H])(-[H])-[H])(-[H])-[H])(-[H])-[H])(-[H])-[H])(-[H])-[H])(-[H])-[H])-[H])-[H],"EVODEX.1-P1931,EVODEX.1-P2009,EVODEX.1-P2025,EVODEX.1-P1966,EVODEX.1-P1949"
EVODEX.1-E1157,53295952767682124305542576909932103464762113824397931796592460023526800342588,[#6:36]-[#6:37](=[#8:38])-[#16]-[#6](-[#6](-[#7](-[#6](=[#8])-[#6](-[#6](-[#7](-[#6](=[#8])-[#6@](-[#8]-[H])(-[#6](-[#6](-[H])(-[H])-[H])(-[#6](-[H])(-[H])-[H])-[#6](-[#8]-[#15](=[#8])(-[#8]-[H])-[#8]-[#15](=[#8])(-[#8]-[H])-[#8]-[#6](-[#6@@]1(-[H])-[#8]-[#6@](-[#7]2:[#6](-[H]):[#7]:[#6]3:[#6](-[#7](-[H])-[H]):[#7]:[#6](-[H]):[#7]:[#6]:2:3)(-[H])-[#6@@](-[#8]-[H])(-[H])-[#6@@]-1(-[#8]-[#15](=[#8])(-[#8]-[H])-[#8]-[H])-[H])(-[H])-[H])(-[H])-[H])-[H])-[H])(-[H])-[H])(-[H])-[H])-[H])(-[H])-[H])(-[H])-[H]>>[#6](-[#6](=[#6](-[#6](-[#8]-[#6:37](-[#6:36])=[#8:38])(-[H])-[H])-[H])-[#6](-[#6](-[#6](-[#6@](-[#6](-[H])(-[H])-[H])(-[#6](-[#6](-[#6](-[#6@](-[#6](-[H])(-[H])-[H])(-[#6](-[#6](-[#6](-[#6](-[#6](-[H])(-[H])-[H])(-[#6](-[H])(-[H])-[H])-[H])(-[H])-[H])(-[H])-[H])(-[H])-[H])-[H])(-[H])-[H])(-[H])-[H])(-[H])-[H])-[H])(-[H])-[H])(-[H])-[H])(-[H])-[H])(-[H])(-[H])-[H],"EVODEX.1-P2055,EVODEX.1-P1940,EVODEX.1-P2032,EVODEX.1-P1956,EVODEX.1-P1905"
EVODEX.1-E1158,24737819580426269485351525053989265677886676506244482875092645973270298231532,[#6:17]-[#6:18](=[#8:19])-[#16]-[#6](-[#6](-[#7](-[#6](=[#8])-[#6](-[#6](-[#7](-[#6](=[#8])-[#6@](-[#8]-[H])(-[#6](-[#6](-[H])(-[H])-[H])(-[#6](-[H])(-[H])-[H])-[#6](-[#8]-[#15](=[#8])(-[#8]-[H])-[#8]-[#15](=[#8])(-[#8]-[H])-[#8]-[#6](-[#6@@]1(-[H])-[#8]-[#6@](-[#7]2:[#6](-[H]):[#7]:[#6]3:[#6](-[#7](-[H])-[H]):[#7]:[#6](-[H]):[#7]:[#6]:2:3)(-[H])-[#6@@](-[#8]-[H])(-[H])-[#6@@]-1(-[#8]-[#15](=[#8])(-[#8]-[H])-[#8]-[H])-[H])(-[H])-[H])(-[H])-[H])-[H])-[H])(-[H])-[H])(-[H])-[H])-[H])(-[H])-[H])(-[H])-[H]>>[#6:17]-[#6:18](=[#8:19])-[#8]-[#6](-[#6](-[#6](-[#6](-[#6](-[#6](-[#6](-[#6](-[#6](-[#6](-[#6](-[#6](-[#6](-[#6](-[#6](-[#6](-[#6](-[#6](-[#6](-[#6](-[H])(-[H])-[H])(-[H])-[H])(-[H])-[H])(-[H])-[H])(-[H])-[H])(-[H])-[H])(-[H])-[H])(-[H])-[H])(-[H])-[H])(-[H])-[H])(-[H])-[H])(-[H])-[H])(-[H])-[H])(-[H])-[H])(-[H])-[H])(-[H])-[H])(-[H])-[H])(-[H])-[H])(-[H])-[H])(-[H])-[H],"EVODEX.1-P1948,EVODEX.1-P1965,EVODEX.1-P1981,EVODEX.1-P1994,EVODEX.1-P2006"
EVODEX.1-E1159,93986380144407554602222385455604020034763615735667216085732234840304397785750,[#6:17]-[#6:18](=[#8:19])-[#16:20]-[#6:21]>>[#6:17]-[#6:18](=[#8:19])-[#8]-[#6](-[#6](-[#6](-[#6](-[#6](-[#6](-[#6](-[#6](-[#6](-[#6](-[#6](-[#6](-[#6](-[#6](-[#6](-[#6](-[#6](-[#6](-[#6](-[#6](-[H])(-[H])-[H])(-[H])-[H])(-[H])-[H])(-[H])-[H])(-[H])-[H])(-[H])-[H])(-[H])-[H])(-[H])-[H])(-[H])-[H])(-[H])-[H])(-[H])-[H])(-[H])-[H])(-[H])-[H])(-[H])-[H])(-[H])-[H])(-[H])-[H])(-[H])-[H])(-[H])-[H])(-[H])-[H])(-[H])-[H].[#16:20](-[#6:21])-[H],"EVODEX.1-P2008,EVODEX.1-P1930,EVODEX.1-P1897,EVODEX.1-P1982,EVODEX.1-P1995"
EVODEX.1-E1160,13068294588425247933557529975055012989909429152650621617465900470423769925692,[#6:15]-[#6:16](=[#8:17])-[#16]-[#6](-[#6](-[#7](-[#6](=[#8])-[#6](-[#6](-[#7](-[#6](=[#8])-[#6@](-[#8]-[H])(-[#6](-[#6](-[H])(-[H])-[H])(-[#6](-[H])(-[H])-[H])-[#6](-[#8]-[#15](=[#8])(-[#8]-[H])-[#8]-[#15](=[#8])(-[#8]-[H])-[#8]-[#6](-[#6@@]1(-[H])-[#8]-[#6@](-[#7]2:[#6](-[H]):[#7]:[#6]3:[#6](-[#7](-[H])-[H]):[#7]:[#6](-[H]):[#7]:[#6]:2:3)(-[H])-[#6@@](-[#8]-[H])(-[H])-[#6@@]-1(-[#8]-[#15](=[#8])(-[#8]-[H])-[#8]-[H])-[H])(-[H])-[H])(-[H])-[H])-[H])-[H])(-[H])-[H])(-[H])-[H])-[H])(-[H])-[H])(-[H])-[H]>>[#6:15]-[#6:16](=[#8:17])-[#8]-[#6](=[#6](-[#6](-[#6](-[#6](-[#6](-[#6](-[#6](-[#6](-[#6](-[#6](-[#6](-[#6](-[#6](-[#6](-[#6](-[#6](-[#6](-[H])(-[H])-[H])(-[H])-[H])(-[H])-[H])(-[H])-[H])(-[H])-[H])(-[H])-[H])(-[H])-[H])(-[H])-[H])(-[H])-[H])(-[H])-[H])(-[H])-[H])(-[H])-[H])(-[H])-[H])(-[H])-[H])(-[H])-[H])(-[H])-[H])-[H])-[H],"EVODEX.1-P2052,EVODEX.1-P1903,EVODEX.1-P1974,EVODEX.1-P1884,EVODEX.1-P2030"
EVODEX.1-E1161,25264592696458943017955765948272901382578353717743628927412456157772467989356,[#6:32]-[#6:33](=[#8:34])-[#16]-[#6](-[#6](-[#7](-[#6](=[#8])-[#6](-[#6](-[#7](-[#6](=[#8])-[#6@](-[#8]-[H])(-[#6](-[#6](-[H])(-[H])-[H])(-[#6](-[H])(-[H])-[H])-[#6](-[#8]-[#15](=[#8])(-[#8]-[H])-[#8]-[#15](=[#8])(-[#8]-[H])-[#8]-[#6](-[#6@@]1(-[H])-[#8]-[#6@](-[#7]2:[#6](-[H]):[#7]:[#6]3:[#6](-[#7](-[H])-[H]):[#7]:[#6](-[H]):[#7]:[#6]:2:3)(-[H])-[#6@@](-[#8]-[H])(-[H])-[#6@@]-1(-[#8]-[#15](=[#8])(-[#8]-[H])-[#8]-[H])-[H])(-[H])-[H])(-[H])-[H])-[H])-[H])(-[H])-[H])(-[H])-[H])-[H])(-[H])-[H])(-[H])-[H]>>[#6](-[#6](-[#6](-[#6](-[#6](-[#6](-[#6](-[#6](-[#6](-[#6](-[#6](-[#6](-[#6](-[#6](-[#6](=[#6](-[#8]-[#6:33](-[#6:32])=[#8:34])-[H])-[H])(-[H])-[H])(-[H])-[H])(-[H])-[H])(-[H])-[H])(-[H])-[H])(-[H])-[H])(-[H])-[H])(-[H])-[H])(-[H])-[H])(-[H])-[H])(-[H])-[H])(-[H])-[H])(-[H])-[H])(-[H])(-[H])-[H],"EVODEX.1-P1899,EVODEX.1-P1989,EVODEX.1-P1970,EVODEX.1-P2026,EVODEX.1-P2050"
EVODEX.1-E1162,79546062002653687724486293905795789467337667935145846578667113639588533285071,[#6:13]-[#6:14](=[#8:15])-[#16]-[#6](-[#6](-[#7](-[#6](=[#8])-[#6](-[#6](-[#7](-[#6](=[#8])-[#6@](-[#8]-[H])(-[#6](-[#6](-[H])(-[H])-[H])(-[#6](-[H])(-[H])-[H])-[#6](-[#8]-[#15](=[#8])(-[#8]-[H])-[#8]-[#15](=[#8])(-[#8]-[H])-[#8]-[#6](-[#6@@]1(-[H])-[#8]-[#6@](-[#7]2:[#6](-[H]):[#7]:[#6]3:[#6](-[#7](-[H])-[H]):[#7]:[#6](-[H]):[#7]:[#6]:2:3)(-[H])-[#6@@](-[#8]-[H])(-[H])-[#6@@]-1(-[#8]-[#15](=[#8])(-[#8]-[H])-[#8]-[H])-[H])(-[H])-[H])(-[H])-[H])-[H])-[H])(-[H])-[H])(-[H])-[H])-[H])(-[H])-[H])(-[H])-[H]>>[#6:13]-[#6:14](=[#8:15])-[#8]-[#6](-[#6](-[#6](-[#6](-[#6](-[#6](-[#6](-[#6](-[#6](-[#6](-[#6](-[#6](-[#6](-[#6](-[#6](-[#6](-[#6](-[#6](-[H])(-[H])-[H])(-[H])-[H])(-[H])-[H])(-[H])-[H])(-[H])-[H])(-[H])-[H])(-[H])-[H])(-[H])-[H])(-[H])-[H])(-[H])-[H])(-[H])-[H])(-[H])-[H])(-[H])-[H])(-[H])-[H])(-[H])-[H])(-[H])-[H])(-[H])-[H])(-[H])-[H],"EVODEX.1-P1972,EVODEX.1-P1936,EVODEX.1-P2028,EVODEX.1-P1954,EVODEX.1-P2012"
EVODEX.1-E1163,69948680586585545690074341444719436933919303324368433652691520565535337515999,[#6:13]-[#6:14](=[#8:15])-[#16:16]-[#6:17]>>[#6:13]-[#6:14](=[#8:15])-[#8]-[#6](-[#6](-[#6](-[#6](-[#6](-[#6](-[#6](-[#6](-[#6](-[#6](-[#6](-[#6](-[#6](-[#6](-[#6](-[#6](-[#6](-[#6](-[H])(-[H])-[H])(-[H])-[H])(-[H])-[H])(-[H])-[H])(-[H])-[H])(-[H])-[H])(-[H])-[H])(-[H])-[H])(-[H])-[H])(-[H])-[H])(-[H])-[H])(-[H])-[H])(-[H])-[H])(-[H])-[H])(-[H])-[H])(-[H])-[H])(-[H])-[H])(-[H])-[H].[#16:16](-[#6:17])-[H],"EVODEX.1-P1955,EVODEX.1-P1937,EVODEX.1-P1901,EVODEX.1-P2029,EVODEX.1-P2046"
EVODEX.1-E1164,25765147219323126527707142503737820076166935283657919390510177479983309623534,[#6:17]-[#6:18](=[#8:19])-[#16]-[#6](-[#6](-[#7](-[#6](=[#8])-[#6](-[#6](-[#7](-[#6](=[#8])-[#6@](-[#8]-[H])(-[#6](-[#6](-[H])(-[H])-[H])(-[#6](-[H])(-[H])-[H])-[#6](-[#8]-[#15](=[#8])(-[#8]-[H])-[#8]-[#15](=[#8])(-[#8]-[H])-[#8]-[#6](-[#6@@]1(-[H])-[#8]-[#6@](-[#7]2:[#6](-[H]):[#7]:[#6]3:[#6](-[#7](-[H])-[H]):[#7]:[#6](-[H]):[#7]:[#6]:2:3)(-[H])-[#6@@](-[#8]-[H])(-[H])-[#6@@]-1(-[#8]-[#15](=[#8])(-[#8]-[H])-[#8]-[H])-[H])(-[H])-[H])(-[H])-[H])-[H])-[H])(-[H])-[H])(-[H])-[H])-[H])(-[H])-[H])(-[H])-[H]>>[#6:17]-[#6:18](=[#8:19])-[#8]-[#6](-[#6](-[#6](-[#6](-[#6](-[#6](-[#6](-[#6](-[#6](-[#6](-[#6](-[#6](-[#6](-[#6](-[#6](-[#6](-[#6](-[#6](-[#6](-[#6](-[#6](-[#6](-[H])(-[H])-[H])(-[H])-[H])(-[H])-[H])(-[H])-[H])(-[H])-[H])(-[H])-[H])(-[H])-[H])(-[H])-[H])(-[H])-[H])(-[H])-[H])(-[H])-[H])(-[H])-[H])(-[H])-[H])(-[H])-[H])(-[H])-[H])(-[H])-[H])(-[H])-[H])(-[H])-[H])(-[H])-[H])(-[H])-[H])(-[H])-[H])(-[H])-[H],"EVODEX.1-P1987,EVODEX.1-P1892,EVODEX.1-P1980,EVODEX.1-P1962,EVODEX.1-P1924"
EVODEX.1-E1165,75193028681519344481138539916094271557497140070348270294629454558756015662857,[#6:17]-[#6:18](=[#8:19])-[#16:20]-[#6:21]>>[#6:17]-[#6:18](=[#8:19])-[#8]-[#6](-[#6](-[#6](-[#6](-[#6](-[#6](-[#6](-[#6](-[#6](-[#6](-[#6](-[#6](-[#6](-[#6](-[#6](-[#6](-[#6](-[#6](-[#6](-[#6](-[#6](-[#6](-[H])(-[H])-[H])(-[H])-[H])(-[H])-[H])(-[H])-[H])(-[H])-[H])(-[H])-[H])(-[H])-[H])(-[H])-[H])(-[H])-[H])(-[H])-[H])(-[H])-[H])(-[H])-[H])(-[H])-[H])(-[H])-[H])(-[H])-[H])(-[H])-[H])(-[H])-[H])(-[H])-[H])(-[H])-[H])(-[H])-[H])(-[H])-[H])(-[H])-[H].[#16:20](-[#6:21])-[H],"EVODEX.1-P2003,EVODEX.1-P1993,EVODEX.1-P1959,EVODEX.1-P1893,EVODEX.1-P1925"
EVODEX.1-E1166,43311068960162127922207977134303499470021933870543853547527908429626713776187,[#6:13]-[#6:14](=[#8:15])-[#16]-[#6](-[#6](-[#7](-[#6](=[#8])-[#6](-[#6](-[#7](-[#6](=[#8])-[#6@](-[#8]-[H])(-[#6](-[#6](-[H])(-[H])-[H])(-[#6](-[H])(-[H])-[H])-[#6](-[#8]-[#15](=[#8])(-[#8]-[H])-[#8]-[#15](=[#8])(-[#8]-[H])-[#8]-[#6](-[#6@@]1(-[H])-[#8]-[#6@](-[#7]2:[#6](-[H]):[#7]:[#6]3:[#6](-[#7](-[H])-[H]):[#7]:[#6](-[H]):[#7]:[#6]:2:3)(-[H])-[#6@@](-[#8]-[H])(-[H])-[#6@@]-1(-[#8]-[#15](=[#8])(-[#8]-[H])-[#8]-[H])-[H])(-[H])-[H])(-[H])-[H])-[H])-[H])(-[H])-[H])(-[H])-[H])-[H])(-[H])-[H])(-[H])-[H]>>[#6:13]-[#6:14](=[#8:15])-[#8]-[#6](=[#6](-[#6](-[#6](-[#6](-[#6](-[#6](-[#6](-[#6](-[#6](-[#6](-[#6](-[#6](-[#6](-[#6](-[#6](-[#6](-[#6](-[#6](-[#6](-[#6](-[#6](-[H])(-[H])-[H])(-[H])-[H])(-[H])-[H])(-[H])-[H])(-[H])-[H])(-[H])-[H])(-[H])-[H])(-[H])-[H])(-[H])-[H])(-[H])-[H])(-[H])-[H])(-[H])-[H])(-[H])-[H])(-[H])-[H])(-[H])-[H])(-[H])-[H])(-[H])-[H])(-[H])-[H])(-[H])-[H])(-[H])-[H])-[H])-[H],"EVODEX.1-P1895,EVODEX.1-P2004,EVODEX.1-P2044,EVODEX.1-P1927,EVODEX.1-P2020"
EVODEX.1-E1167,80011258706665367617497591936191071953918143722792308338147439788764864182873,[#6:36]-[#6:37](=[#8:38])-[#16]-[#6](-[#6](-[#7](-[#6](=[#8])-[#6](-[#6](-[#7](-[#6](=[#8])-[#6@](-[#8]-[H])(-[#6](-[#6](-[H])(-[H])-[H])(-[#6](-[H])(-[H])-[H])-[#6](-[#8]-[#15](=[#8])(-[#8]-[H])-[#8]-[#15](=[#8])(-[#8]-[H])-[#8]-[#6](-[#6@@]1(-[H])-[#8]-[#6@](-[#7]2:[#6](-[H]):[#7]:[#6]3:[#6](-[#7](-[H])-[H]):[#7]:[#6](-[H]):[#7]:[#6]:2:3)(-[H])-[#6@@](-[#8]-[H])(-[H])-[#6@@]-1(-[#8]-[#15](=[#8])(-[#8]-[H])-[#8]-[H])-[H])(-[H])-[H])(-[H])-[H])-[H])-[H])(-[H])-[H])(-[H])-[H])-[H])(-[H])-[H])(-[H])-[H]>>[#6](-[#6](-[#6](-[#6](-[#6](-[#6](=[#6](-[#6](-[#6](=[#6](-[#6](-[#6](-[#6](-[#6](-[#6](-[#6](-[#6](-[#6](-[#8]-[#6:37](-[#6:36])=[#8:38])(-[H])-[H])(-[H])-[H])(-[H])-[H])(-[H])-[H])(-[H])-[H])(-[H])-[H])(-[H])-[H])(-[H])-[H])-[H])-[H])(-[H])-[H])-[H])-[H])(-[H])-[H])(-[H])-[H])(-[H])-[H])(-[H])-[H])(-[H])(-[H])-[H],"EVODEX.1-P1881,EVODEX.1-P1900,EVODEX.1-P1953,EVODEX.1-P1934,EVODEX.1-P1960"
EVODEX.1-E1168,4907548633098375346217003049888498047877063013112691841317614722276207252198,[#6:17]-[#6:18](=[#8:19])-[#16]-[#6](-[#6](-[#7](-[#6](=[#8])-[#6](-[#6](-[#7](-[#6](=[#8])-[#6@](-[#8]-[H])(-[#6](-[#6](-[H])(-[H])-[H])(-[#6](-[H])(-[H])-[H])-[#6](-[#8]-[#15](=[#8])(-[#8]-[H])-[#8]-[#15](=[#8])(-[#8]-[H])-[#8]-[#6](-[#6@@]1(-[H])-[#8]-[#6@](-[#7]2:[#6](-[H]):[#7]:[#6]3:[#6](-[#7](-[H])-[H]):[#7]:[#6](-[H]):[#7]:[#6]:2:3)(-[H])-[#6@@](-[#8]-[H])(-[H])-[#6@@]-1(-[#8]-[#15](=[#8])(-[#8]-[H])-[#8]-[H])-[H])(-[H])-[H])(-[H])-[H])-[H])-[H])(-[H])-[H])(-[H])-[H])-[H])(-[H])-[H])(-[H])-[H]>>[#6:17]-[#6:18](=[#8:19])-[#8]-[#6](-[#6](-[#6](-[#6](-[#6](-[#6](-[#6](-[#6](-[#6](=[#6](-[#6](-[#6@@](-[#6](-[#6](-[#6](-[#6](-[#6](-[#6](-[H])(-[H])-[H])(-[H])-[H])(-[H])-[H])(-[H])-[H])(-[H])-[H])(-[H])-[H])(-[#8]-[H])-[H])(-[H])-[H])-[H])-[H])(-[H])-[H])(-[H])-[H])(-[H])-[H])(-[H])-[H])(-[H])-[H])(-[H])-[H])(-[H])-[H])(-[H])-[H],"EVODEX.1-P1887,EVODEX.1-P1992,EVODEX.1-P1998,EVODEX.1-P1958,EVODEX.1-P1977"
EVODEX.1-E1169,90480475338099135351862245130410621878418204585010684594704060671240407161989,[#6:17]-[#6:18](=[#8:19])-[#16]-[#6](-[#6](-[#7](-[#6](=[#8])-[#6](-[#6](-[#7](-[#6](=[#8])-[#6@](-[#8]-[H])(-[#6](-[#6](-[H])(-[H])-[H])(-[#6](-[H])(-[H])-[H])-[#6](-[#8]-[#15](=[#8])(-[#8]-[H])-[#8]-[#15](=[#8])(-[#8]-[H])-[#8]-[#6](-[#6@@]1(-[H])-[#8]-[#6@](-[#7]2:[#6](-[H]):[#7]:[#6]3:[#6](-[#7](-[H])-[H]):[#7]:[#6](-[H]):[#7]:[#6]:2:3)(-[H])-[#6@@](-[#8]-[H])(-[H])-[#6@@]-1(-[#8]-[#15](=[#8])(-[#8]-[H])-[#8]-[H])-[H])(-[H])-[H])(-[H])-[H])-[H])-[H])(-[H])-[H])(-[H])-[H])-[H])(-[H])-[H])(-[H])-[H]>>[#6:17]-[#6:18](=[#8:19])-[#8]-[#6](-[#6](-[#6](-[#6](-[#6](-[#6](-[#6](-[#6](-[#6](-[#6](-[#6](-[#6](-[#6](-[#6](-[#6](-[#6](-[#6](-[#6](-[#6](-[#6](-[#6](-[#6](-[#6](-[#6](-[H])(-[H])-[H])(-[H])-[H])(-[H])-[H])(-[H])-[H])(-[H])-[H])(-[H])-[H])(-[H])-[H])(-[H])-[H])(-[H])-[H])(-[H])-[H])(-[H])-[H])(-[H])-[H])(-[H])-[H])(-[H])-[H])(-[H])-[H])(-[H])-[H])(-[H])-[H])(-[H])-[H])(-[H])-[H])(-[H])-[H])(-[H])-[H])(-[H])-[H])(-[H])-[H])(-[H])-[H],"EVODEX.1-P2035,EVODEX.1-P1908,EVODEX.1-P2000,EVODEX.1-P2015,EVODEX.1-P1985"
EVODEX.1-E1170,101808103855525612863788171117845760255632741820591326364553229710227609362812,[#6:17]-[#6:18](=[#8:19])-[#16:20]-[#6:21]>>[#6:17]-[#6:18](=[#8:19])-[#8]-[#6](-[#6](-[#6](-[#6](-[#6](-[#6](-[#6](-[#6](-[#6](-[#6](-[#6](-[#6](-[#6](-[#6](-[#6](-[#6](-[#6](-[#6](-[#6](-[#6](-[#6](-[#6](-[#6](-[#6](-[H])(-[H])-[H])(-[H])-[H])(-[H])-[H])(-[H])-[H])(-[H])-[H])(-[H])-[H])(-[H])-[H])(-[H])-[H])(-[H])-[H])(-[H])-[H])(-[H])-[H])(-[H])-[H])(-[H])-[H])(-[H])-[H])(-[H])-[H])(-[H])-[H])(-[H])-[H])(-[H])-[H])(-[H])-[H])(-[H])-[H])(-[H])-[H])(-[H])-[H])(-[H])-[H])(-[H])-[H].[#16:20](-[#6:21])-[H],"EVODEX.1-P1888,EVODEX.1-P1986,EVODEX.1-P2017,EVODEX.1-P1909,EVODEX.1-P1978"
EVODEX.1-E1171,48867455302569881646896118960408269700322402288076614213768441861628990654738,[#6](-[#6](-[#6](-[H])(-[H])-[H])(-[#6](-[#8]-[#15](=[#8])(-[#8]-[H])-[#8]-[#15](=[#8])(-[#8]-[H])-[#8]-[#6](-[#6@@]1(-[H])-[#8]-[#6@](-[#7]2:[#6](-[H]):[#7]:[#6]3:[#6](-[#7](-[H])-[H]):[#7]:[#6](-[H]):[#7]:[#6]:2:3)(-[H])-[#6@@](-[#8]-[H])(-[H])-[#6@@]-1(-[#8]-[#15](=[#8])(-[#8]-[H])-[#8]-[H])-[H])(-[H])-[H])(-[H])-[H])-[#6@@](-[#8]-[H])(-[#6](=[#8])-[#7](-[#6](-[#6](-[#6](=[#8])-[#7](-[#6](-[#6](-[#16]-[#6:49](=[#8:50])-[#6@:51])(-[H])-[H])(-[H])-[H])-[H])(-[H])-[H])(-[H])-[H])-[H])-[H])(-[H])(-[H])-[H].[#8:80]-[#15:81](=[#8:82])(-[#8:83]-[H:143])-[#8:84]>>[#6:49](=[#8:50])(-[#6@:51])-[#8:83]-[H:143].[#8:80]-[#15:81](=[#8:82])(-[#8:84])-[#8]-[#15](=[#8])(-[#8]-[H])-[#8]-[#15](=[#8])(-[#8]-[H])-[#8]-[H],"EVODEX.1-P6631,EVODEX.1-P6666,EVODEX.1-P6648,EVODEX.1-P6877,EVODEX.1-P6663"
EVODEX.1-E1172,96669500576009880484877707117234373201616862287228795006504667100225960322879,[#6:47]-[#16:48]-[H].[#8:81]=[#6:82](-[#8:83]-[H:142])-[#6:84]>>[#6:47]-[#16:48]-[#6:82](=[#8:81])-[#6:84].[#7](-[#6]1:[#7]:[#6]2:[#6](:[#7]:[#6](-[H]):[#7]:2-[#6@]2(-[H])-[#8]-[#6@@](-[#6](-[#8]-[#15](=[#8])(-[#8]-[H])-[#8]-[#15](=[#8])(-[#8]-[H])-[#8:83]-[H:142])(-[H])-[H])(-[H])-[#6@](-[#8]-[H])(-[H])-[#6@]-2(-[#8]-[H])-[H]):[#6](=[#8]):[#7]:1-[H])(-[H])-[H],"EVODEX.1-P6850,EVODEX.1-P6832,EVODEX.1-P6672,EVODEX.1-P6732,EVODEX.1-P6839"
EVODEX.1-E1173,93908613613969819115247067195498679649551595556833019188419568281111721881371,[#7](-[#6](=[#8])-[#6](-[#6](-[#6@](-[#7](-[#6:8](=[#8:9])-[#6:10])-[H])(-[#6](=[#8])-[#8]-[H])-[H])(-[H])-[H])(-[H])-[H])(-[H])-[H].[#8:23](-[H:40])-[H]>>[#6:8](=[#8:9])(-[#6:10])-[#8:23]-[H:40],"EVODEX.1-P4787,EVODEX.1-P5772,EVODEX.1-P5046,EVODEX.1-P4605,EVODEX.1-P4994"
EVODEX.1-E1174,5300320856523660644128080569547359862406933251570425991586953218400429205767,[#6:4]-[#6:5](-[#7](-[H])-[H])(-[#6:7]=[#8:8])-[H].[#7](-[#6](=[#8])-[#6](-[#6](-[#6](=[#8:19])-[#6](=[#8])-[#8]-[H])(-[H])-[H])(-[H])-[H])(-[H])-[H]>>[#6:4]-[#6:5](-[#6:7]=[#8:8])=[#8:19],"EVODEX.1-P2882,EVODEX.1-P3110,EVODEX.1-P2884,EVODEX.1-P3143,EVODEX.1-P3147"
EVODEX.1-E1175,44589366526154070585945465756958820314134796938987997369068827619017446426862,[#6](-[#8]-[#6]1:[#6](-[H]):[#6](-[#7](-[#6:7](=[#8:8])-[#6@:9])-[H]):[#6](-[H]):[#6]2:[#6](-[H]):[#6](-[H]):[#6](-[H]):[#6](-[H]):[#6]:1:2)(-[H])(-[H])-[H].[#8:41](-[H:77])-[H]>>[#6:7](=[#8:8])(-[#6@:9])-[#8:41]-[H:77],"EVODEX.1-P5205,EVODEX.1-P5208,EVODEX.1-P5125,EVODEX.1-P5123,EVODEX.1-P5126"
EVODEX.1-E1176,114145570453009186853148895459929643996606049913806679092756091108766256116247,[#6:19]-[#6:20](=[#8:21])-[#7](-[#6]1:[#6](-[H]):[#6](-[H]):[#6]2:[#6](-[#6](-[H])(-[H])-[H]):[#6](-[H]):[#6](=[#8]):[#8]:[#6]:2:[#6]:1-[H])-[H].[#8:35](-[H:75])-[H]>>[#6:19]-[#6:20](=[#8:21])-[#8:35]-[H:75],"EVODEX.1-P5008,EVODEX.1-P5243,EVODEX.1-P5032,EVODEX.1-P5198,EVODEX.1-P5114"
EVODEX.1-E1177,38662618510381483827945065813074472668580602488899984341045579101739197451594,[#6:2]-[#6:3](=[#8:4])-[#7](-[#6@@](-[#6](-[#6](-[#16]-[#6](-[H])(-[H])-[H])(-[H])-[H])(-[H])-[H])(-[#6](=[#8])-[#8]-[H])-[H])-[H].[#8:14](-[H:30])-[H]>>[#6:2]-[#6:3](=[#8:4])-[#8:14]-[H:30],"EVODEX.1-P4782,EVODEX.1-P5424,EVODEX.1-P5529,EVODEX.1-P5555,EVODEX.1-P4581"
EVODEX.1-E1178,61126964738849202244671116559948634012789176588078348809401867302568192680852,[#6](-[#16]-[#6](-[#6](-[#6](=[#8:6])-[#6](=[#8])-[#8]-[H])(-[H])-[H])(-[H])-[H])(-[H])(-[H])-[H].[#7](-[#6@@:11](-[#6:12])(-[#6:21]=[#8:22])-[H])(-[H])-[H]>>[#8:6]=[#6:11](-[#6:12])-[#6:21]=[#8:22],"EVODEX.1-P3212,EVODEX.1-P2845,EVODEX.1-P3043,EVODEX.1-P3047,EVODEX.1-P3119"
EVODEX.1-E1179,57170511114356034753734659824906438104011206960800988387075166919638638487895,[#7:28](-[#6@:26])(-[#6](=[#8])-[#6@](-[#6](-[#6](-[#6](-[#7](-[#6](=[#7]-[H])-[#7](-[H])-[H])-[H])(-[H])-[H])(-[H])-[H])(-[H])-[H])(-[#7](-[#6](=[#8])-[#6@](-[#6](-[#6](-[#6](-[#7](-[H])-[H])=[#8])(-[H])-[H])(-[H])-[H])(-[#7](-[#6](=[#8])-[#6@](-[#6](-[#6](-[#6](-[H])(-[H])-[H])(-[#6](-[H])(-[H])-[H])-[H])(-[H])-[H])(-[#7](-[#6](=[#8])-[#6](-[#7](-[H])-[H])(-[H])-[H])-[H])-[H])-[H])-[H])-[H])-[H])-[H:117]>>[#7:28](-[#6@:26])(-[H:117])-[H],"EVODEX.1-P5117,EVODEX.1-P5115,EVODEX.1-P5118,EVODEX.1-P5119,EVODEX.1-P5120"
EVODEX.1-E1180,57320034550432450932514371308838204405140845128360356419128211490314501999947,[#7](-[#6](=[#8])-[#6](-[#6](-[#6@](-[#7](-[H])-[H])(-[#6](=[#8])-[#7:10](-[#6:11])-[H:27])-[H])(-[H])-[H])(-[H])-[H])(-[H])-[H]>>[#7:10](-[#6:11])(-[H:27])-[H],"EVODEX.1-P4696,EVODEX.1-P4674,EVODEX.1-P4695,EVODEX.1-P4698,EVODEX.1-P4697"
EVODEX.1-E1181,72601335558292499806088918207414769061486308874717536530065554261076895516230,[#7](-[#6](=[#8])-[#6](-[#6](-[#6@](-[#7](-[#6:8](=[#8:9])-[#6:10])-[H])(-[#6](=[#8])-[#8]-[H])-[H])(-[H])-[H])(-[H])-[H])(-[H])-[H]>>[#6:8](=[#8:9])(-[#6:10])-[#8]-[H],"EVODEX.1-P4606,EVODEX.1-P5516,EVODEX.1-P4987,EVODEX.1-P5648,EVODEX.1-P5515"
EVODEX.1-E1182,87996714389904090969960881834580318790363029744012012125148187153946157890692,[#7:10](-[#6@@:11](-[#6:12])(-[#6:21]=[#8:22])-[H])(-[H:40])-[H:41]>>[#6](-[#16]-[#6](-[#6](-[#6@@](-[#6](=[#8])-[#8]-[H])(-[#7:10](-[H:40])-[H:41])-[H])(-[H])-[H])(-[H])-[H])(-[H])(-[H])-[H].[#8]=[#6:11](-[#6:12])-[#6:21]=[#8:22],"EVODEX.1-P2846,EVODEX.1-P3044,EVODEX.1-P3121,EVODEX.1-P3213,EVODEX.1-P2921"
EVODEX.1-E1183,64767199400696256693278059372589062032173136572971481328593118399157975985129,[#15:26]-[#8:29]-[#15:30](=[#8:31])(-[#8:32])-[#8:33]>>[#6](-[#6@@](-[#8]-[H])(-[#6](-[#6](-[#8]-[#15:30](=[#8:31])(-[#8:32])-[#8:33])(-[H])-[H])(-[H])-[H])-[#6](-[#6](=[#8])-[#8]-[H])(-[H])-[H])(-[H])(-[H])-[H].[#15:26]-[#8:29]-[H],"EVODEX.1-P3363,EVODEX.1-P3367,EVODEX.1-P3362,EVODEX.1-P3364,EVODEX.1-P3365"
EVODEX.1-E1184,52228421112826730531905055057828598499548407524715089084001324518047638675999,[#8:80]=[#6:81](-[#8:82]-[H:141])-[#6:83]>>[#6](-[#6](-[#6](-[H])(-[H])-[H])(-[#6](-[#8]-[#15](=[#8])(-[#8]-[H])-[#8]-[#15](=[#8])(-[#8]-[H])-[#8]-[#6](-[#6@@]1(-[H])-[#8]-[#6@](-[#7]2:[#6](-[H]):[#7]:[#6]3:[#6](-[#7](-[H])-[H]):[#7]:[#6](-[H]):[#7]:[#6]:2:3)(-[H])-[#6@@](-[#8]-[H])(-[H])-[#6@@]-1(-[#8]-[#15](=[#8])(-[#8]-[H])-[#8]-[H])-[H])(-[H])-[H])(-[H])-[H])-[#6@@](-[#8]-[H])(-[#6](=[#8])-[#7](-[#6](-[#6](-[#6](=[#8])-[#7](-[#6](-[#6](-[#16]-[#6:81](=[#8:80])-[#6:83])(-[H])-[H])(-[H])-[H])-[H])(-[H])-[H])(-[H])-[H])-[H])-[H])(-[H])(-[H])-[H].[#7](-[#6]1:[#7]:[#6](-[H]):[#7]:[#6]2:[#6]:1:[#7]:[#6](-[H]):[#7]:2-[#6@]1(-[H])-[#8]-[#6@@](-[#6](-[#8]-[#15](=[#8])(-[#8]-[H])-[#8]-[#15](=[#8])(-[#8]-[H])-[#8:82]-[H:141])(-[H])-[H])(-[H])-[#6@](-[#8]-[H])(-[H])-[#6@]-1(-[#8]-[H])-[H])(-[H])-[H],"EVODEX.1-P6864,EVODEX.1-P6880,EVODEX.1-P6724,EVODEX.1-P6884,EVODEX.1-P6869"
EVODEX.1-E1185,101573625825333697479684565855027020889862819049656517469908974884367247136926,[#6:34]-[#8:35]-[#16:36](=[#8:37])(=[#8:38])-[#8:39]>>[#7](-[#6]1:[#7]:[#6](-[H]):[#7]:[#6]2:[#6]:1:[#7]:[#6](-[H]):[#7]:2-[#6@]1(-[H])-[#8]-[#6@@](-[#6](-[#8]-[#15](=[#8])(-[#8]-[#16:36](=[#8:37])(=[#8:38])-[#8:39])-[#8]-[H])(-[H])-[H])(-[H])-[#6@](-[#8]-[#15](=[#8])(-[#8]-[H])-[#8]-[H])(-[H])-[#6@]-1(-[#8]-[H])-[H])(-[H])-[H].[#6:34]-[#8:35]-[H],"EVODEX.1-P3749,EVODEX.1-P3777,EVODEX.1-P3779,EVODEX.1-P3746,EVODEX.1-P3739"
EVODEX.1-E1186,109970999868683043660221904525575828198027778712526460908350333718948481169165,[#8:14](-[#6@@:2])-[#15:15](=[#8:16])(-[#8:17])-[#8:18]>>[#8:14](-[#6@@:2])-[H].[#15:15](=[#8:16])(-[#8:17])(-[#8:18])-[#8]-[#15](-[#8]-[#15](-[#8]-[#6](-[#6@@]1(-[H])-[#8]-[#6@](-[#7]2:[#6]3:[#7]:[#6](-[H]):[#7]:[#6](-[#7](-[H])-[H]):[#6]:3:[#7]:[#6]:2-[H])(-[H])-[#6@@](-[#8]-[H])(-[H])-[#6@@]-1(-[#8]-[H])-[H])(-[H])-[H])(=[#8])-[#8]-[H])(=[#8])-[#8]-[H],"EVODEX.1-P3419,EVODEX.1-P3314,EVODEX.1-P3418,EVODEX.1-P3329,EVODEX.1-P3497"
EVODEX.1-E1187,72517958668586372429338539234615108346633984888666134392631381165082031283783,[#15:47]-[#8:50]-[#15:51](=[#8:52])(-[#8:53])-[#8:54]>>[#7](-[#6]1:[#7]:[#6](-[H]):[#7]:[#6]2:[#6]:1:[#7]:[#6](-[H]):[#7]:2-[#6@]1(-[H])-[#8]-[#6@@](-[#6](-[#8]-[#15](=[#8])(-[#8]-[H])-[#8]-[#15](=[#8])(-[#8]-[#15:51](=[#8:52])(-[#8:53])-[#8:54])-[#8]-[H])(-[H])-[H])(-[H])-[#6@](-[#8]-[H])(-[H])-[#6@]-1(-[#8]-[H])-[H])(-[H])-[H].[#15:47]-[#8:50]-[H],"EVODEX.1-P3529,EVODEX.1-P3534,EVODEX.1-P3560,EVODEX.1-P3543,EVODEX.1-P3565"
EVODEX.1-E1188,5590619473659051495128156962509101459906005649893254459537517152789280957340,[#6:10]-[#7:12](-[#15:13](=[#8:14])(-[#8:15])-[#8:16])-[H:48]>>[#6:10]-[#7:12](-[H:48])-[H].[#15:13](=[#8:14])(-[#8:15])(-[#8:16])-[#8]-[#15](-[#8]-[#15](-[#8]-[#6](-[#6@@]1(-[H])-[#8]-[#6@](-[#7]2:[#6]3:[#7]:[#6](-[H]):[#7]:[#6](-[#7](-[H])-[H]):[#6]:3:[#7]:[#6]:2-[H])(-[H])-[#6@@](-[#8]-[H])(-[H])-[#6@@]-1(-[#8]-[H])-[H])(-[H])-[H])(=[#8])-[#8]-[H])(=[#8])-[#8]-[H],"EVODEX.1-P3512,EVODEX.1-P3506,EVODEX.1-P3517,EVODEX.1-P3508,EVODEX.1-P3481"
EVODEX.1-E1189,54106471973478627283464751498234026708153785088596355832543477335923157435129,[#6:2]-[#6:3](=[#8:4])-[#7:5](-[#6@:6])-[H:78].[#15:47]-[#8:48]-[H]>>[#7](-[#6]1:[#7]:[#6](-[H]):[#7]:[#6]2:[#6]:1:[#7]:[#6](-[H]):[#7]:2-[#6@]1(-[H])-[#8]-[#6@@](-[#6](-[#8]-[#15](=[#8])(-[#8]-[H])-[#8]-[#15](=[#8])(-[#8]-[H])-[#8:48]-[#15:47])(-[H])-[H])(-[H])-[#6@](-[#8]-[H])(-[H])-[#6@]-1(-[#8]-[H])-[H])(-[H])-[H].[#6:2]-[#6:3](=[#8:4])-[#8]-[H].[#7:5](-[#6@:6])(-[H:78])-[H],"EVODEX.1-P7541,EVODEX.1-P7022,EVODEX.1-P6969,EVODEX.1-P7485,EVODEX.1-P7486"
EVODEX.1-E1190,90296091635146400338890628917389191340210550518654897453979093327121427876765,[#6:47]-[#16:48]-[#6:49](=[#8:50])-[#6@:51].[#15:85]-[#8:86]-[H]>>[#6:49](=[#8:50])(-[#6@:51])-[#8]-[H].[#6:47]-[#16:48]-[H].[#7](-[#6]1:[#7]:[#6](-[H]):[#7]:[#6]2:[#6]:1:[#7]:[#6](-[H]):[#7]:2-[#6@]1(-[H])-[#8]-[#6@@](-[#6](-[#8]-[#15](=[#8])(-[#8]-[H])-[#8]-[#15](=[#8])(-[#8]-[H])-[#8:86]-[#15:85])(-[H])-[H])(-[H])-[#6@](-[#8]-[H])(-[H])-[#6@]-1(-[#8]-[H])-[H])(-[H])-[H],"EVODEX.1-P6753,EVODEX.1-P6872,EVODEX.1-P6720,EVODEX.1-P6726,EVODEX.1-P6757"
EVODEX.1-E1191,47041554751573688005122835535883464212500121451948086924537225804356689205625,[#6](-[#6](-[#6](-[H])(-[H])-[H])(-[#6](-[#8]-[#15](=[#8])(-[#8]-[H])-[#8]-[#15](=[#8])(-[#8]-[H])-[#8]-[#6](-[#6@@]1(-[H])-[#8]-[#6@](-[#7]2:[#6](-[H]):[#7]:[#6]3:[#6](-[#7](-[H])-[H]):[#7]:[#6](-[H]):[#7]:[#6]:2:3)(-[H])-[#6@@](-[#8]-[H])(-[H])-[#6@@]-1(-[#8]-[#15](=[#8])(-[#8]-[H])-[#8]-[H])-[H])(-[H])-[H])(-[H])-[H])-[#6@@](-[#8]-[H])(-[#6](=[#8])-[#7](-[#6](-[#6](-[#6](=[#8])-[#7](-[#6](-[#6](-[#16]-[#6:49](=[#8:50])-[#6@:51])(-[H])-[H])(-[H])-[H])-[H])(-[H])-[H])(-[H])-[H])-[H])-[H])(-[H])(-[H])-[H].[#7](-[#6]1:[#7]:[#6](-[H]):[#7]:[#6]2:[#6]:1:[#7]:[#6](-[H]):[#7]:2-[#6@]1(-[H])-[#8]-[#6@@](-[#6](-[#8]-[#15](=[#8])(-[#8]-[H])-[#8]-[#15](=[#8])(-[#8:78]-[H:133])-[#8]-[H])(-[H])-[H])(-[H])-[#6@](-[#8]-[H])(-[H])-[#6@]-1(-[#8]-[H])-[H])(-[H])-[H]>>[#6:49](=[#8:50])(-[#6@:51])-[#8:78]-[H:133],"EVODEX.1-P6754,EVODEX.1-P6865,EVODEX.1-P6866,EVODEX.1-P6760,EVODEX.1-P6736"
EVODEX.1-E1192,53063325653418173244839326380303410493832577123656197854895938202973949738733,[#7](-[#6]1:[#7]:[#6](-[H]):[#7]:[#6]2:[#6]:1:[#7]:[#6](-[H]):[#7]:2-[#6@@]1(-[H])-[#6](-[H])(-[H])-[#6@@](-[#8]-[H])(-[H])-[#6@](-[#6](-[#8]-[#15](=[#8])(-[#8]-[H])-[#8]-[#15](=[#8])(-[#8]-[H])-[#8]-[#15:68](=[#8:69])(-[#8:70])-[#8:71])(-[H])-[H])(-[H])-[#8]-1)(-[H])-[H].[#6:14]-[#8:15]-[H]>>[#6:14]-[#8:15]-[#15:68](=[#8:69])(-[#8:70])-[#8:71],"EVODEX.1-P3371,EVODEX.1-P3239,EVODEX.1-P3234,EVODEX.1-P3347,EVODEX.1-P3350"
EVODEX.1-E1193,112870693006882181600645009335049326649332622491109273682386775424414686947432,[#7](-[#6]1:[#7]:[#6](-[H]):[#7]:[#6]2:[#6]:1:[#7]:[#6](-[H]):[#7]:2-[#6@@]1(-[H])-[#6](-[H])(-[H])-[#6@@](-[#8]-[H])(-[H])-[#6@](-[#6](-[#8]-[#15](=[#8])(-[#8]-[H])-[#8]-[#15](=[#8])(-[#8]-[H])-[#8]-[#15:50](=[#8:51])(-[#8:52])-[#8:53])(-[H])-[H])(-[H])-[#8]-1)(-[H])-[H].[#15:15]-[#8:17]-[H]>>[#15:15]-[#8:17]-[#15:50](=[#8:51])(-[#8:52])-[#8:53],"EVODEX.1-P3545,EVODEX.1-P3524,EVODEX.1-P3570,EVODEX.1-P3573,EVODEX.1-P3538"
EVODEX.1-E1194,35965780436147814532935574831665542355709862455040911931781246836804827664996,[#7](-[#6]1:[#7]:[#6]2:[#6](:[#7]:[#6](-[H]):[#7]:2-[#6@]2(-[H])-[#8]-[#6@@](-[#6](-[#8]-[#15](=[#8])(-[#8]-[H])-[#8]-[#15](=[#8])(-[#8]-[H])-[#8:69]-[#15:70])(-[H])-[H])(-[H])-[#6@](-[#8]-[H])(-[H])-[#6@]-2(-[#8]-[H])-[H]):[#6](=[#8]):[#7]:1-[H])(-[H])-[H].[#8:81]=[#6:82](-[#8]-[H])-[#6:84]>>[#6](-[#6](-[#6](-[H])(-[H])-[H])(-[#6](-[#8]-[#15](=[#8])(-[#8]-[H])-[#8]-[#15](=[#8])(-[#8]-[H])-[#8]-[#6](-[#6@@]1(-[H])-[#8]-[#6@](-[#7]2:[#6](-[H]):[#7]:[#6]3:[#6](-[#7](-[H])-[H]):[#7]:[#6](-[H]):[#7]:[#6]:2:3)(-[H])-[#6@@](-[#8]-[H])(-[H])-[#6@@]-1(-[#8]-[#15](=[#8])(-[#8]-[H])-[#8]-[H])-[H])(-[H])-[H])(-[H])-[H])-[#6@@](-[#8]-[H])(-[#6](=[#8])-[#7](-[#6](-[#6](-[#6](=[#8])-[#7](-[#6](-[#6](-[#16]-[#6:82](=[#8:81])-[#6:84])(-[H])-[H])(-[H])-[H])-[H])(-[H])-[H])(-[H])-[H])-[H])-[H])(-[H])(-[H])-[H].[#8:69](-[#15:70])-[H],"EVODEX.1-P6834,EVODEX.1-P6843,EVODEX.1-P6848,EVODEX.1-P6678,EVODEX.1-P6882"
EVODEX.1-E1195,114058367143638623492496145321239988792779439552672590591243765498462219883111,[#8:81]=[#6:82](-[#8:83]-[H:142])-[#6:84]>>[#6](-[#6](-[#6](-[H])(-[H])-[H])(-[#6](-[#8]-[#15](=[#8])(-[#8]-[H])-[#8]-[#15](=[#8])(-[#8]-[H])-[#8]-[#6](-[#6@@]1(-[H])-[#8]-[#6@](-[#7]2:[#6](-[H]):[#7]:[#6]3:[#6](-[#7](-[H])-[H]):[#7]:[#6](-[H]):[#7]:[#6]:2:3)(-[H])-[#6@@](-[#8]-[H])(-[H])-[#6@@]-1(-[#8]-[#15](=[#8])(-[#8]-[H])-[#8]-[H])-[H])(-[H])-[H])(-[H])-[H])-[#6@@](-[#8]-[H])(-[#6](=[#8])-[#7](-[#6](-[#6](-[#6](=[#8])-[#7](-[#6](-[#6](-[#16]-[#6:82](=[#8:81])-[#6:84])(-[H])-[H])(-[H])-[H])-[H])(-[H])-[H])(-[H])-[H])-[H])-[H])(-[H])(-[H])-[H].[#7](-[#6]1:[#7]:[#6]2:[#6](:[#7]:[#6](-[H]):[#7]:2-[#6@]2(-[H])-[#8]-[#6@@](-[#6](-[#8]-[#15](=[#8])(-[#8]-[H])-[#8]-[#15](=[#8])(-[#8]-[H])-[#8:83]-[H:142])(-[H])-[H])(-[H])-[#6@](-[#8]-[H])(-[H])-[#6@]-2(-[#8]-[H])-[H]):[#6](=[#8]):[#7]:1-[H])(-[H])-[H],"EVODEX.1-P6835,EVODEX.1-P6730,EVODEX.1-P6671,EVODEX.1-P6675,EVODEX.1-P6842"
EVODEX.1-E1196,35074029430079136513880886918304735985410501821655990202796591953627576635945,[#7](-[#6]1:[#7]:[#6]2:[#6](:[#7]:[#6](-[H]):[#7]:2-[#6@]2(-[H])-[#8]-[#6@@](-[#6](-[#8]-[#15](=[#8])(-[#8]-[H])-[#8]-[#15](=[#8])(-[#8]-[H])-[#8]-[#6@@:22](-[H:49])(-[#8:23])-[#6@@:31])(-[H])-[H])(-[H])-[#6@](-[#8]-[H])(-[H])-[#6@]-2(-[#8]-[H])-[H]):[#6](=[#8]):[#7]:1-[H])(-[H])-[H].[#15:41]-[#8:42]-[H]>>[#6:22](-[#8:42]-[#15:41])(-[H:49])(-[#8:23])-[#6@@:31],"EVODEX.1-P2490,EVODEX.1-P2489,EVODEX.1-P2454,EVODEX.1-P3631,EVODEX.1-P2492"
EVODEX.1-E1197,44822781469730197038193324702365594089171944206273257083527427663532784713302,[#7](-[#6]1:[#7]:[#6]2:[#6](:[#7]:[#6](-[H]):[#7]:2-[#6@]2(-[H])-[#8]-[#6@@](-[#6](-[#8]-[#15](=[#8])(-[#8]-[H])-[#8]-[#15](=[#8])(-[#8]-[H])-[#8]-[#6@@:22](-[H:66])(-[#8:23])-[#6@:31])(-[H])-[H])(-[H])-[#6@](-[#8]-[H])(-[H])-[#6@]-2(-[#8]-[H])-[H]):[#6](=[#8]):[#7]:1-[H])(-[H])-[H].[#6:42]-[#8:43]-[H]>>[#8:43](-[#6@:22](-[H:66])(-[#8:23])-[#6@:31])-[#6:42],"EVODEX.1-P2352,EVODEX.1-P2370,EVODEX.1-P2429,EVODEX.1-P2271,EVODEX.1-P2371"
EVODEX.1-E1198,101604589349265921737679154082028206019259893501835601492509633335269052242220,[#8:16]1-[#6@:15]-[#6@:50](-[#6@:48](-[#6@@:46](-[#6@:17]-1(-[#8]-[#15](=[#8])(-[#8]-[H])-[#8]-[#15](=[#8])(-[#8]-[H])-[#8]-[#6](-[#6@@]1(-[H])-[#8]-[#6@](-[#7]2:[#6](-[H]):[#7]:[#6]3:[#6](=[#8]):[#7](-[H]):[#6](=[#7]-[H]):[#7](-[H]):[#6]:2:3)(-[H])-[#6@@](-[#8]-[H])(-[H])-[#6@@]-1(-[#8]-[H])-[H])(-[H])-[H])-[H:67])(-[#8:47])-[H:69])(-[#8:49])-[H:71])(-[#8:51])-[H:73].[#8:13](-[#6@:12])-[H]>>[#8:13](-[#6@:12])-[#6@@:17]1(-[H:67])-[#8:16]-[#6@:15]-[#6@:50](-[#8:51])(-[H:73])-[#6@:48](-[#8:49])(-[H:71])-[#6@@:46]-1(-[#8:47])-[H:69],"EVODEX.1-P2286,EVODEX.1-P2282,EVODEX.1-P2459,EVODEX.1-P2284,EVODEX.1-P2458"
EVODEX.1-E1199,13792610174340593263059117663618426600975012118675506592375128341736695166160,[#7](-[#6]1:[#7]:[#6]2:[#6](:[#7]:[#6](-[H]):[#7]:2-[#6@]2(-[H])-[#8]-[#6@@](-[#6](-[#8]-[#15](=[#8])(-[#8]-[H])-[#8]-[#15](=[#8])(-[#8]-[H])-[#8]-[#15:22](=[#8:23])(-[#8:24])-[#8:25])(-[H])-[H])(-[H])-[#6@](-[#8]-[H])(-[H])-[#6@]-2(-[#8]-[H])-[H]):[#6](=[#8]):[#7]:1-[H])(-[H])-[H].[#6:34]-[#8:35]-[H]>>[#15:22](=[#8:23])(-[#8:24])(-[#8:25])-[#8:35]-[#6:34],"EVODEX.1-P3352,EVODEX.1-P3322,EVODEX.1-P3355,EVODEX.1-P3320,EVODEX.1-P3357"
EVODEX.1-E1200,63293242575784228832930520381748137038647391453240301135978857699447349602224,[#6:47]-[#16:48]-[H].[#7](-[#6]1:[#7]:[#6]2:[#6](:[#7]:[#6](-[H]):[#7]:2-[#6@]2(-[H])-[#8]-[#6@@](-[#6](-[#8]-[#15](=[#8])(-[#8]-[H])-[#8]-[#15](=[#8])(-[#8]-[H])-[#8:69]-[#15:70])(-[H])-[H])(-[H])-[#6@](-[#8]-[H])(-[H])-[#6@]-2(-[#8]-[H])-[H]):[#6](=[#8]):[#7]:1-[H])(-[H])-[H].[#8:81]=[#6:82](-[#8]-[H])-[#6:84]>>[#6:47]-[#16:48]-[#6:82](=[#8:81])-[#6:84].[#8:69](-[#15:70])-[H],"EVODEX.1-P6831,EVODEX.1-P6676,EVODEX.1-P6838,EVODEX.1-P6841,EVODEX.1-P6847"
EVODEX.1-E1201,79460682478080984027660781687761477274063617062186834037896427324526611918785,[#8](-[#6](-[#6@@]1(-[H])-[#8]-[#6@](-[#8]-[#6@@]2(-[H])-[#6@@](-[#8]-[H])(-[H])-[#6@](-[#8]-[H])(-[H])-[#6@@](-[#8:14]-[#6:15])(-[H])-[#8]-[#6@@]-2(-[#6](-[#8]-[H])(-[H])-[H])-[H])(-[H])-[#6@@](-[#8]-[H])(-[H])-[#6@](-[#8]-[H])(-[H])-[#6@@]-1(-[#8]-[H])-[H])(-[H])-[H])-[H]>>[#8:14](-[#6:15])-[H],"EVODEX.1-P2232,EVODEX.1-P2227,EVODEX.1-P4412,EVODEX.1-P2230,EVODEX.1-P4509"
EVODEX.1-E1202,71913561936351377763499744121184136635228343486172702018491076489442654335167,[#6](-[#6](=[#8])-[#7](-[#6@@]1(-[H])-[#6](-[#8:7]-[#6@:8])(-[H])-[#8]-[#6@@](-[#6](-[#8]-[H])(-[H])-[H])(-[H])-[#6@@](-[#8]-[H])(-[H])-[#6@@]-1(-[#8]-[H])-[H])-[H])(-[H])(-[H])-[H]>>[#8:7](-[#6@:8])-[H],"EVODEX.1-P4495,EVODEX.1-P4409,EVODEX.1-P4546,EVODEX.1-P4396,EVODEX.1-P4345"
EVODEX.1-E1203,28020742873437992009653107117729510233295614286239313089745670609959002125253,[#6](-[#6](=[#8])-[#7](-[#6@@]1(-[H])-[#6@](-[#8:7]-[#6:8])(-[H])-[#8]-[#6@@](-[#6](-[#8]-[H])(-[H])-[H])(-[H])-[#6@@](-[#8]-[H])(-[H])-[#6@@]-1(-[#8]-[#6@]1(-[H])-[#8]-[#6@@](-[#6](-[#8]-[H])(-[H])-[H])(-[H])-[#6@@](-[#8]-[H])(-[H])-[#6@@](-[#8]-[H])(-[H])-[#6@]-1(-[#8]-[H])-[H])-[H])-[H])(-[H])(-[H])-[H]>>[#8:7](-[#6:8])-[H],"EVODEX.1-P4351,EVODEX.1-P4350,EVODEX.1-P2242,EVODEX.1-P4538,EVODEX.1-P4536"
EVODEX.1-E1204,62432811937363473796583551320170142611760243030846339207198189870862194838511,[#8:36](-[#6:37])-[H]>>[#6](-[#6](=[#8])-[#7](-[#6@]1(-[H])-[#6](-[#8]-[#6@]2(-[H])-[#8]-[#6@@](-[#6](-[#8]-[H])(-[H])-[H])(-[H])-[#6@@](-[#8]-[H])(-[H])-[#6@@](-[#8]-[H])(-[H])-[#6@]-2(-[#8]-[H])-[H])(-[H])-[#6@](-[#8]-[H])(-[H])-[#6@](-[#6](-[#8]-[H])(-[H])-[H])(-[H])-[#8]-[#6@]-1(-[#8:36]-[#6:37])-[H])-[H])(-[H])(-[H])-[H],"EVODEX.1-P4543,EVODEX.1-P4545,EVODEX.1-P4541,EVODEX.1-P4544,EVODEX.1-P4539"
EVODEX.1-E1205,64603683776478221474968898434381211322431189768884999646443824120298833481716,[#6](-[#6@]1(-[H])-[#8]-[#6@](-[#8:5]-[#6:6])(-[H])-[#6@](-[#8]-[H])(-[H])-[#6@@](-[#8]-[H])(-[H])-[#6@@]-1(-[#8]-[H])-[H])(-[H])(-[H])-[H]>>[#8:5](-[#6:6])-[H],"EVODEX.1-P4498,EVODEX.1-P4499,EVODEX.1-P4445,EVODEX.1-P4485,EVODEX.1-P4457"
EVODEX.1-E1206,36145801953698324465111309984978120353084211822629496321781841993484597959082,[#6:10]-[#8:11]-[H].[#6](-[#6](-[#6](-[H])(-[H])-[H])=[#6](-[#6](-[#6](-[#6](-[#6](-[H])(-[H])-[H])=[#6](-[#6](-[#6](-[#6](-[#6](-[H])(-[H])-[H])=[#6](-[#6](-[#6](-[#6](-[#6](-[H])(-[H])-[H])=[#6](-[#6](-[#6](-[#6](-[#6](-[H])(-[H])-[H])=[#6](-[#6](-[#6](-[#6](-[#6](-[H])(-[H])-[H])=[#6](-[#6](-[#6](-[#6](-[#6](-[H])(-[H])-[H])=[#6](-[#6](-[#6](-[#6](-[#6](-[H])(-[H])-[H])=[#6](-[#6](-[#6](-[#6](-[#6](-[H])(-[H])-[H])=[#6](-[#6](-[#6](-[#6](-[#6](-[H])(-[H])-[H])=[#6](-[#6](-[#6](-[#6](-[#6](-[H])(-[H])-[H])=[#6](-[#6](-[#6](-[#6](-[#6](-[H])(-[H])-[H])=[#6](-[#6](-[#6](-[#6](-[#6](-[H])(-[H])-[H])=[#6](-[#6](-[#6](-[#6](-[#6](-[H])(-[H])-[H])=[#6](-[#6](-[#6](-[#6](-[#6](-[H])(-[H])-[H])=[#6](-[#6](-[#6](-[#6](-[#6](-[H])(-[H])-[H])=[#6](-[#6](-[#6](-[#6](-[#6](-[H])(-[H])-[H])=[#6](-[#6](-[#6](-[#6](-[#6](-[H])(-[H])-[H])=[#6](-[#6](-[#6](-[#6](-[#6](-[H])(-[H])-[H])=[#6](-[#6](-[#6](-[#6](-[#6](-[H])(-[H])-[H])(-[#6](-[#6](-[#8]-[#15](=[#8])(-[#8]-[H])-[#8]-[#6@:157](-[H:277])(-[#8:158])-[#6@@:166])(-[H])-[H])(-[H])-[H])-[H])(-[H])-[H])(-[H])-[H])-[H])(-[H])-[H])(-[H])-[H])-[H])(-[H])-[H])(-[H])-[H])-[H])(-[H])-[H])(-[H])-[H])-[H])(-[H])-[H])(-[H])-[H])-[H])(-[H])-[H])(-[H])-[H])-[H])(-[H])-[H])(-[H])-[H])-[H])(-[H])-[H])(-[H])-[H])-[H])(-[H])-[H])(-[H])-[H])-[H])(-[H])-[H])(-[H])-[H])-[H])(-[H])-[H])(-[H])-[H])-[H])(-[H])-[H])(-[H])-[H])-[H])(-[H])-[H])(-[H])-[H])-[H])(-[H])-[H])(-[H])-[H])-[H])(-[H])-[H])(-[H])-[H])-[H])(-[H])-[H])(-[H])-[H])-[H])(-[H])-[H])(-[H])-[H])-[H])(-[H])-[H])(-[H])-[H])-[H])(-[H])-[H])(-[H])-[H])-[H])(-[H])(-[H])-[H]>>[#6:10]-[#8:11]-[#6@:157](-[H:277])(-[#8:158])-[#6@@:166],"EVODEX.1-P2249,EVODEX.1-P2250,EVODEX.1-P2245,EVODEX.1-P2246,EVODEX.1-P2248"
EVODEX.1-E1207,25061451324648422689726406398398230048920906489002406167989228400123542293516,[#8:35](-[#6@:34])-[#6:36](-[H:94])(-[#8:37])-[#6@:45]>>[#8](-[#6@@:36](-[H:94])(-[#8:37])-[#6@:45])-[#15](-[#8]-[#15](-[#8]-[#6](-[#6@@]1(-[H])-[#8]-[#6@](-[#7]2:[#6](-[H]):[#6](-[H]):[#6](=[#8]):[#7](-[H]):[#6]:2=[#8])(-[H])-[#6@@](-[#8]-[H])(-[H])-[#6@@]-1(-[#8]-[H])-[H])(-[H])-[H])(=[#8])-[#8]-[H])(=[#8])-[#8]-[H].[#8:35](-[#6@:34])-[H],"EVODEX.1-P2357,EVODEX.1-P2495,EVODEX.1-P2261,EVODEX.1-P2430,EVODEX.1-P2355"
EVODEX.1-E1208,78425268180461290598117031481418426350820539911127597221779436864385260827254,[#6](-[#6]1:[#6](-[H]):[#7](-[#6@@]2(-[H])-[#6](-[H])(-[H])-[#6](-[#8]-[H])(-[H])-[#6@](-[#6](-[#8]-[#15](=[#8])(-[#8]-[H])-[#8]-[#15](=[#8])(-[#8]-[H])-[#8]-[#6@:20](-[H:65])(-[#8:21])-[#6@:27])(-[H])-[H])(-[H])-[#8]-2):[#6](=[#8]):[#7](-[H]):[#6]:1=[#8])(-[H])(-[H])-[H].[#6:37]-[#8:38]-[H]>>[#8:38](-[#6@:20](-[H:65])(-[#8:21])-[#6@:27])-[#6:37],"EVODEX.1-P2414,EVODEX.1-P2415,EVODEX.1-P2420,EVODEX.1-P2416,EVODEX.1-P2419"
EVODEX.1-E1209,58293528242339765625837475905432475938080151209530864566163603700201039401238,[#6](-[#6]1:[#6](-[H]):[#7](-[#6@@]2(-[H])-[#6](-[H])(-[H])-[#6@@](-[#8]-[H])(-[H])-[#6@](-[#6](-[#8]-[#15](=[#8])(-[#8]-[H])-[#8]-[#15](=[#8])(-[#8]-[H])-[#8]-[#15:20](=[#8:21])(-[#8:22])-[#8:23])(-[H])-[H])(-[H])-[#8]-2):[#6](=[#8]):[#7](-[H]):[#6]:1=[#8])(-[H])(-[H])-[H].[#6:31]-[#8:32]-[H]>>[#15:20](=[#8:21])(-[#8:22])(-[#8:23])-[#8:32]-[#6:31],"EVODEX.1-P3406,EVODEX.1-P3384,EVODEX.1-P3369,EVODEX.1-P3370,EVODEX.1-P3358"
EVODEX.1-E1210,19305282928608275442552882787914689774503419303149311181752504393905009374030,[#8:17]=[#15:18](-[#8:19])(-[#8:20])-[#8:21]-[#15:22]>>[#8]=[#6](-[#6](-[#8]-[#15:18](=[#8:17])(-[#8:19])-[#8:20])(-[H])-[H])-[#6@@](-[#8]-[H])(-[#6@](-[#8]-[H])(-[#6@](-[#8]-[H])(-[#6](-[#8]-[#15](=[#8])(-[#8]-[H])-[#8]-[H])(-[H])-[H])-[H])-[H])-[H].[#8:21](-[#15:22])-[H],"EVODEX.1-P3290,EVODEX.1-P3247,EVODEX.1-P3249,EVODEX.1-P3248,EVODEX.1-P3246"
EVODEX.1-E1211,90623143070196544855774588145666132899412422624221861448449037175809994355244,[#15:22]-[#8:25]-[#15:26](=[#8:27])(-[#8:28])-[#8:29]>>[#15:22]-[#8:25]-[H].[#8]=[#15](-[#8]-[H])(-[#8]-[H])-[#8]-[#6](-[#6@@]1(-[H])-[#8]-[#6](-[#8]-[H])(-[#6](-[#8]-[#15:26](=[#8:27])(-[#8:28])-[#8:29])(-[H])-[H])-[#6@](-[#8]-[H])(-[H])-[#6@@]-1(-[#8]-[H])-[H])(-[H])-[H],"EVODEX.1-P3291,EVODEX.1-P3468,EVODEX.1-P3242,EVODEX.1-P3283,EVODEX.1-P3250"
EVODEX.1-E1212,27894495964292854970998462475580245148087757773928752074919362827030198933490,[#7](-[#6]1:[#6](-[H]):[#6](-[H]):[#7](-[#6@]2(-[H])-[#8]-[#6@@](-[#6](-[#8]-[#15](=[#8])(-[#8]-[H])-[#8]-[#15](=[#8])(-[#8]-[H])-[#8]-[#15:19](=[#8:20])(-[#8:21])-[#8:22])(-[H])-[H])(-[H])-[#6@](-[#8]-[H])(-[H])-[#6@]-2(-[#8]-[H])-[H]):[#6](=[#8]):[#7]:1)(-[H])-[H].[#6:31]-[#8:32]-[H]>>[#15:19](=[#8:20])(-[#8:21])(-[#8:22])-[#8:32]-[#6:31],"EVODEX.1-P3488,EVODEX.1-P3490,EVODEX.1-P3360,EVODEX.1-P3466,EVODEX.1-P3305"
EVODEX.1-E1213,32454897070600882503052616337698302861995580117336431210040629878412778139137,[#8]=[#6](-[#8]-[H])-[#6@@]1(-[H])-[#8]-[#6@@](-[#8:8]-[#6@:9])(-[H])-[#6@@](-[#8]-[H])(-[H])-[#6@](-[#8]-[H])(-[H])-[#6@]-1(-[#8]-[H])-[H]>>[#8:8](-[#6@:9])-[H],"EVODEX.1-P4475,EVODEX.1-P4527,EVODEX.1-P4528,EVODEX.1-P4476,EVODEX.1-P2306"
EVODEX.1-E1214,91672744202913668587432486356931397682851529415805956848036138257583583596636,[#6:10]-[#8:11]-[H]>>[#6:10]-[#8:11]-[#6]1(-[H])-[#8]-[#6@](-[#6](-[H])(-[H])-[H])(-[H])-[#6](-[#8]-[H])(-[H])-[#6](-[#8]-[H])(-[H])-[#6@@]-1(-[#8]-[H])-[H],"EVODEX.1-P2283,EVODEX.1-P2359,EVODEX.1-P2427,EVODEX.1-P2281,EVODEX.1-P4500"
EVODEX.1-E1215,53291570224923819782431577931825244864898036372141455590854744739749430058092,[#8](-[#6@@:12](-[#6@:3])(-[#6@@:10])-[H:45])-[#6@]1(-[H])-[#8]-[#6@](-[#6](-[H])(-[H])-[H])(-[H])-[#6@](-[#8]-[H])(-[H])-[#6@](-[#8]-[H])(-[H])-[#6@@]-1(-[#8]-[H])-[H].[#8:24](-[H:49])-[H]>>[#8:24](-[#6@@:12](-[#6@:3])(-[#6@@:10])-[H:45])-[H:49],"EVODEX.1-P4506,EVODEX.1-P4502,EVODEX.1-P4487,EVODEX.1-P4505,EVODEX.1-P4504"
EVODEX.1-E1216,56359840294875932672961688300939242228576614632395310378263875725090083696604,[#6:39](-[#6@@:31])(=[#8:40])-[#8]-[#6](-[H])(-[H])-[H].[#8:43](-[H:85])-[H]>>[#6:39](-[#6@@:31])(=[#8:40])-[#8:43]-[H:85],"EVODEX.1-P4007,EVODEX.1-P4003,EVODEX.1-P3862,EVODEX.1-P4022,EVODEX.1-P3879"
EVODEX.1-E1217,113924243607820553101884102461441759426791252409875939055668235667006584215476,[#6](-[#8]-[#6:16](=[#8:17])-[#6@:18])(-[H])(-[H])-[H].[#6:12]-[#7:13](-[H:42])-[H]>>[#6:12]-[#7:13](-[#6:16](=[#8:17])-[#6@:18])-[H:42],"EVODEX.1-P5015,EVODEX.1-P5017,EVODEX.1-P5028,EVODEX.1-P4060,EVODEX.1-P4054"
EVODEX.1-E1218,40380133047066490679677071603006245292331257806611185179028834391373100485615,[#6](-[#8]-[#6:3](=[#8:4])-[#6@:5])(-[H])(-[H])-[H].[#6:25]-[#6@:27](-[#7:28](-[H:62])-[H])(-[#6:29])-[H:74]>>[#6:3](=[#8:4])(-[#6@:5])-[#7:28](-[#6@@:27](-[#6:25])(-[#6:29])-[H:74])-[H:62],"EVODEX.1-P4722,EVODEX.1-P5027,EVODEX.1-P5278,EVODEX.1-P5277,EVODEX.1-P5026"
EVODEX.1-E1219,75282994176103769934779725031590714417923881340178442798650030648668738667065,[#8:46](-[#6@@:45])-[H]>>[#8:46](-[#6@@:45])-[#15](=[#8])(-[#8]-[H])-[#8]-[#15](=[#8])(-[#8]-[H])-[#8]-[H],"EVODEX.1-P3333,EVODEX.1-P3327,EVODEX.1-P3475,EVODEX.1-P3609,EVODEX.1-P3359"
EVODEX.1-E1220,84019060205973586137133122325719238620920799060788858153568000567151640823060,[#15:16]-[#8:18]-[H]>>[#15:16]-[#8:18]-[#15](=[#8])(-[#8]-[H])-[#8]-[#15](=[#8])(-[#8]-[H])-[#8]-[H],"EVODEX.1-P3559,EVODEX.1-P3586,EVODEX.1-P3585,EVODEX.1-P2514,EVODEX.1-P3591"
EVODEX.1-E1221,109877290308306789461434899158223832560659317478411085126033795493878687499225,[#6](-[#6](=[#8])-[#7](-[#6@@]1(-[H])-[#6@@](-[#6@](-[#8]-[H])(-[#6@](-[#8]-[H])(-[#6](-[#8]-[H])(-[H])-[H])-[H])-[H])(-[H])-[#8]-[#6@@](-[#8:15]-[#6:16])(-[#6](=[#8])-[#8]-[H])-[#6](-[H])(-[H])-[#6@@]-1(-[#8]-[H])-[H])-[H])(-[H])(-[H])-[H]>>[#8:15](-[#6:16])-[H],"EVODEX.1-P4422,EVODEX.1-P4349,EVODEX.1-P4419,EVODEX.1-P4423,EVODEX.1-P4417"
EVODEX.1-E1222,75845702644224450412514343908884471142722004117096000035357345717004034697857,[#8:24]-[#15:25](=[#8:26])(-[#8:27])-[#8]-[#15](=[#8])(-[#8]-[H])-[#8]-[#6](-[#6@@]1(-[H])-[#8]-[#6@](-[#7]2:[#6](-[H]):[#6](-[H]):[#6](=[#7]-[H]):[#7](-[H]):[#6]:2=[#8])(-[H])-[#6@@](-[#8]-[H])(-[H])-[#6@@]-1(-[#8]-[H])-[H])(-[H])-[H].[#6:100]-[#8:101]-[H]>>[#8:24]-[#15:25](=[#8:26])(-[#8:27])-[#8:101]-[#6:100],"EVODEX.1-P3709,EVODEX.1-P3708,EVODEX.1-P3696,EVODEX.1-P3597,EVODEX.1-P3710"
EVODEX.1-E1223,9403153196136915536822385368373635458710446044307280647696440619293441751375,[#8:10](-[#6@:9])-[H].[H:90]-[#6@@:27]1(-[#6@@:26]-[#6@:61](-[#6:60]-[#6@@:35](-[#8:34]-1)(-[#8]-[#15](=[#8])(-[#8]-[H])-[#8]-[#6](-[#6@@]1(-[H])-[#8]-[#6@](-[#7]2:[#6](-[H]):[#6](-[H]):[#6](-[#7](-[H])-[H]):[#7]:[#6]:2=[#8])(-[H])-[#6@@](-[#8]-[H])(-[H])-[#6@@]-1(-[#8]-[H])-[H])(-[H])-[H])-[#6:57])(-[#8:62])-[H:108])-[#6@:28]>>[#8:10](-[#6@:9])-[#6@:35]1(-[#6:57])-[#8:34]-[#6@:27](-[#6@:28])(-[H:90])-[#6@@:26]-[#6@:61](-[#8:62])(-[H:108])-[#6:60]-1,"EVODEX.1-P2524,EVODEX.1-P2515,EVODEX.1-P2517,EVODEX.1-P2519,EVODEX.1-P2518"
EVODEX.1-E1224,95948013896928217458726673645280062388143572251661174414145216558654176346863,[#8:10](-[#6@:9])-[H]>>[#8:10](-[#6@:9])-[#6@]1(-[#6](=[#8])-[#8]-[H])-[#8]-[#6@](-[#6@](-[#8]-[H])(-[#6@](-[#8]-[H])(-[#6](-[#8]-[H])(-[H])-[H])-[H])-[H])(-[H])-[#6@@](-[#7](-[#6](-[#6](-[H])(-[H])-[H])=[#8])-[H])(-[H])-[#6@](-[#8]-[H])(-[H])-[#6]-1(-[H])-[H],"EVODEX.1-P2522,EVODEX.1-P2529,EVODEX.1-P2523,EVODEX.1-P2526,EVODEX.1-P2520"
EVODEX.1-E1225,41150961558542726627262690650577727578283354523118451264484313087043842839150,[#6:38]-[#6:39](-[#8:40]-[#15:41])(-[H:79])-[H:80]>>[#6](-[#6](-[#6](-[H])(-[H])-[H])=[#6](-[#6](-[#8]-[#15](=[#8])(-[#8]-[H])-[#8]-[#15](=[#8])(-[#8]-[H])-[#8]-[H])(-[H])-[H])-[H])(-[#6:39](-[#6:38])(-[H:79])-[H:80])(-[H])-[H].[#8:40](-[#15:41])-[H],"EVODEX.1-P2601,EVODEX.1-P2530,EVODEX.1-P2603,EVODEX.1-P2539,EVODEX.1-P2538"
EVODEX.1-E1226,64978501231096707630956631390574948638869694589214752721348034187670842992984,[#6](-[#16](-[#6:3](-[#6:4])(-[H:51])-[H:52])-[#6](-[#6@@]1(-[H])-[#8]-[#6@](-[#7]2:[#6](-[H]):[#7]:[#6]3:[#6](-[#7](-[H])-[H]):[#7]:[#6](-[H]):[#7]:[#6]:2:3)(-[H])-[#6@@](-[#8]-[H])(-[H])-[#6@@]-1(-[#8]-[H])-[H])(-[H])-[H])(-[H])(-[H])-[H].[#7:28](-[#6@@:29])(-[H:82])-[H]>>[#6:3](-[#6:4])(-[#7:28](-[#6@@:29])-[H:82])(-[H:51])-[H:52],"EVODEX.1-P2591,EVODEX.1-P2611,EVODEX.1-P2573,EVODEX.1-P2575,EVODEX.1-P2610"
EVODEX.1-E1227,42132890975442914818860994052769229395448838392322552838213253514603267358570,[#6:2]-[#6:3](-[#8]-[#15](=[#8])(-[#8]-[H])-[#8]-[#15](=[#8])(-[#8]-[H])-[#8]-[H])(-[H:29])-[H:30]>>[#6:2]-[#6:3](-[#6]1:[#6](-[#6](-[#6@](-[#7](-[H])-[H])(-[#6](=[#8])-[#8]-[H])-[H])(-[H])-[H]):[#6](-[H]):[#6](-[H]):[#6](-[#8]-[H]):[#6]:1-[H])(-[H:29])-[H:30],"EVODEX.1-P2566,EVODEX.1-P2567,EVODEX.1-P2571,EVODEX.1-P2565,EVODEX.1-P2563"
EVODEX.1-E1228,21246592720981009313447979229448923832091581195725595487433920427478913456400,[#7:1](-[#6:2])(-[H:70])-[H].([#8]-[#15](=[#8])(-[#8]-[H])-[#8]-[H].[#8:49]-[#6@@:48](-[#6@@:33])(-[H:83])-[#6@:50](-[#6@:31])(-[#8:51])-[H:85])>>[#7:1](-[#6:2])(-[#6](-[#6](-[#6](-[#6@](-[#7](-[H])-[H])(-[#6](=[#8])-[#8]-[H])-[H])(-[H])-[H])(-[H])-[H])=[#8])-[H:70].([#8]-[H].[#8:51]-[#6@:50](-[#6@:31])(-[H:85])-[#6@@:48](-[#6@@:33])(-[#8:49])-[H:83]),"EVODEX.1-P7068,EVODEX.1-P6913,EVODEX.1-P7050,EVODEX.1-P7063,EVODEX.1-P7046"
EVODEX.1-E1229,29093907264739506381671369726642422261832677155827356539017659594385810700898,[#6:27](-[#6@@:25])(=[#8:28])-[#8:29]-[H:87].([#8:58]-[#15:59](=[#8:60])(-[#8:61])-[#8]-[#15](=[#8])(-[#8]-[H])-[#8]-[H].[#8:68]-[#6@@:67](-[#6@@:52])(-[H:116])-[#6@:69](-[#6@:50])(-[#8:70])-[H:118])>>[#6:27](-[#6@@:25])(=[#8:28])-[#7](-[#6@@](-[#6](-[#6](-[#6](=[#8])-[#8]-[H])(-[H])-[H])(-[H])-[H])(-[#6](=[#8])-[#8]-[H])-[H])-[H].([#8:29](-[#15:59](-[#8:58])(=[#8:60])-[#8:61])-[H:87].[#8:70]-[#6@:69](-[#6@:50])(-[H:118])-[#6@@:67](-[#6@@:52])(-[#8:68])-[H:116]),"EVODEX.1-P7029,EVODEX.1-P7003,EVODEX.1-P7493,EVODEX.1-P7168,EVODEX.1-P7037"
EVODEX.1-E1230,49422138969860677624187756009073907604104571051476928301258508854388505817191,[#6:7]-[#7:8](-[H:50])-[H]>>[#6:7]-[#7:8](-[#6](-[#6]1:[#6](-[H]):[#7]:[#6](-[#6](-[H])(-[H])-[H]):[#7]:[#6]:1-[#7](-[H])-[H])(-[H])-[H])-[H:50],"EVODEX.1-P2584,EVODEX.1-P2588,EVODEX.1-P2585,EVODEX.1-P2586,EVODEX.1-P2587"
EVODEX.1-E1231,109509114467174498119113226461459413442942593068292663298289204291118750632407,[#6:23]-[#6:24](-[#8]-[#6](=[#8])-[#6](-[#6](-[#6](-[#6](-[#6](-[#6](-[#6](-[#6](-[#6](-[#6](-[#6](-[#6](-[#6](-[#6](-[#6](-[H])(-[H])-[H])(-[H])-[H])(-[H])-[H])(-[H])-[H])(-[H])-[H])(-[H])-[H])(-[H])-[H])(-[H])-[H])(-[H])-[H])(-[H])-[H])(-[H])-[H])(-[H])-[H])(-[H])-[H])(-[H])-[H])(-[H])-[H])(-[H:75])-[H:76].[#8:43](-[H:124])-[H]>>[#6:23]-[#6:24](-[#8:43]-[H:124])(-[H:75])-[H:76],"EVODEX.1-P3929,EVODEX.1-P4032,EVODEX.1-P4040,EVODEX.1-P3933,EVODEX.1-P4043"
EVODEX.1-E1232,51331626103351857174937884391917595524412533703658926409937403343593202182086,[#7:1](-[#6@@:2](-[#6:3])(-[#6:7]=[#8:8])-[H])(-[H:30])-[H:31]>>[#6:2](-[#6:3])(-[#6:7]=[#8:8])=[#8].[#7:1](-[#6@](-[#6](=[#8])-[#8]-[H])(-[#6](-[#6]1:[#6](-[H]):[#7](-[H]):[#6]2:[#6](-[H]):[#6](-[H]):[#6](-[H]):[#6](-[H]):[#6]:1:2)(-[H])-[H])-[H])(-[H:30])-[H:31],"EVODEX.1-P2959,EVODEX.1-P3131,EVODEX.1-P3128,EVODEX.1-P3134,EVODEX.1-P3195"
EVODEX.1-E1233,110004628280078386995732010011568739559946603470609797931580267315573043708269,[#6:42](-[#6@:40])(=[#8:43])-[#8:44]-[H:107].([#8:70]-[#15:71](=[#8:72])(-[#8:73])-[#8]-[#15](=[#8])(-[#8]-[H])-[#8]-[H].[#8:80]-[#6@@:79](-[#6@@:64])(-[H:132])-[#6@:81](-[#6@:62])(-[#8:82])-[H:134])>>[#6:42](-[#6@:40])(=[#8:43])-[#7](-[#6@@](-[#6](-[#16]-[H])(-[H])-[H])(-[#6](=[#8])-[#8]-[H])-[H])-[H].([#8:44](-[#15:71](-[#8:70])(=[#8:72])-[#8:73])-[H:107].[#8:82]-[#6@:81](-[#6@:62])(-[H:134])-[#6@@:79](-[#6@@:64])(-[#8:80])-[H:132]),"EVODEX.1-P7434,EVODEX.1-P7421,EVODEX.1-P7395,EVODEX.1-P7503,EVODEX.1-P7374"
EVODEX.1-E1234,47518320954290343675741482294280074958417341355371102171484990281990038646062,[#6:17](-[#6@:15])(=[#8:18])-[#8:19]-[H:64].([#8:38]-[#15:39](=[#8:40])(-[#8:41])-[#8]-[#15](=[#8])(-[#8]-[H])-[#8]-[H].[#8:48]-[#6@@:47](-[#6@@:32])(-[H:83])-[#6@:49](-[#6@:30])(-[#8:50])-[H:85])>>[#6](-[#16]-[#6](-[#6](-[#6@](-[#7](-[#6:17](-[#6@:15])=[#8:18])-[H])(-[#6](=[#8])-[#8]-[H])-[H])(-[H])-[H])(-[H])-[H])(-[H])(-[H])-[H].([#8:19](-[#15:39](-[#8:38])(=[#8:40])-[#8:41])-[H:64].[#8:50]-[#6@:49](-[#6@:30])(-[H:85])-[#6@@:47](-[#6@@:32])(-[#8:48])-[H:83]),"EVODEX.1-P7378,EVODEX.1-P7163,EVODEX.1-P7369,EVODEX.1-P7220,EVODEX.1-P7481"
EVODEX.1-E1235,69602799707719390528253671828155425097267542571467169814004758858260164028705,[#8]=[#15](-[#8]-[H])(-[#8]-[H])-[#8]-[#15](=[#8])(-[#8]-[H])-[#8]-[#6:58](-[#6:59])(-[H:144])-[H:145]>>[#6](-[#6](-[#6](-[H])(-[H])-[H])(-[#6](-[#6@](-[#7](-[#6](=[#8])-[#6@@](-[#7](-[#6](=[#8])-[#6@](-[#6](-[#16]-[#6:58](-[#6:59])(-[H:144])-[H:145])(-[H])-[H])(-[#7](-[#6](=[#8])-[#6](-[#7](-[#16](=[#8])(=[#8])-[#6]1:[#6](-[H]):[#6](-[H]):[#6](-[H]):[#6]2:[#6](-[#7](-[#6](-[H])(-[H])-[H])-[#6](-[H])(-[H])-[H]):[#6](-[H]):[#6](-[H]):[#6](-[H]):[#6]:1:2)-[H])(-[H])-[H])-[H])-[H])-[H])(-[#6](-[#6](-[H])(-[H])-[H])(-[#6](-[H])(-[H])-[H])-[H])-[H])-[H])(-[#6](=[#8])-[#7](-[#6@@](-[#6](-[#8]-[H])(-[H])-[H])(-[#6](=[#8])-[#8]-[H])-[H])-[H])-[H])(-[H])-[H])-[H])(-[H])(-[H])-[H],"EVODEX.1-P2687,EVODEX.1-P2671,EVODEX.1-P2686,EVODEX.1-P2681,EVODEX.1-P2673"
EVODEX.1-E1236,106178434896042110017648365544326376690641656237894284679423070045614529217280,[#15:54]-[#8:57]-[#6:58](-[#6:59])(-[H:144])-[H:145]>>[#6](-[#6](-[#6](-[H])(-[H])-[H])(-[#6](-[#6@](-[#7](-[#6](=[#8])-[#6@@](-[#7](-[#6](=[#8])-[#6@](-[#6](-[#16]-[#6:58](-[#6:59])(-[H:144])-[H:145])(-[H])-[H])(-[#7](-[#6](=[#8])-[#6](-[#7](-[#16](=[#8])(=[#8])-[#6]1:[#6](-[H]):[#6](-[H]):[#6](-[H]):[#6]2:[#6](-[#7](-[#6](-[H])(-[H])-[H])-[#6](-[H])(-[H])-[H]):[#6](-[H]):[#6](-[H]):[#6](-[H]):[#6]:1:2)-[H])(-[H])-[H])-[H])-[H])-[H])(-[#6](-[#6](-[H])(-[H])-[H])(-[#6](-[H])(-[H])-[H])-[H])-[H])-[H])(-[#6](=[#8])-[#7](-[#6@@](-[#6](-[#8]-[H])(-[H])-[H])(-[#6](=[#8])-[#8]-[H])-[H])-[H])-[H])(-[H])-[H])-[H])(-[H])(-[H])-[H].[#15:54]-[#8:57]-[H],"EVODEX.1-P2668,EVODEX.1-P2666,EVODEX.1-P2683,EVODEX.1-P2672,EVODEX.1-P2690"
EVODEX.1-E1237,91772096396517377204148348504365044215661319305152973723866469640384593380788,[#6:40]-[#16:41]-[#6:42]>>[#7](-[#6]1:[#7]:[#6](-[H]):[#7]:[#6]2:[#6]:1:[#7]:[#6](-[H]):[#7]:2-[#6@]1(-[H])-[#8]-[#6@@](-[#6](-[#16:41](-[#6:40])-[#6:42])(-[H])-[H])(-[H])-[#6@](-[#8]-[H])(-[H])-[#6@]-1(-[#8]-[H])-[H])(-[H])-[H],"EVODEX.1-P2793,EVODEX.1-P2768,EVODEX.1-P2778,EVODEX.1-P2788,EVODEX.1-P2798"
EVODEX.1-E1238,78032380804121367504830650342610070227123376441912806303358112594196397794960,[#6:3]-[#16:4]-[#6:5].[#6:25](-[#6@@:24]-[#6@:39](-[#8:40])(-[H:65])-[#6@:41](-[#6@:22])(-[#8:42])-[H:67])(-[#8:26]-[#15:27]-[#8]-[#15](=[#8])(-[#8]-[H])-[#8]-[#15](=[#8])(-[#8]-[H])-[#8]-[H])(-[H:61])-[H:62]>>[#6:3]-[#16:4](-[#6:5])-[#6:25](-[#6@@:24]-[#6@:39](-[#6@:41](-[#6@:22])(-[#8:42])-[H:67])(-[#8:40])-[H:65])(-[H:61])-[H:62].[#8:26](-[#15:27]-[#8]-[H])-[H],"EVODEX.1-P2779,EVODEX.1-P2789,EVODEX.1-P2785,EVODEX.1-P2771,EVODEX.1-P2773"
EVODEX.1-E1239,43299289080634448306065199569331088722252960683315673753893463070780797607454,[#6:3]-[#16:4]-[#6:5].[#6:25](-[#6@@:24]-[#6@:39](-[#8:40])(-[H:65])-[#6@:41](-[#6@:22])(-[#8:42])-[H:67])(-[#8]-[#15](=[#8])(-[#8]-[H])-[#8]-[#15](=[#8])(-[#8]-[H])-[#8]-[#15](=[#8])(-[#8]-[H])-[#8]-[H])(-[H:61])-[H:62]>>[#6:3]-[#16:4](-[#6:5])-[#6:25](-[#6@@:24]-[#6@:39](-[#6@:41](-[#6@:22])(-[#8:42])-[H:67])(-[#8:40])-[H:65])(-[H:61])-[H:62],"EVODEX.1-P2795,EVODEX.1-P2767,EVODEX.1-P2780,EVODEX.1-P2776,EVODEX.1-P2772"
EVODEX.1-E1240,16634369881336547740186320055526736137255192965575563604334166301323557837965,[#6:3]-[#16:4]-[#6:5].[#6:25](-[#6@@:24]-[#6@:39](-[#8:40])(-[H:65])-[#6@:41](-[#6@:22])(-[#8:42])-[H:67])(-[#8:26]-[#15:27](=[#8:28])(-[#8:29])-[#8:30]-[#15:31])(-[H:61])-[H:62]>>[#6:3]-[#16:4](-[#6:5])-[#6:25](-[#6@@:24]-[#6@:39](-[#6@:41](-[#6@:22])(-[#8:42])-[H:67])(-[#8:40])-[H:65])(-[H:61])-[H:62].[#8:26](-[#15:27](=[#8:28])(-[#8:29])-[#8]-[H])-[H].[#8:30](-[#15:31])-[H],"EVODEX.1-P2790,EVODEX.1-P2784,EVODEX.1-P2799,EVODEX.1-P2769,EVODEX.1-P2786"
EVODEX.1-E1241,4992091415415144409876627569502342298921283891785397768730339461802069995235,[#6:3]-[#16:4]-[#6:5].[#6:25](-[#6@@:24]-[#6@:39](-[#8:40])(-[H:65])-[#6@:41](-[#6@:22])(-[#8:42])-[H:67])(-[#8]-[#15](=[#8])(-[#8]-[H])-[#8:30]-[#15:31])(-[H:61])-[H:62]>>[#6:3]-[#16:4](-[#6:5])-[#6:25](-[#6@@:24]-[#6@:39](-[#6@:41](-[#6@:22])(-[#8:42])-[H:67])(-[#8:40])-[H:65])(-[H:61])-[H:62].[#8:30](-[#15:31])-[H],"EVODEX.1-P2761,EVODEX.1-P2774,EVODEX.1-P2796,EVODEX.1-P2787,EVODEX.1-P2791"
EVODEX.1-E1242,61665496835833325491305790322770355707245566921558343067162158211221606593319,[#8]=[#6](-[#8]-[H])-[#6](-[#6@](-[#7](-[#6:8](=[#8:9])-[#6:10])-[H])(-[#6](=[#8])-[#8]-[H])-[H])(-[H])-[H].[#8:1](-[H:23])-[H]>>[#8:1](-[#6:8](=[#8:9])-[#6:10])-[H:23],"EVODEX.1-P5304,EVODEX.1-P5517,EVODEX.1-P5507,EVODEX.1-P4633,EVODEX.1-P5483"
EVODEX.1-E1243,11212160474618503664653465397541005792058421397793606729810592684138230540804,[#7](-[#6@@:2](-[#6:3])(-[#6:14]=[#8:15])-[H])(-[H])-[H].[#8]=[#6](-[#8]-[H])-[#6](-[#6](=[#8:22])-[#6](=[#8])-[#8]-[H])(-[H])-[H]>>[#6:2](-[#6:3])(-[#6:14]=[#8:15])=[#8:22],"EVODEX.1-P2954,EVODEX.1-P2804,EVODEX.1-P2887,EVODEX.1-P2947,EVODEX.1-P3022"
EVODEX.1-E1244,88161239583244825435140700786933315307887732418190538230574022503609252146105,[#7:1](-[#6@](-[#6](-[#6]1:[#6](-[H]):[#7](-[H]):[#6]2:[#6](-[H]):[#6](-[H]):[#6](-[H]):[#6](-[H]):[#6]:1:2)(-[H])-[H])(-[#6](=[#8])-[#8]-[H])-[H])(-[H:37])-[H:38].[#6:21]-[#6:22](=[#8])-[#6:24]=[#8:25]>>[#7:1](-[#6:22](-[#6:21])(-[#6:24]=[#8:25])-[H])(-[H:37])-[H:38],"EVODEX.1-P2958,EVODEX.1-P2955,EVODEX.1-P2974,EVODEX.1-P2977,EVODEX.1-P2962"
EVODEX.1-E1245,66687104353809951267866036667255442490444867037876536232230423202271400894343,[#7:1](-[#6@@](-[#6](-[#6]1:[#6](-[H]):[#7](-[H]):[#6](-[H]):[#7]:1)(-[H])-[H])(-[#6](=[#8])-[#8]-[H])-[H])(-[H:28])-[H:29].[#6:15]-[#6:16](=[#8])-[#6:18]=[#8:19]>>[#7:1](-[#6@@:16](-[#6:15])(-[#6:18]=[#8:19])-[H])(-[H:28])-[H:29],"EVODEX.1-P3008,EVODEX.1-P3011,EVODEX.1-P3010,EVODEX.1-P3013,EVODEX.1-P2869"
EVODEX.1-E1246,76560630175031512569176469346722538240901877263102243501764491174245285396352,[#6:3]-[#6:4](=[#8:5])-[#7](-[#6](-[#6](=[#8])-[#7](-[#6](-[#6](=[#8])-[#8]-[H])(-[H])-[H])-[H])(-[H])-[H])-[H].[#8:18](-[H:32])-[H]>>[#6:3]-[#6:4](=[#8:5])-[#8:18]-[H:32],"EVODEX.1-P4866,EVODEX.1-P4614,EVODEX.1-P4616,EVODEX.1-P4859,EVODEX.1-P4637"
EVODEX.1-E1247,61798617032589954927711274358031416436664865341979110436761563210615319609378,[#7](-[#6](=[#8])-[#6](-[#6](-[#7](-[#6:7](=[#8:8])-[#6:9])-[H])(-[#6](=[#8])-[#8]-[H])-[H])(-[H])-[H])(-[H])-[H].[#8:18](-[H:31])-[H]>>[#6:7](=[#8:8])(-[#6:9])-[#8:18]-[H:31],"EVODEX.1-P4795,EVODEX.1-P5428,EVODEX.1-P5474,EVODEX.1-P4778,EVODEX.1-P4585"
EVODEX.1-E1248,84629734559516501919193977883978643361185943827391419707187010231324461054018,[#7](-[#6@@:11](-[#6:12])(-[#6:17]=[#8:18])-[H])(-[H])-[H].[#7](-[#6](=[#8])-[#6](-[#6](=[#8:6])-[#6](=[#8])-[#8]-[H])(-[H])-[H])(-[H])-[H]>>[#8:6]=[#6:11](-[#6:12])-[#6:17]=[#8:18],"EVODEX.1-P2862,EVODEX.1-P2863,EVODEX.1-P3048,EVODEX.1-P2868,EVODEX.1-P2872"
EVODEX.1-E1249,17939670794220470117173551326616276969568572816764978468312511533400644980601,[#6:7]-[#6@:8](-[#8:9]-[H])(-[#6]#[#7])-[H:13]>>[#6:7]-[#6:8](=[#8:9])-[H:13],"EVODEX.1-P6355,EVODEX.1-P6357,EVODEX.1-P6226,EVODEX.1-P6354,EVODEX.1-P6353"
EVODEX.1-E1250,10327507326630731939590677403581267541223229388169567725350355346579297917708,[#6:5]-[#6@:6](-[#8:7]-[H])(-[#6]#[#7])-[#6:10]>>[#6:5]-[#6:6](=[#8:7])-[#6:10],"EVODEX.1-P6347,EVODEX.1-P6361,EVODEX.1-P6227,EVODEX.1-P6233,EVODEX.1-P6359"
EVODEX.1-E1251,104596103021987421471176312008093543819994968417732694322642580533676998150617,[#6](-[#6@](-[#7](-[H])-[H])(-[#6](=[#8])-[#7]1-[#6](-[H])(-[H])-[#6](-[H])(-[H])-[#6](-[H])(-[H])-[#6@]-1(-[#6](=[#8])-[#7:13](-[#6:14])-[H:59])-[H])-[H])(-[H])(-[H])-[H]>>[#7:13](-[#6:14])(-[H:59])-[H],"EVODEX.1-P4833,EVODEX.1-P4817,EVODEX.1-P4842,EVODEX.1-P4770,EVODEX.1-P4834"
EVODEX.1-E1252,27395385419516522064950393114771352277563195243567740635858413304932357425866,[#7](-[#6](-[#6](=[#8])-[#7]1-[#6](-[H])(-[H])-[#6](-[H])(-[H])-[#6](-[H])(-[H])-[#6@]-1(-[#6](=[#8])-[#7:12](-[#6:13])-[H:83])-[H])(-[H])-[H])(-[H])-[H]>>[#7:12](-[#6:13])(-[H:83])-[H],"EVODEX.1-P4840,EVODEX.1-P4839,EVODEX.1-P4841,EVODEX.1-P4838,EVODEX.1-P4752"
EVODEX.1-E1253,42771004352868388791955623532226286315674080798181896640901380224585068476033,[#6:3]-[#6:5](=[#8])-[#6:7]=[#8:8].[#7](-[#6]1:[#6](-[H]):[#6](-[H]):[#6](-[H]):[#6](-[H]):[#6]:1-[#6](=[#8])-[#6](-[#6@](-[#7:21](-[H:39])-[H:40])(-[#6](=[#8])-[#8]-[H])-[H])(-[H])-[H])(-[H])-[H]>>[#6:3]-[#6:5](-[#6:7]=[#8:8])(-[#7:21](-[H:39])-[H:40])-[H],"EVODEX.1-P3140,EVODEX.1-P3191,EVODEX.1-P3181,EVODEX.1-P3141,EVODEX.1-P3192"
EVODEX.1-E1254,112409379214603834597490375652055203618139498238727347298674941287037542527016,[#6:3]-[#6:5](=[#8:6])-[#6:7]=[#8:8]>>[#6:3]-[#6:5](-[#6:7]=[#8:8])(-[#7](-[H])-[H])-[H].[#8:6]=[#6](-[#6](-[#6](-[#6]1:[#6](-[#7](-[H])-[H]):[#6](-[H]):[#6](-[H]):[#6](-[H]):[#6]:1-[H])=[#8])(-[H])-[H])-[#6](=[#8])-[#8]-[H],"EVODEX.1-P3182,EVODEX.1-P3193,EVODEX.1-P3186,EVODEX.1-P3178,EVODEX.1-P3142"
EVODEX.1-E1255,14315844021909700392309650382041170140742933967234488479255443768645863331452,[#6:1]-[#6:2](=[#8:3])-[#7](-[#6@@](-[#6](-[#6](-[#6](-[#7](-[#6](=[#7]-[H])-[#7](-[H])-[H])-[H])(-[H])-[H])(-[H])-[H])(-[H])-[H])(-[#6](=[#8])-[#8]-[H])-[H])-[H].[#8:16](-[H:33])-[H]>>[#6:1]-[#6:2](=[#8:3])-[#8:16]-[H:33],"EVODEX.1-P4936,EVODEX.1-P4923,EVODEX.1-P4815,EVODEX.1-P4928,EVODEX.1-P5185"
EVODEX.1-E1256,5268210787107837413693026953099153032951375533991735183138953623403608362563,([#7]#[#6:2]-[#6:3].[#6:7]-[#6:8]#[#7]).[#8:11](-[H])-[H].[#8:12](-[H:21])-[H]>>([#6:2](-[#6:3])(=[#8:11])-[#8:12]-[H:21].[#6:7]-[#6:8](=[#8])-[#8]-[H]),"EVODEX.1-P5932,EVODEX.1-P5912,EVODEX.1-P5929,EVODEX.1-P5890,EVODEX.1-P5919"
EVODEX.1-E1257,384328070075762192761318442032394623304474670253156350267100609601106511188,[#6:4]-[#6:5](=[#8:6])-[#7](-[#6](-[#6](-[#16](=[#8])(=[#8])-[#8]-[H])(-[H])-[H])(-[H])-[H])-[H].[#8:35](-[H:81])-[H]>>[#6:4]-[#6:5](=[#8:6])-[#8:35]-[H:81],"EVODEX.1-P5619,EVODEX.1-P5620,EVODEX.1-P5616,EVODEX.1-P5618,EVODEX.1-P5698"
EVODEX.1-E1258,76348155414192194144063968722596989442432966045138578837927823449512940940475,[#7](-[#6]1:[#6](-[H]):[#6](-[H]):[#7](-[#6@@]2(-[H])-[#6](-[H])(-[H])-[#6@@](-[#8]-[H])(-[H])-[#6@](-[#6](-[#8]-[#15](=[#8])(-[#8]-[H])-[#8]-[#15](=[#8])(-[#8]-[H])-[#8]-[#15:21](=[#8:22])(-[#8:23])-[#8:24])(-[H])-[H])(-[H])-[#8]-2):[#6](=[#8]):[#7]:1)(-[H])-[H].[#8:29](-[#6:30])-[H]>>[#15:21](=[#8:22])(-[#8:23])(-[#8:24])-[#8:29]-[#6:30],"EVODEX.1-P3366,EVODEX.1-P3298,EVODEX.1-P4232,EVODEX.1-P3349,EVODEX.1-P3495"
EVODEX.1-E1259,5776982929034012405288994326592612068395030126038253324672257016693371107435,[#6:42](-[#6@:40])(=[#8:43])-[#8]-[H].[#7](-[#6]1:[#7]:[#6](-[H]):[#7]:[#6]2:[#6]:1:[#7]:[#6](-[H]):[#7]:2-[#6@]1(-[H])-[#8]-[#6@@](-[#6](-[#8]-[#15](=[#8])(-[#8]-[H])-[#8]-[#15](=[#8])(-[#8]-[H])-[#8:75]-[#15:76])(-[H])-[H])(-[H])-[#6@](-[#8]-[H])(-[H])-[#6@]-1(-[#8]-[H])-[H])(-[H])-[H]>>[#6:42](-[#6@:40])(=[#8:43])-[#7](-[#6@@](-[#6@@](-[#6](-[H])(-[H])-[H])(-[#8]-[H])-[H])(-[#6](=[#8])-[#8]-[H])-[H])-[H].[#8:75](-[#15:76])-[H],"EVODEX.1-P7281,EVODEX.1-P7237,EVODEX.1-P7277,EVODEX.1-P7334,EVODEX.1-P7508"
EVODEX.1-E1260,47914995840694139078897409806793267552808737843031581415022725251329346827948,[#6:42](-[#6@:40])(=[#8:43])-[#8:44]-[H:108].([#8:71]-[#15:72](=[#8:73])(-[#8:74])-[#8]-[#15](=[#8])(-[#8]-[H])-[#8]-[H].[#8:81]-[#6@@:80](-[#6@@:65])(-[H:137])-[#6@:82](-[#6@:63])(-[#8:83])-[H:139])>>[#6:42](-[#6@:40])(=[#8:43])-[#7](-[#6@@](-[#6](-[#6](-[H])(-[H])-[H])(-[#6](-[H])(-[H])-[H])-[H])(-[#6](=[#8])-[#8]-[H])-[H])-[H].([#8:44](-[#15:72](-[#8:71])(=[#8:73])-[#8:74])-[H:108].[#8:83]-[#6@:82](-[#6@:63])(-[H:139])-[#6@@:80](-[#6@@:65])(-[#8:81])-[H:137]),"EVODEX.1-P7367,EVODEX.1-P7209,EVODEX.1-P7453,EVODEX.1-P7339,EVODEX.1-P7513"
EVODEX.1-E1261,39983540782294495328394587893419751477926105437922572466858188419777912326698,[#6:42](-[#6@:40])(=[#8:43])-[#8]-[H].[#7](-[#6]1:[#7]:[#6](-[H]):[#7]:[#6]2:[#6]:1:[#7]:[#6](-[H]):[#7]:2-[#6@]1(-[H])-[#8]-[#6@@](-[#6](-[#8]-[#15](=[#8])(-[#8]-[H])-[#8]-[#15](=[#8])(-[#8]-[H])-[#8:74]-[#15:75])(-[H])-[H])(-[H])-[#6@](-[#8]-[H])(-[H])-[#6@]-1(-[#8]-[H])-[H])(-[H])-[H]>>[#6:42](-[#6@:40])(=[#8:43])-[#7](-[#6](-[#6](-[#8]-[H])(-[H])-[H])(-[#6](=[#8])-[#8]-[H])-[H])-[H].[#8:74](-[#15:75])-[H],"EVODEX.1-P7412,EVODEX.1-P7401,EVODEX.1-P7274,EVODEX.1-P7231,EVODEX.1-P7205"
EVODEX.1-E1262,58167243778987201729672233861750973828731472128880500665215430212535706205146,[#6:42](-[#6@:40])(=[#8:43])-[#8]-[H].[#7](-[#6]1:[#7]:[#6](-[H]):[#7]:[#6]2:[#6]:1:[#7]:[#6](-[H]):[#7]:2-[#6@]1(-[H])-[#8]-[#6@@](-[#6](-[#8]-[#15](=[#8])(-[#8]-[H])-[#8]-[#15](=[#8])(-[#8]-[H])-[#8:73]-[#15:74])(-[H])-[H])(-[H])-[#6@](-[#8]-[H])(-[H])-[#6@]-1(-[#8]-[H])-[H])(-[H])-[H]>>[#6:42](-[#6@:40])(=[#8:43])-[#7](-[#6@@](-[#6](-[H])(-[H])-[H])(-[#6](=[#8])-[#8]-[H])-[H])-[H].[#8:73](-[#15:74])-[H],"EVODEX.1-P7283,EVODEX.1-P7371,EVODEX.1-P7161,EVODEX.1-P6964,EVODEX.1-P7187"
EVODEX.1-E1263,26329219950749149721911575611639121949188981140850653134887094460156438517398,([#8]-[#15](=[#8])(-[#8]-[H])-[#8]-[#15](=[#8])(-[#8]-[H])-[#8]-[H].[#8:41]-[#6@@:40](-[#6@@:25])(-[H:58])-[#6@:42](-[#6@:23])(-[#8:43])-[H:60]).[#7:7](-[#6@@:8])(-[H:77])-[H]>>[#7](-[#6](-[#6](-[#6](=[#8])-[#7:7](-[#6@@:8])-[H:77])(-[H])-[H])(-[H])-[H])(-[H])-[H].([#8]-[H].[#8:43]-[#6@:42](-[#6@:23])(-[H:60])-[#6@@:40](-[#6@@:25])(-[#8:41])-[H:58]),"EVODEX.1-P6956,EVODEX.1-P6942,EVODEX.1-P6954,EVODEX.1-P6937,EVODEX.1-P6939"
EVODEX.1-E1264,71415594018611998193042645737126351573206214379829922192451852688704555720230,[#7](-[#6]1:[#7]:[#6](-[H]):[#7]:[#6]2:[#6]:1:[#7]:[#6](-[H]):[#7]:2-[#6@]1(-[H])-[#8]-[#6@@](-[#6](-[#8]-[#15](=[#8])(-[#8]-[H])-[#8:37]-[#15:38])(-[H])-[H])(-[H])-[#6@](-[#8]-[H])(-[H])-[#6@]-1(-[#8]-[H])-[H])(-[H])-[H].[#7:9](-[#6@:8])(-[H:75])-[H]>>[#7:9](-[#6@:8])(-[#6](-[#6](-[#6](-[#7](-[H])-[H])(-[H])-[H])(-[H])-[H])=[#8])-[H:75].[#8:37](-[#15:38])-[H],"EVODEX.1-P6955,EVODEX.1-P6943,EVODEX.1-P6948,EVODEX.1-P6952,EVODEX.1-P6947"
EVODEX.1-E1265,23590839755941469679586962440369706183677949230519234046727371438939790400194,[#7](-[#6]1:[#7]:[#6](-[H]):[#7]:[#6]2:[#6]:1:[#7]:[#6](-[H]):[#7]:2-[#6@]1(-[H])-[#8]-[#6@@](-[#6](-[#8]-[#15](=[#8])(-[#8]-[H])-[#8]-[#15](=[#8])(-[#8]-[H])-[#8:41]-[#15:42])(-[H])-[H])(-[H])-[#6@](-[#8]-[H])(-[H])-[#6@]-1(-[#8]-[H])-[H])(-[H])-[H].[#7:1](-[#6:2])(-[H:69])-[H]>>[#7:1](-[#6:2])(-[#6](-[#6@@](-[#7](-[H])-[H])(-[#6](-[#6]1:[#6](-[H]):[#6](-[H]):[#6](-[#8]-[H]):[#6](-[H]):[#6]:1-[H])(-[H])-[H])-[H])=[#8])-[H:69].[#8:41](-[#15:42])-[H],"EVODEX.1-P7408,EVODEX.1-P7345,EVODEX.1-P7352,EVODEX.1-P7365,EVODEX.1-P7467"
EVODEX.1-E1266,86148321348307285724525143552954600899851889565342000742387226063998013878457,[#6:42](-[#6@:40])(=[#8:43])-[#8]-[H].[#7](-[#6]1:[#7]:[#6](-[H]):[#7]:[#6]2:[#6]:1:[#7]:[#6](-[H]):[#7]:2-[#6@]1(-[H])-[#8]-[#6@@](-[#6](-[#8]-[#15](=[#8])(-[#8]-[H])-[#8]-[#15](=[#8])(-[#8]-[H])-[#8:76]-[#15:77])(-[H])-[H])(-[H])-[#6@](-[#8]-[H])(-[H])-[#6@]-1(-[#8]-[H])-[H])(-[H])-[H]>>[#6:42](-[#6@:40])(=[#8:43])-[#7](-[#6@@](-[#6@](-[#6](-[#6](-[H])(-[H])-[H])(-[H])-[H])(-[#6](-[H])(-[H])-[H])-[H])(-[#6](=[#8])-[#8]-[H])-[H])-[H].[#8:76](-[#15:77])-[H],"EVODEX.1-P7322,EVODEX.1-P7214,EVODEX.1-P7202,EVODEX.1-P7246,EVODEX.1-P7244"
EVODEX.1-E1267,78538015144502356772967288763627779273455660479018120666062839563720534171482,[#15:16]-[#8:19]-[#15:20](=[#8:21])(-[#8:22])-[#8:23]>>[#15:16]-[#8:19]-[H].[#15:20](=[#8:21])(-[#8:22])(-[#8:23])-[#8]-[#6](-[#6](-[#6]1:[#6](-[#6](-[H])(-[H])-[H]):[#7]:[#6](-[H]):[#16]:1)(-[H])-[H])(-[H])-[H],"EVODEX.1-P3399,EVODEX.1-P3398,EVODEX.1-P3396,EVODEX.1-P3397,EVODEX.1-P3400"
EVODEX.1-E1268,115117897444537341039429849237885439497715796155984394819015434109760158103961,[#6:42](-[#6@:40])(=[#8:43])-[#8:44]-[H:107].([#8:70]-[#15:71](=[#8:72])(-[#8:73])-[#8]-[#15](=[#8])(-[#8]-[H])-[#8]-[H].[#8:80]-[#6@@:79](-[#6@@:64])(-[H:132])-[#6@:81](-[#6@:62])(-[#8:82])-[H:134])>>[#6:42](-[#6@:40])(=[#8:43])-[#7](-[#6](-[#6](-[#8]-[H])(-[H])-[H])(-[#6](=[#8])-[#8]-[H])-[H])-[H].([#8:44](-[#15:71](-[#8:70])(=[#8:72])-[#8:73])-[H:107].[#8:82]-[#6@:81](-[#6@:62])(-[H:134])-[#6@@:79](-[#6@@:64])(-[#8:80])-[H:132]),"EVODEX.1-P7249,EVODEX.1-P7397,EVODEX.1-P7192,EVODEX.1-P7273,EVODEX.1-P7388"
EVODEX.1-E1269,51552047349651226074986411687533892574178467730695890472504842844537384774316,[#6:42](-[#6@:40])(=[#8:43])-[#8:44]-[H:108].([#8:71]-[#15:72](=[#8:73])(-[#8:74])-[#8]-[#15](=[#8])(-[#8]-[H])-[#8]-[H].[#8:81]-[#6@@:80](-[#6@@:65])(-[H:135])-[#6@:82](-[#6@:63])(-[#8:83])-[H:137])>>[#6:42](-[#6@:40])(=[#8:43])-[#7](-[#6@@](-[#6@@](-[#6](-[H])(-[H])-[H])(-[#8]-[H])-[H])(-[#6](=[#8])-[#8]-[H])-[H])-[H].([#8:44](-[#15:72](-[#8:71])(=[#8:73])-[#8:74])-[H:108].[#8:83]-[#6@:82](-[#6@:63])(-[H:137])-[#6@@:80](-[#6@@:65])(-[#8:81])-[H:135]),"EVODEX.1-P7333,EVODEX.1-P7507,EVODEX.1-P7403,EVODEX.1-P7207,EVODEX.1-P7236"
EVODEX.1-E1270,38243895445652568027596373135821827332588534610183774031763891832747050960970,[#6:42](-[#6@:40])(=[#8:43])-[#8]-[H].[#7](-[#6]1:[#7]:[#6](-[H]):[#7]:[#6]2:[#6]:1:[#7]:[#6](-[H]):[#7]:2-[#6@]1(-[H])-[#8]-[#6@@](-[#6](-[#8]-[#15](=[#8])(-[#8]-[H])-[#8]-[#15](=[#8])(-[#8]-[H])-[#8:72]-[#15:73])(-[H])-[H])(-[H])-[#6@](-[#8]-[H])(-[H])-[#6@]-1(-[#8]-[H])-[H])(-[H])-[H]>>[#6:42](-[#6@:40])(=[#8:43])-[#7](-[#6](-[#6](=[#8])-[#8]-[H])(-[H])-[H])-[H].[#8:72](-[#15:73])-[H],"EVODEX.1-P7133,EVODEX.1-P7432,EVODEX.1-P7129,EVODEX.1-P7290,EVODEX.1-P7496"
EVODEX.1-E1271,68659944931665060774167566477443933637400043155277804959023427382270094217167,[#7:1](-[#6:2])(-[H:70])-[H].[#7](-[#6]1:[#7]:[#6](-[H]):[#7]:[#6]2:[#6]:1:[#7]:[#6](-[H]):[#7]:2-[#6@]1(-[H])-[#8]-[#6@@](-[#6](-[#8]-[#15](=[#8])(-[#8]-[H])-[#8]-[#15](=[#8])(-[#8]-[H])-[#8:43]-[#15:44])(-[H])-[H])(-[H])-[#6@](-[#8]-[H])(-[H])-[#6@]-1(-[#8]-[H])-[H])(-[H])-[H]>>[#7:1](-[#6:2])(-[#6](-[#6](-[#6](-[#6@](-[#7](-[H])-[H])(-[#6](=[#8])-[#8]-[H])-[H])(-[H])-[H])(-[H])-[H])=[#8])-[H:70].[#8:43](-[#15:44])-[H],"EVODEX.1-P7055,EVODEX.1-P7060,EVODEX.1-P6914,EVODEX.1-P7544,EVODEX.1-P7053"
EVODEX.1-E1272,66393573635852411447068620891068068704554193458002879074644589608584307343299,[#6:27](-[#6@@:25])(=[#8:28])-[#8]-[H].[#7](-[#6]1:[#7]:[#6](-[H]):[#7]:[#6]2:[#6]:1:[#7]:[#6](-[H]):[#7]:2-[#6@]1(-[H])-[#8]-[#6@@](-[#6](-[#8]-[#15](=[#8])(-[#8]-[H])-[#8]-[#15](=[#8])(-[#8]-[H])-[#8:62]-[#15:63])(-[H])-[H])(-[H])-[#6@](-[#8]-[H])(-[H])-[#6@]-1(-[#8]-[H])-[H])(-[H])-[H]>>[#6:27](-[#6@@:25])(=[#8:28])-[#7](-[#6@@](-[#6](-[#6](-[#6](=[#8])-[#8]-[H])(-[H])-[H])(-[H])-[H])(-[#6](=[#8])-[#8]-[H])-[H])-[H].[#8:62](-[#15:63])-[H],"EVODEX.1-P7033,EVODEX.1-P7143,EVODEX.1-P6980,EVODEX.1-P7020,EVODEX.1-P6996"
EVODEX.1-E1273,73994043432151554277931262502871947576164393625529379000379996034589225263074,[#15:74]-[#8:77]-[#15](=[#8])(-[#8]-[H])-[#8]-[#6](-[#6@@]1(-[H])-[#8]-[#6@](-[#7]2:[#6](-[H]):[#6](-[H]):[#6](-[#7](-[H])-[H]):[#7]:[#6]:2=[#8])(-[H])-[#6@@](-[#8]-[H])(-[H])-[#6@@]-1(-[#8]-[H])-[H])(-[H])-[H]>>[#15:74]-[#8:77]-[H],"EVODEX.1-P3627,EVODEX.1-P3697,EVODEX.1-P3719,EVODEX.1-P3720,EVODEX.1-P3725"
EVODEX.1-E1274,5465481648399685355714406165558236704271114282334034647898567291641659237313,[#15:17]-[#8:19]-[H]>>[#15:17]-[#8:19]-[#15](-[#8]-[#6](-[#6@@]1(-[H])-[#8]-[#6@](-[#7]2:[#6](-[H]):[#6](-[H]):[#6](=[#7]-[H]):[#7](-[H]):[#6]:2=[#8])(-[H])-[#6@@](-[#8]-[H])(-[H])-[#6@@]-1(-[#8]-[H])-[H])(-[H])-[H])(=[#8])-[#8]-[H],"EVODEX.1-P3658,EVODEX.1-P3643,EVODEX.1-P3644,EVODEX.1-P3659,EVODEX.1-P3657"
EVODEX.1-E1275,68794516198254251730943886141985903984211160608064696214077263291116328400288,[#6:32]-[#8:33]-[H]>>[#6:32]-[#8:33]-[#15](=[#8])(-[#8]-[H])-[#8]-[#6](-[#6@@]1(-[H])-[#8]-[#6@](-[#7]2:[#6](-[H]):[#6](-[H]):[#6](-[#7](-[H])-[H]):[#7]:[#6]:2=[#8])(-[H])-[#6@@](-[#8]-[H])(-[H])-[#6@@]-1(-[#8]-[H])-[H])(-[H])-[H],"EVODEX.1-P3662,EVODEX.1-P3712,EVODEX.1-P3663,EVODEX.1-P3713,EVODEX.1-P3711"
EVODEX.1-E1276,18485808197203967470527074507893853579692936400524170682980345695295641998581,[#15:34]-[#8:35]-[H]>>[#7](-[#6]1:[#7]:[#6]2:[#6](:[#7]:[#6](-[H]):[#7]:2-[#6@]2(-[H])-[#8]-[#6@@](-[#6](-[#8]-[#15](=[#8])(-[#8]-[H])-[#8:35]-[#15:34])(-[H])-[H])(-[H])-[#6@](-[#8]-[H])(-[H])-[#6@]-2(-[#8]-[H])-[H]):[#6](=[#8]):[#7]:1-[H])(-[H])-[H],"EVODEX.1-P3642,EVODEX.1-P3620,EVODEX.1-P3621,EVODEX.1-P3626,EVODEX.1-P3641"
EVODEX.1-E1277,26135728830475324920541839367603091486598081279807177793112797346332304535959,[#7:11](-[#6@@:12])(-[H:67])-[H].([#8]-[#15](=[#8])(-[#8]-[H])-[#8]-[H].[#8:54]-[#6@@:53](-[#6@@:38])(-[H:90])-[#6@:55](-[#6@:36])(-[#8:56])-[H:92])>>[#7](-[#6](=[#8])-[#6](-[#6](-[#6@](-[#7](-[H])-[H])(-[#6](=[#8])-[#7:11](-[#6@@:12])-[H:67])-[H])(-[H])-[H])(-[H])-[H])(-[H])-[H].([#8]-[H].[#8:56]-[#6@:55](-[#6@:36])(-[H:92])-[#6@@:53](-[#6@@:38])(-[#8:54])-[H:90]),"EVODEX.1-P7413,EVODEX.1-P7221,EVODEX.1-P7478,EVODEX.1-P7195,EVODEX.1-P7224"
EVODEX.1-E1278,70577140919458496702563573798912287442714199046369949019096647695590389649120,[#8:55](-[#6:56])-[H]>>[#6](-[#6](-[#6](-[#6](-[#6](-[#6](-[#6](-[#6](-[#6](=[#6](-[#6](-[#6](-[#6](-[#6](-[#6](-[#6](-[#6](-[#6](=[#8])-[#8]-[#6](-[#6@](-[#6](-[#8]-[#15](=[#8])(-[#8]-[H])-[#8:55]-[#6:56])(-[H])-[H])(-[#8]-[#6](=[#8])-[#6](-[#6](-[#6](-[#6](-[#6](-[#6](-[#6](-[#6](=[#6](-[#6](-[#6](-[#6](-[#6](-[#6](-[#6](-[#6](-[#6](-[H])(-[H])-[H])(-[H])-[H])(-[H])-[H])(-[H])-[H])(-[H])-[H])(-[H])-[H])(-[H])-[H])(-[H])-[H])-[H])-[H])(-[H])-[H])(-[H])-[H])(-[H])-[H])(-[H])-[H])(-[H])-[H])(-[H])-[H])(-[H])-[H])-[H])(-[H])-[H])(-[H])-[H])(-[H])-[H])(-[H])-[H])(-[H])-[H])(-[H])-[H])(-[H])-[H])(-[H])-[H])-[H])-[H])(-[H])-[H])(-[H])-[H])(-[H])-[H])(-[H])-[H])(-[H])-[H])(-[H])-[H])(-[H])-[H])(-[H])(-[H])-[H],"EVODEX.1-P4252,EVODEX.1-P4251,EVODEX.1-P4254,EVODEX.1-P4249,EVODEX.1-P4253"
EVODEX.1-E1279,109159659273115878532095559714268612554241095699444456504704529592010158336362,[#8]=[#15](-[#8]-[H])(-[#8]-[H])-[#8]-[#6](-[#6@@]1(-[H])-[#8]-[#6@](-[#8:11]-[#6@:12])(-[H])-[#6@@](-[#8]-[H])(-[H])-[#6@](-[#8]-[H])(-[H])-[#6@@]-1(-[#8]-[H])-[H])(-[H])-[H]>>[#8:11](-[#6@:12])-[H],"EVODEX.1-P4535,EVODEX.1-P4534,EVODEX.1-P4329,EVODEX.1-P4331,EVODEX.1-P4330"
EVODEX.1-E1280,100918045548067180025033628316921882231942379393031128169712710356933824905415,[#6:42](-[#6@:40])(=[#8:43])-[#8]-[H].[#7](-[#6]1:[#7]:[#6](-[H]):[#7]:[#6]2:[#6]:1:[#7]:[#6](-[H]):[#7]:2-[#6@]1(-[H])-[#8]-[#6@@](-[#6](-[#8]-[#15](=[#8])(-[#8]-[H])-[#8]-[#15](=[#8])(-[#8]-[H])-[#8:74]-[#15:75])(-[H])-[H])(-[H])-[#6@](-[#8]-[H])(-[H])-[#6@]-1(-[#8]-[H])-[H])(-[H])-[H]>>[#6:42](-[#6@:40])(=[#8:43])-[#7](-[#6@@](-[#6](-[#16]-[H])(-[H])-[H])(-[#6](=[#8])-[#8]-[H])-[H])-[H].[#8:74](-[#15:75])-[H],"EVODEX.1-P7468,EVODEX.1-P7081,EVODEX.1-P7504,EVODEX.1-P7042,EVODEX.1-P7075"
EVODEX.1-E1281,79269011667174398054485969595648911270488649470526267304212910386216627550291,[#8:56]=[#6:57](-[#8:58]-[H:106])-[#6:59]>>[#6](=[#8])(-[#6](-[#6](-[#6](=[#8])-[#8]-[H])(-[H])-[H])(-[H])-[H])-[#8:58]-[H:106].[#6](-[#6](-[#6](-[H])(-[H])-[H])(-[#6](-[#8]-[#15](=[#8])(-[#8]-[H])-[#8]-[#15](=[#8])(-[#8]-[H])-[#8]-[#6](-[#6@@]1(-[H])-[#8]-[#6@](-[#7]2:[#6](-[H]):[#7]:[#6]3:[#6](-[#7](-[H])-[H]):[#7]:[#6](-[H]):[#7]:[#6]:2:3)(-[H])-[#6@@](-[#8]-[H])(-[H])-[#6@@]-1(-[#8]-[#15](=[#8])(-[#8]-[H])-[#8]-[H])-[H])(-[H])-[H])(-[H])-[H])-[#6@@](-[#8]-[H])(-[#6](=[#8])-[#7](-[#6](-[#6](-[#6](=[#8])-[#7](-[#6](-[#6](-[#16]-[#6:57](=[#8:56])-[#6:59])(-[H])-[H])(-[H])-[H])-[H])(-[H])-[H])(-[H])-[H])-[H])-[H])(-[H])(-[H])-[H],"EVODEX.1-P3795,EVODEX.1-P3796,EVODEX.1-P3799,EVODEX.1-P3809,EVODEX.1-P3808"
EVODEX.1-E1282,62944056113936833816246787516758100040604786734167917701503940658363786221289,[#6](-[#8]-[#6@@]1(-[H])-[#6@@](-[#8]-[H])(-[H])-[#6@](-[#8]-[H])(-[H])-[#6@](-[#8:9]-[#6@@:10])(-[H])-[#8]-[#6@@]-1(-[#6](=[#8])-[#8]-[H])-[H])(-[H])(-[H])-[H]>>[#8:9](-[#6@@:10])-[H],"EVODEX.1-P4344,EVODEX.1-P4339,EVODEX.1-P4343,EVODEX.1-P4340,EVODEX.1-P4338"
EVODEX.1-E1283,99990278053809664373244512595819959079373038843978677929824595415854986765602,[#7](=[#6](-[#7](-[H])-[H])-[#7](-[#6](-[#6](-[#6](-[#6@](-[#7](-[H])-[H])(-[#6](=[#8])-[#7:12](-[#6@@:13])-[H:65])-[H])(-[H])-[H])(-[H])-[H])(-[H])-[H])-[H])-[H]>>[#7:12](-[#6@@:13])(-[H:65])-[H],"EVODEX.1-P4588,EVODEX.1-P4635,EVODEX.1-P4621,EVODEX.1-P4595,EVODEX.1-P4559"
EVODEX.1-E1284,43095757082860469349744789542473146996135117164061114800712332741921092216816,[#7](=[#6](-[#7](-[H])-[H])-[#7](-[#6](-[#6](-[#6](-[#6@](-[#7](-[H])-[H])(-[#6](=[#8])-[#7:12](-[#6:13])-[#6@:16])-[H])(-[H])-[H])(-[H])-[H])(-[H])-[H])-[H])-[H]>>[#7:12](-[H])(-[#6:13])-[#6@:16],"EVODEX.1-P4682,EVODEX.1-P4749,EVODEX.1-P4683,EVODEX.1-P4769,EVODEX.1-P4691"
EVODEX.1-E1285,48366222183624978855327470400508406849627978224436850118960576310165406595309,[#6:1]-[#6:2](=[#8:3])-[#7](-[#6@@](-[#6](-[#6](-[#6](-[#7](-[#6](=[#7]-[H])-[#7](-[H])-[H])-[H])(-[H])-[H])(-[H])-[H])(-[H])-[H])(-[#6](=[#8])-[#8]-[H])-[H])-[H]>>[#6:1]-[#6:2](=[#8:3])-[#8]-[H],"EVODEX.1-P4932,EVODEX.1-P4943,EVODEX.1-P4669,EVODEX.1-P4929,EVODEX.1-P4786"
EVODEX.1-E1286,92537723848632656138062799000662315435307584181744922163391888325080694330793,[#7:14](-[#6@:9])(-[#6](=[#8])-[#6@@](-[#7](-[H])-[H])(-[#6](-[#6](-[#16]-[#6](-[H])(-[H])-[H])(-[H])-[H])(-[H])-[H])-[H])-[H:166]>>[#7:14](-[#6@:9])(-[H:166])-[H],"EVODEX.1-P4653,EVODEX.1-P4574,EVODEX.1-P4560,EVODEX.1-P4629,EVODEX.1-P4654"
EVODEX.1-E1287,16283883788999854213350821207525297153762134152928120801657125577718872015410,[#6:2]-[#6:3](=[#8:4])-[#7](-[#6@@](-[#6](-[#6](-[#16]-[#6](-[H])(-[H])-[H])(-[H])-[H])(-[H])-[H])(-[#6](=[#8])-[#8]-[H])-[H])-[H]>>[#6:2]-[#6:3](=[#8:4])-[#8]-[H],"EVODEX.1-P5541,EVODEX.1-P4777,EVODEX.1-P5538,EVODEX.1-P4888,EVODEX.1-P4582"
EVODEX.1-E1288,65046633991660509321624768895999060662357264113296081409829636976530953269313,[#6:17]-[#6:18](=[#8:19])-[#7](-[#6@@](-[#6](-[#8]-[H])(-[H])-[H])(-[#6@](-[#8]-[H])(-[#6](=[#6](-[#6](-[#6](-[#6](-[#6](-[#6](-[#6](-[#6](-[#6](-[#6](-[#6](-[#6](-[#6](-[#6](-[H])(-[H])-[H])(-[H])-[H])(-[H])-[H])(-[H])-[H])(-[H])-[H])(-[H])-[H])(-[H])-[H])(-[H])-[H])(-[H])-[H])(-[H])-[H])(-[H])-[H])(-[H])-[H])(-[H])-[H])-[H])-[H])-[H])-[H])-[H]>>[#6:17]-[#6:18](=[#8:19])-[#8]-[H],"EVODEX.1-P5591,EVODEX.1-P5586,EVODEX.1-P5611,EVODEX.1-P5584,EVODEX.1-P5607"
EVODEX.1-E1289,72896074537792707855650065307129474454598735507031344348790913557328415061911,[#6:17]-[#6:18](=[#8:19])-[#8]-[H]>>[#6:17]-[#6:18](=[#8:19])-[#7](-[#6@](-[#6@@](-[#6](=[#6](-[#6](-[#6](-[#6](-[#6](-[#6](-[#6](-[#6](-[#6](-[#6](-[#6](-[#6](-[#6](-[#6](-[H])(-[H])-[H])(-[H])-[H])(-[H])-[H])(-[H])-[H])(-[H])-[H])(-[H])-[H])(-[H])-[H])(-[H])-[H])(-[H])-[H])(-[H])-[H])(-[H])-[H])(-[H])-[H])(-[H])-[H])-[H])-[H])(-[#8]-[H])-[H])(-[#6](-[#8]-[H])(-[H])-[H])-[H])-[H],"EVODEX.1-P5588,EVODEX.1-P5593,EVODEX.1-P5603,EVODEX.1-P5581,EVODEX.1-P5589"
EVODEX.1-E1290,99116924934314853269003228702473974251905470453790030416930317650407972165364,[#7](-[#6@@](-[#6](-[#6]1:[#6](-[H]):[#6](-[H]):[#6](-[#8]-[H]):[#6](-[H]):[#6]:1-[H])(-[H])-[H])(-[#6](=[#8])-[#7]1-[#6](-[H])(-[H])-[#6](-[H])(-[H])-[#6](-[H])(-[H])-[#6@]-1(-[#6](=[#8])-[#7:20](-[#6@@:21])-[H:69])-[H])-[H])(-[H])-[H]>>[#7:20](-[#6@@:21])(-[H:69])-[H],"EVODEX.1-P5442,EVODEX.1-P4826,EVODEX.1-P4832,EVODEX.1-P4835,EVODEX.1-P4827"
EVODEX.1-E1291,59353228911413471950286014366879906503987086227410464759466834399853868191917,[#6:31](-[#6@@:23])(=[#8:32])-[#7](-[#6]1:[#6](-[H]):[#6](-[H]):[#6]2:[#6](:[#6]:1-[H])-[#8]-[#6](-[H])(-[H])-[#6](-[H])=[#6]-2-[#6](-[H])(-[H])-[H])-[H].[#8:45](-[H:90])-[H]>>[#6:31](-[#6@@:23])(=[#8:32])-[#8:45]-[H:90],"EVODEX.1-P5240,EVODEX.1-P4600,EVODEX.1-P4599,EVODEX.1-P4821,EVODEX.1-P4829"
EVODEX.1-E1292,20391522244299588119025530291316628873613615992813548897322220035675372616543,[#8:44](-[#6:45])-[H]>>[#8:44](-[#6@]1(-[H])-[#8]-[#6@@](-[#6](-[#8]-[#6@]2(-[H])-[#8]-[#6@](-[#6](-[H])(-[H])-[H])(-[H])-[#6@@](-[#8]-[H])(-[H])-[#6@](-[#8]-[H])(-[H])-[#6@]-2(-[#8]-[H])-[H])(-[H])-[H])(-[H])-[#6@](-[#8]-[H])(-[H])-[#6@@](-[#8]-[H])(-[H])-[#6@]-1(-[#8]-[H])-[H])-[#6:45],"EVODEX.1-P4384,EVODEX.1-P4390,EVODEX.1-P4387,EVODEX.1-P4389,EVODEX.1-P4385"
EVODEX.1-E1293,97819658182369043603293013336668425940170832529627306432288658496812736216485,[#6](-[#6](=[#8])-[#7](-[#6@@]1(-[H])-[#6@@](-[#8:7]-[#6:8])(-[H])-[#8]-[#6@@](-[#6](-[#8]-[#6](-[#6](-[H])(-[H])-[H])=[#8])(-[H])-[H])(-[H])-[#6@](-[#8]-[#6](-[#6](-[H])(-[H])-[H])=[#8])(-[H])-[#6@@]-1(-[#8]-[#6](-[#6](-[H])(-[H])-[H])=[#8])-[H])-[H])(-[H])(-[H])-[H]>>[#8:7](-[#6:8])-[H],"EVODEX.1-P4404,EVODEX.1-P4393,EVODEX.1-P4406,EVODEX.1-P4398,EVODEX.1-P4402"
EVODEX.1-E1294,27421389340474176504390171278231325217190997000761620479873207036595513214608,[#6](-[#6](-[#6](-[#6](=[#8])-[#7](-[#6@@]1(-[H])-[#6@@](-[#8:9]-[#6:10])(-[H])-[#8]-[#6@@](-[#6](-[#8]-[#6](-[#6](-[H])(-[H])-[H])=[#8])(-[H])-[H])(-[H])-[#6@](-[#8]-[#6](-[#6](-[H])(-[H])-[H])=[#8])(-[H])-[#6@@]-1(-[#8]-[#6](-[#6](-[H])(-[H])-[H])=[#8])-[H])-[H])(-[H])-[H])(-[H])-[H])(-[H])(-[H])-[H]>>[#8:9](-[#6:10])-[H],"EVODEX.1-P4403,EVODEX.1-P4395,EVODEX.1-P4394,EVODEX.1-P4407,EVODEX.1-P4399"
EVODEX.1-E1295,66670931816330170659918369657811615656260747201637122745588727214664063221610,[#6:27](-[#6@@:19])(=[#8:28])-[#7](-[#6]1:[#6](-[H]):[#6](-[H]):[#6]2:[#6](-[H]):[#6](-[H]):[#6](-[H]):[#6](-[H]):[#6]:2:[#6]:1-[H])-[H]>>[#8](-[#6:27](-[#6@@:19])=[#8:28])-[H],"EVODEX.1-P4627,EVODEX.1-P4743,EVODEX.1-P4750,EVODEX.1-P4676,EVODEX.1-P4755"
EVODEX.1-E1296,95702932717628372203134539930480162377594836104530437644065091503841649988240,[#6:28](-[#6@@:23])(=[#8:29])-[#7](-[#6]1:[#6](-[H]):[#6](-[H]):[#6]2:[#6](-[#6](-[#9])(-[#9])-[#9]):[#6](-[H]):[#6](=[#8]):[#8]:[#6]:2:[#6]:1-[H])-[H].[#8:49](-[H:84])-[H]>>[#6:28](-[#6@@:23])(=[#8:29])-[#8:49]-[H:84],"EVODEX.1-P4831,EVODEX.1-P5233,EVODEX.1-P5244,EVODEX.1-P4587,EVODEX.1-P5143"
EVODEX.1-E1297,47907711125044244842412889483628047497003921747172352711953290079928945125500,[#6:28](-[#6@@:23])(=[#8:29])-[#7](-[#6]1:[#6](-[H]):[#6](-[H]):[#6]2:[#6](-[#6](-[#9])(-[#9])-[#9]):[#6](-[H]):[#6](=[#8]):[#8]:[#6]:2:[#6]:1-[H])-[H]>>[#6:28](-[#6@@:23])(=[#8:29])-[#8]-[H],"EVODEX.1-P5241,EVODEX.1-P5230,EVODEX.1-P5247,EVODEX.1-P5242,EVODEX.1-P5207"
EVODEX.1-E1298,96060397023773274417115945587547042282217877753461792290678933091482257338676,[#6:23](-[#6@:22])(=[#8:24])-[#7](-[#6]1:[#6](-[H]):[#6](-[H]):[#6]2:[#6](-[#6](-[#6](-[#7](-[H])-[H])=[#8])(-[H])-[H]):[#6](-[H]):[#6](=[#8]):[#8]:[#6]:2:[#6]:1-[H])-[H].[#8:41](-[H:72])-[H]>>[#6:23](-[#6@:22])(=[#8:24])-[#8:41]-[H:72],"EVODEX.1-P4663,EVODEX.1-P4661,EVODEX.1-P4613,EVODEX.1-P4678,EVODEX.1-P4658"
EVODEX.1-E1299,94938412917321786039100048082482378640345582319043507012479133260499063278974,[#7](-[#6](=[#8])-[#6](-[#6]1:[#6](-[H]):[#6](=[#8]):[#8]:[#6]2:[#6](-[H]):[#6](-[H]):[#6](-[#7](-[#6:15](=[#8:16])-[#6@:17])-[H]):[#6](-[H]):[#6]:1:2)(-[H])-[H])(-[H])-[H].[#8:46](-[H:79])-[H]>>[#6:15](=[#8:16])(-[#6@:17])-[#8:46]-[H:79],"EVODEX.1-P5056,EVODEX.1-P5055,EVODEX.1-P5053,EVODEX.1-P5049,EVODEX.1-P5050"
EVODEX.1-E1300,16746424747307296897639134139017669441114534660610333020927016430995071100589,[#6:23](-[#6@:22])(=[#8:24])-[#7](-[#6]1:[#6](-[H]):[#6](-[H]):[#6]2:[#6](-[#6](-[#6](-[#7](-[H])-[H])=[#8])(-[H])-[H]):[#6](-[H]):[#6](=[#8]):[#8]:[#6]:2:[#6]:1-[H])-[H]>>[#6:23](-[#6@:22])(=[#8:24])-[#8]-[H],"EVODEX.1-P5047,EVODEX.1-P4659,EVODEX.1-P4666,EVODEX.1-P4665,EVODEX.1-P4662"
EVODEX.1-E1301,25606228667821451015997443936855248119587981613971721218637907223412102475423,[#7](-[#6](=[#8])-[#6](-[#6]1:[#6](-[H]):[#6](=[#8]):[#8]:[#6]2:[#6](-[H]):[#6](-[H]):[#6](-[#7](-[#6:15](=[#8:16])-[#6@:17])-[H]):[#6](-[H]):[#6]:1:2)(-[H])-[H])(-[H])-[H]>>[#6:15](=[#8:16])(-[#6@:17])-[#8]-[H],"EVODEX.1-P5052,EVODEX.1-P5057,EVODEX.1-P5058,EVODEX.1-P5054,EVODEX.1-P5048"
EVODEX.1-E1302,156972649538522187688118307141723011536854865102810499090853812445906692621,[#6](-[#6@](-[#7](-[H])-[H])(-[#6](=[#8])-[#7](-[#6@@](-[#6](-[H])(-[H])-[H])(-[#6](=[#8])-[#7:11](-[#6@@:12])-[H:48])-[H])-[H])-[H])(-[H])(-[H])-[H]>>[#7:11](-[#6@@:12])(-[H:48])-[H],"EVODEX.1-P4825,EVODEX.1-P4824,EVODEX.1-P4814,EVODEX.1-P4813,EVODEX.1-P4677"
EVODEX.1-E1303,90798690268372742130602400936449632772780474523996214235812693082904001494421,[#6](-[#6@](-[#7](-[#6](=[#8])-[#6@](-[#6](-[H])(-[H])-[H])(-[#7](-[#6:9](=[#8:10])-[#6@:11])-[H])-[H])-[H])(-[#6](=[#8])-[#8]-[H])-[H])(-[H])(-[H])-[H]>>[#6:9](=[#8:10])(-[#6@:11])-[#8]-[H],"EVODEX.1-P5362,EVODEX.1-P4619,EVODEX.1-P5365,EVODEX.1-P5359,EVODEX.1-P5357"
EVODEX.1-E1304,85834860009188148971919869769333954025982631318684756855915527974845519687939,[#6](-[#8]-[#6]1:[#6](-[H]):[#6](-[#7](-[#6:7](=[#8:8])-[#6@:9])-[H]):[#6](-[H]):[#6]2:[#6](-[H]):[#6](-[H]):[#6](-[H]):[#6](-[H]):[#6]:1:2)(-[H])(-[H])-[H]>>[#6:7](=[#8:8])(-[#6@:9])-[#8]-[H],"EVODEX.1-P5127,EVODEX.1-P5124,EVODEX.1-P5237,EVODEX.1-P5206,EVODEX.1-P5232"
EVODEX.1-E1305,112176074765899906373838323772755762853248105124447487955863654410419265616695,[#6](-[#16]-[#6](-[#6](-[#6@](-[#7](-[#6](=[#8])-[H])-[H])(-[#6](=[#8])-[#7:11](-[#6@@:12])-[H:55])-[H])(-[H])-[H])(-[H])-[H])(-[H])(-[H])-[H]>>[#7:11](-[#6@@:12])(-[H:55])-[H],"EVODEX.1-P4970,EVODEX.1-P4971,EVODEX.1-P4681,EVODEX.1-P4962,EVODEX.1-P4960"
EVODEX.1-E1306,101847261224469968470708304884059091175961025520214644663619362253635283212933,[#6:69](-[#6@@:64])(=[#8:70])-[#7](-[#6@@](-[#6](-[H])(-[H])-[H])(-[#6](=[#8])-[#7](-[#6@@](-[#6](-[#6](-[#6](-[H])(-[H])-[H])(-[#6](-[H])(-[H])-[H])-[H])(-[H])-[H])(-[#6](=[#8])-[#8]-[H])-[H])-[H])-[H])-[H]>>[#6:69](-[#6@@:64])(=[#8:70])-[#8]-[H],"EVODEX.1-P5037,EVODEX.1-P5343,EVODEX.1-P5033,EVODEX.1-P5035,EVODEX.1-P5116"
EVODEX.1-E1307,93723641722366073558152129958695289659296151135185634507374069143797948811356,[#6](-[#6](-[#6](-[H])(-[H])-[H])(-[#6](-[#6@](-[#7](-[#6:7](=[#8:8])-[#6:9])-[H])(-[#6](=[#8])-[#7](-[#6@@](-[#6](-[H])(-[H])-[H])(-[#6](=[#8])-[#8]-[H])-[H])-[H])-[H])(-[H])-[H])-[H])(-[H])(-[H])-[H]>>[#6:7](=[#8:8])(-[#6:9])-[#8]-[H],"EVODEX.1-P5360,EVODEX.1-P4745,EVODEX.1-P5043,EVODEX.1-P5369,EVODEX.1-P5371"
EVODEX.1-E1308,1098537953866070824870437922527018265795854025482093181053521530364419298267,[#6](-[#6](-[#6](-[#6](-[H])(-[H])-[H])(-[#6@](-[#7](-[#6:7](=[#8:8])-[#6:9])-[H])(-[#6](=[#8])-[#7](-[#6@](-[#6](-[#6](=[#8])-[#8]-[H])(-[H])-[H])(-[#6](-[#6]1:[#6](-[H]):[#6](-[H]):[#6](-[#8]-[H]):[#6](-[H]):[#6]:1-[H])(-[H])-[H])-[H])-[H])-[H])-[H])(-[H])-[H])(-[H])(-[H])-[H].[#8:31](-[H:67])-[H]>>[#6:7](=[#8:8])(-[#6:9])-[#8:31]-[H:67],"EVODEX.1-P4738,EVODEX.1-P4733,EVODEX.1-P4734,EVODEX.1-P4732,EVODEX.1-P4735"
EVODEX.1-E1309,61318820871381072779507094650070232944788448081582662446141918864630985247880,[#6](-[#6](-[#6](-[#6](-[H])(-[H])-[H])(-[#6@](-[#7](-[#6:7](=[#8:8])-[#6:9])-[H])(-[#6](=[#8])-[#7](-[#6@](-[#6](-[#6](=[#8])-[#8]-[H])(-[H])-[H])(-[#6](-[#6]1:[#6](-[H]):[#6](-[H]):[#6](-[#8]-[H]):[#6](-[H]):[#6]:1-[H])(-[H])-[H])-[H])-[H])-[H])-[H])(-[H])-[H])(-[H])(-[H])-[H]>>[#6:7](=[#8:8])(-[#6:9])-[#8]-[H],"EVODEX.1-P4737,EVODEX.1-P4740,EVODEX.1-P4739,EVODEX.1-P4736,EVODEX.1-P4730"
EVODEX.1-E1310,912383313710826055595181356277824170757795250931721794514913973728226805088,[#6:69](-[#6@@:64])(=[#8:70])-[#7](-[#6@@](-[#6](-[H])(-[H])-[H])(-[#6](=[#8])-[#7](-[#6@@](-[#6](-[#6](-[#6](-[H])(-[H])-[H])(-[#6](-[H])(-[H])-[H])-[H])(-[H])-[H])(-[#6](=[#8])-[#8]-[H])-[H])-[H])-[H])-[H].[#8:85](-[H:172])-[H]>>[#6:69](-[#6@@:64])(=[#8:70])-[#8:85]-[H:172],"EVODEX.1-P5342,EVODEX.1-P5344,EVODEX.1-P5036,EVODEX.1-P5345,EVODEX.1-P5034"
EVODEX.1-E1311,34531164375172890861351927988421830438643884613242787647981478433691517257040,[#6](-[#6](-[#6](-[H])(-[H])-[H])(-[#6](-[#6@](-[#7](-[#6:7](=[#8:8])-[#6:9])-[H])(-[#6](=[#8])-[#7](-[#6@@](-[#6](-[H])(-[H])-[H])(-[#6](=[#8])-[#8]-[H])-[H])-[H])-[H])(-[H])-[H])-[H])(-[H])(-[H])-[H].[#8:28](-[H:54])-[H]>>[#6:7](=[#8:8])(-[#6:9])-[#8:28]-[H:54],"EVODEX.1-P5370,EVODEX.1-P5368,EVODEX.1-P5367,EVODEX.1-P5351,EVODEX.1-P5042"
EVODEX.1-E1312,88319022413580060203228286652381219593528736869548388043953853215411808199226,[#6:34]-[#7:35](-[H:58])-[H]>>[#6](=[#8])(-[#6@](-[#6](-[#6](-[#6](-[#7](-[#6](=[#7]-[H])-[#7](-[H])-[H])-[H])(-[H])-[H])(-[H])-[H])(-[H])-[H])(-[#7](-[#6](=[#8])-[#6]1:[#6](-[H]):[#6](-[H]):[#6](-[H]):[#6](-[H]):[#6]:1-[H])-[H])-[H])-[#7:35](-[#6:34])-[H:58],"EVODEX.1-P5285,EVODEX.1-P5288,EVODEX.1-P5216,EVODEX.1-P5102,EVODEX.1-P5281"
EVODEX.1-E1313,82557296410821700800229976478800337601669689434039477216643923790555210189967,[#6:15]-[#7:16](-[#6](=[#8])-[#6@](-[#6](-[#6](-[#6](-[#7](-[#6](=[#7]-[H])-[#7](-[H])-[H])-[H])(-[H])-[H])(-[H])-[H])(-[H])-[H])(-[#7](-[#6](=[#8])-[#6]1:[#6](-[H]):[#6](-[H]):[#6](-[H]):[#6](-[H]):[#6]:1-[H])-[H])-[H])-[H:59]>>[#6:15]-[#7:16](-[H:59])-[H],"EVODEX.1-P5007,EVODEX.1-P5289,EVODEX.1-P4753,EVODEX.1-P5282,EVODEX.1-P5290"
EVODEX.1-E1314,3684578617211812466858178953540796848515026521398393606400076108138961357230,[#7]#[#6:2]-[#6:3]>>[#6:2](-[#6:3])(=[#8])-[#8]-[H],"EVODEX.1-P5907,EVODEX.1-P5935,EVODEX.1-P5966,EVODEX.1-P5891,EVODEX.1-P5921"
EVODEX.1-E1315,95314233771735343683732277786907248780275331403639697068205262260242054556322,[#6:2]-[#6:3](-[#8:4])(-[#6:5]#[#7])-[H:10]>>[#6:2]-[#6@:3](-[#8:4])(-[#6:5](=[#8])-[#8]-[H])-[H:10],"EVODEX.1-P5944,EVODEX.1-P5937,EVODEX.1-P5946,EVODEX.1-P5941,EVODEX.1-P5949"
EVODEX.1-E1316,115381840397118798620133958479666953716349272998876709096175406488626769181456,[#6](-[#6](-[#6](-[H])(-[H])-[H])(-[#6](-[#6@](-[#7](-[#6](=[#8])-[#6@](-[#6](-[#6](-[#6](-[#7](-[#6](=[#7]-[H])-[#7](-[H])-[H])-[H])(-[H])-[H])(-[H])-[H])(-[H])-[H])(-[#7](-[#6](=[#8])-[#6@](-[#6](-[#6](-[#6](-[H])(-[H])-[H])(-[#6](-[H])(-[H])-[H])-[H])(-[H])-[H])(-[#7](-[#6](=[#8])-[#6@@](-[#7](-[H])-[H])(-[#6](-[#6](-[#6](=[#8])-[#8]-[H])(-[H])-[H])(-[H])-[H])-[H])-[H])-[H])-[H])-[H])-[H])(-[#6](=[#8])-[#7](-[#6@@](-[#6](-[#6]1:[#6](-[H]):[#6](-[H]):[#6](-[#8]-[H]):[#6](-[H]):[#6]:1-[H])(-[H])-[H])(-[#6](=[#8])-[#7](-[#6@@](-[#6](-[#6](-[#6](-[#7](-[#6](=[#7]-[H])-[#7](-[H])-[H])-[H])(-[H])-[H])(-[H])-[H])(-[H])-[H])(-[#6](=[#8])-[#7:60](-[#6@@:61])-[H:198])-[H])-[H])-[H])-[H])-[H])(-[H])-[H])-[H])(-[H])(-[H])-[H]>>[#7:60](-[#6@@:61])(-[H:198])-[H],"EVODEX.1-P5385,EVODEX.1-P5384,EVODEX.1-P5383,EVODEX.1-P5380,EVODEX.1-P5379"
EVODEX.1-E1317,109301242449088614608093473026793980424163657553689550293040801856947254518022,[#6:6](-[#6@:4])(=[#8:7])-[#7]1-[#6](-[H])(-[H])-[#6](-[H])(-[H])-[#6](-[H])(-[H])-[#6@]-1(-[#6](=[#8])-[#7](-[#6]1:[#6](-[H]):[#6](-[H]):[#6]2:[#6](-[#6](-[#6](-[#7](-[H])-[H])=[#8])(-[H])-[H]):[#6](-[H]):[#6](=[#8]):[#8]:[#6]:2:[#6]:1-[H])-[H])-[H].[#8:31](-[H:58])-[H]>>[#6:6](-[#6@:4])(=[#8:7])-[#8:31]-[H:58],"EVODEX.1-P4767,EVODEX.1-P4758,EVODEX.1-P4756,EVODEX.1-P4761,EVODEX.1-P4765"
EVODEX.1-E1318,80379063298715247725657492561587475095791085177760239409913968569892371250564,[#6:6](-[#6@:4])(=[#8:7])-[#7]1-[#6](-[H])(-[H])-[#6](-[H])(-[H])-[#6](-[H])(-[H])-[#6@]-1(-[#6](=[#8])-[#7](-[#6]1:[#6](-[H]):[#6](-[H]):[#6]2:[#6](-[#6](-[#6](-[#7](-[H])-[H])=[#8])(-[H])-[H]):[#6](-[H]):[#6](=[#8]):[#8]:[#6]:2:[#6]:1-[H])-[H])-[H]>>[#6:6](-[#6@:4])(=[#8:7])-[#8]-[H],"EVODEX.1-P4763,EVODEX.1-P4759,EVODEX.1-P4768,EVODEX.1-P4762,EVODEX.1-P4757"
EVODEX.1-E1319,104954868084201719950860327869456749591554071891900717543191180449104573812912,[#6](-[#6](-[#6](-[H])(-[H])-[H])(-[#6](-[#6@](-[#7](-[#6](=[#8])-[#6@](-[#6](-[#6]1:[#6](-[H]):[#7]:[#6](-[H]):[#7]:1-[H])(-[H])-[H])(-[#7](-[#6:17](=[#8:18])-[#6@:19])-[H])-[H])-[H])(-[#6](=[#8])-[#8]-[H])-[H])(-[H])-[H])-[H])(-[H])(-[H])-[H]>>[#6:17](=[#8:18])(-[#6@:19])-[#8]-[H],"EVODEX.1-P4850,EVODEX.1-P4852,EVODEX.1-P4873,EVODEX.1-P4849,EVODEX.1-P4854"
EVODEX.1-E1320,28460468163466252974118147000526145600242665631056993303118881787645356369664,[#6](-[#6](-[#6@](-[#6](-[H])(-[H])-[H])(-[#6@](-[#7](-[#6:7](=[#8:8])-[#6@:9])-[H])(-[#6](=[#8])-[#7](-[#6@](-[#6](=[#8])-[#7](-[#6](-[#6](=[#8])-[#8]-[H])(-[H])-[H])-[H])(-[#6](-[#6](-[H])(-[H])-[H])(-[#6](-[H])(-[H])-[H])-[H])-[H])-[H])-[H])-[H])(-[H])-[H])(-[H])(-[H])-[H]>>[#6:7](=[#8:8])(-[#6@:9])-[#8]-[H],"EVODEX.1-P5188,EVODEX.1-P5195,EVODEX.1-P5187,EVODEX.1-P5192,EVODEX.1-P5189"
EVODEX.1-E1321,87707123077394001864300422941838299127364336354705447013584694042075549382929,[#6](-[#6](-[#6](-[H])(-[H])-[H])(-[#6](-[#6@](-[#7](-[#6](=[#8])-[#6](-[#7](-[#6](=[#8])-[#6@](-[#6](-[#6](-[#6](-[H])(-[H])-[H])(-[#6](-[H])(-[H])-[H])-[H])(-[H])-[H])(-[#7](-[#6:19](=[#8:20])-[#6@:21])-[H])-[H])-[H])(-[H])-[H])-[H])(-[#6](=[#8])-[#8]-[H])-[H])(-[H])-[H])-[H])(-[H])(-[H])-[H]>>[#6:19](=[#8:20])(-[#6@:21])-[#8]-[H],"EVODEX.1-P5177,EVODEX.1-P5173,EVODEX.1-P5163,EVODEX.1-P5169,EVODEX.1-P5167"
EVODEX.1-E1322,12728391091512020821289525925559379674182627302467587970052653360694044529448,[#6:13]-[#7:14](-[#6](=[#8])-[#6@](-[#6](-[#6](-[#6](-[#7](-[#6](=[#7]-[H])-[#7](-[H])-[H])-[H])(-[H])-[H])(-[H])-[H])(-[H])-[H])(-[#7](-[#6](=[#8])-[#6@]1(-[H])-[#6](-[H])(-[H])-[#6](-[H])(-[H])-[#6](-[H])(-[H])-[#7]-1-[#6](=[#8])-[#6@](-[#7](-[H])-[H])(-[#6](-[#6]1:[#6](-[H]):[#6](-[H]):[#6](-[H]):[#6](-[H]):[#6]:1-[H])(-[H])-[H])-[H])-[H])-[H])-[H:84]>>[#6:13]-[#7:14](-[H:84])-[H],"EVODEX.1-P5121,EVODEX.1-P5142,EVODEX.1-P5140,EVODEX.1-P5086,EVODEX.1-P5141"
EVODEX.1-E1323,112927093205654853116870427369243760183057561455096385174175060359455122842570,[#6](-[#6](-[#6](-[H])(-[H])-[H])(-[#6](-[#6@](-[#7](-[#6](=[#8])-[#6@](-[#6](-[#6]1:[#6](-[H]):[#7]:[#6](-[H]):[#7]:1-[H])(-[H])-[H])(-[#7](-[#6:17](=[#8:18])-[#6@:19])-[H])-[H])-[H])(-[#6](=[#8])-[#8]-[H])-[H])(-[H])-[H])-[H])(-[H])(-[H])-[H].[#8:38](-[H:71])-[H]>>[#6:17](=[#8:18])(-[#6@:19])-[#8:38]-[H:71],"EVODEX.1-P4858,EVODEX.1-P4872,EVODEX.1-P4871,EVODEX.1-P4853,EVODEX.1-P4848"
EVODEX.1-E1324,82422194561300443690186405113111589785293061178798936277939584313527589632001,[#7:13](-[#6@:5])(-[#6](=[#8])-[#6@](-[#6](-[#6]1:[#6](-[H]):[#6](-[H]):[#6](-[H]):[#6](-[H]):[#6]:1-[H])(-[H])-[H])(-[#7](-[#6](=[#8])-[#8]-[#6](-[#6]1:[#6](-[H]):[#6](-[H]):[#6](-[H]):[#6](-[H]):[#6]:1-[H])(-[H])-[H])-[H])-[H])-[H:59]>>[#7:13](-[#6@:5])(-[H:59])-[H],"EVODEX.1-P5300,EVODEX.1-P5361,EVODEX.1-P4895,EVODEX.1-P4896,EVODEX.1-P5407"
EVODEX.1-E1325,63002770142552181883550021107615266499135085230934719548923374768006920724847,[#7](=[#6](-[#7](-[H])-[H])-[#7](-[#6](-[#6](-[#6](-[#6@](-[#7](-[#6](=[#8])-[#6@](-[#6](-[#6]1:[#6](-[H]):[#6](-[H]):[#6](-[H]):[#6](-[H]):[#6]:1-[H])(-[H])-[H])(-[#7](-[#6](=[#8])-[#6]1:[#6](-[H]):[#6](-[H]):[#6](-[H]):[#6](-[H]):[#6]:1-[#7](-[H])-[H])-[H])-[H])-[H])(-[#6](=[#8])-[#7:32](-[#6@@:33])-[H:107])-[H])(-[H])-[H])(-[H])-[H])(-[H])-[H])-[H])-[H]>>[#7:32](-[#6@@:33])(-[H:107])-[H],"EVODEX.1-P5071,EVODEX.1-P4954,EVODEX.1-P4955,EVODEX.1-P4953,EVODEX.1-P5009"
EVODEX.1-E1326,100794692034963324105552987243312037337716214627356420983192842156535319922912,[#7:29](-[#6@:26])(-[#6](=[#8])-[#6@](-[#6](-[#6](-[#6](-[#7](-[#6](=[#7]-[H])-[#7](-[H])-[H])-[H])(-[H])-[H])(-[H])-[H])(-[H])-[H])(-[#7](-[#6](=[#8])-[#6@](-[#6](-[#6]1:[#6](-[H]):[#6](-[H]):[#6](-[H]):[#6](-[H]):[#6]:1-[H])(-[H])-[H])(-[#7](-[#6](=[#8])-[#6@]1(-[H])-[#6](-[H])(-[H])-[#6](-[H])(-[H])-[#6](-[H])(-[H])-[#7]-1-[#6](=[#8])-[#6@](-[#6](-[#8]-[H])(-[H])-[H])(-[#7](-[#6](=[#8])-[#6@](-[#6](-[#6]1:[#6](-[H]):[#6](-[H]):[#6](-[H]):[#6](-[H]):[#6]:1-[H])(-[H])-[H])(-[#7](-[#6](=[#8])-[#6](-[#7](-[#6](=[#8])-[#6]1:[#6](-[H]):[#6](-[H]):[#6](-[H]):[#6](-[H]):[#6]:1-[#7](-[H])-[H])-[H])(-[H])-[H])-[H])-[H])-[H])-[H])-[H])-[H])-[H])-[H])-[H:235]>>[#7:29](-[#6@:26])(-[H:235])-[H],"EVODEX.1-P5013,EVODEX.1-P4865,EVODEX.1-P4862,EVODEX.1-P4864,EVODEX.1-P4863"
EVODEX.1-E1327,88867315652624844616248683811859026021755584817831527979695616514543038569085,[#6:13]-[#7:14](-[#6](=[#8])-[#6@]1(-[H])-[#6](-[H])(-[H])-[#6](-[H])(-[H])-[#6](-[H])(-[H])-[#7]-1-[#6](=[#8])-[#6](-[#7](-[#6](=[#8])-[#8]-[#6](-[#6]1:[#6](-[H]):[#6](-[H]):[#6](-[H]):[#6](-[H]):[#6]:1-[H])(-[H])-[H])-[H])(-[H])-[H])-[H:59]>>[#6:13]-[#7:14](-[H:59])-[H],"EVODEX.1-P5039,EVODEX.1-P5041,EVODEX.1-P5051,EVODEX.1-P5038,EVODEX.1-P4879"
EVODEX.1-E1328,112472991464172639824745549607448423020909455951111907554527171318940990282167,[#7:5](-[#6@:4])(-[#6](=[#8])-[#6@](-[#6](-[#6](-[#6](=[#8])-[#8]-[H])(-[H])-[H])(-[H])-[H])(-[#7](-[#6](=[#8])-[#8]-[#6](-[#6]1:[#6](-[H]):[#6](-[H]):[#6](-[H]):[#6](-[H]):[#6]:1-[H])(-[H])-[H])-[H])-[H])-[H:55]>>[#7:5](-[#6@:4])(-[H:55])-[H],"EVODEX.1-P5020,EVODEX.1-P4900,EVODEX.1-P5016,EVODEX.1-P5021,EVODEX.1-P5018"
EVODEX.1-E1329,92910022291861882865041972845134300714386883148596584643765904750743366001227,[#6](-[#6](-[#6@](-[#6](-[H])(-[H])-[H])(-[#6@](-[#7](-[#6](=[#8])-[#6@]1(-[H])-[#6](-[H])(-[H])-[#6](-[H])(-[H])-[#6](-[H])(-[H])-[#7]-1-[#6](=[#8])-[#6@@](-[#7](-[H])-[H])(-[#6](-[#6](-[#6](-[#6](-[#7](-[H])-[H])(-[H])-[H])(-[H])-[H])(-[H])-[H])(-[H])-[H])-[H])-[H])(-[#6](=[#8])-[#7](-[#6@@](-[#6](-[#6](-[#6](=[#8])-[#8]-[H])(-[H])-[H])(-[H])-[H])(-[#6](=[#8])-[#7](-[#6@@](-[#6](-[#6]1:[#6](-[H]):[#6](-[H]):[#6](-[H]):[#6](-[H]):[#6]:1-[H])(-[H])-[H])(-[#6](=[#8])-[#7:45](-[#6@@:46])-[H:151])-[H])-[H])-[H])-[H])-[H])-[H])(-[H])-[H])(-[H])(-[H])-[H]>>[#7:45](-[#6@@:46])(-[H:151])-[H],"EVODEX.1-P5001,EVODEX.1-P5000,EVODEX.1-P5004,EVODEX.1-P5003,EVODEX.1-P5002"
EVODEX.1-E1330,43058119392795357428645078617454996547896476644822336420863224252518816836518,[#7:24](-[#6@:19])(-[#6](=[#8])-[#6@](-[#6](-[#8]-[H])(-[H])-[H])(-[#7](-[#6](=[#8])-[#6@@](-[#7](-[#6](=[#8])-[#6@](-[#6](-[H])(-[H])-[H])(-[#7](-[#6](=[#8])-[#6@]1(-[H])-[#6](-[H])(-[H])-[#6](-[H])(-[H])-[#6](-[H])(-[H])-[#7]-1-[#6](=[#8])-[#6@]1(-[H])-[#6](-[H])(-[H])-[#6](-[H])(-[H])-[#6](-[H])(-[H])-[#7]-1-[H])-[H])-[H])-[H])(-[#6](-[#6](-[H])(-[H])-[H])(-[#6](-[H])(-[H])-[H])-[H])-[H])-[H])-[H])-[H:146]>>[#7:24](-[#6@:19])(-[H:146])-[H],"EVODEX.1-P5337,EVODEX.1-P5339,EVODEX.1-P5341,EVODEX.1-P5340,EVODEX.1-P5338"
EVODEX.1-E1331,109972302129447611688255771951809598427247269072178977530467950697111811800831,[#6](-[#6](-[#6](-[H])(-[H])-[H])(-[#6](-[#6@](-[#7](-[#6](=[#8])-[#6@](-[#6](-[#6](-[#6](-[#6](-[#7](-[H])-[H])(-[H])-[H])(-[H])-[H])(-[H])-[H])(-[H])-[H])(-[#7](-[#6](=[#8])-[#6]1:[#6](-[H]):[#6](-[H]):[#6](-[H]):[#6](-[H]):[#6]:1-[#7](-[H])-[H])-[H])-[H])-[H])(-[#6](=[#8])-[#7](-[#6@@](-[#6](-[#6](-[#6](-[#7](-[#6](=[#7]-[H])-[#7](-[H])-[H])-[H])(-[H])-[H])(-[H])-[H])(-[H])-[H])(-[#6](=[#8])-[#7:38](-[#6@@:39])-[H:157])-[H])-[H])-[H])(-[H])-[H])-[H])(-[H])(-[H])-[H]>>[#7:38](-[#6@@:39])(-[H:157])-[H],"EVODEX.1-P5014,EVODEX.1-P5203,EVODEX.1-P5236,EVODEX.1-P5234,EVODEX.1-P5235"
EVODEX.1-E1332,53446984256915172216804759150798692087054614450211383496359111255438053085154,[#6](-[#6](-[#6@](-[#6](-[H])(-[H])-[H])(-[#6@](-[#7](-[#6](=[#8])-[#6@]1(-[H])-[#6](-[H])(-[H])-[#6](-[H])(-[H])-[#6](-[H])(-[H])-[#7]-1-[#6:14](=[#8:15])-[#6@:16])-[H])(-[#6](=[#8])-[#7](-[#6@](-[#6](=[#8])-[#7](-[#6@@](-[#6](-[#6](-[#6](-[#7](-[H])-[H])=[#8])(-[H])-[H])(-[H])-[H])(-[#6](=[#8])-[#8]-[H])-[H])-[H])(-[#6](-[#6](-[H])(-[H])-[H])(-[#6](-[H])(-[H])-[H])-[H])-[H])-[H])-[H])-[H])(-[H])-[H])(-[H])(-[H])-[H]>>[#6:14](=[#8:15])(-[#6@:16])-[#8]-[H],"EVODEX.1-P5315,EVODEX.1-P5347,EVODEX.1-P5313,EVODEX.1-P5307,EVODEX.1-P5314"
EVODEX.1-E1333,19657162891429089005401632254982481523202999092673068793270129198598951469091,[#7:31](-[#6@:23])(-[#6](=[#8])-[#6@]1(-[H])-[#6](-[H])(-[H])-[#6](-[H])(-[H])-[#6](-[H])(-[H])-[#7]-1-[#6](=[#8])-[#6@](-[#6](-[#8]-[H])(-[H])-[H])(-[#7](-[#6](=[#8])-[#6@](-[#6](-[#6]1:[#6](-[H]):[#6](-[H]):[#6](-[H]):[#6](-[H]):[#6]:1-[H])(-[H])-[H])(-[#7](-[#6](=[#8])-[#6](-[#7](-[#6](=[#8])-[#6]1:[#6](-[H]):[#6](-[H]):[#6](-[H]):[#6](-[H]):[#6]:1-[#7](-[H])-[H])-[H])(-[H])-[H])-[H])-[H])-[H])-[H])-[H:137]>>[#7:31](-[#6@:23])(-[H:137])-[H],"EVODEX.1-P5397,EVODEX.1-P5395,EVODEX.1-P5182,EVODEX.1-P5393,EVODEX.1-P5394"
EVODEX.1-E1334,29149293309927862025205821542351673351105314511024816092862485288442566507770,[#6](-[#6](-[#6@](-[#6](-[H])(-[H])-[H])(-[#6@](-[#7](-[#6:7](=[#8:8])-[#6@:9])-[H])(-[#6](=[#8])-[#7](-[#6@](-[#6](=[#8])-[#7](-[#6](-[#6](=[#8])-[#8]-[H])(-[H])-[H])-[H])(-[#6](-[#6](-[H])(-[H])-[H])(-[#6](-[H])(-[H])-[H])-[H])-[H])-[H])-[H])-[H])(-[H])-[H])(-[H])(-[H])-[H].[#8:63](-[H:130])-[H]>>[#6:7](=[#8:8])(-[#6@:9])-[#8:63]-[H:130],"EVODEX.1-P5194,EVODEX.1-P5193,EVODEX.1-P5190,EVODEX.1-P5191,EVODEX.1-P5186"
EVODEX.1-E1335,69058039024033096135520480522653049521553689706362374464698876954993452321895,[#6](-[#6](-[#6](-[H])(-[H])-[H])(-[#6](-[#6@](-[#7](-[#6](=[#8])-[#6@](-[#6](-[#6](-[#6](-[#6](-[#7](-[H])-[H])(-[H])-[H])(-[H])-[H])(-[H])-[H])(-[H])-[H])(-[#7](-[#6](=[#8])-[#6]1:[#6](-[H]):[#6](-[H]):[#6](-[H]):[#6](-[H]):[#6]:1-[#7](-[H])-[H])-[H])-[H])-[H])(-[#6](=[#8])-[#7](-[#6@@](-[#6](-[#6]1:[#6](-[H]):[#6](-[H]):[#6](-[H]):[#6](-[H]):[#6]:1-[H])(-[H])-[H])(-[#6](=[#8])-[#7:38](-[#6@@:39])-[H:160])-[H])-[H])-[H])(-[H])-[H])-[H])(-[H])(-[H])-[H]>>[#7:38](-[#6@@:39])(-[H:160])-[H],"EVODEX.1-P5066,EVODEX.1-P5067,EVODEX.1-P5070,EVODEX.1-P5068,EVODEX.1-P5069"
EVODEX.1-E1336,76208214958517033943208863191838691293442991962741950516295806087809723827381,[#6:37](-[#6@@:31])(=[#8:38])-[#7](-[#6@@](-[#6](-[#8]-[H])(-[H])-[H])(-[#6](=[#8])-[#7](-[#6](-[#6](=[#8])-[#7](-[#6@@](-[#6](-[#6]1:[#6](-[H]):[#6](-[H]):[#6](-[H]):[#6](-[H]):[#6]:1-[H])(-[H])-[H])(-[#6](-[#7](-[H])-[H])=[#8])-[H])-[H])(-[H])-[H])-[H])-[H])-[H].[#8:61](-[H:126])-[H]>>[#6:37](-[#6@@:31])(=[#8:38])-[#8:61]-[H:126],"EVODEX.1-P5253,EVODEX.1-P5249,EVODEX.1-P5252,EVODEX.1-P5257,EVODEX.1-P5250"
EVODEX.1-E1337,2945381456348609006876692945747295286593178369958693574737427700529694552272,[#6:37](-[#6@@:31])(=[#8:38])-[#7](-[#6@@](-[#6](-[#8]-[H])(-[H])-[H])(-[#6](=[#8])-[#7](-[#6](-[#6](=[#8])-[#7](-[#6@@](-[#6](-[#6]1:[#6](-[H]):[#6](-[H]):[#6](-[H]):[#6](-[H]):[#6]:1-[H])(-[H])-[H])(-[#6](-[#7](-[H])-[H])=[#8])-[H])-[H])(-[H])-[H])-[H])-[H])-[H]>>[#6:37](-[#6@@:31])(=[#8:38])-[#8]-[H],"EVODEX.1-P5260,EVODEX.1-P5248,EVODEX.1-P5251,EVODEX.1-P5259,EVODEX.1-P5258"
EVODEX.1-E1338,52948933969197728417575162990981176030871546624224453631187745528188543312644,[#6](-[#6](-[#6](-[H])(-[H])-[H])(-[#6](-[#6@](-[#7](-[#6](=[#8])-[#6@@](-[#7](-[#6](=[#8])-[#6@](-[#6](-[H])(-[H])-[H])(-[#7](-[#6](=[#8])-[#6@@](-[#7](-[H])-[H])(-[#6](-[#8]-[H])(-[H])-[H])-[H])-[H])-[H])-[H])(-[#6](-[#6](-[H])(-[H])-[H])(-[#6](-[H])(-[H])-[H])-[H])-[H])-[H])(-[#6](=[#8])-[#7](-[#6@@](-[#6](-[#6](-[#6](-[#7](-[H])-[H])=[#8])(-[H])-[H])(-[H])-[H])(-[#6](=[#8])-[#7:36](-[#6@@:37])-[H:163])-[H])-[H])-[H])(-[H])-[H])-[H])(-[H])(-[H])-[H]>>[#7:36](-[#6@@:37])(-[H:163])-[H],"EVODEX.1-P5254,EVODEX.1-P5255,EVODEX.1-P5261,EVODEX.1-P5262,EVODEX.1-P5256"
EVODEX.1-E1339,6560980356684171247432782121880162933367931936346301150725929519535671084525,[#6:6]-[#7:7](-[#6](=[#8])-[#6@](-[#6](-[#6](-[#6](-[#7](-[#6](=[#7]-[H])-[#7](-[H])-[H])-[H])(-[H])-[H])(-[H])-[H])(-[H])-[H])(-[#7](-[#6](=[#8])-[#6](-[#7](-[#6](=[#8])-[#6](-[#7](-[#6](=[#8])-[#6@](-[#6](-[H])(-[H])-[H])(-[#7](-[#6](=[#8])-[#6]1:[#6](-[H]):[#6](-[H]):[#6](-[H]):[#6](-[H]):[#6]:1-[#7](-[H])-[H])-[H])-[H])-[H])(-[H])-[H])-[H])(-[H])-[H])-[H])-[H])-[H:108]>>[#6:6]-[#7:7](-[H:108])-[H],"EVODEX.1-P5183,EVODEX.1-P5092,EVODEX.1-P5097,EVODEX.1-P5082,EVODEX.1-P5094"
EVODEX.1-E1340,47683198170055105693365879827471155773604465845017167549251193828886899703837,[#7:35](-[#6:36])(-[H:141])-[H]>>[#6](-[#6@](-[#7](-[#6](=[#8])-[#6]1:[#6](-[H]):[#6](-[H]):[#6](-[H]):[#6](-[H]):[#6]:1-[#7](-[H])-[H])-[H])(-[#6](=[#8])-[#7](-[#6](-[#6](=[#8])-[#7](-[#6](-[#6](=[#8])-[#7](-[#6@@](-[#6](-[#6](-[#6](-[#7](-[#6](=[#7]-[H])-[#7](-[H])-[H])-[H])(-[H])-[H])(-[H])-[H])(-[H])-[H])(-[#6](=[#8])-[#7:35](-[#6:36])-[H:141])-[H])-[H])(-[H])-[H])-[H])(-[H])-[H])-[H])-[H])(-[H])(-[H])-[H],"EVODEX.1-P5096,EVODEX.1-P5091,EVODEX.1-P5089,EVODEX.1-P5081,EVODEX.1-P5093"
EVODEX.1-E1341,99898170695214903817888187122905825766915554404319894973937555824759009227604,[#6](-[#6](-[#6](-[H])(-[H])-[H])(-[#6](-[#6@](-[#7](-[#6](=[#8])-[#6@](-[#6](-[#6]1:[#6](-[H]):[#6](-[H]):[#6](-[H]):[#6](-[H]):[#6]:1-[H])(-[H])-[H])(-[#7](-[#6](=[#8])-[#6](-[#7](-[#6](=[#8])-[#6](-[#7](-[#6](=[#8])-[#6]1:[#6](-[H]):[#6](-[H]):[#6](-[H]):[#6](-[H]):[#6]:1-[#7](-[H])-[H])-[H])(-[H])-[H])-[H])(-[H])-[H])-[H])-[H])-[H])(-[#6](=[#8])-[#7](-[#6@@](-[#6](-[#6](-[#6](-[#7](-[#6](=[#7]-[H])-[#7](-[H])-[H])-[H])(-[H])-[H])(-[H])-[H])(-[H])-[H])(-[#6](=[#8])-[#7:48](-[#6@@:49])-[H:171])-[H])-[H])-[H])(-[H])-[H])-[H])(-[H])(-[H])-[H]>>[#7:48](-[#6@@:49])(-[H:171])-[H],"EVODEX.1-P5435,EVODEX.1-P5441,EVODEX.1-P5437,EVODEX.1-P5434,EVODEX.1-P5425"
EVODEX.1-E1342,36910463630747292687267231565262025093586767712552263521664927684950093075394,[#6](-[#6](-[#6@](-[#7](-[#6](=[#8])-[#6@](-[#6](-[#6]1:[#6](-[H]):[#6](-[H]):[#6](-[#8]-[H]):[#6](-[H]):[#6]:1-[H])(-[H])-[H])(-[#7](-[#6](=[#8])-[#6@](-[#6](-[#6]1:[#6](-[H]):[#6](-[H]):[#6](-[#8]-[H]):[#6](-[H]):[#6]:1-[H])(-[H])-[H])(-[#7](-[#6](=[#8])-[#6]1:[#6](-[H]):[#6](-[H]):[#6](-[H]):[#6](-[H]):[#6]:1-[#7](-[H])-[H])-[H])-[H])-[H])-[H])-[H])(-[#6](=[#8])-[#7:40](-[#6:41])-[H:100])-[H])(-[H])-[H])(-[H])(-[H])-[H]>>[#7:40](-[#6:41])(-[H:100])-[H],"EVODEX.1-P5146,EVODEX.1-P5148,EVODEX.1-P5144,EVODEX.1-P5145,EVODEX.1-P5147"
EVODEX.1-E1343,47816507608341077260419275512923955384071680534996454063549525556880700840572,[#6](-[#6](-[#6](-[H])(-[H])-[H])(-[#6](-[#6@](-[#7](-[#6](=[#8])-[#6](-[#7](-[#6](=[#8])-[#6@](-[#6](-[#6](-[#6](-[H])(-[H])-[H])(-[#6](-[H])(-[H])-[H])-[H])(-[H])-[H])(-[#7](-[#6:19](=[#8:20])-[#6@:21])-[H])-[H])-[H])(-[H])-[H])-[H])(-[#6](=[#8])-[#8]-[H])-[H])(-[H])-[H])-[H])(-[H])(-[H])-[H].[#8:62](-[H:130])-[H]>>[#6:19](=[#8:20])(-[#6@:21])-[#8:62]-[H:130],"EVODEX.1-P5158,EVODEX.1-P5162,EVODEX.1-P5166,EVODEX.1-P5153,EVODEX.1-P5171"
EVODEX.1-E1344,62851991010482264624758221029475648316788580224964095947674204690954037877743,[#6](-[#6](-[#6](-[H])(-[H])-[H])(-[#6](-[#6@](-[#7](-[#6](=[#8])-[#6](-[#7](-[#6](=[#8])-[#6@](-[#6](-[#6](-[#6](-[H])(-[H])-[H])(-[#6](-[H])(-[H])-[H])-[H])(-[H])-[H])(-[#7](-[#6:19](=[#8:20])-[#6@:21]-[#7:24](-[#6:25](=[#8:26])-[#6@:27])-[H:115])-[H])-[H])-[H])(-[H])-[H])-[H])(-[#6](=[#8])-[#8]-[H])-[H])(-[H])-[H])-[H])(-[H])(-[H])-[H].[#8:62](-[H:131])-[H].[#8:63](-[H:133])-[H]>>[#6:19](=[#8:20])(-[#6@:21]-[#7:24](-[H:115])-[H])-[#8:62]-[H:131].[#6:25](=[#8:26])(-[#6@:27])-[#8:63]-[H:133],"EVODEX.1-P5154,EVODEX.1-P5159,EVODEX.1-P5178,EVODEX.1-P5150,EVODEX.1-P5176"
EVODEX.1-E1345,77110017636701626718016337838006117865027266574545214847182606428798595004144,[#6](-[#6](-[#6](-[H])(-[H])-[H])(-[#6](-[#6@](-[#7](-[#6](=[#8])-[#6](-[#7](-[#6](=[#8])-[#6@](-[#6](-[#6](-[#6](-[H])(-[H])-[H])(-[#6](-[H])(-[H])-[H])-[H])(-[H])-[H])(-[#7](-[#6:19](=[#8:20])-[#6@:21]-[#7:24](-[#6:25](=[#8:26])-[#6@:27])-[H:115])-[H])-[H])-[H])(-[H])-[H])-[H])(-[#6](=[#8])-[#8]-[H])-[H])(-[H])-[H])-[H])(-[H])(-[H])-[H]>>[#6:19](=[#8:20])(-[#6@:21]-[#7:24](-[H:115])-[H])-[#8]-[H].[#6:25](=[#8:26])(-[#6@:27])-[#8]-[H],"EVODEX.1-P5170,EVODEX.1-P5175,EVODEX.1-P5151,EVODEX.1-P5161,EVODEX.1-P5179"
EVODEX.1-E1346,17054648950242251602751013083708722170508349279093960317119435527599312674230,[#7:32](-[#6@:21])(-[#6](=[#8])-[#6@@](-[#7](-[#6](=[#8])-[#6@](-[#6](-[#6](-[#6](-[H])(-[H])-[H])(-[#6](-[H])(-[H])-[H])-[H])(-[H])-[H])(-[#7](-[#6](=[#8])-[#6@](-[#6](-[#6](-[#6](-[H])(-[H])-[H])(-[#6](-[H])(-[H])-[H])-[H])(-[H])-[H])(-[#7](-[#6](=[#8])-[#6](-[#7](-[H])-[H])(-[H])-[H])-[H])-[H])-[H])-[H])-[H])(-[#6](-[#6](-[H])(-[H])-[H])(-[#6](-[H])(-[H])-[H])-[H])-[H])-[H:119]>>[#7:32](-[#6@:21])(-[H:119])-[H],"EVODEX.1-P5152,EVODEX.1-P5164,EVODEX.1-P5168,EVODEX.1-P5157,EVODEX.1-P5155"
EVODEX.1-E1347,92766938826803514342005625255082520360145741438457454052272007046789128439266,[#6](-[#6](-[#6](-[H])(-[H])-[H])(-[#6](-[#6@](-[#7](-[#6](=[#8])-[#6@](-[#6](-[#6]1:[#6](-[H]):[#6](-[H]):[#6](-[H]):[#6](-[H]):[#6]:1-[H])(-[H])-[H])(-[#7](-[#6](=[#8])-[#6](-[#7](-[#6](=[#8])-[#6](-[#7](-[#6](=[#8])-[#6]1:[#6](-[H]):[#6](-[H]):[#6](-[H]):[#6](-[H]):[#6]:1-[#7](-[H])-[H])-[H])(-[H])-[H])-[H])(-[H])-[H])-[H])-[H])-[H])(-[#6](=[#8])-[#7:37](-[#6@@:38])-[H:173])-[H])(-[H])-[H])-[H])(-[H])(-[H])-[H]>>[#7:37](-[#6@@:38])(-[H:173])-[H],"EVODEX.1-P5400,EVODEX.1-P5430,EVODEX.1-P5440,EVODEX.1-P5431,EVODEX.1-P5399"
EVODEX.1-E1348,108292981297174706251013961789282046969579482806635140400175140131356450263209,[#7:14](-[#6@:8])(-[#6](=[#8])-[#6@](-[#6](-[#6](-[#6](-[#7](-[H])-[H])=[#8])(-[H])-[H])(-[H])-[H])(-[#7](-[#6](=[#8])-[#6@](-[#6](-[H])(-[H])-[H])(-[#7](-[#6](=[#8])-[#6@@](-[#7](-[H])-[H])(-[#6](-[#8]-[H])(-[H])-[H])-[H])-[H])-[H])-[H])-[H])-[H:84]>>[#7:14](-[#6@:8])(-[H:84])-[H],"EVODEX.1-P5403,EVODEX.1-P5405,EVODEX.1-P5404,EVODEX.1-P5406,EVODEX.1-P5402"
EVODEX.1-E1349,96676359830319687351337233445102532080864669129865342475044826652509809735711,[#7:5](-[#6@:4])(-[#6](=[#8])-[#6](-[#7](-[#6](=[#8])-[#6@@](-[#7](-[#6](=[#8])-[#6@@](-[#7](-[#6](=[#8])-[#6@](-[#6](-[#6]1:[#6](-[H]):[#7]:[#6](-[H]):[#7]:1-[H])(-[H])-[H])(-[#7](-[#6](=[#8])-[#6@](-[#6](-[#6]1:[#6](-[H]):[#7](-[H]):[#6]2:[#6](-[H]):[#6](-[H]):[#6](-[H]):[#6](-[H]):[#6]:1:2)(-[H])-[H])(-[#7](-[#6](=[#8])-[#6@](-[#6](-[#6](-[#6](-[#7](-[#6](=[#7]-[H])-[#7](-[H])-[H])-[H])(-[H])-[H])(-[H])-[H])(-[H])-[H])(-[#7](-[#6](=[#8])-[#6](-[#7](-[H])-[H])(-[H])-[H])-[H])-[H])-[H])-[H])-[H])-[H])-[H])(-[#6@@](-[#6](-[H])(-[H])-[H])(-[#8]-[H])-[H])-[H])-[H])(-[#6](-[#6](-[H])(-[H])-[H])(-[#6](-[H])(-[H])-[H])-[H])-[H])-[H])(-[H])-[H])-[H:188]>>[#7:5](-[#6@:4])(-[H:188])-[H],"EVODEX.1-P5222,EVODEX.1-P5224,EVODEX.1-P5226,EVODEX.1-P5225,EVODEX.1-P5223"
EVODEX.1-E1350,26841900196506313986718204715292717885261972924067219756998260840240674392795,[#6:65](-[#6@@:59])(=[#8:66])-[#7](-[#6@@](-[#6](-[#8]-[H])(-[H])-[H])(-[#6](=[#8])-[#7](-[#6](-[#6](=[#8])-[#7](-[#6@@](-[#6](-[#6]1:[#6](-[H]):[#6](-[H]):[#6](-[H]):[#6](-[H]):[#6]:1-[H])(-[H])-[H])(-[#6](=[#8])-[#7](-[#6@@](-[#6](-[#6](-[#6](-[#7](-[#6](=[#7]-[H])-[#7](-[H])-[H])-[H])(-[H])-[H])(-[H])-[H])(-[H])-[H])(-[#6](=[#8])-[#7](-[#6@@](-[#6](-[#6](-[#6](-[#6](-[#7](-[H])-[H])(-[H])-[H])(-[H])-[H])(-[H])-[H])(-[H])-[H])(-[#6](=[#8])-[#7](-[#6@@](-[#6](-[#6]1:[#6](-[H]):[#7](-[H]):[#6]2:[#6](-[H]):[#6](-[H]):[#6](-[H]):[#6](-[H]):[#6]:1:2)(-[H])-[H])(-[#6](=[#8])-[#7](-[#6@@](-[#6](-[H])(-[H])-[H])(-[#6](=[#8])-[#8]-[H])-[H])-[H])-[H])-[H])-[H])-[H])-[H])-[H])-[H])-[H])(-[H])-[H])-[H])-[H])-[H].[#8:128](-[H:245])-[H]>>[#6:65](-[#6@@:59])(=[#8:66])-[#8:128]-[H:245],"EVODEX.1-P5263,EVODEX.1-P5267,EVODEX.1-P5271,EVODEX.1-P5270,EVODEX.1-P5264"
EVODEX.1-E1351,83906418273206352307339780750409279146024231151128945726741240350181997706352,[#6:65](-[#6@@:59])(=[#8:66])-[#7](-[#6@@](-[#6](-[#8]-[H])(-[H])-[H])(-[#6](=[#8])-[#7](-[#6](-[#6](=[#8])-[#7](-[#6@@](-[#6](-[#6]1:[#6](-[H]):[#6](-[H]):[#6](-[H]):[#6](-[H]):[#6]:1-[H])(-[H])-[H])(-[#6](=[#8])-[#7](-[#6@@](-[#6](-[#6](-[#6](-[#7](-[#6](=[#7]-[H])-[#7](-[H])-[H])-[H])(-[H])-[H])(-[H])-[H])(-[H])-[H])(-[#6](=[#8])-[#7](-[#6@@](-[#6](-[#6](-[#6](-[#6](-[#7](-[H])-[H])(-[H])-[H])(-[H])-[H])(-[H])-[H])(-[H])-[H])(-[#6](=[#8])-[#7](-[#6@@](-[#6](-[#6]1:[#6](-[H]):[#7](-[H]):[#6]2:[#6](-[H]):[#6](-[H]):[#6](-[H]):[#6](-[H]):[#6]:1:2)(-[H])-[H])(-[#6](=[#8])-[#7](-[#6@@](-[#6](-[H])(-[H])-[H])(-[#6](=[#8])-[#8]-[H])-[H])-[H])-[H])-[H])-[H])-[H])-[H])-[H])-[H])-[H])(-[H])-[H])-[H])-[H])-[H]>>[#6:65](-[#6@@:59])(=[#8:66])-[#8]-[H],"EVODEX.1-P5266,EVODEX.1-P5269,EVODEX.1-P5265,EVODEX.1-P5268,EVODEX.1-P5272"
EVODEX.1-E1352,101180861964476825094423475985486432896379342084613711137323092697851141764933,[#6](-[#6](-[#6@](-[#6](-[H])(-[H])-[H])(-[#6@](-[#7](-[#6](=[#8])-[#6@]1(-[H])-[#6](-[H])(-[H])-[#6](-[H])(-[H])-[#6](-[H])(-[H])-[#7]-1-[#6:14](=[#8:15])-[#6@:16])-[H])(-[#6](=[#8])-[#7](-[#6@](-[#6](=[#8])-[#7](-[#6@@](-[#6](-[#6](-[#6](-[#7](-[H])-[H])=[#8])(-[H])-[H])(-[H])-[H])(-[#6](=[#8])-[#8]-[H])-[H])-[H])(-[#6](-[#6](-[H])(-[H])-[H])(-[#6](-[H])(-[H])-[H])-[H])-[H])-[H])-[H])-[H])(-[H])-[H])(-[H])(-[H])-[H].[#8:74](-[H:152])-[H]>>[#6:14](=[#8:15])(-[#6@:16])-[#8:74]-[H:152],"EVODEX.1-P5350,EVODEX.1-P5312,EVODEX.1-P5346,EVODEX.1-P5349,EVODEX.1-P5316"
EVODEX.1-E1353,112472310448624374665984746595226046695450202482128630580177463510571320902468,[#6](-[#16]-[#6](-[#6](-[#6@](-[#7](-[#6](=[#8])-[#6@](-[#6](-[H])(-[H])-[H])(-[#7](-[#6](=[#8])-[#6@](-[#6](-[#6](-[#6](-[H])(-[H])-[H])(-[#6](-[H])(-[H])-[H])-[H])(-[H])-[H])(-[#7](-[#6:20](=[#8:21])-[#6:22])-[H])-[H])-[H])-[H])-[H])(-[#6](=[#8])-[#7](-[#6@](-[#6](=[#8])-[#7](-[#6@@](-[#6](-[#6](-[#16]-[#6](-[H])(-[H])-[H])(-[H])-[H])(-[H])-[H])(-[#6](=[#8])-[#7](-[#6@@](-[#6](-[#6](-[#6](-[#7](-[#6](=[#7]-[H])-[#7](-[H])-[H])-[H])(-[H])-[H])(-[H])-[H])(-[H])-[H])(-[#6](=[#8])-[#7](-[#6@@](-[#6](-[#6](-[#6](-[#7](-[#6](=[#7]-[H])-[#7](-[H])-[H])-[H])(-[H])-[H])(-[H])-[H])(-[H])-[H])(-[#6](=[#8])-[#8]-[H])-[H])-[H])-[H])-[H])-[H])-[H])(-[#6@@](-[#6](-[H])(-[H])-[H])(-[#8]-[H])-[H])-[H])-[H])-[H])(-[H])-[H])(-[H])-[H])(-[H])(-[H])-[H].[#8:90](-[H:189])-[H]>>[#6:20](=[#8:21])(-[#6:22])-[#8:90]-[H:189],"EVODEX.1-P5336,EVODEX.1-P5309,EVODEX.1-P5331,EVODEX.1-P5308,EVODEX.1-P5333"
EVODEX.1-E1354,10700923289249867291234424220316181727763015980749038549403892542336852033136,[#6](-[#16]-[#6](-[#6](-[#6@](-[#7](-[#6](=[#8])-[#6@](-[#6](-[H])(-[H])-[H])(-[#7](-[#6](=[#8])-[#6@](-[#6](-[#6](-[#6](-[H])(-[H])-[H])(-[#6](-[H])(-[H])-[H])-[H])(-[H])-[H])(-[#7](-[#6:20](=[#8:21])-[#6:22])-[H])-[H])-[H])-[H])-[H])(-[#6](=[#8])-[#7](-[#6@](-[#6](=[#8])-[#7](-[#6@@](-[#6](-[#6](-[#16]-[#6](-[H])(-[H])-[H])(-[H])-[H])(-[H])-[H])(-[#6](=[#8])-[#7](-[#6@@](-[#6](-[#6](-[#6](-[#7](-[#6](=[#7]-[H])-[#7](-[H])-[H])-[H])(-[H])-[H])(-[H])-[H])(-[H])-[H])(-[#6](=[#8])-[#7](-[#6@@](-[#6](-[#6](-[#6](-[#7](-[#6](=[#7]-[H])-[#7](-[H])-[H])-[H])(-[H])-[H])(-[H])-[H])(-[H])-[H])(-[#6](=[#8])-[#8]-[H])-[H])-[H])-[H])-[H])-[H])-[H])(-[#6@@](-[#6](-[H])(-[H])-[H])(-[#8]-[H])-[H])-[H])-[H])-[H])(-[H])-[H])(-[H])-[H])(-[H])(-[H])-[H]>>[#6:20](=[#8:21])(-[#6:22])-[#8]-[H],"EVODEX.1-P5330,EVODEX.1-P5335,EVODEX.1-P5334,EVODEX.1-P5332,EVODEX.1-P5310"
EVODEX.1-E1355,81882451839223841918768608090207171055873947374548916403147979064634498679136,[#6](-[#6](-[#6@](-[#6](-[H])(-[H])-[H])(-[#6@](-[#7](-[#6](=[#8])-[#6@]1(-[H])-[#6](-[H])(-[H])-[#6](-[H])(-[H])-[#6](-[H])(-[H])-[#7]-1-[#6:14](=[#8:15])-[#6@:16])-[H])(-[#6](=[#8])-[#7](-[#6@](-[#6](=[#8])-[#8]-[H])(-[#6](-[#6](-[H])(-[H])-[H])(-[#6](-[H])(-[H])-[H])-[H])-[H])-[H])-[H])-[H])(-[H])-[H])(-[H])(-[H])-[H].[#8:55](-[H:113])-[H]>>[#6:14](=[#8:15])(-[#6@:16])-[#8:55]-[H:113],"EVODEX.1-P5319,EVODEX.1-P5320,EVODEX.1-P5325,EVODEX.1-P5321,EVODEX.1-P5322"
EVODEX.1-E1356,12828126966834260868793612006910195812383000759409457888229317579820920569929,[#6](-[#6](-[#6@](-[#6](-[H])(-[H])-[H])(-[#6@](-[#7](-[#6](=[#8])-[#6@]1(-[H])-[#6](-[H])(-[H])-[#6](-[H])(-[H])-[#6](-[H])(-[H])-[#7]-1-[#6:14](=[#8:15])-[#6@:16])-[H])(-[#6](=[#8])-[#7](-[#6@](-[#6](=[#8])-[#8]-[H])(-[#6](-[#6](-[H])(-[H])-[H])(-[#6](-[H])(-[H])-[H])-[H])-[H])-[H])-[H])-[H])(-[H])-[H])(-[H])(-[H])-[H]>>[#6:14](=[#8:15])(-[#6@:16])-[#8]-[H],"EVODEX.1-P5327,EVODEX.1-P5323,EVODEX.1-P5328,EVODEX.1-P5326,EVODEX.1-P5317"
EVODEX.1-E1357,102703718457124138450520106636139183858791087576095166583973332974014379406662,[#6](-[#6](-[#6@](-[#6](-[H])(-[H])-[H])(-[#6@](-[#7](-[#6](=[#8])-[#6](-[#7](-[#6](=[#8])-[#6@@](-[#7](-[H])-[H])(-[#6](-[#6]1:[#6](-[H]):[#6](-[H]):[#6](-[#8]-[H]):[#6](-[H]):[#6]:1-[H])(-[H])-[H])-[H])-[H])(-[H])-[H])-[H])(-[#6](=[#8])-[#7](-[#6@@](-[#6](-[#8]-[H])(-[H])-[H])(-[#6](=[#8])-[#7](-[#6@@](-[#6](-[#8]-[H])(-[H])-[H])(-[#6](=[#8])-[#7](-[#6@@](-[#6](-[#6](-[#6](-[#6](-[#7](-[H])-[H])(-[H])-[H])(-[H])-[H])(-[H])-[H])(-[H])-[H])(-[#6](=[#8])-[#7](-[#6@@](-[#6](-[#6]1:[#6](-[H]):[#6](-[H]):[#6](-[H]):[#6](-[H]):[#6]:1-[H])(-[H])-[H])(-[#6](=[#8])-[#7:57](-[#6@@:58])-[H:136])-[H])-[H])-[H])-[H])-[H])-[H])-[H])-[H])-[H])-[H])(-[H])-[H])(-[H])(-[H])-[H]>>[#7:57](-[#6@@:58])(-[H:136])-[H],"EVODEX.1-P5375,EVODEX.1-P5374,EVODEX.1-P5377,EVODEX.1-P5376,EVODEX.1-P5373"
EVODEX.1-E1358,73314760843851707073825184383980884449409083120359751938750214235007438369509,[#6](-[#6](-[#6@](-[#6](-[H])(-[H])-[H])(-[#6@](-[#7](-[#6](=[#8])-[#6@](-[#6](-[H])(-[H])-[H])(-[#7](-[#6](=[#8])-[#6]1:[#6](-[H]):[#6](-[H]):[#6](-[H]):[#6](-[H]):[#6]:1-[#7](-[H])-[H])-[H])-[H])-[H])(-[#6](=[#8])-[#7](-[#6@@](-[#6](-[#6](-[#6](-[#6](-[#7](-[H])-[H])(-[H])-[H])(-[H])-[H])(-[H])-[H])(-[H])-[H])(-[#6](=[#8])-[#7](-[#6@@](-[#6](-[#6]1:[#6](-[H]):[#6](-[H]):[#6](-[H]):[#6](-[H]):[#6]:1-[H])(-[H])-[H])(-[#6](=[#8])-[#7:43](-[#6@@:44])-[H:162])-[H])-[H])-[H])-[H])-[H])-[H])(-[H])-[H])(-[H])(-[H])-[H]>>[#7:43](-[#6@@:44])(-[H:162])-[H],"EVODEX.1-P5389,EVODEX.1-P5388,EVODEX.1-P5391,EVODEX.1-P5390,EVODEX.1-P5387"
EVODEX.1-E1359,80937013187812066338106176446524687527960718761039994752175055412400856659348,[#7:5](-[#6@:4])(-[#6](=[#8])-[#6@](-[#6](-[H])(-[H])-[H])(-[#7](-[#6](=[#8])-[#6@](-[#6](-[H])(-[H])-[H])(-[#7](-[#6](=[#8])-[#6](-[#6](-[#6]1:[#6](-[H]):[#6](=[#8]):[#8]:[#6]2:[#6](-[H]):[#6](-[#8]-[H]):[#6](-[H]):[#6](-[H]):[#6]:1:2)(-[H])-[H])(-[H])-[H])-[H])-[H])-[H])-[H])-[H:72]>>[#7:5](-[#6@:4])(-[H:72])-[H],"EVODEX.1-P5411,EVODEX.1-P5414,EVODEX.1-P5416,EVODEX.1-P5415,EVODEX.1-P5412"
EVODEX.1-E1360,8423140013772776995398822506018174598390335300771135340969590246136386266713,[#7:10](-[#6@:8])(-[#6](=[#8])-[#6@](-[#6](-[H])(-[H])-[H])(-[#7](-[#6](=[#8])-[#6](-[#6](-[#6]1:[#6](-[H]):[#6](=[#8]):[#8]:[#6]2:[#6](-[H]):[#6](-[#8]-[H]):[#6](-[H]):[#6](-[H]):[#6]:1:2)(-[H])-[H])(-[H])-[H])-[H])-[H])-[H:73]>>[#7:10](-[#6@:8])(-[H:73])-[H],"EVODEX.1-P5418,EVODEX.1-P5410,EVODEX.1-P5417,EVODEX.1-P5419,EVODEX.1-P5413"
EVODEX.1-E1361,27587433976021432653260121284038850614145035238569080987879220423060409442902,[#6](-[#6](-[#6](-[H])(-[H])-[H])(-[#6](-[#6@](-[#7](-[#6](=[#8])-[#6@](-[#6](-[#6]1:[#6](-[H]):[#6](-[H]):[#6](-[H]):[#6](-[H]):[#6]:1-[H])(-[H])-[H])(-[#7](-[#6](=[#8])-[#6](-[#7](-[#6](=[#8])-[#6](-[#7](-[#6](=[#8])-[#6]1:[#6](-[H]):[#6](-[H]):[#6](-[H]):[#6](-[H]):[#6]:1-[#7](-[H])-[H])-[H])(-[H])-[H])-[H])(-[H])-[H])-[H])-[H])-[H])(-[#6](=[#8])-[#7](-[#6@@](-[#6](-[#6](-[#6](-[#7](-[#6](=[#7]-[H])-[#7](-[H])-[H])-[H])(-[H])-[H])(-[H])-[H])(-[H])-[H])(-[#6](=[#8])-[#7](-[#6@@](-[#6](-[#6](-[#6](-[#6](-[#7](-[H])-[H])(-[H])-[H])(-[H])-[H])(-[H])-[H])(-[H])-[H])(-[#6](=[#8])-[#7:57](-[#6@@:58])-[H:175])-[H])-[H])-[H])-[H])-[H])(-[H])-[H])-[H])(-[H])(-[H])-[H]>>[#7:57](-[#6@@:58])(-[H:175])-[H],"EVODEX.1-P5436,EVODEX.1-P5438,EVODEX.1-P5433,EVODEX.1-P5439,EVODEX.1-P5432"
EVODEX.1-E1362,60589369632511836444271727112043938301367150375615029144483306680563756257281,[#8]=[#6](-[#6](-[#6](-[#6](-[#6](-[#6@]1(-[H])-[#16]-[#6](-[H])(-[H])-[#6@]2(-[H])-[#7](-[H])-[#6](=[#8])-[#7](-[H])-[#6@]-1-2-[H])(-[H])-[H])(-[H])-[H])(-[H])-[H])(-[H])-[H])-[#7:17](-[#6:18])-[H:49]>>[#7:17](-[#6:18])(-[H:49])-[H],"EVODEX.1-P5506,EVODEX.1-P5508,EVODEX.1-P5505,EVODEX.1-P5504,EVODEX.1-P5502"
EVODEX.1-E1363,90521097872813210836423586881554477836370095598159387453352487834937324518602,[#6:4]-[#6:5](=[#8:6])-[#7](-[#6](-[#6](-[#16](=[#8])(=[#8])-[#8]-[H])(-[H])-[H])(-[H])-[H])-[H]>>[#6:4]-[#6:5](=[#8:6])-[#8]-[H],"EVODEX.1-P5777,EVODEX.1-P5699,EVODEX.1-P5614,EVODEX.1-P5612,EVODEX.1-P5617"
EVODEX.1-E1364,111608242912049536272957761761940701795324589443061575150268757109324976484621,[#6:13]-[#6:14](-[#17])(-[H:17])-[H:18]>>[#6:13]-[#6:14](-[#8]-[H])(-[H:17])-[H:18],"EVODEX.1-P6106,EVODEX.1-P6098,EVODEX.1-P6110,EVODEX.1-P6124,EVODEX.1-P6117"
EVODEX.1-E1365,45150523810766934241498710421547583286163493981168129074313007338632021597198,[#6:1]-[#6:2](-[#6:3])(-[#17])-[H:9]>>[#6:1]-[#6:2](-[#6:3])(-[#8]-[H])-[H:9],"EVODEX.1-P6089,EVODEX.1-P6092,EVODEX.1-P6094,EVODEX.1-P6113,EVODEX.1-P6103"
EVODEX.1-E1366,28733023131640337452467016769829947975082417268206728168958259560903539207596,([#7:1]#[#6:2]-[#6:3].[#6:7]-[#6:8]#[#7:9])>>([#6:2](-[#6:3])(=[#8])-[#8]-[H].[#6:7]-[#6:8](=[#8])-[#8]-[H]).[#7:1](-[H])(-[H])-[H].[#7:9](-[H])(-[H])-[H],"EVODEX.1-P5928,EVODEX.1-P5917,EVODEX.1-P5915,EVODEX.1-P5931,EVODEX.1-P5911"
EVODEX.1-E1367,49242507890222525566745940911598974052854167010860645261025425970142883247276,([#7]#[#6:2]-[#6:3].[#6:7]-[#6:8]#[#7])>>([#6:2](-[#6:3])(=[#8])-[#8]-[H].[#6:7]-[#6:8](=[#8])-[#8]-[H]),"EVODEX.1-P5925,EVODEX.1-P5918,EVODEX.1-P5900,EVODEX.1-P5916,EVODEX.1-P5965"
EVODEX.1-E1368,53731326746349568586520633338398828916579311168899470224203485899340960731173,[#7:5](-[#6@:4])(-[H:49])-[H].([#8]-[#15](=[#8])(-[#8]-[H])-[#8]-[H].[#8:43]-[#6@@:42](-[#6@@:27])(-[H:68])-[#6@:44](-[#6@:25])(-[#8:45])-[H:70])>>[#7:5](-[#6@:4])(-[#6](-[#6](-[#6](-[#7](-[H])-[H])(-[H])-[H])(-[H])-[H])=[#8])-[H:49].([#8]-[H].[#8:45]-[#6@:44](-[#6@:25])(-[H:70])-[#6@@:42](-[#6@@:27])(-[#8:43])-[H:68]),"EVODEX.1-P6945,EVODEX.1-P6949,EVODEX.1-P7219,EVODEX.1-P7309,EVODEX.1-P7307"
EVODEX.1-E1369,81099497332008285164168823763986950173917504348597179514278020491509806619068,[#6:42](-[#6@:40])(=[#8:43])-[#8:44]-[H:108].([#8:69]-[#15:70](=[#8:71])(-[#8:72])-[#8]-[#15](=[#8])(-[#8]-[H])-[#8]-[H].[#8:79]-[#6@@:78](-[#6@@:63])(-[H:133])-[#6@:80](-[#6@:61])(-[#8:81])-[H:135])>>[#6:42](-[#6@:40])(=[#8:43])-[#7](-[#6@@](-[#6](-[H])(-[H])-[H])(-[#6](=[#8])-[#8]-[H])-[H])-[H].([#8:44](-[#15:70](-[#8:69])(=[#8:71])-[#8:72])-[H:108].[#8:81]-[#6@:80](-[#6@:61])(-[H:135])-[#6@@:78](-[#6@@:63])(-[#8:79])-[H:133]),"EVODEX.1-P6963,EVODEX.1-P7254,EVODEX.1-P7393,EVODEX.1-P7415,EVODEX.1-P7405"
EVODEX.1-E1370,20547243439566168125442206742728706254322019417476913957042201842617935125073,[#6:42](-[#6@:40])(=[#8:43])-[#8:44]-[H:108]>>[#6:42](-[#6@:40])(=[#8:43])-[#7](-[#6@@](-[#6](-[H])(-[H])-[H])(-[#6](=[#8])-[#8]-[H])-[H])-[H].[#8:44](-[#15](-[#8]-[#15](-[#8]-[#6](-[#6@@]1(-[H])-[#8]-[#6@](-[#7]2:[#6]3:[#7]:[#6](-[H]):[#7]:[#6](-[#7](-[H])-[H]):[#6]:3:[#7]:[#6]:2-[H])(-[H])-[#6@@](-[#8]-[H])(-[H])-[#6@@]-1(-[#8]-[H])-[H])(-[H])-[H])(=[#8])-[#8]-[H])(=[#8])-[#8]-[H])-[H:108],"EVODEX.1-P6620,EVODEX.1-P6966,EVODEX.1-P7411,EVODEX.1-P7535,EVODEX.1-P6962"
EVODEX.1-E1371,70545363680738150555518799486589100400362411767349367364535882526333486923749,[#6](-[#6](-[#6](-[H])(-[H])-[H])(-[#6](-[#8]-[#15](=[#8])(-[#8]-[H])-[#8]-[#15](=[#8])(-[#8]-[H])-[#8]-[#6](-[#6@@]1(-[H])-[#8]-[#6@](-[#7]2:[#6](-[H]):[#7]:[#6]3:[#6](-[#7](-[H])-[H]):[#7]:[#6](-[H]):[#7]:[#6]:2:3)(-[H])-[#6@@](-[#8]-[H])(-[H])-[#6@@]-1(-[#8]-[#15](=[#8])(-[#8]-[H])-[#8]-[H])-[H])(-[H])-[H])(-[H])-[H])-[#6@@](-[#8]-[H])(-[#6](=[#8])-[#7](-[#6](-[#6](-[#6](=[#8])-[#7](-[#6](-[#6](-[#16]-[#6:49](=[#8:50])-[#6@:51])(-[H])-[H])(-[H])-[H])-[H])(-[H])-[H])(-[H])-[H])-[H])-[H])(-[H])(-[H])-[H].[#15:90]-[#8:91]-[H]>>[#6:49](=[#8:50])(-[#6@:51])-[#8]-[H].[#7](-[#6]1:[#7]:[#6](-[H]):[#7]:[#6]2:[#6]:1:[#7]:[#6](-[H]):[#7]:2-[#6@]1(-[H])-[#8]-[#6@@](-[#6](-[#8]-[#15](=[#8])(-[#8]-[H])-[#8:91]-[#15:90])(-[H])-[H])(-[H])-[#6@](-[#8]-[H])(-[H])-[#6@]-1(-[#8]-[H])-[H])(-[H])-[H],"EVODEX.1-P6627,EVODEX.1-P6623,EVODEX.1-P6654,EVODEX.1-P6669,EVODEX.1-P6639"
EVODEX.1-E1372,71920511065745504315084289529289409375069381102973396614238619126849242023048,[#6](-[#6](-[#6](-[H])(-[H])-[H])(-[#6](-[#8]-[#15](=[#8])(-[#8]-[H])-[#8]-[#15](=[#8])(-[#8]-[H])-[#8]-[#6](-[#6@@]1(-[H])-[#8]-[#6@](-[#7]2:[#6](-[H]):[#7]:[#6]3:[#6](-[#7](-[H])-[H]):[#7]:[#6](-[H]):[#7]:[#6]:2:3)(-[H])-[#6@@](-[#8]-[H])(-[H])-[#6@@]-1(-[#8]-[#15](=[#8])(-[#8]-[H])-[#8]-[H])-[H])(-[H])-[H])(-[H])-[H])-[#6@@](-[#8]-[H])(-[#6](=[#8])-[#7](-[#6](-[#6](-[#6](=[#8])-[#7](-[#6](-[#6](-[#16]-[#6:49](=[#8:50])-[#6@:51])(-[H])-[H])(-[H])-[H])-[H])(-[H])-[H])(-[H])-[H])-[H])-[H])(-[H])(-[H])-[H].[#7](-[#6]1:[#7]:[#6](-[H]):[#7]:[#6]2:[#6]:1:[#7]:[#6](-[H]):[#7]:2-[#6@]1(-[H])-[#8]-[#6@@](-[#6](-[#8]-[#15](=[#8])(-[#8:83]-[H:143])-[#8]-[H])(-[H])-[H])(-[H])-[#6@](-[#8]-[H])(-[H])-[#6@]-1(-[#8]-[H])-[H])(-[H])-[H]>>[#6:49](=[#8:50])(-[#6@:51])-[#8:83]-[H:143],"EVODEX.1-P6634,EVODEX.1-P6640,EVODEX.1-P6624,EVODEX.1-P6655,EVODEX.1-P6628"
EVODEX.1-E1373,41701532242996009593230251544465217777222803001413603154147079092747460108514,[#6:47](-[#6@@:45])(=[#8:48])-[#7](-[#6@](-[#6](-[#6](-[#6](=[#8])-[#8]-[H])(-[H])-[H])(-[H])-[H])(-[#6](=[#8])-[#8]-[H])-[H])-[H].[#7](-[#6]1:[#7]:[#6](-[H]):[#7]:[#6]2:[#6]:1:[#7]:[#6](-[H]):[#7]:2-[#6@]1(-[H])-[#8]-[#6@@](-[#6](-[#8]-[#15](=[#8])(-[#8]-[H])-[#8]-[#15](=[#8])(-[#8:80]-[H:138])-[#8]-[H])(-[H])-[H])(-[H])-[#6@](-[#8]-[H])(-[H])-[#6@]-1(-[#8]-[H])-[H])(-[H])-[H]>>[#6:47](-[#6@@:45])(=[#8:48])-[#8:80]-[H:138],"EVODEX.1-P7028,EVODEX.1-P7035,EVODEX.1-P7012,EVODEX.1-P6971,EVODEX.1-P7002"
EVODEX.1-E1374,111376532962196120784643988011835208024345416156585434929785937304181721296892,[#6:27](-[#6@@:25])(=[#8:28])-[#8:29]-[H:87]>>[#6:27](-[#6@@:25])(=[#8:28])-[#7](-[#6@@](-[#6](-[#6](-[#6](=[#8])-[#8]-[H])(-[H])-[H])(-[H])-[H])(-[#6](=[#8])-[#8]-[H])-[H])-[H].[#8:29](-[#15](-[#8]-[#15](-[#8]-[#6](-[#6@@]1(-[H])-[#8]-[#6@](-[#7]2:[#6]3:[#7]:[#6](-[H]):[#7]:[#6](-[#7](-[H])-[H]):[#6]:3:[#7]:[#6]:2-[H])(-[H])-[#6@@](-[#8]-[H])(-[H])-[#6@@]-1(-[#8]-[H])-[H])(-[H])-[H])(=[#8])-[#8]-[H])(=[#8])-[#8]-[H])-[H:87],"EVODEX.1-P7015,EVODEX.1-P6976,EVODEX.1-P7034,EVODEX.1-P7010,EVODEX.1-P6988"
EVODEX.1-E1375,76848082656454622759423115555840273670586219342510062335515735244451439334620,[#6:47](-[#6@@:45])(=[#8:48])-[#7](-[#6@](-[#6](-[#6](-[#6](=[#8])-[#8]-[H])(-[H])-[H])(-[H])-[H])(-[#6](=[#8])-[#8]-[H])-[H])-[H].[#8:77]-[#15:78](=[#8:79])(-[#8:80]-[H:138])-[#8:81]>>[#6:47](-[#6@@:45])(=[#8:48])-[#8:80]-[H:138].[#8:77]-[#15:78](=[#8:79])(-[#8:81])-[#8]-[#15](=[#8])(-[#8]-[H])-[#8]-[H],"EVODEX.1-P7017,EVODEX.1-P6998,EVODEX.1-P7032,EVODEX.1-P6995,EVODEX.1-P6993"
EVODEX.1-E1376,46375923794536999643941740962911831983221079300202368406043951058462557040983,[#6:47](-[#6@@:45])(=[#8:48])-[#7](-[#6@](-[#6](-[#6](-[#6](=[#8])-[#8]-[H])(-[H])-[H])(-[H])-[H])(-[#6](=[#8])-[#8]-[H])-[H])-[H].[#15:87]-[#8:88]-[H]>>[#6:47](-[#6@@:45])(=[#8:48])-[#8]-[H].[#7](-[#6]1:[#7]:[#6](-[H]):[#7]:[#6]2:[#6]:1:[#7]:[#6](-[H]):[#7]:2-[#6@]1(-[H])-[#8]-[#6@@](-[#6](-[#8]-[#15](=[#8])(-[#8]-[H])-[#8]-[#15](=[#8])(-[#8]-[H])-[#8:88]-[#15:87])(-[H])-[H])(-[H])-[#6@](-[#8]-[H])(-[H])-[#6@]-1(-[#8]-[H])-[H])(-[H])-[H],"EVODEX.1-P7021,EVODEX.1-P7027,EVODEX.1-P6973,EVODEX.1-P6994,EVODEX.1-P7000"
EVODEX.1-E1377,72924846174461855727425261544731073531646039340642587747557814698095699157780,[#7:11](-[#6@@:12])(-[H:67])-[H].[#7](-[#6]1:[#7]:[#6](-[H]):[#7]:[#6]2:[#6]:1:[#7]:[#6](-[H]):[#7]:2-[#6@]1(-[H])-[#8]-[#6@@](-[#6](-[#8]-[#15](=[#8])(-[#8]-[H])-[#8]-[#15](=[#8])(-[#8]-[H])-[#8:48]-[#15:49])(-[H])-[H])(-[H])-[#6@](-[#8]-[H])(-[H])-[#6@]-1(-[#8]-[H])-[H])(-[H])-[H]>>[#7](-[#6](=[#8])-[#6](-[#6](-[#6@](-[#7](-[H])-[H])(-[#6](=[#8])-[#7:11](-[#6@@:12])-[H:67])-[H])(-[H])-[H])(-[H])-[H])(-[H])-[H].[#8:48](-[#15:49])-[H],"EVODEX.1-P7230,EVODEX.1-P7239,EVODEX.1-P7414,EVODEX.1-P7235,EVODEX.1-P7479"
EVODEX.1-E1378,55057350648859434539816052149966769392229362217929253446363958506517564859721,[#7:12](-[#6@@:13])(-[H:64])-[H].[#7](-[#6]1:[#7]:[#6](-[H]):[#7]:[#6]2:[#6]:1:[#7]:[#6](-[H]):[#7]:2-[#6@]1(-[H])-[#8]-[#6@@](-[#6](-[#8]-[#15](=[#8])(-[#8]-[H])-[#8]-[#15](=[#8])(-[#8]-[H])-[#8:46]-[#15:47])(-[H])-[H])(-[H])-[#6@](-[#8]-[H])(-[H])-[#6@]-1(-[#8]-[H])-[H])(-[H])-[H]>>[#7](-[#6@@](-[#6](-[#6]1:[#6](-[H]):[#7](-[H]):[#6](-[H]):[#7]:1)(-[H])-[H])(-[#6](=[#8])-[#7:12](-[#6@@:13])-[H:64])-[H])(-[H])-[H].[#8:46](-[#15:47])-[H],"EVODEX.1-P7474,EVODEX.1-P7443,EVODEX.1-P7422,EVODEX.1-P7452,EVODEX.1-P7445"
EVODEX.1-E1379,94023831629679846027433922139650286881366108637370865746002928551233456676643,[#6:8](-[#6@:6])(=[#8:9])-[#8]-[H].[#7](-[#6]1:[#7]:[#6](-[H]):[#7]:[#6]2:[#6]:1:[#7]:[#6](-[H]):[#7]:2-[#6@]1(-[H])-[#8]-[#6@@](-[#6](-[#8]-[#15](=[#8])(-[#8]-[H])-[#8]-[#15](=[#8])(-[#8]-[H])-[#8:44]-[#15:45])(-[H])-[H])(-[H])-[#6@](-[#8]-[H])(-[H])-[#6@]-1(-[#8]-[H])-[H])(-[H])-[H]>>[#6:8](-[#6@:6])(=[#8:9])-[#7](-[#6@@](-[#6](-[#6]1:[#6](-[H]):[#7](-[H]):[#6](-[H]):[#7]:1)(-[H])-[H])(-[#6](=[#8])-[#8]-[H])-[H])-[H].[#8:44](-[#15:45])-[H],"EVODEX.1-P6930,EVODEX.1-P7457,EVODEX.1-P7225,EVODEX.1-P7349,EVODEX.1-P6924"
EVODEX.1-E1380,45383993299861827689127541614762440388048364814729081777259400091994820794844,[#7:12](-[#6@@:13])(-[H:64])-[H].([#8]-[#15](=[#8])(-[#8]-[H])-[#8]-[H].[#8:52]-[#6@@:51](-[#6@@:36])(-[H:86])-[#6@:53](-[#6@:34])(-[#8:54])-[H:88])>>[#7](-[#6@@](-[#6](-[#6]1:[#6](-[H]):[#7](-[H]):[#6](-[H]):[#7]:1)(-[H])-[H])(-[#6](=[#8])-[#7:12](-[#6@@:13])-[H:64])-[H])(-[H])-[H].([#8]-[H].[#8:54]-[#6@:53](-[#6@:34])(-[H:88])-[#6@@:51](-[#6@@:36])(-[#8:52])-[H:86]),"EVODEX.1-P7473,EVODEX.1-P7450,EVODEX.1-P7426,EVODEX.1-P7419,EVODEX.1-P7441"
EVODEX.1-E1381,102315698584887614514136906170198774590223473038980813322031373424712536420185,[#6:8](-[#6@:6])(=[#8:9])-[#8:10]-[H:64].([#8:40]-[#15:41](=[#8:42])(-[#8:43])-[#8]-[#15](=[#8])(-[#8]-[H])-[#8]-[H].[#8:50]-[#6@@:49](-[#6@@:34])(-[H:87])-[#6@:51](-[#6@:32])(-[#8:52])-[H:89])>>[#6:8](-[#6@:6])(=[#8:9])-[#7](-[#6@@](-[#6](-[#6]1:[#6](-[H]):[#7](-[H]):[#6](-[H]):[#7]:1)(-[H])-[H])(-[#6](=[#8])-[#8]-[H])-[H])-[H].([#8:10](-[#15:41](-[#8:40])(=[#8:42])-[#8:43])-[H:64].[#8:52]-[#6@:51](-[#6@:32])(-[H:89])-[#6@@:49](-[#6@@:34])(-[#8:50])-[H:87]),"EVODEX.1-P6933,EVODEX.1-P6957,EVODEX.1-P6932,EVODEX.1-P7261,EVODEX.1-P7189"
EVODEX.1-E1382,86849432145238086044186718623535164504636001071025067502846410278961006476158,[#6:8](-[#6@:6])(=[#8:9])-[#8:10]-[H:64]>>[#6:8](-[#6@:6])(=[#8:9])-[#7](-[#6@@](-[#6](-[#6]1:[#6](-[H]):[#7](-[H]):[#6](-[H]):[#7]:1)(-[H])-[H])(-[#6](=[#8])-[#8]-[H])-[H])-[H].[#8:10](-[#15](-[#8]-[#15](-[#8]-[#6](-[#6@@]1(-[H])-[#8]-[#6@](-[#7]2:[#6]3:[#7]:[#6](-[H]):[#7]:[#6](-[#7](-[H])-[H]):[#6]:3:[#7]:[#6]:2-[H])(-[H])-[#6@@](-[#8]-[H])(-[H])-[#6@@]-1(-[#8]-[H])-[H])(-[H])-[H])(=[#8])-[#8]-[H])(=[#8])-[#8]-[H])-[H:64],"EVODEX.1-P7226,EVODEX.1-P7348,EVODEX.1-P6931,EVODEX.1-P7458,EVODEX.1-P6928"
EVODEX.1-E1383,30289835294404265247447556259183408090391363511677506711108849609564548602911,[#6:42](-[#6@:40])(=[#8:43])-[#8]-[H].[#7](-[#6]1:[#7]:[#6](-[H]):[#7]:[#6]2:[#6]:1:[#7]:[#6](-[H]):[#7]:2-[#6@]1(-[H])-[#8]-[#6@@](-[#6](-[#8]-[#15](=[#8])(-[#8]-[H])-[#8]-[#15](=[#8])(-[#8]-[H])-[#8:75]-[#15:76])(-[H])-[H])(-[H])-[#6@](-[#8]-[H])(-[H])-[#6@]-1(-[#8]-[H])-[H])(-[H])-[H]>>[#6:42](-[#6@:40])(=[#8:43])-[#7](-[#6@@](-[#6](-[#6](-[H])(-[H])-[H])(-[#6](-[H])(-[H])-[H])-[H])(-[#6](=[#8])-[#8]-[H])-[H])-[H].[#8:75](-[#15:76])-[H],"EVODEX.1-P7240,EVODEX.1-P7454,EVODEX.1-P7210,EVODEX.1-P7340,EVODEX.1-P7180"
EVODEX.1-E1384,18511372246755779984720135046390673033486731924121950010250589322392717301011,[#6:42](-[#6@:40])(=[#8:43])-[#8:44]-[H:105]>>[#6:42](-[#6@:40])(=[#8:43])-[#7](-[#6](-[#6](=[#8])-[#8]-[H])(-[H])-[H])-[H].[#8:44](-[#15](-[#8]-[#15](-[#8]-[#6](-[#6@@]1(-[H])-[#8]-[#6@](-[#7]2:[#6]3:[#7]:[#6](-[H]):[#7]:[#6](-[#7](-[H])-[H]):[#6]:3:[#7]:[#6]:2-[H])(-[H])-[#6@@](-[#8]-[H])(-[H])-[#6@@]-1(-[#8]-[H])-[H])(-[H])-[H])(=[#8])-[#8]-[H])(=[#8])-[#8]-[H])-[H:105],"EVODEX.1-P7130,EVODEX.1-P7132,EVODEX.1-P7125,EVODEX.1-P7128,EVODEX.1-P7384"
EVODEX.1-E1385,15998263962610545514151069467800657152959594130195138854423326642489259137673,[#6:42](-[#6@:40])(=[#8:43])-[#8:44]-[H:105].([#8:68]-[#15:69](=[#8:70])(-[#8:71])-[#8]-[#15](=[#8])(-[#8]-[H])-[#8]-[H].[#8:78]-[#6@@:77](-[#6@@:62])(-[H:128])-[#6@:79](-[#6@:60])(-[#8:80])-[H:130])>>[#6:42](-[#6@:40])(=[#8:43])-[#7](-[#6](-[#6](=[#8])-[#8]-[H])(-[H])-[H])-[H].([#8:44](-[#15:69](-[#8:68])(=[#8:70])-[#8:71])-[H:105].[#8:80]-[#6@:79](-[#6@:60])(-[H:130])-[#6@@:77](-[#6@@:62])(-[#8:78])-[H:128]),"EVODEX.1-P7319,EVODEX.1-P7118,EVODEX.1-P7136,EVODEX.1-P7138,EVODEX.1-P7446"
EVODEX.1-E1386,29280986515130541296066706696820443103979524025067721907521564374064443336582,[#6:42](-[#6@:40])(=[#8:43])-[#8:44]-[H:108]>>[#6:42](-[#6@:40])(=[#8:43])-[#7](-[#6@@](-[#6@@](-[#6](-[H])(-[H])-[H])(-[#8]-[H])-[H])(-[#6](=[#8])-[#8]-[H])-[H])-[H].[#8:44](-[#15](-[#8]-[#15](-[#8]-[#6](-[#6@@]1(-[H])-[#8]-[#6@](-[#7]2:[#6]3:[#7]:[#6](-[H]):[#7]:[#6](-[#7](-[H])-[H]):[#6]:3:[#7]:[#6]:2-[H])(-[H])-[#6@@](-[#8]-[H])(-[H])-[#6@@]-1(-[#8]-[H])-[H])(-[H])-[H])(=[#8])-[#8]-[H])(=[#8])-[#8]-[H])-[H:108],"EVODEX.1-P7399,EVODEX.1-P7506,EVODEX.1-P7208,EVODEX.1-P7392,EVODEX.1-P7308"
EVODEX.1-E1387,101864499227000208573695215043162987875279218158600408971072824076070228891231,[#6:42](-[#6@:40])(=[#8:43])-[#8:44]-[H:107]>>[#6:42](-[#6@:40])(=[#8:43])-[#7](-[#6](-[#6](-[#8]-[H])(-[H])-[H])(-[#6](=[#8])-[#8]-[H])-[H])-[H].[#8:44](-[#15](-[#8]-[#15](-[#8]-[#6](-[#6@@]1(-[H])-[#8]-[#6@](-[#7]2:[#6]3:[#7]:[#6](-[H]):[#7]:[#6](-[#7](-[H])-[H]):[#6]:3:[#7]:[#6]:2-[H])(-[H])-[#6@@](-[#8]-[H])(-[H])-[#6@@]-1(-[#8]-[H])-[H])(-[H])-[H])(=[#8])-[#8]-[H])(=[#8])-[#8]-[H])-[H:107],"EVODEX.1-P7275,EVODEX.1-P7330,EVODEX.1-P7204,EVODEX.1-P7410,EVODEX.1-P7398"
EVODEX.1-E1388,63132073819824280745981312962208262307120962894435111302486091053502906188459,[#6:42](-[#6@:40])(=[#8:43])-[#8:44]-[H:107]>>[#6:42](-[#6@:40])(=[#8:43])-[#7](-[#6@@](-[#6](-[#16]-[H])(-[H])-[H])(-[#6](=[#8])-[#8]-[H])-[H])-[H].[#8:44](-[#15](-[#8]-[#15](-[#8]-[#6](-[#6@@]1(-[H])-[#8]-[#6@](-[#7]2:[#6]3:[#7]:[#6](-[H]):[#7]:[#6](-[#7](-[H])-[H]):[#6]:3:[#7]:[#6]:2-[H])(-[H])-[#6@@](-[#8]-[H])(-[H])-[#6@@]-1(-[#8]-[H])-[H])(-[H])-[H])(=[#8])-[#8]-[H])(=[#8])-[#8]-[H])-[H:107],"EVODEX.1-P7375,EVODEX.1-P7078,EVODEX.1-P7041,EVODEX.1-P7043,EVODEX.1-P7424"
EVODEX.1-E1389,113828872798241360617063922886092875863846007490238899925425528065306622127663,[#6:42](-[#6@:40])(=[#8:43])-[#8:44]-[H:108]>>[#6:42](-[#6@:40])(=[#8:43])-[#7](-[#6@@](-[#6](-[#6](-[H])(-[H])-[H])(-[#6](-[H])(-[H])-[H])-[H])(-[#6](=[#8])-[#8]-[H])-[H])-[H].[#8:44](-[#15](-[#8]-[#15](-[#8]-[#6](-[#6@@]1(-[H])-[#8]-[#6@](-[#7]2:[#6]3:[#7]:[#6](-[H]):[#7]:[#6](-[#7](-[H])-[H]):[#6]:3:[#7]:[#6]:2-[H])(-[H])-[#6@@](-[#8]-[H])(-[H])-[#6@@]-1(-[#8]-[H])-[H])(-[H])-[H])(=[#8])-[#8]-[H])(=[#8])-[#8]-[H])-[H:108],"EVODEX.1-P7185,EVODEX.1-P7366,EVODEX.1-P7512,EVODEX.1-P7182,EVODEX.1-P7455"
EVODEX.1-E1390,115567502443132514924456214945733057363383244627741517842993083063706225402457,[#6:42](-[#6@:40])(=[#8:43])-[#8:44]-[H:109].([#8:72]-[#15:73](=[#8:74])(-[#8:75])-[#8]-[#15](=[#8])(-[#8]-[H])-[#8]-[H].[#8:82]-[#6@@:81](-[#6@@:66])(-[H:140])-[#6@:83](-[#6@:64])(-[#8:84])-[H:142])>>[#6:42](-[#6@:40])(=[#8:43])-[#7](-[#6@@](-[#6@](-[#6](-[#6](-[H])(-[H])-[H])(-[H])-[H])(-[#6](-[H])(-[H])-[H])-[H])(-[#6](=[#8])-[#8]-[H])-[H])-[H].([#8:44](-[#15:73](-[#8:72])(=[#8:74])-[#8:75])-[H:109].[#8:84]-[#6@:83](-[#6@:64])(-[H:142])-[#6@@:81](-[#6@@:66])(-[#8:82])-[H:140]),"EVODEX.1-P7213,EVODEX.1-P7200,EVODEX.1-P7353,EVODEX.1-P7248,EVODEX.1-P7243"
EVODEX.1-E1391,16457600697634575516478621789275019961694158753928068156253699331116528947828,[#6:42](-[#6@:40])(=[#8:43])-[#8:44]-[H:109]>>[#6:42](-[#6@:40])(=[#8:43])-[#7](-[#6@@](-[#6@](-[#6](-[#6](-[H])(-[H])-[H])(-[H])-[H])(-[#6](-[H])(-[H])-[H])-[H])(-[#6](=[#8])-[#8]-[H])-[H])-[H].[#8:44](-[#15](-[#8]-[#15](-[#8]-[#6](-[#6@@]1(-[H])-[#8]-[#6@](-[#7]2:[#6]3:[#7]:[#6](-[H]):[#7]:[#6](-[#7](-[H])-[H]):[#6]:3:[#7]:[#6]:2-[H])(-[H])-[#6@@](-[#8]-[H])(-[H])-[#6@@]-1(-[#8]-[H])-[H])(-[H])-[H])(=[#8])-[#8]-[H])(=[#8])-[#8]-[H])-[H:109],"EVODEX.1-P7215,EVODEX.1-P7296,EVODEX.1-P7203,EVODEX.1-P7229,EVODEX.1-P7355"
EVODEX.1-E1392,17420476303879563640787740269888331253456726573005063267642746291158816946662,[#7:5](-[#6@:4])(-[H:51])-[H].[#8]-[#15](=[#8])(-[#8]-[H])-[#8]-[H]>>[#7:5](-[#6@:4])(-[#6](=[#8])-[#6@]1(-[H])-[#6](-[H])(-[H])-[#6](-[H])(-[H])-[#6](-[H])(-[H])-[#7]-1-[H])-[H:51].[#8]-[H],"EVODEX.1-P7284,EVODEX.1-P7288,EVODEX.1-P7300,EVODEX.1-P7285,EVODEX.1-P7294"
EVODEX.1-E1393,55138808148682932912708037297649171444817833513465261504998997496224536598401,[#7:5](-[#6@:4])(-[H:51])-[H].[#7](-[#6]1:[#7]:[#6](-[H]):[#7]:[#6]2:[#6]:1:[#7]:[#6](-[H]):[#7]:2-[#6@]1(-[H])-[#8]-[#6@@](-[#6](-[#8]-[#15](=[#8])(-[#8]-[H])-[#8]-[#15](=[#8])(-[#8]-[H])-[#8:31]-[#15:32])(-[H])-[H])(-[H])-[#6@](-[#8]-[H])(-[H])-[#6@]-1(-[#8]-[H])-[H])(-[H])-[H]>>[#7:5](-[#6@:4])(-[#6](=[#8])-[#6@]1(-[H])-[#6](-[H])(-[H])-[#6](-[H])(-[H])-[#6](-[H])(-[H])-[#7]-1-[H])-[H:51].[#8:31](-[#15:32])-[H],"EVODEX.1-P7295,EVODEX.1-P7303,EVODEX.1-P7289,EVODEX.1-P7298,EVODEX.1-P7301"
EVODEX.1-E1394,2093906383197648249102229046275084799540072360548920776252672839882433664546,[#7:1](-[#6:2])(-[H:56])-[H].([#8]-[#15](=[#8])(-[#8]-[H])-[#8]-[H].[#8:50]-[#6@@:49](-[#6@@:34])(-[H:84])-[#6@:51](-[#6@:32])(-[#8:52])-[H:86])>>[#7:1](-[#6:2])(-[#6](-[#6@@](-[#7](-[#6](-[#6](-[#6](-[#6@](-[#7](-[H])-[H])(-[#6](=[#8])-[#8]-[H])-[H])(-[H])-[H])(-[H])-[H])=[#8])-[H])(-[#6](-[#16]-[H])(-[H])-[H])-[H])=[#8])-[H:56].([#8]-[H].[#8:52]-[#6@:51](-[#6@:32])(-[H:86])-[#6@@:49](-[#6@@:34])(-[#8:50])-[H:84]),"EVODEX.1-P7121,EVODEX.1-P7108,EVODEX.1-P7093,EVODEX.1-P7124,EVODEX.1-P7115"
EVODEX.1-E1395,13198583218401044363728607368081419170823180653376961940493235044739436351346,[#6:17](-[#6@:15])(=[#8:18])-[#8:19]-[H:64]>>[#6](-[#16]-[#6](-[#6](-[#6@](-[#7](-[#6:17](-[#6@:15])=[#8:18])-[H])(-[#6](=[#8])-[#8]-[H])-[H])(-[H])-[H])(-[H])-[H])(-[H])(-[H])-[H].[#8:19](-[#15](-[#8]-[#15](-[#8]-[#6](-[#6@@]1(-[H])-[#8]-[#6@](-[#7]2:[#6]3:[#7]:[#6](-[H]):[#7]:[#6](-[#7](-[H])-[H]):[#6]:3:[#7]:[#6]:2-[H])(-[H])-[#6@@](-[#8]-[H])(-[H])-[#6@@]-1(-[#8]-[H])-[H])(-[H])-[H])(=[#8])-[#8]-[H])(=[#8])-[#8]-[H])-[H:64],"EVODEX.1-P7482,EVODEX.1-P7251,EVODEX.1-P7438,EVODEX.1-P7302,EVODEX.1-P7380"
EVODEX.1-E1396,60286282814579638251351949547087320057103966718990985684111254111764652874683,[#6:17](-[#6@:15])(=[#8:18])-[#8]-[H].[#7](-[#6]1:[#7]:[#6](-[H]):[#7]:[#6]2:[#6]:1:[#7]:[#6](-[H]):[#7]:2-[#6@]1(-[H])-[#8]-[#6@@](-[#6](-[#8]-[#15](=[#8])(-[#8]-[H])-[#8]-[#15](=[#8])(-[#8]-[H])-[#8:42]-[#15:43])(-[H])-[H])(-[H])-[#6@](-[#8]-[H])(-[H])-[#6@]-1(-[#8]-[H])-[H])(-[H])-[H]>>[#6](-[#16]-[#6](-[#6](-[#6@](-[#7](-[#6:17](-[#6@:15])=[#8:18])-[H])(-[#6](=[#8])-[#8]-[H])-[H])(-[H])-[H])(-[H])-[H])(-[H])(-[H])-[H].[#8:42](-[#15:43])-[H],"EVODEX.1-P7437,EVODEX.1-P7164,EVODEX.1-P7328,EVODEX.1-P7379,EVODEX.1-P7449"
EVODEX.1-E1397,11542042467080831397383812072406400286291552936749368235456902808024366185352,[#7:1](-[#6@@:2])(-[H:56])-[H].[#7](-[#6]1:[#7]:[#6](-[H]):[#7]:[#6]2:[#6]:1:[#7]:[#6](-[H]):[#7]:2-[#6@]1(-[H])-[#8]-[#6@@](-[#6](-[#8]-[#15](=[#8])(-[#8]-[H])-[#8]-[#15](=[#8])(-[#8]-[H])-[#8:42]-[#15:43])(-[H])-[H])(-[H])-[#6@](-[#8]-[H])(-[H])-[#6@]-1(-[#8]-[H])-[H])(-[H])-[H]>>[#7:1](-[#6@@:2])(-[#6](-[#6@@](-[#7](-[H])-[H])(-[#6](-[#6]1:[#6](-[H]):[#6](-[H]):[#6](-[H]):[#6](-[H]):[#6]:1-[H])(-[H])-[H])-[H])=[#8])-[H:56].[#8:42](-[#15:43])-[H],"EVODEX.1-P7265,EVODEX.1-P7280,EVODEX.1-P7255,EVODEX.1-P7279,EVODEX.1-P7257"
EVODEX.1-E1398,35734150957942953845293991144483380034863759419797809365674195272629689844812,[#7:1](-[#6@@:2])(-[H:56])-[H].([#8]-[#15](=[#8])(-[#8]-[H])-[#8]-[H].[#8:48]-[#6@@:47](-[#6@@:32])(-[H:69])-[#6@:49](-[#6@:30])(-[#8:50])-[H:71])>>[#7:1](-[#6@@:2])(-[#6](-[#6@@](-[#7](-[H])-[H])(-[#6](-[#6]1:[#6](-[H]):[#6](-[H]):[#6](-[H]):[#6](-[H]):[#6]:1-[H])(-[H])-[H])-[H])=[#8])-[H:56].([#8]-[H].[#8:50]-[#6@:49](-[#6@:30])(-[H:71])-[#6@@:47](-[#6@@:32])(-[#8:48])-[H:69]),"EVODEX.1-P7258,EVODEX.1-P7256,EVODEX.1-P7253,EVODEX.1-P7259,EVODEX.1-P7264"
EVODEX.1-E1399,60543601049145720274477393744739065859134572793694847007876983357472251465718,[#6:45]-[#6:46](-[#7:47](-[H:118])-[H])(-[#6:48])-[H:130].([#8:74]-[#15:75](=[#8:76])(-[#8:77])-[#8:78]-[#15:79].[#8:84]-[#6@@:83](-[#6@@:68])(-[H:145])-[#6@:85](-[#6@:66])(-[#8:86])-[H:147])>>[#6](-[#6](=[#8])-[#7](-[#6@@]1(-[H])-[#6@](-[#8]-[#15](=[#8])(-[#8]-[H])-[#8]-[#15](=[#8])(-[#8]-[H])-[#8]-[#6](-[#6@@]2(-[H])-[#8]-[#6@](-[#7]3:[#6](-[H]):[#6](-[H]):[#6](=[#8]):[#7](-[H]):[#6]:3=[#8])(-[H])-[#6@@](-[#8]-[H])(-[H])-[#6@@]-2(-[#8]-[H])-[H])(-[H])-[H])(-[H])-[#8]-[#6@@](-[#6](-[#8]-[H])(-[H])-[H])(-[H])-[#6@](-[#8]-[H])(-[H])-[#6@@]-1(-[#8]-[#6@](-[#6](-[H])(-[H])-[H])(-[#6](=[#8])-[#7:47](-[#6@@:46](-[#6:45])(-[#6:48])-[H:130])-[H:118])-[H])-[H])-[H])(-[H])(-[H])-[H].([#8](-[#15:75](-[#8:74])(=[#8:76])-[#8:77])-[H].[#8:86]-[#6@:85](-[#6@:66])(-[H:147])-[#6@@:83](-[#6@@:68])(-[#8:84])-[H:145]).[#8:78](-[#15:79])-[H],"EVODEX.1-P7174,EVODEX.1-P7514,EVODEX.1-P7169,EVODEX.1-P7517,EVODEX.1-P7521"
EVODEX.1-E1400,85529879555067997303249160031806688338872142106841577185396760707833845417700,[#6:45]-[#6:46](-[#7:47](-[H:118])-[H])(-[#6:48])-[H:130].([#8]-[#15](=[#8])(-[#8]-[H])-[#8]-[H].[#8:84]-[#6@@:83](-[#6@@:68])(-[H:145])-[#6@:85](-[#6@:66])(-[#8:86])-[H:147])>>[#6](-[#6](=[#8])-[#7](-[#6@@]1(-[H])-[#6@](-[#8]-[#15](=[#8])(-[#8]-[H])-[#8]-[#15](=[#8])(-[#8]-[H])-[#8]-[#6](-[#6@@]2(-[H])-[#8]-[#6@](-[#7]3:[#6](-[H]):[#6](-[H]):[#6](=[#8]):[#7](-[H]):[#6]:3=[#8])(-[H])-[#6@@](-[#8]-[H])(-[H])-[#6@@]-2(-[#8]-[H])-[H])(-[H])-[H])(-[H])-[#8]-[#6@@](-[#6](-[#8]-[H])(-[H])-[H])(-[H])-[#6@](-[#8]-[H])(-[H])-[#6@@]-1(-[#8]-[#6@](-[#6](-[H])(-[H])-[H])(-[#6](=[#8])-[#7:47](-[#6@@:46](-[#6:45])(-[#6:48])-[H:130])-[H:118])-[H])-[H])-[H])(-[H])(-[H])-[H].([#8]-[H].[#8:86]-[#6@:85](-[#6@:66])(-[H:147])-[#6@@:83](-[#6@@:68])(-[#8:84])-[H:145]),"EVODEX.1-P7176,EVODEX.1-P7170,EVODEX.1-P7175,EVODEX.1-P7518,EVODEX.1-P7532"
EVODEX.1-E1401,18293912360210952138201225086720562296504719587443837805560798414531962642597,[#7:45](-[#6:46])(-[H:118])-[H]>>[#6](-[#6](=[#8])-[#7](-[#6@@]1(-[H])-[#6@](-[#8]-[#15](=[#8])(-[#8]-[H])-[#8]-[#15](=[#8])(-[#8]-[H])-[#8]-[#6](-[#6@@]2(-[H])-[#8]-[#6@](-[#7]3:[#6](-[H]):[#6](-[H]):[#6](=[#8]):[#7](-[H]):[#6]:3=[#8])(-[H])-[#6@@](-[#8]-[H])(-[H])-[#6@@]-2(-[#8]-[H])-[H])(-[H])-[H])(-[H])-[#8]-[#6@@](-[#6](-[#8]-[H])(-[H])-[H])(-[H])-[#6@](-[#8]-[H])(-[H])-[#6@@]-1(-[#8]-[#6@](-[#6](-[H])(-[H])-[H])(-[#6](=[#8])-[#7:45](-[#6:46])-[H:118])-[H])-[H])-[H])(-[H])(-[H])-[H],"EVODEX.1-P7527,EVODEX.1-P7529,EVODEX.1-P7524,EVODEX.1-P7519,EVODEX.1-P7520"
EVODEX.1-E1402,76621808710416810030895367711025835746865491054370056269647677839662788189447,[#6:45]-[#6:46](-[#7:47](-[H:118])-[H])(-[#6:48])-[H:130]>>[#6](-[#6](=[#8])-[#7](-[#6@@]1(-[H])-[#6@](-[#8]-[#15](=[#8])(-[#8]-[H])-[#8]-[#15](=[#8])(-[#8]-[H])-[#8]-[#6](-[#6@@]2(-[H])-[#8]-[#6@](-[#7]3:[#6](-[H]):[#6](-[H]):[#6](=[#8]):[#7](-[H]):[#6]:3=[#8])(-[H])-[#6@@](-[#8]-[H])(-[H])-[#6@@]-2(-[#8]-[H])-[H])(-[H])-[H])(-[H])-[#8]-[#6@@](-[#6](-[#8]-[H])(-[H])-[H])(-[H])-[#6@](-[#8]-[H])(-[H])-[#6@@]-1(-[#8]-[#6@](-[#6](-[H])(-[H])-[H])(-[#6](=[#8])-[#7:47](-[#6@@:46](-[#6:45])(-[#6:48])-[H:130])-[H:118])-[H])-[H])-[H])(-[H])(-[H])-[H],"EVODEX.1-P7172,EVODEX.1-P7499,EVODEX.1-P7522,EVODEX.1-P7533,EVODEX.1-P7515"
EVODEX.1-E1403,38499820171511551926530210487978744622734090510735173124562140048616179452942,[#6:45]-[#6:46](-[#7:47](-[H:118])-[H])(-[#6:48])-[H:130].[#7](-[#6]1:[#7]:[#6](-[H]):[#7]:[#6]2:[#6]:1:[#7]:[#6](-[H]):[#7]:2-[#6@]1(-[H])-[#8]-[#6@@](-[#6](-[#8]-[#15](=[#8])(-[#8]-[H])-[#8]-[#15](=[#8])(-[#8]-[H])-[#8:78]-[#15:79])(-[H])-[H])(-[H])-[#6@](-[#8]-[H])(-[H])-[#6@]-1(-[#8]-[H])-[H])(-[H])-[H]>>[#6](-[#6](=[#8])-[#7](-[#6@@]1(-[H])-[#6@](-[#8]-[#15](=[#8])(-[#8]-[H])-[#8]-[#15](=[#8])(-[#8]-[H])-[#8]-[#6](-[#6@@]2(-[H])-[#8]-[#6@](-[#7]3:[#6](-[H]):[#6](-[H]):[#6](=[#8]):[#7](-[H]):[#6]:3=[#8])(-[H])-[#6@@](-[#8]-[H])(-[H])-[#6@@]-2(-[#8]-[H])-[H])(-[H])-[H])(-[H])-[#8]-[#6@@](-[#6](-[#8]-[H])(-[H])-[H])(-[H])-[#6@](-[#8]-[H])(-[H])-[#6@@]-1(-[#8]-[#6@](-[#6](-[H])(-[H])-[H])(-[#6](=[#8])-[#7:47](-[#6@@:46](-[#6:45])(-[#6:48])-[H:130])-[H:118])-[H])-[H])-[H])(-[H])(-[H])-[H].[#8:78](-[#15:79])-[H],"EVODEX.1-P7500,EVODEX.1-P7510,EVODEX.1-P7177,EVODEX.1-P7523,EVODEX.1-P7534"
EVODEX.1-E1404,20737302972462335454952237032161771752833352795533149467121530520400674634139,[#7:1](-[#6@@:2])(-[H:59])-[H].([#8]-[#15](=[#8])(-[#8]-[H])-[#8]-[H].[#8:51]-[#6@@:50](-[#6@@:35])(-[H:72])-[#6@:52](-[#6@:33])(-[#8:53])-[H:74])>>[#7:1](-[#6@@:2])(-[#6](-[#6@@](-[#7](-[H])-[H])(-[#6](-[#6]1:[#6](-[H]):[#7](-[H]):[#6]2:[#6](-[H]):[#6](-[H]):[#6](-[H]):[#6](-[H]):[#6]:1:2)(-[H])-[H])-[H])=[#8])-[H:59].([#8]-[H].[#8:53]-[#6@:52](-[#6@:33])(-[H:74])-[#6@@:50](-[#6@@:35])(-[#8:51])-[H:72]),"EVODEX.1-P7336,EVODEX.1-P7329,EVODEX.1-P7311,EVODEX.1-P7331,EVODEX.1-P7325"
EVODEX.1-E1405,96537940236867280326498361400758948806701183763736867553326399579681820161937,[#7:1](-[#6@@:2])(-[H:59])-[H].[#7](-[#6]1:[#7]:[#6](-[H]):[#7]:[#6]2:[#6]:1:[#7]:[#6](-[H]):[#7]:2-[#6@]1(-[H])-[#8]-[#6@@](-[#6](-[#8]-[#15](=[#8])(-[#8]-[H])-[#8]-[#15](=[#8])(-[#8]-[H])-[#8:45]-[#15:46])(-[H])-[H])(-[H])-[#6@](-[#8]-[H])(-[H])-[#6@]-1(-[#8]-[H])-[H])(-[H])-[H]>>[#7:1](-[#6@@:2])(-[#6](-[#6@@](-[#7](-[H])-[H])(-[#6](-[#6]1:[#6](-[H]):[#7](-[H]):[#6]2:[#6](-[H]):[#6](-[H]):[#6](-[H]):[#6](-[H]):[#6]:1:2)(-[H])-[H])-[H])=[#8])-[H:59].[#8:45](-[#15:46])-[H],"EVODEX.1-P7332,EVODEX.1-P7318,EVODEX.1-P7313,EVODEX.1-P7321,EVODEX.1-P7338"
EVODEX.1-E1406,35972821050033596741401657642161502235039727410168696942018808379339114070581,([#8]-[#15](=[#8])(-[#8]-[H])-[#8]-[H].[#8:47]-[#6@@:46](-[#6@@:31])(-[H:61])-[#6@:48](-[#6@:29])(-[#8:49])-[H:63]).[#7:1](-[#6:2])(-[H:69])-[H]>>[#7:1](-[#6:2])(-[#6](-[#6@@](-[#7](-[H])-[H])(-[#6](-[#6]1:[#6](-[H]):[#6](-[H]):[#6](-[#8]-[H]):[#6](-[H]):[#6]:1-[H])(-[H])-[H])-[H])=[#8])-[H:69].([#8]-[H].[#8:49]-[#6@:48](-[#6@:29])(-[H:63])-[#6@@:46](-[#6@@:31])(-[#8:47])-[H:61]),"EVODEX.1-P7406,EVODEX.1-P7466,EVODEX.1-P7343,EVODEX.1-P7341,EVODEX.1-P7358"
