id,mass,sources,formula_diff
EVODEX.2.1-M1,0.0,"EVODEX.2.1-P1502,EVODEX.2.1-P1504,EVODEX.2.1-P1512,EVODEX.2.1-P1894,EVODEX.2.1-P1895,EVODEX.2.1-P1898,EVODEX.2.1-P1900,EVODEX.2.1-P1902,EVODEX.2.1-P1907,EVODEX.2.1-P1909,EVODEX.2.1-P1910,EVODEX.2.1-P1911,EVODEX.2.1-P1913,EVODEX.2.1-P202,EVODEX.2.1-P207,EVODEX.2.1-P209,EVODEX.2.1-P210,EVODEX.2.1-P3434,EVODEX.2.1-P3509,EVODEX.2.1-P3537,EVODEX.2.1-P3539,EVODEX.2.1-P3543,EVODEX.2.1-P3546,EVODEX.2.1-P3547,EVODEX.2.1-P3548,EVODEX.2.1-P3549,EVODEX.2.1-P3550,EVODEX.2.1-P3552,EVODEX.2.1-P3554,EVODEX.2.1-P3556,EVODEX.2.1-P3558,EVODEX.2.1-P3592,EVODEX.2.1-P3694,EVODEX.2.1-P3695,EVODEX.2.1-P3699,EVODEX.2.1-P3704,EVODEX.2.1-P3808,EVODEX.2.1-P3810,EVODEX.2.1-P3817,EVODEX.2.1-P3825,EVODEX.2.1-P4122,EVODEX.2.1-P4123,EVODEX.2.1-P4124,EVODEX.2.1-P4129,EVODEX.2.1-P4131,EVODEX.2.1-P5112,EVODEX.2.1-P5692,EVODEX.2.1-P5693,EVODEX.2.1-P5696,EVODEX.2.1-P5699,EVODEX.2.1-P5700,EVODEX.2.1-P5701,EVODEX.2.1-P5702,EVODEX.2.1-P5705,EVODEX.2.1-P5707,EVODEX.2.1-P5708,EVODEX.2.1-P5713,EVODEX.2.1-P5774,EVODEX.2.1-P586,EVODEX.2.1-P5909,EVODEX.2.1-P5911,EVODEX.2.1-P5913,EVODEX.2.1-P5914,EVODEX.2.1-P5917,EVODEX.2.1-P5920,EVODEX.2.1-P5921,EVODEX.2.1-P5923,EVODEX.2.1-P5926,EVODEX.2.1-P5927,EVODEX.2.1-P5928,EVODEX.2.1-P5930,EVODEX.2.1-P5931,EVODEX.2.1-P5954,EVODEX.2.1-P5955,EVODEX.2.1-P5961,EVODEX.2.1-P5962,EVODEX.2.1-P5964,EVODEX.2.1-P5966,EVODEX.2.1-P5968,EVODEX.2.1-P5970,EVODEX.2.1-P5978,EVODEX.2.1-P5981,EVODEX.2.1-P5983,EVODEX.2.1-P5984,EVODEX.2.1-P5985,EVODEX.2.1-P5987,EVODEX.2.1-P5988,EVODEX.2.1-P5989,EVODEX.2.1-P5992,EVODEX.2.1-P5993,EVODEX.2.1-P5995,EVODEX.2.1-P6001,EVODEX.2.1-P6007,EVODEX.2.1-P6009,EVODEX.2.1-P6010,EVODEX.2.1-P6013,EVODEX.2.1-P6015,EVODEX.2.1-P6017,EVODEX.2.1-P6018,EVODEX.2.1-P6020,EVODEX.2.1-P6024,EVODEX.2.1-P6025,EVODEX.2.1-P6028,EVODEX.2.1-P6029,EVODEX.2.1-P6033,EVODEX.2.1-P6034,EVODEX.2.1-P6038,EVODEX.2.1-P6039,EVODEX.2.1-P6040,EVODEX.2.1-P6042,EVODEX.2.1-P6043,EVODEX.2.1-P6046,EVODEX.2.1-P6048,EVODEX.2.1-P6049,EVODEX.2.1-P6050,EVODEX.2.1-P6052,EVODEX.2.1-P6053,EVODEX.2.1-P6057,EVODEX.2.1-P6059,EVODEX.2.1-P6060,EVODEX.2.1-P6061,EVODEX.2.1-P6062,EVODEX.2.1-P6067,EVODEX.2.1-P6069,EVODEX.2.1-P6070,EVODEX.2.1-P6071,EVODEX.2.1-P6072,EVODEX.2.1-P6073,EVODEX.2.1-P6076,EVODEX.2.1-P6077,EVODEX.2.1-P6082,EVODEX.2.1-P6085,EVODEX.2.1-P6087,EVODEX.2.1-P6088,EVODEX.2.1-P6091,EVODEX.2.1-P6093,EVODEX.2.1-P6094,EVODEX.2.1-P6096,EVODEX.2.1-P6097,EVODEX.2.1-P6098,EVODEX.2.1-P6100,EVODEX.2.1-P6101,EVODEX.2.1-P6102,EVODEX.2.1-P6106,EVODEX.2.1-P6108,EVODEX.2.1-P6109,EVODEX.2.1-P6112,EVODEX.2.1-P6113,EVODEX.2.1-P6114,EVODEX.2.1-P6117,EVODEX.2.1-P6118,EVODEX.2.1-P6120,EVODEX.2.1-P6121,EVODEX.2.1-P6122,EVODEX.2.1-P6123,EVODEX.2.1-P6124,EVODEX.2.1-P6125,EVODEX.2.1-P6126,EVODEX.2.1-P6128,EVODEX.2.1-P6130,EVODEX.2.1-P6131,EVODEX.2.1-P6133,EVODEX.2.1-P6134,EVODEX.2.1-P6136,EVODEX.2.1-P6137,EVODEX.2.1-P6139,EVODEX.2.1-P6147,EVODEX.2.1-P6149,EVODEX.2.1-P6152,EVODEX.2.1-P6154,EVODEX.2.1-P6155,EVODEX.2.1-P6156,EVODEX.2.1-P6157,EVODEX.2.1-P6161,EVODEX.2.1-P6162,EVODEX.2.1-P6163,EVODEX.2.1-P6164,EVODEX.2.1-P6165,EVODEX.2.1-P6166,EVODEX.2.1-P6167,EVODEX.2.1-P6168,EVODEX.2.1-P6169,EVODEX.2.1-P6170,EVODEX.2.1-P6171,EVODEX.2.1-P6176,EVODEX.2.1-P6177,EVODEX.2.1-P6178,EVODEX.2.1-P6179,EVODEX.2.1-P6180",{}
EVODEX.2.1-M188,208.08486000000002,"EVODEX.2.1-P2599,EVODEX.2.1-P2762,EVODEX.2.1-P2763,EVODEX.2.1-P2777,EVODEX.2.1-P2778","{""C"": 10, ""H"": 12, ""N"": 2, ""O"": 3}"
EVODEX.2.1-M189,250.09416000000002,"EVODEX.2.1-P2360,EVODEX.2.1-P2366,EVODEX.2.1-P2374,EVODEX.2.1-P2379,EVODEX.2.1-P2388","{""C"": 10, ""H"": 12, ""N"": 5, ""O"": 3}"
EVODEX.2.1-M31,329.05266,"EVODEX.2.1-P1314,EVODEX.2.1-P251,EVODEX.2.1-P2913,EVODEX.2.1-P3195,EVODEX.2.1-P3202,EVODEX.2.1-P3233,EVODEX.2.1-P3235,EVODEX.2.1-P3237,EVODEX.2.1-P3239,EVODEX.2.1-P3258,EVODEX.2.1-P6349,EVODEX.2.1-P6355,EVODEX.2.1-P6365,EVODEX.2.1-P6366,EVODEX.2.1-P7115","{""C"": 10, ""H"": 12, ""N"": 5, ""O"": 6, ""P"": 1}"
EVODEX.2.1-M190,345.04756,"EVODEX.2.1-P3175,EVODEX.2.1-P3179,EVODEX.2.1-P3192,EVODEX.2.1-P3232,EVODEX.2.1-P3243","{""C"": 10, ""H"": 12, ""N"": 5, ""O"": 7, ""P"": 1}"
EVODEX.2.1-M192,251.10199,"EVODEX.2.1-P2839,EVODEX.2.1-P2854,EVODEX.2.1-P2856,EVODEX.2.1-P2998,EVODEX.2.1-P3000","{""C"": 10, ""H"": 13, ""N"": 5, ""O"": 3}"
EVODEX.2.1-M96,267.09689,"EVODEX.2.1-P2840,EVODEX.2.1-P2842,EVODEX.2.1-P2843,EVODEX.2.1-P2844,EVODEX.2.1-P2845,EVODEX.2.1-P2846,EVODEX.2.1-P2851,EVODEX.2.1-P2902,EVODEX.2.1-P2903,EVODEX.2.1-P2904","{""C"": 10, ""H"": 13, ""N"": 5, ""O"": 4}"
EVODEX.2.1-M193,242.09032000000002,"EVODEX.2.1-P2847,EVODEX.2.1-P3010,EVODEX.2.1-P3011,EVODEX.2.1-P3012,EVODEX.2.1-P3014","{""C"": 10, ""H"": 14, ""N"": 2, ""O"": 5}"
EVODEX.2.1-M194,331.06831999999997,"EVODEX.2.1-P789,EVODEX.2.1-P791,EVODEX.2.1-P800,EVODEX.2.1-P805,EVODEX.2.1-P822","{""C"": 10, ""H"": 14, ""N"": 5, ""O"": 6, ""P"": 1}"
EVODEX.2.1-M59,347.06322,"EVODEX.2.1-P1315,EVODEX.2.1-P2831,EVODEX.2.1-P2832,EVODEX.2.1-P2899,EVODEX.2.1-P3050,EVODEX.2.1-P3127,EVODEX.2.1-P3131,EVODEX.2.1-P3134,EVODEX.2.1-P3157,EVODEX.2.1-P3161","{""C"": 10, ""H"": 14, ""N"": 5, ""O"": 7, ""P"": 1}"
EVODEX.2.1-M19,427.02955000000003,"EVODEX.2.1-P2822,EVODEX.2.1-P2828,EVODEX.2.1-P2925,EVODEX.2.1-P2971,EVODEX.2.1-P2989,EVODEX.2.1-P3053,EVODEX.2.1-P3056,EVODEX.2.1-P3059,EVODEX.2.1-P3061,EVODEX.2.1-P3062,EVODEX.2.1-P3083,EVODEX.2.1-P3089,EVODEX.2.1-P3093,EVODEX.2.1-P3095,EVODEX.2.1-P3100,EVODEX.2.1-P3106,EVODEX.2.1-P3116,EVODEX.2.1-P3118,EVODEX.2.1-P3137,EVODEX.2.1-P3246,EVODEX.2.1-P3315,EVODEX.2.1-P3317,EVODEX.2.1-P3319,EVODEX.2.1-P3329,EVODEX.2.1-P3337","{""C"": 10, ""H"": 15, ""N"": 5, ""O"": 10, ""P"": 2}"
EVODEX.2.1-M196,154.13584,"EVODEX.2.1-P1802,EVODEX.2.1-P1803,EVODEX.2.1-P1805,EVODEX.2.1-P3423,EVODEX.2.1-P3680","{""C"": 10, ""H"": 18, ""O"": 1}"
EVODEX.2.1-M197,157.05281,"EVODEX.2.1-P4735,EVODEX.2.1-P4764,EVODEX.2.1-P4765,EVODEX.2.1-P4804,EVODEX.2.1-P4814","{""C"": 10, ""H"": 7, ""N"": 1, ""O"": 1}"
EVODEX.2.1-M99,176.04734,"EVODEX.2.1-P1521,EVODEX.2.1-P1525,EVODEX.2.1-P1529,EVODEX.2.1-P1532,EVODEX.2.1-P1576,EVODEX.2.1-P1651,EVODEX.2.1-P1652,EVODEX.2.1-P1655,EVODEX.2.1-P1781,EVODEX.2.1-P3674","{""C"": 10, ""H"": 8, ""O"": 3}"
EVODEX.2.1-M198,175.06337,"EVODEX.2.1-P4736,EVODEX.2.1-P4738,EVODEX.2.1-P4741,EVODEX.2.1-P4802,EVODEX.2.1-P5014","{""C"": 10, ""H"": 9, ""N"": 1, ""O"": 2}"
EVODEX.2.1-M199,186.07940000000002,"EVODEX.2.1-P6886,EVODEX.2.1-P6892,EVODEX.2.1-P6894,EVODEX.2.1-P6900,EVODEX.2.1-P6906","{""C"": 11, ""H"": 10, ""N"": 2, ""O"": 1}"
EVODEX.2.1-M200,206.05790000000002,"EVODEX.2.1-P1559,EVODEX.2.1-P1582,EVODEX.2.1-P1853,EVODEX.2.1-P1854,EVODEX.2.1-P3672","{""C"": 11, ""H"": 10, ""O"": 4}"
EVODEX.2.1-M167,204.08996000000002,"EVODEX.2.1-P2410,EVODEX.2.1-P2534,EVODEX.2.1-P2539,EVODEX.2.1-P2544,EVODEX.2.1-P2548","{""C"": 11, ""H"": 12, ""N"": 2, ""O"": 2}"
EVODEX.2.1-M201,291.09540999999996,"EVODEX.2.1-P2189,EVODEX.2.1-P2195,EVODEX.2.1-P2196,EVODEX.2.1-P2197,EVODEX.2.1-P2198","{""C"": 11, ""H"": 17, ""N"": 1, ""O"": 8}"
EVODEX.2.1-M205,203.05827,"EVODEX.2.1-P2546,EVODEX.2.1-P2712,EVODEX.2.1-P2715,EVODEX.2.1-P2717,EVODEX.2.1-P2779","{""C"": 11, ""H"": 9, ""N"": 1, ""O"": 3}"
EVODEX.2.1-M206,484.05104,"EVODEX.2.1-P6703,EVODEX.2.1-P6704,EVODEX.2.1-P6707,EVODEX.2.1-P6989,EVODEX.2.1-P7000","{""C"": 12, ""H"": 18, ""N"": 6, ""O"": 11, ""P"": 2}"
EVODEX.2.1-M207,182.16716,"EVODEX.2.1-P1712,EVODEX.2.1-P1762,EVODEX.2.1-P1810,EVODEX.2.1-P1812,EVODEX.2.1-P1813","{""C"": 12, ""H"": 22, ""O"": 1}"
EVODEX.2.1-M208,263.07939,"EVODEX.2.1-P4652,EVODEX.2.1-P4656,EVODEX.2.1-P4662,EVODEX.2.1-P4663,EVODEX.2.1-P4665","{""C"": 13, ""H"": 13, ""N"": 1, ""O"": 5}"
EVODEX.2.1-M209,260.12748,"EVODEX.2.1-P5016,EVODEX.2.1-P5099,EVODEX.2.1-P5105,EVODEX.2.1-P5108,EVODEX.2.1-P5110","{""C"": 13, ""H"": 16, ""N"": 4, ""O"": 2}"
EVODEX.2.1-M210,498.0667,"EVODEX.2.1-P6527,EVODEX.2.1-P6756,EVODEX.2.1-P6889,EVODEX.2.1-P6945,EVODEX.2.1-P6977","{""C"": 13, ""H"": 20, ""N"": 6, ""O"": 11, ""P"": 2}"
EVODEX.2.1-M211,530.0388,"EVODEX.2.1-P6957,EVODEX.2.1-P6985,EVODEX.2.1-P6991,EVODEX.2.1-P7028,EVODEX.2.1-P7044","{""C"": 13, ""H"": 20, ""N"": 6, ""O"": 11, ""P"": 2, ""S"": 1}"
EVODEX.2.1-M212,514.0616,"EVODEX.2.1-P6606,EVODEX.2.1-P6804,EVODEX.2.1-P6845,EVODEX.2.1-P6875,EVODEX.2.1-P6952","{""C"": 13, ""H"": 20, ""N"": 6, ""O"": 12, ""P"": 2}"
EVODEX.2.1-M213,512.08236,"EVODEX.2.1-P6601,EVODEX.2.1-P6639,EVODEX.2.1-P6645,EVODEX.2.1-P6651,EVODEX.2.1-P6719","{""C"": 14, ""H"": 22, ""N"": 6, ""O"": 11, ""P"": 2}"
EVODEX.2.1-M214,528.0772599999999,"EVODEX.2.1-P6621,EVODEX.2.1-P6773,EVODEX.2.1-P6853,EVODEX.2.1-P6884,EVODEX.2.1-P6964","{""C"": 14, ""H"": 22, ""N"": 6, ""O"": 12, ""P"": 2}"
EVODEX.2.1-M215,365.13219,"EVODEX.2.1-P4110,EVODEX.2.1-P4111,EVODEX.2.1-P4113,EVODEX.2.1-P4114,EVODEX.2.1-P4117","{""C"": 14, ""H"": 23, ""N"": 1, ""O"": 10}"
EVODEX.2.1-M100,210.19848,"EVODEX.2.1-P1766,EVODEX.2.1-P1793,EVODEX.2.1-P1796,EVODEX.2.1-P1814,EVODEX.2.1-P1815,EVODEX.2.1-P1861,EVODEX.2.1-P1862,EVODEX.2.1-P1863,EVODEX.2.1-P1865,EVODEX.2.1-P1866","{""C"": 14, ""H"": 26, ""O"": 1}"
EVODEX.2.1-M216,394.12384,"EVODEX.2.1-P4769,EVODEX.2.1-P4771,EVODEX.2.1-P4775,EVODEX.2.1-P4777,EVODEX.2.1-P4783","{""C"": 15, ""H"": 18, ""N"": 6, ""O"": 7}"
EVODEX.2.1-M217,412.1344,"EVODEX.2.1-P4774,EVODEX.2.1-P4778,EVODEX.2.1-P4784,EVODEX.2.1-P4785,EVODEX.2.1-P4790","{""C"": 15, ""H"": 20, ""N"": 6, ""O"": 8}"
EVODEX.2.1-M218,556.0721599999999,"EVODEX.2.1-P6533,EVODEX.2.1-P6545,EVODEX.2.1-P6565,EVODEX.2.1-P6575,EVODEX.2.1-P6711","{""C"": 15, ""H"": 22, ""N"": 6, ""O"": 13, ""P"": 2}"
EVODEX.2.1-M219,204.18792,"EVODEX.2.1-P2325,EVODEX.2.1-P2329,EVODEX.2.1-P2330,EVODEX.2.1-P2341,EVODEX.2.1-P2348","{""C"": 15, ""H"": 24}"
EVODEX.2.1-M220,526.0980199999999,"EVODEX.2.1-P6749,EVODEX.2.1-P6754,EVODEX.2.1-P6881,EVODEX.2.1-P6937,EVODEX.2.1-P7018","{""C"": 15, ""H"": 24, ""N"": 6, ""O"": 11, ""P"": 2}"
EVODEX.2.1-M221,558.0701199999999,"EVODEX.2.1-P6733,EVODEX.2.1-P6793,EVODEX.2.1-P6872,EVODEX.2.1-P6941,EVODEX.2.1-P6948","{""C"": 15, ""H"": 24, ""N"": 6, ""O"": 11, ""P"": 2, ""S"": 1}"
EVODEX.2.1-M222,564.0885599999999,"EVODEX.2.1-P6448,EVODEX.2.1-P6452,EVODEX.2.1-P6454,EVODEX.2.1-P6480,EVODEX.2.1-P6758","{""C"": 16, ""H"": 22, ""N"": 8, ""O"": 11, ""P"": 2}"
EVODEX.2.1-M101,540.1136799999999,"EVODEX.2.1-P6624,EVODEX.2.1-P6750,EVODEX.2.1-P6778,EVODEX.2.1-P6787,EVODEX.2.1-P6865,EVODEX.2.1-P6868,EVODEX.2.1-P6905,EVODEX.2.1-P6908,EVODEX.2.1-P7012,EVODEX.2.1-P7033","{""C"": 16, ""H"": 26, ""N"": 6, ""O"": 11, ""P"": 2}"
EVODEX.2.1-M223,238.2298,"EVODEX.2.1-P1584,EVODEX.2.1-P1717,EVODEX.2.1-P1718,EVODEX.2.1-P1763,EVODEX.2.1-P1817","{""C"": 16, ""H"": 30, ""O"": 1}"
EVODEX.2.1-M224,242.26112,"EVODEX.2.1-P1795,EVODEX.2.1-P1799,EVODEX.2.1-P1804,EVODEX.2.1-P1811,EVODEX.2.1-P1822","{""C"": 16, ""H"": 34, ""O"": 1}"
EVODEX.2.1-M225,554.17706,"EVODEX.2.1-P6427,EVODEX.2.1-P6430,EVODEX.2.1-P6433,EVODEX.2.1-P6436,EVODEX.2.1-P6440","{""C"": 17, ""H"": 32, ""N"": 8, ""O"": 9, ""P"": 2}"
EVODEX.2.1-M227,264.24546,"EVODEX.2.1-P1610,EVODEX.2.1-P1690,EVODEX.2.1-P1700,EVODEX.2.1-P1711,EVODEX.2.1-P1794","{""C"": 18, ""H"": 32, ""O"": 1}"
EVODEX.2.1-M228,280.24036,"EVODEX.2.1-P1688,EVODEX.2.1-P1818,EVODEX.2.1-P1819,EVODEX.2.1-P1820,EVODEX.2.1-P1821","{""C"": 18, ""H"": 32, ""O"": 2}"
EVODEX.2.1-M229,281.27205,"EVODEX.2.1-P5474,EVODEX.2.1-P5486,EVODEX.2.1-P5490,EVODEX.2.1-P5495,EVODEX.2.1-P5498","{""C"": 18, ""H"": 35, ""N"": 1, ""O"": 1}"
EVODEX.2.1-M168,299.28261000000003,"EVODEX.2.1-P1708,EVODEX.2.1-P1709,EVODEX.2.1-P1710,EVODEX.2.1-P1720,EVODEX.2.1-P5475,EVODEX.2.1-P5477,EVODEX.2.1-P5480,EVODEX.2.1-P5488,EVODEX.2.1-P5491","{""C"": 18, ""H"": 37, ""N"": 1, ""O"": 2}"
EVODEX.2.1-M607,301.29827,EVODEX.2.1-P1719,"{""C"": 18, ""H"": 39, ""N"": 1, ""O"": 2}"
EVODEX.2.1-M608,525.13752,EVODEX.2.1-P6590,"{""C"": 19, ""H"": 24, ""N"": 7, ""O"": 9, ""P"": 1}"
EVODEX.2.1-M102,27.010930000000002,"EVODEX.2.1-P5963,EVODEX.2.1-P5965,EVODEX.2.1-P5972,EVODEX.2.1-P5974,EVODEX.2.1-P5975,EVODEX.2.1-P5979,EVODEX.2.1-P5980,EVODEX.2.1-P6045,EVODEX.2.1-P6051,EVODEX.2.1-P6054","{""C"": 1, ""H"": 1, ""N"": 1}"
EVODEX.2.1-M230,43.00583,"EVODEX.2.1-P1468,EVODEX.2.1-P1470,EVODEX.2.1-P1473,EVODEX.2.1-P1477,EVODEX.2.1-P1478","{""C"": 1, ""H"": 1, ""N"": 1, ""O"": 1}"
EVODEX.2.1-M17,14.01566,"EVODEX.2.1-P1280,EVODEX.2.1-P1334,EVODEX.2.1-P1336,EVODEX.2.1-P1340,EVODEX.2.1-P1343,EVODEX.2.1-P1344,EVODEX.2.1-P1346,EVODEX.2.1-P1348,EVODEX.2.1-P1353,EVODEX.2.1-P1357,EVODEX.2.1-P1359,EVODEX.2.1-P1361,EVODEX.2.1-P1367,EVODEX.2.1-P1374,EVODEX.2.1-P1382,EVODEX.2.1-P1386,EVODEX.2.1-P1388,EVODEX.2.1-P1389,EVODEX.2.1-P1390,EVODEX.2.1-P1391,EVODEX.2.1-P1398,EVODEX.2.1-P1401,EVODEX.2.1-P1413,EVODEX.2.1-P1416,EVODEX.2.1-P1432,EVODEX.2.1-P1434,EVODEX.2.1-P1437,EVODEX.2.1-P1438,EVODEX.2.1-P1443,EVODEX.2.1-P1446,EVODEX.2.1-P1450,EVODEX.2.1-P2024,EVODEX.2.1-P2129,EVODEX.2.1-P2613,EVODEX.2.1-P2621,EVODEX.2.1-P2623,EVODEX.2.1-P2630,EVODEX.2.1-P2637,EVODEX.2.1-P3613","{""C"": 1, ""H"": 2}"
EVODEX.2.1-M231,42.021860000000004,"EVODEX.2.1-P1484,EVODEX.2.1-P1485,EVODEX.2.1-P1487,EVODEX.2.1-P1488,EVODEX.2.1-P5098","{""C"": 1, ""H"": 2, ""N"": 2}"
EVODEX.2.1-M232,15.023489999999999,"EVODEX.2.1-P1351,EVODEX.2.1-P1395,EVODEX.2.1-P1453,EVODEX.2.1-P1454,EVODEX.2.1-P1455","{""C"": 1, ""H"": 3}"
EVODEX.2.1-M233,32.02622,"EVODEX.2.1-P3614,EVODEX.2.1-P4267,EVODEX.2.1-P5097,EVODEX.2.1-P5341,EVODEX.2.1-P5429","{""C"": 1, ""H"": 4, ""O"": 1}"
EVODEX.2.1-M235,27.9949,"EVODEX.2.1-P1456,EVODEX.2.1-P1457,EVODEX.2.1-P1461,EVODEX.2.1-P5632,EVODEX.2.1-P5633","{""C"": 1, ""O"": 1}"
EVODEX.2.1-M175,43.9898,"EVODEX.2.1-P5910,EVODEX.2.1-P5912,EVODEX.2.1-P5915,EVODEX.2.1-P5918,EVODEX.2.1-P5922","{""C"": 1, ""O"": 2}"
EVODEX.2.1-M236,521.1985099999999,"EVODEX.2.1-P4746,EVODEX.2.1-P4747,EVODEX.2.1-P4757,EVODEX.2.1-P4758,EVODEX.2.1-P4762","{""C"": 20, ""H"": 27, ""N"": 9, ""O"": 8}"
EVODEX.2.1-M237,460.21854,"EVODEX.2.1-P4791,EVODEX.2.1-P4792,EVODEX.2.1-P4793,EVODEX.2.1-P4794,EVODEX.2.1-P4798","{""C"": 20, ""H"": 28, ""N"": 8, ""O"": 5}"
EVODEX.2.1-M238,661.0921699999999,"EVODEX.2.1-P6742,EVODEX.2.1-P6746,EVODEX.2.1-P7064,EVODEX.2.1-P7077,EVODEX.2.1-P7082","{""C"": 20, ""H"": 29, ""N"": 3, ""O"": 18, ""P"": 2}"
EVODEX.2.1-M239,539.20907,"EVODEX.2.1-P4745,EVODEX.2.1-P4748,EVODEX.2.1-P4755,EVODEX.2.1-P4761,EVODEX.2.1-P4799","{""C"": 20, ""H"": 29, ""N"": 9, ""O"": 9}"
EVODEX.2.1-M581,286.22979999999995,"EVODEX.2.1-P1768,EVODEX.2.1-P3653","{""C"": 20, ""H"": 30, ""O"": 1}"
EVODEX.2.1-M240,272.25056,"EVODEX.2.1-P2350,EVODEX.2.1-P2351,EVODEX.2.1-P2352,EVODEX.2.1-P2353,EVODEX.2.1-P2354","{""C"": 20, ""H"": 32}"
EVODEX.2.1-M241,721.1100199999998,"EVODEX.2.1-P727,EVODEX.2.1-P744,EVODEX.2.1-P769,EVODEX.2.1-P853,EVODEX.2.1-P885","{""C"": 20, ""H"": 34, ""N"": 7, ""O"": 14, ""P"": 3, ""S"": 1}"
EVODEX.2.1-M553,294.29244,"EVODEX.2.1-P1797,EVODEX.2.1-P1798,EVODEX.2.1-P1800","{""C"": 20, ""H"": 38, ""O"": 1}"
EVODEX.2.1-M534,664.11714,"EVODEX.2.1-P2916,EVODEX.2.1-P2918,EVODEX.2.1-P2920,EVODEX.2.1-P2921","{""C"": 21, ""H"": 28, ""N"": 7, ""O"": 14, ""P"": 2}"
EVODEX.2.1-M610,665.12497,EVODEX.2.1-P2922,"{""C"": 21, ""H"": 29, ""N"": 7, ""O"": 14, ""P"": 2}"
EVODEX.2.1-M244,749.10492,"EVODEX.2.1-P6303,EVODEX.2.1-P6307,EVODEX.2.1-P6311,EVODEX.2.1-P6313,EVODEX.2.1-P6325","{""C"": 21, ""H"": 34, ""N"": 7, ""O"": 15, ""P"": 3, ""S"": 1}"
EVODEX.2.1-M92,765.0998199999999,"EVODEX.2.1-P714,EVODEX.2.1-P726,EVODEX.2.1-P735,EVODEX.2.1-P771,EVODEX.2.1-P772,EVODEX.2.1-P774,EVODEX.2.1-P836,EVODEX.2.1-P840,EVODEX.2.1-P857,EVODEX.2.1-P884","{""C"": 21, ""H"": 34, ""N"": 7, ""O"": 16, ""P"": 3, ""S"": 1}"
EVODEX.2.1-M51,767.1154799999999,"EVODEX.2.1-P1602,EVODEX.2.1-P1626,EVODEX.2.1-P1716,EVODEX.2.1-P1723,EVODEX.2.1-P1733,EVODEX.2.1-P1734,EVODEX.2.1-P1736,EVODEX.2.1-P1843,EVODEX.2.1-P1844,EVODEX.2.1-P1852","{""C"": 21, ""H"": 36, ""N"": 7, ""O"": 16, ""P"": 3, ""S"": 1}"
EVODEX.2.1-M245,320.30809999999997,"EVODEX.2.1-P1689,EVODEX.2.1-P1765,EVODEX.2.1-P1807,EVODEX.2.1-P1808,EVODEX.2.1-P1809","{""C"": 22, ""H"": 40, ""O"": 1}"
EVODEX.2.1-M246,485.23893,"EVODEX.2.1-P4824,EVODEX.2.1-P4825,EVODEX.2.1-P4832,EVODEX.2.1-P4834,EVODEX.2.1-P4837","{""C"": 23, ""H"": 31, ""N"": 7, ""O"": 5}"
EVODEX.2.1-M247,503.24949000000004,"EVODEX.2.1-P4817,EVODEX.2.1-P4829,EVODEX.2.1-P4833,EVODEX.2.1-P4835,EVODEX.2.1-P4838","{""C"": 23, ""H"": 33, ""N"": 7, ""O"": 6}"
EVODEX.2.1-M248,809.1260399999999,"EVODEX.2.1-P1597,EVODEX.2.1-P1604,EVODEX.2.1-P1605,EVODEX.2.1-P1686,EVODEX.2.1-P1687","{""C"": 23, ""H"": 38, ""N"": 7, ""O"": 17, ""P"": 3, ""S"": 1}"
EVODEX.2.1-M249,851.1365999999998,"EVODEX.2.1-P3388,EVODEX.2.1-P3390,EVODEX.2.1-P3396,EVODEX.2.1-P3398,EVODEX.2.1-P3402","{""C"": 25, ""H"": 40, ""N"": 7, ""O"": 18, ""P"": 3, ""S"": 1}"
EVODEX.2.1-M250,867.1315,"EVODEX.2.1-P3353,EVODEX.2.1-P3371,EVODEX.2.1-P3375,EVODEX.2.1-P3379,EVODEX.2.1-P3380","{""C"": 25, ""H"": 40, ""N"": 7, ""O"": 19, ""P"": 3, ""S"": 1}"
EVODEX.2.1-M535,879.1315,"EVODEX.2.1-P3356,EVODEX.2.1-P3358,EVODEX.2.1-P3359,EVODEX.2.1-P3361","{""C"": 26, ""H"": 40, ""N"": 7, ""O"": 19, ""P"": 3, ""S"": 1}"
EVODEX.2.1-M612,881.14716,EVODEX.2.1-P3368,"{""C"": 26, ""H"": 42, ""N"": 7, ""O"": 19, ""P"": 3, ""S"": 1}"
EVODEX.2.1-M251,861.17193,"EVODEX.2.1-P6510,EVODEX.2.1-P6516,EVODEX.2.1-P6520,EVODEX.2.1-P6525,EVODEX.2.1-P6531","{""C"": 28, ""H"": 41, ""N"": 5, ""O"": 22, ""P"": 2}"
EVODEX.2.1-M39,42.01056,"EVODEX.2.1-P1628,EVODEX.2.1-P1699,EVODEX.2.1-P1714,EVODEX.2.1-P1728,EVODEX.2.1-P1729,EVODEX.2.1-P1737,EVODEX.2.1-P1738,EVODEX.2.1-P1772,EVODEX.2.1-P1823,EVODEX.2.1-P1828,EVODEX.2.1-P1831,EVODEX.2.1-P1834,EVODEX.2.1-P1839,EVODEX.2.1-P1840,EVODEX.2.1-P1926,EVODEX.2.1-P1939,EVODEX.2.1-P1947,EVODEX.2.1-P1948,EVODEX.2.1-P1949,EVODEX.2.1-P3575,EVODEX.2.1-P5549","{""C"": 2, ""H"": 2, ""O"": 1}"
EVODEX.2.1-M252,74.00036,"EVODEX.2.1-P2472,EVODEX.2.1-P2477,EVODEX.2.1-P2511,EVODEX.2.1-P2750,EVODEX.2.1-P2753","{""C"": 2, ""H"": 2, ""O"": 3}"
EVODEX.2.1-M103,57.02149,"EVODEX.2.1-P1825,EVODEX.2.1-P1826,EVODEX.2.1-P1888,EVODEX.2.1-P3625,EVODEX.2.1-P6514,EVODEX.2.1-P6702,EVODEX.2.1-P6705,EVODEX.2.1-P6988,EVODEX.2.1-P7066,EVODEX.2.1-P7104","{""C"": 2, ""H"": 3, ""N"": 1, ""O"": 1}"
EVODEX.2.1-M536,44.02622,"EVODEX.2.1-P1509,EVODEX.2.1-P6030,EVODEX.2.1-P6035,EVODEX.2.1-P6036","{""C"": 2, ""H"": 4, ""O"": 1}"
EVODEX.2.1-M52,60.021119999999996,"EVODEX.2.1-P1494,EVODEX.2.1-P1495,EVODEX.2.1-P1497,EVODEX.2.1-P1500,EVODEX.2.1-P1503,EVODEX.2.1-P1920,EVODEX.2.1-P1923,EVODEX.2.1-P1933,EVODEX.2.1-P1938,EVODEX.2.1-P1942,EVODEX.2.1-P2297,EVODEX.2.1-P2309,EVODEX.2.1-P2311,EVODEX.2.1-P2314,EVODEX.2.1-P2321","{""C"": 2, ""H"": 4, ""O"": 2}"
EVODEX.2.1-M54,75.03205,"EVODEX.2.1-P1514,EVODEX.2.1-P1515,EVODEX.2.1-P1516,EVODEX.2.1-P1553,EVODEX.2.1-P1555,EVODEX.2.1-P1675,EVODEX.2.1-P1783,EVODEX.2.1-P1784,EVODEX.2.1-P2725,EVODEX.2.1-P2737,EVODEX.2.1-P2740,EVODEX.2.1-P2744,EVODEX.2.1-P2747,EVODEX.2.1-P6026,EVODEX.2.1-P6058","{""C"": 2, ""H"": 5, ""N"": 1, ""O"": 2}"
EVODEX.2.1-M584,139.98745,"EVODEX.2.1-P6285,EVODEX.2.1-P6287","{""C"": 2, ""H"": 5, ""O"": 5, ""P"": 1}"
EVODEX.2.1-M253,46.04188,"EVODEX.2.1-P3609,EVODEX.2.1-P5018,EVODEX.2.1-P5101,EVODEX.2.1-P5102,EVODEX.2.1-P5104","{""C"": 2, ""H"": 6, ""O"": 1}"
EVODEX.2.1-M254,532.33386,"EVODEX.2.1-P2328,EVODEX.2.1-P2331,EVODEX.2.1-P2335,EVODEX.2.1-P2337,EVODEX.2.1-P2338","{""C"": 31, ""H"": 42, ""N"": 6, ""O"": 2, ""P"": -2, ""S"": 2}"
EVODEX.2.1-M255,710.27708,"EVODEX.2.1-P2327,EVODEX.2.1-P2332,EVODEX.2.1-P2333,EVODEX.2.1-P2334,EVODEX.2.1-P2336","{""C"": 31, ""H"": 46, ""N"": 6, ""O"": 9, ""S"": 2}"
EVODEX.2.1-M256,1096.1681399999998,"EVODEX.2.1-P6246,EVODEX.2.1-P6297,EVODEX.2.1-P6298,EVODEX.2.1-P6309,EVODEX.2.1-P6368","{""C"": 31, ""H"": 48, ""N"": 12, ""O"": 22, ""P"": 4, ""S"": 1}"
EVODEX.2.1-M257,1176.1344699999997,"EVODEX.2.1-P6257,EVODEX.2.1-P6281,EVODEX.2.1-P6356,EVODEX.2.1-P6361,EVODEX.2.1-P6374","{""C"": 31, ""H"": 49, ""N"": 12, ""O"": 25, ""P"": 5, ""S"": 1}"
EVODEX.2.1-M258,1192.1293699999999,"EVODEX.2.1-P6239,EVODEX.2.1-P6322,EVODEX.2.1-P6324,EVODEX.2.1-P6326,EVODEX.2.1-P6333","{""C"": 31, ""H"": 49, ""N"": 12, ""O"": 26, ""P"": 5, ""S"": 1}"
EVODEX.2.1-M259,86.00036,"EVODEX.2.1-P1537,EVODEX.2.1-P1538,EVODEX.2.1-P1622,EVODEX.2.1-P1623,EVODEX.2.1-P1692","{""C"": 3, ""H"": 2, ""O"": 3}"
EVODEX.2.1-M262,56.02622,"EVODEX.2.1-P1519,EVODEX.2.1-P1609,EVODEX.2.1-P1627,EVODEX.2.1-P1730,EVODEX.2.1-P5541","{""C"": 3, ""H"": 4, ""O"": 1}"
EVODEX.2.1-M263,72.02112,"EVODEX.2.1-P1215,EVODEX.2.1-P1217,EVODEX.2.1-P1224,EVODEX.2.1-P1231,EVODEX.2.1-P1259","{""C"": 3, ""H"": 4, ""O"": 2}"
EVODEX.2.1-M44,88.01602,"EVODEX.2.1-P2324,EVODEX.2.1-P2428,EVODEX.2.1-P2429,EVODEX.2.1-P2430,EVODEX.2.1-P2453,EVODEX.2.1-P2489,EVODEX.2.1-P2494,EVODEX.2.1-P2495,EVODEX.2.1-P2600,EVODEX.2.1-P2696,EVODEX.2.1-P2815,EVODEX.2.1-P2942,EVODEX.2.1-P2945,EVODEX.2.1-P2949,EVODEX.2.1-P2953,EVODEX.2.1-P5953,EVODEX.2.1-P6023,EVODEX.2.1-P6065,EVODEX.2.1-P6066,EVODEX.2.1-P6074","{""C"": 3, ""H"": 4, ""O"": 3}"
EVODEX.2.1-M60,71.03715,"EVODEX.2.1-P3624,EVODEX.2.1-P4265,EVODEX.2.1-P4579,EVODEX.2.1-P6461,EVODEX.2.1-P6465,EVODEX.2.1-P6517,EVODEX.2.1-P6634,EVODEX.2.1-P6714,EVODEX.2.1-P6717,EVODEX.2.1-P6724,EVODEX.2.1-P6727,EVODEX.2.1-P6763,EVODEX.2.1-P6882,EVODEX.2.1-P6965,EVODEX.2.1-P6970","{""C"": 3, ""H"": 5, ""N"": 1, ""O"": 1}"
EVODEX.2.1-M264,103.00925,"EVODEX.2.1-P6653,EVODEX.2.1-P6654,EVODEX.2.1-P6955,EVODEX.2.1-P7020,EVODEX.2.1-P7074","{""C"": 3, ""H"": 5, ""N"": 1, ""O"": 1, ""S"": 1}"
EVODEX.2.1-M104,87.03205,"EVODEX.2.1-P2290,EVODEX.2.1-P2291,EVODEX.2.1-P2294,EVODEX.2.1-P2296,EVODEX.2.1-P6143,EVODEX.2.1-P6712,EVODEX.2.1-P6779,EVODEX.2.1-P6815,EVODEX.2.1-P6873,EVODEX.2.1-P7067","{""C"": 3, ""H"": 5, ""N"": 1, ""O"": 2}"
EVODEX.2.1-M265,90.03168,"EVODEX.2.1-P5991,EVODEX.2.1-P5996,EVODEX.2.1-P6000,EVODEX.2.1-P6016,EVODEX.2.1-P6021","{""C"": 3, ""H"": 6, ""O"": 3}"
EVODEX.2.1-M266,57.05791000000001,"EVODEX.2.1-P2207,EVODEX.2.1-P2209,EVODEX.2.1-P2235,EVODEX.2.1-P2252,EVODEX.2.1-P2253","{""C"": 3, ""H"": 7, ""N"": 1}"
EVODEX.2.1-M41,89.04771000000001,"EVODEX.2.1-P2435,EVODEX.2.1-P2438,EVODEX.2.1-P2443,EVODEX.2.1-P2452,EVODEX.2.1-P2517,EVODEX.2.1-P2521,EVODEX.2.1-P2523,EVODEX.2.1-P2580,EVODEX.2.1-P2671,EVODEX.2.1-P2695","{""C"": 3, ""H"": 7, ""N"": 1, ""O"": 2}"
EVODEX.2.1-M170,105.04261,"EVODEX.2.1-P2914,EVODEX.2.1-P3298,EVODEX.2.1-P3299,EVODEX.2.1-P3300,EVODEX.2.1-P3302","{""C"": 3, ""H"": 7, ""N"": 1, ""O"": 3}"
EVODEX.2.1-M183,169.99801,"EVODEX.2.1-P1732,EVODEX.2.1-P5994,EVODEX.2.1-P6003,EVODEX.2.1-P6004,EVODEX.2.1-P6008,EVODEX.2.1-P6012","{""C"": 3, ""H"": 7, ""O"": 6, ""P"": 1}"
EVODEX.2.1-M267,185.99291000000002,"EVODEX.2.1-P3067,EVODEX.2.1-P3068,EVODEX.2.1-P3069,EVODEX.2.1-P3070,EVODEX.2.1-P3071","{""C"": 3, ""H"": 7, ""O"": 7, ""P"": 1}"
EVODEX.2.1-M537,172.01367000000002,"EVODEX.2.1-P1590,EVODEX.2.1-P1591,EVODEX.2.1-P1593,EVODEX.2.1-P1685","{""C"": 3, ""H"": 9, ""O"": 6, ""P"": 1}"
EVODEX.2.1-M268,522.6300399999999,"EVODEX.2.1-P3281,EVODEX.2.1-P3286,EVODEX.2.1-P3289,EVODEX.2.1-P3293,EVODEX.2.1-P3295","{""C"": 46, ""H"": 78, ""N"": -2, ""O"": -5}"
EVODEX.2.1-M269,132.00582,"EVODEX.2.1-P2528,EVODEX.2.1-P2536,EVODEX.2.1-P2675,EVODEX.2.1-P2785,EVODEX.2.1-P2803","{""C"": 4, ""H"": 4, ""O"": 5}"
EVODEX.2.1-M270,131.02185,"EVODEX.2.1-P2461,EVODEX.2.1-P2463,EVODEX.2.1-P2470,EVODEX.2.1-P2471,EVODEX.2.1-P2620","{""C"": 4, ""H"": 5, ""N"": 1, ""O"": 4}"
EVODEX.2.1-M273,70.04187999999999,"EVODEX.2.1-P1634,EVODEX.2.1-P1835,EVODEX.2.1-P1836,EVODEX.2.1-P1837,EVODEX.2.1-P3679","{""C"": 4, ""H"": 6, ""O"": 1}"
EVODEX.2.1-M26,102.03168,"EVODEX.2.1-P2407,EVODEX.2.1-P2589,EVODEX.2.1-P2604,EVODEX.2.1-P2770,EVODEX.2.1-P2774,EVODEX.2.1-P3385,EVODEX.2.1-P3386,EVODEX.2.1-P3394,EVODEX.2.1-P3400,EVODEX.2.1-P3404","{""C"": 4, ""H"": 6, ""O"": 3}"
EVODEX.2.1-M274,118.02658,"EVODEX.2.1-P3352,EVODEX.2.1-P3363,EVODEX.2.1-P3365,EVODEX.2.1-P3366,EVODEX.2.1-P3367","{""C"": 4, ""H"": 6, ""O"": 4}"
EVODEX.2.1-M275,85.05281000000001,"EVODEX.2.1-P6605,EVODEX.2.1-P6638,EVODEX.2.1-P6643,EVODEX.2.1-P6689,EVODEX.2.1-P7071","{""C"": 4, ""H"": 7, ""N"": 1, ""O"": 1}"
EVODEX.2.1-M105,101.04771000000001,"EVODEX.2.1-P2303,EVODEX.2.1-P2312,EVODEX.2.1-P2316,EVODEX.2.1-P2318,EVODEX.2.1-P2322,EVODEX.2.1-P6620,EVODEX.2.1-P6780,EVODEX.2.1-P6852,EVODEX.2.1-P6879,EVODEX.2.1-P6960","{""C"": 4, ""H"": 7, ""N"": 1, ""O"": 2}"
EVODEX.2.1-M276,133.03751,"EVODEX.2.1-P2409,EVODEX.2.1-P2532,EVODEX.2.1-P2780,EVODEX.2.1-P2781,EVODEX.2.1-P2787","{""C"": 4, ""H"": 7, ""N"": 1, ""O"": 4}"
EVODEX.2.1-M279,846.66593,"EVODEX.2.1-P3282,EVODEX.2.1-P3284,EVODEX.2.1-P3290,EVODEX.2.1-P3296,EVODEX.2.1-P3297","{""C"": 55, ""H"": 91, ""O"": 4, ""P"": 1}"
EVODEX.2.1-M587,227.01950000000002,"EVODEX.2.1-P6379,EVODEX.2.1-P6399","{""C"": 5, ""H"": 10, ""N"": 1, ""O"": 7, ""P"": 1}"
EVODEX.2.1-M93,146.0692,"EVODEX.2.1-P2444,EVODEX.2.1-P2458,EVODEX.2.1-P2716,EVODEX.2.1-P2727,EVODEX.2.1-P2735","{""C"": 5, ""H"": 10, ""N"": 2, ""O"": 3}"
EVODEX.2.1-M171,117.07903,"EVODEX.2.1-P2525,EVODEX.2.1-P2559,EVODEX.2.1-P2566,EVODEX.2.1-P2594,EVODEX.2.1-P2730","{""C"": 5, ""H"": 11, ""N"": 1, ""O"": 2}"
EVODEX.2.1-M280,230.01913,"EVODEX.2.1-P2860,EVODEX.2.1-P2908,EVODEX.2.1-P3154,EVODEX.2.1-P3155,EVODEX.2.1-P3160","{""C"": 5, ""H"": 11, ""O"": 8, ""P"": 1}"
EVODEX.2.1-M557,82.04188,"EVODEX.2.1-P1641,EVODEX.2.1-P1646,EVODEX.2.1-P1647","{""C"": 5, ""H"": 6, ""O"": 1}"
EVODEX.2.1-M282,130.02658,"EVODEX.2.1-P2656,EVODEX.2.1-P2659,EVODEX.2.1-P2662,EVODEX.2.1-P2668,EVODEX.2.1-P2670","{""C"": 5, ""H"": 6, ""O"": 4}"
EVODEX.2.1-M61,146.02148,"EVODEX.2.1-P2414,EVODEX.2.1-P2426,EVODEX.2.1-P2427,EVODEX.2.1-P2432,EVODEX.2.1-P2456,EVODEX.2.1-P2510,EVODEX.2.1-P2529,EVODEX.2.1-P2540,EVODEX.2.1-P2573,EVODEX.2.1-P2585,EVODEX.2.1-P2681,EVODEX.2.1-P2708,EVODEX.2.1-P2760,EVODEX.2.1-P2805,EVODEX.2.1-P2813","{""C"": 5, ""H"": 6, ""O"": 5}"
EVODEX.2.1-M283,97.05281000000001,"EVODEX.2.1-P4250,EVODEX.2.1-P4264,EVODEX.2.1-P4268,EVODEX.2.1-P6862,EVODEX.2.1-P6866","{""C"": 5, ""H"": 7, ""N"": 1, ""O"": 1}"
EVODEX.2.1-M86,129.04261,"EVODEX.2.1-P1872,EVODEX.2.1-P1876,EVODEX.2.1-P1892,EVODEX.2.1-P6553,EVODEX.2.1-P6560,EVODEX.2.1-P6563,EVODEX.2.1-P6567,EVODEX.2.1-P6583,EVODEX.2.1-P6608,EVODEX.2.1-P6656","{""C"": 5, ""H"": 7, ""N"": 1, ""O"": 3}"
EVODEX.2.1-M284,145.03751,"EVODEX.2.1-P2479,EVODEX.2.1-P2482,EVODEX.2.1-P2687,EVODEX.2.1-P2690,EVODEX.2.1-P2723","{""C"": 5, ""H"": 7, ""N"": 1, ""O"": 4}"
EVODEX.2.1-M45,68.06264,"EVODEX.2.1-P2212,EVODEX.2.1-P2216,EVODEX.2.1-P2218,EVODEX.2.1-P2220,EVODEX.2.1-P2223,EVODEX.2.1-P2226,EVODEX.2.1-P2233,EVODEX.2.1-P2238,EVODEX.2.1-P2268,EVODEX.2.1-P2274,EVODEX.2.1-P2275,EVODEX.2.1-P2277,EVODEX.2.1-P2279,EVODEX.2.1-P2391,EVODEX.2.1-P2393,EVODEX.2.1-P2395,EVODEX.2.1-P2396,EVODEX.2.1-P2398,EVODEX.2.1-P2399,EVODEX.2.1-P2402","{""C"": 5, ""H"": 8}"
EVODEX.2.1-M285,128.05864,"EVODEX.2.1-P6730,EVODEX.2.1-P6801,EVODEX.2.1-P6805,EVODEX.2.1-P6808,EVODEX.2.1-P7034","{""C"": 5, ""H"": 8, ""N"": 2, ""O"": 2}"
EVODEX.2.1-M589,84.05754,"EVODEX.2.1-P1631,EVODEX.2.1-P1706","{""C"": 5, ""H"": 8, ""O"": 1}"
EVODEX.2.1-M286,116.04733999999999,"EVODEX.2.1-P2448,EVODEX.2.1-P2558,EVODEX.2.1-P2612,EVODEX.2.1-P2614,EVODEX.2.1-P2729","{""C"": 5, ""H"": 8, ""O"": 3}"
EVODEX.2.1-M287,148.01944,"EVODEX.2.1-P2514,EVODEX.2.1-P2617,EVODEX.2.1-P2701,EVODEX.2.1-P2702,EVODEX.2.1-P2704","{""C"": 5, ""H"": 8, ""O"": 3, ""S"": 1}"
EVODEX.2.1-M288,132.04224,"EVODEX.2.1-P2111,EVODEX.2.1-P2112,EVODEX.2.1-P2179,EVODEX.2.1-P2181,EVODEX.2.1-P2182","{""C"": 5, ""H"": 8, ""O"": 4}"
EVODEX.2.1-M289,99.06847,"EVODEX.2.1-P6753,EVODEX.2.1-P6849,EVODEX.2.1-P6880,EVODEX.2.1-P6917,EVODEX.2.1-P6936","{""C"": 5, ""H"": 9, ""N"": 1, ""O"": 1}"
EVODEX.2.1-M106,131.04057,"EVODEX.2.1-P6732,EVODEX.2.1-P6789,EVODEX.2.1-P6841,EVODEX.2.1-P6946,EVODEX.2.1-P6947,EVODEX.2.1-P6950,EVODEX.2.1-P6962,EVODEX.2.1-P6994,EVODEX.2.1-P7014,EVODEX.2.1-P7016","{""C"": 5, ""H"": 9, ""N"": 1, ""O"": 1, ""S"": 1}"
EVODEX.2.1-M30,147.05317,"EVODEX.2.1-P2416,EVODEX.2.1-P2421,EVODEX.2.1-P2423,EVODEX.2.1-P2425,EVODEX.2.1-P2506,EVODEX.2.1-P2508,EVODEX.2.1-P2509,EVODEX.2.1-P2515,EVODEX.2.1-P2596,EVODEX.2.1-P2619,EVODEX.2.1-P2673,EVODEX.2.1-P2697,EVODEX.2.1-P2705,EVODEX.2.1-P2719,EVODEX.2.1-P2812","{""C"": 5, ""H"": 9, ""N"": 1, ""O"": 4}"
EVODEX.2.1-M290,130.063,"EVODEX.2.1-P2457,EVODEX.2.1-P2601,EVODEX.2.1-P2616,EVODEX.2.1-P2644,EVODEX.2.1-P2653","{""C"": 6, ""H"": 10, ""O"": 3}"
EVODEX.2.1-M291,146.0579,"EVODEX.2.1-P2123,EVODEX.2.1-P2125,EVODEX.2.1-P2127,EVODEX.2.1-P2133,EVODEX.2.1-P2135","{""C"": 6, ""H"": 10, ""O"": 4}"
EVODEX.2.1-M46,162.0528,"EVODEX.2.1-P1977,EVODEX.2.1-P1995,EVODEX.2.1-P2006,EVODEX.2.1-P2008,EVODEX.2.1-P2011,EVODEX.2.1-P2022,EVODEX.2.1-P2023,EVODEX.2.1-P2026,EVODEX.2.1-P2030,EVODEX.2.1-P2056,EVODEX.2.1-P2058,EVODEX.2.1-P2064,EVODEX.2.1-P2067,EVODEX.2.1-P2090,EVODEX.2.1-P2094,EVODEX.2.1-P2142,EVODEX.2.1-P2143,EVODEX.2.1-P2148,EVODEX.2.1-P2149,EVODEX.2.1-P2152","{""C"": 6, ""H"": 10, ""O"": 5}"
EVODEX.2.1-M107,113.08413,"EVODEX.2.1-P5427,EVODEX.2.1-P5630,EVODEX.2.1-P6784,EVODEX.2.1-P6834,EVODEX.2.1-P6836,EVODEX.2.1-P6907,EVODEX.2.1-P7031,EVODEX.2.1-P7054,EVODEX.2.1-P7055,EVODEX.2.1-P7079","{""C"": 6, ""H"": 11, ""N"": 1, ""O"": 1}"
EVODEX.2.1-M292,148.07356,"EVODEX.2.1-P2933,EVODEX.2.1-P2935,EVODEX.2.1-P2937,EVODEX.2.1-P2938,EVODEX.2.1-P2939","{""C"": 6, ""H"": 12, ""O"": 4}"
EVODEX.2.1-M47,180.06336,"EVODEX.2.1-P2817,EVODEX.2.1-P2869,EVODEX.2.1-P2876,EVODEX.2.1-P2895,EVODEX.2.1-P2896,EVODEX.2.1-P2897,EVODEX.2.1-P2898,EVODEX.2.1-P2967,EVODEX.2.1-P2968,EVODEX.2.1-P2969,EVODEX.2.1-P2970,EVODEX.2.1-P2976,EVODEX.2.1-P2977,EVODEX.2.1-P2978,EVODEX.2.1-P2981,EVODEX.2.1-P3276,EVODEX.2.1-P3277,EVODEX.2.1-P3278,EVODEX.2.1-P3280,EVODEX.2.1-P3801","{""C"": 6, ""H"": 12, ""O"": 6}"
EVODEX.2.1-M56,131.09468999999999,"EVODEX.2.1-P2551,EVODEX.2.1-P2563,EVODEX.2.1-P2605,EVODEX.2.1-P2606,EVODEX.2.1-P2611,EVODEX.2.1-P2626,EVODEX.2.1-P2638,EVODEX.2.1-P2640,EVODEX.2.1-P2655,EVODEX.2.1-P2734","{""C"": 6, ""H"": 13, ""N"": 1, ""O"": 2}"
EVODEX.2.1-M293,244.03479000000002,"EVODEX.2.1-P3193,EVODEX.2.1-P3204,EVODEX.2.1-P3208,EVODEX.2.1-P3211,EVODEX.2.1-P3213","{""C"": 6, ""H"": 13, ""O"": 8, ""P"": 1}"
EVODEX.2.1-M62,260.02968999999996,"EVODEX.2.1-P2829,EVODEX.2.1-P2830,EVODEX.2.1-P2833,EVODEX.2.1-P2834,EVODEX.2.1-P2835,EVODEX.2.1-P2837,EVODEX.2.1-P2864,EVODEX.2.1-P2865,EVODEX.2.1-P2866,EVODEX.2.1-P3031,EVODEX.2.1-P3182,EVODEX.2.1-P3187,EVODEX.2.1-P3189,EVODEX.2.1-P3199,EVODEX.2.1-P3256","{""C"": 6, ""H"": 13, ""O"": 9, ""P"": 1}"
EVODEX.2.1-M294,120.03242,"EVODEX.2.1-P4246,EVODEX.2.1-P4577,EVODEX.2.1-P4734,EVODEX.2.1-P4763,EVODEX.2.1-P4875","{""C"": 6, ""H"": 4, ""N"": 2, ""O"": 1}"
EVODEX.2.1-M295,138.04298,"EVODEX.2.1-P4583,EVODEX.2.1-P4658,EVODEX.2.1-P4659,EVODEX.2.1-P4670,EVODEX.2.1-P4874","{""C"": 6, ""H"": 6, ""N"": 2, ""O"": 2}"
EVODEX.2.1-M108,137.05901,"EVODEX.2.1-P6453,EVODEX.2.1-P6456,EVODEX.2.1-P6797,EVODEX.2.1-P6920,EVODEX.2.1-P6983,EVODEX.2.1-P6996,EVODEX.2.1-P7001,EVODEX.2.1-P7007,EVODEX.2.1-P7010,EVODEX.2.1-P7025","{""C"": 6, ""H"": 7, ""N"": 3, ""O"": 1}"
EVODEX.2.1-M297,160.03714,"EVODEX.2.1-P2691,EVODEX.2.1-P2767,EVODEX.2.1-P2791,EVODEX.2.1-P2793,EVODEX.2.1-P2794","{""C"": 6, ""H"": 8, ""O"": 5}"
EVODEX.2.1-M109,176.03204,"EVODEX.2.1-P2033,EVODEX.2.1-P2034,EVODEX.2.1-P2040,EVODEX.2.1-P2041,EVODEX.2.1-P2044,EVODEX.2.1-P2045,EVODEX.2.1-P2046,EVODEX.2.1-P2047,EVODEX.2.1-P2060,EVODEX.2.1-P2061","{""C"": 6, ""H"": 8, ""O"": 6}"
EVODEX.2.1-M298,143.04057,"EVODEX.2.1-P2962,EVODEX.2.1-P2963,EVODEX.2.1-P2964,EVODEX.2.1-P2965,EVODEX.2.1-P2966","{""C"": 6, ""H"": 9, ""N"": 1, ""O"": 1, ""S"": 1}"
EVODEX.2.1-M110,155.06957,"EVODEX.2.1-P2445,EVODEX.2.1-P2524,EVODEX.2.1-P2571,EVODEX.2.1-P2714,EVODEX.2.1-P2783","{""C"": 6, ""H"": 9, ""N"": 3, ""O"": 2}"
EVODEX.2.1-M299,66.09157,"EVODEX.2.1-P3203,EVODEX.2.1-P3207,EVODEX.2.1-P3209,EVODEX.2.1-P3210,EVODEX.2.1-P3212","{""C"": 6, ""H"": 9, ""O"": 1, ""P"": -1}"
EVODEX.2.1-M300,82.08647,"EVODEX.2.1-P3177,EVODEX.2.1-P3181,EVODEX.2.1-P3188,EVODEX.2.1-P3190,EVODEX.2.1-P3198","{""C"": 6, ""H"": 9, ""O"": 2, ""P"": -1}"
EVODEX.2.1-M301,127.14750999999998,"EVODEX.2.1-P5624,EVODEX.2.1-P6424,EVODEX.2.1-P6432,EVODEX.2.1-P6435,EVODEX.2.1-P6438","{""C"": 7, ""H"": 17, ""N"": 3, ""O"": -1}"
EVODEX.2.1-M302,164.02222,"EVODEX.2.1-P3623,EVODEX.2.1-P4587,EVODEX.2.1-P4589,EVODEX.2.1-P4608,EVODEX.2.1-P5344","{""C"": 7, ""H"": 4, ""N"": 2, ""O"": 3}"
EVODEX.2.1-M111,104.02622,"EVODEX.2.1-P1554,EVODEX.2.1-P1556,EVODEX.2.1-P1678,EVODEX.2.1-P1680,EVODEX.2.1-P1682,EVODEX.2.1-P1684,EVODEX.2.1-P1786,EVODEX.2.1-P1860,EVODEX.2.1-P5628,EVODEX.2.1-P5629","{""C"": 7, ""H"": 4, ""O"": 1}"
EVODEX.2.1-M303,182.03278,"EVODEX.2.1-P3619,EVODEX.2.1-P4588,EVODEX.2.1-P4593,EVODEX.2.1-P4609,EVODEX.2.1-P4612","{""C"": 7, ""H"": 6, ""N"": 2, ""O"": 4}"
EVODEX.2.1-M304,108.05754,"EVODEX.2.1-P4253,EVODEX.2.1-P4254,EVODEX.2.1-P4263,EVODEX.2.1-P4270,EVODEX.2.1-P4272","{""C"": 7, ""H"": 8, ""O"": 1}"
EVODEX.2.1-M305,198.0464,"EVODEX.2.1-P3629,EVODEX.2.1-P5332,EVODEX.2.1-P5349,EVODEX.2.1-P5351,EVODEX.2.1-P5356","{""C"": 8, ""H"": 10, ""N"": 2, ""O"": 2, ""S"": 1}"
EVODEX.2.1-M306,216.05696,"EVODEX.2.1-P3630,EVODEX.2.1-P5334,EVODEX.2.1-P5352,EVODEX.2.1-P5355,EVODEX.2.1-P5357","{""C"": 8, ""H"": 12, ""N"": 2, ""O"": 3, ""S"": 1}"
EVODEX.2.1-M307,232.05186,"EVODEX.2.1-P6677,EVODEX.2.1-P6680,EVODEX.2.1-P6681,EVODEX.2.1-P6684,EVODEX.2.1-P6686","{""C"": 8, ""H"": 12, ""N"": 2, ""O"": 4, ""S"": 1}"
EVODEX.2.1-M308,203.07939,"EVODEX.2.1-P2012,EVODEX.2.1-P2016,EVODEX.2.1-P2079,EVODEX.2.1-P2103,EVODEX.2.1-P2139","{""C"": 8, ""H"": 13, ""N"": 1, ""O"": 5}"
EVODEX.2.1-M309,118.04188,"EVODEX.2.1-P1577,EVODEX.2.1-P5338,EVODEX.2.1-P5340,EVODEX.2.1-P5348,EVODEX.2.1-P5360","{""C"": 8, ""H"": 6, ""O"": 1}"
EVODEX.2.1-M94,165.07903,"EVODEX.2.1-P2556,EVODEX.2.1-P2676,EVODEX.2.1-P2706,EVODEX.2.1-P2755,EVODEX.2.1-P2758","{""C"": 9, ""H"": 11, ""N"": 1, ""O"": 2}"
EVODEX.2.1-M185,181.07393,"EVODEX.2.1-P2466,EVODEX.2.1-P2537,EVODEX.2.1-P2645,EVODEX.2.1-P2679,EVODEX.2.1-P2722","{""C"": 9, ""H"": 11, ""N"": 1, ""O"": 3}"
EVODEX.2.1-M310,306.02533,"EVODEX.2.1-P3176,EVODEX.2.1-P3196,EVODEX.2.1-P3227,EVODEX.2.1-P3264,EVODEX.2.1-P3268","{""C"": 9, ""H"": 11, ""N"": 2, ""O"": 8, ""P"": 1}"
EVODEX.2.1-M112,305.04135999999994,"EVODEX.2.1-P3178,EVODEX.2.1-P3194,EVODEX.2.1-P3220,EVODEX.2.1-P3221,EVODEX.2.1-P3223,EVODEX.2.1-P3252,EVODEX.2.1-P3259,EVODEX.2.1-P3270,EVODEX.2.1-P3271,EVODEX.2.1-P3272","{""C"": 9, ""H"": 12, ""N"": 3, ""O"": 7, ""P"": 1}"
EVODEX.2.1-M311,324.03589,"EVODEX.2.1-P3108,EVODEX.2.1-P3109,EVODEX.2.1-P3111,EVODEX.2.1-P3287,EVODEX.2.1-P3288","{""C"": 9, ""H"": 13, ""N"": 2, ""O"": 9, ""P"": 1}"
EVODEX.2.1-M312,227.09069,"EVODEX.2.1-P2841,EVODEX.2.1-P2853,EVODEX.2.1-P2855,EVODEX.2.1-P2857,EVODEX.2.1-P2995","{""C"": 9, ""H"": 13, ""N"": 3, ""O"": 4}"
EVODEX.2.1-M313,323.05192,"EVODEX.2.1-P2957,EVODEX.2.1-P2960,EVODEX.2.1-P3113,EVODEX.2.1-P3114,EVODEX.2.1-P3115","{""C"": 9, ""H"": 14, ""N"": 3, ""O"": 8, ""P"": 1}"
EVODEX.2.1-M314,146.03678,"EVODEX.2.1-P1563,EVODEX.2.1-P1580,EVODEX.2.1-P1694,EVODEX.2.1-P1698,EVODEX.2.1-P3671","{""C"": 9, ""H"": 6, ""O"": 2}"
EVODEX.2.1-M113,162.03168,"EVODEX.2.1-P1522,EVODEX.2.1-P1527,EVODEX.2.1-P1535,EVODEX.2.1-P1536,EVODEX.2.1-P1566,EVODEX.2.1-P1571,EVODEX.2.1-P1574,EVODEX.2.1-P1594,EVODEX.2.1-P1696,EVODEX.2.1-P3670","{""C"": 9, ""H"": 6, ""O"": 3}"
EVODEX.2.1-M315,164.04734,"EVODEX.2.1-P2459,EVODEX.2.1-P2562,EVODEX.2.1-P2741,EVODEX.2.1-P2756,EVODEX.2.1-P2759","{""C"": 9, ""H"": 8, ""O"": 3}"
EVODEX.2.1-M114,147.06847,"EVODEX.2.1-P4584,EVODEX.2.1-P5631,EVODEX.2.1-P6769,EVODEX.2.1-P6774,EVODEX.2.1-P6826,EVODEX.2.1-P6829,EVODEX.2.1-P6832,EVODEX.2.1-P6840,EVODEX.2.1-P6844,EVODEX.2.1-P6973","{""C"": 9, ""H"": 9, ""N"": 1, ""O"": 1}"
EVODEX.2.1-M316,163.06337,"EVODEX.2.1-P6674,EVODEX.2.1-P6922,EVODEX.2.1-P6929,EVODEX.2.1-P6933,EVODEX.2.1-P6986","{""C"": 9, ""H"": 9, ""N"": 1, ""O"": 2}"
EVODEX.2.1-M317,-1461.24535,"EVODEX.2.1-P1985,EVODEX.2.1-P1986,EVODEX.2.1-P1990,EVODEX.2.1-P1991,EVODEX.2.1-P1992","{""C"": -100, ""H"": -165, ""O"": -4, ""P"": -1}"
EVODEX.2.1-M318,-211.02452,"EVODEX.2.1-P4142,EVODEX.2.1-P4379,EVODEX.2.1-P4897,EVODEX.2.1-P5061,EVODEX.2.1-P5068","{""C"": -10, ""F"": -3, ""H"": -4, ""N"": -1, ""O"": -1}"
EVODEX.2.1-M319,-229.03508,"EVODEX.2.1-P4865,EVODEX.2.1-P5010,EVODEX.2.1-P5051,EVODEX.2.1-P5060,EVODEX.2.1-P5067","{""C"": -10, ""F"": -3, ""H"": -6, ""N"": -1, ""O"": -2}"
EVODEX.2.1-M320,-161.08413,"EVODEX.2.1-P4293,EVODEX.2.1-P4384,EVODEX.2.1-P4648,EVODEX.2.1-P4848,EVODEX.2.1-P4950","{""C"": -10, ""H"": -11, ""N"": -1, ""O"": -1}"
EVODEX.2.1-M321,-249.08633,"EVODEX.2.1-P2246,EVODEX.2.1-P3102,EVODEX.2.1-P3782,EVODEX.2.1-P6144,EVODEX.2.1-P6146","{""C"": -10, ""H"": -11, ""N"": -5, ""O"": -3}"
EVODEX.2.1-M115,-329.05266,"EVODEX.2.1-P3174,EVODEX.2.1-P3200,EVODEX.2.1-P5820,EVODEX.2.1-P5827,EVODEX.2.1-P5854","{""C"": -10, ""H"": -12, ""N"": -5, ""O"": -6, ""P"": -1}"
EVODEX.2.1-M116,-345.04756,"EVODEX.2.1-P3183,EVODEX.2.1-P3201,EVODEX.2.1-P3231,EVODEX.2.1-P5815,EVODEX.2.1-P5838","{""C"": -10, ""H"": -12, ""N"": -5, ""O"": -7, ""P"": -1}"
EVODEX.2.1-M322,-267.09689,"EVODEX.2.1-P2848,EVODEX.2.1-P2849,EVODEX.2.1-P2884,EVODEX.2.1-P2984,EVODEX.2.1-P3049","{""C"": -10, ""H"": -13, ""N"": -5, ""O"": -4}"
EVODEX.2.1-M63,-409.01899,"EVODEX.2.1-P1271,EVODEX.2.1-P246,EVODEX.2.1-P2890,EVODEX.2.1-P3133,EVODEX.2.1-P5840","{""C"": -10, ""H"": -13, ""N"": -5, ""O"": -9, ""P"": -2}"
EVODEX.2.1-M324,-428.01352,"EVODEX.2.1-P2819,EVODEX.2.1-P2836,EVODEX.2.1-P2901,EVODEX.2.1-P2929,EVODEX.2.1-P2987","{""C"": -10, ""H"": -14, ""N"": -4, ""O"": -11, ""P"": -2}"
EVODEX.2.1-M325,-331.06831999999997,"EVODEX.2.1-P3002,EVODEX.2.1-P3166,EVODEX.2.1-P3168,EVODEX.2.1-P3169,EVODEX.2.1-P3170","{""C"": -10, ""H"": -14, ""N"": -5, ""O"": -6, ""P"": -1}"
EVODEX.2.1-M33,-347.06322,"EVODEX.2.1-P2868,EVODEX.2.1-P2872,EVODEX.2.1-P2889,EVODEX.2.1-P2906,EVODEX.2.1-P3001,EVODEX.2.1-P3128,EVODEX.2.1-P3129,EVODEX.2.1-P3132,EVODEX.2.1-P3141,EVODEX.2.1-P3171,EVODEX.2.1-P3242,EVODEX.2.1-P3305,EVODEX.2.1-P5814,EVODEX.2.1-P5819,EVODEX.2.1-P5853","{""C"": -10, ""H"": -14, ""N"": -5, ""O"": -7, ""P"": -1}"
EVODEX.2.1-M326,-363.05812,"EVODEX.2.1-P2862,EVODEX.2.1-P2863,EVODEX.2.1-P2911,EVODEX.2.1-P3164,EVODEX.2.1-P5817","{""C"": -10, ""H"": -14, ""N"": -5, ""O"": -8, ""P"": -1}"
EVODEX.2.1-M13,-427.02955000000003,"EVODEX.2.1-P2068,EVODEX.2.1-P2069,EVODEX.2.1-P2071,EVODEX.2.1-P2080,EVODEX.2.1-P2092,EVODEX.2.1-P2823,EVODEX.2.1-P2878,EVODEX.2.1-P2879,EVODEX.2.1-P2880,EVODEX.2.1-P2885,EVODEX.2.1-P2893,EVODEX.2.1-P2905,EVODEX.2.1-P2917,EVODEX.2.1-P2931,EVODEX.2.1-P2932,EVODEX.2.1-P2936,EVODEX.2.1-P2958,EVODEX.2.1-P2986,EVODEX.2.1-P2993,EVODEX.2.1-P3035,EVODEX.2.1-P3038,EVODEX.2.1-P3039,EVODEX.2.1-P3041,EVODEX.2.1-P3045,EVODEX.2.1-P3052,EVODEX.2.1-P3076,EVODEX.2.1-P3084,EVODEX.2.1-P3090,EVODEX.2.1-P3092,EVODEX.2.1-P3107,EVODEX.2.1-P3121,EVODEX.2.1-P3122,EVODEX.2.1-P3147,EVODEX.2.1-P3150,EVODEX.2.1-P3308,EVODEX.2.1-P3312,EVODEX.2.1-P3314,EVODEX.2.1-P3318,EVODEX.2.1-P3333,EVODEX.2.1-P3339,EVODEX.2.1-P3342,EVODEX.2.1-P3344,EVODEX.2.1-P3346,EVODEX.2.1-P3350,EVODEX.2.1-P7110","{""C"": -10, ""H"": -15, ""N"": -5, ""O"": -10, ""P"": -2}"
EVODEX.2.1-M34,-443.02445,"EVODEX.2.1-P2078,EVODEX.2.1-P2093,EVODEX.2.1-P2119,EVODEX.2.1-P2121,EVODEX.2.1-P2124,EVODEX.2.1-P2126,EVODEX.2.1-P2134,EVODEX.2.1-P2141,EVODEX.2.1-P2145,EVODEX.2.1-P2147,EVODEX.2.1-P2877,EVODEX.2.1-P2891,EVODEX.2.1-P2892,EVODEX.2.1-P2894,EVODEX.2.1-P2992,EVODEX.2.1-P3105,EVODEX.2.1-P3136,EVODEX.2.1-P3138,EVODEX.2.1-P3139,EVODEX.2.1-P3142","{""C"": -10, ""H"": -15, ""N"": -5, ""O"": -11, ""P"": -2}"
EVODEX.2.1-M117,-411.03465,"EVODEX.2.1-P2818,EVODEX.2.1-P2824,EVODEX.2.1-P2873,EVODEX.2.1-P2915,EVODEX.2.1-P2959,EVODEX.2.1-P3110,EVODEX.2.1-P3135,EVODEX.2.1-P3143,EVODEX.2.1-P3144,EVODEX.2.1-P3145","{""C"": -10, ""H"": -15, ""N"": -5, ""O"": -9, ""P"": -2}"
EVODEX.2.1-M118,-402.02298,"EVODEX.2.1-P2075,EVODEX.2.1-P2081,EVODEX.2.1-P2089,EVODEX.2.1-P2091,EVODEX.2.1-P2180,EVODEX.2.1-P2820,EVODEX.2.1-P2927,EVODEX.2.1-P2934,EVODEX.2.1-P2994,EVODEX.2.1-P2996","{""C"": -10, ""H"": -16, ""N"": -2, ""O"": -11, ""P"": -2}"
EVODEX.2.1-M119,-126.04698,"EVODEX.2.1-P3442,EVODEX.2.1-P3462,EVODEX.2.1-P3465,EVODEX.2.1-P3491,EVODEX.2.1-P3493,EVODEX.2.1-P3495,EVODEX.2.1-P3500,EVODEX.2.1-P3503,EVODEX.2.1-P3577,EVODEX.2.1-P4022","{""C"": -10, ""H"": -6}"
EVODEX.2.1-M120,-158.03678,"EVODEX.2.1-P3427,EVODEX.2.1-P3431,EVODEX.2.1-P3456,EVODEX.2.1-P3933,EVODEX.2.1-P3941,EVODEX.2.1-P3977,EVODEX.2.1-P3979,EVODEX.2.1-P3983,EVODEX.2.1-P4012,EVODEX.2.1-P4057","{""C"": -10, ""H"": -6, ""O"": -2}"
EVODEX.2.1-M327,-125.06300999999999,"EVODEX.2.1-P3571,EVODEX.2.1-P4356,EVODEX.2.1-P4367,EVODEX.2.1-P4380,EVODEX.2.1-P4988","{""C"": -10, ""H"": -7, ""N"": -1, ""O"": 1}"
EVODEX.2.1-M328,-157.05281,"EVODEX.2.1-P4172,EVODEX.2.1-P4974,EVODEX.2.1-P4985,EVODEX.2.1-P5252,EVODEX.2.1-P5325","{""C"": -10, ""H"": -7, ""N"": -1, ""O"": -1}"
EVODEX.2.1-M121,-144.05754,"EVODEX.2.1-P3454,EVODEX.2.1-P3461,EVODEX.2.1-P3464,EVODEX.2.1-P3466,EVODEX.2.1-P3496,EVODEX.2.1-P3498,EVODEX.2.1-P3576,EVODEX.2.1-P4021,EVODEX.2.1-P4083,EVODEX.2.1-P4729","{""C"": -10, ""H"": -8, ""O"": -1}"
EVODEX.2.1-M122,-176.04734,"EVODEX.2.1-P1567,EVODEX.2.1-P3432,EVODEX.2.1-P3452,EVODEX.2.1-P3455,EVODEX.2.1-P3457,EVODEX.2.1-P3506,EVODEX.2.1-P3665,EVODEX.2.1-P3667,EVODEX.2.1-P3669,EVODEX.2.1-P3676","{""C"": -10, ""H"": -8, ""O"": -3}"
EVODEX.2.1-M123,-143.07357,"EVODEX.2.1-P4156,EVODEX.2.1-P4218,EVODEX.2.1-P4224,EVODEX.2.1-P4294,EVODEX.2.1-P4303,EVODEX.2.1-P4383,EVODEX.2.1-P4849,EVODEX.2.1-P4850,EVODEX.2.1-P4987,EVODEX.2.1-P5021","{""C"": -10, ""H"": -9, ""N"": -1}"
EVODEX.2.1-M329,-175.06337,"EVODEX.2.1-P4650,EVODEX.2.1-P4900,EVODEX.2.1-P5048,EVODEX.2.1-P5056,EVODEX.2.1-P5062","{""C"": -10, ""H"": -9, ""N"": -1, ""O"": -2}"
EVODEX.2.1-M330,-191.05827,"EVODEX.2.1-P4421,EVODEX.2.1-P4441,EVODEX.2.1-P4457,EVODEX.2.1-P4458,EVODEX.2.1-P4492","{""C"": -10, ""H"": -9, ""N"": -1, ""O"": -3}"
EVODEX.2.1-M331,-207.05317,"EVODEX.2.1-P2764,EVODEX.2.1-P2765,EVODEX.2.1-P2769,EVODEX.2.1-P2775,EVODEX.2.1-P2776","{""C"": -10, ""H"": -9, ""N"": -1, ""O"": -4}"
EVODEX.2.1-M124,-186.07940000000002,"EVODEX.2.1-P3627,EVODEX.2.1-P4136,EVODEX.2.1-P4145,EVODEX.2.1-P4195,EVODEX.2.1-P4198,EVODEX.2.1-P4229,EVODEX.2.1-P4490,EVODEX.2.1-P4506,EVODEX.2.1-P4941,EVODEX.2.1-P5679","{""C"": -11, ""H"": -10, ""N"": -2, ""O"": -1}"
EVODEX.2.1-M173,-218.06920000000002,"EVODEX.2.1-P4173,EVODEX.2.1-P4208,EVODEX.2.1-P4210,EVODEX.2.1-P4211,EVODEX.2.1-P4215,EVODEX.2.1-P4698,EVODEX.2.1-P4707,EVODEX.2.1-P4709,EVODEX.2.1-P4713","{""C"": -11, ""H"": -10, ""N"": -2, ""O"": -3}"
EVODEX.2.1-M332,-173.08413,"EVODEX.2.1-P4358,EVODEX.2.1-P4856,EVODEX.2.1-P4859,EVODEX.2.1-P4863,EVODEX.2.1-P4983","{""C"": -11, ""H"": -11, ""N"": -1, ""O"": -1}"
EVODEX.2.1-M125,-204.08996000000002,"EVODEX.2.1-P2541,EVODEX.2.1-P2542,EVODEX.2.1-P2545,EVODEX.2.1-P2569,EVODEX.2.1-P2711,EVODEX.2.1-P4489,EVODEX.2.1-P4548,EVODEX.2.1-P4940,EVODEX.2.1-P5437,EVODEX.2.1-P5678","{""C"": -11, ""H"": -12, ""N"": -2, ""O"": -2}"
EVODEX.2.1-M619,-220.08486000000002,EVODEX.2.1-P4701,"{""C"": -11, ""H"": -12, ""N"": -2, ""O"": -3}"
EVODEX.2.1-M333,-298.09758,"EVODEX.2.1-P2205,EVODEX.2.1-P2234,EVODEX.2.1-P2251,EVODEX.2.1-P2255,EVODEX.2.1-P2280","{""C"": -11, ""H"": -16, ""N"": -5, ""O"": -3, ""S"": -1}"
EVODEX.2.1-M334,-286.12784,"EVODEX.2.1-P5247,EVODEX.2.1-P5248,EVODEX.2.1-P5249,EVODEX.2.1-P5250,EVODEX.2.1-P5251","{""C"": -11, ""H"": -18, ""N"": -4, ""O"": -5}"
EVODEX.2.1-M126,-200.05864,"EVODEX.2.1-P4174,EVODEX.2.1-P4209,EVODEX.2.1-P4212,EVODEX.2.1-P4213,EVODEX.2.1-P4214,EVODEX.2.1-P4696,EVODEX.2.1-P4700,EVODEX.2.1-P4704,EVODEX.2.1-P4706,EVODEX.2.1-P4710","{""C"": -11, ""H"": -8, ""N"": -2, ""O"": -2}"
EVODEX.2.1-M337,-155.07357,"EVODEX.2.1-P4391,EVODEX.2.1-P4855,EVODEX.2.1-P4858,EVODEX.2.1-P4860,EVODEX.2.1-P4861","{""C"": -11, ""H"": -9, ""N"": -1}"
EVODEX.2.1-M338,-203.05827,"EVODEX.2.1-P2538,EVODEX.2.1-P2550,EVODEX.2.1-P2568,EVODEX.2.1-P2700,EVODEX.2.1-P2710","{""C"": -11, ""H"": -9, ""N"": -1, ""O"": -3}"
EVODEX.2.1-M339,-250.14314000000002,"EVODEX.2.1-P4406,EVODEX.2.1-P4409,EVODEX.2.1-P4412,EVODEX.2.1-P4415,EVODEX.2.1-P4416","{""C"": -12, ""H"": -18, ""N"": -4, ""O"": -2}"
EVODEX.2.1-M340,-268.15369999999996,"EVODEX.2.1-P4407,EVODEX.2.1-P4410,EVODEX.2.1-P4411,EVODEX.2.1-P4418,EVODEX.2.1-P4431","{""C"": -12, ""H"": -20, ""N"": -4, ""O"": -3}"
EVODEX.2.1-M341,-324.1056,"EVODEX.2.1-P1972,EVODEX.2.1-P3881,EVODEX.2.1-P3884,EVODEX.2.1-P3965,EVODEX.2.1-P4023","{""C"": -12, ""H"": -20, ""O"": -10}"
EVODEX.2.1-M342,-182.16716,"EVODEX.2.1-P5342,EVODEX.2.1-P5408,EVODEX.2.1-P5409,EVODEX.2.1-P5412,EVODEX.2.1-P5415","{""C"": -12, ""H"": -22, ""O"": -1}"
EVODEX.2.1-M343,-263.07939,"EVODEX.2.1-P4438,EVODEX.2.1-P4654,EVODEX.2.1-P4655,EVODEX.2.1-P4661,EVODEX.2.1-P4666","{""C"": -13, ""H"": -13, ""N"": -1, ""O"": -5}"
EVODEX.2.1-M344,-260.12748,"EVODEX.2.1-P5017,EVODEX.2.1-P5100,EVODEX.2.1-P5103,EVODEX.2.1-P5106,EVODEX.2.1-P5111","{""C"": -13, ""H"": -16, ""N"": -4, ""O"": -2}"
EVODEX.2.1-M345,-336.11837999999995,"EVODEX.2.1-P4424,EVODEX.2.1-P4425,EVODEX.2.1-P4644,EVODEX.2.1-P4960,EVODEX.2.1-P5041","{""C"": -13, ""H"": -16, ""N"": -6, ""O"": -5}"
EVODEX.2.1-M346,-354.12894,"EVODEX.2.1-P4642,EVODEX.2.1-P4643,EVODEX.2.1-P4732,EVODEX.2.1-P5243,EVODEX.2.1-P5244","{""C"": -13, ""H"": -18, ""N"": -6, ""O"": -6}"
EVODEX.2.1-M347,-269.17409,"EVODEX.2.1-P4964,EVODEX.2.1-P4966,EVODEX.2.1-P4968,EVODEX.2.1-P4970,EVODEX.2.1-P4972","{""C"": -13, ""H"": -23, ""N"": -3, ""O"": -3}"
EVODEX.2.1-M348,-287.18465,"EVODEX.2.1-P4963,EVODEX.2.1-P4965,EVODEX.2.1-P4967,EVODEX.2.1-P4969,EVODEX.2.1-P4971","{""C"": -13, ""H"": -25, ""N"": -3, ""O"": -4}"
EVODEX.2.1-M593,-394.07924999999994,"EVODEX.2.1-P6488,EVODEX.2.1-P6501","{""C"": -14, ""H"": -15, ""N"": -6, ""O"": -6, ""P"": -1}"
EVODEX.2.1-M349,-290.13804,"EVODEX.2.1-P5070,EVODEX.2.1-P5071,EVODEX.2.1-P5072,EVODEX.2.1-P5077,EVODEX.2.1-P5081","{""C"": -14, ""H"": -18, ""N"": -4, ""O"": -3}"
EVODEX.2.1-M350,-308.1486,"EVODEX.2.1-P5069,EVODEX.2.1-P5076,EVODEX.2.1-P5078,EVODEX.2.1-P5079,EVODEX.2.1-P5080","{""C"": -14, ""H"": -20, ""N"": -4, ""O"": -4}"
EVODEX.2.1-M20,-385.12963,"EVODEX.2.1-P1333,EVODEX.2.1-P1339,EVODEX.2.1-P1341,EVODEX.2.1-P1345,EVODEX.2.1-P1347,EVODEX.2.1-P1350,EVODEX.2.1-P1354,EVODEX.2.1-P1356,EVODEX.2.1-P1358,EVODEX.2.1-P1365,EVODEX.2.1-P1369,EVODEX.2.1-P1370,EVODEX.2.1-P1372,EVODEX.2.1-P1375,EVODEX.2.1-P1381,EVODEX.2.1-P1383,EVODEX.2.1-P1385,EVODEX.2.1-P1387,EVODEX.2.1-P1397,EVODEX.2.1-P1400,EVODEX.2.1-P1405,EVODEX.2.1-P1406,EVODEX.2.1-P1408,EVODEX.2.1-P1410,EVODEX.2.1-P1411,EVODEX.2.1-P1415,EVODEX.2.1-P1419,EVODEX.2.1-P1420,EVODEX.2.1-P1431,EVODEX.2.1-P1440,EVODEX.2.1-P1441,EVODEX.2.1-P1442,EVODEX.2.1-P1444,EVODEX.2.1-P1445,EVODEX.2.1-P1448","{""C"": -14, ""H"": -21, ""N"": -6, ""O"": -5, ""S"": -1}"
EVODEX.2.1-M351,-265.17919,"EVODEX.2.1-P4923,EVODEX.2.1-P4938,EVODEX.2.1-P4944,EVODEX.2.1-P4947,EVODEX.2.1-P4949","{""C"": -14, ""H"": -23, ""N"": -3, ""O"": -2}"
EVODEX.2.1-M352,-283.18975,"EVODEX.2.1-P4921,EVODEX.2.1-P4929,EVODEX.2.1-P4932,EVODEX.2.1-P4935,EVODEX.2.1-P4942","{""C"": -14, ""H"": -25, ""N"": -3, ""O"": -3}"
EVODEX.2.1-M127,-301.20031,"EVODEX.2.1-P4917,EVODEX.2.1-P4920,EVODEX.2.1-P4926,EVODEX.2.1-P4931,EVODEX.2.1-P4946","{""C"": -14, ""H"": -27, ""N"": -3, ""O"": -4}"
EVODEX.2.1-M353,-287.07939,"EVODEX.2.1-P5254,EVODEX.2.1-P5255,EVODEX.2.1-P5256,EVODEX.2.1-P5259,EVODEX.2.1-P5263","{""C"": -15, ""H"": -13, ""N"": -1, ""O"": -5}"
EVODEX.2.1-M354,-394.12384,"EVODEX.2.1-P4779,EVODEX.2.1-P4781,EVODEX.2.1-P4782,EVODEX.2.1-P4787,EVODEX.2.1-P4789","{""C"": -15, ""H"": -18, ""N"": -6, ""O"": -7}"
EVODEX.2.1-M355,-412.1344,"EVODEX.2.1-P4770,EVODEX.2.1-P4772,EVODEX.2.1-P4780,EVODEX.2.1-P4786,EVODEX.2.1-P4788","{""C"": -15, ""H"": -20, ""N"": -6, ""O"": -8}"
EVODEX.2.1-M356,-556.0721599999999,"EVODEX.2.1-P6543,EVODEX.2.1-P6554,EVODEX.2.1-P6556,EVODEX.2.1-P6574,EVODEX.2.1-P6587","{""C"": -15, ""H"": -22, ""N"": -6, ""O"": -13, ""P"": -2}"
EVODEX.2.1-M357,-297.11145,"EVODEX.2.1-P4310,EVODEX.2.1-P4312,EVODEX.2.1-P4313,EVODEX.2.1-P4314,EVODEX.2.1-P4316","{""C"": -16, ""H"": -15, ""N"": -3, ""O"": -3}"
EVODEX.2.1-M358,-315.12201,"EVODEX.2.1-P4308,EVODEX.2.1-P4309,EVODEX.2.1-P4311,EVODEX.2.1-P4315,EVODEX.2.1-P4317","{""C"": -16, ""H"": -17, ""N"": -3, ""O"": -4}"
EVODEX.2.1-M359,-290.16316,"EVODEX.2.1-P4278,EVODEX.2.1-P4279,EVODEX.2.1-P4281,EVODEX.2.1-P4284,EVODEX.2.1-P4285","{""C"": -16, ""H"": -22, ""N"": -2, ""O"": -3}"
EVODEX.2.1-M360,-308.17372,"EVODEX.2.1-P4280,EVODEX.2.1-P4282,EVODEX.2.1-P4283,EVODEX.2.1-P4286,EVODEX.2.1-P4287","{""C"": -16, ""H"": -24, ""N"": -2, ""O"": -4}"
EVODEX.2.1-M361,-309.20541,"EVODEX.2.1-P5124,EVODEX.2.1-P5132,EVODEX.2.1-P5133,EVODEX.2.1-P5137,EVODEX.2.1-P5139","{""C"": -16, ""H"": -27, ""N"": -3, ""O"": -3}"
EVODEX.2.1-M362,-327.21596999999997,"EVODEX.2.1-P5134,EVODEX.2.1-P5136,EVODEX.2.1-P5138,EVODEX.2.1-P5140,EVODEX.2.1-P5141","{""C"": -16, ""H"": -29, ""N"": -3, ""O"": -4}"
EVODEX.2.1-M128,-238.2298,"EVODEX.2.1-P1586,EVODEX.2.1-P1789,EVODEX.2.1-P3409,EVODEX.2.1-P3508,EVODEX.2.1-P3589,EVODEX.2.1-P3593,EVODEX.2.1-P3632,EVODEX.2.1-P3637,EVODEX.2.1-P3639,EVODEX.2.1-P3640","{""C"": -16, ""H"": -30, ""O"": -1}"
EVODEX.2.1-M363,-224.25056,"EVODEX.2.1-P3516,EVODEX.2.1-P3581,EVODEX.2.1-P3633,EVODEX.2.1-P3634,EVODEX.2.1-P3635","{""C"": -16, ""H"": -32}"
EVODEX.2.1-M364,-256.24036,"EVODEX.2.1-P3507,EVODEX.2.1-P3561,EVODEX.2.1-P3564,EVODEX.2.1-P3631,EVODEX.2.1-P3638","{""C"": -16, ""H"": -32, ""O"": -2}"
EVODEX.2.1-M365,-281.10524999999996,"EVODEX.2.1-P4417,EVODEX.2.1-P4440,EVODEX.2.1-P4446,EVODEX.2.1-P4450,EVODEX.2.1-P4502","{""C"": -17, ""H"": -15, ""N"": -1, ""O"": -3}"
EVODEX.2.1-M366,-358.11654,"EVODEX.2.1-P5257,EVODEX.2.1-P5258,EVODEX.2.1-P5260,EVODEX.2.1-P5261,EVODEX.2.1-P5262","{""C"": -18, ""H"": -18, ""N"": -2, ""O"": -6}"
EVODEX.2.1-M545,-595.1018099999999,"EVODEX.2.1-P1587,EVODEX.2.1-P1588,EVODEX.2.1-P1589,EVODEX.2.1-P1592","{""C"": -18, ""H"": -27, ""N"": -7, ""O"": -10, ""P"": -2, ""S"": -1}"
EVODEX.2.1-M620,-260.21414,EVODEX.2.1-P3562,"{""C"": -18, ""H"": -28, ""O"": -1}"
EVODEX.2.1-M621,-597.1174699999999,EVODEX.2.1-P1731,"{""C"": -18, ""H"": -29, ""N"": -7, ""O"": -10, ""P"": -2, ""S"": -1}"
EVODEX.2.1-M594,-262.2298,"EVODEX.2.1-P1764,EVODEX.2.1-P5617","{""C"": -18, ""H"": -30, ""O"": -1}"
EVODEX.2.1-M546,-264.24546,"EVODEX.2.1-P1613,EVODEX.2.1-P3511,EVODEX.2.1-P3515,EVODEX.2.1-P5688","{""C"": -18, ""H"": -32, ""O"": -1}"
EVODEX.2.1-M563,-266.26112,"EVODEX.2.1-P5481,EVODEX.2.1-P5612,EVODEX.2.1-P5613","{""C"": -18, ""H"": -34, ""O"": -1}"
EVODEX.2.1-M367,-281.27205,"EVODEX.2.1-P5479,EVODEX.2.1-P5485,EVODEX.2.1-P5489,EVODEX.2.1-P5493,EVODEX.2.1-P5497","{""C"": -18, ""H"": -35, ""N"": -1, ""O"": -1}"
EVODEX.2.1-M368,-299.28261000000003,"EVODEX.2.1-P5476,EVODEX.2.1-P5478,EVODEX.2.1-P5487,EVODEX.2.1-P5492,EVODEX.2.1-P5496","{""C"": -18, ""H"": -37, ""N"": -1, ""O"": -2}"
EVODEX.2.1-M595,-525.13752,"EVODEX.2.1-P6580,EVODEX.2.1-P6593","{""C"": -19, ""H"": -24, ""N"": -7, ""O"": -9, ""P"": -1}"
EVODEX.2.1-M369,-692.0834299999999,"EVODEX.2.1-P1557,EVODEX.2.1-P1558,EVODEX.2.1-P1676,EVODEX.2.1-P1782,EVODEX.2.1-P1788","{""C"": -19, ""H"": -31, ""N"": -6, ""O"": -14, ""P"": -3, ""S"": -1}"
EVODEX.2.1-M370,-382.25822,"EVODEX.2.1-P4918,EVODEX.2.1-P4919,EVODEX.2.1-P4927,EVODEX.2.1-P4933,EVODEX.2.1-P4939","{""C"": -19, ""H"": -34, ""N"": -4, ""O"": -4}"
EVODEX.2.1-M371,-454.26552,"EVODEX.2.1-P4841,EVODEX.2.1-P4842,EVODEX.2.1-P4844,EVODEX.2.1-P4845,EVODEX.2.1-P4846","{""C"": -19, ""H"": -34, ""N"": -8, ""O"": -5}"
EVODEX.2.1-M89,-25.979239999999997,"EVODEX.2.1-P5572,EVODEX.2.1-P5580,EVODEX.2.1-P5582,EVODEX.2.1-P5584,EVODEX.2.1-P5589,EVODEX.2.1-P5602,EVODEX.2.1-P5606,EVODEX.2.1-P5608,EVODEX.2.1-P5618,EVODEX.2.1-P5619","{""C"": -1, ""H"": 2, ""O"": -1}"
EVODEX.2.1-M129,-27.010930000000002,"EVODEX.2.1-P5967,EVODEX.2.1-P5969,EVODEX.2.1-P5971,EVODEX.2.1-P5973,EVODEX.2.1-P5976,EVODEX.2.1-P5977,EVODEX.2.1-P5982,EVODEX.2.1-P5986,EVODEX.2.1-P5990,EVODEX.2.1-P6047","{""C"": -1, ""H"": -1, ""N"": -1}"
EVODEX.2.1-M372,-43.00583,"EVODEX.2.1-P1469,EVODEX.2.1-P5576,EVODEX.2.1-P5585,EVODEX.2.1-P5620,EVODEX.2.1-P5760","{""C"": -1, ""H"": -1, ""N"": -1, ""O"": -1}"
EVODEX.2.1-M373,65.95067,"EVODEX.2.1-P2164,EVODEX.2.1-P2167,EVODEX.2.1-P2171,EVODEX.2.1-P2173,EVODEX.2.1-P2176","{""C"": -1, ""H"": -1, ""O"": 3, ""P"": 1}"
EVODEX.2.1-M596,-123.95612999999999,"EVODEX.2.1-P7091,EVODEX.2.1-P7095","{""C"": -1, ""H"": -1, ""O"": -5, ""P"": -1}"
EVODEX.2.1-M87,-14.01566,"EVODEX.2.1-P1276,EVODEX.2.1-P1295,EVODEX.2.1-P1298,EVODEX.2.1-P1305,EVODEX.2.1-P1378,EVODEX.2.1-P2128,EVODEX.2.1-P3435,EVODEX.2.1-P3436,EVODEX.2.1-P3512,EVODEX.2.1-P3663,EVODEX.2.1-P3703,EVODEX.2.1-P3916,EVODEX.2.1-P704","{""C"": -1, ""H"": -2}"
EVODEX.2.1-M374,-42.021860000000004,"EVODEX.2.1-P1482,EVODEX.2.1-P4853,EVODEX.2.1-P4975,EVODEX.2.1-P5756,EVODEX.2.1-P5759","{""C"": -1, ""H"": -2, ""N"": -2}"
EVODEX.2.1-M90,-30.010559999999998,"EVODEX.2.1-P115,EVODEX.2.1-P217,EVODEX.2.1-P219,EVODEX.2.1-P231,EVODEX.2.1-P234,EVODEX.2.1-P242,EVODEX.2.1-P659","{""C"": -1, ""H"": -2, ""O"": -1}"
EVODEX.2.1-M375,-46.00546,"EVODEX.2.1-P1769,EVODEX.2.1-P734,EVODEX.2.1-P741,EVODEX.2.1-P854,EVODEX.2.1-P882","{""C"": -1, ""H"": -2, ""O"": -2}"
EVODEX.2.1-M91,-62.00036,"EVODEX.2.1-P225,EVODEX.2.1-P228,EVODEX.2.1-P233,EVODEX.2.1-P235,EVODEX.2.1-P238,EVODEX.2.1-P245,EVODEX.2.1-P660","{""C"": -1, ""H"": -2, ""O"": -3}"
EVODEX.2.1-M186,-15.023489999999999,"EVODEX.2.1-P1332,EVODEX.2.1-P1393,EVODEX.2.1-P1394,EVODEX.2.1-P1407,EVODEX.2.1-P1452","{""C"": -1, ""H"": -3}"
EVODEX.2.1-M376,-13.03169,"EVODEX.2.1-P5330,EVODEX.2.1-P5527,EVODEX.2.1-P5531,EVODEX.2.1-P5533,EVODEX.2.1-P5540","{""C"": -1, ""H"": -3, ""N"": -1, ""O"": 1}"
EVODEX.2.1-M64,-32.02622,"EVODEX.2.1-P2159,EVODEX.2.1-P2161,EVODEX.2.1-P2163,EVODEX.2.1-P2170,EVODEX.2.1-P2175,EVODEX.2.1-P3443,EVODEX.2.1-P3567,EVODEX.2.1-P3582,EVODEX.2.1-P3612,EVODEX.2.1-P3626,EVODEX.2.1-P4664,EVODEX.2.1-P4667,EVODEX.2.1-P4668,EVODEX.2.1-P4766,EVODEX.2.1-P4871","{""C"": -1, ""H"": -4, ""O"": -1}"
EVODEX.2.1-M379,-31.04225,"EVODEX.2.1-P5329,EVODEX.2.1-P5526,EVODEX.2.1-P5530,EVODEX.2.1-P5532,EVODEX.2.1-P5537","{""C"": -1, ""H"": -5, ""N"": -1}"
EVODEX.2.1-M53,-27.9949,"EVODEX.2.1-P1272,EVODEX.2.1-P1458,EVODEX.2.1-P1459,EVODEX.2.1-P1462,EVODEX.2.1-P1463,EVODEX.2.1-P276,EVODEX.2.1-P481,EVODEX.2.1-P5635,EVODEX.2.1-P5636,EVODEX.2.1-P5639,EVODEX.2.1-P5640,EVODEX.2.1-P5645,EVODEX.2.1-P5647,EVODEX.2.1-P5652,EVODEX.2.1-P5654,EVODEX.2.1-P5659,EVODEX.2.1-P5661,EVODEX.2.1-P685","{""C"": -1, ""O"": -1}"
EVODEX.2.1-M12,-43.9898,"EVODEX.2.1-P1493,EVODEX.2.1-P1496,EVODEX.2.1-P1510,EVODEX.2.1-P1511,EVODEX.2.1-P1513,EVODEX.2.1-P1518,EVODEX.2.1-P2501,EVODEX.2.1-P2516,EVODEX.2.1-P3376,EVODEX.2.1-P5908,EVODEX.2.1-P5916,EVODEX.2.1-P5919,EVODEX.2.1-P5924,EVODEX.2.1-P5925,EVODEX.2.1-P5929,EVODEX.2.1-P5950,EVODEX.2.1-P5951,EVODEX.2.1-P5956,EVODEX.2.1-P5957,EVODEX.2.1-P5958","{""C"": -1, ""O"": -2}"
EVODEX.2.1-M567,-59.9847,"EVODEX.2.1-P254,EVODEX.2.1-P480,EVODEX.2.1-P482","{""C"": -1, ""O"": -3}"
EVODEX.2.1-M380,-521.1985099999999,"EVODEX.2.1-P4749,EVODEX.2.1-P4753,EVODEX.2.1-P4760,EVODEX.2.1-P4957,EVODEX.2.1-P5052","{""C"": -20, ""H"": -27, ""N"": -9, ""O"": -8}"
EVODEX.2.1-M381,-400.22254,"EVODEX.2.1-P4886,EVODEX.2.1-P4887,EVODEX.2.1-P4888,EVODEX.2.1-P4890,EVODEX.2.1-P4891","{""C"": -20, ""H"": -28, ""N"": -6, ""O"": -3}"
EVODEX.2.1-M382,-460.21854,"EVODEX.2.1-P4759,EVODEX.2.1-P4796,EVODEX.2.1-P4797,EVODEX.2.1-P4958,EVODEX.2.1-P4961","{""C"": -20, ""H"": -28, ""N"": -8, ""O"": -5}"
EVODEX.2.1-M383,-539.20907,"EVODEX.2.1-P4744,EVODEX.2.1-P4750,EVODEX.2.1-P4752,EVODEX.2.1-P4754,EVODEX.2.1-P4756","{""C"": -20, ""H"": -29, ""N"": -9, ""O"": -9}"
EVODEX.2.1-M384,-441.16499000000005,"EVODEX.2.1-P5218,EVODEX.2.1-P5219,EVODEX.2.1-P5220,EVODEX.2.1-P5224,EVODEX.2.1-P5225","{""C"": -21, ""H"": -23, ""N"": -5, ""O"": -6}"
EVODEX.2.1-M385,-459.17554999999993,"EVODEX.2.1-P5216,EVODEX.2.1-P5217,EVODEX.2.1-P5221,EVODEX.2.1-P5222,EVODEX.2.1-P5223","{""C"": -21, ""H"": -25, ""N"": -5, ""O"": -7}"
EVODEX.2.1-M386,-461.23893,"EVODEX.2.1-P4401,EVODEX.2.1-P4621,EVODEX.2.1-P4623,EVODEX.2.1-P4624,EVODEX.2.1-P5197","{""C"": -21, ""H"": -31, ""N"": -7, ""O"": -5}"
EVODEX.2.1-M597,-763.0841599999999,"EVODEX.2.1-P81,EVODEX.2.1-P867","{""C"": -21, ""H"": -32, ""N"": -7, ""O"": -16, ""P"": -3, ""S"": -1}"
EVODEX.2.1-M388,-451.24329000000006,"EVODEX.2.1-P5145,EVODEX.2.1-P5146,EVODEX.2.1-P5147,EVODEX.2.1-P5148,EVODEX.2.1-P5149","{""C"": -21, ""H"": -33, ""N"": -5, ""O"": -6}"
EVODEX.2.1-M180,-669.1385899999999,"EVODEX.2.1-P1657,EVODEX.2.1-P1659,EVODEX.2.1-P1665,EVODEX.2.1-P1670,EVODEX.2.1-P1674","{""C"": -21, ""H"": -33, ""N"": -7, ""O"": -12, ""P"": -2, ""S"": -1}"
EVODEX.2.1-M389,-479.24949000000004,"EVODEX.2.1-P4619,EVODEX.2.1-P4620,EVODEX.2.1-P4622,EVODEX.2.1-P4625,EVODEX.2.1-P5198","{""C"": -21, ""H"": -33, ""N"": -7, ""O"": -6}"
EVODEX.2.1-M65,-749.10492,"EVODEX.2.1-P1615,EVODEX.2.1-P1919,EVODEX.2.1-P1928,EVODEX.2.1-P1932,EVODEX.2.1-P1937,EVODEX.2.1-P1945,EVODEX.2.1-P1951,EVODEX.2.1-P1957,EVODEX.2.1-P1960,EVODEX.2.1-P1962,EVODEX.2.1-P1965,EVODEX.2.1-P3373,EVODEX.2.1-P3717,EVODEX.2.1-P3719,EVODEX.2.1-P6327","{""C"": -21, ""H"": -34, ""N"": -7, ""O"": -15, ""P"": -3, ""S"": -1}"
EVODEX.2.1-M568,-765.0998199999999,"EVODEX.2.1-P724,EVODEX.2.1-P834,EVODEX.2.1-P863","{""C"": -21, ""H"": -34, ""N"": -7, ""O"": -16, ""P"": -3, ""S"": -1}"
EVODEX.2.1-M390,-437.26404999999994,"EVODEX.2.1-P5125,EVODEX.2.1-P5127,EVODEX.2.1-P5130,EVODEX.2.1-P5131,EVODEX.2.1-P5152","{""C"": -21, ""H"": -35, ""N"": -5, ""O"": -5}"
EVODEX.2.1-M9,-767.1154799999999,"EVODEX.2.1-P1528,EVODEX.2.1-P1533,EVODEX.2.1-P1534,EVODEX.2.1-P1539,EVODEX.2.1-P1540,EVODEX.2.1-P1543,EVODEX.2.1-P1546,EVODEX.2.1-P1548,EVODEX.2.1-P1549,EVODEX.2.1-P1552,EVODEX.2.1-P1565,EVODEX.2.1-P1568,EVODEX.2.1-P1569,EVODEX.2.1-P1573,EVODEX.2.1-P1575,EVODEX.2.1-P1579,EVODEX.2.1-P1583,EVODEX.2.1-P1595,EVODEX.2.1-P1600,EVODEX.2.1-P1603,EVODEX.2.1-P1614,EVODEX.2.1-P1629,EVODEX.2.1-P1638,EVODEX.2.1-P1640,EVODEX.2.1-P1642,EVODEX.2.1-P1643,EVODEX.2.1-P1645,EVODEX.2.1-P1648,EVODEX.2.1-P1650,EVODEX.2.1-P1656,EVODEX.2.1-P1664,EVODEX.2.1-P1666,EVODEX.2.1-P1669,EVODEX.2.1-P1695,EVODEX.2.1-P1697,EVODEX.2.1-P1701,EVODEX.2.1-P1702,EVODEX.2.1-P1704,EVODEX.2.1-P1727,EVODEX.2.1-P1735,EVODEX.2.1-P1740,EVODEX.2.1-P1770,EVODEX.2.1-P1775,EVODEX.2.1-P1777,EVODEX.2.1-P1778,EVODEX.2.1-P1780,EVODEX.2.1-P1787,EVODEX.2.1-P1791,EVODEX.2.1-P1792,EVODEX.2.1-P1801,EVODEX.2.1-P1816,EVODEX.2.1-P1827,EVODEX.2.1-P1830,EVODEX.2.1-P1832,EVODEX.2.1-P1838,EVODEX.2.1-P1846,EVODEX.2.1-P1849,EVODEX.2.1-P1850,EVODEX.2.1-P1857,EVODEX.2.1-P1859,EVODEX.2.1-P1864,EVODEX.2.1-P1921,EVODEX.2.1-P1925,EVODEX.2.1-P1929,EVODEX.2.1-P1930,EVODEX.2.1-P1934,EVODEX.2.1-P1946,EVODEX.2.1-P1952,EVODEX.2.1-P1955,EVODEX.2.1-P1964,EVODEX.2.1-P1967,EVODEX.2.1-P3712,EVODEX.2.1-P3714,EVODEX.2.1-P3716,EVODEX.2.1-P5564","{""C"": -21, ""H"": -36, ""N"": -7, ""O"": -16, ""P"": -3, ""S"": -1}"
EVODEX.2.1-M391,-455.27461,"EVODEX.2.1-P5116,EVODEX.2.1-P5128,EVODEX.2.1-P5129,EVODEX.2.1-P5151,EVODEX.2.1-P5154","{""C"": -21, ""H"": -37, ""N"": -5, ""O"": -6}"
EVODEX.2.1-M392,-422.20687999999996,"EVODEX.2.1-P4509,EVODEX.2.1-P4516,EVODEX.2.1-P4520,EVODEX.2.1-P4521,EVODEX.2.1-P4818","{""C"": -22, ""H"": -26, ""N"": -6, ""O"": -3}"
EVODEX.2.1-M393,-811.10528,"EVODEX.2.1-P1741,EVODEX.2.1-P1745,EVODEX.2.1-P1747,EVODEX.2.1-P1753,EVODEX.2.1-P1756","{""C"": -22, ""H"": -36, ""N"": -7, ""O"": -18, ""P"": -3, ""S"": -1}"
EVODEX.2.1-M394,-498.28044,"EVODEX.2.1-P5073,EVODEX.2.1-P5074,EVODEX.2.1-P5075,EVODEX.2.1-P5082,EVODEX.2.1-P5083","{""C"": -22, ""H"": -38, ""N"": -6, ""O"": -7}"
EVODEX.2.1-M395,-485.23893,"EVODEX.2.1-P4819,EVODEX.2.1-P4821,EVODEX.2.1-P4822,EVODEX.2.1-P4823,EVODEX.2.1-P4828","{""C"": -23, ""H"": -31, ""N"": -7, ""O"": -5}"
EVODEX.2.1-M396,-503.24949000000004,"EVODEX.2.1-P4826,EVODEX.2.1-P4827,EVODEX.2.1-P4830,EVODEX.2.1-P4831,EVODEX.2.1-P4836","{""C"": -23, ""H"": -33, ""N"": -7, ""O"": -6}"
EVODEX.2.1-M397,-638.27754,"EVODEX.2.1-P4995,EVODEX.2.1-P4996,EVODEX.2.1-P4998,EVODEX.2.1-P5007,EVODEX.2.1-P5009","{""C"": -25, ""H"": -38, ""N"": -10, ""O"": -10}"
EVODEX.2.1-M398,-656.2881,"EVODEX.2.1-P4993,EVODEX.2.1-P4994,EVODEX.2.1-P5006,EVODEX.2.1-P5180,EVODEX.2.1-P5185","{""C"": -25, ""H"": -40, ""N"": -10, ""O"": -11}"
EVODEX.2.1-M399,-851.1365999999998,"EVODEX.2.1-P3384,EVODEX.2.1-P3389,EVODEX.2.1-P3393,EVODEX.2.1-P3399,EVODEX.2.1-P3403","{""C"": -25, ""H"": -40, ""N"": -7, ""O"": -18, ""P"": -3, ""S"": -1}"
EVODEX.2.1-M400,-516.3176,"EVODEX.2.1-P4999,EVODEX.2.1-P5000,EVODEX.2.1-P5002,EVODEX.2.1-P5003,EVODEX.2.1-P5005","{""C"": -25, ""H"": -40, ""N"": -8, ""O"": -4}"
EVODEX.2.1-M401,-507.21197,"EVODEX.2.1-P5226,EVODEX.2.1-P5227,EVODEX.2.1-P5236,EVODEX.2.1-P5237,EVODEX.2.1-P5238","{""C"": -26, ""H"": -29, ""N"": -5, ""O"": -6}"
EVODEX.2.1-M402,-493.23273,"EVODEX.2.1-P5239,EVODEX.2.1-P5240,EVODEX.2.1-P5241,EVODEX.2.1-P5284,EVODEX.2.1-P5294","{""C"": -26, ""H"": -31, ""N"": -5, ""O"": -5}"
EVODEX.2.1-M403,-620.3034,"EVODEX.2.1-P5283,EVODEX.2.1-P5298,EVODEX.2.1-P5300,EVODEX.2.1-P5305,EVODEX.2.1-P5310","{""C"": -26, ""H"": -40, ""N"": -10, ""O"": -8}"
EVODEX.2.1-M404,-638.31396,"EVODEX.2.1-P5281,EVODEX.2.1-P5282,EVODEX.2.1-P5297,EVODEX.2.1-P5299,EVODEX.2.1-P5309","{""C"": -26, ""H"": -42, ""N"": -10, ""O"": -9}"
EVODEX.2.1-M405,-648.2982999999999,"EVODEX.2.1-P5175,EVODEX.2.1-P5177,EVODEX.2.1-P5179,EVODEX.2.1-P5181,EVODEX.2.1-P5183","{""C"": -27, ""H"": -40, ""N"": -10, ""O"": -9}"
EVODEX.2.1-M406,-666.30886,"EVODEX.2.1-P5174,EVODEX.2.1-P5176,EVODEX.2.1-P5178,EVODEX.2.1-P5182,EVODEX.2.1-P5184","{""C"": -27, ""H"": -42, ""N"": -10, ""O"": -10}"
EVODEX.2.1-M407,-368.34452,"EVODEX.2.1-P3518,EVODEX.2.1-P3520,EVODEX.2.1-P3523,EVODEX.2.1-P3524,EVODEX.2.1-P3528","{""C"": -27, ""H"": -44}"
EVODEX.2.1-M408,-386.35508,"EVODEX.2.1-P3517,EVODEX.2.1-P3519,EVODEX.2.1-P3522,EVODEX.2.1-P3525,EVODEX.2.1-P3526","{""C"": -27, ""H"": -46, ""O"": -1}"
EVODEX.2.1-M409,-639.28811,"EVODEX.2.1-P4716,EVODEX.2.1-P5229,EVODEX.2.1-P5232,EVODEX.2.1-P5233,EVODEX.2.1-P5234","{""C"": -28, ""H"": -37, ""N"": -11, ""O"": -7}"
EVODEX.2.1-M410,-507.28481,"EVODEX.2.1-P4721,EVODEX.2.1-P4722,EVODEX.2.1-P4723,EVODEX.2.1-P4724,EVODEX.2.1-P4725","{""C"": -28, ""H"": -37, ""N"": -5, ""O"": -4}"
EVODEX.2.1-M411,-657.29867,"EVODEX.2.1-P5228,EVODEX.2.1-P5230,EVODEX.2.1-P5231,EVODEX.2.1-P5235,EVODEX.2.1-P5242","{""C"": -28, ""H"": -39, ""N"": -11, ""O"": -8}"
EVODEX.2.1-M412,-530.2167,"EVODEX.2.1-P4902,EVODEX.2.1-P4905,EVODEX.2.1-P4908,EVODEX.2.1-P4910,EVODEX.2.1-P4912","{""C"": -29, ""H"": -30, ""N"": -4, ""O"": -6}"
EVODEX.2.1-M413,-75.97162999999999,"EVODEX.2.1-P4347,EVODEX.2.1-P5430,EVODEX.2.1-P5435,EVODEX.2.1-P5436,EVODEX.2.1-P5445","{""C"": -2, ""Cl"": -1, ""H"": -1, ""O"": -1}"
EVODEX.2.1-M35,-42.01056,"EVODEX.2.1-P1620,EVODEX.2.1-P1785,EVODEX.2.1-P3473,EVODEX.2.1-P3478,EVODEX.2.1-P3530,EVODEX.2.1-P3596,EVODEX.2.1-P3598,EVODEX.2.1-P3641,EVODEX.2.1-P3643,EVODEX.2.1-P3644,EVODEX.2.1-P3646,EVODEX.2.1-P3649,EVODEX.2.1-P3656,EVODEX.2.1-P3657,EVODEX.2.1-P3659,EVODEX.2.1-P3661,EVODEX.2.1-P5367,EVODEX.2.1-P5420,EVODEX.2.1-P5425,EVODEX.2.1-P5558,EVODEX.2.1-P5559","{""C"": -2, ""H"": -2, ""O"": -1}"
EVODEX.2.1-M415,-74.00036,"EVODEX.2.1-P2405,EVODEX.2.1-P2739,EVODEX.2.1-P2743,EVODEX.2.1-P2748,EVODEX.2.1-P2754","{""C"": -2, ""H"": -2, ""O"": -3}"
EVODEX.2.1-M66,-57.02149,"EVODEX.2.1-P4161,EVODEX.2.1-P4179,EVODEX.2.1-P4307,EVODEX.2.1-P4321,EVODEX.2.1-P4322,EVODEX.2.1-P4325,EVODEX.2.1-P4331,EVODEX.2.1-P4350,EVODEX.2.1-P4354,EVODEX.2.1-P4428,EVODEX.2.1-P4455,EVODEX.2.1-P4485,EVODEX.2.1-P5505,EVODEX.2.1-P7073,EVODEX.2.1-P7106","{""C"": -2, ""H"": -3, ""N"": -1, ""O"": -1}"
EVODEX.2.1-M416,-28.03132,"EVODEX.2.1-P3417,EVODEX.2.1-P3418,EVODEX.2.1-P3586,EVODEX.2.1-P4363,EVODEX.2.1-P4563","{""C"": -2, ""H"": -4}"
EVODEX.2.1-M181,-44.02622,"EVODEX.2.1-P3569,EVODEX.2.1-P3572,EVODEX.2.1-P3682,EVODEX.2.1-P3683,EVODEX.2.1-P6027,EVODEX.2.1-P6031,EVODEX.2.1-P6032","{""C"": -2, ""H"": -4, ""O"": -1}"
EVODEX.2.1-M48,-60.021119999999996,"EVODEX.2.1-P2289,EVODEX.2.1-P2302,EVODEX.2.1-P2304,EVODEX.2.1-P2307,EVODEX.2.1-P2315,EVODEX.2.1-P3475,EVODEX.2.1-P3477,EVODEX.2.1-P3479,EVODEX.2.1-P3484,EVODEX.2.1-P3597,EVODEX.2.1-P3642,EVODEX.2.1-P3645,EVODEX.2.1-P3647,EVODEX.2.1-P3648,EVODEX.2.1-P3650,EVODEX.2.1-P3658","{""C"": -2, ""H"": -4, ""O"": -2}"
EVODEX.2.1-M417,-43.042249999999996,"EVODEX.2.1-P3728,EVODEX.2.1-P3812,EVODEX.2.1-P3819,EVODEX.2.1-P3821,EVODEX.2.1-P3822","{""C"": -2, ""H"": -5, ""N"": -1}"
EVODEX.2.1-M67,-75.03205,"EVODEX.2.1-P2474,EVODEX.2.1-P2608,EVODEX.2.1-P2742,EVODEX.2.1-P2746,EVODEX.2.1-P2749,EVODEX.2.1-P4150,EVODEX.2.1-P4153,EVODEX.2.1-P4219,EVODEX.2.1-P4449,EVODEX.2.1-P5502,EVODEX.2.1-P6037,EVODEX.2.1-P6041,EVODEX.2.1-P6044,EVODEX.2.1-P6055,EVODEX.2.1-P6056","{""C"": -2, ""H"": -5, ""N"": -1, ""O"": -2}"
EVODEX.2.1-M418,-107.00415,"EVODEX.2.1-P5501,EVODEX.2.1-P5504,EVODEX.2.1-P5506,EVODEX.2.1-P5509,EVODEX.2.1-P5510","{""C"": -2, ""H"": -5, ""N"": -1, ""O"": -2, ""S"": -1}"
EVODEX.2.1-M625,-139.98745,EVODEX.2.1-P6284,"{""C"": -2, ""H"": -5, ""O"": -5, ""P"": -1}"
EVODEX.2.1-M95,-46.04188,"EVODEX.2.1-P3421,EVODEX.2.1-P3472,EVODEX.2.1-P3536,EVODEX.2.1-P3608,EVODEX.2.1-P3662,EVODEX.2.1-P4258,EVODEX.2.1-P4876,EVODEX.2.1-P4877,EVODEX.2.1-P5015,EVODEX.2.1-P5107,EVODEX.2.1-P5109","{""C"": -2, ""H"": -6, ""O"": -1}"
EVODEX.2.1-M419,-125.01471,"EVODEX.2.1-P5499,EVODEX.2.1-P5500,EVODEX.2.1-P5503,EVODEX.2.1-P5508,EVODEX.2.1-P5552","{""C"": -2, ""H"": -7, ""N"": -1, ""O"": -3, ""S"": -1}"
EVODEX.2.1-M420,-698.31396,"EVODEX.2.1-P5214,EVODEX.2.1-P5266,EVODEX.2.1-P5268,EVODEX.2.1-P5270,EVODEX.2.1-P5273","{""C"": -31, ""H"": -42, ""N"": -10, ""O"": -9}"
EVODEX.2.1-M421,-726.32016,"EVODEX.2.1-P5199,EVODEX.2.1-P5203,EVODEX.2.1-P5205,EVODEX.2.1-P5206,EVODEX.2.1-P5215","{""C"": -31, ""H"": -42, ""N"": -12, ""O"": -9}"
EVODEX.2.1-M422,-578.32196,"EVODEX.2.1-P5200,EVODEX.2.1-P5209,EVODEX.2.1-P5210,EVODEX.2.1-P5211,EVODEX.2.1-P5212","{""C"": -31, ""H"": -42, ""N"": -6, ""O"": -5}"
EVODEX.2.1-M423,-716.32452,"EVODEX.2.1-P5213,EVODEX.2.1-P5267,EVODEX.2.1-P5269,EVODEX.2.1-P5271,EVODEX.2.1-P5272","{""C"": -31, ""H"": -44, ""N"": -10, ""O"": -10}"
EVODEX.2.1-M424,-744.3307199999999,"EVODEX.2.1-P5201,EVODEX.2.1-P5202,EVODEX.2.1-P5204,EVODEX.2.1-P5207,EVODEX.2.1-P5208","{""C"": -31, ""H"": -44, ""N"": -12, ""O"": -10}"
EVODEX.2.1-M425,-614.34308,"EVODEX.2.1-P4626,EVODEX.2.1-P4627,EVODEX.2.1-P4628,EVODEX.2.1-P4629,EVODEX.2.1-P4630","{""C"": -31, ""H"": -46, ""N"": -6, ""O"": -7}"
EVODEX.2.1-M426,-1096.1681399999998,"EVODEX.2.1-P6191,EVODEX.2.1-P6194,EVODEX.2.1-P6202,EVODEX.2.1-P6233,EVODEX.2.1-P6236","{""C"": -31, ""H"": -48, ""N"": -12, ""O"": -22, ""P"": -4, ""S"": -1}"
EVODEX.2.1-M427,-1176.1344699999997,"EVODEX.2.1-P6269,EVODEX.2.1-P6271,EVODEX.2.1-P6275,EVODEX.2.1-P6338,EVODEX.2.1-P6345","{""C"": -31, ""H"": -49, ""N"": -12, ""O"": -25, ""P"": -5, ""S"": -1}"
EVODEX.2.1-M428,-649.33399,"EVODEX.2.1-P5285,EVODEX.2.1-P5288,EVODEX.2.1-P5289,EVODEX.2.1-P5291,EVODEX.2.1-P5296","{""C"": -32, ""H"": -43, ""N"": -9, ""O"": -6}"
EVODEX.2.1-M429,-859.4526500000001,"EVODEX.2.1-P5118,EVODEX.2.1-P5119,EVODEX.2.1-P5121,EVODEX.2.1-P5122,EVODEX.2.1-P5142","{""C"": -35, ""H"": -65, ""N"": -13, ""O"": -8, ""S"": -2}"
EVODEX.2.1-M430,-877.46321,"EVODEX.2.1-P5117,EVODEX.2.1-P5120,EVODEX.2.1-P5123,EVODEX.2.1-P5143,EVODEX.2.1-P5144","{""C"": -35, ""H"": -67, ""N"": -13, ""O"": -9, ""S"": -2}"
EVODEX.2.1-M431,-823.37297,"EVODEX.2.1-P4693,EVODEX.2.1-P5316,EVODEX.2.1-P5318,EVODEX.2.1-P5319,EVODEX.2.1-P5321","{""C"": -36, ""H"": -49, ""N"": -13, ""O"": -10}"
EVODEX.2.1-M432,-841.3835300000001,"EVODEX.2.1-P5245,EVODEX.2.1-P5315,EVODEX.2.1-P5317,EVODEX.2.1-P5320,EVODEX.2.1-P5322","{""C"": -36, ""H"": -51, ""N"": -13, ""O"": -11}"
EVODEX.2.1-M433,-793.3988300000001,"EVODEX.2.1-P5032,EVODEX.2.1-P5033,EVODEX.2.1-P5034,EVODEX.2.1-P5035,EVODEX.2.1-P5036","{""C"": -36, ""H"": -51, ""N"": -13, ""O"": -8}"
EVODEX.2.1-M434,-782.39662,"EVODEX.2.1-P5186,EVODEX.2.1-P5187,EVODEX.2.1-P5188,EVODEX.2.1-P5189,EVODEX.2.1-P5190","{""C"": -38, ""H"": -54, ""N"": -8, ""O"": -10}"
EVODEX.2.1-M435,-777.42905,"EVODEX.2.1-P5286,EVODEX.2.1-P5287,EVODEX.2.1-P5290,EVODEX.2.1-P5292,EVODEX.2.1-P5295","{""C"": -38, ""H"": -55, ""N"": -11, ""O"": -7}"
EVODEX.2.1-M436,-830.47676,"EVODEX.2.1-P5191,EVODEX.2.1-P5193,EVODEX.2.1-P5194,EVODEX.2.1-P5195,EVODEX.2.1-P5196","{""C"": -38, ""H"": -62, ""N"": -12, ""O"": -9}"
EVODEX.2.1-M437,-889.48879,"EVODEX.2.1-P5280,EVODEX.2.1-P5303,EVODEX.2.1-P5304,EVODEX.2.1-P5307,EVODEX.2.1-P5308","{""C"": -38, ""H"": -63, ""N"": -15, ""O"": -10}"
EVODEX.2.1-M438,-907.49935,"EVODEX.2.1-P5279,EVODEX.2.1-P5293,EVODEX.2.1-P5301,EVODEX.2.1-P5302,EVODEX.2.1-P5306","{""C"": -38, ""H"": -65, ""N"": -15, ""O"": -11}"
EVODEX.2.1-M440,-70.00546,"EVODEX.2.1-P5858,EVODEX.2.1-P5861,EVODEX.2.1-P5865,EVODEX.2.1-P5871,EVODEX.2.1-P5873","{""C"": -3, ""H"": -2, ""O"": -2}"
EVODEX.2.1-M442,-56.02622,"EVODEX.2.1-P1726,EVODEX.2.1-P5428,EVODEX.2.1-P5447,EVODEX.2.1-P5556,EVODEX.2.1-P5563","{""C"": -3, ""H"": -4, ""O"": -1}"
EVODEX.2.1-M443,-72.02112,"EVODEX.2.1-P1213,EVODEX.2.1-P1226,EVODEX.2.1-P1232,EVODEX.2.1-P1251,EVODEX.2.1-P979","{""C"": -3, ""H"": -4, ""O"": -2}"
EVODEX.2.1-M36,-88.01602,"EVODEX.2.1-P2323,EVODEX.2.1-P2434,EVODEX.2.1-P2436,EVODEX.2.1-P2441,EVODEX.2.1-P2451,EVODEX.2.1-P2518,EVODEX.2.1-P2519,EVODEX.2.1-P2522,EVODEX.2.1-P2579,EVODEX.2.1-P2587,EVODEX.2.1-P2684,EVODEX.2.1-P2941,EVODEX.2.1-P2943,EVODEX.2.1-P2946,EVODEX.2.1-P2951,EVODEX.2.1-P5857,EVODEX.2.1-P5863,EVODEX.2.1-P5867,EVODEX.2.1-P5870,EVODEX.2.1-P5872,EVODEX.2.1-P5952,EVODEX.2.1-P6063,EVODEX.2.1-P6064,EVODEX.2.1-P6068,EVODEX.2.1-P6075","{""C"": -3, ""H"": -4, ""O"": -3}"
EVODEX.2.1-M68,-71.03715,"EVODEX.2.1-P4170,EVODEX.2.1-P4181,EVODEX.2.1-P4184,EVODEX.2.1-P4190,EVODEX.2.1-P4259,EVODEX.2.1-P4260,EVODEX.2.1-P4266,EVODEX.2.1-P4275,EVODEX.2.1-P4337,EVODEX.2.1-P4341,EVODEX.2.1-P4362,EVODEX.2.1-P4436,EVODEX.2.1-P4448,EVODEX.2.1-P4504,EVODEX.2.1-P4915","{""C"": -3, ""H"": -5, ""N"": -1, ""O"": -1}"
EVODEX.2.1-M69,-87.03205,"EVODEX.2.1-P4139,EVODEX.2.1-P4157,EVODEX.2.1-P4291,EVODEX.2.1-P4333,EVODEX.2.1-P4361,EVODEX.2.1-P4542,EVODEX.2.1-P4914,EVODEX.2.1-P4934,EVODEX.2.1-P5400,EVODEX.2.1-P5410,EVODEX.2.1-P6135,EVODEX.2.1-P6138,EVODEX.2.1-P6140,EVODEX.2.1-P6141,EVODEX.2.1-P6142","{""C"": -3, ""H"": -5, ""N"": -1, ""O"": -2}"
EVODEX.2.1-M444,-74.03678,"EVODEX.2.1-P3411,EVODEX.2.1-P3413,EVODEX.2.1-P3416,EVODEX.2.1-P3580,EVODEX.2.1-P3588","{""C"": -3, ""H"": -6, ""O"": -2}"
EVODEX.2.1-M445,-90.03168,"EVODEX.2.1-P5997,EVODEX.2.1-P5998,EVODEX.2.1-P5999,EVODEX.2.1-P6019,EVODEX.2.1-P6022","{""C"": -3, ""H"": -6, ""O"": -3}"
EVODEX.2.1-M70,-89.04771000000001,"EVODEX.2.1-P2437,EVODEX.2.1-P2440,EVODEX.2.1-P2442,EVODEX.2.1-P2484,EVODEX.2.1-P2486,EVODEX.2.1-P2487,EVODEX.2.1-P2491,EVODEX.2.1-P2492,EVODEX.2.1-P2584,EVODEX.2.1-P2802,EVODEX.2.1-P4435,EVODEX.2.1-P4437,EVODEX.2.1-P4537,EVODEX.2.1-P4538,EVODEX.2.1-P5507","{""C"": -3, ""H"": -7, ""N"": -1, ""O"": -2}"
EVODEX.2.1-M446,-105.04261,"EVODEX.2.1-P4374,EVODEX.2.1-P4392,EVODEX.2.1-P4519,EVODEX.2.1-P4541,EVODEX.2.1-P5399","{""C"": -3, ""H"": -7, ""N"": -1, ""O"": -3}"
EVODEX.2.1-M131,-169.99801,"EVODEX.2.1-P1491,EVODEX.2.1-P1505,EVODEX.2.1-P1506,EVODEX.2.1-P1507,EVODEX.2.1-P1508,EVODEX.2.1-P6002,EVODEX.2.1-P6005,EVODEX.2.1-P6006,EVODEX.2.1-P6011,EVODEX.2.1-P6014","{""C"": -3, ""H"": -7, ""O"": -6, ""P"": -1}"
EVODEX.2.1-M447,-92.04733999999999,"EVODEX.2.1-P3410,EVODEX.2.1-P3412,EVODEX.2.1-P3415,EVODEX.2.1-P3445,EVODEX.2.1-P3587","{""C"": -3, ""H"": -8, ""O"": -3}"
EVODEX.2.1-M448,-832.43488,"EVODEX.2.1-P5086,EVODEX.2.1-P5087,EVODEX.2.1-P5088,EVODEX.2.1-P5091,EVODEX.2.1-P5092","{""C"": -40, ""H"": -56, ""N"": -12, ""O"": -8}"
EVODEX.2.1-M449,-850.44544,"EVODEX.2.1-P5084,EVODEX.2.1-P5085,EVODEX.2.1-P5089,EVODEX.2.1-P5090,EVODEX.2.1-P5093","{""C"": -40, ""H"": -58, ""N"": -12, ""O"": -9}"
EVODEX.2.1-M450,-810.3816999999999,"EVODEX.2.1-P4422,EVODEX.2.1-P4423,EVODEX.2.1-P4718,EVODEX.2.1-P4726,EVODEX.2.1-P4727","{""C"": -41, ""H"": -50, ""N"": -10, ""O"": -8}"
EVODEX.2.1-M451,-1033.5212099999999,"EVODEX.2.1-P5023,EVODEX.2.1-P5026,EVODEX.2.1-P5027,EVODEX.2.1-P5029,EVODEX.2.1-P5030","{""C"": -46, ""H"": -67, ""N"": -17, ""O"": -11}"
EVODEX.2.1-M452,-1051.5317699999998,"EVODEX.2.1-P5022,EVODEX.2.1-P5024,EVODEX.2.1-P5025,EVODEX.2.1-P5028,EVODEX.2.1-P5039","{""C"": -46, ""H"": -69, ""N"": -17, ""O"": -12}"
EVODEX.2.1-M453,-132.00582,"EVODEX.2.1-P2406,EVODEX.2.1-P2677,EVODEX.2.1-P2721,EVODEX.2.1-P2786,EVODEX.2.1-P2789","{""C"": -4, ""H"": -4, ""O"": -5}"
EVODEX.2.1-M454,-83.03715,"EVODEX.2.1-P3698,EVODEX.2.1-P5681,EVODEX.2.1-P5683,EVODEX.2.1-P5684,EVODEX.2.1-P5687","{""C"": -4, ""H"": -5, ""N"": -1, ""O"": -1}"
EVODEX.2.1-M71,-115.02695,"EVODEX.2.1-P4133,EVODEX.2.1-P4141,EVODEX.2.1-P4158,EVODEX.2.1-P4230,EVODEX.2.1-P4340,EVODEX.2.1-P4493,EVODEX.2.1-P4566,EVODEX.2.1-P4567,EVODEX.2.1-P4568,EVODEX.2.1-P4570,EVODEX.2.1-P4573,EVODEX.2.1-P5368,EVODEX.2.1-P5396,EVODEX.2.1-P5398,EVODEX.2.1-P5511","{""C"": -4, ""H"": -5, ""N"": -1, ""O"": -3}"
EVODEX.2.1-M133,-114.04298,"EVODEX.2.1-P4171,EVODEX.2.1-P4191,EVODEX.2.1-P4295,EVODEX.2.1-P4343,EVODEX.2.1-P4344,EVODEX.2.1-P4414,EVODEX.2.1-P4511,EVODEX.2.1-P4572,EVODEX.2.1-P4864,EVODEX.2.1-P5347","{""C"": -4, ""H"": -6, ""N"": -2, ""O"": -2}"
EVODEX.2.1-M455,-70.04187999999999,"EVODEX.2.1-P3407,EVODEX.2.1-P3489,EVODEX.2.1-P3505,EVODEX.2.1-P3590,EVODEX.2.1-P3686","{""C"": -4, ""H"": -6, ""O"": -1}"
EVODEX.2.1-M456,-102.03168,"EVODEX.2.1-P3387,EVODEX.2.1-P3392,EVODEX.2.1-P3395,EVODEX.2.1-P3397,EVODEX.2.1-P3401","{""C"": -4, ""H"": -6, ""O"": -3}"
EVODEX.2.1-M37,-118.02658,"EVODEX.2.1-P3364,EVODEX.2.1-P3372,EVODEX.2.1-P3374,EVODEX.2.1-P3378,EVODEX.2.1-P3382","{""C"": -4, ""H"": -6, ""O"": -4}"
EVODEX.2.1-M72,-101.04771000000001,"EVODEX.2.1-P2299,EVODEX.2.1-P2301,EVODEX.2.1-P2306,EVODEX.2.1-P2317,EVODEX.2.1-P2320,EVODEX.2.1-P3697,EVODEX.2.1-P4243,EVODEX.2.1-P4545,EVODEX.2.1-P4559,EVODEX.2.1-P4569,EVODEX.2.1-P5421,EVODEX.2.1-P5680,EVODEX.2.1-P5682,EVODEX.2.1-P5685,EVODEX.2.1-P5686","{""C"": -4, ""H"": -7, ""N"": -1, ""O"": -2}"
EVODEX.2.1-M134,-133.03751,"EVODEX.2.1-P2403,EVODEX.2.1-P2531,EVODEX.2.1-P2535,EVODEX.2.1-P2610,EVODEX.2.1-P2761,EVODEX.2.1-P4140,EVODEX.2.1-P5114,EVODEX.2.1-P5397,EVODEX.2.1-P5441,EVODEX.2.1-P5442","{""C"": -4, ""H"": -7, ""N"": -1, ""O"": -4}"
EVODEX.2.1-M73,-132.05354,"EVODEX.2.1-P2460,EVODEX.2.1-P2464,EVODEX.2.1-P2467,EVODEX.2.1-P2468,EVODEX.2.1-P2469,EVODEX.2.1-P4177,EVODEX.2.1-P4342,EVODEX.2.1-P4413,EVODEX.2.1-P4420,EVODEX.2.1-P4426,EVODEX.2.1-P4510,EVODEX.2.1-P4531,EVODEX.2.1-P4571,EVODEX.2.1-P5404,EVODEX.2.1-P5422","{""C"": -4, ""H"": -8, ""N"": -2, ""O"": -3}"
EVODEX.2.1-M457,-119.04057,"EVODEX.2.1-P1632,EVODEX.2.1-P1633,EVODEX.2.1-P1635,EVODEX.2.1-P1636,EVODEX.2.1-P1707","{""C"": -4, ""H"": -9, ""N"": -1, ""O"": -1, ""S"": -1}"
EVODEX.2.1-M458,-103.06337,"EVODEX.2.1-P2547,EVODEX.2.1-P2588,EVODEX.2.1-P2603,EVODEX.2.1-P2768,EVODEX.2.1-P2773","{""C"": -4, ""H"": -9, ""N"": -1, ""O"": -2}"
EVODEX.2.1-M459,-119.05827,"EVODEX.2.1-P4205,EVODEX.2.1-P4242,EVODEX.2.1-P4544,EVODEX.2.1-P5411,EVODEX.2.1-P5431","{""C"": -4, ""H"": -9, ""N"": -1, ""O"": -3}"
EVODEX.2.1-M569,-227.01950000000002,"EVODEX.2.1-P6376,EVODEX.2.1-P6402,EVODEX.2.1-P6411","{""C"": -5, ""H"": -10, ""N"": -1, ""O"": -7, ""P"": -1}"
EVODEX.2.1-M135,-146.0692,"EVODEX.2.1-P2480,EVODEX.2.1-P2481,EVODEX.2.1-P2686,EVODEX.2.1-P2689,EVODEX.2.1-P2733,EVODEX.2.1-P4159,EVODEX.2.1-P4512,EVODEX.2.1-P5387,EVODEX.2.1-P5388,EVODEX.2.1-P5432","{""C"": -5, ""H"": -10, ""N"": -2, ""O"": -3}"
EVODEX.2.1-M136,-117.07903,"EVODEX.2.1-P2557,EVODEX.2.1-P2564,EVODEX.2.1-P2591,EVODEX.2.1-P2598,EVODEX.2.1-P2728,EVODEX.2.1-P4134,EVODEX.2.1-P4326,EVODEX.2.1-P4339,EVODEX.2.1-P5312,EVODEX.2.1-P5414","{""C"": -5, ""H"": -11, ""N"": -1, ""O"": -2}"
EVODEX.2.1-M137,-149.05113,"EVODEX.2.1-P2483,EVODEX.2.1-P2513,EVODEX.2.1-P2698,EVODEX.2.1-P2699,EVODEX.2.1-P2798,EVODEX.2.1-P4486,EVODEX.2.1-P4924,EVODEX.2.1-P5274,EVODEX.2.1-P5423,EVODEX.2.1-P5439","{""C"": -5, ""H"": -11, ""N"": -1, ""O"": -2, ""S"": -1}"
EVODEX.2.1-M462,-111.03205000000001,"EVODEX.2.1-P4555,EVODEX.2.1-P4556,EVODEX.2.1-P4557,EVODEX.2.1-P4560,EVODEX.2.1-P4564","{""C"": -5, ""H"": -5, ""N"": -1, ""O"": -2}"
EVODEX.2.1-M465,-114.03168,"EVODEX.2.1-P5673,EVODEX.2.1-P5674,EVODEX.2.1-P5675,EVODEX.2.1-P5676,EVODEX.2.1-P5677","{""C"": -5, ""H"": -6, ""O"": -3}"
EVODEX.2.1-M466,-130.02658,"EVODEX.2.1-P3354,EVODEX.2.1-P3355,EVODEX.2.1-P3357,EVODEX.2.1-P3360,EVODEX.2.1-P3362","{""C"": -5, ""H"": -6, ""O"": -4}"
EVODEX.2.1-M74,-146.02148,"EVODEX.2.1-P2411,EVODEX.2.1-P2415,EVODEX.2.1-P2417,EVODEX.2.1-P2424,EVODEX.2.1-P2450,EVODEX.2.1-P2505,EVODEX.2.1-P2507,EVODEX.2.1-P2533,EVODEX.2.1-P2581,EVODEX.2.1-P2597,EVODEX.2.1-P2618,EVODEX.2.1-P2650,EVODEX.2.1-P2692,EVODEX.2.1-P2808,EVODEX.2.1-P2810","{""C"": -5, ""H"": -6, ""O"": -5}"
EVODEX.2.1-M139,-97.05281000000001,"EVODEX.2.1-P4169,EVODEX.2.1-P4175,EVODEX.2.1-P4180,EVODEX.2.1-P4204,EVODEX.2.1-P4256,EVODEX.2.1-P4298,EVODEX.2.1-P4328,EVODEX.2.1-P4349,EVODEX.2.1-P4460,EVODEX.2.1-P4505","{""C"": -5, ""H"": -7, ""N"": -1, ""O"": -1}"
EVODEX.2.1-M467,-113.04771000000001,"EVODEX.2.1-P4536,EVODEX.2.1-P4539,EVODEX.2.1-P4540,EVODEX.2.1-P4543,EVODEX.2.1-P4546","{""C"": -5, ""H"": -7, ""N"": -1, ""O"": -2}"
EVODEX.2.1-M57,-129.04261,"EVODEX.2.1-P1878,EVODEX.2.1-P1879,EVODEX.2.1-P4225,EVODEX.2.1-P4236,EVODEX.2.1-P4301,EVODEX.2.1-P4302,EVODEX.2.1-P4495,EVODEX.2.1-P5192,EVODEX.2.1-P5467,EVODEX.2.1-P5570,EVODEX.2.1-P6127,EVODEX.2.1-P6129,EVODEX.2.1-P6544,EVODEX.2.1-P6559,EVODEX.2.1-P6584","{""C"": -5, ""H"": -7, ""N"": -1, ""O"": -3}"
EVODEX.2.1-M468,-145.03751,"EVODEX.2.1-P2462,EVODEX.2.1-P2478,EVODEX.2.1-P2685,EVODEX.2.1-P2688,EVODEX.2.1-P2724","{""C"": -5, ""H"": -7, ""N"": -1, ""O"": -4}"
EVODEX.2.1-M140,-128.05864,"EVODEX.2.1-P4237,EVODEX.2.1-P4238,EVODEX.2.1-P4239,EVODEX.2.1-P4240,EVODEX.2.1-P4241,EVODEX.2.1-P4532,EVODEX.2.1-P5386,EVODEX.2.1-P5424,EVODEX.2.1-P5433,EVODEX.2.1-P5611","{""C"": -5, ""H"": -8, ""N"": -2, ""O"": -2}"
EVODEX.2.1-M469,-116.04733999999999,"EVODEX.2.1-P2447,EVODEX.2.1-P2565,EVODEX.2.1-P2593,EVODEX.2.1-P2642,EVODEX.2.1-P2795","{""C"": -5, ""H"": -8, ""O"": -3}"
EVODEX.2.1-M141,-132.04224,"EVODEX.2.1-P3968,EVODEX.2.1-P3969,EVODEX.2.1-P4001,EVODEX.2.1-P4078,EVODEX.2.1-P4080,EVODEX.2.1-P4082,EVODEX.2.1-P4094,EVODEX.2.1-P4095,EVODEX.2.1-P4097,EVODEX.2.1-P6089","{""C"": -5, ""H"": -8, ""O"": -4}"
EVODEX.2.1-M75,-99.06847,"EVODEX.2.1-P3419,EVODEX.2.1-P3601,EVODEX.2.1-P3602,EVODEX.2.1-P3606,EVODEX.2.1-P3607,EVODEX.2.1-P3615,EVODEX.2.1-P4163,EVODEX.2.1-P4220,EVODEX.2.1-P4276,EVODEX.2.1-P4345,EVODEX.2.1-P4442,EVODEX.2.1-P4462,EVODEX.2.1-P4522,EVODEX.2.1-P5159,EVODEX.2.1-P5440","{""C"": -5, ""H"": -9, ""N"": -1, ""O"": -1}"
EVODEX.2.1-M142,-131.04057,"EVODEX.2.1-P4189,EVODEX.2.1-P4200,EVODEX.2.1-P4201,EVODEX.2.1-P4202,EVODEX.2.1-P4207,EVODEX.2.1-P4262,EVODEX.2.1-P4443,EVODEX.2.1-P4464,EVODEX.2.1-P4487,EVODEX.2.1-P5438","{""C"": -5, ""H"": -9, ""N"": -1, ""O"": -1, ""S"": -1}"
EVODEX.2.1-M470,-115.06337,"EVODEX.2.1-P4203,EVODEX.2.1-P4352,EVODEX.2.1-P4381,EVODEX.2.1-P4444,EVODEX.2.1-P5053","{""C"": -5, ""H"": -9, ""N"": -1, ""O"": -2}"
EVODEX.2.1-M471,-131.05827,"EVODEX.2.1-P2661,EVODEX.2.1-P2663,EVODEX.2.1-P2665,EVODEX.2.1-P2667,EVODEX.2.1-P2669","{""C"": -5, ""H"": -9, ""N"": -1, ""O"": -3}"
EVODEX.2.1-M40,-147.05317,"EVODEX.2.1-P2418,EVODEX.2.1-P2420,EVODEX.2.1-P2431,EVODEX.2.1-P2446,EVODEX.2.1-P2527,EVODEX.2.1-P2530,EVODEX.2.1-P2574,EVODEX.2.1-P2578,EVODEX.2.1-P2582,EVODEX.2.1-P2646,EVODEX.2.1-P2674,EVODEX.2.1-P2707,EVODEX.2.1-P2804,EVODEX.2.1-P2807,EVODEX.2.1-P2816,EVODEX.2.1-P4327,EVODEX.2.1-P4496,EVODEX.2.1-P4513,EVODEX.2.1-P4574,EVODEX.2.1-P5115","{""C"": -5, ""H"": -9, ""N"": -1, ""O"": -4}"
EVODEX.2.1-M599,-82.0783,"EVODEX.2.1-P4074,EVODEX.2.1-P4898","{""C"": -6, ""H"": -10}"
EVODEX.2.1-M472,-142.0743,"EVODEX.2.1-P4178,EVODEX.2.1-P4289,EVODEX.2.1-P4427,EVODEX.2.1-P5169,EVODEX.2.1-P5173","{""C"": -6, ""H"": -10, ""N"": -2, ""O"": -2}"
EVODEX.2.1-M473,-130.063,"EVODEX.2.1-P2512,EVODEX.2.1-P2602,EVODEX.2.1-P2615,EVODEX.2.1-P2629,EVODEX.2.1-P2654","{""C"": -6, ""H"": -10, ""O"": -3}"
EVODEX.2.1-M143,-146.0579,"EVODEX.2.1-P4010,EVODEX.2.1-P4011,EVODEX.2.1-P4040,EVODEX.2.1-P4042,EVODEX.2.1-P4058,EVODEX.2.1-P4059,EVODEX.2.1-P4065,EVODEX.2.1-P4066,EVODEX.2.1-P4067,EVODEX.2.1-P4070","{""C"": -6, ""H"": -10, ""O"": -4}"
EVODEX.2.1-M21,-162.0528,"EVODEX.2.1-P1984,EVODEX.2.1-P1989,EVODEX.2.1-P2000,EVODEX.2.1-P2009,EVODEX.2.1-P2010,EVODEX.2.1-P2059,EVODEX.2.1-P2073,EVODEX.2.1-P2077,EVODEX.2.1-P2085,EVODEX.2.1-P3887,EVODEX.2.1-P3889,EVODEX.2.1-P3890,EVODEX.2.1-P3898,EVODEX.2.1-P3900,EVODEX.2.1-P3904,EVODEX.2.1-P3911,EVODEX.2.1-P3914,EVODEX.2.1-P3944,EVODEX.2.1-P3948,EVODEX.2.1-P3949,EVODEX.2.1-P3951,EVODEX.2.1-P3955,EVODEX.2.1-P3967,EVODEX.2.1-P4004,EVODEX.2.1-P4006,EVODEX.2.1-P4007,EVODEX.2.1-P4024,EVODEX.2.1-P4026,EVODEX.2.1-P4028,EVODEX.2.1-P4035,EVODEX.2.1-P4049,EVODEX.2.1-P4051,EVODEX.2.1-P4053,EVODEX.2.1-P4085,EVODEX.2.1-P4088","{""C"": -6, ""H"": -10, ""O"": -5}"
EVODEX.2.1-M76,-113.08413,"EVODEX.2.1-P4135,EVODEX.2.1-P4138,EVODEX.2.1-P4144,EVODEX.2.1-P4147,EVODEX.2.1-P4152,EVODEX.2.1-P4167,EVODEX.2.1-P4305,EVODEX.2.1-P4323,EVODEX.2.1-P4369,EVODEX.2.1-P4452,EVODEX.2.1-P4463,EVODEX.2.1-P4518,EVODEX.2.1-P4952,EVODEX.2.1-P5371,EVODEX.2.1-P5372","{""C"": -6, ""H"": -11, ""N"": -1, ""O"": -1}"
EVODEX.2.1-M474,-145.07393,"EVODEX.2.1-P2455,EVODEX.2.1-P2583,EVODEX.2.1-P2586,EVODEX.2.1-P2652,EVODEX.2.1-P2703","{""C"": -6, ""H"": -11, ""N"": -1, ""O"": -3}"
EVODEX.2.1-M475,-161.06883,"EVODEX.2.1-P2720,EVODEX.2.1-P2766,EVODEX.2.1-P2790,EVODEX.2.1-P2792,EVODEX.2.1-P2796","{""C"": -6, ""H"": -11, ""N"": -1, ""O"": -4}"
EVODEX.2.1-M476,-242.01913,"EVODEX.2.1-P3915,EVODEX.2.1-P3918,EVODEX.2.1-P3919,EVODEX.2.1-P3920,EVODEX.2.1-P4102","{""C"": -6, ""H"": -11, ""O"": -8, ""P"": -1}"
EVODEX.2.1-M77,-128.09506,"EVODEX.2.1-P4186,EVODEX.2.1-P4188,EVODEX.2.1-P4192,EVODEX.2.1-P4193,EVODEX.2.1-P4297,EVODEX.2.1-P4371,EVODEX.2.1-P4372,EVODEX.2.1-P4467,EVODEX.2.1-P4562,EVODEX.2.1-P5059,EVODEX.2.1-P5416,EVODEX.2.1-P5418,EVODEX.2.1-P5450,EVODEX.2.1-P5451,EVODEX.2.1-P5454","{""C"": -6, ""H"": -12, ""N"": -2, ""O"": -1}"
EVODEX.2.1-M477,-160.08486,"EVODEX.2.1-P4429,EVODEX.2.1-P5162,EVODEX.2.1-P5163,EVODEX.2.1-P5166,EVODEX.2.1-P5170","{""C"": -6, ""H"": -12, ""N"": -2, ""O"": -3}"
EVODEX.2.1-M78,-156.10126,"EVODEX.2.1-P4154,EVODEX.2.1-P4185,EVODEX.2.1-P4221,EVODEX.2.1-P4232,EVODEX.2.1-P4233,EVODEX.2.1-P4234,EVODEX.2.1-P4299,EVODEX.2.1-P4300,EVODEX.2.1-P4318,EVODEX.2.1-P4320,EVODEX.2.1-P4468,EVODEX.2.1-P4488,EVODEX.2.1-P4494,EVODEX.2.1-P4497,EVODEX.2.1-P4928","{""C"": -6, ""H"": -12, ""N"": -4, ""O"": -1}"
EVODEX.2.1-M478,-164.06846,"EVODEX.2.1-P4041,EVODEX.2.1-P4060,EVODEX.2.1-P4062,EVODEX.2.1-P4064,EVODEX.2.1-P4068","{""C"": -6, ""H"": -12, ""O"": -5}"
EVODEX.2.1-M22,-180.06336,"EVODEX.2.1-P1976,EVODEX.2.1-P1978,EVODEX.2.1-P1979,EVODEX.2.1-P2029,EVODEX.2.1-P2031,EVODEX.2.1-P2101,EVODEX.2.1-P2102,EVODEX.2.1-P2115,EVODEX.2.1-P2116,EVODEX.2.1-P2137,EVODEX.2.1-P2954,EVODEX.2.1-P2956,EVODEX.2.1-P2974,EVODEX.2.1-P3882,EVODEX.2.1-P3886,EVODEX.2.1-P3891,EVODEX.2.1-P3894,EVODEX.2.1-P3897,EVODEX.2.1-P3903,EVODEX.2.1-P3910,EVODEX.2.1-P3966,EVODEX.2.1-P4002,EVODEX.2.1-P4013,EVODEX.2.1-P4014,EVODEX.2.1-P4019,EVODEX.2.1-P4027,EVODEX.2.1-P4048,EVODEX.2.1-P4050,EVODEX.2.1-P4052,EVODEX.2.1-P4054,EVODEX.2.1-P4087,EVODEX.2.1-P4103,EVODEX.2.1-P4118,EVODEX.2.1-P6172,EVODEX.2.1-P6174","{""C"": -6, ""H"": -12, ""O"": -6}"
EVODEX.2.1-M50,-131.09468999999999,"EVODEX.2.1-P2549,EVODEX.2.1-P2567,EVODEX.2.1-P2625,EVODEX.2.1-P2627,EVODEX.2.1-P2628,EVODEX.2.1-P2639,EVODEX.2.1-P2641,EVODEX.2.1-P2651,EVODEX.2.1-P2731,EVODEX.2.1-P2732,EVODEX.2.1-P4155,EVODEX.2.1-P4168,EVODEX.2.1-P4324,EVODEX.2.1-P4453,EVODEX.2.1-P4456,EVODEX.2.1-P4517,EVODEX.2.1-P5362,EVODEX.2.1-P5406,EVODEX.2.1-P5407,EVODEX.2.1-P5419","{""C"": -6, ""H"": -13, ""N"": -1, ""O"": -2}"
EVODEX.2.1-M479,-260.02968999999996,"EVODEX.2.1-P3185,EVODEX.2.1-P3197,EVODEX.2.1-P3265,EVODEX.2.1-P3266,EVODEX.2.1-P3267","{""C"": -6, ""H"": -13, ""O"": -9, ""P"": -1}"
EVODEX.2.1-M144,-146.10562000000002,"EVODEX.2.1-P4346,EVODEX.2.1-P4461,EVODEX.2.1-P4482,EVODEX.2.1-P4491,EVODEX.2.1-P4501,EVODEX.2.1-P5417,EVODEX.2.1-P5446,EVODEX.2.1-P5448,EVODEX.2.1-P5449,EVODEX.2.1-P5452","{""C"": -6, ""H"": -14, ""N"": -2, ""O"": -2}"
EVODEX.2.1-M480,-174.11182000000002,"EVODEX.2.1-P4216,EVODEX.2.1-P4231,EVODEX.2.1-P4469,EVODEX.2.1-P4483,EVODEX.2.1-P4500","{""C"": -6, ""H"": -14, ""N"": -4, ""O"": -2}"
EVODEX.2.1-M571,-387.97255,"EVODEX.2.1-P5933,EVODEX.2.1-P5935,EVODEX.2.1-P5941","{""C"": -6, ""H"": -15, ""O"": -13, ""P"": -3}"
EVODEX.2.1-M38,-121.01639,"EVODEX.2.1-P3439,EVODEX.2.1-P3444,EVODEX.2.1-P3447,EVODEX.2.1-P3449,EVODEX.2.1-P3470,EVODEX.2.1-P3705,EVODEX.2.1-P3708,EVODEX.2.1-P3804,EVODEX.2.1-P3814,EVODEX.2.1-P3865,EVODEX.2.1-P3867,EVODEX.2.1-P3868,EVODEX.2.1-P3872,EVODEX.2.1-P3877,EVODEX.2.1-P3879,EVODEX.2.1-P3926,EVODEX.2.1-P3935,EVODEX.2.1-P4029,EVODEX.2.1-P4038,EVODEX.2.1-P4056,EVODEX.2.1-P4073,EVODEX.2.1-P4098,EVODEX.2.1-P4692,EVODEX.2.1-P5043,EVODEX.2.1-P9","{""C"": -6, ""H"": -3, ""N"": -1, ""O"": -2}"
EVODEX.2.1-M572,-76.03132,"EVODEX.2.1-P3422,EVODEX.2.1-P3976,EVODEX.2.1-P4072","{""C"": -6, ""H"": -4}"
EVODEX.2.1-M145,-120.03242,"EVODEX.2.1-P4206,EVODEX.2.1-P4377,EVODEX.2.1-P4389,EVODEX.2.1-P4847,EVODEX.2.1-P4879,EVODEX.2.1-P5042,EVODEX.2.1-P5375,EVODEX.2.1-P5379,EVODEX.2.1-P5382,EVODEX.2.1-P5384","{""C"": -6, ""H"": -4, ""N"": -2, ""O"": -1}"
EVODEX.2.1-M79,-139.02695,"EVODEX.2.1-P2131,EVODEX.2.1-P3004,EVODEX.2.1-P3006,EVODEX.2.1-P3007,EVODEX.2.1-P3015,EVODEX.2.1-P3751,EVODEX.2.1-P3880,EVODEX.2.1-P4076,EVODEX.2.1-P4109,EVODEX.2.1-P4112,EVODEX.2.1-P4116,EVODEX.2.1-P4248,EVODEX.2.1-P4578,EVODEX.2.1-P4688,EVODEX.2.1-P4991","{""C"": -6, ""H"": -5, ""N"": -1, ""O"": -3}"
EVODEX.2.1-M80,-138.04298,"EVODEX.2.1-P1871,EVODEX.2.1-P1873,EVODEX.2.1-P1890,EVODEX.2.1-P1891,EVODEX.2.1-P1893,EVODEX.2.1-P3689,EVODEX.2.1-P4373,EVODEX.2.1-P4376,EVODEX.2.1-P4657,EVODEX.2.1-P4672,EVODEX.2.1-P5020,EVODEX.2.1-P5374,EVODEX.2.1-P5378,EVODEX.2.1-P5383,EVODEX.2.1-P5690","{""C"": -6, ""H"": -6, ""N"": -2, ""O"": -2}"
EVODEX.2.1-M481,-154.03788,"EVODEX.2.1-P2590,EVODEX.2.1-P2592,EVODEX.2.1-P2595,EVODEX.2.1-P2713,EVODEX.2.1-P2782","{""C"": -6, ""H"": -6, ""N"": -2, ""O"": -3}"
EVODEX.2.1-M146,-94.04188,"EVODEX.2.1-P3019,EVODEX.2.1-P3022,EVODEX.2.1-P3023,EVODEX.2.1-P3024,EVODEX.2.1-P3026,EVODEX.2.1-P3486,EVODEX.2.1-P3691,EVODEX.2.1-P3917,EVODEX.2.1-P4108,EVODEX.2.1-P4651","{""C"": -6, ""H"": -6, ""O"": -1}"
EVODEX.2.1-M484,-137.05901,"EVODEX.2.1-P4277,EVODEX.2.1-P4329,EVODEX.2.1-P4334,EVODEX.2.1-P4336,EVODEX.2.1-P4515","{""C"": -6, ""H"": -7, ""N"": -3, ""O"": -1}"
EVODEX.2.1-M485,-176.03204,"EVODEX.2.1-P3930,EVODEX.2.1-P3931,EVODEX.2.1-P4091,EVODEX.2.1-P4092,EVODEX.2.1-P4093","{""C"": -6, ""H"": -8, ""O"": -6}"
EVODEX.2.1-M486,-159.03547,"EVODEX.2.1-P4534,EVODEX.2.1-P4535,EVODEX.2.1-P4547,EVODEX.2.1-P4549,EVODEX.2.1-P4550","{""C"": -6, ""H"": -9, ""N"": -1, ""O"": -2, ""S"": -1}"
EVODEX.2.1-M487,-155.06957,"EVODEX.2.1-P4332,EVODEX.2.1-P4335,EVODEX.2.1-P4348,EVODEX.2.1-P4514,EVODEX.2.1-P4561","{""C"": -6, ""H"": -9, ""N"": -3, ""O"": -2}"
EVODEX.2.1-M488,-190.0477,"EVODEX.2.1-P3514,EVODEX.2.1-P3923,EVODEX.2.1-P3924,EVODEX.2.1-P3928,EVODEX.2.1-P3929","{""C"": -7, ""H"": -10, ""O"": -6}"
EVODEX.2.1-M489,-164.02222,"EVODEX.2.1-P4585,EVODEX.2.1-P4591,EVODEX.2.1-P4596,EVODEX.2.1-P4602,EVODEX.2.1-P4611","{""C"": -7, ""H"": -4, ""N"": -2, ""O"": -3}"
EVODEX.2.1-M490,-104.02622,"EVODEX.2.1-P4617,EVODEX.2.1-P5063,EVODEX.2.1-P5389,EVODEX.2.1-P5391,EVODEX.2.1-P5443","{""C"": -7, ""H"": -4, ""O"": -1}"
EVODEX.2.1-M491,-163.03825,"EVODEX.2.1-P4614,EVODEX.2.1-P4674,EVODEX.2.1-P4678,EVODEX.2.1-P4806,EVODEX.2.1-P4809","{""C"": -7, ""H"": -5, ""N"": -3, ""O"": -2}"
EVODEX.2.1-M147,-90.04698,"EVODEX.2.1-P3604,EVODEX.2.1-P3960,EVODEX.2.1-P3962,EVODEX.2.1-P4816,EVODEX.2.1-P5095,EVODEX.2.1-P5590,EVODEX.2.1-P5592,EVODEX.2.1-P5597,EVODEX.2.1-P5599,EVODEX.2.1-P5603","{""C"": -7, ""H"": -6}"
EVODEX.2.1-M492,-182.03278,"EVODEX.2.1-P3621,EVODEX.2.1-P4595,EVODEX.2.1-P4600,EVODEX.2.1-P4603,EVODEX.2.1-P5369","{""C"": -7, ""H"": -6, ""N"": -2, ""O"": -4}"
EVODEX.2.1-M493,-181.04881,"EVODEX.2.1-P4613,EVODEX.2.1-P4673,EVODEX.2.1-P4676,EVODEX.2.1-P4807,EVODEX.2.1-P4808","{""C"": -7, ""H"": -7, ""N"": -3, ""O"": -3}"
EVODEX.2.1-M148,-108.05754,"EVODEX.2.1-P3513,EVODEX.2.1-P3605,EVODEX.2.1-P3959,EVODEX.2.1-P4034,EVODEX.2.1-P4249,EVODEX.2.1-P4251,EVODEX.2.1-P4255,EVODEX.2.1-P4261,EVODEX.2.1-P4273,EVODEX.2.1-P4815","{""C"": -7, ""H"": -8, ""O"": -1}"
EVODEX.2.1-M497,-231.02970000000002,"EVODEX.2.1-P1181,EVODEX.2.1-P1187,EVODEX.2.1-P1190,EVODEX.2.1-P1195,EVODEX.2.1-P1207","{""C"": -8, ""H"": -10, ""N"": -1, ""O"": -5, ""P"": -1}"
EVODEX.2.1-M498,-198.0464,"EVODEX.2.1-P1616,EVODEX.2.1-P3482,EVODEX.2.1-P3628,EVODEX.2.1-P5353,EVODEX.2.1-P5354","{""C"": -8, ""H"": -10, ""N"": -2, ""O"": -2, ""S"": -1}"
EVODEX.2.1-M499,-226.0703,"EVODEX.2.1-P4632,EVODEX.2.1-P4634,EVODEX.2.1-P4635,EVODEX.2.1-P4773,EVODEX.2.1-P5246","{""C"": -8, ""H"": -10, ""N"": -4, ""O"": -4}"
EVODEX.2.1-M501,-216.05696,"EVODEX.2.1-P1617,EVODEX.2.1-P5333,EVODEX.2.1-P5345,EVODEX.2.1-P5350,EVODEX.2.1-P5366","{""C"": -8, ""H"": -12, ""N"": -2, ""O"": -3, ""S"": -1}"
EVODEX.2.1-M502,-203.07939,"EVODEX.2.1-P2082,EVODEX.2.1-P3934,EVODEX.2.1-P3978,EVODEX.2.1-P4075,EVODEX.2.1-P4115","{""C"": -8, ""H"": -13, ""N"": -1, ""O"": -5}"
EVODEX.2.1-M503,-126.10452000000001,"EVODEX.2.1-P3424,EVODEX.2.1-P3487,EVODEX.2.1-P3488,EVODEX.2.1-P3521,EVODEX.2.1-P3563","{""C"": -8, ""H"": -14, ""O"": -1}"
EVODEX.2.1-M601,-330.02875,"EVODEX.2.1-P6698,EVODEX.2.1-P6700","{""C"": -8, ""H"": -15, ""N"": -2, ""O"": -8, ""P"": -1, ""S"": -1}"
EVODEX.2.1-M504,-118.04188,"EVODEX.2.1-P3481,EVODEX.2.1-P5346,EVODEX.2.1-P5358,EVODEX.2.1-P5361,EVODEX.2.1-P5453","{""C"": -8, ""H"": -6, ""O"": -1}"
EVODEX.2.1-M505,-134.03678,"EVODEX.2.1-P4476,EVODEX.2.1-P4478,EVODEX.2.1-P4680,EVODEX.2.1-P5402,EVODEX.2.1-P5604","{""C"": -8, ""H"": -6, ""O"": -2}"
EVODEX.2.1-M507,-208.05974,"EVODEX.2.1-P4633,EVODEX.2.1-P4636,EVODEX.2.1-P4637,EVODEX.2.1-P4638,EVODEX.2.1-P4639","{""C"": -8, ""H"": -8, ""N"": -4, ""O"": -3}"
EVODEX.2.1-M508,-210.0641,"EVODEX.2.1-P4524,EVODEX.2.1-P4526,EVODEX.2.1-P4527,EVODEX.2.1-P4528,EVODEX.2.1-P4529","{""C"": -9, ""H"": -10, ""N"": -2, ""O"": -4}"
EVODEX.2.1-M149,-165.07903,"EVODEX.2.1-P2553,EVODEX.2.1-P2554,EVODEX.2.1-P2561,EVODEX.2.1-P2570,EVODEX.2.1-P2752,EVODEX.2.1-P4149,EVODEX.2.1-P4164,EVODEX.2.1-P4199,EVODEX.2.1-P4465,EVODEX.2.1-P4466","{""C"": -9, ""H"": -11, ""N"": -1, ""O"": -2}"
EVODEX.2.1-M509,-181.07393,"EVODEX.2.1-P4151,EVODEX.2.1-P4160,EVODEX.2.1-P4196,EVODEX.2.1-P4370,EVODEX.2.1-P4451","{""C"": -9, ""H"": -11, ""N"": -1, ""O"": -3}"
EVODEX.2.1-M510,-306.02533,"EVODEX.2.1-P1606,EVODEX.2.1-P1607,EVODEX.2.1-P3228,EVODEX.2.1-P3255,EVODEX.2.1-P5828","{""C"": -9, ""H"": -11, ""N"": -2, ""O"": -8, ""P"": -1}"
EVODEX.2.1-M511,-385.99165999999997,"EVODEX.2.1-P1981,EVODEX.2.1-P2037,EVODEX.2.1-P2039,EVODEX.2.1-P2062,EVODEX.2.1-P2151","{""C"": -9, ""H"": -12, ""N"": -2, ""O"": -11, ""P"": -2}"
EVODEX.2.1-M512,-305.04135999999994,"EVODEX.2.1-P3218,EVODEX.2.1-P3225,EVODEX.2.1-P3275,EVODEX.2.1-P3279,EVODEX.2.1-P5826","{""C"": -9, ""H"": -12, ""N"": -3, ""O"": -7, ""P"": -1}"
EVODEX.2.1-M150,-324.03589,"EVODEX.2.1-P2867,EVODEX.2.1-P2990,EVODEX.2.1-P2991,EVODEX.2.1-P3162,EVODEX.2.1-P3283,EVODEX.2.1-P3285,EVODEX.2.1-P3291,EVODEX.2.1-P3292,EVODEX.2.1-P3294,EVODEX.2.1-P3304","{""C"": -9, ""H"": -13, ""N"": -2, ""O"": -9, ""P"": -1}"
EVODEX.2.1-M23,-404.00222,"EVODEX.2.1-P1980,EVODEX.2.1-P1983,EVODEX.2.1-P1997,EVODEX.2.1-P1998,EVODEX.2.1-P1999,EVODEX.2.1-P2001,EVODEX.2.1-P2013,EVODEX.2.1-P2014,EVODEX.2.1-P2015,EVODEX.2.1-P2020,EVODEX.2.1-P2035,EVODEX.2.1-P2036,EVODEX.2.1-P2043,EVODEX.2.1-P2048,EVODEX.2.1-P2051,EVODEX.2.1-P2052,EVODEX.2.1-P2054,EVODEX.2.1-P2055,EVODEX.2.1-P2063,EVODEX.2.1-P2074,EVODEX.2.1-P2097,EVODEX.2.1-P2098,EVODEX.2.1-P2105,EVODEX.2.1-P2107,EVODEX.2.1-P2110,EVODEX.2.1-P2150,EVODEX.2.1-P2155,EVODEX.2.1-P2184,EVODEX.2.1-P2886,EVODEX.2.1-P2907,EVODEX.2.1-P2909,EVODEX.2.1-P2924,EVODEX.2.1-P2940,EVODEX.2.1-P3214,EVODEX.2.1-P3999","{""C"": -9, ""H"": -14, ""N"": -2, ""O"": -12, ""P"": -2}"
EVODEX.2.1-M151,-323.05192,"EVODEX.2.1-P2187,EVODEX.2.1-P2188,EVODEX.2.1-P2190,EVODEX.2.1-P2193,EVODEX.2.1-P2201,EVODEX.2.1-P3163,EVODEX.2.1-P3257,EVODEX.2.1-P3273,EVODEX.2.1-P3274,EVODEX.2.1-P3301","{""C"": -9, ""H"": -14, ""N"": -3, ""O"": -8, ""P"": -1}"
EVODEX.2.1-M513,-387.02335,"EVODEX.2.1-P2827,EVODEX.2.1-P2874,EVODEX.2.1-P2919,EVODEX.2.1-P2999,EVODEX.2.1-P3802","{""C"": -9, ""H"": -15, ""N"": -3, ""O"": -10, ""P"": -2}"
EVODEX.2.1-M152,-403.01825,"EVODEX.2.1-P2825,EVODEX.2.1-P2826,EVODEX.2.1-P2850,EVODEX.2.1-P2887,EVODEX.2.1-P2961,EVODEX.2.1-P2988,EVODEX.2.1-P3119,EVODEX.2.1-P3125,EVODEX.2.1-P3130,EVODEX.2.1-P3140","{""C"": -9, ""H"": -15, ""N"": -3, ""O"": -11, ""P"": -2}"
EVODEX.2.1-M153,-184.12128,"EVODEX.2.1-P4430,EVODEX.2.1-P4682,EVODEX.2.1-P4683,EVODEX.2.1-P4684,EVODEX.2.1-P4686,EVODEX.2.1-P4690,EVODEX.2.1-P5165,EVODEX.2.1-P5168,EVODEX.2.1-P5172,EVODEX.2.1-P5253","{""C"": -9, ""H"": -16, ""N"": -2, ""O"": -2}"
EVODEX.2.1-M154,-202.13184,"EVODEX.2.1-P4681,EVODEX.2.1-P4685,EVODEX.2.1-P4687,EVODEX.2.1-P4689,EVODEX.2.1-P4839,EVODEX.2.1-P5150,EVODEX.2.1-P5156,EVODEX.2.1-P5164,EVODEX.2.1-P5167,EVODEX.2.1-P5171","{""C"": -9, ""H"": -18, ""N"": -2, ""O"": -3}"
EVODEX.2.1-M514,-161.04771,"EVODEX.2.1-P4408,EVODEX.2.1-P4419,EVODEX.2.1-P4432,EVODEX.2.1-P4445,EVODEX.2.1-P4454","{""C"": -9, ""H"": -7, ""N"": -1, ""O"": -2}"
EVODEX.2.1-M515,-192.05354,"EVODEX.2.1-P4507,EVODEX.2.1-P4508,EVODEX.2.1-P4523,EVODEX.2.1-P4525,EVODEX.2.1-P4530","{""C"": -9, ""H"": -8, ""N"": -2, ""O"": -3}"
EVODEX.2.1-M516,-164.04734,"EVODEX.2.1-P2552,EVODEX.2.1-P2555,EVODEX.2.1-P2560,EVODEX.2.1-P2572,EVODEX.2.1-P2757","{""C"": -9, ""H"": -8, ""O"": -3}"
EVODEX.2.1-M517,-180.04224,"EVODEX.2.1-P2404,EVODEX.2.1-P2465,EVODEX.2.1-P2643,EVODEX.2.1-P2678,EVODEX.2.1-P2771","{""C"": -9, ""H"": -8, ""O"": -4}"
EVODEX.2.1-M155,-147.06847,"EVODEX.2.1-P4146,EVODEX.2.1-P4162,EVODEX.2.1-P4194,EVODEX.2.1-P4197,EVODEX.2.1-P4226,EVODEX.2.1-P4290,EVODEX.2.1-P4382,EVODEX.2.1-P4447,EVODEX.2.1-P4484,EVODEX.2.1-P4498","{""C"": -9, ""H"": -9, ""N"": -1, ""O"": -1}"
EVODEX.2.1-M156,-163.06337,"EVODEX.2.1-P4137,EVODEX.2.1-P4148,EVODEX.2.1-P4187,EVODEX.2.1-P4368,EVODEX.2.1-P4479,EVODEX.2.1-P4499,EVODEX.2.1-P4503,EVODEX.2.1-P4558,EVODEX.2.1-P5161,EVODEX.2.1-P5413","{""C"": -9, ""H"": -9, ""N"": -1, ""O"": -2}"
EVODEX.2.1-M518,-17.966169999999998,"EVODEX.2.1-P5889,EVODEX.2.1-P5892,EVODEX.2.1-P5895,EVODEX.2.1-P5897,EVODEX.2.1-P5900","{""Cl"": -1, ""H"": 1, ""O"": 1}"
EVODEX.2.1-M519,-35.976729999999996,"EVODEX.2.1-P5887,EVODEX.2.1-P5888,EVODEX.2.1-P5891,EVODEX.2.1-P5902,EVODEX.2.1-P5906","{""Cl"": -1, ""H"": -1}"
EVODEX.2.1-M3,1.00783,"EVODEX.2.1-P1008,EVODEX.2.1-P182,EVODEX.2.1-P20,EVODEX.2.1-P754,EVODEX.2.1-P93","{""H"": 1}"
EVODEX.2.1-M520,15.01093,"EVODEX.2.1-P5524,EVODEX.2.1-P6182,EVODEX.2.1-P6183,EVODEX.2.1-P6385,EVODEX.2.1-P6421","{""H"": 1, ""N"": 1}"
EVODEX.2.1-M157,-0.9839699999999993,"EVODEX.2.1-P5013,EVODEX.2.1-P5465,EVODEX.2.1-P5545,EVODEX.2.1-P5547,EVODEX.2.1-P5555","{""H"": 1, ""N"": 1, ""O"": -1}"
EVODEX.2.1-M521,18.994529999999997,"EVODEX.2.1-P5771,EVODEX.2.1-P5782,EVODEX.2.1-P5788,EVODEX.2.1-P5808,EVODEX.2.1-P5811","{""H"": 1, ""N"": -1, ""O"": 2}"
EVODEX.2.1-M27,79.96633,"EVODEX.2.1-P1460,EVODEX.2.1-P2821,EVODEX.2.1-P2900,EVODEX.2.1-P2926,EVODEX.2.1-P2930,EVODEX.2.1-P3033,EVODEX.2.1-P3036,EVODEX.2.1-P3042,EVODEX.2.1-P3044,EVODEX.2.1-P3046,EVODEX.2.1-P3048,EVODEX.2.1-P3057,EVODEX.2.1-P3066,EVODEX.2.1-P3072,EVODEX.2.1-P3074,EVODEX.2.1-P3077,EVODEX.2.1-P3081,EVODEX.2.1-P3085,EVODEX.2.1-P3088,EVODEX.2.1-P3096,EVODEX.2.1-P3120,EVODEX.2.1-P3123,EVODEX.2.1-P3124,EVODEX.2.1-P3146,EVODEX.2.1-P3149","{""H"": 1, ""O"": 3, ""P"": 1}"
EVODEX.2.1-M6,2.01566,"EVODEX.2.1-P1,EVODEX.2.1-P104,EVODEX.2.1-P1321,EVODEX.2.1-P1322,EVODEX.2.1-P1324,EVODEX.2.1-P1329,EVODEX.2.1-P1330,EVODEX.2.1-P1331,EVODEX.2.1-P152,EVODEX.2.1-P157,EVODEX.2.1-P27,EVODEX.2.1-P3,EVODEX.2.1-P33,EVODEX.2.1-P35,EVODEX.2.1-P4,EVODEX.2.1-P41,EVODEX.2.1-P48,EVODEX.2.1-P5,EVODEX.2.1-P50,EVODEX.2.1-P59,EVODEX.2.1-P64,EVODEX.2.1-P7,EVODEX.2.1-P71,EVODEX.2.1-P720,EVODEX.2.1-P77,EVODEX.2.1-P778,EVODEX.2.1-P782,EVODEX.2.1-P783,EVODEX.2.1-P8,EVODEX.2.1-P824,EVODEX.2.1-P837,EVODEX.2.1-P860,EVODEX.2.1-P88,EVODEX.2.1-P899,EVODEX.2.1-P900,EVODEX.2.1-P901,EVODEX.2.1-P902,EVODEX.2.1-P904,EVODEX.2.1-P918,EVODEX.2.1-P94","{""H"": 2}"
EVODEX.2.1-M522,37.989059999999995,"EVODEX.2.1-P5776,EVODEX.2.1-P5780,EVODEX.2.1-P5785,EVODEX.2.1-P5786,EVODEX.2.1-P5799","{""H"": 2, ""N"": -2, ""O"": 4}"
EVODEX.2.1-M2,18.010559999999998,"EVODEX.2.1-P10,EVODEX.2.1-P1887,EVODEX.2.1-P1915,EVODEX.2.1-P1917,EVODEX.2.1-P1982,EVODEX.2.1-P2019,EVODEX.2.1-P2293,EVODEX.2.1-P3408,EVODEX.2.1-P3420,EVODEX.2.1-P3425,EVODEX.2.1-P3429,EVODEX.2.1-P3433,EVODEX.2.1-P3440,EVODEX.2.1-P3448,EVODEX.2.1-P3450,EVODEX.2.1-P3451,EVODEX.2.1-P3453,EVODEX.2.1-P3458,EVODEX.2.1-P3463,EVODEX.2.1-P3467,EVODEX.2.1-P3471,EVODEX.2.1-P3474,EVODEX.2.1-P3490,EVODEX.2.1-P3492,EVODEX.2.1-P3497,EVODEX.2.1-P3499,EVODEX.2.1-P3502,EVODEX.2.1-P3504,EVODEX.2.1-P3510,EVODEX.2.1-P3527,EVODEX.2.1-P3529,EVODEX.2.1-P3532,EVODEX.2.1-P3538,EVODEX.2.1-P3540,EVODEX.2.1-P3541,EVODEX.2.1-P3542,EVODEX.2.1-P3544,EVODEX.2.1-P3545,EVODEX.2.1-P3551,EVODEX.2.1-P3553,EVODEX.2.1-P3555,EVODEX.2.1-P3557,EVODEX.2.1-P3559,EVODEX.2.1-P3560,EVODEX.2.1-P3565,EVODEX.2.1-P3566,EVODEX.2.1-P3578,EVODEX.2.1-P3579,EVODEX.2.1-P3583,EVODEX.2.1-P3585,EVODEX.2.1-P3591,EVODEX.2.1-P3599,EVODEX.2.1-P3603,EVODEX.2.1-P3622,EVODEX.2.1-P3651,EVODEX.2.1-P3652,EVODEX.2.1-P3655,EVODEX.2.1-P3660,EVODEX.2.1-P3666,EVODEX.2.1-P3668,EVODEX.2.1-P3677,EVODEX.2.1-P3685,EVODEX.2.1-P3690,EVODEX.2.1-P3692,EVODEX.2.1-P3693,EVODEX.2.1-P3696,EVODEX.2.1-P3700,EVODEX.2.1-P3702,EVODEX.2.1-P3709,EVODEX.2.1-P3710,EVODEX.2.1-P3718,EVODEX.2.1-P3726,EVODEX.2.1-P3727,EVODEX.2.1-P3729,EVODEX.2.1-P3733,EVODEX.2.1-P3739,EVODEX.2.1-P3743,EVODEX.2.1-P3753,EVODEX.2.1-P3760,EVODEX.2.1-P3766,EVODEX.2.1-P3772,EVODEX.2.1-P3777,EVODEX.2.1-P3781,EVODEX.2.1-P3785,EVODEX.2.1-P3788,EVODEX.2.1-P3792,EVODEX.2.1-P3794,EVODEX.2.1-P3795,EVODEX.2.1-P3799,EVODEX.2.1-P3805,EVODEX.2.1-P3806,EVODEX.2.1-P3807,EVODEX.2.1-P3809,EVODEX.2.1-P3815,EVODEX.2.1-P3816,EVODEX.2.1-P3818,EVODEX.2.1-P3826,EVODEX.2.1-P3830,EVODEX.2.1-P3837,EVODEX.2.1-P3839,EVODEX.2.1-P3852,EVODEX.2.1-P3858,EVODEX.2.1-P3860,EVODEX.2.1-P3862,EVODEX.2.1-P3869,EVODEX.2.1-P3871,EVODEX.2.1-P3873,EVODEX.2.1-P3874,EVODEX.2.1-P3878,EVODEX.2.1-P3883,EVODEX.2.1-P3892,EVODEX.2.1-P3893,EVODEX.2.1-P3895,EVODEX.2.1-P3899,EVODEX.2.1-P3905,EVODEX.2.1-P3907,EVODEX.2.1-P3909,EVODEX.2.1-P3913,EVODEX.2.1-P3921,EVODEX.2.1-P3942,EVODEX.2.1-P3943,EVODEX.2.1-P3945,EVODEX.2.1-P3947,EVODEX.2.1-P3952,EVODEX.2.1-P3954,EVODEX.2.1-P3958,EVODEX.2.1-P3964,EVODEX.2.1-P3973,EVODEX.2.1-P3974,EVODEX.2.1-P3980,EVODEX.2.1-P3984,EVODEX.2.1-P3986,EVODEX.2.1-P3987,EVODEX.2.1-P3989,EVODEX.2.1-P3991,EVODEX.2.1-P3993,EVODEX.2.1-P3995,EVODEX.2.1-P3998,EVODEX.2.1-P4000,EVODEX.2.1-P4003,EVODEX.2.1-P4016,EVODEX.2.1-P4031,EVODEX.2.1-P4036,EVODEX.2.1-P4044,EVODEX.2.1-P4045,EVODEX.2.1-P4047,EVODEX.2.1-P4069,EVODEX.2.1-P4071,EVODEX.2.1-P4079,EVODEX.2.1-P4081,EVODEX.2.1-P4084,EVODEX.2.1-P4086,EVODEX.2.1-P4090,EVODEX.2.1-P4099,EVODEX.2.1-P4100,EVODEX.2.1-P4105,EVODEX.2.1-P4107,EVODEX.2.1-P4126,EVODEX.2.1-P4127,EVODEX.2.1-P4128,EVODEX.2.1-P4130,EVODEX.2.1-P4132,EVODEX.2.1-P4143,EVODEX.2.1-P4166,EVODEX.2.1-P4228,EVODEX.2.1-P4288,EVODEX.2.1-P4292,EVODEX.2.1-P4304,EVODEX.2.1-P4353,EVODEX.2.1-P4357,EVODEX.2.1-P4359,EVODEX.2.1-P4360,EVODEX.2.1-P4365,EVODEX.2.1-P4366,EVODEX.2.1-P4375,EVODEX.2.1-P4378,EVODEX.2.1-P4385,EVODEX.2.1-P4386,EVODEX.2.1-P4388,EVODEX.2.1-P4394,EVODEX.2.1-P4395,EVODEX.2.1-P4396,EVODEX.2.1-P4400,EVODEX.2.1-P4402,EVODEX.2.1-P4434,EVODEX.2.1-P4439,EVODEX.2.1-P4471,EVODEX.2.1-P4473,EVODEX.2.1-P4475,EVODEX.2.1-P4477,EVODEX.2.1-P4481,EVODEX.2.1-P4533,EVODEX.2.1-P4552,EVODEX.2.1-P4554,EVODEX.2.1-P4575,EVODEX.2.1-P4592,EVODEX.2.1-P4597,EVODEX.2.1-P4618,EVODEX.2.1-P4649,EVODEX.2.1-P4677,EVODEX.2.1-P4694,EVODEX.2.1-P4702,EVODEX.2.1-P4703,EVODEX.2.1-P4705,EVODEX.2.1-P4711,EVODEX.2.1-P4717,EVODEX.2.1-P4731,EVODEX.2.1-P4742,EVODEX.2.1-P4767,EVODEX.2.1-P4840,EVODEX.2.1-P4851,EVODEX.2.1-P4852,EVODEX.2.1-P4854,EVODEX.2.1-P4866,EVODEX.2.1-P4868,EVODEX.2.1-P4881,EVODEX.2.1-P4883,EVODEX.2.1-P4889,EVODEX.2.1-P4892,EVODEX.2.1-P4894,EVODEX.2.1-P4896,EVODEX.2.1-P4903,EVODEX.2.1-P4906,EVODEX.2.1-P4911,EVODEX.2.1-P4913,EVODEX.2.1-P4951,EVODEX.2.1-P4955,EVODEX.2.1-P4956,EVODEX.2.1-P4959,EVODEX.2.1-P4962,EVODEX.2.1-P4973,EVODEX.2.1-P4977,EVODEX.2.1-P4979,EVODEX.2.1-P4981,EVODEX.2.1-P4984,EVODEX.2.1-P4989,EVODEX.2.1-P5001,EVODEX.2.1-P5004,EVODEX.2.1-P5008,EVODEX.2.1-P5011,EVODEX.2.1-P5031,EVODEX.2.1-P5038,EVODEX.2.1-P5040,EVODEX.2.1-P5044,EVODEX.2.1-P5046,EVODEX.2.1-P5055,EVODEX.2.1-P5058,EVODEX.2.1-P5065,EVODEX.2.1-P5066,EVODEX.2.1-P5126,EVODEX.2.1-P5155,EVODEX.2.1-P5157,EVODEX.2.1-P5264,EVODEX.2.1-P5278,EVODEX.2.1-P5311,EVODEX.2.1-P5314,EVODEX.2.1-P5370,EVODEX.2.1-P5377,EVODEX.2.1-P5381,EVODEX.2.1-P5392,EVODEX.2.1-P5394,EVODEX.2.1-P5403,EVODEX.2.1-P5405,EVODEX.2.1-P5434,EVODEX.2.1-P5457,EVODEX.2.1-P5472,EVODEX.2.1-P5494,EVODEX.2.1-P5515,EVODEX.2.1-P5525,EVODEX.2.1-P5528,EVODEX.2.1-P5529,EVODEX.2.1-P5535,EVODEX.2.1-P5553,EVODEX.2.1-P5557,EVODEX.2.1-P5562,EVODEX.2.1-P5571,EVODEX.2.1-P5578,EVODEX.2.1-P5586,EVODEX.2.1-P5591,EVODEX.2.1-P5593,EVODEX.2.1-P5598,EVODEX.2.1-P5600,EVODEX.2.1-P5609,EVODEX.2.1-P5614,EVODEX.2.1-P5621,EVODEX.2.1-P5622,EVODEX.2.1-P5626,EVODEX.2.1-P5634,EVODEX.2.1-P5641,EVODEX.2.1-P5644,EVODEX.2.1-P5648,EVODEX.2.1-P5649,EVODEX.2.1-P5651,EVODEX.2.1-P5653,EVODEX.2.1-P5655,EVODEX.2.1-P5660,EVODEX.2.1-P5662,EVODEX.2.1-P5666,EVODEX.2.1-P5668,EVODEX.2.1-P5669,EVODEX.2.1-P5672,EVODEX.2.1-P5697,EVODEX.2.1-P5704,EVODEX.2.1-P5706,EVODEX.2.1-P5709,EVODEX.2.1-P5711,EVODEX.2.1-P5721,EVODEX.2.1-P5729,EVODEX.2.1-P5734,EVODEX.2.1-P5735,EVODEX.2.1-P5738,EVODEX.2.1-P5740,EVODEX.2.1-P5747,EVODEX.2.1-P5750,EVODEX.2.1-P5755,EVODEX.2.1-P5761,EVODEX.2.1-P5763,EVODEX.2.1-P5765,EVODEX.2.1-P5766,EVODEX.2.1-P5797,EVODEX.2.1-P5806,EVODEX.2.1-P5807,EVODEX.2.1-P5816,EVODEX.2.1-P5821,EVODEX.2.1-P5824,EVODEX.2.1-P5829,EVODEX.2.1-P5832,EVODEX.2.1-P5834,EVODEX.2.1-P5835,EVODEX.2.1-P5837,EVODEX.2.1-P5839,EVODEX.2.1-P5843,EVODEX.2.1-P5850,EVODEX.2.1-P5855,EVODEX.2.1-P5856,EVODEX.2.1-P5859,EVODEX.2.1-P5862,EVODEX.2.1-P5866,EVODEX.2.1-P5868,EVODEX.2.1-P5874,EVODEX.2.1-P5876,EVODEX.2.1-P5878,EVODEX.2.1-P5882,EVODEX.2.1-P5884,EVODEX.2.1-P5886,EVODEX.2.1-P5893,EVODEX.2.1-P5898,EVODEX.2.1-P5901,EVODEX.2.1-P5903,EVODEX.2.1-P5904,EVODEX.2.1-P6081,EVODEX.2.1-P6083,EVODEX.2.1-P6084,EVODEX.2.1-P6086,EVODEX.2.1-P6090,EVODEX.2.1-P6092,EVODEX.2.1-P6095,EVODEX.2.1-P6099,EVODEX.2.1-P6111,EVODEX.2.1-P6115,EVODEX.2.1-P6201,EVODEX.2.1-P6268","{""H"": 2, ""O"": 1}"
EVODEX.2.1-M159,159.93266,"EVODEX.2.1-P2186,EVODEX.2.1-P2912,EVODEX.2.1-P2997,EVODEX.2.1-P3152,EVODEX.2.1-P3156,EVODEX.2.1-P3158,EVODEX.2.1-P3159,EVODEX.2.1-P3165,EVODEX.2.1-P3167,EVODEX.2.1-P3172","{""H"": 2, ""O"": 6, ""P"": 2}"
EVODEX.2.1-M627,-13.979239999999999,EVODEX.2.1-P24,"{""H"": 2, ""O"": -1}"
EVODEX.2.1-M88,17.02659,"EVODEX.2.1-P5455,EVODEX.2.1-P5462,EVODEX.2.1-P5520,EVODEX.2.1-P5543,EVODEX.2.1-P5546","{""H"": 3, ""N"": 1}"
EVODEX.2.1-M82,1.0316899999999993,"EVODEX.2.1-P1125,EVODEX.2.1-P1160,EVODEX.2.1-P1162,EVODEX.2.1-P1210,EVODEX.2.1-P1743,EVODEX.2.1-P2412,EVODEX.2.1-P2649,EVODEX.2.1-P2694,EVODEX.2.1-P2718,EVODEX.2.1-P2801,EVODEX.2.1-P2806,EVODEX.2.1-P2811,EVODEX.2.1-P963,EVODEX.2.1-P969,EVODEX.2.1-P982","{""H"": 3, ""N"": 1, ""O"": -1}"
EVODEX.2.1-M28,97.97689,"EVODEX.2.1-P1658,EVODEX.2.1-P1660,EVODEX.2.1-P1662,EVODEX.2.1-P1671,EVODEX.2.1-P1673,EVODEX.2.1-P1974,EVODEX.2.1-P2070,EVODEX.2.1-P2072,EVODEX.2.1-P2083,EVODEX.2.1-P2084,EVODEX.2.1-P2160,EVODEX.2.1-P2162,EVODEX.2.1-P2165,EVODEX.2.1-P2168,EVODEX.2.1-P2177,EVODEX.2.1-P3247,EVODEX.2.1-P3248,EVODEX.2.1-P3249,EVODEX.2.1-P3250,EVODEX.2.1-P3251","{""H"": 3, ""O"": 4, ""P"": 1}"
EVODEX.2.1-M576,4.03132,"EVODEX.2.1-P11,EVODEX.2.1-P52,EVODEX.2.1-P868","{""H"": 4}"
EVODEX.2.1-M42,36.021119999999996,"EVODEX.2.1-P4183,EVODEX.2.1-P4405,EVODEX.2.1-P4715,EVODEX.2.1-P4922,EVODEX.2.1-P4937,EVODEX.2.1-P4943,EVODEX.2.1-P4945,EVODEX.2.1-P5158,EVODEX.2.1-P5265,EVODEX.2.1-P5323,EVODEX.2.1-P5781,EVODEX.2.1-P5789,EVODEX.2.1-P5792,EVODEX.2.1-P5793,EVODEX.2.1-P5809,EVODEX.2.1-P5844,EVODEX.2.1-P5845","{""H"": 4, ""O"": 2}"
EVODEX.2.1-M83,177.94322,"EVODEX.2.1-P3032,EVODEX.2.1-P3104,EVODEX.2.1-P3186,EVODEX.2.1-P3216,EVODEX.2.1-P3217,EVODEX.2.1-P3229,EVODEX.2.1-P3230,EVODEX.2.1-P3234,EVODEX.2.1-P3236,EVODEX.2.1-P3253","{""H"": 4, ""O"": 7, ""P"": 2}"
EVODEX.2.1-M161,19.04225,"EVODEX.2.1-P1003,EVODEX.2.1-P1011,EVODEX.2.1-P1015,EVODEX.2.1-P1046,EVODEX.2.1-P1056,EVODEX.2.1-P924,EVODEX.2.1-P959,EVODEX.2.1-P964,EVODEX.2.1-P983,EVODEX.2.1-P989","{""H"": 5, ""N"": 1}"
EVODEX.2.1-M524,72.04223999999999,"EVODEX.2.1-P5769,EVODEX.2.1-P5784,EVODEX.2.1-P5796,EVODEX.2.1-P5798,EVODEX.2.1-P5803","{""H"": 8, ""O"": 4}"
EVODEX.2.1-M525,-15.01093,"EVODEX.2.1-P5328,EVODEX.2.1-P5471,EVODEX.2.1-P5514,EVODEX.2.1-P5518,EVODEX.2.1-P5534","{""H"": -1, ""N"": -1}"
EVODEX.2.1-M18,0.9839699999999993,"EVODEX.2.1-P4338,EVODEX.2.1-P4953,EVODEX.2.1-P5050,EVODEX.2.1-P5561,EVODEX.2.1-P5574,EVODEX.2.1-P5579,EVODEX.2.1-P5581,EVODEX.2.1-P5616,EVODEX.2.1-P5623,EVODEX.2.1-P5723,EVODEX.2.1-P5726,EVODEX.2.1-P5728,EVODEX.2.1-P5733,EVODEX.2.1-P5737,EVODEX.2.1-P5742,EVODEX.2.1-P5748,EVODEX.2.1-P5752,EVODEX.2.1-P5753,EVODEX.2.1-P5754,EVODEX.2.1-P5773,EVODEX.2.1-P5777,EVODEX.2.1-P5778,EVODEX.2.1-P5805,EVODEX.2.1-P5810","{""H"": -1, ""N"": -1, ""O"": 1}"
EVODEX.2.1-M25,-79.96633,"EVODEX.2.1-P2017,EVODEX.2.1-P2861,EVODEX.2.1-P2882,EVODEX.2.1-P2972,EVODEX.2.1-P3058,EVODEX.2.1-P3060,EVODEX.2.1-P3075,EVODEX.2.1-P3079,EVODEX.2.1-P3082,EVODEX.2.1-P3091,EVODEX.2.1-P3206,EVODEX.2.1-P3724,EVODEX.2.1-P3732,EVODEX.2.1-P3737,EVODEX.2.1-P3740,EVODEX.2.1-P3742,EVODEX.2.1-P3744,EVODEX.2.1-P3747,EVODEX.2.1-P3752,EVODEX.2.1-P3759,EVODEX.2.1-P3764,EVODEX.2.1-P3765,EVODEX.2.1-P3768,EVODEX.2.1-P3774,EVODEX.2.1-P3776,EVODEX.2.1-P3780,EVODEX.2.1-P3784,EVODEX.2.1-P3786,EVODEX.2.1-P3791,EVODEX.2.1-P5848,EVODEX.2.1-P5907","{""H"": -1, ""O"": -3, ""P"": -1}"
EVODEX.2.1-M10,-2.01566,"EVODEX.2.1-P103,EVODEX.2.1-P110,EVODEX.2.1-P111,EVODEX.2.1-P139,EVODEX.2.1-P16,EVODEX.2.1-P19,EVODEX.2.1-P25,EVODEX.2.1-P26,EVODEX.2.1-P29,EVODEX.2.1-P32,EVODEX.2.1-P34,EVODEX.2.1-P65,EVODEX.2.1-P66,EVODEX.2.1-P717,EVODEX.2.1-P721,EVODEX.2.1-P764,EVODEX.2.1-P765,EVODEX.2.1-P773,EVODEX.2.1-P775,EVODEX.2.1-P776,EVODEX.2.1-P80,EVODEX.2.1-P835,EVODEX.2.1-P839,EVODEX.2.1-P871","{""H"": -2}"
EVODEX.2.1-M527,1.9679399999999987,"EVODEX.2.1-P5770,EVODEX.2.1-P5787,EVODEX.2.1-P5791,EVODEX.2.1-P5802,EVODEX.2.1-P5804","{""H"": -2, ""N"": -2, ""O"": 2}"
EVODEX.2.1-M55,13.979239999999999,"EVODEX.2.1-P135,EVODEX.2.1-P137,EVODEX.2.1-P216,EVODEX.2.1-P221,EVODEX.2.1-P239,EVODEX.2.1-P241,EVODEX.2.1-P243,EVODEX.2.1-P253","{""H"": -2, ""O"": 1}"
EVODEX.2.1-M7,-18.010559999999998,"EVODEX.2.1-P130,EVODEX.2.1-P133,EVODEX.2.1-P136,EVODEX.2.1-P184,EVODEX.2.1-P186,EVODEX.2.1-P187,EVODEX.2.1-P188,EVODEX.2.1-P192,EVODEX.2.1-P193,EVODEX.2.1-P198,EVODEX.2.1-P248,EVODEX.2.1-P3405,EVODEX.2.1-P3616,EVODEX.2.1-P3617,EVODEX.2.1-P3618,EVODEX.2.1-P3654,EVODEX.2.1-P4032,EVODEX.2.1-P4096,EVODEX.2.1-P4244,EVODEX.2.1-P4581,EVODEX.2.1-P4586,EVODEX.2.1-P4605,EVODEX.2.1-P4607,EVODEX.2.1-P4669,EVODEX.2.1-P4733,EVODEX.2.1-P4740,EVODEX.2.1-P4743,EVODEX.2.1-P4751,EVODEX.2.1-P4803,EVODEX.2.1-P4811,EVODEX.2.1-P4813,EVODEX.2.1-P5359,EVODEX.2.1-P5365,EVODEX.2.1-P5426,EVODEX.2.1-P5461,EVODEX.2.1-P5466,EVODEX.2.1-P5468,EVODEX.2.1-P5519,EVODEX.2.1-P5548,EVODEX.2.1-P5550,EVODEX.2.1-P5551,EVODEX.2.1-P5627,EVODEX.2.1-P5694,EVODEX.2.1-P5695,EVODEX.2.1-P5698,EVODEX.2.1-P5703,EVODEX.2.1-P5710,EVODEX.2.1-P587,EVODEX.2.1-P6078,EVODEX.2.1-P6079,EVODEX.2.1-P6080,EVODEX.2.1-P6103,EVODEX.2.1-P6104,EVODEX.2.1-P6105,EVODEX.2.1-P6107,EVODEX.2.1-P6110,EVODEX.2.1-P6116,EVODEX.2.1-P6119,EVODEX.2.1-P6148,EVODEX.2.1-P6150,EVODEX.2.1-P6151,EVODEX.2.1-P6153,EVODEX.2.1-P6184,EVODEX.2.1-P6199,EVODEX.2.1-P6273,EVODEX.2.1-P6294,EVODEX.2.1-P6302,EVODEX.2.1-P6318,EVODEX.2.1-P6384,EVODEX.2.1-P6614,EVODEX.2.1-P6631,EVODEX.2.1-P6640,EVODEX.2.1-P6641,EVODEX.2.1-P6660,EVODEX.2.1-P6668,EVODEX.2.1-P6992","{""H"": -2, ""O"": -1}"
EVODEX.2.1-M163,-97.96736,"EVODEX.2.1-P3798,EVODEX.2.1-P3828,EVODEX.2.1-P3831,EVODEX.2.1-P3832,EVODEX.2.1-P3843,EVODEX.2.1-P3847,EVODEX.2.1-P3849,EVODEX.2.1-P3850,EVODEX.2.1-P3853,EVODEX.2.1-P3859","{""H"": -2, ""O"": -4, ""S"": -1}"
EVODEX.2.1-M577,-159.93266,"EVODEX.2.1-P3153,EVODEX.2.1-P5812,EVODEX.2.1-P5823","{""H"": -2, ""O"": -6, ""P"": -2}"
EVODEX.2.1-M14,-17.02659,"EVODEX.2.1-P1377,EVODEX.2.1-P1379,EVODEX.2.1-P1380,EVODEX.2.1-P1868,EVODEX.2.1-P1882,EVODEX.2.1-P1884,EVODEX.2.1-P1886,EVODEX.2.1-P1896,EVODEX.2.1-P1897,EVODEX.2.1-P1899,EVODEX.2.1-P1901,EVODEX.2.1-P1903,EVODEX.2.1-P1904,EVODEX.2.1-P1905,EVODEX.2.1-P1906,EVODEX.2.1-P1908,EVODEX.2.1-P1912,EVODEX.2.1-P2281,EVODEX.2.1-P2286,EVODEX.2.1-P4176,EVODEX.2.1-P5049,EVODEX.2.1-P5064,EVODEX.2.1-P5336,EVODEX.2.1-P5339,EVODEX.2.1-P5512,EVODEX.2.1-P5560,EVODEX.2.1-P5689,EVODEX.2.1-P5720,EVODEX.2.1-P5725,EVODEX.2.1-P5731,EVODEX.2.1-P5732,EVODEX.2.1-P5739,EVODEX.2.1-P5744,EVODEX.2.1-P5745,EVODEX.2.1-P5749,EVODEX.2.1-P5751","{""H"": -3, ""N"": -1}"
EVODEX.2.1-M58,-1.0316899999999993,"EVODEX.2.1-P1019,EVODEX.2.1-P1077,EVODEX.2.1-P1138,EVODEX.2.1-P1150,EVODEX.2.1-P1171,EVODEX.2.1-P220,EVODEX.2.1-P2413,EVODEX.2.1-P2454,EVODEX.2.1-P2493,EVODEX.2.1-P2499,EVODEX.2.1-P2680,EVODEX.2.1-P5932,EVODEX.2.1-P942,EVODEX.2.1-P972,EVODEX.2.1-P974,EVODEX.2.1-P990","{""H"": -3, ""N"": -1, ""O"": 1}"
EVODEX.2.1-M530,-33.02149,"EVODEX.2.1-P5326,EVODEX.2.1-P5456,EVODEX.2.1-P5470,EVODEX.2.1-P5517,EVODEX.2.1-P5522","{""H"": -3, ""N"": -1, ""O"": -1}"
EVODEX.2.1-M15,-97.97689,"EVODEX.2.1-P1466,EVODEX.2.1-P1467,EVODEX.2.1-P1472,EVODEX.2.1-P1475,EVODEX.2.1-P1480,EVODEX.2.1-P1973,EVODEX.2.1-P2065,EVODEX.2.1-P2066,EVODEX.2.1-P2076,EVODEX.2.1-P2136,EVODEX.2.1-P2138,EVODEX.2.1-P2852,EVODEX.2.1-P2883,EVODEX.2.1-P3029,EVODEX.2.1-P3030,EVODEX.2.1-P3725,EVODEX.2.1-P3734,EVODEX.2.1-P3741,EVODEX.2.1-P3745,EVODEX.2.1-P3746,EVODEX.2.1-P3749,EVODEX.2.1-P3755,EVODEX.2.1-P3756,EVODEX.2.1-P3757,EVODEX.2.1-P3758,EVODEX.2.1-P3762,EVODEX.2.1-P3763,EVODEX.2.1-P3767,EVODEX.2.1-P3773,EVODEX.2.1-P3778,EVODEX.2.1-P3787,EVODEX.2.1-P3793,EVODEX.2.1-P3796,EVODEX.2.1-P3800,EVODEX.2.1-P3803,EVODEX.2.1-P5818","{""H"": -3, ""O"": -4, ""P"": -1}"
EVODEX.2.1-M629,-4.03132,EVODEX.2.1-P53,"{""H"": -4}"
EVODEX.2.1-M531,-256.90171999999995,"EVODEX.2.1-P2361,EVODEX.2.1-P2365,EVODEX.2.1-P2369,EVODEX.2.1-P2376,EVODEX.2.1-P2387","{""H"": -4, ""O"": -10, ""P"": -3}"
EVODEX.2.1-M11,-177.94322,"EVODEX.2.1-P2203,EVODEX.2.1-P2204,EVODEX.2.1-P2213,EVODEX.2.1-P2215,EVODEX.2.1-P2217,EVODEX.2.1-P2222,EVODEX.2.1-P2225,EVODEX.2.1-P2228,EVODEX.2.1-P2229,EVODEX.2.1-P2232,EVODEX.2.1-P2236,EVODEX.2.1-P2240,EVODEX.2.1-P2242,EVODEX.2.1-P2257,EVODEX.2.1-P2260,EVODEX.2.1-P2262,EVODEX.2.1-P2264,EVODEX.2.1-P2265,EVODEX.2.1-P2267,EVODEX.2.1-P2270,EVODEX.2.1-P2276,EVODEX.2.1-P2278,EVODEX.2.1-P2339,EVODEX.2.1-P2340,EVODEX.2.1-P2345,EVODEX.2.1-P2346,EVODEX.2.1-P2347,EVODEX.2.1-P2357,EVODEX.2.1-P2392,EVODEX.2.1-P2397,EVODEX.2.1-P2401,EVODEX.2.1-P247,EVODEX.2.1-P252,EVODEX.2.1-P3103,EVODEX.2.1-P3173,EVODEX.2.1-P3184,EVODEX.2.1-P3191,EVODEX.2.1-P3222,EVODEX.2.1-P3224,EVODEX.2.1-P3226,EVODEX.2.1-P3238,EVODEX.2.1-P3241,EVODEX.2.1-P3254,EVODEX.2.1-P3260,EVODEX.2.1-P3263,EVODEX.2.1-P3269,EVODEX.2.1-P5767,EVODEX.2.1-P5813,EVODEX.2.1-P5822,EVODEX.2.1-P6369,EVODEX.2.1-P6417,EVODEX.2.1-P6418,EVODEX.2.1-P7113,EVODEX.2.1-P7114","{""H"": -4, ""O"": -7, ""P"": -2}"
EVODEX.2.1-M84,-19.04225,"EVODEX.2.1-P1005,EVODEX.2.1-P1028,EVODEX.2.1-P1033,EVODEX.2.1-P1038,EVODEX.2.1-P1058,EVODEX.2.1-P1060,EVODEX.2.1-P1074,EVODEX.2.1-P1101,EVODEX.2.1-P1112,EVODEX.2.1-P1133,EVODEX.2.1-P1145,EVODEX.2.1-P1152,EVODEX.2.1-P1174,EVODEX.2.1-P1208,EVODEX.2.1-P997","{""H"": -5, ""N"": -1}"
EVODEX.2.1-M5,15.9949,"EVODEX.2.1-P1000,EVODEX.2.1-P1024,EVODEX.2.1-P1053,EVODEX.2.1-P1061,EVODEX.2.1-P1071,EVODEX.2.1-P1082,EVODEX.2.1-P1088,EVODEX.2.1-P1137,EVODEX.2.1-P1140,EVODEX.2.1-P1144,EVODEX.2.1-P1156,EVODEX.2.1-P1169,EVODEX.2.1-P1176,EVODEX.2.1-P1177,EVODEX.2.1-P1185,EVODEX.2.1-P1198,EVODEX.2.1-P1200,EVODEX.2.1-P1202,EVODEX.2.1-P1206,EVODEX.2.1-P1230,EVODEX.2.1-P1241,EVODEX.2.1-P1253,EVODEX.2.1-P1257,EVODEX.2.1-P1268,EVODEX.2.1-P1296,EVODEX.2.1-P1300,EVODEX.2.1-P1307,EVODEX.2.1-P1310,EVODEX.2.1-P1312,EVODEX.2.1-P185,EVODEX.2.1-P189,EVODEX.2.1-P190,EVODEX.2.1-P195,EVODEX.2.1-P199,EVODEX.2.1-P200,EVODEX.2.1-P205,EVODEX.2.1-P212,EVODEX.2.1-P2526,EVODEX.2.1-P259,EVODEX.2.1-P265,EVODEX.2.1-P304,EVODEX.2.1-P312,EVODEX.2.1-P318,EVODEX.2.1-P326,EVODEX.2.1-P330,EVODEX.2.1-P337,EVODEX.2.1-P3377,EVODEX.2.1-P366,EVODEX.2.1-P368,EVODEX.2.1-P381,EVODEX.2.1-P401,EVODEX.2.1-P414,EVODEX.2.1-P415,EVODEX.2.1-P416,EVODEX.2.1-P430,EVODEX.2.1-P431,EVODEX.2.1-P432,EVODEX.2.1-P433,EVODEX.2.1-P440,EVODEX.2.1-P445,EVODEX.2.1-P449,EVODEX.2.1-P450,EVODEX.2.1-P460,EVODEX.2.1-P466,EVODEX.2.1-P491,EVODEX.2.1-P497,EVODEX.2.1-P499,EVODEX.2.1-P501,EVODEX.2.1-P506,EVODEX.2.1-P520,EVODEX.2.1-P524,EVODEX.2.1-P525,EVODEX.2.1-P526,EVODEX.2.1-P531,EVODEX.2.1-P536,EVODEX.2.1-P539,EVODEX.2.1-P540,EVODEX.2.1-P547,EVODEX.2.1-P553,EVODEX.2.1-P562,EVODEX.2.1-P568,EVODEX.2.1-P570,EVODEX.2.1-P571,EVODEX.2.1-P581,EVODEX.2.1-P583,EVODEX.2.1-P597,EVODEX.2.1-P612,EVODEX.2.1-P614,EVODEX.2.1-P617,EVODEX.2.1-P621,EVODEX.2.1-P622,EVODEX.2.1-P628,EVODEX.2.1-P631,EVODEX.2.1-P635,EVODEX.2.1-P646,EVODEX.2.1-P648,EVODEX.2.1-P657,EVODEX.2.1-P702,EVODEX.2.1-P712,EVODEX.2.1-P777,EVODEX.2.1-P786,EVODEX.2.1-P85,EVODEX.2.1-P949,EVODEX.2.1-P977","{""O"": 1}"
EVODEX.2.1-M29,31.9898,"EVODEX.2.1-P201,EVODEX.2.1-P203,EVODEX.2.1-P204,EVODEX.2.1-P206,EVODEX.2.1-P208","{""O"": 2}"
EVODEX.2.1-M166,79.9568,"EVODEX.2.1-P3306,EVODEX.2.1-P3309,EVODEX.2.1-P3310,EVODEX.2.1-P3313,EVODEX.2.1-P3316,EVODEX.2.1-P3320,EVODEX.2.1-P3327,EVODEX.2.1-P3338,EVODEX.2.1-P3341,EVODEX.2.1-P3348","{""O"": 3, ""S"": 1}"
EVODEX.2.1-M8,-15.9949,"EVODEX.2.1-P1014,EVODEX.2.1-P1017,EVODEX.2.1-P1018,EVODEX.2.1-P1040,EVODEX.2.1-P1043,EVODEX.2.1-P1220,EVODEX.2.1-P1221,EVODEX.2.1-P1239,EVODEX.2.1-P1260,EVODEX.2.1-P1261,EVODEX.2.1-P172,EVODEX.2.1-P173,EVODEX.2.1-P264,EVODEX.2.1-P267,EVODEX.2.1-P268,EVODEX.2.1-P288,EVODEX.2.1-P290,EVODEX.2.1-P300,EVODEX.2.1-P306,EVODEX.2.1-P311,EVODEX.2.1-P325,EVODEX.2.1-P329,EVODEX.2.1-P334,EVODEX.2.1-P351,EVODEX.2.1-P363,EVODEX.2.1-P367,EVODEX.2.1-P385,EVODEX.2.1-P389,EVODEX.2.1-P395,EVODEX.2.1-P398,EVODEX.2.1-P399,EVODEX.2.1-P402,EVODEX.2.1-P406,EVODEX.2.1-P412,EVODEX.2.1-P413,EVODEX.2.1-P434,EVODEX.2.1-P437,EVODEX.2.1-P442,EVODEX.2.1-P454,EVODEX.2.1-P463,EVODEX.2.1-P468,EVODEX.2.1-P472,EVODEX.2.1-P475,EVODEX.2.1-P479,EVODEX.2.1-P489,EVODEX.2.1-P492,EVODEX.2.1-P496,EVODEX.2.1-P512,EVODEX.2.1-P516,EVODEX.2.1-P521,EVODEX.2.1-P533,EVODEX.2.1-P541,EVODEX.2.1-P544,EVODEX.2.1-P545,EVODEX.2.1-P574,EVODEX.2.1-P578,EVODEX.2.1-P579,EVODEX.2.1-P589,EVODEX.2.1-P605,EVODEX.2.1-P610,EVODEX.2.1-P613,EVODEX.2.1-P615,EVODEX.2.1-P616,EVODEX.2.1-P619,EVODEX.2.1-P620,EVODEX.2.1-P623,EVODEX.2.1-P626,EVODEX.2.1-P627,EVODEX.2.1-P629,EVODEX.2.1-P645,EVODEX.2.1-P647,EVODEX.2.1-P650,EVODEX.2.1-P655,EVODEX.2.1-P706,EVODEX.2.1-P707,EVODEX.2.1-P768,EVODEX.2.1-P780,EVODEX.2.1-P781,EVODEX.2.1-P862,EVODEX.2.1-P925,EVODEX.2.1-P941,EVODEX.2.1-P960,EVODEX.2.1-P995","{""O"": -1}"
EVODEX.2.1-M85,-79.9568,"EVODEX.2.1-P3321,EVODEX.2.1-P3323,EVODEX.2.1-P3326,EVODEX.2.1-P3334,EVODEX.2.1-P3335,EVODEX.2.1-P3829,EVODEX.2.1-P3834,EVODEX.2.1-P3835,EVODEX.2.1-P3836,EVODEX.2.1-P3840,EVODEX.2.1-P3841,EVODEX.2.1-P3842,EVODEX.2.1-P3846,EVODEX.2.1-P3851,EVODEX.2.1-P3857","{""O"": -3, ""S"": -1}"
