id,smirks,sources
EVODEX.2.1-D17,[#6:11]-[#6@@:12](-[#8:13]-[#1])(-[#6:14]=[#8:15])-[#1]>>[#6:11]-[#6:12](=[#8:13])-[#6:14]=[#8:15],"EVODEX.2.1-P103,EVODEX.2.1-P110,EVODEX.2.1-P111,EVODEX.2.1-P26,EVODEX.2.1-P35,EVODEX.2.1-P41,EVODEX.2.1-P48,EVODEX.2.1-P6166,EVODEX.2.1-P6167,EVODEX.2.1-P6170,EVODEX.2.1-P6171,EVODEX.2.1-P64,EVODEX.2.1-P88"
EVODEX.2.1-D1273,[#6:5]-[#6@@:6](-[#7:7])(-[#6:8]=[#8:9])-[#1:21]>>[#6:5]-[#6@:6](-[#7:7])(-[#6:8]=[#8:9])-[#1:21],"EVODEX.2.1-P6155,EVODEX.2.1-P6156,EVODEX.2.1-P6157,EVODEX.2.1-P6161,EVODEX.2.1-P6162,EVODEX.2.1-P6163,EVODEX.2.1-P6164,EVODEX.2.1-P6165,EVODEX.2.1-P6168,EVODEX.2.1-P6169"
EVODEX.2.1-D62,[#6:2]1:[#6:3]:[#6:4](:[#6:5]:[#6:7]:[#6:8]:1)-[#1]>>[#6:2]1:[#6:3]:[#6:4](-[#8]-[#1]):[#6:5]:[#6:7]:[#6:8]:1,"EVODEX.2.1-P199,EVODEX.2.1-P200,EVODEX.2.1-P433,EVODEX.2.1-P440,EVODEX.2.1-P520,EVODEX.2.1-P531,EVODEX.2.1-P539,EVODEX.2.1-P540,EVODEX.2.1-P547,EVODEX.2.1-P553"
EVODEX.2.1-D83,[#6:8](-[#6@:6])(-[#6:9]=[#8:10])(-[#1:37])-[#1]>>[#6:8](-[#6@:6])(-[#6:9]=[#8:10])(-[#8]-[#1])-[#1:37],"EVODEX.2.1-P2526,EVODEX.2.1-P259,EVODEX.2.1-P265,EVODEX.2.1-P304,EVODEX.2.1-P312,EVODEX.2.1-P318,EVODEX.2.1-P326,EVODEX.2.1-P330,EVODEX.2.1-P337,EVODEX.2.1-P3377"
EVODEX.2.1-D767,[#15:2](=[#8:3])-[#8:5]-[#6]1:[#6](:[#6](:[#6](-[#7&+](=[#8])-[#8&-]):[#6](:[#6]:1-[#1])-[#1])-[#1])-[#1]>>[#15:2](=[#8:3])-[#8:5]-[#1],"EVODEX.2.1-P3447,EVODEX.2.1-P3449,EVODEX.2.1-P3705,EVODEX.2.1-P3708,EVODEX.2.1-P3804,EVODEX.2.1-P3814,EVODEX.2.1-P3865,EVODEX.2.1-P3867,EVODEX.2.1-P3868"
EVODEX.2.1-D55,[#6:15]-[#6:16](-[#6:17])(-[#1:36])-[#1]>>[#6:15]-[#6:16](-[#6:17])(-[#8]-[#1])-[#1:36],"EVODEX.2.1-P190,EVODEX.2.1-P205,EVODEX.2.1-P212,EVODEX.2.1-P368,EVODEX.2.1-P381,EVODEX.2.1-P621,EVODEX.2.1-P702"
EVODEX.2.1-D304,[#6:2]=[#6:4](-[#6:5])-[#1]>>[#6:2]=[#6:4](-[#6:5])-[#6](-[#1])(-[#1])-[#1],"EVODEX.2.1-P1388,EVODEX.2.1-P2613,EVODEX.2.1-P2621,EVODEX.2.1-P2623,EVODEX.2.1-P2630,EVODEX.2.1-P2637"
EVODEX.2.1-D1001,[#6](-[#6](-[#6](-[#1])(-[#1])-[#1])(-[#6](-[#6@](-[#7](-[#6](=[#8])-[#6@](-[#6](-[#6](-[#6](-[#7](-[#6](=[#7]-[#1])-[#7](-[#1])-[#1])-[#1])(-[#1])-[#1])(-[#1])-[#1])(-[#1])-[#1])(-[#7](-[#6](=[#8])-[#6@](-[#6](-[#6]1:[#6](:[#6](:[#6](-[#7&+](=[#8])-[#8&-]):[#6](:[#6]:1-[#1])-[#1])-[#1])-[#1])(-[#1])-[#1])(-[#7](-[#6:32](=[#8:33])-[#6@:34])-[#1])-[#1])-[#1])-[#1])-[#1])(-[#6](=[#8])-[#8]-[#1])-[#1])(-[#1])-[#1])-[#1])(-[#1])(-[#1])-[#1]>>[#6:32](=[#8:33])(-[#6@:34])-[#8]-[#1],"EVODEX.2.1-P4401,EVODEX.2.1-P4621,EVODEX.2.1-P4623,EVODEX.2.1-P4624,EVODEX.2.1-P5197"
EVODEX.2.1-D1004,[#6:73](-[#6@@:65])(=[#8:74])-[#7](-[#6@@](-[#6](-[#6]1:[#6](:[#7]:[#6](:[#7]:1-[#1])-[#1])-[#1])(-[#1])-[#1])(-[#6](=[#8])-[#7](-[#6@@](-[#6](-[#6](-[#6](-[#1])(-[#1])-[#1])(-[#6](-[#1])(-[#1])-[#1])-[#1])(-[#1])-[#1])(-[#6](=[#8])-[#8]-[#1])-[#1])-[#1])-[#1])-[#1]>>[#6:73](-[#6@@:65])(=[#8:74])-[#8]-[#1],"EVODEX.2.1-P4406,EVODEX.2.1-P4409,EVODEX.2.1-P4412,EVODEX.2.1-P4415,EVODEX.2.1-P4416"
EVODEX.2.1-D1006,[#7:15](-[#6@:9])(-[#6](=[#8])-[#6](-[#7](-[#6](=[#8])-[#6]1:[#6](:[#6](:[#6](:[#6](:[#6]:1-[#1])-[#1])-[#1])-[#1])-[#1])-[#1])(-[#1])-[#1])-[#1]>>[#7:15](-[#6@:9])(-[#1])-[#1],"EVODEX.2.1-P4408,EVODEX.2.1-P4419,EVODEX.2.1-P4432,EVODEX.2.1-P4445,EVODEX.2.1-P4454"
EVODEX.2.1-D1007,[#7:16](-[#6@:9])(-[#6](=[#8])-[#6@](-[#6](-[#6]1:[#6](:[#6](:[#6](:[#6](:[#6]:1-[#1])-[#1])-[#1])-[#1])-[#1])(-[#1])-[#1])(-[#7](-[#6](=[#8])-[#8]-[#6](-[#6]1:[#6](:[#6](:[#6](:[#6](:[#6]:1-[#1])-[#1])-[#1])-[#1])-[#1])(-[#1])-[#1])-[#1])-[#1])-[#1]>>[#7:16](-[#6@:9])(-[#1])-[#1],"EVODEX.2.1-P4417,EVODEX.2.1-P4440,EVODEX.2.1-P4446,EVODEX.2.1-P4450,EVODEX.2.1-P4502"
EVODEX.2.1-D1008,[#6:9]-[#7:10](-[#6](=[#8])-[#6](-[#7](-[#6](=[#8])-[#8]-[#6](-[#6]1:[#6](:[#6](:[#6](:[#6](:[#6]:1-[#1])-[#1])-[#1])-[#1])-[#1])(-[#1])-[#1])-[#1])(-[#1])-[#1])-[#1]>>[#6:9]-[#7:10](-[#1])-[#1],"EVODEX.2.1-P4421,EVODEX.2.1-P4441,EVODEX.2.1-P4457,EVODEX.2.1-P4458,EVODEX.2.1-P4492"
EVODEX.2.1-D1009,[#7](=[#6](-[#7](-[#1])-[#1])-[#7](-[#6](-[#6](-[#6](-[#6@](-[#7](-[#6](=[#8])-[#6@](-[#6](-[#6]1:[#6](:[#6](:[#6](:[#6](:[#6]:1-[#1])-[#1])-[#1])-[#1])-[#1])(-[#1])-[#1])(-[#7](-[#6](=[#8])-[#6@@]1(-[#6](-[#6](-[#6](-[#7]-1-[#6](=[#8])-[#6@](-[#6](-[#8]-[#1])(-[#1])-[#1])(-[#7](-[#6](=[#8])-[#6@](-[#6](-[#6]1:[#6](:[#6](:[#6](:[#6](:[#6]:1-[#1])-[#1])-[#1])-[#1])-[#1])(-[#1])-[#1])(-[#7](-[#6](=[#8])-[#6](-[#7](-[#6](=[#8])-[#6]1:[#6](:[#6](:[#6](:[#6](:[#6]:1-[#7](-[#1])-[#1])-[#1])-[#1])-[#1])-[#1])-[#1])(-[#1])-[#1])-[#1])-[#1])-[#1])-[#1])(-[#1])-[#1])(-[#1])-[#1])(-[#1])-[#1])-[#1])-[#1])-[#1])-[#1])(-[#6](=[#8])-[#7:60](-[#6@@:61])-[#1])-[#1])(-[#1])-[#1])(-[#1])-[#1])(-[#1])-[#1])-[#1])-[#1]>>[#7:60](-[#6@@:61])(-[#1])-[#1],"EVODEX.2.1-P4422,EVODEX.2.1-P4423,EVODEX.2.1-P4718,EVODEX.2.1-P4726,EVODEX.2.1-P4727"
EVODEX.2.1-D101,[#6:116]-[#6:117](-[#16:118])(-[#1:287])-[#1]>>[#6:116]-[#6:117](-[#16:118])(-[#8]-[#1])-[#1:287],"EVODEX.2.1-P366,EVODEX.2.1-P414,EVODEX.2.1-P612,EVODEX.2.1-P614,EVODEX.2.1-P617"
EVODEX.2.1-D1010,[#6:52](-[#6@:2])(=[#8:53])-[#7](-[#6@@](-[#6](-[#6](-[#6](-[#7](-[#1])-[#1])=[#8])(-[#1])-[#1])(-[#1])-[#1])(-[#6](=[#8])-[#7](-[#6](-[#6](-[#7](-[#6]1:[#6](:[#6](:[#6](-[#7&+](=[#8])-[#8&-]):[#6](:[#6]:1-[#7&+](=[#8])-[#8&-])-[#1])-[#1])-[#1])-[#1])(-[#1])-[#1])(-[#1])-[#1])-[#1])-[#1])-[#1]>>[#6:52](-[#6@:2])(=[#8:53])-[#8]-[#1],"EVODEX.2.1-P4424,EVODEX.2.1-P4425,EVODEX.2.1-P4644,EVODEX.2.1-P4960,EVODEX.2.1-P5041"
EVODEX.2.1-D1012,[#6](-[#6](-[#6](-[#1])(-[#1])-[#1])(-[#6](-[#6@](-[#7](-[#6](=[#8])-[#6@](-[#6](-[#1])(-[#1])-[#1])(-[#7](-[#6:12](=[#8:13])-[#6:14])-[#1])-[#1])-[#1])(-[#6](=[#8])-[#8]-[#1])-[#1])(-[#1])-[#1])-[#1])(-[#1])(-[#1])-[#1]>>[#6:12](=[#8:13])(-[#6:14])-[#8]-[#1],"EVODEX.2.1-P4430,EVODEX.2.1-P4682,EVODEX.2.1-P4683,EVODEX.2.1-P4684,EVODEX.2.1-P4686"
EVODEX.2.1-D1016,[#8]=[#6](-[#8]-[#1])-[#6](-[#6](-[#6@](-[#7](-[#6](=[#8])-[#8]-[#6](-[#6]1:[#6](:[#6](:[#6](:[#6](:[#6]:1-[#1])-[#1])-[#1])-[#1])-[#1])(-[#1])-[#1])-[#1])(-[#6](=[#8])-[#7:21](-[#6@@:22])-[#1])-[#1])(-[#1])-[#1])(-[#1])-[#1]>>[#7:21](-[#6@@:22])(-[#1])-[#1],"EVODEX.2.1-P4438,EVODEX.2.1-P4654,EVODEX.2.1-P4655,EVODEX.2.1-P4661,EVODEX.2.1-P4666"
EVODEX.2.1-D1018,[#6](-[#6](-[#6](-[#1])(-[#1])-[#1])(-[#6@](-[#7](-[#6:6](=[#8:7])-[#6:8])-[#1])(-[#6](=[#8])-[#8]-[#1])-[#1])-[#1])(-[#1])(-[#1])-[#1]>>[#6:6](=[#8:7])(-[#6:8])-[#8]-[#1],"EVODEX.2.1-P4442,EVODEX.2.1-P4462,EVODEX.2.1-P4522,EVODEX.2.1-P5159,EVODEX.2.1-P5440"
EVODEX.2.1-D1021,[#7:8](-[#6@:7])(-[#6](=[#8])-[#8]-[#6](-[#6]1:[#6](:[#6](:[#6](:[#6](:[#6]:1-[#1])-[#1])-[#1])-[#1])-[#1])(-[#1])-[#1])-[#1]>>[#7:8](-[#6@:7])(-[#1])-[#1],"EVODEX.2.1-P4476,EVODEX.2.1-P4478,EVODEX.2.1-P4680,EVODEX.2.1-P5402,EVODEX.2.1-P5604"
EVODEX.2.1-D1024,[#6:24](-[#6@@:18])(=[#8:25])-[#7](-[#6@@](-[#6](-[#6](-[#6](=[#8])-[#8]-[#1])(-[#1])-[#1])(-[#1])-[#1])(-[#6](=[#8])-[#8]-[#1])-[#1])-[#1]>>[#6:24](-[#6@@:18])(=[#8:25])-[#8]-[#1],"EVODEX.2.1-P4495,EVODEX.2.1-P5570,EVODEX.2.1-P6544,EVODEX.2.1-P6559,EVODEX.2.1-P6584"
EVODEX.2.1-D1025,[#6:27](-[#6@:8])(=[#8:28])-[#7](-[#6@@](-[#6](-[#6]1:[#6](:[#6](:[#6](-[#7&+](=[#8])-[#8&-]):[#6](:[#6]:1-[#1])-[#1])-[#1])-[#1])(-[#1])-[#1])(-[#6](=[#8])-[#8]-[#1])-[#1])-[#1]>>[#6:27](-[#6@:8])(=[#8:28])-[#8]-[#1],"EVODEX.2.1-P4507,EVODEX.2.1-P4508,EVODEX.2.1-P4523,EVODEX.2.1-P4525,EVODEX.2.1-P4530"
EVODEX.2.1-D1026,[#7:3](-[#6@:2])(-[#6](=[#8])-[#6@](-[#6](-[#6](-[#6](-[#7](-[#6](=[#7]-[#1])-[#7](-[#1])-[#1])-[#1])(-[#1])-[#1])(-[#1])-[#1])(-[#1])-[#1])(-[#7](-[#6](=[#8])-[#6@](-[#6](-[#6]1:[#6](:[#6](:[#6](:[#6](:[#6]:1-[#1])-[#1])-[#1])-[#1])-[#1])(-[#1])-[#1])(-[#7](-[#6](=[#8])-[#6]1:[#6](:[#6](:[#6](:[#6](:[#6]:1-[#7](-[#1])-[#1])-[#1])-[#1])-[#1])-[#1])-[#1])-[#1])-[#1])-[#1])-[#1]>>[#7:3](-[#6@:2])(-[#1])-[#1],"EVODEX.2.1-P4509,EVODEX.2.1-P4516,EVODEX.2.1-P4520,EVODEX.2.1-P4521,EVODEX.2.1-P4818"
EVODEX.2.1-D1028,[#6:10](-[#6@:5])(=[#8:11])-[#7](-[#6@@](-[#6](-[#6](-[#6](-[#7](-[#1])-[#1])=[#8])(-[#1])-[#1])(-[#1])-[#1])(-[#6](=[#8])-[#8]-[#1])-[#1])-[#1]>>[#6:10](-[#6@:5])(=[#8:11])-[#8]-[#1],"EVODEX.2.1-P4532,EVODEX.2.1-P5386,EVODEX.2.1-P5424,EVODEX.2.1-P5433,EVODEX.2.1-P5611"
EVODEX.2.1-D1029,[#6](-[#16]-[#6](-[#6](-[#6@](-[#7](-[#6](=[#8])-[#1])-[#1])(-[#6](=[#8])-[#7:11](-[#6@@:12])-[#1])-[#1])(-[#1])-[#1])(-[#1])-[#1])(-[#1])(-[#1])-[#1]>>[#7:11](-[#6@@:12])(-[#1])-[#1],"EVODEX.2.1-P4534,EVODEX.2.1-P4535,EVODEX.2.1-P4547,EVODEX.2.1-P4549,EVODEX.2.1-P4550"
EVODEX.2.1-D1030,[#6](-[#6](=[#8])-[#7](-[#6@@](-[#6](-[#1])(-[#1])-[#1])(-[#6](=[#8])-[#7:9](-[#6@@:10])-[#1])-[#1])-[#1])(-[#1])(-[#1])-[#1]>>[#7:9](-[#6@@:10])(-[#1])-[#1],"EVODEX.2.1-P4536,EVODEX.2.1-P4539,EVODEX.2.1-P4540,EVODEX.2.1-P4543,EVODEX.2.1-P4546"
EVODEX.2.1-D1031,[#7:15](-[#6@:8])(-[#6](=[#8])-[#6@@]1(-[#6](-[#6](-[#6](=[#8])-[#7]-1-[#1])(-[#1])-[#1])(-[#1])-[#1])-[#1])-[#1]>>[#7:15](-[#6@:8])(-[#1])-[#1],"EVODEX.2.1-P4555,EVODEX.2.1-P4556,EVODEX.2.1-P4557,EVODEX.2.1-P4560,EVODEX.2.1-P4564"
EVODEX.2.1-D1032,[#7:7](-[#6@:6])(-[#6](=[#8])-[#6](-[#6@](-[#7](-[#1])-[#1])(-[#6](=[#8])-[#8]-[#1])-[#1])(-[#1])-[#1])-[#1]>>[#7:7](-[#6@:6])(-[#1])-[#1],"EVODEX.2.1-P4566,EVODEX.2.1-P4567,EVODEX.2.1-P4568,EVODEX.2.1-P4570,EVODEX.2.1-P5511"
EVODEX.2.1-D1033,[#6:28](-[#6@@:20])(=[#8:29])-[#8]-[#1]>>[#6](-[#6@](-[#7](-[#6:28](-[#6@@:20])=[#8:29])-[#1])(-[#6](=[#8])-[#8]-[#1])-[#1])(-[#1])(-[#1])-[#1],"EVODEX.2.1-P4579,EVODEX.2.1-P6517,EVODEX.2.1-P6634,EVODEX.2.1-P6965,EVODEX.2.1-P6970"
EVODEX.2.1-D1035,[#8:13]=[#6:14](-[#8]-[#1])-[#6:16]>>[#7](-[#6@@](-[#6](-[#6]1:[#6](:[#6](:[#6](:[#6](:[#6]:1-[#1])-[#1])-[#1])-[#1])-[#1])(-[#1])-[#1])(-[#6](=[#8])-[#8]-[#1])-[#1])(-[#6:14](=[#8:13])-[#6:16])-[#1],"EVODEX.2.1-P4584,EVODEX.2.1-P5631,EVODEX.2.1-P6769,EVODEX.2.1-P6774,EVODEX.2.1-P6973"
EVODEX.2.1-D1036,[#6:33](-[#6@@:25])(=[#8:34])-[#7](-[#6]1:[#6](:[#6](:[#6](-[#7&+](=[#8])-[#8&-]):[#6](-[#6](=[#8])-[#8]-[#1]):[#6]:1-[#1])-[#1])-[#1])-[#1]>>[#6:33](-[#6@@:25])(=[#8:34])-[#8]-[#1],"EVODEX.2.1-P4585,EVODEX.2.1-P4591,EVODEX.2.1-P4596,EVODEX.2.1-P4602,EVODEX.2.1-P4611"
EVODEX.2.1-D1039,[#6:50](-[#6@@:41])(=[#8:51])-[#7](-[#6]1:[#6](:[#6](:[#6](-[#7&+](=[#8])-[#8&-]):[#6](-[#6](-[#7](-[#1])-[#1])=[#8]):[#6]:1-[#1])-[#1])-[#1])-[#1]>>[#6:50](-[#6@@:41])(=[#8:51])-[#8]-[#1],"EVODEX.2.1-P4614,EVODEX.2.1-P4674,EVODEX.2.1-P4678,EVODEX.2.1-P4806,EVODEX.2.1-P4809"
EVODEX.2.1-D1041,[#8]=[#6](-[#7:4](-[#6@@:5])-[#1])-[#6]1:[#6](:[#6](:[#6](:[#6](:[#6]:1-[#1])-[#1])-[#1])-[#1])-[#1]>>[#7:4](-[#6@@:5])(-[#1])-[#1],"EVODEX.2.1-P4617,EVODEX.2.1-P5063,EVODEX.2.1-P5389,EVODEX.2.1-P5391,EVODEX.2.1-P5443"
EVODEX.2.1-D1043,[#6](-[#6](-[#6@](-[#6](-[#1])(-[#1])-[#1])(-[#6@](-[#7](-[#6](=[#8])-[#6@@]1(-[#6](-[#6](-[#6](-[#7]-1-[#6](=[#8])-[#6@@](-[#7](-[#1])-[#1])(-[#6](-[#6](-[#6](-[#6](-[#7](-[#1])-[#1])(-[#1])-[#1])(-[#1])-[#1])(-[#1])-[#1])(-[#1])-[#1])-[#1])(-[#1])-[#1])(-[#1])-[#1])(-[#1])-[#1])-[#1])-[#1])(-[#6](=[#8])-[#7](-[#6@@](-[#6](-[#6](-[#6](=[#8])-[#8]-[#1])(-[#1])-[#1])(-[#1])-[#1])(-[#6](=[#8])-[#7](-[#6@@](-[#6](-[#6]1:[#6](:[#6](:[#6](:[#6](:[#6]:1-[#1])-[#1])-[#1])-[#1])-[#1])(-[#1])-[#1])(-[#6](=[#8])-[#7:45](-[#6@@:46])-[#1])-[#1])-[#1])-[#1])-[#1])-[#1])-[#1])(-[#1])-[#1])(-[#1])(-[#1])-[#1]>>[#7:45](-[#6@@:46])(-[#1])-[#1],"EVODEX.2.1-P4626,EVODEX.2.1-P4627,EVODEX.2.1-P4628,EVODEX.2.1-P4629,EVODEX.2.1-P4630"
EVODEX.2.1-D1046,[#6:57]-[#6:58](=[#8:59])-[#7](-[#6](-[#6](-[#7](-[#6]1:[#6](:[#6](:[#6](-[#7&+](=[#8])-[#8&-]):[#6](:[#6]:1-[#7&+](=[#8])-[#8&-])-[#1])-[#1])-[#1])-[#1])(-[#1])-[#1])(-[#1])-[#1])-[#1]>>[#6:57]-[#6:58](=[#8:59])-[#8]-[#1],"EVODEX.2.1-P4633,EVODEX.2.1-P4636,EVODEX.2.1-P4637,EVODEX.2.1-P4638,EVODEX.2.1-P4639"
EVODEX.2.1-D1050,[#7:6](-[#6@:5])(-[#1])-[#1]>>[#7:6](-[#6@:5])(-[#6](=[#8])-[#6@](-[#6](-[#6](-[#6](=[#8])-[#8]-[#1])(-[#1])-[#1])(-[#1])-[#1])(-[#7](-[#6](=[#8])-[#8]-[#6](-[#6]1:[#6](:[#6](:[#6](:[#6](:[#6]:1-[#1])-[#1])-[#1])-[#1])-[#1])(-[#1])-[#1])-[#1])-[#1])-[#1],"EVODEX.2.1-P4652,EVODEX.2.1-P4656,EVODEX.2.1-P4662,EVODEX.2.1-P4663,EVODEX.2.1-P4665"
EVODEX.2.1-D1053,[#6](-[#6](-[#6](-[#1])(-[#1])-[#1])(-[#6](-[#6@](-[#7](-[#6:7](=[#8:8])-[#6@@:9])-[#1])(-[#6](=[#8])-[#7](-[#6@@](-[#6](-[#1])(-[#1])-[#1])(-[#6](=[#8])-[#8]-[#1])-[#1])-[#1])-[#1])(-[#1])-[#1])-[#1])(-[#1])(-[#1])-[#1]>>[#6:7](=[#8:8])(-[#6@@:9])-[#8]-[#1],"EVODEX.2.1-P4690,EVODEX.2.1-P5165,EVODEX.2.1-P5168,EVODEX.2.1-P5172,EVODEX.2.1-P5253"
EVODEX.2.1-D1054,[#7](=[#6](-[#7](-[#1])-[#1])-[#7](-[#6](-[#6](-[#6](-[#6@](-[#7](-[#6](=[#8])-[#6@](-[#6](-[#6]1:[#6](:[#6](:[#6](:[#6](:[#6]:1-[#1])-[#1])-[#1])-[#1])-[#1])(-[#1])-[#1])(-[#7](-[#6](=[#8])-[#6@@]1(-[#6](-[#6](-[#6](-[#7]-1-[#6](=[#8])-[#6@](-[#6](-[#8]-[#1])(-[#1])-[#1])(-[#7](-[#6:34](=[#8:35])-[#6@:36])-[#1])-[#1])(-[#1])-[#1])(-[#1])-[#1])(-[#1])-[#1])-[#1])-[#1])-[#1])-[#1])(-[#6](=[#8])-[#7](-[#6@@](-[#6](-[#6](-[#6](-[#7](-[#1])-[#1])=[#8])(-[#1])-[#1])(-[#1])-[#1])(-[#6](=[#8])-[#7](-[#6](-[#6](-[#7](-[#6]1:[#6](:[#6](:[#6](-[#7&+](=[#8])-[#8&-]):[#6](:[#6]:1-[#7&+](=[#8])-[#8&-])-[#1])-[#1])-[#1])-[#1])(-[#1])-[#1])(-[#1])-[#1])-[#1])-[#1])-[#1])-[#1])(-[#1])-[#1])(-[#1])-[#1])(-[#1])-[#1])-[#1])-[#1]>>[#6:34](=[#8:35])(-[#6@:36])-[#8]-[#1],"EVODEX.2.1-P4693,EVODEX.2.1-P5316,EVODEX.2.1-P5318,EVODEX.2.1-P5319,EVODEX.2.1-P5321"
EVODEX.2.1-D1056,[#6:27](-[#6@:26])(=[#8:28])-[#7](-[#6]1:[#6](:[#6](:[#6]2:[#8]:[#6](=[#8]):[#6](:[#6](-[#6](-[#6](-[#7](-[#1])-[#1])=[#8])(-[#1])-[#1]):[#6]:2:[#6]:1-[#1])-[#1])-[#1])-[#1])-[#1]>>[#6:27](-[#6@:26])(=[#8:28])-[#8]-[#1],"EVODEX.2.1-P4696,EVODEX.2.1-P4700,EVODEX.2.1-P4704,EVODEX.2.1-P4706,EVODEX.2.1-P4710"
EVODEX.2.1-D1058,[#7](=[#6](-[#7](-[#1])-[#1])-[#7](-[#6](-[#6](-[#6](-[#6@](-[#7](-[#6](=[#8])-[#6@](-[#6](-[#6]1:[#6](:[#6](:[#6](:[#6](:[#6]:1-[#1])-[#1])-[#1])-[#1])-[#1])(-[#1])-[#1])(-[#7](-[#6:21](=[#8:22])-[#6@@:23])-[#1])-[#1])-[#1])(-[#6](=[#8])-[#7](-[#6@@](-[#6](-[#6](-[#6](-[#7](-[#1])-[#1])=[#8])(-[#1])-[#1])(-[#1])-[#1])(-[#6](=[#8])-[#7](-[#6](-[#6](-[#7](-[#6]1:[#6](:[#6](:[#6](-[#7&+](=[#8])-[#8&-]):[#6](:[#6]:1-[#7&+](=[#8])-[#8&-])-[#1])-[#1])-[#1])-[#1])(-[#1])-[#1])(-[#1])-[#1])-[#1])-[#1])-[#1])-[#1])(-[#1])-[#1])(-[#1])-[#1])(-[#1])-[#1])-[#1])-[#1]>>[#6:21](=[#8:22])(-[#6@@:23])-[#8]-[#1],"EVODEX.2.1-P4716,EVODEX.2.1-P5229,EVODEX.2.1-P5232,EVODEX.2.1-P5233,EVODEX.2.1-P5234"
EVODEX.2.1-D1060,[#6](-[#6](-[#6](-[#1])(-[#1])-[#1])(-[#6](-[#6@](-[#7](-[#6](=[#8])-[#6@](-[#6](-[#6](-[#6](-[#6](-[#7](-[#1])-[#1])(-[#1])-[#1])(-[#1])-[#1])(-[#1])-[#1])(-[#1])-[#1])(-[#7](-[#6](=[#8])-[#6]1:[#6](:[#6](:[#6](:[#6](:[#6]:1-[#7](-[#1])-[#1])-[#1])-[#1])-[#1])-[#1])-[#1])-[#1])-[#1])(-[#6](=[#8])-[#7](-[#6@@](-[#6](-[#6]1:[#6](:[#6](:[#6](:[#6](:[#6]:1-[#1])-[#1])-[#1])-[#1])-[#1])(-[#1])-[#1])(-[#6](=[#8])-[#7:38](-[#6@@:39])-[#1])-[#1])-[#1])-[#1])(-[#1])-[#1])-[#1])(-[#1])(-[#1])-[#1]>>[#7:38](-[#6@@:39])(-[#1])-[#1],"EVODEX.2.1-P4721,EVODEX.2.1-P4722,EVODEX.2.1-P4723,EVODEX.2.1-P4724,EVODEX.2.1-P4725"
EVODEX.2.1-D1061,[#6:50](-[#6@:21])(=[#8:51])-[#8]-[#1]>>[#6](-[#6]1:[#6](:[#6](=[#8]):[#8]:[#6]2:[#6](:[#6](-[#7](-[#6:50](-[#6@:21])=[#8:51])-[#1]):[#6](:[#6](:[#6]:1:2)-[#1])-[#1])-[#1])-[#1])(-[#1])(-[#1])-[#1],"EVODEX.2.1-P4735,EVODEX.2.1-P4764,EVODEX.2.1-P4765,EVODEX.2.1-P4804,EVODEX.2.1-P4814"
EVODEX.2.1-D1066,[#6:35](-[#6@@:27])(=[#8:36])-[#8]-[#1]>>[#6:35](-[#6@@:27])(=[#8:36])-[#7](-[#6](-[#6](-[#7](-[#6@@](-[#6](-[#1])(-[#1])-[#1])(-[#6](=[#8])-[#7](-[#6](-[#6](=[#8])-[#7](-[#6@@](-[#6](-[#6](-[#6](-[#7](-[#1])-[#1])=[#8])(-[#1])-[#1])(-[#1])-[#1])(-[#6](=[#8])-[#7](-[#6](-[#6](-[#7](-[#6]1:[#6](:[#6](:[#6](-[#7&+](=[#8])-[#8&-]):[#6](:[#6]:1-[#7&+](=[#8])-[#8&-])-[#1])-[#1])-[#1])-[#1])(-[#1])-[#1])(-[#1])-[#1])-[#1])-[#1])-[#1])(-[#1])-[#1])-[#1])-[#1])-[#1])=[#8])(-[#1])-[#1])-[#1],"EVODEX.2.1-P4746,EVODEX.2.1-P4747,EVODEX.2.1-P4757,EVODEX.2.1-P4758,EVODEX.2.1-P4762"
EVODEX.2.1-D1067,[#6](-[#6@](-[#7](-[#6](=[#8])-[#6](-[#7](-[#6:8](=[#8:9])-[#6@:10])-[#1])(-[#1])-[#1])-[#1])(-[#6](=[#8])-[#7](-[#6](-[#6](=[#8])-[#7](-[#6@@](-[#6](-[#6](-[#6](-[#7](-[#1])-[#1])=[#8])(-[#1])-[#1])(-[#1])-[#1])(-[#6](=[#8])-[#7](-[#6](-[#6](-[#7](-[#6]1:[#6](:[#6](:[#6](-[#7&+](=[#8])-[#8&-]):[#6](:[#6]:1-[#7&+](=[#8])-[#8&-])-[#1])-[#1])-[#1])-[#1])(-[#1])-[#1])(-[#1])-[#1])-[#1])-[#1])-[#1])(-[#1])-[#1])-[#1])-[#1])(-[#1])(-[#1])-[#1]>>[#6:8](=[#8:9])(-[#6@:10])-[#8]-[#1],"EVODEX.2.1-P4749,EVODEX.2.1-P4753,EVODEX.2.1-P4760,EVODEX.2.1-P4957,EVODEX.2.1-P5052"
EVODEX.2.1-D1069,[#6:6]-[#7:7](-[#6](=[#8])-[#6@](-[#6](-[#6](-[#6](-[#7](-[#6](=[#7]-[#1])-[#7](-[#1])-[#1])-[#1])(-[#1])-[#1])(-[#1])-[#1])(-[#1])-[#1])(-[#7](-[#6](=[#8])-[#6](-[#7](-[#6](=[#8])-[#6](-[#7](-[#6](=[#8])-[#6@](-[#6](-[#1])(-[#1])-[#1])(-[#7](-[#6](=[#8])-[#6]1:[#6](:[#6](:[#6](:[#6](:[#6]:1-[#7](-[#1])-[#1])-[#1])-[#1])-[#1])-[#1])-[#1])-[#1])-[#1])(-[#1])-[#1])-[#1])(-[#1])-[#1])-[#1])-[#1])-[#1]>>[#6:6]-[#7:7](-[#1])-[#1],"EVODEX.2.1-P4759,EVODEX.2.1-P4796,EVODEX.2.1-P4797,EVODEX.2.1-P4958,EVODEX.2.1-P4961"
EVODEX.2.1-D1070,[#6:42](-[#6@:2])(=[#8:43])-[#8]-[#1]>>[#6:42](-[#6@:2])(=[#8:43])-[#7](-[#6](-[#6](=[#8])-[#7](-[#6@@](-[#6](-[#6](-[#6](=[#8])-[#7](-[#6](-[#6](-[#7](-[#6]1:[#6](:[#6](:[#6](-[#7&+](=[#8])-[#8&-]):[#6](:[#6]:1-[#7&+](=[#8])-[#8&-])-[#1])-[#1])-[#1])-[#1])(-[#1])-[#1])(-[#1])-[#1])-[#1])(-[#1])-[#1])(-[#1])-[#1])(-[#6](=[#8])-[#8]-[#1])-[#1])-[#1])(-[#1])-[#1])-[#1],"EVODEX.2.1-P4769,EVODEX.2.1-P4771,EVODEX.2.1-P4775,EVODEX.2.1-P4777,EVODEX.2.1-P4783"
EVODEX.2.1-D1074,[#6:45](-[#6@@:43])(=[#8:46])-[#7](-[#6](-[#6](=[#8])-[#7](-[#6@@](-[#6](-[#6](-[#6](=[#8])-[#7](-[#6](-[#6](-[#7](-[#6]1:[#6](:[#6](:[#6](-[#7&+](=[#8])-[#8&-]):[#6](:[#6]:1-[#7&+](=[#8])-[#8&-])-[#1])-[#1])-[#1])-[#1])(-[#1])-[#1])(-[#1])-[#1])-[#1])(-[#1])-[#1])(-[#1])-[#1])(-[#6](=[#8])-[#8]-[#1])-[#1])-[#1])(-[#1])-[#1])-[#1]>>[#6:45](-[#6@@:43])(=[#8:46])-[#8]-[#1],"EVODEX.2.1-P4779,EVODEX.2.1-P4781,EVODEX.2.1-P4782,EVODEX.2.1-P4787,EVODEX.2.1-P4789"
EVODEX.2.1-D1075,[#7:35](-[#6:36])(-[#1])-[#1]>>[#6](-[#6@](-[#7](-[#6](=[#8])-[#6]1:[#6](:[#6](:[#6](:[#6](:[#6]:1-[#7](-[#1])-[#1])-[#1])-[#1])-[#1])-[#1])-[#1])(-[#6](=[#8])-[#7](-[#6](-[#6](=[#8])-[#7](-[#6](-[#6](=[#8])-[#7](-[#6@@](-[#6](-[#6](-[#6](-[#7](-[#6](=[#7]-[#1])-[#7](-[#1])-[#1])-[#1])(-[#1])-[#1])(-[#1])-[#1])(-[#1])-[#1])(-[#6](=[#8])-[#7:35](-[#6:36])-[#1])-[#1])-[#1])(-[#1])-[#1])-[#1])(-[#1])-[#1])-[#1])-[#1])(-[#1])(-[#1])-[#1],"EVODEX.2.1-P4791,EVODEX.2.1-P4792,EVODEX.2.1-P4793,EVODEX.2.1-P4794,EVODEX.2.1-P4798"
EVODEX.2.1-D1077,[#6:29](-[#6@:8])(=[#8:30])-[#7](-[#6@@](-[#6](-[#6]1:[#6](:[#6](:[#6](:[#6](:[#6]:1-[#1])-[#1])-[#1])-[#1])-[#1])(-[#1])-[#1])(-[#6](=[#8])-[#7](-[#6@@](-[#6](-[#6](-[#6](-[#6](-[#7](-[#1])-[#1])(-[#1])-[#1])(-[#1])-[#1])(-[#1])-[#1])(-[#1])-[#1])(-[#6](=[#8])-[#7](-[#6](-[#6](-[#7](-[#6]1:[#6](:[#6](:[#6](-[#7&+](=[#8])-[#8]-[#1]):[#6](:[#6]:1-[#7&+](=[#8])-[#8]-[#1])-[#1])-[#1])-[#1])-[#1])(-[#1])-[#1])(-[#1])-[#1])-[#1])-[#1])-[#1])-[#1])-[#1]>>[#6:29](-[#6@:8])(=[#8:30])-[#8]-[#1],"EVODEX.2.1-P4819,EVODEX.2.1-P4821,EVODEX.2.1-P4822,EVODEX.2.1-P4823,EVODEX.2.1-P4828"
EVODEX.2.1-D1078,[#6:28](-[#6@@:22])(=[#8:29])-[#8]-[#1]>>[#6:28](-[#6@@:22])(=[#8:29])-[#7](-[#6@](-[#6](-[#7](-[#6@@](-[#6](-[#6](-[#6](-[#6](-[#7](-[#1])-[#1])(-[#1])-[#1])(-[#1])-[#1])(-[#1])-[#1])(-[#1])-[#1])(-[#6](=[#8])-[#7](-[#6](-[#6](-[#7](-[#6]1:[#6](:[#6](:[#6](-[#7&+](=[#8])-[#8]-[#1]):[#6](:[#6]:1-[#7&+](=[#8])-[#8]-[#1])-[#1])-[#1])-[#1])-[#1])(-[#1])-[#1])(-[#1])-[#1])-[#1])-[#1])-[#1])=[#8])(-[#6](-[#6]1:[#6](:[#6](:[#6](:[#6](:[#6]:1-[#1])-[#1])-[#1])-[#1])-[#1])(-[#1])-[#1])-[#1])-[#1],"EVODEX.2.1-P4824,EVODEX.2.1-P4825,EVODEX.2.1-P4832,EVODEX.2.1-P4834,EVODEX.2.1-P4837"
EVODEX.2.1-D1080,[#7:31](-[#6@:26])(-[#6](=[#8])-[#6@](-[#6](-[#6](-[#6](-[#7](-[#6](=[#7]-[#1])-[#7](-[#1])-[#1])-[#1])(-[#1])-[#1])(-[#1])-[#1])(-[#1])-[#1])(-[#7](-[#6](=[#8])-[#6@](-[#6](-[#6](-[#6](-[#7](-[#1])-[#1])=[#8])(-[#1])-[#1])(-[#1])-[#1])(-[#7](-[#6](=[#8])-[#6@](-[#6](-[#6](-[#6](-[#1])(-[#1])-[#1])(-[#6](-[#1])(-[#1])-[#1])-[#1])(-[#1])-[#1])(-[#7](-[#6](=[#8])-[#6](-[#7](-[#1])-[#1])(-[#1])-[#1])-[#1])-[#1])-[#1])-[#1])-[#1])-[#1])-[#1]>>[#7:31](-[#6@:26])(-[#1])-[#1],"EVODEX.2.1-P4841,EVODEX.2.1-P4842,EVODEX.2.1-P4844,EVODEX.2.1-P4845,EVODEX.2.1-P4846"
EVODEX.2.1-D1084,[#16:5](=[#8:6])(=[#8:7])-[#6:8]1:[#6:9]:[#6:10]:[#6:11]:[#6:12]2:[#6:13]:[#6:14](-[#7:15](-[#6](=[#8])-[#6@](-[#6](-[#6](-[#6](-[#7](-[#6](=[#7]-[#1])-[#7](-[#1])-[#1])-[#1])(-[#1])-[#1])(-[#1])-[#1])(-[#1])-[#1])(-[#7](-[#6](=[#8])-[#6@@]3(-[#6](-[#6](-[#6](-[#7]-3-[#6](=[#8])-[#6@](-[#7](-[#1])-[#1])(-[#6](-[#6]3:[#6](:[#6](:[#6](:[#6](:[#6]:3-[#1])-[#1])-[#1])-[#1])-[#1])(-[#1])-[#1])-[#1])(-[#1])-[#1])(-[#1])-[#1])(-[#1])-[#1])-[#1])-[#1])-[#1])-[#1]):[#6:45]:[#6:46]:[#6:47]:1:2>>[#16:5](=[#8:6])(=[#8:7])-[#6:8]1:[#6:9]:[#6:10]:[#6:11]:[#6:12]2:[#6:13]:[#6:14](-[#7:15](-[#1])-[#1]):[#6:45]:[#6:46]:[#6:47]:1:2,"EVODEX.2.1-P4886,EVODEX.2.1-P4887,EVODEX.2.1-P4888,EVODEX.2.1-P4890,EVODEX.2.1-P4891"
EVODEX.2.1-D1086,[#6](-[#6](-[#6@](-[#7](-[#6](=[#8])-[#6@](-[#6](-[#6]1:[#6](:[#6](:[#6](-[#8]-[#1]):[#6](:[#6]:1-[#1])-[#1])-[#1])-[#1])(-[#1])-[#1])(-[#7](-[#6](=[#8])-[#6@](-[#6](-[#6]1:[#6](:[#6](:[#6](-[#8]-[#1]):[#6](:[#6]:1-[#1])-[#1])-[#1])-[#1])(-[#1])-[#1])(-[#7](-[#6](=[#8])-[#6]1:[#6](:[#6](:[#6](:[#6](:[#6]:1-[#7](-[#1])-[#1])-[#1])-[#1])-[#1])-[#1])-[#1])-[#1])-[#1])-[#1])-[#1])(-[#6](=[#8])-[#7:40](-[#6:41]1:[#6:42]:[#6:43]:[#6:44](-[#7&+:45]=[#8:46]):[#6:48](-[#6:49]=[#8:50]):[#6:60]:1)-[#1])-[#1])(-[#1])-[#1])(-[#1])(-[#1])-[#1]>>[#7:40](-[#6:41]1:[#6:42]:[#6:43]:[#6:44](-[#7&+:45]=[#8:46]):[#6:48](-[#6:49]=[#8:50]):[#6:60]:1)(-[#1])-[#1],"EVODEX.2.1-P4902,EVODEX.2.1-P4905,EVODEX.2.1-P4908,EVODEX.2.1-P4910,EVODEX.2.1-P4912"
EVODEX.2.1-D1089,[#6](-[#6](-[#6](-[#1])(-[#1])-[#1])(-[#6](-[#6@](-[#7](-[#6](=[#8])-[#6](-[#7](-[#1])-[#1])(-[#1])-[#1])-[#1])(-[#6](=[#8])-[#7](-[#6@@](-[#6](-[#6](-[#6](-[#1])(-[#1])-[#1])(-[#6](-[#1])(-[#1])-[#1])-[#1])(-[#1])-[#1])(-[#6](=[#8])-[#7](-[#6@](-[#6](=[#8])-[#7:25](-[#6@@:26])-[#1])(-[#6](-[#6](-[#1])(-[#1])-[#1])(-[#6](-[#1])(-[#1])-[#1])-[#1])-[#1])-[#1])-[#1])-[#1])-[#1])(-[#1])-[#1])-[#1])(-[#1])(-[#1])-[#1]>>[#7:25](-[#6@@:26])(-[#1])-[#1],"EVODEX.2.1-P4918,EVODEX.2.1-P4919,EVODEX.2.1-P4927,EVODEX.2.1-P4933,EVODEX.2.1-P4939"
EVODEX.2.1-D1090,[#6](-[#6](-[#6](-[#1])(-[#1])-[#1])(-[#6](-[#6@](-[#7](-[#6](=[#8])-[#6](-[#7](-[#6](=[#8])-[#6@](-[#6](-[#6](-[#6](-[#1])(-[#1])-[#1])(-[#6](-[#1])(-[#1])-[#1])-[#1])(-[#1])-[#1])(-[#7](-[#6:19](=[#8:20])-[#6@@:21])-[#1])-[#1])-[#1])(-[#1])-[#1])-[#1])(-[#6](=[#8])-[#8]-[#1])-[#1])(-[#1])-[#1])-[#1])(-[#1])(-[#1])-[#1]>>[#6:19](=[#8:20])(-[#6@@:21])-[#8]-[#1],"EVODEX.2.1-P4921,EVODEX.2.1-P4929,EVODEX.2.1-P4932,EVODEX.2.1-P4935,EVODEX.2.1-P4942"
EVODEX.2.1-D1093,[#6](-[#6](-[#6@](-[#6](-[#1])(-[#1])-[#1])(-[#6@](-[#7](-[#6:7](=[#8:8])-[#6@:9])-[#1])(-[#6](=[#8])-[#7](-[#6@](-[#6](=[#8])-[#7](-[#6](-[#6](=[#8])-[#8]-[#1])(-[#1])-[#1])-[#1])(-[#6](-[#6](-[#1])(-[#1])-[#1])(-[#6](-[#1])(-[#1])-[#1])-[#1])-[#1])-[#1])-[#1])-[#1])(-[#1])-[#1])(-[#1])(-[#1])-[#1]>>[#6:7](=[#8:8])(-[#6@:9])-[#8]-[#1],"EVODEX.2.1-P4964,EVODEX.2.1-P4966,EVODEX.2.1-P4968,EVODEX.2.1-P4970,EVODEX.2.1-P4972"
EVODEX.2.1-D1095,[#6:31](-[#6@@:23])(=[#8:32])-[#7](-[#6@@](-[#6](-[#8]-[#1])(-[#1])-[#1])(-[#6](=[#8])-[#7](-[#6@@](-[#6](-[#8]-[#1])(-[#1])-[#1])(-[#6](=[#8])-[#7](-[#6@@](-[#6](-[#6](-[#6](-[#6](-[#7](-[#1])-[#1])(-[#1])-[#1])(-[#1])-[#1])(-[#1])-[#1])(-[#1])-[#1])(-[#6](=[#8])-[#7](-[#6@@](-[#6](-[#6](-[#6](-[#7](-[#1])-[#1])=[#8])(-[#1])-[#1])(-[#1])-[#1])(-[#6](=[#8])-[#7](-[#6](-[#6](-[#7](-[#6]1:[#6](:[#6](:[#6](-[#7&+](=[#8])-[#8&-]):[#6](:[#6]:1-[#7&+](=[#8])-[#8&-])-[#1])-[#1])-[#1])-[#1])(-[#1])-[#1])(-[#1])-[#1])-[#1])-[#1])-[#1])-[#1])-[#1])-[#1])-[#1])-[#1])-[#1]>>[#6:31](-[#6@@:23])(=[#8:32])-[#8]-[#1],"EVODEX.2.1-P4995,EVODEX.2.1-P4996,EVODEX.2.1-P4998,EVODEX.2.1-P5007,EVODEX.2.1-P5009"
EVODEX.2.1-D1096,[#6](-[#6](-[#6](-[#1])(-[#1])-[#1])(-[#6](-[#6@](-[#7](-[#6](=[#8])-[#6@](-[#6](-[#6](-[#6](-[#6](-[#7](-[#1])-[#1])(-[#1])-[#1])(-[#1])-[#1])(-[#1])-[#1])(-[#1])-[#1])(-[#7](-[#6](=[#8])-[#6]1:[#6](:[#6](:[#6](:[#6](:[#6]:1-[#7](-[#1])-[#1])-[#1])-[#1])-[#1])-[#1])-[#1])-[#1])-[#1])(-[#6](=[#8])-[#7](-[#6@@](-[#6](-[#6](-[#6](-[#7](-[#6](=[#7]-[#1])-[#7](-[#1])-[#1])-[#1])(-[#1])-[#1])(-[#1])-[#1])(-[#1])-[#1])(-[#6](=[#8])-[#7:38](-[#6@@:39])-[#1])-[#1])-[#1])-[#1])(-[#1])-[#1])-[#1])(-[#1])(-[#1])-[#1]>>[#7:38](-[#6@@:39])(-[#1])-[#1],"EVODEX.2.1-P4999,EVODEX.2.1-P5000,EVODEX.2.1-P5002,EVODEX.2.1-P5003,EVODEX.2.1-P5005"
EVODEX.2.1-D1098,[#6:16](-[#6@:5])(=[#8:17])-[#8]-[#1]>>[#6:16](-[#6@:5])(=[#8:17])-[#7](-[#1])-[#1],"EVODEX.2.1-P5013,EVODEX.2.1-P5465,EVODEX.2.1-P5545,EVODEX.2.1-P5547,EVODEX.2.1-P5555"
EVODEX.2.1-D1099,[#7:9](-[#6@:8])(-[#1])-[#1]>>[#7:9](-[#6@:8])(-[#6](=[#8])-[#6@](-[#6](-[#6](-[#6](-[#7](-[#6](=[#7]-[#1])-[#7](-[#1])-[#1])-[#1])(-[#1])-[#1])(-[#1])-[#1])(-[#1])-[#1])(-[#7](-[#6](=[#8])-[#6]1:[#6](:[#6](:[#6](:[#6](:[#6]:1-[#1])-[#1])-[#1])-[#1])-[#1])-[#1])-[#1])-[#1],"EVODEX.2.1-P5016,EVODEX.2.1-P5099,EVODEX.2.1-P5105,EVODEX.2.1-P5108,EVODEX.2.1-P5110"
EVODEX.2.1-D1100,[#7:12](-[#6@:11])(-[#6](=[#8])-[#6@](-[#6](-[#6](-[#6](-[#7](-[#6](=[#7]-[#1])-[#7](-[#1])-[#1])-[#1])(-[#1])-[#1])(-[#1])-[#1])(-[#1])-[#1])(-[#7](-[#6](=[#8])-[#6]1:[#6](:[#6](:[#6](:[#6](:[#6]:1-[#1])-[#1])-[#1])-[#1])-[#1])-[#1])-[#1])-[#1]>>[#7:12](-[#6@:11])(-[#1])-[#1],"EVODEX.2.1-P5017,EVODEX.2.1-P5100,EVODEX.2.1-P5103,EVODEX.2.1-P5106,EVODEX.2.1-P5111"
EVODEX.2.1-D1102,[#6](-[#6](-[#6](-[#1])(-[#1])-[#1])(-[#6](-[#6@](-[#7](-[#6:7](=[#8:8])-[#6:9])-[#1])(-[#6](=[#8])-[#7](-[#6@@](-[#6](-[#6](-[#6](-[#7](-[#6](=[#7]-[#1])-[#7](-[#1])-[#1])-[#1])(-[#1])-[#1])(-[#1])-[#1])(-[#1])-[#1])(-[#6](=[#8])-[#7](-[#6@@](-[#6](-[#6]1:[#6](:[#7](:[#6]2:[#6](:[#6](:[#6](:[#6](:[#6]:1:2)-[#1])-[#1])-[#1])-[#1])-[#1])-[#1])(-[#1])-[#1])(-[#6](=[#8])-[#7](-[#6@@](-[#6](-[#6](-[#6](=[#8])-[#8]-[#1])(-[#1])-[#1])(-[#1])-[#1])(-[#6](=[#8])-[#7](-[#6@@](-[#6](-[#6](-[#6](-[#6](-[#7](-[#6]1:[#6](:[#6](:[#6](-[#7&+](=[#8])-[#8&-]):[#6](:[#6]:1-[#7&+](=[#8])-[#8&-])-[#1])-[#1])-[#1])-[#1])(-[#1])-[#1])(-[#1])-[#1])(-[#1])-[#1])(-[#1])-[#1])(-[#6](=[#8])-[#7](-[#6@](-[#6](-[#6](-[#6](-[#7](-[#6](=[#7]-[#1])-[#7](-[#1])-[#1])-[#1])(-[#1])-[#1])(-[#1])-[#1])(-[#1])-[#1])(-[#6](-[#7](-[#1])-[#1])=[#8])-[#1])-[#1])-[#1])-[#1])-[#1])-[#1])-[#1])-[#1])-[#1])-[#1])-[#1])(-[#1])-[#1])-[#1])(-[#1])(-[#1])-[#1]>>[#6:7](=[#8:8])(-[#6:9])-[#8]-[#1],"EVODEX.2.1-P5023,EVODEX.2.1-P5026,EVODEX.2.1-P5027,EVODEX.2.1-P5029,EVODEX.2.1-P5030"
EVODEX.2.1-D1103,[#7:6](-[#6@:5])(-[#6](=[#8])-[#6](-[#7](-[#6](=[#8])-[#6@@](-[#7](-[#6](=[#8])-[#6@@](-[#7](-[#6](=[#8])-[#6@](-[#6](-[#6]1:[#6](:[#7]:[#6](:[#7]:1-[#1])-[#1])-[#1])(-[#1])-[#1])(-[#7](-[#6](=[#8])-[#6@](-[#6](-[#6]1:[#6](:[#7](:[#6]2:[#6](:[#6](:[#6](:[#6](:[#6]:1:2)-[#1])-[#1])-[#1])-[#1])-[#1])-[#1])(-[#1])-[#1])(-[#7](-[#6](=[#8])-[#6@](-[#6](-[#6](-[#6](-[#7](-[#6](=[#7]-[#1])-[#7](-[#1])-[#1])-[#1])(-[#1])-[#1])(-[#1])-[#1])(-[#1])-[#1])(-[#7](-[#6](=[#8])-[#6](-[#7](-[#1])-[#1])(-[#1])-[#1])-[#1])-[#1])-[#1])-[#1])-[#1])-[#1])-[#1])(-[#6@@](-[#6](-[#1])(-[#1])-[#1])(-[#8]-[#1])-[#1])-[#1])-[#1])(-[#6](-[#6](-[#1])(-[#1])-[#1])(-[#6](-[#1])(-[#1])-[#1])-[#1])-[#1])-[#1])(-[#1])-[#1])-[#1]>>[#7:6](-[#6@:5])(-[#1])-[#1],"EVODEX.2.1-P5032,EVODEX.2.1-P5033,EVODEX.2.1-P5034,EVODEX.2.1-P5035,EVODEX.2.1-P5036"
EVODEX.2.1-D1107,[#6:32](-[#6@@:26])(=[#8:33])-[#7](-[#6@@](-[#6](-[#8]-[#1])(-[#1])-[#1])(-[#6](=[#8])-[#7](-[#6](-[#6](=[#8])-[#7](-[#6@@](-[#6](-[#6]1:[#6](:[#6](:[#6](:[#6](:[#6]:1-[#1])-[#1])-[#1])-[#1])-[#1])(-[#1])-[#1])(-[#6](-[#7](-[#1])-[#1])=[#8])-[#1])-[#1])(-[#1])-[#1])-[#1])-[#1])-[#1]>>[#6:32](-[#6@@:26])(=[#8:33])-[#8]-[#1],"EVODEX.2.1-P5070,EVODEX.2.1-P5071,EVODEX.2.1-P5072,EVODEX.2.1-P5077,EVODEX.2.1-P5081"
EVODEX.2.1-D1108,[#6](-[#6](-[#6](-[#1])(-[#1])-[#1])(-[#6](-[#6@](-[#7](-[#6](=[#8])-[#6@@](-[#7](-[#6](=[#8])-[#6@](-[#6](-[#1])(-[#1])-[#1])(-[#7](-[#6](=[#8])-[#6@@](-[#7](-[#1])-[#1])(-[#6](-[#8]-[#1])(-[#1])-[#1])-[#1])-[#1])-[#1])-[#1])(-[#6](-[#6](-[#1])(-[#1])-[#1])(-[#6](-[#1])(-[#1])-[#1])-[#1])-[#1])-[#1])(-[#6](=[#8])-[#7](-[#6@@](-[#6](-[#6](-[#6](-[#7](-[#1])-[#1])=[#8])(-[#1])-[#1])(-[#1])-[#1])(-[#6](=[#8])-[#7:36](-[#6@@:37])-[#1])-[#1])-[#1])-[#1])(-[#1])-[#1])-[#1])(-[#1])(-[#1])-[#1]>>[#7:36](-[#6@@:37])(-[#1])-[#1],"EVODEX.2.1-P5073,EVODEX.2.1-P5074,EVODEX.2.1-P5075,EVODEX.2.1-P5082,EVODEX.2.1-P5083"
EVODEX.2.1-D1110,[#6:63](-[#6@@:57])(=[#8:64])-[#7](-[#6@@](-[#6](-[#8]-[#1])(-[#1])-[#1])(-[#6](=[#8])-[#7](-[#6](-[#6](=[#8])-[#7](-[#6@@](-[#6](-[#6]1:[#6](:[#6](:[#6](:[#6](:[#6]:1-[#1])-[#1])-[#1])-[#1])-[#1])(-[#1])-[#1])(-[#6](=[#8])-[#7](-[#6@@](-[#6](-[#6](-[#6](-[#7](-[#6](=[#7]-[#1])-[#7](-[#1])-[#1])-[#1])(-[#1])-[#1])(-[#1])-[#1])(-[#1])-[#1])(-[#6](=[#8])-[#7](-[#6@@](-[#6](-[#6](-[#6](-[#6](-[#7](-[#1])-[#1])(-[#1])-[#1])(-[#1])-[#1])(-[#1])-[#1])(-[#1])-[#1])(-[#6](=[#8])-[#7](-[#6@@](-[#6](-[#6]1:[#6](:[#7](:[#6]2:[#6](:[#6](:[#6](:[#6](:[#6]:1:2)-[#1])-[#1])-[#1])-[#1])-[#1])-[#1])(-[#1])-[#1])(-[#6](=[#8])-[#7](-[#6@@](-[#6](-[#1])(-[#1])-[#1])(-[#6](=[#8])-[#8]-[#1])-[#1])-[#1])-[#1])-[#1])-[#1])-[#1])-[#1])-[#1])-[#1])-[#1])(-[#1])-[#1])-[#1])-[#1])-[#1]>>[#6:63](-[#6@@:57])(=[#8:64])-[#8]-[#1],"EVODEX.2.1-P5086,EVODEX.2.1-P5087,EVODEX.2.1-P5088,EVODEX.2.1-P5091,EVODEX.2.1-P5092"
EVODEX.2.1-D1114,[#6](-[#16]-[#6](-[#6](-[#6@](-[#7](-[#6](=[#8])-[#6@](-[#6](-[#1])(-[#1])-[#1])(-[#7](-[#6](=[#8])-[#6@](-[#6](-[#6](-[#6](-[#1])(-[#1])-[#1])(-[#6](-[#1])(-[#1])-[#1])-[#1])(-[#1])-[#1])(-[#7](-[#6:20](=[#8:21])-[#6@:22])-[#1])-[#1])-[#1])-[#1])-[#1])(-[#6](=[#8])-[#7](-[#6@](-[#6](=[#8])-[#7](-[#6@@](-[#6](-[#6](-[#16]-[#6](-[#1])(-[#1])-[#1])(-[#1])-[#1])(-[#1])-[#1])(-[#6](=[#8])-[#7](-[#6@@](-[#6](-[#6](-[#6](-[#7](-[#6](=[#7]-[#1])-[#7](-[#1])-[#1])-[#1])(-[#1])-[#1])(-[#1])-[#1])(-[#1])-[#1])(-[#6](=[#8])-[#7](-[#6@@](-[#6](-[#6](-[#6](-[#7](-[#6](=[#7]-[#1])-[#7](-[#1])-[#1])-[#1])(-[#1])-[#1])(-[#1])-[#1])(-[#1])-[#1])(-[#6](=[#8])-[#8]-[#1])-[#1])-[#1])-[#1])-[#1])-[#1])-[#1])(-[#6@@](-[#6](-[#1])(-[#1])-[#1])(-[#8]-[#1])-[#1])-[#1])-[#1])-[#1])(-[#1])-[#1])(-[#1])-[#1])(-[#1])(-[#1])-[#1]>>[#6:20](=[#8:21])(-[#6@:22])-[#8]-[#1],"EVODEX.2.1-P5118,EVODEX.2.1-P5119,EVODEX.2.1-P5121,EVODEX.2.1-P5122,EVODEX.2.1-P5142"
EVODEX.2.1-D1115,[#6](-[#6](-[#6@](-[#6](-[#1])(-[#1])-[#1])(-[#6@](-[#7](-[#6](=[#8])-[#6@@]1(-[#6](-[#6](-[#6](-[#7]-1-[#6:14](=[#8:15])-[#6@:16])(-[#1])-[#1])(-[#1])-[#1])(-[#1])-[#1])-[#1])-[#1])(-[#6](=[#8])-[#7](-[#6@](-[#6](=[#8])-[#8]-[#1])(-[#6](-[#6](-[#1])(-[#1])-[#1])(-[#6](-[#1])(-[#1])-[#1])-[#1])-[#1])-[#1])-[#1])-[#1])(-[#1])-[#1])(-[#1])(-[#1])-[#1]>>[#6:14](=[#8:15])(-[#6@:16])-[#8]-[#1],"EVODEX.2.1-P5124,EVODEX.2.1-P5132,EVODEX.2.1-P5133,EVODEX.2.1-P5137,EVODEX.2.1-P5139"
EVODEX.2.1-D1116,[#6](-[#6](-[#6@](-[#6](-[#1])(-[#1])-[#1])(-[#6@](-[#7](-[#6](=[#8])-[#6@@]1(-[#6](-[#6](-[#6](-[#7]-1-[#6:14](=[#8:15])-[#6@:16])(-[#1])-[#1])(-[#1])-[#1])(-[#1])-[#1])-[#1])-[#1])(-[#6](=[#8])-[#7](-[#6@](-[#6](=[#8])-[#7](-[#6@@](-[#6](-[#6](-[#6](-[#7](-[#1])-[#1])=[#8])(-[#1])-[#1])(-[#1])-[#1])(-[#6](=[#8])-[#8]-[#1])-[#1])-[#1])(-[#6](-[#6](-[#1])(-[#1])-[#1])(-[#6](-[#1])(-[#1])-[#1])-[#1])-[#1])-[#1])-[#1])-[#1])(-[#1])-[#1])(-[#1])(-[#1])-[#1]>>[#6:14](=[#8:15])(-[#6@:16])-[#8]-[#1],"EVODEX.2.1-P5125,EVODEX.2.1-P5127,EVODEX.2.1-P5130,EVODEX.2.1-P5131,EVODEX.2.1-P5152"
EVODEX.2.1-D1118,[#7:20](-[#6@:14])(-[#6](=[#8])-[#6@](-[#6](-[#8]-[#1])(-[#1])-[#1])(-[#7](-[#6](=[#8])-[#6@@](-[#7](-[#6](=[#8])-[#6@](-[#6](-[#1])(-[#1])-[#1])(-[#7](-[#6](=[#8])-[#6@@]1(-[#6](-[#6](-[#6](-[#7]-1-[#6](=[#8])-[#6@@]1(-[#6](-[#6](-[#6](-[#7]-1-[#1])(-[#1])-[#1])(-[#1])-[#1])(-[#1])-[#1])-[#1])(-[#1])-[#1])(-[#1])-[#1])(-[#1])-[#1])-[#1])-[#1])-[#1])-[#1])(-[#6](-[#6](-[#1])(-[#1])-[#1])(-[#6](-[#1])(-[#1])-[#1])-[#1])-[#1])-[#1])-[#1])-[#1]>>[#7:20](-[#6@:14])(-[#1])-[#1],"EVODEX.2.1-P5145,EVODEX.2.1-P5146,EVODEX.2.1-P5147,EVODEX.2.1-P5148,EVODEX.2.1-P5149"
EVODEX.2.1-D1120,[#6:33](-[#6@@:28])(=[#8:34])-[#7]1-[#6](-[#6](-[#6](-[#6@]-1(-[#6](=[#8])-[#7](-[#6@@](-[#6](-[#8]-[#1])(-[#1])-[#1])(-[#6](=[#8])-[#7](-[#6@@](-[#6](-[#6](-[#6](-[#6](-[#7](-[#1])-[#1])(-[#1])-[#1])(-[#1])-[#1])(-[#1])-[#1])(-[#1])-[#1])(-[#6](=[#8])-[#7](-[#6@@](-[#6](-[#6](-[#6](-[#7](-[#1])-[#1])=[#8])(-[#1])-[#1])(-[#1])-[#1])(-[#6](=[#8])-[#7](-[#6](-[#6](-[#7](-[#6]1:[#6](:[#6](:[#6](-[#7&+](=[#8])-[#8&-]):[#6](:[#6]:1-[#7&+](=[#8])-[#8&-])-[#1])-[#1])-[#1])-[#1])(-[#1])-[#1])(-[#1])-[#1])-[#1])-[#1])-[#1])-[#1])-[#1])-[#1])-[#1])-[#1])(-[#1])-[#1])(-[#1])-[#1])(-[#1])-[#1]>>[#6:33](-[#6@@:28])(=[#8:34])-[#8]-[#1],"EVODEX.2.1-P5175,EVODEX.2.1-P5177,EVODEX.2.1-P5179,EVODEX.2.1-P5181,EVODEX.2.1-P5183"
EVODEX.2.1-D1121,[#6](-[#6](-[#6@](-[#6](-[#1])(-[#1])-[#1])(-[#6@](-[#7](-[#6](=[#8])-[#6](-[#7](-[#6](=[#8])-[#6@@](-[#7](-[#1])-[#1])(-[#6](-[#6]1:[#6](:[#6](:[#6](-[#8]-[#1]):[#6](:[#6]:1-[#1])-[#1])-[#1])-[#1])(-[#1])-[#1])-[#1])-[#1])(-[#1])-[#1])-[#1])(-[#6](=[#8])-[#7](-[#6@@](-[#6](-[#8]-[#1])(-[#1])-[#1])(-[#6](=[#8])-[#7](-[#6@@](-[#6](-[#8]-[#1])(-[#1])-[#1])(-[#6](=[#8])-[#7](-[#6@@](-[#6](-[#6](-[#6](-[#6](-[#7](-[#1])-[#1])(-[#1])-[#1])(-[#1])-[#1])(-[#1])-[#1])(-[#1])-[#1])(-[#6](=[#8])-[#7](-[#6@@](-[#6](-[#6]1:[#6](:[#6](:[#6](:[#6](:[#6]:1-[#1])-[#1])-[#1])-[#1])-[#1])(-[#1])-[#1])(-[#6](=[#8])-[#7:57](-[#6@@:58])-[#1])-[#1])-[#1])-[#1])-[#1])-[#1])-[#1])-[#1])-[#1])-[#1])-[#1])(-[#1])-[#1])(-[#1])(-[#1])-[#1]>>[#7:57](-[#6@@:58])(-[#1])-[#1],"EVODEX.2.1-P5186,EVODEX.2.1-P5187,EVODEX.2.1-P5188,EVODEX.2.1-P5189,EVODEX.2.1-P5190"
EVODEX.2.1-D1122,[#6](-[#6](-[#6](-[#1])(-[#1])-[#1])(-[#6](-[#6@](-[#7](-[#6](=[#8])-[#6@](-[#6](-[#6](-[#6](-[#7](-[#6](=[#7]-[#1])-[#7](-[#1])-[#1])-[#1])(-[#1])-[#1])(-[#1])-[#1])(-[#1])-[#1])(-[#7](-[#6](=[#8])-[#6@](-[#6](-[#6](-[#6](-[#1])(-[#1])-[#1])(-[#6](-[#1])(-[#1])-[#1])-[#1])(-[#1])-[#1])(-[#7](-[#6](=[#8])-[#6@@](-[#7](-[#1])-[#1])(-[#6](-[#6](-[#6](=[#8])-[#8]-[#1])(-[#1])-[#1])(-[#1])-[#1])-[#1])-[#1])-[#1])-[#1])-[#1])-[#1])(-[#6](=[#8])-[#7](-[#6@@](-[#6](-[#6]1:[#6](:[#6](:[#6](-[#8]-[#1]):[#6](:[#6]:1-[#1])-[#1])-[#1])-[#1])(-[#1])-[#1])(-[#6](=[#8])-[#7](-[#6@@](-[#6](-[#6](-[#6](-[#7](-[#6](=[#7]-[#1])-[#7](-[#1])-[#1])-[#1])(-[#1])-[#1])(-[#1])-[#1])(-[#1])-[#1])(-[#6](=[#8])-[#7:60](-[#6@@:61])-[#1])-[#1])-[#1])-[#1])-[#1])-[#1])(-[#1])-[#1])-[#1])(-[#1])(-[#1])-[#1]>>[#7:60](-[#6@@:61])(-[#1])-[#1],"EVODEX.2.1-P5191,EVODEX.2.1-P5193,EVODEX.2.1-P5194,EVODEX.2.1-P5195,EVODEX.2.1-P5196"
EVODEX.2.1-D1123,[#6:38](-[#6@@:33])(=[#8:39])-[#7](-[#6@@](-[#6](-[#6]1:[#6](:[#6](:[#6](:[#6](:[#6]:1-[#1])-[#1])-[#1])-[#1])-[#1])(-[#1])-[#1])(-[#6](=[#8])-[#7](-[#6@@](-[#6](-[#8]-[#1])(-[#1])-[#1])(-[#6](=[#8])-[#7](-[#6@@](-[#6](-[#6](-[#6](-[#7](-[#6](=[#7]-[#1])-[#7](-[#1])-[#1])-[#1])(-[#1])-[#1])(-[#1])-[#1])(-[#1])-[#1])(-[#6](=[#8])-[#7](-[#6@@](-[#6](-[#6](-[#6](-[#7](-[#1])-[#1])=[#8])(-[#1])-[#1])(-[#1])-[#1])(-[#6](=[#8])-[#7](-[#6](-[#6](-[#7](-[#6]1:[#6](:[#6](:[#6](-[#7&+](=[#8])-[#8&-]):[#6](:[#6]:1-[#7&+](=[#8])-[#8&-])-[#1])-[#1])-[#1])-[#1])(-[#1])-[#1])(-[#1])-[#1])-[#1])-[#1])-[#1])-[#1])-[#1])-[#1])-[#1])-[#1])-[#1]>>[#6:38](-[#6@@:33])(=[#8:39])-[#8]-[#1],"EVODEX.2.1-P5199,EVODEX.2.1-P5203,EVODEX.2.1-P5205,EVODEX.2.1-P5206,EVODEX.2.1-P5215"
EVODEX.2.1-D1124,[#6](-[#6](-[#6@](-[#6](-[#1])(-[#1])-[#1])(-[#6@](-[#7](-[#6](=[#8])-[#6@](-[#6](-[#1])(-[#1])-[#1])(-[#7](-[#6](=[#8])-[#6]1:[#6](:[#6](:[#6](:[#6](:[#6]:1-[#7](-[#1])-[#1])-[#1])-[#1])-[#1])-[#1])-[#1])-[#1])-[#1])(-[#6](=[#8])-[#7](-[#6@@](-[#6](-[#6](-[#6](-[#6](-[#7](-[#1])-[#1])(-[#1])-[#1])(-[#1])-[#1])(-[#1])-[#1])(-[#1])-[#1])(-[#6](=[#8])-[#7](-[#6@@](-[#6](-[#6]1:[#6](:[#6](:[#6](:[#6](:[#6]:1-[#1])-[#1])-[#1])-[#1])-[#1])(-[#1])-[#1])(-[#6](=[#8])-[#7:43](-[#6@@:44])-[#1])-[#1])-[#1])-[#1])-[#1])-[#1])-[#1])(-[#1])-[#1])(-[#1])(-[#1])-[#1]>>[#7:43](-[#6@@:44])(-[#1])-[#1],"EVODEX.2.1-P5200,EVODEX.2.1-P5209,EVODEX.2.1-P5210,EVODEX.2.1-P5211,EVODEX.2.1-P5212"
EVODEX.2.1-D1127,[#6:41](-[#6@@:33])(=[#8:42])-[#7](-[#6@@](-[#6](-[#6]1:[#6](:[#6](:[#6](:[#6](:[#6]:1-[#1])-[#1])-[#1])-[#1])-[#1])(-[#1])-[#1])(-[#6](=[#8])-[#7](-[#6@@](-[#6](-[#8]-[#1])(-[#1])-[#1])(-[#6](=[#8])-[#7](-[#6@@](-[#6](-[#6](-[#6](-[#6](-[#7](-[#1])-[#1])(-[#1])-[#1])(-[#1])-[#1])(-[#1])-[#1])(-[#1])-[#1])(-[#6](=[#8])-[#7](-[#6@@](-[#6](-[#6](-[#6](-[#7](-[#1])-[#1])=[#8])(-[#1])-[#1])(-[#1])-[#1])(-[#6](=[#8])-[#7](-[#6](-[#6](-[#7](-[#6]1:[#6](:[#6](:[#6](-[#7&+](=[#8])-[#8&-]):[#6](:[#6]:1-[#7&+](=[#8])-[#8&-])-[#1])-[#1])-[#1])-[#1])(-[#1])-[#1])(-[#1])-[#1])-[#1])-[#1])-[#1])-[#1])-[#1])-[#1])-[#1])-[#1])-[#1]>>[#6:41](-[#6@@:33])(=[#8:42])-[#8]-[#1],"EVODEX.2.1-P5214,EVODEX.2.1-P5266,EVODEX.2.1-P5268,EVODEX.2.1-P5270,EVODEX.2.1-P5273"
EVODEX.2.1-D1129,[#6:24](-[#6@:2])(=[#8:25])-[#7](-[#6@@](-[#6](-[#6]1:[#6](:[#6](:[#6](:[#6](:[#6]:1-[#1])-[#1])-[#1])-[#1])-[#1])(-[#1])-[#1])(-[#6](=[#8])-[#7](-[#6@@](-[#6](-[#6](-[#6](-[#6](-[#7](-[#1])-[#1])(-[#1])-[#1])(-[#1])-[#1])(-[#1])-[#1])(-[#1])-[#1])(-[#6](=[#8])-[#8]-[#6]1:[#6](:[#6](:[#6](-[#7&+](=[#8])-[#8&-]):[#6](:[#6]:1-[#7&+](=[#8])-[#8&-])-[#1])-[#1])-[#1])-[#1])-[#1])-[#1])-[#1]>>[#6:24](-[#6@:2])(=[#8:25])-[#8]-[#1],"EVODEX.2.1-P5218,EVODEX.2.1-P5219,EVODEX.2.1-P5220,EVODEX.2.1-P5224,EVODEX.2.1-P5225"
EVODEX.2.1-D113,[#6:6]-[#6@@:7](-[#6:8])(-[#6:9](=[#8:10])-[#6:11])-[#1:72]>>[#6:6]-[#6@@:7](-[#6:8])(-[#8]-[#6:9](=[#8:10])-[#6:11])-[#1:72],"EVODEX.2.1-P445,EVODEX.2.1-P466,EVODEX.2.1-P491,EVODEX.2.1-P499,EVODEX.2.1-P501"
EVODEX.2.1-D1130,[#7:3](-[#6@:2])(-[#6](=[#8])-[#6@@]1(-[#6](-[#6](-[#6](-[#7]-1-[#6](=[#8])-[#6@](-[#6](-[#8]-[#1])(-[#1])-[#1])(-[#7](-[#6](=[#8])-[#6@](-[#6](-[#6]1:[#6](:[#6](:[#6](:[#6](:[#6]:1-[#1])-[#1])-[#1])-[#1])-[#1])(-[#1])-[#1])(-[#7](-[#6](=[#8])-[#6](-[#7](-[#6](=[#8])-[#6]1:[#6](:[#6](:[#6](:[#6](:[#6]:1-[#7](-[#1])-[#1])-[#1])-[#1])-[#1])-[#1])-[#1])(-[#1])-[#1])-[#1])-[#1])-[#1])-[#1])(-[#1])-[#1])(-[#1])-[#1])(-[#1])-[#1])-[#1])-[#1]>>[#7:3](-[#6@:2])(-[#1])-[#1],"EVODEX.2.1-P5226,EVODEX.2.1-P5227,EVODEX.2.1-P5236,EVODEX.2.1-P5237,EVODEX.2.1-P5238"
EVODEX.2.1-D1132,[#6](-[#6](-[#6](-[#1])(-[#1])-[#1])(-[#6](-[#6@](-[#7](-[#6](=[#8])-[#6@](-[#6](-[#6]1:[#6](:[#6](:[#6](:[#6](:[#6]:1-[#1])-[#1])-[#1])-[#1])-[#1])(-[#1])-[#1])(-[#7](-[#6](=[#8])-[#6](-[#7](-[#6](=[#8])-[#6](-[#7](-[#6](=[#8])-[#6]1:[#6](:[#6](:[#6](:[#6](:[#6]:1-[#7](-[#1])-[#1])-[#1])-[#1])-[#1])-[#1])-[#1])(-[#1])-[#1])-[#1])(-[#1])-[#1])-[#1])-[#1])-[#1])(-[#6](=[#8])-[#7:37](-[#6@@:38])-[#1])-[#1])(-[#1])-[#1])-[#1])(-[#1])(-[#1])-[#1]>>[#7:37](-[#6@@:38])(-[#1])-[#1],"EVODEX.2.1-P5239,EVODEX.2.1-P5240,EVODEX.2.1-P5241,EVODEX.2.1-P5284,EVODEX.2.1-P5294"
EVODEX.2.1-D1134,[#7:25](-[#6@:19])(-[#6](=[#8])-[#6@](-[#6](-[#6](-[#6](-[#7](-[#1])-[#1])=[#8])(-[#1])-[#1])(-[#1])-[#1])(-[#7](-[#6](=[#8])-[#6@](-[#6](-[#1])(-[#1])-[#1])(-[#7](-[#6](=[#8])-[#6@@](-[#7](-[#1])-[#1])(-[#6](-[#8]-[#1])(-[#1])-[#1])-[#1])-[#1])-[#1])-[#1])-[#1])-[#1]>>[#7:25](-[#6@:19])(-[#1])-[#1],"EVODEX.2.1-P5247,EVODEX.2.1-P5248,EVODEX.2.1-P5249,EVODEX.2.1-P5250,EVODEX.2.1-P5251"
EVODEX.2.1-D1135,[#6](-[#6@](-[#7](-[#6](=[#8])-[#6](-[#6](-[#6]1:[#6](:[#6](=[#8]):[#8]:[#6]2:[#6](:[#6](-[#8]-[#1]):[#6](:[#6](:[#6]:1:2)-[#1])-[#1])-[#1])-[#1])(-[#1])-[#1])(-[#1])-[#1])-[#1])(-[#6](=[#8])-[#7:22](-[#6@@:23])-[#1])-[#1])(-[#1])(-[#1])-[#1]>>[#7:22](-[#6@@:23])(-[#1])-[#1],"EVODEX.2.1-P5254,EVODEX.2.1-P5255,EVODEX.2.1-P5256,EVODEX.2.1-P5259,EVODEX.2.1-P5263"
EVODEX.2.1-D1136,[#6:19]-[#7:20](-[#6](=[#8])-[#6@](-[#6](-[#1])(-[#1])-[#1])(-[#7](-[#6](=[#8])-[#6@](-[#6](-[#1])(-[#1])-[#1])(-[#7](-[#6](=[#8])-[#6](-[#6](-[#6]1:[#6](:[#6](=[#8]):[#8]:[#6]2:[#6](:[#6](-[#8]-[#1]):[#6](:[#6](:[#6]:1:2)-[#1])-[#1])-[#1])-[#1])(-[#1])-[#1])(-[#1])-[#1])-[#1])-[#1])-[#1])-[#1])-[#1]>>[#6:19]-[#7:20](-[#1])-[#1],"EVODEX.2.1-P5257,EVODEX.2.1-P5258,EVODEX.2.1-P5260,EVODEX.2.1-P5261,EVODEX.2.1-P5262"
EVODEX.2.1-D1138,[#6](-[#6](-[#6](-[#1])(-[#1])-[#1])(-[#6](-[#6@](-[#7](-[#6:7](=[#8:8])-[#6@:9])-[#1])(-[#6](=[#8])-[#7](-[#6@@](-[#6](-[#6](-[#6](-[#7](-[#6](=[#7]-[#1])-[#7](-[#1])-[#1])-[#1])(-[#1])-[#1])(-[#1])-[#1])(-[#1])-[#1])(-[#6](=[#8])-[#7](-[#6@@](-[#6](-[#6](-[#6](-[#6](-[#7](-[#1])-[#1])(-[#1])-[#1])(-[#1])-[#1])(-[#1])-[#1])(-[#1])-[#1])(-[#6](=[#8])-[#7](-[#6@](-[#6](=[#8])-[#7](-[#6](-[#6](=[#8])-[#7](-[#6@@](-[#6](-[#6](-[#6](-[#7](-[#1])-[#1])=[#8])(-[#1])-[#1])(-[#1])-[#1])(-[#6](=[#8])-[#7](-[#6](-[#6](-[#7](-[#6]1:[#6](:[#6](:[#6](-[#7&+](=[#8])-[#8&-]):[#6](:[#6]:1-[#7&+](=[#8])-[#8&-])-[#1])-[#1])-[#1])-[#1])(-[#1])-[#1])(-[#1])-[#1])-[#1])-[#1])-[#1])(-[#1])-[#1])-[#1])(-[#6](-[#6](-[#1])(-[#1])-[#1])(-[#6](-[#1])(-[#1])-[#1])-[#1])-[#1])-[#1])-[#1])-[#1])-[#1])-[#1])-[#1])(-[#1])-[#1])-[#1])(-[#1])(-[#1])-[#1]>>[#6:7](=[#8:8])(-[#6@:9])-[#8]-[#1],"EVODEX.2.1-P5280,EVODEX.2.1-P5303,EVODEX.2.1-P5304,EVODEX.2.1-P5307,EVODEX.2.1-P5308"
EVODEX.2.1-D1140,[#6:46](-[#6@@:38])(=[#8:47])-[#7](-[#6@@](-[#6](-[#6](-[#6](-[#6](-[#7](-[#1])-[#1])(-[#1])-[#1])(-[#1])-[#1])(-[#1])-[#1])(-[#1])-[#1])(-[#6](=[#8])-[#7](-[#6@](-[#6](=[#8])-[#7](-[#6](-[#6](=[#8])-[#7](-[#6@@](-[#6](-[#6](-[#6](-[#7](-[#1])-[#1])=[#8])(-[#1])-[#1])(-[#1])-[#1])(-[#6](=[#8])-[#7](-[#6](-[#6](-[#7](-[#6]1:[#6](:[#6](:[#6](-[#7&+](=[#8])-[#8&-]):[#6](:[#6]:1-[#7&+](=[#8])-[#8&-])-[#1])-[#1])-[#1])-[#1])(-[#1])-[#1])(-[#1])-[#1])-[#1])-[#1])-[#1])(-[#1])-[#1])-[#1])(-[#6](-[#6](-[#1])(-[#1])-[#1])(-[#6](-[#1])(-[#1])-[#1])-[#1])-[#1])-[#1])-[#1])-[#1]>>[#6:46](-[#6@@:38])(=[#8:47])-[#8]-[#1],"EVODEX.2.1-P5283,EVODEX.2.1-P5298,EVODEX.2.1-P5300,EVODEX.2.1-P5305,EVODEX.2.1-P5310"
EVODEX.2.1-D1141,[#6](-[#6](-[#6](-[#1])(-[#1])-[#1])(-[#6](-[#6@](-[#7](-[#6](=[#8])-[#6@](-[#6](-[#6]1:[#6](:[#6](:[#6](:[#6](:[#6]:1-[#1])-[#1])-[#1])-[#1])-[#1])(-[#1])-[#1])(-[#7](-[#6](=[#8])-[#6](-[#7](-[#6](=[#8])-[#6](-[#7](-[#6](=[#8])-[#6]1:[#6](:[#6](:[#6](:[#6](:[#6]:1-[#7](-[#1])-[#1])-[#1])-[#1])-[#1])-[#1])-[#1])(-[#1])-[#1])-[#1])(-[#1])-[#1])-[#1])-[#1])-[#1])(-[#6](=[#8])-[#7](-[#6@@](-[#6](-[#6](-[#6](-[#7](-[#6](=[#7]-[#1])-[#7](-[#1])-[#1])-[#1])(-[#1])-[#1])(-[#1])-[#1])(-[#1])-[#1])(-[#6](=[#8])-[#7:48](-[#6@@:49])-[#1])-[#1])-[#1])-[#1])(-[#1])-[#1])-[#1])(-[#1])(-[#1])-[#1]>>[#7:48](-[#6@@:49])(-[#1])-[#1],"EVODEX.2.1-P5285,EVODEX.2.1-P5288,EVODEX.2.1-P5289,EVODEX.2.1-P5291,EVODEX.2.1-P5296"
EVODEX.2.1-D1142,[#6](-[#6](-[#6](-[#1])(-[#1])-[#1])(-[#6](-[#6@](-[#7](-[#6](=[#8])-[#6@](-[#6](-[#6]1:[#6](:[#6](:[#6](:[#6](:[#6]:1-[#1])-[#1])-[#1])-[#1])-[#1])(-[#1])-[#1])(-[#7](-[#6](=[#8])-[#6](-[#7](-[#6](=[#8])-[#6](-[#7](-[#6](=[#8])-[#6]1:[#6](:[#6](:[#6](:[#6](:[#6]:1-[#7](-[#1])-[#1])-[#1])-[#1])-[#1])-[#1])-[#1])(-[#1])-[#1])-[#1])(-[#1])-[#1])-[#1])-[#1])-[#1])(-[#6](=[#8])-[#7](-[#6@@](-[#6](-[#6](-[#6](-[#7](-[#6](=[#7]-[#1])-[#7](-[#1])-[#1])-[#1])(-[#1])-[#1])(-[#1])-[#1])(-[#1])-[#1])(-[#6](=[#8])-[#7](-[#6@@](-[#6](-[#6](-[#6](-[#6](-[#7](-[#1])-[#1])(-[#1])-[#1])(-[#1])-[#1])(-[#1])-[#1])(-[#1])-[#1])(-[#6](=[#8])-[#7:57](-[#6@@:58])-[#1])-[#1])-[#1])-[#1])-[#1])-[#1])(-[#1])-[#1])-[#1])(-[#1])(-[#1])-[#1]>>[#7:57](-[#6@@:58])(-[#1])-[#1],"EVODEX.2.1-P5286,EVODEX.2.1-P5287,EVODEX.2.1-P5290,EVODEX.2.1-P5292,EVODEX.2.1-P5295"
EVODEX.2.1-D1145,[#6:4]-[#6:5](=[#8:6])-[#7](-[#8]-[#1])-[#1]>>[#6:4]-[#6:5](=[#8:6])-[#8]-[#1],"EVODEX.2.1-P5328,EVODEX.2.1-P5471,EVODEX.2.1-P5514,EVODEX.2.1-P5518,EVODEX.2.1-P5534"
EVODEX.2.1-D1147,[#6](-[#7](-[#6:3](=[#8:4])-[#6:5])-[#1])(-[#1])(-[#1])-[#1]>>[#6:3](=[#8:4])(-[#6:5])-[#8]-[#1],"EVODEX.2.1-P5330,EVODEX.2.1-P5527,EVODEX.2.1-P5531,EVODEX.2.1-P5533,EVODEX.2.1-P5540"
EVODEX.2.1-D1148,[#6](-[#6](-[#6](-[#6](-[#6](-[#6](-[#6](-[#6](-[#6](-[#6](-[#6](-[#6](=[#8])-[#7:14](-[#6:15])-[#1])(-[#1])-[#1])(-[#1])-[#1])(-[#1])-[#1])(-[#1])-[#1])(-[#1])-[#1])(-[#1])-[#1])(-[#1])-[#1])(-[#1])-[#1])(-[#1])-[#1])(-[#1])-[#1])(-[#1])(-[#1])-[#1]>>[#7:14](-[#6:15])(-[#1])-[#1],"EVODEX.2.1-P5342,EVODEX.2.1-P5408,EVODEX.2.1-P5409,EVODEX.2.1-P5412,EVODEX.2.1-P5415"
EVODEX.2.1-D1150,[#6](-[#6](=[#8])-[#7:4](-[#6@@:5])-[#1])(-[#1])(-[#1])-[#1]>>[#7:4](-[#6@@:5])(-[#1])-[#1],"EVODEX.2.1-P5367,EVODEX.2.1-P5420,EVODEX.2.1-P5425,EVODEX.2.1-P5558,EVODEX.2.1-P5559"
EVODEX.2.1-D1152,[#8:10]=[#6:11](-[#8]-[#1])-[#6:13]>>[#6](-[#6](-[#6](-[#1])(-[#1])-[#1])(-[#6](-[#6@](-[#7](-[#6:11](=[#8:10])-[#6:13])-[#1])(-[#6](=[#8])-[#8]-[#1])-[#1])(-[#1])-[#1])-[#1])(-[#1])(-[#1])-[#1],"EVODEX.2.1-P5427,EVODEX.2.1-P5630,EVODEX.2.1-P6836,EVODEX.2.1-P6907,EVODEX.2.1-P7031"
EVODEX.2.1-D1158,[#6:17]-[#6:18](=[#8:19])-[#8]-[#1]>>[#6:17]-[#6:18](=[#8:19])-[#7](-[#6](-[#6](-[#6](=[#6](-[#6](-[#6](-[#6](-[#6](-[#6](-[#6](-[#6](-[#6](-[#6](-[#6](-[#6](-[#6](-[#6](-[#1])(-[#1])-[#1])(-[#1])-[#1])(-[#1])-[#1])(-[#1])-[#1])(-[#1])-[#1])(-[#1])-[#1])(-[#1])-[#1])(-[#1])-[#1])(-[#1])-[#1])(-[#1])-[#1])(-[#1])-[#1])(-[#1])-[#1])(-[#1])-[#1])-[#1])-[#1])(-[#8]-[#1])-[#1])(-[#6](-[#8]-[#1])(-[#1])-[#1])-[#1])-[#1],"EVODEX.2.1-P5474,EVODEX.2.1-P5486,EVODEX.2.1-P5490,EVODEX.2.1-P5495,EVODEX.2.1-P5498"
EVODEX.2.1-D1161,[#6](-[#6](-[#6](-[#6](-[#6](-[#6](-[#6](-[#6](-[#6](-[#6](-[#6](-[#6](-[#6](/[#6](=[#6](/[#6@@](-[#8]-[#1])(-[#6@](-[#6](-[#8]-[#1])(-[#1])-[#1])(-[#7](-[#6:22](=[#8:23])-[#6:24])-[#1])-[#1])-[#1])-[#1])-[#1])(-[#1])-[#1])(-[#1])-[#1])(-[#1])-[#1])(-[#1])-[#1])(-[#1])-[#1])(-[#1])-[#1])(-[#1])-[#1])(-[#1])-[#1])(-[#1])-[#1])(-[#1])-[#1])(-[#1])-[#1])(-[#1])-[#1])(-[#1])(-[#1])-[#1]>>[#6:22](=[#8:23])(-[#6:24])-[#8]-[#1],"EVODEX.2.1-P5479,EVODEX.2.1-P5485,EVODEX.2.1-P5489,EVODEX.2.1-P5493,EVODEX.2.1-P5497"
EVODEX.2.1-D1162,[#6](-[#6](-[#6](-[#6](-[#6](-[#6](-[#6](-[#6](-[#6](-[#6](-[#6](-[#6](-[#6](-[#6](-[#6](-[#6](-[#6](-[#6](=[#8])-[#7:20](-[#6@@:21])-[#1])(-[#1])-[#1])(-[#1])-[#1])(-[#1])-[#1])(-[#1])-[#1])(-[#1])-[#1])(-[#1])-[#1])(-[#1])-[#1])(-[#1])-[#1])(-[#1])-[#1])(-[#1])-[#1])(-[#1])-[#1])(-[#1])-[#1])(-[#1])-[#1])(-[#1])-[#1])(-[#1])-[#1])(-[#1])-[#1])(-[#1])(-[#1])-[#1]>>[#7:20](-[#6@@:21])(-[#1])-[#1],"EVODEX.2.1-P5481,EVODEX.2.1-P5612,EVODEX.2.1-P5613,EVODEX.2.1-P5617,EVODEX.2.1-P5688"
EVODEX.2.1-D1164,[#6:4]-[#6:5](=[#8:6])-[#7](-[#6](-[#6](-[#16](=[#8])(=[#8])-[#8]-[#1])(-[#1])-[#1])(-[#1])-[#1])-[#1]>>[#6:4]-[#6:5](=[#8:6])-[#8]-[#1],"EVODEX.2.1-P5501,EVODEX.2.1-P5504,EVODEX.2.1-P5506,EVODEX.2.1-P5509,EVODEX.2.1-P5510"
EVODEX.2.1-D1165,[#8:3]=[#6:4](-[#8]-[#1])-[#6:6]>>[#7](-[#8]-[#1])(-[#6:4](=[#8:3])-[#6:6])-[#1],"EVODEX.2.1-P5524,EVODEX.2.1-P6182,EVODEX.2.1-P6183,EVODEX.2.1-P6385,EVODEX.2.1-P6421"
EVODEX.2.1-D1176,[#6:24]-[#6:25](=[#8:26])-[#8]-[#1]>>[#7](-[#6](-[#6](-[#6](-[#6](-[#7](-[#6](-[#6](-[#6](-[#7](-[#6:25](-[#6:24])=[#8:26])-[#1])(-[#1])-[#1])(-[#1])-[#1])(-[#1])-[#1])-[#1])(-[#1])-[#1])(-[#1])-[#1])(-[#1])-[#1])(-[#1])-[#1])(-[#1])-[#1],"EVODEX.2.1-P5624,EVODEX.2.1-P6424,EVODEX.2.1-P6432,EVODEX.2.1-P6435,EVODEX.2.1-P6438"
EVODEX.2.1-D1177,[#6:3]-[#7:4](-[#6](=[#8])-[#1])-[#1]>>[#6:3]-[#7:4](-[#1])-[#1],"EVODEX.2.1-P5635,EVODEX.2.1-P5636,EVODEX.2.1-P5639,EVODEX.2.1-P5652,EVODEX.2.1-P5659"
EVODEX.2.1-D1179,[#6:4]-[#6:5](-[#7:6](-[#6](=[#8])-[#1])-[#1])(-[#6:9]=[#8:10])-[#1:28]>>[#6:4]-[#6@@:5](-[#7:6](-[#1])-[#1])(-[#6:9]=[#8:10])-[#1:28],"EVODEX.2.1-P5640,EVODEX.2.1-P5645,EVODEX.2.1-P5647,EVODEX.2.1-P5654,EVODEX.2.1-P5661"
EVODEX.2.1-D1182,[#8]=[#6](-[#8]-[#1])-[#6](-[#6](-[#6](-[#6](=[#8])-[#7:10](-[#6@@:11])-[#1])(-[#1])-[#1])(-[#1])-[#1])(-[#1])-[#1]>>[#7:10](-[#6@@:11])(-[#1])-[#1],"EVODEX.2.1-P5673,EVODEX.2.1-P5674,EVODEX.2.1-P5675,EVODEX.2.1-P5676,EVODEX.2.1-P5677"
EVODEX.2.1-D1194,[#7](=[#6:2](-[#7:3])-[#1:12])-[#1]>>[#6:2](-[#7:3])(=[#8])-[#1:12],"EVODEX.2.1-P5723,EVODEX.2.1-P5726,EVODEX.2.1-P5728,EVODEX.2.1-P5733,EVODEX.2.1-P5737"
EVODEX.2.1-D1196,[#7:1](=[#6:2](-[#7](-[#1])-[#1])-[#7:4])-[#1]>>[#7:1](-[#6:2](-[#7:4])=[#8])(-[#1])-[#1],"EVODEX.2.1-P5742,EVODEX.2.1-P5748,EVODEX.2.1-P5752,EVODEX.2.1-P5753,EVODEX.2.1-P5754"
EVODEX.2.1-D12,[#7&+:31]1(-[#6@@:30]):[#6:32](:[#6:33](:[#6:34](:[#6:35](-[#6:36]=[#8:38]):[#6:39]:1-[#1:88])-[#1:85])-[#1:84])-[#1:83]>>[#7:31]1(-[#6@@:30])-[#6:32](=[#6:33](-[#6:34](-[#6:35](-[#6:36]=[#8:38])=[#6:39]-1-[#1:88])(-[#1:85])-[#1])-[#1:84])-[#1:83],"EVODEX.2.1-P1008,EVODEX.2.1-P182,EVODEX.2.1-P20,EVODEX.2.1-P754,EVODEX.2.1-P93"
EVODEX.2.1-D120,[#6:5]-[#6:6](=[#8:7])-[#6:8](-[#6:9])(-[#1:68])-[#1:69]>>[#6:5]-[#6:6](=[#8:7])-[#8]-[#6:8](-[#6:9])(-[#1:68])-[#1:69],"EVODEX.2.1-P460,EVODEX.2.1-P497,EVODEX.2.1-P506,EVODEX.2.1-P570,EVODEX.2.1-P571"
EVODEX.2.1-D1201,[#6:4]-[#6:5]#[#7]>>[#6:4]-[#6:5](=[#8])-[#8]-[#1],"EVODEX.2.1-P5771,EVODEX.2.1-P5782,EVODEX.2.1-P5788,EVODEX.2.1-P5808,EVODEX.2.1-P5811"
EVODEX.2.1-D1207,[#7:1]#[#6:2]-[#6:3]>>[#7:1](-[#6:2](-[#6:3])=[#8])(-[#1])-[#1],"EVODEX.2.1-P5797,EVODEX.2.1-P5806,EVODEX.2.1-P5807,EVODEX.2.1-P6099,EVODEX.2.1-P6111"
EVODEX.2.1-D1222,[#6:3]-[#6:4](=[#8:5])-[#6](-[#6](=[#8])-[#6](=[#8])-[#8]-[#1])(-[#1])-[#1]>>[#6:3]-[#6:4](=[#8:5])-[#8]-[#1],"EVODEX.2.1-P5858,EVODEX.2.1-P5861,EVODEX.2.1-P5865,EVODEX.2.1-P5871,EVODEX.2.1-P5873"
EVODEX.2.1-D1228,[#6:4]-[#6:5](-[#17])(-[#1:17])-[#1:18]>>[#6:4]-[#6:5](-[#8]-[#1])(-[#1:17])-[#1:18],"EVODEX.2.1-P5889,EVODEX.2.1-P5892,EVODEX.2.1-P5895,EVODEX.2.1-P5897,EVODEX.2.1-P5900"
EVODEX.2.1-D1231,[#6:4]-[#6:5](=[#8:6])-[#1]>>[#6:4]-[#6:5](=[#8:6])-[#6](-[#8]-[#1])=[#8],"EVODEX.2.1-P5910,EVODEX.2.1-P5912,EVODEX.2.1-P5915,EVODEX.2.1-P5918,EVODEX.2.1-P5922"
EVODEX.2.1-D1242,[#6:7]-[#6:8](-[#6:9])=[#8:10]>>[#6](#[#7])-[#6@:8](-[#6:7])(-[#6:9])-[#8:10]-[#1],"EVODEX.2.1-P5963,EVODEX.2.1-P5975,EVODEX.2.1-P5980,EVODEX.2.1-P6045,EVODEX.2.1-P6054"
EVODEX.2.1-D1244,[#6:11]-[#6:12](=[#8:13])-[#1:33]>>[#6](#[#7])-[#6:12](-[#6:11])(-[#8:13]-[#1])-[#1:33],"EVODEX.2.1-P5965,EVODEX.2.1-P5972,EVODEX.2.1-P5974,EVODEX.2.1-P5979,EVODEX.2.1-P6051"
EVODEX.2.1-D1245,[#6:5]-[#6@@:6](-[#8:7]-[#1])(-[#6]#[#7])-[#6:10]>>[#6:5]-[#6:6](=[#8:7])-[#6:10],"EVODEX.2.1-P5967,EVODEX.2.1-P5976,EVODEX.2.1-P5982,EVODEX.2.1-P5986,EVODEX.2.1-P6047"
EVODEX.2.1-D1247,[#6:7](-[#6@:6])(-[#8:8]-[#1])(-[#6]#[#7])-[#1:21]>>[#6:7](-[#6@:6])(=[#8:8])-[#1:21],"EVODEX.2.1-P5969,EVODEX.2.1-P5971,EVODEX.2.1-P5973,EVODEX.2.1-P5977,EVODEX.2.1-P5990"
EVODEX.2.1-D1249,[#6:3](-[#6@:2])(=[#8:4])-[#1:25]>>[#8:4](-[#6@:3](-[#6@:2])(-[#6@@](-[#6](=[#8])-[#6](-[#8]-[#1])(-[#1])-[#1])(-[#8]-[#1])-[#1])-[#1:25])-[#1],"EVODEX.2.1-P5991,EVODEX.2.1-P5996,EVODEX.2.1-P6000,EVODEX.2.1-P6016,EVODEX.2.1-P6021"
EVODEX.2.1-D1251,[#8:11]=[#6:12](-[#6:13])-[#1:15]>>[#8]=[#6](-[#6@](-[#8]-[#1])(-[#6@:12](-[#8:11]-[#1])(-[#6:13])-[#1:15])-[#1])-[#6](-[#8]-[#15](=[#8])(-[#8]-[#1])-[#8]-[#1])(-[#1])-[#1],"EVODEX.2.1-P5994,EVODEX.2.1-P6003,EVODEX.2.1-P6004,EVODEX.2.1-P6008,EVODEX.2.1-P6012"
EVODEX.2.1-D1253,[#8]=[#6](-[#6](-[#8]-[#1])(-[#1])-[#1])-[#6](-[#8]-[#1])(-[#6:7](-[#8:8]-[#1])(-[#6@:9])-[#1:29])-[#1]>>[#6:7](=[#8:8])(-[#6@:9])-[#1:29],"EVODEX.2.1-P5997,EVODEX.2.1-P5998,EVODEX.2.1-P5999,EVODEX.2.1-P6019,EVODEX.2.1-P6022"
EVODEX.2.1-D1255,[#6:15](-[#6@@:4])(-[#8:16]-[#1])(-[#6](-[#8]-[#1])(-[#6](=[#8])-[#6](-[#8]-[#15](=[#8])(-[#8]-[#1])-[#8]-[#1])(-[#1])-[#1])-[#1])-[#1:41]>>[#6:15](-[#6@@:4])(=[#8:16])-[#1:41],"EVODEX.2.1-P6002,EVODEX.2.1-P6005,EVODEX.2.1-P6006,EVODEX.2.1-P6011,EVODEX.2.1-P6014"
EVODEX.2.1-D1259,[#8]=[#6](-[#6](-[#6@:4](-[#8:5]-[#1])(-[#6@:6])-[#1:17])(-[#1])-[#1])-[#1]>>[#6:4](=[#8:5])(-[#6@:6])-[#1:17],"EVODEX.2.1-P6027,EVODEX.2.1-P6029,EVODEX.2.1-P6031,EVODEX.2.1-P6032,EVODEX.2.1-P6034"
EVODEX.2.1-D1261,[#6:2]-[#6@@:3](-[#8:4]-[#1])(-[#6](-[#7](-[#1])-[#1])(-[#6](=[#8])-[#8]-[#1])-[#1])-[#1:15]>>[#6:2]-[#6:3](=[#8:4])-[#1:15],"EVODEX.2.1-P6037,EVODEX.2.1-P6041,EVODEX.2.1-P6044,EVODEX.2.1-P6055,EVODEX.2.1-P6056"
EVODEX.2.1-D1264,[#6:1]=[#6:2]-[#6:3](-[#6:4](-[#1:20])(-[#1:21])-[#1])(-[#8]-[#1])-[#6:6]>>[#6:1]=[#6:2]-[#6:3](=[#6:4](-[#1:20])-[#1:21])-[#6:6],"EVODEX.2.1-P6078,EVODEX.2.1-P6079,EVODEX.2.1-P6080,EVODEX.2.1-P6116,EVODEX.2.1-P6119"
EVODEX.2.1-D1265,[#6:1]=[#6:2]-[#6:3](=[#6:4](-[#1:13])-[#1:14])-[#6:5]>>[#6:1]=[#6:2]-[#6:3](-[#6:4](-[#1:13])(-[#1:14])-[#1])(-[#6:5])-[#8]-[#1],"EVODEX.2.1-P6081,EVODEX.2.1-P6083,EVODEX.2.1-P6084,EVODEX.2.1-P6086,EVODEX.2.1-P6115"
EVODEX.2.1-D1268,[#6:6](-[#6@@:4])(-[#7:7](-[#1])-[#1])=[#8]>>[#6:6](-[#6@@:4])#[#7:7],"EVODEX.2.1-P6103,EVODEX.2.1-P6104,EVODEX.2.1-P6105,EVODEX.2.1-P6107,EVODEX.2.1-P6110"
EVODEX.2.1-D1272,[#7](-[#6@@](-[#6](-[#16:4](=[#8:5])-[#6:6])(-[#1])-[#1])(-[#6](=[#8])-[#8]-[#1])-[#1])(-[#1])-[#1]>>[#16:4](-[#8:5]-[#1])-[#6:6],"EVODEX.2.1-P6135,EVODEX.2.1-P6138,EVODEX.2.1-P6140,EVODEX.2.1-P6141,EVODEX.2.1-P6142"
EVODEX.2.1-D1319,[#8:80]=[#6:81](-[#8]-[#1])-[#6:83]>>[#6](-[#6](-[#6](-[#1])(-[#1])-[#1])(-[#6](-[#8]-[#15](=[#8])(-[#8]-[#1])-[#8]-[#15](=[#8])(-[#8]-[#1])-[#8]-[#6](-[#6@]1(-[#8]-[#6@@](-[#7]2:[#6](:[#7]:[#6]3:[#6](-[#7](-[#1])-[#1]):[#7]:[#6](:[#7]:[#6]:2:3)-[#1])-[#1])(-[#6@](-[#8]-[#1])(-[#6@@]-1(-[#8]-[#15](=[#8])(-[#8]-[#1])-[#8]-[#1])-[#1])-[#1])-[#1])-[#1])(-[#1])-[#1])(-[#1])-[#1])-[#6@@](-[#8]-[#1])(-[#6](=[#8])-[#7](-[#6](-[#6](-[#6](=[#8])-[#7](-[#6](-[#6](-[#16]-[#6:81](=[#8:80])-[#6:83])(-[#1])-[#1])(-[#1])-[#1])-[#1])(-[#1])-[#1])(-[#1])-[#1])-[#1])-[#1])(-[#1])(-[#1])-[#1],"EVODEX.2.1-P6303,EVODEX.2.1-P6307,EVODEX.2.1-P6311,EVODEX.2.1-P6313,EVODEX.2.1-P6325"
EVODEX.2.1-D1353,[#6:6](-[#6@:4])(=[#8:7])-[#8]-[#1]>>[#6:6](-[#6@:4])(=[#8:7])-[#7](-[#6@@](-[#6](-[#6]1:[#6](:[#7]:[#6](:[#7]:1-[#1])-[#1])-[#1])(-[#1])-[#1])(-[#6](=[#8])-[#8]-[#1])-[#1])-[#1],"EVODEX.2.1-P6453,EVODEX.2.1-P6456,EVODEX.2.1-P6797,EVODEX.2.1-P6920,EVODEX.2.1-P7010"
EVODEX.2.1-D1375,[#7:65](-[#6@:64])(-[#1])-[#1]>>[#6](-[#6](=[#8])-[#7](-[#6@]1(-[#6](-[#8]-[#15](=[#8])(-[#8]-[#1])-[#8]-[#15](=[#8])(-[#8]-[#1])-[#8]-[#6](-[#6@]2(-[#8]-[#6@@](-[#7]3:[#6](:[#6](:[#6](=[#8]):[#7](:[#6]:3=[#8])-[#1])-[#1])-[#1])(-[#6@](-[#8]-[#1])(-[#6@@]-2(-[#8]-[#1])-[#1])-[#1])-[#1])-[#1])(-[#1])-[#1])(-[#8]-[#6@](-[#6](-[#8]-[#1])(-[#1])-[#1])(-[#6@@](-[#8]-[#1])(-[#6@@]-1(-[#8]-[#6@](-[#6](-[#1])(-[#1])-[#1])(-[#6](=[#8])-[#7](-[#6@@](-[#6](-[#1])(-[#1])-[#1])(-[#6](=[#8])-[#7](-[#6@](-[#6](-[#6](-[#6](=[#8])-[#7:65](-[#6@@:64])-[#1])(-[#1])-[#1])(-[#1])-[#1])(-[#6](=[#8])-[#8]-[#1])-[#1])-[#1])-[#1])-[#1])-[#1])-[#1])-[#1])-[#1])-[#1])-[#1])-[#1])(-[#1])(-[#1])-[#1],"EVODEX.2.1-P6510,EVODEX.2.1-P6516,EVODEX.2.1-P6520,EVODEX.2.1-P6525,EVODEX.2.1-P6531"
EVODEX.2.1-D1377,[#6:52]-[#6:53](=[#8:54])-[#8]-[#1]>>[#6:52]-[#6:53](=[#8:54])-[#7](-[#6](-[#6](=[#8])-[#8]-[#1])(-[#1])-[#1])-[#1],"EVODEX.2.1-P6514,EVODEX.2.1-P6702,EVODEX.2.1-P6705,EVODEX.2.1-P6988,EVODEX.2.1-P7066"
EVODEX.2.1-D139,[#8](/[#7:2]=[#6:3](\[#6:4])-[#1])-[#1]>>[#7:2]#[#6:3]-[#6:4],"EVODEX.2.1-P587,EVODEX.2.1-P6148,EVODEX.2.1-P6150,EVODEX.2.1-P6151,EVODEX.2.1-P6153"
EVODEX.2.1-D1396,[#6:39]-[#6:40](=[#8:41])-[#8]-[#1]>>[#6:39]-[#6:40](=[#8:41])-[#7](-[#6@@](-[#6](-[#6](-[#6](=[#8])-[#8]-[#1])(-[#1])-[#1])(-[#1])-[#1])(-[#6](=[#8])-[#8]-[#1])-[#1])-[#1],"EVODEX.2.1-P6553,EVODEX.2.1-P6560,EVODEX.2.1-P6563,EVODEX.2.1-P6567,EVODEX.2.1-P6583"
EVODEX.2.1-D1410,[#6:15](-[#6@@:9])(=[#8:16])-[#8]-[#1]>>[#6](-[#6](-[#6](-[#7](-[#6:15](-[#6@@:9])=[#8:16])-[#1])(-[#6](=[#8])-[#8]-[#1])-[#1])(-[#1])-[#1])(-[#1])(-[#1])-[#1],"EVODEX.2.1-P6605,EVODEX.2.1-P6638,EVODEX.2.1-P6643,EVODEX.2.1-P6689,EVODEX.2.1-P7071"
EVODEX.2.1-D1419,[#6:12]-[#6:13](=[#8:14])-[#8]-[#1]>>[#6](-[#6@](-[#8]-[#1])(-[#6@](-[#7](-[#6:13](-[#6:12])=[#8:14])-[#1])(-[#6](=[#8])-[#8]-[#1])-[#1])-[#1])(-[#1])(-[#1])-[#1],"EVODEX.2.1-P6620,EVODEX.2.1-P6780,EVODEX.2.1-P6852,EVODEX.2.1-P6879,EVODEX.2.1-P6960"
EVODEX.2.1-D1431,[#6:3]-[#6:4](=[#8:5])-[#8]-[#1]>>[#6:3]-[#6:4](=[#8:5])-[#7](-[#6@@](-[#6](-[#16]-[#1])(-[#1])-[#1])(-[#6](=[#8])-[#8]-[#1])-[#1])-[#1],"EVODEX.2.1-P6653,EVODEX.2.1-P6654,EVODEX.2.1-P6955,EVODEX.2.1-P7020,EVODEX.2.1-P7074"
EVODEX.2.1-D1440,[#7:9](-[#6@:8])(-[#1])-[#1]>>[#7:9](-[#6@:8])(-[#6](-[#6@@](-[#7](-[#1])-[#1])(-[#6](-[#6]1:[#6](:[#6](:[#6](-[#8]-[#1]):[#6](:[#6]:1-[#1])-[#1])-[#1])-[#1])(-[#1])-[#1])-[#1])=[#8])-[#1],"EVODEX.2.1-P6674,EVODEX.2.1-P6922,EVODEX.2.1-P6929,EVODEX.2.1-P6933,EVODEX.2.1-P6986"
EVODEX.2.1-D1443,[#7:3](-[#6@@:2])(-[#1])-[#1]>>[#7:3](-[#6@@:2])(-[#6](-[#6@@](-[#7](-[#6](-[#6](-[#6](-[#6@](-[#7](-[#1])-[#1])(-[#6](=[#8])-[#8]-[#1])-[#1])(-[#1])-[#1])(-[#1])-[#1])=[#8])-[#1])(-[#6](-[#16]-[#1])(-[#1])-[#1])-[#1])=[#8])-[#1],"EVODEX.2.1-P6677,EVODEX.2.1-P6680,EVODEX.2.1-P6681,EVODEX.2.1-P6684,EVODEX.2.1-P6686"
EVODEX.2.1-D145,[#7:21]-[#6:22](-[#6:23]=[#8:24])(-[#1:57])-[#1]>>[#7:21]-[#6:22](-[#6:23]=[#8:24])(-[#8]-[#1])-[#1:57],"EVODEX.2.1-P628,EVODEX.2.1-P631,EVODEX.2.1-P635,EVODEX.2.1-P646,EVODEX.2.1-P648"
EVODEX.2.1-D1452,[#6:4](-[#6@@:2])(=[#8:5])-[#8]-[#1]>>[#6:4](-[#6@@:2])(=[#8:5])-[#7](-[#6@](-[#6](-[#8]-[#1])(-[#1])-[#1])(-[#6](=[#8])-[#8]-[#1])-[#1])-[#1],"EVODEX.2.1-P6712,EVODEX.2.1-P6779,EVODEX.2.1-P6815,EVODEX.2.1-P6873,EVODEX.2.1-P7067"
EVODEX.2.1-D1454,[#7:7](-[#6@:8])(-[#1])-[#1]>>[#6](-[#6@@](-[#7](-[#1])-[#1])(-[#6](=[#8])-[#7:7](-[#6@:8])-[#1])-[#1])(-[#1])(-[#1])-[#1],"EVODEX.2.1-P6714,EVODEX.2.1-P6717,EVODEX.2.1-P6724,EVODEX.2.1-P6727,EVODEX.2.1-P6763"
EVODEX.2.1-D1460,[#7:17](-[#6@@:16])(-[#1])-[#1]>>[#7](-[#6](=[#8])-[#6](-[#6](-[#6@@](-[#7](-[#1])-[#1])(-[#6](=[#8])-[#7:17](-[#6@:16])-[#1])-[#1])(-[#1])-[#1])(-[#1])-[#1])(-[#1])-[#1],"EVODEX.2.1-P6730,EVODEX.2.1-P6801,EVODEX.2.1-P6805,EVODEX.2.1-P6808,EVODEX.2.1-P7034"
EVODEX.2.1-D1461,[#6:13](-[#6@@:11])(=[#8:14])-[#8]-[#1]>>[#6](-[#16]-[#6](-[#6](-[#6@@](-[#7](-[#6:13](-[#6@@:11])=[#8:14])-[#1])(-[#6](=[#8])-[#8]-[#1])-[#1])(-[#1])-[#1])(-[#1])-[#1])(-[#1])(-[#1])-[#1],"EVODEX.2.1-P6732,EVODEX.2.1-P6789,EVODEX.2.1-P6841,EVODEX.2.1-P6947,EVODEX.2.1-P6994"
EVODEX.2.1-D1466,[#7:47](-[#6@:46])(-[#1])-[#1]>>[#6](-[#6](=[#8])-[#7](-[#6@]1(-[#6@@](-[#8]-[#15](=[#8])(-[#8]-[#1])-[#8]-[#15](=[#8])(-[#8]-[#1])-[#8]-[#6](-[#6@]2(-[#8]-[#6@@](-[#7]3:[#6](:[#6](:[#6](=[#8]):[#7](:[#6]:3=[#8])-[#1])-[#1])-[#1])(-[#6@](-[#8]-[#1])(-[#6@@]-2(-[#8]-[#1])-[#1])-[#1])-[#1])-[#1])(-[#1])-[#1])(-[#8]-[#6@](-[#6](-[#8]-[#1])(-[#1])-[#1])(-[#6@@](-[#8]-[#1])(-[#6@@]-1(-[#8]-[#6@](-[#6](-[#1])(-[#1])-[#1])(-[#6](=[#8])-[#7:47](-[#6@@:46])-[#1])-[#1])-[#1])-[#1])-[#1])-[#1])-[#1])-[#1])(-[#1])(-[#1])-[#1],"EVODEX.2.1-P6742,EVODEX.2.1-P6746,EVODEX.2.1-P7064,EVODEX.2.1-P7077,EVODEX.2.1-P7082"
EVODEX.2.1-D1473,[#6:20](-[#6@:18])(=[#8:21])-[#8]-[#1]>>[#6](-[#6](-[#6](-[#1])(-[#1])-[#1])(-[#6@](-[#7](-[#6:20](-[#6@:18])=[#8:21])-[#1])(-[#6](=[#8])-[#8]-[#1])-[#1])-[#1])(-[#1])(-[#1])-[#1],"EVODEX.2.1-P6753,EVODEX.2.1-P6849,EVODEX.2.1-P6880,EVODEX.2.1-P6917,EVODEX.2.1-P6936"
EVODEX.2.1-D1486,[#6:16](-[#6@@:11])(=[#8:17])-[#8]-[#1]>>[#6](-[#6](-[#6@](-[#6](-[#1])(-[#1])-[#1])(-[#6@](-[#7](-[#6:16](-[#6@@:11])=[#8:17])-[#1])(-[#6](=[#8])-[#8]-[#1])-[#1])-[#1])(-[#1])-[#1])(-[#1])(-[#1])-[#1],"EVODEX.2.1-P6784,EVODEX.2.1-P6834,EVODEX.2.1-P7054,EVODEX.2.1-P7055,EVODEX.2.1-P7079"
EVODEX.2.1-D1496,[#7:6](-[#6@:5])(-[#1])-[#1]>>[#7:6](-[#6@:5])(-[#6](-[#6@@](-[#7](-[#1])-[#1])(-[#6](-[#6]1:[#6](:[#6](:[#6](:[#6](:[#6]:1-[#1])-[#1])-[#1])-[#1])-[#1])(-[#1])-[#1])-[#1])=[#8])-[#1],"EVODEX.2.1-P6826,EVODEX.2.1-P6829,EVODEX.2.1-P6832,EVODEX.2.1-P6840,EVODEX.2.1-P6844"
EVODEX.2.1-D15,[#6:28](-[#6@:27])(=[#8])-[#8:30]>>[#6:28](-[#6@:27])(-[#8:30])(-[#1])-[#1],"EVODEX.2.1-P24,EVODEX.2.1-P768,EVODEX.2.1-P780,EVODEX.2.1-P781,EVODEX.2.1-P862"
EVODEX.2.1-D1504,[#7:3](-[#6@:2])(-[#1])-[#1]>>[#7:3](-[#6@:2])(-[#6](-[#6@@](-[#7](-[#1])-[#1])(-[#6](-[#6]1:[#6](:[#7](:[#6]2:[#6](:[#6](:[#6](:[#6](:[#6]:1:2)-[#1])-[#1])-[#1])-[#1])-[#1])-[#1])(-[#1])-[#1])-[#1])=[#8])-[#1],"EVODEX.2.1-P6886,EVODEX.2.1-P6892,EVODEX.2.1-P6894,EVODEX.2.1-P6900,EVODEX.2.1-P6906"
EVODEX.2.1-D1515,[#7:6](-[#6@:5])(-[#1])-[#1]>>[#7:6](-[#6@:5])(-[#6](-[#6@](-[#6](-[#6](-[#16]-[#6](-[#1])(-[#1])-[#1])(-[#1])-[#1])(-[#1])-[#1])(-[#7](-[#1])-[#1])-[#1])=[#8])-[#1],"EVODEX.2.1-P6946,EVODEX.2.1-P6950,EVODEX.2.1-P6962,EVODEX.2.1-P7014,EVODEX.2.1-P7016"
EVODEX.2.1-D1523,[#7:1](-[#6@@:2])(-[#1])-[#1]>>[#7:1](-[#6@@:2])(-[#6](-[#6@@](-[#7](-[#1])-[#1])(-[#6](-[#6]1:[#6](:[#7](:[#6](:[#7]:1)-[#1])-[#1])-[#1])(-[#1])-[#1])-[#1])=[#8])-[#1],"EVODEX.2.1-P6983,EVODEX.2.1-P6996,EVODEX.2.1-P7001,EVODEX.2.1-P7007,EVODEX.2.1-P7025"
EVODEX.2.1-D157,[#6:49]-[#6:50](=[#8:51])-[#1]>>[#6](-[#6](-[#6](-[#1])(-[#1])-[#1])(-[#6](-[#8]-[#15](=[#8])(-[#8]-[#1])-[#8]-[#15](=[#8])(-[#8]-[#1])-[#8]-[#6](-[#6@]1(-[#8]-[#6@@](-[#7]2:[#6](:[#7]:[#6]3:[#6](-[#7](-[#1])-[#1]):[#7]:[#6](:[#7]:[#6]:2:3)-[#1])-[#1])(-[#6@](-[#8]-[#1])(-[#6@@]-1(-[#8]-[#15](=[#8])(-[#8]-[#1])-[#8]-[#1])-[#1])-[#1])-[#1])-[#1])(-[#1])-[#1])(-[#1])-[#1])-[#6@@](-[#8]-[#1])(-[#6](=[#8])-[#7](-[#6](-[#6](-[#6](=[#8])-[#7](-[#6](-[#6](-[#16]-[#6:50](-[#6:49])=[#8:51])(-[#1])-[#1])(-[#1])-[#1])-[#1])(-[#1])-[#1])(-[#1])-[#1])-[#1])-[#1])(-[#1])(-[#1])-[#1],"EVODEX.2.1-P714,EVODEX.2.1-P774,EVODEX.2.1-P836,EVODEX.2.1-P840,EVODEX.2.1-P857"
EVODEX.2.1-D16,[#6:6]-[#6@:7](-[#8:8]-[#1])(-[#6:9]=[#6:10])-[#1]>>[#6:6]-[#6:7](=[#8:8])-[#6:9]=[#6:10],"EVODEX.2.1-P25,EVODEX.2.1-P29,EVODEX.2.1-P50,EVODEX.2.1-P65,EVODEX.2.1-P66"
EVODEX.2.1-D164,[#6:1]-[#6:2](=[#8:3])-[#6](=[#8])-[#8]-[#1]>>[#6:1]-[#6:2](=[#8:3])-[#16]-[#6](-[#6](-[#7](-[#6](-[#6](-[#6](-[#7](-[#6](-[#6@@](-[#6](-[#6](-[#1])(-[#1])-[#1])(-[#6](-[#1])(-[#1])-[#1])-[#6](-[#8]-[#15](=[#8])(-[#8]-[#1])-[#8]-[#15](=[#8])(-[#8]-[#1])-[#8]-[#6](-[#6@]1(-[#8]-[#6@@](-[#7]2:[#6](:[#7]:[#6]3:[#6](-[#7](-[#1])-[#1]):[#7]:[#6](:[#7]:[#6]:2:3)-[#1])-[#1])(-[#6@](-[#8]-[#1])(-[#6@@]-1(-[#8]-[#15](=[#8])(-[#8]-[#1])-[#8]-[#1])-[#1])-[#1])-[#1])-[#1])(-[#1])-[#1])(-[#1])-[#1])(-[#8]-[#1])-[#1])=[#8])-[#1])(-[#1])-[#1])(-[#1])-[#1])=[#8])-[#1])(-[#1])-[#1])(-[#1])-[#1],"EVODEX.2.1-P727,EVODEX.2.1-P744,EVODEX.2.1-P769,EVODEX.2.1-P853,EVODEX.2.1-P885"
EVODEX.2.1-D189,[#6:5]/[#6:6](=[#6:7](/[#6:8]=[#8:9])-[#1:77])-[#1:76]>>[#6:5]-[#6:6](-[#6:7](-[#6:8]=[#8:9])(-[#1:77])-[#1])(-[#1:76])-[#1],"EVODEX.2.1-P899,EVODEX.2.1-P900,EVODEX.2.1-P901,EVODEX.2.1-P902,EVODEX.2.1-P904"
EVODEX.2.1-D207,[#6:2]-[#6:3](-[#7](-[#1])-[#1])(-[#6:5])-[#1]>>[#6:2]-[#6:3](-[#6:5])=[#8],"EVODEX.2.1-P2413,EVODEX.2.1-P2493,EVODEX.2.1-P5932,EVODEX.2.1-P942,EVODEX.2.1-P990"
EVODEX.2.1-D21,[#8:45](-[#6:46](-[#6:47])(-[#1:82])-[#1])-[#1]>>[#8:45]=[#6:46](-[#6:47])-[#1:82],"EVODEX.2.1-P139,EVODEX.2.1-P34,EVODEX.2.1-P71,EVODEX.2.1-P77,EVODEX.2.1-P80"
EVODEX.2.1-D216,[#6:54]-[#6:55](=[#8])-[#6:57]=[#8:58]>>[#7](-[#6@:55](-[#6:54])(-[#6:57]=[#8:58])-[#1])(-[#1])-[#1],"EVODEX.2.1-P1125,EVODEX.2.1-P2649,EVODEX.2.1-P2718,EVODEX.2.1-P963,EVODEX.2.1-P969"
EVODEX.2.1-D217,[#7](-[#6:50](-[#8:51])(-[#6:52])-[#1])(-[#1])-[#1]>>[#6:50](-[#8:51])(-[#6:52])=[#8],"EVODEX.2.1-P4338,EVODEX.2.1-P4953,EVODEX.2.1-P5050,EVODEX.2.1-P5561,EVODEX.2.1-P974"
EVODEX.2.1-D222,[#6:1]-[#7:2](-[#6@@](-[#6](-[#1])(-[#1])-[#1])(-[#6](=[#8])-[#8]-[#1])-[#1])-[#1]>>[#6:1]-[#7:2](-[#1])-[#1],"EVODEX.2.1-P1213,EVODEX.2.1-P1226,EVODEX.2.1-P1232,EVODEX.2.1-P1251,EVODEX.2.1-P979"
EVODEX.2.1-D224,[#6:1]-[#6:2](=[#8])-[#6:4]>>[#6:1]-[#6@:2](-[#6:4])(-[#7](-[#1])-[#1])-[#1],"EVODEX.2.1-P1743,EVODEX.2.1-P2412,EVODEX.2.1-P2806,EVODEX.2.1-P2811,EVODEX.2.1-P982"
EVODEX.2.1-D239,[#7](-[#6:2](-[#6:3])(-[#1:18])-[#1])(-[#1])-[#1]>>[#6:2](-[#6:3])(=[#8])-[#1:18],"EVODEX.2.1-P1077,EVODEX.2.1-P1150,EVODEX.2.1-P1171,EVODEX.2.1-P2454,EVODEX.2.1-P2499"
EVODEX.2.1-D249,[#6:6]-[#6:7](=[#8])-[#1:21]>>[#7](-[#6:7](-[#6:6])(-[#1:21])-[#1])(-[#1])-[#1],"EVODEX.2.1-P1160,EVODEX.2.1-P1162,EVODEX.2.1-P1210,EVODEX.2.1-P2694,EVODEX.2.1-P2801"
EVODEX.2.1-D254,[#6](-[#6]1:[#7]:[#6](:[#6](-[#6](-[#8]-[#15](=[#8])(-[#8]-[#1])-[#8]-[#1])(-[#1])-[#1]):[#6](-[#6](-[#7:14](-[#6@@:15])-[#1])(-[#1])-[#1]):[#6]:1-[#8]-[#1])-[#1])(-[#1])(-[#1])-[#1]>>[#7:14](-[#6@@:15])(-[#1])-[#1],"EVODEX.2.1-P1181,EVODEX.2.1-P1187,EVODEX.2.1-P1190,EVODEX.2.1-P1195,EVODEX.2.1-P1207"
EVODEX.2.1-D259,[#7:56](-[#6@:55])(-[#1])-[#1]>>[#6](-[#6@](-[#6](=[#8])-[#8]-[#1])(-[#7:56](-[#6@@:55])-[#1])-[#1])(-[#1])(-[#1])-[#1],"EVODEX.2.1-P1215,EVODEX.2.1-P1217,EVODEX.2.1-P1224,EVODEX.2.1-P1231,EVODEX.2.1-P1259"
EVODEX.2.1-D268,[#6:9]-[#7:10](-[#6](=[#8])-[#1])-[#6:13]1:[#6:14]:[#6:15]:[#6:16](-[#6:17]=[#8:18]):[#6:56]:[#6:57]:1>>[#6:9]-[#7:10](-[#6:13]1:[#6:14]:[#6:15]:[#6:16](-[#6:17]=[#8:18]):[#6:56]:[#6:57]:1)-[#1],"EVODEX.2.1-P1272,EVODEX.2.1-P1458,EVODEX.2.1-P1459,EVODEX.2.1-P1462,EVODEX.2.1-P1463"
EVODEX.2.1-D270,[#6](-[#7:2](-[#6:3])-[#1])(-[#1])(-[#1])-[#1]>>[#7:2](-[#6:3])(-[#1])-[#1],"EVODEX.2.1-P1276,EVODEX.2.1-P1295,EVODEX.2.1-P1298,EVODEX.2.1-P1305,EVODEX.2.1-P1378"
EVODEX.2.1-D272,[#7:5](-[#6@:4])(-[#1])-[#1]>>[#6](-[#7:5](-[#6@@:4])-[#1])(-[#1])(-[#1])-[#1],"EVODEX.2.1-P1280,EVODEX.2.1-P1346,EVODEX.2.1-P1377,EVODEX.2.1-P1389,EVODEX.2.1-P1398"
EVODEX.2.1-D276,[#8:81](-[#6@@:80])-[#1]>>[#15](=[#8])(-[#8]-[#1])(-[#8]-[#6](-[#6@]1(-[#8]-[#6@@](-[#7]2:[#6](:[#7]:[#6]3:[#6](-[#7](-[#1])-[#1]):[#7]:[#6](:[#7]:[#6]:2:3)-[#1])-[#1])(-[#6@](-[#8]-[#1])(-[#6@@]-1(-[#8]-[#1])-[#1])-[#1])-[#1])-[#1])(-[#1])-[#1])-[#8:81]-[#6@@:80],"EVODEX.2.1-P1314,EVODEX.2.1-P3233,EVODEX.2.1-P3235,EVODEX.2.1-P3237,EVODEX.2.1-P3239"
EVODEX.2.1-D281,[#6](-[#16&+:2](-[#6:3])-[#6:10])(-[#1])(-[#1])-[#1]>>[#16:2](-[#6:3])-[#6:10],"EVODEX.2.1-P1332,EVODEX.2.1-P1393,EVODEX.2.1-P1394,EVODEX.2.1-P1407,EVODEX.2.1-P1452"
EVODEX.2.1-D283,[#6:30]-[#16:31]-[#1]>>[#6](-[#16:31]-[#6:30])(-[#1])(-[#1])-[#1],"EVODEX.2.1-P1334,EVODEX.2.1-P1413,EVODEX.2.1-P1443,EVODEX.2.1-P1446,EVODEX.2.1-P1450"
EVODEX.2.1-D285,[#6:25](=[#8:26])-[#8:27]-[#1]>>[#6:25](=[#8:26])-[#8:27]-[#6](-[#1])(-[#1])-[#1],"EVODEX.2.1-P1336,EVODEX.2.1-P1340,EVODEX.2.1-P1343,EVODEX.2.1-P1344,EVODEX.2.1-P3613"
EVODEX.2.1-D288,[#7:9](-[#6@@:8])(-[#6:10])-[#1]>>[#7:9](-[#6@@:8])(-[#6](-[#1])(-[#1])-[#1])-[#6:10],"EVODEX.2.1-P1348,EVODEX.2.1-P1367,EVODEX.2.1-P1401,EVODEX.2.1-P1432,EVODEX.2.1-P1434"
EVODEX.2.1-D291,[#6:38]-[#16:39]-[#6:40]>>[#6](-[#16&+:39](-[#6:38])-[#6:40])(-[#1])(-[#1])-[#1],"EVODEX.2.1-P1351,EVODEX.2.1-P1395,EVODEX.2.1-P1453,EVODEX.2.1-P1454,EVODEX.2.1-P1455"
EVODEX.2.1-D293,[#6:3]1:[#6:4]:[#6:5]:[#6:6]:[#6:7]:[#6:8]:1-[#8:9]-[#1]>>[#6:3]1:[#6:4]:[#6:5]:[#6:6]:[#6:7]:[#6:8]:1-[#8:9]-[#6](-[#1])(-[#1])-[#1],"EVODEX.2.1-P1353,EVODEX.2.1-P1357,EVODEX.2.1-P1359,EVODEX.2.1-P1361,EVODEX.2.1-P1438"
EVODEX.2.1-D3,[#6:1]-[#6:2](=[#8:3])-[#6:4]1:[#6:5]:[#6:6]:[#6:7]:[#6:8]:[#6:9]:1>>[#6:1]-[#6:2](-[#8:3]-[#1])(-[#6:4]1:[#6:5]:[#6:6]:[#6:7]:[#6:8]:[#6:9]:1)-[#1],"EVODEX.2.1-P27,EVODEX.2.1-P3,EVODEX.2.1-P4,EVODEX.2.1-P7,EVODEX.2.1-P8"
EVODEX.2.1-D302,[#6:38]-[#8:41]-[#1]>>[#6:38]-[#8:41]-[#6](-[#1])(-[#1])-[#1],"EVODEX.2.1-P1382,EVODEX.2.1-P1416,EVODEX.2.1-P1437,EVODEX.2.1-P2024,EVODEX.2.1-P2129"
EVODEX.2.1-D310,[#7:35](-[#6@:36])(-[#1])-[#1]>>[#6](=[#8])(-[#7:35](-[#6@:36])-[#1])-[#1],"EVODEX.2.1-P1456,EVODEX.2.1-P1457,EVODEX.2.1-P1461,EVODEX.2.1-P5632,EVODEX.2.1-P5633"
EVODEX.2.1-D311,[#6:2](=[#8:3])-[#8:4]-[#1]>>[#6:2](=[#8:3])-[#8:4]-[#15](=[#8])(-[#8]-[#1])-[#8]-[#1],"EVODEX.2.1-P1460,EVODEX.2.1-P3057,EVODEX.2.1-P3066,EVODEX.2.1-P3072,EVODEX.2.1-P3074"
EVODEX.2.1-D315,[#7:9](-[#6:10])(-[#1])-[#1]>>[#7](-[#6](=[#8])-[#7:9](-[#6:10])-[#1])(-[#1])-[#1],"EVODEX.2.1-P1468,EVODEX.2.1-P1470,EVODEX.2.1-P1473,EVODEX.2.1-P1477,EVODEX.2.1-P1478"
EVODEX.2.1-D316,[#7](-[#6](=[#8])-[#7:4](-[#6:5])-[#1])(-[#1])-[#1]>>[#7:4](-[#6:5])(-[#1])-[#1],"EVODEX.2.1-P1469,EVODEX.2.1-P5576,EVODEX.2.1-P5585,EVODEX.2.1-P5620,EVODEX.2.1-P5760"
EVODEX.2.1-D318,[#7](=[#6](-[#7](-[#1])-[#1])-[#7:4](-[#6:5])-[#1])-[#1]>>[#7:4](-[#6:5])(-[#1])-[#1],"EVODEX.2.1-P1482,EVODEX.2.1-P4853,EVODEX.2.1-P4975,EVODEX.2.1-P5756,EVODEX.2.1-P5759"
EVODEX.2.1-D319,[#7:13](-[#6:14])(-[#1])-[#1]>>[#7](=[#6](-[#7](-[#1])-[#1])-[#7:13](-[#6:14])-[#1])-[#1],"EVODEX.2.1-P1484,EVODEX.2.1-P1485,EVODEX.2.1-P1487,EVODEX.2.1-P1488,EVODEX.2.1-P5098"
EVODEX.2.1-D32,[#6](-[#6](-[#6](-[#1])(-[#1])-[#1])(-[#6](-[#8]-[#15](=[#8])(-[#8]-[#1])-[#8]-[#15](=[#8])(-[#8]-[#1])-[#8]-[#6](-[#6@]1(-[#8]-[#6@@](-[#7]2:[#6](:[#7]:[#6]3:[#6](-[#7](-[#1])-[#1]):[#7]:[#6](:[#7]:[#6]:2:3)-[#1])-[#1])(-[#6@](-[#8]-[#1])(-[#6@@]-1(-[#8]-[#15](=[#8])(-[#8]-[#1])-[#8]-[#1])-[#1])-[#1])-[#1])-[#1])(-[#1])-[#1])(-[#1])-[#1])-[#6@@](-[#8]-[#1])(-[#6](=[#8])-[#7](-[#6](-[#6](-[#6](=[#8])-[#7](-[#6](-[#6](-[#16]-[#6:49](=[#8:50])-[#6:51])(-[#1])-[#1])(-[#1])-[#1])-[#1])(-[#1])-[#1])(-[#1])-[#1])-[#1])-[#1])(-[#1])(-[#1])-[#1]>>[#6:49](-[#8:50]-[#1])(-[#6:51])(-[#1])-[#1],"EVODEX.2.1-P724,EVODEX.2.1-P81,EVODEX.2.1-P834,EVODEX.2.1-P863,EVODEX.2.1-P867"
EVODEX.2.1-D323,[#8:8]=[#6:9](-[#6:10])-[#1:21]>>[#6](=[#8])(-[#6](-[#8]-[#1])(-[#1])-[#1])-[#6@@:9](-[#8:8]-[#1])(-[#6:10])-[#1:21],"EVODEX.2.1-P1494,EVODEX.2.1-P1495,EVODEX.2.1-P1497,EVODEX.2.1-P1500,EVODEX.2.1-P1503"
EVODEX.2.1-D325,[#6:2]-[#6:4](=[#8:5])-[#6](=[#8])-[#8]-[#1]>>[#6:2]-[#6:4](=[#8:5])-[#1],"EVODEX.2.1-P1511,EVODEX.2.1-P5908,EVODEX.2.1-P5916,EVODEX.2.1-P5919,EVODEX.2.1-P5950"
EVODEX.2.1-D327,[#8:9]=[#6:10](-[#6:11])-[#1:22]>>[#7](-[#6@](-[#6](=[#8])-[#8]-[#1])(-[#6@:10](-[#8:9]-[#1])(-[#6:11])-[#1:22])-[#1])(-[#1])-[#1],"EVODEX.2.1-P1514,EVODEX.2.1-P1515,EVODEX.2.1-P1516,EVODEX.2.1-P6026,EVODEX.2.1-P6058"
EVODEX.2.1-D328,[#7:53](-[#6@@:54])(-[#1])-[#1]>>[#6](-[#6](-[#6](=[#8])-[#7:53](-[#6@@:54])-[#1])(-[#1])-[#1])(-[#1])(-[#1])-[#1],"EVODEX.2.1-P1519,EVODEX.2.1-P1609,EVODEX.2.1-P1627,EVODEX.2.1-P1730,EVODEX.2.1-P5541"
EVODEX.2.1-D330,[#6:65]-[#8:66]-[#1]>>[#6](-[#8]-[#6]1:[#6](:[#6](/[#6](=[#6](/[#6](=[#8])-[#8:66]-[#6:65])-[#1])-[#1]):[#6](:[#6](:[#6]:1-[#8]-[#1])-[#1])-[#1])-[#1])(-[#1])(-[#1])-[#1],"EVODEX.2.1-P1521,EVODEX.2.1-P1651,EVODEX.2.1-P1652,EVODEX.2.1-P1655,EVODEX.2.1-P3674"
EVODEX.2.1-D331,[#6:64]-[#8:65]-[#1]>>[#6](=[#8])(/[#6](=[#6](/[#6]1:[#6](:[#6](:[#6](-[#8]-[#1]):[#6](-[#8]-[#1]):[#6]:1-[#1])-[#1])-[#1])-[#1])-[#1])-[#8:65]-[#6:64],"EVODEX.2.1-P1522,EVODEX.2.1-P1566,EVODEX.2.1-P1594,EVODEX.2.1-P1696,EVODEX.2.1-P3670"
EVODEX.2.1-D334,[#7:62](-[#6:63])(-[#1])-[#1]>>[#6](-[#8]-[#6]1:[#6](:[#6](/[#6](=[#6](/[#6](=[#8])-[#7:62](-[#6:63])-[#1])-[#1])-[#1]):[#6](:[#6](:[#6]:1-[#8]-[#1])-[#1])-[#1])-[#1])(-[#1])(-[#1])-[#1],"EVODEX.2.1-P1525,EVODEX.2.1-P1529,EVODEX.2.1-P1532,EVODEX.2.1-P1576,EVODEX.2.1-P1781"
EVODEX.2.1-D336,[#7:61](-[#6:62])(-[#1])-[#1]>>[#6](=[#8])(/[#6](=[#6](/[#6]1:[#6](:[#6](:[#6](-[#8]-[#1]):[#6](-[#8]-[#1]):[#6]:1-[#1])-[#1])-[#1])-[#1])-[#1])-[#7:61](-[#6:62])-[#1],"EVODEX.2.1-P1527,EVODEX.2.1-P1535,EVODEX.2.1-P1536,EVODEX.2.1-P1571,EVODEX.2.1-P1574"
EVODEX.2.1-D338,[#6:87]-[#8:88]-[#1]>>[#6](=[#8])(-[#6](-[#6](=[#8])-[#8]-[#1])(-[#1])-[#1])-[#8:88]-[#6:87],"EVODEX.2.1-P1537,EVODEX.2.1-P1538,EVODEX.2.1-P1622,EVODEX.2.1-P1623,EVODEX.2.1-P1692"
EVODEX.2.1-D346,[#6:61]-[#7:62](-[#1])-[#1]>>[#6](=[#8])(-[#6]1:[#6](:[#6](:[#6](:[#6](:[#6]:1-[#1])-[#1])-[#1])-[#1])-[#1])-[#7:62](-[#6:61])-[#1],"EVODEX.2.1-P1554,EVODEX.2.1-P1556,EVODEX.2.1-P1786,EVODEX.2.1-P5628,EVODEX.2.1-P5629"
EVODEX.2.1-D347,[#6:4]-[#6:5](=[#8:6])-[#16]-[#6](-[#6](-[#7](-[#6](=[#8])-[#6](-[#6](-[#7](-[#6](=[#8])-[#6@](-[#8]-[#1])(-[#6](-[#6](-[#1])(-[#1])-[#1])(-[#6](-[#1])(-[#1])-[#1])-[#6](-[#8]-[#15](=[#8])(-[#8]-[#1])-[#8]-[#15](=[#8])(-[#8]-[#1])-[#8]-[#6](-[#6@]1(-[#8]-[#6@@](-[#7]2:[#6](:[#7]:[#6]3:[#6](-[#7](-[#1])-[#1]):[#7]:[#6](:[#7]:[#6]:2:3)-[#1])-[#1])(-[#6@](-[#8]-[#1])(-[#6@@]-1(-[#8]-[#15](=[#8])(-[#8]-[#1])-[#8]-[#1])-[#1])-[#1])-[#1])-[#1])(-[#1])-[#1])(-[#1])-[#1])-[#1])-[#1])(-[#1])-[#1])(-[#1])-[#1])-[#1])(-[#1])-[#1])(-[#1])-[#1]>>[#6:4]-[#6:5](=[#8:6])-[#7](-[#6](-[#6](=[#8])-[#8]-[#1])(-[#1])-[#1])-[#1],"EVODEX.2.1-P1557,EVODEX.2.1-P1558,EVODEX.2.1-P1676,EVODEX.2.1-P1782,EVODEX.2.1-P1788"
EVODEX.2.1-D348,[#8:68](-[#6@@:67])-[#1]>>[#6](-[#8]-[#6]1:[#6](:[#6](/[#6](=[#6](/[#6](=[#8])-[#8:68]-[#6@:67])-[#1])-[#1]):[#6](:[#6](-[#8]-[#6](-[#1])(-[#1])-[#1]):[#6]:1-[#8]-[#1])-[#1])-[#1])(-[#1])(-[#1])-[#1],"EVODEX.2.1-P1559,EVODEX.2.1-P1582,EVODEX.2.1-P1853,EVODEX.2.1-P1854,EVODEX.2.1-P3672"
EVODEX.2.1-D349,[#8:70](-[#6@:69])-[#1]>>[#6](=[#8])(/[#6](=[#6](/[#6]1:[#6](:[#6](:[#6](-[#8]-[#1]):[#6](:[#6]:1-[#1])-[#1])-[#1])-[#1])-[#1])-[#1])-[#8:70]-[#6@:69],"EVODEX.2.1-P1563,EVODEX.2.1-P1580,EVODEX.2.1-P1694,EVODEX.2.1-P1698,EVODEX.2.1-P3671"
EVODEX.2.1-D350,[#6](-[#8]-[#6]1:[#6](:[#6](/[#6](=[#6](/[#6](=[#8])-[#8:58]-[#6@@:59])-[#1])-[#1]):[#6](:[#6](:[#6]:1-[#8]-[#1])-[#1])-[#1])-[#1])(-[#1])(-[#1])-[#1]>>[#8:58](-[#6@@:59])-[#1],"EVODEX.2.1-P1567,EVODEX.2.1-P3665,EVODEX.2.1-P3667,EVODEX.2.1-P3669,EVODEX.2.1-P3676"
EVODEX.2.1-D351,[#7:64](-[#6@:63])(-[#1])-[#1]>>[#6](=[#8])(-[#6](-[#6]1:[#6](:[#6](:[#6](:[#6](:[#6]:1-[#1])-[#1])-[#1])-[#1])-[#1])(-[#1])-[#1])-[#7:64](-[#6@@:63])-[#1],"EVODEX.2.1-P1577,EVODEX.2.1-P5338,EVODEX.2.1-P5340,EVODEX.2.1-P5348,EVODEX.2.1-P5360"
EVODEX.2.1-D352,[#6:42]-[#8:43]-[#1]>>[#6:42]-[#8:43]-[#6](-[#6](-[#6](-[#6](-[#6](-[#6](-[#6](-[#6](-[#6](-[#6](-[#6](-[#6](-[#6](-[#6](-[#6](-[#6](-[#1])(-[#1])-[#1])(-[#1])-[#1])(-[#1])-[#1])(-[#1])-[#1])(-[#1])-[#1])(-[#1])-[#1])(-[#1])-[#1])(-[#1])-[#1])(-[#1])-[#1])(-[#1])-[#1])(-[#1])-[#1])(-[#1])-[#1])(-[#1])-[#1])(-[#1])-[#1])(-[#1])-[#1])=[#8],"EVODEX.2.1-P1584,EVODEX.2.1-P1717,EVODEX.2.1-P1718,EVODEX.2.1-P1763,EVODEX.2.1-P1817"
EVODEX.2.1-D353,[#6](-[#6](-[#6](-[#6](-[#6](-[#6](-[#6](-[#6](-[#6](-[#6](-[#6](-[#6](-[#6](-[#6](-[#6](-[#6](=[#8])-[#8:66]-[#6:67])(-[#1])-[#1])(-[#1])-[#1])(-[#1])-[#1])(-[#1])-[#1])(-[#1])-[#1])(-[#1])-[#1])(-[#1])-[#1])(-[#1])-[#1])(-[#1])-[#1])(-[#1])-[#1])(-[#1])-[#1])(-[#1])-[#1])(-[#1])-[#1])(-[#1])-[#1])(-[#1])(-[#1])-[#1]>>[#8:66](-[#6:67])-[#1],"EVODEX.2.1-P1586,EVODEX.2.1-P1789,EVODEX.2.1-P3409,EVODEX.2.1-P3589,EVODEX.2.1-P3637"
EVODEX.2.1-D354,[#6:17]-[#6:18](=[#8:19])-[#16]-[#6](-[#6](-[#7](-[#6](=[#8])-[#6](-[#6](-[#7](-[#6](=[#8])-[#6@](-[#8]-[#1])(-[#6](-[#6](-[#1])(-[#1])-[#1])(-[#6](-[#1])(-[#1])-[#1])-[#6](-[#8]-[#15](=[#8])(-[#8]-[#1])-[#8]-[#15](=[#8])(-[#8]-[#1])-[#8]-[#6](-[#6@]1(-[#8]-[#6@@](-[#7]2:[#6](:[#7]:[#6]3:[#6](-[#7](-[#1])-[#1]):[#7]:[#6](:[#7]:[#6]:2:3)-[#1])-[#1])(-[#6@](-[#8]-[#1])(-[#6@@]-1(-[#8]-[#15](=[#8])(-[#8]-[#1])-[#8]-[#1])-[#1])-[#1])-[#1])-[#1])(-[#1])-[#1])(-[#1])-[#1])-[#1])-[#1])(-[#1])-[#1])(-[#1])-[#1])-[#1])(-[#1])-[#1])(-[#1])-[#1]>>[#6:17]-[#6:18](=[#8:19])-[#8]-[#6](-[#6@](-[#6](-[#8]-[#15](=[#8])(-[#8]-[#1])-[#8]-[#1])(-[#1])-[#1])(-[#8]-[#1])-[#1])(-[#1])-[#1],"EVODEX.2.1-P1587,EVODEX.2.1-P1588,EVODEX.2.1-P1589,EVODEX.2.1-P1592,EVODEX.2.1-P1731"
EVODEX.2.1-D362,[#6:23]-[#8:24]-[#1]>>[#6:23]-[#8:24]-[#6](=[#8])-[#6](-[#6](-[#6](-[#6](-[#6](-[#6](-[#6](/[#6](=[#6](\[#6](-[#6](-[#6](-[#6](-[#6](-[#6](-[#6](-[#6](-[#1])(-[#1])-[#1])(-[#1])-[#1])(-[#1])-[#1])(-[#1])-[#1])(-[#1])-[#1])(-[#1])-[#1])(-[#1])-[#1])(-[#1])-[#1])-[#1])-[#1])(-[#1])-[#1])(-[#1])-[#1])(-[#1])-[#1])(-[#1])-[#1])(-[#1])-[#1])(-[#1])-[#1])(-[#1])-[#1],"EVODEX.2.1-P1610,EVODEX.2.1-P1690,EVODEX.2.1-P1700,EVODEX.2.1-P1711,EVODEX.2.1-P1794"
EVODEX.2.1-D363,[#6](-[#6](-[#6](-[#6](-[#6](-[#6](-[#6](-[#6](/[#6](=[#6](\[#6](-[#6](-[#6](-[#6](-[#6](-[#6](-[#6](-[#6](=[#8])-[#8:64]-[#6:65])(-[#1])-[#1])(-[#1])-[#1])(-[#1])-[#1])(-[#1])-[#1])(-[#1])-[#1])(-[#1])-[#1])(-[#1])-[#1])-[#1])-[#1])(-[#1])-[#1])(-[#1])-[#1])(-[#1])-[#1])(-[#1])-[#1])(-[#1])-[#1])(-[#1])-[#1])(-[#1])-[#1])(-[#1])(-[#1])-[#1]>>[#8:64](-[#6:65])-[#1],"EVODEX.2.1-P1613,EVODEX.2.1-P1764,EVODEX.2.1-P3511,EVODEX.2.1-P3515,EVODEX.2.1-P3562"
EVODEX.2.1-D365,[#6:5]-[#6:6](=[#8:7])-[#16]-[#6](-[#6](-[#7](-[#6](=[#8])-[#6](-[#6](-[#7](-[#6](=[#8])-[#6@](-[#8]-[#1])(-[#6](-[#6](-[#1])(-[#1])-[#1])(-[#6](-[#1])(-[#1])-[#1])-[#6](-[#8]-[#15](=[#8])(-[#8]-[#1])-[#8]-[#15](=[#8])(-[#8]-[#1])-[#8]-[#6](-[#6@]1(-[#8]-[#6@@](-[#7]2:[#6](:[#7]:[#6]3:[#6](-[#7](-[#1])-[#1]):[#7]:[#6](:[#7]:[#6]:2:3)-[#1])-[#1])(-[#6@](-[#8]-[#1])(-[#6@@]-1(-[#8]-[#15](=[#8])(-[#8]-[#1])-[#8]-[#1])-[#1])-[#1])-[#1])-[#1])(-[#1])-[#1])(-[#1])-[#1])-[#1])-[#1])(-[#1])-[#1])(-[#1])-[#1])-[#1])(-[#1])-[#1])(-[#1])-[#1]>>[#6:5]-[#6:6](=[#8:7])-[#8]-[#1],"EVODEX.2.1-P1615,EVODEX.2.1-P3373,EVODEX.2.1-P3717,EVODEX.2.1-P3719,EVODEX.2.1-P6327"
EVODEX.2.1-D366,[#6](-[#6]1(-[#6](-[#1])(-[#1])-[#1])-[#16]-[#6@@]2(-[#6@](-[#7](-[#6:65](=[#8:66])-[#6:67])-[#1])(-[#6](=[#8])-[#7]-2-[#6@]-1(-[#6](=[#8])-[#8]-[#1])-[#1])-[#1])-[#1])(-[#1])(-[#1])-[#1]>>[#6:65](=[#8:66])(-[#6:67])-[#8]-[#1],"EVODEX.2.1-P1616,EVODEX.2.1-P3482,EVODEX.2.1-P3628,EVODEX.2.1-P5353,EVODEX.2.1-P5354"
EVODEX.2.1-D370,[#6:1]=[#6:2]-[#8:3]-[#6](-[#6](-[#1])(-[#1])-[#1])=[#8]>>[#6:1]=[#6:2]-[#8:3]-[#1],"EVODEX.2.1-P1620,EVODEX.2.1-P3473,EVODEX.2.1-P3478,EVODEX.2.1-P3641,EVODEX.2.1-P3643"
EVODEX.2.1-D372,[#6:63]-[#8:64]-[#1]>>[#6](-[#6](=[#8])-[#8:64]-[#6:63])(-[#1])(-[#1])-[#1],"EVODEX.2.1-P1628,EVODEX.2.1-P1699,EVODEX.2.1-P1737,EVODEX.2.1-P1738,EVODEX.2.1-P3575"
EVODEX.2.1-D375,[#6:26]-[#8:27]-[#1]>>[#6:26]-[#8:27]-[#6](-[#6](-[#6](-[#6](-[#1])(-[#1])-[#1])(-[#1])-[#1])(-[#6](-[#1])(-[#1])-[#1])-[#1])=[#8],"EVODEX.2.1-P1631,EVODEX.2.1-P1641,EVODEX.2.1-P1646,EVODEX.2.1-P1647,EVODEX.2.1-P1706"
EVODEX.2.1-D377,[#6:26]-[#8:27]-[#1]>>[#6:26]-[#8:27]-[#6](-[#6](-[#6](-[#6](-[#1])(-[#1])-[#1])(-[#1])-[#1])(-[#1])-[#1])=[#8],"EVODEX.2.1-P1634,EVODEX.2.1-P1835,EVODEX.2.1-P1836,EVODEX.2.1-P1837,EVODEX.2.1-P3679"
EVODEX.2.1-D381,[#6:3]-[#6:4](=[#8:5])-[#16]-[#6](-[#6](-[#7](-[#6](=[#8])-[#6](-[#6](-[#7](-[#6](=[#8])-[#6@](-[#8]-[#1])(-[#6](-[#6](-[#1])(-[#1])-[#1])(-[#6](-[#1])(-[#1])-[#1])-[#6](-[#8]-[#15](=[#8])(-[#8]-[#1])-[#8]-[#15](=[#8])(-[#8]-[#1])-[#8]-[#6](-[#6@]1(-[#8]-[#6@@](-[#7]2:[#6](:[#7]:[#6]3:[#6](-[#7](-[#1])-[#1]):[#7]:[#6](:[#7]:[#6]:2:3)-[#1])-[#1])(-[#6@](-[#8]-[#1])(-[#6@@]-1(-[#8]-[#15](=[#8])(-[#8]-[#1])-[#8]-[#1])-[#1])-[#1])-[#1])-[#1])(-[#1])-[#1])(-[#1])-[#1])-[#1])-[#1])(-[#1])-[#1])(-[#1])-[#1])-[#1])(-[#1])-[#1])(-[#1])-[#1]>>[#6:3]-[#6:4](=[#8:5])-[#8]-[#15](=[#8])(-[#8]-[#1])-[#8]-[#1],"EVODEX.2.1-P1657,EVODEX.2.1-P1659,EVODEX.2.1-P1665,EVODEX.2.1-P1670,EVODEX.2.1-P1674"
EVODEX.2.1-D384,[#8:57](-[#6:58])-[#1]>>[#6](=[#8])(-[#6]1:[#6](:[#6](:[#6](:[#6](:[#6]:1-[#1])-[#1])-[#1])-[#1])-[#1])-[#8:57]-[#6:58],"EVODEX.2.1-P1678,EVODEX.2.1-P1680,EVODEX.2.1-P1682,EVODEX.2.1-P1684,EVODEX.2.1-P1860"
EVODEX.2.1-D385,[#6:24]-[#8:25]-[#1]>>[#6:24]-[#8:25]-[#6](-[#6](-[#6](-[#6](-[#6](-[#6](-[#6](-[#6](/[#6](=[#6](\[#6](-[#6@@](-[#6](-[#6](-[#6](-[#6](-[#6](-[#6](-[#1])(-[#1])-[#1])(-[#1])-[#1])(-[#1])-[#1])(-[#1])-[#1])(-[#1])-[#1])(-[#1])-[#1])(-[#8]-[#1])-[#1])(-[#1])-[#1])-[#1])-[#1])(-[#1])-[#1])(-[#1])-[#1])(-[#1])-[#1])(-[#1])-[#1])(-[#1])-[#1])(-[#1])-[#1])(-[#1])-[#1])=[#8],"EVODEX.2.1-P1688,EVODEX.2.1-P1818,EVODEX.2.1-P1819,EVODEX.2.1-P1820,EVODEX.2.1-P1821"
EVODEX.2.1-D386,[#6:23]-[#8:24]-[#1]>>[#6:23]-[#8:24]-[#6](-[#6](-[#6](-[#6](-[#6](-[#6](-[#6](-[#6](-[#6](-[#6](-[#6](-[#6](/[#6](=[#6](\[#6](-[#6](-[#6](-[#6](-[#6](-[#6](-[#6](-[#6](-[#1])(-[#1])-[#1])(-[#1])-[#1])(-[#1])-[#1])(-[#1])-[#1])(-[#1])-[#1])(-[#1])-[#1])(-[#1])-[#1])(-[#1])-[#1])-[#1])-[#1])(-[#1])-[#1])(-[#1])-[#1])(-[#1])-[#1])(-[#1])-[#1])(-[#1])-[#1])(-[#1])-[#1])(-[#1])-[#1])(-[#1])-[#1])(-[#1])-[#1])(-[#1])-[#1])(-[#1])-[#1])=[#8],"EVODEX.2.1-P1689,EVODEX.2.1-P1765,EVODEX.2.1-P1807,EVODEX.2.1-P1808,EVODEX.2.1-P1809"
EVODEX.2.1-D39,[#6:4]-[#6@:5](-[#8:6])(-[#6](=[#8])-[#8]-[#1])-[#1]>>[#6:4]-[#6:5](-[#8:6])=[#8],"EVODEX.2.1-P115,EVODEX.2.1-P276,EVODEX.2.1-P481,EVODEX.2.1-P659,EVODEX.2.1-P685"
EVODEX.2.1-D390,[#8:19](-[#6@@:18])-[#1]>>[#8:19](-[#6@@:18])-[#6](-[#6](-[#6](-[#6](-[#6](-[#6](-[#6](-[#6](-[#6](-[#6](-[#6](-[#6](-[#1])(-[#1])-[#1])(-[#1])-[#1])(-[#1])-[#1])(-[#1])-[#1])(-[#1])-[#1])(-[#1])-[#1])(-[#1])-[#1])(-[#1])-[#1])(-[#1])-[#1])(-[#1])-[#1])(-[#1])-[#1])=[#8],"EVODEX.2.1-P1712,EVODEX.2.1-P1762,EVODEX.2.1-P1810,EVODEX.2.1-P1812,EVODEX.2.1-P1813"
EVODEX.2.1-D392,[#6:56]-[#7:57](-[#6:58])-[#1]>>[#6](-[#6](=[#8])-[#7:57](-[#6:56])-[#6:58])(-[#1])(-[#1])-[#1],"EVODEX.2.1-P1714,EVODEX.2.1-P1772,EVODEX.2.1-P1828,EVODEX.2.1-P1831,EVODEX.2.1-P1834"
EVODEX.2.1-D395,[#6](-[#6](-[#6](=[#8])-[#7:5](-[#6@@:6])-[#1])(-[#1])-[#1])(-[#1])(-[#1])-[#1]>>[#7:5](-[#6@@:6])(-[#1])-[#1],"EVODEX.2.1-P1726,EVODEX.2.1-P5428,EVODEX.2.1-P5447,EVODEX.2.1-P5556,EVODEX.2.1-P5563"
EVODEX.2.1-D397,[#7:57](-[#6@:56])(-[#1])-[#1]>>[#6](-[#6](=[#8])-[#7:57](-[#6@@:56])-[#1])(-[#1])(-[#1])-[#1],"EVODEX.2.1-P1728,EVODEX.2.1-P1729,EVODEX.2.1-P1839,EVODEX.2.1-P1840,EVODEX.2.1-P5549"
EVODEX.2.1-D4,[#8:2]-[#6:3]1=[#6:4](-[#8:5])-[#6:7](=[#8:8])-[#6:9](-[#6:10])=[#6:15](-[#6:16])-[#6:17]-1=[#8:18]>>[#8:2]-[#6:3]1:[#6:4](-[#8:5]):[#6:7](-[#8:8]-[#1]):[#6:9](-[#6:10]):[#6:15](-[#6:16]):[#6:17]:1-[#8:18]-[#1],"EVODEX.2.1-P1321,EVODEX.2.1-P152,EVODEX.2.1-P157,EVODEX.2.1-P5,EVODEX.2.1-P918"
EVODEX.2.1-D402,[#8:23](-[#6@@:22])-[#1]>>[#8:23](-[#6@@:22])-[#6](-[#6](-[#6](-[#6](-[#6](-[#6](-[#6](-[#6](-[#6](-[#6](-[#6](-[#6](-[#6](-[#6](-[#1])(-[#1])-[#1])(-[#1])-[#1])(-[#1])-[#1])(-[#1])-[#1])(-[#1])-[#1])(-[#1])-[#1])(-[#1])-[#1])(-[#1])-[#1])(-[#1])-[#1])(-[#1])-[#1])(-[#1])-[#1])(-[#1])-[#1])(-[#1])-[#1])=[#8],"EVODEX.2.1-P1766,EVODEX.2.1-P1793,EVODEX.2.1-P1796,EVODEX.2.1-P1814,EVODEX.2.1-P1815"
EVODEX.2.1-D403,[#8:90](-[#6@@:89])-[#1]>>[#6](-[#6](-[#6](-[#6](-[#6](/[#6](=[#6](\[#6](/[#6](=[#6](\[#6](/[#6](=[#6](\[#6](/[#6](=[#6](\[#6](-[#6](-[#6](-[#6](=[#8])-[#8:90]-[#6@:89])(-[#1])-[#1])(-[#1])-[#1])(-[#1])-[#1])-[#1])-[#1])(-[#1])-[#1])-[#1])-[#1])(-[#1])-[#1])-[#1])-[#1])(-[#1])-[#1])-[#1])-[#1])(-[#1])-[#1])(-[#1])-[#1])(-[#1])-[#1])(-[#1])-[#1])(-[#1])(-[#1])-[#1],"EVODEX.2.1-P1768,EVODEX.2.1-P1797,EVODEX.2.1-P1798,EVODEX.2.1-P1800,EVODEX.2.1-P3653"
EVODEX.2.1-D404,[#6](-[#6](=[#8])-[#8:4]-[#6:5])(-[#1])(-[#1])-[#1]>>[#8:4](-[#6:5])-[#1],"EVODEX.2.1-P1785,EVODEX.2.1-P3530,EVODEX.2.1-P3596,EVODEX.2.1-P3644,EVODEX.2.1-P3657"
EVODEX.2.1-D406,[#6:71]-[#8:72]-[#1]>>[#6](-[#6](-[#6](-[#6](-[#6](-[#6](-[#6](-[#6](-[#6](-[#6](=[#8])-[#8:72]-[#6:71])(-[#1])-[#1])(-[#1])-[#1])(-[#1])-[#1])(-[#1])-[#1])(-[#1])-[#1])(-[#1])-[#1])(-[#1])-[#1])(-[#1])-[#1])(-[#1])(-[#1])-[#1],"EVODEX.2.1-P1802,EVODEX.2.1-P1803,EVODEX.2.1-P1805,EVODEX.2.1-P3423,EVODEX.2.1-P3680"
EVODEX.2.1-D407,[#7:72](-[#6@:71])(-[#1])-[#1]>>[#6](=[#8])(-[#6](-[#7](-[#1])-[#1])(-[#1])-[#1])-[#7:72](-[#6@:71])-[#1],"EVODEX.2.1-P1825,EVODEX.2.1-P1826,EVODEX.2.1-P1888,EVODEX.2.1-P3625,EVODEX.2.1-P7104"
EVODEX.2.1-D408,[#6:41]-[#7:42](-[#1])-[#1]>>[#6:41]-[#7:42](-[#6](-[#6](-[#6](-[#6](-[#6](-[#6](-[#6](-[#6](-[#6](-[#6](-[#6](-[#6](-[#6](-[#6](-[#1])(-[#1])-[#1])(-[#1])-[#1])(-[#1])-[#1])(-[#1])-[#1])(-[#1])-[#1])(-[#1])-[#1])(-[#1])-[#1])(-[#1])-[#1])(-[#1])-[#1])(-[#1])-[#1])(-[#1])-[#1])(-[#1])-[#1])(-[#1])-[#1])=[#8])-[#1],"EVODEX.2.1-P1861,EVODEX.2.1-P1862,EVODEX.2.1-P1863,EVODEX.2.1-P1865,EVODEX.2.1-P1866"
EVODEX.2.1-D413,[#7:1](-[#6:2])(-[#1])-[#1]>>[#7:1](-[#6:2])(-[#6](-[#6](-[#6](-[#6@](-[#7](-[#1])-[#1])(-[#6](=[#8])-[#8]-[#1])-[#1])(-[#1])-[#1])(-[#1])-[#1])=[#8])-[#1],"EVODEX.2.1-P1872,EVODEX.2.1-P1876,EVODEX.2.1-P1892,EVODEX.2.1-P6608,EVODEX.2.1-P6656"
EVODEX.2.1-D414,[#7](-[#6@@](-[#6](-[#6](-[#6](=[#8])-[#7:16](-[#6@@:17])-[#1])(-[#1])-[#1])(-[#1])-[#1])(-[#6](=[#8])-[#8]-[#1])-[#1])(-[#1])-[#1]>>[#7:16](-[#6@@:17])(-[#1])-[#1],"EVODEX.2.1-P1878,EVODEX.2.1-P1879,EVODEX.2.1-P5467,EVODEX.2.1-P6127,EVODEX.2.1-P6129"
EVODEX.2.1-D424,[#6:56]-[#6:57](=[#8:58])-[#6:59]=[#8:60]>>[#6](-[#6](=[#8])-[#8]-[#1])(-[#6:57](-[#6:56])(-[#8:58]-[#1])-[#6:59]=[#8:60])(-[#1])-[#1],"EVODEX.2.1-P1920,EVODEX.2.1-P1923,EVODEX.2.1-P1933,EVODEX.2.1-P1938,EVODEX.2.1-P1942"
EVODEX.2.1-D43,[#6:15](-[#6@@:14])(-[#8:16])(-[#1])-[#1]>>[#6:15](-[#6@@:14])(-[#8:16])=[#8],"EVODEX.2.1-P135,EVODEX.2.1-P622,EVODEX.2.1-P712,EVODEX.2.1-P777,EVODEX.2.1-P786"
EVODEX.2.1-D436,[#8](-[#6](-[#6@]1(-[#8]-[#6@](-[#8]-[#6@]2(-[#6@](-[#8]-[#1])(-[#6@@](-[#8]-[#1])(-[#6@@](-[#8:18]-[#6@:19])(-[#8]-[#6@@]-2(-[#6](-[#8]-[#1])(-[#1])-[#1])-[#1])-[#1])-[#1])-[#1])-[#1])(-[#6@](-[#8]-[#1])(-[#6@@](-[#8]-[#1])(-[#6@@]-1(-[#8]-[#1])-[#1])-[#1])-[#1])-[#1])-[#1])(-[#1])-[#1])-[#1]>>[#8:18](-[#6@:19])-[#1],"EVODEX.2.1-P1972,EVODEX.2.1-P3881,EVODEX.2.1-P3884,EVODEX.2.1-P3965,EVODEX.2.1-P4023"
EVODEX.2.1-D44,[#6:1](-[#6:2])(-[#1:12])(-[#1])-[#1]>>[#6:1](-[#6:2])(=[#8])-[#1:12],"EVODEX.2.1-P137,EVODEX.2.1-P253,EVODEX.2.1-P536,EVODEX.2.1-P583,EVODEX.2.1-P657"
EVODEX.2.1-D440,[#8:1](-[#6:2])-[#1]>>[#8:1](-[#6:2])-[#6@@]1(-[#6](-[#8]-[#1])(-[#1])-[#1])-[#8]-[#6@](-[#6](-[#8]-[#1])(-[#1])-[#1])(-[#6@@](-[#8]-[#1])(-[#6@@]-1(-[#8]-[#1])-[#1])-[#1])-[#1],"EVODEX.2.1-P1977,EVODEX.2.1-P2022,EVODEX.2.1-P2026,EVODEX.2.1-P2030,EVODEX.2.1-P2152"
EVODEX.2.1-D442,[#8](-[#6@:32](-[#6@:31])(-[#8:58])-[#1:96])-[#15](=[#8])(-[#8]-[#1])-[#8]-[#15](=[#8])(-[#8]-[#1])-[#8]-[#6](-[#6@]1(-[#8]-[#6@@](-[#7]2:[#6](:[#6](:[#6](=[#8]):[#7](:[#6]:2=[#8])-[#1])-[#1])-[#1])(-[#6@](-[#8]-[#1])(-[#6@@]-1(-[#8]-[#1])-[#1])-[#1])-[#1])-[#1])(-[#1])-[#1]>>[#8](-[#6@@:32](-[#6@:31])(-[#8:58])-[#1:96])-[#1],"EVODEX.2.1-P1981,EVODEX.2.1-P2037,EVODEX.2.1-P2039,EVODEX.2.1-P2062,EVODEX.2.1-P2151"
EVODEX.2.1-D445,[#15:102](=[#8:103])-[#8:105]-[#6@@]1(-[#8]-[#6@](-[#6](-[#8]-[#1])(-[#1])-[#1])(-[#6@@](-[#8]-[#1])(-[#6@](-[#8]-[#1])(-[#6@@]-1(-[#8]-[#1])-[#1])-[#1])-[#1])-[#1])-[#1]>>[#15:102](=[#8:103])-[#8:105]-[#1],"EVODEX.2.1-P1984,EVODEX.2.1-P1989,EVODEX.2.1-P2000,EVODEX.2.1-P2009,EVODEX.2.1-P2010"
EVODEX.2.1-D448,[#15:39](=[#8:40])-[#8:41]-[#1]>>[#8:41](-[#6@]1(-[#8]-[#6@](-[#6](-[#8]-[#1])(-[#1])-[#1])(-[#6@@](-[#8]-[#1])(-[#6@](-[#8]-[#1])(-[#6@]-1(-[#8]-[#1])-[#1])-[#1])-[#1])-[#1])-[#1])-[#15:39]=[#8:40],"EVODEX.2.1-P1995,EVODEX.2.1-P2142,EVODEX.2.1-P2143,EVODEX.2.1-P2148,EVODEX.2.1-P2149"
EVODEX.2.1-D454,[#8:36](-[#6@:35])-[#1]>>[#8:36](-[#6@:35])-[#6@@]1(-[#8]-[#6@](-[#6](-[#8]-[#1])(-[#1])-[#1])(-[#6@](-[#8]-[#1])(-[#6@](-[#8]-[#1])(-[#6@]-1(-[#8]-[#1])-[#1])-[#1])-[#1])-[#1])-[#1],"EVODEX.2.1-P2011,EVODEX.2.1-P2064,EVODEX.2.1-P2067,EVODEX.2.1-P2090,EVODEX.2.1-P2094"
EVODEX.2.1-D455,[#8:96](-[#6@@:95])-[#1]>>[#6](-[#6](=[#8])-[#7](-[#6@]1(-[#6@](-[#8:96]-[#6@@:95])(-[#8]-[#6@](-[#6](-[#8]-[#1])(-[#1])-[#1])(-[#6@@](-[#8]-[#1])(-[#6@@]-1(-[#8]-[#1])-[#1])-[#1])-[#1])-[#1])-[#1])-[#1])(-[#1])(-[#1])-[#1],"EVODEX.2.1-P2012,EVODEX.2.1-P2016,EVODEX.2.1-P2079,EVODEX.2.1-P2103,EVODEX.2.1-P2139"
EVODEX.2.1-D458,[#8]=[#15](-[#8]-[#1])(-[#8]-[#1])-[#8]-[#6:7](-[#6@:8])(-[#1:31])-[#1:32]>>[#8](-[#6:7](-[#6@:8])(-[#1:31])-[#1:32])-[#1],"EVODEX.2.1-P2017,EVODEX.2.1-P3742,EVODEX.2.1-P3764,EVODEX.2.1-P3786,EVODEX.2.1-P3791"
EVODEX.2.1-D462,[#6:11](=[#8:12])-[#8:13]-[#1]>>[#6:11](=[#8:12])-[#8:13]-[#6@@]1(-[#8]-[#6@](-[#6](=[#8])-[#8]-[#1])(-[#6@@](-[#8]-[#1])(-[#6@](-[#8]-[#1])(-[#6@]-1(-[#8]-[#1])-[#1])-[#1])-[#1])-[#1])-[#1],"EVODEX.2.1-P2033,EVODEX.2.1-P2034,EVODEX.2.1-P2044,EVODEX.2.1-P2045,EVODEX.2.1-P2046"
EVODEX.2.1-D464,[#8:36](-[#6@@:35])-[#1]>>[#8:36](-[#6@@:35])-[#6@@]1(-[#8]-[#6@](-[#6](=[#8])-[#8]-[#1])(-[#6@@](-[#8]-[#1])(-[#6@](-[#8]-[#1])(-[#6@]-1(-[#8]-[#1])-[#1])-[#1])-[#1])-[#1])-[#1],"EVODEX.2.1-P2040,EVODEX.2.1-P2041,EVODEX.2.1-P2047,EVODEX.2.1-P2060,EVODEX.2.1-P2061"
EVODEX.2.1-D467,[#8](-[#6@:25](-[#6@:22])(-[#6@:38])-[#1:75])-[#6@]1(-[#8]-[#6@](-[#6](-[#8]-[#1])(-[#1])-[#1])(-[#6@@](-[#8]-[#1])(-[#6@](-[#8]-[#1])(-[#6@]-1(-[#8]-[#1])-[#1])-[#1])-[#1])-[#1])-[#1]>>[#8](-[#6@:25](-[#6@@:22])(-[#6@:38])-[#1:75])-[#1],"EVODEX.2.1-P2059,EVODEX.2.1-P3904,EVODEX.2.1-P3911,EVODEX.2.1-P4006,EVODEX.2.1-P4007"
EVODEX.2.1-D469,[#8:21](-[#6@:20])-[#6@@]1(-[#8]-[#6@](-[#6](-[#8]-[#1])(-[#1])-[#1])(-[#6@@](-[#8]-[#1])(-[#6@](-[#8]-[#1])(-[#6@]-1(-[#8]-[#1])-[#1])-[#1])-[#1])-[#1])-[#1]>>[#8:21](-[#6@:20])-[#1],"EVODEX.2.1-P2073,EVODEX.2.1-P2077,EVODEX.2.1-P2085,EVODEX.2.1-P4026,EVODEX.2.1-P4085"
EVODEX.2.1-D472,[#8:22](-[#6@@:21])-[#6@@]1(-[#8]-[#6@](-[#6](-[#8]-[#1])(-[#1])-[#1])(-[#6@@](-[#8]-[#1])(-[#6@](-[#8]-[#1])(-[#6@]-1(-[#7](-[#6](-[#6](-[#1])(-[#1])-[#1])=[#8])-[#1])-[#1])-[#1])-[#1])-[#1])-[#1]>>[#8:22](-[#6@@:21])-[#1],"EVODEX.2.1-P2082,EVODEX.2.1-P3934,EVODEX.2.1-P3978,EVODEX.2.1-P4075,EVODEX.2.1-P4115"
EVODEX.2.1-D476,[#8:35](-[#6@@:34])-[#1]>>[#8:35](-[#6@]1(-[#8]-[#6](-[#6@@](-[#8]-[#1])(-[#6@](-[#8]-[#1])(-[#6@]-1(-[#8]-[#1])-[#1])-[#1])-[#1])(-[#1])-[#1])-[#1])-[#6@@:34],"EVODEX.2.1-P2111,EVODEX.2.1-P2112,EVODEX.2.1-P2179,EVODEX.2.1-P2181,EVODEX.2.1-P2182"
EVODEX.2.1-D479,[#8:24](-[#6@:23])-[#1]>>[#8:24](-[#6@:23])-[#6@]1(-[#8]-[#6@@](-[#6](-[#1])(-[#1])-[#1])(-[#6@@](-[#8]-[#1])(-[#6@@](-[#8]-[#1])(-[#6@@]-1(-[#8]-[#1])-[#1])-[#1])-[#1])-[#1])-[#1],"EVODEX.2.1-P2123,EVODEX.2.1-P2125,EVODEX.2.1-P2127,EVODEX.2.1-P2133,EVODEX.2.1-P2135"
EVODEX.2.1-D486,[#8:13]-[#6@:14](-[#6](-[#8]-[#1])(-[#1])-[#1])(-[#6@@:17])-[#1:29]>>[#8]=[#15](-[#8]-[#6@@:14](-[#8:13])(-[#6@@:17])-[#1:29])(-[#8]-[#1])-[#8]-[#1],"EVODEX.2.1-P2164,EVODEX.2.1-P2167,EVODEX.2.1-P2171,EVODEX.2.1-P2173,EVODEX.2.1-P2176"
EVODEX.2.1-D487,[#8:1]=[#15:2]-[#8:3]-[#1]>>[#8:1]=[#15:2]-[#8:3]-[#15](=[#8])(-[#8]-[#1])-[#8]-[#15](=[#8])(-[#8]-[#1])-[#8]-[#1],"EVODEX.2.1-P2186,EVODEX.2.1-P3152,EVODEX.2.1-P3156,EVODEX.2.1-P3158,EVODEX.2.1-P3159"
EVODEX.2.1-D489,[#6:47]-[#8:48]-[#1]>>[#6](-[#6](=[#8])-[#7](-[#6@]1(-[#6@](-[#6@](-[#8]-[#1])(-[#6@](-[#8]-[#1])(-[#6](-[#8]-[#1])(-[#1])-[#1])-[#1])-[#1])(-[#8]-[#6@@](-[#6](=[#8])-[#8]-[#1])(-[#8:48]-[#6:47])-[#6](-[#6@@]-1(-[#8]-[#1])-[#1])(-[#1])-[#1])-[#1])-[#1])-[#1])(-[#1])(-[#1])-[#1],"EVODEX.2.1-P2189,EVODEX.2.1-P2195,EVODEX.2.1-P2196,EVODEX.2.1-P2197,EVODEX.2.1-P2198"
EVODEX.2.1-D495,[#7:25](-[#6:26])(-[#1])-[#1]>>[#6](-[#6](-[#6](-[#7](-[#1])-[#1])(-[#1])-[#1])(-[#1])-[#1])(-[#7:25](-[#6:26])-[#1])(-[#1])-[#1],"EVODEX.2.1-P2207,EVODEX.2.1-P2209,EVODEX.2.1-P2235,EVODEX.2.1-P2252,EVODEX.2.1-P2253"
EVODEX.2.1-D497,[#6:22]1:[#6:23](:[#7:24]:[#6:25]2:[#6:26]:[#6:27]:[#6:28]:[#6:29]:[#6:30]:1:2)-[#1]>>[#6](-[#6](-[#6](-[#1])(-[#1])-[#1])=[#6](-[#6](-[#6:23]1:[#6:22]:[#6:30]2:[#6:25](:[#7:24]:1):[#6:26]:[#6:27]:[#6:28]:[#6:29]:2)(-[#1])-[#1])-[#1])(-[#1])(-[#1])-[#1],"EVODEX.2.1-P2212,EVODEX.2.1-P2216,EVODEX.2.1-P2218,EVODEX.2.1-P2220,EVODEX.2.1-P2223"
EVODEX.2.1-D499,[#6:20]1:[#6:21]:[#7:22]:[#6:23]2:[#6:24](:[#6:25]:[#6:26]:[#6:27]:[#6:28]:1:2)-[#1]>>[#6](-[#6](-[#6](-[#1])(-[#1])-[#1])=[#6](-[#6](-[#6:24]1:[#6:23]2:[#7:22]:[#6:21]:[#6:20]:[#6:28]:2:[#6:27]:[#6:26]:[#6:25]:1)(-[#1])-[#1])-[#1])(-[#1])(-[#1])-[#1],"EVODEX.2.1-P2226,EVODEX.2.1-P2233,EVODEX.2.1-P2398,EVODEX.2.1-P2399,EVODEX.2.1-P2402"
EVODEX.2.1-D5,[#6:7]-[#6:8](=[#8:9])-[#8]-[#6]1:[#6](:[#6](:[#6](-[#7&+](=[#8])-[#8&-]):[#6](:[#6]:1-[#1])-[#1])-[#1])-[#1]>>[#6:7]-[#6:8](=[#8:9])-[#8]-[#1],"EVODEX.2.1-P3935,EVODEX.2.1-P4073,EVODEX.2.1-P4692,EVODEX.2.1-P5043,EVODEX.2.1-P9"
EVODEX.2.1-D504,[#6:19](=[#8:20])-[#6:21]1:[#6:22]:[#6:24](:[#6:25]:[#6:27]:[#6:28]:1)-[#1]>>[#6](-[#6](-[#6](-[#1])(-[#1])-[#1])=[#6](-[#6](-[#6:24]1:[#6:22]:[#6:21](-[#6:19]=[#8:20]):[#6:28]:[#6:27]:[#6:25]:1)(-[#1])-[#1])-[#1])(-[#1])(-[#1])-[#1],"EVODEX.2.1-P2238,EVODEX.2.1-P2391,EVODEX.2.1-P2393,EVODEX.2.1-P2395,EVODEX.2.1-P2396"
EVODEX.2.1-D506,[#15:55](=[#8:56])-[#8:58]-[#6](-[#6@]1(-[#8]-[#6@@](-[#7]2:[#6](:[#7]:[#6]3:[#6](-[#7](-[#1])-[#1]):[#7]:[#6](:[#7]:[#6]:2:3)-[#1])-[#1])(-[#6@](-[#8]-[#1])(-[#6@@]-1(-[#8]-[#1])-[#1])-[#1])-[#1])-[#1])(-[#1])-[#1]>>[#15:55](=[#8:56])-[#8:58]-[#1],"EVODEX.2.1-P2246,EVODEX.2.1-P3102,EVODEX.2.1-P3782,EVODEX.2.1-P6144,EVODEX.2.1-P6146"
EVODEX.2.1-D509,[#6:20]1:[#6:21]:[#7:22]:[#6:23]2:[#6:24]:[#6:25]:[#6:26]:[#6:27](:[#6:28]:1:2)-[#1]>>[#6](-[#6](-[#6](-[#1])(-[#1])-[#1])=[#6](-[#6](-[#6:27]1:[#6:26]:[#6:25]:[#6:24]:[#6:23]2:[#7:22]:[#6:21]:[#6:20]:[#6:28]:1:2)(-[#1])-[#1])-[#1])(-[#1])(-[#1])-[#1],"EVODEX.2.1-P2268,EVODEX.2.1-P2274,EVODEX.2.1-P2275,EVODEX.2.1-P2277,EVODEX.2.1-P2279"
EVODEX.2.1-D51,[#8](-[#6@@:25](-[#6@@:6])(-[#6@@:23])-[#1:47])-[#1]>>[#6:25](-[#6@@:6])(-[#6@@:23])(-[#1:47])-[#1],"EVODEX.2.1-P172,EVODEX.2.1-P173,EVODEX.2.1-P267,EVODEX.2.1-P268,EVODEX.2.1-P707"
EVODEX.2.1-D513,[#6:11]-[#16:12]-[#1]>>[#6](-[#6@](-[#7](-[#1])-[#1])(-[#6](=[#8])-[#8]-[#1])-[#1])(-[#16:12]-[#6:11])(-[#1])-[#1],"EVODEX.2.1-P2290,EVODEX.2.1-P2291,EVODEX.2.1-P2294,EVODEX.2.1-P2296,EVODEX.2.1-P6143"
EVODEX.2.1-D516,[#7](-[#6@@](-[#6](-[#6](-[#16:5]-[#6:6])(-[#1])-[#1])(-[#1])-[#1])(-[#6](=[#8])-[#8]-[#1])-[#1])(-[#1])-[#1]>>[#16:5](-[#6:6])-[#1],"EVODEX.2.1-P2299,EVODEX.2.1-P2301,EVODEX.2.1-P2306,EVODEX.2.1-P2317,EVODEX.2.1-P2320"
EVODEX.2.1-D518,[#6:13]-[#16:14]-[#1]>>[#6](-[#6](-[#6@](-[#7](-[#1])-[#1])(-[#6](=[#8])-[#8]-[#1])-[#1])(-[#1])-[#1])(-[#16:14]-[#6:13])(-[#1])-[#1],"EVODEX.2.1-P2303,EVODEX.2.1-P2312,EVODEX.2.1-P2316,EVODEX.2.1-P2318,EVODEX.2.1-P2322"
EVODEX.2.1-D519,[#8]=[#6](-[#8]-[#1])-[#6](=[#8])-[#6](-[#6@@:7](-[#8:8]-[#1])(-[#6@:9])-[#1:30])(-[#1])-[#1]>>[#6:7](=[#8:8])(-[#6@:9])-[#1:30],"EVODEX.2.1-P2323,EVODEX.2.1-P6063,EVODEX.2.1-P6064,EVODEX.2.1-P6068,EVODEX.2.1-P6075"
EVODEX.2.1-D520,[#8:12]=[#6:13](-[#6@:14])-[#1:31]>>[#6](-[#6](=[#8])-[#6](=[#8])-[#8]-[#1])(-[#6@@:13](-[#8:12]-[#1])(-[#6@:14])-[#1:31])(-[#1])-[#1],"EVODEX.2.1-P2324,EVODEX.2.1-P6023,EVODEX.2.1-P6065,EVODEX.2.1-P6066,EVODEX.2.1-P6074"
EVODEX.2.1-D521,[#6:39]-[#16:40]-[#1]>>[#6](-[#6](-[#6](-[#1])(-[#1])-[#1])=[#6](-[#6](-[#6](/[#6](-[#6](-[#1])(-[#1])-[#1])=[#6](/[#6](-[#6](/[#6](-[#6](-[#1])(-[#1])-[#1])=[#6](/[#6](-[#16:40]-[#6:39])(-[#1])-[#1])-[#1])(-[#1])-[#1])(-[#1])-[#1])-[#1])(-[#1])-[#1])(-[#1])-[#1])-[#1])(-[#1])(-[#1])-[#1],"EVODEX.2.1-P2325,EVODEX.2.1-P2329,EVODEX.2.1-P2330,EVODEX.2.1-P2341,EVODEX.2.1-P2348"
EVODEX.2.1-D524,[#6:2]=[#6:3]-[#6:4](-[#8]-[#15](=[#8])(-[#8]-[#1])-[#8]-[#15](=[#8])(-[#8]-[#1])-[#8]-[#1])(-[#1:80])-[#1:81]>>[#6:2]=[#6:3]-[#6:4](-[#16]-[#6](-[#6@@](-[#6](-[#7](-[#6@](-[#6](-[#7](-[#6@@](-[#6](-[#6](-[#6](-[#1])(-[#1])-[#1])(-[#6](-[#1])(-[#1])-[#1])-[#1])(-[#1])-[#1])(-[#6](=[#8])-[#7](-[#6@@](-[#6](-[#8]-[#1])(-[#1])-[#1])(-[#6](=[#8])-[#8]-[#1])-[#1])-[#1])-[#1])-[#1])=[#8])(-[#6](-[#6](-[#1])(-[#1])-[#1])(-[#6](-[#1])(-[#1])-[#1])-[#1])-[#1])-[#1])=[#8])(-[#7](-[#6](=[#8])-[#6](-[#7](-[#16](=[#8])(=[#8])-[#6]1:[#6](:[#6](:[#6](:[#6]2:[#6](-[#7](-[#6](-[#1])(-[#1])-[#1])-[#6](-[#1])(-[#1])-[#1]):[#6](:[#6](:[#6](:[#6]:1:2)-[#1])-[#1])-[#1])-[#1])-[#1])-[#1])-[#1])(-[#1])-[#1])-[#1])-[#1])(-[#1])-[#1])(-[#1:80])-[#1:81],"EVODEX.2.1-P2328,EVODEX.2.1-P2331,EVODEX.2.1-P2335,EVODEX.2.1-P2337,EVODEX.2.1-P2338"
EVODEX.2.1-D526,[#6:43]-[#16:44]-[#1]>>[#6](-[#6](-[#6](-[#1])(-[#1])-[#1])=[#6](-[#6](-[#6](/[#6](-[#6](-[#1])(-[#1])-[#1])=[#6](/[#6](-[#6](/[#6](-[#6](-[#1])(-[#1])-[#1])=[#6](/[#6](-[#6](/[#6](-[#6](-[#1])(-[#1])-[#1])=[#6](/[#6](-[#16:44]-[#6:43])(-[#1])-[#1])-[#1])(-[#1])-[#1])(-[#1])-[#1])-[#1])(-[#1])-[#1])(-[#1])-[#1])-[#1])(-[#1])-[#1])(-[#1])-[#1])-[#1])(-[#1])(-[#1])-[#1],"EVODEX.2.1-P2350,EVODEX.2.1-P2351,EVODEX.2.1-P2352,EVODEX.2.1-P2353,EVODEX.2.1-P2354"
EVODEX.2.1-D531,[#6:2]-[#16:3]-[#6:4]>>[#6:2]-[#16&+:3](-[#6:4])-[#6](-[#6@]1(-[#8]-[#6@@](-[#7]2:[#6]3:[#7]:[#6](:[#7]:[#6](-[#7](-[#1])-[#1]):[#6]:3:[#7]:[#6]:2-[#1])-[#1])(-[#6@](-[#8]-[#1])(-[#6@@]-1(-[#8]-[#1])-[#1])-[#1])-[#1])-[#1])(-[#1])-[#1],"EVODEX.2.1-P2360,EVODEX.2.1-P2366,EVODEX.2.1-P2374,EVODEX.2.1-P2379,EVODEX.2.1-P2388"
EVODEX.2.1-D54,[#6:7]-[#16:8]-[#6:9]>>[#6:7]-[#16@@:8](-[#6:9])=[#8],"EVODEX.2.1-P185,EVODEX.2.1-P189,EVODEX.2.1-P416,EVODEX.2.1-P562,EVODEX.2.1-P568"
EVODEX.2.1-D58,[#6:1]-[#6:2](-[#6:3])(-[#6:4])-[#1]>>[#6:1]-[#6:2](-[#6:3])(-[#6:4])-[#8]-[#1],"EVODEX.2.1-P195,EVODEX.2.1-P415,EVODEX.2.1-P449,EVODEX.2.1-P450,EVODEX.2.1-P581"
EVODEX.2.1-D580,[#7:1]-[#6@@:2](-[#6:3])(-[#6](=[#8])-[#8]-[#1])-[#1:20]>>[#7:1]-[#6:2](-[#6:3])(-[#1:20])-[#1],"EVODEX.2.1-P2501,EVODEX.2.1-P5924,EVODEX.2.1-P5925,EVODEX.2.1-P5929,EVODEX.2.1-P5956"
EVODEX.2.1-D584,[#8]=[#6](-[#8]-[#1])-[#6:11](-[#6:12])(-[#1:28])-[#1:29]>>[#6:11](-[#6:12])(-[#1:28])(-[#1:29])-[#1],"EVODEX.2.1-P2516,EVODEX.2.1-P3376,EVODEX.2.1-P5951,EVODEX.2.1-P5957,EVODEX.2.1-P5958"
EVODEX.2.1-D621,[#6:19]-[#8:20]-[#1]>>[#6:19]-[#8:20]-[#15](=[#8])(-[#8]-[#1])-[#8]-[#1],"EVODEX.2.1-P2821,EVODEX.2.1-P2900,EVODEX.2.1-P2926,EVODEX.2.1-P2930,EVODEX.2.1-P3048"
EVODEX.2.1-D63,[#6:25]/[#6:26](=[#6:27](\[#6:28](-[#6:29]=[#6:30])(-[#1:90])-[#1])-[#1:89])-[#1:88]>>[#6:25]-[#6:26](-[#6:27](=[#6:28](-[#6:29]=[#6:30])-[#1:90])-[#1:89])(-[#8]-[#8]-[#1])-[#1:88],"EVODEX.2.1-P201,EVODEX.2.1-P203,EVODEX.2.1-P204,EVODEX.2.1-P206,EVODEX.2.1-P208"
EVODEX.2.1-D649,[#6:27]-[#8:28]-[#15](=[#8])(-[#8]-[#1])-[#8]-[#1]>>[#6:27]-[#8:28]-[#1],"EVODEX.2.1-P2882,EVODEX.2.1-P2972,EVODEX.2.1-P3206,EVODEX.2.1-P3732,EVODEX.2.1-P3737"
EVODEX.2.1-D653,[#6:44]-[#8:45]-[#1]>>[#15](=[#8])(-[#8]-[#1])(-[#8]-[#15](=[#8])(-[#8]-[#1])-[#8]-[#1])-[#8:45]-[#6:44],"EVODEX.2.1-P2912,EVODEX.2.1-P2997,EVODEX.2.1-P3165,EVODEX.2.1-P3167,EVODEX.2.1-P3172"
EVODEX.2.1-D654,[#15:14](=[#8:15])-[#8:16]-[#1]>>[#15:14](=[#8:15])-[#8:16]-[#15](-[#8]-[#6](-[#6@]1(-[#8]-[#6@@](-[#7]2:[#6]3:[#7]:[#6](:[#7]:[#6](-[#7](-[#1])-[#1]):[#6]:3:[#7]:[#6]:2-[#1])-[#1])(-[#6@](-[#8]-[#1])(-[#6@@]-1(-[#8]-[#1])-[#1])-[#1])-[#1])-[#1])(-[#1])-[#1])(=[#8])-[#8]-[#1],"EVODEX.2.1-P2913,EVODEX.2.1-P3195,EVODEX.2.1-P3202,EVODEX.2.1-P3258,EVODEX.2.1-P7115"
EVODEX.2.1-D674,[#6:19]1:[#6:20]:[#6:21]:[#6:22](-[#8:23]-[#1]):[#6:24]:[#6:25]:1>>[#6:19]1:[#6:20]:[#6:21]:[#6:22](-[#8:23]-[#15](=[#8])(-[#8]-[#1])-[#8]-[#1]):[#6:24]:[#6:25]:1,"EVODEX.2.1-P3033,EVODEX.2.1-P3036,EVODEX.2.1-P3042,EVODEX.2.1-P3044,EVODEX.2.1-P3046"
EVODEX.2.1-D68,[#6:7]-[#6@:8](-[#7:9])(-[#6](=[#8])-[#8]-[#1])-[#1]>>[#6:7]-[#6:8](-[#7:9])=[#8],"EVODEX.2.1-P217,EVODEX.2.1-P219,EVODEX.2.1-P231,EVODEX.2.1-P234,EVODEX.2.1-P242"
EVODEX.2.1-D683,[#7:1]=[#6:2]-[#7:8](-[#15](=[#8])(-[#8]-[#1])-[#8]-[#1])-[#1]>>[#7:1]=[#6:2]-[#7:8](-[#1])-[#1],"EVODEX.2.1-P3075,EVODEX.2.1-P3079,EVODEX.2.1-P3082,EVODEX.2.1-P3091,EVODEX.2.1-P5907"
EVODEX.2.1-D684,[#7:1]=[#6:2]-[#7:3](-[#1])-[#1]>>[#7:1]=[#6:2]-[#7:3](-[#15](=[#8])(-[#8]-[#1])-[#8]-[#1])-[#1],"EVODEX.2.1-P3077,EVODEX.2.1-P3081,EVODEX.2.1-P3085,EVODEX.2.1-P3088,EVODEX.2.1-P3096"
EVODEX.2.1-D695,[#15:42](=[#8:43])-[#8:44]-[#1]>>[#15](=[#8])(-[#8]-[#1])(-[#8]-[#1])-[#8:44]-[#15:42]=[#8:43],"EVODEX.2.1-P3120,EVODEX.2.1-P3123,EVODEX.2.1-P3124,EVODEX.2.1-P3146,EVODEX.2.1-P3149"
EVODEX.2.1-D70,[#7](-[#6@@:2](-[#6:3])(-[#6:11]=[#8:12])-[#1])(-[#1])-[#1]>>[#6:2](-[#6:3])(-[#6:11]=[#8:12])=[#8],"EVODEX.2.1-P1019,EVODEX.2.1-P1138,EVODEX.2.1-P220,EVODEX.2.1-P2680,EVODEX.2.1-P972"
EVODEX.2.1-D702,[#8:46]=[#15:47]-[#8:48]-[#1]>>[#15](=[#8])(-[#8]-[#1])(-[#8]-[#6](-[#6@]1(-[#8]-[#6@@](-[#7]2:[#6](:[#7]:[#6]3:[#6](=[#8]):[#7](:[#6](-[#7](-[#1])-[#1]):[#7]:[#6]:2:3)-[#1])-[#1])(-[#6@](-[#8]-[#1])(-[#6@@]-1(-[#8]-[#1])-[#1])-[#1])-[#1])-[#1])(-[#1])-[#1])-[#8:48]-[#15:47]=[#8:46],"EVODEX.2.1-P3175,EVODEX.2.1-P3179,EVODEX.2.1-P3192,EVODEX.2.1-P3232,EVODEX.2.1-P3243"
EVODEX.2.1-D703,[#8:1]=[#15:2]-[#8:3]-[#1]>>[#8:1]=[#15:2]-[#8:3]-[#15](-[#8]-[#6](-[#6@]1(-[#8]-[#6@@](-[#7]2:[#6](:[#6](:[#6](=[#8]):[#7](:[#6]:2=[#8])-[#1])-[#1])-[#1])(-[#6@](-[#8]-[#1])(-[#6@@]-1(-[#8]-[#1])-[#1])-[#1])-[#1])-[#1])(-[#1])-[#1])(=[#8])-[#8]-[#1],"EVODEX.2.1-P3176,EVODEX.2.1-P3196,EVODEX.2.1-P3227,EVODEX.2.1-P3264,EVODEX.2.1-P3268"
EVODEX.2.1-D704,[#8:26]-[#15:27](=[#8:28])(-[#8:29])-[#8]-[#15](=[#8])(-[#8]-[#1])-[#8]-[#15](=[#8])(-[#8]-[#1])-[#8]-[#1]>>[#8]=[#15](-[#8]-[#15:27](-[#8:26])(=[#8:28])-[#8:29])(-[#8]-[#1])-[#8]-[#6@]1(-[#8]-[#6@](-[#6](-[#8]-[#1])(-[#1])-[#1])(-[#6@@](-[#8]-[#1])(-[#6@](-[#8]-[#1])(-[#6@]-1(-[#8]-[#1])-[#1])-[#1])-[#1])-[#1])-[#1],"EVODEX.2.1-P3177,EVODEX.2.1-P3181,EVODEX.2.1-P3188,EVODEX.2.1-P3190,EVODEX.2.1-P3198"
EVODEX.2.1-D705,[#8:30]=[#15:31]-[#8:32]-[#1]>>[#7](-[#6]1:[#6](:[#6](:[#7](-[#6@@]2(-[#8]-[#6@](-[#6](-[#8]-[#15](=[#8])(-[#8]-[#1])-[#8:32]-[#15:31]=[#8:30])(-[#1])-[#1])(-[#6@@](-[#8]-[#1])(-[#6@]-2(-[#8]-[#1])-[#1])-[#1])-[#1])-[#1]):[#6](=[#8]):[#7]:1)-[#1])-[#1])(-[#1])-[#1],"EVODEX.2.1-P3178,EVODEX.2.1-P3194,EVODEX.2.1-P3220,EVODEX.2.1-P3252,EVODEX.2.1-P3259"
EVODEX.2.1-D710,[#8:28]-[#15:29](=[#8:30])(-[#8:31])-[#8]-[#15](=[#8])(-[#8]-[#1])-[#8]-[#15](=[#8])(-[#8]-[#1])-[#8]-[#1]>>[#6](-[#6@@]1(-[#8]-[#6@](-[#8]-[#15](=[#8])(-[#8]-[#15:29](-[#8:28])(=[#8:30])-[#8:31])-[#8]-[#1])(-[#6@@](-[#8]-[#1])(-[#6@](-[#8]-[#1])(-[#6@@]-1(-[#8]-[#1])-[#1])-[#1])-[#1])-[#1])-[#1])(-[#1])(-[#1])-[#1],"EVODEX.2.1-P3203,EVODEX.2.1-P3207,EVODEX.2.1-P3209,EVODEX.2.1-P3210,EVODEX.2.1-P3212"
EVODEX.2.1-D712,[#8:15](-[#6@:14])-[#1]>>[#8:15](-[#6@:14])-[#15](-[#8]-[#6](-[#6@]1(-[#8]-[#6@@](-[#7]2:[#6](:[#6](:[#6](-[#7](-[#1])-[#1]):[#7]:[#6]:2=[#8])-[#1])-[#1])(-[#6@](-[#8]-[#1])(-[#6@@]-1(-[#8]-[#1])-[#1])-[#1])-[#1])-[#1])(-[#1])-[#1])(=[#8])-[#8]-[#1],"EVODEX.2.1-P3221,EVODEX.2.1-P3223,EVODEX.2.1-P3270,EVODEX.2.1-P3271,EVODEX.2.1-P3272"
EVODEX.2.1-D717,[#8:7]-[#15:8](=[#8:9])(-[#8:10])-[#8]-[#15](=[#8])(-[#8]-[#1])-[#8]-[#6](-[#6@]1(-[#8]-[#6@@](-[#7]2:[#6](:[#6](:[#6](=[#8]):[#7](:[#6]:2=[#8])-[#1])-[#1])-[#1])(-[#6@](-[#8]-[#1])(-[#6@@]-1(-[#8]-[#1])-[#1])-[#1])-[#1])-[#1])(-[#1])-[#1]>>[#8:7]-[#15:8](=[#8:9])(-[#8:10])-[#8]-[#15](-[#8]-[#6](/[#6](=[#6](\[#6](-[#6](/[#6](=[#6](\[#6](-[#6](/[#6](=[#6](\[#6](-[#6](/[#6](=[#6](\[#6](-[#6](/[#6](=[#6](\[#6](-[#6](/[#6](=[#6](\[#6](-[#6](/[#6](=[#6](\[#6](-[#6](/[#6](=[#6](\[#6](-[#6](/[#6](=[#6](/[#6](-[#6](/[#6](=[#6](/[#6](-[#6](-[#6](=[#6](-[#6](-[#1])(-[#1])-[#1])-[#6](-[#1])(-[#1])-[#1])-[#1])(-[#1])-[#1])(-[#1])-[#1])-[#6](-[#1])(-[#1])-[#1])-[#1])(-[#1])-[#1])(-[#1])-[#1])-[#6](-[#1])(-[#1])-[#1])-[#1])(-[#1])-[#1])(-[#1])-[#1])-[#6](-[#1])(-[#1])-[#1])-[#1])(-[#1])-[#1])(-[#1])-[#1])-[#6](-[#1])(-[#1])-[#1])-[#1])(-[#1])-[#1])(-[#1])-[#1])-[#6](-[#1])(-[#1])-[#1])-[#1])(-[#1])-[#1])(-[#1])-[#1])-[#6](-[#1])(-[#1])-[#1])-[#1])(-[#1])-[#1])(-[#1])-[#1])-[#6](-[#1])(-[#1])-[#1])-[#1])(-[#1])-[#1])(-[#1])-[#1])-[#6](-[#1])(-[#1])-[#1])-[#1])(-[#1])-[#1])(-[#1])-[#1])-[#6](-[#1])(-[#1])-[#1])-[#1])(-[#1])-[#1])(-[#1])-[#1])-[#6](-[#1])(-[#1])-[#1])-[#1])(-[#1])-[#1])(=[#8])-[#8]-[#1],"EVODEX.2.1-P3281,EVODEX.2.1-P3286,EVODEX.2.1-P3289,EVODEX.2.1-P3293,EVODEX.2.1-P3295"
EVODEX.2.1-D720,[#8:6](-[#6@:5])-[#1]>>[#8:6](-[#6@:5])-[#16](=[#8])(=[#8])-[#8]-[#1],"EVODEX.2.1-P3306,EVODEX.2.1-P3313,EVODEX.2.1-P3316,EVODEX.2.1-P3320,EVODEX.2.1-P3338"
EVODEX.2.1-D723,[#6:9]1:[#6:10]:[#6:11]:[#6:12](-[#8:13]-[#1]):[#6:14]:[#6:15]:1>>[#6:9]1:[#6:10]:[#6:11]:[#6:12](-[#8:13]-[#16](=[#8])(=[#8])-[#8]-[#1]):[#6:14]:[#6:15]:1,"EVODEX.2.1-P3309,EVODEX.2.1-P3310,EVODEX.2.1-P3327,EVODEX.2.1-P3341,EVODEX.2.1-P3348"
EVODEX.2.1-D727,[#8:24](-[#6@:23])-[#16](=[#8])(=[#8])-[#8]-[#1]>>[#8:24](-[#6@:23])-[#1],"EVODEX.2.1-P3321,EVODEX.2.1-P3323,EVODEX.2.1-P3326,EVODEX.2.1-P3334,EVODEX.2.1-P3335"
EVODEX.2.1-D741,[#6](-[#6](-[#6](-[#6](=[#8])-[#8:6]-[#6:7])(-[#1])-[#1])(-[#1])-[#1])(-[#1])(-[#1])-[#1]>>[#8:6](-[#6:7])-[#1],"EVODEX.2.1-P3407,EVODEX.2.1-P3489,EVODEX.2.1-P3505,EVODEX.2.1-P3590,EVODEX.2.1-P3686"
EVODEX.2.1-D744,[#6:17]-[#6:18](=[#8:19])-[#8]-[#6](-[#6](-[#8]-[#1])(-[#6](-[#8]-[#1])(-[#1])-[#1])-[#1])(-[#1])-[#1]>>[#6:17]-[#6:18](=[#8:19])-[#8]-[#1],"EVODEX.2.1-P3411,EVODEX.2.1-P3413,EVODEX.2.1-P3416,EVODEX.2.1-P3580,EVODEX.2.1-P3588"
EVODEX.2.1-D746,[#6](-[#6](-[#8:3]-[#6:4]=[#8:5])(-[#1])-[#1])(-[#1])(-[#1])-[#1]>>[#8:3](-[#6:4]=[#8:5])-[#1],"EVODEX.2.1-P3417,EVODEX.2.1-P3418,EVODEX.2.1-P3586,EVODEX.2.1-P4363,EVODEX.2.1-P4563"
EVODEX.2.1-D747,[#6](-[#6](-[#6](-[#1])(-[#1])-[#1])(-[#6@@](-[#7](-[#1])-[#1])(-[#6](=[#8])-[#8:8]-[#6@@:9])-[#1])-[#1])(-[#1])(-[#1])-[#1]>>[#8:8](-[#6@@:9])-[#1],"EVODEX.2.1-P3419,EVODEX.2.1-P3601,EVODEX.2.1-P3602,EVODEX.2.1-P3606,EVODEX.2.1-P3615"
EVODEX.2.1-D750,[#6:4]-[#6:5](=[#8:6])-[#8]-[#6]1:[#6](:[#6](:[#6](:[#6](:[#6]:1-[#1])-[#1])-[#1])-[#1])-[#1]>>[#6:4]-[#6:5](=[#8:6])-[#8]-[#1],"EVODEX.2.1-P3422,EVODEX.2.1-P3976,EVODEX.2.1-P4072,EVODEX.2.1-P4074,EVODEX.2.1-P4898"
EVODEX.2.1-D751,[#6](-[#6](-[#6](-[#6](-[#6](-[#6](-[#6](-[#6](=[#8])-[#8:10]-[#6:11])(-[#1])-[#1])(-[#1])-[#1])(-[#1])-[#1])(-[#1])-[#1])(-[#1])-[#1])(-[#1])-[#1])(-[#1])(-[#1])-[#1]>>[#8:10](-[#6:11])-[#1],"EVODEX.2.1-P3424,EVODEX.2.1-P3487,EVODEX.2.1-P3488,EVODEX.2.1-P3521,EVODEX.2.1-P3563"
EVODEX.2.1-D762,[#6:1]-[#6:2](=[#8:3])-[#8]-[#6]1:[#6](:[#6](:[#6](:[#6](:[#6]:1-[#7&+](=[#8])-[#8&-])-[#1])-[#1])-[#1])-[#1]>>[#6:1]-[#6:2](=[#8:3])-[#8]-[#1],"EVODEX.2.1-P3439,EVODEX.2.1-P3444,EVODEX.2.1-P3470,EVODEX.2.1-P4029,EVODEX.2.1-P4056"
EVODEX.2.1-D764,[#6:5]-[#6:13](=[#8:14])-[#8]-[#6]1:[#6](:[#6](:[#6]2:[#6](:[#6](:[#6](:[#6](:[#6]:2:[#6]:1-[#1])-[#1])-[#1])-[#1])-[#1])-[#1])-[#1]>>[#6:5]-[#6:13](=[#8:14])-[#8]-[#1],"EVODEX.2.1-P3442,EVODEX.2.1-P3491,EVODEX.2.1-P3495,EVODEX.2.1-P3577,EVODEX.2.1-P4022"
EVODEX.2.1-D773,[#6:11]-[#6:12](=[#8:13])-[#8]-[#6]1:[#6](:[#6](:[#6](:[#6]2:[#6](:[#6](:[#6](:[#6](:[#6]:1:2)-[#1])-[#1])-[#1])-[#1])-[#1])-[#1])-[#1]>>[#6:11]-[#6:12](=[#8:13])-[#8]-[#1],"EVODEX.2.1-P3462,EVODEX.2.1-P3465,EVODEX.2.1-P3493,EVODEX.2.1-P3500,EVODEX.2.1-P3503"
EVODEX.2.1-D777,[#7:7](-[#6@:6])(-[#6](=[#8])-[#6](-[#6]1:[#6](:[#6](:[#6](:[#6](:[#6]:1-[#1])-[#1])-[#1])-[#1])-[#1])(-[#1])-[#1])-[#1]>>[#7:7](-[#6@:6])(-[#1])-[#1],"EVODEX.2.1-P3481,EVODEX.2.1-P5346,EVODEX.2.1-P5358,EVODEX.2.1-P5361,EVODEX.2.1-P5453"
EVODEX.2.1-D78,[#6:18](=[#8:19])-[#8:20]-[#1]>>[#6:18](=[#8:19])-[#8:20]-[#15](-[#8]-[#6](-[#6@]1(-[#8]-[#6@@](-[#7]2:[#6]3:[#7]:[#6](:[#7]:[#6](-[#7](-[#1])-[#1]):[#6]:3:[#7]:[#6]:2-[#1])-[#1])(-[#6@](-[#8]-[#1])(-[#6@@]-1(-[#8]-[#1])-[#1])-[#1])-[#1])-[#1])(-[#1])-[#1])(=[#8])-[#8]-[#1],"EVODEX.2.1-P251,EVODEX.2.1-P6349,EVODEX.2.1-P6355,EVODEX.2.1-P6365,EVODEX.2.1-P6366"
EVODEX.2.1-D781,[#6:22](-[#6@:21])(-[#8]-[#6](=[#8])-[#6](-[#6](-[#6](-[#6](-[#6](-[#6](-[#6](-[#6](-[#6](-[#6](-[#6](-[#6](-[#6](-[#6](-[#6](-[#1])(-[#1])-[#1])(-[#1])-[#1])(-[#1])-[#1])(-[#1])-[#1])(-[#1])-[#1])(-[#1])-[#1])(-[#1])-[#1])(-[#1])-[#1])(-[#1])-[#1])(-[#1])-[#1])(-[#1])-[#1])(-[#1])-[#1])(-[#1])-[#1])(-[#1])-[#1])(-[#1])-[#1])(-[#1:82])-[#1:83]>>[#6:22](-[#6@:21])(-[#8]-[#1])(-[#1:82])-[#1:83],"EVODEX.2.1-P3508,EVODEX.2.1-P3593,EVODEX.2.1-P3632,EVODEX.2.1-P3639,EVODEX.2.1-P3640"
EVODEX.2.1-D784,[#6](-[#8]-[#6@]1(-[#6@](-[#8]-[#1])(-[#6@@](-[#8]-[#1])(-[#6@@](-[#8:11]-[#6:12])(-[#8]-[#6@@]-1(-[#6](=[#8])-[#8]-[#1])-[#1])-[#1])-[#1])-[#1])-[#1])(-[#1])(-[#1])-[#1]>>[#8:11](-[#6:12])-[#1],"EVODEX.2.1-P3514,EVODEX.2.1-P3923,EVODEX.2.1-P3924,EVODEX.2.1-P3928,EVODEX.2.1-P3929"
EVODEX.2.1-D787,[#6:4]-[#6:5](=[#8:6])-[#8]-[#6@]1(-[#6](-[#6](-[#6@@]2(-[#6](-[#1])(-[#1])-[#1])-[#6](=[#6](-[#6](-[#6@]3(-[#6@@]4(-[#6](-[#6](-[#6@](-[#6@](-[#6](-[#1])(-[#1])-[#1])(-[#6](-[#6](-[#6](-[#6](-[#6](-[#1])(-[#1])-[#1])(-[#6](-[#1])(-[#1])-[#1])-[#1])(-[#1])-[#1])(-[#1])-[#1])(-[#1])-[#1])-[#1])(-[#6@@]-4(-[#6](-[#1])(-[#1])-[#1])-[#6](-[#6](-[#6@]-2-3-[#1])(-[#1])-[#1])(-[#1])-[#1])-[#1])(-[#1])-[#1])(-[#1])-[#1])-[#1])-[#1])(-[#1])-[#1])-[#1])-[#6]-1(-[#1])-[#1])(-[#1])-[#1])(-[#1])-[#1])-[#1]>>[#6:4]-[#6:5](=[#8:6])-[#8]-[#1],"EVODEX.2.1-P3518,EVODEX.2.1-P3520,EVODEX.2.1-P3523,EVODEX.2.1-P3524,EVODEX.2.1-P3528"
EVODEX.2.1-D800,[#6:17]-[#6:18](=[#8:19])-[#7](-[#6]1:[#6](:[#6](:[#6]2:[#6](:[#6](:[#6](:[#6](:[#6]:2:[#6]:1-[#1])-[#1])-[#1])-[#1])-[#1])-[#1])-[#1])-[#1]>>[#6:17]-[#6:18](=[#8:19])-[#8]-[#1],"EVODEX.2.1-P3571,EVODEX.2.1-P4356,EVODEX.2.1-P4367,EVODEX.2.1-P4380,EVODEX.2.1-P4988"
EVODEX.2.1-D805,[#6](-[#6](=[#8])-[#8]-[#6:5](-[#8:6])(-[#6@:18])-[#1:27])(-[#1])(-[#1])-[#1]>>[#6:5](-[#8]-[#1])(-[#8:6])(-[#6@:18])-[#1:27],"EVODEX.2.1-P3598,EVODEX.2.1-P3892,EVODEX.2.1-P3893,EVODEX.2.1-P3895,EVODEX.2.1-P3899"
EVODEX.2.1-D806,[#6:10](-[#6@@:2])(=[#8:11])-[#8]-[#6](-[#6]1:[#6](:[#6](:[#6](:[#6](:[#6]:1-[#1])-[#1])-[#1])-[#1])-[#1])(-[#1])-[#1]>>[#6:10](-[#6@@:2])(=[#8:11])-[#8]-[#1],"EVODEX.2.1-P3604,EVODEX.2.1-P3960,EVODEX.2.1-P3962,EVODEX.2.1-P4816,EVODEX.2.1-P5095"
EVODEX.2.1-D807,[#6](-[#6](-[#6](-[#1])(-[#1])-[#1])(-[#6@](-[#7](-[#1])-[#1])(-[#6](=[#8])-[#7:8](-[#6:9])-[#1])-[#1])-[#1])(-[#1])(-[#1])-[#1]>>[#7:8](-[#6:9])(-[#1])-[#1],"EVODEX.2.1-P3607,EVODEX.2.1-P4163,EVODEX.2.1-P4220,EVODEX.2.1-P4276,EVODEX.2.1-P4345"
EVODEX.2.1-D818,[#6:3](-[#6@@:2])(=[#8:4])-[#8]-[#1]>>[#6:3](-[#6@@:2])(=[#8:4])-[#7](-[#6]1:[#6](:[#6](:[#6](-[#7&+](=[#8])-[#8&-]):[#6](-[#6](=[#8])-[#8]-[#1]):[#6]:1-[#1])-[#1])-[#1])-[#1],"EVODEX.2.1-P3623,EVODEX.2.1-P4587,EVODEX.2.1-P4589,EVODEX.2.1-P4608,EVODEX.2.1-P5344"
EVODEX.2.1-D819,[#7:8](-[#6@@:9])(-[#1])-[#1]>>[#6](=[#8])(-[#6](-[#6](-[#7](-[#1])-[#1])(-[#1])-[#1])(-[#1])-[#1])-[#7:8](-[#6@@:9])-[#1],"EVODEX.2.1-P3624,EVODEX.2.1-P4265,EVODEX.2.1-P6461,EVODEX.2.1-P6465,EVODEX.2.1-P6882"
EVODEX.2.1-D821,[#7](-[#6@@](-[#6](-[#6]1:[#6](:[#7](:[#6]2:[#6](:[#6](:[#6](:[#6](:[#6]:1:2)-[#1])-[#1])-[#1])-[#1])-[#1])-[#1])(-[#1])-[#1])(-[#6](=[#8])-[#7:17](-[#6@@:18])-[#1])-[#1])(-[#1])-[#1]>>[#7:17](-[#6@@:18])(-[#1])-[#1],"EVODEX.2.1-P3627,EVODEX.2.1-P4136,EVODEX.2.1-P4198,EVODEX.2.1-P4229,EVODEX.2.1-P4941"
EVODEX.2.1-D822,[#6:17](-[#6@@:16])(=[#8:18])-[#8]-[#1]>>[#6](-[#6]1(-[#6](-[#1])(-[#1])-[#1])-[#16]-[#6@@]2(-[#6@](-[#7](-[#6:17](-[#6@:16])=[#8:18])-[#1])(-[#6](=[#8])-[#7]-2-[#6@]-1(-[#6](=[#8])-[#8]-[#1])-[#1])-[#1])-[#1])(-[#1])(-[#1])-[#1],"EVODEX.2.1-P3629,EVODEX.2.1-P5332,EVODEX.2.1-P5349,EVODEX.2.1-P5351,EVODEX.2.1-P5356"
EVODEX.2.1-D825,[#8](-[#6@@:16](-[#6@@:3])(-[#6@:11])-[#1:36])-[#6](-[#6](-[#1])(-[#1])-[#1])=[#8]>>[#8](-[#6@@:16](-[#6@@:3])(-[#6@:11])-[#1:36])-[#1],"EVODEX.2.1-P3646,EVODEX.2.1-P3649,EVODEX.2.1-P3656,EVODEX.2.1-P3659,EVODEX.2.1-P3661"
EVODEX.2.1-D833,[#6:7]-[#6:8](=[#8:9])-[#7](-[#6@]1(-[#6](-[#6](-[#8]-[#6]-1=[#8])(-[#1])-[#1])(-[#1])-[#1])-[#1])-[#1]>>[#6:7]-[#6:8](=[#8:9])-[#8]-[#1],"EVODEX.2.1-P3698,EVODEX.2.1-P5681,EVODEX.2.1-P5683,EVODEX.2.1-P5684,EVODEX.2.1-P5687"
EVODEX.2.1-D839,[#8](-[#6@:12](-[#6@:9])(-[#6@:18])-[#1:30])-[#15](=[#8])(-[#8]-[#1])-[#8]-[#1]>>[#8](-[#6@:12](-[#6@@:9])(-[#6@@:18])-[#1:30])-[#1],"EVODEX.2.1-P3724,EVODEX.2.1-P3747,EVODEX.2.1-P3765,EVODEX.2.1-P3768,EVODEX.2.1-P3784"
EVODEX.2.1-D849,[#6:50]1:[#6:51]:[#6:52]:[#6:53](-[#8]-[#15](=[#8])(-[#8]-[#1])-[#8]-[#1]):[#6:59]:[#6:60]:1>>[#6:50]1:[#6:51]:[#6:52]:[#6:53](-[#8]-[#1]):[#6:59]:[#6:60]:1,"EVODEX.2.1-P3744,EVODEX.2.1-P3752,EVODEX.2.1-P3774,EVODEX.2.1-P3776,EVODEX.2.1-P3780"
EVODEX.2.1-D860,[#6:10](-[#6@:9])(-[#8]-[#16](=[#8])(=[#8])-[#8]-[#1])(-[#1:40])-[#1:41]>>[#6:10](-[#6@:9])(-[#8]-[#1])(-[#1:40])-[#1:41],"EVODEX.2.1-P3829,EVODEX.2.1-P3841,EVODEX.2.1-P3842,EVODEX.2.1-P3846,EVODEX.2.1-P3857"
EVODEX.2.1-D862,[#8](-[#6@@:38](-[#6@:35])(-[#6@@:44])-[#1:91])-[#16](=[#8])(=[#8])-[#8]-[#1]>>[#8](-[#6@@:38](-[#6@:35])(-[#6@@:44])-[#1:91])-[#1],"EVODEX.2.1-P3834,EVODEX.2.1-P3835,EVODEX.2.1-P3836,EVODEX.2.1-P3840,EVODEX.2.1-P3851"
EVODEX.2.1-D866,[#8]=[#7&+](-[#8&-])-[#6]1:[#6](:[#6](:[#6](-[#8:9]-[#6@:10]):[#6](:[#6]:1-[#1])-[#1])-[#1])-[#1]>>[#8:9](-[#6@:10])-[#1],"EVODEX.2.1-P3877,EVODEX.2.1-P3879,EVODEX.2.1-P3926,EVODEX.2.1-P4038,EVODEX.2.1-P4098"
EVODEX.2.1-D872,[#8](-[#6@@:4](-[#6@:3])(-[#8:17])-[#1:44])-[#6@@]1(-[#8]-[#6@](-[#6](-[#8]-[#1])(-[#1])-[#1])(-[#6@@](-[#8]-[#1])(-[#6@](-[#8]-[#1])(-[#6@]-1(-[#8]-[#1])-[#1])-[#1])-[#1])-[#1])-[#1]>>[#8](-[#6@@:4](-[#6@:3])(-[#8:17])-[#1:44])-[#1],"EVODEX.2.1-P3887,EVODEX.2.1-P3889,EVODEX.2.1-P3890,EVODEX.2.1-P3898,EVODEX.2.1-P3900"
EVODEX.2.1-D876,[#8](-[#6](-[#6@]1(-[#8]-[#6@@](-[#8]-[#1])(-[#6@](-[#8]-[#1])(-[#6@@](-[#8]-[#1])(-[#6@@]-1(-[#8:13]-[#6@:14](-[#8:15])(-[#6@:32])-[#1:47])-[#1])-[#1])-[#1])-[#1])-[#1])(-[#1])-[#1])-[#1]>>[#8:13](-[#6:14](-[#8:15])(-[#6@:32])-[#1:47])-[#1],"EVODEX.2.1-P3914,EVODEX.2.1-P3967,EVODEX.2.1-P4028,EVODEX.2.1-P4035,EVODEX.2.1-P4088"
EVODEX.2.1-D877,[#8]=[#15](-[#8]-[#1])(-[#8]-[#1])-[#8]-[#6](-[#6@]1(-[#8]-[#6@](-[#8:11]-[#6@:12])(-[#6@](-[#8]-[#1])(-[#6@@](-[#8]-[#1])(-[#6@@]-1(-[#8]-[#1])-[#1])-[#1])-[#1])-[#1])-[#1])(-[#1])-[#1]>>[#8:11](-[#6@:12])-[#1],"EVODEX.2.1-P3915,EVODEX.2.1-P3918,EVODEX.2.1-P3919,EVODEX.2.1-P3920,EVODEX.2.1-P4102"
EVODEX.2.1-D880,[#8]=[#6](-[#8]-[#1])-[#6@]1(-[#8]-[#6@](-[#8:8]-[#6@:9])(-[#6@](-[#8]-[#1])(-[#6@@](-[#8]-[#1])(-[#6@@]-1(-[#8]-[#1])-[#1])-[#1])-[#1])-[#1])-[#1]>>[#8:8](-[#6@:9])-[#1],"EVODEX.2.1-P3930,EVODEX.2.1-P3931,EVODEX.2.1-P4091,EVODEX.2.1-P4092,EVODEX.2.1-P4093"
EVODEX.2.1-D884,[#6](-[#6]1:[#6](:[#6](=[#8]):[#8]:[#6]2:[#6](:[#6](-[#8:10]-[#6@:11]):[#6](:[#6](:[#6]:1:2)-[#1])-[#1])-[#1])-[#1])(-[#1])(-[#1])-[#1]>>[#8:10](-[#6@:11])-[#1],"EVODEX.2.1-P3941,EVODEX.2.1-P3977,EVODEX.2.1-P3979,EVODEX.2.1-P3983,EVODEX.2.1-P4012"
EVODEX.2.1-D885,[#7:7]=[#6:8]-[#16:19]-[#6@@]1(-[#8]-[#6@](-[#6](-[#8]-[#1])(-[#1])-[#1])(-[#6@@](-[#8]-[#1])(-[#6@](-[#8]-[#1])(-[#6@]-1(-[#8]-[#1])-[#1])-[#1])-[#1])-[#1])-[#1]>>[#7:7]=[#6:8]-[#16:19]-[#1],"EVODEX.2.1-P3944,EVODEX.2.1-P3948,EVODEX.2.1-P3949,EVODEX.2.1-P3951,EVODEX.2.1-P3955"
EVODEX.2.1-D888,[#8](-[#6@@]1(-[#6@@](-[#8]-[#1])(-[#6@@](-[#8:7]-[#6@@:8])(-[#8]-[#6](-[#6@]-1(-[#8]-[#1])-[#1])(-[#1])-[#1])-[#1])-[#1])-[#1])-[#1]>>[#8:7](-[#6@@:8])-[#1],"EVODEX.2.1-P3968,EVODEX.2.1-P3969,EVODEX.2.1-P4094,EVODEX.2.1-P4095,EVODEX.2.1-P4097"
EVODEX.2.1-D893,[#8](-[#6](-[#6@@]1(-[#8]-[#6@](-[#8:7]-[#6@@:8])(-[#6@](-[#8]-[#1])(-[#6@]-1(-[#8]-[#1])-[#1])-[#1])-[#1])-[#1])(-[#1])-[#1])-[#1]>>[#8:7](-[#6@@:8])-[#1],"EVODEX.2.1-P4001,EVODEX.2.1-P4078,EVODEX.2.1-P4080,EVODEX.2.1-P4082,EVODEX.2.1-P6089"
EVODEX.2.1-D896,[#6:5]-[#6:6](-[#8]-[#6@@]1(-[#8]-[#6@](-[#6](-[#8]-[#1])(-[#1])-[#1])(-[#6@@](-[#8]-[#1])(-[#6@](-[#8]-[#1])(-[#6@]-1(-[#8]-[#1])-[#1])-[#1])-[#1])-[#1])-[#1])(-[#1:31])-[#1:32]>>[#6:5]-[#6:6](-[#8]-[#1])(-[#1:31])-[#1:32],"EVODEX.2.1-P4004,EVODEX.2.1-P4024,EVODEX.2.1-P4049,EVODEX.2.1-P4051,EVODEX.2.1-P4053"
EVODEX.2.1-D898,[#8](-[#6@@:52](-[#6@@:43])(-[#6@:50])-[#1:133])-[#6@@]1(-[#8]-[#6@@](-[#6](-[#1])(-[#1])-[#1])(-[#6@](-[#8]-[#1])(-[#6@@](-[#8]-[#1])(-[#6@]-1(-[#8]-[#1])-[#1])-[#1])-[#1])-[#1])-[#1]>>[#8](-[#6@@:52](-[#6@@:43])(-[#6@:50])-[#1:133])-[#1],"EVODEX.2.1-P4010,EVODEX.2.1-P4058,EVODEX.2.1-P4065,EVODEX.2.1-P4066,EVODEX.2.1-P4067"
EVODEX.2.1-D899,[#6](-[#6@@]1(-[#8]-[#6@@](-[#8:5]-[#6@@:6])(-[#6@](-[#8]-[#1])(-[#6@](-[#8]-[#1])(-[#6@]-1(-[#8]-[#1])-[#1])-[#1])-[#1])-[#1])-[#1])(-[#1])(-[#1])-[#1]>>[#8:5](-[#6@@:6])-[#1],"EVODEX.2.1-P4011,EVODEX.2.1-P4040,EVODEX.2.1-P4042,EVODEX.2.1-P4059,EVODEX.2.1-P4070"
EVODEX.2.1-D901,[#6:38]-[#8:39]-[#1]>>[#6](-[#6](=[#8])-[#7](-[#6@@]1(-[#6](-[#8]-[#6@@]2(-[#8]-[#6@](-[#6](-[#8]-[#1])(-[#1])-[#1])(-[#6@](-[#8]-[#1])(-[#6@](-[#8]-[#1])(-[#6@]-2(-[#8]-[#1])-[#1])-[#1])-[#1])-[#1])-[#1])(-[#6@@](-[#8]-[#1])(-[#6@@](-[#6](-[#8]-[#1])(-[#1])-[#1])(-[#8]-[#6@]-1(-[#8:39]-[#6:38])-[#1])-[#1])-[#1])-[#1])-[#1])-[#1])(-[#1])(-[#1])-[#1],"EVODEX.2.1-P4110,EVODEX.2.1-P4111,EVODEX.2.1-P4113,EVODEX.2.1-P4114,EVODEX.2.1-P4117"
EVODEX.2.1-D904,[#6:8]-[#6:9]1(-[#8:10]-[#6:11]-1)-[#1:20]>>[#8](-[#6:9](-[#6:8])(-[#6:11]-[#8:10]-[#1])-[#1:20])-[#1],"EVODEX.2.1-P4126,EVODEX.2.1-P4127,EVODEX.2.1-P4128,EVODEX.2.1-P4130,EVODEX.2.1-P4132"
EVODEX.2.1-D905,[#7:33](-[#6@:25])(-[#6](=[#8])-[#6@@](-[#7](-[#1])-[#1])(-[#6](-[#6](=[#8])-[#8]-[#1])(-[#1])-[#1])-[#1])-[#1]>>[#7:33](-[#6@:25])(-[#1])-[#1],"EVODEX.2.1-P4133,EVODEX.2.1-P4158,EVODEX.2.1-P4230,EVODEX.2.1-P4340,EVODEX.2.1-P4573"
EVODEX.2.1-D907,[#6](-[#6](-[#6](-[#1])(-[#1])-[#1])(-[#6](-[#6@](-[#7](-[#6:7](=[#8:8])-[#6@@:9])-[#1])(-[#6](=[#8])-[#8]-[#1])-[#1])(-[#1])-[#1])-[#1])(-[#1])(-[#1])-[#1]>>[#6:7](=[#8:8])(-[#6@@:9])-[#8]-[#1],"EVODEX.2.1-P4135,EVODEX.2.1-P4152,EVODEX.2.1-P4369,EVODEX.2.1-P4452,EVODEX.2.1-P4952"
EVODEX.2.1-D908,[#7:6](-[#6@:5])(-[#6](=[#8])-[#6@@](-[#7](-[#1])-[#1])(-[#6](-[#6]1:[#6](:[#6](:[#6](-[#8]-[#1]):[#6](:[#6]:1-[#1])-[#1])-[#1])-[#1])(-[#1])-[#1])-[#1])-[#1]>>[#7:6](-[#6@:5])(-[#1])-[#1],"EVODEX.2.1-P4137,EVODEX.2.1-P4148,EVODEX.2.1-P4187,EVODEX.2.1-P4479,EVODEX.2.1-P4503"
EVODEX.2.1-D909,[#7:6](-[#6@:5])(-[#6](=[#8])-[#6@@](-[#7](-[#1])-[#1])(-[#6](-[#6](-[#6](-[#1])(-[#1])-[#1])(-[#6](-[#1])(-[#1])-[#1])-[#1])(-[#1])-[#1])-[#1])-[#1]>>[#7:6](-[#6@:5])(-[#1])-[#1],"EVODEX.2.1-P4138,EVODEX.2.1-P4144,EVODEX.2.1-P4147,EVODEX.2.1-P4167,EVODEX.2.1-P4305"
EVODEX.2.1-D910,[#6:7](-[#6@:5])(=[#8:8])-[#7](-[#6@@](-[#6](-[#8]-[#1])(-[#1])-[#1])(-[#6](=[#8])-[#8]-[#1])-[#1])-[#1]>>[#6:7](-[#6@:5])(=[#8:8])-[#8]-[#1],"EVODEX.2.1-P4139,EVODEX.2.1-P4542,EVODEX.2.1-P4934,EVODEX.2.1-P5400,EVODEX.2.1-P5410"
EVODEX.2.1-D912,[#6:7](-[#6@:5])(=[#8:8])-[#7](-[#6@@](-[#6](-[#6](=[#8])-[#8]-[#1])(-[#1])-[#1])(-[#6](=[#8])-[#8]-[#1])-[#1])-[#1]>>[#6:7](-[#6@:5])(=[#8:8])-[#8]-[#1],"EVODEX.2.1-P4141,EVODEX.2.1-P4493,EVODEX.2.1-P5368,EVODEX.2.1-P5396,EVODEX.2.1-P5398"
EVODEX.2.1-D913,[#6:7](-[#6@:5])(=[#8:8])-[#7](-[#6]1:[#6](:[#6](:[#6]2:[#6](-[#6](-[#9])(-[#9])-[#9]):[#6](:[#6](=[#8]):[#8]:[#6]:2:[#6]:1-[#1])-[#1])-[#1])-[#1])-[#1]>>[#6:7](-[#6@:5])(=[#8:8])-[#8]-[#1],"EVODEX.2.1-P4142,EVODEX.2.1-P4379,EVODEX.2.1-P4897,EVODEX.2.1-P5061,EVODEX.2.1-P5068"
EVODEX.2.1-D915,[#6:2]-[#6:3](=[#8:4])-[#7](-[#6@@](-[#6](-[#6]1:[#6](:[#7](:[#6]2:[#6](:[#6](:[#6](:[#6](:[#6]:1:2)-[#1])-[#1])-[#1])-[#1])-[#1])-[#1])(-[#1])-[#1])(-[#6](=[#8])-[#8]-[#1])-[#1])-[#1]>>[#6:2]-[#6:3](=[#8:4])-[#8]-[#1],"EVODEX.2.1-P4145,EVODEX.2.1-P4195,EVODEX.2.1-P4490,EVODEX.2.1-P4506,EVODEX.2.1-P5679"
EVODEX.2.1-D916,[#7](-[#6@@](-[#6](-[#6]1:[#6](:[#6](:[#6](:[#6](:[#6]:1-[#1])-[#1])-[#1])-[#1])-[#1])(-[#1])-[#1])(-[#6](=[#8])-[#7:12](-[#6:13])-[#1])-[#1])(-[#1])-[#1]>>[#7:12](-[#6:13])(-[#1])-[#1],"EVODEX.2.1-P4146,EVODEX.2.1-P4197,EVODEX.2.1-P4226,EVODEX.2.1-P4290,EVODEX.2.1-P4447"
EVODEX.2.1-D920,[#6:12]-[#7:13](-[#6](=[#8])-[#6@@](-[#7](-[#1])-[#1])(-[#6](-[#6](-[#6](-[#7](-[#6](=[#7]-[#1])-[#7](-[#1])-[#1])-[#1])(-[#1])-[#1])(-[#1])-[#1])(-[#1])-[#1])-[#1])-[#1]>>[#6:12]-[#7:13](-[#1])-[#1],"EVODEX.2.1-P4154,EVODEX.2.1-P4185,EVODEX.2.1-P4233,EVODEX.2.1-P4299,EVODEX.2.1-P4928"
EVODEX.2.1-D922,[#6](-[#6]1=[#6](-[#6](-[#8]-[#6]2:[#6](:[#6](-[#7](-[#6:10](=[#8:11])-[#6@@:12])-[#1]):[#6](:[#6](:[#6]:2-1)-[#1])-[#1])-[#1])(-[#1])-[#1])-[#1])(-[#1])(-[#1])-[#1]>>[#6:10](=[#8:11])(-[#6@@:12])-[#8]-[#1],"EVODEX.2.1-P4156,EVODEX.2.1-P4383,EVODEX.2.1-P4849,EVODEX.2.1-P4850,EVODEX.2.1-P5021"
EVODEX.2.1-D923,[#7](-[#6@@](-[#6](-[#8]-[#1])(-[#1])-[#1])(-[#6](=[#8])-[#7:7](-[#6:8])-[#1])-[#1])(-[#1])-[#1]>>[#7:7](-[#6:8])(-[#1])-[#1],"EVODEX.2.1-P4157,EVODEX.2.1-P4291,EVODEX.2.1-P4333,EVODEX.2.1-P4361,EVODEX.2.1-P4914"
EVODEX.2.1-D925,[#6:9](-[#6@@:6])(=[#8:10])-[#7](-[#6](-[#6](=[#8])-[#8]-[#1])(-[#1])-[#1])-[#1]>>[#6:9](-[#6@@:6])(=[#8:10])-[#8]-[#1],"EVODEX.2.1-P4161,EVODEX.2.1-P4455,EVODEX.2.1-P4485,EVODEX.2.1-P5505,EVODEX.2.1-P7073"
EVODEX.2.1-D926,[#6:7](-[#6@:5])(=[#8:8])-[#7](-[#6@@](-[#6](-[#6]1:[#6](:[#6](:[#6](:[#6](:[#6]:1-[#1])-[#1])-[#1])-[#1])-[#1])(-[#1])-[#1])(-[#6](=[#8])-[#8]-[#1])-[#1])-[#1]>>[#6:7](-[#6@:5])(=[#8:8])-[#8]-[#1],"EVODEX.2.1-P4162,EVODEX.2.1-P4194,EVODEX.2.1-P4382,EVODEX.2.1-P4484,EVODEX.2.1-P4498"
EVODEX.2.1-D928,[#8]=[#6](-[#7:4](-[#6@@:5])-[#1])-[#6@@]1(-[#6](-[#6](-[#6](-[#7]-1-[#1])(-[#1])-[#1])(-[#1])-[#1])(-[#1])-[#1])-[#1]>>[#7:4](-[#6@@:5])(-[#1])-[#1],"EVODEX.2.1-P4169,EVODEX.2.1-P4175,EVODEX.2.1-P4180,EVODEX.2.1-P4256,EVODEX.2.1-P4328"
EVODEX.2.1-D929,[#6](-[#6](-[#7](-[#1])-[#1])(-[#6](=[#8])-[#7:6](-[#6:7])-[#1])-[#1])(-[#1])(-[#1])-[#1]>>[#7:6](-[#6:7])(-[#1])-[#1],"EVODEX.2.1-P4170,EVODEX.2.1-P4181,EVODEX.2.1-P4184,EVODEX.2.1-P4190,EVODEX.2.1-P4341"
EVODEX.2.1-D930,[#6:2]-[#6:4](=[#8:5])-[#7](-[#6](-[#6](=[#8])-[#7](-[#6](-[#6](=[#8])-[#8]-[#1])(-[#1])-[#1])-[#1])(-[#1])-[#1])-[#1]>>[#6:2]-[#6:4](=[#8:5])-[#8]-[#1],"EVODEX.2.1-P4171,EVODEX.2.1-P4191,EVODEX.2.1-P4295,EVODEX.2.1-P4414,EVODEX.2.1-P4572"
EVODEX.2.1-D931,[#6](-[#6]1:[#6](:[#6](=[#8]):[#8]:[#6]2:[#6](:[#6](-[#7](-[#6:11](=[#8:12])-[#6@@:13])-[#1]):[#6](:[#6](:[#6]:1:2)-[#1])-[#1])-[#1])-[#1])(-[#1])(-[#1])-[#1]>>[#6:11](=[#8:12])(-[#6@@:13])-[#8]-[#1],"EVODEX.2.1-P4172,EVODEX.2.1-P4974,EVODEX.2.1-P4985,EVODEX.2.1-P5252,EVODEX.2.1-P5325"
EVODEX.2.1-D933,[#6:7](-[#6@:5])(=[#8:8])-[#7](-[#6]1:[#6](:[#6](:[#6]2:[#6](-[#6](-[#6](-[#7](-[#1])-[#1])=[#8])(-[#1])-[#1]):[#6](:[#6](=[#8]):[#8]:[#6]:2:[#6]:1-[#1])-[#1])-[#1])-[#1])-[#1]>>[#6:7](-[#6@:5])(=[#8:8])-[#8]-[#1],"EVODEX.2.1-P4174,EVODEX.2.1-P4209,EVODEX.2.1-P4212,EVODEX.2.1-P4213,EVODEX.2.1-P4214"
EVODEX.2.1-D936,[#6:4](-[#6@:2])(=[#8:5])-[#7](-[#6@@](-[#6](-[#1])(-[#1])-[#1])(-[#6](=[#8])-[#7](-[#6@@](-[#6](-[#1])(-[#1])-[#1])(-[#6](=[#8])-[#8]-[#1])-[#1])-[#1])-[#1])-[#1]>>[#6:4](-[#6@:2])(=[#8:5])-[#8]-[#1],"EVODEX.2.1-P4178,EVODEX.2.1-P4289,EVODEX.2.1-P4427,EVODEX.2.1-P5169,EVODEX.2.1-P5173"
EVODEX.2.1-D937,[#6:17]-[#7:18](-[#6](=[#8])-[#6](-[#7](-[#1])-[#1])(-[#1])-[#1])-[#1]>>[#6:17]-[#7:18](-[#1])-[#1],"EVODEX.2.1-P4179,EVODEX.2.1-P4325,EVODEX.2.1-P4331,EVODEX.2.1-P4428,EVODEX.2.1-P7106"
EVODEX.2.1-D940,[#7:15](-[#6@:13])(-[#6](=[#8])-[#6@@](-[#7](-[#1])-[#1])(-[#6](-[#6](-[#6](-[#6](-[#7](-[#1])-[#1])(-[#1])-[#1])(-[#1])-[#1])(-[#1])-[#1])(-[#1])-[#1])-[#1])-[#1]>>[#7:15](-[#6@:13])(-[#1])-[#1],"EVODEX.2.1-P4186,EVODEX.2.1-P4188,EVODEX.2.1-P4192,EVODEX.2.1-P4193,EVODEX.2.1-P4297"
EVODEX.2.1-D941,[#6](-[#16]-[#6](-[#6](-[#6@](-[#7](-[#1])-[#1])(-[#6](=[#8])-[#7:9](-[#6@@:10])-[#1])-[#1])(-[#1])-[#1])(-[#1])-[#1])(-[#1])(-[#1])-[#1]>>[#7:9](-[#6@@:10])(-[#1])-[#1],"EVODEX.2.1-P4189,EVODEX.2.1-P4200,EVODEX.2.1-P4201,EVODEX.2.1-P4202,EVODEX.2.1-P4262"
EVODEX.2.1-D943,[#6:7](-[#6@:5])(=[#8:8])-[#7]1-[#6](-[#6](-[#6](-[#6@]-1(-[#6](=[#8])-[#8]-[#1])-[#1])(-[#1])-[#1])(-[#1])-[#1])(-[#1])-[#1]>>[#6:7](-[#6@:5])(=[#8:8])-[#8]-[#1],"EVODEX.2.1-P4204,EVODEX.2.1-P4298,EVODEX.2.1-P4349,EVODEX.2.1-P4460,EVODEX.2.1-P4505"
EVODEX.2.1-D945,[#6:2]-[#6:3](=[#8:4])-[#7](-[#6]1:[#6](:[#6](:[#6](-[#7&+](=[#8])-[#8&-]):[#6](:[#6]:1-[#1])-[#1])-[#1])-[#1])-[#1]>>[#6:2]-[#6:3](=[#8:4])-[#8]-[#1],"EVODEX.2.1-P4206,EVODEX.2.1-P4389,EVODEX.2.1-P4847,EVODEX.2.1-P4879,EVODEX.2.1-P5042"
EVODEX.2.1-D946,[#6](-[#16]-[#6](-[#6](-[#6@](-[#7](-[#6:7](=[#8:8])-[#6@:9])-[#1])(-[#6](=[#8])-[#8]-[#1])-[#1])(-[#1])-[#1])(-[#1])-[#1])(-[#1])(-[#1])-[#1]>>[#6:7](=[#8:8])(-[#6@:9])-[#8]-[#1],"EVODEX.2.1-P4207,EVODEX.2.1-P4443,EVODEX.2.1-P4464,EVODEX.2.1-P4487,EVODEX.2.1-P5438"
EVODEX.2.1-D949,[#7](=[#6](-[#7](-[#1])-[#1])-[#7](-[#6](-[#6](-[#6](-[#6@](-[#7](-[#1])-[#1])(-[#6](=[#8])-[#7:12](-[#6:13])-[#6@:16])-[#1])(-[#1])-[#1])(-[#1])-[#1])(-[#1])-[#1])-[#1])-[#1]>>[#7:12](-[#6:13])(-[#6@:16])-[#1],"EVODEX.2.1-P4221,EVODEX.2.1-P4234,EVODEX.2.1-P4300,EVODEX.2.1-P4318,EVODEX.2.1-P4320"
EVODEX.2.1-D951,[#6:29]-[#7:30](-[#6](=[#8])-[#6@@](-[#7](-[#1])-[#1])(-[#6](-[#6](-[#6](=[#8])-[#8]-[#1])(-[#1])-[#1])(-[#1])-[#1])-[#1])-[#1]>>[#6:29]-[#7:30](-[#1])-[#1],"EVODEX.2.1-P4225,EVODEX.2.1-P4236,EVODEX.2.1-P4301,EVODEX.2.1-P4302,EVODEX.2.1-P5192"
EVODEX.2.1-D954,[#7](=[#6](-[#7](-[#1])-[#1])-[#7](-[#6](-[#6](-[#6](-[#6@](-[#7](-[#6:10](=[#8:11])-[#6@@:12])-[#1])(-[#6](=[#8])-[#8]-[#1])-[#1])(-[#1])-[#1])(-[#1])-[#1])(-[#1])-[#1])-[#1])-[#1]>>[#6:10](=[#8:11])(-[#6@@:12])-[#8]-[#1],"EVODEX.2.1-P4232,EVODEX.2.1-P4468,EVODEX.2.1-P4488,EVODEX.2.1-P4494,EVODEX.2.1-P4497"
EVODEX.2.1-D956,[#7:29](-[#6@:24])(-[#6](=[#8])-[#6@@](-[#7](-[#1])-[#1])(-[#6](-[#6](-[#6](-[#7](-[#1])-[#1])=[#8])(-[#1])-[#1])(-[#1])-[#1])-[#1])-[#1]>>[#7:29](-[#6@:24])(-[#1])-[#1],"EVODEX.2.1-P4237,EVODEX.2.1-P4238,EVODEX.2.1-P4239,EVODEX.2.1-P4240,EVODEX.2.1-P4241"
EVODEX.2.1-D957,[#6:4](-[#6@:2])(=[#8:5])-[#7](-[#6@](-[#6](=[#8])-[#8]-[#1])(-[#6@@](-[#6](-[#1])(-[#1])-[#1])(-[#8]-[#1])-[#1])-[#1])-[#1]>>[#6:4](-[#6@:2])(=[#8:5])-[#8]-[#1],"EVODEX.2.1-P4243,EVODEX.2.1-P4545,EVODEX.2.1-P4559,EVODEX.2.1-P4569,EVODEX.2.1-P5421"
EVODEX.2.1-D960,[#6:10](-[#6@@:2])(=[#8:11])-[#8]-[#1]>>[#6:10](-[#6@@:2])(=[#8:11])-[#7](-[#6]1:[#6](:[#6](:[#6](-[#7&+](=[#8])-[#8&-]):[#6](:[#6]:1-[#1])-[#1])-[#1])-[#1])-[#1],"EVODEX.2.1-P4246,EVODEX.2.1-P4577,EVODEX.2.1-P4734,EVODEX.2.1-P4763,EVODEX.2.1-P4875"
EVODEX.2.1-D962,[#7:6](-[#6@:5])(-[#1])-[#1]>>[#7:6](-[#6@:5])(-[#6](=[#8])-[#6@]1(-[#6](-[#6](-[#6](-[#7]-1-[#1])(-[#1])-[#1])(-[#1])-[#1])(-[#1])-[#1])-[#1])-[#1],"EVODEX.2.1-P4250,EVODEX.2.1-P4264,EVODEX.2.1-P4268,EVODEX.2.1-P6862,EVODEX.2.1-P6866"
EVODEX.2.1-D964,[#7:6](-[#6@:5])(-[#6](=[#8])-[#6](-[#6](-[#7](-[#1])-[#1])(-[#1])-[#1])(-[#1])-[#1])-[#1]>>[#7:6](-[#6@:5])(-[#1])-[#1],"EVODEX.2.1-P4259,EVODEX.2.1-P4260,EVODEX.2.1-P4266,EVODEX.2.1-P4275,EVODEX.2.1-P4337"
EVODEX.2.1-D965,[#6:3]-[#6:4](=[#8:5])-[#7](-[#6@@](-[#6](-[#6]1:[#6](:[#7]:[#6](:[#7]:1-[#1])-[#1])-[#1])(-[#1])-[#1])(-[#6](=[#8])-[#8]-[#1])-[#1])-[#1]>>[#6:3]-[#6:4](=[#8:5])-[#8]-[#1],"EVODEX.2.1-P4277,EVODEX.2.1-P4329,EVODEX.2.1-P4334,EVODEX.2.1-P4336,EVODEX.2.1-P4515"
EVODEX.2.1-D966,[#6](-[#6](-[#6@](-[#6](-[#1])(-[#1])-[#1])(-[#6@](-[#7](-[#6:7](=[#8:8])-[#6:9])-[#1])(-[#6](=[#8])-[#7](-[#6@](-[#6](-[#6](=[#8])-[#8]-[#1])(-[#1])-[#1])(-[#6](-[#6]1:[#6](:[#6](:[#6](-[#8]-[#1]):[#6](:[#6]:1-[#1])-[#1])-[#1])-[#1])(-[#1])-[#1])-[#1])-[#1])-[#1])-[#1])(-[#1])-[#1])(-[#1])(-[#1])-[#1]>>[#6:7](=[#8:8])(-[#6:9])-[#8]-[#1],"EVODEX.2.1-P4278,EVODEX.2.1-P4279,EVODEX.2.1-P4281,EVODEX.2.1-P4284,EVODEX.2.1-P4285"
EVODEX.2.1-D973,[#7](-[#6](-[#6](=[#8])-[#7:5](-[#6:6])-[#6@:9])(-[#1])-[#1])(-[#1])-[#1]>>[#7:5](-[#6:6])(-[#6@:9])-[#1],"EVODEX.2.1-P4307,EVODEX.2.1-P4321,EVODEX.2.1-P4322,EVODEX.2.1-P4350,EVODEX.2.1-P4354"
EVODEX.2.1-D975,[#6:8](-[#6@:6])(=[#8:9])-[#7]1-[#6](-[#6](-[#6](-[#6@]-1(-[#6](=[#8])-[#7](-[#6]1:[#6](:[#6](:[#6]2:[#6](-[#6](-[#6](-[#7](-[#1])-[#1])=[#8])(-[#1])-[#1]):[#6](:[#6](=[#8]):[#8]:[#6]:2:[#6]:1-[#1])-[#1])-[#1])-[#1])-[#1])-[#1])(-[#1])-[#1])(-[#1])-[#1])(-[#1])-[#1]>>[#6:8](-[#6@:6])(=[#8:9])-[#8]-[#1],"EVODEX.2.1-P4310,EVODEX.2.1-P4312,EVODEX.2.1-P4313,EVODEX.2.1-P4314,EVODEX.2.1-P4316"
EVODEX.2.1-D976,[#6](-[#6](-[#6@](-[#6](-[#1])(-[#1])-[#1])(-[#6@](-[#7](-[#6:7](=[#8:8])-[#6@@:9])-[#1])(-[#6](=[#8])-[#8]-[#1])-[#1])-[#1])(-[#1])-[#1])(-[#1])(-[#1])-[#1]>>[#6:7](=[#8:8])(-[#6@@:9])-[#8]-[#1],"EVODEX.2.1-P4323,EVODEX.2.1-P4463,EVODEX.2.1-P4518,EVODEX.2.1-P5371,EVODEX.2.1-P5372"
EVODEX.2.1-D982,[#6:2]-[#6:4](=[#8:5])-[#7](-[#6](-[#6](-[#6](-[#7](-[#1])-[#1])=[#8])(-[#1])-[#1])(-[#6](=[#8])-[#8]-[#1])-[#1])-[#1]>>[#6:2]-[#6:4](=[#8:5])-[#8]-[#1],"EVODEX.2.1-P4343,EVODEX.2.1-P4344,EVODEX.2.1-P4511,EVODEX.2.1-P4864,EVODEX.2.1-P5347"
EVODEX.2.1-D984,[#7:6](-[#6@:5])(-[#6](=[#8])-[#6](-[#17])(-[#1])-[#1])-[#1]>>[#7:6](-[#6@:5])(-[#1])-[#1],"EVODEX.2.1-P4347,EVODEX.2.1-P5430,EVODEX.2.1-P5435,EVODEX.2.1-P5436,EVODEX.2.1-P5445"
EVODEX.2.1-D987,[#6](-[#6@](-[#7](-[#6:4](=[#8:5])-[#6@:6])-[#1])(-[#6](=[#8])-[#8]-[#1])-[#1])(-[#1])(-[#1])-[#1]>>[#6:4](=[#8:5])(-[#6@:6])-[#8]-[#1],"EVODEX.2.1-P4362,EVODEX.2.1-P4436,EVODEX.2.1-P4448,EVODEX.2.1-P4504,EVODEX.2.1-P4915"
EVODEX.2.1-D989,[#6:11](-[#6@:10])(=[#8:12])-[#7](-[#6@@](-[#6](-[#6]1:[#6](:[#6](:[#6](-[#8]-[#1]):[#6](:[#6]:1-[#1])-[#1])-[#1])-[#1])(-[#1])-[#1])(-[#6](=[#8])-[#8]-[#1])-[#1])-[#1]>>[#6:11](-[#6@:10])(=[#8:12])-[#8]-[#1],"EVODEX.2.1-P4368,EVODEX.2.1-P4499,EVODEX.2.1-P4558,EVODEX.2.1-P5161,EVODEX.2.1-P5413"
EVODEX.2.1-D990,[#6:47](-[#6@@:44])(=[#8:48])-[#7](-[#6](-[#6](-[#6](-[#6](-[#6@](-[#7](-[#1])-[#1])(-[#6](=[#8])-[#8]-[#1])-[#1])(-[#1])-[#1])(-[#1])-[#1])(-[#1])-[#1])(-[#1])-[#1])-[#1]>>[#6:47](-[#6@@:44])(=[#8:48])-[#8]-[#1],"EVODEX.2.1-P4371,EVODEX.2.1-P5418,EVODEX.2.1-P5450,EVODEX.2.1-P5451,EVODEX.2.1-P5454"
EVODEX.2.1-D991,[#6:9]-[#6:10](=[#8:11])-[#7](-[#6@@](-[#6](-[#6](-[#6](-[#6](-[#7](-[#1])-[#1])(-[#1])-[#1])(-[#1])-[#1])(-[#1])-[#1])(-[#1])-[#1])(-[#6](=[#8])-[#8]-[#1])-[#1])-[#1]>>[#6:9]-[#6:10](=[#8:11])-[#8]-[#1],"EVODEX.2.1-P4372,EVODEX.2.1-P4467,EVODEX.2.1-P4562,EVODEX.2.1-P5059,EVODEX.2.1-P5416"
EVODEX.2.1-D994,[#6:9](-[#6@@:7])(=[#8:10])-[#7](-[#6]1:[#6](:[#6](:[#6](:[#6](:[#6]:1-[#7&+](=[#8])-[#8&-])-[#1])-[#1])-[#1])-[#1])-[#1]>>[#6:9](-[#6@@:7])(=[#8:10])-[#8]-[#1],"EVODEX.2.1-P4377,EVODEX.2.1-P5375,EVODEX.2.1-P5379,EVODEX.2.1-P5382,EVODEX.2.1-P5384"
EVODEX.2.1-D999,[#6](-[#8]-[#6]1:[#6](:[#6](-[#7](-[#6:7](=[#8:8])-[#6@@:9])-[#1]):[#6](:[#6]2:[#6](:[#6](:[#6](:[#6](:[#6]:1:2)-[#1])-[#1])-[#1])-[#1])-[#1])-[#1])(-[#1])(-[#1])-[#1]>>[#6:7](=[#8:8])(-[#6@@:9])-[#8]-[#1],"EVODEX.2.1-P4391,EVODEX.2.1-P4855,EVODEX.2.1-P4858,EVODEX.2.1-P4860,EVODEX.2.1-P4861"
EVODEX.2.1-D10,[#8:48]-[#6:49](-[#8:50]-[#1])(-[#6:51])-[#1]>>[#8:48]-[#6:49](=[#8:50])-[#6:51],"EVODEX.2.1-P104,EVODEX.2.1-P16,EVODEX.2.1-P19,EVODEX.2.1-P5713"
EVODEX.2.1-D299,[#6:2]/[#6:3](-[#6:4])=[#6:5](/[#6:6])-[#1]>>[#6:2]-[#6:3](-[#6:4])(-[#6:5](-[#6:6])=[#6](-[#1])-[#1])-[#1],"EVODEX.2.1-P1374,EVODEX.2.1-P1386,EVODEX.2.1-P1390,EVODEX.2.1-P1391"
EVODEX.2.1-D361,[#15:8](=[#8:9])-[#8:11]-[#15](=[#8])(-[#8]-[#1])-[#8]-[#6](-[#6@]1(-[#8]-[#6@@](-[#7]2:[#6](:[#6](:[#6](=[#8]):[#7](:[#6]:2=[#8])-[#1])-[#1])-[#1])(-[#6@](-[#8]-[#1])(-[#6@@]-1(-[#8]-[#1])-[#1])-[#1])-[#1])-[#1])(-[#1])-[#1]>>[#15:8](=[#8:9])-[#8:11]-[#1],"EVODEX.2.1-P1606,EVODEX.2.1-P1607,EVODEX.2.1-P3228,EVODEX.2.1-P3255"
EVODEX.2.1-D452,[#8:1]=[#6:2]-[#8:3]-[#1]>>[#8:1]=[#6:2]-[#8:3]-[#6@@]1(-[#8]-[#6@](-[#6](-[#8]-[#1])(-[#1])-[#1])(-[#6@@](-[#8]-[#1])(-[#6@](-[#8]-[#1])(-[#6@]-1(-[#8]-[#1])-[#1])-[#1])-[#1])-[#1])-[#1],"EVODEX.2.1-P2006,EVODEX.2.1-P2008,EVODEX.2.1-P2056,EVODEX.2.1-P2058"
EVODEX.2.1-D711,[#7](-[#6]1:[#6](:[#6](:[#7](-[#6@@]2(-[#8]-[#6@](-[#6](-[#8]-[#15](=[#8])(-[#8]-[#1])-[#8:14]-[#15:15]=[#8:16])(-[#1])-[#1])(-[#6@@](-[#8]-[#1])(-[#6@]-2(-[#8]-[#1])-[#1])-[#1])-[#1])-[#1]):[#6](=[#8]):[#7]:1)-[#1])-[#1])(-[#1])-[#1]>>[#8:14](-[#15:15]=[#8:16])-[#1],"EVODEX.2.1-P3218,EVODEX.2.1-P3225,EVODEX.2.1-P3275,EVODEX.2.1-P3279"
EVODEX.2.1-D73,[#7](-[#6]1:[#7]:[#6](:[#7]:[#6]2:[#6]:1:[#7]:[#6](:[#7]:2-[#6@@]1(-[#8]-[#6@](-[#6](-[#8]-[#15](=[#8])(-[#8]-[#1])-[#8]-[#15](=[#8])(-[#8]-[#1])-[#8:23]-[#15:24]=[#8:25])(-[#1])-[#1])(-[#6@@](-[#8]-[#1])(-[#6@]-1(-[#8]-[#1])-[#1])-[#1])-[#1])-[#1])-[#1])-[#1])(-[#1])-[#1]>>[#8:23](-[#15:24]=[#8:25])-[#1],"EVODEX.2.1-P246,EVODEX.2.1-P2890,EVODEX.2.1-P3133,EVODEX.2.1-P5840"
EVODEX.2.1-D754,[#6:3]-[#6:4](=[#8:5])-[#8]-[#6]1:[#6](:[#6](:[#6]2:[#6](-[#6](-[#1])(-[#1])-[#1]):[#6](:[#6](=[#8]):[#8]:[#6]:2:[#6]:1-[#1])-[#1])-[#1])-[#1]>>[#6:3]-[#6:4](=[#8:5])-[#8]-[#1],"EVODEX.2.1-P3427,EVODEX.2.1-P3431,EVODEX.2.1-P3933,EVODEX.2.1-P4057"
EVODEX.2.1-D801,[#6](-[#6](-[#6](-[#6](-[#6](-[#6](-[#6](-[#6](-[#6](-[#6](-[#6](-[#6](-[#6](-[#6](-[#6](-[#6](-[#8:17]-[#6:18]=[#8:19])(-[#1])-[#1])(-[#1])-[#1])(-[#1])-[#1])(-[#1])-[#1])(-[#1])-[#1])(-[#1])-[#1])(-[#1])-[#1])(-[#1])-[#1])(-[#1])-[#1])(-[#1])-[#1])(-[#1])-[#1])(-[#1])-[#1])(-[#1])-[#1])(-[#1])-[#1])(-[#1])-[#1])(-[#1])(-[#1])-[#1]>>[#8:17](-[#6:18]=[#8:19])-[#1],"EVODEX.2.1-P3581,EVODEX.2.1-P3633,EVODEX.2.1-P3634,EVODEX.2.1-P3635"
EVODEX.2.1-D842,[#7](-[#6](-[#6](-[#8:4]-[#15:5]=[#8:6])(-[#1])-[#1])(-[#1])-[#1])(-[#1])-[#1]>>[#8:4](-[#15:5]=[#8:6])-[#1],"EVODEX.2.1-P3728,EVODEX.2.1-P3812,EVODEX.2.1-P3819,EVODEX.2.1-P3822"
EVODEX.2.1-D1211,[#8:24]-[#15:25](=[#8:26])(-[#8:27])-[#8]-[#15](=[#8])(-[#8]-[#1])-[#8]-[#6](-[#6@]1(-[#8]-[#6@@](-[#7]2:[#6](:[#7]:[#6]3:[#6](-[#7](-[#1])-[#1]):[#7]:[#6](:[#7]:[#6]:2:3)-[#1])-[#1])(-[#6@](-[#8]-[#1])(-[#6@@]-1(-[#8]-[#1])-[#1])-[#1])-[#1])-[#1])(-[#1])-[#1]>>[#8:24]-[#15:25](=[#8:26])(-[#8:27])-[#8]-[#1],"EVODEX.2.1-P5820,EVODEX.2.1-P5827,EVODEX.2.1-P5854"
EVODEX.2.1-D20,[#8:20](-[#6@@:19](-[#6@@:18])(-[#6:21])-[#1])-[#1]>>[#6:19](-[#6@@:18])(=[#8:20])-[#6:21],"EVODEX.2.1-P32,EVODEX.2.1-P33,EVODEX.2.1-P94"
EVODEX.2.1-D640,[#8:31]-[#6@:32](-[#8:33]-[#15](=[#8])(-[#8]-[#1])-[#8]-[#1])(-[#6@:38])-[#1:61]>>[#8:31]-[#6:32](-[#8:33]-[#1])(-[#6@:38])-[#1:61],"EVODEX.2.1-P2861,EVODEX.2.1-P3740,EVODEX.2.1-P3759"
EVODEX.2.1-D707,[#7](-[#6]1:[#7]:[#6]2:[#6](:[#7]:[#6](:[#7]:2-[#6@@]2(-[#8]-[#6@](-[#6](-[#8]-[#15](=[#8])(-[#8]-[#1])-[#8:17]-[#15:18]=[#8:19])(-[#1])-[#1])(-[#6@@](-[#8]-[#1])(-[#6@]-2(-[#8]-[#1])-[#1])-[#1])-[#1])-[#1])-[#1]):[#6](=[#8]):[#7]:1-[#1])(-[#1])-[#1]>>[#8:17](-[#15:18]=[#8:19])-[#1],"EVODEX.2.1-P3183,EVODEX.2.1-P3201,EVODEX.2.1-P3231"
EVODEX.2.1-D758,[#6](-[#8:2]-[#6:3]=[#8:4])(-[#1])(-[#1])-[#1]>>[#8:2](-[#6:3]=[#8:4])-[#1],"EVODEX.2.1-P3435,EVODEX.2.1-P3512,EVODEX.2.1-P3663"
EVODEX.2.1-D1208,[#8:11]-[#15:12](=[#8:13])(-[#8:14])-[#8]-[#15](=[#8])(-[#8]-[#1])-[#8]-[#15](=[#8])(-[#8]-[#1])-[#8]-[#1]>>[#8:11]-[#15:12](=[#8:13])(-[#8:14])-[#8]-[#1],"EVODEX.2.1-P5812,EVODEX.2.1-P5823"
EVODEX.2.1-D1209,[#7](=[#6]1:[#7](:[#6](=[#8]):[#6]2:[#7]:[#6](:[#7](-[#6@]3(-[#8]-[#6@](-[#6](-[#8]-[#15:15](=[#8:16])(-[#8:17])-[#8:27]-[#15](=[#8])(-[#8]-[#1])-[#8]-[#1])(-[#1])-[#1])(-[#6@@](-[#8]-[#1])(-[#6@]-3(-[#8]-[#1])-[#1])-[#1])-[#1])-[#1]):[#6]:2:[#7]:1-[#1])-[#1])-[#1])-[#1]>>[#15:15](=[#8:16])(-[#8:17])(-[#8:27]-[#1])-[#8]-[#1],"EVODEX.2.1-P5815,EVODEX.2.1-P5838"
EVODEX.2.1-D1266,[#6:5]/[#6:6](=[#6:7](\[#6:8])-[#1:34])-[#1:33]>>[#6:5]-[#6:6](-[#6@@:7](-[#6:8])(-[#8]-[#1])-[#1:34])(-[#1:33])-[#1],"EVODEX.2.1-P6092,EVODEX.2.1-P6095"
EVODEX.2.1-D681,[#6:3](=[#8:4])-[#8:5]-[#15](=[#8])(-[#8]-[#1])-[#8]-[#1]>>[#6:3](=[#8:4])-[#8:5]-[#1],"EVODEX.2.1-P3058,EVODEX.2.1-P3060"
EVODEX.2.1-D701,[#7](-[#6]1:[#7]:[#6](:[#7]:[#6]2:[#6]:1:[#7]:[#6](:[#7]:2-[#6@@]1(-[#8]-[#6@](-[#6](-[#8]-[#15](=[#8])(-[#8]-[#1])-[#8:19]-[#15:20]=[#8:21])(-[#1])-[#1])(-[#6@@](-[#8]-[#1])(-[#6@]-1(-[#8]-[#1])-[#1])-[#1])-[#1])-[#1])-[#1])-[#1])(-[#1])-[#1]>>[#8:19](-[#15:20]=[#8:21])-[#1],"EVODEX.2.1-P3174,EVODEX.2.1-P3200"
EVODEX.2.1-D759,[#6:13]-[#6:14](=[#8:15])-[#8]-[#6](-[#1])(-[#1])-[#1]>>[#6:13]-[#6:14](=[#8:15])-[#8]-[#1],"EVODEX.2.1-P3436,EVODEX.2.1-P3703"
EVODEX.2.1-D1,[#6:2](=[#8:3])-[#6:4](=[#8:5])-[#1:53]>>[#6:2](=[#8:3])-[#6:4](-[#8:5]-[#1])(-[#1:53])-[#1],EVODEX.2.1-P1
EVODEX.2.1-D1212,[#8:24]-[#15:25](=[#8:26])(-[#8:27])-[#8]-[#15](=[#8])(-[#8]-[#1])-[#8]-[#6](-[#6@]1(-[#8]-[#6@](-[#7]2:[#6](:[#6](:[#6](=[#7]-[#1]):[#7](:[#6]:2=[#8])-[#1])-[#1])-[#1])(-[#6@](-[#8]-[#1])(-[#6@@]-1(-[#8]-[#1])-[#1])-[#1])-[#1])-[#1])(-[#1])-[#1]>>[#8:24]-[#15:25](=[#8:26])(-[#8:27])-[#8]-[#1],EVODEX.2.1-P5826
EVODEX.2.1-D1213,[#8]=[#6]1:[#6](:[#6](:[#7](-[#6@@]2(-[#8]-[#6@](-[#6](-[#8]-[#15](=[#8])(-[#8]-[#1])-[#8]-[#15:16](=[#8:17])(-[#8:18])-[#8:19])(-[#1])-[#1])(-[#6@](-[#8]-[#1])(-[#6]-2(-[#8]-[#1])-[#1])-[#1])-[#1])-[#1]):[#6](=[#8]):[#7]:1-[#1])-[#1])-[#1]>>[#8](-[#15:16](=[#8:17])(-[#8:18])-[#8:19])-[#1],EVODEX.2.1-P5828
EVODEX.2.1-D1220,[#8:15]-[#15:16](=[#8:17])(-[#8:18])-[#8]-[#15](=[#8])(-[#8]-[#1])-[#8]-[#1]>>[#8](-[#15:16](-[#8:15])(=[#8:17])-[#8:18])-[#1],EVODEX.2.1-P5848
EVODEX.2.1-D267,[#7](-[#6]1:[#7]:[#6](:[#7]:[#6]2:[#6]:1:[#7]:[#6](:[#7]:2-[#6@@]1(-[#8]-[#6@](-[#6](-[#8]-[#15](=[#8])(-[#8]-[#1])-[#8]-[#15](=[#8])(-[#8]-[#1])-[#8]-[#15:56](=[#8:57])(-[#8:58])-[#8:59])(-[#1])-[#1])(-[#6@@](-[#8]-[#1])(-[#6@]-1(-[#8]-[#1])-[#1])-[#1])-[#1])-[#1])-[#1])-[#1])(-[#1])-[#1]>>[#15:56](=[#8:57])(-[#8:58])(-[#8:59])-[#8]-[#1],EVODEX.2.1-P1271
EVODEX.2.1-D460,[#8:4]-[#6:5](-[#8:6]-[#1])(-[#6@:7])-[#1:83]>>[#8:4]-[#6@:5](-[#8:6]-[#6@]1(-[#8]-[#6@](-[#6](-[#8]-[#1])(-[#1])-[#1])(-[#6@](-[#8]-[#1])(-[#6@](-[#8]-[#1])(-[#6@]-1(-[#8]-[#1])-[#1])-[#1])-[#1])-[#1])-[#1])(-[#6@:7])-[#1:83],EVODEX.2.1-P2023
EVODEX.2.1-D698,[#15:30](=[#8:31])-[#8:33]-[#15](=[#8])(-[#8]-[#1])-[#8]-[#15](=[#8])(-[#8]-[#1])-[#8]-[#1]>>[#15:30](=[#8:31])-[#8:33]-[#1],EVODEX.2.1-P3153
EVODEX.2.1-D7,[#6:4]-[#6:5](=[#8:6])-[#6:7](-[#6:8])=[#8:9]>>[#6:4]-[#6:5](-[#8:6]-[#1])(-[#6:7](-[#6:8])(-[#8:9]-[#1])-[#1])-[#1],EVODEX.2.1-P11
EVODEX.2.1-D771,[#6](-[#6]1:[#6](:[#6](=[#8]):[#8]:[#6]2:[#6](:[#6](-[#8:10]-[#6:11]=[#8:12]):[#6](:[#6](:[#6]:1:2)-[#1])-[#1])-[#1])-[#1])(-[#1])(-[#1])-[#1]>>[#8:10](-[#6:11]=[#8:12])-[#1],EVODEX.2.1-P3456
EVODEX.2.1-D785,[#6:17]-[#6:18](=[#8:19])-[#8]-[#6](-[#6](-[#6](-[#6](-[#6](-[#6](-[#6](-[#6](-[#6](-[#6](-[#6](-[#6](-[#6](-[#6](-[#6](-[#6](-[#1])(-[#1])-[#1])(-[#1])-[#1])(-[#1])-[#1])(-[#1])-[#1])(-[#1])-[#1])(-[#1])-[#1])(-[#1])-[#1])(-[#1])-[#1])(-[#1])-[#1])(-[#1])-[#1])(-[#1])-[#1])(-[#1])-[#1])(-[#1])-[#1])(-[#1])-[#1])(-[#1])-[#1])(-[#1])-[#1]>>[#6:17]-[#6:18](=[#8:19])-[#8]-[#1],EVODEX.2.1-P3516
EVODEX.2.1-D793,[#6:1]-[#6:2]1=[#6:3](-[#6:4]-[#6:5](=[#8:6])-[#8:7]-1)-[#1:12]>>[#6:1]-[#6:2](-[#6:3](-[#6:4]-[#6:5](=[#8:6])-[#8]-[#1])(-[#1:12])-[#1])=[#8:7],EVODEX.2.1-P3538
EVODEX.2.1-D857,[#8:20]-[#15:21](=[#8:22])(-[#8:23])-[#8]-[#6](-[#6](-[#7](-[#1])-[#1])(-[#1])-[#1])(-[#1])-[#1]>>[#8:20]-[#15:21](=[#8:22])(-[#8:23])-[#8]-[#1],EVODEX.2.1-P3821
EVODEX.2.1-D863,[#8:3]-[#15@@:4](=[#8:5])(-[#8:6]-[#6]1:[#6](:[#6](:[#6](-[#7&+](=[#8])-[#8&-]):[#6](:[#6]:1-[#1])-[#1])-[#1])-[#1])-[#8:16]>>[#8:3]-[#15:4](=[#8:5])(-[#8:6]-[#1])-[#8:16],EVODEX.2.1-P3872
