id,smirks,sources,hash
EVODEX.2.1-Em379,[#6]-[#6](=[#8])-[#7:5](-[#6@@:6])-[#1]>>[#7:5](-[#6@@:6])(-[#1])-[#1],"EVODEX.2.1-P1726,EVODEX.2.1-P1878,EVODEX.2.1-P1879,EVODEX.2.1-P3481,EVODEX.2.1-P3607,EVODEX.2.1-P3627,EVODEX.2.1-P4133,EVODEX.2.1-P4136,EVODEX.2.1-P4137,EVODEX.2.1-P4138,EVODEX.2.1-P4144,EVODEX.2.1-P4146,EVODEX.2.1-P4147,EVODEX.2.1-P4148,EVODEX.2.1-P4154,EVODEX.2.1-P4157,EVODEX.2.1-P4158,EVODEX.2.1-P4163,EVODEX.2.1-P4167,EVODEX.2.1-P4169,EVODEX.2.1-P4170,EVODEX.2.1-P4175,EVODEX.2.1-P4179,EVODEX.2.1-P4180,EVODEX.2.1-P4181,EVODEX.2.1-P4184,EVODEX.2.1-P4185,EVODEX.2.1-P4186,EVODEX.2.1-P4187,EVODEX.2.1-P4188,EVODEX.2.1-P4189,EVODEX.2.1-P4190,EVODEX.2.1-P4192,EVODEX.2.1-P4193,EVODEX.2.1-P4197,EVODEX.2.1-P4198,EVODEX.2.1-P4200,EVODEX.2.1-P4201,EVODEX.2.1-P4202,EVODEX.2.1-P4220,EVODEX.2.1-P4225,EVODEX.2.1-P4226,EVODEX.2.1-P4229,EVODEX.2.1-P4230,EVODEX.2.1-P4233,EVODEX.2.1-P4236,EVODEX.2.1-P4237,EVODEX.2.1-P4238,EVODEX.2.1-P4239,EVODEX.2.1-P4240,EVODEX.2.1-P4241,EVODEX.2.1-P4256,EVODEX.2.1-P4259,EVODEX.2.1-P4260,EVODEX.2.1-P4262,EVODEX.2.1-P4266,EVODEX.2.1-P4275,EVODEX.2.1-P4276,EVODEX.2.1-P4290,EVODEX.2.1-P4291,EVODEX.2.1-P4297,EVODEX.2.1-P4299,EVODEX.2.1-P4301,EVODEX.2.1-P4302,EVODEX.2.1-P4305,EVODEX.2.1-P4325,EVODEX.2.1-P4328,EVODEX.2.1-P4331,EVODEX.2.1-P4333,EVODEX.2.1-P4337,EVODEX.2.1-P4340,EVODEX.2.1-P4341,EVODEX.2.1-P4345,EVODEX.2.1-P4347,EVODEX.2.1-P4361,EVODEX.2.1-P4408,EVODEX.2.1-P4417,EVODEX.2.1-P4419,EVODEX.2.1-P4421,EVODEX.2.1-P4422,EVODEX.2.1-P4423,EVODEX.2.1-P4428,EVODEX.2.1-P4432,EVODEX.2.1-P4438,EVODEX.2.1-P4440,EVODEX.2.1-P4441,EVODEX.2.1-P4445,EVODEX.2.1-P4446,EVODEX.2.1-P4447,EVODEX.2.1-P4450,EVODEX.2.1-P4454,EVODEX.2.1-P4457,EVODEX.2.1-P4458,EVODEX.2.1-P4479,EVODEX.2.1-P4492,EVODEX.2.1-P4502,EVODEX.2.1-P4503,EVODEX.2.1-P4509,EVODEX.2.1-P4516,EVODEX.2.1-P4520,EVODEX.2.1-P4521,EVODEX.2.1-P4534,EVODEX.2.1-P4535,EVODEX.2.1-P4536,EVODEX.2.1-P4539,EVODEX.2.1-P4540,EVODEX.2.1-P4543,EVODEX.2.1-P4546,EVODEX.2.1-P4547,EVODEX.2.1-P4549,EVODEX.2.1-P4550,EVODEX.2.1-P4555,EVODEX.2.1-P4556,EVODEX.2.1-P4557,EVODEX.2.1-P4560,EVODEX.2.1-P4564,EVODEX.2.1-P4566,EVODEX.2.1-P4567,EVODEX.2.1-P4568,EVODEX.2.1-P4570,EVODEX.2.1-P4573,EVODEX.2.1-P4626,EVODEX.2.1-P4627,EVODEX.2.1-P4628,EVODEX.2.1-P4629,EVODEX.2.1-P4630,EVODEX.2.1-P4654,EVODEX.2.1-P4655,EVODEX.2.1-P4661,EVODEX.2.1-P4666,EVODEX.2.1-P4718,EVODEX.2.1-P4721,EVODEX.2.1-P4722,EVODEX.2.1-P4723,EVODEX.2.1-P4724,EVODEX.2.1-P4725,EVODEX.2.1-P4726,EVODEX.2.1-P4727,EVODEX.2.1-P4759,EVODEX.2.1-P4796,EVODEX.2.1-P4797,EVODEX.2.1-P4818,EVODEX.2.1-P4841,EVODEX.2.1-P4842,EVODEX.2.1-P4844,EVODEX.2.1-P4845,EVODEX.2.1-P4846,EVODEX.2.1-P4914,EVODEX.2.1-P4918,EVODEX.2.1-P4919,EVODEX.2.1-P4927,EVODEX.2.1-P4928,EVODEX.2.1-P4933,EVODEX.2.1-P4939,EVODEX.2.1-P4941,EVODEX.2.1-P4958,EVODEX.2.1-P4961,EVODEX.2.1-P4999,EVODEX.2.1-P5000,EVODEX.2.1-P5002,EVODEX.2.1-P5003,EVODEX.2.1-P5005,EVODEX.2.1-P5017,EVODEX.2.1-P5032,EVODEX.2.1-P5033,EVODEX.2.1-P5034,EVODEX.2.1-P5035,EVODEX.2.1-P5036,EVODEX.2.1-P5073,EVODEX.2.1-P5074,EVODEX.2.1-P5075,EVODEX.2.1-P5082,EVODEX.2.1-P5083,EVODEX.2.1-P5100,EVODEX.2.1-P5103,EVODEX.2.1-P5106,EVODEX.2.1-P5111,EVODEX.2.1-P5145,EVODEX.2.1-P5146,EVODEX.2.1-P5147,EVODEX.2.1-P5148,EVODEX.2.1-P5149,EVODEX.2.1-P5186,EVODEX.2.1-P5187,EVODEX.2.1-P5188,EVODEX.2.1-P5189,EVODEX.2.1-P5190,EVODEX.2.1-P5191,EVODEX.2.1-P5192,EVODEX.2.1-P5193,EVODEX.2.1-P5194,EVODEX.2.1-P5195,EVODEX.2.1-P5196,EVODEX.2.1-P5200,EVODEX.2.1-P5209,EVODEX.2.1-P5210,EVODEX.2.1-P5211,EVODEX.2.1-P5212,EVODEX.2.1-P5226,EVODEX.2.1-P5227,EVODEX.2.1-P5236,EVODEX.2.1-P5237,EVODEX.2.1-P5238,EVODEX.2.1-P5239,EVODEX.2.1-P5240,EVODEX.2.1-P5241,EVODEX.2.1-P5247,EVODEX.2.1-P5248,EVODEX.2.1-P5249,EVODEX.2.1-P5250,EVODEX.2.1-P5251,EVODEX.2.1-P5254,EVODEX.2.1-P5255,EVODEX.2.1-P5256,EVODEX.2.1-P5257,EVODEX.2.1-P5258,EVODEX.2.1-P5259,EVODEX.2.1-P5260,EVODEX.2.1-P5261,EVODEX.2.1-P5262,EVODEX.2.1-P5263,EVODEX.2.1-P5284,EVODEX.2.1-P5285,EVODEX.2.1-P5286,EVODEX.2.1-P5287,EVODEX.2.1-P5288,EVODEX.2.1-P5289,EVODEX.2.1-P5290,EVODEX.2.1-P5291,EVODEX.2.1-P5292,EVODEX.2.1-P5294,EVODEX.2.1-P5295,EVODEX.2.1-P5296,EVODEX.2.1-P5342,EVODEX.2.1-P5346,EVODEX.2.1-P5358,EVODEX.2.1-P5361,EVODEX.2.1-P5367,EVODEX.2.1-P5408,EVODEX.2.1-P5409,EVODEX.2.1-P5412,EVODEX.2.1-P5415,EVODEX.2.1-P5420,EVODEX.2.1-P5425,EVODEX.2.1-P5428,EVODEX.2.1-P5430,EVODEX.2.1-P5435,EVODEX.2.1-P5436,EVODEX.2.1-P5445,EVODEX.2.1-P5447,EVODEX.2.1-P5453,EVODEX.2.1-P5467,EVODEX.2.1-P5481,EVODEX.2.1-P5511,EVODEX.2.1-P5556,EVODEX.2.1-P5558,EVODEX.2.1-P5559,EVODEX.2.1-P5563,EVODEX.2.1-P5612,EVODEX.2.1-P5613,EVODEX.2.1-P5617,EVODEX.2.1-P5673,EVODEX.2.1-P5674,EVODEX.2.1-P5675,EVODEX.2.1-P5676,EVODEX.2.1-P5677,EVODEX.2.1-P5688,EVODEX.2.1-P6127,EVODEX.2.1-P6129,EVODEX.2.1-P7106",112964657775986726577325843846435053441253355507887323218030258603058816686035
EVODEX.2.1-Em357,[#7](-[#6@])(-[#6:65](=[#8:66])-[#6:67])-[#1]>>[#6:65](=[#8:66])(-[#6:67])-[#8]-[#1],"EVODEX.2.1-P1616,EVODEX.2.1-P3482,EVODEX.2.1-P3628,EVODEX.2.1-P3698,EVODEX.2.1-P4135,EVODEX.2.1-P4139,EVODEX.2.1-P4141,EVODEX.2.1-P4145,EVODEX.2.1-P4152,EVODEX.2.1-P4161,EVODEX.2.1-P4162,EVODEX.2.1-P4171,EVODEX.2.1-P4178,EVODEX.2.1-P4191,EVODEX.2.1-P4194,EVODEX.2.1-P4195,EVODEX.2.1-P4207,EVODEX.2.1-P4232,EVODEX.2.1-P4243,EVODEX.2.1-P4277,EVODEX.2.1-P4278,EVODEX.2.1-P4279,EVODEX.2.1-P4281,EVODEX.2.1-P4284,EVODEX.2.1-P4285,EVODEX.2.1-P4289,EVODEX.2.1-P4295,EVODEX.2.1-P4323,EVODEX.2.1-P4329,EVODEX.2.1-P4334,EVODEX.2.1-P4336,EVODEX.2.1-P4343,EVODEX.2.1-P4344,EVODEX.2.1-P4362,EVODEX.2.1-P4368,EVODEX.2.1-P4369,EVODEX.2.1-P4371,EVODEX.2.1-P4372,EVODEX.2.1-P4382,EVODEX.2.1-P4401,EVODEX.2.1-P4406,EVODEX.2.1-P4409,EVODEX.2.1-P4412,EVODEX.2.1-P4414,EVODEX.2.1-P4415,EVODEX.2.1-P4416,EVODEX.2.1-P4424,EVODEX.2.1-P4425,EVODEX.2.1-P4427,EVODEX.2.1-P4430,EVODEX.2.1-P4436,EVODEX.2.1-P4442,EVODEX.2.1-P4443,EVODEX.2.1-P4448,EVODEX.2.1-P4452,EVODEX.2.1-P4455,EVODEX.2.1-P4462,EVODEX.2.1-P4463,EVODEX.2.1-P4464,EVODEX.2.1-P4467,EVODEX.2.1-P4468,EVODEX.2.1-P4484,EVODEX.2.1-P4485,EVODEX.2.1-P4487,EVODEX.2.1-P4488,EVODEX.2.1-P4490,EVODEX.2.1-P4493,EVODEX.2.1-P4494,EVODEX.2.1-P4495,EVODEX.2.1-P4497,EVODEX.2.1-P4498,EVODEX.2.1-P4499,EVODEX.2.1-P4504,EVODEX.2.1-P4506,EVODEX.2.1-P4507,EVODEX.2.1-P4508,EVODEX.2.1-P4511,EVODEX.2.1-P4515,EVODEX.2.1-P4518,EVODEX.2.1-P4522,EVODEX.2.1-P4523,EVODEX.2.1-P4525,EVODEX.2.1-P4530,EVODEX.2.1-P4532,EVODEX.2.1-P4542,EVODEX.2.1-P4545,EVODEX.2.1-P4558,EVODEX.2.1-P4559,EVODEX.2.1-P4562,EVODEX.2.1-P4569,EVODEX.2.1-P4572,EVODEX.2.1-P4621,EVODEX.2.1-P4623,EVODEX.2.1-P4624,EVODEX.2.1-P4633,EVODEX.2.1-P4636,EVODEX.2.1-P4637,EVODEX.2.1-P4638,EVODEX.2.1-P4639,EVODEX.2.1-P4644,EVODEX.2.1-P4682,EVODEX.2.1-P4683,EVODEX.2.1-P4684,EVODEX.2.1-P4686,EVODEX.2.1-P4690,EVODEX.2.1-P4693,EVODEX.2.1-P4716,EVODEX.2.1-P4749,EVODEX.2.1-P4753,EVODEX.2.1-P4760,EVODEX.2.1-P4779,EVODEX.2.1-P4781,EVODEX.2.1-P4782,EVODEX.2.1-P4787,EVODEX.2.1-P4789,EVODEX.2.1-P4819,EVODEX.2.1-P4821,EVODEX.2.1-P4822,EVODEX.2.1-P4823,EVODEX.2.1-P4828,EVODEX.2.1-P4864,EVODEX.2.1-P4915,EVODEX.2.1-P4921,EVODEX.2.1-P4929,EVODEX.2.1-P4932,EVODEX.2.1-P4934,EVODEX.2.1-P4935,EVODEX.2.1-P4942,EVODEX.2.1-P4952,EVODEX.2.1-P4957,EVODEX.2.1-P4960,EVODEX.2.1-P4964,EVODEX.2.1-P4966,EVODEX.2.1-P4968,EVODEX.2.1-P4970,EVODEX.2.1-P4972,EVODEX.2.1-P4995,EVODEX.2.1-P4996,EVODEX.2.1-P4998,EVODEX.2.1-P5007,EVODEX.2.1-P5009,EVODEX.2.1-P5023,EVODEX.2.1-P5026,EVODEX.2.1-P5027,EVODEX.2.1-P5029,EVODEX.2.1-P5030,EVODEX.2.1-P5041,EVODEX.2.1-P5052,EVODEX.2.1-P5059,EVODEX.2.1-P5070,EVODEX.2.1-P5071,EVODEX.2.1-P5072,EVODEX.2.1-P5077,EVODEX.2.1-P5081,EVODEX.2.1-P5086,EVODEX.2.1-P5087,EVODEX.2.1-P5088,EVODEX.2.1-P5091,EVODEX.2.1-P5092,EVODEX.2.1-P5118,EVODEX.2.1-P5119,EVODEX.2.1-P5121,EVODEX.2.1-P5122,EVODEX.2.1-P5142,EVODEX.2.1-P5159,EVODEX.2.1-P5161,EVODEX.2.1-P5165,EVODEX.2.1-P5168,EVODEX.2.1-P5169,EVODEX.2.1-P5172,EVODEX.2.1-P5173,EVODEX.2.1-P5197,EVODEX.2.1-P5199,EVODEX.2.1-P5203,EVODEX.2.1-P5205,EVODEX.2.1-P5206,EVODEX.2.1-P5214,EVODEX.2.1-P5215,EVODEX.2.1-P5218,EVODEX.2.1-P5219,EVODEX.2.1-P5220,EVODEX.2.1-P5224,EVODEX.2.1-P5225,EVODEX.2.1-P5229,EVODEX.2.1-P5232,EVODEX.2.1-P5233,EVODEX.2.1-P5234,EVODEX.2.1-P5253,EVODEX.2.1-P5266,EVODEX.2.1-P5268,EVODEX.2.1-P5270,EVODEX.2.1-P5273,EVODEX.2.1-P5280,EVODEX.2.1-P5283,EVODEX.2.1-P5298,EVODEX.2.1-P5300,EVODEX.2.1-P5303,EVODEX.2.1-P5304,EVODEX.2.1-P5305,EVODEX.2.1-P5307,EVODEX.2.1-P5308,EVODEX.2.1-P5310,EVODEX.2.1-P5316,EVODEX.2.1-P5318,EVODEX.2.1-P5319,EVODEX.2.1-P5321,EVODEX.2.1-P5330,EVODEX.2.1-P5347,EVODEX.2.1-P5353,EVODEX.2.1-P5354,EVODEX.2.1-P5368,EVODEX.2.1-P5371,EVODEX.2.1-P5372,EVODEX.2.1-P5386,EVODEX.2.1-P5396,EVODEX.2.1-P5398,EVODEX.2.1-P5400,EVODEX.2.1-P5410,EVODEX.2.1-P5413,EVODEX.2.1-P5416,EVODEX.2.1-P5418,EVODEX.2.1-P5421,EVODEX.2.1-P5424,EVODEX.2.1-P5433,EVODEX.2.1-P5438,EVODEX.2.1-P5440,EVODEX.2.1-P5450,EVODEX.2.1-P5451,EVODEX.2.1-P5454,EVODEX.2.1-P5479,EVODEX.2.1-P5485,EVODEX.2.1-P5489,EVODEX.2.1-P5493,EVODEX.2.1-P5497,EVODEX.2.1-P5501,EVODEX.2.1-P5504,EVODEX.2.1-P5505,EVODEX.2.1-P5506,EVODEX.2.1-P5509,EVODEX.2.1-P5510,EVODEX.2.1-P5527,EVODEX.2.1-P5531,EVODEX.2.1-P5533,EVODEX.2.1-P5540,EVODEX.2.1-P5570,EVODEX.2.1-P5611,EVODEX.2.1-P5679,EVODEX.2.1-P5681,EVODEX.2.1-P5683,EVODEX.2.1-P5684,EVODEX.2.1-P5687,EVODEX.2.1-P6544,EVODEX.2.1-P6559,EVODEX.2.1-P6584,EVODEX.2.1-P7073",91301474198293215645637563557970085297939764445442263132772878002580938613342
EVODEX.2.1-Em358,[#7](-[#6@])(-[#6:65](=[#8:66])-[#6:67])-[#1].[#8:82](-[#1])-[#1]>>[#6:65](=[#8:66])(-[#6:67])-[#8:82]-[#1],"EVODEX.2.1-P1617,EVODEX.2.1-P3697,EVODEX.2.1-P4134,EVODEX.2.1-P4140,EVODEX.2.1-P4149,EVODEX.2.1-P4150,EVODEX.2.1-P4151,EVODEX.2.1-P4153,EVODEX.2.1-P4155,EVODEX.2.1-P4159,EVODEX.2.1-P4160,EVODEX.2.1-P4164,EVODEX.2.1-P4168,EVODEX.2.1-P4177,EVODEX.2.1-P4196,EVODEX.2.1-P4199,EVODEX.2.1-P4205,EVODEX.2.1-P4216,EVODEX.2.1-P4219,EVODEX.2.1-P4231,EVODEX.2.1-P4242,EVODEX.2.1-P4280,EVODEX.2.1-P4282,EVODEX.2.1-P4283,EVODEX.2.1-P4286,EVODEX.2.1-P4287,EVODEX.2.1-P4324,EVODEX.2.1-P4326,EVODEX.2.1-P4327,EVODEX.2.1-P4332,EVODEX.2.1-P4335,EVODEX.2.1-P4339,EVODEX.2.1-P4342,EVODEX.2.1-P4346,EVODEX.2.1-P4348,EVODEX.2.1-P4370,EVODEX.2.1-P4374,EVODEX.2.1-P4392,EVODEX.2.1-P4407,EVODEX.2.1-P4410,EVODEX.2.1-P4411,EVODEX.2.1-P4413,EVODEX.2.1-P4418,EVODEX.2.1-P4420,EVODEX.2.1-P4426,EVODEX.2.1-P4429,EVODEX.2.1-P4431,EVODEX.2.1-P4435,EVODEX.2.1-P4437,EVODEX.2.1-P4449,EVODEX.2.1-P4451,EVODEX.2.1-P4453,EVODEX.2.1-P4456,EVODEX.2.1-P4461,EVODEX.2.1-P4465,EVODEX.2.1-P4466,EVODEX.2.1-P4469,EVODEX.2.1-P4482,EVODEX.2.1-P4483,EVODEX.2.1-P4486,EVODEX.2.1-P4489,EVODEX.2.1-P4491,EVODEX.2.1-P4496,EVODEX.2.1-P4500,EVODEX.2.1-P4501,EVODEX.2.1-P4510,EVODEX.2.1-P4512,EVODEX.2.1-P4513,EVODEX.2.1-P4514,EVODEX.2.1-P4517,EVODEX.2.1-P4519,EVODEX.2.1-P4524,EVODEX.2.1-P4526,EVODEX.2.1-P4527,EVODEX.2.1-P4528,EVODEX.2.1-P4529,EVODEX.2.1-P4531,EVODEX.2.1-P4537,EVODEX.2.1-P4538,EVODEX.2.1-P4541,EVODEX.2.1-P4544,EVODEX.2.1-P4548,EVODEX.2.1-P4561,EVODEX.2.1-P4571,EVODEX.2.1-P4574,EVODEX.2.1-P4619,EVODEX.2.1-P4620,EVODEX.2.1-P4622,EVODEX.2.1-P4625,EVODEX.2.1-P4632,EVODEX.2.1-P4634,EVODEX.2.1-P4635,EVODEX.2.1-P4642,EVODEX.2.1-P4643,EVODEX.2.1-P4681,EVODEX.2.1-P4685,EVODEX.2.1-P4687,EVODEX.2.1-P4689,EVODEX.2.1-P4732,EVODEX.2.1-P4744,EVODEX.2.1-P4750,EVODEX.2.1-P4752,EVODEX.2.1-P4754,EVODEX.2.1-P4756,EVODEX.2.1-P4770,EVODEX.2.1-P4772,EVODEX.2.1-P4773,EVODEX.2.1-P4780,EVODEX.2.1-P4786,EVODEX.2.1-P4788,EVODEX.2.1-P4826,EVODEX.2.1-P4827,EVODEX.2.1-P4830,EVODEX.2.1-P4831,EVODEX.2.1-P4836,EVODEX.2.1-P4839,EVODEX.2.1-P4917,EVODEX.2.1-P4920,EVODEX.2.1-P4924,EVODEX.2.1-P4926,EVODEX.2.1-P4931,EVODEX.2.1-P4940,EVODEX.2.1-P4946,EVODEX.2.1-P4963,EVODEX.2.1-P4965,EVODEX.2.1-P4967,EVODEX.2.1-P4969,EVODEX.2.1-P4971,EVODEX.2.1-P4993,EVODEX.2.1-P4994,EVODEX.2.1-P5006,EVODEX.2.1-P5022,EVODEX.2.1-P5024,EVODEX.2.1-P5025,EVODEX.2.1-P5028,EVODEX.2.1-P5039,EVODEX.2.1-P5069,EVODEX.2.1-P5076,EVODEX.2.1-P5078,EVODEX.2.1-P5079,EVODEX.2.1-P5080,EVODEX.2.1-P5084,EVODEX.2.1-P5085,EVODEX.2.1-P5089,EVODEX.2.1-P5090,EVODEX.2.1-P5093,EVODEX.2.1-P5114,EVODEX.2.1-P5115,EVODEX.2.1-P5117,EVODEX.2.1-P5120,EVODEX.2.1-P5123,EVODEX.2.1-P5143,EVODEX.2.1-P5144,EVODEX.2.1-P5150,EVODEX.2.1-P5156,EVODEX.2.1-P5162,EVODEX.2.1-P5163,EVODEX.2.1-P5164,EVODEX.2.1-P5166,EVODEX.2.1-P5167,EVODEX.2.1-P5170,EVODEX.2.1-P5171,EVODEX.2.1-P5180,EVODEX.2.1-P5185,EVODEX.2.1-P5198,EVODEX.2.1-P5201,EVODEX.2.1-P5202,EVODEX.2.1-P5204,EVODEX.2.1-P5207,EVODEX.2.1-P5208,EVODEX.2.1-P5213,EVODEX.2.1-P5216,EVODEX.2.1-P5217,EVODEX.2.1-P5221,EVODEX.2.1-P5222,EVODEX.2.1-P5223,EVODEX.2.1-P5228,EVODEX.2.1-P5230,EVODEX.2.1-P5231,EVODEX.2.1-P5235,EVODEX.2.1-P5242,EVODEX.2.1-P5243,EVODEX.2.1-P5244,EVODEX.2.1-P5245,EVODEX.2.1-P5246,EVODEX.2.1-P5267,EVODEX.2.1-P5269,EVODEX.2.1-P5271,EVODEX.2.1-P5272,EVODEX.2.1-P5274,EVODEX.2.1-P5279,EVODEX.2.1-P5281,EVODEX.2.1-P5282,EVODEX.2.1-P5293,EVODEX.2.1-P5297,EVODEX.2.1-P5299,EVODEX.2.1-P5301,EVODEX.2.1-P5302,EVODEX.2.1-P5306,EVODEX.2.1-P5309,EVODEX.2.1-P5312,EVODEX.2.1-P5315,EVODEX.2.1-P5317,EVODEX.2.1-P5320,EVODEX.2.1-P5322,EVODEX.2.1-P5329,EVODEX.2.1-P5333,EVODEX.2.1-P5345,EVODEX.2.1-P5350,EVODEX.2.1-P5362,EVODEX.2.1-P5366,EVODEX.2.1-P5387,EVODEX.2.1-P5388,EVODEX.2.1-P5397,EVODEX.2.1-P5399,EVODEX.2.1-P5404,EVODEX.2.1-P5406,EVODEX.2.1-P5407,EVODEX.2.1-P5411,EVODEX.2.1-P5414,EVODEX.2.1-P5417,EVODEX.2.1-P5419,EVODEX.2.1-P5422,EVODEX.2.1-P5423,EVODEX.2.1-P5431,EVODEX.2.1-P5432,EVODEX.2.1-P5437,EVODEX.2.1-P5439,EVODEX.2.1-P5441,EVODEX.2.1-P5442,EVODEX.2.1-P5446,EVODEX.2.1-P5448,EVODEX.2.1-P5449,EVODEX.2.1-P5452,EVODEX.2.1-P5476,EVODEX.2.1-P5478,EVODEX.2.1-P5487,EVODEX.2.1-P5492,EVODEX.2.1-P5496,EVODEX.2.1-P5499,EVODEX.2.1-P5500,EVODEX.2.1-P5502,EVODEX.2.1-P5503,EVODEX.2.1-P5507,EVODEX.2.1-P5508,EVODEX.2.1-P5526,EVODEX.2.1-P5530,EVODEX.2.1-P5532,EVODEX.2.1-P5537,EVODEX.2.1-P5552,EVODEX.2.1-P5678,EVODEX.2.1-P5680,EVODEX.2.1-P5682,EVODEX.2.1-P5685,EVODEX.2.1-P5686",51403231428235836922268362061359936879888051347579518356356234141627302081145
EVODEX.2.1-Em896,[#6:18]-[#6:19](=[#8:20])-[#8:21]-[#1].[#8:50]-[#15:51](=[#8:52])(-[#8:53])-[#8:54]-[#15:55](=[#8:56])(-[#8:57])-[#8:58]>>[#6:18]-[#6:19](=[#8:20])-[#7](-[#6])-[#1].[#8:21](-[#15:51](-[#8:50])(=[#8:52])-[#8:53])-[#1].[#8:54](-[#15:55](=[#8:56])(-[#8:57])-[#8:58])-[#1],"EVODEX.2.1-P6422,EVODEX.2.1-P6425,EVODEX.2.1-P6426,EVODEX.2.1-P6428,EVODEX.2.1-P6429,EVODEX.2.1-P6431,EVODEX.2.1-P6434,EVODEX.2.1-P6437,EVODEX.2.1-P6439,EVODEX.2.1-P6441,EVODEX.2.1-P6443,EVODEX.2.1-P6444,EVODEX.2.1-P6446,EVODEX.2.1-P6447,EVODEX.2.1-P6455,EVODEX.2.1-P6467,EVODEX.2.1-P6479,EVODEX.2.1-P6483,EVODEX.2.1-P6504,EVODEX.2.1-P6505,EVODEX.2.1-P6507,EVODEX.2.1-P6511,EVODEX.2.1-P6513,EVODEX.2.1-P6518,EVODEX.2.1-P6519,EVODEX.2.1-P6528,EVODEX.2.1-P6529,EVODEX.2.1-P6539,EVODEX.2.1-P6540,EVODEX.2.1-P6541,EVODEX.2.1-P6551,EVODEX.2.1-P6555,EVODEX.2.1-P6568,EVODEX.2.1-P6582,EVODEX.2.1-P6597,EVODEX.2.1-P6598,EVODEX.2.1-P6600,EVODEX.2.1-P6604,EVODEX.2.1-P6616,EVODEX.2.1-P6619,EVODEX.2.1-P6622,EVODEX.2.1-P6623,EVODEX.2.1-P6626,EVODEX.2.1-P6627,EVODEX.2.1-P6632,EVODEX.2.1-P6633,EVODEX.2.1-P6636,EVODEX.2.1-P6637,EVODEX.2.1-P6644,EVODEX.2.1-P6649,EVODEX.2.1-P6650,EVODEX.2.1-P6652,EVODEX.2.1-P6655,EVODEX.2.1-P6663,EVODEX.2.1-P6665,EVODEX.2.1-P6667,EVODEX.2.1-P6671,EVODEX.2.1-P6673,EVODEX.2.1-P6679,EVODEX.2.1-P6688,EVODEX.2.1-P6690,EVODEX.2.1-P6695,EVODEX.2.1-P6696,EVODEX.2.1-P6708,EVODEX.2.1-P6709,EVODEX.2.1-P6722,EVODEX.2.1-P6723,EVODEX.2.1-P6726,EVODEX.2.1-P6729,EVODEX.2.1-P6734,EVODEX.2.1-P6735,EVODEX.2.1-P6739,EVODEX.2.1-P6748,EVODEX.2.1-P6751,EVODEX.2.1-P6752,EVODEX.2.1-P6760,EVODEX.2.1-P6771,EVODEX.2.1-P6772,EVODEX.2.1-P6777,EVODEX.2.1-P6782,EVODEX.2.1-P6783,EVODEX.2.1-P6785,EVODEX.2.1-P6786,EVODEX.2.1-P6788,EVODEX.2.1-P6790,EVODEX.2.1-P6792,EVODEX.2.1-P6794,EVODEX.2.1-P6798,EVODEX.2.1-P6800,EVODEX.2.1-P6807,EVODEX.2.1-P6810,EVODEX.2.1-P6811,EVODEX.2.1-P6812,EVODEX.2.1-P6813,EVODEX.2.1-P6816,EVODEX.2.1-P6821,EVODEX.2.1-P6823,EVODEX.2.1-P6824,EVODEX.2.1-P6837,EVODEX.2.1-P6838,EVODEX.2.1-P6846,EVODEX.2.1-P6848,EVODEX.2.1-P6850,EVODEX.2.1-P6851,EVODEX.2.1-P6855,EVODEX.2.1-P6857,EVODEX.2.1-P6858,EVODEX.2.1-P6863,EVODEX.2.1-P6867,EVODEX.2.1-P6871,EVODEX.2.1-P6888,EVODEX.2.1-P6890,EVODEX.2.1-P6893,EVODEX.2.1-P6896,EVODEX.2.1-P6898,EVODEX.2.1-P6902,EVODEX.2.1-P6903,EVODEX.2.1-P6909,EVODEX.2.1-P6913,EVODEX.2.1-P6914,EVODEX.2.1-P6916,EVODEX.2.1-P6923,EVODEX.2.1-P6928,EVODEX.2.1-P6930,EVODEX.2.1-P6931,EVODEX.2.1-P6932,EVODEX.2.1-P6939,EVODEX.2.1-P6940,EVODEX.2.1-P6943,EVODEX.2.1-P6949,EVODEX.2.1-P6951,EVODEX.2.1-P6953,EVODEX.2.1-P6954,EVODEX.2.1-P6956,EVODEX.2.1-P6958,EVODEX.2.1-P6961,EVODEX.2.1-P6966,EVODEX.2.1-P6967,EVODEX.2.1-P6972,EVODEX.2.1-P6974,EVODEX.2.1-P6978,EVODEX.2.1-P6979,EVODEX.2.1-P6984,EVODEX.2.1-P6998,EVODEX.2.1-P6999,EVODEX.2.1-P7004,EVODEX.2.1-P7005,EVODEX.2.1-P7009,EVODEX.2.1-P7011,EVODEX.2.1-P7021,EVODEX.2.1-P7022,EVODEX.2.1-P7023,EVODEX.2.1-P7024,EVODEX.2.1-P7026,EVODEX.2.1-P7027,EVODEX.2.1-P7030,EVODEX.2.1-P7032,EVODEX.2.1-P7037,EVODEX.2.1-P7045,EVODEX.2.1-P7051,EVODEX.2.1-P7057,EVODEX.2.1-P7058,EVODEX.2.1-P7060,EVODEX.2.1-P7061,EVODEX.2.1-P7070,EVODEX.2.1-P7072,EVODEX.2.1-P7075,EVODEX.2.1-P7080,EVODEX.2.1-P7111",105621446907104677988672597132379806419526874781765278088725829589438209972961
EVODEX.2.1-Em899,[#8]-[#15](=[#8])(-[#8])-[#8:40]-[#15:41](=[#8:42])(-[#8:43])-[#8:44].[#7:7](-[#6@@:8])(-[#1])-[#1]>>[#6]-[#6](=[#8])-[#7:7](-[#6@@:8])-[#1].[#8:40](-[#15:41](=[#8:42])(-[#8:43])-[#8:44])-[#1],"EVODEX.2.1-P6445,EVODEX.2.1-P6457,EVODEX.2.1-P6458,EVODEX.2.1-P6459,EVODEX.2.1-P6460,EVODEX.2.1-P6462,EVODEX.2.1-P6464,EVODEX.2.1-P6468,EVODEX.2.1-P6470,EVODEX.2.1-P6471,EVODEX.2.1-P6472,EVODEX.2.1-P6477,EVODEX.2.1-P6478,EVODEX.2.1-P6481,EVODEX.2.1-P6482,EVODEX.2.1-P6506,EVODEX.2.1-P6508,EVODEX.2.1-P6509,EVODEX.2.1-P6515,EVODEX.2.1-P6521,EVODEX.2.1-P6522,EVODEX.2.1-P6524,EVODEX.2.1-P6526,EVODEX.2.1-P6530,EVODEX.2.1-P6532,EVODEX.2.1-P6547,EVODEX.2.1-P6577,EVODEX.2.1-P6578,EVODEX.2.1-P6588,EVODEX.2.1-P6592,EVODEX.2.1-P6607,EVODEX.2.1-P6609,EVODEX.2.1-P6610,EVODEX.2.1-P6618,EVODEX.2.1-P6625,EVODEX.2.1-P6628,EVODEX.2.1-P6635,EVODEX.2.1-P6657,EVODEX.2.1-P6658,EVODEX.2.1-P6664,EVODEX.2.1-P6670,EVODEX.2.1-P6672,EVODEX.2.1-P6676,EVODEX.2.1-P6678,EVODEX.2.1-P6682,EVODEX.2.1-P6683,EVODEX.2.1-P6685,EVODEX.2.1-P6687,EVODEX.2.1-P6699,EVODEX.2.1-P6713,EVODEX.2.1-P6715,EVODEX.2.1-P6716,EVODEX.2.1-P6725,EVODEX.2.1-P6728,EVODEX.2.1-P6736,EVODEX.2.1-P6737,EVODEX.2.1-P6738,EVODEX.2.1-P6741,EVODEX.2.1-P6743,EVODEX.2.1-P6744,EVODEX.2.1-P6745,EVODEX.2.1-P6747,EVODEX.2.1-P6755,EVODEX.2.1-P6757,EVODEX.2.1-P6759,EVODEX.2.1-P6761,EVODEX.2.1-P6762,EVODEX.2.1-P6776,EVODEX.2.1-P6781,EVODEX.2.1-P6791,EVODEX.2.1-P6796,EVODEX.2.1-P6799,EVODEX.2.1-P6802,EVODEX.2.1-P6803,EVODEX.2.1-P6806,EVODEX.2.1-P6809,EVODEX.2.1-P6817,EVODEX.2.1-P6818,EVODEX.2.1-P6819,EVODEX.2.1-P6820,EVODEX.2.1-P6822,EVODEX.2.1-P6825,EVODEX.2.1-P6827,EVODEX.2.1-P6828,EVODEX.2.1-P6830,EVODEX.2.1-P6831,EVODEX.2.1-P6833,EVODEX.2.1-P6835,EVODEX.2.1-P6839,EVODEX.2.1-P6847,EVODEX.2.1-P6856,EVODEX.2.1-P6859,EVODEX.2.1-P6860,EVODEX.2.1-P6861,EVODEX.2.1-P6864,EVODEX.2.1-P6869,EVODEX.2.1-P6870,EVODEX.2.1-P6874,EVODEX.2.1-P6877,EVODEX.2.1-P6878,EVODEX.2.1-P6883,EVODEX.2.1-P6885,EVODEX.2.1-P6887,EVODEX.2.1-P6891,EVODEX.2.1-P6895,EVODEX.2.1-P6897,EVODEX.2.1-P6899,EVODEX.2.1-P6901,EVODEX.2.1-P6904,EVODEX.2.1-P6912,EVODEX.2.1-P6915,EVODEX.2.1-P6918,EVODEX.2.1-P6919,EVODEX.2.1-P6921,EVODEX.2.1-P6924,EVODEX.2.1-P6925,EVODEX.2.1-P6926,EVODEX.2.1-P6927,EVODEX.2.1-P6934,EVODEX.2.1-P6935,EVODEX.2.1-P6938,EVODEX.2.1-P6942,EVODEX.2.1-P6944,EVODEX.2.1-P6959,EVODEX.2.1-P6963,EVODEX.2.1-P6968,EVODEX.2.1-P6969,EVODEX.2.1-P6971,EVODEX.2.1-P6975,EVODEX.2.1-P6976,EVODEX.2.1-P6980,EVODEX.2.1-P6981,EVODEX.2.1-P6982,EVODEX.2.1-P6987,EVODEX.2.1-P6990,EVODEX.2.1-P6993,EVODEX.2.1-P6995,EVODEX.2.1-P6997,EVODEX.2.1-P7002,EVODEX.2.1-P7003,EVODEX.2.1-P7006,EVODEX.2.1-P7008,EVODEX.2.1-P7013,EVODEX.2.1-P7015,EVODEX.2.1-P7017,EVODEX.2.1-P7019,EVODEX.2.1-P7029,EVODEX.2.1-P7035,EVODEX.2.1-P7036,EVODEX.2.1-P7038,EVODEX.2.1-P7041,EVODEX.2.1-P7046,EVODEX.2.1-P7047,EVODEX.2.1-P7050,EVODEX.2.1-P7063,EVODEX.2.1-P7065,EVODEX.2.1-P7076,EVODEX.2.1-P7078,EVODEX.2.1-P7081,EVODEX.2.1-P7109",34480903139601839710114366450648902672273523490482497459570957998015465897186
EVODEX.2.1-Em324,[#7:53](-[#6@@:54])(-[#1])-[#1]>>[#6]-[#6](=[#8])-[#7:53](-[#6@@:54])-[#1],"EVODEX.2.1-P1519,EVODEX.2.1-P1577,EVODEX.2.1-P1609,EVODEX.2.1-P1627,EVODEX.2.1-P1728,EVODEX.2.1-P1729,EVODEX.2.1-P1730,EVODEX.2.1-P1825,EVODEX.2.1-P1826,EVODEX.2.1-P1839,EVODEX.2.1-P1840,EVODEX.2.1-P1861,EVODEX.2.1-P1862,EVODEX.2.1-P1863,EVODEX.2.1-P1865,EVODEX.2.1-P1866,EVODEX.2.1-P1872,EVODEX.2.1-P1876,EVODEX.2.1-P1888,EVODEX.2.1-P1892,EVODEX.2.1-P3624,EVODEX.2.1-P3625,EVODEX.2.1-P4250,EVODEX.2.1-P4264,EVODEX.2.1-P4265,EVODEX.2.1-P4268,EVODEX.2.1-P4652,EVODEX.2.1-P4656,EVODEX.2.1-P4662,EVODEX.2.1-P4663,EVODEX.2.1-P4665,EVODEX.2.1-P4791,EVODEX.2.1-P4792,EVODEX.2.1-P4793,EVODEX.2.1-P4794,EVODEX.2.1-P4798,EVODEX.2.1-P5016,EVODEX.2.1-P5099,EVODEX.2.1-P5105,EVODEX.2.1-P5108,EVODEX.2.1-P5110,EVODEX.2.1-P5338,EVODEX.2.1-P5340,EVODEX.2.1-P5348,EVODEX.2.1-P5360,EVODEX.2.1-P5541,EVODEX.2.1-P5549,EVODEX.2.1-P6461,EVODEX.2.1-P6465,EVODEX.2.1-P6510,EVODEX.2.1-P6516,EVODEX.2.1-P6520,EVODEX.2.1-P6525,EVODEX.2.1-P6531,EVODEX.2.1-P6608,EVODEX.2.1-P6656,EVODEX.2.1-P6674,EVODEX.2.1-P6677,EVODEX.2.1-P6680,EVODEX.2.1-P6681,EVODEX.2.1-P6684,EVODEX.2.1-P6686,EVODEX.2.1-P6714,EVODEX.2.1-P6717,EVODEX.2.1-P6724,EVODEX.2.1-P6727,EVODEX.2.1-P6730,EVODEX.2.1-P6742,EVODEX.2.1-P6746,EVODEX.2.1-P6763,EVODEX.2.1-P6801,EVODEX.2.1-P6805,EVODEX.2.1-P6808,EVODEX.2.1-P6826,EVODEX.2.1-P6829,EVODEX.2.1-P6832,EVODEX.2.1-P6840,EVODEX.2.1-P6844,EVODEX.2.1-P6862,EVODEX.2.1-P6866,EVODEX.2.1-P6882,EVODEX.2.1-P6886,EVODEX.2.1-P6892,EVODEX.2.1-P6894,EVODEX.2.1-P6900,EVODEX.2.1-P6906,EVODEX.2.1-P6922,EVODEX.2.1-P6929,EVODEX.2.1-P6933,EVODEX.2.1-P6946,EVODEX.2.1-P6950,EVODEX.2.1-P6962,EVODEX.2.1-P6983,EVODEX.2.1-P6986,EVODEX.2.1-P6996,EVODEX.2.1-P7001,EVODEX.2.1-P7007,EVODEX.2.1-P7014,EVODEX.2.1-P7016,EVODEX.2.1-P7025,EVODEX.2.1-P7034,EVODEX.2.1-P7064,EVODEX.2.1-P7077,EVODEX.2.1-P7082,EVODEX.2.1-P7104",20274906149468687421161210613925219309797621901645010715603491958459940763762
EVODEX.2.1-Em628,[#6:17](-[#6@@:16])(=[#8:18])-[#8]-[#1]>>[#7](-[#6@])(-[#6:17](-[#6@:16])=[#8:18])-[#1],"EVODEX.2.1-P3629,EVODEX.2.1-P4579,EVODEX.2.1-P4584,EVODEX.2.1-P4746,EVODEX.2.1-P4747,EVODEX.2.1-P4757,EVODEX.2.1-P4758,EVODEX.2.1-P4762,EVODEX.2.1-P4769,EVODEX.2.1-P4771,EVODEX.2.1-P4775,EVODEX.2.1-P4777,EVODEX.2.1-P4783,EVODEX.2.1-P4824,EVODEX.2.1-P4825,EVODEX.2.1-P4832,EVODEX.2.1-P4834,EVODEX.2.1-P4837,EVODEX.2.1-P5332,EVODEX.2.1-P5349,EVODEX.2.1-P5351,EVODEX.2.1-P5356,EVODEX.2.1-P5427,EVODEX.2.1-P5474,EVODEX.2.1-P5486,EVODEX.2.1-P5490,EVODEX.2.1-P5495,EVODEX.2.1-P5498,EVODEX.2.1-P5624,EVODEX.2.1-P5630,EVODEX.2.1-P5631,EVODEX.2.1-P6424,EVODEX.2.1-P6432,EVODEX.2.1-P6435,EVODEX.2.1-P6438,EVODEX.2.1-P6453,EVODEX.2.1-P6456,EVODEX.2.1-P6514,EVODEX.2.1-P6517,EVODEX.2.1-P6553,EVODEX.2.1-P6560,EVODEX.2.1-P6563,EVODEX.2.1-P6567,EVODEX.2.1-P6583,EVODEX.2.1-P6605,EVODEX.2.1-P6620,EVODEX.2.1-P6634,EVODEX.2.1-P6638,EVODEX.2.1-P6643,EVODEX.2.1-P6653,EVODEX.2.1-P6654,EVODEX.2.1-P6689,EVODEX.2.1-P6702,EVODEX.2.1-P6705,EVODEX.2.1-P6712,EVODEX.2.1-P6732,EVODEX.2.1-P6753,EVODEX.2.1-P6769,EVODEX.2.1-P6774,EVODEX.2.1-P6779,EVODEX.2.1-P6780,EVODEX.2.1-P6784,EVODEX.2.1-P6789,EVODEX.2.1-P6797,EVODEX.2.1-P6815,EVODEX.2.1-P6834,EVODEX.2.1-P6836,EVODEX.2.1-P6841,EVODEX.2.1-P6849,EVODEX.2.1-P6852,EVODEX.2.1-P6873,EVODEX.2.1-P6879,EVODEX.2.1-P6880,EVODEX.2.1-P6907,EVODEX.2.1-P6917,EVODEX.2.1-P6920,EVODEX.2.1-P6936,EVODEX.2.1-P6947,EVODEX.2.1-P6955,EVODEX.2.1-P6960,EVODEX.2.1-P6965,EVODEX.2.1-P6970,EVODEX.2.1-P6973,EVODEX.2.1-P6988,EVODEX.2.1-P6994,EVODEX.2.1-P7010,EVODEX.2.1-P7020,EVODEX.2.1-P7031,EVODEX.2.1-P7054,EVODEX.2.1-P7055,EVODEX.2.1-P7066,EVODEX.2.1-P7067,EVODEX.2.1-P7071,EVODEX.2.1-P7074,EVODEX.2.1-P7079",87517083460207283284024329235000052591267119143861413719776771473091666691681
EVODEX.2.1-Em332,[#6:87]-[#8:88]-[#1]>>[#6](=[#8])(-[#6])-[#8:88]-[#6:87],"EVODEX.2.1-P1537,EVODEX.2.1-P1538,EVODEX.2.1-P1584,EVODEX.2.1-P1610,EVODEX.2.1-P1622,EVODEX.2.1-P1623,EVODEX.2.1-P1628,EVODEX.2.1-P1631,EVODEX.2.1-P1634,EVODEX.2.1-P1688,EVODEX.2.1-P1689,EVODEX.2.1-P1690,EVODEX.2.1-P1692,EVODEX.2.1-P1699,EVODEX.2.1-P1700,EVODEX.2.1-P1706,EVODEX.2.1-P1711,EVODEX.2.1-P1712,EVODEX.2.1-P1717,EVODEX.2.1-P1718,EVODEX.2.1-P1737,EVODEX.2.1-P1738,EVODEX.2.1-P1762,EVODEX.2.1-P1763,EVODEX.2.1-P1765,EVODEX.2.1-P1766,EVODEX.2.1-P1768,EVODEX.2.1-P1793,EVODEX.2.1-P1794,EVODEX.2.1-P1796,EVODEX.2.1-P1797,EVODEX.2.1-P1798,EVODEX.2.1-P1800,EVODEX.2.1-P1802,EVODEX.2.1-P1803,EVODEX.2.1-P1805,EVODEX.2.1-P1807,EVODEX.2.1-P1808,EVODEX.2.1-P1809,EVODEX.2.1-P1810,EVODEX.2.1-P1812,EVODEX.2.1-P1813,EVODEX.2.1-P1814,EVODEX.2.1-P1815,EVODEX.2.1-P1817,EVODEX.2.1-P1818,EVODEX.2.1-P1819,EVODEX.2.1-P1820,EVODEX.2.1-P1821,EVODEX.2.1-P1835,EVODEX.2.1-P1836,EVODEX.2.1-P1837,EVODEX.2.1-P2011,EVODEX.2.1-P2012,EVODEX.2.1-P2016,EVODEX.2.1-P2040,EVODEX.2.1-P2041,EVODEX.2.1-P2047,EVODEX.2.1-P2060,EVODEX.2.1-P2061,EVODEX.2.1-P2064,EVODEX.2.1-P2067,EVODEX.2.1-P2079,EVODEX.2.1-P2090,EVODEX.2.1-P2094,EVODEX.2.1-P2103,EVODEX.2.1-P2111,EVODEX.2.1-P2112,EVODEX.2.1-P2123,EVODEX.2.1-P2125,EVODEX.2.1-P2127,EVODEX.2.1-P2133,EVODEX.2.1-P2135,EVODEX.2.1-P2139,EVODEX.2.1-P2179,EVODEX.2.1-P2181,EVODEX.2.1-P2182,EVODEX.2.1-P3423,EVODEX.2.1-P3575,EVODEX.2.1-P3653,EVODEX.2.1-P3679,EVODEX.2.1-P3680,EVODEX.2.1-P4110,EVODEX.2.1-P4111,EVODEX.2.1-P4113,EVODEX.2.1-P4114,EVODEX.2.1-P4117",31215936292187085935354989550792638892655628222918569713998180219061139030201
EVODEX.2.1-Em521,[#8]-[#15](=[#8])(-[#8])-[#8]-[#15:26](=[#8:27])(-[#8:28])-[#8:29].[#8:31](-[#6:32])-[#1]>>[#15:26](=[#8:27])(-[#8:28])(-[#8:29])-[#8:31]-[#6:32],"EVODEX.2.1-P2818,EVODEX.2.1-P2819,EVODEX.2.1-P2820,EVODEX.2.1-P2823,EVODEX.2.1-P2824,EVODEX.2.1-P2825,EVODEX.2.1-P2826,EVODEX.2.1-P2827,EVODEX.2.1-P2836,EVODEX.2.1-P2850,EVODEX.2.1-P2852,EVODEX.2.1-P2862,EVODEX.2.1-P2863,EVODEX.2.1-P2867,EVODEX.2.1-P2868,EVODEX.2.1-P2872,EVODEX.2.1-P2873,EVODEX.2.1-P2874,EVODEX.2.1-P2877,EVODEX.2.1-P2883,EVODEX.2.1-P2886,EVODEX.2.1-P2887,EVODEX.2.1-P2889,EVODEX.2.1-P2891,EVODEX.2.1-P2892,EVODEX.2.1-P2893,EVODEX.2.1-P2894,EVODEX.2.1-P2901,EVODEX.2.1-P2905,EVODEX.2.1-P2906,EVODEX.2.1-P2907,EVODEX.2.1-P2909,EVODEX.2.1-P2911,EVODEX.2.1-P2915,EVODEX.2.1-P2917,EVODEX.2.1-P2919,EVODEX.2.1-P2924,EVODEX.2.1-P2927,EVODEX.2.1-P2929,EVODEX.2.1-P2931,EVODEX.2.1-P2932,EVODEX.2.1-P2934,EVODEX.2.1-P2936,EVODEX.2.1-P2940,EVODEX.2.1-P2958,EVODEX.2.1-P2959,EVODEX.2.1-P2986,EVODEX.2.1-P2987,EVODEX.2.1-P2988,EVODEX.2.1-P2990,EVODEX.2.1-P2991,EVODEX.2.1-P2992,EVODEX.2.1-P2993,EVODEX.2.1-P2994,EVODEX.2.1-P2996,EVODEX.2.1-P2999,EVODEX.2.1-P3001,EVODEX.2.1-P3002,EVODEX.2.1-P3029,EVODEX.2.1-P3030,EVODEX.2.1-P3162,EVODEX.2.1-P3163,EVODEX.2.1-P3164,EVODEX.2.1-P3166,EVODEX.2.1-P3168,EVODEX.2.1-P3169,EVODEX.2.1-P3170,EVODEX.2.1-P3222,EVODEX.2.1-P3224,EVODEX.2.1-P3226,EVODEX.2.1-P3238,EVODEX.2.1-P3257,EVODEX.2.1-P3269,EVODEX.2.1-P3273,EVODEX.2.1-P3274,EVODEX.2.1-P3292,EVODEX.2.1-P3301,EVODEX.2.1-P3800,EVODEX.2.1-P3802,EVODEX.2.1-P5817",92760563288616481497418700356660224851441696198427705163251527540288573447330
EVODEX.2.1-Em520,[#8:17]-[#15:18](=[#8:19])(-[#8:20])-[#8:21]-[#15:22](=[#8:23])(-[#8:24])-[#8:25]>>[#8:17]-[#15:18](=[#8:19])(-[#8:20])-[#8:21]-[#1].[#15:22](=[#8:23])(-[#8:24])(-[#8:25])-[#8]-[#6],"EVODEX.2.1-P2817,EVODEX.2.1-P2829,EVODEX.2.1-P2830,EVODEX.2.1-P2833,EVODEX.2.1-P2834,EVODEX.2.1-P2835,EVODEX.2.1-P2837,EVODEX.2.1-P2839,EVODEX.2.1-P2840,EVODEX.2.1-P2841,EVODEX.2.1-P2842,EVODEX.2.1-P2843,EVODEX.2.1-P2844,EVODEX.2.1-P2845,EVODEX.2.1-P2846,EVODEX.2.1-P2851,EVODEX.2.1-P2853,EVODEX.2.1-P2854,EVODEX.2.1-P2855,EVODEX.2.1-P2856,EVODEX.2.1-P2857,EVODEX.2.1-P2860,EVODEX.2.1-P2864,EVODEX.2.1-P2865,EVODEX.2.1-P2866,EVODEX.2.1-P2869,EVODEX.2.1-P2876,EVODEX.2.1-P2895,EVODEX.2.1-P2896,EVODEX.2.1-P2897,EVODEX.2.1-P2898,EVODEX.2.1-P2902,EVODEX.2.1-P2903,EVODEX.2.1-P2904,EVODEX.2.1-P2908,EVODEX.2.1-P2914,EVODEX.2.1-P2916,EVODEX.2.1-P2918,EVODEX.2.1-P2920,EVODEX.2.1-P2921,EVODEX.2.1-P2922,EVODEX.2.1-P2933,EVODEX.2.1-P2935,EVODEX.2.1-P2937,EVODEX.2.1-P2938,EVODEX.2.1-P2939,EVODEX.2.1-P2962,EVODEX.2.1-P2963,EVODEX.2.1-P2964,EVODEX.2.1-P2965,EVODEX.2.1-P2966,EVODEX.2.1-P2967,EVODEX.2.1-P2968,EVODEX.2.1-P2969,EVODEX.2.1-P2970,EVODEX.2.1-P2976,EVODEX.2.1-P2977,EVODEX.2.1-P2978,EVODEX.2.1-P2981,EVODEX.2.1-P2995,EVODEX.2.1-P2998,EVODEX.2.1-P3000,EVODEX.2.1-P3031,EVODEX.2.1-P3154,EVODEX.2.1-P3155,EVODEX.2.1-P3160,EVODEX.2.1-P3276,EVODEX.2.1-P3277,EVODEX.2.1-P3278,EVODEX.2.1-P3280,EVODEX.2.1-P3298,EVODEX.2.1-P3299,EVODEX.2.1-P3300,EVODEX.2.1-P3302,EVODEX.2.1-P3801",94480557470868045107872302504226280460836419331015262960536514266200457003992
EVODEX.2.1-Em347,[#6]-[#6](=[#8])-[#8:66]-[#6:67]>>[#8:66](-[#6:67])-[#1],"EVODEX.2.1-P1586,EVODEX.2.1-P1613,EVODEX.2.1-P1764,EVODEX.2.1-P1785,EVODEX.2.1-P1789,EVODEX.2.1-P1972,EVODEX.2.1-P2073,EVODEX.2.1-P2077,EVODEX.2.1-P2082,EVODEX.2.1-P2085,EVODEX.2.1-P3407,EVODEX.2.1-P3409,EVODEX.2.1-P3419,EVODEX.2.1-P3424,EVODEX.2.1-P3487,EVODEX.2.1-P3488,EVODEX.2.1-P3489,EVODEX.2.1-P3505,EVODEX.2.1-P3511,EVODEX.2.1-P3514,EVODEX.2.1-P3515,EVODEX.2.1-P3521,EVODEX.2.1-P3530,EVODEX.2.1-P3562,EVODEX.2.1-P3563,EVODEX.2.1-P3589,EVODEX.2.1-P3590,EVODEX.2.1-P3596,EVODEX.2.1-P3601,EVODEX.2.1-P3602,EVODEX.2.1-P3606,EVODEX.2.1-P3615,EVODEX.2.1-P3637,EVODEX.2.1-P3644,EVODEX.2.1-P3657,EVODEX.2.1-P3686,EVODEX.2.1-P3881,EVODEX.2.1-P3884,EVODEX.2.1-P3915,EVODEX.2.1-P3918,EVODEX.2.1-P3919,EVODEX.2.1-P3920,EVODEX.2.1-P3923,EVODEX.2.1-P3924,EVODEX.2.1-P3928,EVODEX.2.1-P3929,EVODEX.2.1-P3930,EVODEX.2.1-P3931,EVODEX.2.1-P3934,EVODEX.2.1-P3965,EVODEX.2.1-P3968,EVODEX.2.1-P3969,EVODEX.2.1-P3978,EVODEX.2.1-P4001,EVODEX.2.1-P4011,EVODEX.2.1-P4023,EVODEX.2.1-P4026,EVODEX.2.1-P4040,EVODEX.2.1-P4042,EVODEX.2.1-P4059,EVODEX.2.1-P4070,EVODEX.2.1-P4078,EVODEX.2.1-P4080,EVODEX.2.1-P4082,EVODEX.2.1-P4085,EVODEX.2.1-P4091,EVODEX.2.1-P4092,EVODEX.2.1-P4093,EVODEX.2.1-P4094,EVODEX.2.1-P4095,EVODEX.2.1-P4097,EVODEX.2.1-P4102,EVODEX.2.1-P4115,EVODEX.2.1-P6089",29082743957763582669861678912473128062430887236943654446604957471252252091249
EVODEX.2.1-Em897,[#6:21]-[#6:22](=[#8:23])-[#8:24]-[#1]>>[#6:21]-[#6:22](=[#8:23])-[#7](-[#6])-[#1].[#8:24](-[#15](-[#8])(=[#8])-[#8])-[#1],"EVODEX.2.1-P6427,EVODEX.2.1-P6430,EVODEX.2.1-P6433,EVODEX.2.1-P6436,EVODEX.2.1-P6440,EVODEX.2.1-P6448,EVODEX.2.1-P6452,EVODEX.2.1-P6454,EVODEX.2.1-P6480,EVODEX.2.1-P6527,EVODEX.2.1-P6533,EVODEX.2.1-P6545,EVODEX.2.1-P6565,EVODEX.2.1-P6575,EVODEX.2.1-P6601,EVODEX.2.1-P6606,EVODEX.2.1-P6621,EVODEX.2.1-P6624,EVODEX.2.1-P6639,EVODEX.2.1-P6645,EVODEX.2.1-P6651,EVODEX.2.1-P6703,EVODEX.2.1-P6704,EVODEX.2.1-P6707,EVODEX.2.1-P6711,EVODEX.2.1-P6719,EVODEX.2.1-P6733,EVODEX.2.1-P6749,EVODEX.2.1-P6750,EVODEX.2.1-P6754,EVODEX.2.1-P6756,EVODEX.2.1-P6758,EVODEX.2.1-P6773,EVODEX.2.1-P6778,EVODEX.2.1-P6787,EVODEX.2.1-P6793,EVODEX.2.1-P6804,EVODEX.2.1-P6845,EVODEX.2.1-P6853,EVODEX.2.1-P6865,EVODEX.2.1-P6868,EVODEX.2.1-P6872,EVODEX.2.1-P6875,EVODEX.2.1-P6881,EVODEX.2.1-P6884,EVODEX.2.1-P6889,EVODEX.2.1-P6905,EVODEX.2.1-P6908,EVODEX.2.1-P6937,EVODEX.2.1-P6941,EVODEX.2.1-P6945,EVODEX.2.1-P6948,EVODEX.2.1-P6952,EVODEX.2.1-P6957,EVODEX.2.1-P6964,EVODEX.2.1-P6977,EVODEX.2.1-P6985,EVODEX.2.1-P6989,EVODEX.2.1-P6991,EVODEX.2.1-P7000,EVODEX.2.1-P7012,EVODEX.2.1-P7018,EVODEX.2.1-P7028,EVODEX.2.1-P7033,EVODEX.2.1-P7044",70278397967613670266274928647794327086784675406247464834464824965585186104943
EVODEX.2.1-Em486,[#7](-[#6@@:2](-[#6:3])(-[#6:8](=[#8:9])-[#8:10])-[#1])(-[#1])-[#1].[#6]-[#6](=[#8:16])-[#6](=[#8])-[#8]>>[#6:2](-[#6:3])(-[#6:8](=[#8:9])-[#8:10])=[#8:16],"EVODEX.2.1-P2403,EVODEX.2.1-P2460,EVODEX.2.1-P2464,EVODEX.2.1-P2467,EVODEX.2.1-P2468,EVODEX.2.1-P2469,EVODEX.2.1-P2480,EVODEX.2.1-P2481,EVODEX.2.1-P2483,EVODEX.2.1-P2513,EVODEX.2.1-P2527,EVODEX.2.1-P2530,EVODEX.2.1-P2531,EVODEX.2.1-P2535,EVODEX.2.1-P2541,EVODEX.2.1-P2542,EVODEX.2.1-P2545,EVODEX.2.1-P2547,EVODEX.2.1-P2549,EVODEX.2.1-P2553,EVODEX.2.1-P2554,EVODEX.2.1-P2557,EVODEX.2.1-P2561,EVODEX.2.1-P2564,EVODEX.2.1-P2567,EVODEX.2.1-P2569,EVODEX.2.1-P2570,EVODEX.2.1-P2588,EVODEX.2.1-P2591,EVODEX.2.1-P2598,EVODEX.2.1-P2603,EVODEX.2.1-P2610,EVODEX.2.1-P2625,EVODEX.2.1-P2627,EVODEX.2.1-P2628,EVODEX.2.1-P2639,EVODEX.2.1-P2641,EVODEX.2.1-P2646,EVODEX.2.1-P2651,EVODEX.2.1-P2686,EVODEX.2.1-P2689,EVODEX.2.1-P2698,EVODEX.2.1-P2699,EVODEX.2.1-P2707,EVODEX.2.1-P2711,EVODEX.2.1-P2720,EVODEX.2.1-P2728,EVODEX.2.1-P2731,EVODEX.2.1-P2732,EVODEX.2.1-P2733,EVODEX.2.1-P2752,EVODEX.2.1-P2761,EVODEX.2.1-P2766,EVODEX.2.1-P2768,EVODEX.2.1-P2773,EVODEX.2.1-P2790,EVODEX.2.1-P2792,EVODEX.2.1-P2796,EVODEX.2.1-P2798,EVODEX.2.1-P2804",87350096609029442397481738108837329273604914536667410003069784240526393586285
EVODEX.2.1-Em489,[#7:8](-[#6@@:9](-[#6:10])(-[#6:14](=[#8:15])-[#8:16])-[#1])(-[#1])-[#1]>>[#6]-[#6](-[#6](=[#8])-[#8])(-[#7:8](-[#1])-[#1])-[#1].[#8]=[#6:9](-[#6:10])-[#6:14](=[#8:15])-[#8:16],"EVODEX.2.1-P2407,EVODEX.2.1-P2448,EVODEX.2.1-P2457,EVODEX.2.1-P2459,EVODEX.2.1-P2461,EVODEX.2.1-P2463,EVODEX.2.1-P2470,EVODEX.2.1-P2471,EVODEX.2.1-P2479,EVODEX.2.1-P2482,EVODEX.2.1-P2514,EVODEX.2.1-P2528,EVODEX.2.1-P2529,EVODEX.2.1-P2536,EVODEX.2.1-P2540,EVODEX.2.1-P2546,EVODEX.2.1-P2558,EVODEX.2.1-P2562,EVODEX.2.1-P2589,EVODEX.2.1-P2601,EVODEX.2.1-P2604,EVODEX.2.1-P2612,EVODEX.2.1-P2614,EVODEX.2.1-P2616,EVODEX.2.1-P2617,EVODEX.2.1-P2620,EVODEX.2.1-P2644,EVODEX.2.1-P2653,EVODEX.2.1-P2675,EVODEX.2.1-P2681,EVODEX.2.1-P2687,EVODEX.2.1-P2690,EVODEX.2.1-P2691,EVODEX.2.1-P2701,EVODEX.2.1-P2702,EVODEX.2.1-P2704,EVODEX.2.1-P2708,EVODEX.2.1-P2712,EVODEX.2.1-P2715,EVODEX.2.1-P2717,EVODEX.2.1-P2723,EVODEX.2.1-P2729,EVODEX.2.1-P2741,EVODEX.2.1-P2756,EVODEX.2.1-P2759,EVODEX.2.1-P2767,EVODEX.2.1-P2770,EVODEX.2.1-P2774,EVODEX.2.1-P2779,EVODEX.2.1-P2785,EVODEX.2.1-P2791,EVODEX.2.1-P2793,EVODEX.2.1-P2794,EVODEX.2.1-P2803,EVODEX.2.1-P2805",73309578273726760185239897932305712145450665485026567741693333712623036858555
EVODEX.2.1-Em491,[#6:7]-[#6:8](=[#8:9])-[#6:10](=[#8:11])-[#8:12]>>[#6:7]-[#6@@:8](-[#6:10](=[#8:11])-[#8:12])(-[#7](-[#1])-[#1])-[#1].[#8:9]=[#6](-[#6])-[#6](=[#8])-[#8],"EVODEX.2.1-P2409,EVODEX.2.1-P2410,EVODEX.2.1-P2444,EVODEX.2.1-P2445,EVODEX.2.1-P2458,EVODEX.2.1-P2466,EVODEX.2.1-P2515,EVODEX.2.1-P2524,EVODEX.2.1-P2525,EVODEX.2.1-P2532,EVODEX.2.1-P2534,EVODEX.2.1-P2537,EVODEX.2.1-P2539,EVODEX.2.1-P2544,EVODEX.2.1-P2548,EVODEX.2.1-P2551,EVODEX.2.1-P2556,EVODEX.2.1-P2559,EVODEX.2.1-P2563,EVODEX.2.1-P2566,EVODEX.2.1-P2571,EVODEX.2.1-P2594,EVODEX.2.1-P2596,EVODEX.2.1-P2599,EVODEX.2.1-P2605,EVODEX.2.1-P2606,EVODEX.2.1-P2611,EVODEX.2.1-P2619,EVODEX.2.1-P2626,EVODEX.2.1-P2638,EVODEX.2.1-P2640,EVODEX.2.1-P2645,EVODEX.2.1-P2655,EVODEX.2.1-P2676,EVODEX.2.1-P2679,EVODEX.2.1-P2705,EVODEX.2.1-P2706,EVODEX.2.1-P2714,EVODEX.2.1-P2716,EVODEX.2.1-P2719,EVODEX.2.1-P2722,EVODEX.2.1-P2727,EVODEX.2.1-P2730,EVODEX.2.1-P2734,EVODEX.2.1-P2735,EVODEX.2.1-P2755,EVODEX.2.1-P2758,EVODEX.2.1-P2762,EVODEX.2.1-P2763,EVODEX.2.1-P2777,EVODEX.2.1-P2778,EVODEX.2.1-P2780,EVODEX.2.1-P2781,EVODEX.2.1-P2783,EVODEX.2.1-P2787",46594870736397084880168249658477386483395567540777095997671101389405301261409
EVODEX.2.1-Em487,[#7:1](-[#6@@](-[#6])(-[#6](=[#8])-[#8])-[#1])(-[#1])-[#1].[#6:18]-[#6:19](=[#8])-[#6:21](=[#8:22])-[#8:23]>>[#7:1](-[#6@@:19](-[#6:18])(-[#6:21](=[#8:22])-[#8:23])-[#1])(-[#1])-[#1],"EVODEX.2.1-P2404,EVODEX.2.1-P2406,EVODEX.2.1-P2447,EVODEX.2.1-P2462,EVODEX.2.1-P2465,EVODEX.2.1-P2478,EVODEX.2.1-P2512,EVODEX.2.1-P2533,EVODEX.2.1-P2538,EVODEX.2.1-P2550,EVODEX.2.1-P2552,EVODEX.2.1-P2555,EVODEX.2.1-P2560,EVODEX.2.1-P2565,EVODEX.2.1-P2568,EVODEX.2.1-P2572,EVODEX.2.1-P2590,EVODEX.2.1-P2592,EVODEX.2.1-P2593,EVODEX.2.1-P2595,EVODEX.2.1-P2597,EVODEX.2.1-P2602,EVODEX.2.1-P2615,EVODEX.2.1-P2618,EVODEX.2.1-P2629,EVODEX.2.1-P2642,EVODEX.2.1-P2643,EVODEX.2.1-P2650,EVODEX.2.1-P2652,EVODEX.2.1-P2654,EVODEX.2.1-P2677,EVODEX.2.1-P2678,EVODEX.2.1-P2685,EVODEX.2.1-P2688,EVODEX.2.1-P2692,EVODEX.2.1-P2700,EVODEX.2.1-P2703,EVODEX.2.1-P2710,EVODEX.2.1-P2713,EVODEX.2.1-P2721,EVODEX.2.1-P2724,EVODEX.2.1-P2757,EVODEX.2.1-P2764,EVODEX.2.1-P2765,EVODEX.2.1-P2769,EVODEX.2.1-P2771,EVODEX.2.1-P2775,EVODEX.2.1-P2776,EVODEX.2.1-P2782,EVODEX.2.1-P2786,EVODEX.2.1-P2789,EVODEX.2.1-P2795",9946239184397443530023568681129930246065419313283258485017250968418521937278
EVODEX.2.1-Em281,[#8:11]-[#15:12](=[#8:13])(-[#8:14])-[#8:15]-[#15:16](=[#8:17])(-[#8:18])-[#8:41]>>[#8:11]-[#15:12](=[#8:13])(-[#8:14])-[#8]-[#15](-[#8])(=[#8])-[#8].[#8:15](-[#15:16](=[#8:17])(-[#8:18])-[#8:41])-[#1],"EVODEX.2.1-P1315,EVODEX.2.1-P2957,EVODEX.2.1-P2960,EVODEX.2.1-P3050,EVODEX.2.1-P3104,EVODEX.2.1-P3106,EVODEX.2.1-P3108,EVODEX.2.1-P3109,EVODEX.2.1-P3111,EVODEX.2.1-P3113,EVODEX.2.1-P3114,EVODEX.2.1-P3115,EVODEX.2.1-P3116,EVODEX.2.1-P3118,EVODEX.2.1-P3127,EVODEX.2.1-P3131,EVODEX.2.1-P3134,EVODEX.2.1-P3137,EVODEX.2.1-P3182,EVODEX.2.1-P3186,EVODEX.2.1-P3187,EVODEX.2.1-P3189,EVODEX.2.1-P3193,EVODEX.2.1-P3199,EVODEX.2.1-P3204,EVODEX.2.1-P3208,EVODEX.2.1-P3211,EVODEX.2.1-P3213,EVODEX.2.1-P3229,EVODEX.2.1-P3230,EVODEX.2.1-P3246,EVODEX.2.1-P3247,EVODEX.2.1-P3248,EVODEX.2.1-P3249,EVODEX.2.1-P3250,EVODEX.2.1-P3251,EVODEX.2.1-P3253,EVODEX.2.1-P3256,EVODEX.2.1-P3282,EVODEX.2.1-P3284,EVODEX.2.1-P3287,EVODEX.2.1-P3288,EVODEX.2.1-P3290,EVODEX.2.1-P3296,EVODEX.2.1-P3297",10737789797011043341149656838570891572110250708340507146798284358026485478816
EVODEX.2.1-Em535,[#8]-[#15](=[#8])(-[#8])-[#8]-[#15:19](=[#8:20])(-[#8:21])-[#8:22].[#8:39]-[#15:40](=[#8:41])(-[#8:42]-[#1])-[#8:43]>>[#15:19](=[#8:20])(-[#8:21])(-[#8:22])-[#8:42]-[#15:40](-[#8:39])(=[#8:41])-[#8:43],"EVODEX.2.1-P2961,EVODEX.2.1-P3105,EVODEX.2.1-P3107,EVODEX.2.1-P3110,EVODEX.2.1-P3119,EVODEX.2.1-P3121,EVODEX.2.1-P3122,EVODEX.2.1-P3125,EVODEX.2.1-P3128,EVODEX.2.1-P3129,EVODEX.2.1-P3130,EVODEX.2.1-P3132,EVODEX.2.1-P3135,EVODEX.2.1-P3136,EVODEX.2.1-P3138,EVODEX.2.1-P3139,EVODEX.2.1-P3140,EVODEX.2.1-P3141,EVODEX.2.1-P3142,EVODEX.2.1-P3143,EVODEX.2.1-P3144,EVODEX.2.1-P3145,EVODEX.2.1-P3147,EVODEX.2.1-P3150,EVODEX.2.1-P3171,EVODEX.2.1-P3173,EVODEX.2.1-P3184,EVODEX.2.1-P3185,EVODEX.2.1-P3191,EVODEX.2.1-P3197,EVODEX.2.1-P3254,EVODEX.2.1-P3265,EVODEX.2.1-P3266,EVODEX.2.1-P3267,EVODEX.2.1-P3283,EVODEX.2.1-P3285,EVODEX.2.1-P3291,EVODEX.2.1-P3294,EVODEX.2.1-P3304,EVODEX.2.1-P7114",101911029869231485938022988522792453830465756223565165992579889760154031110258
EVODEX.2.1-Em574,[#6:17]-[#6:18](=[#8:19])-[#8]-[#6].[#8:26](-[#1])-[#1]>>[#6:17]-[#6:18](=[#8:19])-[#8:26]-[#1],"EVODEX.2.1-P3410,EVODEX.2.1-P3412,EVODEX.2.1-P3415,EVODEX.2.1-P3421,EVODEX.2.1-P3443,EVODEX.2.1-P3445,EVODEX.2.1-P3472,EVODEX.2.1-P3513,EVODEX.2.1-P3517,EVODEX.2.1-P3519,EVODEX.2.1-P3522,EVODEX.2.1-P3525,EVODEX.2.1-P3526,EVODEX.2.1-P3536,EVODEX.2.1-P3567,EVODEX.2.1-P3582,EVODEX.2.1-P3587,EVODEX.2.1-P3605,EVODEX.2.1-P3612,EVODEX.2.1-P3662,EVODEX.2.1-P3886,EVODEX.2.1-P3891,EVODEX.2.1-P3894,EVODEX.2.1-P3897,EVODEX.2.1-P3903,EVODEX.2.1-P3959,EVODEX.2.1-P3966,EVODEX.2.1-P4027,EVODEX.2.1-P4034,EVODEX.2.1-P4087,EVODEX.2.1-P4103,EVODEX.2.1-P4118,EVODEX.2.1-P4766,EVODEX.2.1-P4815,EVODEX.2.1-P4876",63026994961316608053623511839534187753176632491538415196069322436893823086535
EVODEX.2.1-Em76,[#8]-[#15](=[#8])(-[#8])-[#8:23]-[#15:24](=[#8:25])(-[#8:26])-[#8:27]>>[#8:23](-[#15:24](=[#8:25])(-[#8:26])-[#8:27])-[#1],"EVODEX.2.1-P1271,EVODEX.2.1-P1606,EVODEX.2.1-P1607,EVODEX.2.1-P246,EVODEX.2.1-P2890,EVODEX.2.1-P3133,EVODEX.2.1-P3153,EVODEX.2.1-P3174,EVODEX.2.1-P3183,EVODEX.2.1-P3200,EVODEX.2.1-P3201,EVODEX.2.1-P3218,EVODEX.2.1-P3225,EVODEX.2.1-P3228,EVODEX.2.1-P3231,EVODEX.2.1-P3255,EVODEX.2.1-P3275,EVODEX.2.1-P3279,EVODEX.2.1-P5812,EVODEX.2.1-P5820,EVODEX.2.1-P5823,EVODEX.2.1-P5826,EVODEX.2.1-P5827,EVODEX.2.1-P5828,EVODEX.2.1-P5829,EVODEX.2.1-P5838,EVODEX.2.1-P5840,EVODEX.2.1-P5843,EVODEX.2.1-P5848,EVODEX.2.1-P5850,EVODEX.2.1-P5854,EVODEX.2.1-P5856",11496996036900875591345533913428203161149049682177673681512815137721521682140
EVODEX.2.1-Em409,[#8]=[#15](-[#8])(-[#8])-[#8]-[#6@@:6](-[#8:7])(-[#6@:26])-[#1:64].[#8:61](-[#6@@:60])-[#1]>>[#8:61](-[#6@@:6](-[#8:7])(-[#6@:26])-[#1:64])-[#6@@:60],"EVODEX.2.1-P1973,EVODEX.2.1-P1980,EVODEX.2.1-P1985,EVODEX.2.1-P1986,EVODEX.2.1-P1990,EVODEX.2.1-P1991,EVODEX.2.1-P1992,EVODEX.2.1-P2014,EVODEX.2.1-P2052,EVODEX.2.1-P2065,EVODEX.2.1-P2066,EVODEX.2.1-P2068,EVODEX.2.1-P2069,EVODEX.2.1-P2071,EVODEX.2.1-P2075,EVODEX.2.1-P2076,EVODEX.2.1-P2078,EVODEX.2.1-P2080,EVODEX.2.1-P2081,EVODEX.2.1-P2089,EVODEX.2.1-P2091,EVODEX.2.1-P2092,EVODEX.2.1-P2093,EVODEX.2.1-P2097,EVODEX.2.1-P2098,EVODEX.2.1-P2124,EVODEX.2.1-P2126,EVODEX.2.1-P2134,EVODEX.2.1-P2136,EVODEX.2.1-P2180",24717415470390817476929994417775141036366158217107485853479356861590514314968
EVODEX.2.1-Em442,[#8:1]=[#15:2](-[#8:3]-[#1])(-[#8:4])-[#8:5]>>[#8:1]=[#15:2](-[#8:3]-[#15](=[#8])(-[#8])-[#8])(-[#8:4])-[#8:5],"EVODEX.2.1-P2186,EVODEX.2.1-P2913,EVODEX.2.1-P3120,EVODEX.2.1-P3123,EVODEX.2.1-P3124,EVODEX.2.1-P3146,EVODEX.2.1-P3149,EVODEX.2.1-P3152,EVODEX.2.1-P3156,EVODEX.2.1-P3158,EVODEX.2.1-P3159,EVODEX.2.1-P3175,EVODEX.2.1-P3176,EVODEX.2.1-P3178,EVODEX.2.1-P3179,EVODEX.2.1-P3192,EVODEX.2.1-P3194,EVODEX.2.1-P3195,EVODEX.2.1-P3196,EVODEX.2.1-P3202,EVODEX.2.1-P3220,EVODEX.2.1-P3227,EVODEX.2.1-P3232,EVODEX.2.1-P3243,EVODEX.2.1-P3252,EVODEX.2.1-P3258,EVODEX.2.1-P3259,EVODEX.2.1-P3264,EVODEX.2.1-P3268,EVODEX.2.1-P7115",47111798173541329818157817628102892176603376165498960981086696931344760879815
EVODEX.2.1-Em575,[#6:17]-[#6:18](=[#8:19])-[#8]-[#6]>>[#6:17]-[#6:18](=[#8:19])-[#8]-[#1],"EVODEX.2.1-P3411,EVODEX.2.1-P3413,EVODEX.2.1-P3416,EVODEX.2.1-P3435,EVODEX.2.1-P3436,EVODEX.2.1-P3512,EVODEX.2.1-P3516,EVODEX.2.1-P3518,EVODEX.2.1-P3520,EVODEX.2.1-P3523,EVODEX.2.1-P3524,EVODEX.2.1-P3528,EVODEX.2.1-P3580,EVODEX.2.1-P3588,EVODEX.2.1-P3604,EVODEX.2.1-P3663,EVODEX.2.1-P3703,EVODEX.2.1-P3887,EVODEX.2.1-P3898,EVODEX.2.1-P3900,EVODEX.2.1-P3960,EVODEX.2.1-P3962,EVODEX.2.1-P3967,EVODEX.2.1-P4028,EVODEX.2.1-P4035,EVODEX.2.1-P4074,EVODEX.2.1-P4088,EVODEX.2.1-P4816,EVODEX.2.1-P4898,EVODEX.2.1-P5095",1852050143090049437493538080998571114416552148706515376452965555344731539906
EVODEX.2.1-Em80,[#6:47]-[#16:48]-[#1].[#6:59]-[#6:60](=[#8:61])-[#8:62]-[#1].[#8:77]-[#15:78](=[#8:79])(-[#8:80])-[#8]-[#15](=[#8])(-[#8])-[#8]>>[#6:47]-[#16:48]-[#6:60](-[#6:59])=[#8:61].[#8:62](-[#15:78](-[#8:77])(=[#8:79])-[#8:80])-[#1],"EVODEX.2.1-P250,EVODEX.2.1-P6187,EVODEX.2.1-P6209,EVODEX.2.1-P6222,EVODEX.2.1-P6228,EVODEX.2.1-P6240,EVODEX.2.1-P6260,EVODEX.2.1-P6263,EVODEX.2.1-P6272,EVODEX.2.1-P6292,EVODEX.2.1-P6293,EVODEX.2.1-P6301,EVODEX.2.1-P6320,EVODEX.2.1-P6323,EVODEX.2.1-P6331,EVODEX.2.1-P6334,EVODEX.2.1-P6337,EVODEX.2.1-P6340,EVODEX.2.1-P6352,EVODEX.2.1-P6357,EVODEX.2.1-P6359,EVODEX.2.1-P6362,EVODEX.2.1-P6363,EVODEX.2.1-P6367,EVODEX.2.1-P6371",21246340178575437136714012854154270637042168195833302873560925974943978218359
EVODEX.2.1-Em629,[#6:17](-[#6@@:16])(=[#8:18])-[#8:19]-[#1]>>[#7](-[#6@])(-[#6:17](-[#6@:16])=[#8:18])-[#1].[#8:19](-[#1])-[#1],"EVODEX.2.1-P3630,EVODEX.2.1-P4745,EVODEX.2.1-P4748,EVODEX.2.1-P4755,EVODEX.2.1-P4761,EVODEX.2.1-P4774,EVODEX.2.1-P4778,EVODEX.2.1-P4784,EVODEX.2.1-P4785,EVODEX.2.1-P4790,EVODEX.2.1-P4799,EVODEX.2.1-P4817,EVODEX.2.1-P4829,EVODEX.2.1-P4833,EVODEX.2.1-P4835,EVODEX.2.1-P4838,EVODEX.2.1-P5334,EVODEX.2.1-P5352,EVODEX.2.1-P5355,EVODEX.2.1-P5357,EVODEX.2.1-P5475,EVODEX.2.1-P5477,EVODEX.2.1-P5480,EVODEX.2.1-P5488,EVODEX.2.1-P5491",31491515950571714231919089658924533255101330876147433214372274694343291577537
EVODEX.2.1-Em700,[#6:7](-[#6@:5])(=[#8:8])-[#7](-[#6])-[#6@].[#8:17](-[#1])-[#1]>>[#6:7](-[#6@:5])(=[#8:8])-[#8:17]-[#1],"EVODEX.2.1-P4203,EVODEX.2.1-P4308,EVODEX.2.1-P4309,EVODEX.2.1-P4311,EVODEX.2.1-P4315,EVODEX.2.1-P4317,EVODEX.2.1-P4352,EVODEX.2.1-P4381,EVODEX.2.1-P4444,EVODEX.2.1-P5053,EVODEX.2.1-P5116,EVODEX.2.1-P5128,EVODEX.2.1-P5129,EVODEX.2.1-P5134,EVODEX.2.1-P5136,EVODEX.2.1-P5138,EVODEX.2.1-P5140,EVODEX.2.1-P5141,EVODEX.2.1-P5151,EVODEX.2.1-P5154,EVODEX.2.1-P5174,EVODEX.2.1-P5176,EVODEX.2.1-P5178,EVODEX.2.1-P5182,EVODEX.2.1-P5184",88325570911668050522926116799539284320769259217071339301866682777428050623466
EVODEX.2.1-Em701,[#6:7](-[#6@:5])(=[#8:8])-[#7](-[#6])-[#6@]>>[#6:7](-[#6@:5])(=[#8:8])-[#8]-[#1],"EVODEX.2.1-P4204,EVODEX.2.1-P4298,EVODEX.2.1-P4310,EVODEX.2.1-P4312,EVODEX.2.1-P4313,EVODEX.2.1-P4314,EVODEX.2.1-P4316,EVODEX.2.1-P4349,EVODEX.2.1-P4460,EVODEX.2.1-P4505,EVODEX.2.1-P5124,EVODEX.2.1-P5125,EVODEX.2.1-P5127,EVODEX.2.1-P5130,EVODEX.2.1-P5131,EVODEX.2.1-P5132,EVODEX.2.1-P5133,EVODEX.2.1-P5137,EVODEX.2.1-P5139,EVODEX.2.1-P5152,EVODEX.2.1-P5175,EVODEX.2.1-P5177,EVODEX.2.1-P5179,EVODEX.2.1-P5181,EVODEX.2.1-P5183",7906368047571651343967758254954987597919235530987332642106040545797593657283
EVODEX.2.1-Em881,[#6:53]-[#6:54](=[#8:55])-[#8]-[#1].[#8]-[#15](=[#8])(-[#8])-[#8:75]-[#15:76](=[#8:77])(-[#8:78])-[#8:79]>>[#6]-[#16]-[#6:54](-[#6:53])=[#8:55].[#8:75](-[#15:76](=[#8:77])(-[#8:78])-[#8:79])-[#1],"EVODEX.2.1-P6200,EVODEX.2.1-P6210,EVODEX.2.1-P6211,EVODEX.2.1-P6238,EVODEX.2.1-P6242,EVODEX.2.1-P6245,EVODEX.2.1-P6266,EVODEX.2.1-P6290,EVODEX.2.1-P6291,EVODEX.2.1-P6295,EVODEX.2.1-P6299,EVODEX.2.1-P6300,EVODEX.2.1-P6304,EVODEX.2.1-P6305,EVODEX.2.1-P6306,EVODEX.2.1-P6308,EVODEX.2.1-P6314,EVODEX.2.1-P6319,EVODEX.2.1-P6328,EVODEX.2.1-P6332,EVODEX.2.1-P6341,EVODEX.2.1-P6354,EVODEX.2.1-P6360,EVODEX.2.1-P6364,EVODEX.2.1-P6373",37290270636108062398781321800061503950755360667392640476909831681111496320053
EVODEX.2.1-Em280,[#8:81](-[#6@@:80])-[#1]>>[#15](=[#8])(-[#8])(-[#8])-[#8:81]-[#6@@:80],"EVODEX.2.1-P1314,EVODEX.2.1-P2821,EVODEX.2.1-P2900,EVODEX.2.1-P2912,EVODEX.2.1-P2926,EVODEX.2.1-P2930,EVODEX.2.1-P2997,EVODEX.2.1-P3048,EVODEX.2.1-P3165,EVODEX.2.1-P3167,EVODEX.2.1-P3172,EVODEX.2.1-P3221,EVODEX.2.1-P3223,EVODEX.2.1-P3233,EVODEX.2.1-P3235,EVODEX.2.1-P3237,EVODEX.2.1-P3239,EVODEX.2.1-P3270,EVODEX.2.1-P3271,EVODEX.2.1-P3272",3910466186718378743426883543125116540425815780374551602634169695636537394971
EVODEX.2.1-Em876,[#6]-[#6](=[#8])-[#8:4]-[#1].[#8:67]-[#15:68](=[#8:69])(-[#8:70])-[#8:71]-[#15:72](=[#8:73])(-[#8:74])-[#8:75]>>[#8:4](-[#15:68](-[#8:67])(=[#8:69])-[#8:70])-[#1].[#8:71](-[#15:72](=[#8:73])(-[#8:74])-[#8:75])-[#1],"EVODEX.2.1-P6188,EVODEX.2.1-P6221,EVODEX.2.1-P6223,EVODEX.2.1-P6283,EVODEX.2.1-P6284,EVODEX.2.1-P6376,EVODEX.2.1-P6389,EVODEX.2.1-P6402,EVODEX.2.1-P6411,EVODEX.2.1-P6413,EVODEX.2.1-P6536,EVODEX.2.1-P6548,EVODEX.2.1-P6579,EVODEX.2.1-P6580,EVODEX.2.1-P6593,EVODEX.2.1-P6666,EVODEX.2.1-P6693,EVODEX.2.1-P6697,EVODEX.2.1-P6698,EVODEX.2.1-P6700",59567395697248068992913193209091347789903693098561920644307746109089603315537
EVODEX.2.1-Em877,[#6:1]-[#6:2](=[#8:3])-[#16:4]-[#6:5].[#8:75]=[#15:76](-[#8:77]-[#1])(-[#8:78])-[#8:79]>>[#6:1]-[#6:2](=[#8:3])-[#8]-[#1].[#8]-[#15](=[#8])(-[#8])-[#8:77]-[#15:76](=[#8:75])(-[#8:78])-[#8:79].[#16:4](-[#6:5])-[#1],"EVODEX.2.1-P6190,EVODEX.2.1-P6195,EVODEX.2.1-P6204,EVODEX.2.1-P6206,EVODEX.2.1-P6214,EVODEX.2.1-P6219,EVODEX.2.1-P6225,EVODEX.2.1-P6229,EVODEX.2.1-P6232,EVODEX.2.1-P6237,EVODEX.2.1-P6258,EVODEX.2.1-P6261,EVODEX.2.1-P6274,EVODEX.2.1-P6277,EVODEX.2.1-P6280,EVODEX.2.1-P6329,EVODEX.2.1-P6335,EVODEX.2.1-P6336,EVODEX.2.1-P6346,EVODEX.2.1-P6348",104200596961492903546333569858109306240470666701601219422082674816493293265986
EVODEX.2.1-Em880,[#6:2]-[#6:3](=[#8:4])-[#16]-[#6].[#8:76]=[#15:77](-[#8:78]-[#1])(-[#8:79])-[#8:80]>>[#6:2]-[#6:3](=[#8:4])-[#8]-[#1].[#8]-[#15](=[#8])(-[#8])-[#8:78]-[#15:77](=[#8:76])(-[#8:79])-[#8:80],"EVODEX.2.1-P6193,EVODEX.2.1-P6196,EVODEX.2.1-P6197,EVODEX.2.1-P6198,EVODEX.2.1-P6205,EVODEX.2.1-P6207,EVODEX.2.1-P6208,EVODEX.2.1-P6213,EVODEX.2.1-P6216,EVODEX.2.1-P6224,EVODEX.2.1-P6235,EVODEX.2.1-P6262,EVODEX.2.1-P6264,EVODEX.2.1-P6267,EVODEX.2.1-P6276,EVODEX.2.1-P6289,EVODEX.2.1-P6330,EVODEX.2.1-P6342,EVODEX.2.1-P6344,EVODEX.2.1-P6351",101345340308435213778522182636246614681802162148606944322839215905612955360831
EVODEX.2.1-Em890,[#8:29]-[#15:30](=[#8:31])(-[#8:32])-[#8]-[#15](=[#8])(-[#8])-[#8].[#7:1](-[#6@@:2])(-[#1])-[#1].[#6:46]-[#6:52](=[#8:53])-[#8:54]-[#1]>>[#8:29]-[#15:30](=[#8:31])(-[#8:32])-[#8:54]-[#1].[#7:1](-[#6@@:2])(-[#6:52](-[#6:46])=[#8:53])-[#1],"EVODEX.2.1-P6375,EVODEX.2.1-P6423,EVODEX.2.1-P6449,EVODEX.2.1-P6451,EVODEX.2.1-P6463,EVODEX.2.1-P6469,EVODEX.2.1-P6474,EVODEX.2.1-P6476,EVODEX.2.1-P6602,EVODEX.2.1-P6662,EVODEX.2.1-P6694,EVODEX.2.1-P6710,EVODEX.2.1-P6770,EVODEX.2.1-P6775,EVODEX.2.1-P6795,EVODEX.2.1-P6814,EVODEX.2.1-P7052,EVODEX.2.1-P7056,EVODEX.2.1-P7062,EVODEX.2.1-P7108",13972821944631323154247873126856177297348813082327576533572124451648879377153
EVODEX.2.1-Em190,[#6:17]-[#6:18](=[#8:19])-[#8:20]-[#1].[#8:83]-[#15:84](=[#8:85])(-[#8:86])-[#8:87]-[#15:88](=[#8:89])(-[#8:90])-[#8:91]>>[#6:17]-[#6:18](=[#8:19])-[#1].[#8:20](-[#15:84](-[#8:83])(=[#8:85])-[#8:86])-[#1].[#8:87](-[#15:88](=[#8:89])(-[#8:90])-[#8:91])-[#1],"EVODEX.2.1-P788,EVODEX.2.1-P790,EVODEX.2.1-P794,EVODEX.2.1-P796,EVODEX.2.1-P799,EVODEX.2.1-P804,EVODEX.2.1-P807,EVODEX.2.1-P809,EVODEX.2.1-P810,EVODEX.2.1-P813,EVODEX.2.1-P816,EVODEX.2.1-P818,EVODEX.2.1-P819,EVODEX.2.1-P823,EVODEX.2.1-P872",57557481551713357387198145738032276228365687385064847789588952724948369486542
EVODEX.2.1-Em192,[#6:3]-[#6:4](=[#8:5])-[#8:6]-[#1].[#8:69]-[#15:70](=[#8:71])(-[#8:72])-[#8:73]-[#15:74](=[#8:75])(-[#8:76])-[#8:77].[#7:7]-[#6:8](=[#8:9])-[#6:10]1=[#6:11](-[#7:12](-[#6@@:13])-[#6:52](=[#6:53](-[#6:54]-1(-[#1:138])-[#1])-[#1:137])-[#1:136])-[#1:112]>>[#6:3]-[#6:4](=[#8:5])-[#1].[#7:7]-[#6:8](=[#8:9])-[#6:10]1:[#6:11](:[#7&+:12](-[#6@@:13]):[#6:52](:[#6:53](:[#6:54]:1-[#1:138])-[#1:137])-[#1:136])-[#1:112].[#8:6](-[#15:70](-[#8:69])(=[#8:71])-[#8:72])-[#1].[#8:73](-[#15:74](=[#8:75])(-[#8:76])-[#8:77])-[#1],"EVODEX.2.1-P792,EVODEX.2.1-P793,EVODEX.2.1-P795,EVODEX.2.1-P797,EVODEX.2.1-P798,EVODEX.2.1-P801,EVODEX.2.1-P802,EVODEX.2.1-P806,EVODEX.2.1-P808,EVODEX.2.1-P811,EVODEX.2.1-P812,EVODEX.2.1-P814,EVODEX.2.1-P817,EVODEX.2.1-P821,EVODEX.2.1-P875",95479797373859775246946561589159346211738700360379603511341354001527783819775
EVODEX.2.1-Em422,[#8:1]=[#6:2](-[#8:3]-[#1])-[#6:4]>>[#8:1]=[#6:2](-[#8:3]-[#6@](-[#8])(-[#6@])-[#1])-[#6:4],"EVODEX.2.1-P2006,EVODEX.2.1-P2008,EVODEX.2.1-P2023,EVODEX.2.1-P2033,EVODEX.2.1-P2034,EVODEX.2.1-P2044,EVODEX.2.1-P2045,EVODEX.2.1-P2046,EVODEX.2.1-P2056,EVODEX.2.1-P2058,EVODEX.2.1-P6614,EVODEX.2.1-P6631,EVODEX.2.1-P6641,EVODEX.2.1-P6660,EVODEX.2.1-P6668",102003367244833110244082208687704855891306614436056737524284203844560055017683
EVODEX.2.1-Em522,[#8:39](-[#6@@:36])-[#15:40](=[#8:41])(-[#8:42])-[#8:43]>>[#8]-[#15](=[#8])(-[#8]-[#15:40](=[#8:41])(-[#8:42])-[#8:43])-[#8].[#8:39](-[#6@@:36])-[#1],"EVODEX.2.1-P2822,EVODEX.2.1-P2828,EVODEX.2.1-P2831,EVODEX.2.1-P2832,EVODEX.2.1-P2899,EVODEX.2.1-P2925,EVODEX.2.1-P2971,EVODEX.2.1-P2989,EVODEX.2.1-P3032,EVODEX.2.1-P3157,EVODEX.2.1-P3161,EVODEX.2.1-P3216,EVODEX.2.1-P3217,EVODEX.2.1-P3234,EVODEX.2.1-P3236",64948824177529790323234498228257166147412713348025878392193340545926457264764
EVODEX.2.1-Em553,[#8:26]-[#15:27](=[#8:28])(-[#8:29])-[#8]-[#15](=[#8])(-[#8])-[#8]>>[#8]=[#15](-[#8]-[#15:27](-[#8:26])(=[#8:28])-[#8:29])(-[#8])-[#8],"EVODEX.2.1-P3177,EVODEX.2.1-P3181,EVODEX.2.1-P3188,EVODEX.2.1-P3190,EVODEX.2.1-P3198,EVODEX.2.1-P3203,EVODEX.2.1-P3207,EVODEX.2.1-P3209,EVODEX.2.1-P3210,EVODEX.2.1-P3212,EVODEX.2.1-P3281,EVODEX.2.1-P3286,EVODEX.2.1-P3289,EVODEX.2.1-P3293,EVODEX.2.1-P3295",60952259614067114122037963644577196890184302370394762124044693242261810943300
EVODEX.2.1-Em619,[#6]-[#8]-[#6:18](=[#8:19])-[#6@:20].[#7:11](-[#6@@:10])(-[#1])-[#1]>>[#7:11](-[#6@@:10])(-[#6:18](=[#8:19])-[#6@:20])-[#1],"EVODEX.2.1-P3608,EVODEX.2.1-P3626,EVODEX.2.1-P4249,EVODEX.2.1-P4251,EVODEX.2.1-P4255,EVODEX.2.1-P4258,EVODEX.2.1-P4261,EVODEX.2.1-P4273,EVODEX.2.1-P4664,EVODEX.2.1-P4667,EVODEX.2.1-P4668,EVODEX.2.1-P4871,EVODEX.2.1-P5015,EVODEX.2.1-P5107,EVODEX.2.1-P5109",67380184200992646462926806596769487207838926896048539169528602213083277053745
EVODEX.2.1-Em620,[#7:11](-[#6@@:10])(-[#6:12](=[#8:13])-[#6@:14])-[#1]>>[#6:12](=[#8:13])(-[#6@:14])-[#8]-[#6].[#7:11](-[#6@@:10])(-[#1])-[#1],"EVODEX.2.1-P3609,EVODEX.2.1-P3614,EVODEX.2.1-P4253,EVODEX.2.1-P4254,EVODEX.2.1-P4263,EVODEX.2.1-P4267,EVODEX.2.1-P4270,EVODEX.2.1-P4272,EVODEX.2.1-P5018,EVODEX.2.1-P5097,EVODEX.2.1-P5101,EVODEX.2.1-P5102,EVODEX.2.1-P5104,EVODEX.2.1-P5341,EVODEX.2.1-P5429",21334035791152442489672829907207834250899997069725165145809196026424409244653
EVODEX.2.1-Em692,[#6:7](-[#6@:5])(=[#8:8])-[#7](-[#6]1:[#6](:[#6](:[#6]2:[#6](-[#6]):[#6](:[#6](=[#8]):[#8]:[#6]:2:[#6]:1-[#1])-[#1])-[#1])-[#1])-[#1]>>[#6:7](-[#6@:5])(=[#8:8])-[#8]-[#1],"EVODEX.2.1-P4142,EVODEX.2.1-P4172,EVODEX.2.1-P4174,EVODEX.2.1-P4209,EVODEX.2.1-P4212,EVODEX.2.1-P4213,EVODEX.2.1-P4214,EVODEX.2.1-P4379,EVODEX.2.1-P4897,EVODEX.2.1-P4974,EVODEX.2.1-P4985,EVODEX.2.1-P5061,EVODEX.2.1-P5068,EVODEX.2.1-P5252,EVODEX.2.1-P5325",98646835596925720247050073062943774754308460106107985241548766282239390447507
EVODEX.2.1-Em696,[#6:7](-[#6@:5])(=[#8:8])-[#7](-[#6]1:[#6](:[#6](:[#6]2:[#6](-[#6]):[#6](:[#6](=[#8]):[#8]:[#6]:2:[#6]:1-[#1])-[#1])-[#1])-[#1])-[#1].[#8:25](-[#1])-[#1]>>[#6:7](-[#6@:5])(=[#8:8])-[#8:25]-[#1],"EVODEX.2.1-P4173,EVODEX.2.1-P4208,EVODEX.2.1-P4210,EVODEX.2.1-P4211,EVODEX.2.1-P4215,EVODEX.2.1-P4650,EVODEX.2.1-P4865,EVODEX.2.1-P4900,EVODEX.2.1-P5010,EVODEX.2.1-P5048,EVODEX.2.1-P5051,EVODEX.2.1-P5056,EVODEX.2.1-P5060,EVODEX.2.1-P5062,EVODEX.2.1-P5067",97727303792302487906342758100464447610502023765849238692129250026006853086157
EVODEX.2.1-Em875,[#6:4](-[#6@@:2])(=[#8:5])-[#8]-[#1].[#6:10](-[#6@@:8])(=[#8:11])-[#8:12]-[#1].[#8]-[#15](=[#8])(-[#8])-[#8:35]-[#15:36](=[#8:37])(-[#8:38])-[#8:39]>>[#6:4](-[#6@@:2])(=[#8:5])-[#8:12]-[#6:10](-[#6@@:8])=[#8:11].[#8:35](-[#15:36](=[#8:37])(-[#8:38])-[#8:39])-[#1],"EVODEX.2.1-P6186,EVODEX.2.1-P6612,EVODEX.2.1-P6613,EVODEX.2.1-P6615,EVODEX.2.1-P6617,EVODEX.2.1-P6629,EVODEX.2.1-P6630,EVODEX.2.1-P6642,EVODEX.2.1-P6646,EVODEX.2.1-P6647,EVODEX.2.1-P6648,EVODEX.2.1-P6659,EVODEX.2.1-P6661,EVODEX.2.1-P6720,EVODEX.2.1-P6721",76348439134965514964826988424609963438030300576248237059457268151033029629044
EVODEX.2.1-Em879,[#8:68]-[#15:69](=[#8:70])(-[#8:71]-[#1])-[#8:72].[#8:74]=[#15:75](-[#8:76]-[#1])(-[#8:77])-[#8:78]>>[#6]-[#6](=[#8])-[#8:71]-[#1].[#8:68]-[#15:69](=[#8:70])(-[#8:72])-[#8:76]-[#15:75](=[#8:74])(-[#8:77])-[#8:78],"EVODEX.2.1-P6192,EVODEX.2.1-P6217,EVODEX.2.1-P6282,EVODEX.2.1-P6285,EVODEX.2.1-P6287,EVODEX.2.1-P6379,EVODEX.2.1-P6392,EVODEX.2.1-P6399,EVODEX.2.1-P6400,EVODEX.2.1-P6416,EVODEX.2.1-P6537,EVODEX.2.1-P6549,EVODEX.2.1-P6590,EVODEX.2.1-P6591,EVODEX.2.1-P6596",60006995823625719539710018787146186802388832090736253157814729725161538758469
EVODEX.2.1-Em884,[#6:47]-[#16:48]-[#1].[#8:80]=[#6:81](-[#8:82]-[#1])-[#6:83]>>[#6:47]-[#16:48]-[#6:81](=[#8:80])-[#6:83].[#8]-[#15](=[#8])(-[#8])-[#8:82]-[#1],"EVODEX.2.1-P6231,EVODEX.2.1-P6241,EVODEX.2.1-P6243,EVODEX.2.1-P6244,EVODEX.2.1-P6249,EVODEX.2.1-P6265,EVODEX.2.1-P6279,EVODEX.2.1-P6310,EVODEX.2.1-P6312,EVODEX.2.1-P6321,EVODEX.2.1-P6343,EVODEX.2.1-P6353,EVODEX.2.1-P6358,EVODEX.2.1-P6370,EVODEX.2.1-P6372",49172599897046378702501644709316315249328017015791489721306673316879440323669
EVODEX.2.1-Em885,[#6:65]-[#6:66](=[#8:67])-[#8:68]-[#1]>>[#6]-[#16]-[#6:66](-[#6:65])=[#8:67].[#8:68](-[#15](-[#8])(=[#8])-[#8])-[#1],"EVODEX.2.1-P6239,EVODEX.2.1-P6246,EVODEX.2.1-P6257,EVODEX.2.1-P6281,EVODEX.2.1-P6297,EVODEX.2.1-P6298,EVODEX.2.1-P6309,EVODEX.2.1-P6322,EVODEX.2.1-P6324,EVODEX.2.1-P6326,EVODEX.2.1-P6333,EVODEX.2.1-P6356,EVODEX.2.1-P6361,EVODEX.2.1-P6368,EVODEX.2.1-P6374",324344662840325545894785544116812438479276255504224115784784987406445391093
EVODEX.2.1-Em898,[#7:1](-[#6:2])(-[#1])-[#1].[#6:43]-[#6:44](=[#8:45])-[#8:46]-[#1]>>[#7:1](-[#6:2])(-[#6:44](-[#6:43])=[#8:45])-[#1].[#8:46](-[#15](-[#8])(=[#8])-[#8])-[#1],"EVODEX.2.1-P6442,EVODEX.2.1-P6473,EVODEX.2.1-P6475,EVODEX.2.1-P6512,EVODEX.2.1-P6523,EVODEX.2.1-P6569,EVODEX.2.1-P6576,EVODEX.2.1-P6669,EVODEX.2.1-P6691,EVODEX.2.1-P6740,EVODEX.2.1-P6876,EVODEX.2.1-P7053,EVODEX.2.1-P7059,EVODEX.2.1-P7103,EVODEX.2.1-P7107",14900726383679935513563746730634112002338720955801048272655642128870660684974
EVODEX.2.1-Em482,[#8:2]=[#15:3](-[#8:4])(-[#8:5])-[#8]-[#15](=[#8])(-[#8])-[#8].[#8:1](-[#1])-[#1]>>[#8:1](-[#15:3](=[#8:2])(-[#8:4])-[#8:5])-[#1],"EVODEX.2.1-P2357,EVODEX.2.1-P3242,EVODEX.2.1-P3305,EVODEX.2.1-P5767,EVODEX.2.1-P5813,EVODEX.2.1-P5814,EVODEX.2.1-P5818,EVODEX.2.1-P5819,EVODEX.2.1-P5822,EVODEX.2.1-P5841,EVODEX.2.1-P5847,EVODEX.2.1-P5849,EVODEX.2.1-P5852,EVODEX.2.1-P5853",40582319891511976453419770081841797508544653743224135804679258086760980558543
EVODEX.2.1-Em566,[#6:59]-[#6:60](=[#8:61])-[#8:62]-[#1]>>[#6](=[#8])(-[#6])-[#8:62]-[#1].[#6]-[#16]-[#6:60](-[#6:59])=[#8:61],"EVODEX.2.1-P3353,EVODEX.2.1-P3368,EVODEX.2.1-P3371,EVODEX.2.1-P3375,EVODEX.2.1-P3379,EVODEX.2.1-P3380,EVODEX.2.1-P3388,EVODEX.2.1-P3390,EVODEX.2.1-P3396,EVODEX.2.1-P3398,EVODEX.2.1-P3402",108524850739835049776806546208141417479464941141345322515123282194387579447310
EVODEX.2.1-Em77,[#8:17]-[#15:18](=[#8:19])(-[#8:20])-[#8]-[#15](=[#8])(-[#8])-[#8].[#8:31]=[#6:32](-[#8:33]-[#1])-[#6@:34]>>[#8:17]-[#15:18](=[#8:19])(-[#8:20])-[#8:33]-[#6:32](=[#8:31])-[#6@:34],"EVODEX.2.1-P247,EVODEX.2.1-P252,EVODEX.2.1-P2878,EVODEX.2.1-P2879,EVODEX.2.1-P2880,EVODEX.2.1-P2885,EVODEX.2.1-P6369,EVODEX.2.1-P6417,EVODEX.2.1-P6418,EVODEX.2.1-P7110",79333345827808323110012274621080177690112634444933393849542732887788048567105
EVODEX.2.1-Em81,[#6:18](-[#6@:17])(=[#8:19])-[#8:20]-[#1]>>[#6:18](-[#6@:17])(=[#8:19])-[#8:20]-[#15](-[#8])(=[#8])-[#8],"EVODEX.2.1-P1460,EVODEX.2.1-P251,EVODEX.2.1-P3057,EVODEX.2.1-P3066,EVODEX.2.1-P3072,EVODEX.2.1-P3074,EVODEX.2.1-P6349,EVODEX.2.1-P6355,EVODEX.2.1-P6365,EVODEX.2.1-P6366",102349199234454313323170262928448902068514260252925761609452549563980302693845
EVODEX.2.1-Em285,[#6:1](-[#16&+](-[#6])-[#6])(-[#1:35])(-[#1:36])-[#1:37].[#6:30]-[#16:31]-[#1]>>[#6:1](-[#16:31]-[#6:30])(-[#1:35])(-[#1:36])-[#1:37],"EVODEX.2.1-P1333,EVODEX.2.1-P1403,EVODEX.2.1-P1412,EVODEX.2.1-P1441,EVODEX.2.1-P1444,EVODEX.2.1-P1445,EVODEX.2.1-P1447,EVODEX.2.1-P1448,EVODEX.2.1-P1449,EVODEX.2.1-P1451",32530972366668931594795401091105879244644014411546264070073859591797225435846
EVODEX.2.1-Em320,[#8:8]=[#6:9](-[#6:10])-[#1:21]>>[#6](=[#8])(-[#6])-[#6@@:9](-[#8:8]-[#1])(-[#6:10])-[#1:21],"EVODEX.2.1-P1494,EVODEX.2.1-P1495,EVODEX.2.1-P1497,EVODEX.2.1-P1500,EVODEX.2.1-P1502,EVODEX.2.1-P1503,EVODEX.2.1-P1504,EVODEX.2.1-P1509,EVODEX.2.1-P1823,EVODEX.2.1-P5954",23290575794741384188938516415811707071677060446262972753487524631439395137598
EVODEX.2.1-Em326,[#6:65]-[#8:66]-[#1]>>[#8]-[#6]1:[#6](:[#6](/[#6](=[#6](/[#6](=[#8])-[#8:66]-[#6:65])-[#1])-[#1]):[#6](:[#6](:[#6]:1-[#8])-[#1])-[#1])-[#1],"EVODEX.2.1-P1521,EVODEX.2.1-P1522,EVODEX.2.1-P1566,EVODEX.2.1-P1594,EVODEX.2.1-P1651,EVODEX.2.1-P1652,EVODEX.2.1-P1655,EVODEX.2.1-P1696,EVODEX.2.1-P3670,EVODEX.2.1-P3674",9892581243094519582923885216294339757101880263673603431294017461421348001112
EVODEX.2.1-Em329,[#7:62](-[#6:63])(-[#1])-[#1]>>[#8]-[#6]1:[#6](:[#6](/[#6](=[#6](/[#6](=[#8])-[#7:62](-[#6:63])-[#1])-[#1])-[#1]):[#6](:[#6](:[#6]:1-[#8])-[#1])-[#1])-[#1],"EVODEX.2.1-P1525,EVODEX.2.1-P1527,EVODEX.2.1-P1529,EVODEX.2.1-P1532,EVODEX.2.1-P1535,EVODEX.2.1-P1536,EVODEX.2.1-P1571,EVODEX.2.1-P1574,EVODEX.2.1-P1576,EVODEX.2.1-P1781",87170169442443861489440471630531363743637545707321407002052223329325730547298
EVODEX.2.1-Em339,[#6:17]-[#6:18](=[#8:19])-[#16:20]-[#6:21]>>[#6:17]-[#6:18](=[#8:19])-[#7](-[#6])-[#1].[#16:20](-[#6:21])-[#1],"EVODEX.2.1-P1553,EVODEX.2.1-P1555,EVODEX.2.1-P1675,EVODEX.2.1-P1708,EVODEX.2.1-P1709,EVODEX.2.1-P1710,EVODEX.2.1-P1719,EVODEX.2.1-P1720,EVODEX.2.1-P1783,EVODEX.2.1-P1784",5169654836708686748494403513901515699047596529133706268513333064272036094580
EVODEX.2.1-Em349,[#6:19]-[#6:20](=[#8:21])-[#16:22]-[#6:23]>>[#6:19]-[#6:20](=[#8:21])-[#8]-[#6].[#16:22](-[#6:23])-[#1],"EVODEX.2.1-P1590,EVODEX.2.1-P1591,EVODEX.2.1-P1593,EVODEX.2.1-P1685,EVODEX.2.1-P1732,EVODEX.2.1-P1795,EVODEX.2.1-P1799,EVODEX.2.1-P1804,EVODEX.2.1-P1811,EVODEX.2.1-P1822",20489350250519467047272177632424109652731794528883381723831028348689055856795
EVODEX.2.1-Em361,[#6:1](=[#6:2](-[#8:3]-[#6](-[#6])=[#8])-[#1:48])(-[#1:46])-[#1:47]>>[#6:1](=[#6:2](-[#8:3]-[#1])-[#1:48])(-[#1:46])-[#1:47],"EVODEX.2.1-P1620,EVODEX.2.1-P3473,EVODEX.2.1-P3478,EVODEX.2.1-P3508,EVODEX.2.1-P3593,EVODEX.2.1-P3632,EVODEX.2.1-P3639,EVODEX.2.1-P3640,EVODEX.2.1-P3641,EVODEX.2.1-P3643",19322641301646514774234290468686877605221543430354126256450552714823703982371
EVODEX.2.1-Em363,[#6:1]-[#6:2](=[#8:3])-[#16]-[#6].[#8:52](-[#6:53])-[#1]>>[#6:1]-[#6:2](=[#8:3])-[#8:52]-[#6:53],"EVODEX.2.1-P1629,EVODEX.2.1-P1632,EVODEX.2.1-P1633,EVODEX.2.1-P1635,EVODEX.2.1-P1636,EVODEX.2.1-P1707,EVODEX.2.1-P1792,EVODEX.2.1-P1801,EVODEX.2.1-P1816,EVODEX.2.1-P1838",37173966211546702383505553275839489138759105464615292870686731108545411514154
EVODEX.2.1-Em413,[#8](-[#6@:32](-[#6@:31])(-[#8:58])-[#1:96])-[#15](=[#8])(-[#8])-[#8]>>[#8](-[#6@@:32](-[#6@:31])(-[#8:58])-[#1:96])-[#1],"EVODEX.2.1-P1981,EVODEX.2.1-P2037,EVODEX.2.1-P2039,EVODEX.2.1-P2062,EVODEX.2.1-P2151,EVODEX.2.1-P2861,EVODEX.2.1-P3058,EVODEX.2.1-P3060,EVODEX.2.1-P3740,EVODEX.2.1-P3759",68538147130205222109510728014696361487117633447363416951624997225131710287477
EVODEX.2.1-Em415,[#8](-[#6@@:6](-[#6@@:5])(-[#8:32])-[#1:71])-[#15](=[#8])(-[#8])-[#8].[#8:65](-[#1])-[#1]>>[#8:65](-[#6@@:6](-[#6@@:5])(-[#8:32])-[#1:71])-[#1],"EVODEX.2.1-P1983,EVODEX.2.1-P2054,EVODEX.2.1-P2055,EVODEX.2.1-P2138,EVODEX.2.1-P2150,EVODEX.2.1-P3756,EVODEX.2.1-P3758,EVODEX.2.1-P3762,EVODEX.2.1-P3763,EVODEX.2.1-P3999",89670338699018199374696363024512780924762565411783385865693121153589218110125
EVODEX.2.1-Em420,[#8:26]-[#15:27](=[#8:28])(-[#8:29]-[#1])-[#8:30].[#8]-[#15](=[#8])(-[#8])-[#8]-[#6@@:49](-[#8:50])(-[#6@:58])-[#1:120]>>[#8:26]-[#15:27](=[#8:28])(-[#8:29]-[#6@:49](-[#8:50])(-[#6@:58])-[#1:120])-[#8:30],"EVODEX.2.1-P1998,EVODEX.2.1-P1999,EVODEX.2.1-P2001,EVODEX.2.1-P2020,EVODEX.2.1-P2119,EVODEX.2.1-P2121,EVODEX.2.1-P2141,EVODEX.2.1-P2145,EVODEX.2.1-P2147,EVODEX.2.1-P3214",80067578961793881923390518364829604583212868811481529411891710726506298912594
EVODEX.2.1-Em431,[#8](-[#6@:25](-[#6@:22])(-[#6@:38])-[#1:75])-[#6@]>>[#8](-[#6@:25](-[#6@@:22])(-[#6@:38])-[#1:75])-[#1],"EVODEX.2.1-P2059,EVODEX.2.1-P3904,EVODEX.2.1-P3911,EVODEX.2.1-P4006,EVODEX.2.1-P4007,EVODEX.2.1-P4010,EVODEX.2.1-P4058,EVODEX.2.1-P4065,EVODEX.2.1-P4066,EVODEX.2.1-P4067",96554721988721794433246774313184501752133132492203283927668702898397452922123
EVODEX.2.1-Em468,[#6:11]-[#16:12]-[#1]>>[#6](-[#6@])(-[#16:12]-[#6:11])(-[#1])-[#1],"EVODEX.2.1-P2290,EVODEX.2.1-P2291,EVODEX.2.1-P2294,EVODEX.2.1-P2296,EVODEX.2.1-P2303,EVODEX.2.1-P2312,EVODEX.2.1-P2316,EVODEX.2.1-P2318,EVODEX.2.1-P2322,EVODEX.2.1-P6143",44257878807603575892553667134480331270987612220530459861523463759835310700450
EVODEX.2.1-Em475,[#6:39]-[#16:40]-[#1]>>[#6]/[#6](-[#6])=[#6](/[#6](-[#16:40]-[#6:39])(-[#1])-[#1])-[#1],"EVODEX.2.1-P2325,EVODEX.2.1-P2329,EVODEX.2.1-P2330,EVODEX.2.1-P2341,EVODEX.2.1-P2348,EVODEX.2.1-P2350,EVODEX.2.1-P2351,EVODEX.2.1-P2352,EVODEX.2.1-P2353,EVODEX.2.1-P2354",72324720261441468237098393618469705698118335274753728473722810009823583216792
EVODEX.2.1-Em480,[#6:1]-[#16:2]-[#6:3].[#6:23](-[#6@:22])(-[#8:24]-[#15:25](=[#8:26])(-[#8:27])-[#8]-[#15](=[#8])(-[#8])-[#8])(-[#1:59])-[#1:60]>>[#6:1]-[#16&+:2](-[#6:3])-[#6:23](-[#6@:22])(-[#1:59])-[#1:60].[#8:24](-[#15:25](=[#8:26])(-[#8:27])-[#8]-[#1])-[#1],"EVODEX.2.1-P2355,EVODEX.2.1-P2358,EVODEX.2.1-P2363,EVODEX.2.1-P2367,EVODEX.2.1-P2370,EVODEX.2.1-P2371,EVODEX.2.1-P2381,EVODEX.2.1-P2383,EVODEX.2.1-P2386,EVODEX.2.1-P2390",72160358266575465836920260180671192353575813204299641259988876415801880143670
EVODEX.2.1-Em481,[#6:1]-[#16:2]-[#6:3].[#6:23](-[#6@:22])(-[#8:24]-[#15:25](=[#8:26])(-[#8:27])-[#8]-[#15](=[#8])(-[#8])-[#8])(-[#1:59])-[#1:60].[#8:41](-[#1])-[#1]>>[#6:1]-[#16&+:2](-[#6:3])-[#6:23](-[#6@:22])(-[#1:59])-[#1:60].[#8:24](-[#15:25](=[#8:26])(-[#8:27])-[#8:41]-[#1])-[#1],"EVODEX.2.1-P2356,EVODEX.2.1-P2362,EVODEX.2.1-P2364,EVODEX.2.1-P2368,EVODEX.2.1-P2375,EVODEX.2.1-P2378,EVODEX.2.1-P2380,EVODEX.2.1-P2384,EVODEX.2.1-P2385,EVODEX.2.1-P2389",7218537821164281895896975472436649060909219871126704637624128416862590131022
EVODEX.2.1-Em492,[#6:35]-[#6:36](-[#6@:2])=[#8].[#7:38](-[#6@@](-[#6])(-[#6](=[#8])-[#8])-[#1])(-[#1])-[#1]>>[#6:35]-[#6@@:36](-[#6@:2])(-[#7:38](-[#1])-[#1])-[#1],"EVODEX.2.1-P2411,EVODEX.2.1-P2424,EVODEX.2.1-P2518,EVODEX.2.1-P2519,EVODEX.2.1-P2522,EVODEX.2.1-P2579,EVODEX.2.1-P2581,EVODEX.2.1-P2684,EVODEX.2.1-P2808,EVODEX.2.1-P2810",21558950164041135650443766295999751276502067942497549587025890955015176603461
EVODEX.2.1-Em493,[#7:1](-[#6@@:2](-[#6@:3])(-[#6@@:15])-[#1])(-[#1])-[#1]>>[#6:2](=[#8])(-[#6@:3])-[#6@@:15].[#7:1](-[#6@@](-[#6])(-[#6](=[#8])-[#8])-[#1])(-[#1])-[#1],"EVODEX.2.1-P2414,EVODEX.2.1-P2426,EVODEX.2.1-P2427,EVODEX.2.1-P2489,EVODEX.2.1-P2494,EVODEX.2.1-P2495,EVODEX.2.1-P2696,EVODEX.2.1-P2760,EVODEX.2.1-P2813,EVODEX.2.1-P2815",115510253598126339093910647783052935425564871424545879701926131453569773579418
EVODEX.2.1-Em494,[#7:1](-[#6@@](-[#6])(-[#6](=[#8])-[#8])-[#1])(-[#1])-[#1].[#8]=[#6:12](-[#6@@:13])-[#1:36]>>[#7:1](-[#6:12](-[#6@@:13])(-[#1:36])-[#1])(-[#1])-[#1],"EVODEX.2.1-P2415,EVODEX.2.1-P2417,EVODEX.2.1-P2434,EVODEX.2.1-P2436,EVODEX.2.1-P2441,EVODEX.2.1-P2450,EVODEX.2.1-P2451,EVODEX.2.1-P2505,EVODEX.2.1-P2507,EVODEX.2.1-P2587",49575597900904262986127299955562134085010630621375847052582294154969159550119
EVODEX.2.1-Em495,[#8:11]=[#6:12](-[#6@@:13])-[#1:36]>>[#6](-[#6])(-[#6](=[#8])-[#8])=[#8:11].[#7](-[#6:12](-[#6@@:13])(-[#1:36])-[#1])(-[#1])-[#1],"EVODEX.2.1-P2416,EVODEX.2.1-P2435,EVODEX.2.1-P2438,EVODEX.2.1-P2443,EVODEX.2.1-P2452,EVODEX.2.1-P2506,EVODEX.2.1-P2508,EVODEX.2.1-P2509,EVODEX.2.1-P2671,EVODEX.2.1-P2673",87275114444351212547850124487953240863431821484379476937835395971217783326751
EVODEX.2.1-Em496,[#6:7]-[#6:8](-[#7](-[#1])-[#1])(-[#1:32])-[#1].[#6]-[#6](=[#8:19])-[#6](=[#8])-[#8]>>[#6:7]-[#6:8](=[#8:19])-[#1:32],"EVODEX.2.1-P2418,EVODEX.2.1-P2437,EVODEX.2.1-P2440,EVODEX.2.1-P2442,EVODEX.2.1-P2446,EVODEX.2.1-P2574,EVODEX.2.1-P2584,EVODEX.2.1-P2674,EVODEX.2.1-P2802,EVODEX.2.1-P2816",14985035076394563604298729852115148862658711042599143088062815728936490428871
EVODEX.2.1-Em498,[#6:22]-[#6@:23](-[#7](-[#1])-[#1])(-[#6@@:25])-[#1].[#6]-[#6](=[#8:40])-[#6](=[#8])-[#8]>>[#6:22]-[#6:23](=[#8:40])-[#6@@:25],"EVODEX.2.1-P2420,EVODEX.2.1-P2431,EVODEX.2.1-P2484,EVODEX.2.1-P2486,EVODEX.2.1-P2487,EVODEX.2.1-P2491,EVODEX.2.1-P2492,EVODEX.2.1-P2578,EVODEX.2.1-P2582,EVODEX.2.1-P2807",86723178946440336230103287404600661679559957280063711173476622171795844104415
EVODEX.2.1-Em499,[#6:22]-[#6:23](=[#8:24])-[#6@@:25]>>[#6:22]-[#6@:23](-[#7](-[#1])-[#1])(-[#6@@:25])-[#1].[#8:24]=[#6](-[#6])-[#6](=[#8])-[#8],"EVODEX.2.1-P2421,EVODEX.2.1-P2423,EVODEX.2.1-P2425,EVODEX.2.1-P2517,EVODEX.2.1-P2521,EVODEX.2.1-P2523,EVODEX.2.1-P2580,EVODEX.2.1-P2695,EVODEX.2.1-P2697,EVODEX.2.1-P2812",79992150164127273755734740666657485951548141753282018552831330463567468015134
EVODEX.2.1-Em501,[#7:7](-[#6:8](-[#6:9])(-[#1:22])-[#1])(-[#1])-[#1]>>[#6]-[#6](-[#6](=[#8])-[#8])(-[#7:7](-[#1])-[#1])-[#1].[#8]=[#6:8](-[#6:9])-[#1:22],"EVODEX.2.1-P2428,EVODEX.2.1-P2429,EVODEX.2.1-P2430,EVODEX.2.1-P2432,EVODEX.2.1-P2453,EVODEX.2.1-P2456,EVODEX.2.1-P2510,EVODEX.2.1-P2573,EVODEX.2.1-P2585,EVODEX.2.1-P2600",49689285853008765572656661380416404597559115382041148573114311464409762087584
EVODEX.2.1-Em525,[#6]-[#8]-[#15:16](=[#8:17])(-[#8:18])-[#8:19].[#6:32]-[#8:33]-[#1]>>[#15:16](=[#8:17])(-[#8:18])(-[#8:19])-[#8:33]-[#6:32],"EVODEX.2.1-P2848,EVODEX.2.1-P2849,EVODEX.2.1-P2884,EVODEX.2.1-P2954,EVODEX.2.1-P2956,EVODEX.2.1-P2974,EVODEX.2.1-P2984,EVODEX.2.1-P3049,EVODEX.2.1-P6172,EVODEX.2.1-P6174",28866265068875542149821236484819589668966832968024373786761362856627590246844
EVODEX.2.1-Em565,[#6:47]-[#16:48]-[#6:49](=[#8:50])-[#6:51]>>[#6:49](=[#8:50])(-[#6:51])-[#8]-[#1].[#6:47]-[#16:48]-[#6](-[#6])=[#8],"EVODEX.2.1-P3352,EVODEX.2.1-P3363,EVODEX.2.1-P3365,EVODEX.2.1-P3366,EVODEX.2.1-P3367,EVODEX.2.1-P3385,EVODEX.2.1-P3386,EVODEX.2.1-P3394,EVODEX.2.1-P3400,EVODEX.2.1-P3404",24577275145164841770226425779966214844794920883894306937069760660929464604777
EVODEX.2.1-Em569,[#6:47]-[#16:48]-[#6](=[#8])-[#6].[#8:56]=[#6:57](-[#8]-[#1])-[#6:59]>>[#6:47]-[#16:48]-[#6:57](=[#8:56])-[#6:59],"EVODEX.2.1-P3364,EVODEX.2.1-P3372,EVODEX.2.1-P3374,EVODEX.2.1-P3378,EVODEX.2.1-P3382,EVODEX.2.1-P3387,EVODEX.2.1-P3392,EVODEX.2.1-P3395,EVODEX.2.1-P3397,EVODEX.2.1-P3401",91737651620163994192851125427681965864540894277688885249695774307552463145912
EVODEX.2.1-Em599,[#6:8]-[#6:9](-[#8]-[#6](-[#6])=[#8])(-[#1:32])-[#1:33].[#8:14](-[#1])-[#1]>>[#6:8]-[#6:9](-[#8:14]-[#1])(-[#1:32])-[#1:33],"EVODEX.2.1-P3475,EVODEX.2.1-P3477,EVODEX.2.1-P3479,EVODEX.2.1-P3484,EVODEX.2.1-P3507,EVODEX.2.1-P3561,EVODEX.2.1-P3564,EVODEX.2.1-P3631,EVODEX.2.1-P3638,EVODEX.2.1-P3645",67328181981290548941508850871758394841706390026539215551760379117296082286584
EVODEX.2.1-Em671,[#8:1](-[#1])-[#1].[#8](-[#6@:34](-[#6@:31])(-[#6@:47])-[#1:100])-[#6@]>>[#8:1](-[#6@:34](-[#6@@:31])(-[#6@:47])-[#1:100])-[#1],"EVODEX.2.1-P3882,EVODEX.2.1-P3910,EVODEX.2.1-P4013,EVODEX.2.1-P4014,EVODEX.2.1-P4019,EVODEX.2.1-P4041,EVODEX.2.1-P4060,EVODEX.2.1-P4062,EVODEX.2.1-P4064,EVODEX.2.1-P4068",57645005133008282522413142355225438952596157045056928917896271924777806155125
EVODEX.2.1-Em704,[#6](-[#6@])(=[#8])-[#7:12](-[#6:13])-[#6@:16]>>[#7:12](-[#6:13])(-[#6@:16])-[#1],"EVODEX.2.1-P4221,EVODEX.2.1-P4234,EVODEX.2.1-P4300,EVODEX.2.1-P4307,EVODEX.2.1-P4318,EVODEX.2.1-P4320,EVODEX.2.1-P4321,EVODEX.2.1-P4322,EVODEX.2.1-P4350,EVODEX.2.1-P4354",87706147760303696294444293130592229961144556137662796127214683545112659820018
EVODEX.2.1-Em849,[#6:3](-[#6@:2])(=[#8:4])-[#1:25]>>[#8:4](-[#6@:3](-[#6@:2])(-[#6@@](-[#6](=[#8])-[#6])(-[#8])-[#1])-[#1:25])-[#1],"EVODEX.2.1-P5991,EVODEX.2.1-P5994,EVODEX.2.1-P5996,EVODEX.2.1-P6000,EVODEX.2.1-P6003,EVODEX.2.1-P6004,EVODEX.2.1-P6008,EVODEX.2.1-P6012,EVODEX.2.1-P6016,EVODEX.2.1-P6021",62848514258766942569395016466210048490205574357290424430550429449521340475275
EVODEX.2.1-Em852,[#8]=[#6](-[#6])-[#6](-[#8])(-[#6:7](-[#8:8]-[#1])(-[#6@:9])-[#1:29])-[#1]>>[#6:7](=[#8:8])(-[#6@:9])-[#1:29],"EVODEX.2.1-P5997,EVODEX.2.1-P5998,EVODEX.2.1-P5999,EVODEX.2.1-P6002,EVODEX.2.1-P6005,EVODEX.2.1-P6006,EVODEX.2.1-P6011,EVODEX.2.1-P6014,EVODEX.2.1-P6019,EVODEX.2.1-P6022",115353109206789140083298219193470582729331523133273472791906290741845584167714
EVODEX.2.1-Em878,[#6:1]-[#6:2](=[#8:3])-[#16]-[#6].[#8]-[#15](=[#8])(-[#8:69]-[#1])-[#8]>>[#6:1]-[#6:2](=[#8:3])-[#8:69]-[#1],"EVODEX.2.1-P6191,EVODEX.2.1-P6194,EVODEX.2.1-P6202,EVODEX.2.1-P6233,EVODEX.2.1-P6236,EVODEX.2.1-P6269,EVODEX.2.1-P6271,EVODEX.2.1-P6275,EVODEX.2.1-P6338,EVODEX.2.1-P6345",10346158704988081604551407166059870206620584871637620129264949792193404018458
EVODEX.2.1-Em882,[#6:5]-[#6:6](=[#8:7])-[#16:8]-[#6:9].[#8]-[#15](=[#8])(-[#8:73]-[#1])-[#8]>>[#6:5]-[#6:6](=[#8:7])-[#8:73]-[#1].[#16:8](-[#6:9])-[#1],"EVODEX.2.1-P6203,EVODEX.2.1-P6226,EVODEX.2.1-P6230,EVODEX.2.1-P6234,EVODEX.2.1-P6259,EVODEX.2.1-P6270,EVODEX.2.1-P6278,EVODEX.2.1-P6339,EVODEX.2.1-P6347,EVODEX.2.1-P6350",18025063393876616405646869212651478555040702944092040454720469668091747365766
EVODEX.2.1-Em906,[#6:29](-[#6@@:23])(=[#8:30])-[#7:31](-[#6@@:32])-[#1].[#8:70]=[#15:71](-[#8:72]-[#1])(-[#8:73])-[#8:74]>>[#6:29](-[#6@@:23])(=[#8:30])-[#8]-[#1].[#7:31](-[#6@@:32])(-[#1])-[#1].[#8]-[#15](=[#8])(-[#8])-[#8:72]-[#15:71](=[#8:70])(-[#8:73])-[#8:74],"EVODEX.2.1-P6534,EVODEX.2.1-P6542,EVODEX.2.1-P6546,EVODEX.2.1-P6552,EVODEX.2.1-P6558,EVODEX.2.1-P6566,EVODEX.2.1-P6570,EVODEX.2.1-P6611,EVODEX.2.1-P7049,EVODEX.2.1-P7105",53875219822509045315323246521631693483748557109243996675570577933324666414511
EVODEX.2.1-Em908,[#8:60]-[#15:61](=[#8:62])(-[#8]-[#1])-[#8:64].[#6]-[#6](=[#8])-[#7:25](-[#6@@:26])-[#1]>>[#7:25](-[#6@@:26])(-[#1])-[#1].[#8:60]-[#15:61](=[#8:62])(-[#8:64])-[#8]-[#15](=[#8])(-[#8])-[#8],"EVODEX.2.1-P6538,EVODEX.2.1-P6550,EVODEX.2.1-P6581,EVODEX.2.1-P6589,EVODEX.2.1-P6594,EVODEX.2.1-P7039,EVODEX.2.1-P7040,EVODEX.2.1-P7042,EVODEX.2.1-P7043,EVODEX.2.1-P7048",111718740116911173721687187466337867071041084785783828106684098274858727343875
EVODEX.2.1-Em910,[#8:78]-[#15:79](=[#8:80])(-[#8:81]-[#1])-[#8:82].[#6:40]-[#6:41](=[#8:42])-[#7](-[#6@@])-[#1]>>[#8:78]-[#15:79](=[#8:80])(-[#8:82])-[#8]-[#15](=[#8])(-[#8])-[#8].[#6:40]-[#6:41](=[#8:42])-[#8:81]-[#1],"EVODEX.2.1-P6557,EVODEX.2.1-P6561,EVODEX.2.1-P6562,EVODEX.2.1-P6564,EVODEX.2.1-P6572,EVODEX.2.1-P6573,EVODEX.2.1-P6585,EVODEX.2.1-P6586,EVODEX.2.1-P6595,EVODEX.2.1-P7083",63015259059980231369771180107495096514714991680650245677714192447083837405928
EVODEX.2.1-Em461,[#8:54]-[#15:55](=[#8:56])(-[#8:57])-[#8:58]-[#6](-[#6@])(-[#1])-[#1]>>[#8:54]-[#15:55](=[#8:56])(-[#8:57])-[#8:58]-[#1],"EVODEX.2.1-P2246,EVODEX.2.1-P3102,EVODEX.2.1-P3728,EVODEX.2.1-P3782,EVODEX.2.1-P3812,EVODEX.2.1-P3819,EVODEX.2.1-P3822,EVODEX.2.1-P6144,EVODEX.2.1-P6146",106088435643576349449450396413043413097135955743826967260931341526267002998395
EVODEX.2.1-Em577,[#6]-[#6](-[#8:3]-[#6:4](=[#8:5])-[#6:6])(-[#1])-[#1]>>[#8:3](-[#6:4](=[#8:5])-[#6:6])-[#1],"EVODEX.2.1-P3417,EVODEX.2.1-P3418,EVODEX.2.1-P3581,EVODEX.2.1-P3586,EVODEX.2.1-P3633,EVODEX.2.1-P3634,EVODEX.2.1-P3635,EVODEX.2.1-P4363,EVODEX.2.1-P4563",46842452166031071090882493309770791799475932631741853135709012333696917060581
EVODEX.2.1-Em618,[#6]-[#6](=[#8])-[#8]-[#6:5](-[#8:6])(-[#6@:18])-[#1:27]>>[#6:5](-[#8]-[#1])(-[#8:6])(-[#6@:18])-[#1:27],"EVODEX.2.1-P3598,EVODEX.2.1-P3889,EVODEX.2.1-P3890,EVODEX.2.1-P3892,EVODEX.2.1-P3893,EVODEX.2.1-P3895,EVODEX.2.1-P3899",61747749838249443354263268725290823873191840907926047950074183782435777801925
EVODEX.2.1-Em156,[#6:1](-[#8:2]-[#6:3])(-[#1:53])(-[#1:54])-[#1]>>[#6:1](=[#8])(-[#1:53])-[#1:54].[#8:2](-[#6:3])-[#1],"EVODEX.2.1-P2128,EVODEX.2.1-P3916,EVODEX.2.1-P4069,EVODEX.2.1-P4075,EVODEX.2.1-P597,EVODEX.2.1-P704",58872748326553121837156019610399182393941563060968897020682651092018709026373
EVODEX.2.1-Em433,[#8](-[#6@@])-[#6@@:9](-[#8:10])(-[#6@:18])-[#1:87].[#8:79](-[#6@@:78])-[#1]>>[#8:79](-[#6@@:9](-[#8:10])(-[#6@:18])-[#1:87])-[#6@@:78],"EVODEX.2.1-P2101,EVODEX.2.1-P2102,EVODEX.2.1-P2115,EVODEX.2.1-P2116,EVODEX.2.1-P2137,EVODEX.2.1-P4877",76614027031666915580505966949839017782581366928498118831556055808255161427468
EVODEX.2.1-Em1,[#6:1]-[#6:2](=[#8:3])-[#6:4](=[#8:5])-[#1:53]>>[#6:1]-[#6:2](=[#8:3])-[#6:4](-[#8:5]-[#1])(-[#1:53])-[#1],"EVODEX.2.1-P1,EVODEX.2.1-P110,EVODEX.2.1-P111,EVODEX.2.1-P6170,EVODEX.2.1-P6171",112218665344509494202234454742471233305693048998144974378558751592745415985666
EVODEX.2.1-Em2,[#7:1]-[#6:2](=[#8:3])-[#6:4]1:[#6:5](:[#6:6](:[#6:7](:[#7&+:8](-[#6@@:9]):[#6:44]:1-[#1:84])-[#1:61])-[#1:60])-[#1:59].[#6:55](-[#6@:53])(-[#8:56]-[#1])(-[#1:92])-[#1]>>[#7:1]-[#6:2](=[#8:3])-[#6:4]1=[#6:44](-[#7:8](-[#6@@:9])-[#6:7](=[#6:6](-[#6:5]-1(-[#1:59])-[#1])-[#1:60])-[#1:61])-[#1:84].[#6:55](-[#6@:53])(=[#8:56])-[#1:92],"EVODEX.2.1-P2,EVODEX.2.1-P46,EVODEX.2.1-P6,EVODEX.2.1-P78,EVODEX.2.1-P79",6567867524464943762767690689273742815674510610725041341293311845028725659548
EVODEX.2.1-Em3,[#6:1]-[#6:2](=[#8:3])-[#6:4]1:[#6:5](:[#6:6](:[#6:7](:[#6:8](:[#6:9]:1-[#1:65])-[#1:64])-[#1:63])-[#1:62])-[#1:61]>>[#6:1]-[#6:2](-[#8:3]-[#1])(-[#6:4]1:[#6:5](:[#6:6](:[#6:7](:[#6:8](:[#6:9]:1-[#1:65])-[#1:64])-[#1:63])-[#1:62])-[#1:61])-[#1],"EVODEX.2.1-P27,EVODEX.2.1-P3,EVODEX.2.1-P4,EVODEX.2.1-P7,EVODEX.2.1-P8",102285336974737611308313941066034701335597153158779505253677933234255971850921
EVODEX.2.1-Em4,[#8:2]-[#6:3]1=[#6:4](-[#8:5])-[#6:7](=[#8:8])-[#6:9](-[#6:10])=[#6:15](-[#6:16])-[#6:17]-1=[#8:18]>>[#8:2]-[#6:3]1:[#6:4](-[#8:5]):[#6:7](-[#8:8]-[#1]):[#6:9](-[#6:10]):[#6:15](-[#6:16]):[#6:17]:1-[#8:18]-[#1],"EVODEX.2.1-P1321,EVODEX.2.1-P152,EVODEX.2.1-P157,EVODEX.2.1-P5,EVODEX.2.1-P918",44351532499408876091891177208151501631971379659340873528145558396074473675980
EVODEX.2.1-Em5,[#6:7]-[#6:8](=[#8:9])-[#8]-[#6]1:[#6](:[#6](:[#6](-[#7&+](=[#8])-[#8&-]):[#6](:[#6]:1-[#1])-[#1])-[#1])-[#1]>>[#6:7]-[#6:8](=[#8:9])-[#8]-[#1],"EVODEX.2.1-P3935,EVODEX.2.1-P4073,EVODEX.2.1-P4692,EVODEX.2.1-P5043,EVODEX.2.1-P9",1709823561843342549178261371440358186446298582499715616291298561928211755709
EVODEX.2.1-Em6,[#6:7]-[#6:8](=[#8:9])-[#8:10]-[#6:11]1:[#6:12](:[#6:13](:[#6:14](-[#7&+:15](=[#8:16])-[#8&-:17]):[#6:18](:[#6:19]:1-[#1:39])-[#1:38])-[#1:37])-[#1:36]>>[#6:7]-[#6:8](=[#8:9])-[#8]-[#1].[#8:10](-[#6:11]1:[#6:12](:[#6:13](:[#6:14](-[#7&+:15](=[#8:16])-[#8&-:17]):[#6:18](:[#6:19]:1-[#1:39])-[#1:38])-[#1:37])-[#1:36])-[#1],"EVODEX.2.1-P10,EVODEX.2.1-P3583,EVODEX.2.1-P3585,EVODEX.2.1-P4989,EVODEX.2.1-P5046",73012127430365332037936285319770036117135644679298248442579002915293365542344
EVODEX.2.1-Em7,[#6:4]-[#6:5](=[#8:6])-[#6:7](-[#6:8])=[#8:9]>>[#6:4]-[#6:5](-[#8:6]-[#1])(-[#6:7](-[#6:8])(-[#8:9]-[#1])-[#1])-[#1],"EVODEX.2.1-P11,EVODEX.2.1-P26,EVODEX.2.1-P6166,EVODEX.2.1-P6167,EVODEX.2.1-P88",63616588915813865704614102656547571600153615247403516395865839776036081142452
EVODEX.2.1-Em8,[#6:4]-[#6:5](=[#8:6])-[#6:7](-[#6:8])=[#8:9].[#7:10]-[#6:11](=[#8:12])-[#6:13]1=[#6:14](-[#7:15](-[#6@@:16])-[#6:51](=[#6:52](-[#6:53]-1(-[#1:137])-[#1])-[#1:136])-[#1:135])-[#1:112].[#7:54]-[#6:55](=[#8:56])-[#6:57]1=[#6:58](-[#7:59](-[#6@@:60])-[#6:95](=[#6:96](-[#6:97]-1(-[#1:166])-[#1])-[#1:165])-[#1:164])-[#1:141]>>[#6:4]-[#6:5](-[#8:6]-[#1])(-[#6:7](-[#6:8])(-[#8:9]-[#1])-[#1])-[#1].[#7:10]-[#6:11](=[#8:12])-[#6:13]1:[#6:14](:[#7&+:15](-[#6@@:16]):[#6:51](:[#6:52](:[#6:53]:1-[#1:137])-[#1:136])-[#1:135])-[#1:112].[#7:54]-[#6:55](=[#8:56])-[#6:57]1:[#6:58](:[#7&+:59](-[#6@@:60]):[#6:95](:[#6:96](:[#6:97]:1-[#1:166])-[#1:165])-[#1:164])-[#1:141],"EVODEX.2.1-P12,EVODEX.2.1-P13,EVODEX.2.1-P14,EVODEX.2.1-P70,EVODEX.2.1-P87",115285158151320909250488822215817022350585462901050970136101115210525217136646
EVODEX.2.1-Em9,[#7:1]-[#6:2](=[#8:3])-[#6:4]1:[#6:5](:[#6:6](:[#6:7](:[#7&+:8](-[#6@@:9]):[#6:48]:1-[#1:87])-[#1:63])-[#1:62])-[#1:61].[#8:52]-[#6:53](-[#8:54]-[#1])(-[#6@@:55])-[#1]>>[#7:1]-[#6:2](=[#8:3])-[#6:4]1=[#6:48](-[#7:8](-[#6@@:9])-[#6:7](=[#6:6](-[#6:5]-1(-[#1:61])-[#1])-[#1:62])-[#1:63])-[#1:87].[#8:52]-[#6:53](=[#8:54])-[#6@@:55],"EVODEX.2.1-P15,EVODEX.2.1-P40,EVODEX.2.1-P58,EVODEX.2.1-P95,EVODEX.2.1-P96",68126180753181922894424904386835698531486563509065039542396934661672977785457
EVODEX.2.1-Em10,[#8:48]-[#6:49](-[#8:50]-[#1])(-[#6:51])-[#1]>>[#8:48]-[#6:49](=[#8:50])-[#6:51],"EVODEX.2.1-P104,EVODEX.2.1-P16,EVODEX.2.1-P19,EVODEX.2.1-P4025,EVODEX.2.1-P5713",30868145203254645516405443994785381955697075598229015491357226390419293850850
EVODEX.2.1-Em11,[#7:1]-[#6:2](=[#8:3])-[#6:4]1:[#6:5](:[#6:6](:[#6:7](:[#7&+:8](-[#6@@:9]):[#6:48]:1-[#1:89])-[#1:65])-[#1:64])-[#1:63].([#8:49]=[#6:50](-[#6@@:51])-[#1].[#8:58](-[#6@@:57])-[#1])>>[#7:1]-[#6:2](=[#8:3])-[#6:4]1=[#6:48](-[#7:8](-[#6@@:9])-[#6:7](=[#6:6](-[#6:5]-1(-[#1:63])-[#1])-[#1:64])-[#1:65])-[#1:89].[#8:49]=[#6:50](-[#6@@:51])-[#8:58]-[#6@:57],"EVODEX.2.1-P17,EVODEX.2.1-P18,EVODEX.2.1-P21,EVODEX.2.1-P39,EVODEX.2.1-P61",41843561162585546500843035407419432062430963069803660446844834741041329956207
EVODEX.2.1-Em12,[#7&+:31]1(-[#6@@:30]):[#6:32](:[#6:33](:[#6:34](:[#6:35](-[#6:36](-[#7:37])=[#8:38]):[#6:39]:1-[#1:88])-[#1:85])-[#1:84])-[#1:83]>>[#7:31]1(-[#6@@:30])-[#6:32](=[#6:33](-[#6:34](-[#6:35](-[#6:36](-[#7:37])=[#8:38])=[#6:39]-1-[#1:88])(-[#1:85])-[#1])-[#1:84])-[#1:83],"EVODEX.2.1-P1008,EVODEX.2.1-P182,EVODEX.2.1-P20,EVODEX.2.1-P754,EVODEX.2.1-P93",54587873526993340437823921199053737543351085886141408327271823341749258603511
EVODEX.2.1-Em13,[#7:1]-[#6:2](=[#8:3])-[#6:4]1=[#6:5](-[#7:6](-[#6@@:7])-[#6:42](=[#6:43](-[#6:44]-1(-[#1:82])-[#1])-[#1:81])-[#1:80])-[#1:57].[#6:49]-[#8:50]-[#6:51](=[#8:52])-[#6@:53]>>[#7:1]-[#6:2](=[#8:3])-[#6:4]1:[#6:5](:[#7&+:6](-[#6@@:7]):[#6:42](:[#6:43](:[#6:44]:1-[#1:82])-[#1:81])-[#1:80])-[#1:57].([#6:49]-[#8:50]-[#1].[#6:51](-[#6@@:53])(=[#8:52])-[#1]),"EVODEX.2.1-P22,EVODEX.2.1-P38,EVODEX.2.1-P60,EVODEX.2.1-P62,EVODEX.2.1-P86",2932293283642396787906963799398813488234623218075811014119020155270726581004
EVODEX.2.1-Em14,[#7:40]-[#6:41](=[#8:42])-[#6:43]1=[#6:44](-[#7:45](-[#6@@:46])-[#6:81](=[#6:82](-[#6:83]-1(-[#1:155])-[#1])-[#1:154])-[#1:153])-[#1:130].[#7:84]-[#6:85](=[#8:86])-[#6:87]1=[#6:88](-[#7:89](-[#6@@:90])-[#6:125](=[#6:126](-[#6:127]-1(-[#1:184])-[#1])-[#1:183])-[#1:182])-[#1:159].[#6:28](-[#6@:27])(=[#8])-[#8:30]>>[#7:40]-[#6:41](=[#8:42])-[#6:43]1:[#6:44](:[#7&+:45](-[#6@@:46]):[#6:81](:[#6:82](:[#6:83]:1-[#1:155])-[#1:154])-[#1:153])-[#1:130].[#7:84]-[#6:85](=[#8:86])-[#6:87]1:[#6:88](:[#7&+:89](-[#6@@:90]):[#6:125](:[#6:126](:[#6:127]:1-[#1:184])-[#1:183])-[#1:182])-[#1:159].[#6:28](-[#6@:27])(-[#8:30])(-[#1])-[#1],"EVODEX.2.1-P23,EVODEX.2.1-P763,EVODEX.2.1-P779,EVODEX.2.1-P827,EVODEX.2.1-P874",29690346779796245650939187207105753094402619775512717208461147554236443531868
EVODEX.2.1-Em15,[#6:28](-[#6@:27])(=[#8])-[#8:30]>>[#6:28](-[#6@:27])(-[#8:30])(-[#1])-[#1],"EVODEX.2.1-P24,EVODEX.2.1-P768,EVODEX.2.1-P780,EVODEX.2.1-P781,EVODEX.2.1-P862",37075968782416967291622166932321084040580177301573375718111056722130819701038
EVODEX.2.1-Em16,[#6:6]-[#6@:7](-[#8:8]-[#1])(/[#6:9](=[#6:10](/[#6@:11])-[#1:85])-[#1:84])-[#1]>>[#6:6]-[#6:7](=[#8:8])/[#6:9](=[#6:10](/[#6@:11])-[#1:85])-[#1:84],"EVODEX.2.1-P25,EVODEX.2.1-P29,EVODEX.2.1-P50,EVODEX.2.1-P65,EVODEX.2.1-P66",115611147860103362562247621423711948839935995165675237739390851833980469798465
EVODEX.2.1-Em17,[#6:13](-[#6@@:12])(=[#8:14])-[#6:15].[#7:27]-[#6:28](=[#8:29])-[#6:30]1=[#6:31](-[#7:32](-[#6@@:33])-[#6:68](=[#6:69](-[#6:70]-1(-[#1:126])-[#1])-[#1:125])-[#1:124])-[#1:101]>>[#8:14](-[#6@:13](-[#6@@:12])(-[#6:15])-[#1])-[#1].[#7:27]-[#6:28](=[#8:29])-[#6:30]1:[#6:31](:[#7&+:32](-[#6@@:33]):[#6:68](:[#6:69](:[#6:70]:1-[#1:126])-[#1:125])-[#1:124])-[#1:101],"EVODEX.2.1-P28,EVODEX.2.1-P42,EVODEX.2.1-P44,EVODEX.2.1-P63,EVODEX.2.1-P72",87653031880284619397815786824362296873919228114635292754134044226400708872129
EVODEX.2.1-Em18,[#6:22](-[#6@:20])(=[#8:23])-[#6:24](=[#8:25])-[#1:97].[#7:26]-[#6:27](=[#8:28])-[#6:29]1=[#6:30](-[#7:31](-[#6@@:32])-[#6:67](=[#6:68](-[#6:69]-1(-[#1:125])-[#1])-[#1:124])-[#1:123])-[#1:100]>>[#6:22](-[#6@:20])(=[#8:23])-[#6:24](-[#8:25]-[#1])(-[#1:97])-[#1].[#7:26]-[#6:27](=[#8:28])-[#6:29]1:[#6:30](:[#7&+:31](-[#6@@:32]):[#6:67](:[#6:68](:[#6:69]:1-[#1:125])-[#1:124])-[#1:123])-[#1:100],"EVODEX.2.1-P30,EVODEX.2.1-P31,EVODEX.2.1-P905,EVODEX.2.1-P906,EVODEX.2.1-P907",108397917060236448418821406866847359190951506289421723214453400372362755469426
EVODEX.2.1-Em19,[#8:20](-[#6@@:19](-[#6@@:18])(-[#6:21])-[#1])-[#1]>>[#6:19](-[#6@@:18])(=[#8:20])-[#6:21],"EVODEX.2.1-P3180,EVODEX.2.1-P32,EVODEX.2.1-P33,EVODEX.2.1-P3391,EVODEX.2.1-P94",107097420777248083802390982694167156687044516505244249913996903386201589571974
EVODEX.2.1-Em20,[#8:45](-[#6:46](-[#6:47])(-[#1:82])-[#1])-[#1]>>[#8:45]=[#6:46](-[#6:47])-[#1:82],"EVODEX.2.1-P139,EVODEX.2.1-P34,EVODEX.2.1-P71,EVODEX.2.1-P77,EVODEX.2.1-P80",95006850840548232705553638244190727187356753586600461766847586953704529192991
EVODEX.2.1-Em21,[#6:2]-[#6:8](-[#6:6](-[#8:5])=[#8:7])=[#8:9]>>[#6:2]-[#6@:8](-[#6:6](-[#8:5])=[#8:7])(-[#8:9]-[#1])-[#1],"EVODEX.2.1-P103,EVODEX.2.1-P35,EVODEX.2.1-P41,EVODEX.2.1-P48,EVODEX.2.1-P64",62517756791803702887149142322053122671044031020451323982600080156782637940608
EVODEX.2.1-Em22,[#8:31](-[#6@@:30](-[#6@:28])(-[#6:32])-[#1])-[#1].[#8:1]=[#6:2]1-[#6:3](=[#6:4](-[#6:5](=[#7:6]-[#6:7]2:[#6:8](:[#6:9](-[#17:10]):[#6:11](-[#8:12]):[#6:13](-[#17:14]):[#6:15]:2-[#1:53])-[#1:51])-[#6:16](=[#6:17]-1-[#1:55])-[#1:54])-[#1:50])-[#1:49]>>[#6:30](-[#6@:28])(=[#8:31])-[#6:32].[#8:1](-[#6:2]1:[#6:3](:[#6:4](:[#6:5](-[#7:6](-[#6:7]2:[#6:8](:[#6:9](-[#17:10]):[#6:11](-[#8:12]):[#6:13](-[#17:14]):[#6:15]:2-[#1:53])-[#1:51])-[#1]):[#6:16](:[#6:17]:1-[#1:55])-[#1:54])-[#1:50])-[#1:49])-[#1],"EVODEX.2.1-P155,EVODEX.2.1-P174,EVODEX.2.1-P175,EVODEX.2.1-P176,EVODEX.2.1-P36",3217374853336280013765682428287484922739646315585515628971215447913484830012
EVODEX.2.1-Em23,[#7:1]-[#6:2](=[#8:3])-[#6:4]1=[#6:5](-[#7:6](-[#6@@:7])-[#6:42](=[#6:43](-[#6:44]-1(-[#1:83])-[#1])-[#1:82])-[#1:81])-[#1:58].[#6:50]-[#6:51](=[#8:52])-[#6:53](=[#8:54])-[#8:55]>>[#7:1]-[#6:2](=[#8:3])-[#6:4]1:[#6:5](:[#7&+:6](-[#6@@:7]):[#6:42](:[#6:43](:[#6:44]:1-[#1:83])-[#1:82])-[#1:81])-[#1:58].[#6:50]-[#6:51](-[#8:52]-[#1])(-[#6:53](=[#8:54])-[#8:55])-[#1],"EVODEX.2.1-P1317,EVODEX.2.1-P37,EVODEX.2.1-P47,EVODEX.2.1-P67,EVODEX.2.1-P90",5180873796630110909766009025518537378098815064900074836883182737462141008567
EVODEX.2.1-Em24,[#7:1]-[#6:2](=[#8:3])-[#6:4]1=[#6:5](-[#7:6](-[#6@@:7])-[#6:46](=[#6:47](-[#6:48]-1(-[#1:87])-[#1])-[#1:86])-[#1:85])-[#1:61].[#8:49]=[#6:50](-[#6:51])-[#6:53]1:[#6:54](:[#6:55](:[#6:56](:[#6:57](:[#6:58]:1-[#1:95])-[#1:94])-[#1:93])-[#1:92])-[#1:91]>>[#7:1]-[#6:2](=[#8:3])-[#6:4]1:[#6:5](:[#7&+:6](-[#6@@:7]):[#6:46](:[#6:47](:[#6:48]:1-[#1:87])-[#1:86])-[#1:85])-[#1:61].[#8:49](-[#6@:50](-[#6:51])(-[#6:53]1:[#6:54](:[#6:55](:[#6:56](:[#6:57](:[#6:58]:1-[#1:95])-[#1:94])-[#1:93])-[#1:92])-[#1:91])-[#1])-[#1],"EVODEX.2.1-P43,EVODEX.2.1-P45,EVODEX.2.1-P51,EVODEX.2.1-P91,EVODEX.2.1-P92",87830992622308490435833984992361395035040394770417238684331295601435603722633
EVODEX.2.1-Em25,[#6:1]-[#6:2](=[#8:3])/[#6:4](=[#6:5](/[#6:6])-[#1:65])-[#1:64].[#7:13]-[#6:14](=[#8:15])-[#6:16]1=[#6:17](-[#7:18](-[#6@@:19])-[#6:58](=[#6:59](-[#6:60]-1(-[#1:101])-[#1])-[#1:100])-[#1:99])-[#1:75]>>[#6:1]-[#6:2](-[#8:3]-[#1])(/[#6:4](=[#6:5](/[#6:6])-[#1:65])-[#1:64])-[#1].[#7:13]-[#6:14](=[#8:15])-[#6:16]1:[#6:17](:[#7&+:18](-[#6@@:19]):[#6:58](:[#6:59](:[#6:60]:1-[#1:101])-[#1:100])-[#1:99])-[#1:75],"EVODEX.2.1-P49,EVODEX.2.1-P56,EVODEX.2.1-P83,EVODEX.2.1-P909,EVODEX.2.1-P910",79925357470012954297545186335425372060498696139243385410844111987579692098187
EVODEX.2.1-Em26,[#6:9]-[#6:10](=[#8:11])-[#8:12]>>[#6:9]-[#6:10](-[#8:12])(-[#1])-[#1].[#8:11](-[#1])-[#1],"EVODEX.2.1-P52,EVODEX.2.1-P778,EVODEX.2.1-P782,EVODEX.2.1-P783,EVODEX.2.1-P824",99192994637493012286012898003513343824642595403061410485609985758151297525579
EVODEX.2.1-Em27,[#6:27]-[#6:28](-[#8:29])(-[#1])-[#1].[#8:118](-[#1])-[#1]>>[#6:27]-[#6:28](-[#8:29])=[#8:118],"EVODEX.2.1-P53,EVODEX.2.1-P764,EVODEX.2.1-P765,EVODEX.2.1-P775,EVODEX.2.1-P776",46365950712874601554465938044106396352830216894420721422485788751160082009907
EVODEX.2.1-Em28,[#6:13]-[#6:14](=[#8:15])-[#8:16].[#7:61]-[#6:62](=[#8:63])-[#6:64]1=[#6:65](-[#7:66](-[#6@@:67])-[#6:102](=[#6:103](-[#6:104]-1(-[#1:189])-[#1])-[#1:188])-[#1:187])-[#1:164]>>[#6:13]-[#6:14](-[#8:16])(-[#1])-[#1].[#7:61]-[#6:62](=[#8:63])-[#6:64]1:[#6:65](:[#7&+:66](-[#6@@:67]):[#6:102](:[#6:103](:[#6:104]:1-[#1:189])-[#1:188])-[#1:187])-[#1:164].[#8:15](-[#1])-[#1],"EVODEX.2.1-P54,EVODEX.2.1-P55,EVODEX.2.1-P784,EVODEX.2.1-P785,EVODEX.2.1-P787",113916461011746160084488605498284047044067262645746461491508952214286923836759
EVODEX.2.1-Em29,[#6:3]-[#6@@:6](-[#8:7]-[#1])(-[#6:8](=[#6:9](-[#6:10])-[#6:11])-[#1:67])-[#1].[#7:12]-[#6:13](=[#8:14])-[#6:15]1:[#6:16](:[#6:17](:[#6:18](:[#7&+:19](-[#6@@:20]):[#6:55]:1-[#1:101])-[#1:78])-[#1:77])-[#1:76]>>[#6:3]-[#6:6](=[#8:7])-[#6:8](=[#6:9](-[#6:10])-[#6:11])-[#1:67].[#7:12]-[#6:13](=[#8:14])-[#6:15]1=[#6:55](-[#7:19](-[#6@@:20])-[#6:18](=[#6:17](-[#6:16]-1(-[#1:76])-[#1])-[#1:77])-[#1:78])-[#1:101],"EVODEX.2.1-P57,EVODEX.2.1-P69,EVODEX.2.1-P84,EVODEX.2.1-P89,EVODEX.2.1-P912",93705623063501659112369463429928631118960904231446453717905478605901190490829
EVODEX.2.1-Em30,[#6:1]-[#6:2](=[#8:3])-[#16:4]-[#6:5]>>[#6:1]-[#6:2](=[#8:3])-[#1].[#16:4](-[#6:5])-[#1],"EVODEX.2.1-P59,EVODEX.2.1-P720,EVODEX.2.1-P837,EVODEX.2.1-P860,EVODEX.2.1-P868",7992935377119924900636702267395383725761829318771133173638097268532318341379
EVODEX.2.1-Em31,[#6:5]-[#6:6](=[#6:7](-[#6:8])-[#6@@:9](-[#8:10]-[#1])(-[#6:11])-[#1])-[#1:68].[#7:12]-[#6:13](=[#8:14])-[#6:15]1:[#6:16](:[#6:17](:[#6:18](:[#7&+:19](-[#6@@:20]):[#6:59]:1-[#1:104])-[#1:80])-[#1:79])-[#1:78]>>[#6:5]-[#6:6](=[#6:7](-[#6:8])-[#6:9](=[#8:10])-[#6:11])-[#1:68].[#7:12]-[#6:13](=[#8:14])-[#6:15]1=[#6:59](-[#7:19](-[#6@@:20])-[#6:18](=[#6:17](-[#6:16]-1(-[#1:78])-[#1])-[#1:79])-[#1:80])-[#1:104],"EVODEX.2.1-P68,EVODEX.2.1-P914,EVODEX.2.1-P915,EVODEX.2.1-P916,EVODEX.2.1-P917",85929957690971962402731098385754324803421322581827223810302541351603440384284
EVODEX.2.1-Em32,[#7:1]-[#6:2](=[#8:3])-[#6:4]1:[#6:5](:[#6:6](:[#6:7](:[#7&+:8](-[#6@@:9]):[#6:44]:1-[#1:85])-[#1:62])-[#1:61])-[#1:60].[#6:48]-[#6:49](-[#6:50](=[#8:51])-[#8:52]-[#1])(-[#6:53](-[#8:54]-[#1])(-[#6:55](=[#8:56])-[#8:57])-[#1])-[#1:89]>>[#6:50](=[#8:51])=[#8:52].[#7:1]-[#6:2](=[#8:3])-[#6:4]1=[#6:44](-[#7:8](-[#6@@:9])-[#6:7](=[#6:6](-[#6:5]-1(-[#1:60])-[#1])-[#1:61])-[#1:62])-[#1:85].[#6:48]-[#6:49](-[#6:53](=[#8:54])-[#6:55](=[#8:56])-[#8:57])(-[#1:89])-[#1],"EVODEX.2.1-P100,EVODEX.2.1-P102,EVODEX.2.1-P73,EVODEX.2.1-P74,EVODEX.2.1-P98",79246529636046069411764490345572072749922244331378556233111261933471417042869
EVODEX.2.1-Em33,[#7:1]-[#6:2](=[#8:3])-[#6:4]1:[#6:5](:[#6:6](:[#6:7](:[#7&+:8](-[#6@@:9]):[#6:44]:1-[#1:86])-[#1:63])-[#1:62])-[#1:61].[#6:49]-[#6@:50](-[#6](=[#8])-[#8])(-[#6@@:54](-[#8:55]-[#1])(-[#6:56](=[#8:57])-[#8:58])-[#1])-[#1:92]>>[#7:1]-[#6:2](=[#8:3])-[#6:4]1=[#6:44](-[#7:8](-[#6@@:9])-[#6:7](=[#6:6](-[#6:5]-1(-[#1:61])-[#1])-[#1:62])-[#1:63])-[#1:86].[#6:49]-[#6:50](-[#6:54](=[#8:55])-[#6:56](=[#8:57])-[#8:58])(-[#1:92])-[#1],"EVODEX.2.1-P101,EVODEX.2.1-P75,EVODEX.2.1-P76,EVODEX.2.1-P97,EVODEX.2.1-P99",67014629544625639234512517906998226937573607415499070791259171879482416721022
EVODEX.2.1-Em34,[#6]-[#16]-[#6:49](=[#8:50])-[#6:51]>>[#6:49](-[#8:50]-[#1])(-[#6:51])(-[#1])-[#1],"EVODEX.2.1-P724,EVODEX.2.1-P81,EVODEX.2.1-P834,EVODEX.2.1-P863,EVODEX.2.1-P867",77068411779577406983754843853071345257212087124971854871423822457288725570529
EVODEX.2.1-Em35,[#6:52]-[#6:53](-[#8:54]-[#1])(-[#1])-[#1].[#7:107]-[#6:108](=[#8:109])-[#6:110]1:[#6:111](:[#6:112](:[#6:113](:[#7&+:114](-[#6@@:115]):[#6:154]:1-[#1:231])-[#1:207])-[#1:206])-[#1:205].[#7:59]-[#6:60](=[#8:61])-[#6:62]1:[#6:63](:[#6:64](:[#6:65](:[#7&+:66](-[#6@@:67]):[#6:106]:1-[#1:260])-[#1:236])-[#1:235])-[#1:234]>>[#6]-[#16]-[#6:53](-[#6:52])=[#8:54].[#7:107]-[#6:108](=[#8:109])-[#6:110]1=[#6:154](-[#7:114](-[#6@@:115])-[#6:113](=[#6:112](-[#6:111]-1(-[#1:205])-[#1])-[#1:206])-[#1:207])-[#1:231].[#7:59]-[#6:60](=[#8:61])-[#6:62]1=[#6:106](-[#7:66](-[#6@@:67])-[#6:65](=[#6:64](-[#6:63]-1(-[#1:234])-[#1])-[#1:235])-[#1:236])-[#1:260],"EVODEX.2.1-P716,EVODEX.2.1-P82,EVODEX.2.1-P842,EVODEX.2.1-P845,EVODEX.2.1-P861",110926865414214355790930512165170678794849895614990956073866805639187464819611
EVODEX.2.1-Em36,[#6:47]-[#6@@:48](-[#8:49]-[#6@@:50](-[#8:51])(-[#6@:52])-[#1])(-[#6@@:56])-[#1:91]>>([#8](-[#6@:48](-[#6:47])(-[#6@:56])-[#1:91])-[#1].[#6:50](-[#6@:52])(=[#8:49])-[#8:51]),"EVODEX.2.1-P3557,EVODEX.2.1-P3559,EVODEX.2.1-P3560,EVODEX.2.1-P3700,EVODEX.2.1-P85",114986053574795277759119577095450182899553027937183746936170705077228975769572
EVODEX.2.1-Em37,[#8:1]=[#8:2].[#8:6]-[#6:7](-[#8:8])(-[#6@:9](-[#8:10]-[#1])(-[#6@@:11])-[#1])-[#1:19]>>[#8:1](-[#8:2]-[#1])-[#1].[#8:6]-[#6@@:7](-[#8:8])(-[#6:9](=[#8:10])-[#6@@:11])-[#1:19],"EVODEX.2.1-P105,EVODEX.2.1-P116,EVODEX.2.1-P117,EVODEX.2.1-P126,EVODEX.2.1-P127",97151793173272550728302588284775051250164618753422437064738619498374218292080
EVODEX.2.1-Em38,[#8:11]=[#8:12].[#8:1]=[#6:2](-[#6@:3](-[#8:4]-[#1])(-[#6@@:5])-[#1])-[#1:13]>>[#8:1]=[#6:2](-[#6:3](=[#8:4])-[#6@@:5])-[#1:13].[#8:11](-[#8:12]-[#1])-[#1],"EVODEX.2.1-P106,EVODEX.2.1-P107,EVODEX.2.1-P108,EVODEX.2.1-P122,EVODEX.2.1-P123",110661134606698280997822621361929778500380399124718592379008814175501580915247
EVODEX.2.1-Em39,[#8:1]=[#8:2].[#6:9]-[#6@@:10](-[#8:11]-[#1])(-[#6@@:12])-[#1]>>[#8:1](-[#8:2]-[#1])-[#1].[#6:9]-[#6:10](=[#8:11])-[#6@@:12],"EVODEX.2.1-P109,EVODEX.2.1-P124,EVODEX.2.1-P125,EVODEX.2.1-P140,EVODEX.2.1-P141",3215224486414555928388951061524629680939311273728985987979484525284026238226
EVODEX.2.1-Em40,[#6:2]-[#6:3](-[#8:4]-[#1])(-[#1:12])-[#1].[#8:5]=[#8:6]>>[#6:2]-[#6:3](=[#8:4])-[#1:12].[#8:5](-[#8:6]-[#1])-[#1],"EVODEX.2.1-P112,EVODEX.2.1-P113,EVODEX.2.1-P114,EVODEX.2.1-P138,EVODEX.2.1-P142",107720401821464764681704991327219787525303126083376264429350203587128671972782
EVODEX.2.1-Em41,[#6:4]-[#6@:5](-[#8:6])(-[#6](=[#8])-[#8])-[#1]>>[#6:4]-[#6:5](-[#8:6])=[#8],"EVODEX.2.1-P115,EVODEX.2.1-P276,EVODEX.2.1-P481,EVODEX.2.1-P659,EVODEX.2.1-P685",44328167083343256844918273856490462686460936772836386272325342908557541069441
EVODEX.2.1-Em42,[#6:6]-[#6:7](-[#8:8]-[#1])(-[#6:9](=[#8:10])-[#8:11])-[#1].[#8:12]=[#6:13]1-[#6:14](=[#6:15](-[#6:16](=[#7:17]-[#6:18]2:[#6:19](:[#6:20](-[#17:21]):[#6:22](-[#8:23]):[#6:24](-[#17:25]):[#6:26]:2-[#1:49])-[#1:47])-[#6:27](=[#6:28]-1-[#1:51])-[#1:50])-[#1:46])-[#1:45]>>[#6:6]-[#6:7](=[#8:8])-[#6:9](=[#8:10])-[#8:11].[#8:12](-[#6:13]1:[#6:14](:[#6:15](:[#6:16](-[#7:17](-[#6:18]2:[#6:19](:[#6:20](-[#17:21]):[#6:22](-[#8:23]):[#6:24](-[#17:25]):[#6:26]:2-[#1:49])-[#1:47])-[#1]):[#6:27](:[#6:28]:1-[#1:51])-[#1:50])-[#1:46])-[#1:45])-[#1],"EVODEX.2.1-P118,EVODEX.2.1-P119,EVODEX.2.1-P120,EVODEX.2.1-P121,EVODEX.2.1-P161",86618254857599533878266967215285735522790083140678475998527818119677785297642
EVODEX.2.1-Em43,[#8:1]=[#8:2].[#6:16](-[#6@:15])(-[#8:17])(-[#1])-[#1]>>[#8:1]=[#6:16](-[#6@:15])-[#8:17].[#8:2](-[#1])-[#1],"EVODEX.2.1-P128,EVODEX.2.1-P129,EVODEX.2.1-P131,EVODEX.2.1-P132,EVODEX.2.1-P134",25586342623718688097952050329887616936701146092213470713180568265688956123313
EVODEX.2.1-Em44,[#8:1]=[#8].[#6:15](-[#6@:14])(-[#8:16])(-[#1])-[#1]>>[#8:1]=[#6:15](-[#6@:14])-[#8:16],"EVODEX.2.1-P130,EVODEX.2.1-P133,EVODEX.2.1-P136,EVODEX.2.1-P399,EVODEX.2.1-P620",59752937679928961455271635099486738133481488992192661953967747051115413235141
EVODEX.2.1-Em45,[#6:15](-[#6@@:14])(-[#8:16])(-[#1])-[#1]>>[#6:15](-[#6@@:14])(-[#8:16])=[#8],"EVODEX.2.1-P135,EVODEX.2.1-P622,EVODEX.2.1-P712,EVODEX.2.1-P777,EVODEX.2.1-P786",14536949284179725652720954401544448665627205362811343844197368444153637501029
EVODEX.2.1-Em46,[#6:1](-[#6:2])(-[#1:12])(-[#1])-[#1]>>[#6:1](-[#6:2])(=[#8])-[#1:12],"EVODEX.2.1-P137,EVODEX.2.1-P253,EVODEX.2.1-P536,EVODEX.2.1-P583,EVODEX.2.1-P657",66941863077176758523076993703477283754652075819230444061994202224142115580853
EVODEX.2.1-Em47,[#6:19]-[#6@@:20](-[#8:21]-[#1])(-[#6:22](=[#8:23])-[#8:24])-[#1].[#8:2]-[#6:3]1=[#6:4](-[#8:5])-[#6:7](=[#8:8])-[#6:9](-[#6:10])=[#6:15](-[#6:16])-[#6:17]-1=[#8:18]>>[#6:19]-[#6:20](=[#8:21])-[#6:22](=[#8:23])-[#8:24].[#8:2]-[#6:3]1:[#6:4](-[#8:5]):[#6:7](-[#8:8]-[#1]):[#6:9](-[#6:10]):[#6:15](-[#6:16]):[#6:17]:1-[#8:18]-[#1],"EVODEX.2.1-P143,EVODEX.2.1-P144,EVODEX.2.1-P145,EVODEX.2.1-P159,EVODEX.2.1-P160",79126084241401453684919641443031243619926020079089378986791726394371036102355
EVODEX.2.1-Em48,[#8:2]-[#6:3]1=[#6:4](-[#8:5])-[#6:7](=[#8:8])-[#6:9](-[#6:10])=[#6:60](-[#6:61])-[#6:62]-1=[#8:63].[#8:73](-[#6@@:72](-[#6@:70])(-[#6:74])-[#1])-[#1]>>[#8:2]-[#6:3]1:[#6:4](-[#8:5]):[#6:7](-[#8:8]-[#1]):[#6:9](-[#6:10]):[#6:60](-[#6:61]):[#6:62]:1-[#8:63]-[#1].[#6:72](-[#6@:70])(=[#8:73])-[#6:74],"EVODEX.2.1-P146,EVODEX.2.1-P150,EVODEX.2.1-P156,EVODEX.2.1-P158,EVODEX.2.1-P167",46442521395084027461814209421751989795153167001483878804266046287138811413366
EVODEX.2.1-Em49,[#8:8](-[#6@@:7](-[#6@@:5])(-[#6@:9])-[#1])-[#1].[#8:13]=[#6:14](-[#8:15])-[#6:16]1:[#6:17](:[#6:18](-[#6:19](=[#8:20])-[#8:21]):[#6:22]2:[#6:23](:[#7:24]:1)-[#6:25](=[#8:26])-[#6:27](=[#8:28])-[#6:29]1:[#6:30](:[#6:31](-[#6:32](=[#8:33])-[#8:34]):[#7:35](:[#6:36]:1-2)-[#1])-[#1:53])-[#1:51]>>[#6:7](-[#6@@:5])(=[#8:8])-[#6@:9].[#8:13]=[#6:14](-[#8:15])-[#6:16]1:[#6:17](:[#6:18](-[#6:19](=[#8:20])-[#8:21]):[#6:22]2:[#6:23](:[#7:24]:1):[#6:25](-[#8:26]-[#1]):[#6:27](-[#8:28]-[#1]):[#6:29]1:[#6:30](:[#6:31](-[#6:32](=[#8:33])-[#8:34]):[#7:35](:[#6:36]:2:1)-[#1])-[#1:53])-[#1:51],"EVODEX.2.1-P147,EVODEX.2.1-P168,EVODEX.2.1-P169,EVODEX.2.1-P170,EVODEX.2.1-P171",93695383058803780873598133824894878358045180975623782373696866910188613215836
EVODEX.2.1-Em50,[#8:2]-[#6:3]1=[#6:4](-[#8:5])-[#6:7](=[#8:8])-[#6:9](-[#6:10])=[#6:60](-[#6:61])-[#6:62]-1=[#8:63].[#8:72]-[#6:73](-[#8:74]-[#1])(-[#6@@:75])-[#1]>>[#8:2]-[#6:3]1:[#6:4](-[#8:5]):[#6:7](-[#8:8]-[#1]):[#6:9](-[#6:10]):[#6:60](-[#6:61]):[#6:62]:1-[#8:63]-[#1].[#8:72]-[#6:73](=[#8:74])-[#6@@:75],"EVODEX.2.1-P148,EVODEX.2.1-P149,EVODEX.2.1-P151,EVODEX.2.1-P154,EVODEX.2.1-P177",114625249173909130919447126671375345056582994459090571860451713120545493212388
EVODEX.2.1-Em51,[#8:1]=[#6:2]1-[#6:3](=[#6:4](-[#6:5](=[#7:6]-[#6:7]2:[#6:8](:[#6:9](-[#17:10]):[#6:11](-[#8:12]):[#6:13](-[#17:14]):[#6:15]:2-[#1:32])-[#1:30])-[#6:16](=[#6:17]-1-[#1:34])-[#1:33])-[#1:29])-[#1:28].[#8:18](-[#6:19](-[#8:20])(-[#6@:26])-[#1])-[#1]>>[#8:18]=[#6:19](-[#8:20])-[#6@:26].[#8:1](-[#6:2]1:[#6:3](:[#6:4](:[#6:5](-[#7:6](-[#6:7]2:[#6:8](:[#6:9](-[#17:10]):[#6:11](-[#8:12]):[#6:13](-[#17:14]):[#6:15]:2-[#1:32])-[#1:30])-[#1]):[#6:16](:[#6:17]:1-[#1:34])-[#1:33])-[#1:29])-[#1:28])-[#1],"EVODEX.2.1-P153,EVODEX.2.1-P178,EVODEX.2.1-P179,EVODEX.2.1-P180,EVODEX.2.1-P181",28687951979629028246308853068608299897940146475483846575466679280305129849526
EVODEX.2.1-Em52,[#6:1]-[#6:2](-[#8:3]-[#1])(-[#1:70])-[#1].[#8:5]-[#6:6]1=[#6:7](-[#8:8])-[#6:10](=[#8:11])-[#6:12](-[#6:13])=[#6:63](-[#6:64])-[#6:65]-1=[#8:66]>>[#6:1]-[#6:2](=[#8:3])-[#1:70].[#8:5]-[#6:6]1:[#6:7](-[#8:8]):[#6:10](-[#8:11]-[#1]):[#6:12](-[#6:13]):[#6:63](-[#6:64]):[#6:65]:1-[#8:66]-[#1],"EVODEX.2.1-P162,EVODEX.2.1-P163,EVODEX.2.1-P164,EVODEX.2.1-P165,EVODEX.2.1-P166",62548547109438025092020020056326754301452042157956626044167950705518130876943
EVODEX.2.1-Em53,[#8](-[#6@@:25](-[#6@@:6])(-[#6@@:23])-[#1:47])-[#1]>>[#6:25](-[#6@@:6])(-[#6@@:23])(-[#1:47])-[#1],"EVODEX.2.1-P172,EVODEX.2.1-P173,EVODEX.2.1-P267,EVODEX.2.1-P268,EVODEX.2.1-P707",82543473839625388216710905407632244959728355845219187796140139514168396071843
EVODEX.2.1-Em54,[#8:2]-[#6:3]1:[#6:4](-[#8:5]-[#1]):[#6:6](-[#6:7]):[#6:8](-[#6:9]):[#6:19](-[#8:20]-[#1]):[#6:21]:1-[#8:22].[#7:24]-[#6:25](=[#8:26])-[#6:27]1:[#6:28](:[#6:29](:[#6:30](:[#7&+:31](-[#6@@:32]):[#6:41]:1-[#1:84])-[#1:74])-[#1:73])-[#1:72]>>[#8:2]-[#6:3]1=[#6:21](-[#8:22])-[#6:19](=[#8:20])-[#6:8](-[#6:9])=[#6:6](-[#6:7])-[#6:4]-1=[#8:5].[#7:24]-[#6:25](=[#8:26])-[#6:27]1=[#6:41](-[#7:31](-[#6@@:32])-[#6:30](=[#6:29](-[#6:28]-1(-[#1:72])-[#1])-[#1:73])-[#1:74])-[#1:84],"EVODEX.2.1-P1316,EVODEX.2.1-P1318,EVODEX.2.1-P1319,EVODEX.2.1-P1320,EVODEX.2.1-P183",62770344020905132028592898097851021885384443057436071665942710083516638997326
EVODEX.2.1-Em55,[#6:7]-[#16:8]-[#6:9].[#8](-[#8:15]-[#1])-[#1]>>[#6:7]-[#16@@:8](-[#6:9])=[#8:15],"EVODEX.2.1-P184,EVODEX.2.1-P186,EVODEX.2.1-P187,EVODEX.2.1-P188,EVODEX.2.1-P545",97797455154442409920995069168001835695227156133027190184564210102121374559769
EVODEX.2.1-Em56,[#6:7]-[#16:8]-[#6:9]>>[#6:7]-[#16@@:8](-[#6:9])=[#8],"EVODEX.2.1-P185,EVODEX.2.1-P189,EVODEX.2.1-P416,EVODEX.2.1-P562,EVODEX.2.1-P568",6682403123081896732357650502270010243080532826443864574536040965969801617741
EVODEX.2.1-Em57,[#6:15]-[#6:16](-[#6:17])(-[#1:36])-[#1]>>[#6:15]-[#6:16](-[#6:17])(-[#8]-[#1])-[#1:36],"EVODEX.2.1-P190,EVODEX.2.1-P368,EVODEX.2.1-P381,EVODEX.2.1-P621,EVODEX.2.1-P702",35915619584559722382571061287442282266104322305393568785588199555841439379533
EVODEX.2.1-Em58,[#6:24](-[#6@:22])(-[#6:25])(-[#6:26])-[#1].[#8:30](-[#8:31]-[#1])-[#1]>>[#6:24](-[#6@:22])(-[#6:25])(-[#6:26])-[#8:30]-[#1].[#8:31](-[#1])-[#1],"EVODEX.2.1-P191,EVODEX.2.1-P194,EVODEX.2.1-P580,EVODEX.2.1-P582,EVODEX.2.1-P611",106967939233731777223696159762433341978404803031930010866101138904825787652752
EVODEX.2.1-Em59,[#6:24](-[#6@:22])(-[#6:25])(-[#6:26])-[#1].[#8:30](-[#8]-[#1])-[#1]>>[#6:24](-[#6@:22])(-[#6:25])(-[#6:26])-[#8:30]-[#1],"EVODEX.2.1-P192,EVODEX.2.1-P193,EVODEX.2.1-P579,EVODEX.2.1-P610,EVODEX.2.1-P706",25275613411175569962682211097761475997601042810773197330367619247962447977325
EVODEX.2.1-Em60,[#6:1]-[#6:2](-[#6:3])(-[#6:4])-[#1]>>[#6:1]-[#6:2](-[#6:3])(-[#6:4])-[#8]-[#1],"EVODEX.2.1-P195,EVODEX.2.1-P415,EVODEX.2.1-P449,EVODEX.2.1-P450,EVODEX.2.1-P581",69548189609848475979361868666060812645249890905980918325741263539738772080830
EVODEX.2.1-Em61,[#6:9]-[#6:10](-[#6:11])(-[#1:40])-[#1].[#8:17](-[#8:18]-[#1])-[#1]>>[#6:9]-[#6:10](-[#6:11])(-[#8:17]-[#1])-[#1:40].[#8:18](-[#1])-[#1],"EVODEX.2.1-P196,EVODEX.2.1-P448,EVODEX.2.1-P591,EVODEX.2.1-P606,EVODEX.2.1-P607",104764008011395235734875304860924171259472653911309527299432547032880386039171
EVODEX.2.1-Em62,[#6:1]-[#6:2]1:[#6:3](:[#6:4](:[#6:5](:[#6:6](:[#6:7]:1-[#1:26])-[#1:25])-[#1:24])-[#1:23])-[#1].[#8:15](-[#8:16]-[#1])-[#1].[#8](-[#8:18]-[#1])-[#1]>>[#6:1]-[#6:2]1:[#6:3](-[#8:15]-[#1]):[#6:4](:[#6:5](:[#6:6](:[#6:7]:1-[#1:26])-[#1:25])-[#1:24])-[#1:23].[#8:16](-[#1])-[#1].[#8:18](-[#1])-[#1],"EVODEX.2.1-P197,EVODEX.2.1-P443,EVODEX.2.1-P550,EVODEX.2.1-P551,EVODEX.2.1-P618",14614997996964132468584374923351971978410753235316760029297118131788653266401
EVODEX.2.1-Em63,[#6:3]-[#6:4]1:[#6:5](:[#6:6](:[#6:7](-[#8:8]):[#6:9](:[#6:10]:1-[#1:25])-[#1:24])-[#1])-[#1:21].[#8:14](-[#8]-[#1])-[#1]>>[#6:3]-[#6:4]1:[#6:5](:[#6:6](-[#8:14]-[#1]):[#6:7](-[#8:8]):[#6:9](:[#6:10]:1-[#1:25])-[#1:24])-[#1:21],"EVODEX.2.1-P198,EVODEX.2.1-P521,EVODEX.2.1-P541,EVODEX.2.1-P589,EVODEX.2.1-P655",50053192845248716738879820860910106685445970417374754741888287443236989014618
EVODEX.2.1-Em64,[#6:1]-[#6:2]1:[#6:3](:[#6:4](:[#6:5](-[#8:6]):[#6:7](:[#6:8]:1-[#1:18])-[#1:17])-[#1])-[#1:14]>>[#6:1]-[#6:2]1:[#6:3](:[#6:4](-[#8]-[#1]):[#6:5](-[#8:6]):[#6:7](:[#6:8]:1-[#1:18])-[#1:17])-[#1:14],"EVODEX.2.1-P199,EVODEX.2.1-P200,EVODEX.2.1-P520,EVODEX.2.1-P539,EVODEX.2.1-P540",4509409620820503474670222120864877825056223510375557334949076453685102774076
EVODEX.2.1-Em65,[#6:25]/[#6:26](=[#6:27](\[#6:28](/[#6:29](=[#6:30](\[#6:31])-[#1:93])-[#1:92])(-[#1:90])-[#1])-[#1:89])-[#1:88]>>[#6:25]-[#6:26](-[#6:27](=[#6:28](/[#6:29](=[#6:30](\[#6:31])-[#1:93])-[#1:92])-[#1:90])-[#1:89])(-[#8]-[#8])-[#1:88],"EVODEX.2.1-P201,EVODEX.2.1-P203,EVODEX.2.1-P204,EVODEX.2.1-P206,EVODEX.2.1-P208",109297877580467134311302642039966375964402314048223632396103040486641354524779
EVODEX.2.1-Em66,[#6:11]/[#6:12](=[#6:13](\[#6:14](/[#6:15](=[#6:16](\[#6:17])-[#1:76])-[#1:75])(-[#1:73])-[#1])-[#1:72])-[#1:71].[#8:49]=[#8:50]>>[#6:11]/[#6:12](=[#6:13](-[#6:14](=[#6:15](\[#6@:16](-[#6:17])(-[#8:49]-[#8:50]-[#1])-[#1:76])-[#1:75])\[#1:73])/[#1:72])-[#1:71],"EVODEX.2.1-P202,EVODEX.2.1-P207,EVODEX.2.1-P209,EVODEX.2.1-P210,EVODEX.2.1-P211",83348925503792839235928043323803463761060247645372312722534168823826483334852
EVODEX.2.1-Em67,[#6:25]/[#6:26](=[#6:27](/[#6:28])-[#1:85])-[#1]>>[#6:25]/[#6:26](=[#6:27](/[#6:28])-[#1:85])-[#8]-[#1],"EVODEX.2.1-P205,EVODEX.2.1-P212,EVODEX.2.1-P213,EVODEX.2.1-P6092,EVODEX.2.1-P6095",93516309199704082908345665369162066101833466701569745371521384049540080697769
EVODEX.2.1-Em68,[#6:7]-[#6@:8](-[#7:9])(-[#6:10](=[#8:11])-[#8:12]-[#1])-[#1].[#8:13]=[#8]>>[#6:10](=[#8:11])=[#8:12].[#6:7]-[#6:8](-[#7:9])=[#8:13],"EVODEX.2.1-P214,EVODEX.2.1-P222,EVODEX.2.1-P227,EVODEX.2.1-P230,EVODEX.2.1-P237",36292209008255522320429569813937735172489990531929919941487187657212151052102
EVODEX.2.1-Em69,[#6:7]-[#6@:8](-[#7:9])(-[#6](=[#8])-[#8])-[#1].[#8:13]=[#8:14]>>[#6:7]-[#6:8](-[#7:9])=[#8:13].[#8:14](-[#1])-[#1],"EVODEX.2.1-P215,EVODEX.2.1-P223,EVODEX.2.1-P224,EVODEX.2.1-P232,EVODEX.2.1-P240",18898762160915057629334418551092169086663860074353134056791210088114427581700
EVODEX.2.1-Em70,[#6:7]-[#6@:8](-[#7:9])(-[#6:10](=[#8:11])-[#8:12]-[#1])-[#1]>>[#6:10](=[#8:11])=[#8:12].[#6:7]-[#6:8](-[#7:9])=[#8],"EVODEX.2.1-P216,EVODEX.2.1-P221,EVODEX.2.1-P239,EVODEX.2.1-P241,EVODEX.2.1-P243",101162407395405129112072651554890122917849794882279964405540841975973459477083
EVODEX.2.1-Em71,[#6:7]-[#6@:8](-[#7:9])(-[#6](=[#8])-[#8])-[#1]>>[#6:7]-[#6:8](-[#7:9])=[#8],"EVODEX.2.1-P217,EVODEX.2.1-P219,EVODEX.2.1-P231,EVODEX.2.1-P234,EVODEX.2.1-P242",822344986088086809471658032332042358003271024150769707925409985048501108253
EVODEX.2.1-Em72,[#6:8]-[#6@:9](-[#7:10])(-[#6:11](=[#8:12])-[#8:13]-[#1])-[#1].[#8:14]=[#8:15]>>[#6:11](=[#8:12])=[#8:13].[#6:8]-[#6:9](-[#7:10])=[#8:14].[#8:15](-[#1])-[#1],"EVODEX.2.1-P218,EVODEX.2.1-P226,EVODEX.2.1-P229,EVODEX.2.1-P236,EVODEX.2.1-P244",45212944655417620100518875507806923357529658397004365696900780083766682011534
EVODEX.2.1-Em73,[#7](-[#6@@:2](-[#6:3])(-[#6:11](=[#8:12])-[#8:13])-[#1])(-[#1])-[#1]>>[#6:2](-[#6:3])(-[#6:11](=[#8:12])-[#8:13])=[#8],"EVODEX.2.1-P1019,EVODEX.2.1-P1138,EVODEX.2.1-P220,EVODEX.2.1-P2680,EVODEX.2.1-P972",67068005391413893994264150433123366297281630117138466236262942956220199870015
EVODEX.2.1-Em74,[#6:6]-[#6@:7](-[#7:8])(-[#6](=[#8])-[#8])-[#1].[#8:12]=[#8]>>[#6:6]-[#6:7](-[#7:8])=[#8:12],"EVODEX.2.1-P225,EVODEX.2.1-P228,EVODEX.2.1-P233,EVODEX.2.1-P235,EVODEX.2.1-P238",66759596668418869533204353189420594640539704519139857603766108763984981421603
EVODEX.2.1-Em75,[#8]=[#6](-[#8])-[#6:4](-[#8:5])(-[#6:6])-[#1].[#8:8]=[#8]>>[#6:4](-[#8:5])(-[#6:6])=[#8:8],"EVODEX.2.1-P245,EVODEX.2.1-P254,EVODEX.2.1-P480,EVODEX.2.1-P482,EVODEX.2.1-P660",60669289953314153923399276852693774950612855796936852196421423975262594005868
EVODEX.2.1-Em78,[#6:47]-[#16:48]-[#1].[#8:80]=[#6:81](-[#8]-[#1])-[#6@@:83]>>[#6:47]-[#16:48]-[#6:81](=[#8:80])-[#6@@:83],"EVODEX.2.1-P248,EVODEX.2.1-P6199,EVODEX.2.1-P6273,EVODEX.2.1-P6294,EVODEX.2.1-P6302",75078904576088930265664753000194736038844674861963514887627012415966364547513
EVODEX.2.1-Em79,[#8:15]-[#15:16](=[#8:17])(-[#8:18])-[#8:19]-[#6:20](=[#8:21])-[#6@:22].[#8:41]=[#15:42](-[#8:43]-[#1])(-[#8:44])-[#8:45]>>[#8:15]-[#15:16](=[#8:17])(-[#8:18])-[#8:43]-[#15:42](=[#8:41])(-[#8:44])-[#8:45].[#8:19](-[#6:20](=[#8:21])-[#6@:22])-[#1],"EVODEX.2.1-P249,EVODEX.2.1-P3054,EVODEX.2.1-P3063,EVODEX.2.1-P3065,EVODEX.2.1-P3151",24127947462380597745801015238132416817489633428683425762167939138859434138743
EVODEX.2.1-Em82,[#6:5]-[#6:6](-[#6:7])(-[#1:34])-[#1].[#8:21]=[#8:22]>>[#6:5]-[#6@@:6](-[#6:7])(-[#8:21]-[#1])-[#1:34].[#6]-[#6](=[#8])-[#8:22]-[#1],"EVODEX.2.1-P255,EVODEX.2.1-P364,EVODEX.2.1-P391,EVODEX.2.1-P400,EVODEX.2.1-P428",56573792227570740220344706154388827546320067461348719716233476376492132010951
EVODEX.2.1-Em83,[#6:8](-[#6@:6])(-[#6:9](=[#8:10])-[#8:11])(-[#1:37])-[#1].[#8:22]=[#8:23]>>[#6:8](-[#6@:6])(-[#6:9](=[#8:10])-[#8:11])(-[#8:22]-[#1])-[#1:37].[#6]-[#6](=[#8])-[#8:23]-[#1],"EVODEX.2.1-P256,EVODEX.2.1-P263,EVODEX.2.1-P287,EVODEX.2.1-P299,EVODEX.2.1-P305",45713628681860643540949742994725190799528134934829332649822733970121122655986
EVODEX.2.1-Em84,[#6:8](-[#6@:6])(-[#6:9](=[#8:10])-[#8:11])(-[#1:37])-[#1].[#6:16]-[#6:17](=[#8:18])-[#6:19](=[#8:20])-[#8:21]-[#1]>>[#6:19](=[#8:20])=[#8:21].[#6:8](-[#6@:6])(-[#6:9](=[#8:10])-[#8:11])(-[#8]-[#1])-[#1:37].[#6:16]-[#6:17](=[#8:18])-[#8]-[#1],"EVODEX.2.1-P257,EVODEX.2.1-P278,EVODEX.2.1-P283,EVODEX.2.1-P291,EVODEX.2.1-P421",16831492100330504813717912390709702883032394864279943411420221373956514621794
EVODEX.2.1-Em85,[#6:8](-[#6@:6])(-[#6:9](=[#8:10])-[#8:11])(-[#1:37])-[#1].[#6]-[#6](=[#8])-[#6:19](=[#8:20])-[#8:21]-[#1]>>[#6:19](=[#8:20])=[#8:21].[#6:8](-[#6@:6])(-[#6:9](=[#8:10])-[#8:11])(-[#8]-[#1])-[#1:37],"EVODEX.2.1-P258,EVODEX.2.1-P280,EVODEX.2.1-P285,EVODEX.2.1-P293,EVODEX.2.1-P298",50580006231769142450499972903297112236165303676727148202658645857342381266557
EVODEX.2.1-Em86,[#6:8](-[#6@:6])(-[#6:9](=[#8:10])-[#8:11])(-[#1:37])-[#1]>>[#6:8](-[#6@:6])(-[#6:9](=[#8:10])-[#8:11])(-[#8]-[#1])-[#1:37],"EVODEX.2.1-P2526,EVODEX.2.1-P259,EVODEX.2.1-P265,EVODEX.2.1-P304,EVODEX.2.1-P3377",75846707503993245244058041994122846505815569980467120097925293971442571541287
EVODEX.2.1-Em87,[#6:8](-[#6@:6])(-[#6:9](=[#8:10])-[#8:11])(-[#1:37])-[#1].[#6:16]-[#6:17](=[#8:18])-[#6](=[#8])-[#8]>>[#6:8](-[#6@:6])(-[#6:9](=[#8:10])-[#8:11])(-[#8]-[#1])-[#1:37].[#6:16]-[#6:17](=[#8:18])-[#8]-[#1],"EVODEX.2.1-P260,EVODEX.2.1-P281,EVODEX.2.1-P286,EVODEX.2.1-P303,EVODEX.2.1-P422",100883107272220991901023638402422008161143034739131091369095922720034303565107
EVODEX.2.1-Em88,[#6:8](-[#6@@:6])(-[#6:9](=[#8:10])-[#8:11])(-[#1:37])-[#1].[#6:16]-[#6:17](=[#8:18])-[#6:19](=[#8:20])-[#8:21]-[#1].[#8:22]=[#8:23]>>[#6:19](=[#8:20])=[#8:21].[#6:8](-[#6@@:6])(-[#6:9](=[#8:10])-[#8:11])(-[#8:22]-[#1])-[#1:37].[#6:16]-[#6:17](=[#8:18])-[#8:23]-[#1],"EVODEX.2.1-P261,EVODEX.2.1-P282,EVODEX.2.1-P289,EVODEX.2.1-P294,EVODEX.2.1-P301",61514020791733737920598232783056119354147403203001317437940936067830457633646
EVODEX.2.1-Em89,[#6:8](-[#6@@:6])(-[#6:9](=[#8:10])-[#8:11])(-[#1:37])-[#1].[#6:16]-[#6:17](=[#8:18])-[#6](=[#8])-[#8].[#8:22]=[#8:23]>>[#6:8](-[#6@@:6])(-[#6:9](=[#8:10])-[#8:11])(-[#8:22]-[#1])-[#1:37].[#6:16]-[#6:17](=[#8:18])-[#8:23]-[#1],"EVODEX.2.1-P262,EVODEX.2.1-P279,EVODEX.2.1-P284,EVODEX.2.1-P292,EVODEX.2.1-P297",22999658581066728897882047547768359219762169497915645191091209745760043441748
EVODEX.2.1-Em90,[#6:8](-[#6@@:6])(-[#6:9](=[#8:10])-[#8:11])(-[#1:37])-[#1].[#8:22]=[#8]>>[#6:8](-[#6@@:6])(-[#6:9](=[#8:10])-[#8:11])(-[#8:22]-[#1])-[#1:37],"EVODEX.2.1-P264,EVODEX.2.1-P288,EVODEX.2.1-P290,EVODEX.2.1-P300,EVODEX.2.1-P306",35424110914220079348681334141467275816553790297016418044947452146178361031985
EVODEX.2.1-Em91,[#6:17]-[#6:18](-[#6@@:19])(-[#1:39])-[#1].[#6]-[#6](=[#8])-[#6:8](=[#8:9])-[#8:10]-[#1].[#8:31]=[#8]>>[#6:8](=[#8:9])=[#8:10].[#6:17]-[#6:18](-[#8:31]-[#1])(-[#6@@:19])-[#1:39],"EVODEX.2.1-P266,EVODEX.2.1-P379,EVODEX.2.1-P386,EVODEX.2.1-P392,EVODEX.2.1-P417",105224340340411629049979563333257581211563639195045393251040346895663972113437
EVODEX.2.1-Em92,[#6:12]-[#6:13](-[#6@:14])(-[#1:52])-[#1].[#6:30]-[#6:31](=[#8:32])-[#6:33](=[#8:34])-[#8:35]-[#1]>>[#6:33](=[#8:34])=[#8:35].[#6:12]-[#6@:13](-[#8]-[#1])(-[#6@:14])-[#1:52].[#6:30]-[#6:31](=[#8:32])-[#8]-[#1],"EVODEX.2.1-P269,EVODEX.2.1-P273,EVODEX.2.1-P274,EVODEX.2.1-P411,EVODEX.2.1-P419",86892269841677191611937187830624804584325331050714519697683043272848835421483
EVODEX.2.1-Em93,[#6:12]-[#6:13](-[#6@:14])(-[#1:52])-[#1].[#6]-[#6](=[#8])-[#6:33](=[#8:34])-[#8:35]-[#1]>>[#6:33](=[#8:34])=[#8:35].[#6:12]-[#6@:13](-[#8]-[#1])(-[#6@:14])-[#1:52],"EVODEX.2.1-P270,EVODEX.2.1-P271,EVODEX.2.1-P387,EVODEX.2.1-P397,EVODEX.2.1-P409",78832859206409403556059708821524086670920412717436892050497585482102600829846
EVODEX.2.1-Em94,[#6:5](-[#6@:4])(-[#6@:6])(-[#1:41])-[#1].[#6:29]-[#6:30](=[#8:31])-[#6:32](=[#8:33])-[#8:34]-[#1].[#8:35]=[#8:36]>>[#6:32](=[#8:33])=[#8:34].[#6:5](-[#6@:4])(-[#8:35]-[#1])(-[#6@:6])-[#1:41].[#6:29]-[#6:30](=[#8:31])-[#8:36]-[#1],"EVODEX.2.1-P272,EVODEX.2.1-P380,EVODEX.2.1-P403,EVODEX.2.1-P405,EVODEX.2.1-P427",30793836293991433818310833091968031133152311078658648192815852254130898904014
EVODEX.2.1-Em95,[#6:13]-[#6:14](-[#6@:15])(-[#1:54])-[#1].[#6:30]-[#6:31](=[#8:32])-[#6](=[#8])-[#8].[#8:36]=[#8:37]>>[#6:13]-[#6@:14](-[#8:36]-[#1])(-[#6@:15])-[#1:54].[#6:30]-[#6:31](=[#8:32])-[#8:37]-[#1],"EVODEX.2.1-P275,EVODEX.2.1-P365,EVODEX.2.1-P369,EVODEX.2.1-P404,EVODEX.2.1-P429",98050252390671975176379977563090293401592233067996260053982476405449192926368
EVODEX.2.1-Em96,[#6:3]-[#6:4](-[#6:5](=[#8:6])-[#8:7])(-[#1:26])-[#1].[#8:18]=[#8].[#6]-[#6](=[#8])-[#6:15](=[#8:16])-[#8:17]-[#1]>>[#6:15](=[#8:16])=[#8:17].[#6:3]-[#6@:4](-[#6:5](=[#8:6])-[#8:7])(-[#8:18]-[#1])-[#1:26],"EVODEX.2.1-P277,EVODEX.2.1-P295,EVODEX.2.1-P296,EVODEX.2.1-P302,EVODEX.2.1-P420",80658473363590873048536150526660173797147418363148498623293080809737213654570
EVODEX.2.1-Em97,[#6:19](-[#6@:17])(-[#6:20](=[#8:21])-[#16:22])(-[#1:119])-[#1].[#6]-[#6](=[#8])-[#6:77](=[#8:78])-[#8:79]-[#1].[#8:80]=[#8]>>[#6:77](=[#8:78])=[#8:79].[#6:19](-[#6@:17])(-[#6:20](=[#8:21])-[#16:22])(-[#8:80]-[#1])-[#1:119],"EVODEX.2.1-P307,EVODEX.2.1-P320,EVODEX.2.1-P338,EVODEX.2.1-P343,EVODEX.2.1-P349",45281884508479179938558571841399376104469556622395596954171407293255042644689
EVODEX.2.1-Em98,[#6:19](-[#6@:17])(-[#6:20](=[#8:21])-[#16:22])(-[#1:119])-[#1].[#8:80]=[#8:81]>>[#6:19](-[#6@:17])(-[#6:20](=[#8:21])-[#16:22])(-[#8:80]-[#1])-[#1:119].[#6]-[#6](=[#8])-[#8:81]-[#1],"EVODEX.2.1-P308,EVODEX.2.1-P310,EVODEX.2.1-P341,EVODEX.2.1-P348,EVODEX.2.1-P350",25492637750674542283492183341145085054375338107803644222145488583868227058919
EVODEX.2.1-Em99,[#6:19](-[#6@:17])(-[#6:20](=[#8:21])-[#16:22])(-[#1:119])-[#1].[#6]-[#6](=[#8])-[#6:77](=[#8:78])-[#8:79]-[#1]>>[#6:77](=[#8:78])=[#8:79].[#6:19](-[#6@:17])(-[#6:20](=[#8:21])-[#16:22])(-[#8]-[#1])-[#1:119],"EVODEX.2.1-P309,EVODEX.2.1-P324,EVODEX.2.1-P328,EVODEX.2.1-P331,EVODEX.2.1-P333",75693912465005605496132349516402865336327133483574094182837266013222419959148
EVODEX.2.1-Em100,[#6:7]-[#6:9](-[#6:10](=[#8:11])-[#16:12])(-[#1:87])-[#1].[#8:70]=[#8]>>[#6:7]-[#6:9](-[#6:10](=[#8:11])-[#16:12])(-[#8:70]-[#1])-[#1:87],"EVODEX.2.1-P311,EVODEX.2.1-P325,EVODEX.2.1-P329,EVODEX.2.1-P334,EVODEX.2.1-P351",14503853845165907209773278876915625914464605189779591050180990236126783640697
EVODEX.2.1-Em101,[#6:7]-[#6:9](-[#6:10](=[#8:11])-[#16:12])(-[#1:87])-[#1]>>[#6:7]-[#6:9](-[#6:10](=[#8:11])-[#16:12])(-[#8]-[#1])-[#1:87],"EVODEX.2.1-P312,EVODEX.2.1-P318,EVODEX.2.1-P326,EVODEX.2.1-P330,EVODEX.2.1-P337",105371829731145989885101207079596232327340780882563662196414333457703266902010
EVODEX.2.1-Em102,[#6:7]-[#6:9](-[#6:10](=[#8:11])-[#16:12])(-[#1:87])-[#1].[#6:64]-[#6:65](=[#8:66])-[#6](=[#8])-[#8]>>[#6:7]-[#6:9](-[#6:10](=[#8:11])-[#16:12])(-[#8]-[#1])-[#1:87].[#6:64]-[#6:65](=[#8:66])-[#8]-[#1],"EVODEX.2.1-P313,EVODEX.2.1-P317,EVODEX.2.1-P332,EVODEX.2.1-P339,EVODEX.2.1-P345",38332382448444117509859652552046835663687293163033507383784598302120219820986
EVODEX.2.1-Em103,[#6:7]-[#6:10](-[#6:11](=[#8:12])-[#16:13])(-[#1:91])-[#1].[#6:64]-[#6:65](=[#8:66])-[#6:67](=[#8:68])-[#8:69]-[#1].[#8:70]=[#8:71]>>[#6:67](=[#8:68])=[#8:69].[#6:7]-[#6:10](-[#6:11](=[#8:12])-[#16:13])(-[#8:70]-[#1])-[#1:91].[#6:64]-[#6:65](=[#8:66])-[#8:71]-[#1],"EVODEX.2.1-P314,EVODEX.2.1-P319,EVODEX.2.1-P327,EVODEX.2.1-P340,EVODEX.2.1-P346",109682408542778387781128777448665398546323312703902407121970835777906452918052
EVODEX.2.1-Em104,[#6:7]-[#6:10](-[#6:11](=[#8:12])-[#16:13])(-[#1:91])-[#1].[#6:64]-[#6:65](=[#8:66])-[#6](=[#8])-[#8].[#8:70]=[#8:71]>>[#6:7]-[#6:10](-[#6:11](=[#8:12])-[#16:13])(-[#8:70]-[#1])-[#1:91].[#6:64]-[#6:65](=[#8:66])-[#8:71]-[#1],"EVODEX.2.1-P315,EVODEX.2.1-P321,EVODEX.2.1-P322,EVODEX.2.1-P335,EVODEX.2.1-P347",23736738225427121750917019516798874575883233618174652603435658485407475812299
EVODEX.2.1-Em105,[#6:7]-[#6:10](-[#6:11](=[#8:12])-[#16:13])(-[#1:91])-[#1].[#6:64]-[#6:65](=[#8:66])-[#6:67](=[#8:68])-[#8:69]-[#1]>>[#6:67](=[#8:68])=[#8:69].[#6:7]-[#6:10](-[#6:11](=[#8:12])-[#16:13])(-[#8]-[#1])-[#1:91].[#6:64]-[#6:65](=[#8:66])-[#8]-[#1],"EVODEX.2.1-P316,EVODEX.2.1-P323,EVODEX.2.1-P336,EVODEX.2.1-P342,EVODEX.2.1-P344",22542118787655544979431927638793530183973830776090940768508185023648899777783
EVODEX.2.1-Em106,[#7:113]-[#6:114](-[#6:115])(-[#1:240])-[#1].[#6:138]-[#6:139](=[#8:140])-[#6:141](=[#8:142])-[#8:143]-[#1].[#8:144]=[#8:145]>>[#6:141](=[#8:142])=[#8:143].[#7:113]-[#6:114](-[#8:144]-[#1])(-[#6:115])-[#1:240].[#6:138]-[#6:139](=[#8:140])-[#8:145]-[#1],"EVODEX.2.1-P352,EVODEX.2.1-P355,EVODEX.2.1-P359,EVODEX.2.1-P370,EVODEX.2.1-P699",49567120930440329156356395405916502728015490415617111965246311183114312481668
EVODEX.2.1-Em107,[#7:113]-[#6:114](-[#6:115])(-[#1:240])-[#1].[#8:144]=[#8:145]>>[#7:113]-[#6:114](-[#8:144]-[#1])(-[#6:115])-[#1:240].[#6]-[#6](=[#8])-[#8:145]-[#1],"EVODEX.2.1-P353,EVODEX.2.1-P361,EVODEX.2.1-P388,EVODEX.2.1-P393,EVODEX.2.1-P698",44460904168373521387183837721922054072885272908618376812666011065573801059365
EVODEX.2.1-Em108,[#7:113]-[#6:114](-[#6:115])(-[#1:240])-[#1].[#6:138]-[#6:139](=[#8:140])-[#6:141](=[#8:142])-[#8:143]-[#1]>>[#6:141](=[#8:142])=[#8:143].[#7:113]-[#6:114](-[#8]-[#1])(-[#6:115])-[#1:240].[#6:138]-[#6:139](=[#8:140])-[#8]-[#1],"EVODEX.2.1-P354,EVODEX.2.1-P362,EVODEX.2.1-P372,EVODEX.2.1-P376,EVODEX.2.1-P383",7531593969637278217271664459958550373006383273898676281414061490678651202895
EVODEX.2.1-Em109,[#7:25]-[#6:26](-[#6:27])(-[#1:227])-[#1].[#6]-[#6](=[#8])-[#6:198](=[#8:199])-[#8:200]-[#1].[#8:201]=[#8]>>[#6:198](=[#8:199])=[#8:200].[#7:25]-[#6:26](-[#8:201]-[#1])(-[#6:27])-[#1:227],"EVODEX.2.1-P356,EVODEX.2.1-P360,EVODEX.2.1-P371,EVODEX.2.1-P374,EVODEX.2.1-P423",102849838691950767762348975925467171930541240474195710328151002958959743320436
EVODEX.2.1-Em110,[#7:25]-[#6:26](-[#6:27])(-[#1:227])-[#1].[#6:195]-[#6:196](=[#8:197])-[#6](=[#8])-[#8].[#8:201]=[#8:202]>>[#7:25]-[#6:26](-[#8:201]-[#1])(-[#6:27])-[#1:227].[#6:195]-[#6:196](=[#8:197])-[#8:202]-[#1],"EVODEX.2.1-P357,EVODEX.2.1-P375,EVODEX.2.1-P382,EVODEX.2.1-P424,EVODEX.2.1-P700",35970663776487441626422357896893940152336128821229124696420999154484624248010
EVODEX.2.1-Em111,[#6:7]-[#6:8](-[#6:9])(-[#1:43])-[#1].[#6:27]-[#6:28](=[#8:29])-[#6](=[#8])-[#8]>>[#6:7]-[#6:8](-[#8]-[#1])(-[#6:9])-[#1:43].[#6:27]-[#6:28](=[#8:29])-[#8]-[#1],"EVODEX.2.1-P358,EVODEX.2.1-P407,EVODEX.2.1-P408,EVODEX.2.1-P410,EVODEX.2.1-P418",66293509021541166237994079158228191449741575368341778378512476422761876460923
EVODEX.2.1-Em112,[#7:141]-[#6:142](-[#6:143])(-[#1:350])-[#1].[#8:229]=[#8]>>[#7:141]-[#6:142](-[#8:229]-[#1])(-[#6:143])-[#1:350],"EVODEX.2.1-P363,EVODEX.2.1-P385,EVODEX.2.1-P389,EVODEX.2.1-P395,EVODEX.2.1-P629",23961424940199899014898959866280740806548438382482746698534146681723292946897
EVODEX.2.1-Em113,[#6:116]-[#6:117](-[#16:118])(-[#1:287])-[#1]>>[#6:116]-[#6:117](-[#16:118])(-[#8]-[#1])-[#1:287],"EVODEX.2.1-P366,EVODEX.2.1-P414,EVODEX.2.1-P612,EVODEX.2.1-P614,EVODEX.2.1-P617",114384527276740837569614941440367831299126239955582386626199487639753527087249
EVODEX.2.1-Em114,[#6:50]-[#6:51](-[#6:52])(-[#1:184])-[#1].[#8:137]=[#8]>>[#6:50]-[#6:51](-[#8:137]-[#1])(-[#6:52])-[#1:184],"EVODEX.2.1-P367,EVODEX.2.1-P398,EVODEX.2.1-P406,EVODEX.2.1-P412,EVODEX.2.1-P619",2452571173109156312953955674049792093255765239777841579033371594365487498375
EVODEX.2.1-Em115,[#7:148]-[#6:149](-[#6:150])(-[#1:361])-[#1].[#6]-[#6](=[#8])-[#6:233](=[#8:234])-[#8:235]-[#1]>>[#6:233](=[#8:234])=[#8:235].[#7:148]-[#6:149](-[#8]-[#1])(-[#6:150])-[#1:361],"EVODEX.2.1-P373,EVODEX.2.1-P377,EVODEX.2.1-P384,EVODEX.2.1-P394,EVODEX.2.1-P425",83230262632337810248105776186528917153832776556963804926646994604791679732639
EVODEX.2.1-Em116,[#7:65]-[#6:66](-[#6:67])(-[#1:213])-[#1].[#6:144]-[#6:145](=[#8:146])-[#6](=[#8])-[#8]>>[#7:65]-[#6:66](-[#8]-[#1])(-[#6:67])-[#1:213].[#6:144]-[#6:145](=[#8:146])-[#8]-[#1],"EVODEX.2.1-P378,EVODEX.2.1-P390,EVODEX.2.1-P396,EVODEX.2.1-P426,EVODEX.2.1-P701",77128943696886532849944574902724942168066272845279941788472128977216118350273
EVODEX.2.1-Em117,[#7:29](-[#6@@:28](-[#6@:5])(-[#6@@:30])-[#1])(-[#1])-[#1]>>[#6:28](-[#6@:5])(=[#8])-[#6@@:30].[#7:29](-[#1])(-[#1])-[#1],"EVODEX.2.1-P1000,EVODEX.2.1-P1082,EVODEX.2.1-P1088,EVODEX.2.1-P401,EVODEX.2.1-P949",25389971445795353563956493724981235550073451799880001636987185781060751859416
EVODEX.2.1-Em118,[#6:29](-[#6@:6])(=[#8])-[#6@@:31].[#7:1](-[#1])(-[#1])-[#1]>>[#7:1](-[#6@@:29](-[#6@@:6])(-[#6@@:31])-[#1])(-[#1])-[#1],"EVODEX.2.1-P1043,EVODEX.2.1-P402,EVODEX.2.1-P941,EVODEX.2.1-P960,EVODEX.2.1-P995",89353376874450443657431393903932794079900009968895799490020001964258406820392
EVODEX.2.1-Em119,[#6:6](-[#6@:5])(-[#16:7])(-[#1:30])-[#1].[#8:21]=[#8]>>[#6:6](-[#6@:5])(-[#16:7])(-[#8:21]-[#1])-[#1:30],"EVODEX.2.1-P413,EVODEX.2.1-P613,EVODEX.2.1-P615,EVODEX.2.1-P616,EVODEX.2.1-P623",79172073557461319022118878442703242643052099516064004218703647563809105222966
EVODEX.2.1-Em120,[#6:8]-[#6:9](-[#8:10]-[#16:11](=[#8:12])(=[#8:13])-[#8:14])(-[#1:44])-[#1]>>[#6:8]-[#6:9](=[#8])-[#1:44].[#8:10](-[#16:11](=[#8:12])(=[#8:13])-[#8:14])-[#1],"EVODEX.2.1-P3830,EVODEX.2.1-P3858,EVODEX.2.1-P430,EVODEX.2.1-P431,EVODEX.2.1-P432",26980910974680515309568145331828748753131860684197892403747978016640481402409
EVODEX.2.1-Em121,[#6:48]1(:[#6:49](:[#6:50](:[#6:51](-[#6@:52]):[#6:61](:[#6:62]:1-[#1:105])-[#1:104])-[#1])-[#1:93])-[#1:92]>>[#8](-[#6:50]1:[#6:49](:[#6:48](:[#6:62](:[#6:61](:[#6:51]:1-[#6@:52])-[#1:104])-[#1:105])-[#1:92])-[#1:93])-[#1],"EVODEX.2.1-P433,EVODEX.2.1-P440,EVODEX.2.1-P531,EVODEX.2.1-P547,EVODEX.2.1-P553",7365207050055741794859505781033325958631920884548517957716033796847246931508
EVODEX.2.1-Em122,[#8:45]=[#8].[#6:48]1(:[#6:49](:[#6:50](:[#6:51](-[#6@:52]):[#6:61](:[#6:62]:1-[#1:105])-[#1:104])-[#1])-[#1:93])-[#1:92]>>[#8:45](-[#6:50]1:[#6:49](:[#6:48](:[#6:62](:[#6:61](:[#6:51]:1-[#6@:52])-[#1:104])-[#1:105])-[#1:92])-[#1:93])-[#1],"EVODEX.2.1-P434,EVODEX.2.1-P437,EVODEX.2.1-P442,EVODEX.2.1-P533,EVODEX.2.1-P544",56030500033866833782895644427739446733466078377989239284976430640512274931857
EVODEX.2.1-Em123,[#7:1]-[#6:2](=[#8:3])-[#6:4]1=[#6:5](-[#7:6](-[#6@@:7])-[#6:42](=[#6:43](-[#6:44]-1(-[#1:90])-[#1])-[#1:89])-[#1:88])-[#1:65].[#8:45]=[#8:46].[#6:48]1(:[#6:49](:[#6:50](:[#6:51](-[#6@:52]):[#6:61](:[#6:62]:1-[#1:105])-[#1:104])-[#1])-[#1:93])-[#1:92]>>[#7:1]-[#6:2](=[#8:3])-[#6:4]1:[#6:5](:[#7&+:6](-[#6@@:7]):[#6:42](:[#6:43](:[#6:44]:1-[#1:90])-[#1:89])-[#1:88])-[#1:65].[#8:46](-[#1])-[#1].[#8:45](-[#6:50]1:[#6:49](:[#6:48](:[#6:62](:[#6:61](:[#6:51]:1-[#6@:52])-[#1:104])-[#1:105])-[#1:92])-[#1:93])-[#1],"EVODEX.2.1-P435,EVODEX.2.1-P439,EVODEX.2.1-P527,EVODEX.2.1-P534,EVODEX.2.1-P552",99043639578072308703242463807655879679505181962210482611238108355544323892985
EVODEX.2.1-Em124,[#7:1]-[#6:2](=[#8:3])-[#6:4]1=[#6:5](-[#7:6](-[#6@@:7])-[#6:42](=[#6:43](-[#6:44]-1(-[#1:84])-[#1])-[#1:83])-[#1:82])-[#1:59].[#8:45]=[#8].[#6:48]1(:[#6:49](:[#6:50](:[#6:51](-[#6:52]):[#6:55](:[#6:56]:1-[#1:95])-[#1:94])-[#1])-[#1:87])-[#1:86]>>[#7:1]-[#6:2](=[#8:3])-[#6:4]1:[#6:5](:[#7&+:6](-[#6@@:7]):[#6:42](:[#6:43](:[#6:44]:1-[#1:84])-[#1:83])-[#1:82])-[#1:59].[#8:45](-[#6:50]1:[#6:49](:[#6:48](:[#6:56](:[#6:55](:[#6:51]:1-[#6:52])-[#1:94])-[#1:95])-[#1:86])-[#1:87])-[#1],"EVODEX.2.1-P436,EVODEX.2.1-P532,EVODEX.2.1-P535,EVODEX.2.1-P543,EVODEX.2.1-P549",35165875632342080344929687735410350821246180212466305408374703159548904672665
EVODEX.2.1-Em125,[#7:1]-[#6:2](=[#8:3])-[#6:4]1=[#6:5](-[#7:6](-[#6@@:7])-[#6:42](=[#6:43](-[#6:44]-1(-[#1:84])-[#1])-[#1:83])-[#1:82])-[#1:59].[#6:48]1(:[#6:49](:[#6:50](:[#6:51](-[#6:52]):[#6:55](:[#6:56]:1-[#1:95])-[#1:94])-[#1])-[#1:87])-[#1:86]>>[#7:1]-[#6:2](=[#8:3])-[#6:4]1:[#6:5](:[#7&+:6](-[#6@@:7]):[#6:42](:[#6:43](:[#6:44]:1-[#1:84])-[#1:83])-[#1:82])-[#1:59].[#8](-[#6:50]1:[#6:49](:[#6:48](:[#6:56](:[#6:55](:[#6:51]:1-[#6:52])-[#1:94])-[#1:95])-[#1:86])-[#1:87])-[#1],"EVODEX.2.1-P438,EVODEX.2.1-P441,EVODEX.2.1-P542,EVODEX.2.1-P548,EVODEX.2.1-P554",2495441998323043554995754092803853236369959344473049351713480200612552939315
EVODEX.2.1-Em126,[#6:6]-[#6@@:7](-[#6:8])(-[#6:9](=[#8:10])-[#6:11])-[#1:72].[#7:12]-[#6:13](=[#8:14])-[#6:15]1=[#6:16](-[#7:17](-[#6@@:18])-[#6:57](=[#6:58](-[#6:59]-1(-[#1:106])-[#1])-[#1:105])-[#1:104])-[#1:80].[#8:60]=[#8:61]>>[#6:6]-[#6@@:7](-[#6:8])(-[#8:61]-[#6:9](=[#8:10])-[#6:11])-[#1:72].[#7:12]-[#6:13](=[#8:14])-[#6:15]1:[#6:16](:[#7&+:17](-[#6@@:18]):[#6:57](:[#6:58](:[#6:59]:1-[#1:106])-[#1:105])-[#1:104])-[#1:80].[#8:60](-[#1])-[#1],"EVODEX.2.1-P444,EVODEX.2.1-P446,EVODEX.2.1-P465,EVODEX.2.1-P477,EVODEX.2.1-P484",100406130353028962662802887724732861165228499054835090619900693016599751098523
EVODEX.2.1-Em127,[#6:6]-[#6@@:7](-[#6:8])(-[#6:9](=[#8:10])-[#6:11])-[#1:72]>>[#6:6]-[#6@@:7](-[#6:8])(-[#8]-[#6:9](=[#8:10])-[#6:11])-[#1:72],"EVODEX.2.1-P445,EVODEX.2.1-P466,EVODEX.2.1-P491,EVODEX.2.1-P499,EVODEX.2.1-P501",13823518911318609131514865415252626977817978133783424273371547739171689540179
EVODEX.2.1-Em128,[#6:2]-[#6@:4](-[#6:5])(-[#6:10](-[#6:9])=[#8:11])-[#1:69].[#8:60]=[#8:61]>>[#6:2]-[#6@:4](-[#6:5])(-[#8:61]-[#6:10](-[#6:9])=[#8:11])-[#1:69].[#8:60](-[#1])-[#1],"EVODEX.2.1-P447,EVODEX.2.1-P469,EVODEX.2.1-P473,EVODEX.2.1-P476,EVODEX.2.1-P493",74387519984934426498811108871512060803593453349992175537130487146799372723843
EVODEX.2.1-Em129,[#6:9]-[#6:10](-[#6@@:4])(-[#1:71])-[#1].[#7:11]-[#6:12](=[#8:13])-[#6:14]1=[#6:15](-[#7:16](-[#6@@:17])-[#6:52](=[#6:53](-[#6:54]-1(-[#1:100])-[#1])-[#1:99])-[#1:98])-[#1:75].[#8:55]=[#8:56]>>[#6:9]-[#6:10](-[#6@@:4])(-[#8:55]-[#1])-[#1:71].[#7:11]-[#6:12](=[#8:13])-[#6:14]1:[#6:15](:[#7&+:16](-[#6@@:17]):[#6:52](:[#6:53](:[#6:54]:1-[#1:100])-[#1:99])-[#1:98])-[#1:75].[#8:56](-[#1])-[#1],"EVODEX.2.1-P451,EVODEX.2.1-P509,EVODEX.2.1-P518,EVODEX.2.1-P588,EVODEX.2.1-P662",58133219189204770376772038182179757781444265140992162388112799989014592044727
EVODEX.2.1-Em130,[#6:2]-[#6:7](-[#6:6](-[#6:5])(-[#1:69])-[#1:70])=[#8:8].[#8:57]=[#8:58]>>[#6:2]-[#6:7](-[#8:58]-[#6:6](-[#6:5])(-[#1:69])-[#1:70])=[#8:8].[#8:57](-[#1])-[#1],"EVODEX.2.1-P452,EVODEX.2.1-P456,EVODEX.2.1-P458,EVODEX.2.1-P498,EVODEX.2.1-P505",76941834345305812181899783592195850140237850207865764873467061331824742034258
EVODEX.2.1-Em131,[#7:1]-[#6:2](=[#8:3])-[#6:4]1=[#6:5](-[#7:6](-[#6@@:7])-[#6:46](=[#6:47](-[#6:48]-1(-[#1:87])-[#1])-[#1:86])-[#1:85])-[#1:61].[#8:49]=[#6:50](-[#6:51](-[#6:52])(-[#1:89])-[#1:90])-[#6:56]>>[#7:1]-[#6:2](=[#8:3])-[#6:4]1:[#6:5](:[#7&+:6](-[#6@@:7]):[#6:46](:[#6:47](:[#6:48]:1-[#1:87])-[#1:86])-[#1:85])-[#1:61].[#8:49]=[#6:50](-[#6:56])-[#8]-[#6:51](-[#6:52])(-[#1:89])-[#1:90],"EVODEX.2.1-P453,EVODEX.2.1-P459,EVODEX.2.1-P495,EVODEX.2.1-P503,EVODEX.2.1-P504",47254467296182593719927109384939500009711170301967006468945231538486833299750
EVODEX.2.1-Em132,[#8:49]=[#6:50](-[#6:51](-[#6:52])(-[#1:89])-[#1:90])-[#6:56].[#8]=[#8:58]>>[#8:49]=[#6:50](-[#6:56])-[#8:58]-[#6:51](-[#6:52])(-[#1:89])-[#1:90],"EVODEX.2.1-P454,EVODEX.2.1-P463,EVODEX.2.1-P489,EVODEX.2.1-P496,EVODEX.2.1-P574",89515741820235831798340281115791332615520691333630533208548604762345256584545
EVODEX.2.1-Em133,[#7:1]-[#6:2](=[#8:3])-[#6:4]1=[#6:5](-[#7:6](-[#6@@:7])-[#6:46](=[#6:47](-[#6:48]-1(-[#1:88])-[#1])-[#1:87])-[#1:86])-[#1:62].[#8:49]=[#6:50](-[#6:51](-[#6:52])(-[#1:90])-[#1:91])-[#6:57].[#8]=[#8:59]>>[#7:1]-[#6:2](=[#8:3])-[#6:4]1:[#6:5](:[#7&+:6](-[#6@@:7]):[#6:46](:[#6:47](:[#6:48]:1-[#1:88])-[#1:87])-[#1:86])-[#1:62].[#8:49]=[#6:50](-[#6:57])-[#8:59]-[#6:51](-[#6:52])(-[#1:90])-[#1:91],"EVODEX.2.1-P455,EVODEX.2.1-P457,EVODEX.2.1-P461,EVODEX.2.1-P494,EVODEX.2.1-P573",75696958183138472607243324910932272001966433650966999730862439596522008311888
EVODEX.2.1-Em134,[#6:5]-[#6:6](=[#8:7])-[#6:8](-[#6:9])(-[#1:68])-[#1:69]>>[#6:5]-[#6:6](=[#8:7])-[#8]-[#6:8](-[#6:9])(-[#1:68])-[#1:69],"EVODEX.2.1-P460,EVODEX.2.1-P497,EVODEX.2.1-P506,EVODEX.2.1-P570,EVODEX.2.1-P571",7577452170077470559795300568630423936833861825705687575409145553395555711489
EVODEX.2.1-Em135,[#6:4]-[#6:5](=[#8:6])-[#6:7](-[#6:8])(-[#1:67])-[#1:68].[#7:9]-[#6:10](=[#8:11])-[#6:12]1=[#6:13](-[#7:14](-[#6@@:15])-[#6:54](=[#6:55](-[#6:56]-1(-[#1:99])-[#1])-[#1:98])-[#1:97])-[#1:73].[#8:57]=[#8:58]>>[#6:4]-[#6:5](=[#8:6])-[#8:58]-[#6:7](-[#6:8])(-[#1:67])-[#1:68].[#7:9]-[#6:10](=[#8:11])-[#6:12]1:[#6:13](:[#7&+:14](-[#6@@:15]):[#6:54](:[#6:55](:[#6:56]:1-[#1:99])-[#1:98])-[#1:97])-[#1:73].[#8:57](-[#1])-[#1],"EVODEX.2.1-P462,EVODEX.2.1-P464,EVODEX.2.1-P483,EVODEX.2.1-P490,EVODEX.2.1-P572",39390819259734439745039440284142177275408826848172059933585961192000534427181
EVODEX.2.1-Em136,[#6:2]-[#6:3](-[#6:4])(-[#6:7](-[#6:6])=[#8:8])-[#1:64].[#7:9]-[#6:10](=[#8:11])-[#6:12]1=[#6:13](-[#7:14](-[#6@@:15])-[#6:54](=[#6:55](-[#6:56]-1(-[#1:99])-[#1])-[#1:98])-[#1:97])-[#1:73]>>[#6:2]-[#6:3](-[#6:4])(-[#8]-[#6:7](-[#6:6])=[#8:8])-[#1:64].[#7:9]-[#6:10](=[#8:11])-[#6:12]1:[#6:13](:[#7&+:14](-[#6@@:15]):[#6:54](:[#6:55](:[#6:56]:1-[#1:99])-[#1:98])-[#1:97])-[#1:73],"EVODEX.2.1-P467,EVODEX.2.1-P470,EVODEX.2.1-P478,EVODEX.2.1-P502,EVODEX.2.1-P538",18498474966768473532342325307722100875647620620420624086898711103758146058536
EVODEX.2.1-Em137,[#6:2]-[#6:3](-[#6:4])(-[#6:7](-[#6:6])=[#8:8])-[#1:64].[#8]=[#8:58]>>[#6:2]-[#6:3](-[#6:4])(-[#8:58]-[#6:7](-[#6:6])=[#8:8])-[#1:64],"EVODEX.2.1-P468,EVODEX.2.1-P472,EVODEX.2.1-P475,EVODEX.2.1-P479,EVODEX.2.1-P492",98265049812378866217332582794813535601722375262691685094080264230263422977134
EVODEX.2.1-Em138,[#6:1]-[#6:2](-[#6:3])(-[#6:7](-[#6:6])=[#8:8])-[#1:62].[#7:9]-[#6:10](=[#8:11])-[#6:12]1=[#6:13](-[#7:14](-[#6@@:15])-[#6:54](=[#6:55](-[#6:56]-1(-[#1:99])-[#1])-[#1:98])-[#1:97])-[#1:73].[#8]=[#8:58]>>[#6:1]-[#6:2](-[#6:3])(-[#8:58]-[#6:7](-[#6:6])=[#8:8])-[#1:62].[#7:9]-[#6:10](=[#8:11])-[#6:12]1:[#6:13](:[#7&+:14](-[#6@@:15]):[#6:54](:[#6:55](:[#6:56]:1-[#1:99])-[#1:98])-[#1:97])-[#1:73],"EVODEX.2.1-P471,EVODEX.2.1-P474,EVODEX.2.1-P485,EVODEX.2.1-P500,EVODEX.2.1-P575",44347442830777613158988729098385170221155001334534976730699645153897654256369
EVODEX.2.1-Em139,[#6:1]-[#6:2](-[#6@:3])(-[#1:90])-[#1].[#7:37]-[#6:38](=[#8:39])-[#6:40]1=[#6:41](-[#7:42](-[#6@@:43])-[#6:82](=[#6:83](-[#6:84]-1(-[#1:144])-[#1])-[#1:143])-[#1:142])-[#1:118].[#8:85]=[#8]>>[#6:1]-[#6:2](-[#6@:3])(-[#8:85]-[#1])-[#1:90].[#7:37]-[#6:38](=[#8:39])-[#6:40]1:[#6:41](:[#7&+:42](-[#6@@:43]):[#6:82](:[#6:83](:[#6:84]:1-[#1:144])-[#1:143])-[#1:142])-[#1:118],"EVODEX.2.1-P486,EVODEX.2.1-P510,EVODEX.2.1-P608,EVODEX.2.1-P661,EVODEX.2.1-P664",37959569220559175354527839919073127453828064477312109560620189905648023416643
EVODEX.2.1-Em140,[#6:1]-[#16:6]-[#6:5].[#7:7]-[#6:8](=[#8:9])-[#6:10]1=[#6:11](-[#7:12](-[#6@@:13])-[#6:52](=[#6:53](-[#6:54]-1(-[#1:93])-[#1])-[#1:92])-[#1:91])-[#1:67].[#8:55]=[#8:56]>>[#6:1]-[#16:6](-[#6:5])=[#8:56].[#7:7]-[#6:8](=[#8:9])-[#6:10]1:[#6:11](:[#7&+:12](-[#6@@:13]):[#6:52](:[#6:53](:[#6:54]:1-[#1:93])-[#1:92])-[#1:91])-[#1:67].[#8:55](-[#1])-[#1],"EVODEX.2.1-P487,EVODEX.2.1-P522,EVODEX.2.1-P557,EVODEX.2.1-P559,EVODEX.2.1-P567",108275127973464494053093044052295521521335047190421655552034163198088516810493
EVODEX.2.1-Em141,[#6:1]-[#16:6]-[#6:5].[#8:55]=[#8:56]>>[#6:1]-[#16:6](-[#6:5])=[#8:56].[#8:55](-[#1])-[#1],"EVODEX.2.1-P488,EVODEX.2.1-P508,EVODEX.2.1-P560,EVODEX.2.1-P563,EVODEX.2.1-P569",1891985390950784600078607839264181707604099390373104085211837000508652520186
EVODEX.2.1-Em142,[#6:1]-[#16:2]-[#6:3].[#7:6]-[#6:7](=[#8:8])-[#6:9]1=[#6:10](-[#7:11](-[#6@@:12])-[#6:51](=[#6:52](-[#6:53]-1(-[#1:92])-[#1])-[#1:91])-[#1:90])-[#1:66]>>[#6:1]-[#16:2](-[#6:3])=[#8].[#7:6]-[#6:7](=[#8:8])-[#6:9]1:[#6:10](:[#7&+:11](-[#6@@:12]):[#6:51](:[#6:52](:[#6:53]:1-[#1:92])-[#1:91])-[#1:90])-[#1:66],"EVODEX.2.1-P507,EVODEX.2.1-P523,EVODEX.2.1-P556,EVODEX.2.1-P558,EVODEX.2.1-P565",61766094674979498396554211122890994488740311958645387936445603816108522681112
EVODEX.2.1-Em143,[#6:1](-[#6:2])(-[#1:56])(-[#1:57])-[#1].[#7:6]-[#6:7](=[#8:8])-[#6:9]1=[#6:10](-[#7:11](-[#6@@:12])-[#6:51](=[#6:52](-[#6:53]-1(-[#1:94])-[#1])-[#1:93])-[#1:92])-[#1:68].[#8:54]=[#8:55]>>[#6:1](-[#6:2])(-[#8:54]-[#1])(-[#1:56])-[#1:57].[#7:6]-[#6:7](=[#8:8])-[#6:9]1:[#6:10](:[#7&+:11](-[#6@@:12]):[#6:51](:[#6:52](:[#6:53]:1-[#1:94])-[#1:93])-[#1:92])-[#1:68].[#8:55](-[#1])-[#1],"EVODEX.2.1-P511,EVODEX.2.1-P529,EVODEX.2.1-P593,EVODEX.2.1-P604,EVODEX.2.1-P656",29947531475542044462542442833013085136284470503937938586035364862917784711509
EVODEX.2.1-Em144,[#6:1](-[#6:2])(-[#1:56])(-[#1:57])-[#1].[#8:54]=[#8]>>[#6:1](-[#6:2])(-[#8:54]-[#1])(-[#1:56])-[#1:57],"EVODEX.2.1-P4096,EVODEX.2.1-P512,EVODEX.2.1-P516,EVODEX.2.1-P578,EVODEX.2.1-P605",76838686753564959450174490397304502082942086366334013255731234726181679222694
EVODEX.2.1-Em145,[#6:1](-[#6:2])(-[#1:56])(-[#1:57])-[#1].[#8:54]=[#8:55]>>[#6:1](-[#6:2])(-[#8:54]-[#1])(-[#1:56])-[#1:57].[#8:55](-[#1])-[#1],"EVODEX.2.1-P513,EVODEX.2.1-P515,EVODEX.2.1-P584,EVODEX.2.1-P585,EVODEX.2.1-P609",10743769375722014685350535473997719624190360947287952774737916529937850283687
EVODEX.2.1-Em146,[#6:1](-[#6:2])(-[#1:49])(-[#1:50])-[#1].[#7:3]-[#6:4](=[#8:5])-[#6:6]1=[#6:7](-[#7:8](-[#6@@:9])-[#6:44](=[#6:45](-[#6:46]-1(-[#1:82])-[#1])-[#1:81])-[#1:80])-[#1:57].[#8:47]=[#8]>>[#6:1](-[#6:2])(-[#8:47]-[#1])(-[#1:49])-[#1:50].[#7:3]-[#6:4](=[#8:5])-[#6:6]1:[#6:7](:[#7&+:8](-[#6@@:9]):[#6:44](:[#6:45](:[#6:46]:1-[#1:82])-[#1:81])-[#1:80])-[#1:57],"EVODEX.2.1-P514,EVODEX.2.1-P519,EVODEX.2.1-P576,EVODEX.2.1-P592,EVODEX.2.1-P594",3988020692712824163664300306832516845345732132491574948110637174495018912560
EVODEX.2.1-Em147,[#6:1](-[#6:2])(-[#1:52])(-[#1:53])-[#1].[#7:6]-[#6:7](=[#8:8])-[#6:9]1=[#6:10](-[#7:11](-[#6@@:12])-[#6:47](=[#6:48](-[#6:49]-1(-[#1:91])-[#1])-[#1:90])-[#1:89])-[#1:66]>>[#6:1](-[#6:2])(-[#8]-[#1])(-[#1:52])-[#1:53].[#7:6]-[#6:7](=[#8:8])-[#6:9]1:[#6:10](:[#7&+:11](-[#6@@:12]):[#6:47](:[#6:48](:[#6:49]:1-[#1:91])-[#1:90])-[#1:89])-[#1:66],"EVODEX.2.1-P517,EVODEX.2.1-P528,EVODEX.2.1-P530,EVODEX.2.1-P537,EVODEX.2.1-P658",3401279713241958993655313241922797013763668131887990060631762996513509625148
EVODEX.2.1-Em148,[#6:1](-[#7:2](-[#6:3])-[#1])(-[#1:54])(-[#1:55])-[#1]>>[#6:1](=[#8])(-[#1:54])-[#1:55].[#7:2](-[#6:3])(-[#1])-[#1],"EVODEX.2.1-P1296,EVODEX.2.1-P1300,EVODEX.2.1-P1307,EVODEX.2.1-P1312,EVODEX.2.1-P524",11564660650316012883411825093907581810786284991497913808871874178847560553212
EVODEX.2.1-Em149,[#6:3]-[#7:4](-[#6:5](-[#6:6])(-[#1:62])-[#1])-[#1]>>[#6:3]-[#7:4](-[#1])-[#1].[#6:5](-[#6:6])(=[#8])-[#1:62],"EVODEX.2.1-P1169,EVODEX.2.1-P1268,EVODEX.2.1-P1310,EVODEX.2.1-P525,EVODEX.2.1-P526",2832554779809368186757448919332175690214533991094235242645792954516730738085
EVODEX.2.1-Em150,[#6:2]-[#16:3]-[#6:4].[#7:16]-[#6:17](=[#8:18])-[#6:19]1=[#6:20](-[#7:21](-[#6@@:22])-[#6:61](=[#6:62](-[#6:63]-1(-[#1:109])-[#1])-[#1:108])-[#1:107])-[#1:83].[#8]=[#8:65]>>[#6:2]-[#16:3](-[#6:4])=[#8:65].[#7:16]-[#6:17](=[#8:18])-[#6:19]1:[#6:20](:[#7&+:21](-[#6@@:22]):[#6:61](:[#6:62](:[#6:63]:1-[#1:109])-[#1:108])-[#1:107])-[#1:83],"EVODEX.2.1-P546,EVODEX.2.1-P555,EVODEX.2.1-P561,EVODEX.2.1-P564,EVODEX.2.1-P566",4232905217836251176015198455961481539418394338384920419102962805479086676763
EVODEX.2.1-Em151,[#6:1]-[#6:2](-[#6:3])(-[#1:81])-[#1].[#7:28]-[#6:29](=[#8:30])-[#6:31]1=[#6:32](-[#7:33](-[#6@@:34])-[#6:73](=[#6:74](-[#6:75]-1(-[#1:126])-[#1])-[#1:125])-[#1:124])-[#1:100]>>[#6:1]-[#6@:2](-[#6:3])(-[#8]-[#1])-[#1:81].[#7:28]-[#6:29](=[#8:30])-[#6:31]1:[#6:32](:[#7&+:33](-[#6@@:34]):[#6:73](:[#6:74](:[#6:75]:1-[#1:126])-[#1:125])-[#1:124])-[#1:100],"EVODEX.2.1-P577,EVODEX.2.1-P590,EVODEX.2.1-P663,EVODEX.2.1-P665,EVODEX.2.1-P666",31253016375979418400250761633211203934005344865865919294188073501636812340119
EVODEX.2.1-Em152,[#8:1](/[#7:2]=[#6:3](\[#6:4])-[#1])-[#1]>>[#7:2]#[#6:3]-[#6:4].[#8:1](-[#1])-[#1],"EVODEX.2.1-P586,EVODEX.2.1-P6147,EVODEX.2.1-P6149,EVODEX.2.1-P6152,EVODEX.2.1-P6154",28094994647923231971638701738565738381551155750025511805538471011646621457163
EVODEX.2.1-Em153,[#8](/[#7:2]=[#6:3](\[#6:4])-[#1])-[#1]>>[#7:2]#[#6:3]-[#6:4],"EVODEX.2.1-P587,EVODEX.2.1-P6148,EVODEX.2.1-P6150,EVODEX.2.1-P6151,EVODEX.2.1-P6153",91284436708286850415409546627839212669486062096578873077921396598643114692309
EVODEX.2.1-Em154,[#6:1](-[#8:2]-[#6:3])(-[#1:53])(-[#1:54])-[#1].[#7:7]-[#6:8](=[#8:9])-[#6:10]1=[#6:11](-[#7:12](-[#6@@:13])-[#6:48](=[#6:49](-[#6:50]-1(-[#1:92])-[#1])-[#1:91])-[#1:90])-[#1:67]>>[#6:1](=[#8])(-[#1:53])-[#1:54].[#7:7]-[#6:8](=[#8:9])-[#6:10]1:[#6:11](:[#7&+:12](-[#6@@:13]):[#6:48](:[#6:49](:[#6:50]:1-[#1:92])-[#1:91])-[#1:90])-[#1:67].[#8:2](-[#6:3])-[#1],"EVODEX.2.1-P595,EVODEX.2.1-P599,EVODEX.2.1-P601,EVODEX.2.1-P602,EVODEX.2.1-P703",45094288651627421681596311485739479739057883789605924463688676880632536867833
EVODEX.2.1-Em155,[#6:1](-[#8:2]-[#6:3])(-[#1:53])(-[#1:54])-[#1].[#7:7]-[#6:8](=[#8:9])-[#6:10]1=[#6:11](-[#7:12](-[#6@@:13])-[#6:48](=[#6:49](-[#6:50]-1(-[#1:92])-[#1])-[#1:91])-[#1:90])-[#1:67].[#8:51]=[#8:52]>>[#6:1](=[#8:52])(-[#1:53])-[#1:54].[#7:7]-[#6:8](=[#8:9])-[#6:10]1:[#6:11](:[#7&+:12](-[#6@@:13]):[#6:48](:[#6:49](:[#6:50]:1-[#1:92])-[#1:91])-[#1:90])-[#1:67].[#8:51](-[#1])-[#1].[#8:2](-[#6:3])-[#1],"EVODEX.2.1-P596,EVODEX.2.1-P598,EVODEX.2.1-P600,EVODEX.2.1-P603,EVODEX.2.1-P705",102569472711625566526418488742813362500823552726248046581243181280309952912579
EVODEX.2.1-Em157,[#7:13]-[#6:14](-[#6:15](=[#8:16])-[#8:17])(-[#1:48])-[#1].[#8:21]=[#6:22]1-[#8:23]-[#6@:24]-[#6:29](-[#8:30]-[#1])=[#6:31]-1-[#8:32]-[#1].[#8:33]=[#8:34]>>[#7:13]-[#6:14](-[#6:15](=[#8:16])-[#8:17])(-[#8:33]-[#1])-[#1:48].[#8:21]=[#6:22]1-[#8:23]-[#6@:24]-[#6:29](=[#8:30])-[#6:31]-1=[#8:32].[#8:34](-[#1])-[#1],"EVODEX.2.1-P624,EVODEX.2.1-P625,EVODEX.2.1-P632,EVODEX.2.1-P637,EVODEX.2.1-P640",5271639352898040922441974844902251318152111822476514149122085890620212330821
EVODEX.2.1-Em158,[#7:15]-[#6:16](-[#6:17](=[#8:18])-[#8:19])(-[#1:43])-[#1].[#8:32]=[#8]>>[#7:15]-[#6:16](-[#6:17](=[#8:18])-[#8:19])(-[#8:32]-[#1])-[#1:43],"EVODEX.2.1-P626,EVODEX.2.1-P627,EVODEX.2.1-P645,EVODEX.2.1-P647,EVODEX.2.1-P650",42793601249518363143484391958952999156968030912881368157503864807097714989205
EVODEX.2.1-Em159,[#7:21]-[#6:22](-[#6:23](=[#8:24])-[#8:25])(-[#1:57])-[#1]>>[#7:21]-[#6:22](-[#6:23](=[#8:24])-[#8:25])(-[#8]-[#1])-[#1:57],"EVODEX.2.1-P628,EVODEX.2.1-P631,EVODEX.2.1-P635,EVODEX.2.1-P646,EVODEX.2.1-P648",8453142721631480853060034940354558472300884390575931285826639524945324926561
EVODEX.2.1-Em160,[#7:4]-[#6:5](-[#6:6](=[#8:7])-[#8:8])(-[#1:27])-[#1].[#8:21]=[#8].[#8:9]=[#6:10]1-[#8:11]-[#6@:12]-[#6:17](-[#8:18]-[#1])=[#6:19]-1-[#8:20]-[#1]>>[#7:4]-[#6:5](-[#6:6](=[#8:7])-[#8:8])(-[#8:21]-[#1])-[#1:27].[#8:9]=[#6:10]1-[#8:11]-[#6@:12]-[#6:17](=[#8:18])-[#6:19]-1=[#8:20],"EVODEX.2.1-P630,EVODEX.2.1-P642,EVODEX.2.1-P644,EVODEX.2.1-P649,EVODEX.2.1-P651",77545785659446086936970985918495125108395927764507070563241076510337454982339
EVODEX.2.1-Em161,[#7:8]-[#6:9](-[#6:10](=[#8:11])-[#8:12])(-[#1:39])-[#1].[#8:25]=[#8:26]>>[#7:8]-[#6:9](-[#6:10](=[#8:11])-[#8:12])(-[#8:25]-[#1])-[#1:39].[#8:26](-[#1])-[#1],"EVODEX.2.1-P633,EVODEX.2.1-P634,EVODEX.2.1-P636,EVODEX.2.1-P638,EVODEX.2.1-P653",46071614811277712968274622416042614053806559882975173993820655111067902068234
EVODEX.2.1-Em162,[#7:26]-[#6:27](-[#6:28](=[#8:29])-[#8:30])(-[#1:79])-[#1].[#8:31]=[#6:32]1-[#8:33]-[#6@:34]-[#6:39](-[#8:40]-[#1])=[#6:41]-1-[#8:42]-[#1]>>[#7:26]-[#6:27](-[#6:28](=[#8:29])-[#8:30])(-[#8]-[#1])-[#1:79].[#8:31]=[#6:32]1-[#8:33]-[#6@:34]-[#6:39](=[#8:40])-[#6:41]-1=[#8:42],"EVODEX.2.1-P639,EVODEX.2.1-P641,EVODEX.2.1-P643,EVODEX.2.1-P652,EVODEX.2.1-P654",69196600604019064901336631365967080924644017907615714280951152439890275712709
EVODEX.2.1-Em163,[#6:1](-[#6:2]1(-[#6:3])-[#16:4]-[#6@@:5]-[#7:20]-[#6@:21]-1(-[#6:22](=[#8:23])-[#8:24])-[#1])(-[#1:37])(-[#1:38])-[#1].[#6:29]-[#6:30](=[#8:31])-[#6](=[#8])-[#8].[#8:35]=[#8]>>[#6:1]1(-[#6:2](-[#6:3])=[#6:21](-[#6:22](=[#8:23])-[#8:24])-[#7:20]-[#6@:5]-[#16:4]-1)(-[#1:37])-[#1:38].[#6:29]-[#6:30](=[#8:31])-[#8:35]-[#1],"EVODEX.2.1-P667,EVODEX.2.1-P670,EVODEX.2.1-P675,EVODEX.2.1-P683,EVODEX.2.1-P689",78252850191753263973723981881803811007312768294423662527212488346677294193149
EVODEX.2.1-Em164,[#6:1](-[#6:2]1(-[#6:3])-[#16:4]-[#6@@:5]-[#7:20]-[#6@:21]-1(-[#6:22](=[#8:23])-[#8:24])-[#1])(-[#1:37])(-[#1:38])-[#1].[#6:29]-[#6:30](=[#8:31])-[#6:32](=[#8:33])-[#8:34]-[#1]>>[#6:32](=[#8:33])=[#8:34].[#6:1]1(-[#6:2](-[#6:3])=[#6:21](-[#6:22](=[#8:23])-[#8:24])-[#7:20]-[#6@:5]-[#16:4]-1)(-[#1:37])-[#1:38].[#6:29]-[#6:30](=[#8:31])-[#8]-[#1],"EVODEX.2.1-P668,EVODEX.2.1-P671,EVODEX.2.1-P676,EVODEX.2.1-P686,EVODEX.2.1-P691",106093997968655564589691919659232368428385636725043746161589986073820406453400
EVODEX.2.1-Em165,[#6:1](-[#6:2]1(-[#6:3])-[#16:4]-[#6@@:5]-[#7:20]-[#6@:21]-1(-[#6:22](=[#8:23])-[#8:24])-[#1])(-[#1:37])(-[#1:38])-[#1].[#6:29]-[#6:30](=[#8:31])-[#6](=[#8])-[#8].[#8:35]=[#8:36]>>[#6:1]1(-[#6:2](-[#6:3])=[#6:21](-[#6:22](=[#8:23])-[#8:24])-[#7:20]-[#6@:5]-[#16:4]-1)(-[#1:37])-[#1:38].[#6:29]-[#6:30](=[#8:31])-[#8:35]-[#1].[#8:36](-[#1])-[#1],"EVODEX.2.1-P669,EVODEX.2.1-P672,EVODEX.2.1-P681,EVODEX.2.1-P687,EVODEX.2.1-P696",29704882487316912935331767939608310415182135356803091251018199428923395542918
EVODEX.2.1-Em166,[#7:16]1-[#6:17]-[#16:18]-[#6:19](-[#6:20](-[#1:60])(-[#1:61])-[#1])(-[#6:21])-[#6:22]-1(-[#6:23](=[#8:24])-[#8:25])-[#1].[#6:30]-[#6:31](=[#8:32])-[#6:33](=[#8:34])-[#8:35]-[#1].[#8:36]=[#8]>>[#6:33](=[#8:34])=[#8:35].[#7:16]1-[#6:17]-[#16:18]-[#6:20](-[#6:19](-[#6:21])=[#6:22]-1-[#6:23](=[#8:24])-[#8:25])(-[#1:60])-[#1:61].[#6:30]-[#6:31](=[#8:32])-[#8:36]-[#1],"EVODEX.2.1-P673,EVODEX.2.1-P677,EVODEX.2.1-P679,EVODEX.2.1-P688,EVODEX.2.1-P692",17740398194647248952962539372914930382799907734052156558051610594781176281898
EVODEX.2.1-Em167,[#7:16]1-[#6:17]-[#16:18]-[#6:19](-[#6:20](-[#1:60])(-[#1:61])-[#1])(-[#6:21])-[#6:22]-1(-[#6:23](=[#8:24])-[#8:25])-[#1].[#6:30]-[#6:31](=[#8:32])-[#6:33](=[#8:34])-[#8:35]-[#1].[#8:36]=[#8:37]>>[#6:33](=[#8:34])=[#8:35].[#7:16]1-[#6:17]-[#16:18]-[#6:20](-[#6:19](-[#6:21])=[#6:22]-1-[#6:23](=[#8:24])-[#8:25])(-[#1:60])-[#1:61].[#6:30]-[#6:31](=[#8:32])-[#8:36]-[#1].[#8:37](-[#1])-[#1],"EVODEX.2.1-P674,EVODEX.2.1-P682,EVODEX.2.1-P693,EVODEX.2.1-P694,EVODEX.2.1-P697",50160381953899419722699710644715025043528443103548170484424577173828628741340
EVODEX.2.1-Em168,[#7:11]1-[#6:12]-[#16:13]-[#6:14](-[#6:15](-[#1:45])(-[#1:46])-[#1])(-[#6:16])-[#6:17]-1(-[#6:18](=[#8:19])-[#8:20])-[#1].[#6:25]-[#6:26](=[#8:27])-[#6](=[#8])-[#8]>>[#7:11]1-[#6:12]-[#16:13]-[#6:15](-[#6:14](-[#6:16])=[#6:17]-1-[#6:18](=[#8:19])-[#8:20])(-[#1:45])-[#1:46].[#6:25]-[#6:26](=[#8:27])-[#8]-[#1],"EVODEX.2.1-P678,EVODEX.2.1-P680,EVODEX.2.1-P684,EVODEX.2.1-P690,EVODEX.2.1-P695",89665053269361348420927562699360956613807003428001423397797462978159574062964
EVODEX.2.1-Em169,[#6:1]-[#6:2](=[#8:3])-[#1].[#8:5]=[#8:6].[#8:4](-[#1])-[#1]>>[#6:1]-[#6:2](=[#8:3])-[#8:4]-[#1].[#8:5](-[#8:6]-[#1])-[#1],"EVODEX.2.1-P708,EVODEX.2.1-P710,EVODEX.2.1-P713,EVODEX.2.1-P878,EVODEX.2.1-P880",107969168196646518420987688307659777829776463421854340649448446476886023948268
EVODEX.2.1-Em170,[#6:2]-[#6:3](=[#8:4])-[#1].[#8:6]=[#8:7]>>[#6:2]-[#6:3](=[#8:4])-[#8]-[#1].[#8:6](-[#8:7]-[#1])-[#1],"EVODEX.2.1-P709,EVODEX.2.1-P711,EVODEX.2.1-P876,EVODEX.2.1-P877,EVODEX.2.1-P879",83323039778938750095044534480524752146795467641355952005448752305880434073132
EVODEX.2.1-Em171,[#6:49]-[#6:50](=[#8:51])-[#1]>>[#6]-[#16]-[#6:50](-[#6:49])=[#8:51],"EVODEX.2.1-P714,EVODEX.2.1-P774,EVODEX.2.1-P836,EVODEX.2.1-P840,EVODEX.2.1-P857",59748233551397721080586110457874978899084402641938716766349620223330366139000
EVODEX.2.1-Em172,[#6:2]-[#6:3](=[#8:4])-[#16]-[#6].[#7:53]-[#6:54](=[#8:55])-[#6:56]1=[#6:57](-[#7:58](-[#6@@:59])-[#6:94](=[#6:95](-[#6:96]-1(-[#1:164])-[#1])-[#1:163])-[#1:162])-[#1:139]>>[#6:2]-[#6:3](=[#8:4])-[#1].[#7:53]-[#6:54](=[#8:55])-[#6:56]1:[#6:57](:[#7&+:58](-[#6@@:59]):[#6:94](:[#6:95](:[#6:96]:1-[#1:164])-[#1:163])-[#1:162])-[#1:139],"EVODEX.2.1-P715,EVODEX.2.1-P723,EVODEX.2.1-P833,EVODEX.2.1-P843,EVODEX.2.1-P869",96429035878974152268728493072418105802410236801935867162788110308962157951371
EVODEX.2.1-Em173,[#6:47]-[#16:48]-[#1].[#6:55]-[#6:56](=[#8:57])-[#1]>>[#6:47]-[#16:48]-[#6:56](-[#6:55])=[#8:57],"EVODEX.2.1-P717,EVODEX.2.1-P721,EVODEX.2.1-P773,EVODEX.2.1-P835,EVODEX.2.1-P839",112527165009483802380498055116191295213400098922571302189137081511342997661727
EVODEX.2.1-Em174,[#6:7]-[#6:8](=[#8:9])-[#16:10]-[#6:11].[#7:58]-[#6:59](=[#8:60])-[#6:61]1=[#6:62](-[#7:63](-[#6@@:64])-[#6:99](=[#6:100](-[#6:101]-1(-[#1:179])-[#1])-[#1:178])-[#1:177])-[#1:154]>>[#6:7]-[#6:8](=[#8:9])-[#1].[#7:58]-[#6:59](=[#8:60])-[#6:61]1:[#6:62](:[#7&+:63](-[#6@@:64]):[#6:99](:[#6:100](:[#6:101]:1-[#1:179])-[#1:178])-[#1:177])-[#1:154].[#16:10](-[#6:11])-[#1],"EVODEX.2.1-P718,EVODEX.2.1-P719,EVODEX.2.1-P844,EVODEX.2.1-P848,EVODEX.2.1-P864",36661037771595602798951774544186044085876883435560459980967651638868873167621
EVODEX.2.1-Em175,[#6:47]-[#16:48]-[#1].[#7:49]-[#6:50](=[#8:51])-[#6:52]1:[#6:53](:[#6:54](:[#6:55](:[#7&+:56](-[#6@@:57]):[#6:92]:1-[#1:163])-[#1:140])-[#1:139])-[#1:138].[#8:93]=[#6:94](-[#6:95])-[#1]>>[#6:47]-[#16:48]-[#6:94](=[#8:93])-[#6:95].[#7:49]-[#6:50](=[#8:51])-[#6:52]1=[#6:92](-[#7:56](-[#6@@:57])-[#6:55](=[#6:54](-[#6:53]-1(-[#1:138])-[#1])-[#1:139])-[#1:140])-[#1:163],"EVODEX.2.1-P722,EVODEX.2.1-P838,EVODEX.2.1-P841,EVODEX.2.1-P846,EVODEX.2.1-P865",67755629882905114147047354327512030359561589230363447770514007374415428521103
EVODEX.2.1-Em176,[#7:1]-[#6:2](=[#8:3])-[#6:4]1=[#6:5](-[#7:6](-[#6@@:7])-[#6:46](=[#6:47](-[#6:48]-1(-[#1:121])-[#1])-[#1:120])-[#1:119])-[#1:95].[#6:59](-[#6@@:50])(=[#8:60])-[#8:61]-[#1]>>[#7:1]-[#6:2](=[#8:3])-[#6:4]1:[#6:5](:[#7&+:6](-[#6@@:7]):[#6:46](:[#6:47](:[#6:48]:1-[#1:121])-[#1:120])-[#1:119])-[#1:95].[#6:59](-[#6@@:50])(=[#8:60])-[#1].[#8:61](-[#15](-[#8])(=[#8])-[#8])-[#1],"EVODEX.2.1-P725,EVODEX.2.1-P803,EVODEX.2.1-P815,EVODEX.2.1-P820,EVODEX.2.1-P873",109286353239609690707293070068965023146127483219320410376593413273666882445369
EVODEX.2.1-Em177,[#6:1]-[#6:2](=[#8:3])-[#6:4](=[#8:5])-[#8:6]-[#1]>>[#6:4](=[#8:5])=[#8:6].[#6:1]-[#6:2](=[#8:3])-[#16]-[#6],"EVODEX.2.1-P726,EVODEX.2.1-P735,EVODEX.2.1-P771,EVODEX.2.1-P772,EVODEX.2.1-P884",106059508991673599792019953265681706603539592578824067693383559788187886932042
EVODEX.2.1-Em178,[#6:1]-[#6:2](=[#8:3])-[#6](=[#8])-[#8]>>[#6:1]-[#6:2](=[#8:3])-[#16]-[#6],"EVODEX.2.1-P727,EVODEX.2.1-P744,EVODEX.2.1-P769,EVODEX.2.1-P853,EVODEX.2.1-P885",30613196494973005792770186264859855788774062630556083048303715527018624664657
EVODEX.2.1-Em179,[#6:1]-[#6:2](=[#8:3])-[#6:4](=[#8:5])-[#8:6]-[#1].[#7:55]-[#6:56](=[#8:57])-[#6:58]1:[#6:59](:[#6:60](:[#6:61](:[#7&+:62](-[#6@@:63]):[#6:98]:1-[#1:166])-[#1:143])-[#1:142])-[#1:141]>>[#6:4](=[#8:5])=[#8:6].[#6:1]-[#6:2](=[#8:3])-[#16]-[#6].[#7:55]-[#6:56](=[#8:57])-[#6:58]1=[#6:98](-[#7:62](-[#6@@:63])-[#6:61](=[#6:60](-[#6:59]-1(-[#1:141])-[#1])-[#1:142])-[#1:143])-[#1:166],"EVODEX.2.1-P728,EVODEX.2.1-P732,EVODEX.2.1-P740,EVODEX.2.1-P745,EVODEX.2.1-P852",721191786355188645455510453069654554769415663549725492383830897497140079655
EVODEX.2.1-Em180,[#6:1]-[#6:2](=[#8:3])-[#6:4](=[#8:5])-[#8:6]-[#1].[#6:53]-[#16:54]-[#1]>>[#6:4](=[#8:5])=[#8:6].[#6:1]-[#6:2](=[#8:3])-[#16:54]-[#6:53],"EVODEX.2.1-P729,EVODEX.2.1-P736,EVODEX.2.1-P770,EVODEX.2.1-P883,EVODEX.2.1-P887",111011242904403227448734664841667021554514079387467942294347844281855295465054
EVODEX.2.1-Em181,[#6:47]-[#16:48]-[#1].[#6:50]-[#6:52](=[#8:53])-[#6:54](=[#8:55])-[#8:56]-[#1].[#7:57]-[#6:58](=[#8:59])-[#6:60]1:[#6:61](:[#6:62](:[#6:63](:[#7&+:64](-[#6@@:65]):[#6:100]:1-[#1:172])-[#1:149])-[#1:148])-[#1:147]>>[#6:54](=[#8:55])=[#8:56].[#6:47]-[#16:48]-[#6:52](-[#6:50])=[#8:53].[#7:57]-[#6:58](=[#8:59])-[#6:60]1=[#6:100](-[#7:64](-[#6@@:65])-[#6:63](=[#6:62](-[#6:61]-1(-[#1:147])-[#1])-[#1:148])-[#1:149])-[#1:172],"EVODEX.2.1-P730,EVODEX.2.1-P738,EVODEX.2.1-P742,EVODEX.2.1-P851,EVODEX.2.1-P856",31635164517370229328912988563203575028116369025871411586083782854723513935976
EVODEX.2.1-Em182,[#6:50]-[#6:52](=[#8:53])-[#6](=[#8])-[#8].[#7:57]-[#6:58](=[#8:59])-[#6:60]1:[#6:61](:[#6:62](:[#6:63](:[#7&+:64](-[#6@@:65]):[#6:100]:1-[#1:172])-[#1:149])-[#1:148])-[#1:147]>>[#6]-[#16]-[#6:52](-[#6:50])=[#8:53].[#7:57]-[#6:58](=[#8:59])-[#6:60]1=[#6:100](-[#7:64](-[#6@@:65])-[#6:63](=[#6:62](-[#6:61]-1(-[#1:147])-[#1])-[#1:148])-[#1:149])-[#1:172],"EVODEX.2.1-P731,EVODEX.2.1-P733,EVODEX.2.1-P739,EVODEX.2.1-P743,EVODEX.2.1-P850",38265291827383911753434564544536526431219494370971396049011687626241847590448
EVODEX.2.1-Em183,[#6:47]-[#16:48]-[#1].[#6:50]-[#6:51](=[#8:52])-[#6](=[#8])-[#8]>>[#6:47]-[#16:48]-[#6:51](-[#6:50])=[#8:52],"EVODEX.2.1-P1769,EVODEX.2.1-P734,EVODEX.2.1-P741,EVODEX.2.1-P854,EVODEX.2.1-P882",14604271676366494650038100888279202672743048138784994197555375042840323456901
EVODEX.2.1-Em184,[#6:47]-[#16:48]-[#1].[#7:49]-[#6:50](=[#8:51])-[#6:52]1:[#6:53](:[#6:54](:[#6:55](:[#7&+:56](-[#6@@:57]):[#6:92]:1-[#1:166])-[#1:143])-[#1:142])-[#1:141].[#6:97]-[#6:98](=[#8:99])-[#6](=[#8])-[#8]>>[#6:47]-[#16:48]-[#6:98](-[#6:97])=[#8:99].[#7:49]-[#6:50](=[#8:51])-[#6:52]1=[#6:92](-[#7:56](-[#6@@:57])-[#6:55](=[#6:54](-[#6:53]-1(-[#1:141])-[#1])-[#1:142])-[#1:143])-[#1:166],"EVODEX.2.1-P737,EVODEX.2.1-P849,EVODEX.2.1-P855,EVODEX.2.1-P881,EVODEX.2.1-P886",1770461812117182719496373710069697404320442363751264952998261329207978345306
EVODEX.2.1-Em185,[#7:1]-[#6:2](=[#8:3])-[#6:4]1:[#6:5](:[#6:6](:[#6:7](:[#7&+:8](-[#6@@:9]):[#6:48]:1-[#1:90])-[#1:66])-[#1:65])-[#1:64].[#6:51]-[#6:52](=[#8:53])-[#1]>>[#7:1]-[#6:2](=[#8:3])-[#6:4]1=[#6:48](-[#7:8](-[#6@@:9])-[#6:7](=[#6:6](-[#6:5]-1(-[#1:64])-[#1])-[#1:65])-[#1:66])-[#1:90].[#6:51]-[#6:52](=[#8:53])-[#8]-[#15](=[#8])(-[#8])-[#8],"EVODEX.2.1-P746,EVODEX.2.1-P751,EVODEX.2.1-P756,EVODEX.2.1-P757,EVODEX.2.1-P760",60173919670414947510546228758252021674391928009833301364595560454945616806367
EVODEX.2.1-Em186,[#7:1]-[#6:2](=[#8:3])-[#6:4]1=[#6:5](-[#7:6](-[#6@@:7])-[#6:46](=[#6:47](-[#6:48]-1(-[#1:90])-[#1])-[#1:89])-[#1:88])-[#1:64].[#6:51]-[#6:52](=[#8:53])-[#8:54]-[#15:55](=[#8:56])(-[#8:57])-[#8:58]>>[#7:1]-[#6:2](=[#8:3])-[#6:4]1:[#6:5](:[#7&+:6](-[#6@@:7]):[#6:46](:[#6:47](:[#6:48]:1-[#1:90])-[#1:89])-[#1:88])-[#1:64].[#6:51]-[#6:52](=[#8:53])-[#1].[#8:54](-[#15:55](=[#8:56])(-[#8:57])-[#8:58])-[#1],"EVODEX.2.1-P747,EVODEX.2.1-P752,EVODEX.2.1-P758,EVODEX.2.1-P761,EVODEX.2.1-P830",61370145972864144571738170822278228984215408805552305072435437514784331134542
EVODEX.2.1-Em187,[#7:1]-[#6:2](=[#8:3])-[#6:4]1=[#6:5](-[#7:6](-[#6@@:7])-[#6:46](=[#6:47](-[#6:48]-1(-[#1:90])-[#1])-[#1:89])-[#1:88])-[#1:64].[#6:51]-[#6:52](=[#8:53])-[#8]-[#15](=[#8])(-[#8])-[#8]>>[#7:1]-[#6:2](=[#8:3])-[#6:4]1:[#6:5](:[#7&+:6](-[#6@@:7]):[#6:46](:[#6:47](:[#6:48]:1-[#1:90])-[#1:89])-[#1:88])-[#1:64].[#6:51]-[#6:52](=[#8:53])-[#1],"EVODEX.2.1-P748,EVODEX.2.1-P749,EVODEX.2.1-P762,EVODEX.2.1-P826,EVODEX.2.1-P831",107042289935858289506231965046026137957261311072710176548051529036966586565810
EVODEX.2.1-Em188,[#6:2]-[#6:3](=[#8:4])-[#1].[#7:10]-[#6:11](=[#8:12])-[#6:13]1:[#6:14](:[#6:15](:[#6:16](:[#7&+:17](-[#6@@:18]):[#6:57]:1-[#1:100])-[#1:76])-[#1:75])-[#1:74].[#8:58]=[#15:59](-[#8:60]-[#1])(-[#8:61])-[#8:62]>>[#6:2]-[#6:3](=[#8:4])-[#8:60]-[#15:59](=[#8:58])(-[#8:61])-[#8:62].[#7:10]-[#6:11](=[#8:12])-[#6:13]1=[#6:57](-[#7:17](-[#6@@:18])-[#6:16](=[#6:15](-[#6:14]-1(-[#1:74])-[#1])-[#1:75])-[#1:76])-[#1:100],"EVODEX.2.1-P750,EVODEX.2.1-P753,EVODEX.2.1-P755,EVODEX.2.1-P759,EVODEX.2.1-P832",46976348878665588571406558738076180764339662219393518277148985483336001264941
EVODEX.2.1-Em189,[#6:9]-[#6:10](=[#8:11])-[#1].[#7:12]-[#6:13](=[#8:14])-[#6:15]1:[#6:16](:[#6:17](:[#6:18](:[#7&+:19](-[#6@@:20]):[#6:55]:1-[#1:99])-[#1:76])-[#1:75])-[#1:74]>>[#6:9]-[#6:10](=[#8:11])-[#8]-[#1].[#7:12]-[#6:13](=[#8:14])-[#6:15]1=[#6:55](-[#7:19](-[#6@@:20])-[#6:18](=[#6:17](-[#6:16]-1(-[#1:74])-[#1])-[#1:75])-[#1:76])-[#1:99],"EVODEX.2.1-P766,EVODEX.2.1-P767,EVODEX.2.1-P828,EVODEX.2.1-P847,EVODEX.2.1-P866",47500189677368731307532505320917769635896591982799096210249737490876426280478
EVODEX.2.1-Em191,[#6:17]-[#6:18](=[#8:19])-[#8:20]-[#1]>>[#6:17]-[#6:18](=[#8:19])-[#1].[#8:20](-[#15](-[#8])(=[#8])-[#8])-[#1],"EVODEX.2.1-P789,EVODEX.2.1-P791,EVODEX.2.1-P800,EVODEX.2.1-P805,EVODEX.2.1-P822",97600918657521331556579146495240738825104561703245782176622555283085497082066
EVODEX.2.1-Em193,[#6:2]-[#6:4](=[#8:5])-[#1].[#7:11]-[#6:12](=[#8:13])-[#6:14]1:[#6:15](:[#6:16](:[#6:17](:[#7&+:18](-[#6@@:19]):[#6:54]:1-[#1:93])-[#1:70])-[#1:69])-[#1:68].[#8:55](-[#1])-[#1]>>[#6:2]-[#6:4](=[#8:5])-[#8:55]-[#1].[#7:11]-[#6:12](=[#8:13])-[#6:14]1=[#6:54](-[#7:18](-[#6@@:19])-[#6:17](=[#6:16](-[#6:15]-1(-[#1:68])-[#1])-[#1:69])-[#1:70])-[#1:93],"EVODEX.2.1-P825,EVODEX.2.1-P829,EVODEX.2.1-P858,EVODEX.2.1-P859,EVODEX.2.1-P870",46915222327845140392211249545078897796232104396995008642143336076911736953581
EVODEX.2.1-Em194,[#8:45](-[#1])-[#1].[#6:50]-[#6@:51](-[#8:52]-[#6@:53](-[#6@:47])(-[#8:54])-[#1])(-[#6@:55])-[#1:92]>>([#8:45](-[#6@@:51](-[#6:50])(-[#6@@:55])-[#1:92])-[#1].[#6:53](-[#6@:47])(=[#8:52])-[#8:54]),"EVODEX.2.1-P3548,EVODEX.2.1-P3549,EVODEX.2.1-P3558,EVODEX.2.1-P3699,EVODEX.2.1-P871",29561806612227799651797707878696409398118009074014091048375399640948180727282
EVODEX.2.1-Em195,[#6:1]-[#7&+:2]1:[#6:3](:[#6:4](:[#6:5](-[#6:6]2:[#6:7](:[#6:8](:[#7&+:9](-[#6:10]):[#6:11](:[#6:12]:2-[#1:34])-[#1:33])-[#1:29])-[#1:28]):[#6:13](:[#6:14]:1-[#1:36])-[#1:35])-[#1:27])-[#1:26].[#8:16]=[#6:17](-[#6:18])-[#1]>>[#6:1]-[#7:2]1-[#6:3](=[#6:4](-[#6:5](-[#6:6]2:[#6:7](:[#6:8](:[#7&+:9](-[#6:10]):[#6:11](:[#6:12]:2-[#1:34])-[#1:33])-[#1:29])-[#1:28])(-[#6:13](=[#6:14]-1-[#1:36])-[#1:35])-[#1])-[#1:27])-[#1:26].[#8](-[#6:17](=[#8:16])-[#6:18])-[#1],"EVODEX.2.1-P888,EVODEX.2.1-P889,EVODEX.2.1-P895,EVODEX.2.1-P896,EVODEX.2.1-P897",52483195273131993276776186691975406129795080044330375904361798172490610679887
EVODEX.2.1-Em196,[#8:3]=[#6:4](-[#6:5])-[#1].[#8:2](-[#1])-[#1].[#6:31]-[#7&+:32]1:[#6:33](:[#6:34](:[#6:35](-[#6:36]2:[#6:37](:[#6:38](:[#7&+:39](-[#6:40]):[#6:47](:[#6:48]:2-[#1:92])-[#1:91])-[#1:83])-[#1:82]):[#6:49](:[#6:50]:1-[#1:94])-[#1:93])-[#1:81])-[#1:80]>>[#8:2](-[#6:4](=[#8:3])-[#6:5])-[#1].[#6:31]-[#7:32]1-[#6:33](=[#6:34](-[#6:35](-[#6:36]2(-[#6:37](=[#6:38](-[#7:39](-[#6:40])-[#6:47](=[#6:48]-2-[#1:92])-[#1:91])-[#1:83])-[#1:82])-[#1])(-[#6:49](=[#6:50]-1-[#1:94])-[#1:93])-[#1])-[#1:81])-[#1:80],"EVODEX.2.1-P890,EVODEX.2.1-P891,EVODEX.2.1-P892,EVODEX.2.1-P893,EVODEX.2.1-P894",10646511579584628830275009036996318321203348546269529387299721002646878804510
EVODEX.2.1-Em197,[#6:5]/[#6:6](=[#6:7](/[#6:8](=[#8:9])-[#16:10])-[#1:77])-[#1:76].[#7:17]-[#6:18](=[#8:19])-[#6:20]1=[#6:21](-[#7:22](-[#6@@:23])-[#6:62](=[#6:63](-[#6:64]-1(-[#1:114])-[#1])-[#1:113])-[#1:112])-[#1:88]>>[#6:5]-[#6:6](-[#6:7](-[#6:8](=[#8:9])-[#16:10])(-[#1:77])-[#1])(-[#1:76])-[#1].[#7:17]-[#6:18](=[#8:19])-[#6:20]1:[#6:21](:[#7&+:22](-[#6@@:23]):[#6:62](:[#6:63](:[#6:64]:1-[#1:114])-[#1:113])-[#1:112])-[#1:88],"EVODEX.2.1-P898,EVODEX.2.1-P903,EVODEX.2.1-P908,EVODEX.2.1-P911,EVODEX.2.1-P913",66290809155134441110894418960991601894720408083819717590260488366471917414858
EVODEX.2.1-Em198,[#6:5]/[#6:6](=[#6:7](/[#6:8](=[#8:9])-[#16:10])-[#1:77])-[#1:76]>>[#6:5]-[#6:6](-[#6:7](-[#6:8](=[#8:9])-[#16:10])(-[#1:77])-[#1])(-[#1:76])-[#1],"EVODEX.2.1-P899,EVODEX.2.1-P900,EVODEX.2.1-P901,EVODEX.2.1-P902,EVODEX.2.1-P904",85821519232492652430788773860376525087253194586082357261389456596202508564256
EVODEX.2.1-Em199,[#6:1]-[#6@:2](-[#7](-[#1])-[#1])(-[#6:4](=[#8:5])-[#8:6])-[#1].[#7:7]-[#6:8](=[#8:9])-[#6:10]1:[#6:11](:[#6:12](:[#6:13](:[#7&+:14](-[#6@@:15]):[#6:50]:1-[#1:86])-[#1:63])-[#1:62])-[#1:61].[#8:51](-[#1])-[#1]>>[#6:1]-[#6:2](-[#6:4](=[#8:5])-[#8:6])=[#8:51].[#7:7]-[#6:8](=[#8:9])-[#6:10]1=[#6:50](-[#7:14](-[#6@@:15])-[#6:13](=[#6:12](-[#6:11]-1(-[#1:61])-[#1])-[#1:62])-[#1:63])-[#1:86],"EVODEX.2.1-P1050,EVODEX.2.1-P919,EVODEX.2.1-P931,EVODEX.2.1-P970,EVODEX.2.1-P973",25984235125031272858887333811943468579055597259281871822767106489740505411260
EVODEX.2.1-Em200,[#7](-[#6@@:5](-[#6@:3])(-[#6:7](=[#8:8])-[#8:9])-[#1])(-[#1])-[#1].[#7:10]-[#6:11](=[#8:12])-[#6:13]1:[#6:14](:[#6:15](:[#6:16](:[#7&+:17](-[#6@@:18]):[#6:53]:1-[#1:95])-[#1:72])-[#1:71])-[#1:70]>>[#6:5](-[#6@:3])(-[#6:7](=[#8:8])-[#8:9])=[#8].[#7:10]-[#6:11](=[#8:12])-[#6:13]1=[#6:53](-[#7:17](-[#6@@:18])-[#6:16](=[#6:15](-[#6:14]-1(-[#1:70])-[#1])-[#1:71])-[#1:72])-[#1:95],"EVODEX.2.1-P1051,EVODEX.2.1-P1057,EVODEX.2.1-P920,EVODEX.2.1-P930,EVODEX.2.1-P932",47370433936647235024564842135704646180073305186175259363360638342435216687725
EVODEX.2.1-Em201,[#6:5](-[#6@:3])(=[#8:6])-[#6:7](=[#8:8])-[#8:9].[#7:10](-[#1])(-[#1])-[#1]>>[#6:7](-[#6@:5](-[#6@:3])(-[#7:10](-[#1])-[#1])-[#1])(=[#8:8])-[#8:9].[#8:6](-[#1])-[#1],"EVODEX.2.1-P1021,EVODEX.2.1-P1054,EVODEX.2.1-P1124,EVODEX.2.1-P1132,EVODEX.2.1-P921",6243895924528966106472515260280865234109749924200659628346998531356310236652
EVODEX.2.1-Em202,[#7:45](-[#6@@:46](-[#6:47])(-[#6:49](=[#8:50])-[#8:51])-[#1])(-[#1])-[#1].[#8:52](-[#1])-[#1]>>[#6:46](-[#6:47])(-[#6:49](=[#8:50])-[#8:51])=[#8:52].[#7:45](-[#1])(-[#1])-[#1],"EVODEX.2.1-P1012,EVODEX.2.1-P1079,EVODEX.2.1-P1136,EVODEX.2.1-P922,EVODEX.2.1-P926",18432492936841763134908237524280227535239455911399903349136908102558639740878
EVODEX.2.1-Em203,[#6:2]-[#6:4](=[#8])-[#6:6](=[#8:7])-[#8:8].[#7:10]-[#6:11](=[#8:12])-[#6:13]1=[#6:14](-[#7:15](-[#6@@:16])-[#6:51](=[#6:52](-[#6:53]-1(-[#1:89])-[#1])-[#1:88])-[#1:87])-[#1:64].[#7:9](-[#1])(-[#1])-[#1]>>[#6:2]-[#6@@:4](-[#6:6](=[#8:7])-[#8:8])(-[#7:9](-[#1])-[#1])-[#1].[#7:10]-[#6:11](=[#8:12])-[#6:13]1:[#6:14](:[#7&+:15](-[#6@@:16]):[#6:51](:[#6:52](:[#6:53]:1-[#1:89])-[#1:88])-[#1:87])-[#1:64],"EVODEX.2.1-P1010,EVODEX.2.1-P1022,EVODEX.2.1-P1055,EVODEX.2.1-P923,EVODEX.2.1-P945",60022424811062677337923210812931640035652798749879766353794055872213554245173
EVODEX.2.1-Em204,[#6:4]-[#6:5](=[#8:6])-[#6:7](=[#8:8])-[#8:9]>>[#6:4]-[#6@@:5](-[#6:7](=[#8:8])-[#8:9])(-[#7](-[#1])-[#1])-[#1].[#8:6](-[#1])-[#1],"EVODEX.2.1-P1011,EVODEX.2.1-P1015,EVODEX.2.1-P1056,EVODEX.2.1-P924,EVODEX.2.1-P964",29210248668948261920165642840679153984191382631805611445437274720696195062500
EVODEX.2.1-Em205,[#6:4]-[#6:5](=[#8])-[#6:7](=[#8:8])-[#8:9].[#7:10](-[#1])(-[#1])-[#1]>>[#6:4]-[#6@@:5](-[#6:7](=[#8:8])-[#8:9])(-[#7:10](-[#1])-[#1])-[#1],"EVODEX.2.1-P1014,EVODEX.2.1-P1017,EVODEX.2.1-P1018,EVODEX.2.1-P1040,EVODEX.2.1-P925",69582055923307556113499778792741010616734055280980702192271687077307152293349
EVODEX.2.1-Em206,[#6:2]-[#6:3](=[#8])-[#6:5](=[#8:6])-[#8:7].[#7:9]-[#6:10](=[#8:11])-[#6:12]1=[#6:13](-[#7:14](-[#6@@:15])-[#6:50](=[#6:51](-[#6:52]-1(-[#1:86])-[#1])-[#1:85])-[#1:84])-[#1:61]>>[#6:2]-[#6@@:3](-[#6:5](=[#8:6])-[#8:7])(-[#7](-[#1])-[#1])-[#1].[#7:9]-[#6:10](=[#8:11])-[#6:12]1:[#6:13](:[#7&+:14](-[#6@@:15]):[#6:50](:[#6:51](:[#6:52]:1-[#1:86])-[#1:85])-[#1:84])-[#1:61],"EVODEX.2.1-P1013,EVODEX.2.1-P1048,EVODEX.2.1-P927,EVODEX.2.1-P965,EVODEX.2.1-P967",5386135904707712953288078785304870589538781589448885140744790344734352858968
EVODEX.2.1-Em207,[#6:3]-[#6@:4](-[#7:5](-[#1])-[#1])(-[#6:6](=[#8:7])-[#8:8])-[#1].[#7:9]-[#6:10](=[#8:11])-[#6:12]1:[#6:13](:[#6:14](:[#6:15](:[#7&+:16](-[#6@@:17]):[#6:52]:1-[#1:92])-[#1:69])-[#1:68])-[#1:67].[#8:53](-[#1])-[#1]>>[#6:3]-[#6:4](-[#6:6](=[#8:7])-[#8:8])=[#8:53].[#7:9]-[#6:10](=[#8:11])-[#6:12]1=[#6:52](-[#7:16](-[#6@@:17])-[#6:15](=[#6:14](-[#6:13]-1(-[#1:67])-[#1])-[#1:68])-[#1:69])-[#1:92].[#7:5](-[#1])(-[#1])-[#1],"EVODEX.2.1-P1020,EVODEX.2.1-P928,EVODEX.2.1-P936,EVODEX.2.1-P937,EVODEX.2.1-P968",64801322397384825595474591539968263643494768961620782499891734174563331814559
EVODEX.2.1-Em208,[#6:4]-[#6:5](-[#7:6](-[#1])-[#1])(-[#6:7](=[#8:8])-[#8:9])-[#1].[#7:10]-[#6:11](=[#8:12])-[#6:13]1:[#6:14](:[#6:15](:[#6:16](:[#7&+:17](-[#6@@:18]):[#6:53]:1-[#1:95])-[#1:72])-[#1:71])-[#1:70]>>[#6:4]-[#6:5](-[#6:7](=[#8:8])-[#8:9])=[#8].[#7:10]-[#6:11](=[#8:12])-[#6:13]1=[#6:53](-[#7:17](-[#6@@:18])-[#6:16](=[#6:15](-[#6:14]-1(-[#1:70])-[#1])-[#1:71])-[#1:72])-[#1:95].[#7:6](-[#1])(-[#1])-[#1],"EVODEX.2.1-P1036,EVODEX.2.1-P1047,EVODEX.2.1-P1052,EVODEX.2.1-P929,EVODEX.2.1-P934",106812601286165728728581020939178093523038336967497066304556212262510171798492
EVODEX.2.1-Em209,[#6:1]-[#6:2](=[#8:3])-[#6:4](=[#8:5])-[#8:6].[#7:8]-[#6:9](=[#8:10])-[#6:11]1=[#6:12](-[#7:13](-[#6@@:14])-[#6:51](=[#6:52](-[#6:53]-1(-[#1:85])-[#1])-[#1:84])-[#1:83])-[#1:60].[#7:7](-[#1])(-[#1])-[#1]>>[#6:1]-[#6@@:2](-[#6:4](=[#8:5])-[#8:6])(-[#7:7](-[#1])-[#1])-[#1].[#7:8]-[#6:9](=[#8:10])-[#6:11]1:[#6:12](:[#7&+:13](-[#6@@:14]):[#6:51](:[#6:52](:[#6:53]:1-[#1:85])-[#1:84])-[#1:83])-[#1:60].[#8:3](-[#1])-[#1],"EVODEX.2.1-P1009,EVODEX.2.1-P1016,EVODEX.2.1-P1039,EVODEX.2.1-P933,EVODEX.2.1-P966",77449549313379702506523678386000328519077571670517413814497893872625219251280
EVODEX.2.1-Em210,[#7:2]-[#6:3](=[#8:4])-[#6:5]1=[#6:6](-[#7:7](-[#6@@:8])-[#6:43](=[#6:44](-[#6:45]-1(-[#1:82])-[#1])-[#1:81])-[#1:80])-[#1:57].[#6:49]-[#6:50](=[#8:51])-[#6:52](=[#8:53])-[#8:54]>>[#7](-[#6@@:50](-[#6:49])(-[#6:52](=[#8:53])-[#8:54])-[#1])(-[#1])-[#1].[#7:2]-[#6:3](=[#8:4])-[#6:5]1:[#6:6](:[#7&+:7](-[#6@@:8]):[#6:43](:[#6:44](:[#6:45]:1-[#1:82])-[#1:81])-[#1:80])-[#1:57].[#8:51](-[#1])-[#1],"EVODEX.2.1-P1023,EVODEX.2.1-P1037,EVODEX.2.1-P1049,EVODEX.2.1-P935,EVODEX.2.1-P971",6521992438657982218968130172872233887852159680647787995895550976553971573168
EVODEX.2.1-Em211,[#6:2]-[#6:3](=[#8:4])-[#6:5].[#7:10]-[#6:11](=[#8:12])-[#6:13]1=[#6:14](-[#7:15](-[#6@@:16])-[#6:51](=[#6:52](-[#6:53]-1(-[#1:89])-[#1])-[#1:88])-[#1:87])-[#1:64].[#7:9](-[#1])(-[#1])-[#1]>>[#6:2]-[#6:3](-[#6:5])(-[#7:9](-[#1])-[#1])-[#1].[#7:10]-[#6:11](=[#8:12])-[#6:13]1:[#6:14](:[#7&+:15](-[#6@@:16]):[#6:51](:[#6:52](:[#6:53]:1-[#1:89])-[#1:88])-[#1:87])-[#1:64].[#8:4](-[#1])-[#1],"EVODEX.2.1-P938,EVODEX.2.1-P957,EVODEX.2.1-P981,EVODEX.2.1-P985,EVODEX.2.1-P993",71307172525318271803464420137423770787549134209200005323842171944666388491045
EVODEX.2.1-Em212,[#6:2]-[#6:3](=[#8])-[#6:5].[#7:10]-[#6:11](=[#8:12])-[#6:13]1=[#6:14](-[#7:15](-[#6@@:16])-[#6:51](=[#6:52](-[#6:53]-1(-[#1:89])-[#1])-[#1:88])-[#1:87])-[#1:64]>>[#6:2]-[#6:3](-[#6:5])(-[#7](-[#1])-[#1])-[#1].[#7:10]-[#6:11](=[#8:12])-[#6:13]1:[#6:14](:[#7&+:15](-[#6@@:16]):[#6:51](:[#6:52](:[#6:53]:1-[#1:89])-[#1:88])-[#1:87])-[#1:64],"EVODEX.2.1-P1001,EVODEX.2.1-P1025,EVODEX.2.1-P939,EVODEX.2.1-P950,EVODEX.2.1-P994",72844386945741999460208344534407235728521756168841373442934362579057674143767
EVODEX.2.1-Em213,[#6:2]-[#6:3](=[#8])-[#6:5].[#7:10]-[#6:11](=[#8:12])-[#6:13]1=[#6:14](-[#7:15](-[#6@@:16])-[#6:51](=[#6:52](-[#6:53]-1(-[#1:89])-[#1])-[#1:88])-[#1:87])-[#1:64].[#7:9](-[#1])(-[#1])-[#1]>>[#6:2]-[#6:3](-[#6:5])(-[#7:9](-[#1])-[#1])-[#1].[#7:10]-[#6:11](=[#8:12])-[#6:13]1:[#6:14](:[#7&+:15](-[#6@@:16]):[#6:51](:[#6:52](:[#6:53]:1-[#1:89])-[#1:88])-[#1:87])-[#1:64],"EVODEX.2.1-P1002,EVODEX.2.1-P1031,EVODEX.2.1-P1044,EVODEX.2.1-P940,EVODEX.2.1-P958",80019242942893248751579586896027937625588251834262604901800623939469224328561
EVODEX.2.1-Em214,[#6:2]-[#6:3](-[#7](-[#1])-[#1])(-[#6:5])-[#1]>>[#6:2]-[#6:3](-[#6:5])=[#8],"EVODEX.2.1-P2413,EVODEX.2.1-P2493,EVODEX.2.1-P5932,EVODEX.2.1-P942,EVODEX.2.1-P990",114211310289156425240574022209876500450463932156630676766992236563040979236570
EVODEX.2.1-Em215,[#6:2]-[#6:3](-[#7](-[#1])-[#1])(-[#6:5])-[#1].[#7:9]-[#6:10](=[#8:11])-[#6:12]1:[#6:13](:[#6:14](:[#6:15](:[#7&+:16](-[#6@@:17]):[#6:52]:1-[#1:92])-[#1:69])-[#1:68])-[#1:67]>>[#6:2]-[#6:3](-[#6:5])=[#8].[#7:9]-[#6:10](=[#8:11])-[#6:12]1=[#6:52](-[#7:16](-[#6@@:17])-[#6:15](=[#6:14](-[#6:13]-1(-[#1:67])-[#1])-[#1:68])-[#1:69])-[#1:92],"EVODEX.2.1-P1007,EVODEX.2.1-P943,EVODEX.2.1-P947,EVODEX.2.1-P962,EVODEX.2.1-P987",32440544619501731461653399168067991939160695560762806403155968904957421334935
EVODEX.2.1-Em216,[#6:2]-[#6:3](-[#7](-[#1])-[#1])(-[#6:5])-[#1].[#7:9]-[#6:10](=[#8:11])-[#6:12]1:[#6:13](:[#6:14](:[#6:15](:[#7&+:16](-[#6@@:17]):[#6:52]:1-[#1:92])-[#1:69])-[#1:68])-[#1:67].[#8:53](-[#1])-[#1]>>[#6:2]-[#6:3](-[#6:5])=[#8:53].[#7:9]-[#6:10](=[#8:11])-[#6:12]1=[#6:52](-[#7:16](-[#6@@:17])-[#6:15](=[#6:14](-[#6:13]-1(-[#1:67])-[#1])-[#1:68])-[#1:69])-[#1:92],"EVODEX.2.1-P1041,EVODEX.2.1-P944,EVODEX.2.1-P954,EVODEX.2.1-P984,EVODEX.2.1-P998",68149877667003218495885708703068478582600117724556955208475718280569363807613
EVODEX.2.1-Em217,[#6:4]-[#6@:5](-[#7:6](-[#1])-[#1])(-[#6:7])-[#1].[#8:55](-[#1])-[#1]>>[#6:4]-[#6:5](-[#6:7])=[#8:55].[#7:6](-[#1])(-[#1])-[#1],"EVODEX.2.1-P1006,EVODEX.2.1-P1029,EVODEX.2.1-P1083,EVODEX.2.1-P946,EVODEX.2.1-P991",52056295485783500247500136880363823693229051051650306815608271932000220573630
EVODEX.2.1-Em218,[#6:4]-[#6@:5](-[#7:6](-[#1])-[#1])(-[#6:7])-[#1].[#7:11]-[#6:12](=[#8:13])-[#6:14]1:[#6:15](:[#6:16](:[#6:17](:[#7&+:18](-[#6@@:19]):[#6:54]:1-[#1:97])-[#1:74])-[#1:73])-[#1:72]>>[#6:4]-[#6:5](-[#6:7])=[#8].[#7:11]-[#6:12](=[#8:13])-[#6:14]1=[#6:54](-[#7:18](-[#6@@:19])-[#6:17](=[#6:16](-[#6:15]-1(-[#1:72])-[#1])-[#1:73])-[#1:74])-[#1:97].[#7:6](-[#1])(-[#1])-[#1],"EVODEX.2.1-P1034,EVODEX.2.1-P948,EVODEX.2.1-P953,EVODEX.2.1-P955,EVODEX.2.1-P999",88369452927334500911338836571841398064918747128363743376907037317012399023103
EVODEX.2.1-Em219,[#6:4]-[#6:5](=[#8:6])-[#6:7].[#7:12]-[#6:13](=[#8:14])-[#6:15]1=[#6:16](-[#7:17](-[#6@@:18])-[#6:53](=[#6:54](-[#6:55]-1(-[#1:94])-[#1])-[#1:93])-[#1:92])-[#1:69]>>[#6:4]-[#6@@:5](-[#6:7])(-[#7](-[#1])-[#1])-[#1].[#7:12]-[#6:13](=[#8:14])-[#6:15]1:[#6:16](:[#7&+:17](-[#6@@:18]):[#6:53](:[#6:54](:[#6:55]:1-[#1:94])-[#1:93])-[#1:92])-[#1:69].[#8:6](-[#1])-[#1],"EVODEX.2.1-P1026,EVODEX.2.1-P951,EVODEX.2.1-P961,EVODEX.2.1-P986,EVODEX.2.1-P996",42266853398927670045769258982889254765079643075549132656191973239328492880784
EVODEX.2.1-Em220,[#6:4]-[#6:5](=[#8:6])-[#6:7].[#7:11](-[#1])(-[#1])-[#1]>>[#6:4]-[#6@@:5](-[#6:7])(-[#7:11](-[#1])-[#1])-[#1].[#8:6](-[#1])-[#1],"EVODEX.2.1-P1004,EVODEX.2.1-P1027,EVODEX.2.1-P1032,EVODEX.2.1-P1045,EVODEX.2.1-P952",79038358818603228994470112897798495158297424225962963040071816905885337621312
EVODEX.2.1-Em221,[#6:1]-[#6:2](-[#7:3](-[#1])-[#1])(-[#6:4])-[#1].[#7:10]-[#6:11](=[#8:12])-[#6:13]1:[#6:14](:[#6:15](:[#6:16](:[#7&+:17](-[#6@@:18]):[#6:57]:1-[#1:99])-[#1:75])-[#1:74])-[#1:73].[#8:58](-[#1])-[#1]>>[#6:1]-[#6:2](-[#6:4])=[#8:58].[#7:10]-[#6:11](=[#8:12])-[#6:13]1=[#6:57](-[#7:17](-[#6@@:18])-[#6:16](=[#6:15](-[#6:14]-1(-[#1:73])-[#1])-[#1:74])-[#1:75])-[#1:99].[#7:3](-[#1])(-[#1])-[#1],"EVODEX.2.1-P1030,EVODEX.2.1-P1035,EVODEX.2.1-P1042,EVODEX.2.1-P956,EVODEX.2.1-P992",60350848922654569209858397261503348345375189240744275004315537763469933442071
EVODEX.2.1-Em222,[#6:1]-[#6:2](=[#8:3])-[#6:4]>>[#6:1]-[#6:2](-[#6:4])(-[#7](-[#1])-[#1])-[#1].[#8:3](-[#1])-[#1],"EVODEX.2.1-P1003,EVODEX.2.1-P1046,EVODEX.2.1-P959,EVODEX.2.1-P983,EVODEX.2.1-P989",56123410599302102935815105936518158588072493034389501372223755553874647937796
EVODEX.2.1-Em223,[#6:54]-[#6:55](=[#8])-[#6:57](=[#8:58])-[#8:59]>>[#7](-[#6@:55](-[#6:54])(-[#6:57](=[#8:58])-[#8:59])-[#1])(-[#1])-[#1],"EVODEX.2.1-P1125,EVODEX.2.1-P2649,EVODEX.2.1-P2718,EVODEX.2.1-P963,EVODEX.2.1-P969",22999361459871950354398739307344178546042779043022108903096828715263914372298
EVODEX.2.1-Em224,[#7](-[#6:50](-[#8:51])(-[#6:52])-[#1])(-[#1])-[#1]>>[#6:50](-[#8:51])(-[#6:52])=[#8],"EVODEX.2.1-P4338,EVODEX.2.1-P4953,EVODEX.2.1-P5050,EVODEX.2.1-P5561,EVODEX.2.1-P974",17238314664820860473844749027295672293525192106779341422614325960578696026086
EVODEX.2.1-Em225,[#6:1]-[#6:2](=[#8:3])-[#6:4](=[#8:5])-[#8:6].[#6:7]-[#7:8](-[#1])-[#1].[#7:9]-[#6:10](=[#8:11])-[#6:12]1=[#6:13](-[#7:14](-[#6@@:15])-[#6:54](=[#6:55](-[#6:56]-1(-[#1:94])-[#1])-[#1:93])-[#1:92])-[#1:68]>>[#6:1]-[#6@@:2](-[#6:4](=[#8:5])-[#8:6])(-[#7:8](-[#6:7])-[#1])-[#1].[#7:9]-[#6:10](=[#8:11])-[#6:12]1:[#6:13](:[#7&+:14](-[#6@@:15]):[#6:54](:[#6:55](:[#6:56]:1-[#1:94])-[#1:93])-[#1:92])-[#1:68].[#8:3](-[#1])-[#1],"EVODEX.2.1-P1218,EVODEX.2.1-P1238,EVODEX.2.1-P1242,EVODEX.2.1-P1244,EVODEX.2.1-P975",29235026602076854912610669104051257934201940285696125193821392013802038338474
EVODEX.2.1-Em226,[#6:1]-[#7:2](-[#6@@:3](-[#6:4])(-[#6:5](=[#8:6])-[#8:7])-[#1])-[#1].[#8:56](-[#1])-[#1]>>[#6:3](-[#6:4])(-[#6:5](=[#8:6])-[#8:7])=[#8:56].[#6:1]-[#7:2](-[#1])-[#1],"EVODEX.2.1-P1059,EVODEX.2.1-P1233,EVODEX.2.1-P1246,EVODEX.2.1-P1255,EVODEX.2.1-P976",37954292119447305268124043710121462536244162179779188392787238140403584356689
EVODEX.2.1-Em227,[#6:1]-[#7:2](-[#6@@:3](-[#6:4])(-[#6:5](=[#8:6])-[#8:7])-[#1])-[#1]>>[#6:3](-[#6:4])(-[#6:5](=[#8:6])-[#8:7])=[#8].[#6:1]-[#7:2](-[#1])-[#1],"EVODEX.2.1-P1230,EVODEX.2.1-P1241,EVODEX.2.1-P1253,EVODEX.2.1-P1257,EVODEX.2.1-P977",107920588529794038437372583507305393367657377304353998149828240152443125073416
EVODEX.2.1-Em228,[#6:1]-[#7:2](-[#6@@:3](-[#6:4])(-[#6:5](=[#8:6])-[#8:7])-[#1])-[#1].[#7:8]-[#6:9](=[#8:10])-[#6:11]1:[#6:12](:[#6:13](:[#6:14](:[#7&+:15](-[#6@@:16]):[#6:55]:1-[#1:94])-[#1:70])-[#1:69])-[#1:68].[#8:56](-[#1])-[#1]>>[#6:3](-[#6:4])(-[#6:5](=[#8:6])-[#8:7])=[#8:56].[#6:1]-[#7:2](-[#1])-[#1].[#7:8]-[#6:9](=[#8:10])-[#6:11]1=[#6:55](-[#7:15](-[#6@@:16])-[#6:14](=[#6:13](-[#6:12]-1(-[#1:68])-[#1])-[#1:69])-[#1:70])-[#1:94],"EVODEX.2.1-P1214,EVODEX.2.1-P1228,EVODEX.2.1-P1247,EVODEX.2.1-P1254,EVODEX.2.1-P978",35669647195043994438498506581115911354332166728866920149740623264676161294128
EVODEX.2.1-Em229,[#6:1]-[#7:2](-[#6@@](-[#6])(-[#6](=[#8])-[#8])-[#1])-[#1]>>[#6:1]-[#7:2](-[#1])-[#1],"EVODEX.2.1-P1213,EVODEX.2.1-P1226,EVODEX.2.1-P1232,EVODEX.2.1-P1251,EVODEX.2.1-P979",2206616235122291535690158030444179068586620757034141785030107551371482904748
EVODEX.2.1-Em230,[#6:1]-[#7:2](-[#6@@](-[#6])(-[#6](=[#8])-[#8])-[#1])-[#1].[#7:8]-[#6:9](=[#8:10])-[#6:11]1:[#6:12](:[#6:13](:[#6:14](:[#7&+:15](-[#6@@:16]):[#6:55]:1-[#1:94])-[#1:70])-[#1:69])-[#1:68]>>[#6:1]-[#7:2](-[#1])-[#1].[#7:8]-[#6:9](=[#8:10])-[#6:11]1=[#6:55](-[#7:15](-[#6@@:16])-[#6:14](=[#6:13](-[#6:12]-1(-[#1:68])-[#1])-[#1:69])-[#1:70])-[#1:94],"EVODEX.2.1-P1225,EVODEX.2.1-P1229,EVODEX.2.1-P1245,EVODEX.2.1-P1250,EVODEX.2.1-P980",15318879472476871199909894166429072024946809484229611521242217197158544697617
EVODEX.2.1-Em231,[#6:1]-[#6:2](=[#8])-[#6:4]>>[#6:1]-[#6@:2](-[#6:4])(-[#7](-[#1])-[#1])-[#1],"EVODEX.2.1-P1743,EVODEX.2.1-P2412,EVODEX.2.1-P2806,EVODEX.2.1-P2811,EVODEX.2.1-P982",80603344065132408421296250900184627709670159574895735068450688166840012700699
EVODEX.2.1-Em232,[#7:1](-[#1])(-[#1])-[#1].[#6:51]-[#6:52](=[#8:53])-[#8:54]>>[#7:1](-[#6:52](-[#6:51])(-[#8:54])-[#1])(-[#1])-[#1].[#8:53](-[#1])-[#1],"EVODEX.2.1-P5012,EVODEX.2.1-P5464,EVODEX.2.1-P5544,EVODEX.2.1-P5554,EVODEX.2.1-P988",28700876840881897847359380287736033919259132002514261978954313741668085800320
EVODEX.2.1-Em233,[#6:4]-[#6@@:5](-[#6:6])(-[#7](-[#1])-[#1])-[#1].[#8:52](-[#1])-[#1]>>[#6:4]-[#6:5](-[#6:6])=[#8:52],"EVODEX.2.1-P1005,EVODEX.2.1-P1028,EVODEX.2.1-P1033,EVODEX.2.1-P1101,EVODEX.2.1-P997",16556625160858582069365410582613669194201665241879292840363452504295345110683
EVODEX.2.1-Em234,[#7:45](-[#6@@:46](-[#6:47])(-[#6:57](=[#8:58])-[#8:59])-[#1])(-[#1])-[#1]>>[#6:46](-[#6:47])(-[#6:57](=[#8:58])-[#8:59])=[#8].[#7:45](-[#1])(-[#1])-[#1],"EVODEX.2.1-P1024,EVODEX.2.1-P1053,EVODEX.2.1-P1061,EVODEX.2.1-P1137,EVODEX.2.1-P1140",112353535736737880991432809785536340149163430806063405629914470109265937202712
EVODEX.2.1-Em235,[#6:5]-[#6@:6](-[#7](-[#1])-[#1])(-[#6:8](=[#8:9])-[#8:10])-[#1].[#8:55](-[#1])-[#1]>>[#6:5]-[#6:6](-[#6:8](=[#8:9])-[#8:10])=[#8:55],"EVODEX.2.1-P1038,EVODEX.2.1-P1058,EVODEX.2.1-P1060,EVODEX.2.1-P1112,EVODEX.2.1-P1133",74439545318888030491871586006131776233783119814017692663309767221850163340881
EVODEX.2.1-Em236,[#7](-[#6:2](-[#6:3])(-[#6:8](=[#8:9])-[#8:10])-[#1])(-[#1])-[#1].[#8:12]=[#8:13]>>[#6:2](-[#6:3])(-[#6:8](=[#8:9])-[#8:10])=[#8].[#8:12](-[#8:13]-[#1])-[#1],"EVODEX.2.1-P1062,EVODEX.2.1-P1065,EVODEX.2.1-P1127,EVODEX.2.1-P1134,EVODEX.2.1-P1141",12194001360794333822305961038461527509369896923762680939770832528550999201837
EVODEX.2.1-Em237,[#7](-[#6@:2](-[#6:3])(-[#6:9](=[#8:10])-[#8:11])-[#1])(-[#1])-[#1].[#8:13]=[#8:14].[#8:12](-[#1])-[#1]>>[#6:2](-[#6:3])(-[#6:9](=[#8:10])-[#8:11])=[#8:12].[#8:13](-[#8:14]-[#1])-[#1],"EVODEX.2.1-P1063,EVODEX.2.1-P1109,EVODEX.2.1-P1110,EVODEX.2.1-P1114,EVODEX.2.1-P1139",9396113114779841592998253289125782348467613014796974380491575403118118690751
EVODEX.2.1-Em238,[#7:1](-[#6@:2](-[#6:3])(-[#6:9](=[#8:10])-[#8:11])-[#1])(-[#1])-[#1].[#8:13]=[#8:14]>>[#6:2](-[#6:3])(-[#6:9](=[#8:10])-[#8:11])=[#8].[#7:1](-[#1])(-[#1])-[#1].[#8:13](-[#8:14]-[#1])-[#1],"EVODEX.2.1-P1064,EVODEX.2.1-P1066,EVODEX.2.1-P1104,EVODEX.2.1-P1135,EVODEX.2.1-P1165",36391505704836328722301080369297127743146174954960677041841071449000674025393
EVODEX.2.1-Em239,[#6:5]-[#6:6](=[#8:7])-[#6:8](=[#8:9])-[#8:10].[#7:1](-[#1])(-[#1])-[#1].[#8:11](-[#8:12]-[#1])-[#1]>>[#7:1](-[#6@:6](-[#6:5])(-[#6:8](=[#8:9])-[#8:10])-[#1])(-[#1])-[#1].[#8:11]=[#8:12].[#8:7](-[#1])-[#1],"EVODEX.2.1-P1067,EVODEX.2.1-P1106,EVODEX.2.1-P1115,EVODEX.2.1-P1128,EVODEX.2.1-P1130",92597424923579431611468164591281902055104411426949428820468026889578920200027
EVODEX.2.1-Em240,[#6:5]-[#6:6](=[#8:7])-[#6:8](=[#8:9])-[#8:10].[#8:11](-[#8:12]-[#1])-[#1]>>[#7](-[#6@:6](-[#6:5])(-[#6:8](=[#8:9])-[#8:10])-[#1])(-[#1])-[#1].[#8:11]=[#8:12].[#8:7](-[#1])-[#1],"EVODEX.2.1-P1068,EVODEX.2.1-P1105,EVODEX.2.1-P1117,EVODEX.2.1-P1118,EVODEX.2.1-P1167",27074341727394586141870096737198789779318219053240825908293001250581799426413
EVODEX.2.1-Em241,[#7:1](-[#6:2](-[#6:3])(-[#1:11])-[#1])(-[#1])-[#1].[#8:7]=[#8:8].[#8:6](-[#1])-[#1]>>[#6:2](-[#6:3])(=[#8:6])-[#1:11].[#7:1](-[#1])(-[#1])-[#1].[#8:7](-[#8:8]-[#1])-[#1],"EVODEX.2.1-P1069,EVODEX.2.1-P1073,EVODEX.2.1-P1075,EVODEX.2.1-P1149,EVODEX.2.1-P1155",105697902053715144020677968431812093549675673249773253283426162816050925211032
EVODEX.2.1-Em242,[#7](-[#6:2](-[#6:3])(-[#1:14])-[#1])(-[#1])-[#1].[#8:10]=[#8:11].[#8:9](-[#1])-[#1]>>[#6:2](-[#6:3])(=[#8:9])-[#1:14].[#8:10](-[#8:11]-[#1])-[#1],"EVODEX.2.1-P1070,EVODEX.2.1-P1076,EVODEX.2.1-P1147,EVODEX.2.1-P1157,EVODEX.2.1-P1173",109173534066700858382476404621650757309676416957940704197666721692837876046640
EVODEX.2.1-Em243,[#7:1](-[#6:2](-[#6:3])(-[#1:14])-[#1])(-[#1])-[#1]>>[#6:2](-[#6:3])(=[#8])-[#1:14].[#7:1](-[#1])(-[#1])-[#1],"EVODEX.2.1-P1071,EVODEX.2.1-P1144,EVODEX.2.1-P1156,EVODEX.2.1-P1176,EVODEX.2.1-P1177",65121692123924789347715761644044025015042544266003048480171627572850665079498
EVODEX.2.1-Em244,[#7:1](-[#6:2](-[#6:3])(-[#1:14])-[#1])(-[#1])-[#1].[#8:10]=[#8:11]>>[#6:2](-[#6:3])(=[#8])-[#1:14].[#7:1](-[#1])(-[#1])-[#1].[#8:10](-[#8:11]-[#1])-[#1],"EVODEX.2.1-P1072,EVODEX.2.1-P1142,EVODEX.2.1-P1153,EVODEX.2.1-P1175,EVODEX.2.1-P1209",10651657403810438141969918795021218069548250704445647448156804238358659132486
EVODEX.2.1-Em245,[#7](-[#6:2](-[#6:3])(-[#1:12])-[#1])(-[#1])-[#1].[#8:7](-[#1])-[#1]>>[#6:2](-[#6:3])(=[#8:7])-[#1:12],"EVODEX.2.1-P1074,EVODEX.2.1-P1145,EVODEX.2.1-P1152,EVODEX.2.1-P1174,EVODEX.2.1-P1208",99218357923659859868403297212550083755371574705645726088489132387211093216510
EVODEX.2.1-Em246,[#7](-[#6:2](-[#6:3])(-[#1:18])-[#1])(-[#1])-[#1]>>[#6:2](-[#6:3])(=[#8])-[#1:18],"EVODEX.2.1-P1077,EVODEX.2.1-P1150,EVODEX.2.1-P1171,EVODEX.2.1-P2454,EVODEX.2.1-P2499",77788936391560326393437055599852171781029407124267411172537730416316591345896
EVODEX.2.1-Em247,[#7:1](-[#6:2](-[#6:3])(-[#1:18])-[#1])(-[#1])-[#1].[#8:13](-[#1])-[#1]>>[#6:2](-[#6:3])(=[#8:13])-[#1:18].[#7:1](-[#1])(-[#1])-[#1],"EVODEX.2.1-P1078,EVODEX.2.1-P1146,EVODEX.2.1-P1154,EVODEX.2.1-P1159,EVODEX.2.1-P1168",93610484167804916561165485953074489662593812013156425811690955369950263469875
EVODEX.2.1-Em248,[#7:1](-[#6:2](-[#6:3])(-[#6:7])-[#1])(-[#1])-[#1].[#8:9]=[#8:10]>>[#6:2](=[#8])(-[#6:3])-[#6:7].[#7:1](-[#1])(-[#1])-[#1].[#8:9](-[#8:10]-[#1])-[#1],"EVODEX.2.1-P1080,EVODEX.2.1-P1086,EVODEX.2.1-P1089,EVODEX.2.1-P1095,EVODEX.2.1-P1148",64375817807996790792835063939861007971845903256443002330037134862089035058954
EVODEX.2.1-Em249,[#7](-[#6:2](-[#6:3])(-[#6:6])-[#1])(-[#1])-[#1].[#8:8]=[#8:9].[#8:7](-[#1])-[#1]>>[#6:2](=[#8:7])(-[#6:3])-[#6:6].[#8:8](-[#8:9]-[#1])-[#1],"EVODEX.2.1-P1081,EVODEX.2.1-P1087,EVODEX.2.1-P1092,EVODEX.2.1-P1094,EVODEX.2.1-P1100",35763073129130879999160092214466507481043778378619575861581448382656345464950
EVODEX.2.1-Em250,[#6:2]-[#6:3](-[#6:4])(-[#7](-[#1])-[#1])-[#1].[#8:7]=[#8:8]>>[#6:2]-[#6:3](-[#6:4])=[#8].[#8:7](-[#8:8]-[#1])-[#1],"EVODEX.2.1-P1084,EVODEX.2.1-P1090,EVODEX.2.1-P1091,EVODEX.2.1-P1097,EVODEX.2.1-P1102",112500318081458918196306294916092408410212397336620451872758362610986077377422
EVODEX.2.1-Em251,[#7:1](-[#6:2](-[#6:3])(-[#6:8])-[#1])(-[#1])-[#1].[#8:10]=[#8:11].[#8:9](-[#1])-[#1]>>[#6:2](=[#8:9])(-[#6:3])-[#6:8].[#7:1](-[#1])(-[#1])-[#1].[#8:10](-[#8:11]-[#1])-[#1],"EVODEX.2.1-P1085,EVODEX.2.1-P1093,EVODEX.2.1-P1096,EVODEX.2.1-P1099,EVODEX.2.1-P1143",15809957880348683810965099968482418810395206034891488125022014906419680773729
EVODEX.2.1-Em252,[#6:5]-[#6:8](-[#7](-[#1])-[#1])(-[#1:28])-[#1].[#8:11]=[#8:12]>>[#6:5]-[#6:8](=[#8])-[#1:28].[#8:11](-[#8:12]-[#1])-[#1],"EVODEX.2.1-P1098,EVODEX.2.1-P1151,EVODEX.2.1-P1158,EVODEX.2.1-P1161,EVODEX.2.1-P1172",14982220169204762112426481346750743544740307386713064555682009635666690553715
EVODEX.2.1-Em253,[#6:1]-[#6@@:2](-[#7:3](-[#1])-[#1])(-[#6:4](=[#8:5])-[#8:6])-[#1].[#8:8]=[#8:9].[#8:7](-[#1])-[#1]>>[#6:1]-[#6:2](-[#6:4](=[#8:5])-[#8:6])=[#8:7].[#7:3](-[#1])(-[#1])-[#1].[#8:8](-[#8:9]-[#1])-[#1],"EVODEX.2.1-P1103,EVODEX.2.1-P1108,EVODEX.2.1-P1111,EVODEX.2.1-P1123,EVODEX.2.1-P1126",10982180605539241488884470012245697102865406216178023037862439721168536947867
EVODEX.2.1-Em254,[#6:6]-[#6:7](=[#8])-[#6:9](=[#8:10])-[#8:11].[#8:12](-[#8:13]-[#1])-[#1]>>[#7](-[#6@@:7](-[#6:6])(-[#6:9](=[#8:10])-[#8:11])-[#1])(-[#1])-[#1].[#8:12]=[#8:13],"EVODEX.2.1-P1107,EVODEX.2.1-P1113,EVODEX.2.1-P1119,EVODEX.2.1-P1122,EVODEX.2.1-P1166",112271154537377491937841921824544365401224217986556773940418682469609512171416
EVODEX.2.1-Em255,[#6:6]-[#6:7](=[#8])-[#6:9](=[#8:10])-[#8:11].[#7:1](-[#1])(-[#1])-[#1].[#8:12](-[#8:13]-[#1])-[#1]>>[#7:1](-[#6@@:7](-[#6:6])(-[#6:9](=[#8:10])-[#8:11])-[#1])(-[#1])-[#1].[#8:12]=[#8:13],"EVODEX.2.1-P1116,EVODEX.2.1-P1120,EVODEX.2.1-P1121,EVODEX.2.1-P1129,EVODEX.2.1-P1131",106363893006579800433077269293759754896389293704432812489292854779973605509336
EVODEX.2.1-Em256,[#6:6]-[#6:7](=[#8])-[#1:21]>>[#7](-[#6:7](-[#6:6])(-[#1:21])-[#1])(-[#1])-[#1],"EVODEX.2.1-P1160,EVODEX.2.1-P1162,EVODEX.2.1-P1210,EVODEX.2.1-P2694,EVODEX.2.1-P2801",87334559267457328885605362491442899834043225443700203641192012271745669360384
EVODEX.2.1-Em257,[#6:1]-[#7:2](-[#6:3](-[#6:4])(-[#1:21])-[#1])-[#1].[#8:14](-[#1])-[#1]>>[#6:1]-[#7:2](-[#1])-[#1].[#6:3](-[#6:4])(=[#8:14])-[#1:21],"EVODEX.2.1-P1163,EVODEX.2.1-P1211,EVODEX.2.1-P1267,EVODEX.2.1-P1269,EVODEX.2.1-P1277",93053661074214709684281460188106814454906792754639901762596245949908511869411
EVODEX.2.1-Em258,[#6:1]-[#7:2](-[#6:3](-[#6:4])(-[#1:21])-[#1])-[#1].[#8:15]=[#8:16]>>[#6:1]-[#7:2](-[#1])-[#1].[#6:3](-[#6:4])(=[#8])-[#1:21].[#8:15](-[#8:16]-[#1])-[#1],"EVODEX.2.1-P1164,EVODEX.2.1-P1170,EVODEX.2.1-P1287,EVODEX.2.1-P1289,EVODEX.2.1-P1291",21965342753788436277900806622838003726340166656995256694516869411508589683431
EVODEX.2.1-Em259,[#6:1]-[#6:2]1:[#7:3]:[#6:4](:[#6:5](-[#6:6]):[#6:12](-[#6:13](-[#7:14](-[#6:15])-[#1])(-[#1:32])-[#1]):[#6:19]:1-[#8:20])-[#1:27].[#8:22]=[#8:23].[#8:21](-[#1])-[#1]>>[#6:1]-[#6:2]1:[#7:3]:[#6:4](:[#6:5](-[#6:6]):[#6:12](-[#6:13](=[#8:21])-[#1:32]):[#6:19]:1-[#8:20])-[#1:27].[#7:14](-[#6:15])(-[#1])-[#1].[#8:22](-[#8:23]-[#1])-[#1],"EVODEX.2.1-P1178,EVODEX.2.1-P1180,EVODEX.2.1-P1182,EVODEX.2.1-P1189,EVODEX.2.1-P1197",41139205499482095932010819440963297700828928359475419345505551171076658790030
EVODEX.2.1-Em260,[#6:1]-[#6:2]1:[#7:3]:[#6:4](:[#6:5](-[#6:6]):[#6:12](-[#6:13](-[#7:14](-[#6@@:15])-[#1])(-[#1:33])-[#1]):[#6:20]:1-[#8:21])-[#1:28].[#8:23]=[#8:24]>>[#6:1]-[#6:2]1:[#7:3]:[#6:4](:[#6:5](-[#6:6]):[#6:12](-[#6:13](=[#8])-[#1:33]):[#6:20]:1-[#8:21])-[#1:28].[#7:14](-[#6@@:15])(-[#1])-[#1].[#8:23](-[#8:24]-[#1])-[#1],"EVODEX.2.1-P1179,EVODEX.2.1-P1183,EVODEX.2.1-P1192,EVODEX.2.1-P1193,EVODEX.2.1-P1204",102676727244848623597791184528626144833170054872934056548366933620546226716141
EVODEX.2.1-Em261,[#6]-[#6]1:[#7]:[#6](:[#6](-[#6]):[#6](-[#6](-[#7:14](-[#6@@:15])-[#1])(-[#1])-[#1]):[#6]:1-[#8])-[#1]>>[#7:14](-[#6@@:15])(-[#1])-[#1],"EVODEX.2.1-P1181,EVODEX.2.1-P1187,EVODEX.2.1-P1190,EVODEX.2.1-P1195,EVODEX.2.1-P1207",44859375400321870214062864545890752618377977947613767229148119650093213008135
EVODEX.2.1-Em262,[#6]-[#6]1:[#7]:[#6](:[#6](-[#6]):[#6](-[#6](-[#7:14](-[#6:15])-[#1])(-[#1])-[#1]):[#6]:1-[#8])-[#1].[#8:25]=[#8:26]>>[#7:14](-[#6:15])(-[#1])-[#1].[#8:25](-[#8:26]-[#1])-[#1],"EVODEX.2.1-P1184,EVODEX.2.1-P1188,EVODEX.2.1-P1194,EVODEX.2.1-P1196,EVODEX.2.1-P1205",114902941230181487287146386702645772543682202249095760522854773478921221771385
EVODEX.2.1-Em263,[#6:1]-[#6:2]1:[#7:3]:[#6:4](:[#6:5](-[#6:6]):[#6:12](-[#6:13](-[#7:14](-[#6@@:15])-[#1])(-[#1:39])-[#1]):[#6:26]:1-[#8:27])-[#1:34]>>[#6:1]-[#6:2]1:[#7:3]:[#6:4](:[#6:5](-[#6:6]):[#6:12](-[#6:13](=[#8])-[#1:39]):[#6:26]:1-[#8:27])-[#1:34].[#7:14](-[#6@@:15])(-[#1])-[#1],"EVODEX.2.1-P1185,EVODEX.2.1-P1198,EVODEX.2.1-P1200,EVODEX.2.1-P1202,EVODEX.2.1-P1206",95978720728059373475610836792574547548744629288931267837795862774857896024245
EVODEX.2.1-Em264,[#6:1]-[#6:2]1:[#7:3]:[#6:4](:[#6:5](-[#6:6]):[#6:12](-[#6:13](-[#7:14](-[#6@@:15])-[#1])(-[#1:39])-[#1]):[#6:26]:1-[#8:27])-[#1:34].[#8:28](-[#1])-[#1]>>[#6:1]-[#6:2]1:[#7:3]:[#6:4](:[#6:5](-[#6:6]):[#6:12](-[#6:13](=[#8:28])-[#1:39]):[#6:26]:1-[#8:27])-[#1:34].[#7:14](-[#6@@:15])(-[#1])-[#1],"EVODEX.2.1-P1186,EVODEX.2.1-P1191,EVODEX.2.1-P1199,EVODEX.2.1-P1201,EVODEX.2.1-P1203",27831926280045431242121607662956348605214196033740731934964651134776395346535
EVODEX.2.1-Em265,[#7:19]-[#6:20](=[#8:21])-[#6:22]1=[#6:23](-[#7:24](-[#6@@:25])-[#6:60](=[#6:61](-[#6:62]-1(-[#1:94])-[#1])-[#1:93])-[#1:92])-[#1:69].[#7:15](-[#6@:14])(-[#1])-[#1]>>[#6]-[#6@](-[#6](=[#8])-[#8])(-[#7:15](-[#6@@:14])-[#1])-[#1].[#7:19]-[#6:20](=[#8:21])-[#6:22]1:[#6:23](:[#7&+:24](-[#6@@:25]):[#6:60](:[#6:61](:[#6:62]:1-[#1:94])-[#1:93])-[#1:92])-[#1:69],"EVODEX.2.1-P1212,EVODEX.2.1-P1216,EVODEX.2.1-P1223,EVODEX.2.1-P1243,EVODEX.2.1-P1249",102180179091566438602425978689836250769815211764588265254457976224660634099382
EVODEX.2.1-Em266,[#7:56](-[#6@:55])(-[#1])-[#1]>>[#6]-[#6@](-[#6](=[#8])-[#8])(-[#7:56](-[#6@@:55])-[#1])-[#1],"EVODEX.2.1-P1215,EVODEX.2.1-P1217,EVODEX.2.1-P1224,EVODEX.2.1-P1231,EVODEX.2.1-P1259",29446500782889757696007133480923327795348844919735118096124219461609585304181
EVODEX.2.1-Em267,[#6:1]-[#6:2](=[#8])-[#6:4](=[#8:5])-[#8:6].[#7:19]-[#6:20](=[#8:21])-[#6:22]1=[#6:23](-[#7:24](-[#6@@:25])-[#6:60](=[#6:61](-[#6:62]-1(-[#1:94])-[#1])-[#1:93])-[#1:92])-[#1:69].[#7:15](-[#6@:14])(-[#1])-[#1]>>[#6:1]-[#6@:2](-[#6:4](=[#8:5])-[#8:6])(-[#7:15](-[#6@@:14])-[#1])-[#1].[#7:19]-[#6:20](=[#8:21])-[#6:22]1:[#6:23](:[#7&+:24](-[#6@@:25]):[#6:60](:[#6:61](:[#6:62]:1-[#1:94])-[#1:93])-[#1:92])-[#1:69],"EVODEX.2.1-P1219,EVODEX.2.1-P1222,EVODEX.2.1-P1235,EVODEX.2.1-P1270,EVODEX.2.1-P1274",68957032375558309310803348269355785128251728018148677799534546701719118988484
EVODEX.2.1-Em268,[#6:1]-[#6:2](=[#8])-[#6:4](=[#8:5])-[#8:6].[#7:15](-[#6@:14])(-[#1])-[#1]>>[#6:1]-[#6@:2](-[#6:4](=[#8:5])-[#8:6])(-[#7:15](-[#6@@:14])-[#1])-[#1],"EVODEX.2.1-P1220,EVODEX.2.1-P1221,EVODEX.2.1-P1239,EVODEX.2.1-P1260,EVODEX.2.1-P1261",55272371965166665682667035364259660470647826304880289061930223391694655341175
EVODEX.2.1-Em269,[#6:1]-[#6@@:2](-[#7:3](-[#6@@:4])-[#1])(-[#6:13](=[#8:14])-[#8:15])-[#1].[#7:16]-[#6:17](=[#8:18])-[#6:19]1:[#6:20](:[#6:21](:[#6:22](:[#7&+:23](-[#6@@:24]):[#6:63]:1-[#1:111])-[#1:87])-[#1:86])-[#1:85]>>[#6:1]-[#6:2](-[#6:13](=[#8:14])-[#8:15])=[#8].[#7:16]-[#6:17](=[#8:18])-[#6:19]1=[#6:63](-[#7:23](-[#6@@:24])-[#6:22](=[#6:21](-[#6:20]-1(-[#1:85])-[#1])-[#1:86])-[#1:87])-[#1:111].[#7:3](-[#6@@:4])(-[#1])-[#1],"EVODEX.2.1-P1227,EVODEX.2.1-P1240,EVODEX.2.1-P1252,EVODEX.2.1-P1256,EVODEX.2.1-P1273",76655244260356081881404961934282216238227467281718897580751564018380407082493
EVODEX.2.1-Em270,[#6:1]-[#6:2](=[#8:3])-[#6:4](=[#8:5])-[#8:6].[#7:51](-[#6:52])(-[#1])-[#1]>>[#6:1]-[#6@:2](-[#6:4](=[#8:5])-[#8:6])(-[#7:51](-[#6:52])-[#1])-[#1].[#8:3](-[#1])-[#1],"EVODEX.2.1-P1234,EVODEX.2.1-P1236,EVODEX.2.1-P1237,EVODEX.2.1-P1248,EVODEX.2.1-P1258",99413894928797394827455161925644392493497471156964142051015189408053021567590
EVODEX.2.1-Em271,[#7:33]-[#6:34](=[#8:35])-[#6:36]1=[#6:37](-[#7:38](-[#6@@:39])-[#6:78](=[#6:79](-[#6:80]-1(-[#1:109])-[#1])-[#1:108])-[#1:107])-[#1:83].[#7:1](=[#6:2]1:[#7:3](:[#6:4]2:[#6:5](:[#6:6](=[#8:7]):[#7:8]:1-[#1])-[#7:9]=[#6:10](-[#6:11])-[#6:31]-[#7:32]-2)-[#1])-[#1]>>[#7:33]-[#6:34](=[#8:35])-[#6:36]1:[#6:37](:[#7&+:38](-[#6@@:39]):[#6:78](:[#6:79](:[#6:80]:1-[#1:109])-[#1:108])-[#1:107])-[#1:83].[#7:1](=[#6:2]1:[#7:3](:[#6:4]2:[#6:5](:[#6:6](=[#8:7]):[#7:8]:1-[#1])-[#7:9](-[#6@@:10](-[#6:11])(-[#6:31]-[#7:32]-2)-[#1])-[#1])-[#1])-[#1],"EVODEX.2.1-P1262,EVODEX.2.1-P1263,EVODEX.2.1-P1264,EVODEX.2.1-P1265,EVODEX.2.1-P1266",20950680364591886712390092121212778102488185143799759345044329305500203218093
EVODEX.2.1-Em272,[#6:9]-[#7:10](-[#6](=[#8])-[#1])-[#6:13]1:[#6:14](:[#6:15](:[#6:16](-[#6:17](=[#8:18])-[#7:19]):[#6:56](:[#6:57]:1-[#1:178])-[#1:177])-[#1:147])-[#1:146]>>[#6:9]-[#7:10](-[#6:13]1:[#6:14](:[#6:15](:[#6:16](-[#6:17](=[#8:18])-[#7:19]):[#6:56](:[#6:57]:1-[#1:178])-[#1:177])-[#1:147])-[#1:146])-[#1],"EVODEX.2.1-P1272,EVODEX.2.1-P1458,EVODEX.2.1-P1459,EVODEX.2.1-P1462,EVODEX.2.1-P1463",49002102582588348242006013549363522210083252639729821024136926241908842053688
EVODEX.2.1-Em273,[#6:1](-[#7:2](-[#6:3])-[#1])(-[#1:10])(-[#1:11])-[#1].[#8:8]=[#8:9]>>[#6:1](=[#8])(-[#1:10])-[#1:11].[#7:2](-[#6:3])(-[#1])-[#1].[#8:8](-[#8:9]-[#1])-[#1],"EVODEX.2.1-P1275,EVODEX.2.1-P1278,EVODEX.2.1-P1285,EVODEX.2.1-P1304,EVODEX.2.1-P1308",16228608327529929992655634292949386359572466965143037721316964147432807426684
EVODEX.2.1-Em274,[#6](-[#7:2](-[#6:3])-[#1])(-[#1])(-[#1])-[#1]>>[#7:2](-[#6:3])(-[#1])-[#1],"EVODEX.2.1-P1276,EVODEX.2.1-P1295,EVODEX.2.1-P1298,EVODEX.2.1-P1305,EVODEX.2.1-P1378",69098608650157158773719731517364651169142823736018675901417447786624176502539
EVODEX.2.1-Em275,[#6](-[#7:2](-[#6@@:3])-[#1])(-[#1])(-[#1])-[#1].[#8:9]=[#8:10]>>[#7:2](-[#6@@:3])(-[#1])-[#1].[#8:9](-[#8:10]-[#1])-[#1],"EVODEX.2.1-P1279,EVODEX.2.1-P1283,EVODEX.2.1-P1294,EVODEX.2.1-P1302,EVODEX.2.1-P1309",102043069938664559371176539249504483013277355665756001111755714275448382745065
EVODEX.2.1-Em276,[#7:5](-[#6@:4])(-[#1])-[#1]>>[#6](-[#7:5](-[#6@@:4])-[#1])(-[#1])(-[#1])-[#1],"EVODEX.2.1-P1280,EVODEX.2.1-P1346,EVODEX.2.1-P1377,EVODEX.2.1-P1389,EVODEX.2.1-P1398",11749754539410886952970647985306150441840744004405444223846398708142507732677
EVODEX.2.1-Em277,[#6:1](-[#7:2](-[#6@@:3])-[#1])(-[#1:14])(-[#1:15])-[#1].[#8:12]=[#8:13].[#8:11](-[#1])-[#1]>>[#6:1](=[#8:11])(-[#1:14])-[#1:15].[#7:2](-[#6@@:3])(-[#1])-[#1].[#8:12](-[#8:13]-[#1])-[#1],"EVODEX.2.1-P1281,EVODEX.2.1-P1293,EVODEX.2.1-P1299,EVODEX.2.1-P1306,EVODEX.2.1-P1311",37367144477168484891855747987293328746337930216484376062659824197199482436816
EVODEX.2.1-Em278,[#6:1](-[#7:2](-[#6@@:3])-[#1])(-[#1:14])(-[#1:15])-[#1].[#8:11](-[#1])-[#1]>>[#6:1](=[#8:11])(-[#1:14])-[#1:15].[#7:2](-[#6@@:3])(-[#1])-[#1],"EVODEX.2.1-P1282,EVODEX.2.1-P1284,EVODEX.2.1-P1297,EVODEX.2.1-P1301,EVODEX.2.1-P1303",111878707719762780573053370008132050577936410111737078126110530897349977293757
EVODEX.2.1-Em279,[#6:12]-[#7:13](-[#6:14](-[#6:15])(-[#1:44])-[#1])-[#1].[#8:22]=[#8:23].[#8:21](-[#1])-[#1]>>[#6:12]-[#7:13](-[#1])-[#1].[#6:14](-[#6:15])(=[#8:21])-[#1:44].[#8:22](-[#8:23]-[#1])-[#1],"EVODEX.2.1-P1286,EVODEX.2.1-P1288,EVODEX.2.1-P1290,EVODEX.2.1-P1292,EVODEX.2.1-P1313",93761251401928255132364933484035966303055529695659327363315131641221345787953
EVODEX.2.1-Em282,[#6:47]-[#16:48]-[#16:49]-[#6:50]>>[#6:47]-[#16:48]-[#1].[#16:49](-[#6:50])-[#1],"EVODEX.2.1-P1322,EVODEX.2.1-P1324,EVODEX.2.1-P1329,EVODEX.2.1-P1330,EVODEX.2.1-P1331",252982795141860807456405692478670868489497510985006949944588841346049869454
EVODEX.2.1-Em283,[#6:6]-[#16:7]-[#16:8]-[#6:9].[#7:65]-[#6:66](=[#8:67])-[#6:68]1=[#6:69](-[#7:70](-[#6@@:71])-[#6:110](=[#6:111](-[#6:112]-1(-[#1:199])-[#1])-[#1:198])-[#1:197])-[#1:173]>>[#6:6]-[#16:7]-[#1].[#7:65]-[#6:66](=[#8:67])-[#6:68]1:[#6:69](:[#7&+:70](-[#6@@:71]):[#6:110](:[#6:111](:[#6:112]:1-[#1:199])-[#1:198])-[#1:197])-[#1:173].[#16:8](-[#6:9])-[#1],"EVODEX.2.1-P1323,EVODEX.2.1-P1325,EVODEX.2.1-P1326,EVODEX.2.1-P1327,EVODEX.2.1-P1328",97492331779211434404632571285632544385737825348695670151618537355265811400621
EVODEX.2.1-Em284,[#6](-[#16&+:2](-[#6:3])-[#6:10])(-[#1])(-[#1])-[#1]>>[#16:2](-[#6:3])-[#6:10],"EVODEX.2.1-P1332,EVODEX.2.1-P1393,EVODEX.2.1-P1394,EVODEX.2.1-P1407,EVODEX.2.1-P1452",33322233096333202668436166373782915996459771452581859563166091790701019031564
EVODEX.2.1-Em286,[#6:30]-[#16:31]-[#1]>>[#6](-[#16:31]-[#6:30])(-[#1])(-[#1])-[#1],"EVODEX.2.1-P1334,EVODEX.2.1-P1413,EVODEX.2.1-P1443,EVODEX.2.1-P1446,EVODEX.2.1-P1450",12027058843288345130727543315306357426357243816137529399245762060422195204056
EVODEX.2.1-Em287,[#6:17]-[#6:18](=[#8:19])-[#8:20]-[#1].[#6:21](-[#16&+:22](-[#6:23])-[#6:30])(-[#1:76])(-[#1:77])-[#1:78]>>[#6:17]-[#6:18](=[#8:19])-[#8:20]-[#6:21](-[#1:76])(-[#1:77])-[#1:78].[#16:22](-[#6:23])-[#6:30],"EVODEX.2.1-P1335,EVODEX.2.1-P1337,EVODEX.2.1-P1338,EVODEX.2.1-P1342,EVODEX.2.1-P1396",8401778865767778862345546035674463847125761194030645831320780875394625048234
EVODEX.2.1-Em288,[#6:25](-[#6@:18])(=[#8:26])-[#8:27]-[#1]>>[#6:25](-[#6@:18])(=[#8:26])-[#8:27]-[#6](-[#1])(-[#1])-[#1],"EVODEX.2.1-P1336,EVODEX.2.1-P1340,EVODEX.2.1-P1343,EVODEX.2.1-P1344,EVODEX.2.1-P3613",22365088026810847890831494870416300979868640097971067118453934669410548525785
EVODEX.2.1-Em289,[#6:60](-[#6@:13])(=[#8:61])-[#8:62]-[#1].[#6:63](-[#16&+](-[#6])-[#6])(-[#1:166])(-[#1:167])-[#1:168]>>[#6:60](-[#6@:13])(=[#8:61])-[#8:62]-[#6:63](-[#1:166])(-[#1:167])-[#1:168],"EVODEX.2.1-P1339,EVODEX.2.1-P1341,EVODEX.2.1-P1345,EVODEX.2.1-P1375,EVODEX.2.1-P1405",69965208286416090382104546257947565798502679295239624786692282577159331266137
EVODEX.2.1-Em290,[#6:1](-[#16&+](-[#6])-[#6])(-[#1:68])(-[#1:69])-[#1:70].[#8:67](-[#6@@:66])-[#1]>>[#6:1](-[#8:67]-[#6@@:66])(-[#1:68])(-[#1:69])-[#1:70],"EVODEX.2.1-P1347,EVODEX.2.1-P1381,EVODEX.2.1-P1385,EVODEX.2.1-P1410,EVODEX.2.1-P1411",14504510765769325066654184577566599252859276197628775448394087763660051700414
EVODEX.2.1-Em291,[#7:9](-[#6@@:8])(-[#6:10])-[#1]>>[#7:9](-[#6@@:8])(-[#6](-[#1])(-[#1])-[#1])-[#6:10],"EVODEX.2.1-P1348,EVODEX.2.1-P1367,EVODEX.2.1-P1401,EVODEX.2.1-P1432,EVODEX.2.1-P1434",6039622031122019727818100527951922280023081385522120666134168921725845592907
EVODEX.2.1-Em292,[#7:19](-[#6@:10])(-[#6:20])-[#1].[#6:22](-[#16&+:23](-[#6:24])-[#6:31])(-[#1:68])(-[#1:69])-[#1:70]>>[#7:19](-[#6@:10])(-[#6:22](-[#1:68])(-[#1:69])-[#1:70])-[#6:20].[#16:23](-[#6:24])-[#6:31],"EVODEX.2.1-P1349,EVODEX.2.1-P1364,EVODEX.2.1-P1366,EVODEX.2.1-P1433,EVODEX.2.1-P1435",23083909457987625475166292175849075712347410069125073021612669562391416455778
EVODEX.2.1-Em293,[#7:19](-[#6@:10])(-[#6:20])-[#1].[#6:22](-[#16&+](-[#6])-[#6])(-[#1:68])(-[#1:69])-[#1:70]>>[#7:19](-[#6@:10])(-[#6:22](-[#1:68])(-[#1:69])-[#1:70])-[#6:20],"EVODEX.2.1-P1350,EVODEX.2.1-P1365,EVODEX.2.1-P1383,EVODEX.2.1-P1408,EVODEX.2.1-P1431",83311992360345544536003523031769704074122501207506226944489575664431357512509
EVODEX.2.1-Em294,[#6:38]-[#16:39]-[#6:40]>>[#6](-[#16&+:39](-[#6:38])-[#6:40])(-[#1])(-[#1])-[#1],"EVODEX.2.1-P1351,EVODEX.2.1-P1395,EVODEX.2.1-P1453,EVODEX.2.1-P1454,EVODEX.2.1-P1455",26857882265751741215848642272549678594463475957055505290184681869813696061569
EVODEX.2.1-Em295,[#8:2]-[#6:3]1:[#6:4](:[#6:5](:[#6:6](:[#6:7](:[#6:8]:1-[#8:9]-[#1])-[#1:57])-[#6@@:10])-[#6:25])-[#1:56].[#6:26](-[#16&+:27](-[#6:28])-[#6:35])(-[#1:76])(-[#1:77])-[#1:78]>>[#8:2]-[#6:3]1:[#6:4](:[#6:5](:[#6:6](:[#6:7](:[#6:8]:1-[#8:9]-[#6:26](-[#1:76])(-[#1:77])-[#1:78])-[#1:57])-[#6@@:10])-[#6:25])-[#1:56].[#16:27](-[#6:28])-[#6:35],"EVODEX.2.1-P1352,EVODEX.2.1-P1355,EVODEX.2.1-P1360,EVODEX.2.1-P1362,EVODEX.2.1-P1439",43391107387210796219912697702922698142144600748103410367090916331828216277001
EVODEX.2.1-Em296,[#8:2]-[#6:3]1:[#6:4](:[#6:5](:[#6:6](:[#6:7](:[#6:8]:1-[#8:9]-[#1])-[#1:57])-[#6@@:10])-[#6:25])-[#1:56]>>[#8:2]-[#6:3]1:[#6:4](:[#6:5](:[#6:6](:[#6:7](:[#6:8]:1-[#8:9]-[#6](-[#1])(-[#1])-[#1])-[#1:57])-[#6@@:10])-[#6:25])-[#1:56],"EVODEX.2.1-P1353,EVODEX.2.1-P1357,EVODEX.2.1-P1359,EVODEX.2.1-P1361,EVODEX.2.1-P1438",56763613462924896916441333558595630063744166238998347799652951597799588721030
EVODEX.2.1-Em297,[#6:1](-[#16&+](-[#6])-[#6])(-[#1:38])(-[#1:39])-[#1:40].[#7:34](-[#6@:33])(-[#1])-[#1]>>[#6:1](-[#7:34](-[#6@@:33])-[#1])(-[#1:38])(-[#1:39])-[#1:40],"EVODEX.2.1-P1354,EVODEX.2.1-P1397,EVODEX.2.1-P1400,EVODEX.2.1-P1415,EVODEX.2.1-P1420",59066008678245277213705007728546303565209055272697155644206231156389343441607
EVODEX.2.1-Em298,[#6:1](-[#16&+](-[#6])-[#6])(-[#1:49])(-[#1:50])-[#1:51].[#6:37]-[#6:38]1:[#6:39](:[#6:40](-[#8:41]-[#1]):[#6:42](-[#8:43]):[#6:44](:[#6:45]:1-[#6@@:34])-[#1:86])-[#1:83]>>[#6:1](-[#8:41]-[#6:40]1:[#6:39](:[#6:38](:[#6:45](:[#6:44](:[#6:42]:1-[#8:43])-[#1:86])-[#6@:34])-[#6:37])-[#1:83])(-[#1:49])(-[#1:50])-[#1:51],"EVODEX.2.1-P1356,EVODEX.2.1-P1358,EVODEX.2.1-P1406,EVODEX.2.1-P1440,EVODEX.2.1-P1442",100081614764211797266100677139595638025276171311875746516763194923909999899100
EVODEX.2.1-Em299,[#8:10](-[#6@@:9])-[#1].[#6:35](-[#16&+:36](-[#6:37])-[#6:44])(-[#1:86])(-[#1:87])-[#1:88]>>[#8:10](-[#6@@:9])-[#6:35](-[#1:86])(-[#1:87])-[#1:88].[#16:36](-[#6:37])-[#6:44],"EVODEX.2.1-P1363,EVODEX.2.1-P1384,EVODEX.2.1-P1404,EVODEX.2.1-P1409,EVODEX.2.1-P1417",24563271286313887360187550423730611937223701641265160768093960603662640800794
EVODEX.2.1-Em300,[#6:1]-[#6:2](-[#6:3])=[#6:4](-[#6:5])-[#1].[#6:32](-[#16&+:33](-[#6:34])-[#6:41])(-[#1:109])(-[#1:110])-[#1]>>[#6:1]-[#6:2](-[#6:3])(-[#6:4](-[#6:5])=[#6:32](-[#1:109])-[#1:110])-[#1].[#16:33](-[#6:34])-[#6:41],"EVODEX.2.1-P1368,EVODEX.2.1-P1371,EVODEX.2.1-P1373,EVODEX.2.1-P1392,EVODEX.2.1-P1418",73833722941236016025477463217099755223065774282617003745336239567329276214585
EVODEX.2.1-Em301,[#6:1]-[#6:2](-[#6:3])=[#6:4](-[#6:5])-[#1].[#6:32](-[#16&+](-[#6])-[#6])(-[#1:109])(-[#1:110])-[#1]>>[#6:1]-[#6:2](-[#6:3])(-[#6:4](-[#6:5])=[#6:32](-[#1:109])-[#1:110])-[#1],"EVODEX.2.1-P1369,EVODEX.2.1-P1370,EVODEX.2.1-P1372,EVODEX.2.1-P1387,EVODEX.2.1-P1419",27758365475848669568958405224084348093733585583775368494584707547094511553838
EVODEX.2.1-Em302,[#6:2]/[#6:3](-[#6:4])=[#6:5](/[#6:6])-[#1]>>[#6:2]-[#6:3](-[#6:4])(-[#6:5](-[#6:6])=[#6](-[#1])-[#1])-[#1],"EVODEX.2.1-P1374,EVODEX.2.1-P1386,EVODEX.2.1-P1388,EVODEX.2.1-P1390,EVODEX.2.1-P1391",105320275561763685430019571576206186352776024733547849638958086770645365208532
EVODEX.2.1-Em303,[#6:1](-[#16&+:2](-[#6:3])-[#6:10])(-[#1:33])(-[#1:34])-[#1:35].[#7:28](-[#6:29])(-[#1])-[#1]>>[#6:1](-[#7:28](-[#6:29])-[#1])(-[#1:33])(-[#1:34])-[#1:35].[#16:2](-[#6:3])-[#6:10],"EVODEX.2.1-P1376,EVODEX.2.1-P1399,EVODEX.2.1-P1402,EVODEX.2.1-P1414,EVODEX.2.1-P1436",86286716206522349876395649273233179955898718293792366919481381324257680162422
EVODEX.2.1-Em304,[#6:2]-[#6:3](-[#7](-[#1])-[#1])(-[#1:20])-[#1:21].[#7:5](-[#6@@:6])(-[#1])-[#1]>>[#6:2]-[#6:3](-[#7:5](-[#6@@:6])-[#1])(-[#1:20])-[#1:21],"EVODEX.2.1-P1379,EVODEX.2.1-P1380,EVODEX.2.1-P1886,EVODEX.2.1-P2281,EVODEX.2.1-P2286",83348530488465835901031409911859713721490844616626724632866436418579774700768
EVODEX.2.1-Em305,[#6:38]-[#8:41]-[#1]>>[#6:38]-[#8:41]-[#6](-[#1])(-[#1])-[#1],"EVODEX.2.1-P1382,EVODEX.2.1-P1416,EVODEX.2.1-P1437,EVODEX.2.1-P2024,EVODEX.2.1-P2129",7487319707321849381415161596346416305135968914730396545450423338596141580632
EVODEX.2.1-Em306,[#7:1]-[#6:2]1:[#7:3]:[#6:4]2:[#6:5](:[#6:6](=[#8:7]):[#7:8]:1-[#1])-[#7:9]1-[#6:10](-[#7:11](-[#6:12]3:[#6:13](:[#6:14](:[#6:15](-[#6:16](=[#8:17])-[#7:18]):[#6:28](:[#6:29]:3-[#1:70])-[#1:69])-[#1:60])-[#1:59])-[#6:30]-[#6@:31]-1(-[#6:32]-[#7:33]-2)-[#1])(-[#1:57])-[#1:58].[#8:34]=[#6:35]1:[#6:36](:[#6:37](:[#7:38](-[#6@:39]):[#6:51](=[#8:52]):[#7:53]:1-[#1])-[#1:78])-[#1]>>[#6:10](-[#6:36]1:[#6:35](=[#8:34]):[#7:53](:[#6:51](=[#8:52]):[#7:38](-[#6@:39]):[#6:37]:1-[#1:78])-[#1])(-[#1:57])(-[#1:58])-[#1].[#7:1]-[#6:2]1:[#7:3]:[#6:4]2:[#6:5](:[#6:6](=[#8:7]):[#7:8]:1-[#1])-[#7:9]=[#6:31](-[#6:30]-[#7:11](-[#6:12]1:[#6:13](:[#6:14](:[#6:15](-[#6:16](=[#8:17])-[#7:18]):[#6:28](:[#6:29]:1-[#1:70])-[#1:69])-[#1:60])-[#1:59])-[#1])-[#6:32]-[#7:33]-2,"EVODEX.2.1-P1421,EVODEX.2.1-P1422,EVODEX.2.1-P1423,EVODEX.2.1-P1426,EVODEX.2.1-P1427",55270699932303869145150229357418811069820102918513746817693157822086126174701
EVODEX.2.1-Em307,[#6:1](-[#6:2]1:[#6:3](:[#7:4](-[#6@:5]):[#6:17](=[#8:18]):[#7:19](:[#6:20]:1=[#8:21])-[#1])-[#1:93])(-[#1:90])(-[#1:91])-[#1].[#7:22]-[#6:23]1:[#7:24]:[#6:25]2:[#6:26](:[#6:27](=[#8:28]):[#7:29]:1-[#1])-[#7:30]=[#6:31](-[#6:32]-[#7:33](-[#6:34]1:[#6:35](:[#6:36](:[#6:37](-[#6:38](=[#8:39])-[#7:40]):[#6:86](:[#6:87]:1-[#1:150])-[#1:149])-[#1:112])-[#1:111])-[#1])-[#6:88]-[#7:89]-2>>[#6:1]1(-[#7:30]2-[#6:26]3:[#6:25](:[#7:24]:[#6:23](-[#7:22]):[#7:29](:[#6:27]:3=[#8:28])-[#1])-[#7:89]-[#6:88]-[#6@@:31]-2(-[#6:32]-[#7:33]-1-[#6:34]1:[#6:35](:[#6:36](:[#6:37](-[#6:38](=[#8:39])-[#7:40]):[#6:86](:[#6:87]:1-[#1:150])-[#1:149])-[#1:112])-[#1:111])-[#1])(-[#1:90])-[#1:91].[#6:2]1(:[#6:3](:[#7:4](-[#6@:5]):[#6:17](=[#8:18]):[#7:19](:[#6:20]:1=[#8:21])-[#1])-[#1:93])-[#1],"EVODEX.2.1-P1424,EVODEX.2.1-P1425,EVODEX.2.1-P1428,EVODEX.2.1-P1429,EVODEX.2.1-P1430",55010862637051478396238691872233275850772524390705372358976064246366323864300
EVODEX.2.1-Em308,[#7:35](-[#6@:36])(-[#1])-[#1]>>[#6](=[#8])(-[#7:35](-[#6@:36])-[#1])-[#1],"EVODEX.2.1-P1456,EVODEX.2.1-P1457,EVODEX.2.1-P1461,EVODEX.2.1-P5632,EVODEX.2.1-P5633",90734177525964463974616539959198827979858140209780222422475977779960910770674
EVODEX.2.1-Em309,[#8:47](-[#6@@:46])-[#1].[#8:78](-[#6@@:77])-[#15:79](=[#8:80])(-[#8:81])-[#8:82]>>[#8:47](-[#6@@:46])-[#15:79](=[#8:80])(-[#8:81])-[#8:82].[#8:78](-[#6@@:77])-[#1],"EVODEX.2.1-P1464,EVODEX.2.1-P1649,EVODEX.2.1-P3003,EVODEX.2.1-P3013,EVODEX.2.1-P3027",104934643399156969260271886022841864876420745687383274084897482880641581210118
EVODEX.2.1-Em310,[#6:8]-[#7:9](-[#1])-[#1].[#7:13]-[#6:14](=[#8:15])-[#8:16]-[#15:17](=[#8:18])(-[#8:19])-[#8:20]>>[#6:8]-[#7:9](-[#6:14](-[#7:13])=[#8:15])-[#1].[#8:16](-[#15:17](=[#8:18])(-[#8:19])-[#8:20])-[#1],"EVODEX.2.1-P1465,EVODEX.2.1-P1471,EVODEX.2.1-P1474,EVODEX.2.1-P1476,EVODEX.2.1-P1479",41573622580178150143490277448901824833058085012232947137730113987588811271293
EVODEX.2.1-Em311,[#6:8]-[#7:9](-[#1])-[#1].[#7:13]-[#6:14](=[#8:15])-[#8]-[#15](=[#8])(-[#8])-[#8]>>[#6:8]-[#7:9](-[#6:14](-[#7:13])=[#8:15])-[#1],"EVODEX.2.1-P1466,EVODEX.2.1-P1467,EVODEX.2.1-P1472,EVODEX.2.1-P1475,EVODEX.2.1-P1480",85742904798637488685479534671435450933607119301840328407917234799289876265069
EVODEX.2.1-Em312,[#7:9](-[#6:10])(-[#1])-[#1]>>[#7]-[#6](=[#8])-[#7:9](-[#6:10])-[#1],"EVODEX.2.1-P1468,EVODEX.2.1-P1470,EVODEX.2.1-P1473,EVODEX.2.1-P1477,EVODEX.2.1-P1478",18989158729408560754191426200884028045681331001895824241215952316379815540114
EVODEX.2.1-Em313,[#7]-[#6](=[#8])-[#7:4](-[#6:5])-[#1]>>[#7:4](-[#6:5])(-[#1])-[#1],"EVODEX.2.1-P1469,EVODEX.2.1-P5576,EVODEX.2.1-P5585,EVODEX.2.1-P5620,EVODEX.2.1-P5760",78351838536406200502538460798440271884212724607906660838467153696662014202741
EVODEX.2.1-Em314,[#7:13](-[#6:14])(-[#1])-[#1].[#7:1](=[#6:2](-[#7:3])-[#7:4](-[#6:5])-[#1])-[#1]>>[#7:4](-[#6:5])(-[#1])-[#1].[#7:1](=[#6:2](-[#7:3])-[#7:13](-[#6:14])-[#1])-[#1],"EVODEX.2.1-P1481,EVODEX.2.1-P1483,EVODEX.2.1-P1486,EVODEX.2.1-P1489,EVODEX.2.1-P1490",30826825438350027371166068901523902586281949433787522583240722103137494887022
EVODEX.2.1-Em315,[#7](=[#6](-[#7])-[#7:4](-[#6:5])-[#1])-[#1]>>[#7:4](-[#6:5])(-[#1])-[#1],"EVODEX.2.1-P1482,EVODEX.2.1-P4853,EVODEX.2.1-P4975,EVODEX.2.1-P5756,EVODEX.2.1-P5759",82952730738992680130187672692497590162588156675751517342261552497947591610049
EVODEX.2.1-Em316,[#7:13](-[#6:14])(-[#1])-[#1]>>[#7](=[#6](-[#7])-[#7:13](-[#6:14])-[#1])-[#1],"EVODEX.2.1-P1484,EVODEX.2.1-P1485,EVODEX.2.1-P1487,EVODEX.2.1-P1488,EVODEX.2.1-P5098",33019492467120225969246801888175038299408521418833479286666042865075991812204
EVODEX.2.1-Em317,[#8:15]=[#6:16](-[#6@:17])-[#1:29].[#8:1]=[#6:2](-[#6:3])-[#6@@](-[#8])(-[#6@])-[#1]>>[#8:1]=[#6:2](-[#6:3])-[#6@@:16](-[#8:15]-[#1])(-[#6@:17])-[#1:29],"EVODEX.2.1-P1491,EVODEX.2.1-P1505,EVODEX.2.1-P1506,EVODEX.2.1-P1507,EVODEX.2.1-P1508",37138989364073186293137766519596677357856846991136605828487188997544181491964
EVODEX.2.1-Em318,[#8:1]=[#6:2](-[#8:3]-[#1])-[#6:4](=[#8:5])-[#6:6].[#8:8]=[#6:9](-[#6:10])-[#1:21]>>[#6:4](=[#8:5])(-[#6:6])-[#6@@:9](-[#8:8]-[#1])(-[#6:10])-[#1:21].[#8:1]=[#6:2]=[#8:3],"EVODEX.2.1-P1492,EVODEX.2.1-P1498,EVODEX.2.1-P1499,EVODEX.2.1-P1501,EVODEX.2.1-P1517",51776565900209690792307580167458043004686620144843744482590811385776545190725
EVODEX.2.1-Em319,[#8]=[#6](-[#8])-[#6:4](=[#8:5])-[#6:6].[#8:8]=[#6:9](-[#6:10])-[#1:21]>>[#6:4](=[#8:5])(-[#6:6])-[#6@@:9](-[#8:8]-[#1])(-[#6:10])-[#1:21],"EVODEX.2.1-P1493,EVODEX.2.1-P1496,EVODEX.2.1-P1510,EVODEX.2.1-P1513,EVODEX.2.1-P1518",13458408625803938746375655257793559868925501486668120655969360521853461500962
EVODEX.2.1-Em321,[#6:2]-[#6:4](=[#8:5])-[#6](=[#8])-[#8]>>[#6:2]-[#6:4](=[#8:5])-[#1],"EVODEX.2.1-P1511,EVODEX.2.1-P5908,EVODEX.2.1-P5916,EVODEX.2.1-P5919,EVODEX.2.1-P5950",46617232570627386861289209973965239262620167174808892370802348545335970139613
EVODEX.2.1-Em322,[#6:2]-[#6:4](=[#8:5])-[#6:6](=[#8:7])-[#8:8]-[#1]>>[#6:6](=[#8:7])=[#8:8].[#6:2]-[#6:4](=[#8:5])-[#1],"EVODEX.2.1-P1512,EVODEX.2.1-P5909,EVODEX.2.1-P5917,EVODEX.2.1-P5920,EVODEX.2.1-P5923",95305312180509765870931046288729002907539878653721926449013040149728960033326
EVODEX.2.1-Em323,[#8:9]=[#6:10](-[#6:11])-[#1:22]>>[#7]-[#6@](-[#6](=[#8])-[#8])(-[#6@:10](-[#8:9]-[#1])(-[#6:11])-[#1:22])-[#1],"EVODEX.2.1-P1514,EVODEX.2.1-P1515,EVODEX.2.1-P1516,EVODEX.2.1-P6026,EVODEX.2.1-P6058",45442958484112223093048741169948298640523868795920239568892840759869623042315
EVODEX.2.1-Em325,[#8:2]-[#6:3]1:[#6:4](:[#6:5](/[#6:6](=[#6:7](/[#6:8](=[#8:9])-[#16:10]-[#6:11])-[#1:75])-[#1:74]):[#6:58](:[#6:59](:[#6:60]:1-[#8:61])-[#1:112])-[#1:111])-[#1:73].[#6:65]-[#8:66]-[#1]>>[#8:2]-[#6:3]1:[#6:4](:[#6:5](/[#6:6](=[#6:7](/[#6:8](=[#8:9])-[#8:66]-[#6:65])-[#1:75])-[#1:74]):[#6:58](:[#6:59](:[#6:60]:1-[#8:61])-[#1:112])-[#1:111])-[#1:73].[#16:10](-[#6:11])-[#1],"EVODEX.2.1-P1520,EVODEX.2.1-P1561,EVODEX.2.1-P1564,EVODEX.2.1-P1581,EVODEX.2.1-P1654",48298695665849274428540710645171952624613011378713469017743889579644222315805
EVODEX.2.1-Em327,[#6:47]-[#16:48]-[#1].[#8:77](-[#6@@:76])-[#6:78](-[#6:79])=[#8:80]>>[#6:47]-[#16:48]-[#6:78](-[#6:79])=[#8:80].[#8:77](-[#6@@:76])-[#1],"EVODEX.2.1-P1523,EVODEX.2.1-P1585,EVODEX.2.1-P1691,EVODEX.2.1-P1715,EVODEX.2.1-P1722",40240897339127859080234344300017056800457985999958936917722817158671123176001
EVODEX.2.1-Em328,[#6:47]-[#16:48]-[#6:49](=[#8:50])-[#6:51].[#7:65](-[#6@:64])(-[#1])-[#1]>>[#6:49](=[#8:50])(-[#6:51])-[#7:65](-[#6@@:64])-[#1].[#6:47]-[#16:48]-[#1],"EVODEX.2.1-P1524,EVODEX.2.1-P1608,EVODEX.2.1-P1774,EVODEX.2.1-P1776,EVODEX.2.1-P1841",25439903088884650670672343047798953545063452462813442286757298586723272331813
EVODEX.2.1-Em330,[#6:47]-[#16:48]-[#6:49](=[#8:50])/[#6:51](=[#6:52](/[#6:53]1:[#6:54](:[#6:55](:[#6:56](-[#8:57]):[#6:58](-[#8:59]):[#6:60]:1-[#1:112])-[#1:109])-[#1:108])-[#1:107])-[#1:106].[#7:61](-[#6:62])(-[#1])-[#1]>>[#6:49](=[#8:50])(/[#6:51](=[#6:52](/[#6:53]1:[#6:54](:[#6:55](:[#6:56](-[#8:57]):[#6:58](-[#8:59]):[#6:60]:1-[#1:112])-[#1:109])-[#1:108])-[#1:107])-[#1:106])-[#7:61](-[#6:62])-[#1].[#6:47]-[#16:48]-[#1],"EVODEX.2.1-P1526,EVODEX.2.1-P1530,EVODEX.2.1-P1531,EVODEX.2.1-P1570,EVODEX.2.1-P1572",5259216172738251936436031988528460756643979243698225897159613651587915705810
EVODEX.2.1-Em331,[#8:2]-[#6:3]1:[#6:4](:[#6:5](/[#6:6](=[#6:7](/[#6:8](=[#8:9])-[#16]-[#6])-[#1:78])-[#1:77]):[#6:58](:[#6:59](:[#6:60]:1-[#8:61])-[#1:115])-[#1:114])-[#1:76].[#7:62](-[#6:63])(-[#1])-[#1]>>[#8:2]-[#6:3]1:[#6:4](:[#6:5](/[#6:6](=[#6:7](/[#6:8](=[#8:9])-[#7:62](-[#6:63])-[#1])-[#1:78])-[#1:77]):[#6:58](:[#6:59](:[#6:60]:1-[#8:61])-[#1:115])-[#1:114])-[#1:76],"EVODEX.2.1-P1528,EVODEX.2.1-P1533,EVODEX.2.1-P1534,EVODEX.2.1-P1573,EVODEX.2.1-P1575",90189833935751948273542186721702880879364800613916463323320787179952815206470
EVODEX.2.1-Em333,[#6]-[#16]-[#6:49](=[#8:50])-[#6:51].[#7:56](-[#6:57])(-[#1])-[#1]>>[#6:49](=[#8:50])(-[#6:51])-[#7:56](-[#6:57])-[#1],"EVODEX.2.1-P1539,EVODEX.2.1-P1770,EVODEX.2.1-P1775,EVODEX.2.1-P1787,EVODEX.2.1-P1864",99468790388926551949575538329210161607862721575144642041797744870844663411601
EVODEX.2.1-Em334,[#6:2]-[#6:3](=[#8:4])-[#16]-[#6].[#7:65]-[#8:66]-[#1]>>[#6:2]-[#6:3](=[#8:4])-[#8:66]-[#7:65],"EVODEX.2.1-P1540,EVODEX.2.1-P1543,EVODEX.2.1-P1546,EVODEX.2.1-P1548,EVODEX.2.1-P1549",40905259464831948309559767706960947723083656993909568999560834815587053914867
EVODEX.2.1-Em335,[#6:47]-[#16:48]-[#6:49](=[#8:50])-[#6:51].[#7:67]-[#8:68]-[#1]>>[#6:49](=[#8:50])(-[#6:51])-[#8:68]-[#7:67].[#6:47]-[#16:48]-[#1],"EVODEX.2.1-P1541,EVODEX.2.1-P1542,EVODEX.2.1-P1544,EVODEX.2.1-P1545,EVODEX.2.1-P1547",70320696516817096551805331329783942580810154226147365980611119034580856702906
EVODEX.2.1-Em336,[#6:62]-[#16:63]-[#1].[#6:1]-[#6:2](=[#8:3])-[#16:4]-[#6:5]>>[#6:1]-[#6:2](=[#8:3])-[#16:63]-[#6:62].[#16:4](-[#6:5])-[#1],"EVODEX.2.1-P1550,EVODEX.2.1-P1621,EVODEX.2.1-P1703,EVODEX.2.1-P1779,EVODEX.2.1-P1790",19611295887699835791012557402198313561163125869515581903166471337320872407320
EVODEX.2.1-Em337,[#6:28]-[#6:60](=[#8:61])-[#8:62]-[#6:63].[#6:155]-[#8:156]-[#1]>>[#6:28]-[#6:60](=[#8:61])-[#8:156]-[#6:155].[#8:62](-[#6:63])-[#1],"EVODEX.2.1-P1551,EVODEX.2.1-P1611,EVODEX.2.1-P1612,EVODEX.2.1-P2021,EVODEX.2.1-P4580",13506241152826062860281417544279515341355476392516613389020723309562219528311
EVODEX.2.1-Em338,[#8:2]-[#6:3]1:[#6:4](:[#6:5](/[#6:6](=[#6:7](/[#6:8](=[#8:9])-[#16]-[#6])-[#1:80])-[#1:79]):[#6:58](:[#6:59](:[#6:60]:1-[#8:61])-[#1:117])-[#1:116])-[#1:78].[#6:70]-[#8:71]-[#1]>>[#8:2]-[#6:3]1:[#6:4](:[#6:5](/[#6:6](=[#6:7](/[#6:8](=[#8:9])-[#8:71]-[#6:70])-[#1:80])-[#1:79]):[#6:58](:[#6:59](:[#6:60]:1-[#8:61])-[#1:117])-[#1:116])-[#1:78],"EVODEX.2.1-P1552,EVODEX.2.1-P1583,EVODEX.2.1-P1650,EVODEX.2.1-P1695,EVODEX.2.1-P1697",78461089381211019951640342443683944100245625479229589588250666200914705987851
EVODEX.2.1-Em340,[#6:61]-[#7:62](-[#1])-[#1]>>[#6](=[#8])(-[#6]1:[#6](:[#6](:[#6](:[#6](:[#6]:1-[#1])-[#1])-[#1])-[#1])-[#1])-[#7:62](-[#6:61])-[#1],"EVODEX.2.1-P1554,EVODEX.2.1-P1556,EVODEX.2.1-P1786,EVODEX.2.1-P5628,EVODEX.2.1-P5629",61903841426069176145156191829660730118432070768242061104597615463881187254787
EVODEX.2.1-Em341,[#6:4]-[#6:5](=[#8:6])-[#16]-[#6]>>[#6:4]-[#6:5](=[#8:6])-[#7](-[#6])-[#1],"EVODEX.2.1-P1557,EVODEX.2.1-P1558,EVODEX.2.1-P1676,EVODEX.2.1-P1782,EVODEX.2.1-P1788",11930006520924745485283019828021789258948264494150042346590261642907474263144
EVODEX.2.1-Em342,[#8:68](-[#6@@:67])-[#1]>>[#8]-[#6]1:[#6](:[#6](/[#6](=[#6](/[#6](=[#8])-[#8:68]-[#6@:67])-[#1])-[#1]):[#6](:[#6](-[#8]):[#6]:1-[#8])-[#1])-[#1],"EVODEX.2.1-P1559,EVODEX.2.1-P1582,EVODEX.2.1-P1853,EVODEX.2.1-P1854,EVODEX.2.1-P3672",63994835599781090214326166942941709668094528259908041875093155678890839902526
EVODEX.2.1-Em343,[#6:47]-[#16:48]-[#6:49](=[#8:50])/[#6:51](=[#6:52](/[#6:53]1:[#6:54](:[#6:55](:[#6:56](-[#8:57]):[#6:58](:[#6:59]:1-[#1:115])-[#1:114])-[#1:112])-[#1:111])-[#1:110])-[#1:109].[#8:64](-[#6@@:63])-[#1]>>[#6:49](=[#8:50])(/[#6:51](=[#6:52](/[#6:53]1:[#6:54](:[#6:55](:[#6:56](-[#8:57]):[#6:58](:[#6:59]:1-[#1:115])-[#1:114])-[#1:112])-[#1:111])-[#1:110])-[#1:109])-[#8:64]-[#6@:63].[#6:47]-[#16:48]-[#1],"EVODEX.2.1-P1560,EVODEX.2.1-P1562,EVODEX.2.1-P1578,EVODEX.2.1-P1653,EVODEX.2.1-P1693",81729544664715601943306640253879266607037242756717544068082808379943658684346
EVODEX.2.1-Em344,[#8:70](-[#6@:69])-[#1]>>[#6](=[#8])(/[#6](=[#6](/[#6]1:[#6](:[#6](:[#6](-[#8]):[#6](:[#6]:1-[#1])-[#1])-[#1])-[#1])-[#1])-[#1])-[#8:70]-[#6@:69],"EVODEX.2.1-P1563,EVODEX.2.1-P1580,EVODEX.2.1-P1694,EVODEX.2.1-P1698,EVODEX.2.1-P3671",83518608076711342261750718355074924794134724283716484870012190554431528045422
EVODEX.2.1-Em345,[#6]-[#16]-[#6:49](=[#8:50])/[#6:51](=[#6:52](/[#6:53]1:[#6:54](:[#6:55](:[#6:56](-[#8:57]):[#6:58](:[#6:59]:1-[#1:110])-[#1:109])-[#1:107])-[#1:106])-[#1:105])-[#1:104].[#8:65](-[#6@:64])-[#1]>>[#6:49](=[#8:50])(/[#6:51](=[#6:52](/[#6:53]1:[#6:54](:[#6:55](:[#6:56](-[#8:57]):[#6:58](:[#6:59]:1-[#1:110])-[#1:109])-[#1:107])-[#1:106])-[#1:105])-[#1:104])-[#8:65]-[#6@@:64],"EVODEX.2.1-P1565,EVODEX.2.1-P1568,EVODEX.2.1-P1569,EVODEX.2.1-P1579,EVODEX.2.1-P1595",94608478195331007101255764253227341352280240513662954511983622380294135499729
EVODEX.2.1-Em346,[#8]-[#6]1:[#6](:[#6](/[#6](=[#6](/[#6](=[#8])-[#8:58]-[#6@@:59])-[#1])-[#1]):[#6](:[#6](:[#6]:1-[#8])-[#1])-[#1])-[#1]>>[#8:58](-[#6@@:59])-[#1],"EVODEX.2.1-P1567,EVODEX.2.1-P3665,EVODEX.2.1-P3667,EVODEX.2.1-P3669,EVODEX.2.1-P3676",90481812175678401847994417828532647924463823753755105266468827135516320933226
EVODEX.2.1-Em348,[#6:17]-[#6:18](=[#8:19])-[#16]-[#6]>>[#6:17]-[#6:18](=[#8:19])-[#8]-[#6],"EVODEX.2.1-P1587,EVODEX.2.1-P1588,EVODEX.2.1-P1589,EVODEX.2.1-P1592,EVODEX.2.1-P1731",28588631370616842055624418515240645436759804941415370670584097735415184141031
EVODEX.2.1-Em350,[#6:1](-[#6:2](=[#8:3])-[#16:4])(-[#1:115])(-[#1:116])-[#1].[#6:64]-[#6:65](=[#8:66])-[#16:67]-[#6:68]>>[#6:1](-[#6:2](=[#8:3])-[#16:4])(-[#6:65](-[#6:64])=[#8:66])(-[#1:115])-[#1:116].[#16:67](-[#6:68])-[#1],"EVODEX.2.1-P1596,EVODEX.2.1-P1599,EVODEX.2.1-P1842,EVODEX.2.1-P1845,EVODEX.2.1-P1848",52906613802202907039010144123439384673298701317011504919971000598562397718409
EVODEX.2.1-Em351,[#6:64]-[#6:65](=[#8:66])-[#16:67]-[#6:68]>>[#6](-[#6](=[#8])-[#16])(-[#6:65](-[#6:64])=[#8:66])(-[#1])-[#1].[#16:67](-[#6:68])-[#1],"EVODEX.2.1-P1597,EVODEX.2.1-P1604,EVODEX.2.1-P1605,EVODEX.2.1-P1686,EVODEX.2.1-P1687",27910555218258806722153114338378060033436576985567431470243916095903053291535
EVODEX.2.1-Em352,[#6:47]-[#16:48]-[#1].[#6:61]-[#6:62](=[#8:63])-[#6:64](-[#6:65](=[#8:66])-[#16:67])(-[#1:178])-[#1:179]>>[#6:47]-[#16:48]-[#6:62](-[#6:61])=[#8:63].[#6:64](-[#6:65](=[#8:66])-[#16:67])(-[#1:178])(-[#1:179])-[#1],"EVODEX.2.1-P1598,EVODEX.2.1-P1601,EVODEX.2.1-P1625,EVODEX.2.1-P1847,EVODEX.2.1-P1851",35095094721730041651304715098415196255175459653113595667466565047106030071051
EVODEX.2.1-Em353,[#6:1](-[#6:2](=[#8:3])-[#16:4])(-[#1:105])(-[#1:106])-[#1].[#6:54]-[#6:55](=[#8:56])-[#16]-[#6]>>[#6:1](-[#6:2](=[#8:3])-[#16:4])(-[#6:55](-[#6:54])=[#8:56])(-[#1:105])-[#1:106],"EVODEX.2.1-P1600,EVODEX.2.1-P1603,EVODEX.2.1-P1846,EVODEX.2.1-P1849,EVODEX.2.1-P1850",96331522204409143795967458627341914153022239081318142139758802534267355954262
EVODEX.2.1-Em354,[#6:53]-[#6:54](=[#8:55])-[#6:56](-[#6:57](=[#8:58])-[#16:59])(-[#1:154])-[#1:155]>>[#6]-[#16]-[#6:54](-[#6:53])=[#8:55].[#6:56](-[#6:57](=[#8:58])-[#16:59])(-[#1:154])(-[#1:155])-[#1],"EVODEX.2.1-P1602,EVODEX.2.1-P1626,EVODEX.2.1-P1843,EVODEX.2.1-P1844,EVODEX.2.1-P1852",98119059217364961321096347506059072795388010937288429614587952913949467977956
EVODEX.2.1-Em355,[#6:1]-[#6:2](=[#8:3])-[#16]-[#6].[#8:52](-[#1])-[#1]>>[#6:1]-[#6:2](=[#8:3])-[#8:52]-[#1],"EVODEX.2.1-P1614,EVODEX.2.1-P3712,EVODEX.2.1-P3714,EVODEX.2.1-P3716,EVODEX.2.1-P5564",81186985281946547434755297077938249942304269486996867253913445917824481960129
EVODEX.2.1-Em356,[#6:5]-[#6:6](=[#8:7])-[#16]-[#6]>>[#6:5]-[#6:6](=[#8:7])-[#8]-[#1],"EVODEX.2.1-P1615,EVODEX.2.1-P3373,EVODEX.2.1-P3717,EVODEX.2.1-P3719,EVODEX.2.1-P6327",42685992062099595630360608656639995031465243764495240581244895375248944037681
EVODEX.2.1-Em359,[#8:26](-[#6@:25])-[#1].[#6:87]-[#16:88]-[#6:89](=[#8:90])-[#6:91]1:[#6:92](:[#6:93](:[#6:94](:[#6:95](:[#6:96]:1-[#1:174])-[#1:173])-[#1:172])-[#1:171])-[#1:170]>>[#8:26](-[#6@:25])-[#6:89](=[#8:90])-[#6:91]1:[#6:92](:[#6:93](:[#6:94](:[#6:95](:[#6:96]:1-[#1:174])-[#1:173])-[#1:172])-[#1:171])-[#1:170].[#6:87]-[#16:88]-[#1],"EVODEX.2.1-P1618,EVODEX.2.1-P1677,EVODEX.2.1-P1679,EVODEX.2.1-P1681,EVODEX.2.1-P1683",106231736432694453300752969618783548554485535166802112193548912069382634532714
EVODEX.2.1-Em360,[#6:1](=[#6:2](-[#8:3]-[#6:4](-[#6:5])=[#8:6])-[#1:48])(-[#1:46])-[#1:47].[#8:23](-[#6@:22])-[#1]>>[#6:4](-[#6:5])(=[#8:6])-[#8:23]-[#6@:22].[#6:1](=[#6:2](-[#8:3]-[#1])-[#1:48])(-[#1:46])-[#1:47],"EVODEX.2.1-P1619,EVODEX.2.1-P3568,EVODEX.2.1-P3574,EVODEX.2.1-P3678,EVODEX.2.1-P3681",107306128218523256518512124421310638247778656300289950166268139931506621005513
EVODEX.2.1-Em362,[#6:2]-[#6:6](=[#8:7])-[#16:8]-[#6:9].[#8:56](-[#6:57])-[#1]>>[#6:2]-[#6:6](=[#8:7])-[#8:56]-[#6:57].[#16:8](-[#6:9])-[#1],"EVODEX.2.1-P1624,EVODEX.2.1-P1721,EVODEX.2.1-P1724,EVODEX.2.1-P1806,EVODEX.2.1-P1824",7597368785571762351418189385295788562128969554901677492243341965336682233958
EVODEX.2.1-Em364,[#6:41]-[#8:42]-[#1].[#6:6]-[#16:7]-[#6:8](=[#8:9])/[#6:10](-[#6:11])=[#6:12](/[#6:13])-[#1:85]>>[#6:8](=[#8:9])(/[#6:10](-[#6:11])=[#6:12](/[#6:13])-[#1:85])-[#8:42]-[#6:41].[#6:6]-[#16:7]-[#1],"EVODEX.2.1-P1630,EVODEX.2.1-P1637,EVODEX.2.1-P1639,EVODEX.2.1-P1644,EVODEX.2.1-P1855",22310199632254029067208406729130014263441135074482403413854298037129876317145
EVODEX.2.1-Em365,[#6:1]/[#6:2](=[#6:3](\[#6:4])-[#6:5](=[#8:6])-[#16]-[#6])-[#1:69].[#6:63]-[#8:64]-[#1]>>[#6:1]/[#6:2](=[#6:3](\[#6:4])-[#6:5](=[#8:6])-[#8:64]-[#6:63])-[#1:69],"EVODEX.2.1-P1638,EVODEX.2.1-P1640,EVODEX.2.1-P1643,EVODEX.2.1-P1645,EVODEX.2.1-P1648",5730879942206108124214379625234149723782587400154766426717901601336596014548
EVODEX.2.1-Em367,[#6:1]-[#6:2](=[#8:3])-[#16]-[#6].[#8:52](-[#6:53](-[#6:54])(-[#6:59])-[#1:103])-[#1]>>[#6:1]-[#6:2](=[#8:3])-[#8:52]-[#6@@:53](-[#6:54])(-[#6:59])-[#1:103],"EVODEX.2.1-P1642,EVODEX.2.1-P1704,EVODEX.2.1-P1740,EVODEX.2.1-P1857,EVODEX.2.1-P1859",66871254503697648013331219143005535743876130659001837560985854373608355757224
EVODEX.2.1-Em368,[#6:3]-[#6:4](=[#8:5])-[#16]-[#6].[#8:54]=[#15:55](-[#8:56]-[#1])(-[#8:57])-[#8:58]>>[#6:3]-[#6:4](=[#8:5])-[#8:56]-[#15:55](=[#8:54])(-[#8:57])-[#8:58],"EVODEX.2.1-P1656,EVODEX.2.1-P1664,EVODEX.2.1-P1666,EVODEX.2.1-P1669,EVODEX.2.1-P1735",3269831842507778440647905557088380359776658160690725295702079467969098950937
EVODEX.2.1-Em369,[#6:3]-[#6:4](=[#8:5])-[#16]-[#6]>>[#6:3]-[#6:4](=[#8:5])-[#8]-[#15](=[#8])(-[#8])-[#8],"EVODEX.2.1-P1657,EVODEX.2.1-P1659,EVODEX.2.1-P1665,EVODEX.2.1-P1670,EVODEX.2.1-P1674",97269981095082951349620985439192564938877638351734411873441761935606014584106
EVODEX.2.1-Em370,[#6:3]-[#6:4](=[#8:5])-[#16:6]-[#6:7]>>[#6:3]-[#6:4](=[#8:5])-[#8]-[#15](=[#8])(-[#8])-[#8].[#16:6](-[#6:7])-[#1],"EVODEX.2.1-P1658,EVODEX.2.1-P1660,EVODEX.2.1-P1662,EVODEX.2.1-P1671,EVODEX.2.1-P1673",50233889303870129162446430204619046953305034159398197193980526593609973530498
EVODEX.2.1-Em371,[#6:1]-[#6:2](=[#8:3])-[#16:4]-[#6:5].[#8:52]=[#15:53](-[#8:54]-[#1])(-[#8:55])-[#8:56]>>[#6:1]-[#6:2](=[#8:3])-[#8:54]-[#15:53](=[#8:52])(-[#8:55])-[#8:56].[#16:4](-[#6:5])-[#1],"EVODEX.2.1-P1661,EVODEX.2.1-P1663,EVODEX.2.1-P1667,EVODEX.2.1-P1668,EVODEX.2.1-P1672",16580296641394289004461549729702945735836329212123892573071742152882152704393
EVODEX.2.1-Em372,[#8:57](-[#6:58])-[#1]>>[#6](=[#8])(-[#6]1:[#6](:[#6](:[#6](:[#6](:[#6]:1-[#1])-[#1])-[#1])-[#1])-[#1])-[#8:57]-[#6:58],"EVODEX.2.1-P1678,EVODEX.2.1-P1680,EVODEX.2.1-P1682,EVODEX.2.1-P1684,EVODEX.2.1-P1860",12036432731073785417095978655840077348757271345380499830813271377415882017216
EVODEX.2.1-Em373,[#6:45]-[#16:46]-[#1].[#6:64]-[#6:65](=[#8:66])-[#16]-[#6]>>[#6:45]-[#16:46]-[#6:65](-[#6:64])=[#8:66],"EVODEX.2.1-P1701,EVODEX.2.1-P1702,EVODEX.2.1-P1778,EVODEX.2.1-P1780,EVODEX.2.1-P1791",28775830211586185559319479996666332186773280932929161970243527217015099439785
EVODEX.2.1-Em374,[#6:19]-[#6@@:20](-[#8:21]-[#1])(-[#6:22])-[#1:131].[#6:47]-[#6:48](=[#8:49])-[#16:50]-[#6:51]>>[#6:19]-[#6:20](-[#8:21]-[#6:48](-[#6:47])=[#8:49])(-[#6:22])-[#1:131].[#16:50](-[#6:51])-[#1],"EVODEX.2.1-P1705,EVODEX.2.1-P1739,EVODEX.2.1-P1767,EVODEX.2.1-P1856,EVODEX.2.1-P1858",38558258636700519620466874018349138541800362863022622740035244949033472418267
EVODEX.2.1-Em375,[#6:1]-[#6:2](=[#8:3])-[#16:4]-[#6:5].[#6:57]-[#7:58](-[#6@@:55])-[#1]>>[#6:1]-[#6:2](=[#8:3])-[#7:58](-[#6@:55])-[#6:57].[#16:4](-[#6:5])-[#1],"EVODEX.2.1-P1713,EVODEX.2.1-P1771,EVODEX.2.1-P1773,EVODEX.2.1-P1829,EVODEX.2.1-P1833",107102005719918266820014460829850106432508980150672585729623386013939061791092
EVODEX.2.1-Em376,[#6:56]-[#7:57](-[#6:58])-[#1]>>[#6]-[#6](=[#8])-[#7:57](-[#6:56])-[#6:58],"EVODEX.2.1-P1714,EVODEX.2.1-P1772,EVODEX.2.1-P1828,EVODEX.2.1-P1831,EVODEX.2.1-P1834",77173152256711592283454537695113333337838473085441575333475537047903780982128
EVODEX.2.1-Em377,[#6:1]-[#6:2](=[#8:3])-[#8:4]-[#6:5]>>[#6:1]-[#6:2](=[#8:3])-[#16]-[#6].[#8:4](-[#6:5])-[#1],"EVODEX.2.1-P1716,EVODEX.2.1-P1723,EVODEX.2.1-P1733,EVODEX.2.1-P1734,EVODEX.2.1-P1736",15344347473882634885820818379552918147582336569799658485608168020348141682841
EVODEX.2.1-Em378,[#6:1]-[#6:2](=[#8:3])-[#7:4](-[#6@@:5])-[#1].[#7:13](-[#6@@:14])(-[#1])-[#1]>>[#6:1]-[#6:2](=[#8:3])-[#7:13](-[#6@@:14])-[#1].[#7:4](-[#6@@:5])(-[#1])-[#1],"EVODEX.2.1-P1725,EVODEX.2.1-P1869,EVODEX.2.1-P1877,EVODEX.2.1-P1881,EVODEX.2.1-P5094",70668532688985838269484337346859048170720283888032776013151276771236625401389
EVODEX.2.1-Em380,[#6:1]-[#6:2](=[#8:3])-[#16]-[#6].[#6:58]-[#7:59](-[#6@:55])-[#1]>>[#6:1]-[#6:2](=[#8:3])-[#7:59](-[#6@@:55])-[#6:58],"EVODEX.2.1-P1727,EVODEX.2.1-P1777,EVODEX.2.1-P1827,EVODEX.2.1-P1830,EVODEX.2.1-P1832",41563550148087106946822731976185168028609159841086536868374557178136176274618
EVODEX.2.1-Em381,[#6]-[#16]-[#6:49](=[#8:50])-[#6:51].[#6:59]-[#6@:60](-[#7:61])(-[#6](=[#8])-[#8])-[#1:114]>>[#6:49](=[#8:50])(-[#6:51])-[#6:60](-[#6:59])(-[#7:61])-[#1:114],"EVODEX.2.1-P1741,EVODEX.2.1-P1745,EVODEX.2.1-P1747,EVODEX.2.1-P1753,EVODEX.2.1-P1756",112152091236454302357379556201272934289196330345120297440198352480936181888543
EVODEX.2.1-Em382,[#6]-[#16]-[#6:49](=[#8:50])-[#6:51].[#6:59]-[#6@:60](-[#7:61])(-[#6:62](=[#8:63])-[#8:64]-[#1])-[#1:114]>>[#6:49](=[#8:50])(-[#6:51])-[#6:60](-[#6:59])(-[#7:61])-[#1:114].[#6:62](=[#8:63])=[#8:64],"EVODEX.2.1-P1742,EVODEX.2.1-P1750,EVODEX.2.1-P1757,EVODEX.2.1-P1759,EVODEX.2.1-P1761",59541381812143185294705451324177925101703768118875650418534329407873584602297
EVODEX.2.1-Em383,[#6:1]-[#6:2](=[#8:3])-[#16:4]-[#6:5].[#6:58]-[#6@:59](-[#7:60])(-[#6:61](=[#8:62])-[#8:63]-[#1])-[#1:112]>>[#6:61](=[#8:62])=[#8:63].[#6:1]-[#6:2](=[#8:3])-[#6@:59](-[#6:58])(-[#7:60])-[#1:112].[#16:4](-[#6:5])-[#1],"EVODEX.2.1-P1744,EVODEX.2.1-P1748,EVODEX.2.1-P1749,EVODEX.2.1-P1751,EVODEX.2.1-P1754",73300095096869564925242550013773387157543564081522475869910851439968594068219
EVODEX.2.1-Em384,[#6:2]-[#6:4](=[#8:5])-[#16:6]-[#6:7].[#6:60]-[#6@:61](-[#7:62])(-[#6](=[#8])-[#8])-[#1:118]>>[#6:2]-[#6:4](=[#8:5])-[#6@:61](-[#6:60])(-[#7:62])-[#1:118].[#16:6](-[#6:7])-[#1],"EVODEX.2.1-P1746,EVODEX.2.1-P1752,EVODEX.2.1-P1755,EVODEX.2.1-P1758,EVODEX.2.1-P1760",54125399933936674294543620418910020699422190582866583451753216590584807116751
EVODEX.2.1-Em385,[#7:11](-[#6@:12])(-[#1])-[#1].[#7:1](-[#6:2](=[#8:3])-[#6:4])(-[#1])-[#1]>>[#6:2](=[#8:3])(-[#6:4])-[#7:11](-[#6@:12])-[#1].[#7:1](-[#1])(-[#1])-[#1],"EVODEX.2.1-P1867,EVODEX.2.1-P1883,EVODEX.2.1-P1885,EVODEX.2.1-P5335,EVODEX.2.1-P5337",91000307237188540931467279523103232257619816126565577890378766922513587319723
EVODEX.2.1-Em386,[#7:11](-[#6:12])(-[#1])-[#1].[#7](-[#6:2](=[#8:3])-[#6:4])(-[#1])-[#1]>>[#6:2](=[#8:3])(-[#6:4])-[#7:11](-[#6:12])-[#1],"EVODEX.2.1-P1868,EVODEX.2.1-P1882,EVODEX.2.1-P1884,EVODEX.2.1-P5336,EVODEX.2.1-P5339",91521258392142409117939897632880486729955633626540664779408828582271151023153
EVODEX.2.1-Em387,[#6:17]-[#6:18](=[#8:19])-[#7:20](-[#6:21]1:[#6:22](:[#6:23](:[#6:24](-[#7&+:25](=[#8:26])-[#8&-:27]):[#6:28](:[#6:29]:1-[#1:44])-[#1:43])-[#1:42])-[#1:41])-[#1].[#7:1](-[#6:2])(-[#1])-[#1]>>[#7:20](-[#6:21]1:[#6:22](:[#6:23](:[#6:24](-[#7&+:25](=[#8:26])-[#8&-:27]):[#6:28](:[#6:29]:1-[#1:44])-[#1:43])-[#1:42])-[#1:41])(-[#1])-[#1].[#7:1](-[#6:2])(-[#6:18](-[#6:17])=[#8:19])-[#1],"EVODEX.2.1-P1870,EVODEX.2.1-P1874,EVODEX.2.1-P1875,EVODEX.2.1-P1880,EVODEX.2.1-P1889",51091066594406267265892174786474321939538844134915349903533902440075511237414
EVODEX.2.1-Em388,[#6:17]-[#6:18](=[#8:19])-[#7](-[#6]1:[#6](:[#6](:[#6](-[#7&+](=[#8])-[#8&-]):[#6](:[#6]:1-[#1])-[#1])-[#1])-[#1])-[#1].[#7:1](-[#6:2])(-[#1])-[#1]>>[#7:1](-[#6:2])(-[#6:18](-[#6:17])=[#8:19])-[#1],"EVODEX.2.1-P1871,EVODEX.2.1-P1873,EVODEX.2.1-P1890,EVODEX.2.1-P1891,EVODEX.2.1-P1893",43451991594726286481351011219180844547540351097128445840571934468944921155358
EVODEX.2.1-Em389,[#6:4]-[#6:5](=[#8:6])-[#7:7](-[#6:8]1:[#6:9](:[#6:10](:[#6:11](-[#7&+:12](=[#8:13])-[#8&-:14]):[#6:15](-[#6:16](=[#8:17])-[#8:18]):[#6:19]:1-[#1:35])-[#1:33])-[#1:32])-[#1]>>[#6:4]-[#6:5](=[#8:6])-[#8]-[#1].[#7:7](-[#6:8]1:[#6:9](:[#6:10](:[#6:11](-[#7&+:12](=[#8:13])-[#8&-:14]):[#6:15](-[#6:16](=[#8:17])-[#8:18]):[#6:19]:1-[#1:35])-[#1:33])-[#1:32])(-[#1])-[#1],"EVODEX.2.1-P1887,EVODEX.2.1-P3622,EVODEX.2.1-P4592,EVODEX.2.1-P4597,EVODEX.2.1-P5370",6768241525446112507581688656738120190838989280850061439100990346190364303034
EVODEX.2.1-Em390,([#7:18](-[#6@@:17])(-[#1])-[#1].[#6:20]-[#6:21](-[#7:22](-[#1])-[#1])=[#8:23])>>[#7:18](-[#6@:17])(-[#6:21](=[#8:23])-[#6:20])-[#1].[#7:22](-[#1])(-[#1])-[#1],"EVODEX.2.1-P1894,EVODEX.2.1-P1895,EVODEX.2.1-P1902,EVODEX.2.1-P1911,EVODEX.2.1-P1913",31344889910059775616640671608166300291330782922915215436929728205630581802537
EVODEX.2.1-Em391,[#7:7]-[#6:8](=[#8:9])-[#6@@:10](-[#7](-[#1])-[#1])(-[#6:12]-[#6:13]-[#6:14](-[#7:15](-[#1])-[#1])=[#8:16])-[#1:28]>>[#7:7]-[#6:8](=[#8:9])-[#6@@:10]1(-[#6:12]-[#6:13]-[#6:14](=[#8:16])-[#7:15]-1-[#1])-[#1:28],"EVODEX.2.1-P1896,EVODEX.2.1-P1897,EVODEX.2.1-P1899,EVODEX.2.1-P1908,EVODEX.2.1-P1912",74319451758393350616003022966302487455655382870822624350735607383463178899135
EVODEX.2.1-Em392,[#7:1](-[#6:2](=[#8:3])-[#6:4]-[#6:5]-[#6@:6](-[#7:7](-[#1])-[#1])(-[#6:8](=[#8:9])-[#7:10])-[#1:21])(-[#1])-[#1]>>[#7:7](-[#1])(-[#1])-[#1].[#7:1]1(-[#6:2](=[#8:3])-[#6:4]-[#6:5]-[#6@:6]-1(-[#6:8](=[#8:9])-[#7:10])-[#1:21])-[#1],"EVODEX.2.1-P1898,EVODEX.2.1-P1900,EVODEX.2.1-P1907,EVODEX.2.1-P1909,EVODEX.2.1-P1910",50552813428796117295982384258615131569576562406491909506895699202547118071950
EVODEX.2.1-Em393,([#7:16](-[#6@@:15])(-[#1])-[#1].[#6:18]-[#6:19](-[#7](-[#1])-[#1])=[#8:21])>>[#7:16](-[#6@:15])(-[#6:19](=[#8:21])-[#6:18])-[#1],"EVODEX.2.1-P1901,EVODEX.2.1-P1903,EVODEX.2.1-P1904,EVODEX.2.1-P1905,EVODEX.2.1-P1906",77049016610841126946154620570253629998324116029097776029620147232228650192277
EVODEX.2.1-Em394,[#6:4]-[#6:5](=[#8:6])-[#7:7](-[#7:8])-[#1].[#8:20](-[#1])-[#1]>>[#6:4]-[#6:5](=[#8:6])-[#8:20]-[#1].[#7:7](-[#7:8])(-[#1])-[#1],"EVODEX.2.1-P1914,EVODEX.2.1-P1916,EVODEX.2.1-P5364,EVODEX.2.1-P5458,EVODEX.2.1-P5542",44284552703519138196592243303278089984049132903126653417173892771987713110549
EVODEX.2.1-Em395,[#6:4]-[#6:5](=[#8:6])-[#7:7](-[#7:8])-[#1]>>[#6:4]-[#6:5](=[#8:6])-[#8]-[#1].[#7:7](-[#7:8])(-[#1])-[#1],"EVODEX.2.1-P1915,EVODEX.2.1-P1917,EVODEX.2.1-P4375,EVODEX.2.1-P5066,EVODEX.2.1-P5405",85173939688927624804093868128552059309648316167645864538974662015728652916530
EVODEX.2.1-Em396,[#6:1](-[#6:2](=[#8:3])-[#16:4]-[#6:5])(-[#1:62])(-[#1:63])-[#1].[#6:56]-[#6:57](=[#8:58])-[#6:59](=[#8:60])-[#8:61]>>[#6:1](-[#6:2](=[#8:3])-[#8]-[#1])(-[#6:57](-[#6:56])(-[#8:58]-[#1])-[#6:59](=[#8:60])-[#8:61])(-[#1:62])-[#1:63].[#16:4](-[#6:5])-[#1],"EVODEX.2.1-P1918,EVODEX.2.1-P1931,EVODEX.2.1-P1940,EVODEX.2.1-P1943,EVODEX.2.1-P1950",106545285781281797843911995272775652486138695729043402540889718404151175674604
EVODEX.2.1-Em397,[#6:1](-[#6:2](=[#8:3])-[#16]-[#6])(-[#1:62])(-[#1:63])-[#1].[#6:56]-[#6:57](=[#8:58])-[#6:59](=[#8:60])-[#8:61]>>[#6:1](-[#6:2](=[#8:3])-[#8]-[#1])(-[#6:57](-[#6:56])(-[#8:58]-[#1])-[#6:59](=[#8:60])-[#8:61])(-[#1:62])-[#1:63],"EVODEX.2.1-P1919,EVODEX.2.1-P1932,EVODEX.2.1-P1937,EVODEX.2.1-P1945,EVODEX.2.1-P1951",95505427126776687657496592320677726601501155535621077275544361915987449210585
EVODEX.2.1-Em398,[#6:56]-[#6:57](=[#8:58])-[#6:59](=[#8:60])-[#8:61]>>[#6](-[#6](=[#8])-[#8])(-[#6:57](-[#6:56])(-[#8:58]-[#1])-[#6:59](=[#8:60])-[#8:61])(-[#1])-[#1],"EVODEX.2.1-P1920,EVODEX.2.1-P1923,EVODEX.2.1-P1933,EVODEX.2.1-P1938,EVODEX.2.1-P1942",47562182995511590418695193810121941099004787733020314375323580978030123915623
EVODEX.2.1-Em399,[#6:1](-[#6:2](=[#8:3])-[#16]-[#6])(-[#1:62])(-[#1:63])-[#1].[#6:56]-[#6:57](=[#8:58])-[#6:59](=[#8:60])-[#8:61].[#8:52](-[#1])-[#1]>>[#6:1](-[#6:2](=[#8:3])-[#8:52]-[#1])(-[#6:57](-[#6:56])(-[#8:58]-[#1])-[#6:59](=[#8:60])-[#8:61])(-[#1:62])-[#1:63],"EVODEX.2.1-P1921,EVODEX.2.1-P1925,EVODEX.2.1-P1934,EVODEX.2.1-P1946,EVODEX.2.1-P1952",52758214424677712342754214970032847824186018426013677725073338768451429676275
EVODEX.2.1-Em400,[#6:1](-[#6:2](=[#8:3])-[#16:4]-[#6:5])(-[#1:61])(-[#1:62])-[#1].[#6:53]-[#6:55](=[#8:56])-[#6:57](=[#8:58])-[#8:59].[#8:60](-[#1])-[#1]>>[#6:1](-[#6:2](=[#8:3])-[#8:60]-[#1])(-[#6@@:55](-[#6:53])(-[#8:56]-[#1])-[#6:57](=[#8:58])-[#8:59])(-[#1:61])-[#1:62].[#16:4](-[#6:5])-[#1],"EVODEX.2.1-P1922,EVODEX.2.1-P1924,EVODEX.2.1-P1936,EVODEX.2.1-P1941,EVODEX.2.1-P1944",89884229811689071535665140151774871468108041850491491134826156703009846618780
EVODEX.2.1-Em401,[#6:54]-[#6:55](=[#8:56])-[#6:57](=[#8:58])-[#8:59].[#8:60](-[#1])-[#1]>>[#6](-[#6](=[#8])-[#8:60]-[#1])(-[#6:55](-[#6:54])(-[#8:56]-[#1])-[#6:57](=[#8:58])-[#8:59])(-[#1])-[#1],"EVODEX.2.1-P1926,EVODEX.2.1-P1939,EVODEX.2.1-P1947,EVODEX.2.1-P1948,EVODEX.2.1-P1949",95170619525096976206181498071075015486610507022531849483077560601329890191677
EVODEX.2.1-Em402,[#6:2]-[#6:4](=[#8:5])-[#6:6](=[#8:7])-[#8:8].[#6:9]-[#6:10](-[#6:11](=[#8:12])-[#16:13]-[#6:14])(-[#1:73])-[#1].[#8:61](-[#1])-[#1]>>[#6:2]-[#6:4](-[#8:5]-[#1])(-[#6:6](=[#8:7])-[#8:8])-[#6:10](-[#6:9])(-[#6:11](=[#8:12])-[#8:61]-[#1])-[#1:73].[#16:13](-[#6:14])-[#1],"EVODEX.2.1-P1927,EVODEX.2.1-P1935,EVODEX.2.1-P1954,EVODEX.2.1-P1959,EVODEX.2.1-P1963",45062371876501700394673653289559517304562546558514466615575131244725001281840
EVODEX.2.1-Em403,[#6:2]-[#6:4](=[#8:5])-[#6:6](=[#8:7])-[#8:8].[#6:9]-[#6:10](-[#6:11](=[#8:12])-[#16]-[#6])(-[#1:73])-[#1]>>[#6:2]-[#6:4](-[#8:5]-[#1])(-[#6:6](=[#8:7])-[#8:8])-[#6:10](-[#6:9])(-[#6:11](=[#8:12])-[#8]-[#1])-[#1:73],"EVODEX.2.1-P1928,EVODEX.2.1-P1957,EVODEX.2.1-P1960,EVODEX.2.1-P1962,EVODEX.2.1-P1965",29227034726201657967515642488979773474408392294291898875773412662912958232717
EVODEX.2.1-Em404,[#6:2]-[#6:4](=[#8:5])-[#6:6](=[#8:7])-[#8:8].[#6:10]-[#6:11](-[#6:12](=[#8:13])-[#16]-[#6])(-[#1:76])-[#1].[#8:62](-[#1])-[#1]>>[#6:2]-[#6:4](-[#8:5]-[#1])(-[#6:6](=[#8:7])-[#8:8])-[#6:11](-[#6:10])(-[#6:12](=[#8:13])-[#8:62]-[#1])-[#1:76],"EVODEX.2.1-P1929,EVODEX.2.1-P1930,EVODEX.2.1-P1955,EVODEX.2.1-P1964,EVODEX.2.1-P1967",87294505020899000909745734813295843866866180519426649856977490590628335015341
EVODEX.2.1-Em405,[#6:8]-[#6:9](-[#6:10](=[#8:11])-[#16:12]-[#6:13])(-[#1:87])-[#1].[#6:64]-[#6:65](=[#8:66])-[#6:67](=[#8:68])-[#8:69]>>[#6:8]-[#6:9](-[#6:10](=[#8:11])-[#8]-[#1])(-[#6:65](-[#6:64])(-[#8:66]-[#1])-[#6:67](=[#8:68])-[#8:69])-[#1:87].[#16:12](-[#6:13])-[#1],"EVODEX.2.1-P1953,EVODEX.2.1-P1956,EVODEX.2.1-P1958,EVODEX.2.1-P1961,EVODEX.2.1-P1966",446475447495489393258323421146493411634904241475900986085669480612381959221
EVODEX.2.1-Em406,[#6:47]-[#16:48]-[#1].[#8:69]-[#15:70](=[#8:71])(-[#8:72])-[#8:73]-[#15:74](=[#8:75])(-[#8:76])-[#8:77]>>[#6:47]-[#16:48]-[#6](-[#6])=[#8].[#8:69]-[#15:70](=[#8:71])(-[#8:72])-[#8]-[#1].[#8:73](-[#15:74](=[#8:75])(-[#8:76])-[#8:77])-[#1],"EVODEX.2.1-P1968,EVODEX.2.1-P6189,EVODEX.2.1-P6212,EVODEX.2.1-P6218,EVODEX.2.1-P6288",56932541422796746488869139191838265664102663585722578871053552627354716161997
EVODEX.2.1-Em407,[#6]-[#6](=[#8])-[#16:4]-[#6:5].[#8:72]-[#15:73](=[#8:74])(-[#8]-[#1])-[#8:76]>>[#8:72]-[#15:73](=[#8:74])(-[#8:76])-[#8]-[#15](=[#8])(-[#8])-[#8].[#16:4](-[#6:5])-[#1],"EVODEX.2.1-P1969,EVODEX.2.1-P1970,EVODEX.2.1-P6215,EVODEX.2.1-P6220,EVODEX.2.1-P6286",3112562323310948414809992602836579689843336365339048946974459178843106938804
EVODEX.2.1-Em408,[#8:1]=[#15:2](-[#8:3]-[#1])(-[#8:4])-[#8:5].[#8:9]-[#6@:10](-[#8:11]-[#6@:12])(-[#6@:78])-[#1:91]>>[#8:1]=[#15:2](-[#8:3]-[#6@@:10](-[#8:9])(-[#6@:78])-[#1:91])(-[#8:4])-[#8:5].[#8:11](-[#6@:12])-[#1],"EVODEX.2.1-P1971,EVODEX.2.1-P1975,EVODEX.2.1-P2086,EVODEX.2.1-P2088,EVODEX.2.1-P2096",22148271701202714340953005586695266951903641164570303027114263244400578313454
EVODEX.2.1-Em410,[#8:14]-[#6@:15](-[#8:16]-[#6@:17])(-[#6@:28])-[#1:62]>>[#8]=[#15](-[#8]-[#6@@:15](-[#8:14])(-[#6@:28])-[#1:62])(-[#8])-[#8].[#8:16](-[#6@:17])-[#1],"EVODEX.2.1-P1974,EVODEX.2.1-P2070,EVODEX.2.1-P2072,EVODEX.2.1-P2083,EVODEX.2.1-P2084",99454504008253660309732879984413030564086865501827364900801231335200537613686
EVODEX.2.1-Em411,[#8:1](-[#6:2])-[#1].[#8:49]-[#6@@:50](-[#6:51])(-[#8]-[#6@])-[#6@@:65]>>[#8:1](-[#6:2])-[#6@@:50](-[#6:51])(-[#8:49])-[#6@@:65],"EVODEX.2.1-P1976,EVODEX.2.1-P1978,EVODEX.2.1-P1979,EVODEX.2.1-P2029,EVODEX.2.1-P2031",5615317282214611179305124329588679942959499571180006370116932235818808022800
EVODEX.2.1-Em412,[#8:1](-[#6:2])-[#1]>>[#8:1](-[#6:2])-[#6@@](-[#6])(-[#8])-[#6@@],"EVODEX.2.1-P1977,EVODEX.2.1-P2022,EVODEX.2.1-P2026,EVODEX.2.1-P2030,EVODEX.2.1-P2152",94706303743357902901444414155250991582290279498224788717149339166838570137175
EVODEX.2.1-Em414,[#8:33](-[#6@:32](-[#6@:31])(-[#8:58])-[#1:96])-[#15:34](=[#8:35])(-[#8:36])-[#8:37]>>[#8](-[#6@@:32](-[#6@:31])(-[#8:58])-[#1:96])-[#1].[#8:33](-[#15:34](=[#8:35])(-[#8:36])-[#8:37])-[#1],"EVODEX.2.1-P1982,EVODEX.2.1-P2019,EVODEX.2.1-P3760,EVODEX.2.1-P4000,EVODEX.2.1-P5821",45296879119505313781907756362678420789313190722499668498270236531275566234224
EVODEX.2.1-Em416,[#8:101]-[#15:102](=[#8:103])(-[#8:104])-[#8:105]-[#6@](-[#8])(-[#6@@])-[#1]>>[#8:101]-[#15:102](=[#8:103])(-[#8:104])-[#8:105]-[#1],"EVODEX.2.1-P1984,EVODEX.2.1-P1989,EVODEX.2.1-P2000,EVODEX.2.1-P2009,EVODEX.2.1-P2010",39298869201458787465220360018692987926899875419124260831104445212035410283781
EVODEX.2.1-Em417,[#6:140]-[#6:141]1:[#6:142](:[#6:143](:[#6:144](-[#8:145]-[#1]):[#6:146](:[#6:147]:1-[#1:208])-[#1:207])-[#1:205])-[#1:204].[#8:101]-[#15:102](=[#8:103])(-[#8:104])-[#8:105]-[#6@:106](-[#8:107])(-[#6@@:115])-[#1:405]>>[#8:101]-[#15:102](=[#8:103])(-[#8:104])-[#8:105]-[#1].[#6:106](-[#8:145]-[#6:144]1:[#6:143](:[#6:142](:[#6:141](-[#6:140]):[#6:147](:[#6:146]:1-[#1:207])-[#1:208])-[#1:204])-[#1:205])(-[#8:107])(-[#6@@:115])-[#1:405],"EVODEX.2.1-P1987,EVODEX.2.1-P1988,EVODEX.2.1-P1993,EVODEX.2.1-P1994,EVODEX.2.1-P1996",107480749494729051826648284706033773269190897050421590139754599933662398796998
EVODEX.2.1-Em418,[#8:38]-[#15:39](=[#8:40])(-[#8:41]-[#1])-[#8:42]>>[#8:41](-[#6@@](-[#8])(-[#6@])-[#1])-[#15:39](-[#8:38])(=[#8:40])-[#8:42],"EVODEX.2.1-P1995,EVODEX.2.1-P2142,EVODEX.2.1-P2143,EVODEX.2.1-P2148,EVODEX.2.1-P2149",78143838533739829125916560210748171014148540696332298918889201250418563023116
EVODEX.2.1-Em419,[#8:2]-[#6:3]1:[#6:4](:[#6:5](-[#6:6]2:[#8:7]:[#6:8]3:[#6:9](:[#6:10](-[#8:11]):[#6:12](:[#6:13](-[#8:14]):[#6:15]:3:[#6:16](=[#8:17]):[#6:18]:2-[#8:19]-[#1])-[#1:66])-[#1:64]):[#6:20](:[#6:21](:[#6:22]:1-[#8:23])-[#1:70])-[#1:69])-[#1:63].[#8]-[#15](=[#8])(-[#8])-[#8]-[#6@@:42](-[#8:43])(-[#6@:51])-[#1:80]>>[#8:2]-[#6:3]1:[#6:4](:[#6:5](-[#6:6]2:[#8:7]:[#6:8]3:[#6:9](:[#6:10](-[#8:11]):[#6:12](:[#6:13](-[#8:14]):[#6:15]:3:[#6:16](=[#8:17]):[#6:18]:2-[#8:19]-[#6@:42](-[#8:43])(-[#6@:51])-[#1:80])-[#1:66])-[#1:64]):[#6:20](:[#6:21](:[#6:22]:1-[#8:23])-[#1:70])-[#1:69])-[#1:63],"EVODEX.2.1-P1997,EVODEX.2.1-P2051,EVODEX.2.1-P2074,EVODEX.2.1-P2155,EVODEX.2.1-P2184",55786111548605323609167998107765624928135954090867813930859399779309905360607
EVODEX.2.1-Em421,[#8:14]-[#15:15](=[#8:16])(-[#8:17])-[#8:18]-[#6@@:19](-[#8:20])(-[#6@:28])-[#1:62].[#7:42]-[#6:43]1:[#7:44]:[#6:45](:[#7:46]:[#6:47]2:[#7:48]:[#6:49](:[#7:50](:[#6:51]:1:2)-[#1])-[#1:85])-[#1:84]>>[#7:50]1(-[#6@@:19](-[#8:20])(-[#6@:28])-[#1:62]):[#6:49](:[#7:48]:[#6:47]2:[#7:46]:[#6:45](:[#7:44]:[#6:43](-[#7:42]):[#6:51]:1:2)-[#1:84])-[#1:85].[#8:14]-[#15:15](=[#8:16])(-[#8:17])-[#8:18]-[#1],"EVODEX.2.1-P2002,EVODEX.2.1-P2003,EVODEX.2.1-P2004,EVODEX.2.1-P2005,EVODEX.2.1-P2185",3237530690132462209265812266186377023797303622659590570015814112707896839752
EVODEX.2.1-Em423,[#8:24]-[#15:25](=[#8:26])(-[#8:27])-[#8:28]-[#6@@:29](-[#8:30])(-[#6@:38])-[#1:55].[#8:1]=[#6:2](-[#8:3]-[#1])-[#6:4]>>[#8:24]-[#15:25](=[#8:26])(-[#8:27])-[#8:28]-[#1].[#8:1]=[#6:2](-[#8:3]-[#6@:29](-[#8:30])(-[#6@:38])-[#1:55])-[#6:4],"EVODEX.2.1-P2007,EVODEX.2.1-P2018,EVODEX.2.1-P2042,EVODEX.2.1-P2049,EVODEX.2.1-P2057",34539213796683306420011594866666358171805818112189676935104019755179714198738
EVODEX.2.1-Em424,[#6:17](-[#6@@:5])(=[#8:18])-[#8:19]-[#1].[#8](-[#6@:25](-[#6@:24])(-[#8:51])-[#1:77])-[#15](=[#8])(-[#8])-[#8]>>[#6:17](-[#6@@:5])(=[#8:18])-[#8:19]-[#6@@:25](-[#6@:24])(-[#8:51])-[#1:77],"EVODEX.2.1-P2013,EVODEX.2.1-P2035,EVODEX.2.1-P2036,EVODEX.2.1-P2043,EVODEX.2.1-P2048",74256660254711101977234384425142225243188968741909558713092404195387080831030
EVODEX.2.1-Em425,[#8:55](-[#6@@:54](-[#6@:52])(-[#6@:56])-[#1:141])-[#1].[#8](-[#6@:65](-[#6@:64])(-[#8:91])-[#1:152])-[#15](=[#8])(-[#8])-[#8]>>[#6:54](-[#6@:52])(-[#8:55]-[#6@:65](-[#6@:64])(-[#8:91])-[#1:152])(-[#6@:56])-[#1:141],"EVODEX.2.1-P2015,EVODEX.2.1-P2063,EVODEX.2.1-P2105,EVODEX.2.1-P2107,EVODEX.2.1-P2110",57199370653046695071960492692606216759085509835777984532483736043043901596795
EVODEX.2.1-Em426,[#8]=[#15](-[#8])(-[#8])-[#8]-[#6:7](-[#6@:8])(-[#1:31])-[#1:32]>>[#8](-[#6:7](-[#6@:8])(-[#1:31])-[#1:32])-[#1],"EVODEX.2.1-P2017,EVODEX.2.1-P3742,EVODEX.2.1-P3764,EVODEX.2.1-P3786,EVODEX.2.1-P3791",90101503924046788309897466790799537001167788313962437497241962816248160851750
EVODEX.2.1-Em427,[#8:11](-[#6@@:10])-[#1].[#8:27]-[#6@@:28](-[#6:29])(-[#8:31]-[#6@@:32](-[#8:33])(-[#6@:41])-[#1:76])-[#6@@:43]>>[#8:11](-[#6@@:10])-[#6@:28](-[#6:29])(-[#8:27])-[#6@@:43].[#8:31](-[#6:32](-[#8:33])(-[#6@:41])-[#1:76])-[#1],"EVODEX.2.1-P2025,EVODEX.2.1-P2027,EVODEX.2.1-P2028,EVODEX.2.1-P2032,EVODEX.2.1-P2157",114524229782212658315867647930604198804028878175067630499903393464671335459184
EVODEX.2.1-Em428,[#8:17]-[#6@:18](-[#8:19]-[#15:20](=[#8:21])(-[#8:22])-[#8:23])(-[#6@:44])-[#1:73].[#8:60](-[#1])-[#1]>>[#8:17]-[#6@@:18](-[#8:60]-[#1])(-[#6@:44])-[#1:73].[#8:19](-[#15:20](=[#8:21])(-[#8:22])-[#8:23])-[#1],"EVODEX.2.1-P2038,EVODEX.2.1-P3736,EVODEX.2.1-P3761,EVODEX.2.1-P3823,EVODEX.2.1-P3824",30450250794816552670572388071143226637418425233228371839380925148709034581205
EVODEX.2.1-Em429,[#8:5]-[#6@:6](-[#8:7]-[#15:8](=[#8:9])(-[#8:10])-[#8:11])(-[#6@:32])-[#1:62].[#8:38]=[#6:39]1:[#6:40](-[#8:41]-[#1]):[#6:42](-[#6:43]2:[#6:44](:[#6:45](:[#6:46](-[#8:47]):[#6:48](-[#8:49]):[#6:50]:2-[#1:87])-[#1:84])-[#1:83]):[#8:51]:[#6:52]2:[#6:53](:[#6:54](-[#8:55]):[#6:56](:[#6:57](-[#8:58]):[#6:59]:1:2)-[#1:90])-[#1:88]>>[#8:5]-[#6:6](-[#8:41]-[#6:40]1:[#6:39](=[#8:38]):[#6:59]2:[#6:52](:[#8:51]:[#6:42]:1-[#6:43]1:[#6:44](:[#6:45](:[#6:46](-[#8:47]):[#6:48](-[#8:49]):[#6:50]:1-[#1:87])-[#1:84])-[#1:83]):[#6:53](:[#6:54](-[#8:55]):[#6:56](:[#6:57]:2-[#8:58])-[#1:90])-[#1:88])(-[#6@:32])-[#1:62].[#8:7](-[#15:8](=[#8:9])(-[#8:10])-[#8:11])-[#1],"EVODEX.2.1-P2050,EVODEX.2.1-P2095,EVODEX.2.1-P2153,EVODEX.2.1-P2154,EVODEX.2.1-P2183",11626941351099147239265871182086742116788744735465632493318878511812239899681
EVODEX.2.1-Em430,[#8:14]-[#15:15](=[#8:16])(-[#8:17])-[#8:18]-[#6@@:19](-[#8:20])(-[#6@:28])-[#1:63].[#8:37](-[#6:38])-[#1]>>[#8:37](-[#6@:19](-[#8:20])(-[#6@:28])-[#1:63])-[#6:38].[#8:14]-[#15:15](=[#8:16])(-[#8:17])-[#8:18]-[#1],"EVODEX.2.1-P2053,EVODEX.2.1-P2087,EVODEX.2.1-P2104,EVODEX.2.1-P2122,EVODEX.2.1-P2132",99160217100637437909452820639817067135610716316457617975688968972667668850617
EVODEX.2.1-Em432,[#8:4]-[#6@@:5](-[#6:6])(-[#8:8]-[#6@@:9](-[#8:10])(-[#6@:18])-[#1:54])-[#6@@:20].[#8:46](-[#6@@:45])-[#1]>>[#8:46](-[#6@:9](-[#8:10])(-[#6@:18])-[#1:54])-[#6@@:45].[#8:4]-[#6:5](-[#6:6])(-[#8:8]-[#1])-[#6@@:20],"EVODEX.2.1-P2099,EVODEX.2.1-P2100,EVODEX.2.1-P2113,EVODEX.2.1-P2114,EVODEX.2.1-P2117",102434472233148307106005763888646573401320837732437046400436337224945869953901
EVODEX.2.1-Em434,[#8:7](-[#6@:6](-[#6@:5])(-[#8:32])-[#1:123])-[#15:8](=[#8:9])(-[#8:10])-[#8:11].[#6:116]-[#6@:115](-[#6@:67])(-[#8:117]-[#1])-[#1:214]>>[#8:117](-[#6@:6](-[#6@:5])(-[#8:32])-[#1:123])-[#6:115](-[#6@:67])(-[#6:116])-[#1:214].[#8:7](-[#15:8](=[#8:9])(-[#8:10])-[#8:11])-[#1],"EVODEX.2.1-P2106,EVODEX.2.1-P2108,EVODEX.2.1-P2109,EVODEX.2.1-P2156,EVODEX.2.1-P2178",14046589976121002104252272657194532276689443658685677091845023383811188163277
EVODEX.2.1-Em435,[#8:56]-[#15:57](=[#8:58])(-[#8:59]-[#1])-[#8:60].[#8:77]-[#15:78](=[#8:79])(-[#8:80])-[#8:81]-[#6@@:82](-[#8:83])(-[#6@@:91])-[#1:200]>>[#8:56]-[#15:57](=[#8:58])(-[#8:59]-[#6@:82](-[#8:83])(-[#6@@:91])-[#1:200])-[#8:60].[#8:77]-[#15:78](=[#8:79])(-[#8:80])-[#8:81]-[#1],"EVODEX.2.1-P2118,EVODEX.2.1-P2120,EVODEX.2.1-P2144,EVODEX.2.1-P2146,EVODEX.2.1-P3215",63779972786104906017643418097471135038004449914005549824449543003959796704064
EVODEX.2.1-Em436,[#8:1]=[#7&+:2](-[#8&-:3])-[#6:4]1:[#6:5](:[#6:6](:[#6:7](-[#8:8]-[#6@@:9](-[#8:10])(-[#6@:18])-[#1:58]):[#6:20](:[#6:21]:1-[#1:70])-[#1:69])-[#1:57])-[#1:56].[#8:22](-[#6:23])-[#1]>>[#8:22](-[#6@@:9](-[#8:10])(-[#6@:18])-[#1:58])-[#6:23].[#8:1]=[#7&+:2](-[#8&-:3])-[#6:4]1:[#6:5](:[#6:6](:[#6:7](-[#8:8]-[#1]):[#6:20](:[#6:21]:1-[#1:70])-[#1:69])-[#1:57])-[#1:56],"EVODEX.2.1-P2130,EVODEX.2.1-P2140,EVODEX.2.1-P4017,EVODEX.2.1-P4018,EVODEX.2.1-P4077",63877748259635362105747208623680335721109228683214545161288447925374084331211
EVODEX.2.1-Em437,[#8]=[#7&+](-[#8&-])-[#6]1:[#6](:[#6](:[#6](-[#8]-[#6@@:9](-[#8:10])(-[#6@:18])-[#1:58]):[#6](:[#6]:1-[#1])-[#1])-[#1])-[#1].[#8:22](-[#6:23])-[#1]>>[#8:22](-[#6@@:9](-[#8:10])(-[#6@:18])-[#1:58])-[#6:23],"EVODEX.2.1-P2131,EVODEX.2.1-P4076,EVODEX.2.1-P4109,EVODEX.2.1-P4112,EVODEX.2.1-P4116",21372170871982623929741201558639983909311163999391486664190553671958486490038
EVODEX.2.1-Em438,[#8:6]-[#6@:7](-[#6:8](-[#8:9])(-[#1:30])-[#1:31])(-[#6@@:10])-[#1:29].[#8:19]=[#15:20](-[#8:21]-[#1])(-[#8:22])-[#8:23]>>[#8:6]-[#6@:7](-[#8:21]-[#15:20](=[#8:19])(-[#8:22])-[#8:23])(-[#6@@:10])-[#1:29].[#6:8](-[#8:9])(-[#1:30])(-[#1:31])-[#1],"EVODEX.2.1-P2158,EVODEX.2.1-P2166,EVODEX.2.1-P2169,EVODEX.2.1-P2172,EVODEX.2.1-P2174",7497857932401578960254722888452649762541516880558337989634688196815112040234
EVODEX.2.1-Em439,[#8:6]-[#6@:7](-[#6](-[#8])(-[#1])-[#1])(-[#6@@:10])-[#1:29].[#8:19]=[#15:20](-[#8:21]-[#1])(-[#8:22])-[#8:23]>>[#8:6]-[#6@:7](-[#8:21]-[#15:20](=[#8:19])(-[#8:22])-[#8:23])(-[#6@@:10])-[#1:29],"EVODEX.2.1-P2159,EVODEX.2.1-P2161,EVODEX.2.1-P2163,EVODEX.2.1-P2170,EVODEX.2.1-P2175",21832860354589909865698660684862365122726117012251478564301467179262783912658
EVODEX.2.1-Em440,[#8:6]-[#6@:7](-[#6:8](-[#8:9])(-[#1:30])-[#1:31])(-[#6@@:10])-[#1:29]>>[#8:6]-[#6@:7](-[#8]-[#15](=[#8])(-[#8])-[#8])(-[#6@@:10])-[#1:29].[#6:8](-[#8:9])(-[#1:30])(-[#1:31])-[#1],"EVODEX.2.1-P2160,EVODEX.2.1-P2162,EVODEX.2.1-P2165,EVODEX.2.1-P2168,EVODEX.2.1-P2177",38559274301880779757724349925170876549240444804305924848355313997983653883849
EVODEX.2.1-Em441,[#8:13]-[#6@:14](-[#6](-[#8])(-[#1])-[#1])(-[#6@@:17])-[#1:29]>>[#8]=[#15](-[#8]-[#6@@:14](-[#8:13])(-[#6@@:17])-[#1:29])(-[#8])-[#8],"EVODEX.2.1-P2164,EVODEX.2.1-P2167,EVODEX.2.1-P2171,EVODEX.2.1-P2173,EVODEX.2.1-P2176",10164174692653497497465052351999600361412500290096126079029004171668342950880
EVODEX.2.1-Em443,[#6:13]-[#8:14]-[#1].[#8:39]-[#6@:40](-[#8]-[#15](=[#8])(-[#8])-[#8])(-[#6:62](=[#8:63])-[#8:64])-[#6:65]>>[#6:13]-[#8:14]-[#6@:40](-[#6:62](=[#8:63])-[#8:64])(-[#8:39])-[#6:65],"EVODEX.2.1-P2187,EVODEX.2.1-P2188,EVODEX.2.1-P2190,EVODEX.2.1-P2193,EVODEX.2.1-P2201",5742603882779967883682728713999883583686679146025821090534505758508827591360
EVODEX.2.1-Em444,[#6:47]-[#8:48]-[#1]>>[#8]-[#6@@](-[#6](=[#8])-[#8])(-[#8:48]-[#6:47])-[#6],"EVODEX.2.1-P2189,EVODEX.2.1-P2195,EVODEX.2.1-P2196,EVODEX.2.1-P2197,EVODEX.2.1-P2198",45714256442670825750822020369643625736092103628945639387431446660625932858633
EVODEX.2.1-Em445,[#6:38]-[#8:39]-[#1].[#8:77]-[#6@:78](-[#8:79]-[#15:80](=[#8:81])(-[#8:82])-[#8:83])(-[#6:100](=[#8:101])-[#8:102])-[#6:103]>>[#6:38]-[#8:39]-[#6@@:78](-[#6:100](=[#8:101])-[#8:102])(-[#8:77])-[#6:103].[#8:79](-[#15:80](=[#8:81])(-[#8:82])-[#8:83])-[#1],"EVODEX.2.1-P2191,EVODEX.2.1-P2192,EVODEX.2.1-P2194,EVODEX.2.1-P2199,EVODEX.2.1-P2200",111884934804878280729865760432442888947227984389225514926997245679461201588383
EVODEX.2.1-Em446,[#6:1](=[#6:2](-[#6:3])-[#6:4](-[#6:5])(-[#1:39])-[#1])(-[#1:34])-[#1:35].[#6:20]/[#6:21](-[#6:22])=[#6:23](/[#6:24](-[#8:25]-[#15:26](=[#8:27])(-[#8:28])-[#8:29])(-[#1:61])-[#1:62])-[#1:60]>>[#6:1](/[#6:2](-[#6:3])=[#6:4](/[#6:5])-[#1:39])(-[#6:24](/[#6:23](=[#6:21](/[#6:20])-[#6:22])-[#1:60])(-[#1:61])-[#1:62])(-[#1:34])-[#1:35].[#8:25](-[#15:26](=[#8:27])(-[#8:28])-[#8:29])-[#1],"EVODEX.2.1-P2202,EVODEX.2.1-P2256,EVODEX.2.1-P2258,EVODEX.2.1-P2259,EVODEX.2.1-P2261",64530436500541714108372042514318715637252150302989617516036326044714779972164
EVODEX.2.1-Em447,[#6:1](=[#6:2](-[#6:3])-[#6:4](-[#6:5])(-[#1:39])-[#1])(-[#1:34])-[#1:35].[#6:20]/[#6:21](-[#6:22])=[#6:23](/[#6:24](-[#8]-[#15](=[#8])(-[#8])-[#8])(-[#1:61])-[#1:62])-[#1:60]>>[#6:1](/[#6:2](-[#6:3])=[#6:4](/[#6:5])-[#1:39])(-[#6:24](/[#6:23](=[#6:21](/[#6:20])-[#6:22])-[#1:60])(-[#1:61])-[#1:62])(-[#1:34])-[#1:35],"EVODEX.2.1-P2203,EVODEX.2.1-P2204,EVODEX.2.1-P2257,EVODEX.2.1-P2260,EVODEX.2.1-P2262",67707768911392741820459371059921937204456383414943192328739289611268464210530
EVODEX.2.1-Em448,[#6]-[#16&+](-[#6:3](-[#6:4])(-[#1:35])-[#1:36])-[#6].[#7:25](-[#6:26])(-[#1])-[#1]>>[#6:3](-[#6:4])(-[#7:25](-[#6:26])-[#1])(-[#1:35])-[#1:36],"EVODEX.2.1-P2205,EVODEX.2.1-P2234,EVODEX.2.1-P2251,EVODEX.2.1-P2255,EVODEX.2.1-P2280",3897522247732426158680736110029774806017713117947299063181868610635525904205
EVODEX.2.1-Em449,[#6:1]-[#16&+:2](-[#6:3](-[#6:4])(-[#1:33])-[#1:34])-[#6:7].[#7:25](-[#6:26])(-[#1])-[#1]>>[#6:3](-[#6:4])(-[#7:25](-[#6:26])-[#1])(-[#1:33])-[#1:34].[#6:1]-[#16:2]-[#6:7],"EVODEX.2.1-P2206,EVODEX.2.1-P2208,EVODEX.2.1-P2210,EVODEX.2.1-P2244,EVODEX.2.1-P2254",24057153833809577485625939158552089886771132268389652717197541576833817721382
EVODEX.2.1-Em450,[#7:25](-[#6:26])(-[#1])-[#1]>>[#6](-[#6])(-[#7:25](-[#6:26])-[#1])(-[#1])-[#1],"EVODEX.2.1-P2207,EVODEX.2.1-P2209,EVODEX.2.1-P2235,EVODEX.2.1-P2252,EVODEX.2.1-P2253",11093692410201715136325381706427742724429842198806169262630534532520638650080
EVODEX.2.1-Em451,[#6:21]-[#6:22]1:[#6:23](:[#7:24](:[#6:25]2:[#6:26](:[#6:27](:[#6:28](:[#6:29](:[#6:30]:1:2)-[#1:47])-[#1:46])-[#1:45])-[#1:44])-[#1])-[#1].[#6:1]-[#6:2](-[#6:3])=[#6:4](-[#6:5](-[#8:6]-[#15:7](=[#8:8])(-[#8:9])-[#8:10])(-[#1:56])-[#1:57])-[#1:55]>>[#6:1]-[#6:2](-[#6:3])=[#6:4](-[#6:5](-[#6:23]1:[#6:22](-[#6:21]):[#6:30]2:[#6:25](:[#7:24]:1-[#1]):[#6:26](:[#6:27](:[#6:28](:[#6:29]:2-[#1:47])-[#1:46])-[#1:45])-[#1:44])(-[#1:56])-[#1:57])-[#1:55].[#8:6](-[#15:7](=[#8:8])(-[#8:9])-[#8:10])-[#1],"EVODEX.2.1-P2211,EVODEX.2.1-P2214,EVODEX.2.1-P2219,EVODEX.2.1-P2221,EVODEX.2.1-P2224",7381465984357603781229879329688071270438911619649654569091790944226365406134
EVODEX.2.1-Em452,[#6:21]-[#6:22]1:[#6:23](:[#7:24](:[#6:25]2:[#6:26](:[#6:27](:[#6:28](:[#6:29](:[#6:30]:1:2)-[#1:47])-[#1:46])-[#1:45])-[#1:44])-[#1])-[#1]>>[#6]-[#6](-[#6])=[#6](-[#6](-[#6:23]1:[#6:22](-[#6:21]):[#6:30]2:[#6:25](:[#7:24]:1-[#1]):[#6:26](:[#6:27](:[#6:28](:[#6:29]:2-[#1:47])-[#1:46])-[#1:45])-[#1:44])(-[#1])-[#1])-[#1],"EVODEX.2.1-P2212,EVODEX.2.1-P2216,EVODEX.2.1-P2218,EVODEX.2.1-P2220,EVODEX.2.1-P2223",111344589456432596589749622482414704382491131522184992594097538114098662506981
EVODEX.2.1-Em453,[#6:1]-[#6:2](-[#6:3])=[#6:4](-[#6:5](-[#8]-[#15](=[#8])(-[#8])-[#8])(-[#1:40])-[#1:41])-[#1:39].[#6:22]-[#6:23]1:[#6:24](:[#7:25](:[#6:26]2:[#6:27](:[#6:28](:[#6:29](:[#6:30](:[#6:31]:1:2)-[#1:56])-[#1:55])-[#1:54])-[#1:53])-[#1])-[#1]>>[#6:1]-[#6:2](-[#6:3])=[#6:4](-[#6:5](-[#6:24]1:[#6:23](-[#6:22]):[#6:31]2:[#6:26](:[#7:25]:1-[#1]):[#6:27](:[#6:28](:[#6:29](:[#6:30]:2-[#1:56])-[#1:55])-[#1:54])-[#1:53])(-[#1:40])-[#1:41])-[#1:39],"EVODEX.2.1-P2213,EVODEX.2.1-P2215,EVODEX.2.1-P2217,EVODEX.2.1-P2222,EVODEX.2.1-P2225",1635869383053045481133662233252011178434007631175106888661246353021179859047
EVODEX.2.1-Em454,[#6:19]-[#6:20]1:[#6:21](:[#7:22](:[#6:23]2:[#6:24](:[#6:25](:[#6:26](:[#6:27](:[#6:28]:1:2)-[#1:64])-[#1:63])-[#1:62])-[#1])-[#1])-[#1:59]>>[#6]-[#6](-[#6])=[#6](-[#6](-[#6:24]1:[#6:23]2:[#7:22](:[#6:21](:[#6:20](-[#6:19]):[#6:28]:2:[#6:27](:[#6:26](:[#6:25]:1-[#1:62])-[#1:63])-[#1:64])-[#1:59])-[#1])(-[#1])-[#1])-[#1],"EVODEX.2.1-P2226,EVODEX.2.1-P2233,EVODEX.2.1-P2398,EVODEX.2.1-P2399,EVODEX.2.1-P2402",98559326382658914814140706023874850055648233163127570645982393159333652980422
EVODEX.2.1-Em455,[#6:1]-[#6:2](-[#6:3])=[#6:4](-[#6:5](-[#8:6]-[#15:7](=[#8:8])(-[#8:9])-[#8:10])(-[#1:47])-[#1:48])-[#1:46].[#6:19]-[#6:20]1:[#6:21](:[#7:22](:[#6:23]2:[#6:24](:[#6:25](:[#6:26](:[#6:27](:[#6:28]:1:2)-[#1:61])-[#1:60])-[#1:59])-[#1])-[#1])-[#1:56]>>[#6:1]-[#6:2](-[#6:3])=[#6:4](-[#6:5](-[#6:24]1:[#6:23]2:[#7:22](:[#6:21](:[#6:20](-[#6:19]):[#6:28]:2:[#6:27](:[#6:26](:[#6:25]:1-[#1:59])-[#1:60])-[#1:61])-[#1:56])-[#1])(-[#1:47])-[#1:48])-[#1:46].[#8:6](-[#15:7](=[#8:8])(-[#8:9])-[#8:10])-[#1],"EVODEX.2.1-P2227,EVODEX.2.1-P2230,EVODEX.2.1-P2231,EVODEX.2.1-P2266,EVODEX.2.1-P2400",39368954629508891081720509741124498267412040892678323256121354809800998844212
EVODEX.2.1-Em456,[#6:1]-[#6:2](-[#6:3])=[#6:4](-[#6:5](-[#8]-[#15](=[#8])(-[#8])-[#8])(-[#1:47])-[#1:48])-[#1:46].[#6:19]-[#6:20]1:[#6:21](:[#7:22](:[#6:23]2:[#6:24](:[#6:25](:[#6:26](:[#6:27](:[#6:28]:1:2)-[#1:61])-[#1:60])-[#1:59])-[#1])-[#1])-[#1:56]>>[#6:1]-[#6:2](-[#6:3])=[#6:4](-[#6:5](-[#6:24]1:[#6:23]2:[#7:22](:[#6:21](:[#6:20](-[#6:19]):[#6:28]:2:[#6:27](:[#6:26](:[#6:25]:1-[#1:59])-[#1:60])-[#1:61])-[#1:56])-[#1])(-[#1:47])-[#1:48])-[#1:46],"EVODEX.2.1-P2228,EVODEX.2.1-P2229,EVODEX.2.1-P2232,EVODEX.2.1-P2267,EVODEX.2.1-P2401",192390203405589218115241010171209083369346289824094172085880506519512660655
EVODEX.2.1-Em457,[#6:16]-[#6:18](=[#8:19])-[#6:20]1:[#6:21](-[#8:22]):[#6:23](:[#6:24](-[#8:25]):[#6:26](:[#6:27]:1-[#8:28])-[#1:39])-[#1].[#6:1]-[#6:2](-[#6:3])=[#6:4](-[#6:5](-[#8]-[#15](=[#8])(-[#8])-[#8])(-[#1:48])-[#1:49])-[#1:47]>>[#6:1]-[#6:2](-[#6:3])=[#6:4](-[#6:5](-[#6:23]1:[#6:21](-[#8:22]):[#6:20](-[#6:18](-[#6:16])=[#8:19]):[#6:27](-[#8:28]):[#6:26](:[#6:24]:1-[#8:25])-[#1:39])(-[#1:48])-[#1:49])-[#1:47],"EVODEX.2.1-P2236,EVODEX.2.1-P2240,EVODEX.2.1-P2242,EVODEX.2.1-P2392,EVODEX.2.1-P2397",85828455101931204288846374425649736202744274516299761589146897992630711402068
EVODEX.2.1-Em458,[#6:18]-[#6:19](=[#8:20])-[#6:21]1:[#6:22](-[#8:23]):[#6:24](:[#6:25](-[#8:26]):[#6:27](:[#6:28]:1-[#8:29])-[#1:42])-[#1].[#6:1]-[#6:2](-[#6:3])=[#6:4](-[#6:5](-[#8:6]-[#15:7](=[#8:8])(-[#8:9])-[#8:10])(-[#1:51])-[#1:52])-[#1:50]>>[#6:1]-[#6:2](-[#6:3])=[#6:4](-[#6:5](-[#6:24]1:[#6:22](-[#8:23]):[#6:21](-[#6:19](-[#6:18])=[#8:20]):[#6:28](-[#8:29]):[#6:27](:[#6:25]:1-[#8:26])-[#1:42])(-[#1:51])-[#1:52])-[#1:50].[#8:6](-[#15:7](=[#8:8])(-[#8:9])-[#8:10])-[#1],"EVODEX.2.1-P2237,EVODEX.2.1-P2239,EVODEX.2.1-P2241,EVODEX.2.1-P2243,EVODEX.2.1-P2394",73485806318217230345403052972160244296538633906515528300920431870107705774390
EVODEX.2.1-Em459,[#6:18]-[#6:19](=[#8:20])-[#6:21]1:[#6:22](-[#8:23]):[#6:24](:[#6:25](-[#8:26]):[#6:27](:[#6:28]:1-[#8:29])-[#1:42])-[#1]>>[#6]-[#6](-[#6])=[#6](-[#6](-[#6:24]1:[#6:22](-[#8:23]):[#6:21](-[#6:19](-[#6:18])=[#8:20]):[#6:28](-[#8:29]):[#6:27](:[#6:25]:1-[#8:26])-[#1:42])(-[#1])-[#1])-[#1],"EVODEX.2.1-P2238,EVODEX.2.1-P2391,EVODEX.2.1-P2393,EVODEX.2.1-P2395,EVODEX.2.1-P2396",57659291420019563845175408992339636439126708271160014438314191498475816313213
EVODEX.2.1-Em460,[#6:30]/[#6:31](=[#6:32](\[#6:33])-[#6:34])-[#1:121].[#6:49](-[#6@:48])(-[#8:50]-[#15:51](=[#8:52])(-[#8:53])-[#8:54])(-[#1:141])-[#1]>>[#6:30]-[#6:31]1(-[#6:32](-[#6:33])(-[#6:34])-[#6:49]-1(-[#6@:48])-[#1:141])-[#1:121].[#8:50](-[#15:51](=[#8:52])(-[#8:53])-[#8:54])-[#1],"EVODEX.2.1-P2245,EVODEX.2.1-P2247,EVODEX.2.1-P2248,EVODEX.2.1-P2249,EVODEX.2.1-P2250",10092235950233378163630609474518221114221730692778491840286558641603644503241
EVODEX.2.1-Em462,[#6:1]-[#6:2](-[#6:3])=[#6:4](-[#6:5](-[#8:6]-[#15:7](=[#8:8])(-[#8:9])-[#8:10])(-[#1:37])-[#1:38])-[#1:36].[#6:17]-[#6:18]1:[#6:19](:[#7:20](:[#6:21]2:[#6:22](:[#6:23](:[#6:24](:[#6:25](:[#6:26]:1:2)-[#1])-[#1:51])-[#1:50])-[#1:49])-[#1])-[#1:47]>>[#6:1]-[#6:2](-[#6:3])=[#6:4](-[#6:5](-[#6:25]1:[#6:24](:[#6:23](:[#6:22](:[#6:21]2:[#7:20](:[#6:19](:[#6:18](-[#6:17]):[#6:26]:1:2)-[#1:47])-[#1])-[#1:49])-[#1:50])-[#1:51])(-[#1:37])-[#1:38])-[#1:36].[#8:6](-[#15:7](=[#8:8])(-[#8:9])-[#8:10])-[#1],"EVODEX.2.1-P2263,EVODEX.2.1-P2269,EVODEX.2.1-P2271,EVODEX.2.1-P2272,EVODEX.2.1-P2273",43777937807766981416856365158581520533341743390778685294995623191560853129946
EVODEX.2.1-Em463,[#6:1]-[#6:2](-[#6:3])=[#6:4](-[#6:5](-[#8]-[#15](=[#8])(-[#8])-[#8])(-[#1:37])-[#1:38])-[#1:36].[#6:17]-[#6:18]1:[#6:19](:[#7:20](:[#6:21]2:[#6:22](:[#6:23](:[#6:24](:[#6:25](:[#6:26]:1:2)-[#1])-[#1:51])-[#1:50])-[#1:49])-[#1])-[#1:47]>>[#6:1]-[#6:2](-[#6:3])=[#6:4](-[#6:5](-[#6:25]1:[#6:24](:[#6:23](:[#6:22](:[#6:21]2:[#7:20](:[#6:19](:[#6:18](-[#6:17]):[#6:26]:1:2)-[#1:47])-[#1])-[#1:49])-[#1:50])-[#1:51])(-[#1:37])-[#1:38])-[#1:36],"EVODEX.2.1-P2264,EVODEX.2.1-P2265,EVODEX.2.1-P2270,EVODEX.2.1-P2276,EVODEX.2.1-P2278",102078196184153006829449185494647905224598789122359479347118708910232830863017
EVODEX.2.1-Em464,[#6:19]-[#6:20]1:[#6:21](:[#7:22](:[#6:23]2:[#6:24](:[#6:25](:[#6:26](:[#6:27](:[#6:28]:1:2)-[#1])-[#1:50])-[#1:49])-[#1:48])-[#1])-[#1:46]>>[#6]-[#6](-[#6])=[#6](-[#6](-[#6:27]1:[#6:26](:[#6:25](:[#6:24](:[#6:23]2:[#7:22](:[#6:21](:[#6:20](-[#6:19]):[#6:28]:1:2)-[#1:46])-[#1])-[#1:48])-[#1:49])-[#1:50])(-[#1])-[#1])-[#1],"EVODEX.2.1-P2268,EVODEX.2.1-P2274,EVODEX.2.1-P2275,EVODEX.2.1-P2277,EVODEX.2.1-P2279",9991315486604621385693500227268033610195134799588872869579977436416127409150
EVODEX.2.1-Em465,[#6:5]-[#6:6](-[#7:7](-[#6:8])-[#1])(-[#1:20])-[#1:21].[#7:1](-[#1])(-[#1])-[#1]>>[#7:1](-[#6:6](-[#6:5])(-[#1:20])-[#1:21])(-[#1])-[#1].[#7:7](-[#6:8])(-[#1])-[#1],"EVODEX.2.1-P2282,EVODEX.2.1-P2283,EVODEX.2.1-P2284,EVODEX.2.1-P2285,EVODEX.2.1-P2287",18948480222808463416793164951499726929469396388638711698348586093855135633414
EVODEX.2.1-Em466,[#6:11]-[#16:12]-[#1].[#6:1]-[#6:2](=[#8:3])-[#8:4]-[#6:5](-[#6@:6])(-[#1:20])-[#1:21]>>[#6:5](-[#6@:6])(-[#16:12]-[#6:11])(-[#1:20])-[#1:21].[#6:1]-[#6:2](=[#8:3])-[#8:4]-[#1],"EVODEX.2.1-P2288,EVODEX.2.1-P2292,EVODEX.2.1-P2295,EVODEX.2.1-P2298,EVODEX.2.1-P2313",67208841017880599389056416550779011353783549081219490204414382278490674915230
EVODEX.2.1-Em467,[#6:11]-[#16:12]-[#1].[#6]-[#6](=[#8])-[#8]-[#6:5](-[#6@:6])(-[#1:20])-[#1:21]>>[#6:5](-[#6@:6])(-[#16:12]-[#6:11])(-[#1:20])-[#1:21],"EVODEX.2.1-P2289,EVODEX.2.1-P2302,EVODEX.2.1-P2304,EVODEX.2.1-P2307,EVODEX.2.1-P2315",71522747463654094133807927259780916128778817556750595495853800002026049804823
EVODEX.2.1-Em469,[#6:4]-[#16:5]-[#6:6](-[#6@:7])(-[#1:23])-[#1:24]>>[#6:6](-[#6@:7])(-[#8]-[#1])(-[#1:23])-[#1:24].[#6:4]-[#16:5]-[#1],"EVODEX.2.1-P2293,EVODEX.2.1-P3655,EVODEX.2.1-P4552,EVODEX.2.1-P4554,EVODEX.2.1-P6090",1501140892717862718059773874017360798552487114086810828140380603864422801852
EVODEX.2.1-Em470,[#6:6]-[#16:7]-[#6:8](-[#6@:9])(-[#1:23])-[#1:24]>>[#6]-[#6](=[#8])-[#8]-[#6:8](-[#6@:9])(-[#1:23])-[#1:24].[#6:6]-[#16:7]-[#1],"EVODEX.2.1-P2297,EVODEX.2.1-P2309,EVODEX.2.1-P2311,EVODEX.2.1-P2314,EVODEX.2.1-P2321",57235506643978549652451993492753577370024620464329755661730373003510451807079
EVODEX.2.1-Em471,[#6]-[#6](-[#16:5]-[#6:6])(-[#1])-[#1]>>[#16:5](-[#6:6])-[#1],"EVODEX.2.1-P2299,EVODEX.2.1-P2301,EVODEX.2.1-P2306,EVODEX.2.1-P2317,EVODEX.2.1-P2320",28351916368224319360876128045735163749519070171922245201093106391657312840221
EVODEX.2.1-Em472,[#6:1]-[#6:2](=[#8:3])-[#8:4]-[#1].[#6:7]-[#6:8](-[#16:9]-[#6:10])(-[#1:28])-[#1:29]>>[#6:1]-[#6:2](=[#8:3])-[#8:4]-[#6:8](-[#6:7])(-[#1:28])-[#1:29].[#16:9](-[#6:10])-[#1],"EVODEX.2.1-P2300,EVODEX.2.1-P2305,EVODEX.2.1-P2308,EVODEX.2.1-P2310,EVODEX.2.1-P2319",30348703563914314786076757247733595166621369099756274721035177959283005392999
EVODEX.2.1-Em473,[#8]=[#6](-[#8])-[#6](=[#8])-[#6](-[#6@@:7](-[#8:8]-[#1])(-[#6@:9])-[#1:30])(-[#1])-[#1]>>[#6:7](=[#8:8])(-[#6@:9])-[#1:30],"EVODEX.2.1-P2323,EVODEX.2.1-P6063,EVODEX.2.1-P6064,EVODEX.2.1-P6068,EVODEX.2.1-P6075",102452174231061685874282874471677430038831388537089014269824589253868789760993
EVODEX.2.1-Em474,[#8:12]=[#6:13](-[#6@:14])-[#1:31]>>[#6](-[#6](=[#8])-[#6](=[#8])-[#8])(-[#6@@:13](-[#8:12]-[#1])(-[#6@:14])-[#1:31])(-[#1])-[#1],"EVODEX.2.1-P2324,EVODEX.2.1-P6023,EVODEX.2.1-P6065,EVODEX.2.1-P6066,EVODEX.2.1-P6074",18809540124029227752641177822103691518461480182089384240838436321772996412758
EVODEX.2.1-Em476,[#6:11]/[#6:12](-[#6:13])=[#6:14](/[#6:15](-[#8:16]-[#15:17](=[#8:18])(-[#8:19])-[#8:20])(-[#1:78])-[#1:79])-[#1:77].[#6:47]-[#16:48]-[#1]>>[#6:11]/[#6:12](-[#6:13])=[#6:14](/[#6:15](-[#16:48]-[#6:47])(-[#1:78])-[#1:79])-[#1:77].[#8:16](-[#15:17](=[#8:18])(-[#8:19])-[#8:20])-[#1],"EVODEX.2.1-P2326,EVODEX.2.1-P2342,EVODEX.2.1-P2343,EVODEX.2.1-P2344,EVODEX.2.1-P2349",77377871541381085995061546709380032680829394939666405161498209735190149398217
EVODEX.2.1-Em477,[#6:16]/[#6:17](-[#6:18])=[#6:19](/[#6:20](-[#8:21]-[#15:22](=[#8:23])(-[#8:24])-[#8:25])(-[#1:109])-[#1:110])-[#1:108]>>[#6:16]/[#6:17](-[#6:18])=[#6:19](/[#6:20](-[#16]-[#6])(-[#1:109])-[#1:110])-[#1:108].[#8:21](-[#15:22](=[#8:23])(-[#8:24])-[#8:25])-[#1],"EVODEX.2.1-P2327,EVODEX.2.1-P2332,EVODEX.2.1-P2333,EVODEX.2.1-P2334,EVODEX.2.1-P2336",40069900392456228758878511616292451485711175732326292883124030970552237656266
EVODEX.2.1-Em478,[#6:1]-[#6:2](=[#6:3](-[#6:4](-[#8]-[#15](=[#8])(-[#8])-[#8])(-[#1:80])-[#1:81])-[#1:79])-[#6:14]>>[#6:1]-[#6:2](=[#6:3](-[#6:4](-[#16]-[#6])(-[#1:80])-[#1:81])-[#1:79])-[#6:14],"EVODEX.2.1-P2328,EVODEX.2.1-P2331,EVODEX.2.1-P2335,EVODEX.2.1-P2337,EVODEX.2.1-P2338",16254251946294444681884002146355359256349061549599506985780830670335049279475
EVODEX.2.1-Em479,[#6:11]/[#6:12](-[#6:13])=[#6:14](/[#6:15](-[#8]-[#15](=[#8])(-[#8])-[#8])(-[#1:96])-[#1:97])-[#1:95].[#6:42]-[#16:43]-[#1]>>[#6:11]/[#6:12](-[#6:13])=[#6:14](/[#6:15](-[#16:43]-[#6:42])(-[#1:96])-[#1:97])-[#1:95],"EVODEX.2.1-P2339,EVODEX.2.1-P2340,EVODEX.2.1-P2345,EVODEX.2.1-P2346,EVODEX.2.1-P2347",100469333566199509003280605116770596051799732056908945234268041374550744219900
EVODEX.2.1-Em483,[#6:4]-[#16:5]-[#6:6].[#8:44](-[#1])-[#1]>>[#6:4]-[#16&+:5](-[#6:6])-[#6](-[#6@])(-[#1])-[#1].[#8]-[#15](=[#8])(-[#8])-[#8:44]-[#1],"EVODEX.2.1-P2359,EVODEX.2.1-P2372,EVODEX.2.1-P2373,EVODEX.2.1-P2377,EVODEX.2.1-P2382",101979208573719108690512298751127464694706452746763103313699199903531123825143
EVODEX.2.1-Em484,[#6:2]-[#16:3]-[#6:4]>>[#6:2]-[#16&+:3](-[#6:4])-[#6](-[#6@])(-[#1])-[#1],"EVODEX.2.1-P2360,EVODEX.2.1-P2366,EVODEX.2.1-P2374,EVODEX.2.1-P2379,EVODEX.2.1-P2388",62618680252040131091352173719114188252880906320257071059008031834317600672991
EVODEX.2.1-Em485,[#6:2]-[#16:3]-[#6:4].[#6:24](-[#6@:23])(-[#8]-[#15](=[#8])(-[#8])-[#8])(-[#1:62])-[#1:63]>>[#6:2]-[#16&+:3](-[#6:4])-[#6:24](-[#6@:23])(-[#1:62])-[#1:63],"EVODEX.2.1-P2361,EVODEX.2.1-P2365,EVODEX.2.1-P2369,EVODEX.2.1-P2376,EVODEX.2.1-P2387",1722770899366380565195757222934821366657244888533634890248308186536698220380
EVODEX.2.1-Em488,[#7:1]-[#6:2](-[#6:3](=[#8:4])-[#8:5])(-[#1:18])-[#1].[#6:9]-[#6:10](-[#6](=[#8])-[#6](=[#8])-[#8])(-[#1:24])-[#1:25]>>[#7:1]-[#6@:2](-[#6:3](=[#8:4])-[#8:5])(-[#6:10](-[#6:9])(-[#1:24])-[#1:25])-[#1:18],"EVODEX.2.1-P2405,EVODEX.2.1-P2739,EVODEX.2.1-P2743,EVODEX.2.1-P2748,EVODEX.2.1-P2754",22811934288969938530756036234449012218484611151743070038883689112282653293687
EVODEX.2.1-Em490,[#7:1](-[#6@:2](-[#6:3](=[#8:4])-[#8:5])(-[#6@@:6])-[#1])(-[#1])-[#1].[#6:15]-[#6:16](=[#8:17])-[#6:18](=[#8:19])-[#8:20]>>[#6:2](-[#6:3](=[#8:4])-[#8:5])(-[#6@@:6])=[#8:17].[#7:1](-[#6:16](-[#6:15])(-[#6:18](=[#8:19])-[#8:20])-[#1])(-[#1])-[#1],"EVODEX.2.1-P2408,EVODEX.2.1-P2543,EVODEX.2.1-P2772,EVODEX.2.1-P2784,EVODEX.2.1-P2797",48521807171788590873355995866833915675872867159464054970366229922502190085252
EVODEX.2.1-Em497,[#6:7]-[#6:8](-[#7:9](-[#1])-[#1])(-[#1:33])-[#1].[#6:18]-[#6:19](=[#8:20])-[#6:21](=[#8:22])-[#8:23]>>[#6:7]-[#6:8](=[#8:20])-[#1:33].[#7:9](-[#6:19](-[#6:18])(-[#6:21](=[#8:22])-[#8:23])-[#1])(-[#1])-[#1],"EVODEX.2.1-P2419,EVODEX.2.1-P2439,EVODEX.2.1-P2500,EVODEX.2.1-P2503,EVODEX.2.1-P2788",114078604435425525448289157531607646207846215484898128579063245104822306655148
EVODEX.2.1-Em500,[#6:24](-[#6@@:22])(=[#8:25])-[#6@@:26].[#7:35](-[#6@@:36](-[#6:37])(-[#6:42](=[#8:43])-[#8:44])-[#1])(-[#1])-[#1]>>[#7:35](-[#6@@:24](-[#6@@:22])(-[#6@@:26])-[#1])(-[#1])-[#1].[#8:25]=[#6:36](-[#6:37])-[#6:42](=[#8:43])-[#8:44],"EVODEX.2.1-P2422,EVODEX.2.1-P2520,EVODEX.2.1-P2682,EVODEX.2.1-P2683,EVODEX.2.1-P2809",20376762159871062050599811074413451700592437337315753932708960187757436774323
EVODEX.2.1-Em502,[#6:10]-[#6@:11](-[#7:12](-[#1])-[#1])(-[#6:13](=[#8:14])-[#8:15])-[#1].[#6:7]-[#6:8](=[#8:9])-[#1:38]>>[#6:7]-[#6:8](-[#7:12](-[#1])-[#1])(-[#1:38])-[#1].[#8:9]=[#6:11](-[#6:10])-[#6:13](=[#8:14])-[#8:15],"EVODEX.2.1-P2433,EVODEX.2.1-P2449,EVODEX.2.1-P2502,EVODEX.2.1-P2504,EVODEX.2.1-P2672",44424822563706800605025489389536781865971320241717542892363939211263755472843
EVODEX.2.1-Em504,[#6:3]-[#6:4](-[#6@:5](-[#7:6])(-[#6:7](=[#8:8])-[#8:9])-[#1:22])(-[#1:20])-[#1:21]>>[#6:5](-[#7:6])(-[#6:7](=[#8:8])-[#8:9])(-[#1:22])-[#1].[#6:3]-[#6:4](-[#6](=[#8])-[#6](=[#8])-[#8])(-[#1:20])-[#1:21],"EVODEX.2.1-P2472,EVODEX.2.1-P2477,EVODEX.2.1-P2511,EVODEX.2.1-P2750,EVODEX.2.1-P2753",68011196991214133053805799612533025923879758231904459281458101062564245193842
EVODEX.2.1-Em505,[#6:4]-[#6:5](-[#6@:6](-[#7:7])(-[#6:8](=[#8:9])-[#8:10])-[#1:25])(-[#1:23])-[#1:24].[#8:11]=[#6:12](-[#6:13](=[#8:14])-[#8:15])-[#1]>>[#6:6](-[#7:7])(-[#6:8](=[#8:9])-[#8:10])(-[#1:25])-[#1].[#6:4]-[#6:5](-[#6:12](=[#8:11])-[#6:13](=[#8:14])-[#8:15])(-[#1:23])-[#1:24],"EVODEX.2.1-P2473,EVODEX.2.1-P2475,EVODEX.2.1-P2476,EVODEX.2.1-P2607,EVODEX.2.1-P2745",5614124899343279375067388465669980740489738819247997813595708756215165418652
EVODEX.2.1-Em506,[#6:4]-[#6:5](-[#6@](-[#7])(-[#6](=[#8])-[#8])-[#1])(-[#1:23])-[#1:24].[#8:11]=[#6:12](-[#6:13](=[#8:14])-[#8:15])-[#1]>>[#6:4]-[#6:5](-[#6:12](=[#8:11])-[#6:13](=[#8:14])-[#8:15])(-[#1:23])-[#1:24],"EVODEX.2.1-P2474,EVODEX.2.1-P2608,EVODEX.2.1-P2742,EVODEX.2.1-P2746,EVODEX.2.1-P2749",95464431184235895256260309353025824656616896418604886092237610185558177932384
EVODEX.2.1-Em507,[#6:1]-[#6:2](=[#8:3])-[#6:4](=[#8:5])-[#8:6].[#7:7](-[#6:8](-[#6:9])(-[#6:21])-[#1])(-[#1])-[#1]>>[#6:1]-[#6:2](-[#6:4](=[#8:5])-[#8:6])(-[#7:7](-[#1])-[#1])-[#1].[#8:3]=[#6:8](-[#6:9])-[#6:21],"EVODEX.2.1-P2485,EVODEX.2.1-P2488,EVODEX.2.1-P2490,EVODEX.2.1-P2709,EVODEX.2.1-P2814",64223975281434607202380382302594895060347972244002538330847697937291309732841
EVODEX.2.1-Em508,[#7:1](-[#6:2](-[#6:3])(-[#1:17])-[#1])(-[#1])-[#1].[#8:9]=[#6:10](-[#6:11])-[#1:26]>>[#6:2](-[#6:3])(=[#8:9])-[#1:17].[#7:1](-[#6:10](-[#6:11])(-[#1:26])-[#1])(-[#1])-[#1],"EVODEX.2.1-P2496,EVODEX.2.1-P2497,EVODEX.2.1-P2498,EVODEX.2.1-P2799,EVODEX.2.1-P2800",113851905048740553203020003955441151566608351217177678628982678556350400727030
EVODEX.2.1-Em509,[#7:1]-[#6@@:2](-[#6:3])(-[#6](=[#8])-[#8])-[#1:20]>>[#7:1]-[#6:2](-[#6:3])(-[#1:20])-[#1],"EVODEX.2.1-P2501,EVODEX.2.1-P5924,EVODEX.2.1-P5925,EVODEX.2.1-P5929,EVODEX.2.1-P5956",33943515904897824111552822122504711478921150996853348239484672220901322830269
EVODEX.2.1-Em510,[#8]=[#6](-[#8])-[#6:11](-[#6:12])(-[#1:28])-[#1:29]>>[#6:11](-[#6:12])(-[#1:28])(-[#1:29])-[#1],"EVODEX.2.1-P2516,EVODEX.2.1-P3376,EVODEX.2.1-P5951,EVODEX.2.1-P5957,EVODEX.2.1-P5958",40732121478599892679575541446608262784875785791378117683844915582678520769164
EVODEX.2.1-Em511,[#6:1]-[#6@:2](-[#7:3](-[#1])-[#1])(-[#6:4](=[#8:5])-[#8:6])-[#1].[#6:7]-[#6:8]1:[#7:9]:[#6:10](:[#6:11](-[#6:12]):[#6:14](-[#6:15](=[#8:16])-[#1:33]):[#6:17]:1-[#8:18])-[#1:29]>>[#6:1]-[#6:2](-[#6:4](=[#8:5])-[#8:6])=[#8:16].[#7:3](-[#6:15](-[#6:14]1:[#6:11](-[#6:12]):[#6:10](:[#7:9]:[#6:8](-[#6:7]):[#6:17]:1-[#8:18])-[#1:29])(-[#1:33])-[#1])(-[#1])-[#1],"EVODEX.2.1-P2575,EVODEX.2.1-P2576,EVODEX.2.1-P2577,EVODEX.2.1-P2693,EVODEX.2.1-P6132",38305502398178895469958597454195894602826533896074702785577197999378792021412
EVODEX.2.1-Em512,[#6:2]-[#6:4](-[#6:5](=[#8:6])-[#6:7](=[#8:8])-[#8:9])(-[#1:22])-[#1:23].[#7:10]-[#6:11](-[#6:12](=[#8:13])-[#8:14])(-[#1:27])-[#1]>>[#6:2]-[#6:4](-[#6@:11](-[#7:10])(-[#6:12](=[#8:13])-[#8:14])-[#1:27])(-[#1:22])-[#1:23].[#6:5](=[#8:6])(-[#6:7](=[#8:8])-[#8:9])-[#1],"EVODEX.2.1-P2609,EVODEX.2.1-P2726,EVODEX.2.1-P2736,EVODEX.2.1-P2738,EVODEX.2.1-P2751",23433805566383131946026400065333428832810075872397168079195010016895547210094
EVODEX.2.1-Em513,[#6:1]-[#6:2](-[#6:3])(-[#1:19])-[#1]>>[#6:1]-[#6:2](-[#6:3])(-[#6](-[#1])(-[#1])-[#1])-[#1:19],"EVODEX.2.1-P2613,EVODEX.2.1-P2621,EVODEX.2.1-P2623,EVODEX.2.1-P2630,EVODEX.2.1-P2637",52288950140544925532802885423245951570300955447451332811718768978989459334027
EVODEX.2.1-Em514,[#6:11]-[#6@:12](-[#6:13](-[#1:25])(-[#1:26])-[#1:27])(-[#6@:14])-[#1:24].[#6:1]-[#6:2](-[#6@:3])(-[#1:35])-[#1]>>[#6:11]-[#6:12](-[#6@:14])(-[#1:24])-[#1].[#6:1]-[#6:2](-[#6@:3])(-[#6:13](-[#1:25])(-[#1:26])-[#1:27])-[#1:35],"EVODEX.2.1-P2622,EVODEX.2.1-P2624,EVODEX.2.1-P2632,EVODEX.2.1-P2633,EVODEX.2.1-P2636",97734317149506397849929650692307591315275772709116410663930104510814497262774
EVODEX.2.1-Em515,[#6:11](-[#6:12])(-[#1:19])(-[#1:20])-[#1].[#6:1](-[#6:2](-[#6:3])(-[#1:33])-[#1:34])(-[#1:30])(-[#1:31])-[#1:32]>>[#6:1](-[#6:11](-[#6:12])(-[#1:19])-[#1:20])(-[#1:30])(-[#1:31])-[#1:32].[#6:2](-[#6:3])(-[#1:33])(-[#1:34])-[#1],"EVODEX.2.1-P2631,EVODEX.2.1-P2634,EVODEX.2.1-P2635,EVODEX.2.1-P2647,EVODEX.2.1-P2648",50275902208708497388251740335254581532168343410278162515394527558338968916645
EVODEX.2.1-Em516,[#6:1]-[#6@:2](-[#7:3](-[#1])-[#1])(-[#6:4](=[#8:5])-[#8:6])-[#1]>>[#6:1]-[#6:2](-[#6:4](=[#8:5])-[#8:6])=[#8].[#7:3](-[#6](-[#6](=[#8])-[#6])(-[#1])-[#1])(-[#1])-[#1],"EVODEX.2.1-P2656,EVODEX.2.1-P2659,EVODEX.2.1-P2662,EVODEX.2.1-P2668,EVODEX.2.1-P2670",101527236104698926253139599301338379449990276379654079071816964448322655952833
EVODEX.2.1-Em517,[#6:4]-[#6@:5](-[#7:6](-[#1])-[#1])(-[#6:7](=[#8:8])-[#8:9])-[#1].[#8:10]=[#6:11](-[#6:12](=[#8:13])-[#6:14])-[#1:27]>>[#6:4]-[#6:5](-[#6:7](=[#8:8])-[#8:9])=[#8:10].[#7:6](-[#6:11](-[#6:12](=[#8:13])-[#6:14])(-[#1:27])-[#1])(-[#1])-[#1],"EVODEX.2.1-P2657,EVODEX.2.1-P2658,EVODEX.2.1-P2660,EVODEX.2.1-P2664,EVODEX.2.1-P2666",65806093473590934222566370012834450812141251719328710449880232722208984165816
EVODEX.2.1-Em518,[#7](-[#6@@:2](-[#6:3])(-[#6:7](=[#8:8])-[#8:9])-[#1])(-[#1])-[#1].[#8:10]=[#6](-[#6](=[#8])-[#6])-[#1]>>[#6:2](-[#6:3])(-[#6:7](=[#8:8])-[#8:9])=[#8:10],"EVODEX.2.1-P2661,EVODEX.2.1-P2663,EVODEX.2.1-P2665,EVODEX.2.1-P2667,EVODEX.2.1-P2669",23798809179994051179365201400863822503275095688394857744430784341150535239108
EVODEX.2.1-Em519,[#6:3]-[#6:4](-[#6:5](=[#8:6])-[#6:7](=[#8:8])-[#8:9])(-[#1:20])-[#1:21]>>[#6:3]-[#6:4](-[#6@](-[#7])(-[#6](=[#8])-[#8])-[#1])(-[#1:20])-[#1:21].[#6:5](=[#8:6])(-[#6:7](=[#8:8])-[#8:9])-[#1],"EVODEX.2.1-P2725,EVODEX.2.1-P2737,EVODEX.2.1-P2740,EVODEX.2.1-P2744,EVODEX.2.1-P2747",27029050781553306902891671583273527987341320611204907840626800195433458500778
EVODEX.2.1-Em523,[#8:19]-[#15:20](=[#8:21])(-[#8:22])-[#8:23]-[#15:24](=[#8:25])(-[#8:26])-[#8:27].[#8:39]-[#6:40](-[#8:41]-[#1])(-[#6@:42])-[#1:67]>>[#8:19]-[#15:20](=[#8:21])(-[#8:22])-[#8:23]-[#1].[#15:24](=[#8:25])(-[#8:26])(-[#8:27])-[#8:41]-[#6@@:40](-[#8:39])(-[#6@:42])-[#1:67],"EVODEX.2.1-P2838,EVODEX.2.1-P2881,EVODEX.2.1-P3055,EVODEX.2.1-P3064,EVODEX.2.1-P3073",19125151111981187424884525653020038401191901077781359204605243446120691627985
EVODEX.2.1-Em524,[#6:31]-[#8:32]-[#15:33](=[#8:34])(-[#8:35])-[#8:36]>>[#6]-[#8]-[#15:33](=[#8:34])(-[#8:35])-[#8:36].[#6:31]-[#8:32]-[#1],"EVODEX.2.1-P2847,EVODEX.2.1-P3010,EVODEX.2.1-P3011,EVODEX.2.1-P3012,EVODEX.2.1-P3014",83635580430533818152163119560005176150627766460529596593397502105614899034199
EVODEX.2.1-Em526,[#6:8]-[#8:9]-[#1].[#8:37]-[#15:38](=[#8:39])(-[#8:40])-[#8:41]-[#15:42](=[#8:43])(-[#8:44])-[#8:45]>>[#6:8]-[#8:9]-[#15:42](=[#8:43])(-[#8:44])-[#8:45].[#8:37]-[#15:38](=[#8:39])(-[#8:40])-[#8:41]-[#1],"EVODEX.2.1-P2858,EVODEX.2.1-P2910,EVODEX.2.1-P2923,EVODEX.2.1-P2928,EVODEX.2.1-P2985",101012014710359571346845331784429567405420418991827364827908661577838537118308
EVODEX.2.1-Em527,[#8:15]-[#15:16](=[#8:17])(-[#8:18]-[#1])-[#8:19].[#8:24]=[#15:25](-[#8:26])(-[#8:27])-[#8:28]-[#6:29]>>[#8:15]-[#15:16](=[#8:17])(-[#8:18]-[#15:25](=[#8:24])(-[#8:26])-[#8:27])-[#8:19].[#8:28](-[#6:29])-[#1],"EVODEX.2.1-P2859,EVODEX.2.1-P2870,EVODEX.2.1-P2871,EVODEX.2.1-P3117,EVODEX.2.1-P3205",112757042933628832099852172606406405513504793836284331444458105667451292866648
EVODEX.2.1-Em528,[#8:19]-[#15:20](=[#8:21])(-[#8:22])-[#8:23]-[#15:24](=[#8:25])(-[#8:26])-[#8:27].[#8:36]-[#6@:37]1(-[#6@:38](-[#8:39]-[#1])(-[#6@:40](-[#8:41])(-[#6@:46](-[#8:47])(-[#6@@:48](-[#8:49])(-[#6@@:54]-1(-[#8:55])-[#1:85])-[#1:82])-[#1:80])-[#1:77])-[#1:75])-[#1:74]>>[#8:19]-[#15:20](=[#8:21])(-[#8:22])-[#8:23]-[#1].[#15:24](=[#8:25])(-[#8:26])(-[#8:27])-[#8:39]-[#6@@:38]1(-[#6@@:37](-[#8:36])(-[#6@:54](-[#8:55])(-[#6@@:48](-[#8:49])(-[#6@:46](-[#8:47])(-[#6@@:40]-1(-[#8:41])-[#1:77])-[#1:80])-[#1:82])-[#1:85])-[#1:74])-[#1:75],"EVODEX.2.1-P2875,EVODEX.2.1-P2979,EVODEX.2.1-P2980,EVODEX.2.1-P2982,EVODEX.2.1-P2983",17321346937029162685313323996656370148767038754072202727713208995415282878022
EVODEX.2.1-Em529,[#6:27]-[#8:28]-[#15](=[#8])(-[#8])-[#8]>>[#6:27]-[#8:28]-[#1],"EVODEX.2.1-P2882,EVODEX.2.1-P2972,EVODEX.2.1-P3206,EVODEX.2.1-P3732,EVODEX.2.1-P3737",275013133313941859131992431618503523872844264833446787633218458189266129220
EVODEX.2.1-Em530,[#6:1](-[#6:2](-[#6:3])(-[#8:4]-[#1])-[#6:5](-[#6:6](=[#8:7])-[#8:8]-[#1])(-[#1:47])-[#1:48])(-[#1:40])(-[#1:41])-[#1].[#8:27]-[#15:28](=[#8:29])(-[#8:30])-[#8:31]-[#15:32](=[#8:33])(-[#8:34])-[#8:35]>>[#6:6](=[#8:7])=[#8:8].[#6:1](=[#6:2](-[#6:3])-[#6:5](-[#1:47])(-[#1:48])-[#1])(-[#1:40])-[#1:41].[#8:31](-[#15:32](=[#8:33])(-[#8:34])-[#8:35])-[#1].[#8:4](-[#15:28](-[#8:27])(=[#8:29])-[#8:30])-[#1],"EVODEX.2.1-P2888,EVODEX.2.1-P5938,EVODEX.2.1-P5947,EVODEX.2.1-P5959,EVODEX.2.1-P5960",78663146514910477769650206443268042933564528748765063967299135808855284486274
EVODEX.2.1-Em531,[#6](=[#6](-[#8]-[#15:4](=[#8:5])(-[#8:6])-[#8:7])-[#6](=[#8])-[#8])(-[#1])-[#1].[#8:25]-[#15:26](=[#8:27])(-[#8:28]-[#1])-[#8:29]>>[#15:4](=[#8:5])(-[#8:6])(-[#8:7])-[#8:28]-[#15:26](-[#8:25])(=[#8:27])-[#8:29],"EVODEX.2.1-P2941,EVODEX.2.1-P2943,EVODEX.2.1-P2946,EVODEX.2.1-P2951,EVODEX.2.1-P5952",778271474059723370173497805601295824842920091679111434403268468096551016172
EVODEX.2.1-Em532,[#8:25]-[#15:26](=[#8:27])(-[#8:28])-[#8:29]-[#15:30](=[#8:31])(-[#8:32])-[#8:33]>>[#6](=[#6](-[#8]-[#15:30](=[#8:31])(-[#8:32])-[#8:33])-[#6](=[#8])-[#8])(-[#1])-[#1].[#8:25]-[#15:26](=[#8:27])(-[#8:28])-[#8:29]-[#1],"EVODEX.2.1-P2942,EVODEX.2.1-P2945,EVODEX.2.1-P2949,EVODEX.2.1-P2953,EVODEX.2.1-P5953",45988272023661421266487437403042468552973809986254280408331101549422908691343
EVODEX.2.1-Em533,[#6:1](=[#6:2](-[#8:3]-[#15:4](=[#8:5])(-[#8:6])-[#8:7])-[#6:8](=[#8:9])-[#8:10])(-[#1:37])-[#1:38].[#8:31]-[#15:32](=[#8:33])(-[#8:34]-[#1])-[#8:35]>>[#6:1](-[#6:2](=[#8:3])-[#6:8](=[#8:9])-[#8:10])(-[#1:37])(-[#1:38])-[#1].[#15:4](=[#8:5])(-[#8:6])(-[#8:7])-[#8:34]-[#15:32](-[#8:31])(=[#8:33])-[#8:35],"EVODEX.2.1-P2944,EVODEX.2.1-P2947,EVODEX.2.1-P2948,EVODEX.2.1-P2950,EVODEX.2.1-P2952",99488845360270255780072399954973545216792983157272625062273220908469253956157
EVODEX.2.1-Em534,[#6:24]-[#8:25]-[#1].[#8:28]=[#15:29](-[#8:30])(-[#8:31])-[#8:32]-[#6@@:33](-[#8:34])(-[#6@:42])-[#1:66]>>[#6:24]-[#8:25]-[#15:29](=[#8:28])(-[#8:30])-[#8:31].[#8:32](-[#6:33](-[#8:34])(-[#6@:42])-[#1:66])-[#1],"EVODEX.2.1-P2955,EVODEX.2.1-P2973,EVODEX.2.1-P2975,EVODEX.2.1-P6173,EVODEX.2.1-P6175",12631625163698555347039170289183489484970827659541088816268937876853342150765
EVODEX.2.1-Em536,[#6:28]-[#8:29]-[#1].[#8]=[#7&+](-[#8&-])-[#6]1:[#6](:[#6](:[#6](-[#8]-[#15:9](=[#8:10])(-[#8:11])-[#8:12]):[#6](:[#6]:1-[#1])-[#1])-[#1])-[#1]>>[#15:9](=[#8:10])(-[#8:11])(-[#8:12])-[#8:29]-[#6:28],"EVODEX.2.1-P3004,EVODEX.2.1-P3006,EVODEX.2.1-P3007,EVODEX.2.1-P3015,EVODEX.2.1-P3751",68901867940490662871001222585038078457566466689199500501192134695726266279285
EVODEX.2.1-Em537,[#6:8]-[#8:9]-[#1].[#8:22]=[#7&+:23](-[#8&-:24])-[#6:25]1:[#6:26](:[#6:27](:[#6:28](-[#8:29]-[#15:30](=[#8:31])(-[#8:32])-[#8:33]):[#6:34](:[#6:35]:1-[#1:57])-[#1:56])-[#1:53])-[#1:52]>>[#6:8]-[#8:9]-[#15:30](=[#8:31])(-[#8:32])-[#8:33].[#8:22]=[#7&+:23](-[#8&-:24])-[#6:25]1:[#6:26](:[#6:27](:[#6:28](-[#8:29]-[#1]):[#6:34](:[#6:35]:1-[#1:57])-[#1:56])-[#1:53])-[#1:52],"EVODEX.2.1-P3005,EVODEX.2.1-P3008,EVODEX.2.1-P3009,EVODEX.2.1-P3016,EVODEX.2.1-P3017",50238796371010928423765076280294563263689405159371827793939650233535696702609
EVODEX.2.1-Em538,[#6:9]-[#8:10]-[#1].[#8:18]=[#15:19](-[#8:20])(-[#8:21])-[#8:22]-[#6:23]1:[#6:24](:[#6:25](:[#6:26](:[#6:27](:[#6:28]:1-[#1:48])-[#1:47])-[#1:46])-[#1:45])-[#1:44]>>[#6:9]-[#8:10]-[#15:19](=[#8:18])(-[#8:20])-[#8:21].[#8:22](-[#6:23]1:[#6:24](:[#6:25](:[#6:26](:[#6:27](:[#6:28]:1-[#1:48])-[#1:47])-[#1:46])-[#1:45])-[#1:44])-[#1],"EVODEX.2.1-P3018,EVODEX.2.1-P3020,EVODEX.2.1-P3021,EVODEX.2.1-P3025,EVODEX.2.1-P3028",95180193427200296402723858492754264306253905940708562003779226829998481783383
EVODEX.2.1-Em539,[#6:9]-[#8:10]-[#1].[#8:18]=[#15:19](-[#8:20])(-[#8:21])-[#8]-[#6]1:[#6](:[#6](:[#6](:[#6](:[#6]:1-[#1])-[#1])-[#1])-[#1])-[#1]>>[#6:9]-[#8:10]-[#15:19](=[#8:18])(-[#8:20])-[#8:21],"EVODEX.2.1-P3019,EVODEX.2.1-P3022,EVODEX.2.1-P3023,EVODEX.2.1-P3024,EVODEX.2.1-P3026",68433498929982764208541718576718835502880667133883147288774949319618379477527
EVODEX.2.1-Em540,[#6:18]-[#6:19]1:[#6:20](:[#6:21](:[#6:22](-[#8:23]-[#1]):[#6:24](:[#6:25]:1-[#1:107])-[#1:106])-[#1:104])-[#1:103]>>[#6:18]-[#6:19]1:[#6:20](:[#6:21](:[#6:22](-[#8:23]-[#15](=[#8])(-[#8])-[#8]):[#6:24](:[#6:25]:1-[#1:107])-[#1:106])-[#1:104])-[#1:103],"EVODEX.2.1-P3033,EVODEX.2.1-P3036,EVODEX.2.1-P3042,EVODEX.2.1-P3044,EVODEX.2.1-P3046",71266165420131747983384690878781587483189196562847998337522182149531751223330
EVODEX.2.1-Em541,[#6:10]-[#6:11]1:[#6:12](:[#6:13](:[#6:14](-[#8:15]-[#1]):[#6:16](:[#6:17]:1-[#1:111])-[#1:110])-[#1:108])-[#1:107].[#8:80]-[#15:81](=[#8:82])(-[#8:83])-[#8:84]-[#15:85](=[#8:86])(-[#8:87])-[#8:88]>>[#6:10]-[#6:11]1:[#6:12](:[#6:13](:[#6:14](-[#8:15]-[#15:85](=[#8:86])(-[#8:87])-[#8:88]):[#6:16](:[#6:17]:1-[#1:111])-[#1:110])-[#1:108])-[#1:107].[#8:80]-[#15:81](=[#8:82])(-[#8:83])-[#8:84]-[#1],"EVODEX.2.1-P3034,EVODEX.2.1-P3037,EVODEX.2.1-P3040,EVODEX.2.1-P3043,EVODEX.2.1-P3047",15894325199522108294312719575577243162434946478289679433738031021967305661557
EVODEX.2.1-Em542,[#6:41]-[#6:42]1:[#6:43](:[#6:44](:[#6:45](-[#8:46]-[#1]):[#6:47](:[#6:48]:1-[#1:128])-[#1:127])-[#1:125])-[#1:124].[#8]-[#15](=[#8])(-[#8])-[#8]-[#15:84](=[#8:85])(-[#8:86])-[#8:87]>>[#6:41]-[#6:42]1:[#6:43](:[#6:44](:[#6:45](-[#8:46]-[#15:84](=[#8:85])(-[#8:86])-[#8:87]):[#6:47](:[#6:48]:1-[#1:128])-[#1:127])-[#1:125])-[#1:124],"EVODEX.2.1-P3035,EVODEX.2.1-P3038,EVODEX.2.1-P3039,EVODEX.2.1-P3041,EVODEX.2.1-P3045",3206880270060004001642740428630376983710946905904014798780471520372008373373
EVODEX.2.1-Em543,[#7:54]-[#6:55](=[#7:56]-[#1])-[#7:57](-[#1])-[#1].[#8:79]-[#15:80](=[#8:81])(-[#8:82])-[#8:83]-[#15:84](=[#8:85])(-[#8:86])-[#8:87]>>[#7:54]-[#6:55](=[#7:56]-[#1])-[#7:57](-[#15:84](=[#8:85])(-[#8:86])-[#8:87])-[#1].[#8:79]-[#15:80](=[#8:81])(-[#8:82])-[#8:83]-[#1],"EVODEX.2.1-P3051,EVODEX.2.1-P3086,EVODEX.2.1-P3087,EVODEX.2.1-P3094,EVODEX.2.1-P3101",90794901830330854266725153357348096308917149874863474132359432351350367070935
EVODEX.2.1-Em544,[#7:54]-[#6:55](=[#7:56]-[#1])-[#7:57](-[#1])-[#1].[#8]-[#15](=[#8])(-[#8])-[#8]-[#15:84](=[#8:85])(-[#8:86])-[#8:87]>>[#7:54]-[#6:55](=[#7:56]-[#1])-[#7:57](-[#15:84](=[#8:85])(-[#8:86])-[#8:87])-[#1],"EVODEX.2.1-P3052,EVODEX.2.1-P3076,EVODEX.2.1-P3084,EVODEX.2.1-P3090,EVODEX.2.1-P3092",4239034179049120746510940688241713373819554584556548148049427985863827238252
EVODEX.2.1-Em545,[#6:1]-[#6:2](=[#8:3])-[#8:4]-[#15:5](=[#8:6])(-[#8:7])-[#8:8]>>[#6:1]-[#6:2](=[#8:3])-[#8:4]-[#1].[#15:5](=[#8:6])(-[#8:7])(-[#8:8])-[#8]-[#15](-[#8])(=[#8])-[#8],"EVODEX.2.1-P3053,EVODEX.2.1-P3056,EVODEX.2.1-P3059,EVODEX.2.1-P3061,EVODEX.2.1-P3062",82533203260338147534203644853430613573975494782039780116248369544259094564148
EVODEX.2.1-Em546,[#8:15]-[#15:16](=[#8:17])(-[#8:18])-[#8:19]-[#15:20](=[#8:21])(-[#8:22])-[#8:23]>>[#8:15]-[#15:16](=[#8:17])(-[#8:18])-[#8:19]-[#1].[#15:20](=[#8:21])(-[#8:22])(-[#8:23])-[#8]-[#6](=[#8])-[#6@],"EVODEX.2.1-P3067,EVODEX.2.1-P3068,EVODEX.2.1-P3069,EVODEX.2.1-P3070,EVODEX.2.1-P3071",97630077606624702800823682920066339425454857580771484750378035811517919957166
EVODEX.2.1-Em547,[#7:1](=[#6:2](-[#7:3])-[#7:8](-[#15](=[#8])(-[#8])-[#8])-[#1])-[#1]>>[#7:1](=[#6:2](-[#7:3])-[#7:8](-[#1])-[#1])-[#1],"EVODEX.2.1-P3075,EVODEX.2.1-P3079,EVODEX.2.1-P3082,EVODEX.2.1-P3091,EVODEX.2.1-P5907",60785910736445729251180722006767845025696939234313734930706244594414784513597
EVODEX.2.1-Em548,[#7:1](=[#6:2](-[#7:3](-[#1])-[#1])-[#7:4])-[#1]>>[#7:1](=[#6:2](-[#7:3](-[#15](=[#8])(-[#8])-[#8])-[#1])-[#7:4])-[#1],"EVODEX.2.1-P3077,EVODEX.2.1-P3081,EVODEX.2.1-P3085,EVODEX.2.1-P3088,EVODEX.2.1-P3096",11983592781014053628098422694633794504820691912549053564331571176141643613671
EVODEX.2.1-Em549,[#8:27]-[#15:28](=[#8:29])(-[#8:30]-[#1])-[#8:31].[#7:1](=[#6:2](-[#7:3])-[#7:4](-[#15:5](=[#8:6])(-[#8:7])-[#8:8])-[#1])-[#1]>>[#7:1](=[#6:2](-[#7:3])-[#7:4](-[#1])-[#1])-[#1].[#15:5](=[#8:6])(-[#8:7])(-[#8:8])-[#8:30]-[#15:28](-[#8:27])(=[#8:29])-[#8:31],"EVODEX.2.1-P3078,EVODEX.2.1-P3080,EVODEX.2.1-P3097,EVODEX.2.1-P3098,EVODEX.2.1-P3099",12039806830932679510476484300781199992990621331018499690313970477563172040294
EVODEX.2.1-Em550,[#7:1](=[#6:2](-[#7:3])-[#7:10](-[#15:11](=[#8:12])(-[#8:13])-[#8:14])-[#1])-[#1]>>[#7:1](=[#6:2](-[#7:3])-[#7:10](-[#1])-[#1])-[#1].[#15:11](=[#8:12])(-[#8:13])(-[#8:14])-[#8]-[#15](-[#8])(=[#8])-[#8],"EVODEX.2.1-P3083,EVODEX.2.1-P3089,EVODEX.2.1-P3093,EVODEX.2.1-P3095,EVODEX.2.1-P3100",99201186568868464954517405968397044747360815978024846344444708665488414058297
EVODEX.2.1-Em551,[#6:14](-[#6@:13])(-[#8]-[#15](=[#8])(-[#8])-[#8])(-[#1:47])-[#1:48].[#8:28]=[#15:29](-[#8:30]-[#1])(-[#8:31])-[#8:32]>>[#6:14](-[#6@:13])(-[#8:30]-[#15:29](=[#8:28])(-[#8:31])-[#8:32])(-[#1:47])-[#1:48],"EVODEX.2.1-P3103,EVODEX.2.1-P3241,EVODEX.2.1-P3260,EVODEX.2.1-P3263,EVODEX.2.1-P7113",73296474657061920107207066856294212358630203167068958152547974980746784990671
EVODEX.2.1-Em552,[#8:10]-[#15:11](=[#8:12])(-[#8:13]-[#1])-[#8:14].[#8:40]-[#15:41](=[#8:42])(-[#8:43])-[#8:44]-[#15:45](=[#8:46])(-[#8:47])-[#8:48]>>[#8:10]-[#15:11](=[#8:12])(-[#8:13]-[#15:45](=[#8:46])(-[#8:47])-[#8:48])-[#8:14].[#8:40]-[#15:41](=[#8:42])(-[#8:43])-[#8:44]-[#1],"EVODEX.2.1-P3112,EVODEX.2.1-P3126,EVODEX.2.1-P3148,EVODEX.2.1-P3219,EVODEX.2.1-P3303",95602816635708480788988800963866992414357236357386007088191498683504658810039
EVODEX.2.1-Em554,[#6:13](-[#6@:12])(-[#8:14]-[#15:15](=[#8:16])(-[#8:17])-[#8:18])(-[#1:93])-[#1:94].[#8:77]-[#15:78](=[#8:79])(-[#8:80]-[#1])-[#8:81]>>[#6:13](-[#6@:12])(-[#8:80]-[#15:78](-[#8:77])(=[#8:79])-[#8:81])(-[#1:93])-[#1:94].[#8:14](-[#15:15](=[#8:16])(-[#8:17])-[#8:18])-[#1],"EVODEX.2.1-P3240,EVODEX.2.1-P3244,EVODEX.2.1-P3245,EVODEX.2.1-P3261,EVODEX.2.1-P3262",8011249171651860714892760952633693208185658212370855604012275995159034912643
EVODEX.2.1-Em555,[#8:6](-[#6@:5])-[#1]>>[#8:6](-[#6@:5])-[#16](=[#8])(=[#8])-[#8],"EVODEX.2.1-P3306,EVODEX.2.1-P3313,EVODEX.2.1-P3316,EVODEX.2.1-P3320,EVODEX.2.1-P3338",99052359636276262446303608435541454632582910532671575734770329227529045252357
EVODEX.2.1-Em556,[#6:8]-[#6:9]1:[#6:10](:[#6:11](:[#6:12](-[#8:13]-[#1]):[#6:14](:[#6:15]:1-[#1:68])-[#1:67])-[#1:65])-[#1:64].[#8:30]-[#15:31](=[#8:32])(-[#8:33])-[#8:34]-[#16:35](=[#8:36])(=[#8:37])-[#8:38]>>[#6:8]-[#6:9]1:[#6:10](:[#6:11](:[#6:12](-[#8:13]-[#16:35](=[#8:36])(=[#8:37])-[#8:38]):[#6:14](:[#6:15]:1-[#1:68])-[#1:67])-[#1:65])-[#1:64].[#8:30]-[#15:31](=[#8:32])(-[#8:33])-[#8:34]-[#1],"EVODEX.2.1-P3307,EVODEX.2.1-P3340,EVODEX.2.1-P3343,EVODEX.2.1-P3345,EVODEX.2.1-P3349",7597946197534279233941048206532360521692691614827078877580711959252492320515
EVODEX.2.1-Em557,[#6:8]-[#6:9]1:[#6:10](:[#6:11](:[#6:12](-[#8:13]-[#1]):[#6:14](:[#6:15]:1-[#1:68])-[#1:67])-[#1:65])-[#1:64].[#8]-[#15](=[#8])(-[#8])-[#8]-[#16:35](=[#8:36])(=[#8:37])-[#8:38]>>[#6:8]-[#6:9]1:[#6:10](:[#6:11](:[#6:12](-[#8:13]-[#16:35](=[#8:36])(=[#8:37])-[#8:38]):[#6:14](:[#6:15]:1-[#1:68])-[#1:67])-[#1:65])-[#1:64],"EVODEX.2.1-P3308,EVODEX.2.1-P3342,EVODEX.2.1-P3344,EVODEX.2.1-P3346,EVODEX.2.1-P3350",66459910242698736342800323703961717653706016216464179812662083742544213209357
EVODEX.2.1-Em558,[#6:8]-[#6:9]1:[#6:10](:[#6:11](:[#6:12](-[#8:13]-[#1]):[#6:14](:[#6:15]:1-[#1:68])-[#1:67])-[#1:65])-[#1:64]>>[#6:8]-[#6:9]1:[#6:10](:[#6:11](:[#6:12](-[#8:13]-[#16](=[#8])(=[#8])-[#8]):[#6:14](:[#6:15]:1-[#1:68])-[#1:67])-[#1:65])-[#1:64],"EVODEX.2.1-P3309,EVODEX.2.1-P3310,EVODEX.2.1-P3327,EVODEX.2.1-P3341,EVODEX.2.1-P3348",62064547800794246243551252863238975884174661827867500678107086642233158816153
EVODEX.2.1-Em559,[#8:22](-[#6@:21])-[#1].[#8:46]-[#15:47](=[#8:48])(-[#8:49])-[#8:50]-[#16:51](=[#8:52])(=[#8:53])-[#8:54]>>[#8:22](-[#6@:21])-[#16:51](=[#8:52])(=[#8:53])-[#8:54].[#8:46]-[#15:47](=[#8:48])(-[#8:49])-[#8:50]-[#1],"EVODEX.2.1-P3311,EVODEX.2.1-P3324,EVODEX.2.1-P3325,EVODEX.2.1-P3336,EVODEX.2.1-P3347",38844868747889335200528299701299546183589623101433038327788019500731470674634
EVODEX.2.1-Em560,[#8:22](-[#6@:21])-[#1].[#8]-[#15](=[#8])(-[#8])-[#8]-[#16:51](=[#8:52])(=[#8:53])-[#8:54]>>[#8:22](-[#6@:21])-[#16:51](=[#8:52])(=[#8:53])-[#8:54],"EVODEX.2.1-P3312,EVODEX.2.1-P3314,EVODEX.2.1-P3318,EVODEX.2.1-P3333,EVODEX.2.1-P3339",53850875574408642083171951858907732867945674263835940139796853531389144191563
EVODEX.2.1-Em561,[#8:6](-[#6@:5])-[#16:7](=[#8:8])(=[#8:9])-[#8:10]>>[#8:6](-[#6@:5])-[#1].[#16:7](=[#8:8])(=[#8:9])(-[#8:10])-[#8]-[#15](-[#8])(=[#8])-[#8],"EVODEX.2.1-P3315,EVODEX.2.1-P3317,EVODEX.2.1-P3319,EVODEX.2.1-P3329,EVODEX.2.1-P3337",70899765680516684247269344067564797658222696620813513579034957081315372814099
EVODEX.2.1-Em562,[#8:24](-[#6@:23])-[#16](=[#8])(=[#8])-[#8]>>[#8:24](-[#6@:23])-[#1],"EVODEX.2.1-P3321,EVODEX.2.1-P3323,EVODEX.2.1-P3326,EVODEX.2.1-P3334,EVODEX.2.1-P3335",86001819165881154935649857596787365376332178965031827859727989905531160821326
EVODEX.2.1-Em563,[#8:25](-[#6@:24])-[#16:26](=[#8:27])(=[#8:28])-[#8:29].[#8:52]-[#15:53](=[#8:54])(-[#8:55]-[#1])-[#8:56]>>[#8:25](-[#6@:24])-[#1].[#16:26](=[#8:27])(=[#8:28])(-[#8:29])-[#8:55]-[#15:53](-[#8:52])(=[#8:54])-[#8:56],"EVODEX.2.1-P3322,EVODEX.2.1-P3328,EVODEX.2.1-P3330,EVODEX.2.1-P3331,EVODEX.2.1-P3332",79712068583664402482363011150563162627094407389810549577385851150563396691950
EVODEX.2.1-Em564,[#6:1]-[#6:2](=[#8:3])-[#16:4]-[#6:5].[#6:53]-[#6:55](=[#8:56])-[#8:57]-[#1]>>[#6:1]-[#6:2](=[#8:3])-[#8:57]-[#1].[#16:4](-[#6:5])-[#6:55](-[#6:53])=[#8:56],"EVODEX.2.1-P3351,EVODEX.2.1-P3369,EVODEX.2.1-P3370,EVODEX.2.1-P3381,EVODEX.2.1-P3383",85890040022433003377356727895140275719673138900212359973025545990035641480040
EVODEX.2.1-Em567,[#6:1]-[#6:2](=[#8:3])-[#8]-[#1].[#6:51]-[#16:52]-[#6](=[#8])/[#6](=[#6](/[#6])-[#1])-[#1]>>[#6:1]-[#6:2](=[#8:3])-[#16:52]-[#6:51],"EVODEX.2.1-P3354,EVODEX.2.1-P3355,EVODEX.2.1-P3357,EVODEX.2.1-P3360,EVODEX.2.1-P3362",67522421789734118674925167219939824339267288008316391071972684644287505070781
EVODEX.2.1-Em570,[#6]-[#6](=[#8])-[#8:7]-[#1].[#6:10]-[#6:11](=[#8:12])-[#16]-[#6]>>[#8:7](-[#6:11](-[#6:10])=[#8:12])-[#1],"EVODEX.2.1-P3384,EVODEX.2.1-P3389,EVODEX.2.1-P3393,EVODEX.2.1-P3399,EVODEX.2.1-P3403",79824090676861598557039104450791330118953267667447651207980083587492291069585
EVODEX.2.1-Em571,[#6:3]-[#6:4](=[#8:5])-[#8]-[#1].[#6:8]-[#8:9]-[#1]>>[#6:3]-[#6:4](=[#8:5])-[#8:9]-[#6:8],"EVODEX.2.1-P3405,EVODEX.2.1-P3616,EVODEX.2.1-P3617,EVODEX.2.1-P3654,EVODEX.2.1-P4032",55380256367386756470753900152824259840348341161204412940761270294151896791502
EVODEX.2.1-Em572,[#6:3]-[#6:4](=[#8:5])-[#8:6]-[#6:7]1:[#6:8](:[#6:9](:[#6:10](:[#6:11](:[#6:12]:1-[#1:25])-[#1:24])-[#1:23])-[#1:22])-[#1:21].[#8:13](-[#1])-[#1]>>[#6:3]-[#6:4](=[#8:5])-[#8:13]-[#1].[#8:6](-[#6:7]1:[#6:8](:[#6:9](:[#6:10](:[#6:11](:[#6:12]:1-[#1:25])-[#1:24])-[#1:23])-[#1:22])-[#1:21])-[#1],"EVODEX.2.1-P3406,EVODEX.2.1-P3485,EVODEX.2.1-P3975,EVODEX.2.1-P4030,EVODEX.2.1-P4990",31043006097705558646471139313625060376494639518815578006495158315669410224318
EVODEX.2.1-Em573,[#6:3]-[#6:4](=[#8:5])-[#8:6]-[#6:7]1:[#6:8](:[#6:9](:[#6:10](:[#6:11](:[#6:12]:1-[#7&+:13](=[#8:14])-[#8&-:15])-[#1:27])-[#1:26])-[#1:25])-[#1:24]>>[#6:3]-[#6:4](=[#8:5])-[#8]-[#1].[#8:6](-[#6:7]1:[#6:8](:[#6:9](:[#6:10](:[#6:11](:[#6:12]:1-[#7&+:13](=[#8:14])-[#8&-:15])-[#1:27])-[#1:26])-[#1:25])-[#1:24])-[#1],"EVODEX.2.1-P3408,EVODEX.2.1-P3440,EVODEX.2.1-P3471,EVODEX.2.1-P3913,EVODEX.2.1-P4107",48362403560269860937352683819659964471402351868821250587086079784628190545472
EVODEX.2.1-Em576,[#6:1]-[#6:2](=[#8:3])-[#8:4]-[#6:5]1:[#6:6](:[#6:7](:[#6:8](:[#6:9]2:[#6:10](:[#6:11](:[#6:12](:[#6:13](:[#6:14]:1:2)-[#1:25])-[#1:24])-[#1:23])-[#1:22])-[#1:21])-[#1:20])-[#1:19].[#8:15](-[#1])-[#1]>>[#6:1]-[#6:2](=[#8:3])-[#8:15]-[#1].[#8:4](-[#6:5]1:[#6:6](:[#6:7](:[#6:8](:[#6:9]2:[#6:10](:[#6:11](:[#6:12](:[#6:13](:[#6:14]:1:2)-[#1:25])-[#1:24])-[#1:23])-[#1:22])-[#1:21])-[#1:20])-[#1:19])-[#1],"EVODEX.2.1-P3414,EVODEX.2.1-P3459,EVODEX.2.1-P3460,EVODEX.2.1-P3468,EVODEX.2.1-P3501",20068649590452700266659342516020862456752244693935958109302885874000794303345
EVODEX.2.1-Em578,[#6:3]-[#6:4](-[#8:5]-[#6:6](=[#8:7])-[#6@@:8])(-[#1:25])-[#1:26]>>[#6:3]-[#6:4](-[#8]-[#1])(-[#1:25])-[#1:26].[#8:5](-[#6:6](=[#8:7])-[#6@@:8])-[#1],"EVODEX.2.1-P3420,EVODEX.2.1-P3474,EVODEX.2.1-P3490,EVODEX.2.1-P4003,EVODEX.2.1-P4956",50886995054236310017614881961888128180108822967170750922865084244669767368806
EVODEX.2.1-Em580,[#6:2]-[#6:5](=[#8:6])-[#8:7]-[#6:8]1:[#6:9](:[#6:10](:[#6:11](:[#6:12](:[#6:13]:1-[#1:28])-[#1:27])-[#1:26])-[#1:25])-[#1:24]>>[#6:2]-[#6:5](=[#8:6])-[#8]-[#1].[#8:7](-[#6:8]1:[#6:9](:[#6:10](:[#6:11](:[#6:12](:[#6:13]:1-[#1:28])-[#1:27])-[#1:26])-[#1:25])-[#1:24])-[#1],"EVODEX.2.1-P3425,EVODEX.2.1-P3692,EVODEX.2.1-P3883,EVODEX.2.1-P4031,EVODEX.2.1-P4079",95924473906026063992305393976315802391412962058331568229230836373486284005843
EVODEX.2.1-Em581,[#6:3]-[#6:4](=[#8:5])-[#8:6]-[#6:7]1:[#6:8](:[#6:9](:[#6:10]2:[#6:11](-[#6:12]):[#6:13](:[#6:14](=[#8:15]):[#8:16]:[#6:17]:2:[#6:18]:1-[#1:33])-[#1:32])-[#1:28])-[#1:27].[#8:19](-[#1])-[#1]>>[#6:3]-[#6:4](=[#8:5])-[#8:19]-[#1].[#8:6](-[#6:7]1:[#6:8](:[#6:9](:[#6:10]2:[#6:11](-[#6:12]):[#6:13](:[#6:14](=[#8:15]):[#8:16]:[#6:17]:2:[#6:18]:1-[#1:33])-[#1:32])-[#1:28])-[#1:27])-[#1],"EVODEX.2.1-P3426,EVODEX.2.1-P3428,EVODEX.2.1-P3430,EVODEX.2.1-P3938,EVODEX.2.1-P4222",83865779445917521561552364762800106996193355397324948861988595480471885525159
EVODEX.2.1-Em582,[#6:3]-[#6:4](=[#8:5])-[#8]-[#6]1:[#6](:[#6](:[#6]2:[#6](-[#6]):[#6](:[#6](=[#8]):[#8]:[#6]:2:[#6]:1-[#1])-[#1])-[#1])-[#1]>>[#6:3]-[#6:4](=[#8:5])-[#8]-[#1],"EVODEX.2.1-P3427,EVODEX.2.1-P3431,EVODEX.2.1-P3456,EVODEX.2.1-P3933,EVODEX.2.1-P4057",23863628444349700532764843377679840261794541470022511335319713848033150647766
EVODEX.2.1-Em583,[#6:11]-[#6:12](=[#8:13])-[#8:14]-[#6:15]1:[#6:16](:[#6:17](:[#6:18]2:[#6:19](-[#6:20]):[#6:21](:[#6:22](=[#8:23]):[#8:24]:[#6:25]:2:[#6:26]:1-[#1:57])-[#1:56])-[#1:52])-[#1:51]>>[#6:11]-[#6:12](=[#8:13])-[#8]-[#1].[#8:14](-[#6:15]1:[#6:16](:[#6:17](:[#6:18]2:[#6:19](-[#6:20]):[#6:21](:[#6:22](=[#8:23]):[#8:24]:[#6:25]:2:[#6:26]:1-[#1:57])-[#1:56])-[#1:52])-[#1:51])-[#1],"EVODEX.2.1-P3429,EVODEX.2.1-P3433,EVODEX.2.1-P3453,EVODEX.2.1-P3458,EVODEX.2.1-P3974",101326542194314843170323577079854891565207166517146076441984925871603410543973
EVODEX.2.1-Em584,[#6:15]-[#6:16](=[#8:17])-[#8]-[#6]1:[#6](:[#6](:[#6]2:[#6](-[#6]):[#6](:[#6](=[#8]):[#8]:[#6]:2:[#6]:1-[#1])-[#1])-[#1])-[#1].[#8:31](-[#1])-[#1]>>[#6:15]-[#6:16](=[#8:17])-[#8:31]-[#1],"EVODEX.2.1-P3432,EVODEX.2.1-P3452,EVODEX.2.1-P3455,EVODEX.2.1-P3457,EVODEX.2.1-P3506",75980080790187595104496615093728577411473157645691158561319829680061450877270
EVODEX.2.1-Em585,[#8:2]=[#6:3](-[#6:4])-[#8:9]-[#6:8].[#8:1](-[#1])-[#1]>>([#8:1](-[#6:3](=[#8:2])-[#6:4])-[#1].[#6:8]-[#8:9]-[#1]),"EVODEX.2.1-P3434,EVODEX.2.1-P3509,EVODEX.2.1-P3556,EVODEX.2.1-P3592,EVODEX.2.1-P3704",93425991122379470517069263362138187058172411373244454714101914253871249593317
EVODEX.2.1-Em586,[#6:1]-[#6:2](-[#8:3]-[#6:4](=[#8:5])-[#6:6])(-[#1:23])-[#1:24].[#8:19](-[#1])-[#1]>>[#6:1]-[#6:2](-[#8:19]-[#1])(-[#1:23])-[#1:24].[#8:3](-[#6:4](=[#8:5])-[#6:6])-[#1],"EVODEX.2.1-P3437,EVODEX.2.1-P3476,EVODEX.2.1-P3483,EVODEX.2.1-P4008,EVODEX.2.1-P4009",87539475162621945608595693602880957260526603003987033151920730174247455295842
EVODEX.2.1-Em587,[#6:1]-[#6:2](=[#8:3])-[#8:4]-[#6:5]1:[#6:6](:[#6:7](:[#6:8](:[#6:9](:[#6:10]:1-[#7&+:11](=[#8:12])-[#8&-:13])-[#1:21])-[#1:20])-[#1:19])-[#1:18].[#8:14](-[#1])-[#1]>>[#6:1]-[#6:2](=[#8:3])-[#8:14]-[#1].[#8:4](-[#6:5]1:[#6:6](:[#6:7](:[#6:8](:[#6:9](:[#6:10]:1-[#7&+:11](=[#8:12])-[#8&-:13])-[#1:21])-[#1:20])-[#1:19])-[#1:18])-[#1],"EVODEX.2.1-P3438,EVODEX.2.1-P3469,EVODEX.2.1-P3912,EVODEX.2.1-P4055,EVODEX.2.1-P4106",47131911488610878693729445419381736323685049784819245285137374050646445003157
EVODEX.2.1-Em588,[#6:1]-[#6:2](=[#8:3])-[#8]-[#6]1:[#6](:[#6](:[#6](:[#6](:[#6]:1-[#7&+](=[#8])-[#8&-])-[#1])-[#1])-[#1])-[#1]>>[#6:1]-[#6:2](=[#8:3])-[#8]-[#1],"EVODEX.2.1-P3439,EVODEX.2.1-P3444,EVODEX.2.1-P3470,EVODEX.2.1-P4029,EVODEX.2.1-P4056",113829231284830333975542392895021462568566586320774921021805421315011874787267
EVODEX.2.1-Em589,[#6:5]-[#6:13](=[#8:14])-[#8:15]-[#6:16]1:[#6:17](:[#6:18](:[#6:19]2:[#6:20](:[#6:21](:[#6:22](:[#6:23](:[#6:24]:2:[#6:25]:1-[#1:45])-[#1:44])-[#1:43])-[#1:42])-[#1:41])-[#1:40])-[#1:39].[#8:26](-[#1])-[#1]>>[#6:5]-[#6:13](=[#8:14])-[#8:26]-[#1].[#8:15](-[#6:16]1:[#6:17](:[#6:18](:[#6:19]2:[#6:20](:[#6:21](:[#6:22](:[#6:23](:[#6:24]:2:[#6:25]:1-[#1:45])-[#1:44])-[#1:43])-[#1:42])-[#1:41])-[#1:40])-[#1:39])-[#1],"EVODEX.2.1-P3441,EVODEX.2.1-P3494,EVODEX.2.1-P3570,EVODEX.2.1-P4020,EVODEX.2.1-P4730",67178089502977438382806399519246124914293150549606807877703255258455078958462
EVODEX.2.1-Em590,[#6:5]-[#6:13](=[#8:14])-[#8]-[#6]1:[#6](:[#6](:[#6]2:[#6](:[#6](:[#6](:[#6](:[#6]:2:[#6]:1-[#1])-[#1])-[#1])-[#1])-[#1])-[#1])-[#1]>>[#6:5]-[#6:13](=[#8:14])-[#8]-[#1],"EVODEX.2.1-P3442,EVODEX.2.1-P3491,EVODEX.2.1-P3495,EVODEX.2.1-P3577,EVODEX.2.1-P4022",53099944582371671843847069801789970242930190411995454810053687478179356292271
EVODEX.2.1-Em591,[#6:1]-[#15:2](=[#8:3])(-[#8:4])-[#8:5]-[#6:6]1:[#6:7](:[#6:8](:[#6:9](-[#7&+:10](=[#8:11])-[#8&-:12]):[#6:13](:[#6:14]:1-[#1:23])-[#1:22])-[#1:21])-[#1:20].[#8:15](-[#1])-[#1]>>[#6:1]-[#15:2](=[#8:3])(-[#8:4])-[#8:5]-[#1].[#6:6]1(-[#8:15]-[#1]):[#6:7](:[#6:8](:[#6:9](-[#7&+:10](=[#8:11])-[#8&-:12]):[#6:13](:[#6:14]:1-[#1:23])-[#1:22])-[#1:21])-[#1:20],"EVODEX.2.1-P3446,EVODEX.2.1-P3813,EVODEX.2.1-P3863,EVODEX.2.1-P3864,EVODEX.2.1-P3870",12700388376395502829244845391754167200737544606294987106936295533768853448345
EVODEX.2.1-Em592,[#6:1]-[#15:2](=[#8:3])(-[#8:4])-[#8:5]-[#6]1:[#6](:[#6](:[#6](-[#7&+](=[#8])-[#8&-]):[#6](:[#6]:1-[#1])-[#1])-[#1])-[#1]>>[#6:1]-[#15:2](=[#8:3])(-[#8:4])-[#8:5]-[#1],"EVODEX.2.1-P3447,EVODEX.2.1-P3449,EVODEX.2.1-P3814,EVODEX.2.1-P3865,EVODEX.2.1-P3868",1068988829299687469259081727743814981894855894517748990938289229381328261436
EVODEX.2.1-Em593,[#6:1]-[#15:2](=[#8:3])(-[#8:4])-[#8:5]-[#6:6]1:[#6:7](:[#6:8](:[#6:9](-[#7&+:10](=[#8:11])-[#8&-:12]):[#6:13](:[#6:14]:1-[#1:23])-[#1:22])-[#1:21])-[#1:20]>>[#6:1]-[#15:2](=[#8:3])(-[#8:4])-[#8:5]-[#1].[#6:6]1(-[#8]-[#1]):[#6:7](:[#6:8](:[#6:9](-[#7&+:10](=[#8:11])-[#8&-:12]):[#6:13](:[#6:14]:1-[#1:23])-[#1:22])-[#1:21])-[#1:20],"EVODEX.2.1-P3448,EVODEX.2.1-P3450,EVODEX.2.1-P3862,EVODEX.2.1-P3869,EVODEX.2.1-P3871",40826195865895596426502283081189472896218523876964281648155428172665945647136
EVODEX.2.1-Em594,[#6:1]-[#6:2](=[#8:3])-[#8:4]-[#6:5]>>[#6:1]-[#6:2](=[#8:3])-[#8]-[#1].[#8:4](-[#6:5])-[#1],"EVODEX.2.1-P3451,EVODEX.2.1-P3566,EVODEX.2.1-P3603,EVODEX.2.1-P4036,EVODEX.2.1-P4081",55224251857828450369294531137808559439373936941969438525796967207132719841924
EVODEX.2.1-Em595,[#6:1]-[#6:2](=[#8:3])-[#8]-[#6]1:[#6](:[#6](:[#6]2:[#6](:[#6](:[#6](:[#6](:[#6]:2:[#6]:1-[#1])-[#1])-[#1])-[#1])-[#1])-[#1])-[#1].[#8:15](-[#1])-[#1]>>[#6:1]-[#6:2](=[#8:3])-[#8:15]-[#1],"EVODEX.2.1-P3454,EVODEX.2.1-P3498,EVODEX.2.1-P3576,EVODEX.2.1-P4021,EVODEX.2.1-P4729",47997088578444206922385163292417677228255156856473484002692686006033855395996
EVODEX.2.1-Em596,[#6:11]-[#6:12](=[#8:13])-[#8]-[#6]1:[#6](:[#6](:[#6](:[#6]2:[#6](:[#6](:[#6](:[#6](:[#6]:1:2)-[#1])-[#1])-[#1])-[#1])-[#1])-[#1])-[#1].[#8:25](-[#1])-[#1]>>[#6:11]-[#6:12](=[#8:13])-[#8:25]-[#1],"EVODEX.2.1-P3461,EVODEX.2.1-P3464,EVODEX.2.1-P3466,EVODEX.2.1-P3496,EVODEX.2.1-P4083",9616255962418197694617255861352556027501963353741391007752312586157067495951
EVODEX.2.1-Em597,[#6:11]-[#6:12](=[#8:13])-[#8]-[#6]1:[#6](:[#6](:[#6](:[#6]2:[#6](:[#6](:[#6](:[#6](:[#6]:1:2)-[#1])-[#1])-[#1])-[#1])-[#1])-[#1])-[#1]>>[#6:11]-[#6:12](=[#8:13])-[#8]-[#1],"EVODEX.2.1-P3462,EVODEX.2.1-P3465,EVODEX.2.1-P3493,EVODEX.2.1-P3500,EVODEX.2.1-P3503",99617588767859002573416606905980475814731046952105018185866511605245192434784
EVODEX.2.1-Em598,[#6:11]-[#6:12](=[#8:13])-[#8:14]-[#6:15]1:[#6:16](:[#6:17](:[#6:18](:[#6:19]2:[#6:20](:[#6:21](:[#6:22](:[#6:23](:[#6:24]:1:2)-[#1:55])-[#1:54])-[#1:53])-[#1:52])-[#1:51])-[#1:50])-[#1:49]>>[#6:11]-[#6:12](=[#8:13])-[#8]-[#1].[#8:14](-[#6:15]1:[#6:16](:[#6:17](:[#6:18](:[#6:19]2:[#6:20](:[#6:21](:[#6:22](:[#6:23](:[#6:24]:1:2)-[#1:55])-[#1:54])-[#1:53])-[#1:52])-[#1:51])-[#1:50])-[#1:49])-[#1],"EVODEX.2.1-P3463,EVODEX.2.1-P3467,EVODEX.2.1-P3497,EVODEX.2.1-P3502,EVODEX.2.1-P3504",55478600626897678102101761156738233546407015888631401207193225189262645784353
EVODEX.2.1-Em600,[#6:10](-[#6@:9])(=[#8:11])-[#8:12]-[#6:13].[#8:27](-[#1])-[#1]>>[#6:10](-[#6@:9])(=[#8:11])-[#8:27]-[#1].[#8:12](-[#6:13])-[#1],"EVODEX.2.1-P3480,EVODEX.2.1-P3636,EVODEX.2.1-P4039,EVODEX.2.1-P5045,EVODEX.2.1-P5459",31060413215451819376807198352811413157750527303687932885026334331779146602028
EVODEX.2.1-Em601,[#6:1]-[#6:2](=[#8:3])-[#8]-[#6]1:[#6](:[#6](:[#6](:[#6](:[#6]:1-[#1])-[#1])-[#1])-[#1])-[#1].[#8:11](-[#1])-[#1]>>[#6:1]-[#6:2](=[#8:3])-[#8:11]-[#1],"EVODEX.2.1-P3486,EVODEX.2.1-P3691,EVODEX.2.1-P3917,EVODEX.2.1-P4108,EVODEX.2.1-P4651",110124364153793982346489040970968156367746410293727037385661215697691381876808
EVODEX.2.1-Em602,[#6:2]-[#6:3](=[#8:4])-[#8:5]-[#6:6]1:[#6:7](:[#6:8](:[#6:9]2:[#6:10](:[#6:11](:[#6:12](:[#6:13](:[#6:14]:2:[#6:15]:1-[#1:28])-[#1:27])-[#1:26])-[#1:25])-[#1:24])-[#1:23])-[#1:22]>>[#6:2]-[#6:3](=[#8:4])-[#8]-[#1].[#8:5](-[#6:6]1:[#6:7](:[#6:8](:[#6:9]2:[#6:10](:[#6:11](:[#6:12](:[#6:13](:[#6:14]:2:[#6:15]:1-[#1:28])-[#1:27])-[#1:26])-[#1:25])-[#1:24])-[#1:23])-[#1:22])-[#1],"EVODEX.2.1-P3492,EVODEX.2.1-P3499,EVODEX.2.1-P3578,EVODEX.2.1-P3579,EVODEX.2.1-P4731",75635800891323126183658846569684685924972902925813774466886063972918730136247
EVODEX.2.1-Em603,[#8:2]=[#6:3](-[#8:4]-[#6:5])-[#6@:10]>>([#8](-[#6:3](=[#8:2])-[#6@@:10])-[#1].[#6:5]-[#8:4]-[#1]),"EVODEX.2.1-P3510,EVODEX.2.1-P3529,EVODEX.2.1-P3545,EVODEX.2.1-P3555,EVODEX.2.1-P3591",84055922733883533902456461715996062075716221907797762580003922965809097230002
EVODEX.2.1-Em604,[#6:7]-[#6:8](-[#6:9])(-[#8:16]-[#6:17](=[#8:18])-[#6:19])-[#1:32]>>[#6:7]-[#6:8](-[#6:9])(-[#8]-[#1])-[#1:32].[#8:16](-[#6:17](=[#8:18])-[#6:19])-[#1],"EVODEX.2.1-P3527,EVODEX.2.1-P3651,EVODEX.2.1-P3660,EVODEX.2.1-P3702,EVODEX.2.1-P3973",108647348321692842712832758875316716951234670358923571738955437497682564493049
EVODEX.2.1-Em605,[#6:1](-[#8:2]-[#6:3](=[#8:4])/[#6:5](=[#6:6](/[#6:7]1:[#6:8](:[#6:9](:[#6:10](-[#8:11]):[#6:12](-[#8:13]):[#6:15]:1-[#1:28])-[#1:23])-[#1:22])-[#1:21])-[#1:20])(-[#1:17])(-[#1:18])-[#1:19].[#8:16](-[#1])-[#1]>>[#6:1](-[#8:16]-[#1])(-[#1:17])(-[#1:18])-[#1:19].[#8:2](-[#6:3](=[#8:4])/[#6:5](=[#6:6](/[#6:7]1:[#6:8](:[#6:9](:[#6:10](-[#8:11]):[#6:12](-[#8:13]):[#6:15]:1-[#1:28])-[#1:23])-[#1:22])-[#1:21])-[#1:20])-[#1],"EVODEX.2.1-P3531,EVODEX.2.1-P3533,EVODEX.2.1-P3600,EVODEX.2.1-P3664,EVODEX.2.1-P3675",104947716681854243381037785330552785203158335380310370749672780611563048549274
EVODEX.2.1-Em606,[#6:1](-[#8:2]-[#6:3](=[#8:4])/[#6:5](=[#6:6](/[#6:7]1:[#6:8](:[#6:9](:[#6:10](-[#8:11]):[#6:12](-[#8:13]):[#6:15]:1-[#1:28])-[#1:23])-[#1:22])-[#1:21])-[#1:20])(-[#1:17])(-[#1:18])-[#1:19]>>[#6:1](-[#8]-[#1])(-[#1:17])(-[#1:18])-[#1:19].[#8:2](-[#6:3](=[#8:4])/[#6:5](=[#6:6](/[#6:7]1:[#6:8](:[#6:9](:[#6:10](-[#8:11]):[#6:12](-[#8:13]):[#6:15]:1-[#1:28])-[#1:23])-[#1:22])-[#1:21])-[#1:20])-[#1],"EVODEX.2.1-P3532,EVODEX.2.1-P3599,EVODEX.2.1-P3666,EVODEX.2.1-P3668,EVODEX.2.1-P3677",79482464842203946527125280676167903461370821704383486490069036099714366882189
EVODEX.2.1-Em607,[#6:13]-[#6:14](=[#8:15])-[#8:16]-[#1].[#8:17](-[#6:18])-[#1]>>[#6:13]-[#6:14](=[#8:15])-[#8:17]-[#6:18].[#8:16](-[#1])-[#1],"EVODEX.2.1-P3534,EVODEX.2.1-P3535,EVODEX.2.1-P3573,EVODEX.2.1-P4015,EVODEX.2.1-P4033",69967194680871782894536726672088463374823073871658434042622811526279614237162
EVODEX.2.1-Em608,[#6:1]-[#6:2]1=[#6:3](-[#6:4]-[#6:5](=[#8:6])-[#8:7]-1)-[#1:12].[#8:8](-[#1])-[#1]>>[#6:1]-[#6:2](-[#6:3](-[#6:4]-[#6:5](=[#8:6])-[#8:8]-[#1])(-[#1:12])-[#1])=[#8:7],"EVODEX.2.1-P3537,EVODEX.2.1-P3546,EVODEX.2.1-P3550,EVODEX.2.1-P3552,EVODEX.2.1-P3554",15755874910261623516705249372877755967478759701919068587539978024189796670914
EVODEX.2.1-Em609,[#6:1]-[#6:2]1=[#6:3](-[#6:4]-[#6:5](=[#8:6])-[#8:7]-1)-[#1:12]>>[#6:1]-[#6:2](-[#6:3](-[#6:4]-[#6:5](=[#8:6])-[#8]-[#1])(-[#1:12])-[#1])=[#8:7],"EVODEX.2.1-P3538,EVODEX.2.1-P3541,EVODEX.2.1-P3542,EVODEX.2.1-P3551,EVODEX.2.1-P3652",14827564524780155425112926486834166525985249525630402764914467714686011706183
EVODEX.2.1-Em610,[#6:15]1-[#6@:14]-[#6:18](-[#8:17]-[#6:16]-1(-[#1:42])-[#1:43])=[#8:19].[#8:20](-[#1])-[#1]>>[#6:15](-[#6@@:14]-[#6:18](-[#8:17]-[#1])=[#8:19])-[#6:16](-[#8:20]-[#1])(-[#1:42])-[#1:43],"EVODEX.2.1-P3539,EVODEX.2.1-P3543,EVODEX.2.1-P3547,EVODEX.2.1-P3694,EVODEX.2.1-P3695",64609937026724135333375234483216121690515228677005224472528157368495656215235
EVODEX.2.1-Em611,[#6:15]1-[#6@:14]-[#6:18](-[#8:17]-[#6:16]-1(-[#1:42])-[#1:43])=[#8:19]>>[#6:15](-[#6@@:14]-[#6:18](-[#8:17]-[#1])=[#8:19])-[#6:16](-[#8]-[#1])(-[#1:42])-[#1:43],"EVODEX.2.1-P3540,EVODEX.2.1-P3544,EVODEX.2.1-P3553,EVODEX.2.1-P3693,EVODEX.2.1-P3696",66684985545970652377284862249425486598604415222404930578664614285501685912448
EVODEX.2.1-Em612,[#6:11]-[#6:12](-[#8:13]-[#6:14])(-[#1:77])-[#1:78]>>[#6:11]-[#6:12](-[#8]-[#1])(-[#1:77])-[#1:78].[#8:13](-[#6:14])-[#1],"EVODEX.2.1-P3565,EVODEX.2.1-P3907,EVODEX.2.1-P3964,EVODEX.2.1-P4090,EVODEX.2.1-P4100",51388630389844006721970280351648972474131881960333633821554895687855222165112
EVODEX.2.1-Em614,[#6:17]-[#6:18](=[#8:19])-[#7](-[#6]1:[#6](:[#6](:[#6]2:[#6](:[#6](:[#6](:[#6](:[#6]:2:[#6]:1-[#1])-[#1])-[#1])-[#1])-[#1])-[#1])-[#1])-[#1]>>[#6:17]-[#6:18](=[#8:19])-[#8]-[#1],"EVODEX.2.1-P3571,EVODEX.2.1-P4356,EVODEX.2.1-P4367,EVODEX.2.1-P4380,EVODEX.2.1-P4988",88288655193106351154920024564421257351708477925624707581370305557541793628238
EVODEX.2.1-Em615,[#6:6]-[#6:8](=[#8:9])-[#8:10]-[#6:11]1:[#6:12](:[#6:13](:[#6:14](-[#7&+:15](=[#8:16])-[#8&-:17]):[#6:18](:[#6:19]:1-[#1:39])-[#1:38])-[#1:37])-[#1:36].[#8:20](-[#1])-[#1]>>[#6:6]-[#6:8](=[#8:9])-[#8:20]-[#1].[#8:10](-[#6:11]1:[#6:12](:[#6:13](:[#6:14](-[#7&+:15](=[#8:16])-[#8&-:17]):[#6:18](:[#6:19]:1-[#1:39])-[#1:38])-[#1:37])-[#1:36])-[#1],"EVODEX.2.1-P3584,EVODEX.2.1-P3936,EVODEX.2.1-P3988,EVODEX.2.1-P4247,EVODEX.2.1-P4728",20419613263705103771571624181957784095958123973856966186006458669948769524038
EVODEX.2.1-Em616,[#6:19]-[#6:20](-[#6:21])(-[#8:33]-[#6:34](=[#8:35])-[#6:36])-[#1:83].[#8:51](-[#1])-[#1]>>[#6:19]-[#6:20](-[#6:21])(-[#8:51]-[#1])-[#1:83].[#8:33](-[#6:34](=[#8:35])-[#6:36])-[#1],"EVODEX.2.1-P3594,EVODEX.2.1-P3595,EVODEX.2.1-P3701,EVODEX.2.1-P3906,EVODEX.2.1-P4005",67329554091317365623471272672684337026965125446847308666109754726984125069948
EVODEX.2.1-Em617,[#6]-[#6](=[#8])-[#8]-[#6:5](-[#8:6])(-[#6@:18])-[#1:27].[#8:23](-[#1])-[#1]>>[#6:5](-[#8:23]-[#1])(-[#8:6])(-[#6@:18])-[#1:27],"EVODEX.2.1-P3597,EVODEX.2.1-P3888,EVODEX.2.1-P3896,EVODEX.2.1-P3901,EVODEX.2.1-P3902",8946740930619134413517546734236552497408356416184103779239292515038368566037
EVODEX.2.1-Em621,[#6:17]-[#8:18]-[#6:19](=[#8:20])-[#6@@:21].[#7:11](-[#6@@:10])(-[#1])-[#1]>>[#6:17]-[#8:18]-[#1].[#7:11](-[#6@@:10])(-[#6:19](=[#8:20])-[#6@@:21])-[#1],"EVODEX.2.1-P3610,EVODEX.2.1-P4252,EVODEX.2.1-P4257,EVODEX.2.1-P4271,EVODEX.2.1-P4653",104235273063276313712535303293561084329413474092974499550920123999674380206599
EVODEX.2.1-Em622,[#6:2]-[#8:4]-[#1].[#7:15](-[#6@@:14])(-[#6:16](=[#8:17])-[#6@:18])-[#1]>>[#6:2]-[#8:4]-[#6:16](=[#8:17])-[#6@:18].[#7:15](-[#6@@:14])(-[#1])-[#1],"EVODEX.2.1-P3611,EVODEX.2.1-P4269,EVODEX.2.1-P4274,EVODEX.2.1-P4805,EVODEX.2.1-P5096",7293243230157874657311096345771729726674218293085838562989366000995261516556
EVODEX.2.1-Em623,[#7:1](-[#6:2]1:[#6:3](:[#6:4](:[#6:5](-[#7&+:6](=[#8:7])-[#8&-:8]):[#6:9](-[#6:10](=[#8:11])-[#8:12]):[#6:13]:1-[#1:29])-[#1:27])-[#1:26])(-[#1])-[#1].[#8:14]=[#6:15](-[#8]-[#1])-[#6:17]>>[#7:1](-[#6:2]1:[#6:3](:[#6:4](:[#6:5](-[#7&+:6](=[#8:7])-[#8&-:8]):[#6:9](-[#6:10](=[#8:11])-[#8:12]):[#6:13]:1-[#1:29])-[#1:27])-[#1:26])(-[#6:15](=[#8:14])-[#6:17])-[#1],"EVODEX.2.1-P3618,EVODEX.2.1-P4586,EVODEX.2.1-P4605,EVODEX.2.1-P4607,EVODEX.2.1-P5550",44935822871760433755021493951956508291641151047522423439779616885678966489658
EVODEX.2.1-Em624,[#8:14]=[#6:15](-[#8:16]-[#1])-[#6:17]>>[#7](-[#6]1:[#6](:[#6](:[#6](-[#7&+](=[#8])-[#8&-]):[#6](-[#6](=[#8])-[#8]):[#6]:1-[#1])-[#1])-[#1])(-[#6:15](=[#8:14])-[#6:17])-[#1].[#8:16](-[#1])-[#1],"EVODEX.2.1-P3619,EVODEX.2.1-P4588,EVODEX.2.1-P4593,EVODEX.2.1-P4609,EVODEX.2.1-P4612",42047890294281293846779669375469679878687700992432856146157351573865338049843
EVODEX.2.1-Em625,[#6:3](-[#6@@:2])(=[#8:4])-[#7:5](-[#6:6]1:[#6:7](:[#6:8](:[#6:9](-[#7&+:10](=[#8:11])-[#8&-:12]):[#6:13](-[#6:14](=[#8:15])-[#8:16]):[#6:17]:1-[#1:32])-[#1:30])-[#1:29])-[#1].[#8:24](-[#1])-[#1]>>[#6:3](-[#6@@:2])(=[#8:4])-[#8:24]-[#1].[#7:5](-[#6:6]1:[#6:7](:[#6:8](:[#6:9](-[#7&+:10](=[#8:11])-[#8&-:12]):[#6:13](-[#6:14](=[#8:15])-[#8:16]):[#6:17]:1-[#1:32])-[#1:30])-[#1:29])(-[#1])-[#1],"EVODEX.2.1-P3620,EVODEX.2.1-P4590,EVODEX.2.1-P4599,EVODEX.2.1-P4610,EVODEX.2.1-P5343",42540466823224396757732239829735096115462057803558186793066172950058274429102
EVODEX.2.1-Em626,[#6:3](-[#6@@:2])(=[#8:4])-[#7](-[#6]1:[#6](:[#6](:[#6](-[#7&+](=[#8])-[#8&-]):[#6](-[#6](=[#8])-[#8]):[#6]:1-[#1])-[#1])-[#1])-[#1].[#8:24](-[#1])-[#1]>>[#6:3](-[#6@@:2])(=[#8:4])-[#8:24]-[#1],"EVODEX.2.1-P3621,EVODEX.2.1-P4595,EVODEX.2.1-P4600,EVODEX.2.1-P4603,EVODEX.2.1-P5369",36799681742468683623241298575105458398320742174826691617364587551462204971661
EVODEX.2.1-Em627,[#6:3](-[#6@@:2])(=[#8:4])-[#8]-[#1]>>[#6:3](-[#6@@:2])(=[#8:4])-[#7](-[#6]1:[#6](:[#6](:[#6](-[#7&+](=[#8])-[#8&-]):[#6](-[#6](=[#8])-[#8]):[#6]:1-[#1])-[#1])-[#1])-[#1],"EVODEX.2.1-P3623,EVODEX.2.1-P4587,EVODEX.2.1-P4589,EVODEX.2.1-P4608,EVODEX.2.1-P5344",44913828047251258074993187548405261334754505004254607808427066326709220324840
EVODEX.2.1-Em630,[#6:19]-[#6@@:20](-[#6@:5])(-[#8]-[#6](-[#6])=[#8])-[#1:43].[#8:25](-[#1])-[#1]>>[#6:19]-[#6@@:20](-[#6@:5])(-[#8:25]-[#1])-[#1:43],"EVODEX.2.1-P3642,EVODEX.2.1-P3647,EVODEX.2.1-P3648,EVODEX.2.1-P3650,EVODEX.2.1-P3658",55674625286348229842273088477699691883482033828891927128355723555080768616007
EVODEX.2.1-Em631,[#8](-[#6@@:16](-[#6@@:3])(-[#6@:11])-[#1:36])-[#6](-[#6])=[#8]>>[#8](-[#6@@:16](-[#6@@:3])(-[#6@:11])-[#1:36])-[#1],"EVODEX.2.1-P3646,EVODEX.2.1-P3649,EVODEX.2.1-P3656,EVODEX.2.1-P3659,EVODEX.2.1-P3661",15578644893415923712264953583873693254756271368962197246663839529733072998783
EVODEX.2.1-Em632,[#8:2]=[#7&+:3](-[#8&-:4])-[#6:5]1:[#6:6](:[#6:7](:[#6:8](-[#8:9]-[#6@@:10]):[#6:19](:[#6:20]:1-[#1:33])-[#1:32])-[#1:22])-[#1:21].[#8:1](-[#1])-[#1]>>[#8:1](-[#6:8]1:[#6:7](:[#6:6](:[#6:5](-[#7&+:3](=[#8:2])-[#8&-:4]):[#6:20](:[#6:19]:1-[#1:32])-[#1:33])-[#1:21])-[#1:22])-[#1].[#8:9](-[#6@@:10])-[#1],"EVODEX.2.1-P3673,EVODEX.2.1-P3908,EVODEX.2.1-P3925,EVODEX.2.1-P3961,EVODEX.2.1-P4037",16383548280489930027708303938589224024327911494209251772432063188271281199489
EVODEX.2.1-Em633,[#6:17]-[#6:18](=[#8:19])-[#6:20](-[#8:21])(-[#6:22])-[#1:79].[#8:45](-[#1])-[#1]>>[#6:20](-[#8:21])(-[#6:22])(-[#1:79])-[#1].[#6:17]-[#6:18](=[#8:19])-[#8:45]-[#1],"EVODEX.2.1-P3684,EVODEX.2.1-P4043,EVODEX.2.1-P5482,EVODEX.2.1-P5483,EVODEX.2.1-P5484",27510769649890213154969551958401126951535386964035548500076213273860856105255
EVODEX.2.1-Em634,[#6:17]-[#6:18](=[#8:19])-[#6:20](-[#8:21])(-[#6:22])-[#1:60]>>[#6:20](-[#8:21])(-[#6:22])(-[#1:60])-[#1].[#6:17]-[#6:18](=[#8:19])-[#8]-[#1],"EVODEX.2.1-P3685,EVODEX.2.1-P4044,EVODEX.2.1-P4047,EVODEX.2.1-P4086,EVODEX.2.1-P5586",34593556427314694577449926057560132344837889613840014225745320952702251329469
EVODEX.2.1-Em635,[#6:1]-[#6:2](=[#8:3])-[#7:4](-[#6:5]1:[#6:6](:[#6:7](:[#6:8](:[#6:9](:[#6:10]:1-[#7&+:11](=[#8:12])-[#8&-:13])-[#1:22])-[#1:21])-[#1:20])-[#1:19])-[#1].[#8:14](-[#1])-[#1]>>[#6:1]-[#6:2](=[#8:3])-[#8:14]-[#1].[#7:4](-[#6:5]1:[#6:6](:[#6:7](:[#6:8](:[#6:9](:[#6:10]:1-[#7&+:11](=[#8:12])-[#8&-:13])-[#1:22])-[#1:21])-[#1:20])-[#1:19])(-[#1])-[#1],"EVODEX.2.1-P3687,EVODEX.2.1-P3688,EVODEX.2.1-P5373,EVODEX.2.1-P5376,EVODEX.2.1-P5380",2517369012770957316093876372826259367460109541217926979081572571478285760319
EVODEX.2.1-Em636,[#8:2]=[#6:3](-[#7](-[#6]1:[#6](:[#6](:[#6](:[#6](:[#6]:1-[#7&+](=[#8])-[#8&-])-[#1])-[#1])-[#1])-[#1])-[#1])-[#6:14].[#8:1](-[#1])-[#1]>>[#8:1](-[#6:3](=[#8:2])-[#6:14])-[#1],"EVODEX.2.1-P3689,EVODEX.2.1-P4376,EVODEX.2.1-P5374,EVODEX.2.1-P5378,EVODEX.2.1-P5383",75402544436687849603547738639854000340858322686470813497651215059428801952127
EVODEX.2.1-Em637,[#8:2]=[#6:3](-[#7:4](-[#6:5]1:[#6:6](:[#6:7](:[#6:8](:[#6:9](:[#6:10]:1-[#7&+:11](=[#8:12])-[#8&-:13])-[#1:22])-[#1:21])-[#1:20])-[#1:19])-[#1])-[#6:14]>>[#7:4](-[#6:5]1:[#6:6](:[#6:7](:[#6:8](:[#6:9](:[#6:10]:1-[#7&+:11](=[#8:12])-[#8&-:13])-[#1:22])-[#1:21])-[#1:20])-[#1:19])(-[#1])-[#1].[#8](-[#6:3](=[#8:2])-[#6:14])-[#1],"EVODEX.2.1-P3690,EVODEX.2.1-P4378,EVODEX.2.1-P4955,EVODEX.2.1-P5377,EVODEX.2.1-P5381",83149578017794422692092478812264277019699424238746389136052076057164275862112
EVODEX.2.1-Em638,[#8:11]-[#15:12](=[#8:13])(-[#8:14])-[#8:15]-[#6]1:[#6](:[#6](:[#6](-[#7&+](=[#8])-[#8&-]):[#6](:[#6]:1-[#1])-[#1])-[#1])-[#1]>>[#8:11]-[#15:12](=[#8:13])(-[#8:14])-[#8:15]-[#1],"EVODEX.2.1-P3705,EVODEX.2.1-P3708,EVODEX.2.1-P3804,EVODEX.2.1-P3867,EVODEX.2.1-P3872",7210853250118277838135588529326578477367554519931336538351138714131371013363
EVODEX.2.1-Em639,[#8:11]-[#15:12](=[#8:13])(-[#8:14])-[#8:15]-[#6:16]1:[#6:17](:[#6:18](:[#6:19](-[#7&+:20](=[#8:21])-[#8&-:22]):[#6:23](:[#6:24]:1-[#1:42])-[#1:41])-[#1:40])-[#1:39].[#8:1](-[#1])-[#1]>>[#8:11]-[#15:12](=[#8:13])(-[#8:14])-[#8:15]-[#1].[#8:1](-[#6:16]1:[#6:17](:[#6:18](:[#6:19](-[#7&+:20](=[#8:21])-[#8&-:22]):[#6:23](:[#6:24]:1-[#1:42])-[#1:41])-[#1:40])-[#1:39])-[#1],"EVODEX.2.1-P3706,EVODEX.2.1-P3707,EVODEX.2.1-P3866,EVODEX.2.1-P3875,EVODEX.2.1-P5825",78300809430328822184351006507797132534996118933671752078634124787752324468296
EVODEX.2.1-Em640,[#8:9]-[#15:10](=[#8:11])(-[#8:12])-[#8:13]-[#6:14]1:[#6:15](:[#6:16](:[#6:17](-[#7&+:18](=[#8:19])-[#8&-:20]):[#6:21](:[#6:22]:1-[#1:31])-[#1:30])-[#1:29])-[#1:28]>>[#8:9]-[#15:10](=[#8:11])(-[#8:12])-[#8:13]-[#1].[#8](-[#6:14]1:[#6:15](:[#6:16](:[#6:17](-[#7&+:18](=[#8:19])-[#8&-:20]):[#6:21](:[#6:22]:1-[#1:31])-[#1:30])-[#1:29])-[#1:28])-[#1],"EVODEX.2.1-P3709,EVODEX.2.1-P3806,EVODEX.2.1-P3873,EVODEX.2.1-P3874,EVODEX.2.1-P5824",85135997571394888578195996889079829857829669555128176424257580036981540317045
EVODEX.2.1-Em641,[#6:1]-[#6:2](=[#8:3])-[#16:4]-[#6:5]>>[#6:1]-[#6:2](=[#8:3])-[#8]-[#1].[#16:4](-[#6:5])-[#1],"EVODEX.2.1-P3710,EVODEX.2.1-P3718,EVODEX.2.1-P4866,EVODEX.2.1-P6201,EVODEX.2.1-P6268",10467502853784613215536441120127732850663960976450886652220500579010561493352
EVODEX.2.1-Em642,[#6:8]-[#6:9](=[#8:10])-[#16:11]-[#6:12].[#8:59](-[#1])-[#1]>>[#6:8]-[#6:9](=[#8:10])-[#8:59]-[#1].[#16:11](-[#6:12])-[#1],"EVODEX.2.1-P3711,EVODEX.2.1-P3713,EVODEX.2.1-P3715,EVODEX.2.1-P3720,EVODEX.2.1-P5565",28624644281985786095895361838369926726637796265718971990296190298245296733079
EVODEX.2.1-Em643,[#7:35](-[#6@:34])(-[#6:36](=[#8:37])-[#8:38])-[#1].[#8:1](-[#1])-[#1]>>[#7:35](-[#6@:34])(-[#1])-[#1].[#8:1](-[#6:36](=[#8:37])-[#8:38])-[#1],"EVODEX.2.1-P3721,EVODEX.2.1-P3722,EVODEX.2.1-P4679,EVODEX.2.1-P4878,EVODEX.2.1-P5401",36046640093260582755409250586099664619993463183152638365367001579738636632854
EVODEX.2.1-Em644,[#8:10]-[#15:11](=[#8:12])(-[#8:13])-[#8:14]-[#6@@:15](-[#6@@:16])(-[#6@@:30])-[#1:50].[#8:40](-[#1])-[#1]>>[#8:40](-[#6@@:15](-[#6@@:16])(-[#6@@:30])-[#1:50])-[#1].[#8:10]-[#15:11](=[#8:12])(-[#8:13])-[#8:14]-[#1],"EVODEX.2.1-P3723,EVODEX.2.1-P3748,EVODEX.2.1-P3754,EVODEX.2.1-P3797,EVODEX.2.1-P5851",34427181002181274526157170091280601246041551306546136975332969209505591371555
EVODEX.2.1-Em645,[#8](-[#6@:12](-[#6@:9])(-[#6@:18])-[#1:30])-[#15](=[#8])(-[#8])-[#8]>>[#8](-[#6@:12](-[#6@@:9])(-[#6@@:18])-[#1:30])-[#1],"EVODEX.2.1-P3724,EVODEX.2.1-P3747,EVODEX.2.1-P3765,EVODEX.2.1-P3768,EVODEX.2.1-P3784",1268634443669935572990673757922598186295440420761299627797468061928358062822
EVODEX.2.1-Em646,[#6:22](-[#6@:20])(-[#8]-[#15](=[#8])(-[#8])-[#8])(-[#1:46])-[#1:47].[#8:32](-[#1])-[#1]>>[#6:22](-[#6@:20])(-[#8:32]-[#1])(-[#1:46])-[#1:47],"EVODEX.2.1-P3725,EVODEX.2.1-P3734,EVODEX.2.1-P3741,EVODEX.2.1-P3787,EVODEX.2.1-P3803",101483597899913905709705803009974469662705740130583619372969557063391839141854
EVODEX.2.1-Em647,[#6:1]-[#8:2]-[#15:3](=[#8:4])(-[#8:5])-[#8:6]>>[#6:1]-[#8:2]-[#1].[#15:3](=[#8:4])(-[#8:5])(-[#8:6])-[#8]-[#1],"EVODEX.2.1-P3726,EVODEX.2.1-P3727,EVODEX.2.1-P3733,EVODEX.2.1-P5816,EVODEX.2.1-P5855",110997779042747648468955786842667170314713945910255872820953942896019505999896
EVODEX.2.1-Em648,[#6:12](-[#6@:10])(-[#8:13]-[#15:14](=[#8:15])(-[#8:16])-[#8:17])(-[#1:27])-[#1:28]>>[#8:13](-[#15:14](=[#8:15])(-[#8:16])-[#8:17])-[#1].[#8](-[#6:12](-[#6@:10])(-[#1:27])-[#1:28])-[#1],"EVODEX.2.1-P3729,EVODEX.2.1-P3739,EVODEX.2.1-P3788,EVODEX.2.1-P3792,EVODEX.2.1-P3805",68261509825423639953129997016495530611282043577916816453885155764244763936397
EVODEX.2.1-Em649,[#6:9](-[#6@:8])(-[#8:10]-[#15:11](=[#8:12])(-[#8:13])-[#8:14])(-[#1:29])-[#1:30].[#8:22](-[#1])-[#1]>>[#6:9](-[#6@:8])(-[#8:22]-[#1])(-[#1:29])-[#1:30].[#8:10](-[#15:11](=[#8:12])(-[#8:13])-[#8:14])-[#1],"EVODEX.2.1-P3730,EVODEX.2.1-P3731,EVODEX.2.1-P3769,EVODEX.2.1-P3783,EVODEX.2.1-P6145",1095139003134759425076892894019302345151051080639895308426530924580133893744
EVODEX.2.1-Em650,[#6:10]-[#6:11]1:[#6:12](:[#6:13](:[#6:14](-[#8:15]-[#15:16](=[#8:17])(-[#8:18])-[#8:19]):[#6:20](:[#6:21]:1-[#1:118])-[#1:117])-[#1:114])-[#1:113].[#8:98](-[#1])-[#1]>>[#6:10]-[#6:11]1:[#6:12](:[#6:13](:[#6:14](-[#8:98]-[#1]):[#6:20](:[#6:21]:1-[#1:118])-[#1:117])-[#1:114])-[#1:113].[#8:15](-[#15:16](=[#8:17])(-[#8:18])-[#8:19])-[#1],"EVODEX.2.1-P3735,EVODEX.2.1-P3770,EVODEX.2.1-P3771,EVODEX.2.1-P3775,EVODEX.2.1-P3779",841544083176976909521024830487455388986756956112697246235477756812429028916
EVODEX.2.1-Em651,[#8:2]=[#15:3](-[#8:4])(-[#8:5])-[#8:6]-[#6:7].[#8:1](-[#1])-[#1]>>[#8:1](-[#15:3](=[#8:2])(-[#8:4])-[#8:5])-[#1].[#8:6](-[#6:7])-[#1],"EVODEX.2.1-P3738,EVODEX.2.1-P3750,EVODEX.2.1-P3789,EVODEX.2.1-P3790,EVODEX.2.1-P3820",31432538967691695023279851128069027925213548104783053007742783004841823196131
EVODEX.2.1-Em652,[#6:72]-[#6:73]1:[#6:74](:[#6:75](:[#6:76](-[#8:77]-[#15:78](=[#8:79])(-[#8:80])-[#8:81]):[#6:82](:[#6:83]:1-[#1:193])-[#1:192])-[#1:189])-[#1:188]>>[#6:72]-[#6:73]1:[#6:74](:[#6:75](:[#6:76](-[#8]-[#1]):[#6:82](:[#6:83]:1-[#1:193])-[#1:192])-[#1:189])-[#1:188].[#8:77](-[#15:78](=[#8:79])(-[#8:80])-[#8:81])-[#1],"EVODEX.2.1-P3743,EVODEX.2.1-P3772,EVODEX.2.1-P3777,EVODEX.2.1-P3781,EVODEX.2.1-P3807",59063394510395485330409279226859793860729556987326470143938860007055700759542
EVODEX.2.1-Em653,[#6:49]-[#6:50]1:[#6:51](:[#6:52](:[#6:53](-[#8]-[#15](=[#8])(-[#8])-[#8]):[#6:59](:[#6:60]:1-[#1:329])-[#1:328])-[#1:325])-[#1:324]>>[#6:49]-[#6:50]1:[#6:51](:[#6:52](:[#6:53](-[#8]-[#1]):[#6:59](:[#6:60]:1-[#1:329])-[#1:328])-[#1:325])-[#1:324],"EVODEX.2.1-P3744,EVODEX.2.1-P3752,EVODEX.2.1-P3774,EVODEX.2.1-P3776,EVODEX.2.1-P3780",106956246858459824460557465040120662408988004364036889453363041085204107808084
EVODEX.2.1-Em654,[#6:63]-[#6:64]1:[#6:65](:[#6:66](:[#6:67](-[#8]-[#15](=[#8])(-[#8])-[#8]):[#6:73](:[#6:74]:1-[#1:164])-[#1:163])-[#1:160])-[#1:159].[#8:96](-[#1])-[#1]>>[#6:63]-[#6:64]1:[#6:65](:[#6:66](:[#6:67](-[#8:96]-[#1]):[#6:73](:[#6:74]:1-[#1:164])-[#1:163])-[#1:160])-[#1:159],"EVODEX.2.1-P3745,EVODEX.2.1-P3746,EVODEX.2.1-P3755,EVODEX.2.1-P3773,EVODEX.2.1-P3778",87517003559623921766075217741548113614995561676390882495477344467884076496010
EVODEX.2.1-Em655,[#6:1]-[#6:2](-[#6:3])(-[#8]-[#15](=[#8])(-[#8])-[#8])-[#1:13].[#8:9](-[#1])-[#1]>>[#6:1]-[#6:2](-[#6:3])(-[#8:9]-[#1])-[#1:13],"EVODEX.2.1-P3749,EVODEX.2.1-P3757,EVODEX.2.1-P3767,EVODEX.2.1-P3793,EVODEX.2.1-P3796",101814286714272203459036757050942345351100908346579269048520598610170279310034
EVODEX.2.1-Em656,[#8:2]=[#15:3](-[#8:4])(-[#8:5])-[#8:6]-[#6@@:7](-[#6:8])(-[#6@@:16])-[#1:20]>>[#8:2]=[#15:3](-[#8:4])(-[#8:5])-[#8:6]-[#1].[#8](-[#6@@:7](-[#6:8])(-[#6@@:16])-[#1:20])-[#1],"EVODEX.2.1-P3753,EVODEX.2.1-P3766,EVODEX.2.1-P3785,EVODEX.2.1-P3794,EVODEX.2.1-P3795",26658636024384391324521980659875112734851131752350068202774110228320665360283
EVODEX.2.1-Em657,[#6:8]-[#6:9](-[#6:10])(-[#8]-[#16](=[#8])(=[#8])-[#8])-[#1:44].[#8:26](-[#1])-[#1]>>[#6:8]-[#6:9](-[#6:10])(-[#8:26]-[#1])-[#1:44],"EVODEX.2.1-P3798,EVODEX.2.1-P3849,EVODEX.2.1-P3850,EVODEX.2.1-P3853,EVODEX.2.1-P3859",15413186512821383754127349317747348168985054102676715449767547156776287392649
EVODEX.2.1-Em658,[#6:8]-[#6:9](-[#6:10])(-[#8:21]-[#16:22](=[#8:23])(=[#8:24])-[#8:25])-[#1:44]>>[#6:8]-[#6:9](-[#6:10])(-[#8]-[#1])-[#1:44].[#8:21](-[#16:22](=[#8:23])(=[#8:24])-[#8:25])-[#1],"EVODEX.2.1-P3799,EVODEX.2.1-P3837,EVODEX.2.1-P3839,EVODEX.2.1-P3852,EVODEX.2.1-P3860",100349579231460575712286093297101672530344685943105826314901517450786569092084
EVODEX.2.1-Em659,[#8:17]1-[#6@:16]-[#6@:22](-[#6@@:11])(-[#8:21]-[#15:18]-1(=[#8:19])-[#8:20])-[#1:35].[#8:23](-[#1])-[#1]>>[#8:17](-[#6@@:16]-[#6@@:22](-[#6@@:11])(-[#8:23]-[#1])-[#1:35])-[#15:18](=[#8:19])(-[#8:20])-[#8:21]-[#1],"EVODEX.2.1-P3808,EVODEX.2.1-P3810,EVODEX.2.1-P3811,EVODEX.2.1-P3817,EVODEX.2.1-P3825",86586160953672439983116195041764129368449321957388973640869539044122846146735
EVODEX.2.1-Em660,[#8:15]1-[#6@:14]-[#6@:20](-[#6@@:9])(-[#8:19]-[#15:16]-1(=[#8:17])-[#8:18])-[#1:35]>>[#8:15](-[#6@@:14]-[#6@@:20](-[#6@@:9])(-[#8]-[#1])-[#1:35])-[#15:16](=[#8:17])(-[#8:18])-[#8:19]-[#1],"EVODEX.2.1-P3809,EVODEX.2.1-P3815,EVODEX.2.1-P3816,EVODEX.2.1-P3818,EVODEX.2.1-P3826",107996724716639767883636168754470423728930865972233735155019747352520639865069
EVODEX.2.1-Em662,[#6:10](-[#6@:9])(-[#8:11]-[#16:12](=[#8:13])(=[#8:14])-[#8:15])(-[#1:40])-[#1:41].[#8:31](-[#1])-[#1]>>[#6:10](-[#6@:9])(-[#8:31]-[#1])(-[#1:40])-[#1:41].[#8:11](-[#16:12](=[#8:13])(=[#8:14])-[#8:15])-[#1],"EVODEX.2.1-P3827,EVODEX.2.1-P3844,EVODEX.2.1-P3845,EVODEX.2.1-P3854,EVODEX.2.1-P3856",68008065399297680544066642553801024976085138982294258249687821797731994670579
EVODEX.2.1-Em663,[#6:10](-[#6@:9])(-[#8]-[#16](=[#8])(=[#8])-[#8])(-[#1:40])-[#1:41].[#8:31](-[#1])-[#1]>>[#6:10](-[#6@:9])(-[#8:31]-[#1])(-[#1:40])-[#1:41],"EVODEX.2.1-P3828,EVODEX.2.1-P3831,EVODEX.2.1-P3832,EVODEX.2.1-P3843,EVODEX.2.1-P3847",10482619812593175248729509966994485270914213396083777152192188400475322537920
EVODEX.2.1-Em664,[#6:10](-[#6@:9])(-[#8]-[#16](=[#8])(=[#8])-[#8])(-[#1:40])-[#1:41]>>[#6:10](-[#6@:9])(-[#8]-[#1])(-[#1:40])-[#1:41],"EVODEX.2.1-P3829,EVODEX.2.1-P3841,EVODEX.2.1-P3842,EVODEX.2.1-P3846,EVODEX.2.1-P3857",6233630578318746942602702887123268546994851365653177496980684696225013809623
EVODEX.2.1-Em665,[#8:6](-[#6@:5](-[#6@@:3])(-[#6@@:11])-[#1:23])-[#16:7](=[#8:8])(=[#8:9])-[#8:10].[#8:17](-[#1])-[#1]>>[#8:17](-[#6@:5](-[#6@@:3])(-[#6@@:11])-[#1:23])-[#1].[#8:6](-[#16:7](=[#8:8])(=[#8:9])-[#8:10])-[#1],"EVODEX.2.1-P3833,EVODEX.2.1-P3838,EVODEX.2.1-P3848,EVODEX.2.1-P3855,EVODEX.2.1-P3861",54024733904814088831025986266945854570437421715903394849268894795610547325672
EVODEX.2.1-Em666,[#8](-[#6@@:38](-[#6@:35])(-[#6@@:44])-[#1:91])-[#16](=[#8])(=[#8])-[#8]>>[#8](-[#6@@:38](-[#6@:35])(-[#6@@:44])-[#1:91])-[#1],"EVODEX.2.1-P3834,EVODEX.2.1-P3835,EVODEX.2.1-P3836,EVODEX.2.1-P3840,EVODEX.2.1-P3851",78578512661687798461053707600239511853324706750884576475558805166482280127974
EVODEX.2.1-Em667,[#6:4]-[#16:5]-[#6:6](-[#6@:7])(-[#1:35])-[#1:36].[#8:27](-[#1])-[#1]>>[#6:6](-[#6@:7])(-[#8:27]-[#1])(-[#1:35])-[#1:36].[#6:4]-[#16:5]-[#1],"EVODEX.2.1-P3876,EVODEX.2.1-P4120,EVODEX.2.1-P4121,EVODEX.2.1-P4551,EVODEX.2.1-P4553",6254102862510472032327600041653244237705147463785784468571468799753754451266
EVODEX.2.1-Em668,[#8]=[#7&+](-[#8&-])-[#6]1:[#6](:[#6](:[#6](-[#8:9]-[#6@:10]):[#6](:[#6]:1-[#1])-[#1])-[#1])-[#1]>>[#8:9](-[#6@:10])-[#1],"EVODEX.2.1-P3877,EVODEX.2.1-P3879,EVODEX.2.1-P3926,EVODEX.2.1-P4038,EVODEX.2.1-P4098",66874279466418449807424793989820843631288004129654493477592123793520298262586
EVODEX.2.1-Em669,[#8:2]=[#7&+:3](-[#8&-:4])-[#6:5]1:[#6:6](:[#6:7](:[#6:8](-[#8:9]-[#6@:10]):[#6:87](:[#6:88]:1-[#1:163])-[#1:162])-[#1:90])-[#1:89]>>[#8](-[#6:8]1:[#6:7](:[#6:6](:[#6:5](-[#7&+:3](=[#8:2])-[#8&-:4]):[#6:88](:[#6:87]:1-[#1:162])-[#1:163])-[#1:89])-[#1:90])-[#1].[#8:9](-[#6@:10])-[#1],"EVODEX.2.1-P3878,EVODEX.2.1-P3909,EVODEX.2.1-P3943,EVODEX.2.1-P4016,EVODEX.2.1-P4099",92110240235444484970053366349066825056002027384899100472037878703610944656977
EVODEX.2.1-Em670,[#8](-[#6@:49](-[#6@@:47])(-[#8:60])-[#1:134])-[#6]1:[#6](:[#6](:[#6](-[#7&+](=[#8])-[#8&-]):[#6](:[#6]:1-[#1])-[#1])-[#1])-[#1].[#8:90](-[#1])-[#1]>>[#8:90](-[#6@:49](-[#6@@:47])(-[#8:60])-[#1:134])-[#1],"EVODEX.2.1-P3880,EVODEX.2.1-P4248,EVODEX.2.1-P4578,EVODEX.2.1-P4688,EVODEX.2.1-P4991",99747629913308001037645070818959552296968018890740038280296575562302219381720
EVODEX.2.1-Em672,[#8:1](-[#1])-[#1].[#8:2](-[#1])-[#1].([#8:6]-[#6@:7](-[#8:8]-[#6:9])(-[#6@@:42])-[#1:56].[#8:11]-[#6@:12](-[#8:13]-[#6:14])(-[#6@@:36])-[#1:60])>>[#8:13](-[#6:14])-[#1].([#8:1](-[#6:12](-[#8:11])(-[#6@@:36])-[#1:60])-[#1].[#6:9]-[#8:8]-[#1]).[#8:2](-[#6:7](-[#8:6])(-[#6@@:42])-[#1:56])-[#1],"EVODEX.2.1-P3885,EVODEX.2.1-P3927,EVODEX.2.1-P3970,EVODEX.2.1-P3971,EVODEX.2.1-P4119",16415375239672254668853847239093961561078909414230235684356139317947497126534
EVODEX.2.1-Em673,[#8:33](-[#6@@:32](-[#6@:23])(-[#6@:30])-[#1:84])-[#6@:34]>>[#8](-[#6@@:32](-[#6@:23])(-[#6@:30])-[#1:84])-[#1].[#8:33](-[#6@:34])-[#1],"EVODEX.2.1-P3905,EVODEX.2.1-P4045,EVODEX.2.1-P4071,EVODEX.2.1-P4084,EVODEX.2.1-P4105",26856635369927036805419312896680841667237437610551813395482285649028173467446
EVODEX.2.1-Em675,[#6:1]-[#6:2]1:[#6:3](:[#6:4](=[#8:5]):[#8:6]:[#6:7]2:[#6:8](:[#6:9](-[#8:10]-[#6@:11]):[#6:26](:[#6:27](:[#6:28]:1:2)-[#1:48])-[#1:47])-[#1:34])-[#1:33]>>[#6:1]-[#6:2]1:[#6:3](:[#6:4](=[#8:5]):[#8:6]:[#6:7]2:[#6:8](:[#6:9](-[#8]-[#1]):[#6:26](:[#6:27](:[#6:28]:1:2)-[#1:48])-[#1:47])-[#1:34])-[#1:33].[#8:10](-[#6@:11])-[#1],"EVODEX.2.1-P3921,EVODEX.2.1-P3942,EVODEX.2.1-P3980,EVODEX.2.1-P3984,EVODEX.2.1-P3993",1998944333832853573574502068469049908699465323350247523338477481575165825839
EVODEX.2.1-Em676,[#6:11](-[#6@@:10])(-[#8:12]-[#6@@:13])(-[#1:37])-[#1:38].[#8:26](-[#1])-[#1]>>[#6:11](-[#6@@:10])(-[#8:26]-[#1])(-[#1:37])-[#1:38].[#8:12](-[#6@@:13])-[#1],"EVODEX.2.1-P3922,EVODEX.2.1-P3963,EVODEX.2.1-P4046,EVODEX.2.1-P4089,EVODEX.2.1-P4101",69008186178144530747204662314798340568977999817100425421196162217807261929709
EVODEX.2.1-Em677,[#8:16](-[#6@:15](-[#6@:12])(-[#6@:45])-[#1:72])-[#6@@:17].[#8:58](-[#1])-[#1]>>[#8:58](-[#6@:15](-[#6@:12])(-[#6@:45])-[#1:72])-[#1].[#8:16](-[#6@@:17])-[#1],"EVODEX.2.1-P3932,EVODEX.2.1-P3937,EVODEX.2.1-P4061,EVODEX.2.1-P4063,EVODEX.2.1-P4104",51264985423335907428273338086969067426363363795823885824312177572512540079688
EVODEX.2.1-Em678,[#6:1]-[#6:2]1:[#6:3](:[#6:4](=[#8:5]):[#8:6]:[#6:7]2:[#6:8](:[#6:9](-[#8:10]-[#6@@:11]):[#6:33](:[#6:34](:[#6:35]:1:2)-[#1:66])-[#1:65])-[#1:41])-[#1:40].[#8:36](-[#1])-[#1]>>[#6:1]-[#6:2]1:[#6:3](:[#6:4](=[#8:5]):[#8:6]:[#6:7]2:[#6:8](:[#6:9](-[#8:36]-[#1]):[#6:33](:[#6:34](:[#6:35]:1:2)-[#1:66])-[#1:65])-[#1:41])-[#1:40].[#8:10](-[#6@@:11])-[#1],"EVODEX.2.1-P3939,EVODEX.2.1-P3972,EVODEX.2.1-P3981,EVODEX.2.1-P3982,EVODEX.2.1-P3985",27173708215550836309255002876884990302515602833647958154011886163273532699048
EVODEX.2.1-Em679,[#8:16](-[#6@:15])-[#6@:17](-[#6:18](=[#8:19])-[#8:20])(-[#6:21])-[#8:36].[#8:69](-[#1])-[#1]>>[#6:18](-[#6@@:17](-[#8:69]-[#1])(-[#6:21])-[#8:36])(=[#8:19])-[#8:20].[#8:16](-[#6@:15])-[#1],"EVODEX.2.1-P3940,EVODEX.2.1-P3990,EVODEX.2.1-P3992,EVODEX.2.1-P3994,EVODEX.2.1-P3996",27453245675488131019794977127368160892393273508212751718316400526234722995852
EVODEX.2.1-Em680,[#6]-[#6]1:[#6](:[#6](=[#8]):[#8]:[#6]2:[#6](:[#6](-[#8:10]-[#6@:11]):[#6](:[#6](:[#6]:1:2)-[#1])-[#1])-[#1])-[#1]>>[#8:10](-[#6@:11])-[#1],"EVODEX.2.1-P3941,EVODEX.2.1-P3977,EVODEX.2.1-P3979,EVODEX.2.1-P3983,EVODEX.2.1-P4012",3575445527681453902045111992390378116005981102138233118922667822373018551887
EVODEX.2.1-Em681,[#8:6]/[#7:7]=[#6:8](/[#6:9])-[#16:19]-[#6@](-[#8])(-[#6@])-[#1]>>[#8:6]/[#7:7]=[#6:8](/[#6:9])-[#16:19]-[#1],"EVODEX.2.1-P3944,EVODEX.2.1-P3948,EVODEX.2.1-P3949,EVODEX.2.1-P3951,EVODEX.2.1-P3955",1578967994812975881382632947281966421678247324810101023734518175397270011626
EVODEX.2.1-Em682,[#8:6]/[#7:7]=[#6:8](/[#6:9])-[#16:19]-[#6@:20](-[#8:21])(-[#6@:29])-[#1:40]>>[#8:6]/[#7:7]=[#6:8](/[#6:9])-[#16:19]-[#1].[#8](-[#6@:20](-[#8:21])(-[#6@:29])-[#1:40])-[#1],"EVODEX.2.1-P3945,EVODEX.2.1-P3947,EVODEX.2.1-P3952,EVODEX.2.1-P3954,EVODEX.2.1-P3958",39553957105243843142993817047809941175589234316071207692315753784186708443283
EVODEX.2.1-Em683,[#6:5]/[#6:6](=[#7:7]/[#8:8])-[#16:13]-[#6@:14](-[#8:15])(-[#6@:23])-[#1:34].[#8:25](-[#1])-[#1]>>[#6:5]/[#6:6](=[#7:7]/[#8:8])-[#16:13]-[#1].[#6:14](-[#8:25]-[#1])(-[#8:15])(-[#6@:23])-[#1:34],"EVODEX.2.1-P3946,EVODEX.2.1-P3950,EVODEX.2.1-P3953,EVODEX.2.1-P3956,EVODEX.2.1-P3957",102595266931919202258468596575236670477398297452855370684515832233404835535603
EVODEX.2.1-Em684,[#8:13]-[#6@@:14](-[#8:15]-[#6@:16])(-[#6:38](=[#8:39])-[#8:40])-[#6:41]>>[#8:13]-[#6@@:14](-[#6:38](=[#8:39])-[#8:40])(-[#8]-[#1])-[#6:41].[#8:15](-[#6@:16])-[#1],"EVODEX.2.1-P3986,EVODEX.2.1-P3987,EVODEX.2.1-P3989,EVODEX.2.1-P3991,EVODEX.2.1-P3995",67411972331330893271401003341967604767707167642296014845569655135022002743497
EVODEX.2.1-Em685,[#7:14]-[#8:15]-[#6@:16](-[#8:17])(-[#6@:25])-[#1:36].[#8:27](-[#1])-[#1]>>[#8:27](-[#6@:16](-[#8:17])(-[#6@:25])-[#1:36])-[#1].[#7:14]-[#8:15]-[#1],"EVODEX.2.1-P3997,EVODEX.2.1-P5665,EVODEX.2.1-P5667,EVODEX.2.1-P5670,EVODEX.2.1-P5671",75531960907097443399957145954792817249402243145083128368623164399187745096369
EVODEX.2.1-Em686,[#7:14]-[#8:15]-[#6@:16](-[#8:17])(-[#6@:25])-[#1:36]>>[#8](-[#6@:16](-[#8:17])(-[#6@:25])-[#1:36])-[#1].[#7:14]-[#8:15]-[#1],"EVODEX.2.1-P3998,EVODEX.2.1-P5666,EVODEX.2.1-P5668,EVODEX.2.1-P5669,EVODEX.2.1-P5672",65095909326676640442195243172127470013025209320282182899503940672247581573098
EVODEX.2.1-Em687,[#6:61](-[#6@:2])(-[#8]-[#6@@])(-[#1:146])-[#1:147].[#8:74](-[#1])-[#1]>>[#6:61](-[#6@:2])(-[#8:74]-[#1])(-[#1:146])-[#1:147],"EVODEX.2.1-P4002,EVODEX.2.1-P4048,EVODEX.2.1-P4050,EVODEX.2.1-P4052,EVODEX.2.1-P4054",36425532080127072983213258432807035542103940608181647259442542578733880912382
EVODEX.2.1-Em688,[#6:5]-[#6:6](-[#8]-[#6@@])(-[#1:31])-[#1:32]>>[#6:5]-[#6:6](-[#8]-[#1])(-[#1:31])-[#1:32],"EVODEX.2.1-P4004,EVODEX.2.1-P4024,EVODEX.2.1-P4049,EVODEX.2.1-P4051,EVODEX.2.1-P4053",65496204847612643221444111547827858927502410650263889461048865081509699177420
EVODEX.2.1-Em689,[#6:8]-[#6:9]1(-[#8:10]-[#6:11]-1)-[#1:40].[#8:24](-[#1])-[#1]>>[#6:8]-[#6:9](-[#6:11]-[#8:10]-[#1])(-[#8:24]-[#1])-[#1:40],"EVODEX.2.1-P4122,EVODEX.2.1-P4123,EVODEX.2.1-P4124,EVODEX.2.1-P4129,EVODEX.2.1-P4131",54839056133745167724804485212642929727608185643791559768947363777937894665436
EVODEX.2.1-Em690,[#6:6](-[#6@:4])(=[#8:7])-[#7:8](-[#6:9]1:[#6:10](:[#6:11](:[#6:12]2:[#6:13](:[#6:14](:[#6:15](:[#6:16](:[#6:17]:2:[#6:18]:1-[#1:37])-[#1:36])-[#1:35])-[#1:34])-[#1:33])-[#1:32])-[#1:31])-[#1].[#8:19](-[#1])-[#1]>>[#6:6](-[#6@:4])(=[#8:7])-[#8:19]-[#1].[#7:8](-[#6:9]1:[#6:10](:[#6:11](:[#6:12]2:[#6:13](:[#6:14](:[#6:15](:[#6:16](:[#6:17]:2:[#6:18]:1-[#1:37])-[#1:36])-[#1:35])-[#1:34])-[#1:33])-[#1:32])-[#1:31])(-[#1])-[#1],"EVODEX.2.1-P4125,EVODEX.2.1-P4165,EVODEX.2.1-P4217,EVODEX.2.1-P4403,EVODEX.2.1-P4986",80885226530005677430542973657789353130421400922602159792262740367379022169596
EVODEX.2.1-Em691,[#6:8]-[#6:9]1(-[#8:10]-[#6:11]-1)-[#1:20]>>[#8](-[#6:9](-[#6:8])(-[#6:11]-[#8:10]-[#1])-[#1:20])-[#1],"EVODEX.2.1-P4126,EVODEX.2.1-P4127,EVODEX.2.1-P4128,EVODEX.2.1-P4130,EVODEX.2.1-P4132",57633970727878610868723611967040457340102806639267407284069717979273902766788
EVODEX.2.1-Em693,[#6:7](-[#6@:5])(=[#8:8])-[#7:9](-[#6:10]1:[#6:11](:[#6:12](:[#6:13]2:[#6:14](-[#6:15]):[#6:19](:[#6:20](=[#8:21]):[#8:22]:[#6:23]:2:[#6:24]:1-[#1:42])-[#1:41])-[#1:40])-[#1:39])-[#1]>>[#6:7](-[#6@:5])(=[#8:8])-[#8]-[#1].[#7:9](-[#6:10]1:[#6:11](:[#6:12](:[#6:13]2:[#6:14](-[#6:15]):[#6:19](:[#6:20](=[#8:21]):[#8:22]:[#6:23]:2:[#6:24]:1-[#1:42])-[#1:41])-[#1:40])-[#1:39])(-[#1])-[#1],"EVODEX.2.1-P4143,EVODEX.2.1-P4742,EVODEX.2.1-P4851,EVODEX.2.1-P4977,EVODEX.2.1-P5044",78274224136049417610409324136208674994892939743761067372645783230983340507094
EVODEX.2.1-Em694,[#6]-[#6]1=[#6](-[#6]-[#8]-[#6]2:[#6](:[#6](-[#7](-[#6:10](=[#8:11])-[#6@@:12])-[#1]):[#6](:[#6](:[#6]:2-1)-[#1])-[#1])-[#1])-[#1]>>[#6:10](=[#8:11])(-[#6@@:12])-[#8]-[#1],"EVODEX.2.1-P4156,EVODEX.2.1-P4383,EVODEX.2.1-P4849,EVODEX.2.1-P4850,EVODEX.2.1-P5021",98626086997670200651523549114142150003742916288518934072852541270701282327200
EVODEX.2.1-Em695,[#6:10](-[#6@@:2])(=[#8:11])-[#7:12](-[#6:13]1:[#6:14](:[#6:15](:[#6:16]2:[#6:17](:[#6:18](:[#6:19](:[#6:20](:[#6:21]:2:[#6:22]:1-[#1:41])-[#1:40])-[#1:39])-[#1:38])-[#1:37])-[#1:36])-[#1:35])-[#1]>>[#7:12](-[#6:13]1:[#6:14](:[#6:15](:[#6:16]2:[#6:17](:[#6:18](:[#6:19](:[#6:20](:[#6:21]:2:[#6:22]:1-[#1:41])-[#1:40])-[#1:39])-[#1:38])-[#1:37])-[#1:36])-[#1:35])(-[#1])-[#1].[#6:10](-[#6@@:2])(=[#8:11])-[#8]-[#1],"EVODEX.2.1-P4166,EVODEX.2.1-P4292,EVODEX.2.1-P4357,EVODEX.2.1-P4402,EVODEX.2.1-P4973",32738012867990149537557738642951718294948542174730216889680866059429517771324
EVODEX.2.1-Em697,[#6:12](-[#6@:2])(-[#7](-[#1])-[#1])=[#8:14].[#8:15](-[#1])-[#1]>>[#6:12](-[#6@:2])(=[#8:14])-[#8:15]-[#1],"EVODEX.2.1-P4176,EVODEX.2.1-P5049,EVODEX.2.1-P5512,EVODEX.2.1-P5560,EVODEX.2.1-P5689",19358205965114958064087190545012750011550915399599874681584469719913041371229
EVODEX.2.1-Em698,[#6:7](-[#6@:5])(=[#8:8])-[#7:9](-[#6@@:10]-[#6:16](=[#8:17])-[#7:18](-[#6@@:19])-[#1])-[#1].[#8:94](-[#1])-[#1].[#8:95](-[#1])-[#1]>>[#6:7](-[#6@:5])(=[#8:8])-[#8:94]-[#1].[#7:18](-[#6@@:19])(-[#1])-[#1].[#7:9](-[#6@@:10]-[#6:16](=[#8:17])-[#8:95]-[#1])(-[#1])-[#1],"EVODEX.2.1-P4182,EVODEX.2.1-P4223,EVODEX.2.1-P4645,EVODEX.2.1-P5113,EVODEX.2.1-P5160",104724862294807237557115649543417921029319819221351139675894657635946761402654
EVODEX.2.1-Em699,[#6:7](-[#6@:5])(=[#8:8])-[#7:9](-[#6@@:10]-[#6:16](=[#8:17])-[#7:18](-[#6@@:19])-[#1])-[#1]>>[#6:7](-[#6@:5])(=[#8:8])-[#8]-[#1].[#7:18](-[#6@@:19])(-[#1])-[#1].[#7:9](-[#6@@:10]-[#6:16](=[#8:17])-[#8]-[#1])(-[#1])-[#1],"EVODEX.2.1-P4183,EVODEX.2.1-P4922,EVODEX.2.1-P4937,EVODEX.2.1-P4943,EVODEX.2.1-P4945",79188598098700870783554362671578582125125642780761180696413002462312552260488
EVODEX.2.1-Em702,[#6:2]-[#6:3](=[#8:4])-[#7](-[#6]1:[#6](:[#6](:[#6](-[#7&+](=[#8])-[#8&-]):[#6](:[#6]:1-[#1])-[#1])-[#1])-[#1])-[#1]>>[#6:2]-[#6:3](=[#8:4])-[#8]-[#1],"EVODEX.2.1-P4206,EVODEX.2.1-P4389,EVODEX.2.1-P4847,EVODEX.2.1-P4879,EVODEX.2.1-P5042",3191221602562523212684752057475714123011400462800345683405012934590127618682
EVODEX.2.1-Em703,[#6:8](-[#6@@:2])(=[#8:9])-[#7](-[#6]1:[#6](:[#6](:[#6]2:[#6](:[#6](:[#6](:[#6](:[#6]:2:[#6]:1-[#1])-[#1])-[#1])-[#1])-[#1])-[#1])-[#1])-[#1].[#8:21](-[#1])-[#1]>>[#6:8](-[#6@@:2])(=[#8:9])-[#8:21]-[#1],"EVODEX.2.1-P4218,EVODEX.2.1-P4224,EVODEX.2.1-P4294,EVODEX.2.1-P4303,EVODEX.2.1-P4987",31801868897539667835141709578930524329932664760081747683630712176604461672576
EVODEX.2.1-Em705,[#6:24]-[#7:25](-[#6:26](=[#7:27]-[#1])-[#7:28])-[#1].[#8:43](-[#1])-[#1]>>[#6:26](=[#7:27]-[#1])(-[#7:28])-[#8:43]-[#1].[#6:24]-[#7:25](-[#1])-[#1],"EVODEX.2.1-P4227,EVODEX.2.1-P4640,EVODEX.2.1-P4870,EVODEX.2.1-P5757,EVODEX.2.1-P5758",52035317548572283247207793937676255640542994369519744828055290180119793784595
EVODEX.2.1-Em706,[#6:24]-[#7:25](-[#6:26](=[#7:27]-[#1])-[#7:28])-[#1]>>[#6:26](=[#7:27]-[#1])(-[#7:28])-[#8]-[#1].[#6:24]-[#7:25](-[#1])-[#1],"EVODEX.2.1-P4228,EVODEX.2.1-P4854,EVODEX.2.1-P5740,EVODEX.2.1-P5761,EVODEX.2.1-P5766",114653311154940899169019828293587259668968153125645460546983447854671285769350
EVODEX.2.1-Em707,[#7:8](-[#6@:6])(-[#6:9](=[#8:10])-[#6:11](-[#7:12])(-[#6:13])-[#1:32])-[#1].[#8:21](-[#1])-[#1]>>[#6:9](=[#8:10])(-[#6@@:11](-[#7:12])(-[#6:13])-[#1:32])-[#8:21]-[#1].[#7:8](-[#6@:6])(-[#1])-[#1],"EVODEX.2.1-P4235,EVODEX.2.1-P4387,EVODEX.2.1-P4867,EVODEX.2.1-P5037,EVODEX.2.1-P5276",65154613498313952246860157602827834703121252176168905638425787540614321979443
EVODEX.2.1-Em708,[#7:13](-[#6:14]1:[#6:15](:[#6:16](:[#6:17](-[#7&+:18](=[#8:19])-[#8&-:20]):[#6:21](:[#6:22]:1-[#1:28])-[#1:27])-[#1:26])-[#1:25])(-[#1])-[#1].[#6:10](-[#6@:8])(=[#8:11])-[#8]-[#1]>>[#6:10](-[#6@:8])(=[#8:11])-[#7:13](-[#6:14]1:[#6:15](:[#6:16](:[#6:17](-[#7&+:18](=[#8:19])-[#8&-:20]):[#6:21](:[#6:22]:1-[#1:28])-[#1:27])-[#1:26])-[#1:25])-[#1],"EVODEX.2.1-P4244,EVODEX.2.1-P4581,EVODEX.2.1-P4669,EVODEX.2.1-P4733,EVODEX.2.1-P4811",69763613550493825065750991688160304885555296353677918092949080010936236783402
EVODEX.2.1-Em709,[#6:7](-[#6@:5])(=[#8:8])-[#8:9]-[#1].[#7:10](-[#6:11]1:[#6:12](:[#6:13](:[#6:14](-[#7&+:15](=[#8:16])-[#8&-:17]):[#6:18](:[#6:19]:1-[#1:38])-[#1:37])-[#1:36])-[#1:35])(-[#1])-[#1]>>[#6:7](-[#6@:5])(=[#8:8])-[#7:10](-[#6:11]1:[#6:12](:[#6:13](:[#6:14](-[#7&+:15](=[#8:16])-[#8&-:17]):[#6:18](:[#6:19]:1-[#1:38])-[#1:37])-[#1:36])-[#1:35])-[#1].[#8:9](-[#1])-[#1],"EVODEX.2.1-P4245,EVODEX.2.1-P4582,EVODEX.2.1-P4660,EVODEX.2.1-P4671,EVODEX.2.1-P4873",105487779287836101736968921590532252073654896238151167175135424283944561746616
EVODEX.2.1-Em710,[#6:10](-[#6@@:2])(=[#8:11])-[#8]-[#1]>>[#6:10](-[#6@@:2])(=[#8:11])-[#7](-[#6]1:[#6](:[#6](:[#6](-[#7&+](=[#8])-[#8&-]):[#6](:[#6]:1-[#1])-[#1])-[#1])-[#1])-[#1],"EVODEX.2.1-P4246,EVODEX.2.1-P4577,EVODEX.2.1-P4734,EVODEX.2.1-P4763,EVODEX.2.1-P4875",30353301739017089699863583913254396723432470077029578970182940280378383741346
EVODEX.2.1-Em711,[#6:7]-[#6:8](=[#8:9])-[#7:10](-[#6@@:11])-[#1]>>[#6:7]-[#6:8](=[#8:9])-[#8]-[#1].[#7:10](-[#6@@:11])(-[#1])-[#1],"EVODEX.2.1-P4288,EVODEX.2.1-P4694,EVODEX.2.1-P4840,EVODEX.2.1-P5264,EVODEX.2.1-P5311",79596132426590414460896235046590803619680393208457234291812208240321733550358
EVODEX.2.1-Em712,[#6]-[#6]1=[#6](-[#6]-[#8]-[#6]2:[#6](:[#6](-[#7](-[#6:10](=[#8:11])-[#6@@:12])-[#1]):[#6](:[#6](:[#6]:2-1)-[#1])-[#1])-[#1])-[#1].[#8:26](-[#1])-[#1]>>[#6:10](=[#8:11])(-[#6@@:12])-[#8:26]-[#1],"EVODEX.2.1-P4293,EVODEX.2.1-P4384,EVODEX.2.1-P4648,EVODEX.2.1-P4848,EVODEX.2.1-P4950",9842086115334157138642740234916258321069673873310456710493203383769339874788
EVODEX.2.1-Em713,[#6:10](-[#6@:8])(=[#8:11])-[#7:12](-[#6@@:13])-[#1].[#8:21](-[#1])-[#1]>>[#7:12](-[#6@@:13])(-[#1])-[#1].[#6:10](-[#6@:8])(=[#8:11])-[#8:21]-[#1],"EVODEX.2.1-P4296,EVODEX.2.1-P4565,EVODEX.2.1-P4800,EVODEX.2.1-P4820,EVODEX.2.1-P4843",114186845560407998358248103341180002290736573565677413408452852578210847290470
EVODEX.2.1-Em714,[#6:7](-[#6@:5])(=[#8:8])-[#7:9](-[#6:10])-[#6@:13]>>[#6:7](-[#6@:5])(=[#8:8])-[#8]-[#1].[#7:9](-[#6:10])(-[#6@:13])-[#1],"EVODEX.2.1-P4304,EVODEX.2.1-P4353,EVODEX.2.1-P5126,EVODEX.2.1-P5155,EVODEX.2.1-P5434",81285523849272462025849893339527803187422276110357802532295847529636322701299
EVODEX.2.1-Em715,[#6:4](-[#6@:2])(=[#8:5])-[#7:6](-[#6:7])-[#6@:10].[#8:18](-[#1])-[#1]>>[#6:4](-[#6@:2])(=[#8:5])-[#8:18]-[#1].[#7:6](-[#6:7])(-[#6@:10])-[#1],"EVODEX.2.1-P4306,EVODEX.2.1-P4319,EVODEX.2.1-P4351,EVODEX.2.1-P4459,EVODEX.2.1-P5135",102410344606543229717495254166599027643329457948464542717938069684381584134189
EVODEX.2.1-Em716,[#6:4]-[#6:5](-[#7:6](-[#6:7](=[#8:8])-[#6:9](-[#6:10])(-[#7:13])-[#1:29])-[#1])(-[#6:14](-[#7:15])=[#8:16])-[#1:27].[#8:17](-[#1])-[#1]>>[#6:7](=[#8:8])(-[#6@:9](-[#6:10])(-[#7:13])-[#1:29])-[#8:17]-[#1].[#6:4]-[#6@:5](-[#7:6](-[#1])-[#1])(-[#6:14](-[#7:15])=[#8:16])-[#1:27],"EVODEX.2.1-P4330,EVODEX.2.1-P4719,EVODEX.2.1-P4997,EVODEX.2.1-P5277,EVODEX.2.1-P5313",99918057006326603684877248972384992724915839628915227539640686731926151214745
EVODEX.2.1-Em717,[#8:2]-[#6:3]1:[#6:4](:[#6:5](-[#7:6](-[#6:7](=[#8:8])-[#6@:9])-[#1]):[#6:22](:[#6:23]2:[#6:24](:[#6:25](:[#6:26](:[#6:27](:[#6:28]:1:2)-[#1:55])-[#1:54])-[#1:53])-[#1:52])-[#1:51])-[#1:33].[#8:29](-[#1])-[#1]>>[#6:7](=[#8:8])(-[#6@:9])-[#8:29]-[#1].[#8:2]-[#6:3]1:[#6:4](:[#6:5](-[#7:6](-[#1])-[#1]):[#6:22](:[#6:23]2:[#6:24](:[#6:25](:[#6:26](:[#6:27](:[#6:28]:1:2)-[#1:55])-[#1:54])-[#1:53])-[#1:52])-[#1:51])-[#1:33],"EVODEX.2.1-P4355,EVODEX.2.1-P4857,EVODEX.2.1-P4862,EVODEX.2.1-P5047,EVODEX.2.1-P5054",7517286506168682718931948148790446007596552867183376009524704630446231185683
EVODEX.2.1-Em718,[#8]-[#6]1:[#6](:[#6](-[#7](-[#6:7](=[#8:8])-[#6@:9])-[#1]):[#6](:[#6]2:[#6](:[#6](:[#6](:[#6](:[#6]:1:2)-[#1])-[#1])-[#1])-[#1])-[#1])-[#1].[#8:29](-[#1])-[#1]>>[#6:7](=[#8:8])(-[#6@:9])-[#8:29]-[#1],"EVODEX.2.1-P4358,EVODEX.2.1-P4856,EVODEX.2.1-P4859,EVODEX.2.1-P4863,EVODEX.2.1-P4983",83059669114171105778047642902462265741269724165922430031536934813152229933812
EVODEX.2.1-Em719,[#6:13](-[#6@:5])(-[#7:14](-[#1])-[#1])=[#8:15]>>[#6:13](-[#6@:5])(=[#8:15])-[#8]-[#1].[#7:14](-[#1])(-[#1])-[#1],"EVODEX.2.1-P4359,EVODEX.2.1-P4360,EVODEX.2.1-P5528,EVODEX.2.1-P5553,EVODEX.2.1-P5562",73741616157309332244703729876524952980626330899941651084590343371169993702548
EVODEX.2.1-Em720,([#6:9](-[#6@@:7])(=[#8:10])-[#7:11](-[#6@@:12])-[#1].[#6:19](-[#6@@:17])(=[#8:20])-[#7:21](-[#6@@:22])-[#1]).[#8:32](-[#1])-[#1].[#8:33](-[#1])-[#1]>>[#6:9](-[#6@@:7])(=[#8:10])-[#8:32]-[#1].([#7:11](-[#6@@:12])(-[#1])-[#1].[#6:19](-[#6@@:17])(=[#8:20])-[#8:33]-[#1]).[#7:21](-[#6@@:22])(-[#1])-[#1],"EVODEX.2.1-P4364,EVODEX.2.1-P4641,EVODEX.2.1-P4714,EVODEX.2.1-P4810,EVODEX.2.1-P5275",61781986644006111530110421699797458937156251422990180217825682010850141822345
EVODEX.2.1-Em721,[#8:2]-[#6:3]1:[#6:4](:[#6:5](-[#7:6](-[#6:7](=[#8:8])-[#6@:9])-[#1]):[#6:16](:[#6:17]2:[#6:18](:[#6:19](:[#6:20](:[#6:21](:[#6:22]:1:2)-[#1:42])-[#1:41])-[#1:40])-[#1:39])-[#1:38])-[#1:27]>>[#6:7](=[#8:8])(-[#6@:9])-[#8]-[#1].[#8:2]-[#6:3]1:[#6:4](:[#6:5](-[#7:6](-[#1])-[#1]):[#6:16](:[#6:17]2:[#6:18](:[#6:19](:[#6:20](:[#6:21](:[#6:22]:1:2)-[#1:42])-[#1:41])-[#1:40])-[#1:39])-[#1:38])-[#1:27],"EVODEX.2.1-P4365,EVODEX.2.1-P4366,EVODEX.2.1-P4984,EVODEX.2.1-P5011,EVODEX.2.1-P5055",41987571099309949151834835796981078233507645642933929952171314990189371780411
EVODEX.2.1-Em722,[#6:14](-[#6@:2])(=[#8:15])-[#7](-[#6]1:[#6](:[#6](:[#6](-[#7&+](=[#8])-[#8&-]):[#6](:[#6]:1-[#1])-[#1])-[#1])-[#1])-[#1].[#8:26](-[#1])-[#1]>>[#6:14](-[#6@:2])(=[#8:15])-[#8:26]-[#1],"EVODEX.2.1-P4373,EVODEX.2.1-P4657,EVODEX.2.1-P4672,EVODEX.2.1-P5020,EVODEX.2.1-P5690",26804329877529793268254096216066996832725597074109168947651380442258245837245
EVODEX.2.1-Em723,[#6:9](-[#6@@:7])(=[#8:10])-[#7](-[#6]1:[#6](:[#6](:[#6](:[#6](:[#6]:1-[#7&+](=[#8])-[#8&-])-[#1])-[#1])-[#1])-[#1])-[#1]>>[#6:9](-[#6@@:7])(=[#8:10])-[#8]-[#1],"EVODEX.2.1-P4377,EVODEX.2.1-P5375,EVODEX.2.1-P5379,EVODEX.2.1-P5382,EVODEX.2.1-P5384",79688007629250759002901414583932534781011631289681688954731961827473992579568
EVODEX.2.1-Em724,[#6:14](-[#6@:13])(=[#8:15])-[#7:16](-[#6:17]1:[#6:18](:[#6:19](:[#6:20]2:[#6:21](:[#6:22]:1-[#1:51])-[#8:23]-[#6:24]-[#6:25](=[#6:26]-2-[#6:27])-[#1:54])-[#1:50])-[#1:49])-[#1]>>[#6:14](-[#6@:13])(=[#8:15])-[#8]-[#1].[#7:16](-[#6:17]1:[#6:18](:[#6:19](:[#6:20]2:[#6:21](:[#6:22]:1-[#1:51])-[#8:23]-[#6:24]-[#6:25](=[#6:26]-2-[#6:27])-[#1:54])-[#1:50])-[#1:49])(-[#1])-[#1],"EVODEX.2.1-P4385,EVODEX.2.1-P4852,EVODEX.2.1-P4951,EVODEX.2.1-P4962,EVODEX.2.1-P5058",16843467910623063816264502683034908796487464314022044468771901720521421303146
EVODEX.2.1-Em725,[#6:14](-[#6@:13])(=[#8:15])-[#7:16](-[#6:17]1:[#6:18](:[#6:19](:[#6:20](:[#6:21](:[#6:22]:1-[#1:64])-[#8:23])-[#6:31])-[#1:63])-[#1:62])-[#1]>>[#6:14](-[#6@:13])(=[#8:15])-[#8]-[#1].[#7:16](-[#6:17]1:[#6:18](:[#6:19](:[#6:20](:[#6:21](:[#6:22]:1-[#1:64])-[#8:23])-[#6:31])-[#1:63])-[#1:62])(-[#1])-[#1],"EVODEX.2.1-P4386,EVODEX.2.1-P4394,EVODEX.2.1-P4395,EVODEX.2.1-P4396,EVODEX.2.1-P4400",7875601760800968490454348270113256242470845872271560511128256896884524086794
EVODEX.2.1-Em726,[#7:5]-[#6:9](-[#6:8])(-[#6:10](=[#8:11])-[#7:12](-[#6:13])-[#1])-[#1:28]>>[#7:12](-[#6:13])(-[#1])-[#1].[#7:5]-[#6@@:9](-[#6:8])(-[#6:10](=[#8:11])-[#8]-[#1])-[#1:28],"EVODEX.2.1-P4388,EVODEX.2.1-P4868,EVODEX.2.1-P5031,EVODEX.2.1-P5038,EVODEX.2.1-P5040",29643571029988843274093741576909164978720032747360960288001567596785027995909
EVODEX.2.1-Em727,[#6:14](-[#6@:13])(=[#8:15])-[#7:16](-[#6:17]1:[#6:18](:[#6:19](:[#6:20](-[#7&+:21](=[#8:22])-[#8&-:23]):[#6:24](:[#6:25]:1-[#1:50])-[#1:49])-[#1:48])-[#1:47])-[#1].[#8:26](-[#1])-[#1]>>[#6:14](-[#6@:13])(=[#8:15])-[#8:26]-[#1].[#7:16](-[#6:17]1:[#6:18](:[#6:19](:[#6:20](-[#7&+:21](=[#8:22])-[#8&-:23]):[#6:24](:[#6:25]:1-[#1:50])-[#1:49])-[#1:48])-[#1:47])(-[#1])-[#1],"EVODEX.2.1-P4390,EVODEX.2.1-P4691,EVODEX.2.1-P4895,EVODEX.2.1-P5019,EVODEX.2.1-P5057",12306533423380763886081075067775682195098903070871665434876802009480661180070
EVODEX.2.1-Em728,[#8]-[#6]1:[#6](:[#6](-[#7](-[#6:7](=[#8:8])-[#6@@:9])-[#1]):[#6](:[#6]2:[#6](:[#6](:[#6](:[#6](:[#6]:1:2)-[#1])-[#1])-[#1])-[#1])-[#1])-[#1]>>[#6:7](=[#8:8])(-[#6@@:9])-[#8]-[#1],"EVODEX.2.1-P4391,EVODEX.2.1-P4855,EVODEX.2.1-P4858,EVODEX.2.1-P4860,EVODEX.2.1-P4861",84667329045387772363336554082302222916850814961237748729597806755648411878216
EVODEX.2.1-Em729,[#6:10](-[#6@:9])(=[#8:11])-[#7:12](-[#6:13]1:[#6:14](:[#6:15](:[#6:16](:[#6:17](:[#6:18]:1-[#1:56])-[#8:19])-[#6:31])-[#1:55])-[#1:54])-[#1].[#8:41](-[#1])-[#1]>>[#7:12](-[#6:13]1:[#6:14](:[#6:15](:[#6:16](:[#6:17](:[#6:18]:1-[#1:56])-[#8:19])-[#6:31])-[#1:55])-[#1:54])(-[#1])-[#1].[#6:10](-[#6@:9])(=[#8:11])-[#8:41]-[#1],"EVODEX.2.1-P4393,EVODEX.2.1-P4397,EVODEX.2.1-P4398,EVODEX.2.1-P4399,EVODEX.2.1-P5324",80783175999354355229574061983628725008866930979921056984092422878011526683994
EVODEX.2.1-Em730,[#6:18](-[#6@:5])(=[#8:19])-[#7:20](-[#6:21]1:[#6:22](:[#6:23](:[#6:24]2:[#6:25](:[#6:26]:1-[#1:56])-[#8:27]-[#6:28]-[#6:29](=[#6:30]-2-[#6:31])-[#1:59])-[#1:55])-[#1:54])-[#1].[#8:32](-[#1])-[#1]>>[#6:18](-[#6@:5])(=[#8:19])-[#8:32]-[#1].[#7:20](-[#6:21]1:[#6:22](:[#6:23](:[#6:24]2:[#6:25](:[#6:26]:1-[#1:56])-[#8:27]-[#6:28]-[#6:29](=[#6:30]-2-[#6:31])-[#1:59])-[#1:55])-[#1:54])(-[#1])-[#1],"EVODEX.2.1-P4404,EVODEX.2.1-P4720,EVODEX.2.1-P4801,EVODEX.2.1-P4869,EVODEX.2.1-P4992",76514152008318219579555726674446820760875827075663477024171368071935333986498
EVODEX.2.1-Em731,([#7:25](-[#6@:20])(-[#6:26](=[#8:27])-[#6:28])-[#1].[#6:42](-[#6@:5])(=[#8:43])-[#7:44](-[#6@@:45])-[#1])>>[#6:26](=[#8:27])(-[#6:28])-[#8]-[#1].([#7:25](-[#6@:20])(-[#1])-[#1].[#6:42](-[#6@:5])(=[#8:43])-[#8]-[#1]).[#7:44](-[#6@@:45])(-[#1])-[#1],"EVODEX.2.1-P4405,EVODEX.2.1-P4715,EVODEX.2.1-P5158,EVODEX.2.1-P5265,EVODEX.2.1-P5323",45031725073623766610217306311783908993826244258910650788379176899012294187396
EVODEX.2.1-Em732,[#7:17]-[#6:18](=[#8:19])-[#6@:20](-[#6:21])(-[#7:22](-[#6:23](=[#8:24])-[#6@:25])-[#1])-[#1:63].[#8:40](-[#1])-[#1]>>[#6:23](=[#8:24])(-[#6@:25])-[#8:40]-[#1].[#7:17]-[#6:18](=[#8:19])-[#6:20](-[#6:21])(-[#7:22](-[#1])-[#1])-[#1:63],"EVODEX.2.1-P4433,EVODEX.2.1-P4978,EVODEX.2.1-P4980,EVODEX.2.1-P4982,EVODEX.2.1-P5153",105192918078310750712899954141518990179311410427185878872962619731188951835062
EVODEX.2.1-Em733,[#6:21](-[#6@:20])(=[#8:22])-[#7:23](-[#6:24]1:[#6:25](:[#6:26](:[#6:27](-[#7&+:28](=[#8:29])-[#8&-:30]):[#6:31](:[#6:32]:1-[#1:57])-[#1:56])-[#1:55])-[#1:54])-[#1]>>[#6:21](-[#6@:20])(=[#8:22])-[#8]-[#1].[#7:23](-[#6:24]1:[#6:25](:[#6:26](:[#6:27](-[#7&+:28](=[#8:29])-[#8&-:30]):[#6:31](:[#6:32]:1-[#1:57])-[#1:56])-[#1:55])-[#1:54])(-[#1])-[#1],"EVODEX.2.1-P4434,EVODEX.2.1-P4533,EVODEX.2.1-P4767,EVODEX.2.1-P4892,EVODEX.2.1-P5065",3116361243536594721910847128127386601282955095480182440035056636104865768122
EVODEX.2.1-Em734,[#7:9](-[#6@:8])(-[#6:10](=[#8:11])-[#8:12])-[#1]>>[#6:10](=[#8:11])(-[#8:12])-[#8]-[#1].[#7:9](-[#6@:8])(-[#1])-[#1],"EVODEX.2.1-P4439,EVODEX.2.1-P4477,EVODEX.2.1-P5403,EVODEX.2.1-P5494,EVODEX.2.1-P5626",32002039005927764667135542305747063064282558214366306223202394479349002586800
EVODEX.2.1-Em735,[#7:2]-[#6:16]1:[#6:17](:[#6:18](:[#6:19](-[#6:20](=[#8:21])-[#7:22](-[#6@@:23])-[#1]):[#6:32](:[#6:33]:1-[#1:56])-[#1:55])-[#1:46])-[#1:45].[#8:34](-[#1])-[#1]>>[#7:2]-[#6:16]1:[#6:17](:[#6:18](:[#6:19](-[#6:20](=[#8:21])-[#8:34]-[#1]):[#6:32](:[#6:33]:1-[#1:56])-[#1:55])-[#1:46])-[#1:45].[#7:22](-[#6@@:23])(-[#1])-[#1],"EVODEX.2.1-P4470,EVODEX.2.1-P4472,EVODEX.2.1-P4474,EVODEX.2.1-P4480,EVODEX.2.1-P4576",27628949274218222996640265924869197916269743258262211424190773924248132224820
EVODEX.2.1-Em736,[#7:2]-[#6:17]1:[#6:18](:[#6:19](:[#6:20](-[#6:21](=[#8:22])-[#7:23](-[#6@@:24])-[#1]):[#6:33](:[#6:34]:1-[#1:57])-[#1:56])-[#1:47])-[#1:46]>>[#7:2]-[#6:17]1:[#6:18](:[#6:19](:[#6:20](-[#6:21](=[#8:22])-[#8]-[#1]):[#6:33](:[#6:34]:1-[#1:57])-[#1:56])-[#1:47])-[#1:46].[#7:23](-[#6@@:24])(-[#1])-[#1],"EVODEX.2.1-P4471,EVODEX.2.1-P4473,EVODEX.2.1-P4475,EVODEX.2.1-P4481,EVODEX.2.1-P4575",18115957140391793260357024130469094492868721932041936879034172145107915190556
EVODEX.2.1-Em737,[#7:8](-[#6@:7])(-[#6](=[#8])-[#8])-[#1]>>[#7:8](-[#6@:7])(-[#1])-[#1],"EVODEX.2.1-P4476,EVODEX.2.1-P4478,EVODEX.2.1-P4680,EVODEX.2.1-P5402,EVODEX.2.1-P5604",15802423978480556107705700568024363736425550494084941535583958969021564089913
EVODEX.2.1-Em738,[#6:30](-[#6@:4])(=[#8:31])-[#8:32]-[#1]>>[#6:30](-[#6@:4])(=[#8:31])-[#7](-[#6]1:[#6](:[#6](:[#6](-[#7&+](=[#8])-[#8&-]):[#6](:[#6]:1-[#1])-[#1])-[#1])-[#1])-[#1].[#8:32](-[#1])-[#1],"EVODEX.2.1-P4583,EVODEX.2.1-P4658,EVODEX.2.1-P4659,EVODEX.2.1-P4670,EVODEX.2.1-P4874",81936121385205710811271647706251028758351843605514795194850825253464171700471
EVODEX.2.1-Em739,[#6:33](-[#6@@:25])(=[#8:34])-[#7](-[#6]1:[#6](:[#6](:[#6](-[#7&+](=[#8])-[#8&-]):[#6](-[#6](=[#8])-[#8]):[#6]:1-[#1])-[#1])-[#1])-[#1]>>[#6:33](-[#6@@:25])(=[#8:34])-[#8]-[#1],"EVODEX.2.1-P4585,EVODEX.2.1-P4591,EVODEX.2.1-P4596,EVODEX.2.1-P4602,EVODEX.2.1-P4611",112209467841173455843308488050979486778869864839198449697142438030912900121479
EVODEX.2.1-Em740,[#6:38](-[#6@:10])(=[#8:39])-[#8:40]-[#1].[#7:43](-[#6:44]1:[#6:45](:[#6:46](:[#6:47](-[#7&+:48](=[#8:49])-[#8&-:50]):[#6:51](-[#6:52](=[#8:53])-[#8:54]):[#6:55]:1-[#1:97])-[#1:95])-[#1:94])(-[#1])-[#1]>>[#6:38](-[#6@:10])(=[#8:39])-[#7:43](-[#6:44]1:[#6:45](:[#6:46](:[#6:47](-[#7&+:48](=[#8:49])-[#8&-:50]):[#6:51](-[#6:52](=[#8:53])-[#8:54]):[#6:55]:1-[#1:97])-[#1:95])-[#1:94])-[#1].[#8:40](-[#1])-[#1],"EVODEX.2.1-P4594,EVODEX.2.1-P4598,EVODEX.2.1-P4601,EVODEX.2.1-P4604,EVODEX.2.1-P4606",111845367664901685320054916331988498693312734018320127982265909820936933643659
EVODEX.2.1-Em741,[#6:50](-[#6@@:41])(=[#8:51])-[#7](-[#6]1:[#6](:[#6](:[#6](-[#7&+](=[#8])-[#8&-]):[#6](-[#6](-[#7])=[#8]):[#6]:1-[#1])-[#1])-[#1])-[#1].[#8:65](-[#1])-[#1]>>[#6:50](-[#6@@:41])(=[#8:51])-[#8:65]-[#1],"EVODEX.2.1-P4613,EVODEX.2.1-P4673,EVODEX.2.1-P4676,EVODEX.2.1-P4807,EVODEX.2.1-P4808",113724813319357826315711344158667502603405363791844852740231499166106726403757
EVODEX.2.1-Em742,[#6:50](-[#6@@:41])(=[#8:51])-[#7](-[#6]1:[#6](:[#6](:[#6](-[#7&+](=[#8])-[#8&-]):[#6](-[#6](-[#7])=[#8]):[#6]:1-[#1])-[#1])-[#1])-[#1]>>[#6:50](-[#6@@:41])(=[#8:51])-[#8]-[#1],"EVODEX.2.1-P4614,EVODEX.2.1-P4674,EVODEX.2.1-P4678,EVODEX.2.1-P4806,EVODEX.2.1-P4809",65701458477768685680619304579546781150619923912150378333910420388627388914036
EVODEX.2.1-Em743,[#6:27](-[#6@@:19])(=[#8:28])-[#8:29]-[#1].[#6:30]-[#6:31]1:[#6:32](:[#6:33](=[#8:34]):[#8:35]:[#6:36]2:[#6:37](:[#6:38](-[#7:39](-[#1])-[#1]):[#6:40](:[#6:41](:[#6:42]:1:2)-[#1:76])-[#1:75])-[#1:72])-[#1:71]>>[#6:27](-[#6@@:19])(=[#8:28])-[#7:39](-[#6:38]1:[#6:37](:[#6:36]2:[#8:35]:[#6:33](=[#8:34]):[#6:32](:[#6:31](-[#6:30]):[#6:42]:2:[#6:41](:[#6:40]:1-[#1:75])-[#1:76])-[#1:71])-[#1:72])-[#1].[#8:29](-[#1])-[#1],"EVODEX.2.1-P4615,EVODEX.2.1-P4737,EVODEX.2.1-P4739,EVODEX.2.1-P4768,EVODEX.2.1-P4812",71079377550239537960607030769473198855800134812662799002798949152810358718665
EVODEX.2.1-Em744,[#8:2]=[#6:3](-[#7:4](-[#6@@:5])-[#1])-[#6:26]1:[#6:27](:[#6:28](:[#6:29](:[#6:30](:[#6:31]:1-[#1:49])-[#1:48])-[#1:47])-[#1:46])-[#1:45].[#8:1](-[#1])-[#1]>>[#7:4](-[#6@@:5])(-[#1])-[#1].[#8:1](-[#6:3](=[#8:2])-[#6:26]1:[#6:27](:[#6:28](:[#6:29](:[#6:30](:[#6:31]:1-[#1:49])-[#1:48])-[#1:47])-[#1:46])-[#1:45])-[#1],"EVODEX.2.1-P4616,EVODEX.2.1-P5390,EVODEX.2.1-P5393,EVODEX.2.1-P5395,EVODEX.2.1-P5444",50386971807070423364458330000292481357034251442456874697923910707406810209318
EVODEX.2.1-Em745,[#8]=[#6](-[#7:4](-[#6@@:5])-[#1])-[#6]1:[#6](:[#6](:[#6](:[#6](:[#6]:1-[#1])-[#1])-[#1])-[#1])-[#1]>>[#7:4](-[#6@@:5])(-[#1])-[#1],"EVODEX.2.1-P4617,EVODEX.2.1-P5063,EVODEX.2.1-P5389,EVODEX.2.1-P5391,EVODEX.2.1-P5443",61344323485556907994136187345358538370609967509725668257177259055078026117071
EVODEX.2.1-Em746,[#8:2]=[#6:3](-[#7:4](-[#6@@:5])-[#1])-[#6:26]1:[#6:27](:[#6:28](:[#6:29](:[#6:30](:[#6:31]:1-[#1:49])-[#1:48])-[#1:47])-[#1:46])-[#1:45]>>[#7:4](-[#6@@:5])(-[#1])-[#1].[#8](-[#6:3](=[#8:2])-[#6:26]1:[#6:27](:[#6:28](:[#6:29](:[#6:30](:[#6:31]:1-[#1:49])-[#1:48])-[#1:47])-[#1:46])-[#1:45])-[#1],"EVODEX.2.1-P4618,EVODEX.2.1-P5392,EVODEX.2.1-P5394,EVODEX.2.1-P5529,EVODEX.2.1-P5557",87400740739697180616974698174105743465735041083894926497418313272436278309106
EVODEX.2.1-Em747,[#6:1]-[#6:2]1:[#6:3](:[#6:4](=[#8:5]):[#8:6]:[#6:7]2:[#6:8](:[#6:9](-[#7:10](-[#6:11](=[#8:12])-[#6@:13])-[#1]):[#6:37](:[#6:38](:[#6:39]:1:2)-[#1:73])-[#1:72])-[#1:45])-[#1:44].[#8:40](-[#1])-[#1]>>[#6:11](=[#8:12])(-[#6@:13])-[#8:40]-[#1].[#6:1]-[#6:2]1:[#6:3](:[#6:4](=[#8:5]):[#8:6]:[#6:7]2:[#6:8](:[#6:9](-[#7:10](-[#1])-[#1]):[#6:37](:[#6:38](:[#6:39]:1:2)-[#1:73])-[#1:72])-[#1:45])-[#1:44],"EVODEX.2.1-P4631,EVODEX.2.1-P4646,EVODEX.2.1-P4647,EVODEX.2.1-P4899,EVODEX.2.1-P4976",10191203523697024922318061494344044616158765107445877417301479638107775495554
EVODEX.2.1-Em748,[#6:1]-[#6:2]1:[#6:3](:[#6:4](=[#8:5]):[#8:6]:[#6:7]2:[#6:8](:[#6:9](:[#6:10](-[#7:11](-[#6:12](=[#8:13])-[#6@:14])-[#1]):[#6:43](:[#6:44]:1:2)-[#1:89])-[#1:51])-[#1:50])-[#1:49]>>[#6:12](=[#8:13])(-[#6@:14])-[#8]-[#1].[#6:1]-[#6:2]1:[#6:3](:[#6:4](=[#8:5]):[#8:6]:[#6:7]2:[#6:8](:[#6:9](:[#6:10](-[#7:11](-[#1])-[#1]):[#6:43](:[#6:44]:1:2)-[#1:89])-[#1:51])-[#1:50])-[#1:49],"EVODEX.2.1-P4649,EVODEX.2.1-P4702,EVODEX.2.1-P4703,EVODEX.2.1-P4705,EVODEX.2.1-P4711",13468181812323944453300868376849990712462785747160071004037028131346165147841
EVODEX.2.1-Em749,[#6:33](-[#6@@:24])(=[#8:34])-[#7:35](-[#6:36]1:[#6:37](:[#6:38](:[#6:39](-[#7&+:40](=[#8:41])-[#8&-:42]):[#6:43](-[#6:44](-[#7:45])=[#8:46]):[#6:47]:1-[#1:85])-[#1:82])-[#1:81])-[#1].[#8:54](-[#1])-[#1]>>[#6:33](-[#6@@:24])(=[#8:34])-[#8:54]-[#1].[#7:35](-[#6:36]1:[#6:37](:[#6:38](:[#6:39](-[#7&+:40](=[#8:41])-[#8&-:42]):[#6:43](-[#6:44](-[#7:45])=[#8:46]):[#6:47]:1-[#1:85])-[#1:82])-[#1:81])(-[#1])-[#1],"EVODEX.2.1-P4675,EVODEX.2.1-P4901,EVODEX.2.1-P4904,EVODEX.2.1-P4907,EVODEX.2.1-P4909",102332056420914428992185968990389530474295022464695293976521878845607195404484
EVODEX.2.1-Em750,[#6:33](-[#6@@:24])(=[#8:34])-[#7:35](-[#6:36]1:[#6:37](:[#6:38](:[#6:39](-[#7&+:40](=[#8:41])-[#8&-:42]):[#6:43](-[#6:44](-[#7:45])=[#8:46]):[#6:47]:1-[#1:85])-[#1:82])-[#1:81])-[#1]>>[#6:33](-[#6@@:24])(=[#8:34])-[#8]-[#1].[#7:35](-[#6:36]1:[#6:37](:[#6:38](:[#6:39](-[#7&+:40](=[#8:41])-[#8&-:42]):[#6:43](-[#6:44](-[#7:45])=[#8:46]):[#6:47]:1-[#1:85])-[#1:82])-[#1:81])(-[#1])-[#1],"EVODEX.2.1-P4677,EVODEX.2.1-P4903,EVODEX.2.1-P4906,EVODEX.2.1-P4911,EVODEX.2.1-P4913",49128107942373286333887917420500356195365632885023126557616479500271174734189
EVODEX.2.1-Em751,[#6:27](-[#6@:26])(=[#8:28])-[#7:29](-[#6:30]1:[#6:31](:[#6:32](:[#6:33]2:[#8:34]:[#6:35](=[#8:36]):[#6:37](:[#6:38](-[#6:39]):[#6:43]:2:[#6:44]:1-[#1:80])-[#1:75])-[#1:74])-[#1:73])-[#1].[#8:45](-[#1])-[#1]>>[#7:29](-[#6:30]1:[#6:31](:[#6:32](:[#6:33]2:[#8:34]:[#6:35](=[#8:36]):[#6:37](:[#6:38](-[#6:39]):[#6:43]:2:[#6:44]:1-[#1:80])-[#1:75])-[#1:74])-[#1:73])(-[#1])-[#1].[#6:27](-[#6@:26])(=[#8:28])-[#8:45]-[#1],"EVODEX.2.1-P4695,EVODEX.2.1-P4697,EVODEX.2.1-P4699,EVODEX.2.1-P4708,EVODEX.2.1-P4712",12996268537136208604368874122453757318570470037288300372196066922143648709378
EVODEX.2.1-Em752,[#6:27](-[#6@:26])(=[#8:28])-[#7](-[#6]1:[#6](:[#6](:[#6]2:[#8]:[#6](=[#8]):[#6](:[#6](-[#6]):[#6]:2:[#6]:1-[#1])-[#1])-[#1])-[#1])-[#1]>>[#6:27](-[#6@:26])(=[#8:28])-[#8]-[#1],"EVODEX.2.1-P4696,EVODEX.2.1-P4700,EVODEX.2.1-P4704,EVODEX.2.1-P4706,EVODEX.2.1-P4710",1801957124663300735656362259404842276252306195617364216916671716621769086459
EVODEX.2.1-Em755,[#7:4]-[#16:5](=[#8:6])(=[#8:7])-[#6:8]1:[#6:9](:[#6:10](:[#6:11](:[#6:12]2:[#6:13](:[#6:14](-[#7:15](-[#6:16](=[#8:17])-[#6@:18])-[#1]):[#6:42](:[#6:43](:[#6:44]:1:2)-[#1:91])-[#1:90])-[#1:57])-[#1:56])-[#1:55])-[#1:54]>>[#6:16](=[#8:17])(-[#6@:18])-[#8]-[#1].[#7:4]-[#16:5](=[#8:6])(=[#8:7])-[#6:8]1:[#6:9](:[#6:10](:[#6:11](:[#6:12]2:[#6:13](:[#6:14](-[#7:15](-[#1])-[#1]):[#6:42](:[#6:43](:[#6:44]:1:2)-[#1:91])-[#1:90])-[#1:57])-[#1:56])-[#1:55])-[#1:54],"EVODEX.2.1-P4717,EVODEX.2.1-P4881,EVODEX.2.1-P4883,EVODEX.2.1-P4889,EVODEX.2.1-P4894",65172876616222033831782251865233943917163349051918517041366038523288065563501
EVODEX.2.1-Em756,[#6:50](-[#6@:21])(=[#8:51])-[#8]-[#1]>>[#6]-[#6]1:[#6](:[#6](=[#8]):[#8]:[#6]2:[#6](:[#6](-[#7](-[#6:50](-[#6@:21])=[#8:51])-[#1]):[#6](:[#6](:[#6]:1:2)-[#1])-[#1])-[#1])-[#1],"EVODEX.2.1-P4735,EVODEX.2.1-P4764,EVODEX.2.1-P4765,EVODEX.2.1-P4804,EVODEX.2.1-P4814",44765388294940260261535897459434274809780016575350188582864333445973920869076
EVODEX.2.1-Em757,[#6:33](-[#6@@:27])(=[#8:34])-[#8:35]-[#1]>>[#6:33](-[#6@@:27])(=[#8:34])-[#7](-[#6]1:[#6](:[#6]2:[#8]:[#6](=[#8]):[#6](:[#6](-[#6]):[#6]:2:[#6](:[#6]:1-[#1])-[#1])-[#1])-[#1])-[#1].[#8:35](-[#1])-[#1],"EVODEX.2.1-P4736,EVODEX.2.1-P4738,EVODEX.2.1-P4741,EVODEX.2.1-P4802,EVODEX.2.1-P5014",32213840199085851819964972757566351708108884906541148929538544406281612734491
EVODEX.2.1-Em758,[#6:1]-[#6:2]1:[#6:3](:[#6:4](=[#8:5]):[#8:6]:[#6:7]2:[#6:8](:[#6:9](-[#7:10](-[#1])-[#1]):[#6:11](:[#6:12](:[#6:13]:1:2)-[#1:60])-[#1:59])-[#1:56])-[#1:55].[#6:49](-[#6@:19])(=[#8:50])-[#8]-[#1]>>[#6:1]-[#6:2]1:[#6:3](:[#6:4](=[#8:5]):[#8:6]:[#6:7]2:[#6:8](:[#6:9](-[#7:10](-[#6:49](-[#6@:19])=[#8:50])-[#1]):[#6:11](:[#6:12](:[#6:13]:1:2)-[#1:60])-[#1:59])-[#1:56])-[#1:55],"EVODEX.2.1-P4740,EVODEX.2.1-P4743,EVODEX.2.1-P4803,EVODEX.2.1-P4813,EVODEX.2.1-P5365",40905160310982052516825932833191572736812308989257309787738991410010971015199
EVODEX.2.1-Em759,[#6:35](-[#6@@:27])(=[#8:36])-[#8]-[#1].[#6:43]-[#7:44](-[#1])-[#1]>>[#6:35](-[#6@@:27])(=[#8:36])-[#7:44](-[#6:43])-[#1],"EVODEX.2.1-P4751,EVODEX.2.1-P5426,EVODEX.2.1-P5627,EVODEX.2.1-P6640,EVODEX.2.1-P6992",24781576275500934150830407533750641749638840529813724917087563489005712849188
EVODEX.2.1-Em760,[#6:45](-[#6@:2])(=[#8:46])-[#8:47]-[#1].[#7:48](-[#6:49])(-[#1])-[#1]>>[#6:45](-[#6@:2])(=[#8:46])-[#7:48](-[#6:49])-[#1].[#8:47](-[#1])-[#1],"EVODEX.2.1-P4776,EVODEX.2.1-P4795,EVODEX.2.1-P5363,EVODEX.2.1-P5460,EVODEX.2.1-P5625",67750154640340793343731802634223065741681683840325248887327469573683027818216
EVODEX.2.1-Em761,[#6:18](-[#6@:2])(-[#7:19](-[#1])-[#1])=[#8:20].[#8:21](-[#1])-[#1]>>[#6:18](-[#6@:2])(=[#8:20])-[#8:21]-[#1].[#7:19](-[#1])(-[#1])-[#1],"EVODEX.2.1-P4872,EVODEX.2.1-P4954,EVODEX.2.1-P5385,EVODEX.2.1-P5463,EVODEX.2.1-P5691",8133504885653743724821200234263147304183375882375076370101244733527701075414
EVODEX.2.1-Em762,[#7:4]-[#16:5](=[#8:6])(=[#8:7])-[#6:8]1:[#6:9](:[#6:10](:[#6:11](:[#6:12]2:[#6:13](:[#6:14](-[#7:15](-[#6:16](=[#8:17])-[#6@:18])-[#1]):[#6:48](:[#6:49](:[#6:50]:1:2)-[#1:103])-[#1:102])-[#1:63])-[#1:62])-[#1:61])-[#1:60].[#8:51](-[#1])-[#1]>>[#6:16](=[#8:17])(-[#6@:18])-[#8:51]-[#1].[#7:4]-[#16:5](=[#8:6])(=[#8:7])-[#6:8]1:[#6:9](:[#6:10](:[#6:11](:[#6:12]2:[#6:13](:[#6:14](-[#7:15](-[#1])-[#1]):[#6:48](:[#6:49](:[#6:50]:1:2)-[#1:103])-[#1:102])-[#1:63])-[#1:62])-[#1:61])-[#1:60],"EVODEX.2.1-P4880,EVODEX.2.1-P4882,EVODEX.2.1-P4884,EVODEX.2.1-P4885,EVODEX.2.1-P4893",28933212525913580183043161849999136578846795174642160545496214989169728890890
EVODEX.2.1-Em763,[#7:4]-[#16:5](=[#8:6])(=[#8:7])-[#6:8]1:[#6:9](:[#6:10](:[#6:11](:[#6:12]2:[#6:13](:[#6:14](-[#7:15](-[#6](=[#8])-[#6@])-[#1]):[#6:45](:[#6:46](:[#6:47]:1:2)-[#1:92])-[#1:91])-[#1:60])-[#1:59])-[#1:58])-[#1:57]>>[#7:4]-[#16:5](=[#8:6])(=[#8:7])-[#6:8]1:[#6:9](:[#6:10](:[#6:11](:[#6:12]2:[#6:13](:[#6:14](-[#7:15](-[#1])-[#1]):[#6:45](:[#6:46](:[#6:47]:1:2)-[#1:92])-[#1:91])-[#1:60])-[#1:59])-[#1:58])-[#1:57],"EVODEX.2.1-P4886,EVODEX.2.1-P4887,EVODEX.2.1-P4888,EVODEX.2.1-P4890,EVODEX.2.1-P4891",2375988886339153309494834544488560321169201328465830495672665970064926266934
EVODEX.2.1-Em764,[#7:3]-[#6:4](=[#8:5])-[#6:6](-[#6:7])(-[#7:9](-[#6:10](=[#8:11])-[#6@:12])-[#1])-[#1:56]>>[#6:10](=[#8:11])(-[#6@:12])-[#8]-[#1].[#7:3]-[#6:4](=[#8:5])-[#6@:6](-[#6:7])(-[#7:9](-[#1])-[#1])-[#1:56],"EVODEX.2.1-P4896,EVODEX.2.1-P4959,EVODEX.2.1-P4979,EVODEX.2.1-P4981,EVODEX.2.1-P5157",19117219404952640031695613117799771371427091731248818518983022166004715495772
EVODEX.2.1-Em765,[#6](-[#6@])(=[#8])-[#7:40](-[#6:41]1:[#6:42](:[#6:43](:[#6:44](-[#7&+:45](=[#8:46])-[#8&-:47]):[#6:48](-[#6:49](=[#8:50])-[#7:51]):[#6:60]:1-[#1:103])-[#1:95])-[#1:94])-[#1]>>[#7:40](-[#6:41]1:[#6:42](:[#6:43](:[#6:44](-[#7&+:45](=[#8:46])-[#8&-:47]):[#6:48](-[#6:49](=[#8:50])-[#7:51]):[#6:60]:1-[#1:103])-[#1:95])-[#1:94])(-[#1])-[#1],"EVODEX.2.1-P4902,EVODEX.2.1-P4905,EVODEX.2.1-P4908,EVODEX.2.1-P4910,EVODEX.2.1-P4912",79563488209583556865792190902808492864872870966174081772554119004999734920699
EVODEX.2.1-Em766,[#7](-[#6@])(-[#6:19](=[#8:20])-[#6@:21]-[#7:26](-[#6:27](=[#8:28])-[#6@@:29])-[#1])-[#1].[#8:57](-[#1])-[#1].[#8:58](-[#1])-[#1]>>[#6:19](=[#8:20])(-[#6@:21]-[#7:26](-[#1])-[#1])-[#8:57]-[#1].[#6:27](=[#8:28])(-[#6@@:29])-[#8:58]-[#1],"EVODEX.2.1-P4916,EVODEX.2.1-P4925,EVODEX.2.1-P4930,EVODEX.2.1-P4936,EVODEX.2.1-P4948",80883529164074692291157144935934931837687439663333398537234726728447910736006
EVODEX.2.1-Em767,[#7:6](-[#6@:5]-[#6:34](=[#8:35])-[#7](-[#6@@])-[#1])(-[#6:7](=[#8:8])-[#6@@:9])-[#1]>>[#6:7](=[#8:8])(-[#6@@:9])-[#8]-[#1].[#7:6](-[#6@:5]-[#6:34](=[#8:35])-[#8]-[#1])(-[#1])-[#1],"EVODEX.2.1-P4923,EVODEX.2.1-P4938,EVODEX.2.1-P4944,EVODEX.2.1-P4947,EVODEX.2.1-P4949",14102649133800999242118124360050159557320616948484704563423591627085906791321
EVODEX.2.1-Em768,[#7:27]-[#6:28](-[#6:29])(-[#6:36](=[#8:37])-[#7:38](-[#6:39](-[#6:40])(-[#6:47](=[#8:48])-[#7:49])-[#1:132])-[#1])-[#1:120]>>[#7:27]-[#6@@:28](-[#6:29])(-[#6:36](=[#8:37])-[#8]-[#1])-[#1:120].[#7:38](-[#6@:39](-[#6:40])(-[#6:47](=[#8:48])-[#7:49])-[#1:132])(-[#1])-[#1],"EVODEX.2.1-P5001,EVODEX.2.1-P5004,EVODEX.2.1-P5008,EVODEX.2.1-P5278,EVODEX.2.1-P5314",7118710866684560862187937960244954541571484604615380625016738542396683434933
EVODEX.2.1-Em769,[#6:16](-[#6@:5])(=[#8:17])-[#8]-[#1]>>[#6:16](-[#6@:5])(=[#8:17])-[#7](-[#1])-[#1],"EVODEX.2.1-P5013,EVODEX.2.1-P5465,EVODEX.2.1-P5545,EVODEX.2.1-P5547,EVODEX.2.1-P5555",99950457550561024493605686205184415361890280483619580379842117337095135180204
EVODEX.2.1-Em770,[#7:11]-[#6:12](=[#7:13]-[#1])-[#7](-[#1])-[#1].[#8:23](-[#1])-[#1]>>[#7:11]-[#6:12](=[#7:13]-[#1])-[#8:23]-[#1],"EVODEX.2.1-P5064,EVODEX.2.1-P5744,EVODEX.2.1-P5745,EVODEX.2.1-P5749,EVODEX.2.1-P5751",40737008008624423456771998542466503988141964297518883605282868320410138665589
EVODEX.2.1-Em771,[#6:1]-[#6:2](=[#8:3])-[#6:4](-[#8:5])(-[#1:15])-[#1].[#6:9]-[#6:10](=[#8:11])-[#1:27]>>[#6:1]-[#6:2](=[#8:3])-[#6@:4](-[#8:5])(-[#6@:10](-[#6:9])(-[#8:11]-[#1])-[#1:27])-[#1:15],"EVODEX.2.1-P5112,EVODEX.2.1-P5992,EVODEX.2.1-P6007,EVODEX.2.1-P6010,EVODEX.2.1-P6018",33083911963479986297375316617127296092939779251552423003401456709623327902050
EVODEX.2.1-Em772,[#6:7](-[#6@@:2])(=[#8:8])-[#7](-[#8])-[#1].[#8:11](-[#1])-[#1]>>[#6:7](-[#6@@:2])(=[#8:8])-[#8:11]-[#1],"EVODEX.2.1-P5326,EVODEX.2.1-P5456,EVODEX.2.1-P5470,EVODEX.2.1-P5517,EVODEX.2.1-P5522",59838743471370712640280700385911265600965920866039625371193522625272207212401
EVODEX.2.1-Em773,[#6:4]-[#6:5](=[#8:6])-[#7:7](-[#8:8])-[#1].[#8:12](-[#1])-[#1]>>[#6:4]-[#6:5](=[#8:6])-[#8:12]-[#1].[#7:7](-[#8:8])(-[#1])-[#1],"EVODEX.2.1-P5327,EVODEX.2.1-P5331,EVODEX.2.1-P5516,EVODEX.2.1-P5521,EVODEX.2.1-P5538",35325128478538960734419264644566036564762258677745485686956953582686601945093
EVODEX.2.1-Em774,[#6:4]-[#6:5](=[#8:6])-[#7](-[#8])-[#1]>>[#6:4]-[#6:5](=[#8:6])-[#8]-[#1],"EVODEX.2.1-P5328,EVODEX.2.1-P5471,EVODEX.2.1-P5514,EVODEX.2.1-P5518,EVODEX.2.1-P5534",107277746755644297482613512679936137990926232008219388851294365783329749957933
EVODEX.2.1-Em775,[#6:4](-[#6@@:3])(=[#8:5])-[#8]-[#1].[#7:1](-[#1])(-[#1])-[#1]>>[#7:1](-[#6:4](-[#6@:3])=[#8:5])(-[#1])-[#1],"EVODEX.2.1-P5359,EVODEX.2.1-P5461,EVODEX.2.1-P5519,EVODEX.2.1-P5548,EVODEX.2.1-P5551",93596460602167143618292606624164256556283492068510415801373028309337943617888
EVODEX.2.1-Em776,[#6:5]-[#6:6](=[#8:7])-[#8:8]-[#1]>>[#7](-[#6:6](-[#6:5])=[#8:7])(-[#1])-[#1].[#8:8](-[#1])-[#1],"EVODEX.2.1-P5455,EVODEX.2.1-P5462,EVODEX.2.1-P5520,EVODEX.2.1-P5543,EVODEX.2.1-P5546",64253977641688564201597214223076950157357143476319587008109479294763770886791
EVODEX.2.1-Em777,[#6:4]-[#6:5](=[#8:6])-[#7:7](-[#8:8])-[#1]>>[#6:4]-[#6:5](=[#8:6])-[#8]-[#1].[#7:7](-[#8:8])(-[#1])-[#1],"EVODEX.2.1-P5457,EVODEX.2.1-P5472,EVODEX.2.1-P5515,EVODEX.2.1-P5525,EVODEX.2.1-P5535",32934689783614730774227983648114514788253062476373893448016588613612782393735
EVODEX.2.1-Em778,[#7:1](-[#8:2])(-[#1])-[#1].[#6:6]-[#6:7](=[#8:8])-[#8]-[#1]>>[#7:1](-[#8:2])(-[#6:7](-[#6:6])=[#8:8])-[#1],"EVODEX.2.1-P5466,EVODEX.2.1-P5468,EVODEX.2.1-P6184,EVODEX.2.1-P6318,EVODEX.2.1-P6384",20474375730974925258684049786689438101267591920223848718152409072049918853849
EVODEX.2.1-Em779,[#6:3]-[#6:10](=[#8:11])-[#8:12]-[#1].[#7:13](-[#8:14])(-[#1])-[#1]>>[#6:3]-[#6:10](=[#8:11])-[#7:13](-[#8:14])-[#1].[#8:12](-[#1])-[#1],"EVODEX.2.1-P5469,EVODEX.2.1-P5513,EVODEX.2.1-P5523,EVODEX.2.1-P5536,EVODEX.2.1-P5539",112728635656132697121676153707620360204674345809548150389741673785531276173253
EVODEX.2.1-Em780,[#7](-[#6:2](=[#8:3])-[#7:4](-[#6:5])-[#1])(-[#1])-[#1].[#8:13](-[#1])-[#1]>>[#6:2](=[#8:3])=[#8:13].[#7:4](-[#6:5])(-[#1])-[#1],"EVODEX.2.1-P5473,EVODEX.2.1-P5567,EVODEX.2.1-P5575,EVODEX.2.1-P5577,EVODEX.2.1-P5583",20641103023409652007002599167425497992643287058265661351041152905181065302462
EVODEX.2.1-Em781,[#8:3]=[#6:4](-[#8]-[#1])-[#6:6]>>[#7](-[#8])(-[#6:4](=[#8:3])-[#6:6])-[#1],"EVODEX.2.1-P5524,EVODEX.2.1-P6182,EVODEX.2.1-P6183,EVODEX.2.1-P6385,EVODEX.2.1-P6421",90156053398099459900067483560345085331778356971791385448373585608786094196997
EVODEX.2.1-Em782,[#6:5]-[#7:6](-[#6:7](-[#7:8](-[#1])-[#1])=[#8:9])-[#1].[#8:10](-[#1])-[#1]>>[#6:7](=[#8:9])=[#8:10].[#6:5]-[#7:6](-[#1])-[#1].[#7:8](-[#1])(-[#1])-[#1],"EVODEX.2.1-P5566,EVODEX.2.1-P5568,EVODEX.2.1-P5569,EVODEX.2.1-P5615,EVODEX.2.1-P5637",72119898450876802257353151355719753457998374912808544464397231057960600860160
EVODEX.2.1-Em783,[#6:2]-[#7:3](-[#6:4](=[#8:5])-[#1:13])-[#1]>>[#6:2]-[#7:3](-[#1])-[#1].[#6:4](=[#8:5])(-[#8]-[#1])-[#1:13],"EVODEX.2.1-P5571,EVODEX.2.1-P5641,EVODEX.2.1-P5644,EVODEX.2.1-P5653,EVODEX.2.1-P5660",41141187757974935398130001284645325979730398281804411414813470444685594419021
EVODEX.2.1-Em784,[#6:5]-[#7:6](-[#6](=[#8])-[#8]-[#6:10](-[#6:11]1:[#6:12](:[#6:13](:[#6:14](:[#6:15](:[#6:16]:1-[#1:27])-[#1:26])-[#1:25])-[#1:24])-[#1:23])(-[#1:21])-[#1:22])-[#1]>>[#6:5]-[#7:6](-[#1])-[#1].[#8](-[#6:10](-[#6:11]1:[#6:12](:[#6:13](:[#6:14](:[#6:15](:[#6:16]:1-[#1:27])-[#1:26])-[#1:25])-[#1:24])-[#1:23])(-[#1:21])-[#1:22])-[#1],"EVODEX.2.1-P5572,EVODEX.2.1-P5589,EVODEX.2.1-P5602,EVODEX.2.1-P5606,EVODEX.2.1-P5608",74585585677798954405473699603442294385470549492257084485231431988203248770896
EVODEX.2.1-Em785,[#7:3](-[#6@:2])(-[#6:4](=[#8:5])-[#8:6]-[#6:7](-[#6:8]1:[#6:9](:[#6:10](:[#6:11](:[#6:12](:[#6:13]:1-[#1:29])-[#1:28])-[#1:27])-[#1:26])-[#1:25])(-[#1:23])-[#1:24])-[#1].[#8:17](-[#1])-[#1]>>[#6:4](=[#8:5])=[#8:6].[#6:7](-[#6:8]1:[#6:9](:[#6:10](:[#6:11](:[#6:12](:[#6:13]:1-[#1:29])-[#1:28])-[#1:27])-[#1:26])-[#1:25])(-[#8:17]-[#1])(-[#1:23])-[#1:24].[#7:3](-[#6@:2])(-[#1])-[#1],"EVODEX.2.1-P5573,EVODEX.2.1-P5588,EVODEX.2.1-P5595,EVODEX.2.1-P5601,EVODEX.2.1-P5610",94837379916375656779687755363234559129959810781828591555655773964762534740466
EVODEX.2.1-Em786,[#7](-[#6:2](=[#8:3])-[#7:4](-[#6:5])-[#1])(-[#1])-[#1]>>[#6:2](=[#8:3])=[#8].[#7:4](-[#6:5])(-[#1])-[#1],"EVODEX.2.1-P5574,EVODEX.2.1-P5579,EVODEX.2.1-P5581,EVODEX.2.1-P5616,EVODEX.2.1-P5623",9227736354085317998100902932731396867514265702130042165648272327159656688478
EVODEX.2.1-Em787,[#7:1](-[#6:2](=[#8:3])-[#7:4](-[#6@@:5])-[#1])(-[#1])-[#1]>>[#6:2](=[#8:3])=[#8].[#7:4](-[#6@@:5])(-[#1])-[#1].[#7:1](-[#1])(-[#1])-[#1],"EVODEX.2.1-P5578,EVODEX.2.1-P5614,EVODEX.2.1-P5621,EVODEX.2.1-P5622,EVODEX.2.1-P5634",10552472025381207404780749842882185165272136037248839722312560082465115351548
EVODEX.2.1-Em788,[#7:1](-[#6](=[#8])-[#7:4](-[#6:5])-[#1])(-[#1])-[#1]>>[#7:4](-[#6:5])(-[#1])-[#1].[#7:1](-[#1])(-[#1])-[#1],"EVODEX.2.1-P5580,EVODEX.2.1-P5582,EVODEX.2.1-P5584,EVODEX.2.1-P5618,EVODEX.2.1-P5619",67515938417151012551931698295249852929366444463480287603113806551814017756347
EVODEX.2.1-Em789,[#7:6](-[#6@:5])(-[#6](=[#8])-[#8]-[#6:10](-[#6:11]1:[#6:12](:[#6:13](:[#6:14](:[#6:15](:[#6:16]:1-[#1:38])-[#1:37])-[#1:36])-[#1:35])-[#1:34])(-[#1:32])-[#1:33])-[#1].[#8:20](-[#1])-[#1]>>[#6:10](-[#6:11]1:[#6:12](:[#6:13](:[#6:14](:[#6:15](:[#6:16]:1-[#1:38])-[#1:37])-[#1:36])-[#1:35])-[#1:34])(-[#8:20]-[#1])(-[#1:32])-[#1:33].[#7:6](-[#6@:5])(-[#1])-[#1],"EVODEX.2.1-P5587,EVODEX.2.1-P5594,EVODEX.2.1-P5596,EVODEX.2.1-P5605,EVODEX.2.1-P5607",39282379659009654123356086620585495107602497567007854424718801839679651944917
EVODEX.2.1-Em790,[#7:6](-[#6@:5])(-[#6:7](=[#8:8])-[#8:9]-[#6](-[#6]1:[#6](:[#6](:[#6](:[#6](:[#6]:1-[#1])-[#1])-[#1])-[#1])-[#1])(-[#1])-[#1])-[#1]>>[#6:7](=[#8:8])=[#8:9].[#7:6](-[#6@:5])(-[#1])-[#1],"EVODEX.2.1-P5590,EVODEX.2.1-P5592,EVODEX.2.1-P5597,EVODEX.2.1-P5599,EVODEX.2.1-P5603",37998860805845952621492693011038844074026545963333816447872694654555554629426
EVODEX.2.1-Em791,[#7:6](-[#6@:5])(-[#6:7](=[#8:8])-[#8:9]-[#6:10](-[#6:11]1:[#6:12](:[#6:13](:[#6:14](:[#6:15](:[#6:16]:1-[#1:36])-[#1:35])-[#1:34])-[#1:33])-[#1:32])(-[#1:30])-[#1:31])-[#1]>>[#6:7](=[#8:8])=[#8:9].[#6:10](-[#6:11]1:[#6:12](:[#6:13](:[#6:14](:[#6:15](:[#6:16]:1-[#1:36])-[#1:35])-[#1:34])-[#1:33])-[#1:32])(-[#8]-[#1])(-[#1:30])-[#1:31].[#7:6](-[#6@:5])(-[#1])-[#1],"EVODEX.2.1-P5591,EVODEX.2.1-P5593,EVODEX.2.1-P5598,EVODEX.2.1-P5600,EVODEX.2.1-P5609",45586262002759002496870217733183406261307255137611852953565899222550216624478
EVODEX.2.1-Em792,[#6:3]-[#7:4](-[#6](=[#8])-[#1])-[#1]>>[#6:3]-[#7:4](-[#1])-[#1],"EVODEX.2.1-P5635,EVODEX.2.1-P5636,EVODEX.2.1-P5639,EVODEX.2.1-P5652,EVODEX.2.1-P5659",110597953404399775100963639899526605333752182377421977973604168889203764995777
EVODEX.2.1-Em793,[#7:6](-[#6@:5])(-[#6:7](=[#8:8])-[#1:35])-[#1].[#8:25](-[#1])-[#1]>>[#7:6](-[#6@:5])(-[#1])-[#1].[#6:7](=[#8:8])(-[#8:25]-[#1])-[#1:35],"EVODEX.2.1-P5638,EVODEX.2.1-P5642,EVODEX.2.1-P5643,EVODEX.2.1-P5663,EVODEX.2.1-P5664",69191766515534514367840669102485353843069199078966934797941162734591173070232
EVODEX.2.1-Em794,[#6:4]-[#6:5](-[#7:6](-[#6](=[#8])-[#1])-[#1])(-[#6:9](=[#8:10])-[#7:11])-[#1:28]>>[#6:4]-[#6@@:5](-[#7:6](-[#1])-[#1])(-[#6:9](=[#8:10])-[#7:11])-[#1:28],"EVODEX.2.1-P5640,EVODEX.2.1-P5645,EVODEX.2.1-P5647,EVODEX.2.1-P5654,EVODEX.2.1-P5661",41764300391724629178701146941081443680025568470573809135192680264766542531549
EVODEX.2.1-Em795,[#6:4]-[#6:5](-[#7:6](-[#6:7](=[#8:8])-[#1:33])-[#1])(-[#6:9](=[#8:10])-[#7:11])-[#1:31].[#8:21](-[#1])-[#1]>>[#6:4]-[#6@@:5](-[#7:6](-[#1])-[#1])(-[#6:9](=[#8:10])-[#7:11])-[#1:31].[#6:7](=[#8:8])(-[#8:21]-[#1])-[#1:33],"EVODEX.2.1-P5646,EVODEX.2.1-P5650,EVODEX.2.1-P5656,EVODEX.2.1-P5657,EVODEX.2.1-P5658",9511195257865580834972167601909657905118479996031667041206899661325528243443
EVODEX.2.1-Em796,[#6:4]-[#6:5](-[#7:6](-[#6:7](=[#8:8])-[#1:38])-[#1])(-[#6:9](=[#8:10])-[#7:11])-[#1:36]>>[#6:4]-[#6@:5](-[#7:6](-[#1])-[#1])(-[#6:9](=[#8:10])-[#7:11])-[#1:36].[#6:7](=[#8:8])(-[#8]-[#1])-[#1:38],"EVODEX.2.1-P5648,EVODEX.2.1-P5649,EVODEX.2.1-P5651,EVODEX.2.1-P5655,EVODEX.2.1-P5662",38444719380310667779729511431513887765974070990086307824268305567868725134172
EVODEX.2.1-Em797,[#8:2]=[#6:3]1-[#6:4]-[#7:5]-[#6:6](=[#8:7])-[#7:8]-1-[#1].[#8:1](-[#1])-[#1]>>[#8:1](-[#6:3](=[#8:2])-[#6:4]-[#7:5]-[#6:6](=[#8:7])-[#7:8](-[#1])-[#1])-[#1],"EVODEX.2.1-P5692,EVODEX.2.1-P5696,EVODEX.2.1-P5700,EVODEX.2.1-P5701,EVODEX.2.1-P5708",114890130770746812656772191223254923184083131753903881429819294353876745450299
EVODEX.2.1-Em798,[#7:6](-[#6@:5]-[#6:10](=[#8:11])-[#8:12]-[#1])-[#6:7](-[#7:8](-[#1])-[#1])=[#8:9]>>[#7:6]1-[#6@@:5]-[#6:10](-[#7:8](-[#6:7]-1=[#8:9])-[#1])=[#8:11].[#8:12](-[#1])-[#1],"EVODEX.2.1-P5693,EVODEX.2.1-P5699,EVODEX.2.1-P5702,EVODEX.2.1-P5705,EVODEX.2.1-P5707",48955372906672128703507055020994228506644352285442349373206351242158985440471
EVODEX.2.1-Em799,[#7:6](-[#6@:5]-[#6:10](=[#8:11])-[#8]-[#1])-[#6:7](-[#7:8](-[#1])-[#1])=[#8:9]>>[#7:6]1-[#6@@:5]-[#6:10](-[#7:8](-[#6:7]-1=[#8:9])-[#1])=[#8:11],"EVODEX.2.1-P5694,EVODEX.2.1-P5695,EVODEX.2.1-P5698,EVODEX.2.1-P5703,EVODEX.2.1-P5710",79950572316875672030349018517020225661388608086080363200274419948144497916373
EVODEX.2.1-Em800,[#7:6]1-[#6@@:5]-[#6:10](-[#7:9](-[#6:7]-1=[#8:8])-[#1])=[#8:11]>>[#7:6](-[#6@:5]-[#6:10](=[#8:11])-[#8]-[#1])-[#6:7](=[#8:8])-[#7:9](-[#1])-[#1],"EVODEX.2.1-P5697,EVODEX.2.1-P5704,EVODEX.2.1-P5706,EVODEX.2.1-P5709,EVODEX.2.1-P5711",96844553560957677442645903772706242530138522430136022208011078165014945070199
EVODEX.2.1-Em801,[#8:19]-[#15:20](=[#8:21])(-[#8:22])-[#8]-[#15](=[#8])(-[#8])-[#8].[#6:37](-[#6@:36])(=[#8:38])-[#8:39]-[#1]>>[#8:19]-[#15:20](=[#8:21])(-[#8:22])-[#8:39]-[#1].[#8](-[#6:37](-[#6@:36])=[#8:38])-[#1],"EVODEX.2.1-P5712,EVODEX.2.1-P5716,EVODEX.2.1-P5718,EVODEX.2.1-P5719,EVODEX.2.1-P6160",72694039995796016709264533249105586666305898980007874569999233750556224381603
EVODEX.2.1-Em802,[#8:19]-[#15:20](=[#8:21])(-[#8:22])-[#8:23]-[#15:24](=[#8:25])(-[#8:26])-[#8:27].[#6:37](-[#6@:36])(=[#8:38])-[#8:39]-[#1].[#8:32](-[#1])-[#1]>>[#8:19]-[#15:20](=[#8:21])(-[#8:22])-[#8:39]-[#1].[#8:23](-[#15:24](=[#8:25])(-[#8:26])-[#8:27])-[#1].[#8:32](-[#6:37](-[#6@:36])=[#8:38])-[#1],"EVODEX.2.1-P5714,EVODEX.2.1-P5715,EVODEX.2.1-P5717,EVODEX.2.1-P6158,EVODEX.2.1-P6159",64249207046659142296843437062211546332499679130047723847571206234761412277997
EVODEX.2.1-Em803,[#7](=[#6:2](-[#7:3])-[#1:15])-[#1].[#8:13](-[#1])-[#1]>>[#6:2](-[#7:3])(=[#8:13])-[#1:15],"EVODEX.2.1-P5720,EVODEX.2.1-P5725,EVODEX.2.1-P5731,EVODEX.2.1-P5732,EVODEX.2.1-P5739",10686699550215665593621503011270310878401404044806237701102354507388854651202
EVODEX.2.1-Em804,[#7:1](=[#6:2](-[#7:3])-[#1:15])-[#1]>>[#6:2](-[#7:3])(=[#8])-[#1:15].[#7:1](-[#1])(-[#1])-[#1],"EVODEX.2.1-P5721,EVODEX.2.1-P5729,EVODEX.2.1-P5734,EVODEX.2.1-P5735,EVODEX.2.1-P5738",101583775837875046220953270941958219282065082406233979411729148154133181031846
EVODEX.2.1-Em805,[#7:4]-[#6:5](=[#7:6]-[#1])-[#1:18].[#8:10](-[#1])-[#1]>>[#7:4]-[#6:5](=[#8:10])-[#1:18].[#7:6](-[#1])(-[#1])-[#1],"EVODEX.2.1-P5722,EVODEX.2.1-P5724,EVODEX.2.1-P5727,EVODEX.2.1-P5730,EVODEX.2.1-P5736",429586173758693266091390832060140905052655555984542702080928812954039264285
EVODEX.2.1-Em806,[#7](=[#6:2](-[#7:3])-[#1:12])-[#1]>>[#6:2](-[#7:3])(=[#8])-[#1:12],"EVODEX.2.1-P5723,EVODEX.2.1-P5726,EVODEX.2.1-P5728,EVODEX.2.1-P5733,EVODEX.2.1-P5737",56985293248215630920341481773906477418311886953122508277361345705056900889181
EVODEX.2.1-Em807,[#7:1](=[#6:2](-[#7:3](-[#1])-[#1])-[#7:4])-[#1].[#8:21](-[#1])-[#1]>>[#7:1](-[#6:2](-[#7:4])=[#8:21])(-[#1])-[#1].[#7:3](-[#1])(-[#1])-[#1],"EVODEX.2.1-P5741,EVODEX.2.1-P5743,EVODEX.2.1-P5746,EVODEX.2.1-P5762,EVODEX.2.1-P5764",115528555577102219958953038590182293180490650469389737241543940901964099998695
EVODEX.2.1-Em808,[#7:1](=[#6:2](-[#7](-[#1])-[#1])-[#7:4])-[#1]>>[#7:1](-[#6:2](-[#7:4])=[#8])(-[#1])-[#1],"EVODEX.2.1-P5742,EVODEX.2.1-P5748,EVODEX.2.1-P5752,EVODEX.2.1-P5753,EVODEX.2.1-P5754",65193286609376072697415155890728019967490867968882677009114639864537565951587
EVODEX.2.1-Em809,[#7:27]-[#6:28](=[#7:29]-[#1])-[#7:30](-[#1])-[#1]>>[#7:27]-[#6:28](-[#7:29](-[#1])-[#1])=[#8].[#7:30](-[#1])(-[#1])-[#1],"EVODEX.2.1-P5747,EVODEX.2.1-P5750,EVODEX.2.1-P5755,EVODEX.2.1-P5763,EVODEX.2.1-P5765",41421237572765413845006955447969577592572598059253668559152398879296939477644
EVODEX.2.1-Em810,([#7:1]#[#6:2]-[#6:3].[#6:6]-[#6:7]#[#7:8]).[#8:11](-[#1])-[#1].[#8:12](-[#1])-[#1]>>([#6:2](-[#6:3])(-[#8]-[#1])=[#8:12].[#6:6]-[#6:7](=[#8])-[#8:11]-[#1]).[#7:1](-[#1])(-[#1])-[#1].[#7:8](-[#1])(-[#1])-[#1],"EVODEX.2.1-P5768,EVODEX.2.1-P5779,EVODEX.2.1-P5783,EVODEX.2.1-P5790,EVODEX.2.1-P5801",24857905062252449740784880548336709126036537371471063118465237430468138490838
EVODEX.2.1-Em811,([#7:1]#[#6:2]-[#6:3].[#6:6]-[#6:7]#[#7:8])>>([#6:2](-[#6:3])(-[#8]-[#1])=[#8].[#6:6]-[#6:7](=[#8])-[#8]-[#1]).[#7:1](-[#1])(-[#1])-[#1].[#7:8](-[#1])(-[#1])-[#1],"EVODEX.2.1-P5769,EVODEX.2.1-P5784,EVODEX.2.1-P5796,EVODEX.2.1-P5798,EVODEX.2.1-P5803",84198589103271005708737513167448540613801786242306286093951190000545598818387
EVODEX.2.1-Em812,([#7]#[#6:2]-[#6:3].[#6:6]-[#6:7]#[#7]).[#8:10](-[#1])-[#1].[#8:11](-[#1])-[#1]>>([#6:2](-[#6:3])(-[#8]-[#1])=[#8].[#6:6]-[#6:7](=[#8:10])-[#8:11]-[#1]),"EVODEX.2.1-P5770,EVODEX.2.1-P5787,EVODEX.2.1-P5791,EVODEX.2.1-P5802,EVODEX.2.1-P5804",67665015964831318990753712140247486915308406785728660866636632250811674516407
EVODEX.2.1-Em813,[#6:4]-[#6:5]#[#7]>>[#6:4]-[#6:5](=[#8])-[#8]-[#1],"EVODEX.2.1-P5771,EVODEX.2.1-P5782,EVODEX.2.1-P5788,EVODEX.2.1-P5808,EVODEX.2.1-P5811",58163533942862609298071046827381271787296504577679952070641368757763393609525
EVODEX.2.1-Em814,[#7:1]#[#6:2]-[#6:3].[#8:10](-[#1])-[#1]>>[#6:2](-[#6:3])(=[#8])-[#8:10]-[#1].[#7:1](-[#1])(-[#1])-[#1],"EVODEX.2.1-P5772,EVODEX.2.1-P5775,EVODEX.2.1-P5794,EVODEX.2.1-P5795,EVODEX.2.1-P5800",110086622117237667868005803171717049880909089883316800821301771741955162316684
EVODEX.2.1-Em815,[#6:2]-[#6:4]#[#7].[#8:12](-[#1])-[#1]>>[#6:2]-[#6:4](=[#8:12])-[#8]-[#1],"EVODEX.2.1-P5773,EVODEX.2.1-P5777,EVODEX.2.1-P5778,EVODEX.2.1-P5805,EVODEX.2.1-P5810",47635659858730093364212769798170557761608620008582117305158046453908024575186
EVODEX.2.1-Em816,[#6:6](-[#6@:5])#[#7:7].[#8:14](-[#1])-[#1]>>[#6:6](-[#6@:5])(-[#7:7](-[#1])-[#1])=[#8:14],"EVODEX.2.1-P5774,EVODEX.2.1-P6096,EVODEX.2.1-P6098,EVODEX.2.1-P6102,EVODEX.2.1-P6106",20485549329455334763769600591993415065288317357463644105115869622406584173861
EVODEX.2.1-Em817,([#6:2]-[#6:3]#[#7].[#6:6]-[#6:7]#[#7])>>([#6:2]-[#6:3](-[#8]-[#1])=[#8].[#6:6]-[#6:7](=[#8])-[#8]-[#1]),"EVODEX.2.1-P5776,EVODEX.2.1-P5780,EVODEX.2.1-P5785,EVODEX.2.1-P5786,EVODEX.2.1-P5799",36491820207616604077134208146746654008909401539654437856282879442879868814553
EVODEX.2.1-Em818,[#7:1]#[#6:2]-[#6:3]>>[#6:2](-[#6:3])(=[#8])-[#8]-[#1].[#7:1](-[#1])(-[#1])-[#1],"EVODEX.2.1-P5781,EVODEX.2.1-P5789,EVODEX.2.1-P5792,EVODEX.2.1-P5793,EVODEX.2.1-P5809",111644925178065700559563761153716635709852911131406530572527289716889235915998
EVODEX.2.1-Em819,[#7:1]#[#6:2]-[#6:3]>>[#7:1](-[#6:2](-[#6:3])=[#8])(-[#1])-[#1],"EVODEX.2.1-P5797,EVODEX.2.1-P5806,EVODEX.2.1-P5807,EVODEX.2.1-P6099,EVODEX.2.1-P6111",52056255783202408493584383427487796964518818579096098553738926727293946108729
EVODEX.2.1-Em821,[#8:18]-[#15:19](=[#8:20])(-[#8:21]-[#1])-[#8:22]-[#15:23](=[#8:24])(-[#8:25])-[#8:26]-[#15:27](=[#8:28])(-[#8:29])-[#8:30].[#8:55](-[#1])-[#1]>>[#8:18]-[#15:19](=[#8:20])(-[#8:21]-[#15:23](=[#8:24])(-[#8:25])-[#8:55]-[#1])-[#8:22]-[#1].[#8:26](-[#15:27](=[#8:28])(-[#8:29])-[#8:30])-[#1],"EVODEX.2.1-P5830,EVODEX.2.1-P5831,EVODEX.2.1-P5833,EVODEX.2.1-P5836,EVODEX.2.1-P5842",106255757504514446380082851432771706143277719820968006431166789310640486854850
EVODEX.2.1-Em822,[#8:9]-[#15:10](=[#8:11])(-[#8:12]-[#1])-[#8:13]-[#15:14](=[#8:15])(-[#8:16])-[#8:17]-[#15:18](=[#8:19])(-[#8:20])-[#8:21]>>[#8:9]-[#15:10](=[#8:11])(-[#8:12]-[#15:14](=[#8:15])(-[#8:16])-[#8]-[#1])-[#8:13]-[#1].[#8:17](-[#15:18](=[#8:19])(-[#8:20])-[#8:21])-[#1],"EVODEX.2.1-P5832,EVODEX.2.1-P5834,EVODEX.2.1-P5835,EVODEX.2.1-P5837,EVODEX.2.1-P5839",39310063997299634492389926290827634569869074087993581737870237948795482001314
EVODEX.2.1-Em825,[#6:1]-[#6:2](=[#8:3])-[#6](-[#6](=[#8])-[#6](=[#8])-[#8])(-[#1])-[#1].[#8:10](-[#1])-[#1]>>[#6:1]-[#6:2](=[#8:3])-[#8:10]-[#1],"EVODEX.2.1-P5857,EVODEX.2.1-P5863,EVODEX.2.1-P5867,EVODEX.2.1-P5870,EVODEX.2.1-P5872",103027532862916833579232646791567060383897947470932569259021894846464842786051
EVODEX.2.1-Em826,[#6:3]-[#6:4](=[#8:5])-[#6](-[#6](=[#8])-[#6](=[#8])-[#8])(-[#1])-[#1]>>[#6:3]-[#6:4](=[#8:5])-[#8]-[#1],"EVODEX.2.1-P5858,EVODEX.2.1-P5861,EVODEX.2.1-P5865,EVODEX.2.1-P5871,EVODEX.2.1-P5873",65716543699430790708034029261194909351881887426444411312697956922661864056193
EVODEX.2.1-Em827,[#6:3]-[#6:4](=[#8:5])-[#6:6](-[#6:7](=[#8:8])-[#6:9](=[#8:10])-[#8:11])(-[#1:20])-[#1:21]>>[#6:3]-[#6:4](=[#8:5])-[#8]-[#1].[#6:6](-[#6:7](=[#8:8])-[#6:9](=[#8:10])-[#8:11])(-[#1:20])(-[#1:21])-[#1],"EVODEX.2.1-P5859,EVODEX.2.1-P5862,EVODEX.2.1-P5866,EVODEX.2.1-P5868,EVODEX.2.1-P5874",47422308165590241579955710449329368564556061749771951053554446712016767407771
EVODEX.2.1-Em828,[#6:4]-[#6:5](=[#8:6])-[#6:7](-[#6:8](=[#8:9])-[#6:10](=[#8:11])-[#8:12])(-[#1:23])-[#1:24].[#8:13](-[#1])-[#1]>>[#6:4]-[#6:5](=[#8:6])-[#8:13]-[#1].[#6:7](-[#6:8](=[#8:9])-[#6:10](=[#8:11])-[#8:12])(-[#1:23])(-[#1:24])-[#1],"EVODEX.2.1-P5860,EVODEX.2.1-P5864,EVODEX.2.1-P5869,EVODEX.2.1-P5875,EVODEX.2.1-P5877",83201382031188423271928619730316553500534104139327800135748883351002006577971
EVODEX.2.1-Em829,[#6:1]-[#6:2](=[#8:3])-[#6:4](-[#6:5](=[#8:6])-[#6:7])(-[#1:15])-[#1:16]>>[#6:1]-[#6:2](=[#8:3])-[#8]-[#1].[#6:4](-[#6:5](=[#8:6])-[#6:7])(-[#1:15])(-[#1:16])-[#1],"EVODEX.2.1-P5876,EVODEX.2.1-P5878,EVODEX.2.1-P5882,EVODEX.2.1-P5884,EVODEX.2.1-P5886",77810676013144330890050446280187237605248952302439496219727436778535686272327
EVODEX.2.1-Em830,[#6:1]-[#6:2](=[#8:3])-[#6:4](-[#6:5](-[#6:6])=[#8:7])(-[#1:12])-[#1:13].[#8:8](-[#1])-[#1]>>[#6:1]-[#6:2](=[#8:3])-[#8:8]-[#1].[#6:4](-[#6:5](-[#6:6])=[#8:7])(-[#1:12])(-[#1:13])-[#1],"EVODEX.2.1-P5879,EVODEX.2.1-P5880,EVODEX.2.1-P5881,EVODEX.2.1-P5883,EVODEX.2.1-P5885",32707727470314829167286367016284192781481685318628930621216806924895878101064
EVODEX.2.1-Em831,[#6:5]-[#6:6](-[#17])(-[#1:11])-[#1:12].[#8:1](-[#1])-[#1]>>[#8:1](-[#6:6](-[#6:5])(-[#1:11])-[#1:12])-[#1],"EVODEX.2.1-P5887,EVODEX.2.1-P5888,EVODEX.2.1-P5891,EVODEX.2.1-P5902,EVODEX.2.1-P5906",65915232992268456798150051623177183908958499880815076733149576393501590370348
EVODEX.2.1-Em832,[#6:4]-[#6:5](-[#17])(-[#1:17])-[#1:18]>>[#6:4]-[#6:5](-[#8]-[#1])(-[#1:17])-[#1:18],"EVODEX.2.1-P5889,EVODEX.2.1-P5892,EVODEX.2.1-P5895,EVODEX.2.1-P5897,EVODEX.2.1-P5900",43064126505970654919995550721687446243573891864380670535491596245483076492752
EVODEX.2.1-Em833,[#6:2]-[#6:5](-[#17:6])(-[#1:17])-[#1:18].[#8:7](-[#1])-[#1]>>[#6:2]-[#6:5](-[#8:7]-[#1])(-[#1:17])-[#1:18].[#17:6]-[#1],"EVODEX.2.1-P5890,EVODEX.2.1-P5894,EVODEX.2.1-P5896,EVODEX.2.1-P5899,EVODEX.2.1-P5905",100287046768883725059851210777638925227197639947799441147286920942427396787380
EVODEX.2.1-Em834,[#17:1]-[#6:2](-[#6:3])(-[#1:9])-[#1:10]>>[#6:2](-[#6:3])(-[#8]-[#1])(-[#1:9])-[#1:10].[#17:1]-[#1],"EVODEX.2.1-P5893,EVODEX.2.1-P5898,EVODEX.2.1-P5901,EVODEX.2.1-P5903,EVODEX.2.1-P5904",78162897850772857377978205097510777092712531666077483285468963133886719180697
EVODEX.2.1-Em835,[#6:4]-[#6:5](=[#8:6])-[#1]>>[#6:4]-[#6:5](=[#8:6])-[#6](-[#8])=[#8],"EVODEX.2.1-P5910,EVODEX.2.1-P5912,EVODEX.2.1-P5915,EVODEX.2.1-P5918,EVODEX.2.1-P5922",7924257718045833319330123637670511451422231093722421081971790621188448421786
EVODEX.2.1-Em836,[#6:2]-[#6:4](=[#8:5])-[#1].[#8:6]=[#6:7]=[#8:8]>>[#6:2]-[#6:4](=[#8:5])-[#6:7](-[#8:6]-[#1])=[#8:8],"EVODEX.2.1-P5911,EVODEX.2.1-P5913,EVODEX.2.1-P5914,EVODEX.2.1-P5921,EVODEX.2.1-P5955",28621435577489346009768906775916287593927011040302212859651117678026862046100
EVODEX.2.1-Em837,[#6:4]-[#6@@:5](-[#7:6])(-[#6:7](=[#8:8])-[#8:9]-[#1])-[#1:18]>>[#6:7](=[#8:8])=[#8:9].[#6:4]-[#6:5](-[#7:6])(-[#1:18])-[#1],"EVODEX.2.1-P5926,EVODEX.2.1-P5927,EVODEX.2.1-P5928,EVODEX.2.1-P5930,EVODEX.2.1-P5931",36484444861490000735208181034635176518368514385332044489373897918881670299340
EVODEX.2.1-Em838,[#6]-[#6@@](-[#8:3]-[#1])(-[#6])-[#6].[#8:37]-[#15:38](=[#8:39])(-[#8:40])-[#8]-[#15](=[#8])(-[#8])-[#8]>>[#8:3](-[#15:38](-[#8:37])(=[#8:39])-[#8:40])-[#1],"EVODEX.2.1-P5933,EVODEX.2.1-P5935,EVODEX.2.1-P5937,EVODEX.2.1-P5941,EVODEX.2.1-P5945",77716763406469268056522157537572619035658589902475457720054321578610799419318
EVODEX.2.1-Em839,[#6:1](-[#6@@:2](-[#8:3]-[#1])(-[#6:4])-[#6:15](-[#6](=[#8])-[#8])(-[#1:61])-[#1:62])(-[#1:50])(-[#1:51])-[#1].[#8:37]-[#15:38](=[#8:39])(-[#8:40])-[#8]-[#15](=[#8])(-[#8])-[#8]>>[#6:1](=[#6:2](-[#6:4])-[#6:15](-[#1:61])(-[#1:62])-[#1])(-[#1:50])-[#1:51].[#8:3](-[#15:38](-[#8:37])(=[#8:39])-[#8:40])-[#1],"EVODEX.2.1-P5934,EVODEX.2.1-P5936,EVODEX.2.1-P5939,EVODEX.2.1-P5942,EVODEX.2.1-P5946",82237558573633352780625902718337552508200782701450703675841373975182789913959
EVODEX.2.1-Em840,[#6]-[#6@@](-[#8:3]-[#1])(-[#6])-[#6](-[#6:16](=[#8:17])-[#8:18]-[#1])(-[#1])-[#1].[#8:35]-[#15:36](=[#8:37])(-[#8:38])-[#8:39]-[#15:40](=[#8:41])(-[#8:42])-[#8:43]>>[#6:16](=[#8:17])=[#8:18].[#8:39](-[#15:40](=[#8:41])(-[#8:42])-[#8:43])-[#1].[#8:3](-[#15:36](-[#8:35])(=[#8:37])-[#8:38])-[#1],"EVODEX.2.1-P5940,EVODEX.2.1-P5943,EVODEX.2.1-P5944,EVODEX.2.1-P5948,EVODEX.2.1-P5949",36754689876126577134397197885912586998260254517276512158687137267100096570957
EVODEX.2.1-Em841,[#6:2]-[#6:5](-[#8:6]-[#1])(-[#6:7]#[#7:8])-[#1:18]>>[#6:2]-[#6:5](=[#8:6])-[#1:18].[#6:7](#[#7:8])-[#1],"EVODEX.2.1-P5961,EVODEX.2.1-P5962,EVODEX.2.1-P5970,EVODEX.2.1-P6052,EVODEX.2.1-P6053",88588455265177682118053079868601565292912922122541786638791194866083714146703
EVODEX.2.1-Em842,[#6:7]-[#6:8](-[#6:9])=[#8:10]>>[#6](#[#7])-[#6@:8](-[#6:7])(-[#6:9])-[#8:10]-[#1],"EVODEX.2.1-P5963,EVODEX.2.1-P5975,EVODEX.2.1-P5980,EVODEX.2.1-P6045,EVODEX.2.1-P6054",10772813416192704460312661505419094502241920847759204232194561149660381238222
EVODEX.2.1-Em843,[#6:1](#[#7:2])-[#1].[#8:3]=[#6:4](-[#6:5])-[#6:9]>>[#6:1](#[#7:2])-[#6:4](-[#8:3]-[#1])(-[#6:5])-[#6:9],"EVODEX.2.1-P5964,EVODEX.2.1-P5966,EVODEX.2.1-P5981,EVODEX.2.1-P5985,EVODEX.2.1-P5989",54628020277246321066343873922867525394240000456750141711081459512030178868742
EVODEX.2.1-Em844,[#6:11]-[#6:12](=[#8:13])-[#1:33]>>[#6](#[#7])-[#6:12](-[#6:11])(-[#8:13]-[#1])-[#1:33],"EVODEX.2.1-P5965,EVODEX.2.1-P5972,EVODEX.2.1-P5974,EVODEX.2.1-P5979,EVODEX.2.1-P6051",844987462398809713748793650550338467221557200260190133889476046847908664913
EVODEX.2.1-Em845,[#6:5]-[#6@@:6](-[#8:7]-[#1])(-[#6]#[#7])-[#6:10]>>[#6:5]-[#6:6](=[#8:7])-[#6:10],"EVODEX.2.1-P5967,EVODEX.2.1-P5976,EVODEX.2.1-P5982,EVODEX.2.1-P5986,EVODEX.2.1-P6047",18056137933096660076564629038763821780341741795117449510467813536079401329560
EVODEX.2.1-Em846,[#7:1]#[#6:2]-[#6@@:3](-[#8:4]-[#1])(-[#6:5])-[#6:13]>>[#6:3](=[#8:4])(-[#6:5])-[#6:13].[#7:1]#[#6:2]-[#1],"EVODEX.2.1-P5968,EVODEX.2.1-P5984,EVODEX.2.1-P5987,EVODEX.2.1-P5988,EVODEX.2.1-P6046",50989231904457222437421386976305967308171298235263066477673347456997622530864
EVODEX.2.1-Em847,[#6:7](-[#6@:6])(-[#8:8]-[#1])(-[#6]#[#7])-[#1:21]>>[#6:7](-[#6@:6])(=[#8:8])-[#1:21],"EVODEX.2.1-P5969,EVODEX.2.1-P5971,EVODEX.2.1-P5973,EVODEX.2.1-P5977,EVODEX.2.1-P5990",37634503126561184214973407868783774833173654017713984897308921701743927544095
EVODEX.2.1-Em848,[#6:1](#[#7:2])-[#1].[#8:3]=[#6:4](-[#6:5])-[#1:11]>>[#6:1](#[#7:2])-[#6@:4](-[#8:3]-[#1])(-[#6:5])-[#1:11],"EVODEX.2.1-P5978,EVODEX.2.1-P5983,EVODEX.2.1-P6048,EVODEX.2.1-P6049,EVODEX.2.1-P6050",36469306232975246339251019210138282243659670771621141053392882842364194080588
EVODEX.2.1-Em850,[#6:1](-[#6:2])(-[#1:9])(-[#1:10])-[#1].[#6:6]-[#6:7](=[#8:8])-[#1:20]>>[#6:1](-[#6:2])(-[#6:7](-[#6:6])(-[#8:8]-[#1])-[#1:20])(-[#1:9])-[#1:10],"EVODEX.2.1-P5993,EVODEX.2.1-P6088,EVODEX.2.1-P6091,EVODEX.2.1-P6093,EVODEX.2.1-P6094",58140921517342444779633237170475731980284630397877851659898104302496648051252
EVODEX.2.1-Em851,[#6:1](-[#6:2](=[#8:3])-[#6:4](=[#8:5])-[#8:6])(-[#1:13])(-[#1:14])-[#1].[#8:7]=[#6:8](-[#6@:9])-[#1:17]>>[#6:1](-[#6:2](=[#8:3])-[#6:4](=[#8:5])-[#8:6])(-[#6@@:8](-[#8:7]-[#1])(-[#6@:9])-[#1:17])(-[#1:13])-[#1:14],"EVODEX.2.1-P5995,EVODEX.2.1-P6061,EVODEX.2.1-P6067,EVODEX.2.1-P6070,EVODEX.2.1-P6072",113263208388218926197728707708848640086923537220496902428603899482041736885944
EVODEX.2.1-Em853,[#6:5]-[#6:17](-[#8:18]-[#1])(-[#6:19](-[#8:20])(-[#6:21](=[#8:22])-[#6:23])-[#1:45])-[#1:43]>>[#6:19](-[#8:20])(-[#6:21](=[#8:22])-[#6:23])(-[#1:45])-[#1].[#6:5]-[#6:17](=[#8:18])-[#1:43],"EVODEX.2.1-P6001,EVODEX.2.1-P6013,EVODEX.2.1-P6015,EVODEX.2.1-P6017,EVODEX.2.1-P6020",64724044391049249413359997713297062574047746382269122415963325041231208007836
EVODEX.2.1-Em854,[#8:1]=[#6:2](-[#8:3])-[#6:4](=[#8:5])-[#6:6](-[#6@@:7](-[#8:8]-[#1])(-[#6:9])-[#1:14])(-[#1:12])-[#1:13]>>[#6:7](=[#8:8])(-[#6:9])-[#1:14].[#8:1]=[#6:2](-[#8:3])-[#6:4](=[#8:5])-[#6:6](-[#1:12])(-[#1:13])-[#1],"EVODEX.2.1-P6009,EVODEX.2.1-P6062,EVODEX.2.1-P6069,EVODEX.2.1-P6071,EVODEX.2.1-P6073",12961361890574368463037817033519605674324167153279316137023662565888445112504
EVODEX.2.1-Em855,[#6:1]-[#6@@:2](-[#8:3]-[#1])(-[#6@:4](-[#7:5])(-[#6:6](=[#8:7])-[#8:8])-[#1:14])-[#1:12]>>[#6:4](-[#7:5])(-[#6:6](=[#8:7])-[#8:8])(-[#1:14])-[#1].[#6:1]-[#6:2](=[#8:3])-[#1:12],"EVODEX.2.1-P6024,EVODEX.2.1-P6038,EVODEX.2.1-P6040,EVODEX.2.1-P6042,EVODEX.2.1-P6060",11728480127478117713449747044765737146951473455611093323297263413521290309461
EVODEX.2.1-Em856,[#6:1]-[#6:2](=[#8:3])-[#1:12].[#7:4]-[#6:5](-[#6:6](=[#8:7])-[#8:8])(-[#1:15])-[#1]>>[#6:1]-[#6@@:2](-[#8:3]-[#1])(-[#6@:5](-[#7:4])(-[#6:6](=[#8:7])-[#8:8])-[#1:15])-[#1:12],"EVODEX.2.1-P6025,EVODEX.2.1-P6039,EVODEX.2.1-P6043,EVODEX.2.1-P6057,EVODEX.2.1-P6059",52199757407886672209175537018791297139474579106922390905573641957896252060680
EVODEX.2.1-Em857,[#8]=[#6](-[#6](-[#6@:4](-[#8:5]-[#1])(-[#6@:6])-[#1:17])(-[#1])-[#1])-[#1]>>[#6:4](=[#8:5])(-[#6@:6])-[#1:17],"EVODEX.2.1-P6027,EVODEX.2.1-P6029,EVODEX.2.1-P6031,EVODEX.2.1-P6032,EVODEX.2.1-P6034",3356352975948808032408299642247008839705886546551222665283379633686350710873
EVODEX.2.1-Em858,[#6:1](-[#6:2](=[#8:3])-[#1:17])(-[#1:14])(-[#1:15])-[#1].[#8:4]=[#6:5](-[#6@:6])-[#1:18]>>[#6:1](-[#6:2](=[#8:3])-[#1:17])(-[#6@:5](-[#8:4]-[#1])(-[#6@:6])-[#1:18])(-[#1:14])-[#1:15],"EVODEX.2.1-P6028,EVODEX.2.1-P6030,EVODEX.2.1-P6033,EVODEX.2.1-P6035,EVODEX.2.1-P6036",77828029863941228549426724524866690660229721910547910624733800735946519502852
EVODEX.2.1-Em859,[#6:2]-[#6@@:3](-[#8:4]-[#1])(-[#6](-[#7])(-[#6](=[#8])-[#8])-[#1])-[#1:15]>>[#6:2]-[#6:3](=[#8:4])-[#1:15],"EVODEX.2.1-P6037,EVODEX.2.1-P6041,EVODEX.2.1-P6044,EVODEX.2.1-P6055,EVODEX.2.1-P6056",75848387741146891288183421562961083816061776281090993360536502557062174467967
EVODEX.2.1-Em860,[#6:1](=[#6:2](-[#6:3](=[#6:4](-[#1:15])-[#1:16])-[#6:5])-[#1:14])(-[#1:12])-[#1:13].[#8:11](-[#1])-[#1]>>[#6:1](=[#6:2](-[#6:3](-[#6:4](-[#1:15])(-[#1:16])-[#1])(-[#6:5])-[#8:11]-[#1])-[#1:14])(-[#1:12])-[#1:13],"EVODEX.2.1-P6076,EVODEX.2.1-P6085,EVODEX.2.1-P6113,EVODEX.2.1-P6114,EVODEX.2.1-P6117",99171828551196780322946453535187426292623196864518486192052148077767329941702
EVODEX.2.1-Em861,[#6:1](=[#6:2](-[#6:3](-[#6:4](-[#1:15])(-[#1:16])-[#1])(-[#8:5]-[#1])-[#6:6])-[#1:14])(-[#1:12])-[#1:13]>>[#6:1](=[#6:2](-[#6:3](=[#6:4](-[#1:15])-[#1:16])-[#6:6])-[#1:14])(-[#1:12])-[#1:13].[#8:5](-[#1])-[#1],"EVODEX.2.1-P6077,EVODEX.2.1-P6082,EVODEX.2.1-P6087,EVODEX.2.1-P6112,EVODEX.2.1-P6118",65702162584473310789381974008658352900360098688061390341126856926504497556964
EVODEX.2.1-Em862,[#6:1](=[#6:2](-[#6:3](-[#6:4](-[#1:20])(-[#1:21])-[#1])(-[#8]-[#1])-[#6:6])-[#1:19])(-[#1:17])-[#1:18]>>[#6:1](=[#6:2](-[#6:3](=[#6:4](-[#1:20])-[#1:21])-[#6:6])-[#1:19])(-[#1:17])-[#1:18],"EVODEX.2.1-P6078,EVODEX.2.1-P6079,EVODEX.2.1-P6080,EVODEX.2.1-P6116,EVODEX.2.1-P6119",57170034339864863941227488591846706440307434517813960784352182215076032783134
EVODEX.2.1-Em863,[#6:1](=[#6:2](-[#6:3](=[#6:4](-[#1:13])-[#1:14])-[#6:5])-[#1:12])(-[#1:10])-[#1:11]>>[#6:1](=[#6:2](-[#6:3](-[#6:4](-[#1:13])(-[#1:14])-[#1])(-[#6:5])-[#8]-[#1])-[#1:12])(-[#1:10])-[#1:11],"EVODEX.2.1-P6081,EVODEX.2.1-P6083,EVODEX.2.1-P6084,EVODEX.2.1-P6086,EVODEX.2.1-P6115",18187816771173511919735957739618928675013647804261652403262495706067040646886
EVODEX.2.1-Em864,[#6:5]-[#6:6](-[#7:7](-[#1])-[#1])=[#8:8]>>[#6:5]-[#6:6]#[#7:7].[#8:8](-[#1])-[#1],"EVODEX.2.1-P6097,EVODEX.2.1-P6100,EVODEX.2.1-P6101,EVODEX.2.1-P6108,EVODEX.2.1-P6109",72402080377742573972286108841149989741534903907392126867838106266500196991493
EVODEX.2.1-Em865,[#6:6](-[#6@@:4])(-[#7:7](-[#1])-[#1])=[#8]>>[#6:6](-[#6@@:4])#[#7:7],"EVODEX.2.1-P6103,EVODEX.2.1-P6104,EVODEX.2.1-P6105,EVODEX.2.1-P6107,EVODEX.2.1-P6110",85376422053280223095247054183808783256312561345585711875792111365622449116741
EVODEX.2.1-Em866,[#8:63](-[#6@@:62])-[#6@:64](-[#6@:65])(-[#6@:84](-[#8:83])(-[#6:85](=[#8:86])-[#8:87])-[#1])-[#1:142]>>[#6:64](=[#6:84](-[#6:85](=[#8:86])-[#8:87])-[#8:83])(-[#6@:65])-[#1:142].[#8:63](-[#6@@:62])-[#1],"EVODEX.2.1-P6120,EVODEX.2.1-P6121,EVODEX.2.1-P6122,EVODEX.2.1-P6123,EVODEX.2.1-P6124",52231123831329616935118113230081566701691665183093920973330963383782434161823
EVODEX.2.1-Em867,([#7:4](-[#6@:3])(-[#6:5](=[#8:6])-[#6@:7])-[#1].[#7:11](-[#6@:10])(-[#1])-[#1])>>[#6:5](=[#8:6])(-[#6@:7])-[#7:11](-[#6@@:10])-[#1].[#7:4](-[#6@:3])(-[#1])-[#1],"EVODEX.2.1-P6125,EVODEX.2.1-P6126,EVODEX.2.1-P6128,EVODEX.2.1-P6130,EVODEX.2.1-P6131",35460899254469642855364689927000287215695897287327521362167385651986810573847
EVODEX.2.1-Em868,[#6:3]-[#16@:4](=[#8:5])-[#6:6](-[#6@:7](-[#7:8])(-[#6:9](=[#8:10])-[#8:11])-[#1])(-[#1:17])-[#1:18]>>[#6:3]-[#16:4]-[#8:5]-[#1].[#6:6](=[#6:7](-[#7:8])-[#6:9](=[#8:10])-[#8:11])(-[#1:17])-[#1:18],"EVODEX.2.1-P6133,EVODEX.2.1-P6134,EVODEX.2.1-P6136,EVODEX.2.1-P6137,EVODEX.2.1-P6139",94242052714707955888391753528892098083095355036371855405733075432562750403416
EVODEX.2.1-Em869,[#6](-[#6@@])(-[#16:4](=[#8:5])-[#6:6])(-[#1])-[#1]>>[#16:4](-[#8:5]-[#1])-[#6:6],"EVODEX.2.1-P6135,EVODEX.2.1-P6138,EVODEX.2.1-P6140,EVODEX.2.1-P6141,EVODEX.2.1-P6142",78916334206862504257280180191895402184658509325087976670027396893141318377894
EVODEX.2.1-Em870,[#6:5]-[#6@@:6](-[#7:7])(-[#6:8](=[#8:9])-[#8:10])-[#1:21]>>[#6:5]-[#6@:6](-[#7:7])(-[#6:8](=[#8:9])-[#8:10])-[#1:21],"EVODEX.2.1-P6155,EVODEX.2.1-P6156,EVODEX.2.1-P6161,EVODEX.2.1-P6164,EVODEX.2.1-P6165",63148384200620956068673680521952825417696731740452144881100529459345414709832
EVODEX.2.1-Em871,[#6:1]-[#6@:2](-[#7:3])(-[#6:4](-[#7:5])=[#8:6])-[#1:10]>>[#6:1]-[#6@@:2](-[#7:3])(-[#6:4](-[#7:5])=[#8:6])-[#1:10],"EVODEX.2.1-P6157,EVODEX.2.1-P6162,EVODEX.2.1-P6163,EVODEX.2.1-P6168,EVODEX.2.1-P6169",115222903558325014965783759250592315086593343092870350633499488651071644767892
EVODEX.2.1-Em872,([#8:1](-[#6:2])-[#1].[#8:8](-[#6@@:5])-[#6@@:9](-[#8:10])(-[#6@:18])-[#1:31])>>([#8:1](-[#6:2])-[#6@@:9](-[#8:10])(-[#6@:18])-[#1:31].[#8:8](-[#6@@:5])-[#1]),"EVODEX.2.1-P6176,EVODEX.2.1-P6177,EVODEX.2.1-P6178,EVODEX.2.1-P6179,EVODEX.2.1-P6180",86574793561107492833178516263275361650147059532541014341701983792622157076714
EVODEX.2.1-Em873,[#6:7](-[#6@:5])(=[#8:8])-[#8:9]-[#1].[#7:10](-[#8:11])(-[#1])-[#1].[#8:26]-[#15:27](=[#8:28])(-[#8:29])-[#8:30]-[#15:31](=[#8:32])(-[#8:33])-[#8:34]>>[#6:7](-[#6@:5])(=[#8:8])-[#7:10](-[#8:11])-[#1].[#8:30](-[#15:31](=[#8:32])(-[#8:33])-[#8:34])-[#1].[#8:9](-[#15:27](-[#8:26])(=[#8:28])-[#8:29])-[#1],"EVODEX.2.1-P6181,EVODEX.2.1-P6316,EVODEX.2.1-P6382,EVODEX.2.1-P6383,EVODEX.2.1-P6701",15917004224593955116406604694955986891474635741401308220517625690491531114792
EVODEX.2.1-Em874,[#8:31]-[#15:32](=[#8:33])(-[#8:34])-[#8:35]-[#15:36](=[#8:37])(-[#8:38])-[#8:39].[#6:14](-[#6@@:3])(=[#8:15])-[#8:16]-[#1].[#7:1](-[#1])(-[#1])-[#1]>>[#7:1](-[#6:14](-[#6@@:3])=[#8:15])(-[#1])-[#1].[#8:16](-[#15:32](-[#8:31])(=[#8:33])-[#8:34])-[#1].[#8:35](-[#15:36](=[#8:37])(-[#8:38])-[#8:39])-[#1],"EVODEX.2.1-P6185,EVODEX.2.1-P6386,EVODEX.2.1-P6396,EVODEX.2.1-P6408,EVODEX.2.1-P7112",83972948642656325240747753308814861139805449671502389641944251778676153362831
EVODEX.2.1-Em883,[#8:63]-[#15:64](=[#8:65])(-[#8:66])-[#8:67]-[#15:68](=[#8:69])(-[#8:70])-[#8:71].[#8]=[#6](-[#8:82]-[#1])-[#1]>>[#8:63]-[#15:64](=[#8:65])(-[#8:66])-[#8:82]-[#1].[#8:67](-[#15:68](=[#8:69])(-[#8:70])-[#8:71])-[#1],"EVODEX.2.1-P6227,EVODEX.2.1-P7091,EVODEX.2.1-P7094,EVODEX.2.1-P7095,EVODEX.2.1-P7098",71569749621637367442847551502174131057871003016939054591261879442423901461528
EVODEX.2.1-Em886,[#6:47]-[#16:48]-[#1].[#8:50]-[#6:51]1:[#6:52](:[#6:53](/[#6:54](=[#6:55](/[#6:56](=[#8:57])-[#8:58]-[#1])-[#1:135])-[#1:134]):[#6:59](:[#6:60](:[#6:61]:1-[#8:62])-[#1:138])-[#1:137])-[#1:133].[#8:77]-[#15:78](=[#8:79])(-[#8:80])-[#8:81]-[#15:82](=[#8:83])(-[#8:84])-[#8:85]>>[#6:47]-[#16:48]-[#6:56](/[#6:55](=[#6:54](/[#6:53]1:[#6:52](:[#6:51](-[#8:50]):[#6:61](-[#8:62]):[#6:60](:[#6:59]:1-[#1:137])-[#1:138])-[#1:133])-[#1:134])-[#1:135])=[#8:57].[#8:58](-[#15:78](-[#8:77])(=[#8:79])-[#8:80])-[#1].[#8:81](-[#15:82](=[#8:83])(-[#8:84])-[#8:85])-[#1],"EVODEX.2.1-P6247,EVODEX.2.1-P6248,EVODEX.2.1-P6251,EVODEX.2.1-P6253,EVODEX.2.1-P6255",99978965061959847953054927108843749670747183261308983525612032250420919792934
EVODEX.2.1-Em887,[#8:50]-[#6:51]1:[#6:52](:[#6:53](/[#6:54](=[#6:55](/[#6:56](=[#8:57])-[#8:58]-[#1])-[#1:136])-[#1:135]):[#6:59](:[#6:60](:[#6:61]:1-[#8:62])-[#1:139])-[#1:138])-[#1:134].[#8:75]-[#15:76](=[#8:77])(-[#8:78])-[#8:79]-[#15:80](=[#8:81])(-[#8:82])-[#8:83]>>[#6]-[#16]-[#6:56](/[#6:55](=[#6:54](/[#6:53]1:[#6:52](:[#6:51](-[#8:50]):[#6:61](-[#8:62]):[#6:60](:[#6:59]:1-[#1:138])-[#1:139])-[#1:134])-[#1:135])-[#1:136])=[#8:57].[#8:58](-[#15:76](-[#8:75])(=[#8:77])-[#8:78])-[#1].[#8:79](-[#15:80](=[#8:81])(-[#8:82])-[#8:83])-[#1],"EVODEX.2.1-P6250,EVODEX.2.1-P6252,EVODEX.2.1-P6254,EVODEX.2.1-P6256,EVODEX.2.1-P6296",65989805240424022450776353003576059310144863469309332080585420806327382105941
EVODEX.2.1-Em888,[#8:80]=[#6:81](-[#8]-[#1])-[#6:83]>>[#6]-[#16]-[#6:81](=[#8:80])-[#6:83],"EVODEX.2.1-P6303,EVODEX.2.1-P6307,EVODEX.2.1-P6311,EVODEX.2.1-P6313,EVODEX.2.1-P6325",88407040317961355519310438424110557846774705766801564628548073987055137448200
EVODEX.2.1-Em889,[#8:17]-[#15:18](=[#8:19])(-[#8:20])-[#8:21]-[#15:22](=[#8:23])(-[#8:24])-[#8:25].[#8:34]=[#6:35](-[#8:36]-[#1])-[#6:37]>>[#8:17]-[#15:18](=[#8:19])(-[#8:20])-[#8:36]-[#1].[#7](-[#8])(-[#6:35](=[#8:34])-[#6:37])-[#1].[#8:21](-[#15:22](=[#8:23])(-[#8:24])-[#8:25])-[#1],"EVODEX.2.1-P6315,EVODEX.2.1-P6317,EVODEX.2.1-P6419,EVODEX.2.1-P6420,EVODEX.2.1-P6692",18066920823082946802808971931064929915188369157972573380715006194316001258210
EVODEX.2.1-Em891,[#8:30]-[#15:31](=[#8:32])(-[#8:33])-[#8:34]-[#15:35](=[#8:36])(-[#8:37])-[#8:38].[#7:1](-[#1])(-[#1])-[#1]>>[#7:1](-[#6](-[#6])=[#8])(-[#1])-[#1].[#8:34](-[#15:35](=[#8:36])(-[#8:37])-[#8:38])-[#1].[#8](-[#15:31](-[#8:30])(=[#8:32])-[#8:33])-[#1],"EVODEX.2.1-P6377,EVODEX.2.1-P6387,EVODEX.2.1-P6397,EVODEX.2.1-P6409,EVODEX.2.1-P6410",94012897546781240294885739131469764477117366051136907049539847065700210184790
EVODEX.2.1-Em892,[#8:29]-[#15:30](=[#8:31])(-[#8:32]-[#1])-[#8:33].[#7](-[#6:2](=[#8:3])-[#6:4])(-[#1])-[#1].[#8:38]=[#15:39](-[#8:40]-[#1])(-[#8:41])-[#8:42]>>[#6:2](=[#8:3])(-[#6:4])-[#8:32]-[#1].[#8:29]-[#15:30](=[#8:31])(-[#8:33])-[#8:40]-[#15:39](=[#8:38])(-[#8:41])-[#8:42],"EVODEX.2.1-P6378,EVODEX.2.1-P6381,EVODEX.2.1-P6393,EVODEX.2.1-P6398,EVODEX.2.1-P6405",20539153195036066999975614238507017219299506676669887562615984324944175151099
EVODEX.2.1-Em893,[#8:29]-[#15:30](=[#8:31])(-[#8:32]-[#1])-[#8:33].[#7:1](-[#6:2](=[#8:3])-[#6:4])(-[#1])-[#1]>>[#6:2](=[#8:3])(-[#6:4])-[#8:32]-[#1].[#8:29]-[#15:30](=[#8:31])(-[#8:33])-[#8]-[#15](=[#8])(-[#8])-[#8].[#7:1](-[#1])(-[#1])-[#1],"EVODEX.2.1-P6380,EVODEX.2.1-P6390,EVODEX.2.1-P6403,EVODEX.2.1-P6404,EVODEX.2.1-P6414",110829900981255785917702283533809879140255943566514760292815772313558035570329
EVODEX.2.1-Em894,[#8:28]-[#15:29](=[#8:30])(-[#8:31])-[#8:32]-[#15:33](=[#8:34])(-[#8:35])-[#8:36].[#6:5]-[#6:6](=[#8:7])-[#8:8]-[#1]>>[#7](-[#6:6](-[#6:5])=[#8:7])(-[#1])-[#1].[#8:32](-[#15:33](=[#8:34])(-[#8:35])-[#8:36])-[#1].[#8:8](-[#15:29](-[#8:28])(=[#8:30])-[#8:31])-[#1],"EVODEX.2.1-P6388,EVODEX.2.1-P6395,EVODEX.2.1-P6401,EVODEX.2.1-P6412,EVODEX.2.1-P6731",31863115694117751426809923675532739906399433411608946458615772135917875225546
EVODEX.2.1-Em895,[#8:27]-[#15:28](=[#8:29])(-[#8]-[#1])-[#8:31].[#7:1](-[#6](=[#8])-[#6])(-[#1])-[#1].[#8:39]=[#15:40](-[#8:41]-[#1])(-[#8:42])-[#8:43]>>[#8:27]-[#15:28](=[#8:29])(-[#8:31])-[#8:41]-[#15:40](=[#8:39])(-[#8:42])-[#8:43].[#7:1](-[#1])(-[#1])-[#1],"EVODEX.2.1-P6391,EVODEX.2.1-P6394,EVODEX.2.1-P6406,EVODEX.2.1-P6407,EVODEX.2.1-P6415",62333450167396514423732877284377779131969674727023526683370906614280897131853
EVODEX.2.1-Em901,[#8:31]-[#15:32](=[#8:33])(-[#8:34])-[#8]-[#15](=[#8])(-[#8])-[#8].[#6:3]-[#6:4](=[#8:5])-[#8:6]-[#1].[#6:11]-[#6@:12](-[#7:13](-[#1])-[#1])(-[#6:14](=[#8:15])-[#8:16])-[#1:76]>>[#6:3]-[#6:4](=[#8:5])-[#7:13](-[#6@:12](-[#6:11])(-[#6:14](=[#8:15])-[#8:16])-[#1:76])-[#1].[#8:6](-[#15:32](-[#8:31])(=[#8:33])-[#8:34])-[#1],"EVODEX.2.1-P6466,EVODEX.2.1-P6675,EVODEX.2.1-P6718,EVODEX.2.1-P7068,EVODEX.2.1-P7069",91575360643681725757048553192821994020517849665553869369765085365641242372396
EVODEX.2.1-Em902,[#7:24](-[#6@@:25])(-[#1])-[#1].[#8:52]-[#15:53](=[#8:54])(-[#8:55])-[#8:56]-[#15:57](=[#8:58])(-[#8:59])-[#8:60].[#7:12]-[#6:13]1:[#6:14](:[#6:15](:[#6:16](-[#6:17](=[#8:18])-[#8:19]-[#1]):[#6:20](:[#6:21]:1-[#1:100])-[#1:99])-[#1:97])-[#1:96]>>[#7:12]-[#6:13]1:[#6:14](:[#6:15](:[#6:16](-[#6:17](=[#8:18])-[#7:24](-[#6@@:25])-[#1]):[#6:20](:[#6:21]:1-[#1:100])-[#1:99])-[#1:97])-[#1:96].[#8:19](-[#15:53](-[#8:52])(=[#8:54])-[#8:55])-[#1].[#8:56](-[#15:57](=[#8:58])(-[#8:59])-[#8:60])-[#1],"EVODEX.2.1-P6484,EVODEX.2.1-P6489,EVODEX.2.1-P6490,EVODEX.2.1-P6498,EVODEX.2.1-P6502",114362526230465976390687662053252676413218828849586738167569554815558810813470
EVODEX.2.1-Em903,[#7:24](-[#6@@:25])(-[#1])-[#1].[#8:52]-[#15:53](=[#8:54])(-[#8:55])-[#8]-[#15](=[#8])(-[#8])-[#8]>>[#7]-[#6]1:[#6](:[#6](:[#6](-[#6](=[#8])-[#7:24](-[#6@@:25])-[#1]):[#6](:[#6]:1-[#1])-[#1])-[#1])-[#1].[#8](-[#15:53](-[#8:52])(=[#8:54])-[#8:55])-[#1],"EVODEX.2.1-P6485,EVODEX.2.1-P6491,EVODEX.2.1-P6492,EVODEX.2.1-P6494,EVODEX.2.1-P6503",86623792218312867885723465995158124954386279931842664113460612329156568715091
EVODEX.2.1-Em904,[#8:52]-[#15:53](=[#8:54])(-[#8:55])-[#8]-[#15](=[#8])(-[#8])-[#8].[#7:12]-[#6:13]1:[#6:14](:[#6:15](:[#6:16](-[#6:17](=[#8:18])-[#8:19]-[#1]):[#6:20](:[#6:21]:1-[#1:100])-[#1:99])-[#1:97])-[#1:96]>>[#7:12]-[#6:13]1:[#6:14](:[#6:15](:[#6:16](-[#6:17](=[#8:18])-[#7](-[#6@@])-[#1]):[#6:20](:[#6:21]:1-[#1:100])-[#1:99])-[#1:97])-[#1:96].[#8:19](-[#15:53](-[#8:52])(=[#8:54])-[#8:55])-[#1],"EVODEX.2.1-P6486,EVODEX.2.1-P6493,EVODEX.2.1-P6495,EVODEX.2.1-P6496,EVODEX.2.1-P6499",33382448317597226867454411145006394184088313348104511470542882024428785211804
EVODEX.2.1-Em905,[#8:52]-[#15:53](=[#8:54])(-[#8:55])-[#8:56]-[#15:57](=[#8:58])(-[#8:59])-[#8:60].[#7]-[#6]1:[#6](:[#6](:[#6](-[#6](=[#8])-[#8:19]-[#1]):[#6](:[#6]:1-[#1])-[#1])-[#1])-[#1]>>[#8:19](-[#15:53](-[#8:52])(=[#8:54])-[#8:55])-[#1].[#8:56](-[#15:57](=[#8:58])(-[#8:59])-[#8:60])-[#1],"EVODEX.2.1-P6487,EVODEX.2.1-P6488,EVODEX.2.1-P6497,EVODEX.2.1-P6500,EVODEX.2.1-P6501",4545246671350683522178211923726035230410071366751325159523917350369452195928
EVODEX.2.1-Em907,[#6:29](-[#6@@:23])(=[#8:30])-[#7:31](-[#6@@:32])-[#1].[#8]-[#15](=[#8])(-[#8:64]-[#1])-[#8]>>[#6:29](-[#6@@:23])(=[#8:30])-[#8:64]-[#1].[#7:31](-[#6@@:32])(-[#1])-[#1],"EVODEX.2.1-P6535,EVODEX.2.1-P6571,EVODEX.2.1-P6599,EVODEX.2.1-P6603,EVODEX.2.1-P6706",24181464319968226811053195442593620481097781425536313323817088609565080817894
EVODEX.2.1-Em909,[#8]-[#15](=[#8])(-[#8:65]-[#1])-[#8].[#6:24]-[#6:25](=[#8:26])-[#7](-[#6@@])-[#1]>>[#6:24]-[#6:25](=[#8:26])-[#8:65]-[#1],"EVODEX.2.1-P6543,EVODEX.2.1-P6554,EVODEX.2.1-P6556,EVODEX.2.1-P6574,EVODEX.2.1-P6587",80078328608054491029402937424893383308355916613949016610490336750919606040754
EVODEX.2.1-Em911,[#6:2]-[#6:3](=[#8:4])-[#8:5]-[#1].[#8:24]-[#15:25](=[#8:26])(-[#8:27])-[#8:28]-[#15:29](=[#8:30])(-[#8:31])-[#8:32].[#6:43]-[#7:44](-[#6@@:40])-[#1]>>[#6:2]-[#6:3](=[#8:4])-[#7:44](-[#6@:40])-[#6:43].[#8:28](-[#15:29](=[#8:30])(-[#8:31])-[#8:32])-[#1].[#8:5](-[#15:25](-[#8:24])(=[#8:26])-[#8:27])-[#1],"EVODEX.2.1-P6764,EVODEX.2.1-P6765,EVODEX.2.1-P6767,EVODEX.2.1-P6842,EVODEX.2.1-P6910",26504988512999002151728996009929755230601496408238929463379402387312139764997
EVODEX.2.1-Em912,[#6:2]-[#6:3](=[#8:4])-[#8:5]-[#1].[#8:24]-[#15:25](=[#8:26])(-[#8:27])-[#8:28]-[#15:29](=[#8:30])(-[#8:31])-[#8:32]>>[#6:2]-[#6:3](=[#8:4])-[#7](-[#6@])-[#6].[#8:28](-[#15:29](=[#8:30])(-[#8:31])-[#8:32])-[#1].[#8:5](-[#15:25](-[#8:24])(=[#8:26])-[#8:27])-[#1],"EVODEX.2.1-P6766,EVODEX.2.1-P6768,EVODEX.2.1-P6843,EVODEX.2.1-P6854,EVODEX.2.1-P6911",90620376930189612383628160456225900399496697916921707742057108249398036190662
EVODEX.2.1-Em913,[#6:1]-[#6:2](-[#7:3](-[#1])-[#1])(-[#6:4](-[#7:5](-[#1])-[#1])(-[#6:6])-[#1:54])-[#1:51].[#8:32]-[#15:33](=[#8:34])(-[#8:35])-[#8]-[#15](=[#8])(-[#8])-[#8].[#8:45]=[#6:46]=[#8:47]>>[#6:1]-[#6@@:2]1(-[#7:3](-[#6:46](=[#8:47])-[#7:5](-[#6@@:4]-1(-[#6:6])-[#1:54])-[#1])-[#1])-[#1:51].[#8:32]-[#15:33](=[#8:34])(-[#8:35])-[#8:45]-[#1],"EVODEX.2.1-P7084,EVODEX.2.1-P7088,EVODEX.2.1-P7092,EVODEX.2.1-P7096,EVODEX.2.1-P7099",14670388400302578937854524295520870226596820233363207836043454109858214742040
EVODEX.2.1-Em914,[#6:1]-[#6:2](-[#7:3](-[#1])-[#1])(-[#6:4](-[#7:5](-[#1])-[#1])(-[#6:6])-[#1:54])-[#1:51].[#8:32]-[#15:33](=[#8:34])(-[#8:35])-[#8:36]-[#15:37](=[#8:38])(-[#8:39])-[#8:40]>>[#6:1]-[#6@@:2]1(-[#7:3](-[#6](=[#8])-[#7:5](-[#6@@:4]-1(-[#6:6])-[#1:54])-[#1])-[#1])-[#1:51].[#8:32]-[#15:33](=[#8:34])(-[#8:35])-[#8]-[#1].[#8:36](-[#15:37](=[#8:38])(-[#8:39])-[#8:40])-[#1],"EVODEX.2.1-P7085,EVODEX.2.1-P7089,EVODEX.2.1-P7093,EVODEX.2.1-P7100,EVODEX.2.1-P7101",61871173648895273509087116538341654077212649743821348551198718971950797828863
EVODEX.2.1-Em915,[#8:32]-[#15:33](=[#8:34])(-[#8:35])-[#8:36]-[#15:37](=[#8:38])(-[#8:39])-[#8:40].[#8:45]=[#6:46]=[#8:47]>>[#7]1(-[#6@@]-[#6@@]-[#7](-[#6:46]-1=[#8:47])-[#1])-[#1].[#8:32]-[#15:33](=[#8:34])(-[#8:35])-[#8:45]-[#1].[#8:36](-[#15:37](=[#8:38])(-[#8:39])-[#8:40])-[#1],"EVODEX.2.1-P7086,EVODEX.2.1-P7087,EVODEX.2.1-P7090,EVODEX.2.1-P7097,EVODEX.2.1-P7102",35838585830857918246221073608969725794790521087422049788015018511104244939354
EVODEX.2.1-Em568,[#8:57]=[#6:58](-[#8:59]-[#1])-[#6:60]>>[#6](=[#8])(/[#6](=[#6](/[#6])-[#1])-[#1])-[#8:59]-[#1].[#6]-[#16]-[#6:58](=[#8:57])-[#6:60],"EVODEX.2.1-P3356,EVODEX.2.1-P3358,EVODEX.2.1-P3359,EVODEX.2.1-P3361",6008954284081262782490051959804363383910597483107871275145452026039523319103
EVODEX.2.1-Em613,[#6](=[#6](-[#8]-[#6:4](-[#6:5])=[#8:6])-[#1])(-[#1])-[#1].[#8:25](-[#6@:24])-[#1]>>[#6:4](-[#6:5])(=[#8:6])-[#8:25]-[#6@:24],"EVODEX.2.1-P3569,EVODEX.2.1-P3572,EVODEX.2.1-P3682,EVODEX.2.1-P3683",24877019126631789856072200794419921343208995795700773360203562424142938406976
EVODEX.2.1-Em753,[#6]-[#6]1:[#6](:[#6](=[#8]):[#8]:[#6]2:[#6](:[#6](:[#6](-[#7](-[#6:15](=[#8:16])-[#6@@:17])-[#1]):[#6](:[#6]:1:2)-[#1])-[#1])-[#1])-[#1].[#8:42](-[#1])-[#1]>>[#6:15](=[#8:16])(-[#6@@:17])-[#8:42]-[#1],"EVODEX.2.1-P4698,EVODEX.2.1-P4707,EVODEX.2.1-P4709,EVODEX.2.1-P4713",71984094662082151804612323191313489164343192779998216423925269542599896964240
EVODEX.2.1-Em366,[#6:59]-[#8:60]-[#1]>>[#6]/[#6](=[#6](\[#6])-[#6](=[#8])-[#8:60]-[#6:59])-[#1],"EVODEX.2.1-P1641,EVODEX.2.1-P1646,EVODEX.2.1-P1647",38035376225855325074303978360540957520520954716736428547730394227521334023788
EVODEX.2.1-Em503,[#7:1](-[#6](-[#6])(-[#1])-[#1])(-[#1])-[#1].[#6:15]-[#6:16](=[#8])-[#6:18](=[#8:19])-[#8:20]>>[#7:1](-[#6:16](-[#6:15])(-[#6:18](=[#8:19])-[#8:20])-[#1])(-[#1])-[#1],"EVODEX.2.1-P2455,EVODEX.2.1-P2583,EVODEX.2.1-P2586",77779197920292330607096653017659162471421721315824223893575782118995564325718
EVODEX.2.1-Em579,[#6:4]-[#6:5](=[#8:6])-[#8]-[#6]1:[#6](:[#6](:[#6](:[#6](:[#6]:1-[#1])-[#1])-[#1])-[#1])-[#1]>>[#6:4]-[#6:5](=[#8:6])-[#8]-[#1],"EVODEX.2.1-P3422,EVODEX.2.1-P3976,EVODEX.2.1-P4072",34805356581009267142253363966150876801434838688162401172158383249591153713622
EVODEX.2.1-Em823,[#8:11]-[#15:12](=[#8:13])(-[#8:14])-[#8:15]-[#15:16](=[#8:17])(-[#8:18])-[#8:19]-[#15:20](=[#8:21])(-[#8:22])-[#8:23]>>[#8:11]-[#15:12](=[#8:13])(-[#8:14])-[#8]-[#1].[#8:15](-[#15:16](=[#8:17])(-[#8:18])-[#8]-[#1])-[#1].[#8:19](-[#15:20](=[#8:21])(-[#8:22])-[#8:23])-[#1],"EVODEX.2.1-P5844,EVODEX.2.1-P5845",7420959061642886374083025066387901033072052671924176409678821300051047375554
EVODEX.2.1-Em661,[#8:20]-[#15:21](=[#8:22])(-[#8:23])-[#8]-[#6]>>[#8:20]-[#15:21](=[#8:22])(-[#8:23])-[#8]-[#1],EVODEX.2.1-P3821,16110959084619093621694177277559709734694459003385066170189059695312138162111
EVODEX.2.1-Em674,[#8:13](-[#6@](-[#6@])(-[#6@@])-[#1])-[#6@:14](-[#8:15])(-[#6@:32])-[#1:47]>>[#8:13](-[#6:14](-[#8:15])(-[#6@:32])-[#1:47])-[#1],EVODEX.2.1-P3914,51507786075155705057566218429435936404819172220966979139054750523512129471409
EVODEX.2.1-Em754,[#6:25](-[#6@:24])(=[#8:26])-[#7](-[#6]1:[#6](:[#6](:[#6](:[#6](:[#6]:1-[#1])-[#6])-[#8])-[#1])-[#1])-[#1].[#8:43](-[#1])-[#1]>>[#6:25](-[#6@:24])(=[#8:26])-[#8:43]-[#1],EVODEX.2.1-P4701,69345845061932963142672221573143818607153564265857093513734097589067907060793
EVODEX.2.1-Em820,[#6]-[#8]-[#15:15](=[#8:16])(-[#8:17])-[#8:27]-[#15](=[#8])(-[#8])-[#8]>>[#15:15](=[#8:16])(-[#8:17])(-[#8:27]-[#1])-[#8]-[#1],EVODEX.2.1-P5815,67486991791346712074110442410009300482592211897957495670412657343835226378922
EVODEX.2.1-Em824,[#8:15]-[#15:16](=[#8:17])(-[#8:18])-[#8:19]-[#15:20](=[#8:21])(-[#8:22])-[#8:23]-[#15:24](=[#8:25])(-[#8:26])-[#8:27].[#8:32](-[#1])-[#1].[#8:33](-[#1])-[#1]>>[#8:15]-[#15:16](=[#8:17])(-[#8:18])-[#8:32]-[#1].[#8:19](-[#15:20](=[#8:21])(-[#8:22])-[#8:33]-[#1])-[#1].[#8:23](-[#15:24](=[#8:25])(-[#8:26])-[#8:27])-[#1],EVODEX.2.1-P5846,108021009521037624515224165544500546513630715732037228486646358598880040940682
EVODEX.2.1-Em900,[#6:2]-[#6:5](=[#8:6])-[#8]-[#1].[#8]-[#15](=[#8])(-[#8])-[#8:55]-[#15:56](=[#8:57])(-[#8:58])-[#8:59]-[#15:60](=[#8:61])(-[#8:62])-[#8:63]>>[#6:2]-[#6:5](=[#8:6])-[#7](-[#6@@])-[#1].[#8](-[#15:56](-[#8:55]-[#1])(=[#8:57])-[#8:58])-[#1].[#8:59](-[#15:60](=[#8:61])(-[#8:62])-[#8:63])-[#1],EVODEX.2.1-P6450,37740607236998558125917213326896395652148601799510684594905391947540885633824
