id,smirks,sources
EVODEX.2-E1,[#8:1](-[#1])-[#1].([#8:10]-[#6@@:9](-[#6@:8])(-[#6@@:11](-[#8:12])(-[#6@:13](-[#8:14]-[#6:15])(-[#8:23])-[#1:45])-[#1:43])-[#1:41].[#8:30]-[#6@:29](-[#6@:27])(-[#6@@:31])-[#1:61])>>[#8:14](-[#6:15])-[#1].([#8:1](-[#6@@:13](-[#6@:11](-[#8:12])(-[#6@@:9](-[#8:10])(-[#6@:8])-[#1:41])-[#1:43])(-[#8:23])-[#1:45])-[#1].[#8:30]-[#6@@:29](-[#6@@:31])(-[#6@:27])-[#1:61]),"EVODEX.2-P4117,EVODEX.2-P4163,EVODEX.2-P4209,EVODEX.2-P4288,EVODEX.2-P4065"
EVODEX.2-E2,[#8:1](-[#1])-[#1].([#8:10]-[#6@:11](-[#8:12]-[#6@:13])(-[#6@:24]-[#6@@:26](-[#8:27])(-[#6@@:28])-[#1:71])-[#1:57].[#8:44]-[#6@:43](-[#6@:41])(-[#6@@:45])-[#1:87])>>[#8:12](-[#6@:13])-[#1].([#8:1](-[#6@@:11](-[#8:10])(-[#6@:24]-[#6@:26](-[#6@@:28])(-[#8:27])-[#1:71])-[#1:57])-[#1].[#8:44]-[#6@@:43](-[#6@@:45])(-[#6@:41])-[#1:87]),"EVODEX.2-P4151,EVODEX.2-P4268,EVODEX.2-P4153,EVODEX.2-P4132,EVODEX.2-P4319"
EVODEX.2-E3,[#6:6]-[#8:7]-[#1].([#7:11]-[#6:12]1:[#7:13]:[#6:14](:[#7:15]:[#6:16]2:[#6:17]:1:[#7:18]:[#6:19](:[#7:20]:2-[#6@@:21])-[#1:55])-[#1:54].[#8:25]-[#15:26](=[#8:27])(-[#8:28])-[#8:29]-[#15:30](=[#8:31])(-[#8:32])-[#8:33])>>([#6:6]-[#8:7]-[#15:26](-[#8:25])(=[#8:27])-[#8:28].[#7:20]1(-[#6@@:21]):[#6:16]2:[#7:15]:[#6:14](:[#7:13]:[#6:12](-[#7:11]):[#6:17]:2:[#7:18]:[#6:19]:1-[#1:55])-[#1:54]).[#8:29](-[#15:30](=[#8:31])(-[#8:32])-[#8:33])-[#1],"EVODEX.2-P3445,EVODEX.2-P3443,EVODEX.2-P3438,EVODEX.2-P3433,EVODEX.2-P3372"
EVODEX.2-E4,[#6:7]-[#6:8](=[#8:9])-[#8:10]-[#1].([#7:11]-[#6:12]1:[#7:13]:[#6:14](:[#7:15]:[#6:16]2:[#6:17]:1:[#7:18]:[#6:19](:[#7:20]:2-[#6@@:21])-[#1:61])-[#1:60].[#8:25]-[#15:26](=[#8:27])(-[#8:28])-[#8:29]-[#15:30](=[#8:31])(-[#8:32])-[#8:33])>>([#6:7]-[#6:8](=[#8:9])-[#8:10]-[#15:26](-[#8:25])(=[#8:27])-[#8:28].[#7:20]1(-[#6@@:21]):[#6:16]2:[#7:15]:[#6:14](:[#7:13]:[#6:12](-[#7:11]):[#6:17]:2:[#7:18]:[#6:19]:1-[#1:61])-[#1:60]).[#8:29](-[#15:30](=[#8:31])(-[#8:32])-[#8:33])-[#1],"EVODEX.2-P314,EVODEX.2-P313,EVODEX.2-P6078,EVODEX.2-P6030,EVODEX.2-P6038"
EVODEX.2-E5,([#7:17]-[#6:18]1:[#6:19](:[#6:20](:[#7:21](-[#6@@:22]):[#6:43](=[#8:44]):[#7:45]:1)-[#1:49])-[#1:48].[#8:26]-[#15:27](=[#8:28])(-[#8:29])-[#8:30]-[#15:31](=[#8:32])(-[#8:33])-[#8:34]).[#8:8](-[#6@@:7])-[#1]>>([#8:8](-[#6@@:7])-[#15:27](-[#8:26])(=[#8:28])-[#8:29].[#7:21]1(-[#6@@:22]):[#6:20](:[#6:19](:[#6:18](-[#7:17]):[#7:45]:[#6:43]:1=[#8:44])-[#1:48])-[#1:49]).[#8:30](-[#15:31](=[#8:32])(-[#8:33])-[#8:34])-[#1],"EVODEX.2-P3465,EVODEX.2-P3429,EVODEX.2-P3426,EVODEX.2-P3428,EVODEX.2-P3424"
EVODEX.2-E6,([#7:6](-[#6@:5])(-[#6:7](=[#8:8])-[#6@:9])-[#1].[#6:40](-[#6@@:32])(=[#8:41])-[#7:42](-[#6@@:43])-[#1]).[#8:59](-[#1])-[#1].[#8:60](-[#1])-[#1]>>[#6:7](=[#8:8])(-[#6@:9])-[#8:59]-[#1].([#7:6](-[#6@:5])(-[#1])-[#1].[#6:40](-[#6@@:32])(=[#8:41])-[#8:60]-[#1]).[#7:42](-[#6@@:43])(-[#1])-[#1],"EVODEX.2-P4865,EVODEX.2-P4847,EVODEX.2-P4841,EVODEX.2-P4470,EVODEX.2-P4844"
EVODEX.2-E7,([#7:41]-[#6:42]1:[#7:43]:[#6:44](:[#7:45]:[#6:46]2:[#6:47]:1:[#7:48]:[#6:49](:[#7:50]:2-[#6@@:51])-[#1:75])-[#1:74].[#8:59]-[#15:60](=[#8:61])(-[#8:62])-[#8:63]-[#15:64](=[#8:65])(-[#8:66])-[#8:67]).([#6:19]-[#6@:20](-[#7:21])(-[#6:38](=[#8:39])-[#8:40])-[#1:98].[#6:31]-[#6:32](=[#8:33])-[#8:34]-[#1]).[#7:9](-[#6@:8])(-[#1])-[#1]>>([#7:9](-[#6@:8])(-[#6:32](-[#6:31])=[#8:33])-[#1].[#7:21]-[#6@@:20](-[#6:19])(-[#6:38](=[#8:39])-[#8:40])-[#1:98]).([#8:34](-[#15:60](-[#8:59])(=[#8:61])-[#8:62])-[#1].[#7:50]1(-[#6@@:51]):[#6:46]2:[#7:45]:[#6:44](:[#7:43]:[#6:42](-[#7:41]):[#6:47]:2:[#7:48]:[#6:49]:1-[#1:75])-[#1:74]).[#8:63](-[#15:64](=[#8:65])(-[#8:66])-[#8:67])-[#1],"EVODEX.2-P6212,EVODEX.2-P6229,EVODEX.2-P6092,EVODEX.2-P6236,EVODEX.2-P6260"
EVODEX.2-E8,[#8:4]=[#6:5](-[#6:6])-[#1:12]>>[#6](-[#6](=[#8])-[#1])(-[#6@:5](-[#8:4]-[#1])(-[#6:6])-[#1:12])(-[#1])-[#1],"EVODEX.2-P5591,EVODEX.2-P5587,EVODEX.2-P5595,EVODEX.2-P5593,EVODEX.2-P5588"
EVODEX.2-E9,[#8:14]-[#6@:13](-[#6@:11])(-[#6:15])-[#1:24]>>[#8:14]-[#6@@:13](-[#6@:11])(-[#6:15])-[#1:24],"EVODEX.2-P2501,EVODEX.2-P4229,EVODEX.2-P5838,EVODEX.2-P4110,EVODEX.2-P33"
EVODEX.2-E10,[#8:1](/[#7:2]=[#6:3](/[#6:4])-[#1])-[#1]>>[#7:2]#[#6:3]-[#6:4].[#8:1](-[#1])-[#1],"EVODEX.2-P5814,EVODEX.2-P5816,EVODEX.2-P5819,EVODEX.2-P5822,EVODEX.2-P626"
EVODEX.2-E11,[#6:1](-[#8]-[#6])(-[#1:18])(-[#1:19])-[#1:20].[#8:17](-[#1])-[#1]>>[#6:1](-[#8:17]-[#1])(-[#1:18])(-[#1:19])-[#1:20],"EVODEX.2-P4119,EVODEX.2-P4113,EVODEX.2-P3718,EVODEX.2-P4251,EVODEX.2-P3673"
EVODEX.2-E12,[#8:7]-[#6@:8](-[#8:9])(-[#6@:10])-[#1:20]>>[#8:7]-[#6@@:8](-[#8:9])(-[#6@:10])-[#1:20],"EVODEX.2-P5839,EVODEX.2-P4028,EVODEX.2-P4241,EVODEX.2-P4235,EVODEX.2-P5840"
EVODEX.2-E13,[#6:37]-[#6:38](=[#8:39])-[#8:40]-[#1].([#6:45]-[#6@:46](-[#7:47])(-[#6:52](=[#8:53])-[#7:54])-[#1:119].[#6:50]-[#7:51](-[#1])-[#1])>>([#6:37]-[#6:38](=[#8:39])-[#7:51](-[#6:50])-[#1].[#7:47]-[#6@@:46](-[#6:45])(-[#6:52](=[#8:53])-[#7:54])-[#1:119]).[#8:40](-[#1])-[#1],"EVODEX.2-P4636,EVODEX.2-P4646,EVODEX.2-P4637,EVODEX.2-P4627,EVODEX.2-P4629"
EVODEX.2-E14,[#7:5]-[#6:6](=[#7:7]-[#1])-[#1:21].[#8:11](-[#1])-[#1]>>[#7:5]-[#6:6](=[#8:11])-[#1:21].[#7:7](-[#1])(-[#1])-[#1],"EVODEX.2-P5229,EVODEX.2-P5245,EVODEX.2-P5242,EVODEX.2-P5226,EVODEX.2-P5239"
EVODEX.2-E15,[#6:5](-[#6@:4])#[#7:6].[#8:14](-[#1])-[#1]>>[#6:5](-[#6@:4])(-[#7:6](-[#1])-[#1])=[#8:14],"EVODEX.2-P5738,EVODEX.2-P5321,EVODEX.2-P5328,EVODEX.2-P5719,EVODEX.2-P5726"
EVODEX.2-E16,[#6:13]-[#6:14](-[#17:15])(-[#1:44])-[#1:45].[#8:16](-[#1])-[#1]>>[#6:13]-[#6:14](-[#8:16]-[#1])(-[#1:44])-[#1:45].[#17:15]-[#1],"EVODEX.2-P5429,EVODEX.2-P5446,EVODEX.2-P5432,EVODEX.2-P5433,EVODEX.2-P5441"
EVODEX.2-E17,[#6:5](-[#6@:4])(-[#7:6](-[#1])-[#1])=[#8:7]>>[#6:5](-[#6@:4])#[#7:6].[#8:7](-[#1])-[#1],"EVODEX.2-P5732,EVODEX.2-P5718,EVODEX.2-P5729,EVODEX.2-P5721,EVODEX.2-P5730"
EVODEX.2-E18,[#6:11](-[#6@@:9])(=[#8:12])-[#8:13]-[#1].([#7:14]-[#6:15]1:[#7:16]:[#6:17](:[#7:18]:[#6:19]2:[#6:20]:1:[#7:21]:[#6:22](:[#7:23]:2-[#6@@:24])-[#1:64])-[#1:63].[#8:32]-[#15:33](=[#8:34])(-[#8:35])-[#8:36]-[#15:37](=[#8:38])(-[#8:39])-[#8:40])>>[#6](-[#6@@])(=[#8])-[#8]-[#6:11](-[#6@@:9])=[#8:12].([#8:13](-[#15:33](-[#8:32])(=[#8:34])-[#8:35])-[#1].[#7:23]1(-[#6@@:24]):[#6:19]2:[#7:18]:[#6:17](:[#7:16]:[#6:15](-[#7:14]):[#6:20]:2:[#7:21]:[#6:22]:1-[#1:64])-[#1:63]).[#8:36](-[#15:37](=[#8:38])(-[#8:39])-[#8:40])-[#1],"EVODEX.2-P6185,EVODEX.2-P6184,EVODEX.2-P6272,EVODEX.2-P6209,EVODEX.2-P5874"
EVODEX.2-E19,[#8:1]=[#8:2].[#6:15](-[#6@@:14])(-[#8:16]-[#1])(-[#1:33])-[#1]>>[#8:1](-[#8:2]-[#1])-[#1].[#6:15](-[#6@@:14])(=[#8:16])-[#1:33],"EVODEX.2-P153,EVODEX.2-P122,EVODEX.2-P162,EVODEX.2-P161,EVODEX.2-P140"
EVODEX.2-E20,[#6:1]-[#16:2]-[#6:3].[#8:60]=[#8:61]>>[#6:1]-[#16@:2](-[#6:3])=[#8:61].[#8:60](-[#1])-[#1],"EVODEX.2-P571,EVODEX.2-P212,EVODEX.2-P576,EVODEX.2-P600,EVODEX.2-P595"
EVODEX.2-E21,[#6:3]-[#6:4](-[#6@:5])(-[#1:76])-[#1].[#8:69]=[#8:70]>>[#6:3]-[#6@@:4](-[#8:69]-[#1])(-[#6@:5])-[#1:76].[#8:70](-[#1])-[#1],"EVODEX.2-P582,EVODEX.2-P222,EVODEX.2-P608,EVODEX.2-P549,EVODEX.2-P547"
EVODEX.2-E22,[#6:6]-[#6:7](-[#7:8](-[#1])-[#1])=[#8:9].[#8:10](-[#1])-[#1]>>[#6:6]-[#6:7](=[#8:9])-[#8:10]-[#1].[#7:8](-[#1])(-[#1])-[#1],"EVODEX.2-P4357,EVODEX.2-P4668,EVODEX.2-P4961,EVODEX.2-P5033,EVODEX.2-P4440"
EVODEX.2-E23,[#8:23]-[#15:24](=[#8:25])(-[#8:26]-[#1])-[#8:27].([#8:32]=[#6:33]1:[#6:34](:[#6:35](:[#7:36](-[#6@@:37]):[#6:58](=[#8:59]):[#7:60]:1-[#1])-[#1:78])-[#1:77].[#8:41]-[#15:42](=[#8:43])(-[#8:44])-[#8:45]-[#15:46](=[#8:47])(-[#8:48])-[#8:49])>>([#8:23]-[#15:24](=[#8:25])(-[#8:26]-[#15:42](-[#8:41])(=[#8:43])-[#8:44])-[#8:27].[#7:36]1(-[#6@@:37]):[#6:35](:[#6:34](:[#6:33](=[#8:32]):[#7:60](:[#6:58]:1=[#8:59])-[#1])-[#1:77])-[#1:78]).[#8:45](-[#15:46](=[#8:47])(-[#8:48])-[#8:49])-[#1],"EVODEX.2-P3403,EVODEX.2-P6391,EVODEX.2-P3453,EVODEX.2-P3405,EVODEX.2-P3463"
EVODEX.2-E24,[#6:1]-[#6:2](=[#8:3])-[#16:4]-[#6:5].([#6:64]-[#8:65]-[#1].[#8:69]-[#6@@:68](-[#6@@:66])(-[#6@:70])-[#1:134])>>([#6:1]-[#6:2](=[#8:3])-[#8:65]-[#6:64].[#8:69]-[#6@:68](-[#6@:70])(-[#6@@:66])-[#1:134]).[#16:4](-[#6:5])-[#1],"EVODEX.2-P2007,EVODEX.2-P2016,EVODEX.2-P2011,EVODEX.2-P1732,EVODEX.2-P1733"
EVODEX.2-E25,[#6:13]-[#6:14](=[#8:15])-[#16:16]-[#6:17].([#6:64]-[#6@:65](-[#7:66])(-[#6:84](=[#8:85])-[#7:86])-[#1:185].[#6:82]-[#7:83](-[#1])-[#1])>>([#6:13]-[#6:14](=[#8:15])-[#7:83](-[#6:82])-[#1].[#7:66]-[#6@@:65](-[#6:64])(-[#6:84](=[#8:85])-[#7:86])-[#1:185]).[#16:16](-[#6:17])-[#1],"EVODEX.2-P2052,EVODEX.2-P2057,EVODEX.2-P2058,EVODEX.2-P2062,EVODEX.2-P2056"
EVODEX.2-E26,[#6:3]-[#16:4]-[#6:5](-[#6@:6])(-[#1:18])-[#1:19].[#8:11](-[#1])-[#1]>>[#6:5](-[#6@:6])(-[#8:11]-[#1])(-[#1:18])-[#1:19].[#6:3]-[#16:4]-[#1],"EVODEX.2-P3804,EVODEX.2-P4323,EVODEX.2-P4543,EVODEX.2-P4321,EVODEX.2-P4540"
EVODEX.2-E27,[#8:1]=[#6:2](-[#6:3](-[#8:4]-[#1])(-[#1:19])-[#1])-[#6@:5]>>[#8:1](-[#6@@:2](-[#6:3](=[#8:4])-[#1:19])(-[#6@:5])-[#1])-[#1],"EVODEX.2-P5853,EVODEX.2-P5855,EVODEX.2-P5857,EVODEX.2-P5856,EVODEX.2-P5850"
EVODEX.2-E28,[#8:1]=[#6:2](-[#6@:3](-[#8:4]-[#1])(-[#6@:5])-[#1])-[#1:23]>>[#8:1](-[#6:2](-[#6:3](=[#8:4])-[#6@:5])(-[#1:23])-[#1])-[#1],"EVODEX.2-P5851,EVODEX.2-P5849,EVODEX.2-P5848,EVODEX.2-P5847,EVODEX.2-P5846"
EVODEX.2-E29,[#8:23]-[#15:24](=[#8:25])(-[#8:26]-[#1])-[#8:27].([#7:32]-[#6:33]1:[#7:34]:[#6:35](:[#7:36]:[#6:37]2:[#6:38]:1:[#7:39]:[#6:40](:[#7:41]:2-[#6@@:42])-[#1:82])-[#1:81].[#8:46]-[#15:47](=[#8:48])(-[#8:49])-[#8:50]-[#15:51](=[#8:52])(-[#8:53])-[#8:54])>>([#8:23]-[#15:24](=[#8:25])(-[#8:26]-[#15:47](-[#8:46])(=[#8:48])-[#8:49])-[#8:27].[#7:41]1(-[#6@@:42]):[#6:37]2:[#7:36]:[#6:35](:[#7:34]:[#6:33](-[#7:32]):[#6:38]:2:[#7:39]:[#6:40]:1-[#1:82])-[#1:81]).[#8:50](-[#15:51](=[#8:52])(-[#8:53])-[#8:54])-[#1],"EVODEX.2-P3452,EVODEX.2-P6387,EVODEX.2-P3401,EVODEX.2-P3449,EVODEX.2-P3398"
EVODEX.2-E30,([#7:25]-[#6:26]1:[#6:27](:[#6:28](:[#7:29](-[#6@@:30]):[#6:51](=[#8:52]):[#7:53]:1)-[#1:57])-[#1:56].[#8:34]-[#15:35](=[#8:36])(-[#8:37])-[#8:38]-[#15:39](=[#8:40])(-[#8:41])-[#8:42]).[#8:17]-[#15:18](=[#8:19])(-[#8:20])-[#8:21]-[#1]>>([#8:17]-[#15:18](=[#8:19])(-[#8:20])-[#8:21]-[#15:35](-[#8:34])(=[#8:36])-[#8:37].[#7:29]1(-[#6@@:30]):[#6:28](:[#6:27](:[#6:26](-[#7:25]):[#7:53]:[#6:51]:1=[#8:52])-[#1:56])-[#1:57]).[#8:38](-[#15:39](=[#8:40])(-[#8:41])-[#8:42])-[#1],"EVODEX.2-P3397,EVODEX.2-P3396,EVODEX.2-P3454,EVODEX.2-P3421,EVODEX.2-P3420"
EVODEX.2-E31,[#8:1](-[#1])-[#1].[#8:23](-[#6@:22])-[#6:24](-[#6@:25])(-[#1:92])-[#1:93]>>[#8:1](-[#6:24](-[#6@:25])(-[#1:92])-[#1:93])-[#1].[#8:23](-[#6@:22])-[#1],"EVODEX.2-P4280,EVODEX.2-P4004,EVODEX.2-P4097,EVODEX.2-P4106,EVODEX.2-P4281"
EVODEX.2-E32,[#6:4]-[#6:5](=[#8:6])-[#8:7]-[#1].[#7:1](-[#1])(-[#1])-[#1]>>[#7:1](-[#6:5](-[#6:4])=[#8:6])(-[#1])-[#1].[#8:7](-[#1])-[#1],"EVODEX.2-P4962,EVODEX.2-P4759,EVODEX.2-P5021,EVODEX.2-P4984,EVODEX.2-P5006"
EVODEX.2-E33,[#6:11]-[#6@@:12]1(-[#6:13]-[#8:14]-1)-[#1:27].[#8:17](-[#1])-[#1]>>[#6:11]-[#6@:12](-[#6:13]-[#8:14]-[#1])(-[#8:17]-[#1])-[#1:27],"EVODEX.2-P4328,EVODEX.2-P4334,EVODEX.2-P4335,EVODEX.2-P4336,EVODEX.2-P4337"
EVODEX.2-E34,[#7:2]-[#6:7](-[#7:6])=[#7:8]-[#1].[#8:9](-[#1])-[#1]>>[#7:2]-[#6:7](-[#7:6])=[#8:9].[#7:8](-[#1])(-[#1])-[#1],"EVODEX.2-P5264,EVODEX.2-P5277,EVODEX.2-P5256,EVODEX.2-P5266,EVODEX.2-P5259"
EVODEX.2-E35,[#6:4]-[#7:5](-[#6:6](=[#8:7])-[#1:19])-[#1].[#8:8](-[#1])-[#1]>>[#6:4]-[#7:5](-[#1])-[#1].[#6:6](=[#8:7])(-[#8:8]-[#1])-[#1:19],"EVODEX.2-P5155,EVODEX.2-P5173,EVODEX.2-P5149,EVODEX.2-P5168,EVODEX.2-P5152"
EVODEX.2-E36,[#6:9]-[#6:10](=[#8:11])-[#1:27].[#6:1](#[#7:2])-[#1]>>[#6:1](#[#7:2])-[#6@:10](-[#6:9])(-[#8:11]-[#1])-[#1:27],"EVODEX.2-P5519,EVODEX.2-P5512,EVODEX.2-P5524,EVODEX.2-P5523,EVODEX.2-P5531"
EVODEX.2-E37,[#6:7]-[#6@:8](-[#8:9]-[#1])(-[#6:10]#[#7:11])-[#1:27]>>[#6:7]-[#6:8](=[#8:9])-[#1:27].[#6:10](#[#7:11])-[#1],"EVODEX.2-P5505,EVODEX.2-P5627,EVODEX.2-P5527,EVODEX.2-P5635,EVODEX.2-P5624"
EVODEX.2-E38,[#6:6]/[#6:7](=[#6:8](\[#6:9])-[#1:34])-[#1:33].[#8:19](-[#1])-[#1]>>[#6:6]-[#6:7](-[#6@:8](-[#6:9])(-[#8:19]-[#1])-[#1:34])(-[#1:33])-[#1],"EVODEX.2-P5691,EVODEX.2-P5682,EVODEX.2-P5699,EVODEX.2-P5698,EVODEX.2-P5693"
EVODEX.2-E39,[#6:6]-[#6:7](-[#6@@:8](-[#8:9]-[#1])(-[#6:10])-[#1:35])(-[#1:33])-[#1]>>[#6:6]/[#6:7](=[#6:8](\[#6:10])-[#1:35])-[#1:33].[#8:9](-[#1])-[#1],"EVODEX.2-P5694,EVODEX.2-P5702,EVODEX.2-P5697,EVODEX.2-P5709,EVODEX.2-P5690"
EVODEX.2-E40,[#8:1]=[#8:2].[#8:11](-[#6@@:10](-[#6@:9])(-[#6@@:12])-[#1])-[#1]>>[#8:1](-[#8:2]-[#1])-[#1].[#6:10](-[#6@:9])(=[#8:11])-[#6@@:12],"EVODEX.2-P125,EVODEX.2-P139,EVODEX.2-P135,EVODEX.2-P138,EVODEX.2-P159"
EVODEX.2-E41,[#6:5]-[#6:6](=[#8:7])-[#1].[#8:9]=[#8:10].[#8:8](-[#1])-[#1]>>[#6:5]-[#6:6](=[#8:7])-[#8:8]-[#1].[#8:9](-[#8:10]-[#1])-[#1],"EVODEX.2-P851,EVODEX.2-P850,EVODEX.2-P848,EVODEX.2-P842,EVODEX.2-P845"
EVODEX.2-E42,[#8:1]=[#8:2].[#8:10]-[#6:11](-[#8:12]-[#1])(-[#6@:13])-[#1]>>[#8:10]-[#6:11](=[#8:12])-[#6@:13].[#8:1](-[#8:2]-[#1])-[#1],"EVODEX.2-P156,EVODEX.2-P149,EVODEX.2-P154,EVODEX.2-P155,EVODEX.2-P150"
EVODEX.2-E43,[#6:1]-[#6@:2](-[#6@:3])(-[#6@:11])-[#1].[#8:82]=[#8:83]>>[#6:1]-[#6@@:2](-[#6@:3])(-[#6@:11])-[#8:83]-[#1].[#8:82](-[#1])-[#1],"EVODEX.2-P228,EVODEX.2-P620,EVODEX.2-P223,EVODEX.2-P526,EVODEX.2-P621"
EVODEX.2-E44,[#6:47]-[#16:48]-[#1].[#6:78](-[#6@:50])(=[#8:79])-[#8:80]-[#1].([#7:81]-[#6:82]1:[#7:83]:[#6:84](:[#7:85]:[#6:86]2:[#6:87]:1:[#7:88]:[#6:89](:[#7:90]:2-[#6@@:91])-[#1:197])-[#1:196].[#8:95]-[#15:96](=[#8:97])(-[#8:98])-[#8:99]-[#15:100](=[#8:101])(-[#8:102])-[#8:103])>>[#6:47]-[#16:48]-[#6:78](-[#6@:50])=[#8:79].([#8:80](-[#15:96](-[#8:95])(=[#8:97])-[#8:98])-[#1].[#7:90]1(-[#6@@:91]):[#6:86]2:[#7:85]:[#6:84](:[#7:83]:[#6:82](-[#7:81]):[#6:87]:2:[#7:88]:[#6:89]:1-[#1:197])-[#1:196]).[#8:99](-[#15:100](=[#8:101])(-[#8:102])-[#8:103])-[#1],"EVODEX.2-P5888,EVODEX.2-P6024,EVODEX.2-P6035,EVODEX.2-P5944,EVODEX.2-P5960"
EVODEX.2-E45,[#6:2]-[#6:4](-[#7:5](-[#1])-[#1])(-[#1:14])-[#1].[#8:7]=[#8:8].[#8:6](-[#1])-[#1]>>[#6:2]-[#6:4](=[#8:6])-[#1:14].[#7:5](-[#1])(-[#1])-[#1].[#8:7](-[#8:8]-[#1])-[#1],"EVODEX.2-P1011,EVODEX.2-P1125,EVODEX.2-P999,EVODEX.2-P1129,EVODEX.2-P1128"
EVODEX.2-E46,[#6:1](-[#7:2](-[#6:3])-[#1])(-[#1:15])(-[#1:16])-[#1].[#8:13]=[#8:14].[#8:12](-[#1])-[#1]>>[#6:1](=[#8:12])(-[#1:15])-[#1:16].[#7:2](-[#6:3])(-[#1])-[#1].[#8:13](-[#8:14]-[#1])-[#1],"EVODEX.2-P1344,EVODEX.2-P1284,EVODEX.2-P1321,EVODEX.2-P1290,EVODEX.2-P1347"
EVODEX.2-E47,[#6:1]-[#6:2](=[#8:3])-[#6](-[#8])(-[#6])-[#1]>>[#6:1]-[#6:2](=[#8:3])-[#1],"EVODEX.2-P1539,EVODEX.2-P5586,EVODEX.2-P1554,EVODEX.2-P1552,EVODEX.2-P1555"
EVODEX.2-E48,[#8:1]=[#6:2](-[#8:3]-[#1])-[#6:4](=[#8:5])-[#6:6]>>[#6:4](=[#8:5])(-[#6:6])-[#1].[#8:1]=[#6:2]=[#8:3],"EVODEX.2-P5456,EVODEX.2-P5501,EVODEX.2-P1561,EVODEX.2-P5472,EVODEX.2-P5498"
EVODEX.2-E49,[#6:47]-[#16:48]-[#6:49](=[#8:50])-[#6:51].[#8:55](-[#1])-[#1]>>[#6:49](=[#8:50])(-[#6:51])-[#8:55]-[#1].[#6:47]-[#16:48]-[#1],"EVODEX.2-P3866,EVODEX.2-P3870,EVODEX.2-P3868,EVODEX.2-P4738,EVODEX.2-P3869"
EVODEX.2-E50,[#6:17]-[#6:18](=[#8:19])-[#7:20](-[#6:21])-[#1].[#8:23](-[#1])-[#1]>>[#6:17]-[#6:18](=[#8:19])-[#8:23]-[#1].[#7:20](-[#6:21])(-[#1])-[#1],"EVODEX.2-P4869,EVODEX.2-P4919,EVODEX.2-P4355,EVODEX.2-P4492,EVODEX.2-P4537"
EVODEX.2-E51,[#7:11](-[#6@@:12])(-[#1])-[#1].[#7:1](-[#6:2](=[#8:3])-[#6:4])(-[#1])-[#1]>>[#6:2](=[#8:3])(-[#6:4])-[#7:11](-[#6@@:12])-[#1].[#7:1](-[#1])(-[#1])-[#1],"EVODEX.2-P2079,EVODEX.2-P2082,EVODEX.2-P4891,EVODEX.2-P4893,EVODEX.2-P4896"
EVODEX.2-E52,[#6:2]-[#6:3](-[#7:4](-[#1])-[#1])=[#8:5].[#7:6](-[#8:7])(-[#1])-[#1]>>[#6:2]-[#6:3](=[#8:5])-[#7:6](-[#8:7])-[#1].[#7:4](-[#1])(-[#1])-[#1],"EVODEX.2-P5011,EVODEX.2-P5014,EVODEX.2-P4974,EVODEX.2-P4923,EVODEX.2-P4977"
EVODEX.2-E53,[#7:8]-[#6@@:9](-[#6:10])(-[#6:21](=[#8:22])-[#8:23])-[#1:82]>>[#6:10]-[#6@:9](-[#7:8])(-[#6:21](=[#8:22])-[#8:23])-[#1:82],"EVODEX.2-P5831,EVODEX.2-P5834,EVODEX.2-P5865,EVODEX.2-P5826,EVODEX.2-P5835"
EVODEX.2-E54,[#7:18]-[#6@:22](-[#6:21])(-[#6:23](=[#8:24])-[#7:25])-[#1:65]>>[#7:18]-[#6@@:22](-[#6:21])(-[#6:23](=[#8:24])-[#7:25])-[#1:65],"EVODEX.2-P5832,EVODEX.2-P5833,EVODEX.2-P5843,EVODEX.2-P5844,EVODEX.2-P5825"
EVODEX.2-E55,[#6:2]-[#6:3](=[#8:4])-[#7:5](-[#7:6])-[#1].[#8:7](-[#1])-[#1]>>[#6:2]-[#6:3](=[#8:4])-[#8:7]-[#1].[#7:5](-[#7:6])(-[#1])-[#1],"EVODEX.2-P4905,EVODEX.2-P4488,EVODEX.2-P4339,EVODEX.2-P4452,EVODEX.2-P4999"
EVODEX.2-E56,[#6:2]-[#6:3](=[#8:4])-[#1:17].[#7:5](-[#6:6](-[#6:7])(-[#1:20])-[#1])(-[#1])-[#1]>>[#6:2]-[#6:3](-[#7:5](-[#1])-[#1])(-[#1:17])-[#1].[#8:4]=[#6:6](-[#6:7])-[#1:20],"EVODEX.2-P2899,EVODEX.2-P2904,EVODEX.2-P3098,EVODEX.2-P2894,EVODEX.2-P2907"
EVODEX.2-E57,[#6:10](-[#6:11])(-[#1:17])(-[#1:18])-[#1].[#6:1](-[#6](-[#6])(-[#6])-[#1])(-[#1:26])(-[#1:27])-[#1:28]>>[#6:1](-[#6:10](-[#6:11])(-[#1:17])-[#1:18])(-[#1:26])(-[#1:27])-[#1:28],"EVODEX.2-P3013,EVODEX.2-P2995,EVODEX.2-P2989,EVODEX.2-P3019,EVODEX.2-P2994"
EVODEX.2-E58,[#8:27](-[#6@@:26])-[#15:28](=[#8:29])(-[#8:30])-[#8:31].([#7:41]-[#6:42]1:[#7:43]:[#6:44](:[#7:45]:[#6:46]2:[#6:47]:1:[#7:48]:[#6:49](:[#7:50]:2-[#6@@:51])-[#1:85])-[#1:84].[#8:55]-[#15:56](=[#8:57])(-[#8:58]-[#1])-[#8:59])>>[#8:27](-[#6@@:26])-[#1].([#15:28](=[#8:29])(-[#8:30])(-[#8:31])-[#8:58]-[#15:56](-[#8:55])(=[#8:57])-[#8:59].[#7:50]1(-[#6@@:51]):[#6:46]2:[#7:45]:[#6:44](:[#7:43]:[#6:42](-[#7:41]):[#6:47]:2:[#7:48]:[#6:49]:1-[#1:85])-[#1:84]),"EVODEX.2-P3249,EVODEX.2-P3252,EVODEX.2-P3278,EVODEX.2-P3140,EVODEX.2-P3209"
EVODEX.2-E59,[#6:7]-[#6:8](=[#8:9])-[#8:10]-[#15:11](=[#8:12])(-[#8:13])-[#8:14].([#7:18]-[#6:19]1:[#7:20]:[#6:21](:[#7:22]:[#6:23]2:[#6:24]:1:[#7:25]:[#6:26](:[#7:27]:2-[#6@@:28])-[#1:60])-[#1:59].[#8:36]-[#15:37](=[#8:38])(-[#8:39]-[#1])-[#8:40])>>[#6:7]-[#6:8](=[#8:9])-[#8:10]-[#1].([#15:11](=[#8:12])(-[#8:13])(-[#8:14])-[#8:39]-[#15:37](-[#8:36])(=[#8:38])-[#8:40].[#7:27]1(-[#6@@:28]):[#6:23]2:[#7:22]:[#6:21](:[#7:20]:[#6:19](-[#7:18]):[#6:24]:2:[#7:25]:[#6:26]:1-[#1:60])-[#1:59]),"EVODEX.2-P3275,EVODEX.2-P3284,EVODEX.2-P3285,EVODEX.2-P3282,EVODEX.2-P3290"
EVODEX.2-E60,[#6:2]-[#6:3](=[#8:4])-[#8:5]-[#1].([#7:20]-[#6:21]1:[#7:22]:[#6:23](:[#7:24]:[#6:25]2:[#6:26]:1:[#7:27]:[#6:28](:[#7:29]:2-[#6@@:30])-[#1:59])-[#1:58].[#8:38]-[#15:39](=[#8:40])(-[#8:41])-[#8:42]-[#15:43](=[#8:44])(-[#8:45])-[#8:46]).[#7:6](-[#6@@:7])(-[#1])-[#1]>>[#6:2]-[#6:3](=[#8:4])-[#7:6](-[#6@@:7])-[#1].[#8:42](-[#15:43](=[#8:44])(-[#8:45])-[#8:46])-[#1].([#8:5](-[#15:39](-[#8:38])(=[#8:40])-[#8:41])-[#1].[#7:29]1(-[#6@@:30]):[#6:25]2:[#7:24]:[#6:23](:[#7:22]:[#6:21](-[#7:20]):[#6:26]:2:[#7:27]:[#6:28]:1-[#1:59])-[#1:58]),"EVODEX.2-P6311,EVODEX.2-P6145,EVODEX.2-P6330,EVODEX.2-P6088,EVODEX.2-P6276"
EVODEX.2-E61,[#6:47](-[#6@@:45])(=[#8:48])-[#8:49]-[#1].[#7:57](-[#6@:56](-[#6@:51])(-[#6:58](=[#8:59])-[#8:60])-[#1:135])(-[#1])-[#1].([#7:61]-[#6:62]1:[#7:63]:[#6:64](:[#7:65]:[#6:66]2:[#6:67]:1:[#7:68]:[#6:69](:[#7:70]:2-[#6@@:71])-[#1:142])-[#1:141].[#8:79]-[#15:80](=[#8:81])(-[#8:82])-[#8:83]-[#15:84](=[#8:85])(-[#8:86])-[#8:87])>>[#6:47](-[#6@@:45])(=[#8:48])-[#7:57](-[#6@:56](-[#6@:51])(-[#6:58](=[#8:59])-[#8:60])-[#1:135])-[#1].([#8:49](-[#15:80](-[#8:79])(=[#8:81])-[#8:82])-[#1].[#7:70]1(-[#6@@:71]):[#6:66]2:[#7:65]:[#6:64](:[#7:63]:[#6:62](-[#7:61]):[#6:67]:2:[#7:68]:[#6:69]:1-[#1:142])-[#1:141]).[#8:83](-[#15:84](=[#8:85])(-[#8:86])-[#8:87])-[#1],"EVODEX.2-P6361,EVODEX.2-P6282,EVODEX.2-P6100,EVODEX.2-P6269,EVODEX.2-P6345"
EVODEX.2-E62,[#8:14](-[#6@@:13])-[#16:15](=[#8:16])(=[#8:17])-[#8:18].([#7:28]-[#6:29]1:[#7:30]:[#6:31](:[#7:32]:[#6:33]2:[#6:34]:1:[#7:35]:[#6:36](:[#7:37]:2-[#6@@:38])-[#1:92])-[#1:91].[#8:42]-[#15:43](=[#8:44])(-[#8:45]-[#1])-[#8:46])>>[#8:14](-[#6@@:13])-[#1].([#16:15](=[#8:16])(=[#8:17])(-[#8:18])-[#8:45]-[#15:43](-[#8:42])(=[#8:44])-[#8:46].[#7:37]1(-[#6@@:38]):[#6:33]2:[#7:32]:[#6:31](:[#7:30]:[#6:29](-[#7:28]):[#6:34]:2:[#7:35]:[#6:36]:1-[#1:92])-[#1:91]),"EVODEX.2-P3508,EVODEX.2-P3490,EVODEX.2-P3503,EVODEX.2-P3520,EVODEX.2-P3514"
EVODEX.2-E63,[#6:1]-[#6:2](=[#8:3])-[#8:4]-[#6:5].[#8:26](-[#1])-[#1]>>[#6:1]-[#6:2](=[#8:3])-[#8:26]-[#1].[#8:4](-[#6:5])-[#1],"EVODEX.2-P3681,EVODEX.2-P3736,EVODEX.2-P3634,EVODEX.2-P3717,EVODEX.2-P3833"
EVODEX.2-E64,[#6:1](-[#8:2]-[#1])(-[#1:13])(-[#1:14])-[#1:15].[#6:6]-[#6:7](=[#8:8])-[#8:9]-[#1]>>[#6:1](-[#8:9]-[#6:7](-[#6:6])=[#8:8])(-[#1:13])(-[#1:14])-[#1:15].[#8:2](-[#1])-[#1],"EVODEX.2-P3769,EVODEX.2-P3803,EVODEX.2-P3802,EVODEX.2-P3591,EVODEX.2-P3801"
EVODEX.2-E65,[#8:7](-[#6@:6](-[#6@@:5])(-[#6@:13])-[#1:31])-[#6@:8].[#8:25](-[#1])-[#1]>>[#8:25](-[#6@:6](-[#6@@:5])(-[#6@:13])-[#1:31])-[#1].[#8:7](-[#6@:8])-[#1],"EVODEX.2-P4258,EVODEX.2-P4109,EVODEX.2-P4124,EVODEX.2-P4257,EVODEX.2-P3840"
EVODEX.2-E66,[#7:6](-[#6@@:5])(-[#6:7](=[#8:8])-[#8:9])-[#1].[#8:20](-[#1])-[#1]>>[#6:7](=[#8:8])(-[#8:9])-[#8:20]-[#1].[#7:6](-[#6@@:5])(-[#1])-[#1],"EVODEX.2-P4690,EVODEX.2-P3874,EVODEX.2-P4501,EVODEX.2-P3871,EVODEX.2-P4587"
EVODEX.2-E67,[#8:1](-[#1])-[#1].[#8:15]-[#6@@:16](-[#8:17]-[#6:18])(-[#6@:54])-[#1:80]>>[#8:17](-[#6:18])-[#1].[#8:1](-[#6@@:16](-[#8:15])(-[#6@:54])-[#1:80])-[#1],"EVODEX.2-P4174,EVODEX.2-P4279,EVODEX.2-P4114,EVODEX.2-P4172,EVODEX.2-P4131"
EVODEX.2-E68,[#7:1](=[#6:2](-[#7:3])-[#7:4](-[#6:5])-[#1])-[#1].[#8:13](-[#1])-[#1]>>[#7:1](-[#6:2](-[#7:3])=[#8:13])(-[#1])-[#1].[#7:4](-[#6:5])(-[#1])-[#1],"EVODEX.2-P5283,EVODEX.2-P5272,EVODEX.2-P4374,EVODEX.2-P5275,EVODEX.2-P4493"
EVODEX.2-E69,[#6:2]-[#6:3](=[#8:4])-[#8:5]-[#1].[#7:6](-[#6:7])(-[#1])-[#1]>>[#6:2]-[#6:3](=[#8:4])-[#7:6](-[#6:7])-[#1].[#8:5](-[#1])-[#1],"EVODEX.2-P4955,EVODEX.2-P4937,EVODEX.2-P4645,EVODEX.2-P4903,EVODEX.2-P4863"
EVODEX.2-E70,[#6:2]-[#6:3](=[#8:4])-[#7:5](-[#8:6])-[#1].[#8:7](-[#1])-[#1]>>[#6:2]-[#6:3](=[#8:4])-[#8:7]-[#1].[#7:5](-[#8:6])(-[#1])-[#1],"EVODEX.2-P5001,EVODEX.2-P4964,EVODEX.2-P4885,EVODEX.2-P4981,EVODEX.2-P4881"
EVODEX.2-E71,[#7:1](-[#6:2](=[#8:3])-[#7:4](-[#6:5])-[#1])(-[#1])-[#1].[#8:10](-[#1])-[#1]>>[#6:2](=[#8:3])=[#8:10].[#7:4](-[#6:5])(-[#1])-[#1].[#7:1](-[#1])(-[#1])-[#1],"EVODEX.2-P5108,EVODEX.2-P5034,EVODEX.2-P5063,EVODEX.2-P5065,EVODEX.2-P5121"
EVODEX.2-E72,[#6:5]-[#6:6](=[#8:7])-[#1].[#8:8]=[#6:9]=[#8:10]>>[#6:5]-[#6:6](=[#8:7])-[#6:9](-[#8:8]-[#1])=[#8:10],"EVODEX.2-P5457,EVODEX.2-P5463,EVODEX.2-P5469,EVODEX.2-P5473,EVODEX.2-P5468"
EVODEX.2-E73,[#6:7]-[#6@:8](-[#7:9])(-[#6:10](=[#8:11])-[#8:12]-[#1])-[#1:26]>>[#6:10](=[#8:11])=[#8:12].[#6:7]-[#6:8](-[#7:9])(-[#1:26])-[#1],"EVODEX.2-P5477,EVODEX.2-P5485,EVODEX.2-P5495,EVODEX.2-P5480,EVODEX.2-P5481"
EVODEX.2-E74,[#6:7]-[#6:8](=[#8:9])-[#6:10].[#6:1](#[#7:2])-[#1]>>[#6:1](#[#7:2])-[#6@:8](-[#6:7])(-[#8:9]-[#1])-[#6:10],"EVODEX.2-P5540,EVODEX.2-P5536,EVODEX.2-P5539,EVODEX.2-P5528,EVODEX.2-P5508"
EVODEX.2-E75,[#6:5]-[#6@:6](-[#8:7]-[#1])(-[#6:8]#[#7:9])-[#6:10]>>[#6:5]-[#6:6](=[#8:7])-[#6:10].[#6:8](#[#7:9])-[#1],"EVODEX.2-P5510,EVODEX.2-P5618,EVODEX.2-P5629,EVODEX.2-P5542,EVODEX.2-P5543"
EVODEX.2-E76,[#8]=[#6](-[#6](-[#6@:4](-[#8:5]-[#1])(-[#6:6])-[#1:11])(-[#1])-[#1])-[#1]>>[#6:4](=[#8:5])(-[#6:6])-[#1:11],"EVODEX.2-P5592,EVODEX.2-P5596,EVODEX.2-P5594,EVODEX.2-P5589,EVODEX.2-P5590"
EVODEX.2-E77,[#6:1]-[#6:2](-[#6:3])=[#6:4](-[#6:5])-[#1:32].[#8:25](-[#1])-[#1]>>[#6:1]-[#6:2](-[#6:3])(-[#6:4](-[#6:5])(-[#1:32])-[#1])-[#8:25]-[#1],"EVODEX.2-P5674,EVODEX.2-P5679,EVODEX.2-P5747,EVODEX.2-P5676,EVODEX.2-P5677"
EVODEX.2-E78,[#6:21]-[#6@@:22](-[#8:23]-[#1])(-[#6:24](=[#8:25])-[#6@@:26])-[#1]>>[#6:21]-[#6:22](=[#8:23])-[#6@:24](-[#8:25]-[#1])(-[#6@@:26])-[#1],"EVODEX.2-P5858,EVODEX.2-P5859,EVODEX.2-P5854,EVODEX.2-P5842,EVODEX.2-P5841"
EVODEX.2-E79,[#6:19](-[#6@@:8])(-[#6@:17])=[#6:20](-[#6:21])-[#1:92].[#8:68]=[#8:69]>>[#6:21]-[#6@@:20]1(-[#6@@:19](-[#6@@:8])(-[#6@:17])-[#8:69]-1)-[#1:92].[#8:68](-[#1])-[#1],"EVODEX.2-P230,EVODEX.2-P614,EVODEX.2-P232,EVODEX.2-P235,EVODEX.2-P612"
EVODEX.2-E80,[#6:8]/[#6:9](=[#6:10](\[#6:11](-[#6:12])(-[#1:42])-[#1])-[#1:41])-[#1:40].[#8:21]=[#8:22]>>[#6:8]-[#6@@:9](/[#6:10](=[#6:11](/[#6:12])-[#1:42])-[#1:41])(-[#8:21]-[#8:22]-[#1])-[#1:40],"EVODEX.2-P267,EVODEX.2-P266,EVODEX.2-P260,EVODEX.2-P263,EVODEX.2-P258"
EVODEX.2-E81,[#6:1]-[#6:2](-[#7:3](-[#6:4])-[#1])(-[#1:19])-[#1].[#8:14]=[#8:15].[#8:13](-[#1])-[#1]>>[#6:1]-[#6:2](=[#8:13])-[#1:19].[#7:3](-[#6:4])(-[#1])-[#1].[#8:14](-[#8:15]-[#1])-[#1],"EVODEX.2-P1307,EVODEX.2-P1147,EVODEX.2-P1300,EVODEX.2-P1313,EVODEX.2-P1303"
EVODEX.2-E82,[#6:2]-[#6:3](-[#7:4](-[#1])-[#1])(-[#6:5])-[#1].[#8:10]=[#8:11].[#8:9](-[#1])-[#1]>>[#6:2]-[#6:3](-[#6:5])=[#8:9].[#7:4](-[#1])(-[#1])-[#1].[#8:10](-[#8:11]-[#1])-[#1],"EVODEX.2-P1044,EVODEX.2-P1035,EVODEX.2-P1039,EVODEX.2-P1027,EVODEX.2-P1109"
EVODEX.2-E83,[#7:14](-[#6:15])(-[#1])-[#1].[#7:1](=[#6:2](-[#7:3])-[#7:4](-[#6:5])-[#1])-[#1]>>[#7:4](-[#6:5])(-[#1])-[#1].[#7:1](=[#6:2](-[#7:3])-[#7:14](-[#6:15])-[#1])-[#1],"EVODEX.2-P1533,EVODEX.2-P1520,EVODEX.2-P1527,EVODEX.2-P1522,EVODEX.2-P1524"
EVODEX.2-E84,[#6:9]-[#7:10](-[#1])-[#1].[#6:71]-[#6:72](=[#8:73])-[#16:74]-[#6:75]>>[#6:9]-[#7:10](-[#6:72](-[#6:71])=[#8:73])-[#1].[#16:74](-[#6:75])-[#1],"EVODEX.2-P1908,EVODEX.2-P2061,EVODEX.2-P1612,EVODEX.2-P1806,EVODEX.2-P1814"
EVODEX.2-E85,[#6:1]-[#6:2](=[#8:3])-[#16:4]-[#6:5].[#8:52](-[#6:53])-[#1]>>[#6:1]-[#6:2](=[#8:3])-[#8:52]-[#6:53].[#16:4](-[#6:5])-[#1],"EVODEX.2-P1723,EVODEX.2-P1693,EVODEX.2-P1790,EVODEX.2-P1950,EVODEX.2-P1799"
EVODEX.2-E86,[#6:47]-[#16:48]-[#1].[#6:63]-[#6:64](=[#8:65])-[#8:66]-[#6:67]>>[#6:47]-[#16:48]-[#6:64](-[#6:63])=[#8:65].[#8:66](-[#6:67])-[#1],"EVODEX.2-P1900,EVODEX.2-P1674,EVODEX.2-P1691,EVODEX.2-P1584,EVODEX.2-P1668"
EVODEX.2-E87,[#7:7](-[#6@:6])(-[#6:8](=[#8:9])-[#6:10])-[#1].[#7:24](-[#6:25])(-[#1])-[#1]>>[#6:8](=[#8:9])(-[#6:10])-[#7:24](-[#6:25])-[#1].[#7:7](-[#6@:6])(-[#1])-[#1],"EVODEX.2-P4801,EVODEX.2-P4797,EVODEX.2-P4800,EVODEX.2-P4902,EVODEX.2-P4899"
EVODEX.2-E88,[#6:15]-[#6:16](=[#8:17])-[#16:18]-[#6:19].[#16:66](-[#6:67])-[#1]>>[#6:15]-[#6:16](=[#8:17])-[#16:66]-[#6:67].[#16:18](-[#6:19])-[#1],"EVODEX.2-P1793,EVODEX.2-P1795,EVODEX.2-P1725,EVODEX.2-P1913,EVODEX.2-P1728"
EVODEX.2-E89,[#6:4]-[#8:5]-[#1].[#6:6]-[#8:7]-[#6:8](=[#8:9])-[#6:10]>>[#6:4]-[#8:5]-[#6:8](=[#8:9])-[#6:10].[#6:6]-[#8:7]-[#1],"EVODEX.2-P1625,EVODEX.2-P1626,EVODEX.2-P1857,EVODEX.2-P1859,EVODEX.2-P1856"
EVODEX.2-E90,[#8:18]-[#6:19](-[#8:20]-[#6:21])(-[#6@@:32])-[#1:42].[#6:10]-[#8:11]-[#1]>>[#6:10]-[#8:11]-[#6:19](-[#8:18])(-[#6@@:32])-[#1:42].[#8:20](-[#6:21])-[#1],"EVODEX.2-P4208,EVODEX.2-P4277,EVODEX.2-P2427,EVODEX.2-P2438,EVODEX.2-P2429"
EVODEX.2-E91,[#6:1](-[#6:2](-[#6:3])(-[#6@:4])-[#1:20])(-[#1:17])(-[#1:18])-[#1:19].[#6:9]-[#6:10](-[#6:11])(-[#1:31])-[#1]>>[#6:2](-[#6:3])(-[#6@:4])(-[#1:20])-[#1].[#6:1](-[#6:10](-[#6:9])(-[#6:11])-[#1:31])(-[#1:17])(-[#1:18])-[#1:19],"EVODEX.2-P2992,EVODEX.2-P3000,EVODEX.2-P3003,EVODEX.2-P3009,EVODEX.2-P3014"
EVODEX.2-E92,[#8:14](-[#6@:13])-[#15:15](=[#8:16])(-[#8:17])-[#8:18].[#8:39](-[#1])-[#1]>>[#8:14](-[#6@:13])-[#1].[#15:15](=[#8:16])(-[#8:17])(-[#8:18])-[#8:39]-[#1],"EVODEX.2-P3970,EVODEX.2-P3898,EVODEX.2-P5376,EVODEX.2-P3863,EVODEX.2-P3920"
EVODEX.2-E93,[#6:1](=[#6:2](-[#8:3]-[#6:4](=[#8:5])-[#6:6])-[#1:13])(-[#1:11])-[#1:12].[#8:10](-[#1])-[#1]>>[#6:1](=[#6:2](-[#8:10]-[#1])-[#1:13])(-[#1:11])-[#1:12].[#8:3](-[#6:4](=[#8:5])-[#6:6])-[#1],"EVODEX.2-P3822,EVODEX.2-P3817,EVODEX.2-P3819,EVODEX.2-P3663,EVODEX.2-P3667"
EVODEX.2-E94,[#6:12]1-[#6:13]-[#6:14](-[#8:15]-[#6:16]-1=[#8:17])(-[#1:40])-[#1:41].[#8:18](-[#1])-[#1]>>[#6:12](-[#6:13]-[#6:14](-[#8:18]-[#1])(-[#1:40])-[#1:41])-[#6:16](-[#8:15]-[#1])=[#8:17],"EVODEX.2-P3703,EVODEX.2-P3694,EVODEX.2-P3696,EVODEX.2-P3692,EVODEX.2-P3702"
EVODEX.2-E95,[#6:17]-[#6:18](=[#8:19])-[#6:20](-[#8:21])(-[#6:22])-[#1:60].[#8:24](-[#1])-[#1]>>[#6:20](-[#8:21])(-[#6:22])(-[#1:60])-[#1].[#6:17]-[#6:18](=[#8:19])-[#8:24]-[#1],"EVODEX.2-P3850,EVODEX.2-P5068,EVODEX.2-P3796,EVODEX.2-P3748,EVODEX.2-P5071"
EVODEX.2-E96,[#6:1]-[#8:2]-[#6:3](=[#8:4])-[#6:5].[#7:13](-[#6:14])(-[#1])-[#1]>>[#6:3](=[#8:4])(-[#6:5])-[#7:13](-[#6:14])-[#1].[#6:1]-[#8:2]-[#1],"EVODEX.2-P4895,EVODEX.2-P4411,EVODEX.2-P3784,EVODEX.2-P4392,EVODEX.2-P4584"
EVODEX.2-E97,[#6:11]-[#8:12]-[#1].[#6:2]-[#7:3](-[#6:4](=[#8:5])-[#6:6])-[#1]>>[#6:4](=[#8:5])(-[#6:6])-[#8:12]-[#6:11].[#6:2]-[#7:3](-[#1])-[#1],"EVODEX.2-P3785,EVODEX.2-P4686,EVODEX.2-P4585,EVODEX.2-P4897,EVODEX.2-P4377"
EVODEX.2-E98,[#6:4]-[#6:5](-[#8:6]-[#6@:7](-[#8:8])(-[#6@:16])-[#1:30])(-[#1:28])-[#1:29].[#8:18](-[#1])-[#1]>>[#6:4]-[#6:5](-[#8:18]-[#1])(-[#1:28])-[#1:29].[#8:6](-[#6:7](-[#8:8])(-[#6@:16])-[#1:30])-[#1],"EVODEX.2-P4202,EVODEX.2-P4200,EVODEX.2-P4156,EVODEX.2-P4261,EVODEX.2-P4181"
EVODEX.2-E99,[#6:1]-[#6:2](=[#8:3])-[#7:4](-[#6:5])-[#6:6].[#8:7](-[#1])-[#1]>>[#6:1]-[#6:2](=[#8:3])-[#8:7]-[#1].[#7:4](-[#6:5])(-[#6:6])-[#1],"EVODEX.2-P4823,EVODEX.2-P4426,EVODEX.2-P4427,EVODEX.2-P4816,EVODEX.2-P4429"
EVODEX.2-E100,[#6:5]/[#6:6](=[#6:7](\[#6:8](/[#6:9](=[#6:10](\[#6:11])-[#1:42])-[#1:41])(-[#1:39])-[#1])-[#1:38])-[#1:37]>>[#6:5]-[#6:6](/[#6:7](=[#6:8](-[#6:9](=[#6:10](\[#6:11])-[#1:42])/[#1:41])\[#1:39])-[#1:38])(-[#1:37])-[#1],"EVODEX.2-P5711,EVODEX.2-P5860,EVODEX.2-P5710,EVODEX.2-P5845,EVODEX.2-P5861"
EVODEX.2-E101,[#7:2]-[#6:3](-[#6:4])(-[#6:11](=[#8:12])-[#8:13]-[#1])-[#1].[#8:14]=[#8:15]>>[#6:11](=[#8:12])=[#8:13].[#7:2]-[#6:3](-[#6:4])=[#8:14].[#8:15](-[#1])-[#1],"EVODEX.2-P278,EVODEX.2-P270,EVODEX.2-P299,EVODEX.2-P276,EVODEX.2-P283"
EVODEX.2-E102,[#6:1]-[#6:2](=[#8:3])-[#6:4](=[#8:5])-[#8:6].[#6:49]-[#16:50]-[#1]>>[#6:1]-[#6:2](=[#8:3])-[#16:50]-[#6:49].[#6:4](=[#8:5])(-[#8:6])-[#1],"EVODEX.2-P826,EVODEX.2-P857,EVODEX.2-P787,EVODEX.2-P770,EVODEX.2-P1902"
EVODEX.2-E103,[#6:1]-[#6:2](-[#6:3](-[#6:4](=[#8:5])-[#16:6])(-[#1:61])-[#1])(-[#1:59])-[#1].[#8:54]=[#8:55]>>[#6:1]/[#6:2](=[#6:3](/[#6:4](=[#8:5])-[#16:6])-[#1:61])-[#1:59].[#8:54](-[#8:55]-[#1])-[#1],"EVODEX.2-P904,EVODEX.2-P901,EVODEX.2-P903,EVODEX.2-P902,EVODEX.2-P905"
EVODEX.2-E104,[#8:18](-[#6@@:17])-[#1].[#8:21]=[#15:22](-[#8:23])(-[#8:24])-[#8:25]-[#6@:26]>>[#8:18](-[#6@@:17])-[#15:22](=[#8:21])(-[#8:23])-[#8:24].[#8:25](-[#6@:26])-[#1],"EVODEX.2-P3241,EVODEX.2-P3239,EVODEX.2-P3192,EVODEX.2-P4003,EVODEX.2-P3371"
EVODEX.2-E105,[#6:1]-[#6:2](=[#8:3])-[#8:4]-[#15:5](=[#8:6])(-[#8:7])-[#8:8].[#6:9]-[#6:10](=[#8:11])-[#8:12]-[#15:13](=[#8:14])(-[#8:15])-[#8:16].[#6:35]-[#8:36]-[#1]>>[#6:1]-[#6:2](=[#8:3])-[#8:4]-[#1].[#6:9]-[#6:10](=[#8:11])-[#8:12]-[#1].[#15:13](=[#8:14])(-[#8:15])(-[#8:16])-[#8:36]-[#6:35].[#15:5](=[#8:6])(-[#8:7])(-[#8:8])-[#8]-[#6],"EVODEX.2-P3218,EVODEX.2-P3212,EVODEX.2-P3220,EVODEX.2-P3222,EVODEX.2-P3214"
EVODEX.2-E106,[#6:3]-[#6:4](=[#8:5])-[#1:24].[#8:9]=[#6:10](-[#6:11](-[#8:12])(-[#1:26])-[#1])-[#6:13]>>[#6:3]-[#6:4](-[#8:5]-[#1])(-[#6:11](-[#6:10](=[#8:9])-[#6:13])(-[#8:12])-[#1:26])-[#1:24],"EVODEX.2-P5579,EVODEX.2-P5614,EVODEX.2-P5559,EVODEX.2-P5556,EVODEX.2-P5565"
EVODEX.2-E107,[#6:1]-[#6:2](=[#8:3])-[#16:4]-[#6:5].[#6:52]-[#7:53](-[#6:54])-[#1]>>[#6:1]-[#6:2](=[#8:3])-[#7:53](-[#6:52])-[#6:54].[#16:4](-[#6:5])-[#1],"EVODEX.2-P2027,EVODEX.2-P1910,EVODEX.2-P1904,EVODEX.2-P2025,EVODEX.2-P1906"
EVODEX.2-E108,[#6:9](-[#6@:8])(-[#8:10]-[#15:11](=[#8:12])(-[#8:13])-[#8:14])(-[#1:51])-[#1:52].[#8:44](-[#1])-[#1]>>[#6:9](-[#6@:8])(-[#8:44]-[#1])(-[#1:51])-[#1:52].[#8:10](-[#15:11](=[#8:12])(-[#8:13])-[#8:14])-[#1],"EVODEX.2-P5371,EVODEX.2-P3943,EVODEX.2-P3890,EVODEX.2-P3966,EVODEX.2-P4011"
EVODEX.2-E109,[#6:3]-[#6:4](-[#16:5]-[#6:6])(-[#1:27])-[#1:28].[#8:15]=[#6:16](-[#8:17]-[#1])-[#6:18]>>[#6:3]-[#6:4](-[#8:17]-[#6:16](=[#8:15])-[#6:18])(-[#1:27])-[#1:28].[#16:5](-[#6:6])-[#1],"EVODEX.2-P2654,EVODEX.2-P2636,EVODEX.2-P2643,EVODEX.2-P2645,EVODEX.2-P2548"
EVODEX.2-E110,[#6:1]-[#6:2](=[#8:3])-[#8:4]-[#6:5](-[#6:6])(-[#1:23])-[#1:24].[#16:12](-[#6:13])-[#1]>>[#6:5](-[#6:6])(-[#16:12]-[#6:13])(-[#1:23])-[#1:24].[#6:1]-[#6:2](=[#8:3])-[#8:4]-[#1],"EVODEX.2-P2651,EVODEX.2-P2663,EVODEX.2-P2642,EVODEX.2-P2641,EVODEX.2-P2648"
EVODEX.2-E111,[#7:9]-[#6:10](=[#7:11]-[#1])-[#7:12](-[#15:13](=[#8:14])(-[#8:15])-[#8:16])-[#1].([#7:17]-[#6:18]1:[#7:19]:[#6:20](:[#7:21]:[#6:22]2:[#6:23]:1:[#7:24]:[#6:25](:[#7:26]:2-[#6@@:27])-[#1:60])-[#1:59].[#8:35]-[#15:36](=[#8:37])(-[#8:38]-[#1])-[#8:39])>>[#7:9]-[#6:10](=[#7:11]-[#1])-[#7:12](-[#1])-[#1].([#15:13](=[#8:14])(-[#8:15])(-[#8:16])-[#8:38]-[#15:36](-[#8:35])(=[#8:37])-[#8:39].[#7:26]1(-[#6@@:27]):[#6:22]2:[#7:21]:[#6:20](:[#7:19]:[#6:18](-[#7:17]):[#6:23]:2:[#7:24]:[#6:25]:1-[#1:60])-[#1:59]),"EVODEX.2-P3316,EVODEX.2-P3332,EVODEX.2-P3335,EVODEX.2-P3324,EVODEX.2-P3328"
EVODEX.2-E112,[#6:15]-[#6:16](=[#8:17])-[#6:18](-[#8:19])(-[#6:20])-[#6:22].[#8:24](-[#1])-[#1]>>[#6:15]-[#6:16](=[#8:17])-[#8:24]-[#1].[#6:18](-[#8:19])(-[#6:20])(-[#6:22])-[#1],"EVODEX.2-P3712,EVODEX.2-P3792,EVODEX.2-P3687,EVODEX.2-P3690,EVODEX.2-P3745"
EVODEX.2-E113,[#7:17]-[#6@:18]1(-[#6:19]-[#6:20](-[#8:21]-[#6:22]-1=[#8:23])(-[#1:54])-[#1:55])-[#1:51].[#8:24](-[#1])-[#1]>>[#7:17]-[#6@@:18](-[#6:19]-[#6:20](-[#8:24]-[#1])(-[#1:54])-[#1:55])(-[#6:22](-[#8:21]-[#1])=[#8:23])-[#1:51],"EVODEX.2-P3856,EVODEX.2-P3854,EVODEX.2-P3857,EVODEX.2-P3699,EVODEX.2-P3859"
EVODEX.2-E114,[#6:25](-[#6@:24])(-[#8:26]-[#16:27](=[#8:28])(=[#8:29])-[#8:30])(-[#1:76])-[#1:77].[#8:37](-[#1])-[#1]>>[#6:25](-[#6@:24])(-[#8:37]-[#1])(-[#1:76])-[#1:77].[#8:26](-[#16:27](=[#8:28])(=[#8:29])-[#8:30])-[#1],"EVODEX.2-P4052,EVODEX.2-P4054,EVODEX.2-P4035,EVODEX.2-P4026,EVODEX.2-P4040"
EVODEX.2-E115,[#8:9](-[#6@@:8](-[#6@@:6])(-[#6@:25])-[#1:34])-[#6@:10](-[#8:11])(-[#6@:23])-[#1:35].[#8:1](-[#1])-[#1]>>[#8:1](-[#6@@:8](-[#6@@:6])(-[#6@:25])-[#1:34])-[#1].[#8:9](-[#6:10](-[#8:11])(-[#6@:23])-[#1:35])-[#1],"EVODEX.2-P4206,EVODEX.2-P4078,EVODEX.2-P4092,EVODEX.2-P4077,EVODEX.2-P4231"
EVODEX.2-E116,[#8:7]-[#6@@:8](-[#8:9]-[#6@:10](-[#8:11])(-[#6@:19])-[#1:34])(-[#6@:21])-[#1:33].[#8:28](-[#1])-[#1]>>[#8:7]-[#6@@:8](-[#8:28]-[#1])(-[#6@:21])-[#1:33].[#8:9](-[#6:10](-[#8:11])(-[#6@:19])-[#1:34])-[#1],"EVODEX.2-P4083,EVODEX.2-P4088,EVODEX.2-P4081,EVODEX.2-P4224,EVODEX.2-P4082"
EVODEX.2-E117,[#7:77]-[#6@@:78](-[#6:79])(-[#6:84](=[#8:85])-[#7:86](-[#6@@:87])-[#1])-[#1:296].[#8:221](-[#1])-[#1]>>[#7:77]-[#6:78](-[#6:79])(-[#6:84](=[#8:85])-[#8:221]-[#1])-[#1:296].[#7:86](-[#6@@:87])(-[#1])-[#1],"EVODEX.2-P4376,EVODEX.2-P4772,EVODEX.2-P4678,EVODEX.2-P4495,EVODEX.2-P4680"
EVODEX.2-E118,[#6:5]1-[#7:6]-[#6:7](=[#8:8])-[#7:9](-[#6:10]-1=[#8:11])-[#1].[#8:12](-[#1])-[#1]>>[#6:5](-[#7:6]-[#6:7](=[#8:8])-[#7:9](-[#1])-[#1])-[#6:10](=[#8:11])-[#8:12]-[#1],"EVODEX.2-P5202,EVODEX.2-P5200,EVODEX.2-P5205,EVODEX.2-P5190,EVODEX.2-P5195"
EVODEX.2-E119,[#6:5](-[#7:6]-[#6:7](-[#7:8](-[#1])-[#1])=[#8:9])-[#6:10](=[#8:11])-[#8:12]-[#1]>>[#6:5]1-[#7:6]-[#6:7](=[#8:9])-[#7:8](-[#6:10]-1=[#8:11])-[#1].[#8:12](-[#1])-[#1],"EVODEX.2-P5196,EVODEX.2-P5208,EVODEX.2-P5193,EVODEX.2-P5203,EVODEX.2-P5206"
EVODEX.2-E120,[#6:5]-[#6:6](=[#8:7])-[#6:8](-[#6:9](=[#8:10])-[#6:11])(-[#1:28])-[#1:29].[#8:16](-[#1])-[#1]>>[#6:5]-[#6:6](=[#8:7])-[#8:16]-[#1].[#6:8](-[#6:9](=[#8:10])-[#6:11])(-[#1:28])(-[#1:29])-[#1],"EVODEX.2-P5400,EVODEX.2-P5418,EVODEX.2-P5412,EVODEX.2-P5424,EVODEX.2-P5414"
EVODEX.2-E121,[#6:3]-[#6@@:4](-[#8:5]-[#1])(-[#6@@:6](-[#8:7])(-[#6:8](=[#8:9])-[#6:10])-[#1:23])-[#1:21]>>[#6:6](-[#8:7])(-[#6:8](=[#8:9])-[#6:10])(-[#1:23])-[#1].[#6:3]-[#6:4](=[#8:5])-[#1:21],"EVODEX.2-P5566,EVODEX.2-P5562,EVODEX.2-P5548,EVODEX.2-P5563,EVODEX.2-P5555"
EVODEX.2-E122,[#7:1]-[#6@:2](-[#6:3](=[#8:4])-[#8:5])(-[#6@:6](-[#8:7]-[#1])(-[#6:8])-[#1:24])-[#1:22]>>[#6:6](=[#8:7])(-[#6:8])-[#1:24].[#7:1]-[#6:2](-[#6:3](=[#8:4])-[#8:5])(-[#1:22])-[#1],"EVODEX.2-P5603,EVODEX.2-P5601,EVODEX.2-P5597,EVODEX.2-P5608,EVODEX.2-P5612"
EVODEX.2-E123,[#7:1]-[#6:2](-[#6:3](=[#8:4])-[#8:5])(-[#1:22])-[#1].[#8:6]=[#6:7](-[#6:8])-[#1:25]>>[#7:1]-[#6@:2](-[#6:3](=[#8:4])-[#8:5])(-[#6@:7](-[#8:6]-[#1])(-[#6:8])-[#1:25])-[#1:22],"EVODEX.2-P5609,EVODEX.2-P5640,EVODEX.2-P5600,EVODEX.2-P5605,EVODEX.2-P5636"
EVODEX.2-E124,[#6:1](-[#6:2](=[#8:3])-[#16:4])(-[#1:104])(-[#1:105])-[#1].[#6:53]-[#6:54](=[#8:55])-[#16:56]-[#6:57]>>[#6:1](-[#6:2](=[#8:3])-[#16:4])(-[#6:54](-[#6:53])=[#8:55])(-[#1:104])-[#1:105].[#16:56](-[#6:57])-[#1],"EVODEX.2-P1702,EVODEX.2-P2040,EVODEX.2-P2044,EVODEX.2-P1706,EVODEX.2-P1696"
EVODEX.2-E125,[#6:47]-[#16:48]-[#1].[#6:50]-[#6:51](=[#8:52])-[#6:53](-[#6:54](=[#8:55])-[#16:56])(-[#1:145])-[#1:146]>>[#6:47]-[#16:48]-[#6:51](-[#6:50])=[#8:52].[#6:53](-[#6:54](=[#8:55])-[#16:56])(-[#1:145])(-[#1:146])-[#1],"EVODEX.2-P2031,EVODEX.2-P2046,EVODEX.2-P2034,EVODEX.2-P1699,EVODEX.2-P2039"
EVODEX.2-E126,[#6:5]/[#6:6](=[#6:7](\[#6:8](/[#6:9](=[#6:10](\[#6:11])-[#1:50])-[#1:49])(-[#1:47])-[#1])-[#1:46])-[#1:45].[#8:32]=[#8:33]>>[#6:5]/[#6:6](=[#6:7](-[#6:8](=[#6:9](/[#6:10](-[#6:11])(-[#8:32]-[#8:33]-[#1])-[#1:50])-[#1:49])\[#1:47])/[#1:46])-[#1:45],"EVODEX.2-P257,EVODEX.2-P246,EVODEX.2-P256,EVODEX.2-P243,EVODEX.2-P254"
EVODEX.2-E127,([#7:33]-[#6:34]1:[#7:35]:[#6:36](:[#7:37]:[#6:38]2:[#6:39]:1:[#7:40]:[#6:41](:[#7:42]:2-[#6@@:43])-[#1:67])-[#1:66].[#8:55]-[#15:56](=[#8:57])(-[#8:58]-[#1])-[#8:59]).[#8:14]-[#15:15](=[#8:16])(-[#8:17])-[#8:18]-[#15:19](=[#8:20])(-[#8:21])-[#8:22]>>([#8:14]-[#15:15](=[#8:16])(-[#8:17])-[#8:58]-[#15:56](-[#8:55])(=[#8:57])-[#8:59].[#7:42]1(-[#6@@:43]):[#6:38]2:[#7:37]:[#6:36](:[#7:35]:[#6:34](-[#7:33]):[#6:39]:2:[#7:40]:[#6:41]:1-[#1:67])-[#1:66]).[#8:18](-[#15:19](=[#8:20])(-[#8:21])-[#8:22])-[#1],"EVODEX.2-P3343,EVODEX.2-P3360,EVODEX.2-P3358,EVODEX.2-P1355,EVODEX.2-P3351"
EVODEX.2-E128,([#7:29]-[#6:30]1:[#7:31]:[#6:32](:[#7:33]:[#6:34]2:[#6:35]:1:[#7:36]:[#6:37](:[#7:38]:2-[#6@:39]-[#6:40]-[#6@:41](-[#8:42])(-[#6@@:43])-[#1:62])-[#1:58])-[#1:57].[#8:49]-[#15:50](=[#8:51])(-[#8:52]-[#1])-[#8:53]).[#8:14]-[#15:15](=[#8:16])(-[#8:17])-[#8:18]-[#15:19](=[#8:20])(-[#8:21])-[#8:22]>>[#8:14]-[#15:15](=[#8:16])(-[#8:17])-[#8:18]-[#1].([#15:19](=[#8:20])(-[#8:21])(-[#8:22])-[#8:52]-[#15:50](-[#8:49])(=[#8:51])-[#8:53].[#8:42]-[#6@:41](-[#6@@:43])(-[#6:40]-[#6@:39]-[#7:38]1:[#6:34]2:[#7:33]:[#6:32](:[#7:31]:[#6:30](-[#7:29]):[#6:35]:2:[#7:36]:[#6:37]:1-[#1:58])-[#1:57])-[#1:62]),"EVODEX.2-P3367,EVODEX.2-P3341,EVODEX.2-P3362,EVODEX.2-P3339,EVODEX.2-P3366"
EVODEX.2-E129,[#7:1](-[#1])(-[#1])-[#1].[#8:2]=[#6:3](-[#8:4])-[#6:5](=[#8:6])-[#6:7].[#8:9](-[#8:10]-[#1])-[#1]>>[#7:1](-[#6@@:5](-[#6:3](=[#8:2])-[#8:4])(-[#6:7])-[#1])(-[#1])-[#1].[#8:9]=[#8:10].[#8:6](-[#1])-[#1],"EVODEX.2-P1085,EVODEX.2-P1079,EVODEX.2-P1093,EVODEX.2-P1088,EVODEX.2-P995"
EVODEX.2-E130,[#6:1]-[#6:2](=[#8:3])-[#6:4](=[#8:5])-[#8:6]-[#1].[#8:7]=[#6:8](-[#6:9])-[#1:20]>>[#6:4](=[#8:5])=[#8:6].[#6:1]-[#6:2](=[#8:3])-[#6:8](-[#8:7]-[#1])(-[#6:9])-[#1:20],"EVODEX.2-P1545,EVODEX.2-P1559,EVODEX.2-P1548,EVODEX.2-P1567,EVODEX.2-P1562"
EVODEX.2-E131,[#6:4]-[#6:5](=[#8:6])-[#16:7]-[#6:8].[#6:59]-[#6:60](-[#8:61])(-[#6:62])-[#1]>>[#6:4]-[#6:5](=[#8:6])-[#6:60](-[#6:59])(-[#8:61])-[#6:62].[#16:7](-[#6:8])-[#1],"EVODEX.2-P1660,EVODEX.2-P1629,EVODEX.2-P1669,EVODEX.2-P1672,EVODEX.2-P1929"
EVODEX.2-E132,[#6:47]-[#16:48]-[#1].[#6:52]-[#6:53](=[#8:54])-[#6:55](-[#8:56])(-[#6:57])-[#6:61]>>[#6:47]-[#16:48]-[#6:53](-[#6:52])=[#8:54].[#6:55](-[#8:56])(-[#6:57])(-[#6:61])-[#1],"EVODEX.2-P1645,EVODEX.2-P1939,EVODEX.2-P1649,EVODEX.2-P1933,EVODEX.2-P1654"
EVODEX.2-E133,[#6:4]-[#6:5](=[#8:6])-[#16:7]-[#6:8].[#6:59]-[#6:60](-[#8:61]-[#1])(-[#6:62])-[#1:121]>>[#6:4]-[#6:5](=[#8:6])-[#8:61]-[#6@@:60](-[#6:59])(-[#6:62])-[#1:121].[#16:7](-[#6:8])-[#1],"EVODEX.2-P1798,EVODEX.2-P1640,EVODEX.2-P1943,EVODEX.2-P1774,EVODEX.2-P1898"
EVODEX.2-E134,[#8:17]-[#15:18](=[#8:19])(-[#8:20])-[#8:21]-[#6:22](-[#8:23])(-[#6@@:31])-[#1:50].[#8:40](-[#1])-[#1]>>[#8:40](-[#6@@:22](-[#8:23])(-[#6@@:31])-[#1:50])-[#1].[#8:17]-[#15:18](=[#8:19])(-[#8:20])-[#8:21]-[#1],"EVODEX.2-P4009,EVODEX.2-P2366,EVODEX.2-P3915,EVODEX.2-P3911,EVODEX.2-P3971"
EVODEX.2-E135,[#6:1]-[#6@:2](-[#7:3](-[#1])-[#1])(-[#6:4](=[#8:5])-[#8:6])-[#1].[#8:7]=[#6:8](-[#6:9])-[#1:21]>>[#6:1]-[#6:2](-[#6:4](=[#8:5])-[#8:6])=[#8:7].[#7:3](-[#6:8](-[#6:9])(-[#1:21])-[#1])(-[#1])-[#1],"EVODEX.2-P2825,EVODEX.2-P2847,EVODEX.2-P2924,EVODEX.2-P3054,EVODEX.2-P2944"
EVODEX.2-E136,[#6:20](-[#6@:19])(-[#7:21](-[#1])-[#1])(-[#1:69])-[#1].[#6:47]-[#6:48](=[#8:49])-[#6:50](=[#8:51])-[#8:52]>>[#6:20](-[#6@:19])(=[#8:49])-[#1:69].[#7:21](-[#6:48](-[#6:47])(-[#6:50](=[#8:51])-[#8:52])-[#1])(-[#1])-[#1],"EVODEX.2-P2834,EVODEX.2-P2858,EVODEX.2-P2968,EVODEX.2-P3102,EVODEX.2-P2914"
EVODEX.2-E137,[#8:18]-[#15:19](=[#8:20])(-[#8:21])-[#8:22]-[#15:23](=[#8:24])(-[#8:25])-[#8:26].([#7:38]-[#6:39]1:[#7:40]:[#6:41](:[#7:42]:[#6:43]2:[#6:44]:1:[#7:45]:[#6:46](:[#7:47]:2-[#6@@:48])-[#1:78])-[#1:77].[#6:51]-[#8:52]-[#1])>>[#8:18]-[#15:19](=[#8:20])(-[#8:21])-[#8:22]-[#1].([#15:23](=[#8:24])(-[#8:25])(-[#8:26])-[#8:52]-[#6:51].[#7:47]1(-[#6@@:48]):[#6:43]2:[#7:42]:[#6:41](:[#7:40]:[#6:39](-[#7:38]):[#6:44]:2:[#7:45]:[#6:46]:1-[#1:78])-[#1:77]),"EVODEX.2-P3166,EVODEX.2-P3137,EVODEX.2-P3270,EVODEX.2-P3165,EVODEX.2-P3167"
EVODEX.2-E138,[#8:7]-[#15:8](=[#8:9])(-[#8:10])-[#8:11]-[#15:12](=[#8:13])(-[#8:14])-[#8:15].([#8:74]=[#6:75]1:[#6:76](:[#6:77](:[#7:78](-[#6@@:79]):[#6:92](=[#8:93]):[#7:94]:1-[#1])-[#1:193])-[#1:192].[#8:83]-[#15:84](=[#8:85])(-[#8:86]-[#1])-[#8:87])>>([#8:7]-[#15:8](=[#8:9])(-[#8:10])-[#8:86]-[#15:84](-[#8:83])(=[#8:85])-[#8:87].[#7:78]1(-[#6@@:79]):[#6:77](:[#6:76](:[#6:75](=[#8:74]):[#7:94](:[#6:92]:1=[#8:93])-[#1])-[#1:192])-[#1:193]).[#8:11](-[#15:12](=[#8:13])(-[#8:14])-[#8:15])-[#1],"EVODEX.2-P3363,EVODEX.2-P3473,EVODEX.2-P3344,EVODEX.2-P3470,EVODEX.2-P3361"
EVODEX.2-E139,[#6:6]-[#6@:7](-[#8:8]-[#15:9](=[#8:10])(-[#8:11])-[#8:12])(-[#6@@:23])-[#1:40].[#8:32](-[#1])-[#1]>>[#6:6]-[#6@:7](-[#8:32]-[#1])(-[#6@@:23])-[#1:40].[#8:8](-[#15:9](=[#8:10])(-[#8:11])-[#8:12])-[#1],"EVODEX.2-P3918,EVODEX.2-P3878,EVODEX.2-P3891,EVODEX.2-P3949,EVODEX.2-P3953"
EVODEX.2-E140,[#6:4]-[#6:6](=[#8:7])-[#16:8]-[#6:9].[#6:58]-[#6:59](=[#8:60])-[#8:61]-[#1]>>[#6:4]-[#6:6](=[#8:7])-[#8:61]-[#1].[#16:8](-[#6:9])-[#6:59](-[#6:58])=[#8:60],"EVODEX.2-P3588,EVODEX.2-P3570,EVODEX.2-P3542,EVODEX.2-P3547,EVODEX.2-P3569"
EVODEX.2-E141,[#8:1](-[#1])-[#1].[#8:5]-[#6@:6](-[#8:7]-[#6:8])(-[#6@:129]-[#6@@:131](-[#8:132])(-[#6@@:133])-[#1:255])-[#1:141]>>[#8:1](-[#6@@:6](-[#8:5])(-[#6@:129]-[#6@:131](-[#6@@:133])(-[#8:132])-[#1:255])-[#1:141])-[#1].[#8:7](-[#6:8])-[#1],"EVODEX.2-P3678,EVODEX.2-P4071,EVODEX.2-P4161,EVODEX.2-P4121,EVODEX.2-P4098"
EVODEX.2-E142,[#6:3]-[#6:4](=[#8:5])-[#8:6]-[#15:7](=[#8:8])(-[#8:9])-[#8:10].[#8:14](-[#1])-[#1]>>[#6:3]-[#6:4](=[#8:5])-[#8:14]-[#1].[#8:6](-[#15:7](=[#8:8])(-[#8:9])-[#8:10])-[#1],"EVODEX.2-P5345,EVODEX.2-P5372,EVODEX.2-P5346,EVODEX.2-P5374,EVODEX.2-P3899"
EVODEX.2-E143,[#8:43](-[#6@:42](-[#6@:40])(-[#6@@:48])-[#1:268])-[#16:44](=[#8:45])(=[#8:46])-[#8:47].[#8:234](-[#1])-[#1]>>[#8:234](-[#6@:42](-[#6@:40])(-[#6@@:48])-[#1:268])-[#1].[#8:43](-[#16:44](=[#8:45])(=[#8:46])-[#8:47])-[#1],"EVODEX.2-P4032,EVODEX.2-P3959,EVODEX.2-P4038,EVODEX.2-P4015,EVODEX.2-P4013"
EVODEX.2-E144,[#8:6]/[#7:7]=[#6:8](/[#6:9])-[#16:17]-[#6@:18](-[#8:19])(-[#6@:27])-[#1:37].[#8:1](-[#1])-[#1]>>[#8:6]/[#7:7]=[#6:8](/[#6:9])-[#16:17]-[#1].[#8:1](-[#6@:18](-[#8:19])(-[#6@:27])-[#1:37])-[#1],"EVODEX.2-P4142,EVODEX.2-P4144,EVODEX.2-P4137,EVODEX.2-P4148,EVODEX.2-P4138"
EVODEX.2-E145,[#6:4]-[#6:5](-[#7:6](-[#6:7](=[#8:8])-[#1:45])-[#1])(-[#6:9](=[#8:10])-[#7:11])-[#1:43].[#8:35](-[#1])-[#1]>>[#6:4]-[#6@:5](-[#7:6](-[#1])-[#1])(-[#6:9](=[#8:10])-[#7:11])-[#1:43].[#6:7](=[#8:8])(-[#8:35]-[#1])-[#1:45],"EVODEX.2-P5157,EVODEX.2-P5160,EVODEX.2-P5169,EVODEX.2-P5156,EVODEX.2-P5158"
EVODEX.2-E146,[#6:2]-[#6:4](-[#8:5]-[#1])(-[#6:6](-[#6:7](=[#8:8])-[#6:9](=[#8:10])-[#8:11])(-[#1:21])-[#1:22])-[#1:19]>>[#6:2]-[#6:4](=[#8:5])-[#1:19].[#6:6](-[#6:7](=[#8:8])-[#6:9](=[#8:10])-[#8:11])(-[#1:21])(-[#1:22])-[#1],"EVODEX.2-P5645,EVODEX.2-P5551,EVODEX.2-P5650,EVODEX.2-P5664,EVODEX.2-P5660"
EVODEX.2-E147,[#6:1](-[#6:2](=[#8:3])-[#6:4](=[#8:5])-[#8:6])(-[#1:12])(-[#1:13])-[#1].[#6:8]-[#6:10](=[#8:11])-[#1:23]>>[#6:1](-[#6:2](=[#8:3])-[#6:4](=[#8:5])-[#8:6])(-[#6:10](-[#6:8])(-[#8:11]-[#1])-[#1:23])(-[#1:12])-[#1:13],"EVODEX.2-P5661,EVODEX.2-P5553,EVODEX.2-P5580,EVODEX.2-P5662,EVODEX.2-P5646"
EVODEX.2-E148,[#7:1]-[#6@@:2](-[#6:3](-[#16:4](=[#8:5])-[#6:6])(-[#1:20])-[#1:21])(-[#6:14](=[#8:15])-[#8:16])-[#1]>>[#7:1]-[#6:2](=[#6:3](-[#1:20])-[#1:21])-[#6:14](=[#8:15])-[#8:16].[#16:4](-[#8:5]-[#1])-[#6:6],"EVODEX.2-P5810,EVODEX.2-P5806,EVODEX.2-P5804,EVODEX.2-P5807,EVODEX.2-P5803"
EVODEX.2-E149,[#7:26](-[#6:27](=[#8:28])-[#6:29])(-[#1])-[#1].[#8:36]=[#15:37](-[#8:38]-[#1])(-[#8:39])-[#8:40]>>[#8]-[#15](=[#8])(-[#8])-[#8:38]-[#15:37](=[#8:36])(-[#8:39])-[#8:40].[#7:26](-[#1])(-[#1])-[#1].[#8](-[#6:27](=[#8:28])-[#6:29])-[#1],"EVODEX.2-P6070,EVODEX.2-P6071,EVODEX.2-P6075,EVODEX.2-P6076,EVODEX.2-P6061"
EVODEX.2-E150,[#7:1]-[#6:2](=[#8:3])-[#8:4]-[#15:5](=[#8:6])(-[#8:7])-[#8:8].[#7:9](-[#6:10])(-[#1])-[#1]>>[#7:1]-[#6:2](=[#8:3])-[#7:9](-[#6:10])-[#1].[#8:4](-[#15:5](=[#8:6])(-[#8:7])-[#8:8])-[#1],"EVODEX.2-P1507,EVODEX.2-P1504,EVODEX.2-P1498,EVODEX.2-P1518,EVODEX.2-P1512"
EVODEX.2-E151,[#6:15]-[#6:16](=[#8:17])-[#16:18]-[#6:19].[#8:85]-[#6@:86](-[#6:87]-[#8:88]-[#1])(-[#6:89])-[#1:202]>>[#6:15]-[#6:16](=[#8:17])-[#8:88]-[#6:87]-[#6@@:86](-[#8:85])(-[#6:89])-[#1:202].[#16:18](-[#6:19])-[#1],"EVODEX.2-P1914,EVODEX.2-P1603,EVODEX.2-P1767,EVODEX.2-P1915,EVODEX.2-P1918"
EVODEX.2-E152,[#8:33]-[#15:34](=[#8:35])(-[#8:36])-[#8]-[#15](=[#8])(-[#8])-[#8].[#8:42](-[#1])-[#1]>>[#8:33]-[#15:34](=[#8:35])(-[#8:36])-[#8:42]-[#1],"EVODEX.2-P5337,EVODEX.2-P5367,EVODEX.2-P5340,EVODEX.2-P5339,EVODEX.2-P5343"
EVODEX.2-E153,[#6:1]-[#6:2](=[#8:3])-[#16:4]-[#6:5].[#8:48]=[#15:49](-[#8:50]-[#1])(-[#8:51])-[#8:52]>>[#6:1]-[#6:2](=[#8:3])-[#8:50]-[#15:49](=[#8:48])(-[#8:51])-[#8:52].[#16:4](-[#6:5])-[#1],"EVODEX.2-P1748,EVODEX.2-P1750,EVODEX.2-P2019,EVODEX.2-P1756,EVODEX.2-P1744"
EVODEX.2-E154,[#6:6](-[#6@@:5])(=[#8:7])-[#6@:8].[#7:41](-[#6@@:42](-[#6:43])(-[#6:48](=[#8:49])-[#8:50])-[#1])(-[#1])-[#1]>>[#7:41](-[#6@:6](-[#6@@:5])(-[#6@:8])-[#1])(-[#1])-[#1].[#8:7]=[#6:42](-[#6:43])-[#6:48](=[#8:49])-[#8:50],"EVODEX.2-P3107,EVODEX.2-P3106,EVODEX.2-P2938,EVODEX.2-P2937,EVODEX.2-P2829"
EVODEX.2-E155,[#7:40](-[#6@:39](-[#6@:5])(-[#6@@:37])-[#1])(-[#1])-[#1].[#6:45]-[#6:46](=[#8:47])-[#6:48](=[#8:49])-[#8:50]>>[#6:39](-[#6@:5])(-[#6@@:37])=[#8:47].[#7:40](-[#6@@:46](-[#6:45])(-[#6:48](=[#8:49])-[#8:50])-[#1])(-[#1])-[#1],"EVODEX.2-P3112,EVODEX.2-P2886,EVODEX.2-P2883,EVODEX.2-P3066,EVODEX.2-P3092"
EVODEX.2-E156,[#7:5]-[#6:6](=[#8:7])-[#6@@:8](-[#7:9](-[#1])-[#1])(-[#6:10]-[#6:11]-[#6:12](-[#7:13](-[#1])-[#1])=[#8:14])-[#1:32]>>[#7:5]-[#6:6](=[#8:7])-[#6@:8]1(-[#7:9](-[#6:12](=[#8:14])-[#6:11]-[#6:10]-1)-[#1])-[#1:32].[#7:13](-[#1])(-[#1])-[#1],"EVODEX.2-P2095,EVODEX.2-P2086,EVODEX.2-P2092,EVODEX.2-P2096,EVODEX.2-P2098"
EVODEX.2-E157,[#6:3]-[#8:4]-[#6@@:5](-[#8:6])(-[#6@:14])-[#1:29].[#8:22]=[#15:23](-[#8:24]-[#1])(-[#8:25])-[#8:26]>>[#8:24](-[#6@@:5](-[#8:6])(-[#6@:14])-[#1:29])-[#15:23](=[#8:22])(-[#8:25])-[#8:26].[#6:3]-[#8:4]-[#1],"EVODEX.2-P2223,EVODEX.2-P2395,EVODEX.2-P2354,EVODEX.2-P2356,EVODEX.2-P2340"
EVODEX.2-E158,[#8:32](-[#6@:31])-[#1].[#8:56]-[#15:57](=[#8:58])(-[#8:59])-[#8:60]-[#6@@:61](-[#8:62])(-[#6@:68])-[#1:115]>>[#8:32](-[#6@:31])-[#6@:61](-[#8:62])(-[#6@:68])-[#1:115].[#8:56]-[#15:57](=[#8:58])(-[#8:59])-[#8:60]-[#1],"EVODEX.2-P2416,EVODEX.2-P2343,EVODEX.2-P2310,EVODEX.2-P2396,EVODEX.2-P2252"
EVODEX.2-E159,[#6:6]-[#8:7]-[#1].[#8:49]-[#6@@:50](-[#6:51])(-[#8:53]-[#6@@:54](-[#8:55])(-[#6@:63])-[#1:118])-[#6@@:65]>>[#6:6]-[#8:7]-[#6@@:50](-[#6:51])(-[#8:49])-[#6@@:65].[#8:53](-[#6:54](-[#8:55])(-[#6@:63])-[#1:118])-[#1],"EVODEX.2-P2229,EVODEX.2-P2278,EVODEX.2-P2236,EVODEX.2-P2232,EVODEX.2-P2273"
EVODEX.2-E160,[#8:45](-[#6@@:44])-[#1].[#8:49]-[#6@:50](-[#8:51]-[#6@:52])(-[#6@:85]-[#6@@:87](-[#8:88])(-[#6@@:89])-[#1:171])-[#1:137]>>[#8:45](-[#6@@:44])-[#6@@:50](-[#8:49])(-[#6@:85]-[#6@:87](-[#6@@:89])(-[#8:88])-[#1:171])-[#1:137].[#8:51](-[#6@:52])-[#1],"EVODEX.2-P4223,EVODEX.2-P4211,EVODEX.2-P4220,EVODEX.2-P4221,EVODEX.2-P4233"
EVODEX.2-E161,[#8:16]-[#6@@:17](-[#6:18])(-[#8:20]-[#6@@:21](-[#8:22])(-[#6@:30])-[#1:43])-[#6@@:32].[#8:8](-[#6@:7])-[#1]>>[#8:16]-[#6:17](-[#6:18])(-[#8:20]-[#1])-[#6@@:32].[#8:8](-[#6@:7])-[#6@@:21](-[#8:22])(-[#6@:30])-[#1:43],"EVODEX.2-P2424,EVODEX.2-P2447,EVODEX.2-P2422,EVODEX.2-P2445,EVODEX.2-P2446"
EVODEX.2-E162,[#6:11]/[#6:12](-[#6:13])=[#6:14](/[#6:15](-[#8:16]-[#15:17](=[#8:18])(-[#8:19])-[#8:20])(-[#1:80])-[#1:81])-[#1:79].([#6:28]-[#6@:29](-[#7:30])(-[#6:49](=[#8:50])-[#7:51])-[#1:94].[#6:47]-[#16:48]-[#1])>>([#6:11]/[#6:12](-[#6:13])=[#6:14](/[#6:15](-[#16:48]-[#6:47])(-[#1:80])-[#1:81])-[#1:79].[#7:30]-[#6@@:29](-[#6:28])(-[#6:49](=[#8:50])-[#7:51])-[#1:94]).[#8:16](-[#15:17](=[#8:18])(-[#8:19])-[#8:20])-[#1],"EVODEX.2-P2701,EVODEX.2-P2708,EVODEX.2-P2703,EVODEX.2-P2704,EVODEX.2-P2709"
EVODEX.2-E163,[#6:16]/[#6:17](-[#6:18])=[#6:19](/[#6:20](-[#8:21]-[#15:22](=[#8:23])(-[#8:24])-[#8:25])(-[#1:89])-[#1:90])-[#1:88].([#6:33]-[#6@:34](-[#7:35]-[#6:36](=[#8:37])-[#6@@:38](-[#7:39])(-[#6:46])-[#1:105])(-[#6:49](=[#8:50])-[#7:51])-[#1:103].[#6:44]-[#16:45]-[#1])>>([#6:16]/[#6:17](-[#6:18])=[#6:19](/[#6:20](-[#16:45]-[#6:44])(-[#1:89])-[#1:90])-[#1:88].[#7:39]-[#6@:38](-[#6:36](-[#7:35]-[#6@@:34](-[#6:33])(-[#6:49](=[#8:50])-[#7:51])-[#1:103])=[#8:37])(-[#6:46])-[#1:105]).[#8:21](-[#15:22](=[#8:23])(-[#8:24])-[#8:25])-[#1],"EVODEX.2-P2715,EVODEX.2-P2718,EVODEX.2-P2720,EVODEX.2-P2723,EVODEX.2-P2724"
EVODEX.2-E164,[#6:16]/[#6:17](-[#6:18])=[#6:19](/[#6:20](-[#8:21]-[#15:22](=[#8:23])(-[#8:24])-[#8:25])(-[#1:113])-[#1:114])-[#1:112].([#6:33]-[#6@:34](-[#7:35])(-[#6:79](=[#8:80])-[#8:81])-[#1:127].[#7:43]-[#6:44](=[#8:45])-[#6@@:46](-[#7:47]-[#6:48](=[#8:49])-[#6@:50](-[#6:51]-[#16:52]-[#1])(-[#7:53])-[#1:142])(-[#6:76])-[#1:140])>>([#6:16]/[#6:17](-[#6:18])=[#6:19](/[#6:20](-[#16:52]-[#6:51]-[#6@@:50](-[#6:48](-[#7:47]-[#6@:46](-[#6:44](-[#7:43])=[#8:45])(-[#6:76])-[#1:140])=[#8:49])(-[#7:53])-[#1:142])(-[#1:113])-[#1:114])-[#1:112].[#7:35]-[#6@@:34](-[#6:33])(-[#6:79](=[#8:80])-[#8:81])-[#1:127]).[#8:21](-[#15:22](=[#8:23])(-[#8:24])-[#8:25])-[#1],"EVODEX.2-P2730,EVODEX.2-P2746,EVODEX.2-P2751,EVODEX.2-P2726,EVODEX.2-P2752"
EVODEX.2-E165,[#6:7]-[#8:8]-[#1].[#8:14]=[#15:15](-[#8:16])(-[#8:17])-[#8:18]-[#6@@:19](-[#8:20])(-[#6@:28])-[#1:46]>>[#6:7]-[#8:8]-[#15:15](=[#8:14])(-[#8:16])-[#8:17].[#8:18](-[#6:19](-[#8:20])(-[#6@:28])-[#1:46])-[#1],"EVODEX.2-P5864,EVODEX.2-P3194,EVODEX.2-P3193,EVODEX.2-P5862,EVODEX.2-P5863"
EVODEX.2-E166,[#8:2]=[#15:3](-[#8:4])(-[#8:5]-[#6:6](-[#6@:7](-[#8:8])(-[#6:9])-[#1:26])(-[#1:24])-[#1:25])-[#8:11].[#8:1](-[#1])-[#1]>>[#8:2]=[#15:3](-[#8:4])(-[#8:5]-[#1])-[#8:11].[#8:1](-[#6:6](-[#6:7](-[#8:8])(-[#6:9])-[#1:26])(-[#1:24])-[#1:25])-[#1],"EVODEX.2-P3988,EVODEX.2-P3985,EVODEX.2-P3951,EVODEX.2-P3991,EVODEX.2-P3984"
EVODEX.2-E167,[#8:2]=[#15:3]1(-[#8:4])-[#8:5]-[#6@:6](-[#6@@:7])(-[#6@:15](-[#6@:13])(-[#8:16]-1)-[#1:27])-[#1:18].[#8:1](-[#1])-[#1]>>[#8:1](-[#6@@:6](-[#6@@:7])(-[#6@@:15](-[#6@:13])(-[#8:16]-[#15:3](=[#8:2])(-[#8:4])-[#8:5]-[#1])-[#1:27])-[#1:18])-[#1],"EVODEX.2-P3982,EVODEX.2-P3980,EVODEX.2-P3977,EVODEX.2-P4007,EVODEX.2-P3983"
EVODEX.2-E168,[#6:25](-[#6@:5])(=[#8:26])-[#7:27](-[#6@@:28](-[#6:29])(-[#6:30](=[#8:31])-[#7:32])-[#1:70])-[#1].[#8:43](-[#1])-[#1]>>[#6:25](-[#6@:5])(=[#8:26])-[#8:43]-[#1].[#7:27](-[#6:28](-[#6:29])(-[#6:30](=[#8:31])-[#7:32])-[#1:70])(-[#1])-[#1],"EVODEX.2-P4859,EVODEX.2-P4496,EVODEX.2-P4856,EVODEX.2-P4611,EVODEX.2-P4835"
EVODEX.2-E169,[#6:1]-[#6:2](=[#8:3])-[#8:4]-[#1].[#6:8]-[#6@@:9](-[#7:10](-[#1])-[#1])(-[#6:11](=[#8:12])-[#8:13])-[#1:27]>>[#6:1]-[#6:2](=[#8:3])-[#7:10](-[#6@:9](-[#6:8])(-[#6:11](=[#8:12])-[#8:13])-[#1:27])-[#1].[#8:4](-[#1])-[#1],"EVODEX.2-P5133,EVODEX.2-P5137,EVODEX.2-P5134,EVODEX.2-P5136,EVODEX.2-P5129"
EVODEX.2-E170,[#6:11]/[#6:12](-[#6:13](-[#1:68])(-[#1:69])-[#1])=[#6:14](/[#6:15](-[#8:16]-[#15:17](=[#8:18])(-[#8:19])-[#8:20])(-[#1:72])-[#1:73])-[#1:71]>>[#6:11]-[#6:12](=[#6:13](-[#1:68])-[#1:69])-[#6:14](=[#6:15](-[#1:72])-[#1:73])-[#1:71].[#8:16](-[#15:17](=[#8:18])(-[#8:19])-[#8:20])-[#1],"EVODEX.2-P5770,EVODEX.2-P5765,EVODEX.2-P5761,EVODEX.2-P5767,EVODEX.2-P5763"
EVODEX.2-E171,[#6:47]-[#16:48]-[#6:49](=[#8:50])-[#6@@:51].[#8:80]-[#15:81](=[#8:82])(-[#8:83]-[#1])-[#8:84]>>[#6:49](=[#8:50])(-[#6@@:51])-[#8:83]-[#1].[#6:47]-[#16:48]-[#1].[#8:80]-[#15:81](=[#8:82])(-[#8:84])-[#8]-[#15](=[#8])(-[#8])-[#8],"EVODEX.2-P5924,EVODEX.2-P6023,EVODEX.2-P5934,EVODEX.2-P5893,EVODEX.2-P6020"
EVODEX.2-E172,[#6:2]-[#6:3](=[#8:4])-[#7:5](-[#6@@:6])-[#1].[#8:46]=[#15:47](-[#8:48]-[#1])(-[#8:49])-[#8:50]>>[#8]-[#15](=[#8])(-[#8])-[#8:48]-[#15:47](=[#8:46])(-[#8:49])-[#8:50].[#6:2]-[#6:3](=[#8:4])-[#8]-[#1].[#7:5](-[#6@@:6])(-[#1])-[#1],"EVODEX.2-P6138,EVODEX.2-P6339,EVODEX.2-P6369,EVODEX.2-P6119,EVODEX.2-P6124"
EVODEX.2-E173,[#6:8]-[#6:9](-[#6@:10])(-[#1:44])-[#1].[#6:19]-[#6:20](=[#8:21])-[#6:22](=[#8:23])-[#8:24]-[#1].[#8:25]=[#8:26]>>[#6:22](=[#8:23])=[#8:24].[#6:8]-[#6@@:9](-[#6@:10])(-[#8:25]-[#1])-[#1:44].[#6:19]-[#6:20](=[#8:21])-[#8:26]-[#1],"EVODEX.2-P424,EVODEX.2-P332,EVODEX.2-P337,EVODEX.2-P501,EVODEX.2-P476"
EVODEX.2-E174,[#7:4]-[#6:5](-[#6:6])(-[#1:30])-[#1].[#6:18]-[#6:19](=[#8:20])-[#6:21](=[#8:22])-[#8:23]-[#1].[#8:24]=[#8:25]>>[#6:21](=[#8:22])=[#8:23].[#7:4]-[#6:5](-[#6:6])(-[#8:24]-[#1])-[#1:30].[#6:18]-[#6:19](=[#8:20])-[#8:25]-[#1],"EVODEX.2-P747,EVODEX.2-P431,EVODEX.2-P426,EVODEX.2-P750,EVODEX.2-P478"
EVODEX.2-E175,[#6:144]-[#8:145]-[#15:146](=[#8:147])(-[#8:148])-[#8:149].[#8:119]-[#15:120](=[#8:121])(-[#8:122]-[#1])-[#8:123]>>[#6:144]-[#8:145]-[#1].[#8:119]-[#15:120](=[#8:121])(-[#8:122]-[#15:146](=[#8:147])(-[#8:148])-[#8:149])-[#8:123],"EVODEX.2-P3355,EVODEX.2-P3177,EVODEX.2-P3146,EVODEX.2-P3408,EVODEX.2-P3474"
EVODEX.2-E176,[#6:1]-[#6:2](=[#8:3])-[#16:4]-[#6:5].[#6:55]-[#6@:56](-[#7:57](-[#1])-[#1])(-[#6:58](=[#8:59])-[#8:60])-[#1:106]>>[#6:1]-[#6:2](=[#8:3])-[#7:57](-[#6@@:56](-[#6:55])(-[#6:58](=[#8:59])-[#8:60])-[#1:106])-[#1].[#16:4](-[#6:5])-[#1],"EVODEX.2-P1928,EVODEX.2-P1570,EVODEX.2-P1845,EVODEX.2-P1585,EVODEX.2-P1683"
EVODEX.2-E177,[#6:11]-[#6:12](=[#8:13])-[#16:14]-[#6:15].[#7:62]-[#6@@:63](-[#6:64])(-[#6:66](=[#8:67])-[#8:68]-[#1])-[#1:129]>>[#6:66](=[#8:67])=[#8:68].[#6:11]-[#6:12](=[#8:13])-[#6:63](-[#7:62])(-[#6:64])-[#1:129].[#16:14](-[#6:15])-[#1],"EVODEX.2-P1888,EVODEX.2-P1894,EVODEX.2-P1875,EVODEX.2-P1881,EVODEX.2-P1860"
EVODEX.2-E178,[#8:17](-[#6@@:16])-[#1].[#8:34]-[#15:35](=[#8:36])(-[#8:37])-[#8:38]-[#15:39](=[#8:40])(-[#8:41])-[#8:42]>>[#8:17](-[#6@@:16])-[#15:39](=[#8:40])(-[#8:41])-[#8:42].[#8:34]-[#15:35](=[#8:36])(-[#8:37])-[#8:38]-[#1],"EVODEX.2-P3197,EVODEX.2-P3250,EVODEX.2-P3269,EVODEX.2-P3230,EVODEX.2-P3236"
EVODEX.2-E179,[#6:6]-[#8:7]-[#1].[#8:22]-[#15:23](=[#8:24])(-[#8:25])-[#8:26]-[#16:27](=[#8:28])(=[#8:29])-[#8:30]>>[#6:6]-[#8:7]-[#16:27](=[#8:28])(=[#8:29])-[#8:30].[#8:22]-[#15:23](=[#8:24])(-[#8:25])-[#8:26]-[#1],"EVODEX.2-P3485,EVODEX.2-P3518,EVODEX.2-P3486,EVODEX.2-P3499,EVODEX.2-P3529"
EVODEX.2-E180,[#7:15](-[#6@:9])(-[#6:16](=[#8:17])-[#6@@:18]-[#7:19](-[#6:20](=[#8:21])-[#6@:22])-[#1])-[#1].[#8:60](-[#1])-[#1].[#8:61](-[#1])-[#1]>>[#6:16](=[#8:17])(-[#6@@:18]-[#7:19](-[#1])-[#1])-[#8:61]-[#1].[#6:20](=[#8:21])(-[#6@:22])-[#8:60]-[#1].[#7:15](-[#6@:9])(-[#1])-[#1],"EVODEX.2-P4733,EVODEX.2-P4353,EVODEX.2-P4731,EVODEX.2-P4721,EVODEX.2-P4832"
EVODEX.2-E181,[#6:1]-[#8:2]-[#6:3](=[#8:4])-[#6@:5].[#8:25]-[#6:26](=[#8:27])-[#6@:28](-[#7:29](-[#1])-[#1])(-[#6:30])-[#1:61]>>[#6:3](=[#8:4])(-[#6@:5])-[#7:29](-[#6@@:28](-[#6:26](-[#8:25])=[#8:27])(-[#6:30])-[#1:61])-[#1].[#6:1]-[#8:2]-[#1],"EVODEX.2-P4767,EVODEX.2-P4408,EVODEX.2-P4380,EVODEX.2-P4804,EVODEX.2-P4399"
EVODEX.2-E182,[#6:1]-[#8:2]-[#6:3](=[#8:4])-[#6@:5].[#7:24]-[#6:25](=[#8:26])-[#6@:27](-[#7:28](-[#1])-[#1])(-[#6:29])-[#1:64]>>[#6:3](=[#8:4])(-[#6@:5])-[#7:28](-[#6@@:27](-[#6:25](-[#7:24])=[#8:26])(-[#6:29])-[#1:64])-[#1].[#6:1]-[#8:2]-[#1],"EVODEX.2-P4578,EVODEX.2-P4577,EVODEX.2-P4573,EVODEX.2-P4806,EVODEX.2-P4581"
EVODEX.2-E183,[#7:16](-[#6@:7])(-[#6:17](=[#8:18])-[#6@:19]-[#7:28](-[#6:29](=[#8:30])-[#6:31])-[#1])-[#1].[#8:34](-[#6:35])-[#1]>>[#6:29](=[#8:30])(-[#6:31])-[#8:34]-[#6:35].[#6]-[#8]-[#6:17](=[#8:18])-[#6@:19]-[#7:28](-[#1])-[#1].[#7:16](-[#6@:7])(-[#1])-[#1],"EVODEX.2-P4385,EVODEX.2-P4391,EVODEX.2-P4398,EVODEX.2-P4406,EVODEX.2-P4390"
EVODEX.2-E184,[#6:5]-[#7:6](-[#6:7](=[#8:8])-[#6:9]-[#6:10]-[#6@:11](-[#7:12](-[#1])-[#1])(-[#6:13](=[#8:14])-[#8:15])-[#1:32])-[#1]>>[#6:7]1(=[#8:8])-[#6:9]-[#6:10]-[#6@@:11](-[#6:13](=[#8:14])-[#8:15])(-[#7:12]-1-[#1])-[#1:32].[#6:5]-[#7:6](-[#1])-[#1],"EVODEX.2-P5783,EVODEX.2-P5790,EVODEX.2-P5787,EVODEX.2-P5785,EVODEX.2-P5788"
EVODEX.2-E185,[#8:1]=[#6:2]1-[#6:3](=[#6:4](-[#6:5](=[#8:6])-[#6:7](=[#6:8]-1-[#1:22])-[#1:21])-[#1:20])-[#1:19].[#8:14](-[#6@:13](-[#6@:11])(-[#6@:15])-[#1])-[#1]>>[#6:13](-[#6@:11])(=[#8:14])-[#6@:15].[#8:1](-[#6:2]1:[#6:3](:[#6:4](:[#6:5](-[#8:6]-[#1]):[#6:7](:[#6:8]:1-[#1:22])-[#1:21])-[#1:20])-[#1:19])-[#1],"EVODEX.2-P210,EVODEX.2-P206,EVODEX.2-P208,EVODEX.2-P180,EVODEX.2-P207"
EVODEX.2-E186,[#6:1](-[#6:2](=[#8:3])-[#16:4]-[#6:5])(-[#1:63])(-[#1:64])-[#1].[#8:53]=[#6:54](-[#8:55])-[#6:56](=[#8:57])-[#6:58].[#8:52](-[#1])-[#1]>>[#6:1](-[#6:2](=[#8:3])-[#8:52]-[#1])(-[#6@:56](-[#6:54](=[#8:53])-[#8:55])(-[#8:57]-[#1])-[#6:58])(-[#1:63])-[#1:64].[#16:4](-[#6:5])-[#1],"EVODEX.2-P2120,EVODEX.2-P2107,EVODEX.2-P2115,EVODEX.2-P2146,EVODEX.2-P2149"
EVODEX.2-E187,[#6:10]/[#6:11](-[#6:12])=[#6:13](/[#6:14])-[#1:92].[#6:33](-[#6@:32])(-[#8:34]-[#15:35](=[#8:36])(-[#8:37])-[#8:38])(-[#1:103])-[#1]>>[#6:10]-[#6:11]1(-[#6:12])-[#6:13](-[#6:14])(-[#6:33]-1(-[#6@:32])-[#1:103])-[#1:92].[#8:34](-[#15:35](=[#8:36])(-[#8:37])-[#8:38])-[#1],"EVODEX.2-P2561,EVODEX.2-P2577,EVODEX.2-P2579,EVODEX.2-P2559,EVODEX.2-P2568"
EVODEX.2-E188,[#6:5]-[#6:6](-[#6:7](=[#8:8])-[#6:9](=[#8:10])-[#8:11])(-[#1:23])-[#1:24].[#7:12]-[#6:13](-[#6:14](=[#8:15])-[#8:16])(-[#1:28])-[#1]>>[#6:5]-[#6:6](-[#6@:13](-[#7:12])(-[#6:14](=[#8:15])-[#8:16])-[#1:28])(-[#1:23])-[#1:24].[#6:7](=[#8:8])(-[#6:9](=[#8:10])-[#8:11])-[#1],"EVODEX.2-P3088,EVODEX.2-P3074,EVODEX.2-P3077,EVODEX.2-P2975,EVODEX.2-P2819"
EVODEX.2-E189,[#6:5]-[#6:6](-[#6@:7](-[#7:8])(-[#6:9](=[#8:10])-[#8:11])-[#1:25])(-[#1:23])-[#1:24].[#8:12]=[#6:13](-[#6:14](=[#8:15])-[#8:16])-[#1]>>[#6:7](-[#7:8])(-[#6:9](=[#8:10])-[#8:11])(-[#1:25])-[#1].[#6:5]-[#6:6](-[#6:13](=[#8:12])-[#6:14](=[#8:15])-[#8:16])(-[#1:23])-[#1:24],"EVODEX.2-P2931,EVODEX.2-P2863,EVODEX.2-P3051,EVODEX.2-P2862,EVODEX.2-P2870"
EVODEX.2-E190,[#7:10]-[#6:11](=[#8:12])-[#6:13](-[#6:14])(-[#7:21](-[#6:22](=[#8:23])-[#6:24](-[#6:25])(-[#7:32])-[#1:65])-[#1])-[#1:53].[#8:46](-[#1])-[#1]>>[#6:22](=[#8:23])(-[#6@:24](-[#6:25])(-[#7:32])-[#1:65])-[#8:46]-[#1].[#7:10]-[#6:11](=[#8:12])-[#6@:13](-[#6:14])(-[#7:21](-[#1])-[#1])-[#1:53],"EVODEX.2-P4431,EVODEX.2-P4871,EVODEX.2-P4486,EVODEX.2-P4748,EVODEX.2-P4749"
EVODEX.2-E191,[#7:11]-[#6@@:12](-[#6:13]-[#6:14]-[#6:15](=[#8:16])-[#8:17]-[#1])(-[#6:18](=[#8:19])-[#8:20])-[#1:54].[#7:1](-[#6:2])(-[#1])-[#1].([#7:21]-[#6:22]1:[#7:23]:[#6:24](:[#7:25]:[#6:26]2:[#6:27]:1:[#7:28]:[#6:29](:[#7:30]:2-[#6@@:31])-[#1:75])-[#1:74].[#8:39]-[#15:40](=[#8:41])(-[#8:42])-[#8:43]-[#15:44](=[#8:45])(-[#8:46])-[#8:47])>>[#7:1](-[#6:2])(-[#6:15](-[#6:14]-[#6:13]-[#6@:12](-[#7:11])(-[#6:18](=[#8:19])-[#8:20])-[#1:54])=[#8:16])-[#1].([#8:17](-[#15:40](-[#8:39])(=[#8:41])-[#8:42])-[#1].[#7:30]1(-[#6@@:31]):[#6:26]2:[#7:25]:[#6:24](:[#7:23]:[#6:22](-[#7:21]):[#6:27]:2:[#7:28]:[#6:29]:1-[#1:75])-[#1:74]).[#8:43](-[#15:44](=[#8:45])(-[#8:46])-[#8:47])-[#1],"EVODEX.2-P6157,EVODEX.2-P6178,EVODEX.2-P6158,EVODEX.2-P6168,EVODEX.2-P6148"
EVODEX.2-E192,[#6:3]-[#6:4](-[#6:5](=[#8:6])-[#16:7]-[#6:8])(-[#1:72])-[#1].[#6:59]-[#6:60](=[#8:61])-[#6:62](=[#8:63])-[#8:64].[#8:55](-[#1])-[#1]>>[#6:3]-[#6:4](-[#6:5](=[#8:6])-[#8:55]-[#1])(-[#6:60](-[#6:59])(-[#8:61]-[#1])-[#6:62](=[#8:63])-[#8:64])-[#1:72].[#16:7](-[#6:8])-[#1],"EVODEX.2-P2121,EVODEX.2-P2186,EVODEX.2-P2166,EVODEX.2-P2170,EVODEX.2-P2163"
EVODEX.2-E193,[#8:1]=[#15:2](-[#8:3]-[#1])(-[#8:4])-[#8:5].[#8:9]-[#6@@:10](-[#8:11]-[#6@@:12])(-[#6@:78]-[#6@@:80](-[#8:81])(-[#6@@:82])-[#1:155])-[#1:91]>>[#8:1]=[#15:2](-[#8:3]-[#6@@:10](-[#8:9])(-[#6@:78]-[#6@:80](-[#6@@:82])(-[#8:81])-[#1:155])-[#1:91])(-[#8:4])-[#8:5].[#8:11](-[#6@@:12])-[#1],"EVODEX.2-P2361,EVODEX.2-P2360,EVODEX.2-P2220,EVODEX.2-P2324,EVODEX.2-P2386"
EVODEX.2-E194,[#8:19]-[#15:20](=[#8:21])(-[#8:22]-[#1])-[#8:23].[#8:28]=[#15:29](-[#8:30])(-[#8:31])-[#8:32]-[#6@@:33](-[#8:34])(-[#6@:42])-[#1:61]>>[#8:19]-[#15:20](=[#8:21])(-[#8:22]-[#6@@:33](-[#8:34])(-[#6@:42])-[#1:61])-[#8:23].[#8:28]=[#15:29](-[#8:30])(-[#8:31])-[#8:32]-[#1],"EVODEX.2-P3417,EVODEX.2-P3458,EVODEX.2-P2433,EVODEX.2-P2487,EVODEX.2-P3415"
EVODEX.2-E195,[#8:49](-[#6@:48])-[#1].[#8:54]-[#6@:55](-[#8:56]-[#15:57](=[#8:58])(-[#8:59])-[#8:60])(-[#6@:81]-[#6@@:83](-[#8:84])(-[#6@:85])-[#1:139])-[#1:123]>>[#8:49](-[#6@:48])-[#6@:55](-[#8:54])(-[#6@:81]-[#6@:83](-[#6@:85])(-[#8:84])-[#1:139])-[#1:123].[#8:56](-[#15:57](=[#8:58])(-[#8:59])-[#8:60])-[#1],"EVODEX.2-P2305,EVODEX.2-P2369,EVODEX.2-P2289,EVODEX.2-P2436,EVODEX.2-P2370"
EVODEX.2-E196,[#8:14]-[#15:15](=[#8:16])(-[#8:17])-[#8:18]-[#6@@:19](-[#8:20])(-[#6@:26])-[#1:74].[#8:38]-[#6@@:39](-[#8:40])(-[#6@:60]-[#8:61]-[#1])-[#1:92]>>[#8:61](-[#6@:19](-[#8:20])(-[#6@:26])-[#1:74])-[#6@:60]-[#6@:39](-[#8:40])(-[#8:38])-[#1:92].[#8:14]-[#15:15](=[#8:16])(-[#8:17])-[#8:18]-[#1],"EVODEX.2-P2401,EVODEX.2-P2492,EVODEX.2-P2363,EVODEX.2-P2488,EVODEX.2-P2398"
EVODEX.2-E197,[#8:16]-[#15:17](=[#8:18])(-[#8:19])-[#8:20]-[#15:21](=[#8:22])(-[#8:23])-[#8:24].[#8:37]-[#6:38](-[#8:39]-[#1])(-[#6@:40])-[#1:63]>>[#8:16]-[#15:17](=[#8:18])(-[#8:19])-[#8:20]-[#1].[#15:21](=[#8:22])(-[#8:23])(-[#8:24])-[#8:39]-[#6@@:38](-[#8:37])(-[#6@:40])-[#1:63],"EVODEX.2-P3198,EVODEX.2-P3159,EVODEX.2-P3201,EVODEX.2-P3199,EVODEX.2-P3156"
EVODEX.2-E198,[#6:76]-[#6@:75](-[#6@@:57])(-[#8:77]-[#1])-[#1:205].[#8:99]-[#15:100](=[#8:101])(-[#8:102])-[#8:103]-[#15:104](=[#8:105])(-[#8:106])-[#8:107]>>[#6:75](-[#6@@:57])(-[#6:76])(-[#8:77]-[#15:104](=[#8:105])(-[#8:106])-[#8:107])-[#1:205].[#8:99]-[#15:100](=[#8:101])(-[#8:102])-[#8:103]-[#1],"EVODEX.2-P3227,EVODEX.2-P3150,EVODEX.2-P3148,EVODEX.2-P3225,EVODEX.2-P3271"
EVODEX.2-E199,[#7:9]-[#6:10](=[#7:11]-[#1])-[#7:12](-[#1])-[#1].[#8:31]-[#15:32](=[#8:33])(-[#8:34])-[#8:35]-[#15:36](=[#8:37])(-[#8:38])-[#8:39]>>[#7:9]-[#6:10](=[#7:11]-[#1])-[#7:12](-[#15:36](=[#8:37])(-[#8:38])-[#8:39])-[#1].[#8:31]-[#15:32](=[#8:33])(-[#8:34])-[#8:35]-[#1],"EVODEX.2-P3320,EVODEX.2-P3336,EVODEX.2-P3322,EVODEX.2-P3323,EVODEX.2-P3337"
EVODEX.2-E200,[#8:296]-[#15:297](=[#8:298])(-[#8:299])-[#8:300]-[#6:301]1:[#6:302](:[#6:303](:[#6:304](-[#6:305]):[#6:311](:[#6:312]:1-[#1:501])-[#1:500])-[#1:493])-[#1:492].[#8:320](-[#1])-[#1]>>[#8:296]-[#15:297](=[#8:298])(-[#8:299])-[#8:300]-[#1].[#6:301]1(-[#8:320]-[#1]):[#6:302](:[#6:303](:[#6:304](-[#6:305]):[#6:311](:[#6:312]:1-[#1:501])-[#1:500])-[#1:493])-[#1:492],"EVODEX.2-P3934,EVODEX.2-P3937,EVODEX.2-P3933,EVODEX.2-P3910,EVODEX.2-P3930"
EVODEX.2-E201,[#6]-[#8]-[#6:17](=[#8:18])-[#6@@:19]-[#7:20](-[#1])-[#1].[#7:6](-[#6@@:5])(-[#1])-[#1].[#6:31]-[#6:32](=[#8:33])-[#8:34]-[#6:35]>>[#7:6](-[#6@@:5])(-[#6:17](=[#8:18])-[#6@@:19]-[#7:20](-[#6:32](-[#6:31])=[#8:33])-[#1])-[#1].[#8:34](-[#6:35])-[#1],"EVODEX.2-P4389,EVODEX.2-P4397,EVODEX.2-P4383,EVODEX.2-P4405,EVODEX.2-P4388"
EVODEX.2-E202,[#8:2]=[#6:3](-[#7:4](-[#6@@:5])-[#1])-[#8:17]-[#6:18](-[#6:19]1:[#6:20](:[#6:21](:[#6:22](:[#6:23](:[#6:24]:1-[#1:41])-[#1:40])-[#1:39])-[#1:38])-[#1:37])(-[#1:35])-[#1:36].[#8:1](-[#1])-[#1]>>[#7:4](-[#6@@:5])(-[#1])-[#1].[#8:2]=[#6:3]=[#8:17].[#8:1](-[#6:18](-[#6:19]1:[#6:20](:[#6:21](:[#6:22](:[#6:23](:[#6:24]:1-[#1:41])-[#1:40])-[#1:39])-[#1:38])-[#1:37])(-[#1:35])-[#1:36])-[#1],"EVODEX.2-P5097,EVODEX.2-P5101,EVODEX.2-P5089,EVODEX.2-P5091,EVODEX.2-P5078"
EVODEX.2-E203,[#8:18](-[#6@@:17])-[#6@:19]1(-[#6@:20]-[#6@@:22](-[#8:23])(-[#6@:24](-[#8:25])(-[#8:35]-[#6@@:36]-1(-[#6:37](=[#8:38])-[#8:39])-[#1])-[#1:69])-[#1:67])-[#1:64]>>[#6:19]1(=[#6:36](-[#6:37](=[#8:38])-[#8:39])-[#8:35]-[#6@@:24](-[#8:25])(-[#6@:22](-[#8:23])(-[#6@:20]-1)-[#1:67])-[#1:69])-[#1:64].[#8:18](-[#6@@:17])-[#1],"EVODEX.2-P5752,EVODEX.2-P5749,EVODEX.2-P5758,EVODEX.2-P5753,EVODEX.2-P5757"
EVODEX.2-E204,[#8:16]-[#15:17](=[#8:18])(-[#8:19]-[#1])-[#8:20].[#8:30]-[#15:31](=[#8:32])(-[#8:33])-[#8:34]-[#15:35](=[#8:36])(-[#8:37])-[#8:38]>>[#8:16]-[#15:17](=[#8:18])(-[#8:19]-[#15:35](=[#8:36])(-[#8:37])-[#8:38])-[#8:20].[#8:30]-[#15:31](=[#8:32])(-[#8:33])-[#8:34]-[#1],"EVODEX.2-P3381,EVODEX.2-P3472,EVODEX.2-P3365,EVODEX.2-P1356,EVODEX.2-P3406"
EVODEX.2-E205,[#8]-[#15](=[#8])(-[#8])-[#8:16]-[#15:17](=[#8:18])(-[#8:19])-[#8]-[#15](=[#8])(-[#8])-[#8].[#8:2](-[#1])-[#1]>>[#8:2](-[#15:17](-[#8:16]-[#1])(=[#8:18])-[#8:19])-[#1],"EVODEX.2-P5364,EVODEX.2-P5363,EVODEX.2-P5361,EVODEX.2-P5366,EVODEX.2-P5368"
EVODEX.2-E206,[#8]-[#15](=[#8])(-[#8])-[#8]-[#15:33](=[#8:34])(-[#8:35])-[#8:36].[#6:11](-[#6@@:2])(=[#8:12])-[#8:13]-[#1].[#8:45](-[#1])-[#1]>>[#6:11](-[#6@@:2])(=[#8:12])-[#8:45]-[#1].[#8:13](-[#15:33](=[#8:34])(-[#8:35])-[#8:36])-[#1],"EVODEX.2-P5827,EVODEX.2-P5217,EVODEX.2-P5212,EVODEX.2-P5211,EVODEX.2-P5213"
EVODEX.2-E207,[#8:9]-[#15:10](=[#8:11])(-[#8:12])-[#8:13]-[#15:14](=[#8:15])(-[#8:16])-[#8:17]-[#15:18](=[#8:19])(-[#8:20]-[#1])-[#8:21].[#8:46](-[#1])-[#1]>>[#8:9]-[#15:10](=[#8:11])(-[#8:12])-[#8:13]-[#1].[#15:14](=[#8:15])(-[#8:16])(-[#8:20]-[#15:18](-[#8:17]-[#1])(=[#8:19])-[#8:21])-[#8:46]-[#1],"EVODEX.2-P5357,EVODEX.2-P5352,EVODEX.2-P5355,EVODEX.2-P5354,EVODEX.2-P5356"
EVODEX.2-E208,[#6:4](-[#6@@:2])(=[#8:5])-[#8]-[#1].[#8]-[#15](=[#8])(-[#8])-[#8:30]-[#15:31](=[#8:32])(-[#8:33])-[#8:34].[#7:7](-[#1])(-[#1])-[#1]>>[#6:4](-[#6@@:2])(=[#8:5])-[#7:7](-[#1])-[#1].[#8:30](-[#15:31](=[#8:32])(-[#8:33])-[#8:34])-[#1],"EVODEX.2-P6053,EVODEX.2-P6056,EVODEX.2-P6054,EVODEX.2-P6057,EVODEX.2-P5870"
EVODEX.2-E209,[#6:23]-[#6:24](-[#8:25]-[#1])(-[#1:37])-[#1].[#8:2]-[#6:3]1=[#6:4](-[#8:5])-[#6:7](=[#8:8])-[#6:9](-[#6:10])=[#6:15](-[#6:16])-[#6:17]-1=[#8:18]>>[#6:23]-[#6:24](=[#8:25])-[#1:37].[#8:2]-[#6:3]1:[#6:4](-[#8:5]):[#6:7](-[#8:8]-[#1]):[#6:9](-[#6:10]):[#6:15](-[#6:16]):[#6:17]:1-[#8:18]-[#1],"EVODEX.2-P184,EVODEX.2-P186,EVODEX.2-P183,EVODEX.2-P185,EVODEX.2-P189"
EVODEX.2-E210,[#7:8]-[#6:9](-[#6:10](=[#8:11])-[#8:12])(-[#1:38])-[#1].[#8:19]=[#6:20]1-[#8:21]-[#6@:22]-[#6:27](-[#8:28]-[#1])=[#6:29]-1-[#8:30]-[#1].[#8:31]=[#8:32]>>[#7:8]-[#6:9](-[#6:10](=[#8:11])-[#8:12])(-[#8:31]-[#1])-[#1:38].[#8:19]=[#6:20]1-[#8:21]-[#6@:22]-[#6:27](=[#8:28])-[#6:29]-1=[#8:30].[#8:32](-[#1])-[#1],"EVODEX.2-P656,EVODEX.2-P672,EVODEX.2-P651,EVODEX.2-P670,EVODEX.2-P661"
EVODEX.2-E211,[#7:35](-[#6:36])(-[#1])-[#1].[#6:11]-[#7:12](-[#6:13](=[#8:14])-[#1:74])-[#6:15]1:[#6:16](:[#6:17](:[#6:18](-[#6:19](=[#8:20])-[#7:21]):[#6:31](:[#6:32]:1-[#1:86])-[#1:85])-[#1:76])-[#1:75]>>[#6:13](=[#8:14])(-[#7:35](-[#6:36])-[#1])-[#1:74].[#6:11]-[#7:12](-[#6:15]1:[#6:16](:[#6:17](:[#6:18](-[#6:19](=[#8:20])-[#7:21]):[#6:31](:[#6:32]:1-[#1:86])-[#1:85])-[#1:76])-[#1:75])-[#1],"EVODEX.2-P1488,EVODEX.2-P1493,EVODEX.2-P1486,EVODEX.2-P1490,EVODEX.2-P1489"
EVODEX.2-E212,[#6:22]-[#8:23]-[#1].[#8:45](-[#6@@:44]1(-[#6@:43]-[#6@@:76]-[#6@:74](-[#6@:71](-[#8:70]-1)(-[#6:72])-[#1:128])(-[#8:75])-[#1:132])-[#1:114])-[#15:46](=[#8:47])(-[#8:48])-[#8:49]>>[#6:22]-[#8:23]-[#6@:44]1(-[#6@:43]-[#6@@:76]-[#6@@:74](-[#8:75])(-[#6@@:71](-[#6:72])(-[#8:70]-1)-[#1:128])-[#1:132])-[#1:114].[#8:45](-[#15:46](=[#8:47])(-[#8:48])-[#8:49])-[#1],"EVODEX.2-P2259,EVODEX.2-P2473,EVODEX.2-P2237,EVODEX.2-P2261,EVODEX.2-P2474"
EVODEX.2-E213,[#6:1](=[#6:2](-[#6:3])-[#6:4](-[#6:5])(-[#1:49])-[#1])(-[#1:44])-[#1:45].[#6:30]-[#6:31](-[#6:32])=[#6:33](-[#6:34](-[#8:35]-[#15:36](=[#8:37])(-[#8:38])-[#8:39])(-[#1:87])-[#1:88])-[#1:86]>>[#6:1](-[#6:2](-[#6:3])=[#6:4](-[#6:5])-[#1:49])(-[#6:34](-[#6:33](=[#6:31](-[#6:30])-[#6:32])-[#1:86])(-[#1:87])-[#1:88])(-[#1:44])-[#1:45].[#8:35](-[#15:36](=[#8:37])(-[#8:38])-[#8:39])-[#1],"EVODEX.2-P2530,EVODEX.2-P2587,EVODEX.2-P2593,EVODEX.2-P2527,EVODEX.2-P2818"
EVODEX.2-E214,[#6:1]-[#6:2]1:[#6:3](:[#6:4](=[#8:5]):[#8:6]:[#6:7]2:[#6:8](:[#6:9](-[#8:10]-[#6@@:11]):[#6:44](:[#6:45](:[#6:46]:1:2)-[#1:85])-[#1:84])-[#1:52])-[#1:51].[#8:47](-[#1])-[#1]>>[#6:1]-[#6:2]1:[#6:3](:[#6:4](=[#8:5]):[#8:6]:[#6:7]2:[#6:8](:[#6:9](-[#8:47]-[#1]):[#6:44](:[#6:45](:[#6:46]:1:2)-[#1:85])-[#1:84])-[#1:52])-[#1:51].[#8:10](-[#6@@:11])-[#1],"EVODEX.2-P4186,EVODEX.2-P4187,EVODEX.2-P4227,EVODEX.2-P4126,EVODEX.2-P4207"
EVODEX.2-E215,[#6:38]-[#6@:39](-[#7:40]-[#6:41](=[#8:42])-[#6@@:43](-[#7:44](-[#1])-[#1])(-[#6:45])-[#1:82])(-[#6:52](=[#8:53])-[#7:54])-[#1:80].[#6:31](-[#6@:8])(=[#8:32])-[#8:33]-[#1]>>[#6:31](-[#6@:8])(=[#8:32])-[#7:44](-[#6@:43](-[#6:41](-[#7:40]-[#6@@:39](-[#6:38])(-[#6:52](=[#8:53])-[#7:54])-[#1:80])=[#8:42])(-[#6:45])-[#1:82])-[#1].[#8:33](-[#1])-[#1],"EVODEX.2-P4666,EVODEX.2-P4654,EVODEX.2-P4665,EVODEX.2-P4662,EVODEX.2-P4657"
EVODEX.2-E216,[#6:1]-[#6:2](-[#6:3])(-[#8:4]-[#1])-[#1].[#8:6]-[#6:7]1=[#6:8](-[#8:9])-[#6:11](=[#8:12])-[#6:13](-[#6:14])=[#6:19](-[#6:20])-[#6:21]-1=[#8:22]>>[#6:1]-[#6:2](-[#6:3])=[#8:4].[#8:6]-[#6:7]1:[#6:8](-[#8:9]):[#6:11](-[#8:12]-[#1]):[#6:13](-[#6:14]):[#6:19](-[#6:20]):[#6:21]:1-[#8:22]-[#1],"EVODEX.2-P179,EVODEX.2-P177,EVODEX.2-P171,EVODEX.2-P188,EVODEX.2-P187"
EVODEX.2-E217,[#8:2]-[#6:3]1=[#6:4](-[#8:5])-[#6:7](=[#8:8])-[#6:9](-[#6:10])=[#6:15](-[#6:16])-[#6:17]-1=[#8:18].[#8:31](-[#6@:30](-[#6@@:28])(-[#8:32])-[#1])-[#1]>>[#8:2]-[#6:3]1:[#6:4](-[#8:5]):[#6:7](-[#8:8]-[#1]):[#6:9](-[#6:10]):[#6:15](-[#6:16]):[#6:17]:1-[#8:18]-[#1].[#6:30](-[#6@@:28])(=[#8:31])-[#8:32],"EVODEX.2-P198,EVODEX.2-P169,EVODEX.2-P176,EVODEX.2-P170,EVODEX.2-P166"
EVODEX.2-E218,[#8:10](-[#6@:9])-[#1].[#8:34](-[#6@:27](-[#6@:26])(-[#6@:28])-[#1:87])-[#6@:35](-[#8:36]-[#15:37](=[#8:38])(-[#8:39])-[#8:40])(-[#6:57](=[#8:58])-[#8:59])-[#6:60]>>[#8:10](-[#6@:9])-[#6@:35](-[#6:57](=[#8:58])-[#8:59])(-[#8:34]-[#6@@:27](-[#6@:28])(-[#6@:26])-[#1:87])-[#6:60].[#8:36](-[#15:37](=[#8:38])(-[#8:39])-[#8:40])-[#1],"EVODEX.2-P2510,EVODEX.2-P2520,EVODEX.2-P2504,EVODEX.2-P2517,EVODEX.2-P2523"
EVODEX.2-E219,[#8:14]-[#15:15](=[#8:16])(-[#8:17])-[#8:18]-[#15:19](=[#8:20])(-[#8:21])-[#8:22].[#8:33]-[#6:34](-[#8:35]-[#1])(-[#6@:36]-[#6@@:38](-[#8:39])(-[#6@:40])-[#1:65])-[#1:61]>>[#8:14]-[#15:15](=[#8:16])(-[#8:17])-[#8:18]-[#1].[#15:19](=[#8:20])(-[#8:21])(-[#8:22])-[#8:35]-[#6@@:34](-[#8:33])(-[#6@:36]-[#6@:38](-[#6@:40])(-[#8:39])-[#1:65])-[#1:61],"EVODEX.2-P3207,EVODEX.2-P3204,EVODEX.2-P3208,EVODEX.2-P3152,EVODEX.2-P3205"
EVODEX.2-E220,[#6:47]-[#16:48]-[#1].[#8]-[#15](=[#8])(-[#8])-[#8:71]-[#15:72](=[#8:73])(-[#8:74])-[#8:75].[#8:80]=[#6:81](-[#8]-[#1])/[#6:83](=[#6:84](/[#6:85])-[#1:143])-[#1:142]>>[#6:47]-[#16:48]-[#6:81](=[#8:80])/[#6:83](=[#6:84](/[#6:85])-[#1:143])-[#1:142].[#8:71](-[#15:72](=[#8:73])(-[#8:74])-[#8:75])-[#1],"EVODEX.2-P5956,EVODEX.2-P5977,EVODEX.2-P5976,EVODEX.2-P5975,EVODEX.2-P6032"
EVODEX.2-E221,[#6:47]-[#16:48]-[#1].[#8]-[#15](=[#8])(-[#8])-[#8:65]-[#15:66](=[#8:67])(-[#8:68])-[#8:69].[#8:81]=[#6:82](-[#8]-[#1])-[#6:84](=[#8:85])-[#8:86]>>[#6:47]-[#16:48]-[#6:82](=[#8:81])-[#6:84](=[#8:85])-[#8:86].[#8:65](-[#15:66](=[#8:67])(-[#8:68])-[#8:69])-[#1],"EVODEX.2-P6042,EVODEX.2-P6043,EVODEX.2-P6045,EVODEX.2-P6047,EVODEX.2-P6018"
EVODEX.2-E222,[#6:1](-[#6:2](=[#8:3])-[#16:4])(-[#1:88])(-[#1:89])-[#1].[#8]-[#15](=[#8])(-[#8])-[#8:72]-[#15:73](=[#8:74])(-[#8:75])-[#8:76].[#8:84]=[#6:85](-[#8]-[#1])-[#8:87]>>[#6:1](-[#6:2](=[#8:3])-[#16:4])(-[#6:85](=[#8:84])-[#8:87])(-[#1:88])-[#1:89].[#8:72](-[#15:73](=[#8:74])(-[#8:75])-[#8:76])-[#1],"EVODEX.2-P6377,EVODEX.2-P6382,EVODEX.2-P6378,EVODEX.2-P6383,EVODEX.2-P6376"
EVODEX.2-E223,[#8:14]-[#15:15](=[#8:16])(-[#8:17])-[#8:18]-[#6@@:19](-[#8:20])(-[#6@:26])-[#1:64].[#8:38]1-[#6@:37]-[#6@:54](-[#6@@:52](-[#6@:50](-[#6@@:39]-1(-[#8:40])-[#1:82])(-[#8:51])-[#1:92])-[#8:53]-[#1])(-[#8:55])-[#1:96]>>[#8:53](-[#6@@:19](-[#8:20])(-[#6@:26])-[#1:64])-[#6@:52]1-[#6@@:50](-[#8:51])(-[#6@:39](-[#8:40])(-[#8:38]-[#6@:37]-[#6@:54]-1(-[#8:55])-[#1:96])-[#1:82])-[#1:92].[#8:14]-[#15:15](=[#8:16])(-[#8:17])-[#8:18]-[#1],"EVODEX.2-P2319,EVODEX.2-P2258,EVODEX.2-P2385,EVODEX.2-P2390,EVODEX.2-P2454"
EVODEX.2-E224,[#6:1]-[#6:2](-[#7:3](-[#1])-[#1])(-[#6:4](-[#7:5](-[#1])-[#1])(-[#6:6])-[#1:54])-[#1:51].[#8]=[#6:15]=[#8:16].[#8]-[#15](=[#8])(-[#8])-[#8:39]-[#15:40](=[#8:41])(-[#8:42])-[#8:43]>>[#6:1]-[#6@@:2]1(-[#7:3](-[#6:15](=[#8:16])-[#7:5](-[#6@@:4]-1(-[#6:6])-[#1:54])-[#1])-[#1])-[#1:51].[#8:39](-[#15:40](=[#8:41])(-[#8:42])-[#8:43])-[#1],"EVODEX.2-P6366,EVODEX.2-P6368,EVODEX.2-P6363,EVODEX.2-P6365,EVODEX.2-P6362"
EVODEX.2-E225,[#6:1]-[#6:2](-[#6:3](=[#8:4])-[#16:5])(-[#1:92])-[#1].[#8]-[#15](=[#8])(-[#8])-[#8:73]-[#15:74](=[#8:75])(-[#8:76])-[#8:77].[#8:85]=[#6:86](-[#8]-[#1])-[#8:88]>>[#6:1]-[#6@:2](-[#6:3](=[#8:4])-[#16:5])(-[#6:86](=[#8:85])-[#8:88])-[#1:92].[#8:73](-[#15:74](=[#8:75])(-[#8:76])-[#8:77])-[#1],"EVODEX.2-P6381,EVODEX.2-P6384,EVODEX.2-P6379,EVODEX.2-P6385,EVODEX.2-P6380"
EVODEX.2-E226,[#6:1](-[#6:2]1(-[#6:3])-[#16:4]-[#6@:5](-[#6@:6])(-[#7:19]-[#6@:20]-1(-[#6:21](=[#8:22])-[#8:23])-[#1])-[#1:41])(-[#1:35])(-[#1:36])-[#1].[#6:27]-[#6:28](=[#8:29])-[#6:30](=[#8:31])-[#8:32]-[#1].[#8:33]=[#8:34]>>[#6:30](=[#8:31])=[#8:32].[#6:1]1(-[#6:2](-[#6:3])=[#6:20](-[#6:21](=[#8:22])-[#8:23])-[#7:19]-[#6@:5](-[#16:4]-1)(-[#6@:6])-[#1:41])(-[#1:35])-[#1:36].[#6:27]-[#6:28](=[#8:29])-[#8:33]-[#1].[#8:34](-[#1])-[#1],"EVODEX.2-P726,EVODEX.2-P743,EVODEX.2-P701,EVODEX.2-P721,EVODEX.2-P734"
EVODEX.2-E227,[#6:1]-[#6:2](-[#6:3])=[#6:4](-[#6:5](-[#8:6]-[#15:7](=[#8:8])(-[#8:9])-[#8:10])(-[#1:34])-[#1:35])-[#1:33].[#6:17]-[#6:18]1:[#6:19](:[#7:20](:[#6:21]2:[#6:22](:[#6:23](:[#6:24](:[#6:25](:[#6:26]:1:2)-[#1:50])-[#1:49])-[#1:48])-[#1])-[#1])-[#1:45]>>[#6:1]-[#6:2](-[#6:3])=[#6:4](-[#6:5](-[#6:22]1:[#6:21]2:[#7:20](:[#6:19](:[#6:18](-[#6:17]):[#6:26]:2:[#6:25](:[#6:24](:[#6:23]:1-[#1:48])-[#1:49])-[#1:50])-[#1:45])-[#1])(-[#1:34])-[#1:35])-[#1:33].[#8:6](-[#15:7](=[#8:8])(-[#8:9])-[#8:10])-[#1],"EVODEX.2-P2543,EVODEX.2-P2806,EVODEX.2-P2807,EVODEX.2-P2804,EVODEX.2-P2539"
EVODEX.2-E228,[#6:21]-[#6:22]1:[#6:23](:[#7:24](:[#6:25]2:[#6:26](:[#6:27](:[#6:28](:[#6:29](:[#6:30]:1:2)-[#1])-[#1:43])-[#1:42])-[#1:41])-[#1])-[#1:39].[#6:1]-[#6:2](-[#6:3])=[#6:4](-[#6:5](-[#8:6]-[#15:7](=[#8:8])(-[#8:9])-[#8:10])(-[#1:52])-[#1:53])-[#1:51]>>[#6:1]-[#6:2](-[#6:3])=[#6:4](-[#6:5](-[#6:29]1:[#6:28](:[#6:27](:[#6:26](:[#6:25]2:[#7:24](:[#6:23](:[#6:22](-[#6:21]):[#6:30]:1:2)-[#1:39])-[#1])-[#1:41])-[#1:42])-[#1:43])(-[#1:52])-[#1:53])-[#1:51].[#8:6](-[#15:7](=[#8:8])(-[#8:9])-[#8:10])-[#1],"EVODEX.2-P2604,EVODEX.2-P2609,EVODEX.2-P2612,EVODEX.2-P2616,EVODEX.2-P2603"
EVODEX.2-E229,[#8:26](-[#6@@:25](-[#6@@:23])(-[#6@:27])-[#1])-[#1].[#8:1]=[#6:2]1-[#6:3](=[#6:4](-[#6:5](=[#7:6]-[#6:7]2:[#6:8](:[#6:9](-[#17:10]):[#6:11](-[#8:12]):[#6:13](-[#17:14]):[#6:15]:2-[#1:65])-[#1:63])-[#6:16](=[#6:17]-1-[#1:67])-[#1:66])-[#1:62])-[#1:61]>>[#6:25](-[#6@@:23])(=[#8:26])-[#6@:27].[#8:1](-[#6:2]1:[#6:3](:[#6:4](:[#6:5](-[#7:6](-[#6:7]2:[#6:8](:[#6:9](-[#17:10]):[#6:11](-[#8:12]):[#6:13](-[#17:14]):[#6:15]:2-[#1:65])-[#1:63])-[#1]):[#6:16](:[#6:17]:1-[#1:67])-[#1:66])-[#1:62])-[#1:61])-[#1],"EVODEX.2-P194,EVODEX.2-P209,EVODEX.2-P136,EVODEX.2-P203,EVODEX.2-P197"
EVODEX.2-E230,[#8:3]-[#6:4](-[#8:5]-[#1])(-[#6@:6])-[#1].[#8:12]=[#6:13]1-[#6:14](=[#6:15](-[#6:16](=[#7:17]-[#6:18]2:[#6:19](:[#6:20](-[#17:21]):[#6:22](-[#8:23]):[#6:24](-[#17:25]):[#6:26]:2-[#1:45])-[#1:43])-[#6:27](=[#6:28]-1-[#1:47])-[#1:46])-[#1:42])-[#1:41]>>[#8:3]-[#6:4](=[#8:5])-[#6@:6].[#8:12](-[#6:13]1:[#6:14](:[#6:15](:[#6:16](-[#7:17](-[#6:18]2:[#6:19](:[#6:20](-[#17:21]):[#6:22](-[#8:23]):[#6:24](-[#17:25]):[#6:26]:2-[#1:45])-[#1:43])-[#1]):[#6:27](:[#6:28]:1-[#1:47])-[#1:46])-[#1:42])-[#1:41])-[#1],"EVODEX.2-P174,EVODEX.2-P199,EVODEX.2-P200,EVODEX.2-P175,EVODEX.2-P168"
EVODEX.2-E231,[#6:47]-[#16:48]-[#1].[#6:52]-[#6:53](-[#8:54]-[#1])(-[#6:55](-[#6:56](=[#8:57])-[#8:58]-[#1])(-[#1:135])-[#1:136])-[#6:59](=[#8:60])-[#8:61].[#8:62]=[#15:63](-[#8:64])(-[#8:65])-[#8:66]-[#15:67](=[#8:68])(-[#8:69])-[#8:70]>>[#6:47]-[#16:48]-[#6:56](-[#6:55](-[#1:135])(-[#1:136])-[#1])=[#8:57].[#6:52]-[#6:53](=[#8:54])-[#6:59](=[#8:60])-[#8:61].[#8:58](-[#15:63](=[#8:62])(-[#8:64])-[#8:65])-[#1].[#8:66](-[#15:67](=[#8:68])(-[#8:69])-[#8:70])-[#1],"EVODEX.2-P2196,EVODEX.2-P2213,EVODEX.2-P2208,EVODEX.2-P2207,EVODEX.2-P2212"
EVODEX.2-E232,[#6:1](-[#6:2](=[#8:3])-[#16:4]-[#6:5])(-[#1:95])(-[#1:96])-[#1].[#6:55]-[#6:56](=[#8:57])-[#6:58](=[#8:59])-[#8:60].[#8:61]=[#15:62](-[#8:63]-[#1])(-[#8:64])-[#8:65].[#8:66]=[#15:67](-[#8:68]-[#1])(-[#8:69])-[#8:70]>>[#6:1](-[#6:2](=[#8:3])-[#8:63]-[#1])(-[#6:56](-[#6:55])(-[#8:57]-[#1])-[#6:58](=[#8:59])-[#8:60])(-[#1:95])-[#1:96].[#8:61]=[#15:62](-[#8:64])(-[#8:65])-[#8:68]-[#15:67](=[#8:66])(-[#8:69])-[#8:70].[#16:4](-[#6:5])-[#1],"EVODEX.2-P2200,EVODEX.2-P2198,EVODEX.2-P2201,EVODEX.2-P2209,EVODEX.2-P2211"
EVODEX.2-E233,[#8:26]-[#15:27](=[#8:28])(-[#8:29])-[#8:30]-[#15:31](=[#8:32])(-[#8:33])-[#8:34].[#8:73](-[#6@:74]1(-[#6@:75](-[#8:76])(-[#6@@:77](-[#8:78])(-[#6@:79](-[#8:80])(-[#6@@:81](-[#8:82])(-[#6@:83]-1(-[#8:84])-[#1:176])-[#1:174])-[#1:172])-[#1:170])-[#1:168])-[#1:167])-[#1]>>[#8:26]-[#15:27](=[#8:28])(-[#8:29])-[#8:30]-[#1].[#15:31](=[#8:32])(-[#8:33])(-[#8:34])-[#8:73]-[#6@@:74]1(-[#6@@:75](-[#8:76])(-[#6@:77](-[#8:78])(-[#6@@:79](-[#8:80])(-[#6@:81](-[#8:82])(-[#6@@:83]-1(-[#8:84])-[#1:176])-[#1:174])-[#1:172])-[#1:170])-[#1:168])-[#1:167],"EVODEX.2-P3130,EVODEX.2-P3467,EVODEX.2-P3223,EVODEX.2-P3149,EVODEX.2-P3224"
EVODEX.2-E234,[#6:1]-[#6:2](-[#6:3])=[#6:4](-[#6:5](-[#8:6]-[#15:7](=[#8:8])(-[#8:9])-[#8:10])(-[#1:42])-[#1:43])-[#1:41].[#8:15]=[#6:16](-[#6:17])-[#6:26]1:[#6:27](-[#8:28]):[#6:29](:[#6:30](-[#8:31]):[#6:32](:[#6:33]:1-[#8:34])-[#1:59])-[#1]>>[#6:1]-[#6:2](-[#6:3])=[#6:4](-[#6:5](-[#6:29]1:[#6:27](-[#8:28]):[#6:26](-[#6:16](=[#8:15])-[#6:17]):[#6:33](-[#8:34]):[#6:32](:[#6:30]:1-[#8:31])-[#1:59])(-[#1:42])-[#1:43])-[#1:41].[#8:6](-[#15:7](=[#8:8])(-[#8:9])-[#8:10])-[#1],"EVODEX.2-P2793,EVODEX.2-P2801,EVODEX.2-P2798,EVODEX.2-P2795,EVODEX.2-P2551"
EVODEX.2-E235,[#6:16]/[#6:17](-[#6:18])=[#6:19](/[#6:20](-[#8:21]-[#15:22](=[#8:23])(-[#8:24])-[#8:25])(-[#1:104])-[#1:105])-[#1:103].[#7:35](-[#6@@:34](-[#6@:32])(-[#6:54](=[#8:55])-[#7:56])-[#1:118])-[#6:36](=[#8:37])-[#6@:38](-[#6:39]-[#16:40]-[#1])(-[#7:41])-[#1:120]>>[#6:16]/[#6:17](-[#6:18])=[#6:19](/[#6:20](-[#16:40]-[#6:39]-[#6@@:38](-[#6:36](-[#7:35]-[#6@@:34](-[#6@:32])(-[#6:54](=[#8:55])-[#7:56])-[#1:118])=[#8:37])(-[#7:41])-[#1:120])(-[#1:104])-[#1:105])-[#1:103].[#8:21](-[#15:22](=[#8:23])(-[#8:24])-[#8:25])-[#1],"EVODEX.2-P2754,EVODEX.2-P2740,EVODEX.2-P2725,EVODEX.2-P2743,EVODEX.2-P2749"
EVODEX.2-E236,[#6:47]-[#16:48]-[#1].[#8]-[#15](=[#8])(-[#8])-[#8:63]-[#15:64](=[#8:65])(-[#8:66])-[#8:67].[#6:82]-[#6:83](=[#8:84])-[#6:85]1:[#6:86](:[#6:87](:[#6:88](:[#6:89](:[#6:90]:1-[#6:91](=[#8:92])-[#8]-[#1])-[#1:155])-[#1:154])-[#1:153])-[#1:152]>>[#6:47]-[#16:48]-[#6:91](-[#6:90]1:[#6:85](-[#6:83](-[#6:82])=[#8:84]):[#6:86](:[#6:87](:[#6:88](:[#6:89]:1-[#1:155])-[#1:154])-[#1:153])-[#1:152])=[#8:92].[#8:63](-[#15:64](=[#8:65])(-[#8:66])-[#8:67])-[#1],"EVODEX.2-P5972,EVODEX.2-P5970,EVODEX.2-P5971,EVODEX.2-P5966,EVODEX.2-P5973"
EVODEX.2-E237,[#6:47]-[#16:48]-[#1].[#8:50]-[#6:51]1:[#6:52](:[#6:53](/[#6:54](=[#6:55](/[#6:56](=[#8:57])-[#8]-[#1])-[#1:135])-[#1:134]):[#6:59](:[#6:60](:[#6:61]:1-[#8:62])-[#1:138])-[#1:137])-[#1:133].[#8]-[#15](=[#8])(-[#8])-[#8:85]-[#15:86](=[#8:87])(-[#8:88])-[#8:89]>>[#6:47]-[#16:48]-[#6:56](/[#6:55](=[#6:54](/[#6:53]1:[#6:52](:[#6:51](-[#8:50]):[#6:61](-[#8:62]):[#6:60](:[#6:59]:1-[#1:137])-[#1:138])-[#1:133])-[#1:134])-[#1:135])=[#8:57].[#8:85](-[#15:86](=[#8:87])(-[#8:88])-[#8:89])-[#1],"EVODEX.2-P5950,EVODEX.2-P5912,EVODEX.2-P5948,EVODEX.2-P5949,EVODEX.2-P5920"
EVODEX.2-E238,[#8:23]-[#15:24](=[#8:25])(-[#8:26])-[#8:27]-[#15:28](=[#8:29])(-[#8:30])-[#8:31].[#7:32]-[#6:33]1:[#7:34]:[#6:35](:[#7:36]:[#6:37]2:[#6:38]:1:[#7:39]:[#6:40](:[#7:41]:2-[#6@:42]-[#6:43]-[#6@:44](-[#8:45])(-[#6@@:46]-[#6:47]-[#8:48]-[#1])-[#1:72])-[#1:68])-[#1:67]>>[#8:23]-[#15:24](=[#8:25])(-[#8:26])-[#8:27]-[#1].[#15:28](=[#8:29])(-[#8:30])(-[#8:31])-[#8:48]-[#6:47]-[#6@@:46]-[#6@@:44](-[#8:45])(-[#6:43]-[#6@:42]-[#7:41]1:[#6:37]2:[#7:36]:[#6:35](:[#7:34]:[#6:33](-[#7:32]):[#6:38]:2:[#7:39]:[#6:40]:1-[#1:68])-[#1:67])-[#1:72],"EVODEX.2-P3135,EVODEX.2-P3232,EVODEX.2-P3231,EVODEX.2-P3234,EVODEX.2-P3141"
EVODEX.2-E239,[#6:16]/[#6:17](-[#6:18])=[#6:19](/[#6:20](-[#8:21]-[#15:22](=[#8:23])(-[#8:24])-[#8:25])(-[#1:106])-[#1:107])-[#1:105].[#6:32]-[#6@:34](-[#7:35]-[#6:36](=[#8:37])-[#6@@:38](-[#7:39]-[#6:40](=[#8:41])-[#6@:42](-[#6:43]-[#16:44]-[#1])(-[#7:45])-[#1:124])(-[#6:62])-[#1:122])(-[#6:65](=[#8:66])-[#7:67])-[#1:120]>>[#6:16]/[#6:17](-[#6:18])=[#6:19](/[#6:20](-[#16:44]-[#6:43]-[#6@@:42](-[#6:40](-[#7:39]-[#6@:38](-[#6:36](-[#7:35]-[#6@@:34](-[#6:32])(-[#6:65](=[#8:66])-[#7:67])-[#1:120])=[#8:37])(-[#6:62])-[#1:122])=[#8:41])(-[#7:45])-[#1:124])(-[#1:106])-[#1:107])-[#1:105].[#8:21](-[#15:22](=[#8:23])(-[#8:24])-[#8:25])-[#1],"EVODEX.2-P2694,EVODEX.2-P2679,EVODEX.2-P2755,EVODEX.2-P2683,EVODEX.2-P2757"
EVODEX.2-E240,[#8:14]=[#6:15](-[#8:16])-[#6:17]1:[#6:18](:[#6:19](-[#6:20](=[#8:21])-[#8:22]):[#6:23]2:[#6:24](:[#7:25]:1)-[#6:26](=[#8:27])-[#6:28](=[#8:29])-[#6:30]1:[#6:31](:[#6:32](-[#6:33](=[#8:34])-[#8:35]):[#7:36](:[#6:37]:1-2)-[#1])-[#1:41])-[#1:39].[#6:6]-[#6@@:7](-[#8:8]-[#1])(-[#6@@:9])-[#1]>>[#8:14]=[#6:15](-[#8:16])-[#6:17]1:[#6:18](:[#6:19](-[#6:20](=[#8:21])-[#8:22]):[#6:23]2:[#6:24](:[#7:25]:1):[#6:26](-[#8:27]-[#1]):[#6:28](-[#8:29]-[#1]):[#6:30]1:[#6:31](:[#6:32](-[#6:33](=[#8:34])-[#8:35]):[#7:36](:[#6:37]:2:1)-[#1])-[#1:41])-[#1:39].[#6:6]-[#6:7](=[#8:8])-[#6@@:9],"EVODEX.2-P167,EVODEX.2-P192,EVODEX.2-P193,EVODEX.2-P190,EVODEX.2-P191"
EVODEX.2-E241,[#7:1]-[#6:2]1:[#7:3]:[#6:4]2:[#6:5](:[#6:6](=[#8:7]):[#7:8]:1-[#1])-[#7:9]1-[#6:10](-[#7:11](-[#6:12]3:[#6:13](:[#6:14](:[#6:15](-[#6:16](=[#8:17])-[#7:18]):[#6:28](:[#6:29]:3-[#1:71])-[#1:70])-[#1:61])-[#1:60])-[#6:30]-[#6@:31]-1(-[#6:32]-[#7:33]-2)-[#1])(-[#1:58])-[#1:59].[#8:34]=[#6:35]1:[#6:36](:[#6:37](:[#7:38](-[#6@@:39]):[#6:52](=[#8:53]):[#7:54]:1-[#1])-[#1:79])-[#1]>>[#6:10](-[#6:36]1:[#6:35](=[#8:34]):[#7:54](:[#6:52](=[#8:53]):[#7:38](-[#6@@:39]):[#6:37]:1-[#1:79])-[#1])(-[#1:58])(-[#1:59])-[#1].[#7:1]-[#6:2]1:[#7:3]:[#6:4]2:[#6:5](:[#6:6](=[#8:7]):[#7:8]:1-[#1])-[#7:9]=[#6:31](-[#6:30]-[#7:11](-[#6:12]1:[#6:13](:[#6:14](:[#6:15](-[#6:16](=[#8:17])-[#7:18]):[#6:28](:[#6:29]:1-[#1:71])-[#1:70])-[#1:61])-[#1:60])-[#1])-[#6:32]-[#7:33]-2,"EVODEX.2-P1452,EVODEX.2-P1465,EVODEX.2-P1462,EVODEX.2-P1449,EVODEX.2-P1455"
EVODEX.2-E242,[#6:1](-[#6:2]1:[#6:3](:[#7:4](-[#6@@:5]):[#6:18](=[#8:19]):[#7:20](:[#6:21]:1=[#8:22])-[#1])-[#1:58])(-[#1:55])(-[#1:56])-[#1].[#7:23]-[#6:24]1:[#7:25]:[#6:26]2:[#6:27](:[#6:28](=[#8:29]):[#7:30]:1-[#1])-[#7:31]=[#6:32](-[#6:33]-[#7:34](-[#6:35]1:[#6:36](:[#6:37](:[#6:38](-[#6:39](=[#8:40])-[#7:41]):[#6:51](:[#6:52]:1-[#1:87])-[#1:86])-[#1:77])-[#1:76])-[#1])-[#6:53]-[#7:54]-2>>[#6:1]1(-[#7:31]2-[#6:27]3:[#6:26](:[#7:25]:[#6:24](-[#7:23]):[#7:30](:[#6:28]:3=[#8:29])-[#1])-[#7:54]-[#6:53]-[#6@@:32]-2(-[#6:33]-[#7:34]-1-[#6:35]1:[#6:36](:[#6:37](:[#6:38](-[#6:39](=[#8:40])-[#7:41]):[#6:51](:[#6:52]:1-[#1:87])-[#1:86])-[#1:77])-[#1:76])-[#1])(-[#1:55])-[#1:56].[#6:2]1(:[#6:3](:[#7:4](-[#6@@:5]):[#6:18](=[#8:19]):[#7:20](:[#6:21]:1=[#8:22])-[#1])-[#1:58])-[#1],"EVODEX.2-P1458,EVODEX.2-P1467,EVODEX.2-P1456,EVODEX.2-P1450,EVODEX.2-P1464"
EVODEX.2-E243,[#8:1]=[#15:2](-[#8:3])(-[#8:4])-[#8:5]-[#15:6](=[#8:7])(-[#8:8])-[#8:9]>>[#8:1]=[#15:2](-[#8:3])(-[#8:4])-[#8]-[#6].[#8:5](-[#15:6](=[#8:7])(-[#8:8])-[#8:9])-[#1],"EVODEX.2-P3466,EVODEX.2-P3174,EVODEX.2-P3169,EVODEX.2-P3123,EVODEX.2-P3164"
EVODEX.2-E244,[#8:13](-[#1])-[#1]>>[#7]-[#6](-[#6])=[#8:13],"EVODEX.2-P5727,EVODEX.2-P5739,EVODEX.2-P5731,EVODEX.2-P5734,EVODEX.2-P5733"
EVODEX.2-E245,[#8:33]=[#8]>>[#6]-[#6](=[#8])-[#8:33]-[#1],"EVODEX.2-P548,EVODEX.2-P141,EVODEX.2-P746,EVODEX.2-P148,EVODEX.2-P144"
EVODEX.2-E246,[#7:14](-[#1])(-[#1])-[#1]>>[#8]-[#6](=[#8])-[#6@](-[#6])(-[#7:14](-[#1])-[#1])-[#1],"EVODEX.2-P914,EVODEX.2-P5774,EVODEX.2-P973,EVODEX.2-P5777,EVODEX.2-P5776"
EVODEX.2-E247,[#6:47]-[#16:48]-[#1].[#8:67]-[#15:68](=[#8:69])(-[#8:70])-[#8:71]-[#15:72](=[#8:73])(-[#8:74])-[#8:75]>>[#6:47]-[#16:48]-[#6](=[#8])-[#6].[#8:67]-[#15:68](=[#8:69])(-[#8:70])-[#8]-[#1].[#8:71](-[#15:72](=[#8:73])(-[#8:74])-[#8:75])-[#1],"EVODEX.2-P5930,EVODEX.2-P5969,EVODEX.2-P5963,EVODEX.2-P6000,EVODEX.2-P5889"
EVODEX.2-E248,[#8:30](-[#1])-[#1]>>[#6]-[#6](=[#8:30])-[#1],"EVODEX.2-P1166,EVODEX.2-P1126,EVODEX.2-P1306,EVODEX.2-P1001,EVODEX.2-P1007"
EVODEX.2-E249,[#8:9]=[#6:10](-[#6:11](-[#8:12])(-[#1:26])-[#1])-[#6:13]>>[#6]-[#6](-[#8])(-[#6:11](-[#6:10](=[#8:9])-[#6:13])(-[#8:12])-[#1:26])-[#1],"EVODEX.2-P5576,EVODEX.2-P5578,EVODEX.2-P5546,EVODEX.2-P5572,EVODEX.2-P5567"
EVODEX.2-E250,[#6:47]-[#16:48]-[#1].[#8:50]-[#6:51]1:[#6:52](:[#6:53](/[#6:54](=[#6:55](/[#6:56](=[#8:57])-[#8:58]-[#1])-[#1:135])-[#1:134]):[#6:59](:[#6:60](:[#6:61]:1-[#8:62])-[#1:138])-[#1:137])-[#1:133]>>[#6:47]-[#16:48]-[#6:56](/[#6:55](=[#6:54](/[#6:53]1:[#6:52](:[#6:51](-[#8:50]):[#6:61](-[#8:62]):[#6:60](:[#6:59]:1-[#1:137])-[#1:138])-[#1:133])-[#1:134])-[#1:135])=[#8:57].[#8:58](-[#15](-[#8])(=[#8])-[#8])-[#1],"EVODEX.2-P5915,EVODEX.2-P5921,EVODEX.2-P5910,EVODEX.2-P5919,EVODEX.2-P5917"
EVODEX.2-E251,[#8:29]=[#15:30](-[#8:31]-[#1])(-[#8:32])-[#8:33]>>[#6](-[#6@])(-[#8:31]-[#15:30](=[#8:29])(-[#8:32])-[#8:33])(-[#1])-[#1],"EVODEX.2-P3461,EVODEX.2-P3885,EVODEX.2-P3338,EVODEX.2-P3411,EVODEX.2-P2670"
EVODEX.2-E252,[#7:5](-[#1])(-[#1])-[#1]>>[#6]-[#6@](-[#6])(-[#7:5](-[#1])-[#1])-[#1],"EVODEX.2-P931,EVODEX.2-P5772,EVODEX.2-P965,EVODEX.2-P5780,EVODEX.2-P936"
EVODEX.2-E253,[#8]=[#8:24]>>[#6](-[#6])(=[#8:24])-[#1],"EVODEX.2-P316,EVODEX.2-P512,EVODEX.2-P5488,EVODEX.2-P580,EVODEX.2-P151"
EVODEX.2-E254,[#8:17]=[#8:18].[#8:16](-[#1])-[#1]>>[#6]-[#6](-[#6])=[#8:16].[#8:17](-[#8:18]-[#1])-[#1],"EVODEX.2-P1018,EVODEX.2-P5476,EVODEX.2-P1049,EVODEX.2-P1034,EVODEX.2-P1043"
EVODEX.2-E255,[#6:9]-[#6:10](=[#8:11])-[#16:12]-[#6:13]>>[#6:9]-[#6:10](=[#8:11])-[#7](-[#6])-[#1].[#16:12](-[#6:13])-[#1],"EVODEX.2-P1831,EVODEX.2-P1946,EVODEX.2-P1878,EVODEX.2-P1811,EVODEX.2-P1837"
EVODEX.2-E256,[#6:40]-[#16:41]-[#6:42]>>[#6](-[#6@])(-[#16&+:41](-[#6:40])-[#6:42])(-[#1])-[#1],"EVODEX.2-P2785,EVODEX.2-P2766,EVODEX.2-P2775,EVODEX.2-P2781,EVODEX.2-P2789"
EVODEX.2-E257,[#8:24](-[#1])-[#1]>>[#8:24](-[#6@@](-[#6@])(-[#6])-[#1])-[#1],"EVODEX.2-P5745,EVODEX.2-P3811,EVODEX.2-P4048,EVODEX.2-P4030,EVODEX.2-P3978"
EVODEX.2-E258,[#8:34](-[#1])-[#1]>>[#8]-[#15](=[#8])(-[#8])-[#8:34]-[#1],"EVODEX.2-P5336,EVODEX.2-P3903,EVODEX.2-P3975,EVODEX.2-P3901,EVODEX.2-P3902"
EVODEX.2-E259,[#6:53](-[#6@@:20])(=[#8:54])-[#8:55]-[#1]>>[#6:53](-[#6@@:20])(=[#8:54])-[#8:55]-[#15](=[#8])(-[#8])-[#8],"EVODEX.2-P3308,EVODEX.2-P3288,EVODEX.2-P3305,EVODEX.2-P3306,EVODEX.2-P5873"
EVODEX.2-E260,[#8:14]-[#15:15](=[#8:16])(-[#8:17]-[#1])-[#8:18]>>[#8:14]-[#15:15](=[#8:16])(-[#8:17]-[#15](-[#8])(=[#8])-[#8])-[#8:18],"EVODEX.2-P1713,EVODEX.2-P6390,EVODEX.2-P3124,EVODEX.2-P5898,EVODEX.2-P3352"
EVODEX.2-E261,[#6:10]/[#6:11](-[#6:12])=[#6:13](/[#6:14])-[#1:92]>>[#6:10]-[#6:11]1(-[#6:12])-[#6:13](-[#6:14])(-[#6]-1(-[#6@])-[#1])-[#1:92],"EVODEX.2-P2576,EVODEX.2-P2572,EVODEX.2-P2580,EVODEX.2-P2578,EVODEX.2-P2574"
EVODEX.2-E262,[#6:47]-[#16:48]-[#1].[#8:80]=[#6:81](-[#8:82]-[#1])-[#6:83]>>[#6:47]-[#16:48]-[#6:81](=[#8:80])-[#6:83].[#8]-[#15](=[#8])(-[#8])-[#8:82]-[#1],"EVODEX.2-P5907,EVODEX.2-P5999,EVODEX.2-P5954,EVODEX.2-P5901,EVODEX.2-P5891"
EVODEX.2-E263,[#8:32]=[#6:33]1:[#6:34](:[#6:35](:[#7:36](-[#6@@:37]):[#6:58](=[#8:59]):[#7:60]:1-[#1])-[#1:78])-[#1:77]>>[#7:36]1(-[#6@@:37]):[#6:35](:[#6:34](:[#6:33](=[#8:32]):[#7:60](:[#6:58]:1=[#8:59])-[#1])-[#1:77])-[#1:78],"EVODEX.2-P3380,EVODEX.2-P1712,EVODEX.2-P3409,EVODEX.2-P3385,EVODEX.2-P6392"
EVODEX.2-E264,[#7:30]-[#6:31]1:[#7:32]:[#6:33](:[#7:34]:[#6:35]2:[#6:36]:1:[#7:37]:[#6:38](:[#7:39]:2-[#6@@:40])-[#1:81])-[#1:80]>>[#7:39]1(-[#6@@:40]):[#6:35]2:[#7:34]:[#6:33](:[#7:32]:[#6:31](-[#7:30]):[#6:36]:2:[#7:37]:[#6:38]:1-[#1:81])-[#1:80],"EVODEX.2-P5349,EVODEX.2-P3407,EVODEX.2-P6389,EVODEX.2-P3171,EVODEX.2-P6062"
EVODEX.2-E265,[#8]=[#8:58]>>[#6]-[#6](=[#8])-[#8:58]-[#6](-[#6])(-[#1])-[#1],"EVODEX.2-P604,EVODEX.2-P557,EVODEX.2-P533,EVODEX.2-P566,EVODEX.2-P532"
EVODEX.2-E266,[#6:1](#[#7:2])-[#1]>>[#6:1](#[#7:2])-[#6@](-[#6])(-[#8])-[#1],"EVODEX.2-P5544,EVODEX.2-P5634,EVODEX.2-P5630,EVODEX.2-P5623,EVODEX.2-P5619"
EVODEX.2-E267,[#6:1](#[#7:2])-[#1]>>[#6:1](#[#7:2])-[#6@](-[#6])(-[#8])-[#6],"EVODEX.2-P5518,EVODEX.2-P5509,EVODEX.2-P5537,EVODEX.2-P5529,EVODEX.2-P5516"
EVODEX.2-E268,[#6:47]-[#16:48]-[#1].([#7:77]-[#6:78]1:[#7:79]:[#6:80](:[#7:81]:[#6:82]2:[#6:83]:1:[#7:84]:[#6:85](:[#7:86]:2-[#6@@:87])-[#1:187])-[#1:186].[#8:91]-[#15:92](=[#8:93])(-[#8:94])-[#8:95]-[#15:96](=[#8:97])(-[#8:98])-[#8:99])>>[#6:47]-[#16:48]-[#6](-[#6])=[#8].([#8](-[#15:92](-[#8:91])(=[#8:93])-[#8:94])-[#1].[#7:86]1(-[#6@@:87]):[#6:82]2:[#7:81]:[#6:80](:[#7:79]:[#6:78](-[#7:77]):[#6:83]:2:[#7:84]:[#6:85]:1-[#1:187])-[#1:186]).[#8:95](-[#15:96](=[#8:97])(-[#8:98])-[#8:99])-[#1],"EVODEX.2-P5886,EVODEX.2-P5981,EVODEX.2-P6013,EVODEX.2-P5900,EVODEX.2-P6026"
EVODEX.2-E269,[#6:7]-[#6:8](=[#8:9])-[#8:10]-[#6:11]>>[#6:7]-[#6:8](=[#8:9])-[#7](-[#6])-[#1].[#8:10](-[#6:11])-[#1],"EVODEX.2-P4393,EVODEX.2-P4400,EVODEX.2-P3782,EVODEX.2-P4583,EVODEX.2-P4395"
EVODEX.2-E270,[#8:32]-[#15:33](=[#8:34])(-[#8:35])-[#8:36]-[#16:37](=[#8:38])(=[#8:39])-[#8:40]>>[#8:32]-[#15:33](=[#8:34])(-[#8:35])-[#8:36]-[#1].[#6]-[#6]1:[#6](:[#6](:[#6](-[#8]-[#16:37](=[#8:38])(=[#8:39])-[#8:40]):[#6](:[#6]:1-[#1])-[#1])-[#1])-[#1],"EVODEX.2-P3478,EVODEX.2-P3501,EVODEX.2-P3482,EVODEX.2-P3538,EVODEX.2-P3479"
EVODEX.2-E271,[#8:33]=[#8:34]>>[#6]-[#6](=[#8])-[#8:33]-[#1].[#8:34](-[#1])-[#1],"EVODEX.2-P126,EVODEX.2-P147,EVODEX.2-P143,EVODEX.2-P466,EVODEX.2-P146"
EVODEX.2-E272,[#6:15]-[#8:16]-[#15:17](=[#8:18])(-[#8:19])-[#8:20]>>[#6:15]-[#8:16]-[#1].[#15:17](=[#8:18])(-[#8:19])(-[#8:20])-[#8]-[#6],"EVODEX.2-P4006,EVODEX.2-P3133,EVODEX.2-P3395,EVODEX.2-P3237,EVODEX.2-P3240"
EVODEX.2-E273,[#8:1]=[#15:2](-[#8:3])(-[#8:4])-[#8:5]-[#6:6]1:[#6:7](:[#6:8](:[#6:9](:[#6:10](:[#6:11]:1-[#1:49])-[#1:48])-[#1:47])-[#1:46])-[#1:45]>>[#8:1]=[#15:2](-[#8:3])(-[#8:4])-[#8]-[#6].[#8:5](-[#6:6]1:[#6:7](:[#6:8](:[#6:9](:[#6:10](:[#6:11]:1-[#1:49])-[#1:48])-[#1:47])-[#1:46])-[#1:45])-[#1],"EVODEX.2-P3246,EVODEX.2-P3244,EVODEX.2-P3242,EVODEX.2-P3245,EVODEX.2-P3243"
EVODEX.2-E274,[#6:40]-[#16:41]-[#6:42].[#8:32](-[#1])-[#1]>>[#6](-[#6@])(-[#16&+:41](-[#6:40])-[#6:42])(-[#1])-[#1].[#8]-[#15](=[#8])(-[#8])-[#8:32]-[#1],"EVODEX.2-P2767,EVODEX.2-P2790,EVODEX.2-P2778,EVODEX.2-P2763,EVODEX.2-P2772"
EVODEX.2-E275,([#6:19]-[#6@:20](-[#7:21])(-[#6:38](=[#8:39])-[#8:40])-[#1:98].[#6:31]-[#6:32](=[#8:33])-[#8:34]-[#1]).[#7:9](-[#6@:8])(-[#1])-[#1]>>([#7:9](-[#6@:8])(-[#6:32](-[#6:31])=[#8:33])-[#1].[#7:21]-[#6@@:20](-[#6:19])(-[#6:38](=[#8:39])-[#8:40])-[#1:98]).[#8:34](-[#15](-[#8])(=[#8])-[#8])-[#1],"EVODEX.2-P6250,EVODEX.2-P6264,EVODEX.2-P6242,EVODEX.2-P6213,EVODEX.2-P6216"
EVODEX.2-E276,[#6:11](-[#6@@:9])(=[#8:12])-[#8:13]-[#1]>>[#6](-[#6@@])(=[#8])-[#8]-[#6:11](-[#6@@:9])=[#8:12].[#8:13](-[#15](-[#8])(=[#8])-[#8])-[#1],"EVODEX.2-P6198,EVODEX.2-P6208,EVODEX.2-P6271,EVODEX.2-P5881,EVODEX.2-P5877"
EVODEX.2-E277,[#7:121](-[#6@@:120])(-[#1])-[#1].[#8:195]=[#6:196](-[#8:197]-[#1])-[#6:198]>>[#7:121](-[#6@@:120])(-[#6:196](=[#8:195])-[#6:198])-[#1].[#8]-[#15](=[#8])(-[#8])-[#8:197]-[#1],"EVODEX.2-P6309,EVODEX.2-P6335,EVODEX.2-P6130,EVODEX.2-P6331,EVODEX.2-P6334"
EVODEX.2-E278,[#6:42](-[#6@:40])(=[#8:43])-[#8:44]-[#1].[#6:45]-[#6:46](-[#7:47](-[#1])-[#1])(-[#6:48](=[#8:49])-[#7:50])-[#1:121]>>[#6:42](-[#6@:40])(=[#8:43])-[#7:47](-[#6@@:46](-[#6:45])(-[#6:48](=[#8:49])-[#7:50])-[#1:121])-[#1].[#8:44](-[#15](-[#8])(=[#8])-[#8])-[#1],"EVODEX.2-P6297,EVODEX.2-P6289,EVODEX.2-P6355,EVODEX.2-P6287,EVODEX.2-P6299"
EVODEX.2-E279,[#7:11]-[#6@@:12](-[#6:13]-[#6:14]-[#6:15](=[#8:16])-[#8:17]-[#1])(-[#6:18](=[#8:19])-[#8:20])-[#1:54].[#7:1](-[#6:2])(-[#1])-[#1]>>[#7:1](-[#6:2])(-[#6:15](-[#6:14]-[#6:13]-[#6@:12](-[#7:11])(-[#6:18](=[#8:19])-[#8:20])-[#1:54])=[#8:16])-[#1].[#8:17](-[#15](-[#8])(=[#8])-[#8])-[#1],"EVODEX.2-P6152,EVODEX.2-P6144,EVODEX.2-P6207,EVODEX.2-P6165,EVODEX.2-P6082"
EVODEX.2-E280,[#8:15]-[#15:16](=[#8:17])(-[#8:18])-[#8:19]-[#6:20](=[#8:21])-[#6:22]>>[#8:15]-[#15:16](=[#8:17])(-[#8:18])-[#8]-[#15](=[#8])(-[#8])-[#8].[#8:19](-[#6:20](=[#8:21])-[#6:22])-[#1],"EVODEX.2-P3294,EVODEX.2-P3292,EVODEX.2-P3298,EVODEX.2-P3310,EVODEX.2-P3281"
EVODEX.2-E281,[#6:1](=[#6:2](-[#8:3]-[#15:4](=[#8:5])(-[#8:6])-[#8:7])-[#6:8](=[#8:9])-[#8:10])(-[#1:16])-[#1:17]>>[#6:1](-[#6:2](=[#8:3])-[#6:8](=[#8:9])-[#8:10])(-[#1:16])(-[#1:17])-[#1].[#15:4](=[#8:5])(-[#8:6])(-[#8:7])-[#8]-[#15](=[#8])(-[#8])-[#8],"EVODEX.2-P3184,EVODEX.2-P3187,EVODEX.2-P3190,EVODEX.2-P3180,EVODEX.2-P3179"
EVODEX.2-E282,[#6:53]-[#6:54](=[#8:55])-[#8:56]-[#1]>>[#6:53]-[#6:54](=[#8:55])-[#1].[#8:56](-[#15](-[#8])(=[#8])-[#8])-[#1],"EVODEX.2-P840,EVODEX.2-P803,EVODEX.2-P802,EVODEX.2-P808,EVODEX.2-P807"
EVODEX.2-E283,[#6:15]-[#6:16](=[#8:17])-[#6:18](=[#8:19])-[#8:20]-[#1].[#8:21]=[#8:22]>>[#6:18](=[#8:19])=[#8:20].[#6]-[#6@](-[#6@@])(-[#8:21]-[#1])-[#1].[#6:15]-[#6:16](=[#8:17])-[#8:22]-[#1],"EVODEX.2-P474,EVODEX.2-P492,EVODEX.2-P498,EVODEX.2-P508,EVODEX.2-P490"
EVODEX.2-E284,[#6:7]-[#6:8](=[#8:9])-[#8]-[#6]>>[#6:7]-[#6:8](=[#8:9])-[#7](-[#6])-[#1],"EVODEX.2-P4579,EVODEX.2-P4570,EVODEX.2-P4574,EVODEX.2-P4394,EVODEX.2-P4571"
EVODEX.2-E285,[#8:97]=[#6:98](-[#6:99])-[#1]>>[#6]-[#16]-[#6:98](=[#8:97])-[#6:99],"EVODEX.2-P817,EVODEX.2-P760,EVODEX.2-P762,EVODEX.2-P84,EVODEX.2-P829"
EVODEX.2-E286,[#6:11]-[#8:12]-[#15:13](=[#8:14])(-[#8:15])-[#8:16]>>[#6:11]-[#8:12]-[#1].[#15:13](=[#8:14])(-[#8:15])(-[#8:16])-[#8]-[#15](-[#8])(=[#8])-[#8],"EVODEX.2-P3211,EVODEX.2-P3353,EVODEX.2-P3435,EVODEX.2-P3431,EVODEX.2-P3161"
EVODEX.2-E287,[#8:28]=[#16:29](=[#8:30])(-[#8:31])-[#8:32]-[#6:33]>>[#8]-[#15](=[#8])(-[#8]-[#16:29](=[#8:28])(=[#8:30])-[#8:31])-[#8].[#8:32](-[#6:33])-[#1],"EVODEX.2-P3515,EVODEX.2-P3504,EVODEX.2-P3511,EVODEX.2-P3516,EVODEX.2-P3517"
EVODEX.2-E288,[#7:9]-[#6:10](=[#7:11]-[#1])-[#7:12](-[#15:13](=[#8:14])(-[#8:15])-[#8:16])-[#1]>>[#7:9]-[#6:10](=[#7:11]-[#1])-[#7:12](-[#1])-[#1].[#15:13](=[#8:14])(-[#8:15])(-[#8:16])-[#8]-[#15](-[#8])(=[#8])-[#8],"EVODEX.2-P3325,EVODEX.2-P3319,EVODEX.2-P3333,EVODEX.2-P3321,EVODEX.2-P3274"
EVODEX.2-E289,[#8:14]-[#15:15](=[#8:16])(-[#8:17])-[#8:18]-[#15:19](=[#8:20])(-[#8:21])-[#8:22]>>[#8:14]-[#15:15](=[#8:16])(-[#8:17])-[#8]-[#15](-[#8])(=[#8])-[#8].[#8:18](-[#15:19](=[#8:20])(-[#8:21])-[#8:22])-[#1],"EVODEX.2-P3469,EVODEX.2-P3364,EVODEX.2-P3377,EVODEX.2-P3340,EVODEX.2-P3376"
EVODEX.2-E290,[#8:7](-[#6@:6](-[#6@:5])(-[#8:12])-[#1:55])-[#15:8](=[#8:9])(-[#8:10])-[#8:11]>>[#8](-[#6@:6](-[#6@:5])(-[#8:12])-[#1:55])-[#15](-[#8])(=[#8])-[#8].[#8:7](-[#15:8](=[#8:9])(-[#8:10])-[#8:11])-[#1],"EVODEX.2-P2243,EVODEX.2-P3416,EVODEX.2-P2431,EVODEX.2-P2460,EVODEX.2-P3414"
EVODEX.2-E291,[#8:25](-[#1])-[#1]>>[#8:25](-[#6@@](-[#6@])(-[#6])-[#6@])-[#1],"EVODEX.2-P5771,EVODEX.2-P4332,EVODEX.2-P5759,EVODEX.2-P4331,EVODEX.2-P5681"
EVODEX.2-E292,[#6:1](=[#6:2](-[#6:3])-[#6:4](-[#6:5])(-[#1:49])-[#1])(-[#1:44])-[#1:45]>>[#6:1](-[#6:2](-[#6:3])=[#6:4](-[#6:5])-[#1:49])(-[#6](-[#6](=[#6](-[#6])-[#6])-[#1])(-[#1])-[#1])(-[#1:44])-[#1:45],"EVODEX.2-P2589,EVODEX.2-P2586,EVODEX.2-P2596,EVODEX.2-P2595,EVODEX.2-P2535"
EVODEX.2-E293,[#6:39]/[#6:40](-[#6:41])=[#6:42](/[#6:43](-[#8]-[#15](=[#8])(-[#8])-[#8])(-[#1:100])-[#1:101])-[#1:99]>>[#6](/[#6](-[#6])=[#6](/[#6])-[#1])(-[#6:43](/[#6:42](=[#6:40](/[#6:39])-[#6:41])-[#1:99])(-[#1:100])-[#1:101])(-[#1])-[#1],"EVODEX.2-P2817,EVODEX.2-P2585,EVODEX.2-P2532,EVODEX.2-P2591,EVODEX.2-P2529"
EVODEX.2-E294,[#8:15]=[#6:16](-[#6:17])-[#6:26]1:[#6:27](-[#8:28]):[#6:29](:[#6:30](-[#8:31]):[#6:32](:[#6:33]:1-[#8:34])-[#1:59])-[#1]>>[#6]-[#6](-[#6])=[#6](-[#6](-[#6:29]1:[#6:27](-[#8:28]):[#6:26](-[#6:16](=[#8:15])-[#6:17]):[#6:33](-[#8:34]):[#6:32](:[#6:30]:1-[#8:31])-[#1:59])(-[#1])-[#1])-[#1],"EVODEX.2-P2552,EVODEX.2-P2799,EVODEX.2-P2555,EVODEX.2-P2791,EVODEX.2-P2554"
EVODEX.2-E295,[#7:7](-[#6@:6])(-[#1])-[#1]>>[#7:7](-[#6@:6])(-[#6](-[#6])=[#8])-[#1],"EVODEX.2-P5180,EVODEX.2-P1805,EVODEX.2-P6254,EVODEX.2-P6307,EVODEX.2-P6258"
EVODEX.2-E296,([#8:32]=[#6:33]1:[#6:34](:[#6:35](:[#7:36](-[#6@@:37]):[#6:58](=[#8:59]):[#7:60]:1-[#1])-[#1:78])-[#1:77].[#8:41]-[#15:42](=[#8:43])(-[#8:44])-[#8:45]-[#15:46](=[#8:47])(-[#8:48])-[#8:49])>>([#8]-[#15](=[#8])(-[#8]-[#15:42](-[#8:41])(=[#8:43])-[#8:44])-[#8].[#7:36]1(-[#6@@:37]):[#6:35](:[#6:34](:[#6:33](=[#8:32]):[#7:60](:[#6:58]:1=[#8:59])-[#1])-[#1:77])-[#1:78]).[#8:45](-[#15:46](=[#8:47])(-[#8:48])-[#8:49])-[#1],"EVODEX.2-P3384,EVODEX.2-P6393,EVODEX.2-P1714,EVODEX.2-P3378,EVODEX.2-P3462"
EVODEX.2-E297,[#6:4]-[#6:5](-[#8:6]-[#15:7](=[#8:8])(-[#8:9])-[#8:10])(-[#1:57])-[#1:58]>>[#6:4]-[#6:5](-[#8]-[#15](-[#8])(=[#8])-[#8])(-[#1:57])-[#1:58].[#8:6](-[#15:7](=[#8:8])(-[#8:9])-[#8:10])-[#1],"EVODEX.2-P6395,EVODEX.2-P3448,EVODEX.2-P3447,EVODEX.2-P3412,EVODEX.2-P6386"
EVODEX.2-E298,[#6:45]-[#6:46](-[#7:47](-[#1])-[#1])(-[#6:48](=[#8:49])-[#7:50])-[#1:121]>>[#6](-[#6@])(=[#8])-[#7:47](-[#6@@:46](-[#6:45])(-[#6:48](=[#8:49])-[#7:50])-[#1:121])-[#1],"EVODEX.2-P1816,EVODEX.2-P6296,EVODEX.2-P4808,EVODEX.2-P4569,EVODEX.2-P6294"
EVODEX.2-E299,[#6:45]-[#6:46](-[#7:47](-[#1])-[#1])(-[#6:48](=[#8:49])-[#7:50])-[#1:121].[#8]-[#15](=[#8])(-[#8])-[#8:78]-[#15:79](=[#8:80])(-[#8:81])-[#8:82]>>[#6](-[#6@])(=[#8])-[#7:47](-[#6@@:46](-[#6:45])(-[#6:48](=[#8:49])-[#7:50])-[#1:121])-[#1].[#8:78](-[#15:79](=[#8:80])(-[#8:81])-[#8:82])-[#1],"EVODEX.2-P6293,EVODEX.2-P6288,EVODEX.2-P6300,EVODEX.2-P6291,EVODEX.2-P6290"
EVODEX.2-E300,[#8:20]-[#6@:21](-[#6@@:22])(-[#6@:46]-[#8:47]-[#1])-[#1:67]>>[#8]-[#6@@](-[#8:47]-[#6@:46]-[#6@:21](-[#8:20])(-[#6@@:22])-[#1:67])(-[#6@])-[#1],"EVODEX.2-P2484,EVODEX.2-P4249,EVODEX.2-P2482,EVODEX.2-P4247,EVODEX.2-P2400"
EVODEX.2-E301,[#7:7](-[#6@:6])(-[#6:8](=[#8:9])-[#6:10])-[#1]>>[#6:8](=[#8:9])(-[#6:10])-[#7](-[#6])-[#1].[#7:7](-[#6@:6])(-[#1])-[#1],"EVODEX.2-P4799,EVODEX.2-P2084,EVODEX.2-P2075,EVODEX.2-P4798,EVODEX.2-P4901"
EVODEX.2-E302,[#8]=[#8:60]>>[#6]-[#6@@](-[#6])(-[#8:60]-[#6](-[#6])=[#8])-[#1],"EVODEX.2-P554,EVODEX.2-P565,EVODEX.2-P562,EVODEX.2-P522,EVODEX.2-P545"
EVODEX.2-E303,[#8:72]=[#8:73]>>[#8:72](-[#6@@](-[#6@])(-[#6])-[#1])-[#1].[#8:73](-[#1])-[#1],"EVODEX.2-P214,EVODEX.2-P527,EVODEX.2-P221,EVODEX.2-P611,EVODEX.2-P216"
EVODEX.2-E304,[#8:72]=[#8:73]>>[#6]-[#6](=[#8])-[#8:73]-[#6@@](-[#6])(-[#6@])-[#1].[#8:72](-[#1])-[#1],"EVODEX.2-P539,EVODEX.2-P569,EVODEX.2-P537,EVODEX.2-P521,EVODEX.2-P523"
EVODEX.2-E305,[#8:57]=[#8:58]>>[#6]-[#6](=[#8])-[#8:58]-[#6](-[#6])(-[#1])-[#1].[#8:57](-[#1])-[#1],"EVODEX.2-P531,EVODEX.2-P558,EVODEX.2-P605,EVODEX.2-P560,EVODEX.2-P555"
EVODEX.2-E306,[#8:4](-[#6@@:3])-[#1]>>[#8:4](-[#6@@:3])-[#6](-[#6@@])=[#8],"EVODEX.2-P1957,EVODEX.2-P1721,EVODEX.2-P3787,EVODEX.2-P1942,EVODEX.2-P1817"
EVODEX.2-E307,[#6:22]-[#6:23](-[#8:24])(-[#6:25])-[#1]>>[#6]-[#6](=[#8])-[#6:23](-[#6:22])(-[#8:24])-[#6:25],"EVODEX.2-P1634,EVODEX.2-P1931,EVODEX.2-P1661,EVODEX.2-P1676,EVODEX.2-P1644"
EVODEX.2-E308,[#6:1](-[#6:2](=[#8:3])-[#16:4])(-[#1:104])(-[#1:105])-[#1]>>[#6:1](-[#6:2](=[#8:3])-[#16:4])(-[#6](-[#6])=[#8])(-[#1:104])-[#1:105],"EVODEX.2-P2043,EVODEX.2-P1698,EVODEX.2-P1709,EVODEX.2-P2038,EVODEX.2-P2045"
EVODEX.2-E309,[#6:59]-[#6:60](=[#8:61])-[#6:62](=[#8:63])-[#8:64].[#8:55](-[#1])-[#1]>>[#6]-[#6](-[#6](=[#8])-[#8:55]-[#1])(-[#6:60](-[#6:59])(-[#8:61]-[#1])-[#6:62](=[#8:63])-[#8:64])-[#1],"EVODEX.2-P2168,EVODEX.2-P2188,EVODEX.2-P2193,EVODEX.2-P2128,EVODEX.2-P2182"
EVODEX.2-E310,[#6:39]/[#6:40](-[#6:41])=[#6:42](/[#6:43](-[#8:44]-[#15:45](=[#8:46])(-[#8:47])-[#8:48])(-[#1:100])-[#1:101])-[#1:99]>>[#6](/[#6](-[#6])=[#6](/[#6])-[#1])(-[#6:43](/[#6:42](=[#6:40](/[#6:39])-[#6:41])-[#1:99])(-[#1:100])-[#1:101])(-[#1])-[#1].[#8:44](-[#15:45](=[#8:46])(-[#8:47])-[#8:48])-[#1],"EVODEX.2-P2590,EVODEX.2-P2526,EVODEX.2-P2592,EVODEX.2-P2583,EVODEX.2-P2533"
EVODEX.2-E311,[#8:14]=[#6:15](-[#8]-[#1])-[#6:17]>>[#6]-[#6]1:[#6](:[#6](=[#8]):[#8]:[#6]2:[#6](:[#6](-[#7](-[#6:15](=[#8:14])-[#6:17])-[#1]):[#6](:[#6](:[#6]:1:2)-[#1])-[#1])-[#1])-[#1],"EVODEX.2-P4552,EVODEX.2-P4651,EVODEX.2-P4653,EVODEX.2-P4691,EVODEX.2-P4623"
EVODEX.2-E312,[#8:12](-[#1])-[#1]>>[#6](-[#6])(-[#6](=[#8])-[#8])=[#8:12],"EVODEX.2-P1068,EVODEX.2-P962,EVODEX.2-P982,EVODEX.2-P913,EVODEX.2-P975"
EVODEX.2-E313,[#8:15](-[#6:16])-[#1]>>[#8]-[#6]1:[#6](:[#6](/[#6](=[#6](/[#6](=[#8])-[#8:15]-[#6:16])-[#1])-[#1]):[#6](:[#6](:[#6]:1-[#8])-[#1])-[#1])-[#1],"EVODEX.2-P1735,EVODEX.2-P1738,EVODEX.2-P1580,EVODEX.2-P1739,EVODEX.2-P1788"
EVODEX.2-E314,[#6:68]-[#7:69](-[#1])-[#1]>>[#6](=[#8])(/[#6](=[#6](/[#6]1:[#6](:[#6](:[#6](-[#8]):[#6](-[#8]):[#6]:1-[#1])-[#1])-[#1])-[#1])-[#1])-[#7:69](-[#6:68])-[#1],"EVODEX.2-P1590,EVODEX.2-P1924,EVODEX.2-P1689,EVODEX.2-P1595,EVODEX.2-P1678"
EVODEX.2-E315,[#8:9]=[#8:10].[#8:8](-[#1])-[#1]>>[#6]-[#6](=[#8])-[#8:8]-[#1].[#8:9](-[#8:10]-[#1])-[#1],"EVODEX.2-P843,EVODEX.2-P759,EVODEX.2-P841,EVODEX.2-P846,EVODEX.2-P853"
EVODEX.2-E316,[#8:14]=[#6:15](-[#8:16]-[#1])-[#6:17]>>[#6]-[#6]1:[#6](:[#6](=[#8]):[#8]:[#6]2:[#6](:[#6](-[#7](-[#6:15](=[#8:14])-[#6:17])-[#1]):[#6](:[#6](:[#6]:1:2)-[#1])-[#1])-[#1])-[#1].[#8:16](-[#1])-[#1],"EVODEX.2-P4635,EVODEX.2-P4639,EVODEX.2-P4642,EVODEX.2-P4778,EVODEX.2-P4625"
EVODEX.2-E317,[#6:1]-[#6:2](-[#6:3])=[#6:4](-[#6:5](-[#8:6]-[#15:7](=[#8:8])(-[#8:9])-[#8:10])(-[#1:52])-[#1:53])-[#1:51]>>[#6:1]-[#6:2](-[#6:3])=[#6:4](-[#6:5](-[#6]1:[#6](:[#6](:[#6](:[#6]2:[#7](:[#6](:[#6](-[#6]):[#6]:1:2)-[#1])-[#1])-[#1])-[#1])-[#1])(-[#1:52])-[#1:53])-[#1:51].[#8:6](-[#15:7](=[#8:8])(-[#8:9])-[#8:10])-[#1],"EVODEX.2-P2605,EVODEX.2-P2598,EVODEX.2-P2614,EVODEX.2-P2611,EVODEX.2-P2608"
EVODEX.2-E318,[#7:1](-[#6:2])(-[#1])-[#1].[#8]-[#15](=[#8])(-[#8])-[#8:43]-[#15:44](=[#8:45])(-[#8:46])-[#8:47]>>[#7:1](-[#6:2])(-[#6](-[#6])=[#8])-[#1].[#8:43](-[#15:44](=[#8:45])(-[#8:46])-[#8:47])-[#1],"EVODEX.2-P6101,EVODEX.2-P6106,EVODEX.2-P6228,EVODEX.2-P6315,EVODEX.2-P6211"
EVODEX.2-E319,[#7:7](-[#6@:6])(-[#1])-[#1].([#7:20]-[#6:21]1:[#7:22]:[#6:23](:[#7:24]:[#6:25]2:[#6:26]:1:[#7:27]:[#6:28](:[#7:29]:2-[#6@@:30])-[#1:71])-[#1:70].[#8:34]-[#15:35](=[#8:36])(-[#8:37])-[#8:38]-[#15:39](=[#8:40])(-[#8:41])-[#8:42])>>[#7:7](-[#6@:6])(-[#6](-[#6])=[#8])-[#1].([#8](-[#15:35](-[#8:34])(=[#8:36])-[#8:37])-[#1].[#7:29]1(-[#6@@:30]):[#6:25]2:[#7:24]:[#6:23](:[#7:22]:[#6:21](-[#7:20]):[#6:26]:2:[#7:27]:[#6:28]:1-[#1:71])-[#1:70]).[#8:38](-[#15:39](=[#8:40])(-[#8:41])-[#8:42])-[#1],"EVODEX.2-P6104,EVODEX.2-P6314,EVODEX.2-P6188,EVODEX.2-P6303,EVODEX.2-P6108"
EVODEX.2-E320,[#8:10]=[#6:11](-[#8:12])-[#6:13](=[#8:14])-[#6:15]>>[#6]-[#6](-[#6](=[#8])-[#8])=[#8:14].[#7](-[#6@:13](-[#6:11](=[#8:10])-[#8:12])(-[#6:15])-[#1])(-[#1])-[#1],"EVODEX.2-P2974,EVODEX.2-P3073,EVODEX.2-P2972,EVODEX.2-P2986,EVODEX.2-P2973"
EVODEX.2-E321,[#6:1](-[#8:2]-[#1])(-[#1:13])(-[#1:14])-[#1:15]>>[#6:1](-[#8]-[#6](-[#6])=[#8])(-[#1:13])(-[#1:14])-[#1:15].[#8:2](-[#1])-[#1],"EVODEX.2-P3788,EVODEX.2-P3771,EVODEX.2-P3770,EVODEX.2-P3779,EVODEX.2-P3774"
EVODEX.2-E322,[#6:1](-[#6:2](=[#8:3])-[#6:4](=[#8:5])-[#8:6])(-[#1:12])(-[#1:13])-[#1]>>[#6:1](-[#6:2](=[#8:3])-[#6:4](=[#8:5])-[#8:6])(-[#6](-[#6])(-[#8])-[#1])(-[#1:12])-[#1:13],"EVODEX.2-P5658,EVODEX.2-P5647,EVODEX.2-P5582,EVODEX.2-P5583,EVODEX.2-P5663"
EVODEX.2-E323,[#8:14]=[#8:15]>>[#7]-[#6](-[#6])=[#8:14].[#8:15](-[#1])-[#1],"EVODEX.2-P286,EVODEX.2-P293,EVODEX.2-P289,EVODEX.2-P281,EVODEX.2-P297"
EVODEX.2-E324,[#6:1]-[#6:2](=[#8:3])-[#6:4](=[#8:5])-[#8:6]>>[#6:1]-[#6@@:2](-[#6:4](=[#8:5])-[#8:6])(-[#7](-[#1])-[#1])-[#1].[#8:3]=[#6](-[#6])-[#6],"EVODEX.2-P3114,EVODEX.2-P2877,EVODEX.2-P2884,EVODEX.2-P2823,EVODEX.2-P3068"
EVODEX.2-E325,[#6:1]-[#6:2](-[#6:3])=[#6:4](-[#6:5](-[#8:6]-[#15:7](=[#8:8])(-[#8:9])-[#8:10])(-[#1:42])-[#1:43])-[#1:41]>>[#6:1]-[#6:2](-[#6:3])=[#6:4](-[#6:5](-[#6]1:[#6](-[#8]):[#6](-[#6](=[#8])-[#6]):[#6](-[#8]):[#6](:[#6]:1-[#8])-[#1])(-[#1:42])-[#1:43])-[#1:41].[#8:6](-[#15:7](=[#8:8])(-[#8:9])-[#8:10])-[#1],"EVODEX.2-P2553,EVODEX.2-P2802,EVODEX.2-P2797,EVODEX.2-P2800,EVODEX.2-P2792"
EVODEX.2-E326,[#8:10](-[#6@:9])-[#1]>>[#8:10](-[#6@:9])-[#6@](-[#6](=[#8])-[#8])(-[#8])-[#6],"EVODEX.2-P2511,EVODEX.2-P2524,EVODEX.2-P2512,EVODEX.2-P2518,EVODEX.2-P2509"
EVODEX.2-E327,[#6:1]-[#6:2](=[#8:3])-[#6:4](=[#8:5])-[#8:6]-[#1]>>[#6:4](=[#8:5])=[#8:6].[#6:1]-[#6:2](=[#8:3])-[#6](-[#8])(-[#6])-[#1],"EVODEX.2-P1543,EVODEX.2-P1563,EVODEX.2-P1547,EVODEX.2-P1551,EVODEX.2-P1569"
EVODEX.2-E328,[#6:52]-[#6:53](-[#8:54]-[#1])(-[#6:55](-[#6:56](=[#8:57])-[#8]-[#1])(-[#1:135])-[#1:136])-[#6:59](=[#8:60])-[#8:61].[#8]=[#15](-[#8])(-[#8])-[#8:66]-[#15:67](=[#8:68])(-[#8:69])-[#8:70]>>[#6]-[#16]-[#6:56](-[#6:55](-[#1:135])(-[#1:136])-[#1])=[#8:57].[#6:52]-[#6:53](=[#8:54])-[#6:59](=[#8:60])-[#8:61].[#8:66](-[#15:67](=[#8:68])(-[#8:69])-[#8:70])-[#1],"EVODEX.2-P2206,EVODEX.2-P2197,EVODEX.2-P2204,EVODEX.2-P2205,EVODEX.2-P2195"
EVODEX.2-E329,[#8]-[#15](=[#8])(-[#8])-[#8:65]-[#15:66](=[#8:67])(-[#8:68])-[#8:69].[#8:81]=[#6:82](-[#8]-[#1])-[#6:84](=[#8:85])-[#8:86]>>[#6]-[#16]-[#6:82](=[#8:81])-[#6:84](=[#8:85])-[#8:86].[#8:65](-[#15:66](=[#8:67])(-[#8:68])-[#8:69])-[#1],"EVODEX.2-P6019,EVODEX.2-P6044,EVODEX.2-P6046,EVODEX.2-P6048,EVODEX.2-P6049"
EVODEX.2-E330,[#8:50]-[#6:51]1:[#6:52](:[#6:53](/[#6:54](=[#6:55](/[#6:56](=[#8:57])-[#8]-[#1])-[#1:135])-[#1:134]):[#6:59](:[#6:60](:[#6:61]:1-[#8:62])-[#1:138])-[#1:137])-[#1:133].[#8]-[#15](=[#8])(-[#8])-[#8:85]-[#15:86](=[#8:87])(-[#8:88])-[#8:89]>>[#6]-[#16]-[#6:56](/[#6:55](=[#6:54](/[#6:53]1:[#6:52](:[#6:51](-[#8:50]):[#6:61](-[#8:62]):[#6:60](:[#6:59]:1-[#1:137])-[#1:138])-[#1:133])-[#1:134])-[#1:135])=[#8:57].[#8:85](-[#15:86](=[#8:87])(-[#8:88])-[#8:89])-[#1],"EVODEX.2-P5916,EVODEX.2-P5913,EVODEX.2-P5911,EVODEX.2-P5918,EVODEX.2-P5922"
EVODEX.2-E331,[#8]-[#15](=[#8])(-[#8])-[#8:71]-[#15:72](=[#8:73])(-[#8:74])-[#8:75].[#8:80]=[#6:81](-[#8]-[#1])-[#6:83]>>[#6]-[#16]-[#6:81](=[#8:80])-[#6:83].[#8:71](-[#15:72](=[#8:73])(-[#8:74])-[#8:75])-[#1],"EVODEX.2-P5883,EVODEX.2-P5946,EVODEX.2-P5947,EVODEX.2-P5894,EVODEX.2-P6037"
EVODEX.2-E332,[#6:1]-[#6:2](-[#6:3])=[#6:4](-[#6:5](-[#8:6]-[#15:7](=[#8:8])(-[#8:9])-[#8:10])(-[#1:34])-[#1:35])-[#1:33]>>[#6:1]-[#6:2](-[#6:3])=[#6:4](-[#6:5](-[#6]1:[#6]2:[#7](:[#6](:[#6](-[#6]):[#6]:2:[#6](:[#6](:[#6]:1-[#1])-[#1])-[#1])-[#1])-[#1])(-[#1:34])-[#1:35])-[#1:33].[#8:6](-[#15:7](=[#8:8])(-[#8:9])-[#8:10])-[#1],"EVODEX.2-P2809,EVODEX.2-P2542,EVODEX.2-P2812,EVODEX.2-P2814,EVODEX.2-P2810"
EVODEX.2-E333,[#6:47]-[#6@:48](-[#7:49](-[#1])-[#1])(-[#6:50](=[#8:51])-[#8:52])-[#1:117].[#7:53]-[#6:54]1:[#7:55]:[#6:56](:[#7:57]:[#6:58]2:[#6:59]:1:[#7:60]:[#6:61](:[#7:62]:2-[#6@@:63])-[#1:124])-[#1:123]>>[#6](-[#6@])(=[#8])-[#7:49](-[#6@@:48](-[#6:47])(-[#6:50](=[#8:51])-[#8:52])-[#1:117])-[#1].[#7:62]1(-[#6@@:63]):[#6:58]2:[#7:57]:[#6:56](:[#7:55]:[#6:54](-[#7:53]):[#6:59]:2:[#7:60]:[#6:61]:1-[#1:124])-[#1:123],"EVODEX.2-P6326,EVODEX.2-P6344,EVODEX.2-P6322,EVODEX.2-P6274,EVODEX.2-P6349"
EVODEX.2-E334,([#6:19]-[#6@:20](-[#7:21])(-[#6:38](=[#8:39])-[#8:40])-[#1:98].[#6:31]-[#6:32](=[#8:33])-[#8:34]-[#1])>>([#7](-[#6@])(-[#6:32](-[#6:31])=[#8:33])-[#1].[#7:21]-[#6@@:20](-[#6:19])(-[#6:38](=[#8:39])-[#8:40])-[#1:98]).[#8:34](-[#15](-[#8])(=[#8])-[#8])-[#1],"EVODEX.2-P6085,EVODEX.2-P6215,EVODEX.2-P6234,EVODEX.2-P6259,EVODEX.2-P6246"
EVODEX.2-E335,[#6:27](-[#6@@:25])(=[#8:28])-[#8:29]-[#1]>>[#6:27](-[#6@@:25])(=[#8:28])-[#7](-[#6@@])-[#1].[#8:29](-[#15](-[#8])(=[#8])-[#8])-[#1],"EVODEX.2-P6266,EVODEX.2-P6135,EVODEX.2-P6253,EVODEX.2-P6121,EVODEX.2-P6316"
EVODEX.2-E336,[#6:47]-[#6@:48](-[#7:49](-[#1])-[#1])(-[#6:50](=[#8:51])-[#8:52])-[#1:117].([#7:53]-[#6:54]1:[#7:55]:[#6:56](:[#7:57]:[#6:58]2:[#6:59]:1:[#7:60]:[#6:61](:[#7:62]:2-[#6@@:63])-[#1:124])-[#1:123].[#8:71]-[#15:72](=[#8:73])(-[#8:74])-[#8:75]-[#15:76](=[#8:77])(-[#8:78])-[#8:79])>>[#6](-[#6@])(=[#8])-[#7:49](-[#6@@:48](-[#6:47])(-[#6:50](=[#8:51])-[#8:52])-[#1:117])-[#1].([#8](-[#15:72](-[#8:71])(=[#8:73])-[#8:74])-[#1].[#7:62]1(-[#6@@:63]):[#6:58]2:[#7:57]:[#6:56](:[#7:55]:[#6:54](-[#7:53]):[#6:59]:2:[#7:60]:[#6:61]:1-[#1:124])-[#1:123]).[#8:75](-[#15:76](=[#8:77])(-[#8:78])-[#8:79])-[#1],"EVODEX.2-P6348,EVODEX.2-P6268,EVODEX.2-P6111,EVODEX.2-P6352,EVODEX.2-P6328"
EVODEX.2-E337,[#8]-[#15](=[#8])(-[#8])-[#8]-[#6@@:19](-[#8:20])(-[#6@:26])-[#1:75]>>[#8](-[#6@:19](-[#8:20])(-[#6@:26])-[#1:75])-[#6@],"EVODEX.2-P2397,EVODEX.2-P2318,EVODEX.2-P2357,EVODEX.2-P2341,EVODEX.2-P2406"
EVODEX.2-E338,[#7:39](-[#6@:38](-[#6@@:36])(-[#6:40])-[#1:105])(-[#1])-[#1]>>[#6]-[#6](=[#8])-[#7:39](-[#6@:38](-[#6@@:36])(-[#6:40])-[#1:105])-[#1],"EVODEX.2-P4953,EVODEX.2-P1808,EVODEX.2-P1813,EVODEX.2-P4945,EVODEX.2-P1829"
EVODEX.2-E339,[#8:22]-[#15:23](=[#8:24])(-[#8:25])-[#8:26]-[#16:27](=[#8:28])(=[#8:29])-[#8:30]>>[#6]-[#8]-[#16:27](=[#8:28])(=[#8:29])-[#8:30].[#8:22]-[#15:23](=[#8:24])(-[#8:25])-[#8:26]-[#1],"EVODEX.2-P3512,EVODEX.2-P3531,EVODEX.2-P3494,EVODEX.2-P3513,EVODEX.2-P3509"
EVODEX.2-E340,[#8:63]=[#8]>>[#6](-[#6])(-[#8:63]-[#1])(-[#1])-[#1],"EVODEX.2-P630,EVODEX.2-P635,EVODEX.2-P607,EVODEX.2-P220,EVODEX.2-P572"
EVODEX.2-E341,([#7:11]-[#6:12]1:[#7:13]:[#6:14](:[#7:15]:[#6:16]2:[#6:17]:1:[#7:18]:[#6:19](:[#7:20]:2-[#6@@:21])-[#1:61])-[#1:60].[#8:25]-[#15:26](=[#8:27])(-[#8:28])-[#8:29]-[#15:30](=[#8:31])(-[#8:32])-[#8:33])>>([#6]-[#6](=[#8])-[#8]-[#15:26](-[#8:25])(=[#8:27])-[#8:28].[#7:20]1(-[#6@@:21]):[#6:16]2:[#7:15]:[#6:14](:[#7:13]:[#6:12](-[#7:11]):[#6:17]:2:[#7:18]:[#6:19]:1-[#1:61])-[#1:60]).[#8:29](-[#15:30](=[#8:31])(-[#8:32])-[#8:33])-[#1],"EVODEX.2-P6031,EVODEX.2-P6022,EVODEX.2-P6081,EVODEX.2-P6040,EVODEX.2-P6041"
EVODEX.2-E342,[#6:1]-[#6:2](=[#8:3])-[#6:4](=[#8:5])-[#8:6]>>[#6:1]-[#6@:2](-[#8:3]-[#1])(-[#6:4](=[#8:5])-[#8:6])-[#6@](-[#6])(-[#6](=[#8])-[#8])-[#1],"EVODEX.2-P5656,EVODEX.2-P2171,EVODEX.2-P5655,EVODEX.2-P2191,EVODEX.2-P2164"
EVODEX.2-E343,[#8]-[#15](=[#8])(-[#8])-[#8]-[#6@@:42](-[#8:43])(-[#6@:49])-[#1:78]>>[#8]-[#6]1:[#6](:[#6](-[#8]):[#6]2:[#6](=[#8]):[#6](-[#8]-[#6@:42](-[#8:43])(-[#6@:49])-[#1:78]):[#6](-[#6]3:[#6](:[#6](:[#6](-[#8]):[#6](-[#8]):[#6]:3-[#1])-[#1])-[#1]):[#8]:[#6]:2:[#6]:1-[#1])-[#1],"EVODEX.2-P2471,EVODEX.2-P2469,EVODEX.2-P2346,EVODEX.2-P2498,EVODEX.2-P2344"
EVODEX.2-E344,[#6:47](-[#6@@:45])(=[#8:48])-[#8]-[#1]>>[#6:47](-[#6@@:45])(=[#8:48])-[#7](-[#6@])-[#1],"EVODEX.2-P6132,EVODEX.2-P4939,EVODEX.2-P4904,EVODEX.2-P4938,EVODEX.2-P4484"
EVODEX.2-E345,.[#7:30](-[#1])(-[#1])-[#1]>>.[#7:30](-[#6](-[#6])=[#8])(-[#1])-[#1],"EVODEX.2-P5018,EVODEX.2-P4928,EVODEX.2-P6074,EVODEX.2-P4760,EVODEX.2-P5023"
EVODEX.2-E346,[#7:9]-[#6@@:10](-[#6:11]-[#6:12]-[#6:13](=[#8:14])-[#8:15]-[#1])(-[#6:16](=[#8:17])-[#8:18])-[#1:77]>>[#6]-[#7](-[#6:13](-[#6:12]-[#6:11]-[#6@:10](-[#7:9])(-[#6:16](=[#8:17])-[#8:18])-[#1:77])=[#8:14])-[#1].[#8:15](-[#15](-[#8])(=[#8])-[#8])-[#1],"EVODEX.2-P6173,EVODEX.2-P6191,EVODEX.2-P6147,EVODEX.2-P6183,EVODEX.2-P6177"
EVODEX.2-E347,[#8:16]-[#6@:17](-[#8:18]-[#15:19](=[#8:20])(-[#8:21])-[#8:22])(-[#6@@:46]-[#6@:48](-[#8:49])(-[#6@@:50])-[#1:73])-[#1:56]>>[#8](-[#6@])-[#6@@:17](-[#8:16])(-[#6@@:46]-[#6@@:48](-[#6@@:50])(-[#8:49])-[#1:73])-[#1:56].[#8:18](-[#15:19](=[#8:20])(-[#8:21])-[#8:22])-[#1],"EVODEX.2-P2441,EVODEX.2-P2435,EVODEX.2-P2287,EVODEX.2-P2306,EVODEX.2-P2292"
EVODEX.2-E348,[#6:52]-[#6:53](=[#8:54])-[#8]-[#6@]>>[#6]-[#16]-[#6:53](-[#6:52])=[#8:54],"EVODEX.2-P1833,EVODEX.2-P1646,EVODEX.2-P1633,EVODEX.2-P1628,EVODEX.2-P1835"
EVODEX.2-E349,[#6:52]-[#6:53](=[#8:54])-[#6](-[#8])(-[#6])-[#6]>>[#6]-[#16]-[#6:53](-[#6:52])=[#8:54],"EVODEX.2-P1656,EVODEX.2-P1940,EVODEX.2-P1662,EVODEX.2-P1664,EVODEX.2-P1658"
EVODEX.2-E350,[#8:1](-[#1])-[#1]>>[#8:1](-[#6](-[#6])(-[#8])-[#1])-[#1],"EVODEX.2-P5744,EVODEX.2-P4274,EVODEX.2-P4299,EVODEX.2-P3917,EVODEX.2-P4118"
EVODEX.2-E351,[#8:36](-[#6:37])-[#1]>>[#8]-[#6@](-[#6@@])(-[#8:36]-[#6:37])-[#1],"EVODEX.2-P2413,EVODEX.2-P2322,EVODEX.2-P2312,EVODEX.2-P2394,EVODEX.2-P4318"
EVODEX.2-E352,[#8:45](-[#6@@:44]1(-[#6@:43]-[#6@@:76]-[#6@:74](-[#6@:71](-[#8:70]-1)(-[#6:72])-[#1:128])(-[#8:75])-[#1:132])-[#1:114])-[#15:46](=[#8:47])(-[#8:48])-[#8:49]>>[#6]-[#8]-[#6@:44]1(-[#6@:43]-[#6@@:76]-[#6@@:74](-[#8:75])(-[#6@@:71](-[#6:72])(-[#8:70]-1)-[#1:128])-[#1:132])-[#1:114].[#8:45](-[#15:46](=[#8:47])(-[#8:48])-[#8:49])-[#1],"EVODEX.2-P2415,EVODEX.2-P2323,EVODEX.2-P2263,EVODEX.2-P2434,EVODEX.2-P2373"
EVODEX.2-E353,[#8:34](-[#6@:27](-[#6@:26])(-[#6@:28])-[#1:87])-[#6@:35](-[#8:36]-[#15:37](=[#8:38])(-[#8:39])-[#8:40])(-[#6:57](=[#8:58])-[#8:59])-[#6:60]>>[#8](-[#6@])-[#6@:35](-[#6:57](=[#8:58])-[#8:59])(-[#8:34]-[#6@@:27](-[#6@:28])(-[#6@:26])-[#1:87])-[#6:60].[#8:36](-[#15:37](=[#8:38])(-[#8:39])-[#8:40])-[#1],"EVODEX.2-P2521,EVODEX.2-P2516,EVODEX.2-P2515,EVODEX.2-P2507,EVODEX.2-P2502"
EVODEX.2-E354,([#6:39]-[#6@:40](-[#7:41])(-[#6:46](=[#8:47])-[#7:48])-[#1:117].[#6:44]-[#7:45](-[#1])-[#1])>>([#6](-[#6@@])(=[#8])-[#7:45](-[#6:44])-[#1].[#7:41]-[#6@@:40](-[#6:39])(-[#6:46](=[#8:47])-[#7:48])-[#1:117]),"EVODEX.2-P2054,EVODEX.2-P2051,EVODEX.2-P4630,EVODEX.2-P2060,EVODEX.2-P4632"
EVODEX.2-E355,[#8:37]-[#15:38](=[#8:39])(-[#8:40])-[#8:41]-[#6@@:42](-[#8:43])(-[#6@:49])-[#1:78]>>[#8]-[#6]1:[#6](:[#6](-[#8]):[#6]2:[#6](=[#8]):[#6](-[#8]-[#6@:42](-[#8:43])(-[#6@:49])-[#1:78]):[#6](-[#6]3:[#6](:[#6](:[#6](-[#8]):[#6](-[#8]):[#6]:3-[#1])-[#1])-[#1]):[#8]:[#6]:2:[#6]:1-[#1])-[#1].[#8:37]-[#15:38](=[#8:39])(-[#8:40])-[#8:41]-[#1],"EVODEX.2-P2472,EVODEX.2-P2470,EVODEX.2-P2467,EVODEX.2-P2404,EVODEX.2-P2347"
EVODEX.2-E356,[#6:1]-[#6:2]1:[#6:3](:[#6:4](=[#8:5]):[#8:6]:[#6:7]2:[#6:8](:[#6:9](-[#7:10](-[#1])-[#1]):[#6:11](:[#6:12](:[#6:13]:1:2)-[#1:32])-[#1:31])-[#1:28])-[#1:27]>>[#6:1]-[#6:2]1:[#6:3](:[#6:4](=[#8:5]):[#8:6]:[#6:7]2:[#6:8](:[#6:9](-[#7:10](-[#6](=[#8])-[#6])-[#1]):[#6:11](:[#6:12](:[#6:13]:1:2)-[#1:32])-[#1:31])-[#1:28])-[#1:27],"EVODEX.2-P1601,EVODEX.2-P4551,EVODEX.2-P4641,EVODEX.2-P4556,EVODEX.2-P4907"
EVODEX.2-E357,([#6:28]-[#6@:29](-[#7:30])(-[#6:49](=[#8:50])-[#7:51])-[#1:94].[#6:47]-[#16:48]-[#1])>>([#6]/[#6](-[#6])=[#6](/[#6](-[#16:48]-[#6:47])(-[#1])-[#1])-[#1].[#7:30]-[#6@@:29](-[#6:28])(-[#6:49](=[#8:50])-[#7:51])-[#1:94]),"EVODEX.2-P2710,EVODEX.2-P2706,EVODEX.2-P2712,EVODEX.2-P2700,EVODEX.2-P2711"
EVODEX.2-E358,([#6:33]-[#6@:34](-[#7:35]-[#6:36](=[#8:37])-[#6@@:38](-[#7:39])(-[#6:46])-[#1:105])(-[#6:49](=[#8:50])-[#7:51])-[#1:103].[#6:44]-[#16:45]-[#1])>>([#6]/[#6](-[#6])=[#6](/[#6](-[#16:45]-[#6:44])(-[#1])-[#1])-[#1].[#7:39]-[#6@:38](-[#6:36](-[#7:35]-[#6@@:34](-[#6:33])(-[#6:49](=[#8:50])-[#7:51])-[#1:103])=[#8:37])(-[#6:46])-[#1:105]),"EVODEX.2-P2760,EVODEX.2-P2714,EVODEX.2-P2716,EVODEX.2-P2722,EVODEX.2-P2678"
EVODEX.2-E359,([#6:33]-[#6@:34](-[#7:35])(-[#6:79](=[#8:80])-[#8:81])-[#1:127].[#7:43]-[#6:44](=[#8:45])-[#6@@:46](-[#7:47]-[#6:48](=[#8:49])-[#6@:50](-[#6:51]-[#16:52]-[#1])(-[#7:53])-[#1:142])(-[#6:76])-[#1:140])>>([#6]/[#6](-[#6])=[#6](/[#6](-[#16:52]-[#6:51]-[#6@@:50](-[#6:48](-[#7:47]-[#6@:46](-[#6:44](-[#7:43])=[#8:45])(-[#6:76])-[#1:140])=[#8:49])(-[#7:53])-[#1:142])(-[#1])-[#1])-[#1].[#7:35]-[#6@@:34](-[#6:33])(-[#6:79](=[#8:80])-[#8:81])-[#1:127]),"EVODEX.2-P2744,EVODEX.2-P2739,EVODEX.2-P2742,EVODEX.2-P2758,EVODEX.2-P2731"
EVODEX.2-E360,[#7:35](-[#6@@:34](-[#6@:32])(-[#6:54](=[#8:55])-[#7:56])-[#1:118])-[#6:36](=[#8:37])-[#6@:38](-[#6:39]-[#16:40]-[#1])(-[#7:41])-[#1:120]>>[#6]/[#6](-[#6])=[#6](/[#6](-[#16:40]-[#6:39]-[#6@@:38](-[#6:36](-[#7:35]-[#6@@:34](-[#6@:32])(-[#6:54](=[#8:55])-[#7:56])-[#1:118])=[#8:37])(-[#7:41])-[#1:120])(-[#1])-[#1])-[#1],"EVODEX.2-P2735,EVODEX.2-P2734,EVODEX.2-P2729,EVODEX.2-P2745,EVODEX.2-P2737"
EVODEX.2-E361,[#6:32]-[#6@:34](-[#7:35]-[#6:36](=[#8:37])-[#6@@:38](-[#7:39]-[#6:40](=[#8:41])-[#6@:42](-[#6:43]-[#16:44]-[#1])(-[#7:45])-[#1:124])(-[#6:62])-[#1:122])(-[#6:65](=[#8:66])-[#7:67])-[#1:120]>>[#6]/[#6](-[#6])=[#6](/[#6](-[#16:44]-[#6:43]-[#6@@:42](-[#6:40](-[#7:39]-[#6@:38](-[#6:36](-[#7:35]-[#6@@:34](-[#6:32])(-[#6:65](=[#8:66])-[#7:67])-[#1:120])=[#8:37])(-[#6:62])-[#1:122])=[#8:41])(-[#7:45])-[#1:124])(-[#1])-[#1])-[#1],"EVODEX.2-P2738,EVODEX.2-P2756,EVODEX.2-P2741,EVODEX.2-P2687,EVODEX.2-P2681"
EVODEX.2-E362,[#8:9](-[#6@:8])-[#6@:10](-[#8:11])(-[#6@:19])-[#1:48]>>[#8](-[#6@:10](-[#8:11])(-[#6@:19])-[#1:48])-[#6@].[#8:9](-[#6@:8])-[#1],"EVODEX.2-P2458,EVODEX.2-P2411,EVODEX.2-P2313,EVODEX.2-P2316,EVODEX.2-P4073"
EVODEX.2-E363,[#8:13]-[#6@:14](-[#8:15]-[#15:16](=[#8:17])(-[#8:18])-[#8:19])(-[#6:36](=[#8:37])-[#8:38])-[#6:39]>>[#8:13]-[#6@@:14](-[#6:36](=[#8:37])-[#8:38])(-[#8]-[#6@@])-[#6:39].[#8:15](-[#15:16](=[#8:17])(-[#8:18])-[#8:19])-[#1],"EVODEX.2-P2519,EVODEX.2-P2503,EVODEX.2-P2525,EVODEX.2-P2522,EVODEX.2-P2513"
EVODEX.2-E364,[#6:15]-[#6:16](=[#8:17])-[#6](=[#8])-[#8].[#8:21]=[#8:22]>>[#6]-[#6@](-[#6@@])(-[#8:21]-[#1])-[#1].[#6:15]-[#6:16](=[#8:17])-[#8:22]-[#1],"EVODEX.2-P344,EVODEX.2-P335,EVODEX.2-P475,EVODEX.2-P472,EVODEX.2-P341"
EVODEX.2-E365,[#6:5]-[#6@:6](-[#7:7](-[#1])-[#1])(-[#6:8](=[#8:9])-[#8:10])-[#1]>>[#6:5]-[#6:6](-[#6:8](=[#8:9])-[#8:10])=[#8].[#7:7](-[#6@](-[#6])(-[#6])-[#1])(-[#1])-[#1],"EVODEX.2-P2911,EVODEX.2-P3061,EVODEX.2-P3057,EVODEX.2-P2966,EVODEX.2-P2939"
EVODEX.2-E366,[#8:27]=[#8]>>[#6]-[#6](-[#8:27]-[#1])(-[#6])-[#1],"EVODEX.2-P343,EVODEX.2-P215,EVODEX.2-P624,EVODEX.2-P217,EVODEX.2-P610"
EVODEX.2-E367,[#6:81]/[#6:82](=[#6:83](/[#8:84]-[#1])-[#1:185])-[#1:184]>>[#6]-[#6](=[#8])-[#8:84]/[#6:83](=[#6:82](/[#6:81])-[#1:184])-[#1:185],"EVODEX.2-P1961,EVODEX.2-P1990,EVODEX.2-P1958,EVODEX.2-P2001,EVODEX.2-P2003"
EVODEX.2-E368,[#8:85]-[#6@:86](-[#6:87]-[#8:88]-[#1])(-[#6:89])-[#1:202]>>[#6]-[#6](=[#8])-[#8:88]-[#6:87]-[#6@@:86](-[#8:85])(-[#6:89])-[#1:202],"EVODEX.2-P1920,EVODEX.2-P1769,EVODEX.2-P1917,EVODEX.2-P1921,EVODEX.2-P1623"
EVODEX.2-E369,[#7:62]-[#6@@:63](-[#6:64])(-[#6:66](=[#8:67])-[#8:68]-[#1])-[#1:129]>>[#6:66](=[#8:67])=[#8:68].[#6]-[#6](=[#8])-[#6:63](-[#7:62])(-[#6:64])-[#1:129],"EVODEX.2-P1865,EVODEX.2-P1877,EVODEX.2-P1882,EVODEX.2-P1867,EVODEX.2-P1885"
EVODEX.2-E370,[#6:15]-[#6:16](=[#8:17])-[#16:18]-[#6:19]>>[#6:15]-[#6:16](=[#8:17])-[#8]/[#6](=[#6](/[#6])-[#1])-[#1].[#16:18](-[#6:19])-[#1],"EVODEX.2-P1997,EVODEX.2-P1988,EVODEX.2-P1993,EVODEX.2-P1995,EVODEX.2-P2002"
EVODEX.2-E371,[#6:16]/[#6:17](-[#6:18])=[#6:19](/[#6:20](-[#8]-[#15](=[#8])(-[#8])-[#8])(-[#1:89])-[#1:90])-[#1:88]>>[#6:16]/[#6:17](-[#6:18])=[#6:19](/[#6:20](-[#16]-[#6])(-[#1:89])-[#1:90])-[#1:88],"EVODEX.2-P2697,EVODEX.2-P2689,EVODEX.2-P2695,EVODEX.2-P2691,EVODEX.2-P2675"
EVODEX.2-E372,[#8:1]=[#15:2](-[#8:3])(-[#8:4])-[#8:5]-[#6:6](-[#8:7])(-[#6@:15])-[#1:48]>>[#8](-[#6@:6](-[#8:7])(-[#6@:15])-[#1:48])-[#6].[#8:1]=[#15:2](-[#8:3])(-[#8:4])-[#8:5]-[#1],"EVODEX.2-P2248,EVODEX.2-P2491,EVODEX.2-P2353,EVODEX.2-P2380,EVODEX.2-P2253"
EVODEX.2-E373,[#8:54](-[#1])-[#1]>>[#6](-[#6])(-[#8:54]-[#1])(-[#1])-[#1],"EVODEX.2-P3882,EVODEX.2-P5435,EVODEX.2-P4934,EVODEX.2-P4307,EVODEX.2-P3948"
EVODEX.2-E374,[#8:37]=[#15:38](-[#8:39]-[#1])(-[#8:40])-[#8:41]>>[#8:39](-[#6@@](-[#8])(-[#6@])-[#1])-[#15:38](=[#8:37])(-[#8:40])-[#8:41],"EVODEX.2-P2246,EVODEX.2-P2444,EVODEX.2-P2224,EVODEX.2-P2462,EVODEX.2-P2244"
EVODEX.2-E375,[#6:81]-[#8:82]-[#1]>>[#6]-[#6](=[#6](-[#6](=[#8])-[#8:82]-[#6:81])-[#1])-[#1],"EVODEX.2-P1974,EVODEX.2-P1971,EVODEX.2-P1998,EVODEX.2-P1852,EVODEX.2-P1980"
EVODEX.2-E376,[#6:17]-[#6:18](=[#6:19](-[#6:20](=[#8:21])-[#16:22]-[#6:23])-[#1:119])-[#1:118]>>[#6:17]-[#6:18](=[#6:19](-[#6:20](=[#8:21])-[#8]-[#6])-[#1:119])-[#1:118].[#16:22](-[#6:23])-[#1],"EVODEX.2-P1976,EVODEX.2-P1969,EVODEX.2-P1978,EVODEX.2-P1972,EVODEX.2-P1834"
EVODEX.2-E377,([#7:11]-[#6:12]1:[#7:13]:[#6:14](:[#7:15]:[#6:16]2:[#6:17]:1:[#7:18]:[#6:19](:[#7:20]:2-[#6@@:21])-[#1:55])-[#1:54].[#8:25]-[#15:26](=[#8:27])(-[#8:28])-[#8:29]-[#15:30](=[#8:31])(-[#8:32])-[#8:33])>>([#6]-[#8]-[#15:26](-[#8:25])(=[#8:27])-[#8:28].[#7:20]1(-[#6@@:21]):[#6:16]2:[#7:15]:[#6:14](:[#7:13]:[#6:12](-[#7:11]):[#6:17]:2:[#7:18]:[#6:19]:1-[#1:55])-[#1:54]).[#8:29](-[#15:30](=[#8:31])(-[#8:32])-[#8:33])-[#1],"EVODEX.2-P3440,EVODEX.2-P3434,EVODEX.2-P3441,EVODEX.2-P3436,EVODEX.2-P3373"
EVODEX.2-E378,[#6:2]-[#6:3](=[#8:4])-[#16:5]-[#6:6]>>[#6:2]-[#6:3](=[#8:4])-[#8]-[#6].[#16:5](-[#6:6])-[#1],"EVODEX.2-P1722,EVODEX.2-P1822,EVODEX.2-P1772,EVODEX.2-P1720,EVODEX.2-P1986"
EVODEX.2-E379,[#6:9]-[#6:10](=[#8:11])-[#1:27]>>[#6](#[#7])-[#6@:10](-[#6:9])(-[#8:11]-[#1])-[#1:27],"EVODEX.2-P5520,EVODEX.2-P5625,EVODEX.2-P5513,EVODEX.2-P5525,EVODEX.2-P5620"
EVODEX.2-E380,[#6:7]-[#6:8](=[#8:9])-[#6:10]>>[#6](#[#7])-[#6@:8](-[#6:7])(-[#8:9]-[#1])-[#6:10],"EVODEX.2-P5632,EVODEX.2-P5534,EVODEX.2-P5541,EVODEX.2-P5522,EVODEX.2-P5530"
EVODEX.2-E381,[#7:9](-[#6:10])(-[#1])-[#1]>>[#7]-[#6](=[#8])-[#7:9](-[#6:10])-[#1],"EVODEX.2-P1517,EVODEX.2-P1510,EVODEX.2-P1500,EVODEX.2-P1497,EVODEX.2-P1506"
EVODEX.2-E382,[#6:2]-[#8:5]-[#1]>>[#6:2]-[#8:5]-[#6](-[#7])=[#8],"EVODEX.2-P4763,EVODEX.2-P4764,EVODEX.2-P1499,EVODEX.2-P4765,EVODEX.2-P1519"
EVODEX.2-E383,[#6:6]-[#16:7]-[#1]>>[#6:6]-[#16:7]-[#6](-[#1])(-[#1])-[#1],"EVODEX.2-P1438,EVODEX.2-P1385,EVODEX.2-P1364,EVODEX.2-P1481,EVODEX.2-P1419"
EVODEX.2-E384,[#7:28](-[#6:29])(-[#1])-[#1]>>[#6](-[#7:28](-[#6:29])-[#1])(-[#1])(-[#1])-[#1],"EVODEX.2-P1411,EVODEX.2-P1428,EVODEX.2-P1422,EVODEX.2-P1384,EVODEX.2-P1441"
EVODEX.2-E385,[#8:14](-[#6:15])-[#1]>>[#6](-[#8:14]-[#6:15])(-[#1])(-[#1])-[#1],"EVODEX.2-P1444,EVODEX.2-P1418,EVODEX.2-P1435,EVODEX.2-P1386,EVODEX.2-P1417"
EVODEX.2-E386,[#6:1]-[#7:6](-[#6:5])-[#1]>>[#6:1]-[#7:6](-[#6:5])-[#6](-[#1])(-[#1])-[#1],"EVODEX.2-P1470,EVODEX.2-P1485,EVODEX.2-P1440,EVODEX.2-P1377,EVODEX.2-P1410"
EVODEX.2-E387,[#6:1]-[#6:2](-[#6:3])=[#6:4](-[#6:5])-[#1]>>[#6:1]-[#6:2](-[#6:3])(-[#6:4](-[#6:5])=[#6](-[#1])-[#1])-[#1],"EVODEX.2-P1394,EVODEX.2-P1390,EVODEX.2-P1446,EVODEX.2-P1389,EVODEX.2-P1425"
EVODEX.2-E388,[#6:1](-[#6](-[#6])(-[#1])-[#1])(-[#1:17])(-[#1:18])-[#1:19].[#6:10]-[#6:11](-[#6@:12])(-[#1:30])-[#1]>>[#6:1](-[#6@@:11](-[#6:10])(-[#6@:12])-[#1:30])(-[#1:17])(-[#1:18])-[#1:19],"EVODEX.2-P2982,EVODEX.2-P2988,EVODEX.2-P2993,EVODEX.2-P3002,EVODEX.2-P2983"
EVODEX.2-E389,[#7:13](-[#6@@:14])(-[#1])-[#1]>>[#7](=[#6](-[#7])-[#7:13](-[#6@@:14])-[#1])-[#1],"EVODEX.2-P1521,EVODEX.2-P1535,EVODEX.2-P1530,EVODEX.2-P1525,EVODEX.2-P4809"
EVODEX.2-E390,[#6]-[#6](=[#8])-[#8]-[#6:5](-[#6:6])(-[#1:23])-[#1:24]>>[#6:5](-[#6:6])(-[#16]-[#6])(-[#1:23])-[#1:24],"EVODEX.2-P2647,EVODEX.2-P2661,EVODEX.2-P2658,EVODEX.2-P2628,EVODEX.2-P2625"
EVODEX.2-E391,[#6:13](-[#6@@:5])(=[#8:14])-[#8:15]-[#1]>>[#6:13](-[#6@@:5])(=[#8:14])-[#8]-[#6].[#8:15](-[#1])-[#1],"EVODEX.2-P3800,EVODEX.2-P3738,EVODEX.2-P3723,EVODEX.2-P3842,EVODEX.2-P3778"
EVODEX.2-E392,[#6:2]-[#7:3](-[#6:4](=[#8:5])-[#6:6])-[#1]>>[#6:4](=[#8:5])(-[#6:6])-[#8]-[#6].[#6:2]-[#7:3](-[#1])-[#1],"EVODEX.2-P4811,EVODEX.2-P4410,EVODEX.2-P4396,EVODEX.2-P4401,EVODEX.2-P4382"
EVODEX.2-E393,[#8:49]-[#6@@:50](-[#6:51])(-[#8:53]-[#6@@:54](-[#8:55])(-[#6@:63])-[#1:118])-[#6@@:65]>>[#6]-[#8]-[#6@@:50](-[#6:51])(-[#8:49])-[#6@@:65].[#8:53](-[#6:54](-[#8:55])(-[#6@:63])-[#1:118])-[#1],"EVODEX.2-P2234,EVODEX.2-P2235,EVODEX.2-P2230,EVODEX.2-P2277,EVODEX.2-P2275"
EVODEX.2-E394,[#8:6]-[#6@:7](-[#8:8]-[#6:9])(-[#6@@:20]-[#6@@:22](-[#8:23])(-[#6@@:24])-[#1:48])-[#1:34]>>[#6]-[#8]-[#6@@:7](-[#8:6])(-[#6@@:20]-[#6@:22](-[#6@@:24])(-[#8:23])-[#1:48])-[#1:34].[#8:8](-[#6:9])-[#1],"EVODEX.2-P4096,EVODEX.2-P4095,EVODEX.2-P2271,EVODEX.2-P4237,EVODEX.2-P4234"
EVODEX.2-E395,[#7:11]-[#6@@:12](-[#6:13]-[#6:14]-[#6:15](=[#8:16])-[#8:17]-[#1])(-[#6:18](=[#8:19])-[#8:20])-[#1:54].([#7:21]-[#6:22]1:[#7:23]:[#6:24](:[#7:25]:[#6:26]2:[#6:27]:1:[#7:28]:[#6:29](:[#7:30]:2-[#6@@:31])-[#1:75])-[#1:74].[#8:39]-[#15:40](=[#8:41])(-[#8:42])-[#8:43]-[#15:44](=[#8:45])(-[#8:46])-[#8:47])>>[#7](-[#6])(-[#6:15](-[#6:14]-[#6:13]-[#6@:12](-[#7:11])(-[#6:18](=[#8:19])-[#8:20])-[#1:54])=[#8:16])-[#1].([#8:17](-[#15:40](-[#8:39])(=[#8:41])-[#8:42])-[#1].[#7:30]1(-[#6@@:31]):[#6:26]2:[#7:25]:[#6:24](:[#7:23]:[#6:22](-[#7:21]):[#6:27]:2:[#7:28]:[#6:29]:1-[#1:75])-[#1:74]).[#8:43](-[#15:44](=[#8:45])(-[#8:46])-[#8:47])-[#1],"EVODEX.2-P6175,EVODEX.2-P6160,EVODEX.2-P6370,EVODEX.2-P6162,EVODEX.2-P6169"
EVODEX.2-E396,[#6:59]-[#6:60](=[#8])-[#6:62](=[#8:63])-[#8:64]>>[#7](-[#6])(-[#6@@:60](-[#6:59])(-[#6:62](=[#8:63])-[#8:64])-[#1])-[#1],"EVODEX.2-P1250,EVODEX.2-P1248,EVODEX.2-P1221,EVODEX.2-P1224,EVODEX.2-P1254"
EVODEX.2-E397,[#8:58]=[#6:59](-[#8:60])-[#6:61](=[#8:62])-[#6:63]>>[#7](-[#6])(-[#6:61](-[#6:59](=[#8:58])-[#8:60])(-[#6:63])-[#1])-[#1].[#8:62](-[#1])-[#1],"EVODEX.2-P1251,EVODEX.2-P1223,EVODEX.2-P1246,EVODEX.2-P1266,EVODEX.2-P1259"
EVODEX.2-E398,[#6:15]-[#6:16](=[#8:17])-[#16]-[#6]>>[#6:15]-[#6:16](=[#8:17])-[#8]/[#6](=[#6](/[#6])-[#1])-[#1],"EVODEX.2-P1960,EVODEX.2-P2004,EVODEX.2-P1959,EVODEX.2-P1994,EVODEX.2-P1956"
EVODEX.2-E399,[#6]-[#6](=[#8])-[#7:5](-[#6@@:6])-[#1].[#8:46]=[#15:47](-[#8:48]-[#1])(-[#8:49])-[#8:50]>>[#8]-[#15](=[#8])(-[#8])-[#8:48]-[#15:47](=[#8:46])(-[#8:49])-[#8:50].[#7:5](-[#6@@:6])(-[#1])-[#1],"EVODEX.2-P6340,EVODEX.2-P6122,EVODEX.2-P6116,EVODEX.2-P6114,EVODEX.2-P6153"
EVODEX.2-E400,.[#7:1](-[#6:2])(-[#1])-[#1]>>.[#7:1](-[#6:2])(-[#6](=[#8])-[#1])-[#1],"EVODEX.2-P5138,EVODEX.2-P5139,EVODEX.2-P1496,EVODEX.2-P1487,EVODEX.2-P5128"
EVODEX.2-E401,[#6:5]-[#6:6](=[#8:7])-[#1]>>[#6:5]-[#6:6](=[#8:7])-[#6](-[#8])=[#8],"EVODEX.2-P5460,EVODEX.2-P5459,EVODEX.2-P5465,EVODEX.2-P5474,EVODEX.2-P5470"
EVODEX.2-E402,[#8:34](-[#1])-[#1]>>[#7]-[#6](=[#8:34])-[#1],"EVODEX.2-P5247,EVODEX.2-P5225,EVODEX.2-P5287,EVODEX.2-P5235,EVODEX.2-P5232"
EVODEX.2-E403,[#6:2]-[#6:3](=[#8:4])-[#8:5]-[#1]>>[#6:2]-[#6:3](=[#8:4])-[#7](-[#6])-[#1].[#8:5](-[#1])-[#1],"EVODEX.2-P5130,EVODEX.2-P4631,EVODEX.2-P4664,EVODEX.2-P5123,EVODEX.2-P4661"
EVODEX.2-E404,[#6:6]-[#8:7]-[#6:8](=[#8:9])-[#6:10]>>[#6]-[#8]-[#6:8](=[#8:9])-[#6:10].[#6:6]-[#8:7]-[#1],"EVODEX.2-P2006,EVODEX.2-P1855,EVODEX.2-P1627,EVODEX.2-P1624,EVODEX.2-P1858"
EVODEX.2-E405,[#8:30](-[#1])-[#1]>>[#6]-[#6](-[#6])(-[#6](=[#6](-[#1])-[#1])-[#1])-[#8:30]-[#1],"EVODEX.2-P5672,EVODEX.2-P4060,EVODEX.2-P5760,EVODEX.2-P3643,EVODEX.2-P5673"
EVODEX.2-E406,[#8:21]=[#8:22]>>[#6]/[#6](=[#6](-[#6](=[#6](\[#6](-[#6])(-[#8:21]-[#8:22]-[#1])-[#1])-[#1])\[#1])/[#1])-[#1],"EVODEX.2-P253,EVODEX.2-P247,EVODEX.2-P244,EVODEX.2-P245,EVODEX.2-P248"
EVODEX.2-E407,[#6:52]-[#6:53](=[#8:54])-[#6](=[#8])-[#8]>>[#6]-[#16]-[#6:53](-[#6:52])=[#8:54],"EVODEX.2-P854,EVODEX.2-P785,EVODEX.2-P774,EVODEX.2-P823,EVODEX.2-P773"
EVODEX.2-E408,[#6:47]-[#16:48]-[#6:49](=[#8:50])/[#6:51](=[#6:52](/[#6:53]1:[#6:54](:[#6:55](:[#6:56](-[#8:57]):[#6:58](:[#6:59]:1-[#1:136])-[#1:135])-[#1:133])-[#1:132])-[#1:131])-[#1:130]>>[#6:49](=[#8:50])(/[#6:51](=[#6:52](/[#6:53]1:[#6:54](:[#6:55](:[#6:56](-[#8:57]):[#6:58](:[#6:59]:1-[#1:136])-[#1:135])-[#1:133])-[#1:132])-[#1:131])-[#1:130])-[#8]-[#6].[#6:47]-[#16:48]-[#1],"EVODEX.2-P1615,EVODEX.2-P1686,EVODEX.2-P1784,EVODEX.2-P1779,EVODEX.2-P1687"
EVODEX.2-E409,[#6:78](-[#6@:50])(=[#8:79])-[#8:80]-[#1].([#7:81]-[#6:82]1:[#7:83]:[#6:84](:[#7:85]:[#6:86]2:[#6:87]:1:[#7:88]:[#6:89](:[#7:90]:2-[#6@@:91])-[#1:197])-[#1:196].[#8:95]-[#15:96](=[#8:97])(-[#8:98])-[#8]-[#15](=[#8])(-[#8])-[#8])>>[#6]-[#16]-[#6:78](-[#6@:50])=[#8:79].([#8:80](-[#15:96](-[#8:95])(=[#8:97])-[#8:98])-[#1].[#7:90]1(-[#6@@:91]):[#6:86]2:[#7:85]:[#6:84](:[#7:83]:[#6:82](-[#7:81]):[#6:87]:2:[#7:88]:[#6:89]:1-[#1:197])-[#1:196]),"EVODEX.2-P6006,EVODEX.2-P312,EVODEX.2-P5982,EVODEX.2-P5980,EVODEX.2-P5961"
EVODEX.2-E410,[#8]-[#15](=[#8])(-[#8])-[#8:71]-[#15:72](=[#8:73])(-[#8:74])-[#8:75].[#8:80]=[#6:81](-[#8]-[#1])/[#6:83](=[#6:84](/[#6:85])-[#1:143])-[#1:142]>>[#6]-[#16]-[#6:81](=[#8:80])/[#6:83](=[#6:84](/[#6:85])-[#1:143])-[#1:142].[#8:71](-[#15:72](=[#8:73])(-[#8:74])-[#8:75])-[#1],"EVODEX.2-P6011,EVODEX.2-P5909,EVODEX.2-P5958,EVODEX.2-P5957,EVODEX.2-P6033"
EVODEX.2-E411,[#8:59]-[#15:60](=[#8:61])(-[#8:62])-[#8]-[#15](=[#8])(-[#8])-[#8].[#6:82]-[#6:83](=[#8:84])-[#6:85]1:[#6:86](:[#6:87](:[#6:88](:[#6:89](:[#6:90]:1-[#6:91](=[#8:92])-[#8:93]-[#1])-[#1:155])-[#1:154])-[#1:153])-[#1:152]>>[#6]-[#16]-[#6:91](-[#6:90]1:[#6:85](-[#6:83](-[#6:82])=[#8:84]):[#6:86](:[#6:87](:[#6:88](:[#6:89]:1-[#1:155])-[#1:154])-[#1:153])-[#1:152])=[#8:92].[#8:59]-[#15:60](=[#8:61])(-[#8:62])-[#8:93]-[#1],"EVODEX.2-P5965,EVODEX.2-P5964,EVODEX.2-P5967,EVODEX.2-P5968,EVODEX.2-P5974"
EVODEX.2-E412,[#6:84]-[#6:86](=[#8:87])-[#8]-[#1]>>[#6]-[#16]-[#6:86](-[#6:84])=[#8:87],"EVODEX.2-P5953,EVODEX.2-P3544,EVODEX.2-P3553,EVODEX.2-P3572,EVODEX.2-P3548"
EVODEX.2-E413,[#6:12]-[#16:13]-[#1]>>[#6](-[#6@@])(-[#16:13]-[#6:12])(-[#1])-[#1],"EVODEX.2-P2667,EVODEX.2-P1949,EVODEX.2-P5686,EVODEX.2-P2662,EVODEX.2-P2644"
EVODEX.2-E414,[#6:1]-[#6:2](=[#8:3])-[#6:4](=[#8:5])-[#8:6]>>[#6:1]-[#6:2](=[#8:3])-[#16]-[#6].[#6:4](=[#8:5])(-[#8:6])-[#1],"EVODEX.2-P772,EVODEX.2-P775,EVODEX.2-P824,EVODEX.2-P858,EVODEX.2-P859"
EVODEX.2-E415,[#6:78](-[#6@:50])(=[#8:79])-[#8:80]-[#1].([#7:81]-[#6:82]1:[#7:83]:[#6:84](:[#7:85]:[#6:86]2:[#6:87]:1:[#7:88]:[#6:89](:[#7:90]:2-[#6@@:91])-[#1:197])-[#1:196].[#8:95]-[#15:96](=[#8:97])(-[#8:98])-[#8:99]-[#15:100](=[#8:101])(-[#8:102])-[#8:103])>>[#6]-[#16]-[#6:78](-[#6@:50])=[#8:79].([#8:80](-[#15:96](-[#8:95])(=[#8:97])-[#8:98])-[#1].[#7:90]1(-[#6@@:91]):[#6:86]2:[#7:85]:[#6:84](:[#7:83]:[#6:82](-[#7:81]):[#6:87]:2:[#7:88]:[#6:89]:1-[#1:197])-[#1:196]).[#8:99](-[#15:100](=[#8:101])(-[#8:102])-[#8:103])-[#1],"EVODEX.2-P5892,EVODEX.2-P6009,EVODEX.2-P5887,EVODEX.2-P6034,EVODEX.2-P5983"
EVODEX.2-E416,[#6:63]-[#6:64](=[#8:65])-[#8:66]-[#6:67]>>[#6]-[#16]-[#6:64](-[#6:63])=[#8:65].[#8:66](-[#6:67])-[#1],"EVODEX.2-P1830,EVODEX.2-P1909,EVODEX.2-P1637,EVODEX.2-P1692,EVODEX.2-P1796"
EVODEX.2-E417,[#6:47]-[#16:48]-[#6:49](=[#8:50])-[#6:51]>>[#6:49](=[#8:50])(-[#6:51])-[#16]-[#6].[#6:47]-[#16:48]-[#1],"EVODEX.2-P1730,EVODEX.2-P1792,EVODEX.2-P1726,EVODEX.2-P1912,EVODEX.2-P1794"
EVODEX.2-E418,[#6:52]-[#6:53](=[#8:54])-[#6:55](-[#8:56])(-[#6:57])-[#6:61]>>[#6]-[#16]-[#6:53](-[#6:52])=[#8:54].[#6:55](-[#8:56])(-[#6:57])(-[#6:61])-[#1],"EVODEX.2-P1665,EVODEX.2-P1651,EVODEX.2-P1639,EVODEX.2-P1937,EVODEX.2-P1659"
EVODEX.2-E419,[#6:50]-[#6:51](=[#8:52])-[#6:53](-[#6:54](=[#8:55])-[#16:56])(-[#1:145])-[#1:146]>>[#6]-[#16]-[#6:51](-[#6:50])=[#8:52].[#6:53](-[#6:54](=[#8:55])-[#16:56])(-[#1:145])(-[#1:146])-[#1],"EVODEX.2-P2033,EVODEX.2-P2041,EVODEX.2-P1703,EVODEX.2-P1705,EVODEX.2-P2036"
EVODEX.2-E420,[#6:53]-[#6:54](=[#8:55])-[#16:56]-[#6:57]>>[#6](-[#6](=[#8])-[#16])(-[#6:54](-[#6:53])=[#8:55])(-[#1])-[#1].[#16:56](-[#6:57])-[#1],"EVODEX.2-P1701,EVODEX.2-P1762,EVODEX.2-P1766,EVODEX.2-P1710,EVODEX.2-P1764"
EVODEX.2-E421,[#7:12]-[#6:13](-[#6:14](=[#8:15])-[#8:16])(-[#1:28])-[#1]>>[#6]-[#6](-[#6@:13](-[#7:12])(-[#6:14](=[#8:15])-[#8:16])-[#1:28])(-[#1])-[#1],"EVODEX.2-P2071,EVODEX.2-P2977,EVODEX.2-P2874,EVODEX.2-P3071,EVODEX.2-P2070"
EVODEX.2-E422,[#6:4]-[#6:6](=[#8:7])-[#8:8]-[#1]>>[#6:4]-[#6:6](=[#8:7])-[#16]-[#6].[#8:8](-[#6](-[#6])=[#8])-[#1],"EVODEX.2-P3566,EVODEX.2-P3558,EVODEX.2-P3559,EVODEX.2-P3561,EVODEX.2-P3563"
EVODEX.2-E423,[#8:16]-[#6@@:17](-[#6:18])(-[#8:20]-[#6@@:21](-[#8:22])(-[#6@:30])-[#1:43])-[#6@@:32]>>[#8:16]-[#6:17](-[#6:18])(-[#8:20]-[#1])-[#6@@:32].[#8](-[#6@])-[#6@@:21](-[#8:22])(-[#6@:30])-[#1:43],"EVODEX.2-P2426,EVODEX.2-P2430,EVODEX.2-P2409,EVODEX.2-P2425,EVODEX.2-P2410"
EVODEX.2-E424,[#8:2]-[#6:3]1:[#6:4](:[#6:5](/[#6:6](=[#6:7](/[#6:8](=[#8:9])-[#16:10]-[#6:11])-[#1:80])-[#1:79]):[#6:58](:[#6:59](:[#6:60]:1-[#8:61])-[#1:117])-[#1:116])-[#1:78]>>[#8:2]-[#6:3]1:[#6:4](:[#6:5](/[#6:6](=[#6:7](/[#6:8](=[#8:9])-[#8]-[#6])-[#1:80])-[#1:79]):[#6:58](:[#6:59](:[#6:60]:1-[#8:61])-[#1:117])-[#1:116])-[#1:78].[#16:10](-[#6:11])-[#1],"EVODEX.2-P1789,EVODEX.2-P1577,EVODEX.2-P1618,EVODEX.2-P1684,EVODEX.2-P1581"
EVODEX.2-E425,[#6:1](=[#6:2](-[#8:3]-[#6:4](=[#8:5])-[#6:6])-[#1:20])(-[#1:18])-[#1:19]>>[#6:4](=[#8:5])(-[#6:6])-[#8]-[#6].[#6:1](=[#6:2](-[#8:3]-[#1])-[#1:20])(-[#1:18])-[#1:19],"EVODEX.2-P1724,EVODEX.2-P3729,EVODEX.2-P3848,EVODEX.2-P3727,EVODEX.2-P3845"
EVODEX.2-E426,[#6:16]/[#6:17](-[#6:18])=[#6:19](/[#6:20](-[#8:21]-[#15:22](=[#8:23])(-[#8:24])-[#8:25])(-[#1:89])-[#1:90])-[#1:88]>>[#6:16]/[#6:17](-[#6:18])=[#6:19](/[#6:20](-[#16]-[#6])(-[#1:89])-[#1:90])-[#1:88].[#8:21](-[#15:22](=[#8:23])(-[#8:24])-[#8:25])-[#1],"EVODEX.2-P2685,EVODEX.2-P2674,EVODEX.2-P2690,EVODEX.2-P2698,EVODEX.2-P2682"
EVODEX.2-E427,[#8]-[#15](=[#8])(-[#8:40]-[#1])-[#8]>>[#6]-[#6](=[#8])-[#8:40]-[#1],"EVODEX.2-P6072,EVODEX.2-P5899,EVODEX.2-P5928,EVODEX.2-P2214,EVODEX.2-P6341"
EVODEX.2-E428,[#8:28]-[#15:29](=[#8:30])(-[#8:31])-[#8:32]-[#15:33](=[#8:34])(-[#8:35])-[#8:36].[#8:45](-[#1])-[#1]>>[#8:28]-[#15:29](=[#8:30])(-[#8:31])-[#8:32]-[#1].[#6](-[#6@@])(=[#8])-[#8:45]-[#1].[#8](-[#15:33](=[#8:34])(-[#8:35])-[#8:36])-[#1],"EVODEX.2-P3128,EVODEX.2-P5828,EVODEX.2-P5220,EVODEX.2-P5830,EVODEX.2-P5210"
EVODEX.2-E429,([#7:41]-[#6:42]1:[#7:43]:[#6:44](:[#7:45]:[#6:46]2:[#6:47]:1:[#7:48]:[#6:49](:[#7:50]:2-[#6@@:51])-[#1:75])-[#1:74].[#8:59]-[#15:60](=[#8:61])(-[#8:62])-[#8]-[#15](=[#8])(-[#8])-[#8]).([#6:19]-[#6@:20](-[#7:21])(-[#6:38](=[#8:39])-[#8:40])-[#1:98].[#6:31]-[#6:32](=[#8:33])-[#8:34]-[#1])>>([#7](-[#6@])(-[#6:32](-[#6:31])=[#8:33])-[#1].[#7:21]-[#6@@:20](-[#6:19])(-[#6:38](=[#8:39])-[#8:40])-[#1:98]).([#8:34](-[#15:60](-[#8:59])(=[#8:61])-[#8:62])-[#1].[#7:50]1(-[#6@@:51]):[#6:46]2:[#7:45]:[#6:44](:[#7:43]:[#6:42](-[#7:41]):[#6:47]:2:[#7:48]:[#6:49]:1-[#1:75])-[#1:74]),"EVODEX.2-P6086,EVODEX.2-P6239,EVODEX.2-P6255,EVODEX.2-P6263,EVODEX.2-P6219"
EVODEX.2-E430,([#6:64]-[#8:65]-[#1].[#8:69]-[#6@@:68](-[#6@@:66])(-[#6@:70])-[#1:134])>>([#6]-[#6](=[#8])-[#8:65]-[#6:64].[#8:69]-[#6@:68](-[#6@:70])(-[#6@@:66])-[#1:134]),"EVODEX.2-P2009,EVODEX.2-P2014,EVODEX.2-P2015,EVODEX.2-P2018,EVODEX.2-P1734"
EVODEX.2-E431,[#7:6](-[#7:7])(-[#1])-[#1]>>[#6]-[#6](=[#8])-[#7:6](-[#7:7])-[#1],"EVODEX.2-P2101,EVODEX.2-P4927,EVODEX.2-P1880,EVODEX.2-P1879,EVODEX.2-P1602"
EVODEX.2-E432,[#6:52]-[#7:53](-[#6:54])-[#1]>>[#6]-[#6](=[#8])-[#7:53](-[#6:52])-[#6:54],"EVODEX.2-P1905,EVODEX.2-P1820,EVODEX.2-P1903,EVODEX.2-P2023,EVODEX.2-P2026"
EVODEX.2-E433,[#6:59]-[#6:60](-[#8:61]-[#1])(-[#6:62])-[#1:121]>>[#6]-[#6](=[#8])-[#8:61]-[#6@@:60](-[#6:59])(-[#6:62])-[#1:121],"EVODEX.2-P1945,EVODEX.2-P1663,EVODEX.2-P1632,EVODEX.2-P1926,EVODEX.2-P1800"
EVODEX.2-E434,[#8:71]-[#15:72](=[#8:73])(-[#8:74]-[#1])-[#8:75]>>[#6]-[#6](=[#8])-[#8:74]-[#15:72](-[#8:71])(=[#8:73])-[#8:75],"EVODEX.2-P779,EVODEX.2-P1749,EVODEX.2-P778,EVODEX.2-P777,EVODEX.2-P1742"
EVODEX.2-E435,[#6:53]-[#6:54](=[#8:55])-[#16]-[#6]>>[#6](-[#6](=[#8])-[#16])(-[#6:54](-[#6:53])=[#8:55])(-[#1])-[#1],"EVODEX.2-P1765,EVODEX.2-P2048,EVODEX.2-P1763,EVODEX.2-P1708,EVODEX.2-P1704"
EVODEX.2-E436,[#7:57](-[#6@:56](-[#6@:51])(-[#6:58](=[#8:59])-[#8:60])-[#1:135])(-[#1])-[#1]>>[#6](-[#6@@])(=[#8])-[#7:57](-[#6@:56](-[#6@:51])(-[#6:58](=[#8:59])-[#8:60])-[#1:135])-[#1],"EVODEX.2-P1846,EVODEX.2-P6278,EVODEX.2-P6279,EVODEX.2-P1586,EVODEX.2-P6324"
EVODEX.2-E437,[#8:53]=[#6:54](-[#8:55])-[#6:56](=[#8:57])-[#6:58].[#8:52](-[#1])-[#1]>>[#6](-[#6](=[#8])-[#8:52]-[#1])(-[#6@:56](-[#6:54](=[#8:53])-[#8:55])(-[#8:57]-[#1])-[#6:58])(-[#1])-[#1],"EVODEX.2-P2109,EVODEX.2-P2140,EVODEX.2-P2117,EVODEX.2-P2157,EVODEX.2-P2150"
EVODEX.2-E438,[#6:5]-[#6:6](-[#6@:7](-[#7:8])(-[#6:9](=[#8:10])-[#8:11])-[#1:25])(-[#1:23])-[#1:24]>>[#6:7](-[#7:8])(-[#6:9](=[#8:10])-[#8:11])(-[#1:25])-[#1].[#6:5]-[#6:6](-[#6](=[#8])-[#6](=[#8])-[#8])(-[#1:23])-[#1:24],"EVODEX.2-P2933,EVODEX.2-P2866,EVODEX.2-P3085,EVODEX.2-P3052,EVODEX.2-P3087"
EVODEX.2-E439,([#6:19]-[#6@:20](-[#7:21])(-[#6:38](=[#8:39])-[#8:40])-[#1:98].[#6:31]-[#6:32](=[#8:33])-[#8]-[#1])>>([#7](-[#6@])(-[#6:32](-[#6:31])=[#8:33])-[#1].[#7:21]-[#6@@:20](-[#6:19])(-[#6:38](=[#8:39])-[#8:40])-[#1:98]),"EVODEX.2-P6232,EVODEX.2-P6221,EVODEX.2-P6240,EVODEX.2-P6233,EVODEX.2-P6089"
EVODEX.2-E440,[#7:5](-[#1])(-[#1])-[#1]>>[#6](-[#6@@])(-[#7:5](-[#1])-[#1])(-[#1])-[#1],"EVODEX.2-P1134,EVODEX.2-P928,EVODEX.2-P2621,EVODEX.2-P5781,EVODEX.2-P1143"
EVODEX.2-E441,[#6:7]-[#6:12](=[#8:13])-[#8:14]-[#1]>>[#6:7]-[#6:12](=[#8:13])-[#8:14]-[#6](-[#6])(-[#1])-[#1],"EVODEX.2-P2631,EVODEX.2-P4685,EVODEX.2-P4684,EVODEX.2-P2633,EVODEX.2-P4689"
EVODEX.2-E442,[#8:12]=[#6:13](-[#6:14](=[#8:15])-[#8:16])-[#1]>>[#6]-[#6](-[#6:13](=[#8:12])-[#6:14](=[#8:15])-[#8:16])(-[#1])-[#1],"EVODEX.2-P2981,EVODEX.2-P2868,EVODEX.2-P2871,EVODEX.2-P2860,EVODEX.2-P3021"
EVODEX.2-E443,[#6:17]-[#6:18](=[#8:19])-[#6:20](=[#8:21])-[#8:22]-[#1].[#8:23]=[#8:24]>>[#6:20](=[#8:21])=[#8:22].[#6]-[#6](=[#8:24])-[#1].[#6:17]-[#6:18](=[#8:19])-[#8:23]-[#1],"EVODEX.2-P351,EVODEX.2-P511,EVODEX.2-P346,EVODEX.2-P491,EVODEX.2-P349"
EVODEX.2-E444,[#8:16]=[#8:17].[#8:15](-[#1])-[#1]>>[#6]-[#6](=[#8:15])-[#1].[#8:16](-[#8:17]-[#1])-[#1],"EVODEX.2-P1131,EVODEX.2-P1164,EVODEX.2-P1138,EVODEX.2-P1113,EVODEX.2-P1124"
EVODEX.2-E445,[#7:1]-[#6:2](-[#6:3](=[#8:4])-[#8:5])(-[#1:22])-[#1]>>[#7:1]-[#6@:2](-[#6:3](=[#8:4])-[#8:5])(-[#6@](-[#8])(-[#6])-[#1])-[#1:22],"EVODEX.2-P5610,EVODEX.2-P5606,EVODEX.2-P5584,EVODEX.2-P5599,EVODEX.2-P5637"
EVODEX.2-E446,[#6:13](-[#6@:11])(-[#8:14])(-[#1:25])-[#1]>>[#8]-[#6](-[#6])(-[#6:13](-[#6@:11])(-[#8:14])-[#1:25])-[#1],"EVODEX.2-P5570,EVODEX.2-P2477,EVODEX.2-P2432,EVODEX.2-P2457,EVODEX.2-P5571"
EVODEX.2-E447,[#6:3]-[#6:4](-[#16:5]-[#6:6])(-[#1:27])-[#1:28]>>[#6:3]-[#6:4](-[#8]-[#6](=[#8])-[#6])(-[#1:27])-[#1:28].[#16:5](-[#6:6])-[#1],"EVODEX.2-P2549,EVODEX.2-P2637,EVODEX.2-P2639,EVODEX.2-P2669,EVODEX.2-P2635"
EVODEX.2-E448,[#8:53]=[#6:54](-[#8:55])-[#6:56](=[#8:57])-[#6:58]>>[#6](-[#6](=[#8])-[#8])(-[#6@:56](-[#6:54](=[#8:53])-[#8:55])(-[#8:57]-[#1])-[#6:58])(-[#1])-[#1],"EVODEX.2-P2113,EVODEX.2-P2118,EVODEX.2-P2148,EVODEX.2-P2160,EVODEX.2-P2156"
EVODEX.2-E449,([#7:41]-[#6:42]1:[#7:43]:[#6:44](:[#7:45]:[#6:46]2:[#6:47]:1:[#7:48]:[#6:49](:[#7:50]:2-[#6@@:51])-[#1:75])-[#1:74].[#8:59]-[#15:60](=[#8:61])(-[#8:62])-[#8:63]-[#15:64](=[#8:65])(-[#8:66])-[#8:67]).([#6:19]-[#6@:20](-[#7:21])(-[#6:38](=[#8:39])-[#8:40])-[#1:98].[#6:31]-[#6:32](=[#8:33])-[#8:34]-[#1])>>([#7](-[#6@])(-[#6:32](-[#6:31])=[#8:33])-[#1].[#7:21]-[#6@@:20](-[#6:19])(-[#6:38](=[#8:39])-[#8:40])-[#1:98]).([#8:34](-[#15:60](-[#8:59])(=[#8:61])-[#8:62])-[#1].[#7:50]1(-[#6@@:51]):[#6:46]2:[#7:45]:[#6:44](:[#7:43]:[#6:42](-[#7:41]):[#6:47]:2:[#7:48]:[#6:49]:1-[#1:75])-[#1:74]).[#8:63](-[#15:64](=[#8:65])(-[#8:66])-[#8:67])-[#1],"EVODEX.2-P6227,EVODEX.2-P6218,EVODEX.2-P6238,EVODEX.2-P6084,EVODEX.2-P6231"
EVODEX.2-E450,[#8:6]=[#6:7](-[#6:8])-[#1:25]>>[#7]-[#6@](-[#6](=[#8])-[#8])(-[#6@:7](-[#8:6]-[#1])(-[#6:8])-[#1:25])-[#1],"EVODEX.2-P5639,EVODEX.2-P5607,EVODEX.2-P5585,EVODEX.2-P5642,EVODEX.2-P1566"
EVODEX.2-E451,[#7:1](-[#6:2](=[#8:3])-[#6:4])(-[#1])-[#1]>>[#6:2](=[#8:3])(-[#6:4])-[#7](-[#6@@])-[#1].[#7:1](-[#1])(-[#1])-[#1],"EVODEX.2-P2080,EVODEX.2-P2067,EVODEX.2-P4894,EVODEX.2-P2078,EVODEX.2-P2081"
EVODEX.2-E452,[#7:1](=[#6:2](-[#7:3])-[#7:4](-[#6:5])-[#1])-[#1]>>[#7:4](-[#6:5])(-[#1])-[#1].[#7:1](=[#6:2](-[#7:3])-[#7](-[#6])-[#1])-[#1],"EVODEX.2-P1531,EVODEX.2-P1536,EVODEX.2-P1538,EVODEX.2-P1532,EVODEX.2-P1526"
EVODEX.2-E453,[#6:5]-[#6:6](-[#6:7](=[#8:8])-[#6:9](=[#8:10])-[#8:11])(-[#1:23])-[#1:24]>>[#6:5]-[#6:6](-[#6@](-[#7])(-[#6](=[#8])-[#8])-[#1])(-[#1:23])-[#1:24].[#6:7](=[#8:8])(-[#6:9](=[#8:10])-[#8:11])-[#1],"EVODEX.2-P3072,EVODEX.2-P3079,EVODEX.2-P2978,EVODEX.2-P3089,EVODEX.2-P3076"
EVODEX.2-E454,[#6:1](-[#16&+:2](-[#6:3])-[#6:10])(-[#1:32])(-[#1:33])-[#1:34]>>[#6:1](-[#16]-[#6])(-[#1:32])(-[#1:33])-[#1:34].[#16:2](-[#6:3])-[#6:10],"EVODEX.2-P1362,EVODEX.2-P1474,EVODEX.2-P1483,EVODEX.2-P1482,EVODEX.2-P1363"
EVODEX.2-E455,[#8:37]-[#15:38](=[#8:39])(-[#8:40]-[#1])-[#8:41].[#8:46]=[#15:47](-[#8:48]-[#1])(-[#8:49])-[#8:50]>>[#8:37]-[#15:38](=[#8:39])(-[#8:41])-[#8:48]-[#15:47](=[#8:46])(-[#8:49])-[#8:50].[#6]-[#6](=[#8])-[#8:40]-[#1],"EVODEX.2-P5925,EVODEX.2-P6224,EVODEX.2-P6069,EVODEX.2-P5897,EVODEX.2-P5938"
EVODEX.2-E456,[#6](-[#6@])(=[#8])-[#8:44]-[#1]>>[#8:44](-[#15](-[#8])(=[#8])-[#8])-[#1],"EVODEX.2-P6066,EVODEX.2-P5985,EVODEX.2-P6051,EVODEX.2-P6277,EVODEX.2-P6102"
EVODEX.2-E457,[#6:11]-[#6:12](=[#8:13])-[#16:14]-[#6:15]>>[#6:11]-[#6:12](=[#8:13])-[#6](-[#7])(-[#6])-[#1].[#16:14](-[#6:15])-[#1],"EVODEX.2-P1874,EVODEX.2-P1887,EVODEX.2-P1868,EVODEX.2-P1870,EVODEX.2-P1866"
EVODEX.2-E458,[#6:2]-[#6:3](=[#8:4])-[#1:17]>>[#6:2]-[#6:3](-[#7](-[#1])-[#1])(-[#1:17])-[#1].[#8:4]=[#6](-[#6])-[#1],"EVODEX.2-P3101,EVODEX.2-P2902,EVODEX.2-P2893,EVODEX.2-P2897,EVODEX.2-P2909"
EVODEX.2-E459,[#6:47]-[#6:48](=[#8:49])-[#6:50](=[#8:51])-[#8:52]>>[#6](-[#6@])(=[#8:49])-[#1].[#7](-[#6:48](-[#6:47])(-[#6:50](=[#8:51])-[#8:52])-[#1])(-[#1])-[#1],"EVODEX.2-P2913,EVODEX.2-P3103,EVODEX.2-P2915,EVODEX.2-P2916,EVODEX.2-P3096"
EVODEX.2-E460,[#6]-[#7](-[#6:4](=[#8:5])-[#6:6])-[#1]>>[#6:4](=[#8:5])(-[#6:6])-[#8]-[#6],"EVODEX.2-P4403,EVODEX.2-P3783,EVODEX.2-P4898,EVODEX.2-P3786,EVODEX.2-P4576"
EVODEX.2-E461,[#8:80]=[#6:81](-[#8:82]-[#1])-[#6:83]>>[#6]-[#16]-[#6:81](=[#8:80])-[#6:83].[#8]-[#15](=[#8])(-[#8])-[#8:82]-[#1],"EVODEX.2-P5945,EVODEX.2-P6029,EVODEX.2-P5986,EVODEX.2-P5914,EVODEX.2-P6028"
EVODEX.2-E462,[#6:47]-[#16:48]-[#1].>>[#6:47]-[#16:48]-[#6](=[#8])-[#6].,"EVODEX.2-P5997,EVODEX.2-P5929,EVODEX.2-P5905,EVODEX.2-P91,EVODEX.2-P827"
EVODEX.2-E463,[#6:17]-[#6:18](=[#6:19](-[#6:20](=[#8:21])-[#16]-[#6])-[#1:119])-[#1:118]>>[#6:17]-[#6:18](=[#6:19](-[#6:20](=[#8:21])-[#8]-[#6])-[#1:119])-[#1:118],"EVODEX.2-P1966,EVODEX.2-P1773,EVODEX.2-P1977,EVODEX.2-P1981,EVODEX.2-P1999"
EVODEX.2-E464,[#7:1](-[#1])(-[#1])-[#1].[#8:9](-[#8:10]-[#1])-[#1]>>[#7:1](-[#6@@](-[#6](=[#8])-[#8])(-[#6])-[#1])(-[#1])-[#1].[#8:9]=[#8:10],"EVODEX.2-P1061,EVODEX.2-P1152,EVODEX.2-P1078,EVODEX.2-P1081,EVODEX.2-P1084"
EVODEX.2-E465,[#6:2]-[#6:3](=[#8:4])-[#8:5]-[#1].([#7:20]-[#6:21]1:[#7:22]:[#6:23](:[#7:24]:[#6:25]2:[#6:26]:1:[#7:27]:[#6:28](:[#7:29]:2-[#6@@:30])-[#1:59])-[#1:58].[#8:38]-[#15:39](=[#8:40])(-[#8:41])-[#8]-[#15](=[#8])(-[#8])-[#8])>>[#6:2]-[#6:3](=[#8:4])-[#7](-[#6@@])-[#1].([#8:5](-[#15:39](-[#8:38])(=[#8:40])-[#8:41])-[#1].[#7:29]1(-[#6@@:30]):[#6:25]2:[#7:24]:[#6:23](:[#7:22]:[#6:21](-[#7:20]):[#6:26]:2:[#7:27]:[#6:28]:1-[#1:59])-[#1:58]),"EVODEX.2-P6141,EVODEX.2-P6305,EVODEX.2-P6156,EVODEX.2-P6319,EVODEX.2-P6096"
EVODEX.2-E466,[#6:11](-[#6@@:9])(=[#8:12])-[#8:13]-[#1].([#7:14]-[#6:15]1:[#7:16]:[#6:17](:[#7:18]:[#6:19]2:[#6:20]:1:[#7:21]:[#6:22](:[#7:23]:2-[#6@@:24])-[#1:64])-[#1:63].[#8:32]-[#15:33](=[#8:34])(-[#8:35])-[#8]-[#15](=[#8])(-[#8])-[#8])>>[#6](-[#6@@])(=[#8])-[#8]-[#6:11](-[#6@@:9])=[#8:12].([#8:13](-[#15:33](-[#8:32])(=[#8:34])-[#8:35])-[#1].[#7:23]1(-[#6@@:24]):[#6:19]2:[#7:18]:[#6:17](:[#7:16]:[#6:15](-[#7:14]):[#6:20]:2:[#7:21]:[#6:22]:1-[#1:64])-[#1:63]),"EVODEX.2-P5879,EVODEX.2-P6186,EVODEX.2-P6210,EVODEX.2-P5875,EVODEX.2-P6187"
EVODEX.2-E467,[#7:7](-[#6@:6])(-[#1])-[#1].[#7:20]-[#6:21]1:[#7:22]:[#6:23](:[#7:24]:[#6:25]2:[#6:26]:1:[#7:27]:[#6:28](:[#7:29]:2-[#6@@:30])-[#1:71])-[#1:70]>>[#7:7](-[#6@:6])(-[#6](-[#6])=[#8])-[#1].[#7:29]1(-[#6@@:30]):[#6:25]2:[#7:24]:[#6:23](:[#7:22]:[#6:21](-[#7:20]):[#6:26]:2:[#7:27]:[#6:28]:1-[#1:71])-[#1:70],"EVODEX.2-P6306,EVODEX.2-P6323,EVODEX.2-P6174,EVODEX.2-P6327,EVODEX.2-P6333"
EVODEX.2-E468,[#7:1](-[#8:2])(-[#1])-[#1]>>[#7:1](-[#8:2])(-[#6](-[#6@@])=[#8])-[#1],"EVODEX.2-P4926,EVODEX.2-P4925,EVODEX.2-P4931,EVODEX.2-P5003,EVODEX.2-P5988"
EVODEX.2-E469,[#7:9](-[#6@:8])(-[#1])-[#1]>>[#7:9](-[#6@:8])(-[#6](-[#6](=[#8])-[#8])(-[#6])-[#1])-[#1],"EVODEX.2-P1261,EVODEX.2-P1242,EVODEX.2-P1245,EVODEX.2-P1255,EVODEX.2-P1265"
EVODEX.2-E470,[#6:8]-[#6@:9](-[#7:10](-[#1])-[#1])(-[#6:11](=[#8:12])-[#8:13])-[#1:67]>>[#6]-[#6](-[#6](=[#8])-[#8])(-[#7:10](-[#6@@:9](-[#6:8])(-[#6:11](=[#8:12])-[#8:13])-[#1:67])-[#1])-[#1],"EVODEX.2-P1225,EVODEX.2-P1222,EVODEX.2-P1258,EVODEX.2-P1231,EVODEX.2-P1229"
EVODEX.2-E471,[#6:8]-[#6:10](=[#8:11])-[#1:23]>>[#6](-[#6](=[#8])-[#6](=[#8])-[#8])(-[#6:10](-[#6:8])(-[#8:11]-[#1])-[#1:23])(-[#1])-[#1],"EVODEX.2-P2672,EVODEX.2-P5665,EVODEX.2-P5649,EVODEX.2-P5550,EVODEX.2-P2673"
EVODEX.2-E472,[#6:20](-[#6@:19])(-[#7:21](-[#1])-[#1])(-[#1:69])-[#1]>>[#6:20](-[#6@:19])(=[#8])-[#1:69].[#7:21](-[#6](-[#6])(-[#6](=[#8])-[#8])-[#1])(-[#1])-[#1],"EVODEX.2-P2969,EVODEX.2-P2851,EVODEX.2-P2826,EVODEX.2-P2836,EVODEX.2-P2857"
EVODEX.2-E473,[#7:40](-[#6@:39](-[#6@:5])(-[#6@@:37])-[#1])(-[#1])-[#1]>>[#6:39](-[#6@:5])(-[#6@@:37])=[#8].[#7:40](-[#6@@](-[#6])(-[#6](=[#8])-[#8])-[#1])(-[#1])-[#1],"EVODEX.2-P3060,EVODEX.2-P2832,EVODEX.2-P2930,EVODEX.2-P3111,EVODEX.2-P2879"
EVODEX.2-E474,[#6:1](-[#6:2](=[#8:3])-[#16:4]-[#6:5])(-[#1:63])(-[#1:64])-[#1].[#8:52](-[#1])-[#1]>>[#6:1](-[#6:2](=[#8:3])-[#8:52]-[#1])(-[#6@](-[#6](=[#8])-[#8])(-[#8])-[#6])(-[#1:63])-[#1:64].[#16:4](-[#6:5])-[#1],"EVODEX.2-P2134,EVODEX.2-P2112,EVODEX.2-P2152,EVODEX.2-P2145,EVODEX.2-P2116"
EVODEX.2-E475,[#8:23]-[#15:24](=[#8:25])(-[#8:26])-[#8:27]-[#15:28](=[#8:29])(-[#8:30])-[#8:31]>>[#8:23]-[#15:24](=[#8:25])(-[#8:26])-[#8:27]-[#1].[#15:28](=[#8:29])(-[#8:30])(-[#8:31])-[#8]-[#6](=[#6](-[#1])-[#1])-[#6](=[#8])-[#8],"EVODEX.2-P3182,EVODEX.2-P3191,EVODEX.2-P5491,EVODEX.2-P3186,EVODEX.2-P3189"
EVODEX.2-E476,[#6:4]-[#6:6](=[#8:7])-[#16:8]-[#6:9]>>[#6:4]-[#6:6](=[#8:7])-[#8]-[#1].[#16:8](-[#6:9])-[#6](-[#6])=[#8],"EVODEX.2-P3578,EVODEX.2-P3574,EVODEX.2-P3560,EVODEX.2-P3583,EVODEX.2-P3565"
EVODEX.2-E477,[#8:45]=[#6:46](-[#8:47])-[#6@:48](-[#6:49])(-[#7:52](-[#6:51])-[#1])-[#1:81]>>[#6](-[#6@@])(=[#8])-[#7:52](-[#6@:48](-[#6:46](=[#8:45])-[#8:47])(-[#6:49])-[#1:81])-[#6:51],"EVODEX.2-P2085,EVODEX.2-P6312,EVODEX.2-P1838,EVODEX.2-P6317,EVODEX.2-P1818"
EVODEX.2-E478,[#7:9](-[#6@:8])(-[#1])-[#1]>>[#7:9](-[#6@:8])(-[#6](-[#6])(-[#1])-[#1])-[#1],"EVODEX.2-P2546,EVODEX.2-P2558,EVODEX.2-P2622,EVODEX.2-P1269,EVODEX.2-P2620"
EVODEX.2-E479,[#8:17]-[#6@:18](-[#6:19])(-[#6@:21](-[#8:22])(-[#6@@:23])-[#1:40])-[#1:36]>>[#8:22]-[#6@:21](-[#6@@:23])(-[#6@@:18](-[#6:19])(-[#8:17])-[#1:36])-[#1:40],"EVODEX.2-P4286,EVODEX.2-P2623,EVODEX.2-P4287,EVODEX.2-P3886,EVODEX.2-P4285"
EVODEX.2-E480,[#6:1](-[#6:2])(-[#1:19])(-[#1:20])-[#1]>>[#6:1](-[#6:2])(-[#6](-[#6@])(-[#1])-[#1])(-[#1:19])-[#1:20],"EVODEX.2-P3005,EVODEX.2-P3008,EVODEX.2-P3020,EVODEX.2-P2850,EVODEX.2-P2888"
EVODEX.2-E481,[#6:1]-[#6:2](=[#8:3])-[#1]>>[#6:1]-[#6:2](=[#8:3])-[#6](-[#8])(-[#6])-[#1],"EVODEX.2-P1568,EVODEX.2-P1550,EVODEX.2-P5496,EVODEX.2-P1544,EVODEX.2-P1560"
EVODEX.2-E482,[#6:1]/[#6:2](=[#6:3](/[#6:4](=[#8:5])-[#16:6]-[#6:7])-[#1:65])-[#1:64]>>[#6:1]/[#6:2](=[#6:3](/[#6:4](=[#8:5])-[#8]-[#1])-[#1:65])-[#1:64].[#16:6](-[#6:7])-[#6](-[#6])=[#8],"EVODEX.2-P3582,EVODEX.2-P3550,EVODEX.2-P3551,EVODEX.2-P3554,EVODEX.2-P3555"
EVODEX.2-E483,[#8:15]-[#15:16](=[#8:17])(-[#8:18])-[#8:19]-[#15:20](=[#8:21])(-[#8:22])-[#8:23]>>[#8:15]-[#15:16](=[#8:17])(-[#8:18])-[#8]-[#6](=[#8])-[#6].[#8:19](-[#15:20](=[#8:21])(-[#8:22])-[#8:23])-[#1],"EVODEX.2-P3302,EVODEX.2-P3303,EVODEX.2-P3299,EVODEX.2-P3293,EVODEX.2-P3283"
EVODEX.2-E484,[#6:3]-[#6:4](-[#8:5]-[#6:6](=[#8:7])-[#6:8])(-[#1:34])-[#1:35]>>[#6:3]-[#6:4](-[#16]-[#6])(-[#1:34])-[#1:35].[#8:5](-[#6:6](=[#8:7])-[#6:8])-[#1],"EVODEX.2-P2626,EVODEX.2-P2664,EVODEX.2-P2630,EVODEX.2-P2638,EVODEX.2-P2668"
EVODEX.2-E485,[#6:3]-[#6:4](=[#8:5])-[#1:24]>>[#6:3]-[#6:4](-[#8:5]-[#1])(-[#6](-[#6](=[#8])-[#6])(-[#8])-[#1])-[#1:24],"EVODEX.2-P5577,EVODEX.2-P5561,EVODEX.2-P5568,EVODEX.2-P5557,EVODEX.2-P5547"
EVODEX.2-E486,[#7:5](-[#6:6](-[#6:7])(-[#1:20])-[#1])(-[#1])-[#1]>>[#6]-[#6](-[#7:5](-[#1])-[#1])(-[#1])-[#1].[#8]=[#6:6](-[#6:7])-[#1:20],"EVODEX.2-P2906,EVODEX.2-P2898,EVODEX.2-P2891,EVODEX.2-P3100,EVODEX.2-P2903"
EVODEX.2-E487,[#6:1](-[#6:2](=[#8:3])-[#16:4]-[#6:5])(-[#1:63])(-[#1:64])-[#1]>>[#6:1](-[#6:2](=[#8:3])-[#8]-[#1])(-[#6@](-[#6](=[#8])-[#8])(-[#8])-[#6])(-[#1:63])-[#1:64].[#16:4](-[#6:5])-[#1],"EVODEX.2-P2110,EVODEX.2-P2137,EVODEX.2-P2114,EVODEX.2-P2119,EVODEX.2-P2158"
EVODEX.2-E488,[#8:7]=[#6:8](-[#6:9])-[#1:21]>>[#6]-[#6](-[#6](=[#8])-[#8])=[#8:7].[#7](-[#6:8](-[#6:9])(-[#1:21])-[#1])(-[#1])-[#1],"EVODEX.2-P2843,EVODEX.2-P2846,EVODEX.2-P2840,EVODEX.2-P3053,EVODEX.2-P3065"
EVODEX.2-E489,[#6:6](-[#6@@:5])(=[#8:7])-[#6@:8]>>[#7](-[#6@:6](-[#6@@:5])(-[#6@:8])-[#1])(-[#1])-[#1].[#8:7]=[#6](-[#6])-[#6](=[#8])-[#8],"EVODEX.2-P3056,EVODEX.2-P2912,EVODEX.2-P2824,EVODEX.2-P2828,EVODEX.2-P3113"
EVODEX.2-E490,[#6:1](-[#6:2](-[#6:3])(-[#6:4])-[#1:29])(-[#1:26])(-[#1:27])-[#1:28]>>[#6:2](-[#6:3])(-[#6:4])(-[#1:29])-[#1].[#6:1](-[#6](-[#6])(-[#1])-[#1])(-[#1:26])(-[#1:27])-[#1:28],"EVODEX.2-P2985,EVODEX.2-P2990,EVODEX.2-P2996,EVODEX.2-P2984,EVODEX.2-P2991"
EVODEX.2-E491,[#8:13]=[#6:14](-[#6:15](=[#8:16])-[#6:17])-[#1:33]>>[#6](-[#6])(-[#6](=[#8])-[#8])=[#8:13].[#7](-[#6:14](-[#6:15](=[#8:16])-[#6:17])(-[#1:33])-[#1])(-[#1])-[#1],"EVODEX.2-P3041,EVODEX.2-P3047,EVODEX.2-P3049,EVODEX.2-P3040,EVODEX.2-P3037"
EVODEX.2-E492,[#7:1]-[#6:2](=[#8:3])-[#8:4]-[#15:5](=[#8:6])(-[#8:7])-[#8:8]>>[#7:1]-[#6:2](=[#8:3])-[#7](-[#6@@])-[#1].[#8:4](-[#15:5](=[#8:6])(-[#8:7])-[#8:8])-[#1],"EVODEX.2-P1515,EVODEX.2-P1503,EVODEX.2-P1511,EVODEX.2-P1501,EVODEX.2-P1514"
EVODEX.2-E493,[#8:26]-[#15:27](=[#8:28])(-[#8:29])-[#8:30]-[#15](=[#8])(-[#8])-[#8].[#7:1](-[#8:2])(-[#1])-[#1]>>[#8:26]-[#15:27](=[#8:28])(-[#8:29])-[#8:30]-[#1].[#7:1](-[#8:2])(-[#6](-[#6])=[#8])-[#1],"EVODEX.2-P5990,EVODEX.2-P6249,EVODEX.2-P5992,EVODEX.2-P6374,EVODEX.2-P5869"
EVODEX.2-E494,[#6:1](-[#6:2]1(-[#6:3])-[#16:4]-[#6@:5](-[#6@:6])(-[#7:19]-[#6@:20]-1(-[#6:21](=[#8:22])-[#8:23])-[#1])-[#1:41])(-[#1:35])(-[#1:36])-[#1].[#8:33]=[#8]>>[#6:1]1(-[#6:2](-[#6:3])=[#6:20](-[#6:21](=[#8:22])-[#8:23])-[#7:19]-[#6@:5](-[#16:4]-1)(-[#6@:6])-[#1:41])(-[#1:35])-[#1:36].[#6]-[#6](=[#8])-[#8:33]-[#1],"EVODEX.2-P687,EVODEX.2-P740,EVODEX.2-P695,EVODEX.2-P706,EVODEX.2-P714"
EVODEX.2-E495,[#6:3]-[#6:4](-[#6:5](=[#8:6])-[#16:7]-[#6:8])(-[#1:72])-[#1].[#8:55](-[#1])-[#1]>>[#6:3]-[#6:4](-[#6:5](=[#8:6])-[#8:55]-[#1])(-[#6](-[#6])(-[#8])-[#6](=[#8])-[#8])-[#1:72].[#16:7](-[#6:8])-[#1],"EVODEX.2-P2126,EVODEX.2-P2122,EVODEX.2-P2165,EVODEX.2-P2142,EVODEX.2-P2179"
EVODEX.2-E496,[#8:17]=[#8:18].[#8:16](-[#1])-[#1]>>[#6]-[#6](-[#6](=[#8])-[#8])=[#8:16].[#8:17](-[#8:18]-[#1])-[#1],"EVODEX.2-P1057,EVODEX.2-P1104,EVODEX.2-P1062,EVODEX.2-P990,EVODEX.2-P1100"
EVODEX.2-E497,([#7:19]-[#6:20]1:[#7:21]:[#6:22](:[#7:23]:[#6:24]2:[#6:25]:1:[#7:26]:[#6:27](:[#7:28]:2-[#6@@:29])-[#1:62])-[#1:61].[#8:37]-[#15:38](=[#8:39])(-[#8:40])-[#8]-[#15](=[#8])(-[#8])-[#8]).[#7:9]-[#6@@:10](-[#6:11]-[#6:12]-[#6:13](=[#8:14])-[#8:15]-[#1])(-[#6:16](=[#8:17])-[#8:18])-[#1:77]>>[#6]-[#7](-[#6:13](-[#6:12]-[#6:11]-[#6@:10](-[#7:9])(-[#6:16](=[#8:17])-[#8:18])-[#1:77])=[#8:14])-[#1].([#8:15](-[#15:38](-[#8:37])(=[#8:39])-[#8:40])-[#1].[#7:28]1(-[#6@@:29]):[#6:24]2:[#7:23]:[#6:22](:[#7:21]:[#6:20](-[#7:19]):[#6:25]:2:[#7:26]:[#6:27]:1-[#1:62])-[#1:61]),"EVODEX.2-P6170,EVODEX.2-P6172,EVODEX.2-P6150,EVODEX.2-P6203,EVODEX.2-P6194"
EVODEX.2-E498,[#6:8]-[#6:9](-[#6@:10])(-[#1:44])-[#1].[#8:25]=[#8:26]>>[#6:8]-[#6@@:9](-[#6@:10])(-[#8:25]-[#1])-[#1:44].[#6]-[#6](=[#8])-[#8:26]-[#1],"EVODEX.2-P336,EVODEX.2-P513,EVODEX.2-P446,EVODEX.2-P465,EVODEX.2-P340"
EVODEX.2-E499,[#7:4]-[#6:5](-[#6:6])(-[#1:30])-[#1].[#8:24]=[#8:25]>>[#7:4]-[#6:5](-[#6:6])(-[#8:24]-[#1])-[#1:30].[#6]-[#6](=[#8])-[#8:25]-[#1],"EVODEX.2-P428,EVODEX.2-P449,EVODEX.2-P439,EVODEX.2-P752,EVODEX.2-P452"
EVODEX.2-E500,[#7:9](-[#6@@:10](-[#6:11])(-[#6:14](=[#8:15])-[#8:16])-[#1])(-[#1])-[#1]>>[#6]-[#6](-[#7:9](-[#1])-[#1])(-[#1])-[#1].[#8]=[#6:10](-[#6:11])-[#6:14](=[#8:15])-[#8:16],"EVODEX.2-P2839,EVODEX.2-P2848,EVODEX.2-P2929,EVODEX.2-P2927,EVODEX.2-P2941"
EVODEX.2-E501,[#6:1](-[#6:2]1(-[#6:3])-[#16:4]-[#6@:5](-[#6@:6])(-[#7:19]-[#6@:20]-1(-[#6:21](=[#8:22])-[#8:23])-[#1])-[#1:41])(-[#1:35])(-[#1:36])-[#1].[#8:33]=[#8:34]>>[#6:1]1(-[#6:2](-[#6:3])=[#6:20](-[#6:21](=[#8:22])-[#8:23])-[#7:19]-[#6@:5](-[#16:4]-1)(-[#6@:6])-[#1:41])(-[#1:35])-[#1:36].[#6]-[#6](=[#8])-[#8:33]-[#1].[#8:34](-[#1])-[#1],"EVODEX.2-P703,EVODEX.2-P736,EVODEX.2-P698,EVODEX.2-P732,EVODEX.2-P710"
EVODEX.2-E502,[#6:3]-[#6:4](-[#6:5](=[#8:6])-[#16:7]-[#6:8])(-[#1:72])-[#1]>>[#6:3]-[#6:4](-[#6:5](=[#8:6])-[#8]-[#1])(-[#6](-[#6])(-[#8])-[#6](=[#8])-[#8])-[#1:72].[#16:7](-[#6:8])-[#1],"EVODEX.2-P2173,EVODEX.2-P2194,EVODEX.2-P2169,EVODEX.2-P2178,EVODEX.2-P2129"
EVODEX.2-E503,[#7:11]-[#6@@:12](-[#6:13]-[#6:14]-[#6:15](=[#8:16])-[#8]-[#1])(-[#6:18](=[#8:19])-[#8:20])-[#1:54]>>[#7](-[#6])(-[#6:15](-[#6:14]-[#6:13]-[#6@:12](-[#7:11])(-[#6:18](=[#8:19])-[#8:20])-[#1:54])=[#8:16])-[#1],"EVODEX.2-P6171,EVODEX.2-P6146,EVODEX.2-P6204,EVODEX.2-P6195,EVODEX.2-P6176"
EVODEX.2-E504,[#6:1]-[#6:2]1:[#7:3]:[#6:4](:[#6:5](-[#6:6]):[#6:12](-[#6:13](=[#8:14])-[#1:34]):[#6:15]:1-[#8:16])-[#1:29]>>[#6:1]-[#6:2]1:[#7:3]:[#6:4](:[#6:5](-[#6:6]):[#6:12](-[#6:13](-[#7](-[#1])-[#1])(-[#1:34])-[#1]):[#6:15]:1-[#8:16])-[#1:29].[#8:14]=[#6](-[#6])-[#6](=[#8])-[#8],"EVODEX.2-P2953,EVODEX.2-P5799,EVODEX.2-P5407,EVODEX.2-P2962,EVODEX.2-P2957"
EVODEX.2-E505,[#8:8]=[#6:9]=[#8:10]>>[#6]-[#6](=[#8])-[#6:9](-[#8:8]-[#1])=[#8:10],"EVODEX.2-P5466,EVODEX.2-P5471,EVODEX.2-P5458,EVODEX.2-P5462,EVODEX.2-P5464"
EVODEX.2-E506,[#6:1](-[#6:2](-[#6:3])(-[#6@:4])-[#1:20])(-[#1:17])(-[#1:18])-[#1:19]>>[#6:2](-[#6:3])(-[#6@:4])(-[#1:20])-[#1].[#6:1](-[#6](-[#6])(-[#6])-[#1])(-[#1:17])(-[#1:18])-[#1:19],"EVODEX.2-P3018,EVODEX.2-P3006,EVODEX.2-P3011,EVODEX.2-P3016,EVODEX.2-P2998"
EVODEX.2-E507,[#6:47](-[#6@@:45])(=[#8:48])-[#8:49]-[#1].([#7:61]-[#6:62]1:[#7:63]:[#6:64](:[#7:65]:[#6:66]2:[#6:67]:1:[#7:68]:[#6:69](:[#7:70]:2-[#6@@:71])-[#1:142])-[#1:141].[#8:79]-[#15:80](=[#8:81])(-[#8:82])-[#8:83]-[#15:84](=[#8:85])(-[#8:86])-[#8:87])>>[#6:47](-[#6@@:45])(=[#8:48])-[#7](-[#6@])-[#1].([#8:49](-[#15:80](-[#8:79])(=[#8:81])-[#8:82])-[#1].[#7:70]1(-[#6@@:71]):[#6:66]2:[#7:65]:[#6:64](:[#7:63]:[#6:62](-[#7:61]):[#6:67]:2:[#7:68]:[#6:69]:1-[#1:142])-[#1:141]).[#8:83](-[#15:84](=[#8:85])(-[#8:86])-[#8:87])-[#1],"EVODEX.2-P6308,EVODEX.2-P6302,EVODEX.2-P6343,EVODEX.2-P6087,EVODEX.2-P6320"
EVODEX.2-E508,[#8]-[#15](=[#8])(-[#8])-[#8:63]-[#15:64](=[#8:65])(-[#8:66])-[#8:67].([#6:19]-[#6@:20](-[#7:21])(-[#6:38](=[#8:39])-[#8:40])-[#1:98].[#6:31]-[#6:32](=[#8:33])-[#8]-[#1])>>([#7](-[#6@])(-[#6:32](-[#6:31])=[#8:33])-[#1].[#7:21]-[#6@@:20](-[#6:19])(-[#6:38](=[#8:39])-[#8:40])-[#1:98]).[#8:63](-[#15:64](=[#8:65])(-[#8:66])-[#8:67])-[#1],"EVODEX.2-P6091,EVODEX.2-P6256,EVODEX.2-P6243,EVODEX.2-P6244,EVODEX.2-P6220"
EVODEX.2-E509,[#8:37]-[#15:38](=[#8:39])(-[#8:40]-[#1])-[#8:41].[#6:2]-[#6:3](=[#8:4])-[#7](-[#6@@])-[#1]>>[#8:37]-[#15:38](=[#8:39])(-[#8:41])-[#8]-[#15](=[#8])(-[#8])-[#8].[#6:2]-[#6:3](=[#8:4])-[#8:40]-[#1],"EVODEX.2-P6136,EVODEX.2-P6129,EVODEX.2-P6137,EVODEX.2-P6139,EVODEX.2-P6127"
EVODEX.2-E510,[#8:16](-[#1])-[#1]>>[#6]-[#6](-[#6])=[#8:16],"EVODEX.2-P1118,EVODEX.2-P916,EVODEX.2-P1023,EVODEX.2-P938,EVODEX.2-P969"
EVODEX.2-E511,[#7:1](-[#6@@:2](-[#6:3])(-[#6:10](=[#8:11])-[#8:12])-[#1])(-[#1])-[#1]>>[#6:2](-[#6:3])(-[#6:10](=[#8:11])-[#8:12])=[#8].[#7:1](-[#6](-[#6](=[#8])-[#6])(-[#1])-[#1])(-[#1])-[#1],"EVODEX.2-P3050,EVODEX.2-P3031,EVODEX.2-P3038,EVODEX.2-P3042,EVODEX.2-P3044"
EVODEX.2-E512,[#6:5](-[#6@@:3])(=[#8:6])-[#8:7]-[#1].[#6:11](-[#6@@:9])(=[#8:12])-[#8]-[#1]>>[#6:5](-[#6@@:3])(=[#8:6])-[#8:7]-[#6:11](-[#6@@:9])=[#8:12],"EVODEX.2-P6270,EVODEX.2-P6197,EVODEX.2-P4667,EVODEX.2-P5876,EVODEX.2-P6164"
EVODEX.2-E513,[#6:17]-[#6:18]1:[#6:19](:[#7:20](:[#6:21]2:[#6:22](:[#6:23](:[#6:24](:[#6:25](:[#6:26]:1:2)-[#1:50])-[#1:49])-[#1:48])-[#1])-[#1])-[#1:45]>>[#6]-[#6](-[#6])=[#6](-[#6](-[#6:22]1:[#6:21]2:[#7:20](:[#6:19](:[#6:18](-[#6:17]):[#6:26]:2:[#6:25](:[#6:24](:[#6:23]:1-[#1:48])-[#1:49])-[#1:50])-[#1:45])-[#1])(-[#1])-[#1])-[#1],"EVODEX.2-P2803,EVODEX.2-P2813,EVODEX.2-P2808,EVODEX.2-P2540,EVODEX.2-P2541"
EVODEX.2-E514,[#6:21]-[#6:22]1:[#6:23](:[#7:24](:[#6:25]2:[#6:26](:[#6:27](:[#6:28](:[#6:29](:[#6:30]:1:2)-[#1])-[#1:43])-[#1:42])-[#1:41])-[#1])-[#1:39]>>[#6]-[#6](-[#6])=[#6](-[#6](-[#6:29]1:[#6:28](:[#6:27](:[#6:26](:[#6:25]2:[#7:24](:[#6:23](:[#6:22](-[#6:21]):[#6:30]:1:2)-[#1:39])-[#1])-[#1:41])-[#1:42])-[#1:43])(-[#1])-[#1])-[#1],"EVODEX.2-P2615,EVODEX.2-P2610,EVODEX.2-P2602,EVODEX.2-P2607,EVODEX.2-P2617"
EVODEX.2-E515,[#8:1](-[#1])-[#1]>>[#8:1](-[#6](=[#8])-[#6])-[#1],"EVODEX.2-P939,EVODEX.2-P5204,EVODEX.2-P4890,EVODEX.2-P4933,EVODEX.2-P3767"
EVODEX.2-E516,[#6:4]-[#6@:5](-[#7:6](-[#1])-[#1])(-[#6:7](=[#8:8])-[#8:9])-[#1]>>[#6:4]-[#6:5](-[#6:7](=[#8:8])-[#8:9])=[#8].[#7:6](-[#6@](-[#6](=[#8])-[#8])(-[#6])-[#1])(-[#1])-[#1],"EVODEX.2-P2935,EVODEX.2-P2979,EVODEX.2-P2987,EVODEX.2-P2948,EVODEX.2-P3091"
EVODEX.2-E517,[#6:31]-[#6@@:32](-[#8:33]-[#1])(-[#6@:34])-[#1:71]>>[#8:33](-[#6@](-[#8])(-[#6@])-[#1])-[#6@:32](-[#6:31])(-[#6@:34])-[#1:71],"EVODEX.2-P2239,EVODEX.2-P2286,EVODEX.2-P2485,EVODEX.2-P2414,EVODEX.2-P2407"
EVODEX.2-E518,[#8:2]-[#6:3]1:[#6:4](:[#6:5](-[#8:6]):[#6:7]2:[#6:8](=[#8:9]):[#6:10](-[#8:11]-[#1]):[#6:12](-[#6:13]3:[#6:14](:[#6:15](:[#6:16](-[#8:17]):[#6:18](-[#8:19]):[#6:20]:3-[#1:68])-[#1:65])-[#1:64]):[#8:21]:[#6:22]:2:[#6:23]:1-[#1:69])-[#1:61]>>[#8:2]-[#6:3]1:[#6:4](:[#6:5](-[#8:6]):[#6:7]2:[#6:8](=[#8:9]):[#6:10](-[#8:11]-[#6@](-[#8])(-[#6@])-[#1]):[#6:12](-[#6:13]3:[#6:14](:[#6:15](:[#6:16](-[#8:17]):[#6:18](-[#8:19]):[#6:20]:3-[#1:68])-[#1:65])-[#1:64]):[#8:21]:[#6:22]:2:[#6:23]:1-[#1:69])-[#1:61],"EVODEX.2-P2242,EVODEX.2-P2496,EVODEX.2-P2304,EVODEX.2-P2468,EVODEX.2-P2499"
EVODEX.2-E519,[#8:38]-[#6@@:39](-[#8:40])(-[#6@:60]-[#8:61]-[#1])-[#1:92]>>[#8:61](-[#6@](-[#8])(-[#6@])-[#1])-[#6@:60]-[#6@:39](-[#8:40])(-[#8:38])-[#1:92],"EVODEX.2-P2493,EVODEX.2-P2408,EVODEX.2-P2399,EVODEX.2-P2402,EVODEX.2-P2365"
EVODEX.2-E520,[#8:17]-[#6@:18](-[#6:19])(-[#6@@:21](-[#8:22]-[#1])-[#6@@:23](-[#6@:14])(-[#8:24])-[#1:36])-[#1:30]>>[#8]-[#6@@](-[#6@@])(-[#8:22]-[#6@@:21](-[#6@@:18](-[#6:19])(-[#8:17])-[#1:30])-[#6@@:23](-[#6@:14])(-[#8:24])-[#1:36])-[#1],"EVODEX.2-P2218,EVODEX.2-P2417,EVODEX.2-P2219,EVODEX.2-P2456,EVODEX.2-P2495"
EVODEX.2-E521,[#6:6]-[#8:7]-[#1]>>[#6:6]-[#8:7]-[#6@@](-[#6])(-[#8])-[#6@@],"EVODEX.2-P2233,EVODEX.2-P2268,EVODEX.2-P2463,EVODEX.2-P2270,EVODEX.2-P2279"
EVODEX.2-E522,[#8:38]1-[#6@:37]-[#6@:54](-[#6@@:52](-[#6@:50](-[#6@@:39]-1(-[#8:40])-[#1:82])(-[#8:51])-[#1:92])-[#8:53]-[#1])(-[#8:55])-[#1:96]>>[#8:53](-[#6@@](-[#8])(-[#6@])-[#1])-[#6@:52]1-[#6@@:50](-[#8:51])(-[#6@:39](-[#8:40])(-[#8:38]-[#6@:37]-[#6@:54]-1(-[#8:55])-[#1:96])-[#1:82])-[#1:92],"EVODEX.2-P2251,EVODEX.2-P2254,EVODEX.2-P2315,EVODEX.2-P2455,EVODEX.2-P2255"
EVODEX.2-E523,[#6:1]-[#6:2](=[#8:3])-[#8:4]-[#15:5](=[#8:6])(-[#8:7])-[#8:8]>>[#6:1]-[#6:2](=[#8:3])-[#8:4]-[#1].[#15:5](=[#8:6])(-[#8:7])(-[#8:8])-[#8]-[#6],"EVODEX.2-P3121,EVODEX.2-P3154,EVODEX.2-P3215,EVODEX.2-P3219,EVODEX.2-P3213"
EVODEX.2-E524,[#6:47]-[#16:48]-[#6](=[#8])-[#6@].[#8:75]-[#15:76](=[#8:77])(-[#8]-[#1])-[#8:79].[#8:84]=[#15:85](-[#8:86]-[#1])(-[#8:87])-[#8:88]>>[#6:47]-[#16:48]-[#1].[#8:75]-[#15:76](=[#8:77])(-[#8:79])-[#8:86]-[#15:85](=[#8:84])(-[#8:87])-[#8:88],"EVODEX.2-P2215,EVODEX.2-P5936,EVODEX.2-P5927,EVODEX.2-P6014,EVODEX.2-P5937"
EVODEX.2-E525,[#6:1]-[#6:2](=[#8:3])-[#8:4]-[#1]>>[#6:1]-[#6:2](=[#8:3])-[#8:4]-[#6@@](-[#8])(-[#6@])-[#1],"EVODEX.2-P2295,EVODEX.2-P2301,EVODEX.2-P2260,EVODEX.2-P2291,EVODEX.2-P2282"
EVODEX.2-E526,[#6]-[#16]-[#6:49](=[#8:50])/[#6:51](=[#6:52](/[#6:53]1:[#6:54](:[#6:55](:[#6:56](-[#8:57]):[#6:58](:[#6:59]:1-[#1:132])-[#1:131])-[#1:129])-[#1:128])-[#1:127])-[#1:126]>>[#6:49](=[#8:50])(/[#6:51](=[#6:52](/[#6:53]1:[#6:54](:[#6:55](:[#6:56](-[#8:57]):[#6:58](:[#6:59]:1-[#1:132])-[#1:131])-[#1:129])-[#1:128])-[#1:127])-[#1:126])-[#8]-[#6],"EVODEX.2-P1695,EVODEX.2-P1613,EVODEX.2-P1685,EVODEX.2-P1614,EVODEX.2-P1783"
EVODEX.2-E527,[#8:2]-[#6:3]1:[#6:4](:[#6:5](/[#6:6](=[#6:7](/[#6:8](=[#8:9])-[#16]-[#6])-[#1:80])-[#1:79]):[#6:58](:[#6:59](:[#6:60]:1-[#8:61])-[#1:117])-[#1:116])-[#1:78]>>[#8:2]-[#6:3]1:[#6:4](:[#6:5](/[#6:6](=[#6:7](/[#6:8](=[#8:9])-[#8]-[#6])-[#1:80])-[#1:79]):[#6:58](:[#6:59](:[#6:60]:1-[#8:61])-[#1:117])-[#1:116])-[#1:78],"EVODEX.2-P1606,EVODEX.2-P1694,EVODEX.2-P1741,EVODEX.2-P1616,EVODEX.2-P2065"
EVODEX.2-E528,[#7:44]-[#6:45]1:[#7:46]:[#6:47]2:[#6:48](:[#7:49]:[#6:50](:[#7:51]:2-[#6@@:52])-[#1:127]):[#6:96](=[#8:97]):[#7:98]:1-[#1]>>[#7:51]1(-[#6@@:52]):[#6:47]2:[#7:46]:[#6:45](-[#7:44]):[#7:98](:[#6:96](=[#8:97]):[#6:48]:2:[#7:49]:[#6:50]:1-[#1:127])-[#1],"EVODEX.2-P3457,EVODEX.2-P3391,EVODEX.2-P3389,EVODEX.2-P3388,EVODEX.2-P3394"
EVODEX.2-E529,[#6:4]-[#6:5](=[#8:6])-[#16:7]-[#6:8]>>[#6:4]-[#6:5](=[#8:6])-[#6](-[#6])(-[#8])-[#6].[#16:7](-[#6:8])-[#1],"EVODEX.2-P1635,EVODEX.2-P1642,EVODEX.2-P1653,EVODEX.2-P1932,EVODEX.2-P1941"
EVODEX.2-E530,[#6:47]-[#16:48]-[#6:49](=[#8:50])/[#6:51](=[#6:52](/[#6:53]1:[#6:54](:[#6:55](:[#6:56](-[#8:57]):[#6:58](-[#8:59]):[#6:60]:1-[#1:111])-[#1:108])-[#1:107])-[#1:106])-[#1:105]>>[#6:49](=[#8:50])(/[#6:51](=[#6:52](/[#6:53]1:[#6:54](:[#6:55](:[#6:56](-[#8:57]):[#6:58](-[#8:59]):[#6:60]:1-[#1:111])-[#1:108])-[#1:107])-[#1:106])-[#1:105])-[#7](-[#6])-[#1].[#6:47]-[#16:48]-[#1],"EVODEX.2-P1596,EVODEX.2-P1682,EVODEX.2-P1599,EVODEX.2-P1589,EVODEX.2-P1593"
EVODEX.2-E531,[#7:5](-[#6@:4])(-[#1])-[#1]>>[#7:5](-[#6@:4])(-[#6](=[#8])-[#6]1:[#6](:[#6](:[#6](:[#6](:[#6]:1-[#1])-[#1])-[#1])-[#1])-[#1])-[#1],"EVODEX.2-P4559,EVODEX.2-P5132,EVODEX.2-P5131,EVODEX.2-P1608,EVODEX.2-P1609"
EVODEX.2-E532,[#7:17](-[#6@@:18](-[#6:19])(-[#6:23](=[#8:24])-[#8:25])-[#1])(-[#1])-[#1]>>[#6]-[#6]1:[#7]:[#6](:[#6](-[#6]):[#6](-[#6](-[#7:17](-[#1])-[#1])(-[#1])-[#1]):[#6]:1-[#8])-[#1].[#8]=[#6:18](-[#6:19])-[#6:23](=[#8:24])-[#8:25],"EVODEX.2-P2954,EVODEX.2-P5408,EVODEX.2-P2961,EVODEX.2-P3064,EVODEX.2-P5795"
EVODEX.2-E533,[#8:46]-[#6@:45]1(-[#6@:44]-[#6@:63](-[#6@@:61](-[#6@:58](-[#8:57]-1)(-[#6:59])-[#1:109])-[#8:62]-[#1])(-[#8:64])-[#1:115])-[#1:97]>>[#8:62](-[#6@](-[#6@])(-[#8])-[#1])-[#6@:61]1-[#6@@:58](-[#6:59])(-[#8:57]-[#6@@:45](-[#8:46])(-[#6@:44]-[#6@:63]-1(-[#8:64])-[#1:115])-[#1:97])-[#1:109],"EVODEX.2-P2352,EVODEX.2-P2375,EVODEX.2-P2351,EVODEX.2-P2257,EVODEX.2-P2374"
EVODEX.2-E534,[#7:1]-[#6:2]1:[#7:3]:[#6:4]2:[#6:5](:[#6:6](=[#8:7]):[#7:8]:1-[#1])-[#7:9]1-[#6:10](-[#7:11](-[#6:12]3:[#6:13](:[#6:14](:[#6:15](-[#6:16](=[#8:17])-[#7:18]):[#6:28](:[#6:29]:3-[#1:71])-[#1:70])-[#1:61])-[#1:60])-[#6:30]-[#6@:31]-1(-[#6:32]-[#7:33]-2)-[#1])(-[#1:58])-[#1:59]>>[#6:10](-[#6]1:[#6](=[#8]):[#7](:[#6](=[#8]):[#7](-[#6@@]):[#6]:1-[#1])-[#1])(-[#1:58])(-[#1:59])-[#1].[#7:1]-[#6:2]1:[#7:3]:[#6:4]2:[#6:5](:[#6:6](=[#8:7]):[#7:8]:1-[#1])-[#7:9]=[#6:31](-[#6:30]-[#7:11](-[#6:12]1:[#6:13](:[#6:14](:[#6:15](-[#6:16](=[#8:17])-[#7:18]):[#6:28](:[#6:29]:1-[#1:71])-[#1:70])-[#1:61])-[#1:60])-[#1])-[#6:32]-[#7:33]-2,"EVODEX.2-P1457,EVODEX.2-P1453,EVODEX.2-P1463,EVODEX.2-P1459,EVODEX.2-P1466"
EVODEX.2-E535,[#6:4]-[#8:5]-[#1]>>[#6:4]-[#8:5]-[#6](=[#8])/[#6](=[#6](/[#6]1:[#6](:[#6](:[#6](-[#8]):[#6](:[#6]:1-[#1])-[#1])-[#1])-[#1])-[#1])-[#1],"EVODEX.2-P1576,EVODEX.2-P1782,EVODEX.2-P3836,EVODEX.2-P1573,EVODEX.2-P1778"
EVODEX.2-E536,[#6:47]-[#16:48]-[#6:49](=[#8:50])/[#6:51](=[#6:52](/[#6:53]1:[#6:54](:[#6:55](:[#6:56](-[#8:57]):[#6:58](:[#6:59]:1-[#1:132])-[#1:131])-[#1:129])-[#1:128])-[#1:127])-[#1:126].[#8:60](-[#6:61])-[#1]>>[#6:49](=[#8:50])(/[#6:51](=[#6:52](/[#6:53]1:[#6:54](:[#6:55](:[#6:56](-[#8:57]):[#6:58](:[#6:59]:1-[#1:132])-[#1:131])-[#1:129])-[#1:128])-[#1:127])-[#1:126])-[#8:60]-[#6:61].[#6:47]-[#16:48]-[#1],"EVODEX.2-P1621,EVODEX.2-P1780,EVODEX.2-P1781,EVODEX.2-P1775,EVODEX.2-P1574"
EVODEX.2-E537,[#6](-[#7:2](-[#6:3])-[#1])(-[#1])(-[#1])-[#1].[#8:13]=[#8:14]>>[#7:2](-[#6:3])(-[#1])-[#1].[#8:13](-[#8:14]-[#1])-[#1],"EVODEX.2-P1277,EVODEX.2-P1338,EVODEX.2-P1333,EVODEX.2-P1328,EVODEX.2-P1322"
EVODEX.2-E538,[#6:8]-[#6:9](-[#6@:10])(-[#1:44])-[#1].[#6:19]-[#6:20](=[#8:21])-[#6](=[#8])-[#8]>>[#6:8]-[#6@@:9](-[#6@:10])(-[#8]-[#1])-[#1:44].[#6:19]-[#6:20](=[#8:21])-[#8]-[#1],"EVODEX.2-P503,EVODEX.2-P467,EVODEX.2-P457,EVODEX.2-P459,EVODEX.2-P471"
EVODEX.2-E539,[#7:4]-[#6:5](-[#6:6])(-[#1:30])-[#1].[#6:18]-[#6:19](=[#8:20])-[#6](=[#8])-[#8]>>[#7:4]-[#6:5](-[#6:6])(-[#8]-[#1])-[#1:30].[#6:18]-[#6:19](=[#8:20])-[#8]-[#1],"EVODEX.2-P436,EVODEX.2-P440,EVODEX.2-P489,EVODEX.2-P464,EVODEX.2-P451"
EVODEX.2-E540,[#6]-[#6@](-[#7])(-[#6:11](=[#8:12])-[#8:13]-[#1])-[#1]>>[#6:11](=[#8:12])=[#8:13],"EVODEX.2-P5483,EVODEX.2-P5504,EVODEX.2-P5484,EVODEX.2-P5475,EVODEX.2-P5478"
EVODEX.2-E541,[#8]-[#15](=[#8])(-[#8])-[#8]-[#15:28](=[#8:29])(-[#8:30])-[#8:31].[#7:32]-[#6:33]1:[#7:34]:[#6:35](:[#7:36]:[#6:37]2:[#6:38]:1:[#7:39]:[#6:40](:[#7:41]:2-[#6@:42]-[#6:43]-[#6@:44](-[#8:45])(-[#6@@:46]-[#6:47]-[#8:48]-[#1])-[#1:72])-[#1:68])-[#1:67]>>[#15:28](=[#8:29])(-[#8:30])(-[#8:31])-[#8:48]-[#6:47]-[#6@@:46]-[#6@@:44](-[#8:45])(-[#6:43]-[#6@:42]-[#7:41]1:[#6:37]2:[#7:36]:[#6:35](:[#7:34]:[#6:33](-[#7:32]):[#6:38]:2:[#7:39]:[#6:40]:1-[#1:68])-[#1:67])-[#1:72],"EVODEX.2-P3142,EVODEX.2-P3127,EVODEX.2-P3136,EVODEX.2-P3126,EVODEX.2-P3233"
EVODEX.2-E542,[#6]-[#6]1:[#6](:[#6](=[#8]):[#8]:[#6]2:[#6](:[#6](-[#8:10]-[#6@@:11]):[#6](:[#6](:[#6]:1:2)-[#1])-[#1])-[#1])-[#1]>>[#8:10](-[#6@@:11])-[#1],"EVODEX.2-P4188,EVODEX.2-P4175,EVODEX.2-P4228,EVODEX.2-P4217,EVODEX.2-P4190"
EVODEX.2-E543,[#6:19]-[#6:20](=[#8:21])-[#7](-[#6]1:[#6](:[#6](:[#6]2:[#6](-[#6]):[#6](:[#6](=[#8]):[#8]:[#6]:2:[#6]:1-[#1])-[#1])-[#1])-[#1])-[#1]>>[#6:19]-[#6:20](=[#8:21])-[#8]-[#1],"EVODEX.2-P4373,EVODEX.2-P4791,EVODEX.2-P4783,EVODEX.2-P4788,EVODEX.2-P4560"
EVODEX.2-E544,[#6:19]-[#6:20](=[#8:21])-[#7](-[#6]1:[#6](:[#6](:[#6]2:[#6](-[#6]):[#6](:[#6](=[#8]):[#8]:[#6]:2:[#6]:1-[#1])-[#1])-[#1])-[#1])-[#1].[#8:35](-[#1])-[#1]>>[#6:19]-[#6:20](=[#8:21])-[#8:35]-[#1],"EVODEX.2-P4466,EVODEX.2-P4561,EVODEX.2-P4792,EVODEX.2-P4588,EVODEX.2-P4786"
EVODEX.2-E545,[#6]-[#6](-[#7:4](-[#1])-[#1])(-[#6])-[#1].[#8:10]=[#8:11]>>[#7:4](-[#1])(-[#1])-[#1].[#8:10](-[#8:11]-[#1])-[#1],"EVODEX.2-P1016,EVODEX.2-P1048,EVODEX.2-P1033,EVODEX.2-P1022,EVODEX.2-P1111"
EVODEX.2-E546,[#6:1]-[#6:2]1:[#7:3]:[#6:4](:[#6:5](-[#6:6]):[#6:12](-[#6:13](-[#7](-[#6])-[#1])(-[#1:39])-[#1]):[#6:26]:1-[#8:27])-[#1:34].[#8:29]=[#8:30]>>[#6:1]-[#6:2]1:[#7:3]:[#6:4](:[#6:5](-[#6:6]):[#6:12](-[#6:13](=[#8])-[#1:39]):[#6:26]:1-[#8:27])-[#1:34].[#8:29](-[#8:30]-[#1])-[#1],"EVODEX.2-P1179,EVODEX.2-P1210,EVODEX.2-P1211,EVODEX.2-P1188,EVODEX.2-P1171"
EVODEX.2-E547,[#6]-[#7](-[#6:6](=[#8:7])-[#1:19])-[#1]>>[#6:6](=[#8:7])(-[#8]-[#1])-[#1:19],"EVODEX.2-P5175,EVODEX.2-P5177,EVODEX.2-P5178,EVODEX.2-P5181,EVODEX.2-P5167"
EVODEX.2-E548,[#6](-[#6@])(=[#8])-[#8:5]-[#1].([#7:15]-[#6:16]1:[#7:17]:[#6:18](:[#7:19]:[#6:20]2:[#6:21]:1:[#7:22]:[#6:23](:[#7:24]:2-[#6@@:25])-[#1:64])-[#1:63].[#8:29]-[#15:30](=[#8:31])(-[#8:32])-[#8:33]-[#15:34](=[#8:35])(-[#8:36])-[#8:37])>>[#8:33](-[#15:34](=[#8:35])(-[#8:36])-[#8:37])-[#1].([#8:5](-[#15:30](-[#8:29])(=[#8:31])-[#8:32])-[#1].[#7:24]1(-[#6@@:25]):[#6:20]2:[#7:19]:[#6:18](:[#7:17]:[#6:16](-[#7:15]):[#6:21]:2:[#7:22]:[#6:23]:1-[#1:64])-[#1:63]),"EVODEX.2-P6090,EVODEX.2-P6027,EVODEX.2-P5882,EVODEX.2-P6025,EVODEX.2-P6247"
EVODEX.2-E549,[#6:47]-[#16:48]-[#6](=[#8])-[#6]>>[#6:47]-[#16:48]-[#1],"EVODEX.2-P1927,EVODEX.2-P1647,EVODEX.2-P1848,EVODEX.2-P2021,EVODEX.2-P5812"
EVODEX.2-E550,[#6]-[#6](-[#7:7](-[#1])-[#1])(-[#6](=[#8])-[#8])-[#1]>>[#7:7](-[#1])(-[#1])-[#1],"EVODEX.2-P5778,EVODEX.2-P993,EVODEX.2-P925,EVODEX.2-P5773,EVODEX.2-P994"
EVODEX.2-E551,[#6]-[#6](=[#8])-[#16:8]-[#6:9].[#6:58]-[#6:59](=[#8:60])-[#8]-[#1]>>[#16:8](-[#6:9])-[#6:59](-[#6:58])=[#8:60],"EVODEX.2-P3568,EVODEX.2-P3573,EVODEX.2-P3557,EVODEX.2-P3579,EVODEX.2-P3562"
EVODEX.2-E552,[#6:31](-[#6@@:23])(=[#8:32])-[#7](-[#6]1:[#6](:[#6](:[#6]2:[#6](:[#6]:1-[#1])-[#8]-[#6]-[#6](=[#6]-2-[#6])-[#1])-[#1])-[#1])-[#1].[#8:45](-[#1])-[#1]>>[#6:31](-[#6@@:23])(=[#8:32])-[#8:45]-[#1],"EVODEX.2-P4790,EVODEX.2-P4346,EVODEX.2-P4345,EVODEX.2-P4451,EVODEX.2-P4461"
EVODEX.2-E553,[#6:1]-[#6:2]1=[#6:3](-[#6:4]-[#8:5]-[#6:6]2:[#6:7](:[#6:8](-[#7:9](-[#6](=[#8])-[#6@])-[#1]):[#6:42](:[#6:43](:[#6:44]:2-1)-[#1:82])-[#1:81])-[#1:52])-[#1:49]>>[#6:1]-[#6:2]1=[#6:3](-[#6:4]-[#8:5]-[#6:6]2:[#6:7](:[#6:8](-[#7:9](-[#1])-[#1]):[#6:42](:[#6:43](:[#6:44]:2-1)-[#1:82])-[#1:81])-[#1:52])-[#1:49],"EVODEX.2-P4414,EVODEX.2-P4465,EVODEX.2-P4467,EVODEX.2-P4739,EVODEX.2-P4415"
EVODEX.2-E554,[#7:1]-[#6@:2](-[#6:3](=[#8:4])-[#8:5])(-[#6@](-[#8])(-[#6])-[#1])-[#1:22]>>[#7:1]-[#6:2](-[#6:3](=[#8:4])-[#8:5])(-[#1:22])-[#1],"EVODEX.2-P5611,EVODEX.2-P5641,EVODEX.2-P5598,EVODEX.2-P5643,EVODEX.2-P5604"
EVODEX.2-E555,[#6:14](-[#6@:3])(=[#8:15])-[#8]-[#1].[#8]-[#15](=[#8])(-[#8])-[#8:41]-[#15:42](=[#8:43])(-[#8:44])-[#8:45]>>[#6:14](-[#6@:3])(=[#8:15])-[#7](-[#8])-[#1].[#8:41](-[#15:42](=[#8:43])(-[#8:44])-[#8:45])-[#1],"EVODEX.2-P5996,EVODEX.2-P5993,EVODEX.2-P6248,EVODEX.2-P5868,EVODEX.2-P5994"
EVODEX.2-E556,[#6:4](-[#6@@:2])(=[#8:5])-[#8]-[#1].[#8]-[#15](=[#8])(-[#8])-[#8:30]-[#15:31](=[#8:32])(-[#8:33])-[#8:34]>>[#6:4](-[#6@@:2])(=[#8:5])-[#7](-[#1])-[#1].[#8:30](-[#15:31](=[#8:32])(-[#8:33])-[#8:34])-[#1],"EVODEX.2-P6059,EVODEX.2-P6055,EVODEX.2-P6058,EVODEX.2-P5871,EVODEX.2-P6060"
EVODEX.2-E557,[#6]-[#6@](-[#8:8]-[#15:9](=[#8:10])(-[#8:11])-[#8:12])(-[#6@@])-[#1]>>[#8:8](-[#15:9](=[#8:10])(-[#8:11])-[#8:12])-[#1],"EVODEX.2-P3883,EVODEX.2-P3875,EVODEX.2-P3876,EVODEX.2-P3907,EVODEX.2-P3954"
EVODEX.2-E558,[#6]-[#6](-[#8:6]-[#15:7](=[#8:8])(-[#8:9])-[#8:10])(-[#1])-[#1]>>[#8:6](-[#15:7](=[#8:8])(-[#8:9])-[#8:10])-[#1],"EVODEX.2-P3887,EVODEX.2-P3921,EVODEX.2-P2570,EVODEX.2-P3889,EVODEX.2-P3939"
EVODEX.2-E559,[#6:7]-[#8:8]-[#1].[#8:14]=[#15:15](-[#8:16])(-[#8:17])-[#8]-[#6@]>>[#6:7]-[#8:8]-[#15:15](=[#8:14])(-[#8:16])-[#8:17],"EVODEX.2-P3134,EVODEX.2-P4002,EVODEX.2-P3238,EVODEX.2-P4001,EVODEX.2-P3216"
EVODEX.2-E560,[#8:7](-[#6@@:6])-[#15](=[#8])(-[#8])-[#8]>>[#8:7](-[#6@@:6])-[#1],"EVODEX.2-P3118,EVODEX.2-P3120,EVODEX.2-P3437,EVODEX.2-P3210,EVODEX.2-P3143"
EVODEX.2-E561,[#6:47]-[#16:48]-[#6:49](=[#8:50])-[#6@@:51].[#8]-[#15](=[#8])(-[#8:83]-[#1])-[#8]>>[#6:49](=[#8:50])(-[#6@@:51])-[#8:83]-[#1].[#6:47]-[#16:48]-[#1],"EVODEX.2-P5940,EVODEX.2-P5884,EVODEX.2-P6005,EVODEX.2-P5902,EVODEX.2-P5906"
EVODEX.2-E562,[#8]-[#15](=[#8])(-[#8])-[#8]-[#15:33](=[#8:34])(-[#8:35])-[#8:36].[#6:11](-[#6@@:2])(=[#8:12])-[#8:13]-[#1]>>[#6:11](-[#6@@:2])(=[#8:12])-[#8]-[#1].[#8:13](-[#15:33](=[#8:34])(-[#8:35])-[#8:36])-[#1],"EVODEX.2-P5214,EVODEX.2-P5219,EVODEX.2-P5216,EVODEX.2-P5829,EVODEX.2-P5215"
EVODEX.2-E563,[#8]-[#15](=[#8])(-[#8])-[#8:50]-[#15:51](=[#8:52])(-[#8:53])-[#8:54]>>[#8:50](-[#15:51](=[#8:52])(-[#8:53])-[#8:54])-[#1],"EVODEX.2-P5335,EVODEX.2-P3375,EVODEX.2-P5370,EVODEX.2-P3904,EVODEX.2-P5338"
EVODEX.2-E564,[#6:53]-[#6:54](=[#8:55])-[#8]-[#1].[#8]-[#15](=[#8])(-[#8])-[#8:78]-[#15:79](=[#8:80])(-[#8:81])-[#8:82]>>[#6:53]-[#6:54](=[#8:55])-[#1].[#8:78](-[#15:79](=[#8:80])(-[#8:81])-[#8:82])-[#1],"EVODEX.2-P810,EVODEX.2-P805,EVODEX.2-P809,EVODEX.2-P806,EVODEX.2-P804"
EVODEX.2-E565,[#8:1]=[#6:2](-[#8:3]-[#1])-[#6](=[#8])-[#6]>>[#8:1]=[#6:2]=[#8:3],"EVODEX.2-P855,EVODEX.2-P5497,EVODEX.2-P5499,EVODEX.2-P5467,EVODEX.2-P769"
EVODEX.2-E566,[#6:11]-[#8:12]-[#1].[#6]-[#7](-[#6:4](=[#8:5])-[#6:6])-[#1]>>[#6:4](=[#8:5])(-[#6:6])-[#8:12]-[#6:11],"EVODEX.2-P4812,EVODEX.2-P4572,EVODEX.2-P4575,EVODEX.2-P4813,EVODEX.2-P4402"
EVODEX.2-E567,[#8]-[#15](=[#8])(-[#8])-[#8]-[#15:21](=[#8:22])(-[#8:23])-[#8:24].[#8:37]-[#6:38](-[#8:39]-[#1])(-[#6@:40])-[#1:63]>>[#15:21](=[#8:22])(-[#8:23])(-[#8:24])-[#8:39]-[#6@@:38](-[#8:37])(-[#6@:40])-[#1:63],"EVODEX.2-P3172,EVODEX.2-P3368,EVODEX.2-P3369,EVODEX.2-P3200,EVODEX.2-P3157"
EVODEX.2-E568,[#6](-[#6@])(-[#8:12]-[#1])(-[#1])-[#1]>>[#8:12](-[#1])-[#1],"EVODEX.2-P4061,EVODEX.2-P3679,EVODEX.2-P5668,EVODEX.2-P3995,EVODEX.2-P3680"
EVODEX.2-E569,[#6]-[#8]-[#15:146](=[#8:147])(-[#8:148])-[#8:149].[#8:119]-[#15:120](=[#8:121])(-[#8:122]-[#1])-[#8:123]>>[#8:119]-[#15:120](=[#8:121])(-[#8:122]-[#15:146](=[#8:147])(-[#8:148])-[#8:149])-[#8:123],"EVODEX.2-P3163,EVODEX.2-P3147,EVODEX.2-P3354,EVODEX.2-P3145,EVODEX.2-P3248"
EVODEX.2-E570,[#8](-[#6@])-[#15:15](=[#8:16])(-[#8:17])-[#8:18].[#8:39](-[#1])-[#1]>>[#15:15](=[#8:16])(-[#8:17])(-[#8:18])-[#8:39]-[#1],"EVODEX.2-P5341,EVODEX.2-P3864,EVODEX.2-P3942,EVODEX.2-P3998,EVODEX.2-P3880"
EVODEX.2-E571,[#8]-[#15](=[#8])(-[#8:40]-[#1])-[#8].[#6:2]-[#6:3](=[#8:4])-[#7:5](-[#6@@:6])-[#1]>>[#6:2]-[#6:3](=[#8:4])-[#8:40]-[#1].[#7:5](-[#6@@:6])(-[#1])-[#1],"EVODEX.2-P6123,EVODEX.2-P6126,EVODEX.2-P6125,EVODEX.2-P6143,EVODEX.2-P6120"
EVODEX.2-E572,[#8](-[#6@@])-[#15:28](=[#8:29])(-[#8:30])-[#8:31].([#7:41]-[#6:42]1:[#7:43]:[#6:44](:[#7:45]:[#6:46]2:[#6:47]:1:[#7:48]:[#6:49](:[#7:50]:2-[#6@@:51])-[#1:85])-[#1:84].[#8:55]-[#15:56](=[#8:57])(-[#8:58]-[#1])-[#8:59])>>([#15:28](=[#8:29])(-[#8:30])(-[#8:31])-[#8:58]-[#15:56](-[#8:55])(=[#8:57])-[#8:59].[#7:50]1(-[#6@@:51]):[#6:46]2:[#7:45]:[#6:44](:[#7:43]:[#6:42](-[#7:41]):[#6:47]:2:[#7:48]:[#6:49]:1-[#1:85])-[#1:84]),"EVODEX.2-P3144,EVODEX.2-P3268,EVODEX.2-P3349,EVODEX.2-P3178,EVODEX.2-P3122"
EVODEX.2-E573,[#6]-[#6@](-[#7:7](-[#1])-[#1])(-[#6](=[#8])-[#7])-[#1]>>[#7:7](-[#1])(-[#1])-[#1],"EVODEX.2-P2088,EVODEX.2-P2087,EVODEX.2-P2090,EVODEX.2-P1148,EVODEX.2-P2097"
EVODEX.2-E574,[#8]-[#15](=[#8])(-[#8])-[#8]-[#15:83](=[#8:84])(-[#8:85])-[#8:86].[#6:53](-[#6@@:20])(=[#8:54])-[#8:55]-[#1]>>[#6:53](-[#6@@:20])(=[#8:54])-[#8:55]-[#15:83](=[#8:84])(-[#8:85])-[#8:86],"EVODEX.2-P3296,EVODEX.2-P3295,EVODEX.2-P3307,EVODEX.2-P3276,EVODEX.2-P3301"
EVODEX.2-E575,[#6:1](-[#6:2](=[#8:3])-[#6:4](=[#8:5])-[#8:6])(-[#1:39])(-[#1:40])-[#1].[#8]-[#15](=[#8])(-[#8])-[#8]-[#15:30](=[#8:31])(-[#8:32])-[#8:33]>>[#6:1](=[#6:2](-[#8:3]-[#15:30](=[#8:31])(-[#8:32])-[#8:33])-[#6:4](=[#8:5])-[#8:6])(-[#1:39])-[#1:40].,"EVODEX.2-P3181,EVODEX.2-P3183,EVODEX.2-P3475,EVODEX.2-P3188,EVODEX.2-P3185"
EVODEX.2-E576,[#8:17](-[#6@@:16])-[#1].[#8]-[#15](=[#8])(-[#8])-[#8]-[#15:39](=[#8:40])(-[#8:41])-[#8:42]>>[#8:17](-[#6@@:16])-[#15:39](=[#8:40])(-[#8:41])-[#8:42],"EVODEX.2-P3247,EVODEX.2-P3235,EVODEX.2-P3175,EVODEX.2-P3202,EVODEX.2-P3229"
EVODEX.2-E577,[#6:47]-[#16:48]-[#1].[#8]-[#15](=[#8])(-[#8])-[#8:71]-[#15:72](=[#8:73])(-[#8:74])-[#8:75].[#8:80]=[#6:81](-[#8]-[#1])-[#6:83]>>[#6:47]-[#16:48]-[#6:81](=[#8:80])-[#6:83].[#8:71](-[#15:72](=[#8:73])(-[#8:74])-[#8:75])-[#1],"EVODEX.2-P6036,EVODEX.2-P5943,EVODEX.2-P5984,EVODEX.2-P5941,EVODEX.2-P6004"
EVODEX.2-E578,[#6:14](-[#6@:3])(=[#8:15])-[#8]-[#1].[#7:17](-[#8:18])(-[#1])-[#1].[#8]-[#15](=[#8])(-[#8])-[#8:41]-[#15:42](=[#8:43])(-[#8:44])-[#8:45]>>[#6:14](-[#6@:3])(=[#8:15])-[#7:17](-[#8:18])-[#1].[#8:41](-[#15:42](=[#8:43])(-[#8:44])-[#8:45])-[#1],"EVODEX.2-P5987,EVODEX.2-P6063,EVODEX.2-P5866,EVODEX.2-P5991,EVODEX.2-P5867"
EVODEX.2-E579,[#6:47](-[#6@@:45])(=[#8:48])-[#8]-[#1].[#7:57](-[#6@:56](-[#6@:51])(-[#6:58](=[#8:59])-[#8:60])-[#1:135])(-[#1])-[#1].[#8]-[#15](=[#8])(-[#8])-[#8:83]-[#15:84](=[#8:85])(-[#8:86])-[#8:87]>>[#6:47](-[#6@@:45])(=[#8:48])-[#7:57](-[#6@:56](-[#6@:51])(-[#6:58](=[#8:59])-[#8:60])-[#1:135])-[#1].[#8:83](-[#15:84](=[#8:85])(-[#8:86])-[#8:87])-[#1],"EVODEX.2-P6347,EVODEX.2-P6283,EVODEX.2-P6222,EVODEX.2-P6350,EVODEX.2-P6356"
EVODEX.2-E580,[#8:7]-[#15:8](=[#8:9])(-[#8:10])-[#8]-[#15](=[#8])(-[#8])-[#8].([#8:79]=[#6:80]1:[#6:81](:[#6:82](:[#7:83](-[#6@@:84]):[#6:97](=[#8:98]):[#7:99]:1-[#1])-[#1:206])-[#1:205].[#8:88]-[#15:89](=[#8:90])(-[#8:91]-[#1])-[#8:92])>>([#8:7]-[#15:8](=[#8:9])(-[#8:10])-[#8:91]-[#15:89](-[#8:88])(=[#8:90])-[#8:92].[#7:83]1(-[#6@@:84]):[#6:82](:[#6:81](:[#6:80](=[#8:79]):[#7:99](:[#6:97]:1=[#8:98])-[#1])-[#1:205])-[#1:206]),"EVODEX.2-P3345,EVODEX.2-P3468,EVODEX.2-P3346,EVODEX.2-P3196,EVODEX.2-P3347"
EVODEX.2-E581,[#6:9](-[#6@@:7])(-[#8]-[#15](=[#8])(-[#8])-[#8])(-[#6:15])-[#1:31].[#8:16](-[#1])-[#1]>>[#8:16](-[#6@@:9](-[#6@@:7])(-[#6:15])-[#1:31])-[#1],"EVODEX.2-P3862,EVODEX.2-P3895,EVODEX.2-P3924,EVODEX.2-P3879,EVODEX.2-P3908"
EVODEX.2-E582,([#7:6](-[#6@:5])(-[#6](=[#8])-[#6@])-[#1].[#6:40](-[#6@@:32])(=[#8:41])-[#7:42](-[#6@@:43])-[#1]).[#8:60](-[#1])-[#1]>>([#7:6](-[#6@:5])(-[#1])-[#1].[#6:40](-[#6@@:32])(=[#8:41])-[#8:60]-[#1]).[#7:42](-[#6@@:43])(-[#1])-[#1],"EVODEX.2-P4489,EVODEX.2-P4850,EVODEX.2-P4876,EVODEX.2-P4472,EVODEX.2-P4868"
EVODEX.2-E583,[#6:3](-[#6@@:2])(-[#16]-[#6])(-[#1:18])-[#1:19]>>[#6:3](-[#6@@:2])(-[#8]-[#1])(-[#1:18])-[#1:19],"EVODEX.2-P5685,EVODEX.2-P4063,EVODEX.2-P4544,EVODEX.2-P3805,EVODEX.2-P3806"
EVODEX.2-E584,[#6]-[#6](-[#16:5]-[#6:6])(-[#1])-[#1]>>[#16:5](-[#6:6])-[#1],"EVODEX.2-P1361,EVODEX.2-P5800,EVODEX.2-P2665,EVODEX.2-P2653,EVODEX.2-P2646"
EVODEX.2-E585,[#6:20]-[#16:21]-[#16]-[#6]>>[#6:20]-[#16:21]-[#1],"EVODEX.2-P1360,EVODEX.2-P3590,EVODEX.2-P1359,EVODEX.2-P1358,EVODEX.2-P1357"
EVODEX.2-E586,[#6:6]-[#8:7]-[#1].[#8]-[#15](=[#8])(-[#8])-[#8]-[#16:27](=[#8:28])(=[#8:29])-[#8:30]>>[#6:6]-[#8:7]-[#16:27](=[#8:28])(=[#8:29])-[#8:30],"EVODEX.2-P3510,EVODEX.2-P3497,EVODEX.2-P3527,EVODEX.2-P3498,EVODEX.2-P3530"
EVODEX.2-E587,[#8]-[#15](=[#8])(-[#8])-[#8:63]-[#15:64](=[#8:65])(-[#8:66])-[#8:67].([#6:19]-[#6@:20](-[#7:21])(-[#6:38](=[#8:39])-[#8:40])-[#1:98].[#6:31]-[#6:32](=[#8:33])-[#8]-[#1]).[#7:9](-[#6@:8])(-[#1])-[#1]>>([#7:9](-[#6@:8])(-[#6:32](-[#6:31])=[#8:33])-[#1].[#7:21]-[#6@@:20](-[#6:19])(-[#6:38](=[#8:39])-[#8:40])-[#1:98]).[#8:63](-[#15:64](=[#8:65])(-[#8:66])-[#8:67])-[#1],"EVODEX.2-P6226,EVODEX.2-P6261,EVODEX.2-P6245,EVODEX.2-P6225,EVODEX.2-P6093"
EVODEX.2-E588,[#6:10]/[#6:11](-[#6:12])=[#6:13](/[#6:14])-[#1:92].[#6:33](-[#6@:32])(-[#8]-[#15](=[#8])(-[#8])-[#8])(-[#1:103])-[#1]>>[#6:10]-[#6:11]1(-[#6:12])-[#6:13](-[#6:14])(-[#6:33]-1(-[#6@:32])-[#1:103])-[#1:92],"EVODEX.2-P2571,EVODEX.2-P2569,EVODEX.2-P2573,EVODEX.2-P2560,EVODEX.2-P2575"
EVODEX.2-E589,[#6:43]-[#6:44]1:[#6:45](:[#6:46](:[#6:47](-[#8:48]-[#1]):[#6:49](:[#6:50]:1-[#1:191])-[#1:190])-[#1:188])-[#1:187].[#8]-[#15](=[#8])(-[#8])-[#8]-[#15:132](=[#8:133])(-[#8:134])-[#8:135]>>[#6:43]-[#6:44]1:[#6:45](:[#6:46](:[#6:47](-[#8:48]-[#15:132](=[#8:133])(-[#8:134])-[#8:135]):[#6:49](:[#6:50]:1-[#1:191])-[#1:190])-[#1:188])-[#1:187],"EVODEX.2-P3255,EVODEX.2-P3267,EVODEX.2-P3265,EVODEX.2-P3260,EVODEX.2-P3257"
EVODEX.2-E590,[#6:76]-[#6@:75](-[#6@@:57])(-[#8:77]-[#1])-[#1:205].[#8]-[#15](=[#8])(-[#8])-[#8]-[#15:104](=[#8:105])(-[#8:106])-[#8:107]>>[#6:75](-[#6@@:57])(-[#6:76])(-[#8:77]-[#15:104](=[#8:105])(-[#8:106])-[#8:107])-[#1:205],"EVODEX.2-P3228,EVODEX.2-P3129,EVODEX.2-P3226,EVODEX.2-P3272,EVODEX.2-P3151"
EVODEX.2-E591,[#7:9]-[#6:10](=[#7:11]-[#1])-[#7:12](-[#1])-[#1].[#8]-[#15](=[#8])(-[#8])-[#8]-[#15:36](=[#8:37])(-[#8:38])-[#8:39]>>[#7:9]-[#6:10](=[#7:11]-[#1])-[#7:12](-[#15:36](=[#8:37])(-[#8:38])-[#8:39])-[#1],"EVODEX.2-P3318,EVODEX.2-P3334,EVODEX.2-P3327,EVODEX.2-P3314,EVODEX.2-P3331"
EVODEX.2-E592,[#6:5](-[#6@@:3])(=[#8:6])-[#8:7]-[#1].[#8]-[#15](=[#8])(-[#8])-[#8:36]-[#15:37](=[#8:38])(-[#8:39])-[#8:40]>>[#6:5](-[#6@@:3])(=[#8:6])-[#8:7]-[#6](-[#6@@])=[#8].[#8:36](-[#15:37](=[#8:38])(-[#8:39])-[#8:40])-[#1],"EVODEX.2-P5880,EVODEX.2-P6214,EVODEX.2-P6200,EVODEX.2-P6163,EVODEX.2-P5878"
EVODEX.2-E593,[#8:16]-[#15:17](=[#8:18])(-[#8:19]-[#1])-[#8:20].[#8]-[#15](=[#8])(-[#8])-[#8]-[#15:35](=[#8:36])(-[#8:37])-[#8:38]>>[#8:16]-[#15:17](=[#8:18])(-[#8:19]-[#15:35](=[#8:36])(-[#8:37])-[#8:38])-[#8:20],"EVODEX.2-P3451,EVODEX.2-P3450,EVODEX.2-P3350,EVODEX.2-P3195,EVODEX.2-P3471"
EVODEX.2-E594,[#7:121](-[#6@@:120])(-[#1])-[#1].[#8]-[#15](=[#8])(-[#8])-[#8:182]-[#15:183](=[#8:184])(-[#8:185])-[#8:186].[#8:195]=[#6:196](-[#8]-[#1])-[#6:198]>>[#7:121](-[#6@@:120])(-[#6:196](=[#8:195])-[#6:198])-[#1].[#8:182](-[#15:183](=[#8:184])(-[#8:185])-[#8:186])-[#1],"EVODEX.2-P6310,EVODEX.2-P6134,EVODEX.2-P6050,EVODEX.2-P6098,EVODEX.2-P6117"
EVODEX.2-E595,[#8]-[#15](=[#8])(-[#8])-[#8]-[#6@@:19](-[#8:20])(-[#6@:26])-[#1:75].[#6:36]-[#6@@:37](-[#8:38])(-[#6@@:65](-[#6@@:63](-[#6@:61])(-[#8:64])-[#1:106])-[#8:66]-[#1])-[#1:92]>>[#8:66](-[#6@@:19](-[#8:20])(-[#6@:26])-[#1:75])-[#6@@:65](-[#6@@:37](-[#6:36])(-[#8:38])-[#1:92])-[#6@@:63](-[#6@:61])(-[#8:64])-[#1:106],"EVODEX.2-P2331,EVODEX.2-P2330,EVODEX.2-P2321,EVODEX.2-P2327,EVODEX.2-P2225"
EVODEX.2-E596,[#8]-[#15](=[#8])(-[#8])-[#8]-[#15:19](=[#8:20])(-[#8:21])-[#8:22].[#8:33]-[#6:34](-[#8:35]-[#1])(-[#6@:36]-[#6@@:38](-[#8:39])(-[#6@:40])-[#1:65])-[#1:61]>>[#15:19](=[#8:20])(-[#8:21])(-[#8:22])-[#8:35]-[#6@@:34](-[#8:33])(-[#6@:36]-[#6@:38](-[#6@:40])(-[#8:39])-[#1:65])-[#1:61],"EVODEX.2-P3162,EVODEX.2-P3155,EVODEX.2-P3125,EVODEX.2-P3206,EVODEX.2-P3203"
EVODEX.2-E597,[#6:42](-[#6@:40])(=[#8:43])-[#8]-[#1].[#6:45]-[#6:46](-[#7:47](-[#1])-[#1])(-[#6:48](=[#8:49])-[#7:50])-[#1:121].[#8]-[#15](=[#8])(-[#8])-[#8:78]-[#15:79](=[#8:80])(-[#8:81])-[#8:82]>>[#6:42](-[#6@:40])(=[#8:43])-[#7:47](-[#6@@:46](-[#6:45])(-[#6:48](=[#8:49])-[#7:50])-[#1:121])-[#1].[#8:78](-[#15:79](=[#8:80])(-[#8:81])-[#8:82])-[#1],"EVODEX.2-P6357,EVODEX.2-P6286,EVODEX.2-P6295,EVODEX.2-P6298,EVODEX.2-P6353"
EVODEX.2-E598,[#7:11]-[#6@@:12](-[#6:13]-[#6:14]-[#6:15](=[#8:16])-[#8]-[#1])(-[#6:18](=[#8:19])-[#8:20])-[#1:54].[#7:1](-[#6:2])(-[#1])-[#1].[#8]-[#15](=[#8])(-[#8])-[#8:43]-[#15:44](=[#8:45])(-[#8:46])-[#8:47]>>[#7:1](-[#6:2])(-[#6:15](-[#6:14]-[#6:13]-[#6@:12](-[#7:11])(-[#6:18](=[#8:19])-[#8:20])-[#1:54])=[#8:16])-[#1].[#8:43](-[#15:44](=[#8:45])(-[#8:46])-[#8:47])-[#1],"EVODEX.2-P6202,EVODEX.2-P6179,EVODEX.2-P6161,EVODEX.2-P6193,EVODEX.2-P6189"
EVODEX.2-E599,[#8]-[#15](=[#8])(-[#8])-[#8]-[#6:22](-[#8:23])(-[#6@@:31])-[#1:50].[#8:40](-[#1])-[#1]>>[#8:40](-[#6@@:22](-[#8:23])(-[#6@@:31])-[#1:50])-[#1],"EVODEX.2-P2288,EVODEX.2-P4239,EVODEX.2-P3912,EVODEX.2-P2453,EVODEX.2-P3916"
EVODEX.2-E600,[#8:19]-[#15:20](=[#8:21])(-[#8:22]-[#1])-[#8:23].[#8]=[#15](-[#8])(-[#8])-[#8]-[#6@@:33](-[#8:34])(-[#6@:42])-[#1:61]>>[#8:19]-[#15:20](=[#8:21])(-[#8:22]-[#6@@:33](-[#8:34])(-[#6@:42])-[#1:61])-[#8:23],"EVODEX.2-P2486,EVODEX.2-P2266,EVODEX.2-P2461,EVODEX.2-P2459,EVODEX.2-P3413"
EVODEX.2-E601,[#8:49](-[#6@:48])-[#1].[#8:54]-[#6@:55](-[#8]-[#15](=[#8])(-[#8])-[#8])(-[#6@:81]-[#6@@:83](-[#8:84])(-[#6@:85])-[#1:139])-[#1:123]>>[#8:49](-[#6@:48])-[#6@:55](-[#8:54])(-[#6@:81]-[#6@:83](-[#6@:85])(-[#8:84])-[#1:139])-[#1:123],"EVODEX.2-P2296,EVODEX.2-P2280,EVODEX.2-P2368,EVODEX.2-P2265,EVODEX.2-P2290"
EVODEX.2-E602,[#8]-[#15](=[#8])(-[#8])-[#8]-[#6@@:19](-[#8:20])(-[#6@:26])-[#1:74].[#8:38]-[#6@@:39](-[#8:40])(-[#6@:60]-[#8:61]-[#1])-[#1:92]>>[#8:61](-[#6@:19](-[#8:20])(-[#6@:26])-[#1:74])-[#6@:60]-[#6@:39](-[#8:40])(-[#8:38])-[#1:92],"EVODEX.2-P2442,EVODEX.2-P2443,EVODEX.2-P2494,EVODEX.2-P2350,EVODEX.2-P2364"
EVODEX.2-E603,([#7:33]-[#6:34]1:[#7:35]:[#6:36](:[#7:37]:[#6:38]2:[#6:39]:1:[#7:40]:[#6:41](:[#7:42]:2-[#6@@:43])-[#1:67])-[#1:66].[#8:55]-[#15:56](=[#8:57])(-[#8:58]-[#1])-[#8:59]).[#8:14]-[#15:15](=[#8:16])(-[#8:17])-[#8]-[#15](=[#8])(-[#8])-[#8]>>([#8:14]-[#15:15](=[#8:16])(-[#8:17])-[#8:58]-[#15:56](-[#8:55])(=[#8:57])-[#8:59].[#7:42]1(-[#6@@:43]):[#6:38]2:[#7:37]:[#6:36](:[#7:35]:[#6:34](-[#7:33]):[#6:39]:2:[#7:40]:[#6:41]:1-[#1:67])-[#1:66]),"EVODEX.2-P3359,EVODEX.2-P3357,EVODEX.2-P3342,EVODEX.2-P3356,EVODEX.2-P3348"
EVODEX.2-E604,[#8:32](-[#6@:31])-[#1].[#8]-[#15](=[#8])(-[#8])-[#8]-[#6@@:61](-[#8:62])(-[#6@:68])-[#1:115]>>[#8:32](-[#6@:31])-[#6@:61](-[#8:62])(-[#6@:68])-[#1:115],"EVODEX.2-P2412,EVODEX.2-P2393,EVODEX.2-P2392,EVODEX.2-P2367,EVODEX.2-P2320"
EVODEX.2-E605,[#6:1]-[#6:2](=[#8:3])-[#7](-[#6])-[#6].[#8:7](-[#1])-[#1]>>[#6:1]-[#6:2](=[#8:3])-[#8:7]-[#1],"EVODEX.2-P4837,EVODEX.2-P4435,EVODEX.2-P4820,EVODEX.2-P4430,EVODEX.2-P4824"
EVODEX.2-E606,[#6]-[#6](-[#8:5]-[#1])(-[#8])-[#1]>>[#8:5](-[#1])-[#1],"EVODEX.2-P4248,EVODEX.2-P2264,EVODEX.2-P4246,EVODEX.2-P4255,EVODEX.2-P3884"
EVODEX.2-E607,[#8:15]-[#6@@:16](-[#8]-[#6])(-[#6@:54])-[#1:80]>>[#8](-[#6@@:16](-[#8:15])(-[#6@:54])-[#1:80])-[#1],"EVODEX.2-P4316,EVODEX.2-P4180,EVODEX.2-P4112,EVODEX.2-P4290,EVODEX.2-P4291"
EVODEX.2-E608,([#7:6](-[#6@:5])(-[#6](=[#8])-[#6@@])-[#1].[#7](-[#6@])(-[#6:20](=[#8:21])-[#6@:22])-[#1]).[#8:83](-[#1])-[#1]>>[#6:20](=[#8:21])(-[#6@:22])-[#8:83]-[#1].[#7:6](-[#6@:5])(-[#1])-[#1],"EVODEX.2-P4849,EVODEX.2-P4591,EVODEX.2-P4491,EVODEX.2-P4490,EVODEX.2-P4815"
EVODEX.2-E609,[#6]-[#16]-[#6:5](-[#6@:6])(-[#1:18])-[#1:19].[#8:11](-[#1])-[#1]>>[#6:5](-[#6@:6])(-[#8:11]-[#1])(-[#1:18])-[#1:19],"EVODEX.2-P4322,EVODEX.2-P4541,EVODEX.2-P4320,EVODEX.2-P5684,EVODEX.2-P4324"
EVODEX.2-E610,[#7](-[#6@@])(-[#6:7](=[#8:8])-[#8:9])-[#1].[#8:20](-[#1])-[#1]>>[#6:7](=[#8:8])(-[#8:9])-[#8:20]-[#1],"EVODEX.2-P4511,EVODEX.2-P4922,EVODEX.2-P3872,EVODEX.2-P5124,EVODEX.2-P3873"
EVODEX.2-E611,[#6]-[#6](=[#8])-[#8:4]-[#6:5]>>[#8:4](-[#6:5])-[#1],"EVODEX.2-P3721,EVODEX.2-P3605,EVODEX.2-P3763,EVODEX.2-P3764,EVODEX.2-P4384"
EVODEX.2-E612,[#6:21]-[#6@:20](-[#6@:7])(-[#8]-[#6](=[#8])-[#6])-[#1:73]>>[#6:21]-[#6@@:20](-[#6@:7])(-[#8]-[#1])-[#1:73],"EVODEX.2-P3705,EVODEX.2-P3789,EVODEX.2-P3813,EVODEX.2-P1944,EVODEX.2-P3762"
EVODEX.2-E613,[#6]-[#6](-[#17:13])(-[#1])-[#1]>>[#17:13]-[#1],"EVODEX.2-P2567,EVODEX.2-P5448,EVODEX.2-P5434,EVODEX.2-P5436,EVODEX.2-P5443"
EVODEX.2-E614,[#6]-[#6]#[#7:4]>>[#7:4](-[#1])(-[#1])-[#1],"EVODEX.2-P5310,EVODEX.2-P5324,EVODEX.2-P5296,EVODEX.2-P5329,EVODEX.2-P5295"
EVODEX.2-E615,[#8:2]=[#6:3](-[#6:4])-[#7](-[#6]1:[#6](:[#6](:[#6]2:[#6](:[#6](:[#6](:[#6](:[#6]:2:[#6]:1-[#1])-[#1])-[#1])-[#1])-[#1])-[#1])-[#1])-[#1]>>[#8](-[#6:3](=[#8:2])-[#6:4])-[#1],"EVODEX.2-P4352,EVODEX.2-P4413,EVODEX.2-P4418,EVODEX.2-P4368,EVODEX.2-P4421"
EVODEX.2-E616,[#6]-[#6]1:[#6](:[#6](=[#8]):[#8]:[#6]2:[#6](:[#6](:[#6](-[#7](-[#6:12](=[#8:13])-[#6@:14])-[#1]):[#6](:[#6]:1:2)-[#1])-[#1])-[#1])-[#1]>>[#6:12](=[#8:13])(-[#6@:14])-[#8]-[#1],"EVODEX.2-P4597,EVODEX.2-P4718,EVODEX.2-P4604,EVODEX.2-P4606,EVODEX.2-P4746"
EVODEX.2-E617,[#6:13]-[#6:14](=[#8:15])-[#8]-[#6]1:[#6](:[#6](:[#6](:[#6]2:[#6](:[#6](:[#6](:[#6](:[#6]:1:2)-[#1])-[#1])-[#1])-[#1])-[#1])-[#1])-[#1].[#8:27](-[#1])-[#1]>>[#6:13]-[#6:14](=[#8:15])-[#8:27]-[#1],"EVODEX.2-P3626,EVODEX.2-P3630,EVODEX.2-P3661,EVODEX.2-P3733,EVODEX.2-P3623"
EVODEX.2-E618,[#6:11](-[#6@:2])(=[#8:12])-[#8]-[#6]1:[#6](:[#6](:[#6]2:[#6](:[#6](:[#6](:[#6](:[#6]:2:[#6]:1-[#1])-[#1])-[#1])-[#1])-[#1])-[#1])-[#1].[#8:24](-[#1])-[#1]>>[#6:11](-[#6@:2])(=[#8:12])-[#8:24]-[#1],"EVODEX.2-P3648,EVODEX.2-P3726,EVODEX.2-P3651,EVODEX.2-P3607,EVODEX.2-P4622"
EVODEX.2-E619,[#6]-[#6@@](-[#7:7](-[#1])-[#1])(-[#6](=[#8])-[#8])-[#1].[#8:12]=[#8:13]>>[#7:7](-[#1])(-[#1])-[#1].[#8:12](-[#8:13]-[#1])-[#1],"EVODEX.2-P1059,EVODEX.2-P1050,EVODEX.2-P986,EVODEX.2-P992,EVODEX.2-P1073"
EVODEX.2-E620,[#8]-[#6]1:[#6](:[#6](/[#6](=[#6](/[#6](=[#8])-[#8:10]-[#6:11])-[#1])-[#1]):[#6](:[#6](:[#6]:1-[#8])-[#1])-[#1])-[#1]>>[#8:10](-[#6:11])-[#1],"EVODEX.2-P3831,EVODEX.2-P3838,EVODEX.2-P3835,EVODEX.2-P1582,EVODEX.2-P2050"
EVODEX.2-E621,[#6:17]-[#6:18](=[#8:19])-[#8]-[#6]1:[#6](:[#6](:[#6]2:[#6](-[#6]):[#6](:[#6](=[#8]):[#8]:[#6]:2:[#6]:1-[#1])-[#1])-[#1])-[#1].[#8:33](-[#1])-[#1]>>[#6:17]-[#6:18](=[#8:19])-[#8:33]-[#1],"EVODEX.2-P3621,EVODEX.2-P3616,EVODEX.2-P3613,EVODEX.2-P3597,EVODEX.2-P3611"
EVODEX.2-E622,[#8:10]-[#6@@:11](-[#8]-[#6]1:[#6](:[#6](:[#6]2:[#6](-[#6]):[#6](:[#6](=[#8]):[#8]:[#6]:2:[#6]:1-[#1])-[#1])-[#1])-[#1])(-[#6@:25])-[#1:49].[#8:39](-[#1])-[#1]>>[#8:10]-[#6@@:11](-[#8:39]-[#1])(-[#6@:25])-[#1:49],"EVODEX.2-P4273,EVODEX.2-P4128,EVODEX.2-P4179,EVODEX.2-P4123,EVODEX.2-P4271"
EVODEX.2-E623,[#8:2]=[#6:3](-[#6:4])-[#7](-[#6]1:[#6](:[#6](:[#6]2:[#6](:[#6](:[#6](:[#6](:[#6]:2:[#6]:1-[#1])-[#1])-[#1])-[#1])-[#1])-[#1])-[#1])-[#1].[#8:1](-[#1])-[#1]>>[#8:1](-[#6:3](=[#8:2])-[#6:4])-[#1],"EVODEX.2-P4367,EVODEX.2-P4444,EVODEX.2-P4590,EVODEX.2-P4365,EVODEX.2-P4741"
EVODEX.2-E624,[#6:31](-[#6@@:23])(=[#8:32])-[#7](-[#6]1:[#6](:[#6](:[#6]2:[#6](:[#6]:1-[#1])-[#8]-[#6]-[#6](=[#6]-2-[#6])-[#1])-[#1])-[#1])-[#1]>>[#6:31](-[#6@@:23])(=[#8:32])-[#8]-[#1],"EVODEX.2-P4682,EVODEX.2-P4460,EVODEX.2-P4615,EVODEX.2-P4789,EVODEX.2-P4462"
EVODEX.2-E625,[#6]-[#7](-[#6:10](=[#8:11])-[#6:12]1:[#6:13](:[#6:14](:[#6:15](:[#6:16](:[#6:17]:1-[#1:36])-[#1:35])-[#1:34])-[#1:33])-[#1:32])-[#1]>>[#6:10](=[#8:11])(-[#6:12]1:[#6:13](:[#6:14](:[#6:15](:[#6:16](:[#6:17]:1-[#1:36])-[#1:35])-[#1:34])-[#1:33])-[#1:32])-[#8]-[#1],"EVODEX.2-P4994,EVODEX.2-P4860,EVODEX.2-P4915,EVODEX.2-P4913,EVODEX.2-P4525"
EVODEX.2-E626,[#6]-[#6]1:[#6](:[#6](=[#8]):[#8]:[#6]2:[#6](:[#6](:[#6](-[#7](-[#6:12](=[#8:13])-[#6@:14])-[#1]):[#6](:[#6]:1:2)-[#1])-[#1])-[#1])-[#1].[#8:35](-[#1])-[#1]>>[#6:12](=[#8:13])(-[#6@:14])-[#8:35]-[#1],"EVODEX.2-P4603,EVODEX.2-P4602,EVODEX.2-P4600,EVODEX.2-P4594,EVODEX.2-P4595"
EVODEX.2-E627,[#8]-[#6]1:[#6](:[#6](-[#7](-[#6:7](=[#8:8])-[#6@:9])-[#1]):[#6](:[#6]2:[#6](:[#6](:[#6](:[#6](:[#6]:1:2)-[#1])-[#1])-[#1])-[#1])-[#1])-[#1].[#8:41](-[#1])-[#1]>>[#6:7](=[#8:8])(-[#6@:9])-[#8:41]-[#1],"EVODEX.2-P4755,EVODEX.2-P4757,EVODEX.2-P4674,EVODEX.2-P4671,EVODEX.2-P4676"
EVODEX.2-E628,[#7:11](-[#6@](-[#6])(-[#6])-[#1])(-[#1])-[#1].[#6:5]-[#6:6](=[#8])-[#6:8](=[#8:9])-[#8:10]>>[#6:5]-[#6@@:6](-[#6:8](=[#8:9])-[#8:10])(-[#7:11](-[#1])-[#1])-[#1],"EVODEX.2-P3110,EVODEX.2-P2876,EVODEX.2-P3067,EVODEX.2-P2885,EVODEX.2-P2831"
EVODEX.2-E629,[#6:1]-[#6:2]1:[#7:3]:[#6:4](:[#6:5](-[#6:6]):[#6:12](-[#6:13](-[#7](-[#6])-[#1])(-[#1:39])-[#1]):[#6:26]:1-[#8:27])-[#1:34].[#8:29]=[#8:30].[#8:28](-[#1])-[#1]>>[#6:1]-[#6:2]1:[#7:3]:[#6:4](:[#6:5](-[#6:6]):[#6:12](-[#6:13](=[#8:28])-[#1:39]):[#6:26]:1-[#8:27])-[#1:34].[#8:29](-[#8:30]-[#1])-[#1],"EVODEX.2-P1185,EVODEX.2-P1189,EVODEX.2-P1207,EVODEX.2-P1175,EVODEX.2-P1203"
EVODEX.2-E630,[#6]-[#6@@](-[#8])(-[#6@@:6](-[#8:7])(-[#6:8](=[#8:9])-[#6:10])-[#1:23])-[#1]>>[#6:6](-[#8:7])(-[#6:8](=[#8:9])-[#6:10])(-[#1:23])-[#1],"EVODEX.2-P5615,EVODEX.2-P5545,EVODEX.2-P5654,EVODEX.2-P5575,EVODEX.2-P5560"
EVODEX.2-E631,[#8:2]-[#6:3]1:[#6:4](:[#6:5](/[#6:6](=[#6:7](/[#6:8](=[#8:9])-[#8]-[#6@@])-[#1:32])-[#1:31]):[#6:22](:[#6:23](:[#6:24]:1-[#8:25])-[#1:45])-[#1:44])-[#1:30].[#8:26](-[#1])-[#1]>>[#8:2]-[#6:3]1:[#6:4](:[#6:5](/[#6:6](=[#6:7](/[#6:8](=[#8:9])-[#8:26]-[#1])-[#1:32])-[#1:31]):[#6:22](:[#6:23](:[#6:24]:1-[#8:25])-[#1:45])-[#1:44])-[#1:30],"EVODEX.2-P3827,EVODEX.2-P4104,EVODEX.2-P3765,EVODEX.2-P3677,EVODEX.2-P3825"
EVODEX.2-E632,[#6:2]-[#6:3](=[#8:4])-[#16]-[#6]>>[#6:2]-[#6:3](=[#8:4])-[#8]-[#6],"EVODEX.2-P1832,EVODEX.2-P1996,EVODEX.2-P1951,EVODEX.2-P1987,EVODEX.2-P1836"
EVODEX.2-E633,[#8:53]-[#15:54](=[#8:55])(-[#8:56])-[#8:57]-[#15:58](=[#8:59])(-[#8:60])-[#8:61].[#8]=[#6](-[#8:65]-[#1])-[#1]>>[#8:53]-[#15:54](=[#8:55])(-[#8:56])-[#8:57]-[#1].[#15:58](=[#8:59])(-[#8:60])(-[#8:61])-[#8:65]-[#1],"EVODEX.2-P6372,EVODEX.2-P5903,EVODEX.2-P6367,EVODEX.2-P6364,EVODEX.2-P6371"
EVODEX.2-E634,[#6]-[#16&+](-[#6:3](-[#6:4])(-[#1:48])-[#1:49])-[#6].[#7:28](-[#6@@:29])(-[#1])-[#1]>>[#6:3](-[#6:4])(-[#7:28](-[#6@@:29])-[#1])(-[#1:48])-[#1:49],"EVODEX.2-P2581,EVODEX.2-P2619,EVODEX.2-P2545,EVODEX.2-P2547,EVODEX.2-P2618"
EVODEX.2-E635,[#6]-[#6](=[#8])-[#7:22](-[#6:23]1:[#6:24](:[#6:25](:[#6:26]2:[#6:27](-[#6:28]):[#6:29](:[#6:30](=[#8:31]):[#8:32]:[#6:33]:2:[#6:34]:1-[#1:74])-[#1:73])-[#1:69])-[#1:68])-[#1]>>[#7:22](-[#6:23]1:[#6:24](:[#6:25](:[#6:26]2:[#6:27](-[#6:28]):[#6:29](:[#6:30](=[#8:31]):[#8:32]:[#6:33]:2:[#6:34]:1-[#1:74])-[#1:73])-[#1:69])-[#1:68])(-[#1])-[#1],"EVODEX.2-P4342,EVODEX.2-P4536,EVODEX.2-P4438,EVODEX.2-P4363,EVODEX.2-P4362"
EVODEX.2-E636,[#6:1](-[#6:2](=[#8:3])-[#16]-[#6])(-[#1:95])(-[#1:96])-[#1].[#6:55]-[#6:56](=[#8:57])-[#6:58](=[#8:59])-[#8:60].[#8:66]=[#15:67](-[#8:68]-[#1])(-[#8:69])-[#8:70]>>[#6:1](-[#6:2](=[#8:3])-[#8]-[#1])(-[#6:56](-[#6:55])(-[#8:57]-[#1])-[#6:58](=[#8:59])-[#8:60])(-[#1:95])-[#1:96].[#8]=[#15](-[#8])(-[#8])-[#8:68]-[#15:67](=[#8:66])(-[#8:69])-[#8:70],"EVODEX.2-P2210,EVODEX.2-P2203,EVODEX.2-P2216,EVODEX.2-P2202,EVODEX.2-P2199"
EVODEX.2-E637,[#6]-[#16]-[#6:49](=[#8:50])-[#6@@:51].[#8:80]-[#15:81](=[#8:82])(-[#8:83]-[#1])-[#8:84]>>[#6:49](=[#8:50])(-[#6@@:51])-[#8:83]-[#1].[#8:80]-[#15:81](=[#8:82])(-[#8:84])-[#8]-[#15](=[#8])(-[#8])-[#8],"EVODEX.2-P6001,EVODEX.2-P5926,EVODEX.2-P6021,EVODEX.2-P5939,EVODEX.2-P6017"
EVODEX.2-E638,[#6]-[#6](=[#8])-[#6](=[#8])-[#8:11]-[#1]>>[#8:11](-[#1])-[#1],"EVODEX.2-P1082,EVODEX.2-P954,EVODEX.2-P955,EVODEX.2-P952,EVODEX.2-P951"
EVODEX.2-E639,[#8]-[#6]1:[#6](:[#6](-[#7](-[#6:7](=[#8:8])-[#6@:9])-[#1]):[#6](:[#6]2:[#6](:[#6](:[#6](:[#6](:[#6]:1:2)-[#1])-[#1])-[#1])-[#1])-[#1])-[#1]>>[#6:7](=[#8:8])(-[#6@:9])-[#8]-[#1],"EVODEX.2-P4677,EVODEX.2-P4672,EVODEX.2-P4787,EVODEX.2-P4756,EVODEX.2-P4785"
EVODEX.2-E640,[#7:6](-[#6@@](-[#6@])(-[#6](=[#8])-[#8])-[#1])(-[#1])-[#1].[#8:10]=[#6:11](-[#8:12])-[#6:13](=[#8])-[#6:15]>>[#7:6](-[#6@:13](-[#6:11](=[#8:10])-[#8:12])(-[#6:15])-[#1])(-[#1])-[#1],"EVODEX.2-P2872,EVODEX.2-P3083,EVODEX.2-P2946,EVODEX.2-P3093,EVODEX.2-P2945"
EVODEX.2-E641,[#6]-[#6](-[#7])=[#8:10]>>[#8:10](-[#1])-[#1],"EVODEX.2-P5741,EVODEX.2-P5720,EVODEX.2-P5724,EVODEX.2-P5723,EVODEX.2-P5742"
EVODEX.2-E642,[#7]-[#16](=[#8])(=[#8])-[#6]1:[#6](:[#6](:[#6](:[#6]2:[#6](:[#6](-[#7](-[#6:15](=[#8:16])-[#6@:17])-[#1]):[#6](:[#6](:[#6]:1:2)-[#1])-[#1])-[#1])-[#1])-[#1])-[#1]>>[#6:15](=[#8:16])(-[#6@:17])-[#8]-[#1],"EVODEX.2-P4714,EVODEX.2-P4711,EVODEX.2-P4701,EVODEX.2-P4695,EVODEX.2-P4704"
EVODEX.2-E643,[#7](-[#6@@])(-[#6:5](-[#6:6]1:[#6:7](-[#6:8]):[#6:14](:[#7:15]:[#6:16](-[#6:17]):[#6:18]:1-[#8:19])-[#1:39])(-[#1:33])-[#1])-[#1]>>[#6:5](-[#6:6]1:[#6:7](-[#6:8]):[#6:14](:[#7:15]:[#6:16](-[#6:17]):[#6:18]:1-[#8:19])-[#1:39])(=[#8])-[#1:33],"EVODEX.2-P1177,EVODEX.2-P1209,EVODEX.2-P1168,EVODEX.2-P1195,EVODEX.2-P1184"
EVODEX.2-E644,[#7]-[#16](=[#8])(=[#8])-[#6]1:[#6](:[#6](:[#6](:[#6]2:[#6](:[#6](-[#7](-[#6:15](=[#8:16])-[#6@:17])-[#1]):[#6](:[#6](:[#6]:1:2)-[#1])-[#1])-[#1])-[#1])-[#1])-[#1].[#8:47](-[#1])-[#1]>>[#6:15](=[#8:16])(-[#6@:17])-[#8:47]-[#1],"EVODEX.2-P4705,EVODEX.2-P4694,EVODEX.2-P4703,EVODEX.2-P4698,EVODEX.2-P4708"
EVODEX.2-E645,[#8:1](-[#1])-[#1].[#8:11]-[#6@:12](-[#8]-[#6])(-[#6@@:32])-[#1:52]>>[#8:1](-[#6@@:12](-[#8:11])(-[#6@@:32])-[#1:52])-[#1],"EVODEX.2-P4111,EVODEX.2-P4074,EVODEX.2-P4084,EVODEX.2-P4284,EVODEX.2-P4075"
EVODEX.2-E646,[#8](-[#6@])-[#6@:22]1(-[#6@:23]-[#6@:25](-[#8:26])(-[#6@:27](-[#8:28])(-[#8:65]-[#6@:66]-1(-[#6:67](=[#8:68])-[#8:69])-[#1])-[#1:106])-[#1:104])-[#1:101]>>[#6:22]1(=[#6:66](-[#6:67](=[#8:68])-[#8:69])-[#8:65]-[#6@@:27](-[#8:28])(-[#6@@:25](-[#8:26])(-[#6@:23]-1)-[#1:104])-[#1:106])-[#1:101],"EVODEX.2-P5750,EVODEX.2-P5755,EVODEX.2-P5751,EVODEX.2-P5754,EVODEX.2-P5756"
EVODEX.2-E647,[#8:9]-[#6@@:10](-[#8]-[#6@@])(-[#6@@:45]-[#6@@:47](-[#8:48])(-[#6@@:49])-[#1:92])-[#1:58]>>[#8]=[#15](-[#8]-[#6@@:10](-[#8:9])(-[#6@@:45]-[#6@:47](-[#6@@:49])(-[#8:48])-[#1:92])-[#1:58])(-[#8])-[#8],"EVODEX.2-P2381,EVODEX.2-P2326,EVODEX.2-P2372,EVODEX.2-P2362,EVODEX.2-P2338"
EVODEX.2-E648,([#8:27]-[#6@:26](-[#6@:24])(-[#6@@:28])-[#1:71].[#8:44]-[#6@:43](-[#6@:41])(-[#6@@:45])-[#1:87])>>([#8:44]-[#6@@:43](-[#6@@:45])(-[#6@:41])-[#1:87].[#8:27]-[#6@@:26](-[#6@@:28])(-[#6@:24])-[#1:71]),"EVODEX.2-P4292,EVODEX.2-P4024,EVODEX.2-P4133,EVODEX.2-P4212,EVODEX.2-P4155"
EVODEX.2-E649,[#6](-[#6@])(-[#8:8]-[#6@:9])(-[#1])-[#1]>>[#8:8](-[#6@:9])-[#1],"EVODEX.2-P4005,EVODEX.2-P3709,EVODEX.2-P4168,EVODEX.2-P4218,EVODEX.2-P4310"
EVODEX.2-E650,[#8](-[#6@:6](-[#6@@:4])(-[#6@:30])-[#1:43])-[#6@@]>>[#8](-[#6@:6](-[#6@@:4])(-[#6@:30])-[#1:43])-[#1],"EVODEX.2-P4125,EVODEX.2-P4295,EVODEX.2-P4214,EVODEX.2-P4315,EVODEX.2-P4312"
EVODEX.2-E651,[#6:9](-[#6@:7])(-[#8:10])(-[#6](-[#8])(-[#6])-[#1])-[#1:21]>>[#6:9](-[#6@:7])(-[#8:10])(-[#1:21])-[#1],"EVODEX.2-P4259,EVODEX.2-P4263,EVODEX.2-P2449,EVODEX.2-P4266,EVODEX.2-P4253"
EVODEX.2-E652,[#8:7](-[#6@](-[#6@])(-[#8])-[#1])-[#15:8](=[#8:9])(-[#8:10])-[#8:11]>>[#8:7](-[#15:8](=[#8:9])(-[#8:10])-[#8:11])-[#1],"EVODEX.2-P2221,EVODEX.2-P2245,EVODEX.2-P3972,EVODEX.2-P2247,EVODEX.2-P3914"
EVODEX.2-E653,[#6:1]-[#8:2]-[#6@@](-[#8])(-[#6@@])-[#1]>>[#6:1]-[#8:2]-[#1],"EVODEX.2-P4275,EVODEX.2-P2226,EVODEX.2-P4115,EVODEX.2-P4314,EVODEX.2-P4297"
EVODEX.2-E654,[#6](-[#6@])(=[#8])-[#8:13]-[#6:14]1:[#6:15](:[#6:16](:[#6:17]2:[#6:18](:[#6:19](:[#6:20](:[#6:21](:[#6:22]:2:[#6:23]:1-[#1:45])-[#1:44])-[#1:43])-[#1:42])-[#1:41])-[#1:40])-[#1:39]>>[#8:13](-[#6:14]1:[#6:15](:[#6:16](:[#6:17]2:[#6:18](:[#6:19](:[#6:20](:[#6:21](:[#6:22]:2:[#6:23]:1-[#1:45])-[#1:44])-[#1:43])-[#1:42])-[#1:41])-[#1:40])-[#1:39])-[#1],"EVODEX.2-P3731,EVODEX.2-P3735,EVODEX.2-P3650,EVODEX.2-P3645,EVODEX.2-P3725"
EVODEX.2-E655,[#6]-[#6](=[#8])-[#8:20]-[#6:21]1:[#6:22](:[#6:23](:[#6:24]2:[#6:25](-[#6:26]):[#6:27](:[#6:28](=[#8:29]):[#8:30]:[#6:31]:2:[#6:32]:1-[#1:73])-[#1:72])-[#1:68])-[#1:67]>>[#8:20](-[#6:21]1:[#6:22](:[#6:23](:[#6:24]2:[#6:25](-[#6:26]):[#6:27](:[#6:28](=[#8:29]):[#8:30]:[#6:31]:2:[#6:32]:1-[#1:73])-[#1:72])-[#1:68])-[#1:67])-[#1],"EVODEX.2-P3620,EVODEX.2-P3601,EVODEX.2-P3599,EVODEX.2-P3662,EVODEX.2-P3596"
EVODEX.2-E656,[#6]-[#6](-[#8:7]-[#16:8](=[#8:9])(=[#8:10])-[#8:11])(-[#1])-[#1]>>[#8:7](-[#16:8](=[#8:9])(=[#8:10])-[#8:11])-[#1],"EVODEX.2-P4045,EVODEX.2-P2671,EVODEX.2-P510,EVODEX.2-P4055,EVODEX.2-P509"
EVODEX.2-E657,[#6:1]-[#6:2]1:[#6:3](:[#6:4](=[#8:5]):[#8:6]:[#6:7]2:[#6:8](:[#6:9](-[#8]-[#6@@]):[#6:44](:[#6:45](:[#6:46]:1:2)-[#1:85])-[#1:84])-[#1:52])-[#1:51].[#8:47](-[#1])-[#1]>>[#6:1]-[#6:2]1:[#6:3](:[#6:4](=[#8:5]):[#8:6]:[#6:7]2:[#6:8](:[#6:9](-[#8:47]-[#1]):[#6:44](:[#6:45](:[#6:46]:1:2)-[#1:85])-[#1:84])-[#1:52])-[#1:51],"EVODEX.2-P4184,EVODEX.2-P4176,EVODEX.2-P4300,EVODEX.2-P4069,EVODEX.2-P4226"
EVODEX.2-E658,[#8:1](-[#1])-[#1].([#8:10]-[#6@:11](-[#8]-[#6@])(-[#6@:24]-[#6@@:26](-[#8:27])(-[#6@@:28])-[#1:71])-[#1:57].[#8:44]-[#6@:43](-[#6@:41])(-[#6@@:45])-[#1:87])>>([#8:1](-[#6@@:11](-[#8:10])(-[#6@:24]-[#6@:26](-[#6@@:28])(-[#8:27])-[#1:71])-[#1:57])-[#1].[#8:44]-[#6@@:43](-[#6@@:45])(-[#6@:41])-[#1:87]),"EVODEX.2-P4093,EVODEX.2-P4159,EVODEX.2-P4067,EVODEX.2-P4154,EVODEX.2-P4269"
EVODEX.2-E659,[#8:1](-[#1])-[#1].[#8](-[#6@])-[#6:24](-[#6@:25])(-[#1:92])-[#1:93]>>[#8:1](-[#6:24](-[#6@:25])(-[#1:92])-[#1:93])-[#1],"EVODEX.2-P4262,EVODEX.2-P4308,EVODEX.2-P4296,EVODEX.2-P4203,EVODEX.2-P4306"
EVODEX.2-E660,[#6:6]-[#8:7]-[#1].[#8:49]-[#6@@:50](-[#6:51])(-[#8]-[#6@])-[#6@@:65]>>[#6:6]-[#8:7]-[#6@@:50](-[#6:51])(-[#8:49])-[#6@@:65],"EVODEX.2-P2231,EVODEX.2-P2478,EVODEX.2-P2276,EVODEX.2-P2274,EVODEX.2-P2479"
EVODEX.2-E661,[#8:9]-[#6@:10](-[#8]-[#6@])(-[#6@:23]-[#6@@:25](-[#8:26])(-[#6@@:27])-[#1:48])-[#1:34].[#8:1](-[#1])-[#1]>>[#8:1](-[#6:10](-[#8:9])(-[#6@:23]-[#6@:25](-[#6@@:27])(-[#8:26])-[#1:48])-[#1:34])-[#1],"EVODEX.2-P4302,EVODEX.2-P4149,EVODEX.2-P4099,EVODEX.2-P4103,EVODEX.2-P4164"
EVODEX.2-E662,[#8:16]-[#6@@:17](-[#8]-[#6])(-[#6@:30]-[#6@@:32](-[#8:33])(-[#6@:34])-[#1:54])-[#1:40].[#8:4](-[#6@@:3])-[#1]>>[#8:4](-[#6@@:3])-[#6@:17](-[#8:16])(-[#6@:30]-[#6@:32](-[#6@:34])(-[#8:33])-[#1:54])-[#1:40],"EVODEX.2-P4222,EVODEX.2-P2437,EVODEX.2-P2440,EVODEX.2-P4094,EVODEX.2-P2439"
EVODEX.2-E663,[#6]-[#16]-[#6:49](=[#8:50])/[#6:51](=[#6:52](/[#6:53]1:[#6:54](:[#6:55](:[#6:56](-[#8:57]):[#6:58](-[#8:59]):[#6:60]:1-[#1:111])-[#1:108])-[#1:107])-[#1:106])-[#1:105]>>[#6:49](=[#8:50])(/[#6:51](=[#6:52](/[#6:53]1:[#6:54](:[#6:55](:[#6:56](-[#8:57]):[#6:58](-[#8:59]):[#6:60]:1-[#1:111])-[#1:108])-[#1:107])-[#1:106])-[#1:105])-[#7](-[#6])-[#1],"EVODEX.2-P1598,EVODEX.2-P1591,EVODEX.2-P1597,EVODEX.2-P1925,EVODEX.2-P1922"
EVODEX.2-E664,[#7](-[#6@])(-[#6:16](=[#8:17])-[#6@@:18]-[#7:19](-[#6:20](=[#8:21])-[#6@:22])-[#1])-[#1].[#8:60](-[#1])-[#1].[#8:61](-[#1])-[#1]>>[#6:16](=[#8:17])(-[#6@@:18]-[#7:19](-[#1])-[#1])-[#8:61]-[#1].[#6:20](=[#8:21])(-[#6@:22])-[#8:60]-[#1],"EVODEX.2-P4743,EVODEX.2-P4722,EVODEX.2-P4724,EVODEX.2-P4727,EVODEX.2-P4370"
EVODEX.2-E665,[#8:2]-[#6:3]1:[#6:4](:[#6:5](-[#7:6](-[#6](=[#8])-[#6@])-[#1]):[#6:39](:[#6:40]2:[#6:41](:[#6:42](:[#6:43](:[#6:44](:[#6:45]:1:2)-[#1:87])-[#1:86])-[#1:85])-[#1:84])-[#1:83])-[#1:50]>>[#8:2]-[#6:3]1:[#6:4](:[#6:5](-[#7:6](-[#1])-[#1]):[#6:39](:[#6:40]2:[#6:41](:[#6:42](:[#6:43](:[#6:44](:[#6:45]:1:2)-[#1:87])-[#1:86])-[#1:85])-[#1:84])-[#1:83])-[#1:50],"EVODEX.2-P4446,EVODEX.2-P4457,EVODEX.2-P4455,EVODEX.2-P4754,EVODEX.2-P4784"
EVODEX.2-E666,[#6:1](=[#6:2](-[#8]-[#6](=[#8])-[#6])-[#1:13])(-[#1:11])-[#1:12].[#8:10](-[#1])-[#1]>>[#6:1](=[#6:2](-[#8:10]-[#1])-[#1:13])(-[#1:11])-[#1:12],"EVODEX.2-P3666,EVODEX.2-P3656,EVODEX.2-P3821,EVODEX.2-P3639,EVODEX.2-P3668"
EVODEX.2-E667,[#7](=[#6](-[#7:3](-[#1])-[#1])-[#7])-[#1]>>[#7:3](-[#1])(-[#1])-[#1],"EVODEX.2-P5282,EVODEX.2-P5268,EVODEX.2-P5279,EVODEX.2-P5249,EVODEX.2-P5262"
EVODEX.2-E668,([#7:6](-[#6@:5])(-[#6:7](=[#8:8])-[#6@:9])-[#1].[#6:40](-[#6@@:32])(=[#8:41])-[#7](-[#6@@])-[#1]).[#8:59](-[#1])-[#1].[#8:60](-[#1])-[#1]>>[#6:7](=[#8:8])(-[#6@:9])-[#8:59]-[#1].([#7:6](-[#6@:5])(-[#1])-[#1].[#6:40](-[#6@@:32])(=[#8:41])-[#8:60]-[#1]),"EVODEX.2-P4562,EVODEX.2-P4866,EVODEX.2-P4843,EVODEX.2-P4848,EVODEX.2-P4471"
EVODEX.2-E669,[#6:9]-[#6:10](=[#8:11])-[#16]-[#6]>>[#6:9]-[#6:10](=[#8:11])-[#7](-[#6])-[#1],"EVODEX.2-P1844,EVODEX.2-P1843,EVODEX.2-P1825,EVODEX.2-P1827,EVODEX.2-P2030"
EVODEX.2-E670,.[#7:26](-[#6](=[#8])-[#6])(-[#1])-[#1]>>.[#7:26](-[#1])(-[#1])-[#1],"EVODEX.2-P4442,EVODEX.2-P5187,EVODEX.2-P5188,EVODEX.2-P4973,EVODEX.2-P4439"
EVODEX.2-E671,[#6]-[#6](=[#8])-[#7:5](-[#6@@:6])-[#1]>>[#7:5](-[#6@@:6])(-[#1])-[#1],"EVODEX.2-P4658,EVODEX.2-P4740,EVODEX.2-P4372,EVODEX.2-P4494,EVODEX.2-P4538"
EVODEX.2-E672,[#6]-[#6](=[#8])-[#7:4](-[#6:5])-[#6:6]>>[#7:4](-[#6:5])(-[#6:6])-[#1],"EVODEX.2-P4434,EVODEX.2-P4416,EVODEX.2-P4450,EVODEX.2-P4828,EVODEX.2-P4822"
EVODEX.2-E673,[#6:4]-[#6:5](=[#8:6])-[#16]-[#6]>>[#6:4]-[#6:5](=[#8:6])-[#6](-[#6])(-[#8])-[#6],"EVODEX.2-P1630,EVODEX.2-P1666,EVODEX.2-P1648,EVODEX.2-P1673,EVODEX.2-P1936"
EVODEX.2-E674,[#6:1](-[#16&+:2](-[#6:3])-[#6:10])(-[#1:32])(-[#1:33])-[#1:34].[#6:30]-[#16:31]-[#1]>>[#6:1](-[#16:31]-[#6:30])(-[#1:32])(-[#1:33])-[#1:34].[#16:2](-[#6:3])-[#6:10],"EVODEX.2-P1484,EVODEX.2-P1480,EVODEX.2-P1479,EVODEX.2-P1477,EVODEX.2-P1478"
EVODEX.2-E675,[#6:1](-[#16&+](-[#6])-[#6])(-[#1:36])(-[#1:37])-[#1:38].[#7:28](-[#6:29])(-[#1])-[#1]>>[#6:1](-[#7:28](-[#6:29])-[#1])(-[#1:36])(-[#1:37])-[#1:38],"EVODEX.2-P1430,EVODEX.2-P1443,EVODEX.2-P1448,EVODEX.2-P1409,EVODEX.2-P1429"
EVODEX.2-E676,[#8:38](-[#6@:37])-[#1].[#6:53](-[#16&+](-[#6])-[#6])(-[#1:111])(-[#1:112])-[#1:113]>>[#8:38](-[#6@:37])-[#6:53](-[#1:111])(-[#1:112])-[#1:113],"EVODEX.2-P1414,EVODEX.2-P1434,EVODEX.2-P1415,EVODEX.2-P1375,EVODEX.2-P1436"
EVODEX.2-E677,[#6:30]-[#6:31](=[#8:32])-[#8:33]-[#1].[#6:52](-[#16&+](-[#6])-[#6])(-[#1:125])(-[#1:126])-[#1:127]>>[#6:30]-[#6:31](=[#8:32])-[#8:33]-[#6:52](-[#1:125])(-[#1:126])-[#1:127],"EVODEX.2-P1366,EVODEX.2-P1368,EVODEX.2-P1369,EVODEX.2-P1431,EVODEX.2-P1365"
EVODEX.2-E678,[#8:2]-[#6:3]1:[#6:4](:[#6:5](-[#6:6]):[#6:23](:[#6:24](:[#6:25]:1-[#8:26]-[#1])-[#1:72])-[#1:71])-[#1:57].[#6:27](-[#16&+](-[#6])-[#6])(-[#1:74])(-[#1:75])-[#1:76]>>[#8:2]-[#6:3]1:[#6:4](:[#6:5](-[#6:6]):[#6:23](:[#6:24](:[#6:25]:1-[#8:26]-[#6:27](-[#1:74])(-[#1:75])-[#1:76])-[#1:72])-[#1:71])-[#1:57],"EVODEX.2-P1403,EVODEX.2-P1400,EVODEX.2-P1437,EVODEX.2-P1378,EVODEX.2-P1381"
EVODEX.2-E679,[#6:1]-[#7:6](-[#6:5])-[#1].[#6:7](-[#16&+](-[#6])-[#6])(-[#1:43])(-[#1:44])-[#1:45]>>[#6:1]-[#7:6](-[#6:5])-[#6:7](-[#1:43])(-[#1:44])-[#1:45],"EVODEX.2-P1472,EVODEX.2-P1373,EVODEX.2-P1469,EVODEX.2-P1387,EVODEX.2-P1439"
EVODEX.2-E680,[#6:1]-[#6:2](-[#6:3])=[#6:4](-[#6:5])-[#1].[#6:32](-[#16&+](-[#6])-[#6])(-[#1:107])(-[#1:108])-[#1]>>[#6:1]-[#6:2](-[#6:3])(-[#6:4](-[#6:5])=[#6:32](-[#1:107])-[#1:108])-[#1],"EVODEX.2-P1391,EVODEX.2-P1447,EVODEX.2-P1396,EVODEX.2-P1424,EVODEX.2-P1388"
EVODEX.2-E681,[#7](-[#6@])(-[#6:19](=[#8:20])-[#6@:21]-[#7:24](-[#6:25](=[#8:26])-[#6@:27])-[#1])-[#1]>>[#6:19](=[#8:20])(-[#6@:21]-[#7:24](-[#1])-[#1])-[#8]-[#1].[#6:25](=[#8:26])(-[#6@:27])-[#8]-[#1],"EVODEX.2-P4732,EVODEX.2-P4734,EVODEX.2-P4723,EVODEX.2-P4729,EVODEX.2-P4737"
EVODEX.2-E682,[#6:1]-[#6:2](=[#8:3])-[#7](-[#6])-[#6]>>[#6:1]-[#6:2](=[#8:3])-[#8]-[#1],"EVODEX.2-P4422,EVODEX.2-P4818,EVODEX.2-P4428,EVODEX.2-P4425,EVODEX.2-P4423"
EVODEX.2-E683,[#6:47](-[#6@@:45])(=[#8:48])-[#7](-[#6@])-[#1].[#8]-[#15](=[#8])(-[#8:80]-[#1])-[#8]>>[#6:47](-[#6@@:45])(=[#8:48])-[#8:80]-[#1],"EVODEX.2-P6140,EVODEX.2-P6142,EVODEX.2-P6133,EVODEX.2-P6115,EVODEX.2-P6131"
EVODEX.2-E684,[#6:19]-[#6:20](=[#8:21])-[#8]-[#6].[#8:26](-[#1])-[#1]>>[#6:19]-[#6:20](=[#8:21])-[#8:26]-[#1],"EVODEX.2-P3722,EVODEX.2-P3675,EVODEX.2-P3602,EVODEX.2-P3609,EVODEX.2-P3670"
EVODEX.2-E685,[#6]/[#6](-[#6])=[#6](/[#6](-[#8:16]-[#15:17](=[#8:18])(-[#8:19])-[#8:20])(-[#1])-[#1])-[#1]>>[#8:16](-[#15:17](=[#8:18])(-[#8:19])-[#8:20])-[#1],"EVODEX.2-P2544,EVODEX.2-P2684,EVODEX.2-P2680,EVODEX.2-P2562,EVODEX.2-P2531"
EVODEX.2-E686,[#6:11]-[#6:12](=[#8:13])-[#16]-[#6]>>[#6:11]-[#6:12](=[#8:13])-[#6](-[#7])(-[#6])-[#1],"EVODEX.2-P1884,EVODEX.2-P1896,EVODEX.2-P1869,EVODEX.2-P1872,EVODEX.2-P1891"
EVODEX.2-E687,[#8:15](-[#6@](-[#6@])(-[#6@@])-[#1])-[#6@:16](-[#8:17])(-[#6@:25])-[#1:39]>>[#8:15](-[#6:16](-[#8:17])(-[#6@:25])-[#1:39])-[#1],"EVODEX.2-P4243,EVODEX.2-P4171,EVODEX.2-P4108,EVODEX.2-P4196,EVODEX.2-P4204"
EVODEX.2-E688,[#6:3]-[#6:4](-[#6:5](=[#8:6])-[#16]-[#6])(-[#1:72])-[#1]>>[#6:3]-[#6:4](-[#6:5](=[#8:6])-[#8]-[#1])(-[#6](-[#6])(-[#8])-[#6](=[#8])-[#8])-[#1:72],"EVODEX.2-P2167,EVODEX.2-P2192,EVODEX.2-P2124,EVODEX.2-P2176,EVODEX.2-P2143"
EVODEX.2-E689,[#6:5]-[#6@:6](-[#7](-[#1])-[#1])(-[#6:8](=[#8:9])-[#8:10])-[#1].[#8:11]=[#6](-[#6])-[#6]>>[#6:5]-[#6:6](-[#6:8](=[#8:9])-[#8:10])=[#8:11],"EVODEX.2-P2963,EVODEX.2-P2965,EVODEX.2-P3055,EVODEX.2-P3108,EVODEX.2-P2881"
EVODEX.2-E690,[#7:2]-[#16:4](=[#8:5])(=[#8:6])-[#6:7]1:[#6:8](:[#6:9](:[#6:10](:[#6:11]2:[#6:12](:[#6:13](-[#7:14](-[#6](=[#8])-[#6@])-[#1]):[#6:44](:[#6:45](:[#6:46]:1:2)-[#1:89])-[#1:88])-[#1:57])-[#1:56])-[#1:55])-[#1:54]>>[#7:2]-[#16:4](=[#8:5])(=[#8:6])-[#6:7]1:[#6:8](:[#6:9](:[#6:10](:[#6:11]2:[#6:12](:[#6:13](-[#7:14](-[#1])-[#1]):[#6:44](:[#6:45](:[#6:46]:1:2)-[#1:89])-[#1:88])-[#1:57])-[#1:56])-[#1:55])-[#1:54],"EVODEX.2-P4706,EVODEX.2-P4717,EVODEX.2-P4712,EVODEX.2-P4715,EVODEX.2-P4709"
EVODEX.2-E691,[#6:3]-[#6:4](-[#6:5](=[#8:6])-[#16]-[#6])(-[#1:72])-[#1].[#8:55](-[#1])-[#1]>>[#6:3]-[#6:4](-[#6:5](=[#8:6])-[#8:55]-[#1])(-[#6](-[#6])(-[#8])-[#6](=[#8])-[#8])-[#1:72],"EVODEX.2-P2125,EVODEX.2-P2180,EVODEX.2-P2130,EVODEX.2-P2132,EVODEX.2-P2190"
EVODEX.2-E692,[#6]-[#6](=[#8])-[#6:20](-[#8:21])(-[#6:22])-[#1:60]>>[#6:20](-[#8:21])(-[#6:22])(-[#1:60])-[#1],"EVODEX.2-P3797,EVODEX.2-P4948,EVODEX.2-P5074,EVODEX.2-P3852,EVODEX.2-P3749"
EVODEX.2-E693,[#6]-[#6](=[#8])-[#8:53]-[#15:54](=[#8:55])(-[#8:56])-[#8:57]>>[#8:53](-[#15:54](=[#8:55])(-[#8:56])-[#8:57])-[#1],"EVODEX.2-P5344,EVODEX.2-P1747,EVODEX.2-P776,EVODEX.2-P1821,EVODEX.2-P811"
EVODEX.2-E694,[#6]-[#6](-[#8:5]-[#1])(-[#6])-[#1]>>[#8:5](-[#1])-[#1],"EVODEX.2-P5701,EVODEX.2-P5703,EVODEX.2-P3742,EVODEX.2-P5689,EVODEX.2-P5696"
EVODEX.2-E695,[#6:1]-[#6:2](-[#6:3])(-[#8]-[#6](=[#8])-[#6@@])-[#1:20].[#8:16](-[#1])-[#1]>>[#6:1]-[#6:2](-[#6:3])(-[#8:16]-[#1])-[#1:20],"EVODEX.2-P3604,EVODEX.2-P3849,EVODEX.2-P3812,EVODEX.2-P3755,EVODEX.2-P3861"
EVODEX.2-E696,[#6:1]-[#6:2](-[#7:3](-[#6](=[#8])-[#6])-[#1])(-[#6:8](=[#8:9])-[#8:10])-[#1:15]>>[#6:1]-[#6@:2](-[#7:3](-[#1])-[#1])(-[#6:8](=[#8:9])-[#8:10])-[#1:15],"EVODEX.2-P4499,EVODEX.2-P4407,EVODEX.2-P4911,EVODEX.2-P4503,EVODEX.2-P4910"
EVODEX.2-E697,[#6:1]-[#6:2](=[#8:3])-[#16]-[#6]>>[#6:1]-[#6:2](=[#8:3])-[#8]-[#15](=[#8])(-[#8])-[#8],"EVODEX.2-P1760,EVODEX.2-P2020,EVODEX.2-P1851,EVODEX.2-P1743,EVODEX.2-P1754"
EVODEX.2-E698,[#6]-[#6](=[#8])-[#6:18](-[#8:19])(-[#6:20])-[#6:22]>>[#6:18](-[#8:19])(-[#6:20])(-[#6:22])-[#1],"EVODEX.2-P1934,EVODEX.2-P1670,EVODEX.2-P3746,EVODEX.2-P1631,EVODEX.2-P3689"
EVODEX.2-E699,[#8:9]-[#6@@:10](-[#8]-[#6@@])(-[#6@:23]-[#6@@:25](-[#8:26])(-[#6@@:27])-[#1:48])-[#1:34]>>[#8](-[#6:10](-[#8:9])(-[#6@:23]-[#6@:25](-[#6@@:27])(-[#8:26])-[#1:48])-[#1:34])-[#1],"EVODEX.2-P4150,EVODEX.2-P4244,EVODEX.2-P4225,EVODEX.2-P4313,EVODEX.2-P4100"
EVODEX.2-E700,[#6]-[#6](=[#8])-[#8:16]-[#6:17]1:[#6:18](:[#6:19](:[#6:20](:[#6:21]2:[#6:22](:[#6:23](:[#6:24](:[#6:25](:[#6:26]:1:2)-[#1:61])-[#1:60])-[#1:59])-[#1:58])-[#1:57])-[#1:56])-[#1:55]>>[#8:16](-[#6:17]1:[#6:18](:[#6:19](:[#6:20](:[#6:21]2:[#6:22](:[#6:23](:[#6:24](:[#6:25](:[#6:26]:1:2)-[#1:61])-[#1:60])-[#1:59])-[#1:58])-[#1:57])-[#1:56])-[#1:55])-[#1],"EVODEX.2-P3632,EVODEX.2-P3658,EVODEX.2-P3625,EVODEX.2-P3732,EVODEX.2-P3629"
EVODEX.2-E701,[#8:1]=[#15:2](-[#8:3]-[#1])(-[#8:4])-[#8:5].[#8:9]-[#6@@:10](-[#8]-[#6@@])(-[#6@:78]-[#6@@:80](-[#8:81])(-[#6@@:82])-[#1:155])-[#1:91]>>[#8:1]=[#15:2](-[#8:3]-[#6@@:10](-[#8:9])(-[#6@:78]-[#6@:80](-[#6@@:82])(-[#8:81])-[#1:155])-[#1:91])(-[#8:4])-[#8:5],"EVODEX.2-P2371,EVODEX.2-P2382,EVODEX.2-P2337,EVODEX.2-P2217,EVODEX.2-P2325"
EVODEX.2-E702,[#8:1]=[#6:2](-[#6:3])-[#6@:9](-[#8:10])(-[#6@:11])-[#1]>>[#6:9](-[#8:10])(-[#6@:11])=[#8].[#8:1]=[#6:2](-[#6:3])-[#8]-[#1],"EVODEX.2-P5028,EVODEX.2-P5492,EVODEX.2-P4949,EVODEX.2-P4947,EVODEX.2-P5073"
EVODEX.2-E703,[#6:17]-[#6:18](=[#8:19])-[#6](-[#8])(-[#6])-[#1].[#8:24](-[#1])-[#1]>>[#6:17]-[#6:18](=[#8:19])-[#8:24]-[#1],"EVODEX.2-P3851,EVODEX.2-P5027,EVODEX.2-P5072,EVODEX.2-P4946,EVODEX.2-P5069"
EVODEX.2-E704,[#6]-[#6](=[#8])-[#8:16]-[#1].([#7:20]-[#6:21]1:[#6:22](:[#6:23](:[#7:24](-[#6@@:25]):[#6:46](=[#8:47]):[#7:48]:1)-[#1:69])-[#1:68].[#8:29]-[#15:30](=[#8:31])(-[#8:32])-[#8:33]-[#15:34](=[#8:35])(-[#8:36])-[#8:37])>>([#8:16](-[#15:30](-[#8:29])(=[#8:31])-[#8:32])-[#1].[#7:24]1(-[#6@@:25]):[#6:23](:[#6:22](:[#6:21](-[#7:20]):[#7:48]:[#6:46]:1=[#8:47])-[#1:68])-[#1:69]).[#8:33](-[#15:34](=[#8:35])(-[#8:36])-[#8:37])-[#1],"EVODEX.2-P6118,EVODEX.2-P6251,EVODEX.2-P6342,EVODEX.2-P6109,EVODEX.2-P6338"
EVODEX.2-E705,[#6:15]-[#6:16](=[#8:17])-[#6](-[#8])(-[#6])-[#6]>>[#6:15]-[#6:16](=[#8:17])-[#8]-[#1],"EVODEX.2-P3683,EVODEX.2-P3747,EVODEX.2-P587,EVODEX.2-P3685,EVODEX.2-P3794"
EVODEX.2-E706,[#6]-[#8]-[#16:9](=[#8:10])(=[#8:11])-[#8:12].([#7:13]-[#6:14]1:[#7:15]:[#6:16](:[#7:17]:[#6:18]2:[#6:19]:1:[#7:20]:[#6:21](:[#7:22]:2-[#6@@:23])-[#1:59])-[#1:58].[#8:27]-[#15:28](=[#8:29])(-[#8:30]-[#1])-[#8:31])>>([#16:9](=[#8:10])(=[#8:11])(-[#8:12])-[#8:30]-[#15:28](-[#8:27])(=[#8:29])-[#8:31].[#7:22]1(-[#6@@:23]):[#6:18]2:[#7:17]:[#6:16](:[#7:15]:[#6:14](-[#7:13]):[#6:19]:2:[#7:20]:[#6:21]:1-[#1:59])-[#1:58]),"EVODEX.2-P3489,EVODEX.2-P3491,EVODEX.2-P3505,EVODEX.2-P3506,EVODEX.2-P3519"
EVODEX.2-E707,[#6]-[#6](-[#6])(-[#8:4]-[#6:5](=[#8:6])-[#6@:7])-[#1]>>[#8:4](-[#6:5](=[#8:6])-[#6@:7])-[#1],"EVODEX.2-P3603,EVODEX.2-P3757,EVODEX.2-P3791,EVODEX.2-P3761,EVODEX.2-P3756"
EVODEX.2-E708,[#6:9]-[#7:10](-[#6](=[#8])-[#8])-[#1]>>[#6:9]-[#7:10](-[#1])-[#1],"EVODEX.2-P4921,EVODEX.2-P5077,EVODEX.2-P5085,EVODEX.2-P5098,EVODEX.2-P4916"
EVODEX.2-E709,[#7:1](-[#6](=[#8])-[#7:4](-[#6:5])-[#1])(-[#1])-[#1]>>[#7:4](-[#6:5])(-[#1])-[#1].[#7:1](-[#1])(-[#1])-[#1],"EVODEX.2-P4935,EVODEX.2-P5046,EVODEX.2-P5111,EVODEX.2-P5053,EVODEX.2-P5051"
EVODEX.2-E710,[#6:7]-[#6@:8](-[#8:9]-[#1])(-[#6]#[#7])-[#1:27]>>[#6:7]-[#6:8](=[#8:9])-[#1:27],"EVODEX.2-P5628,EVODEX.2-P5511,EVODEX.2-P5622,EVODEX.2-P5514,EVODEX.2-P5521"
EVODEX.2-E711,[#6:5]-[#6@:6](-[#8:7]-[#1])(-[#6]#[#7])-[#6:10]>>[#6:5]-[#6:6](=[#8:7])-[#6:10],"EVODEX.2-P5617,EVODEX.2-P5633,EVODEX.2-P5517,EVODEX.2-P5533,EVODEX.2-P5631"
EVODEX.2-E712,[#7]-[#6](=[#8])-[#7:4](-[#6:5])-[#1]>>[#7:4](-[#6:5])(-[#1])-[#1],"EVODEX.2-P5036,EVODEX.2-P5061,EVODEX.2-P5116,EVODEX.2-P1508,EVODEX.2-P5146"
EVODEX.2-E713,[#6:1](-[#7:2](-[#6@@:3])-[#1])(-[#1:14])(-[#1:15])-[#1:16]>>[#6:1](-[#7](-[#1])-[#1])(-[#1:14])(-[#1:15])-[#1:16].[#7:2](-[#6@@:3])(-[#1])-[#1],"EVODEX.2-P1412,EVODEX.2-P1283,EVODEX.2-P1332,EVODEX.2-P1341,EVODEX.2-P1276"
EVODEX.2-E714,[#6:1](-[#8:2]-[#6@@:3])(-[#1:14])(-[#1:15])-[#1:16]>>[#6:1](-[#8]-[#1])(-[#1:14])(-[#1:15])-[#1:16].[#8:2](-[#6@@:3])-[#1],"EVODEX.2-P4252,EVODEX.2-P4283,EVODEX.2-P2272,EVODEX.2-P632,EVODEX.2-P4120"
EVODEX.2-E715,[#6](-[#8:2]-[#6:3](=[#8:4])-[#6:5])(-[#1])(-[#1])-[#1]>>[#8:2](-[#6:3](=[#8:4])-[#6:5])-[#1],"EVODEX.2-P3671,EVODEX.2-P3751,EVODEX.2-P3608,EVODEX.2-P4619,EVODEX.2-P4608"
EVODEX.2-E716,[#7](=[#6](-[#7])-[#7:12](-[#6@@:13])-[#1])-[#1]>>[#7:12](-[#6@@:13])(-[#1])-[#1],"EVODEX.2-P4609,EVODEX.2-P5284,EVODEX.2-P4781,EVODEX.2-P4742,EVODEX.2-P4683"
EVODEX.2-E717,[#7:2]-[#6:3](-[#6:4])(-[#6](=[#8])-[#8])-[#1]>>[#7:2]-[#6:3](-[#6:4])=[#8],"EVODEX.2-P304,EVODEX.2-P308,EVODEX.2-P287,EVODEX.2-P280,EVODEX.2-P307"
EVODEX.2-E718,[#6:1](-[#6:2]1(-[#6:3])-[#16:4]-[#6@:5](-[#6@:6])(-[#7:19]-[#6@:20]-1(-[#6:21](=[#8:22])-[#8:23])-[#1])-[#1:41])(-[#1:35])(-[#1:36])-[#1].[#6:27]-[#6:28](=[#8:29])-[#6](=[#8])-[#8]>>[#6:1]1(-[#6:2](-[#6:3])=[#6:20](-[#6:21](=[#8:22])-[#8:23])-[#7:19]-[#6@:5](-[#16:4]-1)(-[#6@:6])-[#1:41])(-[#1:35])-[#1:36].[#6:27]-[#6:28](=[#8:29])-[#8]-[#1],"EVODEX.2-P739,EVODEX.2-P723,EVODEX.2-P713,EVODEX.2-P728,EVODEX.2-P735"
EVODEX.2-E719,[#6:1]-[#6:2](=[#8:3])-[#6](=[#8])-[#8].[#6:49]-[#16:50]-[#1]>>[#6:1]-[#6:2](=[#8:3])-[#16:50]-[#6:49],"EVODEX.2-P825,EVODEX.2-P771,EVODEX.2-P786,EVODEX.2-P856,EVODEX.2-P788"
EVODEX.2-E720,[#7:2]-[#6:3](-[#6:4])(-[#6](=[#8])-[#8])-[#1].[#8:14]=[#8]>>[#7:2]-[#6:3](-[#6:4])=[#8:14],"EVODEX.2-P306,EVODEX.2-P290,EVODEX.2-P273,EVODEX.2-P294,EVODEX.2-P271"
EVODEX.2-E721,[#6:1](-[#6:2]1(-[#6:3])-[#16:4]-[#6@:5](-[#6@:6])(-[#7:19]-[#6@:20]-1(-[#6:21](=[#8:22])-[#8:23])-[#1])-[#1:41])(-[#1:35])(-[#1:36])-[#1].[#6:27]-[#6:28](=[#8:29])-[#6](=[#8])-[#8].[#8:33]=[#8]>>[#6:1]1(-[#6:2](-[#6:3])=[#6:20](-[#6:21](=[#8:22])-[#8:23])-[#7:19]-[#6@:5](-[#16:4]-1)(-[#6@:6])-[#1:41])(-[#1:35])-[#1:36].[#6:27]-[#6:28](=[#8:29])-[#8:33]-[#1],"EVODEX.2-P690,EVODEX.2-P722,EVODEX.2-P686,EVODEX.2-P694,EVODEX.2-P738"
EVODEX.2-E722,[#6:1]-[#6:2](-[#7](-[#6])-[#1])(-[#1:19])-[#1].[#8:14]=[#8:15]>>[#6:1]-[#6:2](=[#8])-[#1:19].[#8:14](-[#8:15]-[#1])-[#1],"EVODEX.2-P1281,EVODEX.2-P1006,EVODEX.2-P1320,EVODEX.2-P1353,EVODEX.2-P1159"
EVODEX.2-E723,[#6]-[#16]-[#6:8](-[#6:9])(-[#1:26])-[#1:27]>>[#6]-[#6](=[#8])-[#8]-[#6:8](-[#6:9])(-[#1:26])-[#1:27],"EVODEX.2-P2659,EVODEX.2-P2657,EVODEX.2-P2655,EVODEX.2-P2652,EVODEX.2-P2629"
EVODEX.2-E724,[#6]-[#8]-[#6:3](=[#8:4])-[#6:5].[#7:13](-[#6:14])(-[#1])-[#1]>>[#6:3](=[#8:4])(-[#6:5])-[#7:13](-[#6:14])-[#1],"EVODEX.2-P4381,EVODEX.2-P4568,EVODEX.2-P4387,EVODEX.2-P4810,EVODEX.2-P4386"
EVODEX.2-E725,[#6]-[#8]-[#6:3](=[#8:4])-[#6@:5].[#8:25]-[#6:26](=[#8:27])-[#6@:28](-[#7:29](-[#1])-[#1])(-[#6:30])-[#1:61]>>[#6:3](=[#8:4])(-[#6@:5])-[#7:29](-[#6@@:28](-[#6:26](-[#8:25])=[#8:27])(-[#6:30])-[#1:61])-[#1],"EVODEX.2-P4404,EVODEX.2-P4378,EVODEX.2-P4805,EVODEX.2-P4379,EVODEX.2-P4409"
EVODEX.2-E726,[#6]-[#8]-[#6:3](=[#8:4])-[#6@:5].[#7:24]-[#6:25](=[#8:26])-[#6@:27](-[#7:28](-[#1])-[#1])(-[#6:29])-[#1:64]>>[#6:3](=[#8:4])(-[#6@:5])-[#7:28](-[#6@@:27](-[#6:25](-[#7:24])=[#8:26])(-[#6:29])-[#1:64])-[#1],"EVODEX.2-P4582,EVODEX.2-P4807,EVODEX.2-P4803,EVODEX.2-P4580,EVODEX.2-P4586"
EVODEX.2-E727,[#6:3]-[#6:4](-[#16]-[#6])(-[#1:27])-[#1:28].[#8:15]=[#6:16](-[#8:17]-[#1])-[#6:18]>>[#6:3]-[#6:4](-[#8:17]-[#6:16](=[#8:15])-[#6:18])(-[#1:27])-[#1:28],"EVODEX.2-P2632,EVODEX.2-P2624,EVODEX.2-P2640,EVODEX.2-P2650,EVODEX.2-P2634"
EVODEX.2-E728,[#7:1](=[#6:2](-[#7:3])-[#7](-[#6])-[#1])-[#1].[#8:13](-[#1])-[#1]>>[#7:1](-[#6:2](-[#7:3])=[#8:13])(-[#1])-[#1],"EVODEX.2-P5221,EVODEX.2-P5269,EVODEX.2-P5248,EVODEX.2-P5270,EVODEX.2-P5223"
EVODEX.2-E729,[#6:1]-[#6:2](-[#7](-[#6])-[#1])(-[#1:19])-[#1].[#8:14]=[#8:15].[#8:13](-[#1])-[#1]>>[#6:1]-[#6:2](=[#8:13])-[#1:19].[#8:14](-[#8:15]-[#1])-[#1],"EVODEX.2-P1342,EVODEX.2-P1279,EVODEX.2-P1003,EVODEX.2-P1295,EVODEX.2-P1157"
EVODEX.2-E730,[#6]-[#7](-[#6:7](=[#8:8])-[#6:9]-[#6:10]-[#6@:11](-[#7:12](-[#1])-[#1])(-[#6:13](=[#8:14])-[#8:15])-[#1:32])-[#1]>>[#6:7]1(=[#8:8])-[#6:9]-[#6:10]-[#6@@:11](-[#6:13](=[#8:14])-[#8:15])(-[#7:12]-1-[#1])-[#1:32],"EVODEX.2-P5789,EVODEX.2-P5784,EVODEX.2-P5792,EVODEX.2-P5786,EVODEX.2-P5791"
EVODEX.2-E731,[#6:2]-[#6:3](=[#8:4])-[#7](-[#8])-[#1].[#8:7](-[#1])-[#1]>>[#6:2]-[#6:3](=[#8:4])-[#8:7]-[#1],"EVODEX.2-P4886,EVODEX.2-P4997,EVODEX.2-P4965,EVODEX.2-P4882,EVODEX.2-P4888"
EVODEX.2-E732,[#6:1]-[#6:2](-[#7](-[#6])-[#1])(-[#1:19])-[#1].[#8:13](-[#1])-[#1]>>[#6:1]-[#6:2](=[#8:13])-[#1:19],"EVODEX.2-P1318,EVODEX.2-P1351,EVODEX.2-P1002,EVODEX.2-P1158,EVODEX.2-P1301"
EVODEX.2-E733,[#6:4]-[#7:5](-[#6](=[#8])-[#1])-[#1]>>[#6:4]-[#7:5](-[#1])-[#1],"EVODEX.2-P5147,EVODEX.2-P1572,EVODEX.2-P5150,EVODEX.2-P5154,EVODEX.2-P5153"
EVODEX.2-E734,[#6:4]-[#6:5](-[#7:6](-[#6](=[#8])-[#1])-[#1])(-[#6:9](=[#8:10])-[#7:11])-[#1:43]>>[#6:4]-[#6@:5](-[#7:6](-[#1])-[#1])(-[#6:9](=[#8:10])-[#7:11])-[#1:43],"EVODEX.2-P5170,EVODEX.2-P5166,EVODEX.2-P5161,EVODEX.2-P5162,EVODEX.2-P5164"
EVODEX.2-E735,[#6:11]-[#7:12](-[#6](=[#8])-[#1])-[#6:15]1:[#6:16](:[#6:17](:[#6:18](-[#6:19](=[#8:20])-[#7:21]):[#6:31](:[#6:32]:1-[#1:101])-[#1:100])-[#1:91])-[#1:90].>>.[#6:11]-[#7:12](-[#6:15]1:[#6:16](:[#6:17](:[#6:18](-[#6:19](=[#8:20])-[#7:21]):[#6:31](:[#6:32]:1-[#1:101])-[#1:100])-[#1:91])-[#1:90])-[#1],"EVODEX.2-P1491,EVODEX.2-P1494,EVODEX.2-P1271,EVODEX.2-P1492,EVODEX.2-P1495"
EVODEX.2-E736,[#8]=[#6](-[#8])-[#6:4](-[#6:5])(-[#1:11])-[#1:12]>>[#6:4](-[#6:5])(-[#1:11])(-[#1:12])-[#1],"EVODEX.2-P3571,EVODEX.2-P5490,EVODEX.2-P5503,EVODEX.2-P5489,EVODEX.2-P2936"
EVODEX.2-E737,[#8]=[#6](-[#8])-[#6:4](=[#8:5])-[#6:6]>>[#6:4](=[#8:5])(-[#6:6])-[#1],"EVODEX.2-P5461,EVODEX.2-P5493,EVODEX.2-P5502,EVODEX.2-P2920,EVODEX.2-P5500"
EVODEX.2-E738,[#6:7]-[#6@:8](-[#7:9])(-[#6](=[#8])-[#8])-[#1:26]>>[#6:7]-[#6:8](-[#7:9])(-[#1:26])-[#1],"EVODEX.2-P5482,EVODEX.2-P5487,EVODEX.2-P5494,EVODEX.2-P5486,EVODEX.2-P5479"
EVODEX.2-E739,[#7:2]-[#6:3](-[#6:4])(-[#6](=[#8])-[#8])-[#1].[#8:14]=[#8:15]>>[#7:2]-[#6:3](-[#6:4])=[#8:14].[#8:15](-[#1])-[#1],"EVODEX.2-P275,EVODEX.2-P288,EVODEX.2-P272,EVODEX.2-P277,EVODEX.2-P285"
EVODEX.2-E740,[#6:1]-[#6:2](=[#8:3])-[#6](=[#8])-[#8].[#8:7]=[#6:8](-[#6:9])-[#1:20]>>[#6:1]-[#6:2](=[#8:3])-[#6:8](-[#8:7]-[#1])(-[#6:9])-[#1:20],"EVODEX.2-P1553,EVODEX.2-P1549,EVODEX.2-P1564,EVODEX.2-P1541,EVODEX.2-P1546"
EVODEX.2-E741,[#6:8]-[#6:9](-[#6@:10])(-[#1:44])-[#1].[#6:19]-[#6:20](=[#8:21])-[#6](=[#8])-[#8].[#8:25]=[#8:26]>>[#6:8]-[#6@@:9](-[#6@:10])(-[#8:25]-[#1])-[#1:44].[#6:19]-[#6:20](=[#8:21])-[#8:26]-[#1],"EVODEX.2-P473,EVODEX.2-P442,EVODEX.2-P425,EVODEX.2-P441,EVODEX.2-P455"
EVODEX.2-E742,[#7:4]-[#6:5](-[#6:6])(-[#1:30])-[#1].[#6:18]-[#6:19](=[#8:20])-[#6](=[#8])-[#8].[#8:24]=[#8:25]>>[#7:4]-[#6:5](-[#6:6])(-[#8:24]-[#1])-[#1:30].[#6:18]-[#6:19](=[#8:20])-[#8:25]-[#1],"EVODEX.2-P438,EVODEX.2-P462,EVODEX.2-P751,EVODEX.2-P748,EVODEX.2-P427"
EVODEX.2-E743,[#6:11]-[#6:12](=[#8:13])-[#16:14]-[#6:15].[#7:62]-[#6@@:63](-[#6:64])(-[#6](=[#8])-[#8])-[#1:129]>>[#6:11]-[#6:12](=[#8:13])-[#6:63](-[#7:62])(-[#6:64])-[#1:129].[#16:14](-[#6:15])-[#1],"EVODEX.2-P1886,EVODEX.2-P1876,EVODEX.2-P1889,EVODEX.2-P1897,EVODEX.2-P1892"
EVODEX.2-E744,[#8]=[#6](-[#7:4](-[#6@@:5])-[#1])-[#8]-[#6:18](-[#6:19]1:[#6:20](:[#6:21](:[#6:22](:[#6:23](:[#6:24]:1-[#1:41])-[#1:40])-[#1:39])-[#1:38])-[#1:37])(-[#1:35])-[#1:36].[#8:1](-[#1])-[#1]>>[#7:4](-[#6@@:5])(-[#1])-[#1].[#8:1](-[#6:18](-[#6:19]1:[#6:20](:[#6:21](:[#6:22](:[#6:23](:[#6:24]:1-[#1:41])-[#1:40])-[#1:39])-[#1:38])-[#1:37])(-[#1:35])-[#1:36])-[#1],"EVODEX.2-P5086,EVODEX.2-P5099,EVODEX.2-P5087,EVODEX.2-P5094,EVODEX.2-P5082"
EVODEX.2-E745,[#6:1](-[#6:2]1(-[#6:3])-[#16:4]-[#6@:5](-[#6@:6])(-[#7:19]-[#6@:20]-1(-[#6:21](=[#8:22])-[#8:23])-[#1])-[#1:41])(-[#1:35])(-[#1:36])-[#1].[#6:27]-[#6:28](=[#8:29])-[#6](=[#8])-[#8].[#8:33]=[#8:34]>>[#6:1]1(-[#6:2](-[#6:3])=[#6:20](-[#6:21](=[#8:22])-[#8:23])-[#7:19]-[#6@:5](-[#16:4]-1)(-[#6@:6])-[#1:41])(-[#1:35])-[#1:36].[#6:27]-[#6:28](=[#8:29])-[#8:33]-[#1].[#8:34](-[#1])-[#1],"EVODEX.2-P708,EVODEX.2-P745,EVODEX.2-P741,EVODEX.2-P689,EVODEX.2-P731"
EVODEX.2-E746,[#6]-[#6](=[#8])-[#8:12]-[#1]>>[#8:12](-[#1])-[#1],"EVODEX.2-P784,EVODEX.2-P4958,EVODEX.2-P4643,EVODEX.2-P3688,EVODEX.2-P798"
EVODEX.2-E747,[#6](-[#6@@])(=[#8])-[#7:29](-[#6@@:30]-[#6:35](=[#8:36])-[#7:37](-[#6@@:38])-[#1])-[#1].[#8:69](-[#1])-[#1]>>[#7:29](-[#6@@:30]-[#6:35](=[#8:36])-[#8:69]-[#1])(-[#1])-[#1].[#7:37](-[#6@@:38])(-[#1])-[#1],"EVODEX.2-P4375,EVODEX.2-P4834,EVODEX.2-P4736,EVODEX.2-P4830,EVODEX.2-P4505"
EVODEX.2-E748,[#6](-[#6@@])(=[#8])-[#8:10]-[#1].([#7:17]-[#6:18]1:[#7:19]:[#6:20](:[#7:21]:[#6:22]2:[#6:23]:1:[#7:24]:[#6:25](:[#7:26]:2-[#6@@:27])-[#1:70])-[#1:69].[#8:35]-[#15:36](=[#8:37])(-[#8:38])-[#8]-[#15](=[#8])(-[#8])-[#8])>>([#8:10](-[#15:36](-[#8:35])(=[#8:37])-[#8:38])-[#1].[#7:26]1(-[#6@@:27]):[#6:22]2:[#7:21]:[#6:20](:[#7:19]:[#6:18](-[#7:17]):[#6:23]:2:[#7:24]:[#6:25]:1-[#1:70])-[#1:69]),"EVODEX.2-P6285,EVODEX.2-P5923,EVODEX.2-P5962,EVODEX.2-P6097,EVODEX.2-P6196"
EVODEX.2-E749,[#6:27]-[#6:28](=[#8:29])-[#16]-[#6]>>[#6:27]-[#6:28](-[#8:29]-[#1])(-[#1])-[#1],"EVODEX.2-P836,EVODEX.2-P837,EVODEX.2-P832,EVODEX.2-P835,EVODEX.2-P831"
EVODEX.2-E750,[#6]-[#16]-[#6:49](=[#8:50])-[#6@@:51]>>[#6:49](=[#8:50])(-[#6@@:51])-[#8]-[#1],"EVODEX.2-P1719,EVODEX.2-P3587,EVODEX.2-P1718,EVODEX.2-P3585,EVODEX.2-P4567"
EVODEX.2-E751,[#6:1](-[#6:2](=[#8:3])-[#16]-[#6])(-[#1:63])(-[#1:64])-[#1].[#8:53]=[#6:54](-[#8:55])-[#6:56](=[#8:57])-[#6:58]>>[#6:1](-[#6:2](=[#8:3])-[#8]-[#1])(-[#6@:56](-[#6:54](=[#8:53])-[#8:55])(-[#8:57]-[#1])-[#6:58])(-[#1:63])-[#1:64],"EVODEX.2-P2135,EVODEX.2-P2147,EVODEX.2-P2155,EVODEX.2-P2159,EVODEX.2-P2138"
EVODEX.2-E752,[#6:3]-[#6:4](-[#6:5](=[#8:6])-[#16]-[#6])(-[#1:72])-[#1].[#6:59]-[#6:60](=[#8:61])-[#6:62](=[#8:63])-[#8:64]>>[#6:3]-[#6:4](-[#6:5](=[#8:6])-[#8]-[#1])(-[#6:60](-[#6:59])(-[#8:61]-[#1])-[#6:62](=[#8:63])-[#8:64])-[#1:72],"EVODEX.2-P2127,EVODEX.2-P2175,EVODEX.2-P2189,EVODEX.2-P2123,EVODEX.2-P2184"
EVODEX.2-E753,[#6:17]-[#6:18](=[#8:19])-[#16]-[#6]>>[#6:17]-[#6:18](=[#8:19])-[#1],"EVODEX.2-P812,EVODEX.2-P815,EVODEX.2-P820,EVODEX.2-P766,EVODEX.2-P763"
EVODEX.2-E754,[#6:1]-[#6:2](=[#8:3])-[#16]-[#6].([#6:64]-[#8:65]-[#1].[#8:69]-[#6@@:68](-[#6@@:66])(-[#6@:70])-[#1:134])>>([#6:1]-[#6:2](=[#8:3])-[#8:65]-[#6:64].[#8:69]-[#6@:68](-[#6@:70])(-[#6@@:66])-[#1:134]),"EVODEX.2-P2008,EVODEX.2-P2013,EVODEX.2-P2012,EVODEX.2-P2010,EVODEX.2-P2017"
EVODEX.2-E755,[#6:13]-[#6:14](=[#8:15])-[#16]-[#6].([#6:64]-[#6@:65](-[#7:66])(-[#6:84](=[#8:85])-[#7:86])-[#1:185].[#6:82]-[#7:83](-[#1])-[#1])>>([#6:13]-[#6:14](=[#8:15])-[#7:83](-[#6:82])-[#1].[#7:66]-[#6@@:65](-[#6:64])(-[#6:84](=[#8:85])-[#7:86])-[#1:185]),"EVODEX.2-P2063,EVODEX.2-P2064,EVODEX.2-P2055,EVODEX.2-P2053,EVODEX.2-P2059"
EVODEX.2-E756,[#6:9]-[#7:10](-[#1])-[#1].[#6:71]-[#6:72](=[#8:73])-[#16]-[#6]>>[#6:9]-[#7:10](-[#6:72](-[#6:71])=[#8:73])-[#1],"EVODEX.2-P1907,EVODEX.2-P1610,EVODEX.2-P1611,EVODEX.2-P1810,EVODEX.2-P2029"
EVODEX.2-E757,[#6:1]-[#6:2](=[#8:3])-[#16]-[#6].[#8:52](-[#6:53])-[#1]>>[#6:1]-[#6:2](=[#8:3])-[#8:52]-[#6:53],"EVODEX.2-P1791,EVODEX.2-P1731,EVODEX.2-P1985,EVODEX.2-P1901,EVODEX.2-P1952"
EVODEX.2-E758,[#6:15]-[#6:16](=[#8:17])-[#16]-[#6].[#16:66](-[#6:67])-[#1]>>[#6:15]-[#6:16](=[#8:17])-[#16:66]-[#6:67],"EVODEX.2-P1948,EVODEX.2-P1729,EVODEX.2-P1911,EVODEX.2-P1727,EVODEX.2-P1947"
EVODEX.2-E759,[#6:1]-[#6:2](=[#8:3])-[#16]-[#6].[#6:52]-[#7:53](-[#6:54])-[#1]>>[#6:1]-[#6:2](=[#8:3])-[#7:53](-[#6:52])-[#6:54],"EVODEX.2-P2028,EVODEX.2-P1938,EVODEX.2-P2022,EVODEX.2-P2024,EVODEX.2-P1819"
EVODEX.2-E760,[#6:1](-[#6:2](=[#8:3])-[#16:4])(-[#1:104])(-[#1:105])-[#1].[#6:53]-[#6:54](=[#8:55])-[#16]-[#6]>>[#6:1](-[#6:2](=[#8:3])-[#16:4])(-[#6:54](-[#6:53])=[#8:55])(-[#1:104])-[#1:105],"EVODEX.2-P2042,EVODEX.2-P1707,EVODEX.2-P1697,EVODEX.2-P2037,EVODEX.2-P92"
EVODEX.2-E761,[#6:4]-[#6:5](=[#8:6])-[#16]-[#6].[#6:59]-[#6:60](-[#8:61])(-[#6:62])-[#1]>>[#6:4]-[#6:5](=[#8:6])-[#6:60](-[#6:59])(-[#8:61])-[#6:62],"EVODEX.2-P1652,EVODEX.2-P1643,EVODEX.2-P1657,EVODEX.2-P1930,EVODEX.2-P1935"
EVODEX.2-E762,[#6:4]-[#6:5](=[#8:6])-[#16]-[#6].[#6:59]-[#6:60](-[#8:61]-[#1])(-[#6:62])-[#1:121]>>[#6:4]-[#6:5](=[#8:6])-[#8:61]-[#6@@:60](-[#6:59])(-[#6:62])-[#1:121],"EVODEX.2-P1899,EVODEX.2-P1671,EVODEX.2-P1801,EVODEX.2-P1667,EVODEX.2-P1802"
EVODEX.2-E763,[#6:15]-[#6:16](=[#8:17])-[#16]-[#6].[#8:85]-[#6@:86](-[#6:87]-[#8:88]-[#1])(-[#6:89])-[#1:202]>>[#6:15]-[#6:16](=[#8:17])-[#8:88]-[#6:87]-[#6@@:86](-[#8:85])(-[#6:89])-[#1:202],"EVODEX.2-P1768,EVODEX.2-P1919,EVODEX.2-P1770,EVODEX.2-P1916,EVODEX.2-P1771"
EVODEX.2-E764,[#6:1]-[#6:2](=[#8:3])-[#16]-[#6].[#8:48]=[#15:49](-[#8:50]-[#1])(-[#8:51])-[#8:52]>>[#6:1]-[#6:2](=[#8:3])-[#8:50]-[#15:49](=[#8:48])(-[#8:51])-[#8:52],"EVODEX.2-P1753,EVODEX.2-P1759,EVODEX.2-P1751,EVODEX.2-P1746,EVODEX.2-P1757"
EVODEX.2-E765,[#6:1]-[#6:2](=[#8:3])-[#16]-[#6].[#6:55]-[#6@:56](-[#7:57](-[#1])-[#1])(-[#6:58](=[#8:59])-[#8:60])-[#1:106]>>[#6:1]-[#6:2](=[#8:3])-[#7:57](-[#6@@:56](-[#6:55])(-[#6:58](=[#8:59])-[#8:60])-[#1:106])-[#1],"EVODEX.2-P1571,EVODEX.2-P1840,EVODEX.2-P1842,EVODEX.2-P1839,EVODEX.2-P1841"
EVODEX.2-E766,[#6:11]-[#6:12](=[#8:13])-[#16]-[#6].[#7:62]-[#6@@:63](-[#6:64])(-[#6:66](=[#8:67])-[#8:68]-[#1])-[#1:129]>>[#6:66](=[#8:67])=[#8:68].[#6:11]-[#6:12](=[#8:13])-[#6:63](-[#7:62])(-[#6:64])-[#1:129],"EVODEX.2-P1871,EVODEX.2-P1861,EVODEX.2-P1883,EVODEX.2-P1864,EVODEX.2-P1895"
EVODEX.2-E767,[#6:1](-[#6:2](=[#8:3])-[#16]-[#6])(-[#1:63])(-[#1:64])-[#1].[#8:53]=[#6:54](-[#8:55])-[#6:56](=[#8:57])-[#6:58].[#8:52](-[#1])-[#1]>>[#6:1](-[#6:2](=[#8:3])-[#8:52]-[#1])(-[#6@:56](-[#6:54](=[#8:53])-[#8:55])(-[#8:57]-[#1])-[#6:58])(-[#1:63])-[#1:64],"EVODEX.2-P2108,EVODEX.2-P2139,EVODEX.2-P2162,EVODEX.2-P2136,EVODEX.2-P2153"
EVODEX.2-E768,[#6:3]-[#6:4](-[#6:5](=[#8:6])-[#16]-[#6])(-[#1:72])-[#1].[#6:59]-[#6:60](=[#8:61])-[#6:62](=[#8:63])-[#8:64].[#8:55](-[#1])-[#1]>>[#6:3]-[#6:4](-[#6:5](=[#8:6])-[#8:55]-[#1])(-[#6:60](-[#6:59])(-[#8:61]-[#1])-[#6:62](=[#8:63])-[#8:64])-[#1:72],"EVODEX.2-P2177,EVODEX.2-P2187,EVODEX.2-P2144,EVODEX.2-P2181,EVODEX.2-P2172"
EVODEX.2-E769,[#6:11]-[#6:12](=[#8:13])-[#16]-[#6].[#7:62]-[#6@@:63](-[#6:64])(-[#6](=[#8])-[#8])-[#1:129]>>[#6:11]-[#6:12](=[#8:13])-[#6:63](-[#7:62])(-[#6:64])-[#1:129],"EVODEX.2-P1893,EVODEX.2-P1863,EVODEX.2-P1862,EVODEX.2-P1890,EVODEX.2-P1873"
EVODEX.2-E770,[#6]-[#7](-[#6:22](=[#8:23])-[#6:24](-[#6:25])(-[#7:32])-[#1:65])-[#1].[#8:46](-[#1])-[#1]>>[#6:22](=[#8:23])(-[#6@:24](-[#6:25])(-[#7:32])-[#1:65])-[#8:46]-[#1],"EVODEX.2-P4777,EVODEX.2-P4752,EVODEX.2-P4750,EVODEX.2-P4468,EVODEX.2-P4613"
EVODEX.2-E771,[#8:18](-[#6@@:17])-[#6@@](-[#6@])(-[#6@@])-[#1]>>[#8:18](-[#6@@:17])-[#1],"EVODEX.2-P4194,EVODEX.2-P3760,EVODEX.2-P4245,EVODEX.2-P4276,EVODEX.2-P4101"
EVODEX.2-E772,[#6:4]-[#8:5]-[#1].[#6]-[#8]-[#6:8](=[#8:9])-[#6:10]>>[#6:4]-[#8:5]-[#6:8](=[#8:9])-[#6:10],"EVODEX.2-P2005,EVODEX.2-P1715,EVODEX.2-P1854,EVODEX.2-P1853,EVODEX.2-P1716"
EVODEX.2-E773,[#6]-[#7](-[#6:22](=[#8:23])-[#6:24](-[#6:25])(-[#7:32])-[#1:65])-[#1]>>[#6:22](=[#8:23])(-[#6@:24](-[#6:25])(-[#7:32])-[#1:65])-[#8]-[#1],"EVODEX.2-P4773,EVODEX.2-P4775,EVODEX.2-P4751,EVODEX.2-P4753,EVODEX.2-P4771"
EVODEX.2-E774,[#6:4]-[#6:6](=[#8:7])-[#16]-[#6].[#6]-[#6](=[#8])-[#8:61]-[#1]>>[#6:4]-[#6:6](=[#8:7])-[#8:61]-[#1],"EVODEX.2-P3564,EVODEX.2-P3586,EVODEX.2-P3589,EVODEX.2-P3584,EVODEX.2-P3577"
EVODEX.2-E775,[#7:10]-[#6:11](=[#8:12])-[#6:13](-[#6:14])(-[#7:21](-[#6](=[#8])-[#6])-[#1])-[#1:53]>>[#7:10]-[#6:11](=[#8:12])-[#6@:13](-[#6:14])(-[#7:21](-[#1])-[#1])-[#1:53],"EVODEX.2-P2072,EVODEX.2-P4855,EVODEX.2-P4858,EVODEX.2-P4857,EVODEX.2-P4853"
EVODEX.2-E776,[#6:47]-[#16:48]-[#1].[#6:63]-[#6:64](=[#8:65])-[#8]-[#6]>>[#6:47]-[#16:48]-[#6:64](-[#6:63])=[#8:65],"EVODEX.2-P1847,EVODEX.2-P1849,EVODEX.2-P1850,EVODEX.2-P1675,EVODEX.2-P1797"
EVODEX.2-E777,[#6]-[#6](-[#7:3](-[#6:4])-[#1])(-[#1])-[#1].[#8:14]=[#8:15]>>[#7:3](-[#6:4])(-[#1])-[#1].[#8:14](-[#8:15]-[#1])-[#1],"EVODEX.2-P1354,EVODEX.2-P1312,EVODEX.2-P1282,EVODEX.2-P1309,EVODEX.2-P1315"
EVODEX.2-E778,[#6](=[#6](-[#8:3]-[#6:4](=[#8:5])-[#6:6])-[#1])(-[#1])-[#1]>>[#8:3](-[#6:4](=[#8:5])-[#6:6])-[#1],"EVODEX.2-P3820,EVODEX.2-P3664,EVODEX.2-P3823,EVODEX.2-P3641,EVODEX.2-P3665"
EVODEX.2-E779,[#6]-[#6](=[#8])-[#8:16]-[#1].([#8:20]=[#6:21]1:[#6:22](:[#6:23](:[#7:24](-[#6@@:25]):[#6:46](=[#8:47]):[#7:48]:1-[#1])-[#1:67])-[#1:66].[#8:29]-[#15:30](=[#8:31])(-[#8:32])-[#8:33]-[#15:34](=[#8:35])(-[#8:36])-[#8:37])>>([#8:16](-[#15:30](-[#8:29])(=[#8:31])-[#8:32])-[#1].[#7:24]1(-[#6@@:25]):[#6:23](:[#6:22](:[#6:21](=[#8:20]):[#7:48](:[#6:46]:1=[#8:47])-[#1])-[#1:66])-[#1:67]).[#8:33](-[#15:34](=[#8:35])(-[#8:36])-[#8:37])-[#1],"EVODEX.2-P6073,EVODEX.2-P5998,EVODEX.2-P5895,EVODEX.2-P6235,EVODEX.2-P6099"
EVODEX.2-E780,[#6]-[#6](=[#8])-[#7:10](-[#8:11])-[#1]>>[#7:10](-[#8:11])(-[#1])-[#1],"EVODEX.2-P4982,EVODEX.2-P4967,EVODEX.2-P4887,EVODEX.2-P3280,EVODEX.2-P4970"
EVODEX.2-E781,[#6]-[#6](=[#8])-[#6:53](-[#6:54](=[#8:55])-[#16:56])(-[#1:145])-[#1:146]>>[#6:53](-[#6:54](=[#8:55])-[#16:56])(-[#1:145])(-[#1:146])-[#1],"EVODEX.2-P2035,EVODEX.2-P2049,EVODEX.2-P2032,EVODEX.2-P1700,EVODEX.2-P2047"
EVODEX.2-E782,[#6]-[#6](=[#8])-[#6:8](-[#6:9](=[#8:10])-[#6:11])(-[#1:28])-[#1:29]>>[#6:8](-[#6:9](=[#8:10])-[#6:11])(-[#1:28])(-[#1:29])-[#1],"EVODEX.2-P5427,EVODEX.2-P5422,EVODEX.2-P5409,EVODEX.2-P5419,EVODEX.2-P5401"
EVODEX.2-E783,[#8:37]-[#15:38](=[#8:39])(-[#8:40])-[#8:41]-[#15:42](=[#8:43])(-[#8:44])-[#8:45].[#8]=[#6](-[#8:56]-[#1])-[#6]>>[#8:37]-[#15:38](=[#8:39])(-[#8:40])-[#8:56]-[#1].[#8:41](-[#15:42](=[#8:43])(-[#8:44])-[#8:45])-[#1],"EVODEX.2-P5955,EVODEX.2-P5933,EVODEX.2-P5931,EVODEX.2-P5951,EVODEX.2-P5218"
EVODEX.2-E784,[#6:5]-[#6:6](-[#6](=[#8])-[#6](=[#8])-[#8])(-[#1:23])-[#1:24].[#7:12]-[#6:13](-[#6:14](=[#8:15])-[#8:16])(-[#1:28])-[#1]>>[#6:5]-[#6:6](-[#6@:13](-[#7:12])(-[#6:14](=[#8:15])-[#8:16])-[#1:28])(-[#1:23])-[#1:24],"EVODEX.2-P3069,EVODEX.2-P2873,EVODEX.2-P3086,EVODEX.2-P3082,EVODEX.2-P3070"
EVODEX.2-E785,[#6:47](-[#6@@:45])(=[#8:48])-[#7](-[#6@])-[#1]>>[#6:47](-[#6@@:45])(=[#8:48])-[#8]-[#1],"EVODEX.2-P4343,EVODEX.2-P4918,EVODEX.2-P4433,EVODEX.2-P4529,EVODEX.2-P4851"
EVODEX.2-E786,[#8:2]=[#6:3](-[#7](-[#6@@])-[#1])-[#8:17]-[#6:18](-[#6:19]1:[#6:20](:[#6:21](:[#6:22](:[#6:23](:[#6:24]:1-[#1:41])-[#1:40])-[#1:39])-[#1:38])-[#1:37])(-[#1:35])-[#1:36]>>[#8:2]=[#6:3]=[#8:17].[#8](-[#6:18](-[#6:19]1:[#6:20](:[#6:21](:[#6:22](:[#6:23](:[#6:24]:1-[#1:41])-[#1:40])-[#1:39])-[#1:38])-[#1:37])(-[#1:35])-[#1:36])-[#1],"EVODEX.2-P5095,EVODEX.2-P5040,EVODEX.2-P5079,EVODEX.2-P5102,EVODEX.2-P5090"
EVODEX.2-E787,[#6]-[#6](-[#6:12](-[#6:13])(-[#1:34])-[#1:35])(-[#1])-[#1]>>[#6:12](-[#6:13])(-[#1:34])(-[#1:35])-[#1],"EVODEX.2-P3007,EVODEX.2-P3004,EVODEX.2-P3023,EVODEX.2-P2849,EVODEX.2-P3012"
EVODEX.2-E788,[#6]-[#6](-[#8:4]-[#6:5](=[#8:6])-[#6:7])(-[#1])-[#1]>>[#8:4](-[#6:5](=[#8:6])-[#6:7])-[#1],"EVODEX.2-P3637,EVODEX.2-P3633,EVODEX.2-P3592,EVODEX.2-P4546,EVODEX.2-P3635"
EVODEX.2-E789,[#6]-[#6](-[#6:7](=[#8:8])-[#6:9](=[#8:10])-[#8:11])(-[#1])-[#1]>>[#6:7](=[#8:8])(-[#6:9](=[#8:10])-[#8:11])-[#1],"EVODEX.2-P3081,EVODEX.2-P3022,EVODEX.2-P3075,EVODEX.2-P2976,EVODEX.2-P3078"
EVODEX.2-E790,[#6](=[#6](-[#8]-[#6:4](=[#8:5])-[#6:6])-[#1])(-[#1])-[#1].[#8:8](-[#6:9])-[#1]>>[#6:4](=[#8:5])(-[#6:6])-[#8:8]-[#6:9],"EVODEX.2-P3728,EVODEX.2-P3715,EVODEX.2-P3846,EVODEX.2-P3799,EVODEX.2-P3741"
EVODEX.2-E791,[#6:1]-[#6:2](=[#8:3])-[#6](-[#6])(-[#8])-[#1].[#8:7]=[#6:8](-[#6@:9])-[#1:29]>>[#6:1]-[#6:2](=[#8:3])-[#6@@:8](-[#8:7]-[#1])(-[#6@:9])-[#1:29],"EVODEX.2-P1556,EVODEX.2-P1542,EVODEX.2-P1557,EVODEX.2-P1558,EVODEX.2-P1540"
EVODEX.2-E792,[#6]-[#6](=[#8])-[#8]-[#6:5](-[#6:6])(-[#1:23])-[#1:24].[#16:12](-[#6:13])-[#1]>>[#6:5](-[#6:6])(-[#16:12]-[#6:13])(-[#1:23])-[#1:24],"EVODEX.2-P2660,EVODEX.2-P2666,EVODEX.2-P2656,EVODEX.2-P2649,EVODEX.2-P2627"
EVODEX.2-E793,.[#6]-[#6](=[#8])-[#8]-[#15:13](=[#8:14])(-[#8:15])-[#8:16].[#6:35]-[#8:36]-[#1]>>[#15:13](=[#8:14])(-[#8:15])(-[#8:16])-[#8:36]-[#6:35].,"EVODEX.2-P3138,EVODEX.2-P3217,EVODEX.2-P3221,EVODEX.2-P3139,EVODEX.2-P3153"
EVODEX.2-E794,[#6:2]-[#6:3](=[#8])-[#1:17].[#7:5](-[#6](-[#6])(-[#1])-[#1])(-[#1])-[#1]>>[#6:2]-[#6:3](-[#7:5](-[#1])-[#1])(-[#1:17])-[#1],"EVODEX.2-P2900,EVODEX.2-P3099,EVODEX.2-P2890,EVODEX.2-P3097,EVODEX.2-P2895"
EVODEX.2-E795,[#7:1](=[#6:2](-[#7:3])-[#7](-[#6@@])-[#1])-[#1]>>[#7:1](-[#6:2](-[#7:3])=[#8])(-[#1])-[#1],"EVODEX.2-P5276,EVODEX.2-P6373,EVODEX.2-P5267,EVODEX.2-P5285,EVODEX.2-P5222"
EVODEX.2-E796,[#6:1]-[#6:2](-[#7](-[#6])-[#1])(-[#1:19])-[#1]>>[#6:1]-[#6:2](=[#8])-[#1:19],"EVODEX.2-P1352,EVODEX.2-P1219,EVODEX.2-P1278,EVODEX.2-P1308,EVODEX.2-P1319"
EVODEX.2-E797,[#7:14](-[#6:15])(-[#1])-[#1].[#7:1](=[#6:2](-[#7:3])-[#7](-[#6])-[#1])-[#1]>>[#7:1](=[#6:2](-[#7:3])-[#7:14](-[#6:15])-[#1])-[#1],"EVODEX.2-P1523,EVODEX.2-P1528,EVODEX.2-P1529,EVODEX.2-P1537,EVODEX.2-P1534"
EVODEX.2-E798,[#7](-[#6@])(-[#6:8](=[#8:9])-[#6:10])-[#1].[#7:24](-[#6:25])(-[#1])-[#1]>>[#6:8](=[#8:9])(-[#6:10])-[#7:24](-[#6:25])-[#1],"EVODEX.2-P2076,EVODEX.2-P1587,EVODEX.2-P2074,EVODEX.2-P4900,EVODEX.2-P2083"
EVODEX.2-E799,[#7]-[#6@](-[#6](=[#8])-[#8])(-[#6@:6](-[#8:7]-[#1])(-[#6:8])-[#1:24])-[#1]>>[#6:6](=[#8:7])(-[#6:8])-[#1:24],"EVODEX.2-P5638,EVODEX.2-P5602,EVODEX.2-P5613,EVODEX.2-P5644,EVODEX.2-P1565"
EVODEX.2-E800,[#6]-[#6](=[#8])-[#8]-[#15:11](=[#8:12])(-[#8:13])-[#8:14].([#7:18]-[#6:19]1:[#7:20]:[#6:21](:[#7:22]:[#6:23]2:[#6:24]:1:[#7:25]:[#6:26](:[#7:27]:2-[#6@@:28])-[#1:60])-[#1:59].[#8:36]-[#15:37](=[#8:38])(-[#8:39]-[#1])-[#8:40])>>([#15:11](=[#8:12])(-[#8:13])(-[#8:14])-[#8:39]-[#15:37](-[#8:36])(=[#8:38])-[#8:40].[#7:27]1(-[#6@@:28]):[#6:23]2:[#7:22]:[#6:21](:[#7:20]:[#6:19](-[#7:18]):[#6:24]:2:[#7:25]:[#6:26]:1-[#1:60])-[#1:59]),"EVODEX.2-P3289,EVODEX.2-P3287,EVODEX.2-P3309,EVODEX.2-P3286,EVODEX.2-P3279"
EVODEX.2-E801,[#6:5]-[#6:6](-[#6@](-[#7])(-[#6](=[#8])-[#8])-[#1])(-[#1:23])-[#1:24].[#8:12]=[#6:13](-[#6:14](=[#8:15])-[#8:16])-[#1]>>[#6:5]-[#6:6](-[#6:13](=[#8:12])-[#6:14](=[#8:15])-[#8:16])(-[#1:23])-[#1:24],"EVODEX.2-P2865,EVODEX.2-P2859,EVODEX.2-P2867,EVODEX.2-P2864,EVODEX.2-P2932"
EVODEX.2-E802,[#8:2]=[#6:3](-[#7](-[#6@@])-[#1])-[#8:17]-[#6:18](-[#6:19]1:[#6:20](:[#6:21](:[#6:22](:[#6:23](:[#6:24]:1-[#1:41])-[#1:40])-[#1:39])-[#1:38])-[#1:37])(-[#1:35])-[#1:36].[#8:1](-[#1])-[#1]>>[#8:2]=[#6:3]=[#8:17].[#8:1](-[#6:18](-[#6:19]1:[#6:20](:[#6:21](:[#6:22](:[#6:23](:[#6:24]:1-[#1:41])-[#1:40])-[#1:39])-[#1:38])-[#1:37])(-[#1:35])-[#1:36])-[#1],"EVODEX.2-P5088,EVODEX.2-P5103,EVODEX.2-P5092,EVODEX.2-P5076,EVODEX.2-P5039"
EVODEX.2-E803,[#8]=[#15](-[#8])(-[#8]-[#6:6](-[#6@:7](-[#8:8])(-[#6:9])-[#1:26])(-[#1:24])-[#1:25])-[#8].[#8:1](-[#1])-[#1]>>[#8:1](-[#6:6](-[#6:7](-[#8:8])(-[#6:9])-[#1:26])(-[#1:24])-[#1:25])-[#1],"EVODEX.2-P3952,EVODEX.2-P3925,EVODEX.2-P3996,EVODEX.2-P3955,EVODEX.2-P3986"
EVODEX.2-E804,[#6]-[#16]-[#6:49](=[#8:50])-[#6@@:51].[#8]-[#15](=[#8])(-[#8:83]-[#1])-[#8]>>[#6:49](=[#8:50])(-[#6@@:51])-[#8:83]-[#1],"EVODEX.2-P5935,EVODEX.2-P6015,EVODEX.2-P5885,EVODEX.2-P5890,EVODEX.2-P6016"
EVODEX.2-E805,[#6:17]-[#6:18](=[#8:19])-[#7](-[#6])-[#1].[#8:23](-[#1])-[#1]>>[#6:17]-[#6:18](=[#8:19])-[#8:23]-[#1],"EVODEX.2-P4500,EVODEX.2-P4432,EVODEX.2-P4875,EVODEX.2-P4530,EVODEX.2-P4533"
EVODEX.2-E806,[#6]-[#6](-[#8:6]-[#6@:7](-[#8:8])(-[#6@:16])-[#1:30])(-[#1])-[#1]>>[#8:6](-[#6:7](-[#8:8])(-[#6@:16])-[#1:30])-[#1],"EVODEX.2-P4157,EVODEX.2-P4254,EVODEX.2-P4199,EVODEX.2-P4070,EVODEX.2-P4303"
EVODEX.2-E807,[#6:9](-[#6@:8])(-[#8]-[#15](=[#8])(-[#8])-[#8])(-[#1:51])-[#1:52].[#8:44](-[#1])-[#1]>>[#6:9](-[#6@:8])(-[#8:44]-[#1])(-[#1:51])-[#1:52],"EVODEX.2-P3947,EVODEX.2-P3990,EVODEX.2-P4000,EVODEX.2-P3922,EVODEX.2-P3888"
EVODEX.2-E808,[#6:4](-[#6@:2])(=[#8:5])-[#6](-[#6](=[#8])-[#6](=[#8])-[#8])(-[#1])-[#1]>>[#6:4](-[#6@:2])(=[#8:5])-[#8]-[#1],"EVODEX.2-P5379,EVODEX.2-P5383,EVODEX.2-P5394,EVODEX.2-P5393,EVODEX.2-P5397"
EVODEX.2-E809,[#6]-[#6](-[#6@:7](-[#7:8])(-[#6:9](=[#8:10])-[#8:11])-[#1:25])(-[#1])-[#1]>>[#6:7](-[#7:8])(-[#6:9](=[#8:10])-[#8:11])(-[#1:25])-[#1],"EVODEX.2-P3080,EVODEX.2-P2869,EVODEX.2-P2069,EVODEX.2-P2861,EVODEX.2-P3084"
EVODEX.2-E810,[#7:15](-[#6@:9])(-[#6](=[#8])-[#6@@]-[#7](-[#6:20](=[#8:21])-[#6@:22])-[#1])-[#1]>>[#6:20](=[#8:21])(-[#6@:22])-[#8]-[#1].[#7:15](-[#6@:9])(-[#1])-[#1],"EVODEX.2-P4720,EVODEX.2-P4829,EVODEX.2-P4831,EVODEX.2-P4725,EVODEX.2-P4833"
EVODEX.2-E811,[#6]-[#6](-[#7:5](-[#1])-[#1])(-[#1])-[#1].[#8:7]=[#8:8]>>[#7:5](-[#1])(-[#1])-[#1].[#8:7](-[#8:8]-[#1])-[#1],"EVODEX.2-P1123,EVODEX.2-P1010,EVODEX.2-P1112,EVODEX.2-P1145,EVODEX.2-P1216"
EVODEX.2-E812,[#6:5]-[#6:6](=[#8:7])-[#6](-[#6](=[#8])-[#6])(-[#1])-[#1]>>[#6:5]-[#6:6](=[#8:7])-[#8]-[#1],"EVODEX.2-P5417,EVODEX.2-P5413,EVODEX.2-P5402,EVODEX.2-P255,EVODEX.2-P5425"
EVODEX.2-E813,[#7:9](-[#6@:8])(-[#6](-[#6])(-[#6](=[#8])-[#8])-[#1])-[#1]>>[#7:9](-[#6@:8])(-[#1])-[#1],"EVODEX.2-P1263,EVODEX.2-P1239,EVODEX.2-P5775,EVODEX.2-P1262,EVODEX.2-P5782"
EVODEX.2-E814,[#8]=[#6](-[#8])-[#6](=[#8:6])-[#6].[#8:9](-[#8:10]-[#1])-[#1]>>[#8:9]=[#8:10].[#8:6](-[#1])-[#1],"EVODEX.2-P1150,EVODEX.2-P1153,EVODEX.2-P1080,EVODEX.2-P1097,EVODEX.2-P1060"
EVODEX.2-E815,[#6:2]-[#6:4](-[#8:5]-[#1])(-[#6](-[#6](=[#8])-[#6](=[#8])-[#8])(-[#1])-[#1])-[#1:19]>>[#6:2]-[#6:4](=[#8:5])-[#1:19],"EVODEX.2-P5573,EVODEX.2-P5657,EVODEX.2-P5652,EVODEX.2-P5648,EVODEX.2-P5552"
EVODEX.2-E816,[#6]-[#6@](-[#7:3](-[#1])-[#1])(-[#6](=[#8])-[#8])-[#1].[#8]=[#6:8](-[#6:9])-[#1:21]>>[#7:3](-[#6:8](-[#6:9])(-[#1:21])-[#1])(-[#1])-[#1],"EVODEX.2-P2852,EVODEX.2-P2925,EVODEX.2-P2971,EVODEX.2-P2842,EVODEX.2-P2844"
EVODEX.2-E817,[#6:2]-[#6:3](=[#8])-[#6:5](=[#8:6])-[#8:7].[#7:8](-[#6](-[#6])(-[#1])-[#1])(-[#1])-[#1]>>[#6:2]-[#6:3](-[#6:5](=[#8:6])-[#8:7])(-[#7:8](-[#1])-[#1])-[#1],"EVODEX.2-P2838,EVODEX.2-P2845,EVODEX.2-P2919,EVODEX.2-P2835,EVODEX.2-P2923"
EVODEX.2-E818,[#6:6](-[#6@@:5])(=[#8])-[#6@:8].[#7:41](-[#6@@](-[#6])(-[#6](=[#8])-[#8])-[#1])(-[#1])-[#1]>>[#7:41](-[#6@:6](-[#6@@:5])(-[#6@:8])-[#1])(-[#1])-[#1],"EVODEX.2-P2827,EVODEX.2-P2964,EVODEX.2-P2821,EVODEX.2-P2967,EVODEX.2-P2940"
EVODEX.2-E819,[#6:4](-[#6@:2])(=[#8:5])-[#6](-[#6](=[#8])-[#6](=[#8])-[#8])(-[#1])-[#1].[#8:12](-[#1])-[#1]>>[#6:4](-[#6@:2])(=[#8:5])-[#8:12]-[#1],"EVODEX.2-P5378,EVODEX.2-P5405,EVODEX.2-P5382,EVODEX.2-P5389,EVODEX.2-P5386"
EVODEX.2-E820,[#6:47]-[#16:48]-[#1].[#8:50]-[#6:51]1:[#6:52](:[#6:53](/[#6:54](=[#6:55](/[#6:56](=[#8:57])-[#8]-[#6])-[#1:116])-[#1:115]):[#6:71](:[#6:72](:[#6:73]:1-[#8:74])-[#1:129])-[#1:128])-[#1:114]>>[#6:47]-[#16:48]-[#6:56](/[#6:55](=[#6:54](/[#6:53]1:[#6:52](:[#6:51](-[#8:50]):[#6:73](-[#8:74]):[#6:72](:[#6:71]:1-[#1:128])-[#1:129])-[#1:114])-[#1:115])-[#1:116])=[#8:57],"EVODEX.2-P1607,EVODEX.2-P1583,EVODEX.2-P1619,EVODEX.2-P1620,EVODEX.2-P1617"
EVODEX.2-E821,[#6]/[#6](=[#7]\[#8:10]-[#1])-[#1]>>[#8:10](-[#1])-[#1],"EVODEX.2-P5817,EVODEX.2-P5813,EVODEX.2-P627,EVODEX.2-P5818,EVODEX.2-P625"
EVODEX.2-E822,[#7](-[#6@@])(-[#6:7](=[#8:8])-[#8:9])-[#1]>>[#6:7](=[#8:8])(-[#8:9])-[#8]-[#1],"EVODEX.2-P4522,EVODEX.2-P4534,EVODEX.2-P4917,EVODEX.2-P5126,EVODEX.2-P5125"
EVODEX.2-E823,[#8:29]-[#6:30]1:[#6:31](:[#6:32](-[#7:33](-[#6](=[#8])-[#6@])-[#1]):[#6:55](:[#6:56](:[#6:57]:1-[#6:58])-[#1:116])-[#1:115])-[#1:93]>>[#8:29]-[#6:30]1:[#6:31](:[#6:32](-[#7:33](-[#1])-[#1]):[#6:55](:[#6:56](:[#6:57]:1-[#6:58])-[#1:116])-[#1:115])-[#1:93],"EVODEX.2-P4477,EVODEX.2-P4474,EVODEX.2-P4479,EVODEX.2-P4482,EVODEX.2-P4340"
EVODEX.2-E824,[#7:1](-[#6:2](=[#8:3])-[#7](-[#6])-[#1])(-[#1])-[#1]>>[#6:2](=[#8:3])=[#8].[#7:1](-[#1])(-[#1])-[#1],"EVODEX.2-P5056,EVODEX.2-P5060,EVODEX.2-P5050,EVODEX.2-P5145,EVODEX.2-P5115"
EVODEX.2-E825,[#6](-[#6@@])(-[#16:4](=[#8:5])-[#6:6])(-[#1])-[#1]>>[#16:4](-[#8:5]-[#1])-[#6:6],"EVODEX.2-P5809,EVODEX.2-P5808,EVODEX.2-P5793,EVODEX.2-P5805,EVODEX.2-P5802"
EVODEX.2-E826,[#8:1]=[#16:2](=[#8:3])(-[#8:4])-[#6](-[#6@@])(-[#1])-[#1]>>[#8:1](-[#16:2](=[#8:3])-[#8:4])-[#1],"EVODEX.2-P347,EVODEX.2-P350,EVODEX.2-P5811,EVODEX.2-P348,EVODEX.2-P5801"
EVODEX.2-E827,[#7:15](-[#6@:9])(-[#6](=[#8])-[#6@@]-[#7](-[#6:20](=[#8:21])-[#6@:22])-[#1])-[#1].[#8:60](-[#1])-[#1]>>[#6:20](=[#8:21])(-[#6@:22])-[#8:60]-[#1].[#7:15](-[#6@:9])(-[#1])-[#1],"EVODEX.2-P4730,EVODEX.2-P4726,EVODEX.2-P4827,EVODEX.2-P4735,EVODEX.2-P4354"
EVODEX.2-E828,[#6:1]-[#7:2](-[#6](-[#6])(-[#1])-[#1])-[#1]>>[#6:1]-[#7:2](-[#1])-[#1],"EVODEX.2-P1304,EVODEX.2-P1314,EVODEX.2-P578,EVODEX.2-P1299,EVODEX.2-P1005"
EVODEX.2-E829,[#6]-[#6@@](-[#7:3](-[#1])-[#1])(-[#6])-[#1]>>[#7:3](-[#1])(-[#1])-[#1],"EVODEX.2-P5779,EVODEX.2-P948,EVODEX.2-P917,EVODEX.2-P932,EVODEX.2-P1038"
EVODEX.2-E830,[#6]-[#6@](-[#8])(-[#6:10]#[#7:11])-[#1]>>[#6:10](#[#7:11])-[#1],"EVODEX.2-P5506,EVODEX.2-P5526,EVODEX.2-P5621,EVODEX.2-P5532,EVODEX.2-P5626"
EVODEX.2-E831,[#6]-[#6@](-[#8])(-[#6:8]#[#7:9])-[#6]>>[#6:8](#[#7:9])-[#1],"EVODEX.2-P5538,EVODEX.2-P5507,EVODEX.2-P5535,EVODEX.2-P5616,EVODEX.2-P5515"
EVODEX.2-E832,[#6:2]-[#6:3](-[#8]-[#6](=[#8])-[#6])(-[#1:20])-[#1:21].[#8:14](-[#1])-[#1]>>[#6:2]-[#6:3](-[#8:14]-[#1])(-[#1:20])-[#1:21],"EVODEX.2-P3593,EVODEX.2-P4445,EVODEX.2-P3744,EVODEX.2-P3594,EVODEX.2-P3638"
EVODEX.2-E833,[#6:3]-[#6@@:4](-[#8:5]-[#1])(-[#6@@](-[#8])(-[#6](=[#8])-[#6])-[#1])-[#1:21]>>[#6:3]-[#6:4](=[#8:5])-[#1:21],"EVODEX.2-P5558,EVODEX.2-P5564,EVODEX.2-P5554,EVODEX.2-P5574,EVODEX.2-P5569"
EVODEX.2-E834,[#6]-[#6](-[#8])(-[#6:6](-[#6:7](=[#8:8])-[#6:9](=[#8:10])-[#8:11])(-[#1:21])-[#1:22])-[#1]>>[#6:6](-[#6:7](=[#8:8])-[#6:9](=[#8:10])-[#8:11])(-[#1:21])(-[#1:22])-[#1],"EVODEX.2-P5581,EVODEX.2-P5653,EVODEX.2-P5549,EVODEX.2-P5651,EVODEX.2-P5659"
EVODEX.2-E835,[#6:20](-[#6@:19])(-[#7](-[#1])-[#1])(-[#1:69])-[#1].[#6]-[#6](=[#8:49])-[#6](=[#8])-[#8]>>[#6:20](-[#6@:19])(=[#8:49])-[#1:69],"EVODEX.2-P2917,EVODEX.2-P2855,EVODEX.2-P2918,EVODEX.2-P2833,EVODEX.2-P2837"
EVODEX.2-E836,[#6:1]-[#6@:2](-[#7](-[#1])-[#1])(-[#6:4](=[#8:5])-[#8:6])-[#1].[#8:7]=[#6](-[#6])-[#1]>>[#6:1]-[#6:2](-[#6:4](=[#8:5])-[#8:6])=[#8:7],"EVODEX.2-P2841,EVODEX.2-P2926,EVODEX.2-P2854,EVODEX.2-P2853,EVODEX.2-P2922"
EVODEX.2-E837,[#7](-[#6@:39](-[#6@:5])(-[#6@@:37])-[#1])(-[#1])-[#1].[#6]-[#6](=[#8:47])-[#6](=[#8])-[#8]>>[#6:39](-[#6@:5])(-[#6@@:37])=[#8:47],"EVODEX.2-P3059,EVODEX.2-P3115,EVODEX.2-P2830,EVODEX.2-P3109,EVODEX.2-P2875"
EVODEX.2-E838,[#6:4]-[#6@:5](-[#7](-[#1])-[#1])(-[#6:7](=[#8:8])-[#8:9])-[#1].[#8]=[#6](-[#8])-[#6](=[#8:14])-[#6]>>[#6:4]-[#6:5](-[#6:7](=[#8:8])-[#8:9])=[#8:14],"EVODEX.2-P2947,EVODEX.2-P3095,EVODEX.2-P2934,EVODEX.2-P3094,EVODEX.2-P2970"
EVODEX.2-E839,[#7](-[#6@])(-[#6:7](-[#7](-[#1])-[#1])=[#8:9])-[#1]>>[#6:7](=[#8:9])=[#8],"EVODEX.2-P5047,EVODEX.2-P5057,EVODEX.2-P5066,EVODEX.2-P5114,EVODEX.2-P5106"
EVODEX.2-E840,[#7](-[#6@])(-[#6:7](-[#7:8](-[#1])-[#1])=[#8:9])-[#1].[#8:13](-[#1])-[#1]>>[#6:7](=[#8:9])=[#8:13].[#7:8](-[#1])(-[#1])-[#1],"EVODEX.2-P5140,EVODEX.2-P5059,EVODEX.2-P5118,EVODEX.2-P5144,EVODEX.2-P5109"
EVODEX.2-E841,[#6:15]-[#6:16](=[#8:17])-[#6](-[#8])(-[#6])-[#6].[#8:24](-[#1])-[#1]>>[#6:15]-[#6:16](=[#8:17])-[#8:24]-[#1],"EVODEX.2-P3713,EVODEX.2-P3682,EVODEX.2-P3793,EVODEX.2-P3714,EVODEX.2-P3710"
EVODEX.2-E842,[#6]-[#6](=[#8:4])-[#1].[#7](-[#6:6](-[#6:7])(-[#1:20])-[#1])(-[#1])-[#1]>>[#8:4]=[#6:6](-[#6:7])-[#1:20],"EVODEX.2-P2889,EVODEX.2-P2896,EVODEX.2-P2905,EVODEX.2-P2901,EVODEX.2-P2908"
EVODEX.2-E843,[#6]-[#7](-[#6:6](=[#8:7])-[#1:19])-[#1].[#8:8](-[#1])-[#1]>>[#6:6](=[#8:7])(-[#8:8]-[#1])-[#1:19],"EVODEX.2-P5171,EVODEX.2-P5105,EVODEX.2-P5141,EVODEX.2-P4987,EVODEX.2-P5143"
EVODEX.2-E844,[#7:57](-[#6@:56](-[#6@:51])(-[#6:58](=[#8:59])-[#8:60])-[#1:135])(-[#1])-[#1].[#8]-[#15](=[#8])(-[#8])-[#8:83]-[#15:84](=[#8:85])(-[#8:86])-[#8:87]>>[#6](-[#6@@])(=[#8])-[#7:57](-[#6@:56](-[#6@:51])(-[#6:58](=[#8:59])-[#8:60])-[#1:135])-[#1].[#8:83](-[#15:84](=[#8:85])(-[#8:86])-[#8:87])-[#1],"EVODEX.2-P6321,EVODEX.2-P6105,EVODEX.2-P6103,EVODEX.2-P6107,EVODEX.2-P6325"
EVODEX.2-E845,[#8]-[#15](=[#8])(-[#8])-[#8:41]-[#15:42](=[#8:43])(-[#8:44])-[#8:45].[#7:9]-[#6@@:10](-[#6:11]-[#6:12]-[#6:13](=[#8:14])-[#8]-[#1])(-[#6:16](=[#8:17])-[#8:18])-[#1:77]>>[#6]-[#7](-[#6:13](-[#6:12]-[#6:11]-[#6@:10](-[#7:9])(-[#6:16](=[#8:17])-[#8:18])-[#1:77])=[#8:14])-[#1].[#8:41](-[#15:42](=[#8:43])(-[#8:44])-[#8:45])-[#1],"EVODEX.2-P6190,EVODEX.2-P6180,EVODEX.2-P6167,EVODEX.2-P6151,EVODEX.2-P6182"
EVODEX.2-E846,[#6:1]-[#6:2]1:[#7:3]:[#6:4](:[#6:5](-[#6:6]):[#6:12](-[#6:13](=[#8])-[#1:34]):[#6:15]:1-[#8:16])-[#1:29].[#7:17](-[#6@@](-[#6])(-[#6](=[#8])-[#8])-[#1])(-[#1])-[#1]>>[#6:1]-[#6:2]1:[#7:3]:[#6:4](:[#6:5](-[#6:6]):[#6:12](-[#6:13](-[#7:17](-[#1])-[#1])(-[#1:34])-[#1]):[#6:15]:1-[#8:16])-[#1:29],"EVODEX.2-P2956,EVODEX.2-P5406,EVODEX.2-P2951,EVODEX.2-P5798,EVODEX.2-P2960"
EVODEX.2-E847,[#6]-[#6](=[#8:27])-[#1]>>[#8:27](-[#1])-[#1],"EVODEX.2-P5713,EVODEX.2-P1268,EVODEX.2-P929,EVODEX.2-P5714,EVODEX.2-P5715"
EVODEX.2-E848,[#7]-[#6](-[#7:7](-[#1])-[#1])=[#8]>>[#7:7](-[#1])(-[#1])-[#1],"EVODEX.2-P5048,EVODEX.2-P5043,EVODEX.2-P5044,EVODEX.2-P5049,EVODEX.2-P5038"
EVODEX.2-E849,[#7:12]-[#6:13]1:[#6:14](:[#6:15](:[#6:16](-[#6:17](=[#8:18])-[#7](-[#6@@])-[#1]):[#6:29](:[#6:30]:1-[#1:84])-[#1:83])-[#1:74])-[#1:73]>>[#7:12]-[#6:13]1:[#6:14](:[#6:15](:[#6:16](-[#6:17](=[#8:18])-[#8]-[#1]):[#6:29](:[#6:30]:1-[#1:84])-[#1:83])-[#1:74])-[#1:73],"EVODEX.2-P4518,EVODEX.2-P4513,EVODEX.2-P4509,EVODEX.2-P4515,EVODEX.2-P4519"
EVODEX.2-E850,[#7:1](-[#6@@](-[#6])(-[#6](=[#8])-[#8])-[#1])(-[#1])-[#1].[#8]=[#6:14](-[#6:15](=[#8:16])-[#6:17])-[#1:33]>>[#7:1](-[#6:14](-[#6:15](=[#8:16])-[#6:17])(-[#1:33])-[#1])(-[#1])-[#1],"EVODEX.2-P3027,EVODEX.2-P3046,EVODEX.2-P3035,EVODEX.2-P3029,EVODEX.2-P3033"
EVODEX.2-E851,[#6:8]-[#6:9](-[#6@:10])(-[#1:44])-[#1].[#6]-[#6](=[#8])-[#6:22](=[#8:23])-[#8:24]-[#1]>>[#6:22](=[#8:23])=[#8:24].[#6:8]-[#6@@:9](-[#6@:10])(-[#8]-[#1])-[#1:44],"EVODEX.2-P499,EVODEX.2-P445,EVODEX.2-P514,EVODEX.2-P458,EVODEX.2-P482"
EVODEX.2-E852,[#7:4]-[#6:5](-[#6:6])(-[#1:30])-[#1].[#6]-[#6](=[#8])-[#6:21](=[#8:22])-[#8:23]-[#1]>>[#6:21](=[#8:22])=[#8:23].[#7:4]-[#6:5](-[#6:6])(-[#8]-[#1])-[#1:30],"EVODEX.2-P454,EVODEX.2-P753,EVODEX.2-P480,EVODEX.2-P429,EVODEX.2-P487"
EVODEX.2-E853,[#6]/[#6](=[#6](/[#6](=[#8])-[#16:6]-[#6:7])-[#1])-[#1].[#6:57]-[#6:58](=[#8:59])-[#8]-[#1]>>[#16:6](-[#6:7])-[#6:58](-[#6:57])=[#8:59],"EVODEX.2-P3546,EVODEX.2-P3576,EVODEX.2-P3581,EVODEX.2-P3552,EVODEX.2-P3549"
EVODEX.2-E854,[#6:8]-[#6:9](-[#6@:10])(-[#1:44])-[#1].[#6]-[#6](=[#8])-[#6:22](=[#8:23])-[#8:24]-[#1].[#8:25]=[#8]>>[#6:22](=[#8:23])=[#8:24].[#6:8]-[#6@@:9](-[#6@:10])(-[#8:25]-[#1])-[#1:44],"EVODEX.2-P502,EVODEX.2-P477,EVODEX.2-P483,EVODEX.2-P338,EVODEX.2-P345"
EVODEX.2-E855,[#7:4]-[#6:5](-[#6:6])(-[#1:30])-[#1].[#6]-[#6](=[#8])-[#6:21](=[#8:22])-[#8:23]-[#1].[#8:24]=[#8]>>[#6:21](=[#8:22])=[#8:23].[#7:4]-[#6:5](-[#6:6])(-[#8:24]-[#1])-[#1:30],"EVODEX.2-P432,EVODEX.2-P448,EVODEX.2-P437,EVODEX.2-P485,EVODEX.2-P461"
EVODEX.2-E856,[#6:1](-[#6:2]1(-[#6:3])-[#16:4]-[#6@:5](-[#6@:6])(-[#7:19]-[#6@:20]-1(-[#6:21](=[#8:22])-[#8:23])-[#1])-[#1:41])(-[#1:35])(-[#1:36])-[#1].[#6]-[#6](=[#8])-[#6:30](=[#8:31])-[#8:32]-[#1].[#8]=[#8:34]>>[#6:30](=[#8:31])=[#8:32].[#6:1]1(-[#6:2](-[#6:3])=[#6:20](-[#6:21](=[#8:22])-[#8:23])-[#7:19]-[#6@:5](-[#16:4]-1)(-[#6@:6])-[#1:41])(-[#1:35])-[#1:36].[#8:34](-[#1])-[#1],"EVODEX.2-P702,EVODEX.2-P700,EVODEX.2-P696,EVODEX.2-P729,EVODEX.2-P719"
EVODEX.2-E857,[#8]=[#6](-[#6])-[#7:11](-[#6:12]1:[#6:13](:[#6:14](:[#6:15]2:[#6:16](:[#6:17](:[#6:18](:[#6:19](:[#6:20]:2:[#6:21]:1-[#1:36])-[#1:35])-[#1:34])-[#1:33])-[#1:32])-[#1:31])-[#1:30])-[#1]>>[#7:11](-[#6:12]1:[#6:13](:[#6:14](:[#6:15]2:[#6:16](:[#6:17](:[#6:18](:[#6:19](:[#6:20]:2:[#6:21]:1-[#1:36])-[#1:35])-[#1:34])-[#1:33])-[#1:32])-[#1:31])-[#1:30])(-[#1])-[#1],"EVODEX.2-P4366,EVODEX.2-P4350,EVODEX.2-P4330,EVODEX.2-P4545,EVODEX.2-P4349"
EVODEX.2-E858,[#6]-[#6](-[#7:53](-[#1])-[#1])(-[#1])-[#1]>>[#7:53](-[#1])(-[#1])-[#1],"EVODEX.2-P1122,EVODEX.2-P1160,EVODEX.2-P1130,EVODEX.2-P1115,EVODEX.2-P1136"
EVODEX.2-E859,[#6:5]-[#6:6](=[#8:7])-[#6](-[#6](=[#8])-[#6])(-[#1])-[#1].[#8:16](-[#1])-[#1]>>[#6:5]-[#6:6](=[#8:7])-[#8:16]-[#1],"EVODEX.2-P5410,EVODEX.2-P5420,EVODEX.2-P5423,EVODEX.2-P5415,EVODEX.2-P5416"
EVODEX.2-E860,[#6:1](-[#6:2]1(-[#6:3])-[#16:4]-[#6@:5](-[#6@:6])(-[#7:19]-[#6@:20]-1(-[#6:21](=[#8:22])-[#8:23])-[#1])-[#1:41])(-[#1:35])(-[#1:36])-[#1].[#6]-[#6](=[#8])-[#6:30](=[#8:31])-[#8:32]-[#1]>>[#6:30](=[#8:31])=[#8:32].[#6:1]1(-[#6:2](-[#6:3])=[#6:20](-[#6:21](=[#8:22])-[#8:23])-[#7:19]-[#6@:5](-[#16:4]-1)(-[#6@:6])-[#1:41])(-[#1:35])-[#1:36],"EVODEX.2-P704,EVODEX.2-P712,EVODEX.2-P742,EVODEX.2-P733,EVODEX.2-P709"
EVODEX.2-E861,[#7]-[#6](-[#6])(-[#6:11](=[#8:12])-[#8:13]-[#1])-[#1].[#8]=[#8:15]>>[#6:11](=[#8:12])=[#8:13].[#8:15](-[#1])-[#1],"EVODEX.2-P301,EVODEX.2-P284,EVODEX.2-P305,EVODEX.2-P303,EVODEX.2-P292"
EVODEX.2-E862,[#6:1](-[#8]-[#6](=[#8])-[#6])(-[#1:11])(-[#1:12])-[#1:13].[#8:10](-[#1])-[#1]>>[#6:1](-[#8:10]-[#1])(-[#1:11])(-[#1:12])-[#1:13],"EVODEX.2-P3816,EVODEX.2-P3772,EVODEX.2-P3716,EVODEX.2-P3768,EVODEX.2-P4744"
EVODEX.2-E863,[#6:1](-[#6](-[#6])(-[#6@])-[#1])(-[#1:17])(-[#1:18])-[#1:19].[#6:9]-[#6:10](-[#6:11])(-[#1:31])-[#1]>>[#6:1](-[#6:10](-[#6:9])(-[#6:11])-[#1:31])(-[#1:17])(-[#1:18])-[#1:19],"EVODEX.2-P3001,EVODEX.2-P3010,EVODEX.2-P3015,EVODEX.2-P2997,EVODEX.2-P3017"
EVODEX.2-E864,[#8:5](-[#6@](-[#6@])(-[#6@@])-[#1])-[#16:6](=[#8:7])(=[#8:8])-[#8:9]>>[#8:5](-[#16:6](=[#8:7])(=[#8:8])-[#8:9])-[#1],"EVODEX.2-P4046,EVODEX.2-P4041,EVODEX.2-P4029,EVODEX.2-P4047,EVODEX.2-P4014"
EVODEX.2-E865,[#6]-[#8]-[#6@@:5](-[#8:6])(-[#6@:14])-[#1:29].[#8:22]=[#15:23](-[#8:24]-[#1])(-[#8:25])-[#8:26]>>[#8:24](-[#6@@:5](-[#8:6])(-[#6@:14])-[#1:29])-[#15:23](=[#8:22])(-[#8:25])-[#8:26],"EVODEX.2-P2378,EVODEX.2-P2451,EVODEX.2-P2452,EVODEX.2-P2339,EVODEX.2-P2333"
EVODEX.2-E866,[#6:1](-[#7](-[#6])-[#1])(-[#1:15])(-[#1:16])-[#1].[#8:13]=[#8:14].[#8:12](-[#1])-[#1]>>[#6:1](=[#8:12])(-[#1:15])-[#1:16].[#8:13](-[#8:14]-[#1])-[#1],"EVODEX.2-P1345,EVODEX.2-P1335,EVODEX.2-P1324,EVODEX.2-P1286,EVODEX.2-P1291"
EVODEX.2-E867,[#6]-[#16]-[#6:49](=[#8:50])-[#6:51].[#8:55](-[#1])-[#1]>>[#6:49](=[#8:50])(-[#6:51])-[#8:55]-[#1],"EVODEX.2-P4648,EVODEX.2-P4649,EVODEX.2-P3810,EVODEX.2-P3809,EVODEX.2-P3808"
EVODEX.2-E868,[#7](-[#6:2](=[#8:3])-[#7](-[#6@@])-[#1])(-[#1])-[#1].[#8:17](-[#1])-[#1]>>[#6:2](=[#8:3])=[#8:17],"EVODEX.2-P5113,EVODEX.2-P5052,EVODEX.2-P5119,EVODEX.2-P5120,EVODEX.2-P5064"
EVODEX.2-E869,[#6:47](-[#6@@:45])(=[#8:48])-[#8]-[#1].[#8]-[#15](=[#8])(-[#8])-[#8:83]-[#15:84](=[#8:85])(-[#8:86])-[#8:87]>>[#6:47](-[#6@@:45])(=[#8:48])-[#7](-[#6@])-[#1].[#8:83](-[#15:84](=[#8:85])(-[#8:86])-[#8:87])-[#1],"EVODEX.2-P6337,EVODEX.2-P6313,EVODEX.2-P6332,EVODEX.2-P6267,EVODEX.2-P6265"
EVODEX.2-E870,[#6]-[#6](=[#8])-[#8:16]-[#1].([#7:20]-[#6:21]1:[#7:22]:[#6:23]2:[#6:24](:[#7:25]:[#6:26](:[#7:27]:2-[#6@@:28])-[#1:71]):[#6:49](=[#8:50]):[#7:51]:1-[#1].[#8:32]-[#15:33](=[#8:34])(-[#8:35])-[#8:36]-[#15:37](=[#8:38])(-[#8:39])-[#8:40])>>([#8:16](-[#15:33](-[#8:32])(=[#8:34])-[#8:35])-[#1].[#7:27]1(-[#6@@:28]):[#6:23]2:[#7:22]:[#6:21](-[#7:20]):[#7:51](:[#6:49](=[#8:50]):[#6:24]:2:[#7:25]:[#6:26]:1-[#1:71])-[#1]).[#8:36](-[#15:37](=[#8:38])(-[#8:39])-[#8:40])-[#1],"EVODEX.2-P6068,EVODEX.2-P5896,EVODEX.2-P6002,EVODEX.2-P5908,EVODEX.2-P6375"
EVODEX.2-E871,[#7:6]-[#8:7]-[#6](=[#8])-[#6]>>[#7:6]-[#8:7]-[#1],"EVODEX.2-P5186,EVODEX.2-P5182,EVODEX.2-P5183,EVODEX.2-P5184,EVODEX.2-P5185"
EVODEX.2-E872,[#6]-[#6](=[#8])-[#7:5](-[#7:6])-[#1]>>[#7:5](-[#7:6])(-[#1])-[#1],"EVODEX.2-P2103,EVODEX.2-P2104,EVODEX.2-P4906,EVODEX.2-P2106,EVODEX.2-P2102"
EVODEX.2-E873,[#8](-[#6@])-[#6@@:10](-[#8:11])(-[#6@:19])-[#1:37]>>[#8](-[#6@:10](-[#8:11])(-[#6@:19])-[#1:37])-[#15](=[#8])(-[#8])-[#8],"EVODEX.2-P2359,EVODEX.2-P2355,EVODEX.2-P2342,EVODEX.2-P2358,EVODEX.2-P2334"
EVODEX.2-E874,[#8:46]=[#6](-[#6])-[#6]>>[#8:46](-[#1])-[#1],"EVODEX.2-P950,EVODEX.2-P977,EVODEX.2-P946,EVODEX.2-P940,EVODEX.2-P937"
EVODEX.2-E875,[#6](-[#6@])(=[#8])-[#6:6](-[#6:7](=[#8:8])-[#6:9](=[#8:10])-[#8:11])(-[#1:18])-[#1:19]>>[#6:6](-[#6:7](=[#8:8])-[#6:9](=[#8:10])-[#8:11])(-[#1:18])(-[#1:19])-[#1],"EVODEX.2-P5377,EVODEX.2-P5381,EVODEX.2-P5391,EVODEX.2-P5396,EVODEX.2-P5388"
EVODEX.2-E876,[#6:1](-[#7](-[#6])-[#1])(-[#1:15])(-[#1:16])-[#1].[#8:13]=[#8:14]>>[#6:1](=[#8])(-[#1:15])-[#1:16].[#8:13](-[#8:14]-[#1])-[#1],"EVODEX.2-P1331,EVODEX.2-P1294,EVODEX.2-P1326,EVODEX.2-P1350,EVODEX.2-P1289"
EVODEX.2-E877,[#7](-[#6@@:2](-[#6:3])(-[#6:10](=[#8:11])-[#8:12])-[#1])(-[#1])-[#1].[#8:13]=[#6](-[#6](=[#8])-[#6])-[#1]>>[#6:2](-[#6:3])(-[#6:10](=[#8:11])-[#8:12])=[#8:13],"EVODEX.2-P3043,EVODEX.2-P3045,EVODEX.2-P3039,EVODEX.2-P3030,EVODEX.2-P3036"
EVODEX.2-E878,[#6]-[#7](-[#6:10](=[#8:11])-[#6:12]1:[#6:13](:[#6:14](:[#6:15](:[#6:16](:[#6:17]:1-[#1:36])-[#1:35])-[#1:34])-[#1:33])-[#1:32])-[#1].[#8:18](-[#1])-[#1]>>[#6:10](=[#8:11])(-[#6:12]1:[#6:13](:[#6:14](:[#6:15](:[#6:16](:[#6:17]:1-[#1:36])-[#1:35])-[#1:34])-[#1:33])-[#1:32])-[#8:18]-[#1],"EVODEX.2-P4914,EVODEX.2-P4912,EVODEX.2-P4524,EVODEX.2-P4991,EVODEX.2-P4498"
EVODEX.2-E879,[#7](-[#6@])(-[#6:4](=[#8:5])-[#6:6]1:[#6:7](:[#6:8](:[#6:9](-[#7:10]):[#6:11](:[#6:12]:1-[#1:27])-[#1:26])-[#1:23])-[#1:22])-[#1].[#8:16](-[#1])-[#1]>>[#6:4](=[#8:5])(-[#6:6]1:[#6:7](:[#6:8](:[#6:9](-[#7:10]):[#6:11](:[#6:12]:1-[#1:27])-[#1:26])-[#1:23])-[#1:22])-[#8:16]-[#1],"EVODEX.2-P4514,EVODEX.2-P4506,EVODEX.2-P4508,EVODEX.2-P4512,EVODEX.2-P4516"
EVODEX.2-E880,[#6:9]-[#8:10]-[#6](-[#8])(-[#6])-[#6@@]>>[#6:9]-[#8:10]-[#1],"EVODEX.2-P4167,EVODEX.2-P4305,EVODEX.2-P5852,EVODEX.2-P4169,EVODEX.2-P2269"
EVODEX.2-E881,[#8]-[#6@](-[#8:11]-[#6@@:12](-[#8:13])(-[#6@:21])-[#1:35])(-[#6@])-[#1]>>[#8:11](-[#6:12](-[#8:13])(-[#6@:21])-[#1:35])-[#1],"EVODEX.2-P4317,EVODEX.2-P4086,EVODEX.2-P4085,EVODEX.2-P4087,EVODEX.2-P4080"
EVODEX.2-E882,[#8:6]/[#7:7]=[#6:8](/[#6:9])-[#16:17]-[#6@](-[#8])(-[#6@])-[#1]>>[#8:6]/[#7:7]=[#6:8](/[#6:9])-[#16:17]-[#1],"EVODEX.2-P4145,EVODEX.2-P4134,EVODEX.2-P4146,EVODEX.2-P4143,EVODEX.2-P4140"
EVODEX.2-E883,[#8](-[#6@:6](-[#6@@:5])(-[#6@:13])-[#1:31])-[#6@].[#8:25](-[#1])-[#1]>>[#8:25](-[#6@:6](-[#6@@:5])(-[#6@:13])-[#1:31])-[#1],"EVODEX.2-P4091,EVODEX.2-P4198,EVODEX.2-P4107,EVODEX.2-P4197,EVODEX.2-P4242"
EVODEX.2-E884,[#8]-[#15](=[#8])(-[#8])-[#8]-[#6:22](-[#8:23])(-[#6@@:31])-[#1:50]>>[#8](-[#6@@:22](-[#8:23])(-[#6@@:31])-[#1:50])-[#1],"EVODEX.2-P3973,EVODEX.2-P3909,EVODEX.2-P4192,EVODEX.2-P2311,EVODEX.2-P4010"
EVODEX.2-E885,[#8:18]-[#6:19](-[#8]-[#6])(-[#6@@:32])-[#1:42].[#8:15](-[#6@@:14])-[#1]>>[#8:15](-[#6@@:14])-[#6:19](-[#8:18])(-[#6@@:32])-[#1:42],"EVODEX.2-P2421,EVODEX.2-P2423,EVODEX.2-P4278,EVODEX.2-P2428,EVODEX.2-P2448"
EVODEX.2-E886,[#6:1](-[#7](-[#6])-[#1])(-[#1:15])(-[#1:16])-[#1]>>[#6:1](=[#8])(-[#1:15])-[#1:16],"EVODEX.2-P1327,EVODEX.2-P1329,EVODEX.2-P1334,EVODEX.2-P1285,EVODEX.2-P1323"
EVODEX.2-E887,[#8:23]-[#15:24](=[#8:25])(-[#8:26]-[#1])-[#8:27].([#8:32]=[#6:33]1:[#6:34](:[#6:35](:[#7:36](-[#6@@:37]):[#6:58](=[#8:59]):[#7:60]:1-[#1])-[#1:78])-[#1:77].[#8:41]-[#15:42](=[#8:43])(-[#8:44])-[#8]-[#15](=[#8])(-[#8])-[#8])>>([#8:23]-[#15:24](=[#8:25])(-[#8:26]-[#15:42](-[#8:41])(=[#8:43])-[#8:44])-[#8:27].[#7:36]1(-[#6@@:37]):[#6:35](:[#6:34](:[#6:33](=[#8:32]):[#7:60](:[#6:58]:1=[#8:59])-[#1])-[#1:77])-[#1:78]),"EVODEX.2-P3379,EVODEX.2-P3404,EVODEX.2-P1711,EVODEX.2-P3464,EVODEX.2-P3383"
EVODEX.2-E888,[#6:47]-[#16:48]-[#1].[#6:52]-[#6:53](=[#8:54])-[#6](-[#8])(-[#6])-[#6]>>[#6:47]-[#16:48]-[#6:53](-[#6:52])=[#8:54],"EVODEX.2-P1641,EVODEX.2-P1650,EVODEX.2-P1638,EVODEX.2-P1636,EVODEX.2-P1655"
EVODEX.2-E889,[#6:8]-[#7:9](-[#6](=[#8])-[#6]1:[#6](:[#6](:[#6](:[#6](:[#6]:1-[#1])-[#1])-[#1])-[#1])-[#1])-[#1]>>[#6:8]-[#7:9](-[#1])-[#1],"EVODEX.2-P4990,EVODEX.2-P4988,EVODEX.2-P4535,EVODEX.2-P4995,EVODEX.2-P4497"
EVODEX.2-E890,[#8:2]=[#6:3](-[#7:4](-[#6@@:5])-[#1])-[#8:17]-[#6](-[#6]1:[#6](:[#6](:[#6](:[#6](:[#6]:1-[#1])-[#1])-[#1])-[#1])-[#1])(-[#1])-[#1]>>[#7:4](-[#6@@:5])(-[#1])-[#1].[#8:2]=[#6:3]=[#8:17],"EVODEX.2-P5081,EVODEX.2-P5042,EVODEX.2-P5084,EVODEX.2-P5093,EVODEX.2-P5104"
EVODEX.2-E891,[#6]-[#6]1:[#7]:[#6](:[#6](-[#6]):[#6](-[#6](-[#7:14](-[#6:15])-[#1])(-[#1])-[#1]):[#6]:1-[#8])-[#1]>>[#7:14](-[#6:15])(-[#1])-[#1],"EVODEX.2-P1194,EVODEX.2-P1180,EVODEX.2-P1173,EVODEX.2-P1212,EVODEX.2-P1197"
EVODEX.2-E892,[#6]-[#6]1:[#7]:[#6](:[#6](-[#6]):[#6](-[#6](=[#8:14])-[#1]):[#6]:1-[#8])-[#1].[#7](-[#6@@:18](-[#6:19])(-[#6:23](=[#8:24])-[#8:25])-[#1])(-[#1])-[#1]>>[#8:14]=[#6:18](-[#6:19])-[#6:23](=[#8:24])-[#8:25],"EVODEX.2-P2950,EVODEX.2-P2959,EVODEX.2-P2955,EVODEX.2-P5797,EVODEX.2-P3063"
EVODEX.2-E893,[#6]-[#6]1:[#7]:[#6](:[#6](-[#6]):[#6](-[#6](-[#7:14](-[#6:15])-[#1])(-[#1])-[#1]):[#6]:1-[#8])-[#1].[#8:29]=[#8:30]>>[#7:14](-[#6:15])(-[#1])-[#1].[#8:29](-[#8:30]-[#1])-[#1],"EVODEX.2-P1199,EVODEX.2-P1174,EVODEX.2-P1182,EVODEX.2-P1204,EVODEX.2-P1176"
EVODEX.2-E894,[#6:1](-[#6]1:[#6](:[#7](-[#6@@]):[#6](=[#8]):[#7](:[#6]:1=[#8])-[#1])-[#1])(-[#1:55])(-[#1:56])-[#1].[#7:23]-[#6:24]1:[#7:25]:[#6:26]2:[#6:27](:[#6:28](=[#8:29]):[#7:30]:1-[#1])-[#7:31]=[#6:32](-[#6:33]-[#7:34](-[#6:35]1:[#6:36](:[#6:37](:[#6:38](-[#6:39](=[#8:40])-[#7:41]):[#6:51](:[#6:52]:1-[#1:87])-[#1:86])-[#1:77])-[#1:76])-[#1])-[#6:53]-[#7:54]-2>>[#6:1]1(-[#7:31]2-[#6:27]3:[#6:26](:[#7:25]:[#6:24](-[#7:23]):[#7:30](:[#6:28]:3=[#8:29])-[#1])-[#7:54]-[#6:53]-[#6@@:32]-2(-[#6:33]-[#7:34]-1-[#6:35]1:[#6:36](:[#6:37](:[#6:38](-[#6:39](=[#8:40])-[#7:41]):[#6:51](:[#6:52]:1-[#1:87])-[#1:86])-[#1:77])-[#1:76])-[#1])(-[#1:55])-[#1:56],"EVODEX.2-P1468,EVODEX.2-P1461,EVODEX.2-P1454,EVODEX.2-P1451,EVODEX.2-P1460"
EVODEX.2-E895,[#6:22]-[#8:23]-[#1].[#8](-[#6@@:44]1(-[#6@:43]-[#6@@:76]-[#6@:74](-[#6@:71](-[#8:70]-1)(-[#6:72])-[#1:128])(-[#8:75])-[#1:132])-[#1:114])-[#15](=[#8])(-[#8])-[#8]>>[#6:22]-[#8:23]-[#6@:44]1(-[#6@:43]-[#6@@:76]-[#6@@:74](-[#8:75])(-[#6@@:71](-[#6:72])(-[#8:70]-1)-[#1:128])-[#1:132])-[#1:114],"EVODEX.2-P2391,EVODEX.2-P2336,EVODEX.2-P2262,EVODEX.2-P2475,EVODEX.2-P2256"
EVODEX.2-E896,[#8]-[#15](=[#8])(-[#8])-[#8]-[#6@@:19](-[#8:20])(-[#6@:26])-[#1:64].[#8:38]1-[#6@:37]-[#6@:54](-[#6@@:52](-[#6@:50](-[#6@@:39]-1(-[#8:40])-[#1:82])(-[#8:51])-[#1:92])-[#8:53]-[#1])(-[#8:55])-[#1:96]>>[#8:53](-[#6@@:19](-[#8:20])(-[#6@:26])-[#1:64])-[#6@:52]1-[#6@@:50](-[#8:51])(-[#6@:39](-[#8:40])(-[#8:38]-[#6@:37]-[#6@:54]-1(-[#8:55])-[#1:96])-[#1:82])-[#1:92],"EVODEX.2-P2317,EVODEX.2-P2314,EVODEX.2-P2489,EVODEX.2-P2383,EVODEX.2-P2388"
EVODEX.2-E897,[#8:10](-[#6@:9])-[#1].[#8:34](-[#6@:27](-[#6@:26])(-[#6@:28])-[#1:87])-[#6@:35](-[#8]-[#15](=[#8])(-[#8])-[#8])(-[#6:57](=[#8:58])-[#8:59])-[#6:60]>>[#8:10](-[#6@:9])-[#6@:35](-[#6:57](=[#8:58])-[#8:59])(-[#8:34]-[#6@@:27](-[#6@:28])(-[#6@:26])-[#1:87])-[#6:60],"EVODEX.2-P2514,EVODEX.2-P2500,EVODEX.2-P2505,EVODEX.2-P2508,EVODEX.2-P2506"
EVODEX.2-E898,[#6:13]-[#6:14](-[#17])(-[#1:44])-[#1:45]>>[#6:13]-[#6:14](-[#8]-[#1])(-[#1:44])-[#1:45],"EVODEX.2-P5439,EVODEX.2-P5430,EVODEX.2-P5450,EVODEX.2-P5444,EVODEX.2-P5442"
EVODEX.2-E899,[#6:13]-[#6:14](-[#17])(-[#1:44])-[#1:45].[#8:16](-[#1])-[#1]>>[#6:13]-[#6:14](-[#8:16]-[#1])(-[#1:44])-[#1:45],"EVODEX.2-P5447,EVODEX.2-P5440,EVODEX.2-P5451,EVODEX.2-P5449,EVODEX.2-P5437"
EVODEX.2-E900,[#6:3]-[#16:4]-[#6:5].([#7:12]-[#6:13]1:[#7:14]:[#6:15](:[#7:16]:[#6:17]2:[#6:18]:1:[#7:19]:[#6:20](:[#7:21]:2-[#6@@:22])-[#1:57])-[#1:56].[#6:25](-[#6@:24])(-[#8:26]-[#15:27](=[#8:28])(-[#8:29])-[#8:30]-[#15:31](=[#8:32])(-[#8:33])-[#8:34])(-[#1:60])-[#1:61]).[#8:43](-[#1])-[#1]>>([#6:3]-[#16&+:4](-[#6:5])-[#6:25](-[#6@:24])(-[#1:60])-[#1:61].[#7:21]1(-[#6@@:22]):[#6:17]2:[#7:16]:[#6:15](:[#7:14]:[#6:13](-[#7:12]):[#6:18]:2:[#7:19]:[#6:20]:1-[#1:57])-[#1:56]).[#8:26](-[#15:27](=[#8:28])(-[#8:29])-[#8:43]-[#1])-[#1].[#8:30](-[#15:31](=[#8:32])(-[#8:33])-[#8:34])-[#1],"EVODEX.2-P2764,EVODEX.2-P2774,EVODEX.2-P2761,EVODEX.2-P2784,EVODEX.2-P2786"
EVODEX.2-E901,[#6:14](-[#6@:3])(=[#8:15])-[#8]-[#1]>>[#6:14](-[#6@:3])(=[#8:15])-[#7](-[#8])-[#1],"EVODEX.2-P4980,EVODEX.2-P5004,EVODEX.2-P6065,EVODEX.2-P4963,EVODEX.2-P4969"
EVODEX.2-E902,[#6:19](-[#6@@:5])(=[#8:20])-[#8]-[#1]>>[#6:19](-[#6@@:5])(=[#8:20])-[#7](-[#1])-[#1],"EVODEX.2-P5010,EVODEX.2-P4996,EVODEX.2-P4802,EVODEX.2-P4762,EVODEX.2-P5022"
EVODEX.2-E903,[#8:2]=[#6:3](-[#8:4])-[#6:5](=[#8])-[#6:7].[#8:9](-[#8:10]-[#1])-[#1]>>[#7](-[#6@@:5](-[#6:3](=[#8:2])-[#8:4])(-[#6:7])-[#1])(-[#1])-[#1].[#8:9]=[#8:10],"EVODEX.2-P1087,EVODEX.2-P1095,EVODEX.2-P1064,EVODEX.2-P1067,EVODEX.2-P1063"
EVODEX.2-E904,[#6:2]-[#6:3]#[#7]>>[#6:2]-[#6:3](=[#8])-[#8]-[#1],"EVODEX.2-P5333,EVODEX.2-P5292,EVODEX.2-P5315,EVODEX.2-P5331,EVODEX.2-P5334"
EVODEX.2-E905,[#8:17](-[#6@@:16])-[#1]>>[#8:17](-[#6@@:16])-[#15](-[#8])(=[#8])-[#8],"EVODEX.2-P3132,EVODEX.2-P3176,EVODEX.2-P3168,EVODEX.2-P3131,EVODEX.2-P3251"
EVODEX.2-E906,[#8:32](-[#6:33](-[#8:34])(-[#6@:44])-[#1:63])-[#1]>>[#15](=[#8])(-[#8])(-[#8])-[#8:32]-[#6@@:33](-[#8:34])(-[#6@:44])-[#1:63],"EVODEX.2-P3160,EVODEX.2-P3370,EVODEX.2-P3173,EVODEX.2-P3158,EVODEX.2-P3117"
EVODEX.2-E907,[#7:9]-[#6:10](=[#7:11]-[#1])-[#7:12](-[#1])-[#1]>>[#7:9]-[#6:10](=[#7:11]-[#1])-[#7:12](-[#15](=[#8])(-[#8])-[#8])-[#1],"EVODEX.2-P3312,EVODEX.2-P3313,EVODEX.2-P3326,EVODEX.2-P3329,EVODEX.2-P3315"
EVODEX.2-E908,[#6:5]1-[#7:6]-[#6:7](=[#8:8])-[#7:9](-[#6:10]-1=[#8:11])-[#1]>>[#6:5](-[#7:6]-[#6:7](=[#8:8])-[#7:9](-[#1])-[#1])-[#6:10](=[#8:11])-[#8]-[#1],"EVODEX.2-P5201,EVODEX.2-P5192,EVODEX.2-P5198,EVODEX.2-P5189,EVODEX.2-P5191"
EVODEX.2-E909,[#8:45]=[#6:46](-[#6:47])-[#1:82]>>[#8:45](-[#6:46](-[#6:47])(-[#1:82])-[#1])-[#1],"EVODEX.2-P152,EVODEX.2-P90,EVODEX.2-P70,EVODEX.2-P48,EVODEX.2-P3"
EVODEX.2-E910,[#6:3]-[#6:4](=[#8:5])-[#6:6]>>[#6:3]-[#6:4](-[#8:5]-[#1])(-[#6:6])-[#1],"EVODEX.2-P11,EVODEX.2-P83,EVODEX.2-P107,EVODEX.2-P13,EVODEX.2-P80"
EVODEX.2-E911,[#8:49]=[#6:50](-[#6:51])-[#8:59]>>[#8:49](-[#6@@:50](-[#6:51])(-[#8:59])-[#1])-[#1],"EVODEX.2-P95,EVODEX.2-P19,EVODEX.2-P868,EVODEX.2-P111,EVODEX.2-P202"
EVODEX.2-E912,[#6:54]-[#6:55](=[#8:56])-[#8:57]-[#1]>>[#6:54]-[#6:55](=[#8:56])-[#1].[#8:57](-[#1])-[#1],"EVODEX.2-P794,EVODEX.2-P790,EVODEX.2-P818,EVODEX.2-P801,EVODEX.2-P792"
EVODEX.2-E913,[#6:28](-[#6@:27])(-[#1:120])(-[#1:121])-[#1].[#8:80]=[#8:81]>>[#6:28](-[#6@:27])(-[#8:80]-[#1])(-[#1:120])-[#1:121].[#8:81](-[#1])-[#1],"EVODEX.2-P574,EVODEX.2-P636,EVODEX.2-P680,EVODEX.2-P609,EVODEX.2-P631"
EVODEX.2-E914,[#6:96]/[#6:97](-[#6:98])=[#6:99](\[#6:100])-[#1:308]>>[#6:96]-[#6:97](-[#6:98])(-[#6:99](-[#6:100])(-[#1:308])-[#1])-[#1],"EVODEX.2-P893,EVODEX.2-P863,EVODEX.2-P158,EVODEX.2-P873,EVODEX.2-P869"
EVODEX.2-E915,[#6:17]-[#6:18](=[#8:19])-[#16:20]-[#6:21]>>[#6:17]-[#6:18](=[#8:19])-[#1].[#16:20](-[#6:21])-[#1],"EVODEX.2-P768,EVODEX.2-P764,EVODEX.2-P822,EVODEX.2-P813,EVODEX.2-P821"
EVODEX.2-E916,[#6:2]/[#6:3](=[#6:4](/[#6:5](=[#8:6])-[#1:58])-[#1:57])-[#1:56]>>[#6:2]-[#6:3](-[#6:4](-[#6:5](=[#8:6])-[#1:58])(-[#1:57])-[#1])(-[#1:56])-[#1],"EVODEX.2-P878,EVODEX.2-P864,EVODEX.2-P874,EVODEX.2-P876,EVODEX.2-P877"
EVODEX.2-E917,[#6:19]/[#6:20](=[#6:21](/[#6:22](=[#8:23])-[#16:24])-[#1:160])-[#1:159]>>[#6:19]-[#6:20](-[#6:21](-[#6:22](=[#8:23])-[#16:24])(-[#1:160])-[#1])(-[#1:159])-[#1],"EVODEX.2-P894,EVODEX.2-P867,EVODEX.2-P862,EVODEX.2-P860,EVODEX.2-P881"
EVODEX.2-E918,[#6:1]/[#6:2](=[#6:3](/[#6:4](=[#8:5])-[#6:6])-[#1:56])-[#1:55]>>[#6:1]-[#6:2](-[#6:3](-[#6:4](=[#8:5])-[#6:6])(-[#1:56])-[#1])(-[#1:55])-[#1],"EVODEX.2-P883,EVODEX.2-P890,EVODEX.2-P885,EVODEX.2-P889,EVODEX.2-P879"
EVODEX.2-E919,[#7:1](-[#1])(-[#1])-[#1].[#8:46]=[#6:47](-[#6:48])-[#6:50]>>[#7:1](-[#6@:47](-[#6:48])(-[#6:50])-[#1])(-[#1])-[#1].[#8:46](-[#1])-[#1],"EVODEX.2-P947,EVODEX.2-P966,EVODEX.2-P968,EVODEX.2-P922,EVODEX.2-P942"
EVODEX.2-E920,[#6:3]-[#6:4](=[#8:5])-[#6:6](-[#6:7])(-[#1:66])-[#1:67].[#8:57]=[#8:58]>>[#6:3]-[#6:4](=[#8:5])-[#8:58]-[#6:6](-[#6:7])(-[#1:66])-[#1:67].[#8:57](-[#1])-[#1],"EVODEX.2-P561,EVODEX.2-P553,EVODEX.2-P529,EVODEX.2-P603,EVODEX.2-P601"
EVODEX.2-E921,[#7:8]-[#6:9](-[#6:10](=[#8:11])-[#8:12])(-[#1:38])-[#1].[#8:31]=[#8:32]>>[#7:8]-[#6:9](-[#6:10](=[#8:11])-[#8:12])(-[#8:31]-[#1])-[#1:38].[#8:32](-[#1])-[#1],"EVODEX.2-P677,EVODEX.2-P657,EVODEX.2-P650,EVODEX.2-P665,EVODEX.2-P666"
EVODEX.2-E922,[#6:1]-[#6:2](=[#8:3])-[#6:4](-[#6:5])(-[#6:6])-[#1:62].[#8:57]=[#8:58]>>[#6:1]-[#6:2](=[#8:3])-[#8:58]-[#6@:4](-[#6:5])(-[#6:6])-[#1:62].[#8:57](-[#1])-[#1],"EVODEX.2-P540,EVODEX.2-P586,EVODEX.2-P520,EVODEX.2-P559,EVODEX.2-P546"
EVODEX.2-E923,[#7:45](-[#6:46])(-[#1])-[#1].[#6:59]-[#6:60](=[#8:61])-[#6:62](=[#8:63])-[#8:64]>>[#7:45](-[#6:46])(-[#6@@:60](-[#6:59])(-[#6:62](=[#8:63])-[#8:64])-[#1])-[#1].[#8:61](-[#1])-[#1],"EVODEX.2-P1249,EVODEX.2-P1267,EVODEX.2-P1260,EVODEX.2-P1244,EVODEX.2-P1264"
EVODEX.2-E924,[#6:20]-[#6:21]1:[#6:22](:[#6:23](:[#6:24](:[#6:25](:[#6:26]:1-[#1:56])-[#1:55])-[#1:54])-[#1:53])-[#1].[#8:30]=[#8:31]>>[#6:20]-[#6:21]1:[#6:22](-[#8:30]-[#1]):[#6:23](:[#6:24](:[#6:25](:[#6:26]:1-[#1:56])-[#1:55])-[#1:54])-[#1:53].[#8:31](-[#1])-[#1],"EVODEX.2-P645,EVODEX.2-P518,EVODEX.2-P590,EVODEX.2-P226,EVODEX.2-P584"
EVODEX.2-E925,[#6:9]-[#6:10]1=[#6:11](-[#6:12])-[#6:13](=[#8:14])-[#6:15](-[#8:16])=[#6:18](-[#8:19])-[#6:21]-1=[#8:22]>>[#6:9]-[#6:10]1:[#6:11](-[#6:12]):[#6:13](-[#8:14]-[#1]):[#6:15](-[#8:16]):[#6:18](-[#8:19]):[#6:21]:1-[#8:22]-[#1],"EVODEX.2-P172,EVODEX.2-P4,EVODEX.2-P173,EVODEX.2-P178,EVODEX.2-P906"
EVODEX.2-E926,[#6:2]-[#6:3](=[#8:4])-[#6:5](=[#8:6])-[#8:7].[#6:8]-[#6@:9](-[#7:10](-[#1])-[#1])(-[#6:11](=[#8:12])-[#8:13])-[#1:67]>>[#6:2]-[#6:3](-[#6:5](=[#8:6])-[#8:7])(-[#7:10](-[#6@@:9](-[#6:8])(-[#6:11](=[#8:12])-[#8:13])-[#1:67])-[#1])-[#1].[#8:4](-[#1])-[#1],"EVODEX.2-P1233,EVODEX.2-P1226,EVODEX.2-P1230,EVODEX.2-P1257,EVODEX.2-P1228"
EVODEX.2-E927,([#7]#[#6:2]-[#6:3].[#6:8]-[#6:9]#[#7])>>([#6:2](-[#6:3])(=[#8])-[#8]-[#1].[#6:8]-[#6:9](=[#8])-[#8]-[#1]),"EVODEX.2-P5319,EVODEX.2-P5312,EVODEX.2-P5294,EVODEX.2-P5309,EVODEX.2-P5289"
EVODEX.2-E928,([#8:10]-[#6@@:9](-[#6@:8])(-[#6@@:11](-[#8:12])(-[#6@:13](-[#8:14]-[#6:15])(-[#8:23])-[#1:45])-[#1:43])-[#1:41].[#8:30]-[#6@:29](-[#6@:27])(-[#6@@:31])-[#1:61])>>[#8:14](-[#6:15])-[#1].([#8](-[#6@@:13](-[#6@:11](-[#8:12])(-[#6@@:9](-[#8:10])(-[#6@:8])-[#1:41])-[#1:43])(-[#8:23])-[#1:45])-[#1].[#8:30]-[#6@@:29](-[#6@@:31])(-[#6@:27])-[#1:61]),"EVODEX.2-P4289,EVODEX.2-P4162,EVODEX.2-P4165,EVODEX.2-P4066,EVODEX.2-P4210"
EVODEX.2-E929,([#8:10]-[#6@:11](-[#8:12]-[#6@:13])(-[#6@:24]-[#6@@:26](-[#8:27])(-[#6@@:28])-[#1:71])-[#1:57].[#8:44]-[#6@:43](-[#6@:41])(-[#6@@:45])-[#1:87])>>[#8:12](-[#6@:13])-[#1].([#8](-[#6@@:11](-[#8:10])(-[#6@:24]-[#6@:26](-[#6@@:28])(-[#8:27])-[#1:71])-[#1:57])-[#1].[#8:44]-[#6@@:43](-[#6@@:45])(-[#6@:41])-[#1:87]),"EVODEX.2-P4213,EVODEX.2-P4270,EVODEX.2-P4152,EVODEX.2-P4293,EVODEX.2-P4068"
EVODEX.2-E930,[#7:5]-[#6:6](=[#7:7]-[#1])-[#1:21]>>[#7:5]-[#6:6](=[#8])-[#1:21].[#7:7](-[#1])(-[#1])-[#1],"EVODEX.2-P5244,EVODEX.2-P5228,EVODEX.2-P5236,EVODEX.2-P5238,EVODEX.2-P5233"
EVODEX.2-E931,[#6:5](-[#6@:4])#[#7:6]>>[#6:5](-[#6@:4])(-[#7:6](-[#1])-[#1])=[#8],"EVODEX.2-P5743,EVODEX.2-P5740,EVODEX.2-P5736,EVODEX.2-P5717,EVODEX.2-P5722"
EVODEX.2-E932,[#6:13]-[#6:14](-[#17:15])(-[#1:44])-[#1:45]>>[#6:13]-[#6:14](-[#8]-[#1])(-[#1:44])-[#1:45].[#17:15]-[#1],"EVODEX.2-P5431,EVODEX.2-P5452,EVODEX.2-P5445,EVODEX.2-P5438,EVODEX.2-P5453"
EVODEX.2-E933,[#6:6]-[#6:7](-[#7:8](-[#1])-[#1])=[#8:9]>>[#6:6]-[#6:7](=[#8:9])-[#8]-[#1].[#7:8](-[#1])(-[#1])-[#1],"EVODEX.2-P5019,EVODEX.2-P4985,EVODEX.2-P4359,EVODEX.2-P4761,EVODEX.2-P3780"
EVODEX.2-E934,[#6:3]-[#16:4]-[#6:5](-[#6@:6])(-[#1:18])-[#1:19]>>[#6:5](-[#6@:6])(-[#8]-[#1])(-[#1:18])-[#1:19].[#6:3]-[#16:4]-[#1],"EVODEX.2-P4325,EVODEX.2-P3807,EVODEX.2-P4542,EVODEX.2-P4064,EVODEX.2-P5687"
EVODEX.2-E935,[#8:23](-[#6@:22])-[#6:24](-[#6@:25])(-[#1:92])-[#1:93]>>[#8](-[#6:24](-[#6@:25])(-[#1:92])-[#1:93])-[#1].[#8:23](-[#6@:22])-[#1],"EVODEX.2-P4158,EVODEX.2-P4267,EVODEX.2-P4282,EVODEX.2-P4309,EVODEX.2-P4265"
EVODEX.2-E936,[#6:11]-[#6@@:12]1(-[#6:13]-[#8:14]-1)-[#1:27]>>[#6:11]-[#6@:12](-[#6:13]-[#8:14]-[#1])(-[#8]-[#1])-[#1:27],"EVODEX.2-P4327,EVODEX.2-P4326,EVODEX.2-P4338,EVODEX.2-P4333,EVODEX.2-P4329"
EVODEX.2-E937,[#7:2]-[#6:7](-[#7:6])=[#7:8]-[#1]>>[#7:2]-[#6:7](-[#7:6])=[#8].[#7:8](-[#1])(-[#1])-[#1],"EVODEX.2-P5255,EVODEX.2-P5258,EVODEX.2-P5278,EVODEX.2-P5281,EVODEX.2-P5263"
EVODEX.2-E938,[#6:4]-[#7:5](-[#6:6](=[#8:7])-[#1:19])-[#1]>>[#6:4]-[#7:5](-[#1])-[#1].[#6:6](=[#8:7])(-[#8]-[#1])-[#1:19],"EVODEX.2-P5176,EVODEX.2-P4960,EVODEX.2-P5148,EVODEX.2-P5142,EVODEX.2-P5151"
EVODEX.2-E939,[#6:2]-[#6:3]#[#7:4].[#8:8](-[#1])-[#1]>>[#6:2]-[#6:3](=[#8:8])-[#8]-[#1].[#7:4](-[#1])(-[#1])-[#1],"EVODEX.2-P5299,EVODEX.2-P5330,EVODEX.2-P5306,EVODEX.2-P5314,EVODEX.2-P5332"
EVODEX.2-E940,[#6:6]/[#6:7](=[#6:8](\[#6:9])-[#1:34])-[#1:33]>>[#6:6]-[#6:7](-[#6@:8](-[#6:9])(-[#8]-[#1])-[#1:34])(-[#1:33])-[#1],"EVODEX.2-P5705,EVODEX.2-P5692,EVODEX.2-P5707,EVODEX.2-P5666,EVODEX.2-P5700"
EVODEX.2-E941,[#6:5]-[#6:6](=[#8:7])-[#1].[#8:9]=[#8:10]>>[#6:5]-[#6:6](=[#8:7])-[#8]-[#1].[#8:9](-[#8:10]-[#1])-[#1],"EVODEX.2-P852,EVODEX.2-P847,EVODEX.2-P758,EVODEX.2-P844,EVODEX.2-P849"
EVODEX.2-E942,[#6:2]-[#6:4](-[#7:5](-[#1])-[#1])(-[#1:14])-[#1].[#8:7]=[#8:8]>>[#6:2]-[#6:4](=[#8])-[#1:14].[#7:5](-[#1])(-[#1])-[#1].[#8:7](-[#8:8]-[#1])-[#1],"EVODEX.2-P1142,EVODEX.2-P1162,EVODEX.2-P1215,EVODEX.2-P1114,EVODEX.2-P1108"
EVODEX.2-E943,[#6:1](-[#7:2](-[#6:3])-[#1])(-[#1:15])(-[#1:16])-[#1].[#8:13]=[#8:14]>>[#6:1](=[#8])(-[#1:15])-[#1:16].[#7:2](-[#6:3])(-[#1])-[#1].[#8:13](-[#8:14]-[#1])-[#1],"EVODEX.2-P1288,EVODEX.2-P1293,EVODEX.2-P1349,EVODEX.2-P1275,EVODEX.2-P1325"
EVODEX.2-E944,[#6:47]-[#16:48]-[#6:49](=[#8:50])-[#6@@:51]>>[#6:49](=[#8:50])(-[#6@@:51])-[#8]-[#1].[#6:47]-[#16:48]-[#1],"EVODEX.2-P3865,EVODEX.2-P6003,EVODEX.2-P3867,EVODEX.2-P4616,EVODEX.2-P4874"
EVODEX.2-E945,[#6:2]-[#6:3](=[#8:4])-[#7:5](-[#6@@:6])-[#1]>>[#6:2]-[#6:3](=[#8:4])-[#8]-[#1].[#7:5](-[#6@@:6])(-[#1])-[#1],"EVODEX.2-P4564,EVODEX.2-P4412,EVODEX.2-P4528,EVODEX.2-P4845,EVODEX.2-P4846"
EVODEX.2-E946,[#6:2]-[#6:3](=[#8:4])-[#7:5](-[#7:6])-[#1]>>[#6:2]-[#6:3](=[#8:4])-[#8]-[#1].[#7:5](-[#7:6])(-[#1])-[#1],"EVODEX.2-P4793,EVODEX.2-P4453,EVODEX.2-P5000,EVODEX.2-P2105,EVODEX.2-P4794"
EVODEX.2-E947,[#6:1]-[#6:2](=[#8:3])-[#8:4]-[#6:5]>>[#6:1]-[#6:2](=[#8:3])-[#8]-[#1].[#8:4](-[#6:5])-[#1],"EVODEX.2-P3707,EVODEX.2-P3655,EVODEX.2-P4986,EVODEX.2-P3719,EVODEX.2-P4692"
EVODEX.2-E948,[#8:7](-[#6@:6](-[#6@@:5])(-[#6@:13])-[#1:31])-[#6@:8]>>[#8](-[#6@:6](-[#6@@:5])(-[#6@:13])-[#1:31])-[#1].[#8:7](-[#6@:8])-[#1],"EVODEX.2-P4102,EVODEX.2-P4076,EVODEX.2-P4215,EVODEX.2-P4216,EVODEX.2-P4311"
EVODEX.2-E949,[#7:6](-[#6@@:5])(-[#6:7](=[#8:8])-[#8:9])-[#1]>>[#6:7](=[#8:8])(-[#8:9])-[#8]-[#1].[#7:6](-[#6@@:5])(-[#1])-[#1],"EVODEX.2-P4502,EVODEX.2-P4521,EVODEX.2-P4523,EVODEX.2-P5127,EVODEX.2-P4954"
EVODEX.2-E950,[#8:11]-[#6@:12](-[#8:13]-[#6:14])(-[#6@@:32])-[#1:52]>>[#8](-[#6@@:12](-[#8:11])(-[#6@@:32])-[#1:52])-[#1].[#6:14]-[#8:13]-[#1],"EVODEX.2-P4256,EVODEX.2-P4219,EVODEX.2-P4116,EVODEX.2-P4072,EVODEX.2-P4182"
EVODEX.2-E951,[#7:1](=[#6:2](-[#7:3])-[#7:12](-[#6@@:13])-[#1])-[#1]>>[#7:12](-[#6@@:13])(-[#1])-[#1].[#7:1](-[#6:2](-[#7:3])=[#8])(-[#1])-[#1],"EVODEX.2-P4610,EVODEX.2-P5286,EVODEX.2-P5271,EVODEX.2-P4840,EVODEX.2-P4614"
EVODEX.2-E952,[#6:7]-[#6:8](=[#8:9])-[#7:10](-[#8:11])-[#1]>>[#7:10](-[#8:11])(-[#1])-[#1].[#6:7]-[#6:8](=[#8:9])-[#8]-[#1],"EVODEX.2-P4998,EVODEX.2-P4889,EVODEX.2-P4968,EVODEX.2-P4930,EVODEX.2-P4884"
EVODEX.2-E953,[#7:1](-[#6:2](=[#8:3])-[#7:4](-[#6:5])-[#1])(-[#1])-[#1]>>[#6:2](=[#8:3])=[#8].[#7:4](-[#6:5])(-[#1])-[#1].[#7:1](-[#1])(-[#1])-[#1],"EVODEX.2-P5062,EVODEX.2-P5035,EVODEX.2-P5037,EVODEX.2-P5054,EVODEX.2-P5273"
EVODEX.2-E954,[#6:1]-[#6:2](-[#6:3])=[#6:4](-[#6:5])-[#1:32]>>[#6:1]-[#6:2](-[#6:3])(-[#6:4](-[#6:5])(-[#1:32])-[#1])-[#8]-[#1],"EVODEX.2-P5675,EVODEX.2-P5748,EVODEX.2-P5746,EVODEX.2-P5680,EVODEX.2-P5678"
EVODEX.2-E955,[#6:1]-[#6:2](-[#7:3](-[#6:4])-[#1])(-[#1:19])-[#1].[#8:14]=[#8:15]>>[#6:1]-[#6:2](=[#8])-[#1:19].[#7:3](-[#6:4])(-[#1])-[#1].[#8:14](-[#8:15]-[#1])-[#1],"EVODEX.2-P1298,EVODEX.2-P1316,EVODEX.2-P1311,EVODEX.2-P1305,EVODEX.2-P1343"
EVODEX.2-E956,[#6:2]-[#6:3](-[#7:4](-[#1])-[#1])(-[#6:5])-[#1].[#8:10]=[#8:11]>>[#6:2]-[#6:3](-[#6:5])=[#8].[#7:4](-[#1])(-[#1])-[#1].[#8:10](-[#8:11]-[#1])-[#1],"EVODEX.2-P1041,EVODEX.2-P1015,EVODEX.2-P1019,EVODEX.2-P1026,EVODEX.2-P1037"
EVODEX.2-E957,[#8:7](-[#6@@:6])-[#15:8](=[#8:9])(-[#8:10])-[#8:11]>>[#8:7](-[#6@@:6])-[#1].[#15:8](=[#8:9])(-[#8:10])(-[#8:11])-[#8]-[#1],"EVODEX.2-P6360,EVODEX.2-P3999,EVODEX.2-P3997,EVODEX.2-P5342,EVODEX.2-P3896"
EVODEX.2-E958,[#6:1](=[#6:2](-[#8:3]-[#6:4](=[#8:5])-[#6:6])-[#1:13])(-[#1:11])-[#1:12]>>[#6:1](=[#6:2](-[#8]-[#1])-[#1:13])(-[#1:11])-[#1:12].[#8:3](-[#6:4](=[#8:5])-[#6:6])-[#1],"EVODEX.2-P3818,EVODEX.2-P3657,EVODEX.2-P3669,EVODEX.2-P3642,EVODEX.2-P3640"
EVODEX.2-E959,[#6:12]1-[#6:13]-[#6:14](-[#8:15]-[#6:16]-1=[#8:17])(-[#1:40])-[#1:41]>>[#6:12](-[#6:13]-[#6:14](-[#8]-[#1])(-[#1:40])-[#1:41])-[#6:16](-[#8:15]-[#1])=[#8:17],"EVODEX.2-P3693,EVODEX.2-P3697,EVODEX.2-P3704,EVODEX.2-P3701,EVODEX.2-P3695"
EVODEX.2-E960,[#6:17]-[#6:18](=[#8:19])-[#6:20](-[#8:21])(-[#6:22])-[#1:60]>>[#6:20](-[#8:21])(-[#6:22])(-[#1:60])-[#1].[#6:17]-[#6:18](=[#8:19])-[#8]-[#1],"EVODEX.2-P3750,EVODEX.2-P5070,EVODEX.2-P5029,EVODEX.2-P4943,EVODEX.2-P5075"
EVODEX.2-E961,[#6:4]-[#6:5](-[#8:6]-[#6@:7](-[#8:8])(-[#6@:16])-[#1:30])(-[#1:28])-[#1:29]>>[#6:4]-[#6:5](-[#8]-[#1])(-[#1:28])-[#1:29].[#8:6](-[#6:7](-[#8:8])(-[#6@:16])-[#1:30])-[#1],"EVODEX.2-P4236,EVODEX.2-P4201,EVODEX.2-P4079,EVODEX.2-P4195,EVODEX.2-P4260"
EVODEX.2-E962,[#6:1]-[#6:2](=[#8:3])-[#7:4](-[#6:5])-[#6:6]>>[#6:1]-[#6:2](=[#8:3])-[#8]-[#1].[#7:4](-[#6:5])(-[#6:6])-[#1],"EVODEX.2-P4436,EVODEX.2-P4819,EVODEX.2-P4424,EVODEX.2-P4817,EVODEX.2-P4821"
EVODEX.2-E963,[#6:9](-[#6@:8])(-[#8:10]-[#15:11](=[#8:12])(-[#8:13])-[#8:14])(-[#1:51])-[#1:52]>>[#6:9](-[#6@:8])(-[#8]-[#1])(-[#1:51])-[#1:52].[#8:10](-[#15:11](=[#8:12])(-[#8:13])-[#8:14])-[#1],"EVODEX.2-P3881,EVODEX.2-P3941,EVODEX.2-P4062,EVODEX.2-P3974,EVODEX.2-P4059"
EVODEX.2-E964,[#6:15]-[#6:16](=[#8:17])-[#6:18](-[#8:19])(-[#6:20])-[#6:22]>>[#6:15]-[#6:16](=[#8:17])-[#8]-[#1].[#6:18](-[#8:19])(-[#6:20])(-[#6:22])-[#1],"EVODEX.2-P3684,EVODEX.2-P3711,EVODEX.2-P3691,EVODEX.2-P3795,EVODEX.2-P3686"
EVODEX.2-E965,[#7:17]-[#6@:18]1(-[#6:19]-[#6:20](-[#8:21]-[#6:22]-1=[#8:23])(-[#1:54])-[#1:55])-[#1:51]>>[#7:17]-[#6@@:18](-[#6:19]-[#6:20](-[#8]-[#1])(-[#1:54])-[#1:55])(-[#6:22](-[#8:21]-[#1])=[#8:23])-[#1:51],"EVODEX.2-P3700,EVODEX.2-P3858,EVODEX.2-P3698,EVODEX.2-P3855,EVODEX.2-P3860"
EVODEX.2-E966,[#6:25](-[#6@:24])(-[#8:26]-[#16:27](=[#8:28])(=[#8:29])-[#8:30])(-[#1:76])-[#1:77]>>[#6:25](-[#6@:24])(-[#8]-[#1])(-[#1:76])-[#1:77].[#8:26](-[#16:27](=[#8:28])(=[#8:29])-[#8:30])-[#1],"EVODEX.2-P4012,EVODEX.2-P4037,EVODEX.2-P4025,EVODEX.2-P4056,EVODEX.2-P4022"
EVODEX.2-E967,[#8:9](-[#6@@:8](-[#6@@:6])(-[#6@:25])-[#1:34])-[#6@:10](-[#8:11])(-[#6@:23])-[#1:35]>>[#8](-[#6@@:8](-[#6@@:6])(-[#6@:25])-[#1:34])-[#1].[#8:9](-[#6:10](-[#8:11])(-[#6@:23])-[#1:35])-[#1],"EVODEX.2-P4178,EVODEX.2-P4205,EVODEX.2-P4230,EVODEX.2-P4089,EVODEX.2-P4090"
EVODEX.2-E968,[#7:77]-[#6@@:78](-[#6:79])(-[#6:84](=[#8:85])-[#7:86](-[#6@@:87])-[#1])-[#1:296]>>[#7:77]-[#6:78](-[#6:79])(-[#6:84](=[#8:85])-[#8]-[#1])-[#1:296].[#7:86](-[#6@@:87])(-[#1])-[#1],"EVODEX.2-P4679,EVODEX.2-P4770,EVODEX.2-P4774,EVODEX.2-P4776,EVODEX.2-P4870"
EVODEX.2-E969,[#6:5]-[#6:6](=[#8:7])-[#6:8](-[#6:9](=[#8:10])-[#6:11])(-[#1:28])-[#1:29]>>[#6:5]-[#6:6](=[#8:7])-[#8]-[#1].[#6:8](-[#6:9](=[#8:10])-[#6:11])(-[#1:28])(-[#1:29])-[#1],"EVODEX.2-P5421,EVODEX.2-P5426,EVODEX.2-P5428,EVODEX.2-P5411,EVODEX.2-P5403"
EVODEX.2-E970,[#8:17]-[#15:18](=[#8:19])(-[#8:20])-[#8:21]-[#6:22](-[#8:23])(-[#6@@:31])-[#1:50]>>[#8](-[#6@@:22](-[#8:23])(-[#6@@:31])-[#1:50])-[#1].[#8:17]-[#15:18](=[#8:19])(-[#8:20])-[#8:21]-[#1],"EVODEX.2-P4193,EVODEX.2-P3913,EVODEX.2-P2238,EVODEX.2-P4240,EVODEX.2-P2298"
EVODEX.2-E971,[#6:6]-[#6@:7](-[#8:8]-[#15:9](=[#8:10])(-[#8:11])-[#8:12])(-[#6@@:23])-[#1:40]>>[#6:6]-[#6@:7](-[#8]-[#1])(-[#6@@:23])-[#1:40].[#8:8](-[#15:9](=[#8:10])(-[#8:11])-[#8:12])-[#1],"EVODEX.2-P3957,EVODEX.2-P3897,EVODEX.2-P3950,EVODEX.2-P3877,EVODEX.2-P3919"
EVODEX.2-E972,[#8:5]-[#6@:6](-[#8:7]-[#6:8])(-[#6@:129]-[#6@@:131](-[#8:132])(-[#6@@:133])-[#1:255])-[#1:141]>>[#8](-[#6@@:6](-[#8:5])(-[#6@:129]-[#6@:131](-[#6@@:133])(-[#8:132])-[#1:255])-[#1:141])-[#1].[#8:7](-[#6:8])-[#1],"EVODEX.2-P4232,EVODEX.2-P4166,EVODEX.2-P4238,EVODEX.2-P4294,EVODEX.2-P3672"
EVODEX.2-E973,[#6:3]-[#6:4](=[#8:5])-[#8:6]-[#15:7](=[#8:8])(-[#8:9])-[#8:10]>>[#6:3]-[#6:4](=[#8:5])-[#8]-[#1].[#8:6](-[#15:7](=[#8:8])(-[#8:9])-[#8:10])-[#1],"EVODEX.2-P5373,EVODEX.2-P5348,EVODEX.2-P5347,EVODEX.2-P3900,EVODEX.2-P3976"
EVODEX.2-E974,[#8:43](-[#6@:42](-[#6@:40])(-[#6@@:48])-[#1:268])-[#16:44](=[#8:45])(=[#8:46])-[#8:47]>>[#8](-[#6@:42](-[#6@:40])(-[#6@@:48])-[#1:268])-[#1].[#8:43](-[#16:44](=[#8:45])(=[#8:46])-[#8:47])-[#1],"EVODEX.2-P4018,EVODEX.2-P4020,EVODEX.2-P4016,EVODEX.2-P4043,EVODEX.2-P4057"
EVODEX.2-E975,[#8:6]/[#7:7]=[#6:8](/[#6:9])-[#16:17]-[#6@:18](-[#8:19])(-[#6@:27])-[#1:37]>>[#8:6]/[#7:7]=[#6:8](/[#6:9])-[#16:17]-[#1].[#8](-[#6@:18](-[#8:19])(-[#6@:27])-[#1:37])-[#1],"EVODEX.2-P4135,EVODEX.2-P4147,EVODEX.2-P4141,EVODEX.2-P4136,EVODEX.2-P4139"
EVODEX.2-E976,[#6:4]-[#6:5](-[#7:6](-[#6:7](=[#8:8])-[#1:45])-[#1])(-[#6:9](=[#8:10])-[#7:11])-[#1:43]>>[#6:4]-[#6@:5](-[#7:6](-[#1])-[#1])(-[#6:9](=[#8:10])-[#7:11])-[#1:43].[#6:7](=[#8:8])(-[#8]-[#1])-[#1:45],"EVODEX.2-P5172,EVODEX.2-P5163,EVODEX.2-P5174,EVODEX.2-P5159,EVODEX.2-P5165"
EVODEX.2-E977,[#8:2]=[#15:3](-[#8:4])(-[#8:5]-[#6:6](-[#6@:7](-[#8:8])(-[#6:9])-[#1:26])(-[#1:24])-[#1:25])-[#8:11]>>[#8:2]=[#15:3](-[#8:4])(-[#8:5]-[#1])-[#8:11].[#8](-[#6:6](-[#6:7](-[#8:8])(-[#6:9])-[#1:26])(-[#1:24])-[#1:25])-[#1],"EVODEX.2-P3956,EVODEX.2-P3926,EVODEX.2-P3989,EVODEX.2-P3992,EVODEX.2-P3987"
EVODEX.2-E978,[#8:2]=[#15:3]1(-[#8:4])-[#8:5]-[#6@:6](-[#6@@:7])(-[#6@:15](-[#6@:13])(-[#8:16]-1)-[#1:27])-[#1:18]>>[#8](-[#6@@:6](-[#6@@:7])(-[#6@@:15](-[#6@:13])(-[#8:16]-[#15:3](=[#8:2])(-[#8:4])-[#8:5]-[#1])-[#1:27])-[#1:18])-[#1],"EVODEX.2-P3994,EVODEX.2-P3979,EVODEX.2-P4008,EVODEX.2-P3981,EVODEX.2-P3993"
EVODEX.2-E979,[#6:25](-[#6@:5])(=[#8:26])-[#7:27](-[#6@@:28](-[#6:29])(-[#6:30](=[#8:31])-[#7:32])-[#1:70])-[#1]>>[#6:25](-[#6@:5])(=[#8:26])-[#8]-[#1].[#7:27](-[#6:28](-[#6:29])(-[#6:30](=[#8:31])-[#7:32])-[#1:70])(-[#1])-[#1],"EVODEX.2-P4839,EVODEX.2-P4852,EVODEX.2-P4825,EVODEX.2-P4836,EVODEX.2-P4854"
EVODEX.2-E980,[#6:1](-[#6:2](=[#8:3])-[#16:4]-[#6:5])(-[#1:63])(-[#1:64])-[#1].[#8:53]=[#6:54](-[#8:55])-[#6:56](=[#8:57])-[#6:58]>>[#6:1](-[#6:2](=[#8:3])-[#8]-[#1])(-[#6@:56](-[#6:54](=[#8:53])-[#8:55])(-[#8:57]-[#1])-[#6:58])(-[#1:63])-[#1:64].[#16:4](-[#6:5])-[#1],"EVODEX.2-P2161,EVODEX.2-P2154,EVODEX.2-P2111,EVODEX.2-P2133,EVODEX.2-P2151"
EVODEX.2-E981,[#7:10]-[#6:11](=[#8:12])-[#6:13](-[#6:14])(-[#7:21](-[#6:22](=[#8:23])-[#6:24](-[#6:25])(-[#7:32])-[#1:65])-[#1])-[#1:53]>>[#6:22](=[#8:23])(-[#6@:24](-[#6:25])(-[#7:32])-[#1:65])-[#8]-[#1].[#7:10]-[#6:11](=[#8:12])-[#6@:13](-[#6:14])(-[#7:21](-[#1])-[#1])-[#1:53],"EVODEX.2-P4873,EVODEX.2-P4612,EVODEX.2-P4747,EVODEX.2-P4872,EVODEX.2-P4838"
EVODEX.2-E982,[#6:3]-[#6:4](-[#6:5](=[#8:6])-[#16:7]-[#6:8])(-[#1:72])-[#1].[#6:59]-[#6:60](=[#8:61])-[#6:62](=[#8:63])-[#8:64]>>[#6:3]-[#6:4](-[#6:5](=[#8:6])-[#8]-[#1])(-[#6:60](-[#6:59])(-[#8:61]-[#1])-[#6:62](=[#8:63])-[#8:64])-[#1:72].[#16:7](-[#6:8])-[#1],"EVODEX.2-P2141,EVODEX.2-P2174,EVODEX.2-P2183,EVODEX.2-P2185,EVODEX.2-P2131"
EVODEX.2-E983,[#8:296]-[#15:297](=[#8:298])(-[#8:299])-[#8:300]-[#6:301]1:[#6:302](:[#6:303](:[#6:304](-[#6:305]):[#6:311](:[#6:312]:1-[#1:501])-[#1:500])-[#1:493])-[#1:492]>>[#8:296]-[#15:297](=[#8:298])(-[#8:299])-[#8:300]-[#1].[#6:301]1(-[#8]-[#1]):[#6:302](:[#6:303](:[#6:304](-[#6:305]):[#6:311](:[#6:312]:1-[#1:501])-[#1:500])-[#1:493])-[#1:492],"EVODEX.2-P3928,EVODEX.2-P3935,EVODEX.2-P3929,EVODEX.2-P3931,EVODEX.2-P3927"
EVODEX.2-E984,[#8:2]=[#6:3](-[#7:4](-[#6@@:5])-[#1])-[#8:17]-[#6:18](-[#6:19]1:[#6:20](:[#6:21](:[#6:22](:[#6:23](:[#6:24]:1-[#1:41])-[#1:40])-[#1:39])-[#1:38])-[#1:37])(-[#1:35])-[#1:36]>>[#7:4](-[#6@@:5])(-[#1])-[#1].[#8:2]=[#6:3]=[#8:17].[#8](-[#6:18](-[#6:19]1:[#6:20](:[#6:21](:[#6:22](:[#6:23](:[#6:24]:1-[#1:41])-[#1:40])-[#1:39])-[#1:38])-[#1:37])(-[#1:35])-[#1:36])-[#1],"EVODEX.2-P5080,EVODEX.2-P5096,EVODEX.2-P5083,EVODEX.2-P5100,EVODEX.2-P5041"
EVODEX.2-E985,[#8:9]-[#15:10](=[#8:11])(-[#8:12])-[#8:13]-[#15:14](=[#8:15])(-[#8:16])-[#8:17]-[#15:18](=[#8:19])(-[#8:20]-[#1])-[#8:21]>>[#8:9]-[#15:10](=[#8:11])(-[#8:12])-[#8:13]-[#1].[#15:14](=[#8:15])(-[#8:16])(-[#8:20]-[#15:18](-[#8:17]-[#1])(=[#8:19])-[#8:21])-[#8]-[#1],"EVODEX.2-P5358,EVODEX.2-P5350,EVODEX.2-P5375,EVODEX.2-P5353,EVODEX.2-P5351"
EVODEX.2-E986,[#6:1]-[#6:2]1:[#6:3](:[#6:4](=[#8:5]):[#8:6]:[#6:7]2:[#6:8](:[#6:9](-[#8:10]-[#6@@:11]):[#6:44](:[#6:45](:[#6:46]:1:2)-[#1:85])-[#1:84])-[#1:52])-[#1:51]>>[#6:1]-[#6:2]1:[#6:3](:[#6:4](=[#8:5]):[#8:6]:[#6:7]2:[#6:8](:[#6:9](-[#8]-[#1]):[#6:44](:[#6:45](:[#6:46]:1:2)-[#1:85])-[#1:84])-[#1:52])-[#1:51].[#8:10](-[#6@@:11])-[#1],"EVODEX.2-P4191,EVODEX.2-P4177,EVODEX.2-P4189,EVODEX.2-P4185,EVODEX.2-P4301"
EVODEX.2-E987,[#8]=[#6:90](-[#8:91])-[#6@:92]>>[#6:90](-[#8:91])(-[#6@:92])(-[#1])-[#1],"EVODEX.2-P54,EVODEX.2-P61,EVODEX.2-P62,EVODEX.2-P64,EVODEX.2-P57"
EVODEX.2-E988,[#6:4]-[#6:5](=[#8:6])-[#8:7]-[#1]>>[#7](-[#6:5](-[#6:4])=[#8:6])(-[#1])-[#1].[#8:7](-[#1])-[#1],"EVODEX.2-P5020,EVODEX.2-P5025,EVODEX.2-P5017,EVODEX.2-P5026,EVODEX.2-P4688"
EVODEX.2-E989,[#8:2]=[#6:3](-[#8:4])-[#6:5](=[#8:6])-[#6:7].[#8:9](-[#8:10]-[#1])-[#1]>>[#7](-[#6@@:5](-[#6:3](=[#8:2])-[#8:4])(-[#6:7])-[#1])(-[#1])-[#1].[#8:9]=[#8:10].[#8:6](-[#1])-[#1],"EVODEX.2-P1094,EVODEX.2-P1066,EVODEX.2-P1091,EVODEX.2-P1077,EVODEX.2-P1089"
EVODEX.2-E990,[#6:2]-[#6:3](-[#7:4](-[#1])-[#1])=[#8:5]>>[#6:2]-[#6:3](=[#8:5])-[#7](-[#8])-[#1].[#7:4](-[#1])(-[#1])-[#1],"EVODEX.2-P4976,EVODEX.2-P5016,EVODEX.2-P4978,EVODEX.2-P4971,EVODEX.2-P5013"
EVODEX.2-E991,[#6:5]-[#6:6](=[#8])-[#1:26]>>[#6:5]-[#6:6](-[#7](-[#1])-[#1])(-[#1:26])-[#1],"EVODEX.2-P2928,EVODEX.2-P2892,EVODEX.2-P1133,EVODEX.2-P1146,EVODEX.2-P1144"
EVODEX.2-E992,[#6:6](-[#6@@:5])(=[#8])-[#6@:8]>>[#7](-[#6@:6](-[#6@@:5])(-[#6@:8])-[#1])(-[#1])-[#1],"EVODEX.2-P2822,EVODEX.2-P3105,EVODEX.2-P2910,EVODEX.2-P979,EVODEX.2-P3116"
EVODEX.2-E993,[#6:3]-[#16:4]-[#6:5].([#7:12]-[#6:13]1:[#7:14]:[#6:15](:[#7:16]:[#6:17]2:[#6:18]:1:[#7:19]:[#6:20](:[#7:21]:2-[#6@@:22])-[#1:57])-[#1:56].[#6:25](-[#6@:24])(-[#8:26]-[#15:27](=[#8:28])(-[#8:29])-[#8:30]-[#15:31](=[#8:32])(-[#8:33])-[#8:34])(-[#1:60])-[#1:61])>>([#6:3]-[#16&+:4](-[#6:5])-[#6:25](-[#6@:24])(-[#1:60])-[#1:61].[#7:21]1(-[#6@@:22]):[#6:17]2:[#7:16]:[#6:15](:[#7:14]:[#6:13](-[#7:12]):[#6:18]:2:[#7:19]:[#6:20]:1-[#1:57])-[#1:56]).[#8:26](-[#15:27](=[#8:28])(-[#8:29])-[#8]-[#1])-[#1].[#8:30](-[#15:31](=[#8:32])(-[#8:33])-[#8:34])-[#1],"EVODEX.2-P2783,EVODEX.2-P2762,EVODEX.2-P2779,EVODEX.2-P2771,EVODEX.2-P2788"
EVODEX.2-E994,[#6:1]-[#6:2](=[#8:3])-[#16:4]-[#6:5]>>[#6:1]-[#6:2](=[#8:3])-[#8]-[#15](=[#8])(-[#8])-[#8].[#16:4](-[#6:5])-[#1],"EVODEX.2-P1745,EVODEX.2-P1755,EVODEX.2-P1758,EVODEX.2-P1761,EVODEX.2-P1752"
EVODEX.2-E995,[#8:35](-[#6@@:34])-[#6:36](-[#8:37])(-[#6@:45])-[#1:101]>>[#8](-[#6@@:36](-[#8:37])(-[#6@:45])-[#1:101])-[#15](-[#8])(=[#8])-[#8].[#8:35](-[#6@@:34])-[#1],"EVODEX.2-P2332,EVODEX.2-P2405,EVODEX.2-P2450,EVODEX.2-P2389,EVODEX.2-P2379"
EVODEX.2-E996,[#8:9]-[#6@@:10](-[#8:11]-[#6@@:12])(-[#6@:78]-[#6@@:80](-[#8:81])(-[#6@@:82])-[#1:155])-[#1:91]>>[#8]=[#15](-[#8]-[#6@@:10](-[#8:9])(-[#6@:78]-[#6@:80](-[#6@@:82])(-[#8:81])-[#1:155])-[#1:91])(-[#8])-[#8].[#8:11](-[#6@@:12])-[#1],"EVODEX.2-P2227,EVODEX.2-P2384,EVODEX.2-P2377,EVODEX.2-P2387,EVODEX.2-P2222"
EVODEX.2-E997,[#8:89]=[#6:90](-[#8:91])-[#6@:92]>>[#6:90](-[#8:91])(-[#6@:92])(-[#1])-[#1].[#8:89](-[#1])-[#1],"EVODEX.2-P59,EVODEX.2-P60,EVODEX.2-P65,EVODEX.2-P20,EVODEX.2-P74"
EVODEX.2-E998,[#6:27]-[#6:28](=[#8:29])-[#16:30]-[#6:31]>>[#6:27]-[#6:28](-[#8:29]-[#1])(-[#1])-[#1].[#16:30](-[#6:31])-[#1],"EVODEX.2-P833,EVODEX.2-P838,EVODEX.2-P830,EVODEX.2-P834,EVODEX.2-P839"
EVODEX.2-E999,([#7:6](-[#6@:5])(-[#6:7](=[#8:8])-[#6@:9])-[#1].[#6:40](-[#6@@:32])(=[#8:41])-[#7:42](-[#6@@:43])-[#1])>>[#6:7](=[#8:8])(-[#6@:9])-[#8]-[#1].([#7:6](-[#6@:5])(-[#1])-[#1].[#6:40](-[#6@@:32])(=[#8:41])-[#8]-[#1]).[#7:42](-[#6@@:43])(-[#1])-[#1],"EVODEX.2-P4842,EVODEX.2-P4814,EVODEX.2-P4826,EVODEX.2-P4607,EVODEX.2-P4867"
EVODEX.2-E1000,([#7:1]#[#6:2]-[#6:3].[#6:8]-[#6:9]#[#7:10]).[#8:14](-[#1])-[#1].[#8:15](-[#1])-[#1]>>([#6:2](-[#6:3])(=[#8])-[#8:14]-[#1].[#6:8]-[#6:9](=[#8:15])-[#8]-[#1]).[#7:10](-[#1])(-[#1])-[#1].[#7:1](-[#1])(-[#1])-[#1],"EVODEX.2-P5288,EVODEX.2-P5318,EVODEX.2-P5293,EVODEX.2-P5301,EVODEX.2-P5307"
EVODEX.2-E1001,[#6:2]-[#6:3]#[#7:4]>>[#6:2]-[#6:3](=[#8])-[#8]-[#1].[#7:4](-[#1])(-[#1])-[#1],"EVODEX.2-P5317,EVODEX.2-P5297,EVODEX.2-P5300,EVODEX.2-P5291,EVODEX.2-P5298"
EVODEX.2-E1002,[#7:15](-[#6@:9])(-[#6:16](=[#8:17])-[#6@@:18]-[#7:19](-[#6:20](=[#8:21])-[#6@:22])-[#1])-[#1]>>[#6:16](=[#8:17])(-[#6@@:18]-[#7:19](-[#1])-[#1])-[#8]-[#1].[#6:20](=[#8:21])(-[#6@:22])-[#8]-[#1].[#7:15](-[#6@:9])(-[#1])-[#1],"EVODEX.2-P4371,EVODEX.2-P4563,EVODEX.2-P4504,EVODEX.2-P4728,EVODEX.2-P4347"
EVODEX.2-E1003,[#8:12]-[#15:13](=[#8:14])(-[#8:15])-[#8:16]-[#15:17](=[#8:18])(-[#8:19])-[#8:20]-[#15:21](=[#8:22])(-[#8:23])-[#8:24]>>[#8](-[#15:13](-[#8:12])(=[#8:14])-[#8:15])-[#1].[#8:20](-[#15:21](=[#8:22])(-[#8:23])-[#8:24])-[#1].[#8](-[#15:17](-[#8:16]-[#1])(=[#8:18])-[#8:19])-[#1],"EVODEX.2-P5360,EVODEX.2-P5365,EVODEX.2-P5359,EVODEX.2-P5369,EVODEX.2-P5362"
EVODEX.2-E1004,[#8:46]=[#6:47](-[#6:48])-[#6:50]>>[#7](-[#6@:47](-[#6:48])(-[#6:50])-[#1])(-[#1])-[#1].[#8:46](-[#1])-[#1],"EVODEX.2-P930,EVODEX.2-P935,EVODEX.2-P943,EVODEX.2-P949,EVODEX.2-P944"
EVODEX.2-E1005,([#7:1]#[#6:2]-[#6:3].[#6:8]-[#6:9]#[#7:10])>>([#6:2](-[#6:3])(=[#8])-[#8]-[#1].[#6:8]-[#6:9](=[#8])-[#8]-[#1]).[#7:10](-[#1])(-[#1])-[#1].[#7:1](-[#1])(-[#1])-[#1],"EVODEX.2-P5322,EVODEX.2-P5311,EVODEX.2-P5308,EVODEX.2-P5326,EVODEX.2-P5304"
EVODEX.2-E1006,[#6:1](-[#16&+:2](-[#6:3])-[#6:10])(-[#1:36])(-[#1:37])-[#1:38].[#7:28](-[#6:29])(-[#1])-[#1]>>[#6:1](-[#7:28](-[#6:29])-[#1])(-[#1:36])(-[#1:37])-[#1:38].[#16:2](-[#6:3])-[#6:10],"EVODEX.2-P1408,EVODEX.2-P1383,EVODEX.2-P1476,EVODEX.2-P1421,EVODEX.2-P1372"
EVODEX.2-E1007,[#8:38](-[#6@:37])-[#1].[#6:53](-[#16&+:54](-[#6:55])-[#6:62])(-[#1:111])(-[#1:112])-[#1:113]>>[#8:38](-[#6@:37])-[#6:53](-[#1:111])(-[#1:112])-[#1:113].[#16:54](-[#6:55])-[#6:62],"EVODEX.2-P1374,EVODEX.2-P1416,EVODEX.2-P1420,EVODEX.2-P1413,EVODEX.2-P1433"
EVODEX.2-E1008,[#6:30]-[#6:31](=[#8:32])-[#8:33]-[#1].[#6:52](-[#16&+:53](-[#6:54])-[#6:61])(-[#1:125])(-[#1:126])-[#1:127]>>[#6:30]-[#6:31](=[#8:32])-[#8:33]-[#6:52](-[#1:125])(-[#1:126])-[#1:127].[#16:53](-[#6:54])-[#6:61],"EVODEX.2-P1371,EVODEX.2-P1405,EVODEX.2-P1406,EVODEX.2-P1475,EVODEX.2-P1427"
EVODEX.2-E1009,[#8:2]-[#6:3]1:[#6:4](:[#6:5](-[#6:6]):[#6:23](:[#6:24](:[#6:25]:1-[#8:26]-[#1])-[#1:72])-[#1:71])-[#1:57].[#6:27](-[#16&+:28](-[#6:29])-[#6:36])(-[#1:74])(-[#1:75])-[#1:76]>>[#8:2]-[#6:3]1:[#6:4](:[#6:5](-[#6:6]):[#6:23](:[#6:24](:[#6:25]:1-[#8:26]-[#6:27](-[#1:74])(-[#1:75])-[#1:76])-[#1:72])-[#1:71])-[#1:57].[#16:28](-[#6:29])-[#6:36],"EVODEX.2-P1379,EVODEX.2-P1402,EVODEX.2-P1398,EVODEX.2-P1426,EVODEX.2-P1380"
EVODEX.2-E1010,[#6:1]-[#16&+:2](-[#6:3](-[#6:4])(-[#1:48])-[#1:49])-[#6:10].[#7:28](-[#6@@:29])(-[#1])-[#1]>>[#6:3](-[#6:4])(-[#7:28](-[#6@@:29])-[#1])(-[#1:48])-[#1:49].[#6:1]-[#16:2]-[#6:10],"EVODEX.2-P2566,EVODEX.2-P2537,EVODEX.2-P2582,EVODEX.2-P2538,EVODEX.2-P2536"
EVODEX.2-E1011,[#6:1]-[#7:6](-[#6:5])-[#1].[#6:7](-[#16&+:8](-[#6:9])-[#6:16])(-[#1:43])(-[#1:44])-[#1:45]>>[#6:1]-[#7:6](-[#6:5])-[#6:7](-[#1:43])(-[#1:44])-[#1:45].[#16:8](-[#6:9])-[#6:16],"EVODEX.2-P1473,EVODEX.2-P1442,EVODEX.2-P1432,EVODEX.2-P1471,EVODEX.2-P1376"
EVODEX.2-E1012,[#6:1]-[#6:2](-[#6:3])=[#6:4](-[#6:5])-[#1].[#6:32](-[#16&+:33](-[#6:34])-[#6:41])(-[#1:107])(-[#1:108])-[#1]>>[#6:1]-[#6:2](-[#6:3])(-[#6:4](-[#6:5])=[#6:32](-[#1:107])-[#1:108])-[#1].[#16:33](-[#6:34])-[#6:41],"EVODEX.2-P1392,EVODEX.2-P1395,EVODEX.2-P1423,EVODEX.2-P1445,EVODEX.2-P1393"
EVODEX.2-E1013,[#6:7]-[#6:8](=[#8:9])-[#7](-[#8])-[#1]>>[#6:7]-[#6:8](=[#8:9])-[#8]-[#1],"EVODEX.2-P6067,EVODEX.2-P4979,EVODEX.2-P4966,EVODEX.2-P4883,EVODEX.2-P4972"
EVODEX.2-E1014,[#7:5]-[#6:6](=[#7]-[#1])-[#1:21]>>[#7:5]-[#6:6](=[#8])-[#1:21],"EVODEX.2-P5230,EVODEX.2-P5241,EVODEX.2-P5243,EVODEX.2-P5237,EVODEX.2-P5224"
EVODEX.2-E1015,[#6:6]-[#6:7](-[#7](-[#1])-[#1])=[#8:9]>>[#6:6]-[#6:7](=[#8:9])-[#8]-[#1],"EVODEX.2-P4441,EVODEX.2-P3104,EVODEX.2-P4983,EVODEX.2-P4929,EVODEX.2-P4796"
EVODEX.2-E1016,[#7:2]-[#6:7](-[#7:6])=[#7]-[#1]>>[#7:2]-[#6:7](-[#7:6])=[#8],"EVODEX.2-P5257,EVODEX.2-P5280,EVODEX.2-P5250,EVODEX.2-P5260,EVODEX.2-P5254"
EVODEX.2-E1017,[#6:2]-[#6:3]#[#7].[#8:8](-[#1])-[#1]>>[#6:2]-[#6:3](=[#8:8])-[#8]-[#1],"EVODEX.2-P5320,EVODEX.2-P5302,EVODEX.2-P5303,EVODEX.2-P5325,EVODEX.2-P5316"
EVODEX.2-E1018,[#6:2]-[#6:4](-[#7](-[#1])-[#1])(-[#1:14])-[#1].[#8:7]=[#8:8]>>[#6:2]-[#6:4](=[#8])-[#1:14].[#8:7](-[#8:8]-[#1])-[#1],"EVODEX.2-P1132,EVODEX.2-P1161,EVODEX.2-P1116,EVODEX.2-P998,EVODEX.2-P1135"
EVODEX.2-E1019,[#7](-[#6:2](=[#8:3])-[#7:4](-[#6:5])-[#1])(-[#1])-[#1]>>[#6:2](=[#8:3])=[#8].[#7:4](-[#6:5])(-[#1])-[#1],"EVODEX.2-P5107,EVODEX.2-P5067,EVODEX.2-P5058,EVODEX.2-P5274,EVODEX.2-P4936"
EVODEX.2-E1020,[#6:2]-[#6:3](-[#7](-[#1])-[#1])(-[#6:5])-[#1].[#8:10]=[#8:11]>>[#6:2]-[#6:3](-[#6:5])=[#8].[#8:10](-[#8:11]-[#1])-[#1],"EVODEX.2-P1110,EVODEX.2-P1021,EVODEX.2-P1042,EVODEX.2-P1031,EVODEX.2-P1030"
EVODEX.2-E1021,[#6:12]-[#6@:13](-[#8:14])(-[#6:15](=[#8:16])-[#8:17])-[#1:90]>>[#6:12]-[#6@@:13](-[#8:14])(-[#6:15](=[#8:16])-[#8:17])-[#1:90],"EVODEX.2-P3906,EVODEX.2-P5836,EVODEX.2-P5837,EVODEX.2-P3958,EVODEX.2-P5688"
EVODEX.2-E1022,[#7:41]-[#6:42](=[#7:43]-[#1])-[#7:44](-[#15](=[#8])(-[#8])-[#8])-[#1]>>[#7:41]-[#6:42](=[#7:43]-[#1])-[#7:44](-[#1])-[#1],"EVODEX.2-P3330,EVODEX.2-P5454,EVODEX.2-P3317,EVODEX.2-P3273,EVODEX.2-P5455"
EVODEX.2-E1023,[#6:9](-[#6@@:7])(-[#8]-[#15](=[#8])(-[#8])-[#8])(-[#6:15])-[#1:31]>>[#8](-[#6@@:9](-[#6@@:7])(-[#6:15])-[#1:31])-[#1],"EVODEX.2-P3894,EVODEX.2-P3923,EVODEX.2-P3905,EVODEX.2-P3940,EVODEX.2-P3960"
EVODEX.2-E1024,[#6:3]-[#16:4]-[#6:5].([#7:12]-[#6:13]1:[#7:14]:[#6:15](:[#7:16]:[#6:17]2:[#6:18]:1:[#7:19]:[#6:20](:[#7:21]:2-[#6@@:22])-[#1:57])-[#1:56].[#6:25](-[#6@:24])(-[#8:26]-[#15:27](=[#8:28])(-[#8:29])-[#8])(-[#1:60])-[#1:61])>>([#6:3]-[#16&+:4](-[#6:5])-[#6:25](-[#6@:24])(-[#1:60])-[#1:61].[#7:21]1(-[#6@@:22]):[#6:17]2:[#7:16]:[#6:15](:[#7:14]:[#6:13](-[#7:12]):[#6:18]:2:[#7:19]:[#6:20]:1-[#1:57])-[#1:56]).[#8:26](-[#15:27](=[#8:28])(-[#8:29])-[#8])-[#1],"EVODEX.2-P2776,EVODEX.2-P2782,EVODEX.2-P2780,EVODEX.2-P2768,EVODEX.2-P2770"
EVODEX.2-E1025,[#6:10](-[#6@:9])(-[#8:11]-[#1])(-[#1:200])-[#1]>>[#6:10](-[#6@:9])(=[#8:11])-[#1:200],"EVODEX.2-P42,EVODEX.2-P49,EVODEX.2-P112,EVODEX.2-P123,EVODEX.2-P69"
EVODEX.2-E1026,[#6:51]-[#6@:52](-[#8:53]-[#1])(-[#6:54])-[#1]>>[#6:51]-[#6:52](=[#8:53])-[#6:54],"EVODEX.2-P12,EVODEX.2-P109,EVODEX.2-P81,EVODEX.2-P21,EVODEX.2-P32"
EVODEX.2-E1027,[#8:37](-[#6@@:36](-[#6@@:34])(-[#8:38])-[#1])-[#1]>>[#6:36](-[#6@@:34])(=[#8:37])-[#8:38],"EVODEX.2-P201,EVODEX.2-P18,EVODEX.2-P17,EVODEX.2-P14,EVODEX.2-P110"
EVODEX.2-E1028,[#6:5]-[#6:6](=[#8:7])-[#1].[#8:8](-[#1])-[#1]>>[#6:5]-[#6:6](=[#8:7])-[#8:8]-[#1],"EVODEX.2-P782,EVODEX.2-P789,EVODEX.2-P63,EVODEX.2-P781,EVODEX.2-P819"
EVODEX.2-E1029,[#6:2]-[#6:4](-[#7:5](-[#1])-[#1])(-[#1:14])-[#1].[#8:6](-[#1])-[#1]>>[#6:2]-[#6:4](=[#8:6])-[#1:14].[#7:5](-[#1])(-[#1])-[#1],"EVODEX.2-P1137,EVODEX.2-P1009,EVODEX.2-P1156,EVODEX.2-P1167,EVODEX.2-P1107"
EVODEX.2-E1030,[#6:1](-[#7:2](-[#6:3])-[#1])(-[#1:15])(-[#1:16])-[#1].[#8:12](-[#1])-[#1]>>[#6:1](=[#8:12])(-[#1:15])-[#1:16].[#7:2](-[#6:3])(-[#1])-[#1],"EVODEX.2-P1292,EVODEX.2-P1274,EVODEX.2-P1340,EVODEX.2-P1346,EVODEX.2-P1337"
EVODEX.2-E1031,[#6:8](-[#6@:6])(=[#8:9])-[#6:10](-[#8:11])(-[#1:25])-[#1]>>[#6:8](-[#6@:6])(-[#8:9]-[#1])=[#6:10](-[#8:11])-[#1:25],"EVODEX.2-P137,EVODEX.2-P1,EVODEX.2-P40,EVODEX.2-P38,EVODEX.2-P36"
EVODEX.2-E1032,[#6:1]-[#6:2](-[#6@@:3](-[#6@@:4])(-[#6@@:25])-[#1])(-[#1:78])-[#1]>>[#6:1]/[#6:2](=[#6:3](\[#6@@:4])-[#6@@:25])-[#1:78],"EVODEX.2-P157,EVODEX.2-P685,EVODEX.2-P892,EVODEX.2-P891,EVODEX.2-P684"
EVODEX.2-E1033,[#6:47]-[#16:48]-[#1].[#8:97]=[#6:98](-[#6:99])-[#1]>>[#6:47]-[#16:48]-[#6:98](=[#8:97])-[#6:99],"EVODEX.2-P814,EVODEX.2-P767,EVODEX.2-P761,EVODEX.2-P765,EVODEX.2-P816"
EVODEX.2-E1034,[#6:6]-[#6:8](-[#6:9](-[#6:10](=[#8:11])-[#1:77])(-[#1:75])-[#1])(-[#1:73])-[#1]>>[#6:6]/[#6:8](=[#6:9](/[#6:10](=[#8:11])-[#1:77])-[#1:75])-[#1:73],"EVODEX.2-P882,EVODEX.2-P888,EVODEX.2-P886,EVODEX.2-P887,EVODEX.2-P875"
EVODEX.2-E1035,[#6:15]-[#6:16](-[#6:17](-[#6:18](=[#8:19])-[#16:20])(-[#1:99])-[#1])(-[#1:97])-[#1]>>[#6:15]/[#6:16](=[#6:17](/[#6:18](=[#8:19])-[#16:20])-[#1:99])-[#1:97],"EVODEX.2-P897,EVODEX.2-P884,EVODEX.2-P861,EVODEX.2-P896,EVODEX.2-P895"
EVODEX.2-E1036,[#6:2]-[#6:3](-[#7:4](-[#1])-[#1])(-[#6:5])-[#1].[#8:9](-[#1])-[#1]>>[#6:2]-[#6:3](-[#6:5])=[#8:9].[#7:4](-[#1])(-[#1])-[#1],"EVODEX.2-P1029,EVODEX.2-P933,EVODEX.2-P918,EVODEX.2-P1025,EVODEX.2-P970"
EVODEX.2-E1037,[#6:1]-[#6:2](-[#7:3](-[#6:4])-[#1])(-[#1:19])-[#1].[#8:13](-[#1])-[#1]>>[#6:1]-[#6:2](=[#8:13])-[#1:19].[#7:3](-[#6:4])(-[#1])-[#1],"EVODEX.2-P1317,EVODEX.2-P1280,EVODEX.2-P1302,EVODEX.2-P1297,EVODEX.2-P1004"
EVODEX.2-E1038,[#6:50]-[#7:51](-[#6@@:52](-[#6:53])(-[#6:58](=[#8:59])-[#8:60])-[#1])-[#1].[#8:64](-[#1])-[#1]>>[#6:52](-[#6:53])(-[#6:58](=[#8:59])-[#8:60])=[#8:64].[#6:50]-[#7:51](-[#1])-[#1],"EVODEX.2-P1236,EVODEX.2-P1240,EVODEX.2-P1237,EVODEX.2-P1273,EVODEX.2-P987"
EVODEX.2-E1039,[#6:1](-[#6:2]1(-[#6:3])-[#16:4]-[#6@:5](-[#6@:6])(-[#7:20]-[#6@:21]-1(-[#6:22](=[#8:23])-[#8:24])-[#1])-[#1:43])(-[#1:37])(-[#1:38])-[#1]>>[#6:1]1(-[#6:2](-[#6:3])=[#6:21](-[#6:22](=[#8:23])-[#8:24])-[#7:20]-[#6@:5](-[#16:4]-1)(-[#6@:6])-[#1:43])(-[#1:37])-[#1:38],"EVODEX.2-P693,EVODEX.2-P707,EVODEX.2-P730,EVODEX.2-P716,EVODEX.2-P697"
EVODEX.2-E1040,([#7]#[#6:2]-[#6:3].[#6:8]-[#6:9]#[#7]).[#8:13](-[#1])-[#1].[#8:14](-[#1])-[#1]>>([#6:2](-[#6:3])(=[#8:13])-[#8:14]-[#1].[#6:8]-[#6:9](=[#8])-[#8]-[#1]),"EVODEX.2-P5327,EVODEX.2-P5305,EVODEX.2-P5323,EVODEX.2-P5290,EVODEX.2-P5313"
EVODEX.2-E1041,[#8:90]-[#6:91](-[#6@:92])(-[#1])-[#1]>>[#8]=[#6:91](-[#8:90])-[#6@:92],"EVODEX.2-P145,EVODEX.2-P56,EVODEX.2-P55,EVODEX.2-P142,EVODEX.2-P88"
EVODEX.2-E1042,[#7:2]-[#6:3](-[#6:4])(-[#6:11](=[#8:12])-[#8:13]-[#1])-[#1]>>[#6:11](=[#8:12])=[#8:13].[#7:2]-[#6:3](-[#6:4])=[#8],"EVODEX.2-P269,EVODEX.2-P291,EVODEX.2-P302,EVODEX.2-P282,EVODEX.2-P298"
EVODEX.2-E1043,[#7:8]-[#6:9](-[#6:10](=[#8:11])-[#8:12])(-[#1:38])-[#1].[#8:19]=[#6:20]1-[#8:21]-[#6@:22]-[#6:27](-[#8:28]-[#1])=[#6:29]-1-[#8:30]-[#1]>>[#7:8]-[#6:9](-[#6:10](=[#8:11])-[#8:12])(-[#8]-[#1])-[#1:38].[#8:19]=[#6:20]1-[#8:21]-[#6@:22]-[#6:27](=[#8:28])-[#6:29]-1=[#8:30],"EVODEX.2-P673,EVODEX.2-P669,EVODEX.2-P671,EVODEX.2-P676,EVODEX.2-P662"
EVODEX.2-E1044,[#6:1](-[#6:2]1(-[#6:3])-[#16:4]-[#6@:5](-[#6@:6])(-[#7:19]-[#6@:20]-1(-[#6:21](=[#8:22])-[#8:23])-[#1])-[#1:41])(-[#1:35])(-[#1:36])-[#1].[#6:27]-[#6:28](=[#8:29])-[#6:30](=[#8:31])-[#8:32]-[#1]>>[#6:30](=[#8:31])=[#8:32].[#6:1]1(-[#6:2](-[#6:3])=[#6:20](-[#6:21](=[#8:22])-[#8:23])-[#7:19]-[#6@:5](-[#16:4]-1)(-[#6@:6])-[#1:41])(-[#1:35])-[#1:36].[#6:27]-[#6:28](=[#8:29])-[#8]-[#1],"EVODEX.2-P688,EVODEX.2-P744,EVODEX.2-P692,EVODEX.2-P715,EVODEX.2-P724"
EVODEX.2-E1045,([#6:19]-[#6@:20](-[#7:21])(-[#6:38](=[#8:39])-[#8:40])-[#1:98].[#6:31]-[#6:32](=[#8:33])-[#8]-[#1]).[#7:9](-[#6@:8])(-[#1])-[#1]>>([#7:9](-[#6@:8])(-[#6:32](-[#6:31])=[#8:33])-[#1].[#7:21]-[#6@@:20](-[#6:19])(-[#6:38](=[#8:39])-[#8:40])-[#1:98]),"EVODEX.2-P6095,EVODEX.2-P6217,EVODEX.2-P6262,EVODEX.2-P5122,EVODEX.2-P6237"
EVODEX.2-E1046,[#8](/[#7:2]=[#6:3](/[#6:4])-[#1])-[#1]>>[#7:2]#[#6:3]-[#6:4],"EVODEX.2-P5820,EVODEX.2-P5823,EVODEX.2-P5815,EVODEX.2-P5824,EVODEX.2-P5821"
EVODEX.2-E1047,[#6:37]-[#6:38](=[#8:39])-[#8]-[#1].([#6:45]-[#6@:46](-[#7:47])(-[#6:52](=[#8:53])-[#7:54])-[#1:119].[#6:50]-[#7:51](-[#1])-[#1])>>([#6:37]-[#6:38](=[#8:39])-[#7:51](-[#6:50])-[#1].[#7:47]-[#6@@:46](-[#6:45])(-[#6:52](=[#8:53])-[#7:54])-[#1:119]),"EVODEX.2-P4626,EVODEX.2-P4647,EVODEX.2-P4644,EVODEX.2-P4633,EVODEX.2-P4628"
EVODEX.2-E1048,[#6:5](-[#6@:4])(-[#7:6](-[#1])-[#1])=[#8]>>[#6:5](-[#6@:4])#[#7:6],"EVODEX.2-P5737,EVODEX.2-P5725,EVODEX.2-P5735,EVODEX.2-P5716,EVODEX.2-P5728"
EVODEX.2-E1049,[#6:19](-[#6@@:5])(=[#8:20])-[#8]-[#1].[#7:22](-[#1])(-[#1])-[#1]>>[#6:19](-[#6@@:5])(=[#8:20])-[#7:22](-[#1])-[#1],"EVODEX.2-P5008,EVODEX.2-P5005,EVODEX.2-P5007,EVODEX.2-P5024,EVODEX.2-P5009"
EVODEX.2-E1050,[#6:6]-[#6:7](-[#6@@:8](-[#8]-[#1])(-[#6:10])-[#1:35])(-[#1:33])-[#1]>>[#6:6]/[#6:7](=[#6:8](\[#6:10])-[#1:35])-[#1:33],"EVODEX.2-P5667,EVODEX.2-P5704,EVODEX.2-P5695,EVODEX.2-P5708,EVODEX.2-P5706"
EVODEX.2-E1051,[#6:1]-[#6@:2](-[#6@:3])(-[#6@:11])-[#1].[#8]=[#8:83]>>[#6:1]-[#6@@:2](-[#6@:3])(-[#6@:11])-[#8:83]-[#1],"EVODEX.2-P524,EVODEX.2-P219,EVODEX.2-P755,EVODEX.2-P493,EVODEX.2-P229"
EVODEX.2-E1052,[#6:47]-[#16:48]-[#1].[#8:80]=[#6:81](-[#8]-[#1])-[#6:83]>>[#6:47]-[#16:48]-[#6:81](=[#8:80])-[#6:83],"EVODEX.2-P310,EVODEX.2-P5904,EVODEX.2-P6008,EVODEX.2-P5942,EVODEX.2-P1717"
EVODEX.2-E1053,[#7:121](-[#6@@:120])(-[#1])-[#1].[#8:195]=[#6:196](-[#8]-[#1])-[#6:198]>>[#7:121](-[#6@@:120])(-[#6:196](=[#8:195])-[#6:198])-[#1],"EVODEX.2-P4634,EVODEX.2-P5179,EVODEX.2-P6128,EVODEX.2-P4864,EVODEX.2-P6304"
EVODEX.2-E1054,[#8:4](-[#6@@:3])-[#1].[#6:11](-[#6@@:9])(=[#8:12])-[#8]-[#1]>>[#8:4](-[#6@@:3])-[#6:11](-[#6@@:9])=[#8:12],"EVODEX.2-P3841,EVODEX.2-P3776,EVODEX.2-P3737,EVODEX.2-P3775,EVODEX.2-P3739"
EVODEX.2-E1055,[#6:14](-[#6@:3])(=[#8:15])-[#8]-[#1].[#7:17](-[#8:18])(-[#1])-[#1]>>[#6:14](-[#6@:3])(=[#8:15])-[#7:17](-[#8:18])-[#1],"EVODEX.2-P4932,EVODEX.2-P5002,EVODEX.2-P6064,EVODEX.2-P5995,EVODEX.2-P5989"
EVODEX.2-E1056,[#6:19](-[#6@@:8])(-[#6@:17])=[#6:20](-[#6:21])-[#1:92].[#8]=[#8:69]>>[#6:21]-[#6@@:20]1(-[#6@@:19](-[#6@@:8])(-[#6@:17])-[#8:69]-1)-[#1:92],"EVODEX.2-P233,EVODEX.2-P231,EVODEX.2-P616,EVODEX.2-P236,EVODEX.2-P756"
EVODEX.2-E1057,[#7:2]-[#6:3](-[#6:4])(-[#6:11](=[#8:12])-[#8:13]-[#1])-[#1].[#8:14]=[#8]>>[#6:11](=[#8:12])=[#8:13].[#7:2]-[#6:3](-[#6:4])=[#8:14],"EVODEX.2-P296,EVODEX.2-P295,EVODEX.2-P274,EVODEX.2-P300,EVODEX.2-P279"
EVODEX.2-E1058,[#6:5](-[#7:6]-[#6:7](-[#7:8](-[#1])-[#1])=[#8:9])-[#6:10](=[#8:11])-[#8]-[#1]>>[#6:5]1-[#7:6]-[#6:7](=[#8:9])-[#7:8](-[#6:10]-1=[#8:11])-[#1],"EVODEX.2-P5197,EVODEX.2-P5199,EVODEX.2-P5207,EVODEX.2-P5209,EVODEX.2-P5194"
EVODEX.2-E1059,[#6:20]-[#6:21]1:[#6:22](:[#6:23](:[#6:24](:[#6:25](:[#6:26]:1-[#1:56])-[#1:55])-[#1:54])-[#1:53])-[#1].[#8:30]=[#8]>>[#6:20]-[#6:21]1:[#6:22](-[#8:30]-[#1]):[#6:23](:[#6:24](:[#6:25](:[#6:26]:1-[#1:56])-[#1:55])-[#1:54])-[#1:53],"EVODEX.2-P589,EVODEX.2-P515,EVODEX.2-P517,EVODEX.2-P227,EVODEX.2-P594"
EVODEX.2-E1060,[#6:25]-[#6:26]1:[#6:27](:[#6:28](:[#6:29](-[#8:30]):[#6:31](:[#6:32]:1-[#1:66])-[#1:65])-[#1])-[#1:62].[#8]=[#8:43]>>[#6:25]-[#6:26]1:[#6:27](:[#6:28](-[#8:43]-[#1]):[#6:29](-[#8:30]):[#6:31](:[#6:32]:1-[#1:66])-[#1:65])-[#1:62],"EVODEX.2-P238,EVODEX.2-P629,EVODEX.2-P628,EVODEX.2-P575,EVODEX.2-P241"
EVODEX.2-E1061,[#7:1](-[#1])(-[#1])-[#1].[#8:2]=[#6:3](-[#8:4])-[#6:5](=[#8])-[#6:7].[#8:9](-[#8:10]-[#1])-[#1]>>[#7:1](-[#6@@:5](-[#6:3](=[#8:2])-[#8:4])(-[#6:7])-[#1])(-[#1])-[#1].[#8:9]=[#8:10],"EVODEX.2-P1065,EVODEX.2-P1076,EVODEX.2-P1086,EVODEX.2-P1096,EVODEX.2-P1151"
EVODEX.2-E1062,[#6:42](-[#6@:40])(=[#8:43])-[#8]-[#1].[#6:45]-[#6:46](-[#7:47](-[#1])-[#1])(-[#6:48](=[#8:49])-[#7:50])-[#1:121]>>[#6:42](-[#6@:40])(=[#8:43])-[#7:47](-[#6@@:46](-[#6:45])(-[#6:48](=[#8:49])-[#7:50])-[#1:121])-[#1],"EVODEX.2-P6354,EVODEX.2-P6358,EVODEX.2-P6292,EVODEX.2-P4768,EVODEX.2-P4483"
EVODEX.2-E1063,[#7:11]-[#6@@:12](-[#6:13]-[#6:14]-[#6:15](=[#8:16])-[#8]-[#1])(-[#6:18](=[#8:19])-[#8:20])-[#1:54].[#7:1](-[#6:2])(-[#1])-[#1]>>[#7:1](-[#6:2])(-[#6:15](-[#6:14]-[#6:13]-[#6@:12](-[#7:11])(-[#6:18](=[#8:19])-[#8:20])-[#1:54])=[#8:16])-[#1],"EVODEX.2-P6181,EVODEX.2-P6155,EVODEX.2-P6052,EVODEX.2-P6201,EVODEX.2-P6166"
EVODEX.2-E1064,[#7:8]-[#6:9](-[#6:10](=[#8:11])-[#8:12])(-[#1:38])-[#1].[#8:19]=[#6:20]1-[#8:21]-[#6@:22]-[#6:27](-[#8:28]-[#1])=[#6:29]-1-[#8:30]-[#1].[#8:31]=[#8]>>[#7:8]-[#6:9](-[#6:10](=[#8:11])-[#8:12])(-[#8:31]-[#1])-[#1:38].[#8:19]=[#6:20]1-[#8:21]-[#6@:22]-[#6:27](=[#8:28])-[#6:29]-1=[#8:30],"EVODEX.2-P652,EVODEX.2-P667,EVODEX.2-P674,EVODEX.2-P649,EVODEX.2-P655"
EVODEX.2-E1065,[#6:38]-[#6@:39](-[#7:40]-[#6:41](=[#8:42])-[#6@@:43](-[#7:44](-[#1])-[#1])(-[#6:45])-[#1:82])(-[#6:52](=[#8:53])-[#7:54])-[#1:80].[#6:31](-[#6@:8])(=[#8:32])-[#8]-[#1]>>[#6:31](-[#6@:8])(=[#8:32])-[#7:44](-[#6@:43](-[#6:41](-[#7:40]-[#6@@:39](-[#6:38])(-[#6:52](=[#8:53])-[#7:54])-[#1:80])=[#8:42])(-[#6:45])-[#1:82])-[#1],"EVODEX.2-P4663,EVODEX.2-P4659,EVODEX.2-P4656,EVODEX.2-P4655,EVODEX.2-P4660"
EVODEX.2-E1066,[#6:1](-[#6:2]1(-[#6:3])-[#16:4]-[#6@:5](-[#6@:6])(-[#7:19]-[#6@:20]-1(-[#6:21](=[#8:22])-[#8:23])-[#1])-[#1:41])(-[#1:35])(-[#1:36])-[#1].[#6:27]-[#6:28](=[#8:29])-[#6:30](=[#8:31])-[#8:32]-[#1].[#8:33]=[#8]>>[#6:30](=[#8:31])=[#8:32].[#6:1]1(-[#6:2](-[#6:3])=[#6:20](-[#6:21](=[#8:22])-[#8:23])-[#7:19]-[#6@:5](-[#16:4]-1)(-[#6@:6])-[#1:41])(-[#1:35])-[#1:36].[#6:27]-[#6:28](=[#8:29])-[#8:33]-[#1],"EVODEX.2-P725,EVODEX.2-P737,EVODEX.2-P711,EVODEX.2-P720,EVODEX.2-P717"
EVODEX.2-E1067,[#6:25](-[#6@:24])(-[#8]-[#16](=[#8])(=[#8])-[#8])(-[#1:76])-[#1:77].[#8:37](-[#1])-[#1]>>[#6:25](-[#6@:24])(-[#8:37]-[#1])(-[#1:76])-[#1:77],"EVODEX.2-P4023,EVODEX.2-P4027,EVODEX.2-P4044,EVODEX.2-P4053,EVODEX.2-P4036"
EVODEX.2-E1068,[#8](-[#6@:42](-[#6@:40])(-[#6@@:48])-[#1:268])-[#16](=[#8])(=[#8])-[#8].[#8:234](-[#1])-[#1]>>[#8:234](-[#6@:42](-[#6@:40])(-[#6@@:48])-[#1:268])-[#1],"EVODEX.2-P4019,EVODEX.2-P4050,EVODEX.2-P4051,EVODEX.2-P4031,EVODEX.2-P4039"
EVODEX.2-E1069,[#7:5]-[#6:6](=[#7]-[#1])-[#1:21].[#8:11](-[#1])-[#1]>>[#7:5]-[#6:6](=[#8:11])-[#1:21],"EVODEX.2-P5234,EVODEX.2-P5246,EVODEX.2-P5227,EVODEX.2-P5240,EVODEX.2-P5231"
EVODEX.2-E1070,[#6:6]-[#6:7](-[#7](-[#1])-[#1])=[#8:9].[#8:10](-[#1])-[#1]>>[#6:6]-[#6:7](=[#8:9])-[#8:10]-[#1],"EVODEX.2-P4687,EVODEX.2-P5032,EVODEX.2-P4356,EVODEX.2-P4348,EVODEX.2-P4358"
EVODEX.2-E1071,[#7:2]-[#6:7](-[#7:6])=[#7]-[#1].[#8:9](-[#1])-[#1]>>[#7:2]-[#6:7](-[#7:6])=[#8:9],"EVODEX.2-P5265,EVODEX.2-P5252,EVODEX.2-P5261,EVODEX.2-P5253,EVODEX.2-P5251"
EVODEX.2-E1072,[#6:2]-[#6:4](-[#7](-[#1])-[#1])(-[#1:14])-[#1].[#8:7]=[#8:8].[#8:6](-[#1])-[#1]>>[#6:2]-[#6:4](=[#8:6])-[#1:14].[#8:7](-[#8:8]-[#1])-[#1],"EVODEX.2-P1120,EVODEX.2-P1165,EVODEX.2-P1008,EVODEX.2-P1163,EVODEX.2-P1121"
EVODEX.2-E1073,[#7:11](-[#6@@:12])(-[#1])-[#1].[#7](-[#6:2](=[#8:3])-[#6:4])(-[#1])-[#1]>>[#6:2](=[#8:3])(-[#6:4])-[#7:11](-[#6@@:12])-[#1],"EVODEX.2-P2077,EVODEX.2-P2073,EVODEX.2-P2066,EVODEX.2-P2068,EVODEX.2-P4892"
EVODEX.2-E1074,[#6:2]-[#6:3](-[#7](-[#1])-[#1])=[#8:5].[#7:6](-[#8:7])(-[#1])-[#1]>>[#6:2]-[#6:3](=[#8:5])-[#7:6](-[#8:7])-[#1],"EVODEX.2-P4924,EVODEX.2-P5015,EVODEX.2-P4975,EVODEX.2-P2100,EVODEX.2-P5012"
EVODEX.2-E1075,[#7](-[#6:2](=[#8:3])-[#7:4](-[#6:5])-[#1])(-[#1])-[#1].[#8:10](-[#1])-[#1]>>[#6:2](=[#8:3])=[#8:10].[#7:4](-[#6:5])(-[#1])-[#1],"EVODEX.2-P5045,EVODEX.2-P5117,EVODEX.2-P5110,EVODEX.2-P5055,EVODEX.2-P5112"
EVODEX.2-E1076,[#6:2]-[#6:3](-[#7](-[#1])-[#1])(-[#6:5])-[#1].[#8:10]=[#8:11].[#8:9](-[#1])-[#1]>>[#6:2]-[#6:3](-[#6:5])=[#8:9].[#8:10](-[#8:11]-[#1])-[#1],"EVODEX.2-P1020,EVODEX.2-P1032,EVODEX.2-P1046,EVODEX.2-P1017,EVODEX.2-P1040"
EVODEX.2-E1077,[#7:5]-[#6:6](=[#8:7])-[#6@@:8](-[#7:9](-[#1])-[#1])(-[#6:10]-[#6:11]-[#6:12](-[#7](-[#1])-[#1])=[#8:14])-[#1:32]>>[#7:5]-[#6:6](=[#8:7])-[#6@:8]1(-[#7:9](-[#6:12](=[#8:14])-[#6:11]-[#6:10]-1)-[#1])-[#1:32],"EVODEX.2-P2099,EVODEX.2-P2093,EVODEX.2-P2091,EVODEX.2-P2089,EVODEX.2-P2094"
EVODEX.2-E1078,[#6:20](-[#6@:19])(-[#7](-[#1])-[#1])(-[#1:69])-[#1]>>[#6:20](-[#6@:19])(=[#8])-[#1:69],"EVODEX.2-P2856,EVODEX.2-P1141,EVODEX.2-P2921,EVODEX.2-P1127,EVODEX.2-P997"
EVODEX.2-E1079,[#6:1]-[#6@:2](-[#7](-[#1])-[#1])(-[#6:4])-[#1]>>[#6:1]-[#6:2](-[#6:4])=[#8],"EVODEX.2-P2882,EVODEX.2-P976,EVODEX.2-P2878,EVODEX.2-P2887,EVODEX.2-P2880"
EVODEX.2-E1080,([#7:17]-[#6:18]1:[#6:19](:[#6:20](:[#7:21](-[#6@@:22]):[#6:43](=[#8:44]):[#7:45]:1)-[#1:49])-[#1:48].[#8:26]-[#15:27](=[#8:28])(-[#8:29])-[#8]-[#15](=[#8])(-[#8])-[#8]).[#8:8](-[#6@@:7])-[#1]>>([#8:8](-[#6@@:7])-[#15:27](-[#8:26])(=[#8:28])-[#8:29].[#7:21]1(-[#6@@:22]):[#6:20](:[#6:19](:[#6:18](-[#7:17]):[#7:45]:[#6:43]:1=[#8:44])-[#1:48])-[#1:49]),"EVODEX.2-P3460,EVODEX.2-P3425,EVODEX.2-P3423,EVODEX.2-P3430,EVODEX.2-P3427"
EVODEX.2-E1081,([#7:41]-[#6:42]1:[#7:43]:[#6:44](:[#7:45]:[#6:46]2:[#6:47]:1:[#7:48]:[#6:49](:[#7:50]:2-[#6@@:51])-[#1:75])-[#1:74].[#8:59]-[#15:60](=[#8:61])(-[#8:62])-[#8]-[#15](=[#8])(-[#8])-[#8]).([#6:19]-[#6@:20](-[#7:21])(-[#6:38](=[#8:39])-[#8:40])-[#1:98].[#6:31]-[#6:32](=[#8:33])-[#8:34]-[#1]).[#7:9](-[#6@:8])(-[#1])-[#1]>>([#7:9](-[#6@:8])(-[#6:32](-[#6:31])=[#8:33])-[#1].[#7:21]-[#6@@:20](-[#6:19])(-[#6:38](=[#8:39])-[#8:40])-[#1:98]).([#8:34](-[#15:60](-[#8:59])(=[#8:61])-[#8:62])-[#1].[#7:50]1(-[#6@@:51]):[#6:46]2:[#7:45]:[#6:44](:[#7:43]:[#6:42](-[#7:41]):[#6:47]:2:[#7:48]:[#6:49]:1-[#1:75])-[#1:74]),"EVODEX.2-P6257,EVODEX.2-P6230,EVODEX.2-P6083,EVODEX.2-P6094,EVODEX.2-P6241"
EVODEX.2-E1082,[#6:47]-[#16:48]-[#1].[#6:78](-[#6@:50])(=[#8:79])-[#8:80]-[#1].([#7:81]-[#6:82]1:[#7:83]:[#6:84](:[#7:85]:[#6:86]2:[#6:87]:1:[#7:88]:[#6:89](:[#7:90]:2-[#6@@:91])-[#1:197])-[#1:196].[#8:95]-[#15:96](=[#8:97])(-[#8:98])-[#8]-[#15](=[#8])(-[#8])-[#8])>>[#6:47]-[#16:48]-[#6:78](-[#6@:50])=[#8:79].([#8:80](-[#15:96](-[#8:95])(=[#8:97])-[#8:98])-[#1].[#7:90]1(-[#6@@:91]):[#6:86]2:[#7:85]:[#6:84](:[#7:83]:[#6:82](-[#7:81]):[#6:87]:2:[#7:88]:[#6:89]:1-[#1:197])-[#1:196]),"EVODEX.2-P6012,EVODEX.2-P5979,EVODEX.2-P5932,EVODEX.2-P5952,EVODEX.2-P6007"
EVODEX.2-E1083,[#6:2]-[#6:3](=[#8:4])-[#8:5]-[#1].([#7:20]-[#6:21]1:[#7:22]:[#6:23](:[#7:24]:[#6:25]2:[#6:26]:1:[#7:27]:[#6:28](:[#7:29]:2-[#6@@:30])-[#1:59])-[#1:58].[#8:38]-[#15:39](=[#8:40])(-[#8:41])-[#8]-[#15](=[#8])(-[#8])-[#8]).[#7:6](-[#6@@:7])(-[#1])-[#1]>>[#6:2]-[#6:3](=[#8:4])-[#7:6](-[#6@@:7])-[#1].([#8:5](-[#15:39](-[#8:38])(=[#8:40])-[#8:41])-[#1].[#7:29]1(-[#6@@:30]):[#6:25]2:[#7:24]:[#6:23](:[#7:22]:[#6:21](-[#7:20]):[#6:26]:2:[#7:27]:[#6:28]:1-[#1:59])-[#1:58]),"EVODEX.2-P6205,EVODEX.2-P6252,EVODEX.2-P6301,EVODEX.2-P6336,EVODEX.2-P6318"
EVODEX.2-E1084,[#6:47](-[#6@@:45])(=[#8:48])-[#8:49]-[#1].[#7:57](-[#6@:56](-[#6@:51])(-[#6:58](=[#8:59])-[#8:60])-[#1:135])(-[#1])-[#1].([#7:61]-[#6:62]1:[#7:63]:[#6:64](:[#7:65]:[#6:66]2:[#6:67]:1:[#7:68]:[#6:69](:[#7:70]:2-[#6@@:71])-[#1:142])-[#1:141].[#8:79]-[#15:80](=[#8:81])(-[#8:82])-[#8]-[#15](=[#8])(-[#8])-[#8])>>[#6:47](-[#6@@:45])(=[#8:48])-[#7:57](-[#6@:56](-[#6@:51])(-[#6:58](=[#8:59])-[#8:60])-[#1:135])-[#1].([#8:49](-[#15:80](-[#8:79])(=[#8:81])-[#8:82])-[#1].[#7:70]1(-[#6@@:71]):[#6:66]2:[#7:65]:[#6:64](:[#7:63]:[#6:62](-[#7:61]):[#6:67]:2:[#7:68]:[#6:69]:1-[#1:142])-[#1:141]),"EVODEX.2-P6346,EVODEX.2-P6113,EVODEX.2-P6284,EVODEX.2-P6280,EVODEX.2-P6273"
EVODEX.2-E1085,[#7:1]-[#6:2](=[#8:3])-[#8]-[#15](=[#8])(-[#8])-[#8].[#7:9](-[#6:10])(-[#1])-[#1]>>[#7:1]-[#6:2](=[#8:3])-[#7:9](-[#6:10])-[#1],"EVODEX.2-P1502,EVODEX.2-P1509,EVODEX.2-P1516,EVODEX.2-P1505,EVODEX.2-P1513"
EVODEX.2-E1086,[#7:11]-[#6@@:12](-[#6:13]-[#6:14]-[#6:15](=[#8:16])-[#8:17]-[#1])(-[#6:18](=[#8:19])-[#8:20])-[#1:54].[#7:1](-[#6:2])(-[#1])-[#1].([#7:21]-[#6:22]1:[#7:23]:[#6:24](:[#7:25]:[#6:26]2:[#6:27]:1:[#7:28]:[#6:29](:[#7:30]:2-[#6@@:31])-[#1:75])-[#1:74].[#8:39]-[#15:40](=[#8:41])(-[#8:42])-[#8]-[#15](=[#8])(-[#8])-[#8])>>[#7:1](-[#6:2])(-[#6:15](-[#6:14]-[#6:13]-[#6@:12](-[#7:11])(-[#6:18](=[#8:19])-[#8:20])-[#1:54])=[#8:16])-[#1].([#8:17](-[#15:40](-[#8:39])(=[#8:41])-[#8:42])-[#1].[#7:30]1(-[#6@@:31]):[#6:26]2:[#7:25]:[#6:24](:[#7:23]:[#6:22](-[#7:21]):[#6:27]:2:[#7:28]:[#6:29]:1-[#1:75])-[#1:74]),"EVODEX.2-P6154,EVODEX.2-P6192,EVODEX.2-P6159,EVODEX.2-P6149,EVODEX.2-P6206"
EVODEX.2-E1087,[#6:25]-[#6:26]1:[#6:27](:[#6:28](:[#6:29](-[#8]-[#15](=[#8])(-[#8])-[#8]):[#6:35](:[#6:36]:1-[#1:139])-[#1:138])-[#1:135])-[#1:134].[#8:105](-[#1])-[#1]>>[#6:25]-[#6:26]1:[#6:27](:[#6:28](:[#6:29](-[#8:105]-[#1]):[#6:35](:[#6:36]:1-[#1:139])-[#1:138])-[#1:135])-[#1:134],"EVODEX.2-P3893,EVODEX.2-P3932,EVODEX.2-P3892,EVODEX.2-P3938,EVODEX.2-P3936"
EVODEX.2-E1088,[#8:89](-[#1])-[#1].[#8:90]-[#6:91](-[#6@:92])(-[#1])-[#1]>>[#8:89]=[#6:91](-[#8:90])-[#6@:92],"EVODEX.2-P75,EVODEX.2-P58,EVODEX.2-P77,EVODEX.2-P53,EVODEX.2-P791"
EVODEX.2-E1089,[#6:3]-[#16:4]-[#6:5].([#7:12]-[#6:13]1:[#7:14]:[#6:15](:[#7:16]:[#6:17]2:[#6:18]:1:[#7:19]:[#6:20](:[#7:21]:2-[#6@@:22])-[#1:57])-[#1:56].[#6:25](-[#6@:24])(-[#8]-[#15](=[#8])(-[#8])-[#8])(-[#1:60])-[#1:61])>>([#6:3]-[#16&+:4](-[#6:5])-[#6:25](-[#6@:24])(-[#1:60])-[#1:61].[#7:21]1(-[#6@@:22]):[#6:17]2:[#7:16]:[#6:15](:[#7:14]:[#6:13](-[#7:12]):[#6:18]:2:[#7:19]:[#6:20]:1-[#1:57])-[#1:56]),"EVODEX.2-P2787,EVODEX.2-P2765,EVODEX.2-P2777,EVODEX.2-P2773,EVODEX.2-P2769"
EVODEX.2-E1090,[#6:6]-[#8:7]-[#1].([#7:11]-[#6:12]1:[#7:13]:[#6:14](:[#7:15]:[#6:16]2:[#6:17]:1:[#7:18]:[#6:19](:[#7:20]:2-[#6@@:21])-[#1:55])-[#1:54].[#8:25]-[#15:26](=[#8:27])(-[#8:28])-[#8]-[#15](=[#8])(-[#8])-[#8])>>([#6:6]-[#8:7]-[#15:26](-[#8:25])(=[#8:27])-[#8:28].[#7:20]1(-[#6@@:21]):[#6:16]2:[#7:15]:[#6:14](:[#7:13]:[#6:12](-[#7:11]):[#6:17]:2:[#7:18]:[#6:19]:1-[#1:55])-[#1:54]),"EVODEX.2-P3444,EVODEX.2-P3439,EVODEX.2-P3432,EVODEX.2-P3442,EVODEX.2-P3446"
EVODEX.2-E1091,[#6:7]-[#6:8](=[#8:9])-[#8:10]-[#1].([#7:11]-[#6:12]1:[#7:13]:[#6:14](:[#7:15]:[#6:16]2:[#6:17]:1:[#7:18]:[#6:19](:[#7:20]:2-[#6@@:21])-[#1:61])-[#1:60].[#8:25]-[#15:26](=[#8:27])(-[#8:28])-[#8]-[#15](=[#8])(-[#8])-[#8])>>([#6:7]-[#6:8](=[#8:9])-[#8:10]-[#15:26](-[#8:25])(=[#8:27])-[#8:28].[#7:20]1(-[#6@@:21]):[#6:16]2:[#7:15]:[#6:14](:[#7:13]:[#6:12](-[#7:11]):[#6:17]:2:[#7:18]:[#6:19]:1-[#1:61])-[#1:60]),"EVODEX.2-P6079,EVODEX.2-P6039,EVODEX.2-P315,EVODEX.2-P6080,EVODEX.2-P5872"
EVODEX.2-E1092,[#8:14]-[#15:15](=[#8:16])(-[#8:17]-[#1])-[#8:18].([#7:19]-[#6:20]1:[#7:21]:[#6:22](:[#7:23]:[#6:24]2:[#6:25]:1:[#7:26]:[#6:27](:[#7:28]:2-[#6@@:29])-[#1:66])-[#1:65].[#8:33]-[#15:34](=[#8:35])(-[#8:36])-[#8]-[#15](=[#8])(-[#8])-[#8])>>([#8:14]-[#15:15](=[#8:16])(-[#8:17]-[#15:34](-[#8:33])(=[#8:35])-[#8:36])-[#8:18].[#7:28]1(-[#6@@:29]):[#6:24]2:[#7:23]:[#6:22](:[#7:21]:[#6:20](-[#7:19]):[#6:25]:2:[#7:26]:[#6:27]:1-[#1:66])-[#1:65]),"EVODEX.2-P6394,EVODEX.2-P6388,EVODEX.2-P3459,EVODEX.2-P3170,EVODEX.2-P3402"
EVODEX.2-E1093,([#7:25]-[#6:26]1:[#6:27](:[#6:28](:[#7:29](-[#6@@:30]):[#6:51](=[#8:52]):[#7:53]:1)-[#1:57])-[#1:56].[#8:34]-[#15:35](=[#8:36])(-[#8:37])-[#8]-[#15](=[#8])(-[#8])-[#8]).[#8:17]-[#15:18](=[#8:19])(-[#8:20])-[#8:21]-[#1]>>([#8:17]-[#15:18](=[#8:19])(-[#8:20])-[#8:21]-[#15:35](-[#8:34])(=[#8:36])-[#8:37].[#7:29]1(-[#6@@:30]):[#6:28](:[#6:27](:[#6:26](-[#7:25]):[#7:53]:[#6:51]:1=[#8:52])-[#1:56])-[#1:57]),"EVODEX.2-P3418,EVODEX.2-P3419,EVODEX.2-P3399,EVODEX.2-P3422,EVODEX.2-P3455"
EVODEX.2-E1094,[#6:11]/[#6:12](-[#6:13])=[#6:14](/[#6:15](-[#8]-[#15](=[#8])(-[#8])-[#8])(-[#1:80])-[#1:81])-[#1:79].([#6:28]-[#6@:29](-[#7:30])(-[#6:49](=[#8:50])-[#7:51])-[#1:94].[#6:47]-[#16:48]-[#1])>>([#6:11]/[#6:12](-[#6:13])=[#6:14](/[#6:15](-[#16:48]-[#6:47])(-[#1:80])-[#1:81])-[#1:79].[#7:30]-[#6@@:29](-[#6:28])(-[#6:49](=[#8:50])-[#7:51])-[#1:94]),"EVODEX.2-P2713,EVODEX.2-P2707,EVODEX.2-P2705,EVODEX.2-P2702,EVODEX.2-P2699"
EVODEX.2-E1095,[#6:16]/[#6:17](-[#6:18])=[#6:19](/[#6:20](-[#8]-[#15](=[#8])(-[#8])-[#8])(-[#1:89])-[#1:90])-[#1:88].([#6:33]-[#6@:34](-[#7:35]-[#6:36](=[#8:37])-[#6@@:38](-[#7:39])(-[#6:46])-[#1:105])(-[#6:49](=[#8:50])-[#7:51])-[#1:103].[#6:44]-[#16:45]-[#1])>>([#6:16]/[#6:17](-[#6:18])=[#6:19](/[#6:20](-[#16:45]-[#6:44])(-[#1:89])-[#1:90])-[#1:88].[#7:39]-[#6@:38](-[#6:36](-[#7:35]-[#6@@:34](-[#6:33])(-[#6:49](=[#8:50])-[#7:51])-[#1:103])=[#8:37])(-[#6:46])-[#1:105]),"EVODEX.2-P2676,EVODEX.2-P2717,EVODEX.2-P2677,EVODEX.2-P2719,EVODEX.2-P2721"
EVODEX.2-E1096,[#6:16]/[#6:17](-[#6:18])=[#6:19](/[#6:20](-[#8]-[#15](=[#8])(-[#8])-[#8])(-[#1:113])-[#1:114])-[#1:112].([#6:33]-[#6@:34](-[#7:35])(-[#6:79](=[#8:80])-[#8:81])-[#1:127].[#7:43]-[#6:44](=[#8:45])-[#6@@:46](-[#7:47]-[#6:48](=[#8:49])-[#6@:50](-[#6:51]-[#16:52]-[#1])(-[#7:53])-[#1:142])(-[#6:76])-[#1:140])>>([#6:16]/[#6:17](-[#6:18])=[#6:19](/[#6:20](-[#16:52]-[#6:51]-[#6@@:50](-[#6:48](-[#7:47]-[#6@:46](-[#6:44](-[#7:43])=[#8:45])(-[#6:76])-[#1:140])=[#8:49])(-[#7:53])-[#1:142])(-[#1:113])-[#1:114])-[#1:112].[#7:35]-[#6@@:34](-[#6:33])(-[#6:79](=[#8:80])-[#8:81])-[#1:127]),"EVODEX.2-P2732,EVODEX.2-P2753,EVODEX.2-P2747,EVODEX.2-P2736,EVODEX.2-P2727"
EVODEX.2-E1097,[#6:11]/[#6:12](-[#6:13](-[#1:68])(-[#1:69])-[#1])=[#6:14](/[#6:15](-[#8]-[#15](=[#8])(-[#8])-[#8])(-[#1:72])-[#1:73])-[#1:71]>>[#6:11]-[#6:12](=[#6:13](-[#1:68])-[#1:69])-[#6:14](=[#6:15](-[#1:72])-[#1:73])-[#1:71],"EVODEX.2-P5766,EVODEX.2-P5768,EVODEX.2-P5762,EVODEX.2-P5769,EVODEX.2-P5764"
EVODEX.2-E1098,[#6:1](=[#6:2](-[#6:3])-[#6:4](-[#6:5])(-[#1:49])-[#1])(-[#1:44])-[#1:45].[#6:30]-[#6:31](-[#6:32])=[#6:33](-[#6:34](-[#8]-[#15](=[#8])(-[#8])-[#8])(-[#1:87])-[#1:88])-[#1:86]>>[#6:1](-[#6:2](-[#6:3])=[#6:4](-[#6:5])-[#1:49])(-[#6:34](-[#6:33](=[#6:31](-[#6:30])-[#6:32])-[#1:86])(-[#1:87])-[#1:88])(-[#1:44])-[#1:45],"EVODEX.2-P2584,EVODEX.2-P2528,EVODEX.2-P2588,EVODEX.2-P2594,EVODEX.2-P2534"
EVODEX.2-E1099,[#6:1]-[#6:2](-[#6:3])=[#6:4](-[#6:5](-[#8]-[#15](=[#8])(-[#8])-[#8])(-[#1:34])-[#1:35])-[#1:33].[#6:17]-[#6:18]1:[#6:19](:[#7:20](:[#6:21]2:[#6:22](:[#6:23](:[#6:24](:[#6:25](:[#6:26]:1:2)-[#1:50])-[#1:49])-[#1:48])-[#1])-[#1])-[#1:45]>>[#6:1]-[#6:2](-[#6:3])=[#6:4](-[#6:5](-[#6:22]1:[#6:21]2:[#7:20](:[#6:19](:[#6:18](-[#6:17]):[#6:26]:2:[#6:25](:[#6:24](:[#6:23]:1-[#1:48])-[#1:49])-[#1:50])-[#1:45])-[#1])(-[#1:34])-[#1:35])-[#1:33],"EVODEX.2-P2805,EVODEX.2-P2815,EVODEX.2-P2816,EVODEX.2-P2599,EVODEX.2-P2811"
EVODEX.2-E1100,[#6:21]-[#6:22]1:[#6:23](:[#7:24](:[#6:25]2:[#6:26](:[#6:27](:[#6:28](:[#6:29](:[#6:30]:1:2)-[#1])-[#1:43])-[#1:42])-[#1:41])-[#1])-[#1:39].[#6:1]-[#6:2](-[#6:3])=[#6:4](-[#6:5](-[#8]-[#15](=[#8])(-[#8])-[#8])(-[#1:52])-[#1:53])-[#1:51]>>[#6:1]-[#6:2](-[#6:3])=[#6:4](-[#6:5](-[#6:29]1:[#6:28](:[#6:27](:[#6:26](:[#6:25]2:[#7:24](:[#6:23](:[#6:22](-[#6:21]):[#6:30]:1:2)-[#1:39])-[#1])-[#1:41])-[#1:42])-[#1:43])(-[#1:52])-[#1:53])-[#1:51],"EVODEX.2-P2613,EVODEX.2-P2597,EVODEX.2-P2601,EVODEX.2-P2606,EVODEX.2-P2600"
EVODEX.2-E1101,[#6:1]-[#6:2](-[#6:3])=[#6:4](-[#6:5](-[#8]-[#15](=[#8])(-[#8])-[#8])(-[#1:42])-[#1:43])-[#1:41].[#8:15]=[#6:16](-[#6:17])-[#6:26]1:[#6:27](-[#8:28]):[#6:29](:[#6:30](-[#8:31]):[#6:32](:[#6:33]:1-[#8:34])-[#1:59])-[#1]>>[#6:1]-[#6:2](-[#6:3])=[#6:4](-[#6:5](-[#6:29]1:[#6:27](-[#8:28]):[#6:26](-[#6:16](=[#8:15])-[#6:17]):[#6:33](-[#8:34]):[#6:32](:[#6:30]:1-[#8:31])-[#1:59])(-[#1:42])-[#1:43])-[#1:41],"EVODEX.2-P2794,EVODEX.2-P2796,EVODEX.2-P2556,EVODEX.2-P2550,EVODEX.2-P2557"
EVODEX.2-E1102,[#6:16]/[#6:17](-[#6:18])=[#6:19](/[#6:20](-[#8]-[#15](=[#8])(-[#8])-[#8])(-[#1:104])-[#1:105])-[#1:103].[#7:35](-[#6@@:34](-[#6@:32])(-[#6:54](=[#8:55])-[#7:56])-[#1:118])-[#6:36](=[#8:37])-[#6@:38](-[#6:39]-[#16:40]-[#1])(-[#7:41])-[#1:120]>>[#6:16]/[#6:17](-[#6:18])=[#6:19](/[#6:20](-[#16:40]-[#6:39]-[#6@@:38](-[#6:36](-[#7:35]-[#6@@:34](-[#6@:32])(-[#6:54](=[#8:55])-[#7:56])-[#1:118])=[#8:37])(-[#7:41])-[#1:120])(-[#1:104])-[#1:105])-[#1:103],"EVODEX.2-P2728,EVODEX.2-P2733,EVODEX.2-P2750,EVODEX.2-P2748,EVODEX.2-P2759"
EVODEX.2-E1103,[#6:16]/[#6:17](-[#6:18])=[#6:19](/[#6:20](-[#8]-[#15](=[#8])(-[#8])-[#8])(-[#1:106])-[#1:107])-[#1:105].[#6:32]-[#6@:34](-[#7:35]-[#6:36](=[#8:37])-[#6@@:38](-[#7:39]-[#6:40](=[#8:41])-[#6@:42](-[#6:43]-[#16:44]-[#1])(-[#7:45])-[#1:124])(-[#6:62])-[#1:122])(-[#6:65](=[#8:66])-[#7:67])-[#1:120]>>[#6:16]/[#6:17](-[#6:18])=[#6:19](/[#6:20](-[#16:44]-[#6:43]-[#6@@:42](-[#6:40](-[#7:39]-[#6@:38](-[#6:36](-[#7:35]-[#6@@:34](-[#6:32])(-[#6:65](=[#8:66])-[#7:67])-[#1:120])=[#8:37])(-[#6:62])-[#1:122])=[#8:41])(-[#7:45])-[#1:124])(-[#1:106])-[#1:107])-[#1:105],"EVODEX.2-P2686,EVODEX.2-P2696,EVODEX.2-P2692,EVODEX.2-P2693,EVODEX.2-P2688"
EVODEX.2-E1104,[#6:2]-[#6:4](-[#7](-[#1])-[#1])(-[#1:14])-[#1].[#8:6](-[#1])-[#1]>>[#6:2]-[#6:4](=[#8:6])-[#1:14],"EVODEX.2-P1119,EVODEX.2-P1217,EVODEX.2-P1139,EVODEX.2-P1000,EVODEX.2-P1140"
EVODEX.2-E1105,[#6:2]-[#6:3](-[#7](-[#1])-[#1])(-[#6:5])-[#1].[#8:9](-[#1])-[#1]>>[#6:2]-[#6:3](-[#6:5])=[#8:9],"EVODEX.2-P1036,EVODEX.2-P1045,EVODEX.2-P1024,EVODEX.2-P1117,EVODEX.2-P967"
EVODEX.2-E1106,[#6:1](-[#6@:2])(-[#1:14])(-[#1:15])-[#1]>>[#6:1](-[#6@:2])(-[#8]-[#1])(-[#1:14])-[#1:15],"EVODEX.2-P622,EVODEX.2-P623,EVODEX.2-P682,EVODEX.2-P634,EVODEX.2-P681"
EVODEX.2-E1107,[#6:5]-[#6:6](=[#8:7])-[#1]>>[#6:5]-[#6:6](=[#8:7])-[#8]-[#1],"EVODEX.2-P783,EVODEX.2-P780,EVODEX.2-P800,EVODEX.2-P828,EVODEX.2-P796"
EVODEX.2-E1108,[#6:3]-[#16:4]-[#6:5]>>[#6:3]-[#16:4](-[#6:5])=[#8],"EVODEX.2-P591,EVODEX.2-P598,EVODEX.2-P550,EVODEX.2-P592,EVODEX.2-P213"
EVODEX.2-E1109,[#6:51]-[#6:52](-[#6:53])(-[#1:106])-[#1]>>[#6:51]-[#6@:52](-[#6:53])(-[#8]-[#1])-[#1:106],"EVODEX.2-P265,EVODEX.2-P484,EVODEX.2-P342,EVODEX.2-P444,EVODEX.2-P218"
EVODEX.2-E1110,[#7:4]-[#6:5](-[#6:6])(-[#1:29])-[#1]>>[#7:4]-[#6:5](-[#6:6])(-[#8]-[#1])-[#1:29],"EVODEX.2-P435,EVODEX.2-P507,EVODEX.2-P481,EVODEX.2-P430,EVODEX.2-P463"
EVODEX.2-E1111,[#6:2]-[#6:3](-[#16:4])(-[#1:30])-[#1]>>[#6:2]-[#6:3](-[#16:4])(-[#8]-[#1])-[#1:30],"EVODEX.2-P639,EVODEX.2-P495,EVODEX.2-P637,EVODEX.2-P643,EVODEX.2-P648"
EVODEX.2-E1112,[#6:1](-[#7:2](-[#6:3])-[#1])(-[#1:15])(-[#1:16])-[#1]>>[#6:1](=[#8])(-[#1:15])-[#1:16].[#7:2](-[#6:3])(-[#1])-[#1],"EVODEX.2-P1348,EVODEX.2-P1339,EVODEX.2-P1330,EVODEX.2-P1336,EVODEX.2-P1287"
EVODEX.2-E1113,[#6:2]-[#6:4](-[#7:5](-[#1])-[#1])(-[#1:14])-[#1]>>[#6:2]-[#6:4](=[#8])-[#1:14].[#7:5](-[#1])(-[#1])-[#1],"EVODEX.2-P1012,EVODEX.2-P1214,EVODEX.2-P1213,EVODEX.2-P1218,EVODEX.2-P996"
EVODEX.2-E1114,[#6:1]-[#6@:2](-[#6@:3])(-[#6@:11])-[#1]>>[#6:1]-[#6@@:2](-[#6@:3])(-[#6@:11])-[#8]-[#1],"EVODEX.2-P525,EVODEX.2-P754,EVODEX.2-P224,EVODEX.2-P619,EVODEX.2-P497"
EVODEX.2-E1115,[#6:1]-[#6:2](-[#7:3](-[#6:4])-[#1])(-[#1:19])-[#1]>>[#6:1]-[#6:2](=[#8])-[#1:19].[#7:3](-[#6:4])(-[#1])-[#1],"EVODEX.2-P579,EVODEX.2-P1270,EVODEX.2-P577,EVODEX.2-P1296,EVODEX.2-P1310"
EVODEX.2-E1116,[#6:19](-[#6@@:8])(-[#6@:17])=[#6:20](-[#6:21])-[#1:92]>>[#6:21]-[#6@@:20]1(-[#6@@:19](-[#6@@:8])(-[#6@:17])-[#8]-1)-[#1:92],"EVODEX.2-P617,EVODEX.2-P237,EVODEX.2-P613,EVODEX.2-P615,EVODEX.2-P234"
EVODEX.2-E1117,[#6:3]-[#6:4](=[#8:5])-[#6:6](-[#6:7])(-[#1:66])-[#1:67]>>[#6:3]-[#6:4](=[#8:5])-[#8]-[#6:6](-[#6:7])(-[#1:66])-[#1:67],"EVODEX.2-P552,EVODEX.2-P530,EVODEX.2-P551,EVODEX.2-P556,EVODEX.2-P535"
EVODEX.2-E1118,[#7:1](-[#6@:2](-[#6:3])(-[#6:14](=[#8:15])-[#8:16])-[#1])(-[#1])-[#1]>>[#6:2](-[#6:3])(-[#6:14](=[#8:15])-[#8:16])=[#8].[#7:1](-[#1])(-[#1])-[#1],"EVODEX.2-P1071,EVODEX.2-P1051,EVODEX.2-P953,EVODEX.2-P980,EVODEX.2-P1106"
EVODEX.2-E1119,[#6:13]-[#6@:14](-[#7:15](-[#1])-[#1])(-[#6:16])-[#1].[#6:1]-[#6@:2](-[#7:3](-[#1])-[#1])(-[#6:4])-[#1]>>[#6:13]-[#6:14](-[#6:16])=[#8].[#6:1]-[#6:2](-[#6:4])=[#8].[#7:15](-[#1])(-[#1])-[#1].[#7:3](-[#1])(-[#1])-[#1],"EVODEX.2-P934,EVODEX.2-P920,EVODEX.2-P1028,EVODEX.2-P1047,EVODEX.2-P971"
EVODEX.2-E1120,[#6:1]-[#6:2](=[#8:3])-[#6:4](-[#6:5])(-[#6:6])-[#1:62]>>[#6:1]-[#6:2](=[#8:3])-[#8]-[#6@:4](-[#6:5])(-[#6:6])-[#1:62],"EVODEX.2-P536,EVODEX.2-P563,EVODEX.2-P542,EVODEX.2-P543,EVODEX.2-P519"
EVODEX.2-E1121,[#6:20]-[#6:21]1:[#6:22](:[#6:23](:[#6:24](:[#6:25](:[#6:26]:1-[#1:56])-[#1:55])-[#1:54])-[#1:53])-[#1]>>[#6:20]-[#6:21]1:[#6:22](-[#8]-[#1]):[#6:23](:[#6:24](:[#6:25](:[#6:26]:1-[#1:56])-[#1:55])-[#1:54])-[#1:53],"EVODEX.2-P644,EVODEX.2-P593,EVODEX.2-P225,EVODEX.2-P516,EVODEX.2-P583"
EVODEX.2-E1122,[#6:25]-[#6:26]1:[#6:27](:[#6:28](:[#6:29](-[#8:30]):[#6:31](:[#6:32]:1-[#1:66])-[#1:65])-[#1])-[#1:62]>>[#6:25]-[#6:26]1:[#6:27](:[#6:28](-[#8]-[#1]):[#6:29](-[#8:30]):[#6:31](:[#6:32]:1-[#1:66])-[#1:65])-[#1:62],"EVODEX.2-P239,EVODEX.2-P240,EVODEX.2-P679,EVODEX.2-P678,EVODEX.2-P588"
EVODEX.2-E1123,[#6:50]-[#7:51](-[#6@@:52](-[#6:53])(-[#6:58](=[#8:59])-[#8:60])-[#1])-[#1]>>[#6:52](-[#6:53])(-[#6:58](=[#8:59])-[#8:60])=[#8].[#6:50]-[#7:51](-[#1])-[#1],"EVODEX.2-P1220,EVODEX.2-P1272,EVODEX.2-P1253,EVODEX.2-P927,EVODEX.2-P1238"
EVODEX.2-E1124,[#6:8]/[#6:9](=[#6:10](\[#6:11](-[#6:12])(-[#1:42])-[#1])-[#1:41])-[#1:40]>>[#6:8]-[#6@@:9](/[#6:10](=[#6:11](/[#6:12])-[#1:42])-[#1:41])(-[#8]-[#8])-[#1:40],"EVODEX.2-P268,EVODEX.2-P262,EVODEX.2-P259,EVODEX.2-P264,EVODEX.2-P261"
EVODEX.2-E1125,[#6:5]/[#6:6](=[#6:7](\[#6:8](/[#6:9](=[#6:10](\[#6:11])-[#1:50])-[#1:49])(-[#1:47])-[#1])-[#1:46])-[#1:45]>>[#6:5]/[#6:6](=[#6:7](-[#6:8](=[#6:9](/[#6:10](-[#6:11])(-[#8]-[#8])-[#1:50])-[#1:49])\[#1:47])/[#1:46])-[#1:45],"EVODEX.2-P252,EVODEX.2-P250,EVODEX.2-P251,EVODEX.2-P242,EVODEX.2-P249"
EVODEX.2-E1126,[#6:8]-[#6:9](-[#6@:10])(-[#1:44])-[#1].[#6:19]-[#6:20](=[#8:21])-[#6:22](=[#8:23])-[#8:24]-[#1]>>[#6:22](=[#8:23])=[#8:24].[#6:8]-[#6@@:9](-[#6@:10])(-[#8]-[#1])-[#1:44].[#6:19]-[#6:20](=[#8:21])-[#8]-[#1],"EVODEX.2-P447,EVODEX.2-P500,EVODEX.2-P468,EVODEX.2-P456,EVODEX.2-P339"
EVODEX.2-E1127,[#7:4]-[#6:5](-[#6:6])(-[#1:30])-[#1].[#6:18]-[#6:19](=[#8:20])-[#6:21](=[#8:22])-[#8:23]-[#1]>>[#6:21](=[#8:22])=[#8:23].[#7:4]-[#6:5](-[#6:6])(-[#8]-[#1])-[#1:30].[#6:18]-[#6:19](=[#8:20])-[#8]-[#1],"EVODEX.2-P479,EVODEX.2-P433,EVODEX.2-P453,EVODEX.2-P486,EVODEX.2-P749"
EVODEX.2-E1128,[#6:6]-[#8:7]-[#1]>>[#6:6]-[#8:7]-[#16](=[#8])(=[#8])-[#8],"EVODEX.2-P3495,EVODEX.2-P3477,EVODEX.2-P3484,EVODEX.2-P3488,EVODEX.2-P3487"
EVODEX.2-E1129,[#6:53]-[#6:54](=[#8:55])-[#8]-[#1]>>[#6:53]-[#6:54](=[#8:55])-[#1],"EVODEX.2-P793,EVODEX.2-P795,EVODEX.2-P797,EVODEX.2-P71,EVODEX.2-P799"
EVODEX.2-E1130,[#6:62]-[#6@:63](-[#8]-[#1])(-[#6:65])-[#1:130]>>[#6:62]-[#6:63](-[#6:65])(-[#1:130])-[#1],"EVODEX.2-P195,EVODEX.2-P757,EVODEX.2-P334,EVODEX.2-P333,EVODEX.2-P196"
EVODEX.2-E1131,[#6:28](-[#6@:27])(-[#1:120])(-[#1:121])-[#1].[#8:80]=[#8]>>[#6:28](-[#6@:27])(-[#8:80]-[#1])(-[#1:120])-[#1:121],"EVODEX.2-P585,EVODEX.2-P504,EVODEX.2-P633,EVODEX.2-P573,EVODEX.2-P581"
EVODEX.2-E1132,[#6:1]-[#16:2]-[#6:3].[#8]=[#8:61]>>[#6:1]-[#16@:2](-[#6:3])=[#8:61],"EVODEX.2-P568,EVODEX.2-P496,EVODEX.2-P597,EVODEX.2-P599,EVODEX.2-P596"
EVODEX.2-E1133,[#6:3]-[#6:4](-[#6@:5])(-[#1:76])-[#1].[#8:69]=[#8]>>[#6:3]-[#6@@:4](-[#8:69]-[#1])(-[#6@:5])-[#1:76],"EVODEX.2-P618,EVODEX.2-P443,EVODEX.2-P469,EVODEX.2-P470,EVODEX.2-P683"
EVODEX.2-E1134,[#7:4]-[#6:5](-[#6:6])(-[#1:29])-[#1].[#8:23]=[#8]>>[#7:4]-[#6:5](-[#6:6])(-[#8:23]-[#1])-[#1:29],"EVODEX.2-P434,EVODEX.2-P658,EVODEX.2-P488,EVODEX.2-P640,EVODEX.2-P450"
EVODEX.2-E1135,[#6:2]-[#6:3](-[#16:4])(-[#1:30])-[#1].[#8:24]=[#8]>>[#6:2]-[#6:3](-[#16:4])(-[#8:24]-[#1])-[#1:30],"EVODEX.2-P641,EVODEX.2-P646,EVODEX.2-P494,EVODEX.2-P642,EVODEX.2-P647"
EVODEX.2-E1136,[#7:1](-[#1])(-[#1])-[#1].[#8]=[#6:47](-[#6:48])-[#6:50]>>[#7:1](-[#6@:47](-[#6:48])(-[#6:50])-[#1])(-[#1])-[#1],"EVODEX.2-P921,EVODEX.2-P941,EVODEX.2-P923,EVODEX.2-P945,EVODEX.2-P978"
EVODEX.2-E1137,[#6:3]-[#6:4](=[#8:5])-[#6:6](-[#6:7])(-[#1:66])-[#1:67].[#8]=[#8:58]>>[#6:3]-[#6:4](=[#8:5])-[#8:58]-[#6:6](-[#6:7])(-[#1:66])-[#1:67],"EVODEX.2-P528,EVODEX.2-P534,EVODEX.2-P567,EVODEX.2-P570,EVODEX.2-P602"
EVODEX.2-E1138,[#6:1]-[#6:2](=[#8:3])-[#6:4](-[#6:5])(-[#6:6])-[#1:62].[#8]=[#8:58]>>[#6:1]-[#6:2](=[#8:3])-[#8:58]-[#6@:4](-[#6:5])(-[#6:6])-[#1:62],"EVODEX.2-P541,EVODEX.2-P544,EVODEX.2-P538,EVODEX.2-P606,EVODEX.2-P564"
EVODEX.2-E1139,[#7:45](-[#6:46])(-[#1])-[#1].[#6:59]-[#6:60](=[#8])-[#6:62](=[#8:63])-[#8:64]>>[#7:45](-[#6:46])(-[#6@@:60](-[#6:59])(-[#6:62](=[#8:63])-[#8:64])-[#1])-[#1],"EVODEX.2-P1247,EVODEX.2-P1252,EVODEX.2-P926,EVODEX.2-P1243,EVODEX.2-P1235"
EVODEX.2-E1140,[#6:2]-[#6:3](=[#8])-[#6:5](=[#8:6])-[#8:7].[#6:8]-[#6@:9](-[#7:10](-[#1])-[#1])(-[#6:11](=[#8:12])-[#8:13])-[#1:67]>>[#6:2]-[#6:3](-[#6:5](=[#8:6])-[#8:7])(-[#7:10](-[#6@@:9](-[#6:8])(-[#6:11](=[#8:12])-[#8:13])-[#1:67])-[#1])-[#1],"EVODEX.2-P1227,EVODEX.2-P1241,EVODEX.2-P1232,EVODEX.2-P1234,EVODEX.2-P1256"
EVODEX.2-E1141,[#6:1](-[#6:2]1(-[#6:3])-[#16:4]-[#6@:5](-[#6@:6])(-[#7:20]-[#6@:21]-1(-[#6:22](=[#8:23])-[#8:24])-[#1])-[#1:43])(-[#1:37])(-[#1:38])-[#1].[#8]=[#8:36]>>[#6:1]1(-[#6:2](-[#6:3])=[#6:21](-[#6:22](=[#8:23])-[#8:24])-[#7:20]-[#6@:5](-[#16:4]-1)(-[#6@:6])-[#1:43])(-[#1:37])-[#1:38].[#8:36](-[#1])-[#1],"EVODEX.2-P705,EVODEX.2-P718,EVODEX.2-P699,EVODEX.2-P691,EVODEX.2-P727"
EVODEX.2-E1142,[#6:49]-[#8:50]-[#16](=[#8])(=[#8])-[#8]>>[#6:49]-[#8:50]-[#1],"EVODEX.2-P3496,EVODEX.2-P3502,EVODEX.2-P3507,EVODEX.2-P3493,EVODEX.2-P3492"
EVODEX.2-E1143,[#8](-[#6@:4](-[#6@:2])(-[#6@@:10])-[#1:22])-[#16](=[#8])(=[#8])-[#8]>>[#8](-[#6@:4](-[#6@:2])(-[#6@@:10])-[#1:22])-[#1],"EVODEX.2-P4049,EVODEX.2-P4033,EVODEX.2-P4042,EVODEX.2-P4034,EVODEX.2-P4017"
