id,smirks,sources,hash
EVODEX.1-C1,[#6:5]-[#8:6].[H]-[#8:44]>>[#6:5]-[#8:44].[H]-[#8:6],"EVODEX.1-P1486,EVODEX.1-P1490,EVODEX.1-P2094,EVODEX.1-P2099,EVODEX.1-P2236,EVODEX.1-P2251,EVODEX.1-P2256,EVODEX.1-P2260,EVODEX.1-P2262,EVODEX.1-P2272,EVODEX.1-P2275,EVODEX.1-P2288,EVODEX.1-P2302,EVODEX.1-P2354,EVODEX.1-P2356,EVODEX.1-P2358,EVODEX.1-P2360,EVODEX.1-P2368,EVODEX.1-P2373,EVODEX.1-P2374,EVODEX.1-P2375,EVODEX.1-P2386,EVODEX.1-P2387,EVODEX.1-P2388,EVODEX.1-P2397,EVODEX.1-P2402,EVODEX.1-P2405,EVODEX.1-P2407,EVODEX.1-P2423,EVODEX.1-P2424,EVODEX.1-P2425,EVODEX.1-P2426,EVODEX.1-P2435,EVODEX.1-P2436,EVODEX.1-P2437,EVODEX.1-P2439,EVODEX.1-P2443,EVODEX.1-P2448,EVODEX.1-P2453,EVODEX.1-P2455,EVODEX.1-P2483,EVODEX.1-P2549,EVODEX.1-P2551,EVODEX.1-P2555,EVODEX.1-P2593,EVODEX.1-P2607,EVODEX.1-P2608,EVODEX.1-P2620,EVODEX.1-P2652,EVODEX.1-P2655,EVODEX.1-P3613,EVODEX.1-P3674,EVODEX.1-P3686,EVODEX.1-P3849,EVODEX.1-P3851,EVODEX.1-P3888,EVODEX.1-P3892,EVODEX.1-P3902,EVODEX.1-P3904,EVODEX.1-P3923,EVODEX.1-P3924,EVODEX.1-P3945,EVODEX.1-P3949,EVODEX.1-P3951,EVODEX.1-P3953,EVODEX.1-P3954,EVODEX.1-P3993,EVODEX.1-P3999,EVODEX.1-P4017,EVODEX.1-P4025,EVODEX.1-P4065,EVODEX.1-P4066,EVODEX.1-P4079,EVODEX.1-P4081,EVODEX.1-P4084,EVODEX.1-P4086,EVODEX.1-P4087,EVODEX.1-P4095,EVODEX.1-P4097,EVODEX.1-P4099,EVODEX.1-P4101,EVODEX.1-P4103,EVODEX.1-P4105,EVODEX.1-P4110,EVODEX.1-P4112,EVODEX.1-P4117,EVODEX.1-P4126,EVODEX.1-P4127,EVODEX.1-P4128,EVODEX.1-P4131,EVODEX.1-P4134,EVODEX.1-P4177,EVODEX.1-P4178,EVODEX.1-P4182,EVODEX.1-P4198,EVODEX.1-P4200,EVODEX.1-P4201,EVODEX.1-P4203,EVODEX.1-P4212,EVODEX.1-P4216,EVODEX.1-P4224,EVODEX.1-P4226,EVODEX.1-P4229,EVODEX.1-P4255,EVODEX.1-P4259,EVODEX.1-P4260,EVODEX.1-P4268,EVODEX.1-P4272,EVODEX.1-P4275,EVODEX.1-P4278,EVODEX.1-P4280,EVODEX.1-P4287,EVODEX.1-P4289,EVODEX.1-P4326,EVODEX.1-P4328,EVODEX.1-P4335,EVODEX.1-P4342,EVODEX.1-P4383,EVODEX.1-P4397,EVODEX.1-P4400,EVODEX.1-P4414,EVODEX.1-P4416,EVODEX.1-P4418,EVODEX.1-P4424,EVODEX.1-P4446,EVODEX.1-P4467,EVODEX.1-P4469,EVODEX.1-P4479,EVODEX.1-P4486,EVODEX.1-P4501,EVODEX.1-P4503,EVODEX.1-P4530,EVODEX.1-P4531,EVODEX.1-P4540,EVODEX.1-P4542,EVODEX.1-P4912,EVODEX.1-P5133,EVODEX.1-P5199,EVODEX.1-P5214,EVODEX.1-P5228,EVODEX.1-P5495,EVODEX.1-P5674,EVODEX.1-P5984,EVODEX.1-P6020,EVODEX.1-P6022,EVODEX.1-P6024,EVODEX.1-P7560,EVODEX.1-P7563,EVODEX.1-P7565",79535855993873753855197657775813654464204037849183019007156625316218762595977
EVODEX.1-C2,[#6:24]-[#16:26].[H]-[#8:34]>>[#6:24]-[#8:34].[H]-[#16:26],"EVODEX.1-P1228,EVODEX.1-P1246,EVODEX.1-P1294,EVODEX.1-P1308,EVODEX.1-P1415,EVODEX.1-P1431,EVODEX.1-P1436,EVODEX.1-P1438,EVODEX.1-P1439,EVODEX.1-P1440,EVODEX.1-P1441,EVODEX.1-P1443,EVODEX.1-P1445,EVODEX.1-P1450,EVODEX.1-P1455,EVODEX.1-P1465,EVODEX.1-P1466,EVODEX.1-P1469,EVODEX.1-P1500,EVODEX.1-P1527,EVODEX.1-P1567,EVODEX.1-P1602,EVODEX.1-P1605,EVODEX.1-P1607,EVODEX.1-P1610,EVODEX.1-P1620,EVODEX.1-P1625,EVODEX.1-P1630,EVODEX.1-P1631,EVODEX.1-P1638,EVODEX.1-P1662,EVODEX.1-P1678,EVODEX.1-P1680,EVODEX.1-P1682,EVODEX.1-P1685,EVODEX.1-P1700,EVODEX.1-P1728,EVODEX.1-P1729,EVODEX.1-P1803,EVODEX.1-P1830,EVODEX.1-P1831,EVODEX.1-P1834,EVODEX.1-P1856,EVODEX.1-P1873,EVODEX.1-P1912,EVODEX.1-P2042,EVODEX.1-P2063,EVODEX.1-P2624,EVODEX.1-P2629,EVODEX.1-P2636,EVODEX.1-P2650,EVODEX.1-P4088,EVODEX.1-P4160,EVODEX.1-P4163,EVODEX.1-P4165,EVODEX.1-P4169,EVODEX.1-P4356,EVODEX.1-P4357,EVODEX.1-P4361,EVODEX.1-P4363,EVODEX.1-P4367,EVODEX.1-P4548,EVODEX.1-P4549,EVODEX.1-P4973,EVODEX.1-P4975,EVODEX.1-P5181",81582122557947224528069682504971246475590793467560143129841362059792626925428
EVODEX.1-C3,[H]-[#8:5]-[#6:4]-[#6:6]>>[#6:4]=[#8:5].[H]-[#6:6],"EVODEX.1-P1393,EVODEX.1-P6140,EVODEX.1-P6147,EVODEX.1-P6148,EVODEX.1-P6152,EVODEX.1-P6153,EVODEX.1-P6157,EVODEX.1-P6158,EVODEX.1-P6159,EVODEX.1-P6161,EVODEX.1-P6162,EVODEX.1-P6164,EVODEX.1-P6168,EVODEX.1-P6169,EVODEX.1-P6172,EVODEX.1-P6173,EVODEX.1-P6175,EVODEX.1-P6177,EVODEX.1-P6179,EVODEX.1-P6183,EVODEX.1-P6190,EVODEX.1-P6194,EVODEX.1-P6195,EVODEX.1-P6197,EVODEX.1-P6198,EVODEX.1-P6201,EVODEX.1-P6204,EVODEX.1-P6206,EVODEX.1-P6207,EVODEX.1-P6210,EVODEX.1-P6212,EVODEX.1-P6213,EVODEX.1-P6214,EVODEX.1-P6216,EVODEX.1-P6219,EVODEX.1-P6221,EVODEX.1-P6225,EVODEX.1-P6228,EVODEX.1-P6234,EVODEX.1-P6237,EVODEX.1-P6244,EVODEX.1-P6248,EVODEX.1-P6250,EVODEX.1-P6253,EVODEX.1-P6264,EVODEX.1-P6266,EVODEX.1-P6268,EVODEX.1-P6289,EVODEX.1-P6290,EVODEX.1-P6298,EVODEX.1-P6299,EVODEX.1-P6302,EVODEX.1-P6306,EVODEX.1-P6348,EVODEX.1-P6349,EVODEX.1-P6351,EVODEX.1-P6356,EVODEX.1-P6358,EVODEX.1-P6365,EVODEX.1-P6369,EVODEX.1-P6371,EVODEX.1-P6375",94752664180761301346748769349357810245613726220767094541429282970693452042673
EVODEX.1-C4,[H]-[#6:5]>>[H]-[#8]-[#6:5],"EVODEX.1-P125,EVODEX.1-P196,EVODEX.1-P204,EVODEX.1-P266,EVODEX.1-P319,EVODEX.1-P322,EVODEX.1-P332,EVODEX.1-P339,EVODEX.1-P375,EVODEX.1-P389,EVODEX.1-P403,EVODEX.1-P413,EVODEX.1-P431,EVODEX.1-P439,EVODEX.1-P480,EVODEX.1-P520,EVODEX.1-P531,EVODEX.1-P532,EVODEX.1-P534,EVODEX.1-P535,EVODEX.1-P536,EVODEX.1-P538,EVODEX.1-P549,EVODEX.1-P550,EVODEX.1-P553,EVODEX.1-P567,EVODEX.1-P572,EVODEX.1-P577,EVODEX.1-P586,EVODEX.1-P648,EVODEX.1-P654,EVODEX.1-P655,EVODEX.1-P656,EVODEX.1-P658,EVODEX.1-P661,EVODEX.1-P681,EVODEX.1-P683,EVODEX.1-P684,EVODEX.1-P690,EVODEX.1-P698,EVODEX.1-P699,EVODEX.1-P703,EVODEX.1-P746,EVODEX.1-P758,EVODEX.1-P780",7658333238762516303174654350227624128909948153438109058009281243437025827003
EVODEX.1-C5,[H]-[#8]-[#6@]1(-[H])-[#6@](-[H])(-[#8]-[#15](=[#8])(-[#8]-[H])-[#8]-[H])-[#6@@](-[H])(-[#6](-[H])(-[H])-[#8]-[#15](=[#8])(-[#8]-[H])-[#8]-[#15](=[#8])(-[#8]-[H])-[#8]-[#6](-[H])(-[H])-[#6](-[#6](-[H])(-[H])-[H])(-[#6](-[H])(-[H])-[H])-[#6@@](-[H])(-[#8]-[H])-[#6](=[#8])-[#7](-[H])-[#6](-[H])(-[H])-[#6](-[H])(-[H])-[#6](=[#8])-[#7](-[H])-[#6](-[H])(-[H])-[#6](-[H])(-[H])-[#16]-[#6:49])-[#8]-[#6@@]-1(-[H])-[#7]1:[#6](-[H]):[#7]:[#6]2:[#6](-[#7](-[H])-[H]):[#7]:[#6](-[H]):[#7]:[#6]:1:2.[H]-[#8:61]>>[#6:49]-[#8:61],"EVODEX.1-P1430,EVODEX.1-P1434,EVODEX.1-P1437,EVODEX.1-P1442,EVODEX.1-P1444,EVODEX.1-P1446,EVODEX.1-P1449,EVODEX.1-P1451,EVODEX.1-P1467,EVODEX.1-P1470,EVODEX.1-P1512,EVODEX.1-P1515,EVODEX.1-P1528,EVODEX.1-P1598,EVODEX.1-P1599,EVODEX.1-P1603,EVODEX.1-P1621,EVODEX.1-P1627,EVODEX.1-P1632,EVODEX.1-P1635,EVODEX.1-P1639,EVODEX.1-P1641,EVODEX.1-P1663,EVODEX.1-P1667,EVODEX.1-P1670,EVODEX.1-P1679,EVODEX.1-P1686,EVODEX.1-P1718,EVODEX.1-P1804,EVODEX.1-P1832,EVODEX.1-P1835,EVODEX.1-P1911,EVODEX.1-P1913,EVODEX.1-P1915,EVODEX.1-P1918,EVODEX.1-P1938,EVODEX.1-P1942,EVODEX.1-P4156,EVODEX.1-P4158,EVODEX.1-P4159,EVODEX.1-P4162,EVODEX.1-P4166",96867287039827882315235583109764886930173040355578584073207674304489166436266
EVODEX.1-C6,[H]-[#16:48].[#6:51]-[#8:53]>>[#16:48]-[#6:51].[H]-[#8:53],"EVODEX.1-P1413,EVODEX.1-P1471,EVODEX.1-P1472,EVODEX.1-P1481,EVODEX.1-P1513,EVODEX.1-P1517,EVODEX.1-P1529,EVODEX.1-P1629,EVODEX.1-P1688,EVODEX.1-P1806,EVODEX.1-P2062,EVODEX.1-P2621,EVODEX.1-P2633,EVODEX.1-P2642,EVODEX.1-P2648,EVODEX.1-P2659,EVODEX.1-P2662,EVODEX.1-P2667,EVODEX.1-P2678,EVODEX.1-P2692,EVODEX.1-P2694,EVODEX.1-P2696,EVODEX.1-P2700,EVODEX.1-P2701,EVODEX.1-P2703,EVODEX.1-P2711,EVODEX.1-P2714,EVODEX.1-P2716,EVODEX.1-P2718,EVODEX.1-P2719,EVODEX.1-P2723,EVODEX.1-P2734,EVODEX.1-P2736,EVODEX.1-P2739,EVODEX.1-P2742,EVODEX.1-P2745,EVODEX.1-P2747,EVODEX.1-P2749,EVODEX.1-P2751,EVODEX.1-P2757,EVODEX.1-P6776",95059962771260695119767724070911962902530312848691638716388356657072528296489
EVODEX.1-C7,[#6:3]-[#8:4]>>[H]-[#8]-[#6:3].[H]-[#8:4],"EVODEX.1-P3870,EVODEX.1-P3876,EVODEX.1-P3899,EVODEX.1-P3903,EVODEX.1-P3913,EVODEX.1-P3914,EVODEX.1-P3916,EVODEX.1-P3922,EVODEX.1-P3926,EVODEX.1-P3990,EVODEX.1-P3992,EVODEX.1-P4004,EVODEX.1-P4033,EVODEX.1-P4057,EVODEX.1-P4092,EVODEX.1-P4096,EVODEX.1-P4104,EVODEX.1-P4108,EVODEX.1-P4116,EVODEX.1-P4121,EVODEX.1-P4174,EVODEX.1-P4186,EVODEX.1-P4199,EVODEX.1-P4202,EVODEX.1-P4211,EVODEX.1-P4234,EVODEX.1-P4277,EVODEX.1-P4282,EVODEX.1-P4290,EVODEX.1-P4294,EVODEX.1-P4296,EVODEX.1-P4369,EVODEX.1-P4428,EVODEX.1-P4440,EVODEX.1-P4442,EVODEX.1-P4883,EVODEX.1-P5139,EVODEX.1-P5645,EVODEX.1-P5987,EVODEX.1-P6023,EVODEX.1-P6025",31947107034880472820539758086674878441860977210822288451672896027079454440585
EVODEX.1-C8,[H]-[#6:1].[#6:12]=[#8:13]>>[H]-[#8:13]-[#6:12]-[#6:1],"EVODEX.1-P5292,EVODEX.1-P5294,EVODEX.1-P5295,EVODEX.1-P5296,EVODEX.1-P5299,EVODEX.1-P6141,EVODEX.1-P6186,EVODEX.1-P6188,EVODEX.1-P6191,EVODEX.1-P6193,EVODEX.1-P6215,EVODEX.1-P6217,EVODEX.1-P6218,EVODEX.1-P6220,EVODEX.1-P6223,EVODEX.1-P6224,EVODEX.1-P6230,EVODEX.1-P6232,EVODEX.1-P6236,EVODEX.1-P6240,EVODEX.1-P6242,EVODEX.1-P6243,EVODEX.1-P6245,EVODEX.1-P6251,EVODEX.1-P6255,EVODEX.1-P6257,EVODEX.1-P6277,EVODEX.1-P6286,EVODEX.1-P6287,EVODEX.1-P6288,EVODEX.1-P6291,EVODEX.1-P6296,EVODEX.1-P6300,EVODEX.1-P6304,EVODEX.1-P6307,EVODEX.1-P6350,EVODEX.1-P6352,EVODEX.1-P6364,EVODEX.1-P6366,EVODEX.1-P6374",68036330113050623325496232606541357053221093526423755254613524811111330047048
EVODEX.1-C9,[#8:49]=[#6:50]>>[H]-[#8:49]-[#6:50]-[H],"EVODEX.1-P1191,EVODEX.1-P1192,EVODEX.1-P1193,EVODEX.1-P1194,EVODEX.1-P1195,EVODEX.1-P1196,EVODEX.1-P1197,EVODEX.1-P1198,EVODEX.1-P12,EVODEX.1-P13,EVODEX.1-P14,EVODEX.1-P153,EVODEX.1-P154,EVODEX.1-P155,EVODEX.1-P157,EVODEX.1-P16,EVODEX.1-P161,EVODEX.1-P176,EVODEX.1-P18,EVODEX.1-P19,EVODEX.1-P20,EVODEX.1-P23,EVODEX.1-P27,EVODEX.1-P30,EVODEX.1-P31,EVODEX.1-P36,EVODEX.1-P46,EVODEX.1-P48,EVODEX.1-P50,EVODEX.1-P61,EVODEX.1-P64,EVODEX.1-P67,EVODEX.1-P76,EVODEX.1-P809,EVODEX.1-P87,EVODEX.1-P88,EVODEX.1-P92,EVODEX.1-P94",69687195336298816716417201063201664859251112137279592445374552918464199608476
EVODEX.1-C10,[#6:2]-[#8:4].[H]-[#7:19]>>[#6:2]-[#7:19].[H]-[#8:4],"EVODEX.1-P1346,EVODEX.1-P1354,EVODEX.1-P1357,EVODEX.1-P2561,EVODEX.1-P2578,EVODEX.1-P2580,EVODEX.1-P2595,EVODEX.1-P2596,EVODEX.1-P4061,EVODEX.1-P4704,EVODEX.1-P4724,EVODEX.1-P5024,EVODEX.1-P5025,EVODEX.1-P5029,EVODEX.1-P5076,EVODEX.1-P5083,EVODEX.1-P5084,EVODEX.1-P5095,EVODEX.1-P5098,EVODEX.1-P5103,EVODEX.1-P5104,EVODEX.1-P5107,EVODEX.1-P5110,EVODEX.1-P5112,EVODEX.1-P5113,EVODEX.1-P5211,EVODEX.1-P5215,EVODEX.1-P5469,EVODEX.1-P5484,EVODEX.1-P5572,EVODEX.1-P5597,EVODEX.1-P5608,EVODEX.1-P5625,EVODEX.1-P5687,EVODEX.1-P5689,EVODEX.1-P5694,EVODEX.1-P5789,EVODEX.1-P5791",9502847334018884410427900876213425293223052523111802152977009596768269612973
EVODEX.1-C11,[#16:2]-[#6:3].[H]-[#7:35]>>[#6:3]-[#7:35].[#16:2],"EVODEX.1-P1232,EVODEX.1-P1233,EVODEX.1-P1264,EVODEX.1-P1277,EVODEX.1-P1282,EVODEX.1-P1290,EVODEX.1-P1292,EVODEX.1-P1310,EVODEX.1-P1418,EVODEX.1-P1448,EVODEX.1-P1463,EVODEX.1-P1525,EVODEX.1-P1539,EVODEX.1-P1551,EVODEX.1-P1589,EVODEX.1-P1706,EVODEX.1-P1709,EVODEX.1-P1730,EVODEX.1-P1776,EVODEX.1-P1825,EVODEX.1-P1827,EVODEX.1-P1837,EVODEX.1-P1843,EVODEX.1-P2065,EVODEX.1-P2069,EVODEX.1-P2071,EVODEX.1-P2105,EVODEX.1-P2109,EVODEX.1-P2110,EVODEX.1-P2111,EVODEX.1-P2115,EVODEX.1-P2542,EVODEX.1-P2545,EVODEX.1-P2547,EVODEX.1-P2583,EVODEX.1-P2592",30756538215720276003269269547389141451238676794454816572259118990247041208713
EVODEX.1-C12,[#7:23]-[#6:24].[H]-[#8:1]>>[H]-[#7:23].[#8:1]-[#6:24],"EVODEX.1-P4062,EVODEX.1-P4094,EVODEX.1-P4578,EVODEX.1-P4650,EVODEX.1-P4703,EVODEX.1-P4764,EVODEX.1-P4766,EVODEX.1-P4822,EVODEX.1-P4847,EVODEX.1-P4856,EVODEX.1-P5122,EVODEX.1-P5134,EVODEX.1-P5137,EVODEX.1-P5231,EVODEX.1-P5423,EVODEX.1-P5443,EVODEX.1-P5447,EVODEX.1-P5472,EVODEX.1-P5493,EVODEX.1-P5545,EVODEX.1-P5624,EVODEX.1-P5627,EVODEX.1-P5642,EVODEX.1-P5661,EVODEX.1-P5665,EVODEX.1-P5667,EVODEX.1-P5702,EVODEX.1-P5705,EVODEX.1-P5716,EVODEX.1-P5718,EVODEX.1-P5723,EVODEX.1-P5773,EVODEX.1-P5775,EVODEX.1-P5776,EVODEX.1-P5803,EVODEX.1-P5842",10597028619695677331734622004896914899386190707852753758247727715804703291543
EVODEX.1-C13,[#6:2]-[#7:3].[H]-[#7:5]>>[#6:2]-[#7:5].[H]-[#7:3],"EVODEX.1-P1269,EVODEX.1-P1270,EVODEX.1-P1325,EVODEX.1-P1328,EVODEX.1-P1332,EVODEX.1-P1333,EVODEX.1-P1334,EVODEX.1-P1358,EVODEX.1-P1360,EVODEX.1-P1361,EVODEX.1-P1363,EVODEX.1-P1365,EVODEX.1-P2121,EVODEX.1-P2124,EVODEX.1-P2127,EVODEX.1-P2133,EVODEX.1-P2139,EVODEX.1-P2140,EVODEX.1-P2142,EVODEX.1-P2614,EVODEX.1-P2615,EVODEX.1-P2616,EVODEX.1-P5274,EVODEX.1-P5275,EVODEX.1-P5463,EVODEX.1-P5466,EVODEX.1-P5467,EVODEX.1-P5471,EVODEX.1-P5490,EVODEX.1-P5497,EVODEX.1-P5573,EVODEX.1-P5634,EVODEX.1-P5637,EVODEX.1-P5678,EVODEX.1-P5681",7268726192502722315183590942369416146528839315951422092585403547173053006938
EVODEX.1-C14,[H]-[#6@@:14]-[#7:13].[#6:8]=[#8:9]>>[H]-[#6@:8]-[#7:13].[#8:9]=[#6:14],"EVODEX.1-P2812,EVODEX.1-P2833,EVODEX.1-P2844,EVODEX.1-P2857,EVODEX.1-P2890,EVODEX.1-P2897,EVODEX.1-P2898,EVODEX.1-P2901,EVODEX.1-P2903,EVODEX.1-P2904,EVODEX.1-P2905,EVODEX.1-P2910,EVODEX.1-P2931,EVODEX.1-P2932,EVODEX.1-P2948,EVODEX.1-P2982,EVODEX.1-P2984,EVODEX.1-P2986,EVODEX.1-P2995,EVODEX.1-P3025,EVODEX.1-P3082,EVODEX.1-P3086,EVODEX.1-P3087,EVODEX.1-P3090,EVODEX.1-P3091,EVODEX.1-P3099,EVODEX.1-P3112,EVODEX.1-P3126,EVODEX.1-P3175,EVODEX.1-P3214,EVODEX.1-P3215,EVODEX.1-P3221,EVODEX.1-P3223",115596296927518759498551322062636107584951009212358235611747051710495390148752
EVODEX.1-C15,[H]-[#8:18]>>[H]-[#8]-[#15](=[#8])(-[#8]-[H])-[#8:18],"EVODEX.1-P3237,EVODEX.1-P3243,EVODEX.1-P3251,EVODEX.1-P3253,EVODEX.1-P3269,EVODEX.1-P3270,EVODEX.1-P3279,EVODEX.1-P3285,EVODEX.1-P3300,EVODEX.1-P3331,EVODEX.1-P3335,EVODEX.1-P3337,EVODEX.1-P3340,EVODEX.1-P3354,EVODEX.1-P3372,EVODEX.1-P3374,EVODEX.1-P3376,EVODEX.1-P3387,EVODEX.1-P3390,EVODEX.1-P3392,EVODEX.1-P3427,EVODEX.1-P3453,EVODEX.1-P3473,EVODEX.1-P3526,EVODEX.1-P3528,EVODEX.1-P3532,EVODEX.1-P3546,EVODEX.1-P3548,EVODEX.1-P3550,EVODEX.1-P3553,EVODEX.1-P3571,EVODEX.1-P3574,EVODEX.1-P3606",3408185313409880629000561403046081354051537631276502710784630742832871861689
EVODEX.1-C16,[H]-[#7:1].[H]-[#8]-[#6:16]>>[#7:1]-[#6:16],"EVODEX.1-P4995,EVODEX.1-P5075,EVODEX.1-P5077,EVODEX.1-P5078,EVODEX.1-P5090,EVODEX.1-P5099,EVODEX.1-P5105,EVODEX.1-P5106,EVODEX.1-P5108,EVODEX.1-P5109,EVODEX.1-P5111,EVODEX.1-P5578,EVODEX.1-P5602,EVODEX.1-P5668,EVODEX.1-P5672,EVODEX.1-P5673,EVODEX.1-P5675,EVODEX.1-P5691,EVODEX.1-P5701,EVODEX.1-P5784,EVODEX.1-P5825,EVODEX.1-P6825,EVODEX.1-P6826,EVODEX.1-P6900,EVODEX.1-P6905,EVODEX.1-P6920,EVODEX.1-P7052,EVODEX.1-P7064,EVODEX.1-P7071,EVODEX.1-P7082,EVODEX.1-P7096,EVODEX.1-P7111",46825248069720205501592594979669229540899617513122328368452336587348170293017
EVODEX.1-C17,[H]-[#8]-[#6](=[#8])-[#6:3]>>[H]-[#6:3],"EVODEX.1-P3819,EVODEX.1-P6144,EVODEX.1-P6149,EVODEX.1-P6150,EVODEX.1-P6151,EVODEX.1-P6154,EVODEX.1-P6155,EVODEX.1-P6156,EVODEX.1-P6160,EVODEX.1-P6163,EVODEX.1-P6165,EVODEX.1-P6166,EVODEX.1-P6167,EVODEX.1-P6171,EVODEX.1-P6174,EVODEX.1-P6176,EVODEX.1-P6178,EVODEX.1-P6189,EVODEX.1-P6192,EVODEX.1-P6196,EVODEX.1-P6199,EVODEX.1-P6200,EVODEX.1-P6202,EVODEX.1-P6203,EVODEX.1-P6205,EVODEX.1-P6208,EVODEX.1-P6209,EVODEX.1-P6211,EVODEX.1-P83,EVODEX.1-P86",114509371435608681161237829189756959614484465104264812456263276278234197533026
EVODEX.1-C18,[H]-[#6:1]-[#7:2]>>[#8]=[#6:1].[H]-[#7:2],"EVODEX.1-P1046,EVODEX.1-P1049,EVODEX.1-P1052,EVODEX.1-P1079,EVODEX.1-P1085,EVODEX.1-P1089,EVODEX.1-P1091,EVODEX.1-P1097,EVODEX.1-P1098,EVODEX.1-P1106,EVODEX.1-P1107,EVODEX.1-P1119,EVODEX.1-P1130,EVODEX.1-P1149,EVODEX.1-P1157,EVODEX.1-P1171,EVODEX.1-P1174,EVODEX.1-P1177,EVODEX.1-P1183,EVODEX.1-P472,EVODEX.1-P888,EVODEX.1-P895,EVODEX.1-P899,EVODEX.1-P902,EVODEX.1-P907,EVODEX.1-P921,EVODEX.1-P932,EVODEX.1-P939,EVODEX.1-P966,EVODEX.1-P978",75964823386361656519368458748690147254250300933473149852496232777956808828148
EVODEX.1-C19,[H]-[#6:1]-[#7:2].[H]-[#8:12]-[H]>>[#6:1]=[#8:12].[H]-[#7:2],"EVODEX.1-P1000,EVODEX.1-P1001,EVODEX.1-P1010,EVODEX.1-P1023,EVODEX.1-P1024,EVODEX.1-P1042,EVODEX.1-P1065,EVODEX.1-P1083,EVODEX.1-P1086,EVODEX.1-P1094,EVODEX.1-P1116,EVODEX.1-P1118,EVODEX.1-P1121,EVODEX.1-P1150,EVODEX.1-P1151,EVODEX.1-P1154,EVODEX.1-P1160,EVODEX.1-P1166,EVODEX.1-P1175,EVODEX.1-P1178,EVODEX.1-P1181,EVODEX.1-P882,EVODEX.1-P897,EVODEX.1-P901,EVODEX.1-P910,EVODEX.1-P926,EVODEX.1-P937,EVODEX.1-P946,EVODEX.1-P950,EVODEX.1-P980",100093453132787568810417642957544039452754934234289703155979427318555745654299
EVODEX.1-C20,[#6:1]-[#6@@:2].[H]-[#6:61]>>[H]-[#6:2].[#6:1]-[#6@@:61],"EVODEX.1-P1337,EVODEX.1-P1338,EVODEX.1-P1339,EVODEX.1-P1341,EVODEX.1-P1401,EVODEX.1-P2806,EVODEX.1-P2848,EVODEX.1-P2877,EVODEX.1-P2902,EVODEX.1-P2918,EVODEX.1-P3005,EVODEX.1-P3006,EVODEX.1-P3045,EVODEX.1-P3050,EVODEX.1-P3052,EVODEX.1-P3058,EVODEX.1-P3060,EVODEX.1-P3062,EVODEX.1-P3064,EVODEX.1-P3065,EVODEX.1-P3074,EVODEX.1-P3075,EVODEX.1-P3101,EVODEX.1-P3138,EVODEX.1-P3160,EVODEX.1-P3162,EVODEX.1-P3164,EVODEX.1-P3168,EVODEX.1-P3784,EVODEX.1-P3805",69827432516963393511831834605881640945535302644873911736825391561046448604470
EVODEX.1-C21,[H]-[#6@@:2].[#8]=[#8:83]>>[H]-[#8:83]-[#6@:2],"EVODEX.1-P195,EVODEX.1-P198,EVODEX.1-P199,EVODEX.1-P200,EVODEX.1-P321,EVODEX.1-P346,EVODEX.1-P363,EVODEX.1-P368,EVODEX.1-P401,EVODEX.1-P402,EVODEX.1-P438,EVODEX.1-P454,EVODEX.1-P478,EVODEX.1-P479,EVODEX.1-P521,EVODEX.1-P522,EVODEX.1-P530,EVODEX.1-P540,EVODEX.1-P541,EVODEX.1-P551,EVODEX.1-P552,EVODEX.1-P566,EVODEX.1-P570,EVODEX.1-P571,EVODEX.1-P578,EVODEX.1-P583,EVODEX.1-P587,EVODEX.1-P649",96729460002140593008302924418407334703449518987133354373307579233352581671288
EVODEX.1-C22,([#8:10]-[#15:11].[#6@:15]-[#6@:17]).[H]-[#8:35]>>([H]-[#8:10].[#6@@:17]-[#6@@:15]).[#15:11]-[#8:35],"EVODEX.1-P3252,EVODEX.1-P3259,EVODEX.1-P3280,EVODEX.1-P3299,EVODEX.1-P3317,EVODEX.1-P3324,EVODEX.1-P3330,EVODEX.1-P3339,EVODEX.1-P3344,EVODEX.1-P3353,EVODEX.1-P3386,EVODEX.1-P3388,EVODEX.1-P3395,EVODEX.1-P3426,EVODEX.1-P3429,EVODEX.1-P3449,EVODEX.1-P3472,EVODEX.1-P3527,EVODEX.1-P3531,EVODEX.1-P3533,EVODEX.1-P3566,EVODEX.1-P3568,EVODEX.1-P3572,EVODEX.1-P3598,EVODEX.1-P3604,EVODEX.1-P4154,EVODEX.1-P4185,EVODEX.1-P4213",105078308436245085952842956298870427322543507220899266879430964478708999236414
EVODEX.1-C23,[#7:4]-[#6:5]>>[H]-[#7:4].[H]-[#8]-[#6:5],"EVODEX.1-P2167,EVODEX.1-P4059,EVODEX.1-P4652,EVODEX.1-P4664,EVODEX.1-P4760,EVODEX.1-P4804,EVODEX.1-P4823,EVODEX.1-P4857,EVODEX.1-P5088,EVODEX.1-P5212,EVODEX.1-P5449,EVODEX.1-P5513,EVODEX.1-P5514,EVODEX.1-P5577,EVODEX.1-P5604,EVODEX.1-P5621,EVODEX.1-P5630,EVODEX.1-P5644,EVODEX.1-P5664,EVODEX.1-P5666,EVODEX.1-P5685,EVODEX.1-P5721,EVODEX.1-P5722,EVODEX.1-P5724,EVODEX.1-P5725,EVODEX.1-P5797,EVODEX.1-P6127",78073001347134999771994530458810173134556617433283251581140488981041513695716
EVODEX.1-C24,[H]-[#8:20]>>[H]-[#8]-[#6](-[H])(-[H])-[#6@@]1(-[H])-[#8]-[#6](-[H])(-[#8:20])-[#6@@](-[H])(-[#8]-[H])-[#6@@](-[H])(-[#8]-[H])-[#6@]-1(-[H])-[#8]-[H],"EVODEX.1-P2222,EVODEX.1-P2223,EVODEX.1-P2224,EVODEX.1-P2255,EVODEX.1-P2259,EVODEX.1-P2264,EVODEX.1-P2267,EVODEX.1-P2268,EVODEX.1-P2315,EVODEX.1-P2318,EVODEX.1-P2320,EVODEX.1-P2325,EVODEX.1-P2346,EVODEX.1-P2347,EVODEX.1-P2361,EVODEX.1-P2379,EVODEX.1-P2385,EVODEX.1-P2389,EVODEX.1-P2393,EVODEX.1-P2404,EVODEX.1-P2409,EVODEX.1-P2411,EVODEX.1-P2418,EVODEX.1-P2447,EVODEX.1-P2461,EVODEX.1-P2491",114359573735456784533640960328953791127780436808986434502188090062513019346967
EVODEX.1-C25,[#15:14]-[#8:17].[H]-[#8:56]>>[#15:14]-[#8:56].[H]-[#8:17],"EVODEX.1-P3284,EVODEX.1-P3379,EVODEX.1-P3452,EVODEX.1-P3454,EVODEX.1-P3455,EVODEX.1-P3461,EVODEX.1-P3471,EVODEX.1-P3483,EVODEX.1-P3484,EVODEX.1-P3616,EVODEX.1-P3636,EVODEX.1-P3649,EVODEX.1-P3650,EVODEX.1-P3653,EVODEX.1-P3654,EVODEX.1-P3664,EVODEX.1-P3717,EVODEX.1-P3718,EVODEX.1-P4195,EVODEX.1-P4228,EVODEX.1-P4250,EVODEX.1-P5970,EVODEX.1-P5974,EVODEX.1-P5975,EVODEX.1-P5976,EVODEX.1-P5982",37141470190427326423367471009004971988206686681938683624626776693623145863038
EVODEX.1-C26,[#8]=[#6:3].[H]-[#7:10]>>[H]-[#6:3]-[#7:10],"EVODEX.1-P1032,EVODEX.1-P1054,EVODEX.1-P1061,EVODEX.1-P1100,EVODEX.1-P1103,EVODEX.1-P1109,EVODEX.1-P1112,EVODEX.1-P1114,EVODEX.1-P1115,EVODEX.1-P1122,EVODEX.1-P1124,EVODEX.1-P1127,EVODEX.1-P1129,EVODEX.1-P1131,EVODEX.1-P876,EVODEX.1-P877,EVODEX.1-P883,EVODEX.1-P884,EVODEX.1-P887,EVODEX.1-P891,EVODEX.1-P896,EVODEX.1-P904,EVODEX.1-P908,EVODEX.1-P917,EVODEX.1-P923",30872735926641721131034412155532991652919852767602912978139932293052296649794
EVODEX.1-C27,[H]-[#7:49].[#6:61]=[#8:62]>>[H]-[#6:61]-[#7:49].[H]-[#8:62]-[H],"EVODEX.1-P1021,EVODEX.1-P1034,EVODEX.1-P1038,EVODEX.1-P1062,EVODEX.1-P1101,EVODEX.1-P1108,EVODEX.1-P1110,EVODEX.1-P1111,EVODEX.1-P1113,EVODEX.1-P1125,EVODEX.1-P1128,EVODEX.1-P1132,EVODEX.1-P1133,EVODEX.1-P1137,EVODEX.1-P1139,EVODEX.1-P880,EVODEX.1-P881,EVODEX.1-P885,EVODEX.1-P892,EVODEX.1-P894,EVODEX.1-P898,EVODEX.1-P906,EVODEX.1-P916,EVODEX.1-P918,EVODEX.1-P922",75762418910664995075580645059265790334639924610239596704099790575655884806772
EVODEX.1-C28,[H]-[#6:1]-[#7:2].[#8:13]=[#8:14]>>[#8]=[#6:1].[H]-[#7:2].[H]-[#8:13]-[#8:14]-[H],"EVODEX.1-P1004,EVODEX.1-P1027,EVODEX.1-P1043,EVODEX.1-P1044,EVODEX.1-P1050,EVODEX.1-P1057,EVODEX.1-P1066,EVODEX.1-P1084,EVODEX.1-P1087,EVODEX.1-P1104,EVODEX.1-P1152,EVODEX.1-P1158,EVODEX.1-P1161,EVODEX.1-P1162,EVODEX.1-P1164,EVODEX.1-P1165,EVODEX.1-P1169,EVODEX.1-P1184,EVODEX.1-P927,EVODEX.1-P942,EVODEX.1-P949,EVODEX.1-P954,EVODEX.1-P962,EVODEX.1-P967,EVODEX.1-P968",29568190643989936001484013099893875644902314447956670610221488027672262087141
EVODEX.1-C29,[H]-[#6:1]-[#7:2].[#8:13]=[#8:14].[H]-[#8:12]-[H]>>[#6:1]=[#8:12].[H]-[#7:2].[H]-[#8:13]-[#8:14]-[H],"EVODEX.1-P1009,EVODEX.1-P1012,EVODEX.1-P1013,EVODEX.1-P1039,EVODEX.1-P1047,EVODEX.1-P1051,EVODEX.1-P1075,EVODEX.1-P1082,EVODEX.1-P1093,EVODEX.1-P1156,EVODEX.1-P1159,EVODEX.1-P1163,EVODEX.1-P1167,EVODEX.1-P1180,EVODEX.1-P1182,EVODEX.1-P934,EVODEX.1-P938,EVODEX.1-P940,EVODEX.1-P952,EVODEX.1-P955,EVODEX.1-P960,EVODEX.1-P964,EVODEX.1-P981,EVODEX.1-P991,EVODEX.1-P999",105870317260123537432931781996542475482497700628046789336183315435379578588392
EVODEX.1-C30,[H]-[#8]-[#15](=[#8])(-[#8]-[H])-[#8]-[#15](=[#8])(-[#8]-[H])-[#8]-[#6:20].[H]-[#16:40]>>[#6:20]-[#16:40],"EVODEX.1-P2660,EVODEX.1-P2661,EVODEX.1-P2669,EVODEX.1-P2670,EVODEX.1-P2675,EVODEX.1-P2676,EVODEX.1-P2684,EVODEX.1-P2693,EVODEX.1-P2695,EVODEX.1-P2697,EVODEX.1-P2699,EVODEX.1-P2708,EVODEX.1-P2709,EVODEX.1-P2713,EVODEX.1-P2715,EVODEX.1-P2720,EVODEX.1-P2721,EVODEX.1-P2725,EVODEX.1-P2726,EVODEX.1-P2730,EVODEX.1-P2743,EVODEX.1-P2744,EVODEX.1-P2746,EVODEX.1-P2748,EVODEX.1-P2758",10311728180308846352133099612630477929221027370396864938484031087857295730233
EVODEX.1-C31,[H]-[#16:34]>>[H]-[#6](=[#6](-[#6](-[H])(-[H])-[H])-[#6](-[H])(-[H])-[H])-[#6](-[H])(-[H])-[#6](-[H])(-[H])-[#6](=[#6](-[H])-[#6](-[H])(-[H])-[#6](-[H])(-[H])-[#6](=[#6](-[H])-[#6](-[H])(-[H])-[#16:34])-[#6](-[H])(-[H])-[H])-[#6](-[H])(-[H])-[H],"EVODEX.1-P2663,EVODEX.1-P2664,EVODEX.1-P2691,EVODEX.1-P2698,EVODEX.1-P2702,EVODEX.1-P2704,EVODEX.1-P2705,EVODEX.1-P2706,EVODEX.1-P2707,EVODEX.1-P2710,EVODEX.1-P2712,EVODEX.1-P2717,EVODEX.1-P2722,EVODEX.1-P2724,EVODEX.1-P2727,EVODEX.1-P2728,EVODEX.1-P2729,EVODEX.1-P2731,EVODEX.1-P2732,EVODEX.1-P2733,EVODEX.1-P2735,EVODEX.1-P2737,EVODEX.1-P2738,EVODEX.1-P2740,EVODEX.1-P2741",112251753947706612677932578115610906582529479915151108521761246284659825339592
EVODEX.1-C32,[H]-[#8]-[#6@]1(-[H])-[#6@](-[H])(-[#8]-[#15](=[#8])(-[#8]-[H])-[#8]-[H])-[#6@@](-[H])(-[#6](-[H])(-[H])-[#8]-[#15](=[#8])(-[#8]-[H])-[#8]-[#15](=[#8])(-[#8]-[H])-[#8]-[#6](-[H])(-[H])-[#6](-[#6](-[H])(-[H])-[H])(-[#6](-[H])(-[H])-[H])-[#6@@](-[H])(-[#8]-[H])-[#6](=[#8])-[#7](-[H])-[#6](-[H])(-[H])-[#6](-[H])(-[H])-[#6](=[#8])-[#7](-[H])-[#6](-[H])(-[H])-[#6](-[H])(-[H])-[#16]-[#6:14])-[#8]-[#6@@]-1(-[H])-[#7]1:[#6](-[H]):[#7]:[#6]2:[#6](-[#7](-[H])-[H]):[#7]:[#6](-[H]):[#7]:[#6]:1:2.[H]-[#7:83]>>[#6:14]-[#7:83],"EVODEX.1-P1447,EVODEX.1-P1459,EVODEX.1-P1518,EVODEX.1-P1521,EVODEX.1-P1546,EVODEX.1-P1548,EVODEX.1-P1590,EVODEX.1-P1719,EVODEX.1-P1722,EVODEX.1-P1733,EVODEX.1-P1734,EVODEX.1-P1766,EVODEX.1-P1767,EVODEX.1-P1824,EVODEX.1-P1838,EVODEX.1-P1853,EVODEX.1-P2068,EVODEX.1-P2070,EVODEX.1-P2072,EVODEX.1-P2106,EVODEX.1-P2108,EVODEX.1-P2112,EVODEX.1-P2116,EVODEX.1-P2117",19905721095760295204435275562679542102874517738180996892440212260109361070054
EVODEX.1-C33,[H]-[#6:7]-[#8:8]-[H]>>[#6:7]=[#8:8],"EVODEX.1-P1,EVODEX.1-P101,EVODEX.1-P103,EVODEX.1-P105,EVODEX.1-P116,EVODEX.1-P144,EVODEX.1-P15,EVODEX.1-P2,EVODEX.1-P21,EVODEX.1-P22,EVODEX.1-P25,EVODEX.1-P29,EVODEX.1-P32,EVODEX.1-P43,EVODEX.1-P44,EVODEX.1-P45,EVODEX.1-P47,EVODEX.1-P62,EVODEX.1-P63,EVODEX.1-P68,EVODEX.1-P74,EVODEX.1-P90,EVODEX.1-P95",37706656406175939211179546255053140908807945435678626948686183219990392402336
EVODEX.1-C34,[H]-[#6:5]-[#6@:6]-[H]>>[#6:5]=[#6:6],"EVODEX.1-P124,EVODEX.1-P600,EVODEX.1-P601,EVODEX.1-P602,EVODEX.1-P805,EVODEX.1-P806,EVODEX.1-P807,EVODEX.1-P808,EVODEX.1-P820,EVODEX.1-P821,EVODEX.1-P823,EVODEX.1-P825,EVODEX.1-P826,EVODEX.1-P827,EVODEX.1-P828,EVODEX.1-P829,EVODEX.1-P847,EVODEX.1-P849,EVODEX.1-P852,EVODEX.1-P853,EVODEX.1-P855",13821833408722223370518133250567828659198465076209156751521437509792116194884
EVODEX.1-C35,[#8:7]-[#6@@:6].[H]-[#8:18]>>([H]-[#8:7].[#8:18]-[#6@@:6]),"EVODEX.1-P3871,EVODEX.1-P3942,EVODEX.1-P3943,EVODEX.1-P3972,EVODEX.1-P3973,EVODEX.1-P3975,EVODEX.1-P3981,EVODEX.1-P3983,EVODEX.1-P3984,EVODEX.1-P3985,EVODEX.1-P3986,EVODEX.1-P4141,EVODEX.1-P4145,EVODEX.1-P4146,EVODEX.1-P4148,EVODEX.1-P4553,EVODEX.1-P4554,EVODEX.1-P4557,EVODEX.1-P4563,EVODEX.1-P4569,EVODEX.1-P4571",55435284299106222986014378357581626343380739900112820161495058339449234651114
EVODEX.1-C36,[#6:5]=[#6:6]>>[H]-[#6:5]-[#6:6]-[H],"EVODEX.1-P49,EVODEX.1-P797,EVODEX.1-P799,EVODEX.1-P800,EVODEX.1-P803,EVODEX.1-P804,EVODEX.1-P814,EVODEX.1-P815,EVODEX.1-P816,EVODEX.1-P817,EVODEX.1-P818,EVODEX.1-P819,EVODEX.1-P822,EVODEX.1-P830,EVODEX.1-P831,EVODEX.1-P832,EVODEX.1-P833,EVODEX.1-P834,EVODEX.1-P835,EVODEX.1-P846",104215151590836843668487152753421666898121685178484799557473588598327093930555
EVODEX.1-C37,[#6:19]-[#8:20]-[#6@@:21].[H]-[#8:35]>>[#6:19]-[#8:35].[H]-[#8:20]-[#6:21],"EVODEX.1-P2365,EVODEX.1-P3862,EVODEX.1-P3879,EVODEX.1-P4003,EVODEX.1-P4007,EVODEX.1-P4022,EVODEX.1-P4306,EVODEX.1-P4307,EVODEX.1-P4314,EVODEX.1-P4320,EVODEX.1-P4324,EVODEX.1-P4368,EVODEX.1-P4408,EVODEX.1-P4425,EVODEX.1-P4434,EVODEX.1-P4439,EVODEX.1-P4444,EVODEX.1-P4451,EVODEX.1-P4464,EVODEX.1-P4491",81242393075860325295112700118971759685569261196261167604158103657839948381784
EVODEX.1-C38,[#6:10]-[#6:11]>>[H]-[#6:10].[H]-[#8]-[#6:11],"EVODEX.1-P3960,EVODEX.1-P3961,EVODEX.1-P3969,EVODEX.1-P3995,EVODEX.1-P4035,EVODEX.1-P4069,EVODEX.1-P5598,EVODEX.1-P5700,EVODEX.1-P5743,EVODEX.1-P5746,EVODEX.1-P6034,EVODEX.1-P6046,EVODEX.1-P6049,EVODEX.1-P6052,EVODEX.1-P6064,EVODEX.1-P6070,EVODEX.1-P6072,EVODEX.1-P6081,EVODEX.1-P6082,EVODEX.1-P6083",99009469474830149520563496140196453822759953386858574604001542939422003731839
EVODEX.1-C39,[#6:9]-[#6:10].[H]-[#8:1]>>[H]-[#6:9].[#8:1]-[#6:10],"EVODEX.1-P3967,EVODEX.1-P3968,EVODEX.1-P3996,EVODEX.1-P4027,EVODEX.1-P4034,EVODEX.1-P4068,EVODEX.1-P4071,EVODEX.1-P4133,EVODEX.1-P5742,EVODEX.1-P5745,EVODEX.1-P6048,EVODEX.1-P6050,EVODEX.1-P6053,EVODEX.1-P6056,EVODEX.1-P6065,EVODEX.1-P6068,EVODEX.1-P6075,EVODEX.1-P6078,EVODEX.1-P6080,EVODEX.1-P6084",18015822078923111584682726015131727986636183509285217410406229871359737338290
EVODEX.1-C40,[#8:1]=[#8:2].[H]-[#8:3]-[#6:4]-[H]>>[#8:3]=[#6:4].[H]-[#8:1]-[#8:2]-[H],"EVODEX.1-P100,EVODEX.1-P102,EVODEX.1-P104,EVODEX.1-P106,EVODEX.1-P107,EVODEX.1-P108,EVODEX.1-P109,EVODEX.1-P117,EVODEX.1-P118,EVODEX.1-P119,EVODEX.1-P120,EVODEX.1-P130,EVODEX.1-P131,EVODEX.1-P132,EVODEX.1-P133,EVODEX.1-P134,EVODEX.1-P143,EVODEX.1-P145,EVODEX.1-P796",12871472104496193307651848464421641593832535172112321522541243547118392264367
EVODEX.1-C41,[H]-[#6:17].[#8:81]=[#8:82]>>[H]-[#8:81]-[#6:17].[H]-[#8:82]-[H],"EVODEX.1-P202,EVODEX.1-P203,EVODEX.1-P212,EVODEX.1-P440,EVODEX.1-P453,EVODEX.1-P455,EVODEX.1-P470,EVODEX.1-P476,EVODEX.1-P519,EVODEX.1-P533,EVODEX.1-P537,EVODEX.1-P539,EVODEX.1-P543,EVODEX.1-P574,EVODEX.1-P581,EVODEX.1-P588,EVODEX.1-P589,EVODEX.1-P598,EVODEX.1-P599",97416955216774951198507755318325200936329862846318712821627662095391477446780
EVODEX.1-C42,([#8:19]-[#6:20].[#6@:32]-[#6@:34]).[H]-[#8:36]>>[#6:20]-[#8:36].([H]-[#8:19].[#6@@:34]-[#6@@:32]),"EVODEX.1-P2269,EVODEX.1-P2270,EVODEX.1-P2314,EVODEX.1-P2321,EVODEX.1-P2341,EVODEX.1-P2342,EVODEX.1-P2345,EVODEX.1-P2353,EVODEX.1-P2378,EVODEX.1-P2380,EVODEX.1-P2445,EVODEX.1-P2456,EVODEX.1-P2507,EVODEX.1-P2509,EVODEX.1-P2511,EVODEX.1-P3646,EVODEX.1-P4173,EVODEX.1-P5983,EVODEX.1-P5985",92962817688698360623851393871278177354747865608520446926878828121712997519221
EVODEX.1-C43,[H]-[#8:8].[H]-[#8]-[#6@@]1(-[H])-[#6@@](-[H])(-[#8]-[H])-[#6@](-[H])(-[#7]2:[#6](-[H]):[#7]:[#6]3:[#6](-[#7](-[H])-[H]):[#7]:[#6](-[H]):[#7]:[#6]:2:3)-[#8]-[#6@]-1(-[H])-[#6](-[H])(-[H])-[#8]-[#15](=[#8])(-[#8]-[H])-[#8]-[#15](=[#8])(-[#8]-[H])-[#8]-[#15:33]>>[#8:8]-[#15:33],"EVODEX.1-P2513,EVODEX.1-P3241,EVODEX.1-P3277,EVODEX.1-P3278,EVODEX.1-P3306,EVODEX.1-P3315,EVODEX.1-P3318,EVODEX.1-P3319,EVODEX.1-P3334,EVODEX.1-P3336,EVODEX.1-P3338,EVODEX.1-P3361,EVODEX.1-P3389,EVODEX.1-P3391,EVODEX.1-P3425,EVODEX.1-P3523,EVODEX.1-P3535,EVODEX.1-P3551,EVODEX.1-P3552",97594164063014900185586751455722776043160249781000296322794941163591594246235
EVODEX.1-C44,[H]-[#7](-[H])-[#6:2].[H]-[#7:5]>>[#6:2]-[#7:5],"EVODEX.1-P1266,EVODEX.1-P1268,EVODEX.1-P2119,EVODEX.1-P2120,EVODEX.1-P2123,EVODEX.1-P2126,EVODEX.1-P2129,EVODEX.1-P2138,EVODEX.1-P2143,EVODEX.1-P2166,EVODEX.1-P2612,EVODEX.1-P2613,EVODEX.1-P2617,EVODEX.1-P5465,EVODEX.1-P5574,EVODEX.1-P5635,EVODEX.1-P5679,EVODEX.1-P5682",9893170831796778641701253136026608237966047834022158354421394193292259616157
EVODEX.1-C45,[H]-[#8]-[#6](-[H])(-[H])-[#6]1(-[H])-[#8]-[#6](-[H])(-[#8]-[#6:20])-[#6](-[H])(-[#8]-[H])-[#6](-[H])(-[#8]-[H])-[#6]-1(-[H])-[#8]-[H].[H]-[#8:50]>>[#6:20]-[#8:50],"EVODEX.1-P2092,EVODEX.1-P2095,EVODEX.1-P2097,EVODEX.1-P2100,EVODEX.1-P2101,EVODEX.1-P2291,EVODEX.1-P2297,EVODEX.1-P4426,EVODEX.1-P4436,EVODEX.1-P4437,EVODEX.1-P4438,EVODEX.1-P4441,EVODEX.1-P4456,EVODEX.1-P4458,EVODEX.1-P4489,EVODEX.1-P4492,EVODEX.1-P4493",16723971708176314866618698709130253321249987158389712693272052068868032565643
EVODEX.1-C46,[H]-[#8]-[#15](=[#8])(-[#8]-[H])-[#8]>>[H]-[#8],"EVODEX.1-P2763,EVODEX.1-P3230,EVODEX.1-P3235,EVODEX.1-P3236,EVODEX.1-P3240,EVODEX.1-P3286,EVODEX.1-P3296,EVODEX.1-P3417,EVODEX.1-P3544,EVODEX.1-P3547,EVODEX.1-P4183,EVODEX.1-P4187,EVODEX.1-P4189,EVODEX.1-P4220,EVODEX.1-P4223,EVODEX.1-P4257",3512906993202226368286013247647095773952345937413415047040390266677363868753
EVODEX.1-C47,[#6@@:21]>>[#6@:21],"EVODEX.1-P3420,EVODEX.1-P35,EVODEX.1-P6571,EVODEX.1-P6572,EVODEX.1-P6573,EVODEX.1-P6574,EVODEX.1-P6575,EVODEX.1-P6576,EVODEX.1-P6577,EVODEX.1-P6578,EVODEX.1-P6579,EVODEX.1-P6580,EVODEX.1-P6581,EVODEX.1-P6582,EVODEX.1-P6584",22851872455719179325730180155376521575700564361104162556981599182030142205513
EVODEX.1-C48,[H]-[#6:2]-[#6:3]-[#8:4]>>[#6:2]=[#6:3].[H]-[#8:4],"EVODEX.1-P6401,EVODEX.1-P6405,EVODEX.1-P6410,EVODEX.1-P6429,EVODEX.1-P6430,EVODEX.1-P6431,EVODEX.1-P6432,EVODEX.1-P6434,EVODEX.1-P6438,EVODEX.1-P6442,EVODEX.1-P6444,EVODEX.1-P6448,EVODEX.1-P6454,EVODEX.1-P6457,EVODEX.1-P82",114265593586059626081450124245544285368856204494794773416865750558531079929017
EVODEX.1-C49,,"EVODEX.1-P225,EVODEX.1-P226,EVODEX.1-P227,EVODEX.1-P228,EVODEX.1-P232,EVODEX.1-P233,EVODEX.1-P235,EVODEX.1-P236,EVODEX.1-P237,EVODEX.1-P239,EVODEX.1-P240,EVODEX.1-P243,EVODEX.1-P251,EVODEX.1-P253,EVODEX.1-P254",49423696158286030248255901387548218890487166839553194428766978052507617917222
EVODEX.1-C50,[H]-[#6:10].[#8:26]=[#8:27]>>[H]-[#8:26]-[#6@@:10].[H]-[#8]-[#6](=[#8])-[#6](-[H])(-[H])-[#6](-[H])(-[H])-[#6](=[#8])-[#8:27]-[H],"EVODEX.1-P310,EVODEX.1-P316,EVODEX.1-P334,EVODEX.1-P343,EVODEX.1-P348,EVODEX.1-P351,EVODEX.1-P353,EVODEX.1-P360,EVODEX.1-P374,EVODEX.1-P397,EVODEX.1-P418,EVODEX.1-P420,EVODEX.1-P422,EVODEX.1-P433,EVODEX.1-P435",89311534754787636513568256674767622423473674953422164995480416738084211101007
EVODEX.1-C51,[H]-[#6:1].[H]-[#8]-[#6](=[#8])-[#6](-[H])(-[H])-[#6](-[H])(-[H])-[#6](=[#8])-[#6:19]-[#8:21]-[H]>>[#6:19]=[#8:21].[H]-[#8]-[#6:1],"EVODEX.1-P312,EVODEX.1-P327,EVODEX.1-P328,EVODEX.1-P335,EVODEX.1-P347,EVODEX.1-P355,EVODEX.1-P362,EVODEX.1-P378,EVODEX.1-P386,EVODEX.1-P392,EVODEX.1-P394,EVODEX.1-P405,EVODEX.1-P415,EVODEX.1-P424,EVODEX.1-P429",4689732202817282653068570712915688826035968954306821884779344142968781771883
EVODEX.1-C52,[H]-[#6:5].[H]-[#8:23]-[#6:21]-[#6:19].[#8:24]=[#8:25]>>[#6:21]=[#8:23].[H]-[#8:24]-[#6:5].[H]-[#8:25]-[#6:19],"EVODEX.1-P315,EVODEX.1-P317,EVODEX.1-P325,EVODEX.1-P330,EVODEX.1-P333,EVODEX.1-P336,EVODEX.1-P384,EVODEX.1-P395,EVODEX.1-P407,EVODEX.1-P410,EVODEX.1-P414,EVODEX.1-P417,EVODEX.1-P427,EVODEX.1-P636,EVODEX.1-P638",38199567487966256607762054860939904111774241411921102886510176605001713273190
EVODEX.1-C53,[H]-[#6:4].[H]-[#8]-[#6](=[#8])-[#6](-[H])(-[H])-[#6](-[H])(-[H])-[#6](=[#8])-[#6:17]-[#8:19]-[H].[#8]=[#8:20]>>[#6:17]=[#8:19].[H]-[#8:20]-[#6:4],"EVODEX.1-P318,EVODEX.1-P324,EVODEX.1-P337,EVODEX.1-P341,EVODEX.1-P350,EVODEX.1-P358,EVODEX.1-P370,EVODEX.1-P372,EVODEX.1-P376,EVODEX.1-P383,EVODEX.1-P388,EVODEX.1-P390,EVODEX.1-P408,EVODEX.1-P411,EVODEX.1-P432",85903364570571537323589956611879617516822498303603047879568378470041342457765
EVODEX.1-C54,[H]-[#6:1].[H]-[#8:21]-[#6:19]-[#6:17]>>[#6:19]=[#8:21].[H]-[#8]-[#6:1].[H]-[#8]-[#6:17],"EVODEX.1-P323,EVODEX.1-P329,EVODEX.1-P338,EVODEX.1-P349,EVODEX.1-P354,EVODEX.1-P361,EVODEX.1-P367,EVODEX.1-P377,EVODEX.1-P385,EVODEX.1-P391,EVODEX.1-P406,EVODEX.1-P419,EVODEX.1-P423,EVODEX.1-P426,EVODEX.1-P428",43329671550359584818641758394704904077661229426288896680907615974321946736926
EVODEX.1-C55,[H]-[#6:5].[H]-[#8]-[#6](=[#8])-[#6:19].[#8:24]=[#8:25]>>[H]-[#8:24]-[#6:5].[H]-[#8:25]-[#6:19],"EVODEX.1-P326,EVODEX.1-P331,EVODEX.1-P342,EVODEX.1-P345,EVODEX.1-P359,EVODEX.1-P364,EVODEX.1-P371,EVODEX.1-P373,EVODEX.1-P382,EVODEX.1-P387,EVODEX.1-P396,EVODEX.1-P412,EVODEX.1-P421,EVODEX.1-P637,EVODEX.1-P639",16470455009174353233383035462215325845134775158582167159842163642987163096084
EVODEX.1-C56,[H]-[#6:4].[H]-[#8]-[#6](=[#8])-[#6:15]>>[H]-[#8]-[#6:4].[H]-[#8]-[#6:15],"EVODEX.1-P340,EVODEX.1-P344,EVODEX.1-P352,EVODEX.1-P356,EVODEX.1-P357,EVODEX.1-P365,EVODEX.1-P366,EVODEX.1-P369,EVODEX.1-P380,EVODEX.1-P393,EVODEX.1-P409,EVODEX.1-P416,EVODEX.1-P425,EVODEX.1-P430,EVODEX.1-P434",98806844504502812369456616078266960997077491876254372107999743052930840297669
EVODEX.1-C57,[H]-[#7](-[H])-[#6:4]-[H].[H]-[#8:6]-[H]>>[#6:4]=[#8:6],"EVODEX.1-P1006,EVODEX.1-P1022,EVODEX.1-P1025,EVODEX.1-P1048,EVODEX.1-P1105,EVODEX.1-P875,EVODEX.1-P878,EVODEX.1-P886,EVODEX.1-P909,EVODEX.1-P924,EVODEX.1-P935,EVODEX.1-P945,EVODEX.1-P948,EVODEX.1-P961,EVODEX.1-P965",59587896918680771820996837544046566519817861575067418811761048569994107217916
EVODEX.1-C58,[#8:2]=[#6:3]>>[H]-[#7](-[H])-[#6:3]-[H].[H]-[#8:2]-[H],"EVODEX.1-P1020,EVODEX.1-P1031,EVODEX.1-P1055,EVODEX.1-P1064,EVODEX.1-P1073,EVODEX.1-P879,EVODEX.1-P890,EVODEX.1-P893,EVODEX.1-P900,EVODEX.1-P903,EVODEX.1-P905,EVODEX.1-P912,EVODEX.1-P915,EVODEX.1-P925,EVODEX.1-P985",32161729748975537000475644369877689656717547070651734674904610807009184587544
EVODEX.1-C59,[#8]=[#6:6]>>[H]-[#7](-[H])-[#6@:6]-[H],"EVODEX.1-P1017,EVODEX.1-P1040,EVODEX.1-P1063,EVODEX.1-P2816,EVODEX.1-P2900,EVODEX.1-P2908,EVODEX.1-P2913,EVODEX.1-P2985,EVODEX.1-P3078,EVODEX.1-P3116,EVODEX.1-P3200,EVODEX.1-P3218,EVODEX.1-P3226,EVODEX.1-P911,EVODEX.1-P920",103258949873287237201662058082202670661423767227233551987076764311603058061652
EVODEX.1-C60,[H]-[#7](-[H])-[#6@@:8]-[H]>>[#8]=[#6:8],"EVODEX.1-P1011,EVODEX.1-P1026,EVODEX.1-P1059,EVODEX.1-P2855,EVODEX.1-P2892,EVODEX.1-P2895,EVODEX.1-P2899,EVODEX.1-P2911,EVODEX.1-P3170,EVODEX.1-P913,EVODEX.1-P914,EVODEX.1-P919,EVODEX.1-P930,EVODEX.1-P957,EVODEX.1-P977",112891619839501336405461374445840146946633868498870255967743466289809885605142
EVODEX.1-C61,[H]-[#7](-[H])-[#6:7]-[H].[#8:11]=[#8:12]>>[#8]=[#6:7].[H]-[#8:11]-[#8:12]-[H],"EVODEX.1-P1002,EVODEX.1-P1003,EVODEX.1-P1005,EVODEX.1-P1015,EVODEX.1-P1056,EVODEX.1-P1067,EVODEX.1-P928,EVODEX.1-P933,EVODEX.1-P944,EVODEX.1-P951,EVODEX.1-P956,EVODEX.1-P963,EVODEX.1-P970,EVODEX.1-P979,EVODEX.1-P998",86116974240164307207137505924302448824714904502559440715625282473590995552755
EVODEX.1-C62,[H]-[#7](-[H])-[#6:2]-[H].[#8:10]=[#8:11].[H]-[#8:9]-[H]>>[#6:2]=[#8:9].[H]-[#8:10]-[#8:11]-[H],"EVODEX.1-P1007,EVODEX.1-P1008,EVODEX.1-P1045,EVODEX.1-P1058,EVODEX.1-P1074,EVODEX.1-P936,EVODEX.1-P941,EVODEX.1-P943,EVODEX.1-P947,EVODEX.1-P953,EVODEX.1-P958,EVODEX.1-P959,EVODEX.1-P969,EVODEX.1-P971,EVODEX.1-P997",98958193719968067295164817303700952952622419538733964411380816649812041441610
EVODEX.1-C63,[H]-[#7:5]>>[H]-[#6](-[H])(-[H])-[#6](=[#8])-[#7:5],"EVODEX.1-P1708,EVODEX.1-P1716,EVODEX.1-P1731,EVODEX.1-P1732,EVODEX.1-P1735,EVODEX.1-P1736,EVODEX.1-P1768,EVODEX.1-P1771,EVODEX.1-P1772,EVODEX.1-P1822,EVODEX.1-P1823,EVODEX.1-P2064,EVODEX.1-P2073,EVODEX.1-P2075,EVODEX.1-P5824",18768009375424754140022969022059675703096177933708332972315559950863775118691
EVODEX.1-C64,[H]-[#8]-[#6@@]1(-[H])-[#6@@](-[H])(-[#8]-[H])-[#6@](-[H])(-[#7]2:[#6](-[H]):[#6](-[H]):[#6](=[#8]):[#7](-[H]):[#6]:2=[#8])-[#8]-[#6@]-1(-[H])-[#6](-[H])(-[H])-[#8]-[#15](=[#8])(-[#8]-[H])-[#8]-[#15](=[#8])(-[#8]-[H])-[#8]-[#6@@:19].[H]-[#8:53]>>[#8:53]-[#6@@:19],"EVODEX.1-P2244,EVODEX.1-P2254,EVODEX.1-P2258,EVODEX.1-P2266,EVODEX.1-P2305,EVODEX.1-P2310,EVODEX.1-P2317,EVODEX.1-P2319,EVODEX.1-P2322,EVODEX.1-P2323,EVODEX.1-P2324,EVODEX.1-P2428,EVODEX.1-P2501,EVODEX.1-P2506,EVODEX.1-P2510",101203794930090634287030329196594150497082873454642873175181005144882346852753
EVODEX.1-C65,[H]-[#6@@:39]-[#7:40]>>[#8]=[#6:39].[H]-[#8]-[#6](=[#8])-[#6](-[H])(-[H])-[#6](-[H])(-[H])-[#6@@](-[H])(-[#6](=[#8])-[#8]-[H])-[#7:40],"EVODEX.1-P2805,EVODEX.1-P2823,EVODEX.1-P2824,EVODEX.1-P2829,EVODEX.1-P2830,EVODEX.1-P2851,EVODEX.1-P2856,EVODEX.1-P2916,EVODEX.1-P2936,EVODEX.1-P2951,EVODEX.1-P2993,EVODEX.1-P2997,EVODEX.1-P3077,EVODEX.1-P3124,EVODEX.1-P3225",9604509151265139414040930939282275723568270379539437687318974274448234465811
EVODEX.1-C66,[H]-[#8]-[#6](=[#8])-[#6](-[H])(-[H])-[#6](-[H])(-[H])-[#6@@](-[H])(-[#6](=[#8])-[#8]-[H])-[#7:1].[#8]=[#6:14]>>[H]-[#6@:14]-[#7:1],"EVODEX.1-P2815,EVODEX.1-P2817,EVODEX.1-P2821,EVODEX.1-P2825,EVODEX.1-P2852,EVODEX.1-P2912,EVODEX.1-P2923,EVODEX.1-P2939,EVODEX.1-P2950,EVODEX.1-P2989,EVODEX.1-P2990,EVODEX.1-P2992,EVODEX.1-P3017,EVODEX.1-P3076,EVODEX.1-P3199",115029655108307275627579937394665465846141632878128645054465417588070843405624
EVODEX.1-C67,[#6:5]-[#8:7].[#16:55]-[#6:56]>>[#6:5]-[#16:55].[#8:7]-[#6:56],"EVODEX.1-P3788,EVODEX.1-P3790,EVODEX.1-P3792,EVODEX.1-P3801,EVODEX.1-P3802,EVODEX.1-P3803,EVODEX.1-P3807,EVODEX.1-P3810,EVODEX.1-P3812,EVODEX.1-P3813,EVODEX.1-P3815,EVODEX.1-P3823,EVODEX.1-P3829,EVODEX.1-P3837,EVODEX.1-P3846",23212736211591129298339861306177676692328492947292901624773334985244453113513
EVODEX.1-C68,[#6:9]-[#8:11]>>([H]-[#8]-[#6:9].[#8:11]-[H]),"EVODEX.1-P3866,EVODEX.1-P3944,EVODEX.1-P3971,EVODEX.1-P3974,EVODEX.1-P3976,EVODEX.1-P3977,EVODEX.1-P3979,EVODEX.1-P3980,EVODEX.1-P4036,EVODEX.1-P4037,EVODEX.1-P4551,EVODEX.1-P4552,EVODEX.1-P4558,EVODEX.1-P4562,EVODEX.1-P4567",34357305488717696790951553972770243957125111430208107139888192270727611625707
EVODEX.1-C69,[#7:6](-[#6@:5])-[#6:7]>>[H]-[#7:6]-[#6@@:5].[H]-[#8]-[#6:7],"EVODEX.1-P4602,EVODEX.1-P4731,EVODEX.1-P4920,EVODEX.1-P4921,EVODEX.1-P5535,EVODEX.1-P5719,EVODEX.1-P5786,EVODEX.1-P5799,EVODEX.1-P5802,EVODEX.1-P5809,EVODEX.1-P5812,EVODEX.1-P5813,EVODEX.1-P5819,EVODEX.1-P5821,EVODEX.1-P5822",54197005458469464150600743514524638571870684352950081763358793766305825405603
EVODEX.1-C70,[#6:2]=[#6:4].[H]-[#8:26]>>[H]-[#6:4]-[#6:2]-[#8:26],"EVODEX.1-P6372,EVODEX.1-P6402,EVODEX.1-P6407,EVODEX.1-P6412,EVODEX.1-P6416,EVODEX.1-P6418,EVODEX.1-P6419,EVODEX.1-P6421,EVODEX.1-P6428,EVODEX.1-P6439,EVODEX.1-P6441,EVODEX.1-P6445,EVODEX.1-P6446,EVODEX.1-P6459,EVODEX.1-P6480",51448437286693100084982361731493313063805320763136700520251819748622397994294
EVODEX.1-C71,[H]-[#6:5].[H]-[#8:7]>>[#6:5]-[#8:7],"EVODEX.1-P59,EVODEX.1-P652,EVODEX.1-P653,EVODEX.1-P659,EVODEX.1-P663,EVODEX.1-P682,EVODEX.1-P688,EVODEX.1-P689,EVODEX.1-P691,EVODEX.1-P694,EVODEX.1-P701,EVODEX.1-P733,EVODEX.1-P745,EVODEX.1-P779",12937345167517967577994751889547169935222417983673742891757230391111350097752
EVODEX.1-C72,([#8:1].[#8:6]).[H]-[#6@:13]-[#8:14]-[H]>>[#6:13]=[#8:14].([H]-[#8:1].[#8:6]-[H]),"EVODEX.1-P147,EVODEX.1-P149,EVODEX.1-P156,EVODEX.1-P158,EVODEX.1-P159,EVODEX.1-P160,EVODEX.1-P162,EVODEX.1-P163,EVODEX.1-P164,EVODEX.1-P165,EVODEX.1-P166,EVODEX.1-P178,EVODEX.1-P179,EVODEX.1-P183",73643602037763005629395313048335504091425370364533943962229139098243816794541
EVODEX.1-C73,[H]-[#6:1]-[#8:2].[#8:59]=[#8:60]>>[#6:1]=[#8:60].[H]-[#8:59]-[H].[H]-[#8:2],"EVODEX.1-P192,EVODEX.1-P193,EVODEX.1-P197,EVODEX.1-P208,EVODEX.1-P399,EVODEX.1-P400,EVODEX.1-P501,EVODEX.1-P502,EVODEX.1-P504,EVODEX.1-P507,EVODEX.1-P508,EVODEX.1-P643,EVODEX.1-P644,EVODEX.1-P647",27063006909963461141232548800824196266756063988073865074156201658754587300526
EVODEX.1-C74,,"EVODEX.1-P221,EVODEX.1-P222,EVODEX.1-P223,EVODEX.1-P231,EVODEX.1-P234,EVODEX.1-P238,EVODEX.1-P241,EVODEX.1-P242,EVODEX.1-P250,EVODEX.1-P252,EVODEX.1-P255,EVODEX.1-P256,EVODEX.1-P257,EVODEX.1-P268",75312127182777693369819078148805312776449195777358793572933153176786787838292
EVODEX.1-C75,[H]-[#8:67]>>[H]-[#6](-[H])(-[H])-[#6](=[#8])-[#8:67],"EVODEX.1-P1569,EVODEX.1-P1587,EVODEX.1-P1601,EVODEX.1-P1618,EVODEX.1-P1684,EVODEX.1-P1698,EVODEX.1-P1842,EVODEX.1-P1844,EVODEX.1-P1845,EVODEX.1-P1855,EVODEX.1-P1857,EVODEX.1-P2059,EVODEX.1-P2060,EVODEX.1-P2061",83292809542271957459505493569859731735010984160084764994483027905314714793672
EVODEX.1-C76,[H]-[#8]-[#15](=[#8])(-[#8]-[H])-[#8]-[#6:6].[H]-[#8:1]>>[#8:1]-[#6:6],"EVODEX.1-P2225,EVODEX.1-P2231,EVODEX.1-P2233,EVODEX.1-P2235,EVODEX.1-P2392,EVODEX.1-P2394,EVODEX.1-P2395,EVODEX.1-P2403,EVODEX.1-P2446,EVODEX.1-P4176,EVODEX.1-P4193,EVODEX.1-P4197,EVODEX.1-P4214,EVODEX.1-P4218",33763612227360472060929891506609591772672295982886790777057190127085989298076
EVODEX.1-C77,[#6:5]-[#7:6]-[#6:7].[H]-[#8:56]>>[H]-[#7:6]-[#6@:5].[#6:7]-[#8:56],"EVODEX.1-P4170,EVODEX.1-P4171,EVODEX.1-P4636,EVODEX.1-P5030,EVODEX.1-P5031,EVODEX.1-P5398,EVODEX.1-P5401,EVODEX.1-P5800,EVODEX.1-P5805,EVODEX.1-P5806,EVODEX.1-P5807,EVODEX.1-P5808,EVODEX.1-P5810,EVODEX.1-P5816",95304507770198044763550463597350091878602678676644463908944991643449648522981
EVODEX.1-C78,[#6:2]=[#6:4]>>[H]-[#8]-[#6:2]-[#6:4]-[H],"EVODEX.1-P6397,EVODEX.1-P6403,EVODEX.1-P6404,EVODEX.1-P6406,EVODEX.1-P6408,EVODEX.1-P6413,EVODEX.1-P6417,EVODEX.1-P6420,EVODEX.1-P6422,EVODEX.1-P6440,EVODEX.1-P6447,EVODEX.1-P6450,EVODEX.1-P6452,EVODEX.1-P6479",9875693767450520842956764495726931039617114582114416213285590227058389554051
EVODEX.1-C79,[#16:2]-[#8:5].[H]-[#8:16]>>[#16:2]-[#8:16].[H]-[#8:5],"EVODEX.1-P190,EVODEX.1-P3731,EVODEX.1-P3734,EVODEX.1-P3745,EVODEX.1-P3747,EVODEX.1-P3753,EVODEX.1-P3754,EVODEX.1-P3755,EVODEX.1-P3756,EVODEX.1-P469,EVODEX.1-P471,EVODEX.1-P484,EVODEX.1-P500",98586585253568907039971074799065766575951702000309194454951407833699754134885
EVODEX.1-C80,[#6:44]-[#16:45].[H]-[#16:18]>>[#16:18]-[#6:44].[H]-[#16:45],"EVODEX.1-P1300,EVODEX.1-P1302,EVODEX.1-P1313,EVODEX.1-P1314,EVODEX.1-P1318,EVODEX.1-P1593,EVODEX.1-P1595,EVODEX.1-P1689,EVODEX.1-P1690,EVODEX.1-P1693,EVODEX.1-P1694,EVODEX.1-P1829,EVODEX.1-P1862",72316890896666043870814224770529945859725972967918700900979891278204849050420
EVODEX.1-C81,[#8:8]-[#6@:7]-[#6@@:18]-[#6@:20]-[#6@@:22].[H]-[#8:1]>>[#8:1]-[#6:7]-[#6@:18]-[#6@@:20]-[#6@:22].[H]-[#8:8],"EVODEX.1-P2226,EVODEX.1-P2307,EVODEX.1-P2340,EVODEX.1-P2367,EVODEX.1-P2369,EVODEX.1-P2398,EVODEX.1-P2488,EVODEX.1-P3950,EVODEX.1-P4302,EVODEX.1-P4304,EVODEX.1-P4448,EVODEX.1-P4454,EVODEX.1-P4474",36027823358624154553618070635560853875234446603861272871656472106094158957402
EVODEX.1-C82,[H]-[#6:6]-[#8:7]-[H].([#8:14].[#7:19])>>[#6:6]=[#8:7].([H]-[#8:14].[#7:19]-[H]),"EVODEX.1-P110,EVODEX.1-P111,EVODEX.1-P112,EVODEX.1-P113,EVODEX.1-P152,EVODEX.1-P177,EVODEX.1-P184,EVODEX.1-P189,EVODEX.1-P96,EVODEX.1-P97,EVODEX.1-P98,EVODEX.1-P99",76667673192422950878973447821958933418905134640165297362803367468745553189129
EVODEX.1-C83,[H]-[#8]-[#6](-[H])(-[H])-[#6@@]1(-[H])-[#8]-[#6@@](-[H])(-[#8:7])-[#6@](-[H])(-[#8]-[H])-[#6@@](-[H])(-[#8]-[H])-[#6@]-1(-[H])-[#8]-[H]>>[H]-[#8:7],"EVODEX.1-P2247,EVODEX.1-P2257,EVODEX.1-P2263,EVODEX.1-P2265,EVODEX.1-P2351,EVODEX.1-P2467,EVODEX.1-P2487,EVODEX.1-P3645,EVODEX.1-P4323,EVODEX.1-P4371,EVODEX.1-P4488,EVODEX.1-P4524",33851399756023379573566374798742032305219578221868225828802361545308296584282
EVODEX.1-C84,[H]-[#7](-[H])-[#6:13]-[H].[H]-[#8]-[#6](=[#8])-[#6](-[#6](-[H])(-[H])-[#6](-[H])(-[H])-[#6](=[#8])-[#8]-[H])=[#8:23]>>[#6:13]=[#8:23],"EVODEX.1-P2813,EVODEX.1-P2828,EVODEX.1-P2854,EVODEX.1-P2915,EVODEX.1-P2917,EVODEX.1-P2945,EVODEX.1-P2981,EVODEX.1-P2998,EVODEX.1-P2999,EVODEX.1-P3073,EVODEX.1-P3084,EVODEX.1-P3117",37483126193981821948003002075757160597720821739506453102489019647317603377578
EVODEX.1-C85,[#6:4]-[#16:6]>>[H]-[#8]-[#6:4].[H]-[#16:6],"EVODEX.1-P3861,EVODEX.1-P3887,EVODEX.1-P4089,EVODEX.1-P4157,EVODEX.1-P4161,EVODEX.1-P4354,EVODEX.1-P4355,EVODEX.1-P4358,EVODEX.1-P4360,EVODEX.1-P4366,EVODEX.1-P4974,EVODEX.1-P6844",7107082019964892000077488309504125638063639595603090831093988820964619740061
EVODEX.1-C86,[#6:2]-[#6:4].[H]-[#16:104]>>[#6:2]-[#16:104].[H]-[#6:4],"EVODEX.1-P1502,EVODEX.1-P1503,EVODEX.1-P1506,EVODEX.1-P1571,EVODEX.1-P1821,EVODEX.1-P1850,EVODEX.1-P1854,EVODEX.1-P2076,EVODEX.1-P2079,EVODEX.1-P2083,EVODEX.1-P2089",41844808903175808498030362634553633951393047430034408664852342744624466032063
EVODEX.1-C87,[#6:14]=[#8:15]>>[H]-[#8]-[#6](=[#8])-[#6](-[#6](-[H])(-[H])-[#6](-[H])(-[H])-[#6](=[#8])-[#8]-[H])=[#8:15].[H]-[#7](-[H])-[#6@:14]-[H],"EVODEX.1-P2818,EVODEX.1-P2820,EVODEX.1-P2896,EVODEX.1-P2914,EVODEX.1-P2922,EVODEX.1-P2940,EVODEX.1-P2946,EVODEX.1-P3049,EVODEX.1-P3085,EVODEX.1-P3118,EVODEX.1-P3211",1972176710453651491984479400661222399537424521941078699990523865603227572924
EVODEX.1-C88,[H]-[#8:7].[H]-[#8]-[#6:11]>>[#8:7]-[#6:11],"EVODEX.1-P3952,EVODEX.1-P4019,EVODEX.1-P4020,EVODEX.1-P4023,EVODEX.1-P4030,EVODEX.1-P4031,EVODEX.1-P4058,EVODEX.1-P4129,EVODEX.1-P5132,EVODEX.1-P6619,EVODEX.1-P7149",112249778970084195897211133453572104973035575760983370835637333478222150300586
EVODEX.1-C89,[H]-[#6:8]>>[H]-[#8]-[#6](=[#8])-[#6:8],"EVODEX.1-P1340,EVODEX.1-P2925,EVODEX.1-P6142,EVODEX.1-P6143,EVODEX.1-P6145,EVODEX.1-P6146,EVODEX.1-P6187,EVODEX.1-P7553,EVODEX.1-P7556,EVODEX.1-P85",53320930717243317266384902185296564021626267728484018837191894431074968690080
EVODEX.1-C90,[H]-[#8]-[#6:7]>>[H]-[#6:7],"EVODEX.1-P168,EVODEX.1-P568,EVODEX.1-P582,EVODEX.1-P651,EVODEX.1-P657,EVODEX.1-P695,EVODEX.1-P697,EVODEX.1-P702,EVODEX.1-P704,EVODEX.1-P706",44466017537257783663556513694494026015464945037226461860095126938901422329267
EVODEX.1-C91,[#6:19]=[#6:20].[#8]=[#8:69]>>[#8:69]1-[#6@@:19]-[#6@@:20]-1,"EVODEX.1-P201,EVODEX.1-P206,EVODEX.1-P214,EVODEX.1-P216,EVODEX.1-P219,EVODEX.1-P320,EVODEX.1-P381,EVODEX.1-P474,EVODEX.1-P528,EVODEX.1-P650",50303906369153146998101830959218093476310549246843041333172879202476268948018
EVODEX.1-C92,[#6:27]=[#6:28]>>[#8]1-[#6@:27]-[#6:28]-1,"EVODEX.1-P205,EVODEX.1-P207,EVODEX.1-P211,EVODEX.1-P217,EVODEX.1-P220,EVODEX.1-P473,EVODEX.1-P524,EVODEX.1-P526,EVODEX.1-P527,EVODEX.1-P529",32856760892485531147417629219592516082141693831959452735771932458426489850153
EVODEX.1-C93,[H]-[#8]-[#6@@]1(-[H])-[#6@@](-[H])(-[#8]-[H])-[#6@](-[H])(-[#7]2:[#6](-[H]):[#7]:[#6]3:[#6](-[#7](-[H])-[H]):[#7]:[#6](-[H]):[#7]:[#6]:2:3)-[#8]-[#6@]-1(-[H])-[#6](-[H])(-[H])-[#8]-[#15](=[#8])(-[#8]-[H])-[#8:50]>>[H]-[#8:50],"EVODEX.1-P1186,EVODEX.1-P1189,EVODEX.1-P302,EVODEX.1-P305,EVODEX.1-P3669,EVODEX.1-P3671,EVODEX.1-P6001,EVODEX.1-P6026,EVODEX.1-P6909,EVODEX.1-P7564",62757151193494862347185497553686124971189483476460833974166801027740444499081
EVODEX.1-C94,[H]-[#16:48].[H]-[#8]-[#6:56]>>[#16:48]-[#6:56],"EVODEX.1-P1583,EVODEX.1-P303,EVODEX.1-P6661,EVODEX.1-P6771,EVODEX.1-P6774,EVODEX.1-P6781,EVODEX.1-P6786,EVODEX.1-P6801,EVODEX.1-P6857,EVODEX.1-P6859",115484782454803947400249144473090497579421374333536925039988002420600925972188
EVODEX.1-C95,[#6:56]-[#8:58].[H]-[#8]-[#15](=[#8])(-[#8]-[H])-[#8]-[#15](=[#8])(-[#8]-[H])-[#8]-[#15:74]>>[H]-[#8]-[#6@]1(-[H])-[#6@](-[H])(-[#8]-[#15](=[#8])(-[#8]-[H])-[#8]-[H])-[#6@@](-[H])(-[#6](-[H])(-[H])-[#8]-[#15](=[#8])(-[#8]-[H])-[#8]-[#15](=[#8])(-[#8]-[H])-[#8]-[#6](-[H])(-[H])-[#6](-[#6](-[H])(-[H])-[H])(-[#6](-[H])(-[H])-[H])-[#6@@](-[H])(-[#8]-[H])-[#6](=[#8])-[#7](-[H])-[#6](-[H])(-[H])-[#6](-[H])(-[H])-[#6](=[#8])-[#7](-[H])-[#6](-[H])(-[H])-[#6](-[H])(-[H])-[#16]-[#6:56])-[#8]-[#6@@]-1(-[H])-[#7]1:[#6](-[H]):[#7]:[#6]2:[#6](-[#7](-[H])-[H]):[#7]:[#6](-[H]):[#7]:[#6]:1:2.[#8:58]-[#15:74],"EVODEX.1-P306,EVODEX.1-P6699,EVODEX.1-P6705,EVODEX.1-P6707,EVODEX.1-P6712,EVODEX.1-P6792,EVODEX.1-P6797,EVODEX.1-P6821,EVODEX.1-P6856,EVODEX.1-P6861",77518933550812147055027234316230388992236706810895248485195734492491210922111
EVODEX.1-C96,[H]-[#6](-[H])(-[H])-[#7:12]>>[H]-[#7:12],"EVODEX.1-P1155,EVODEX.1-P1172,EVODEX.1-P1179,EVODEX.1-P1185,EVODEX.1-P1244,EVODEX.1-P1245,EVODEX.1-P1267,EVODEX.1-P1311,EVODEX.1-P379,EVODEX.1-P642",103238192126066561152952573198550447999683741716188662862470979867518825828396
EVODEX.1-C97,[#6:50]-[#6:51].[#8:59]=[#8:60]>>[#6:50]-[#8:60]-[#6:51].[H]-[#8:59]-[H],"EVODEX.1-P436,EVODEX.1-P442,EVODEX.1-P446,EVODEX.1-P449,EVODEX.1-P459,EVODEX.1-P461,EVODEX.1-P467,EVODEX.1-P481,EVODEX.1-P514,EVODEX.1-P516",7551624708818698381354383855991926198837885381601711845462412843040138341595
EVODEX.1-C98,[#6:2]-[#6:4].[#8]=[#8:58]>>[#6:2]-[#8:58]-[#6@:4],"EVODEX.1-P441,EVODEX.1-P444,EVODEX.1-P448,EVODEX.1-P450,EVODEX.1-P452,EVODEX.1-P463,EVODEX.1-P468,EVODEX.1-P482,EVODEX.1-P515,EVODEX.1-P517",103283436494264387624453423154537985874646021814934931896233712370922473440345
EVODEX.1-C99,[#6:3]-[#6:4]>>[#8](-[#6:3])-[#6:4],"EVODEX.1-P443,EVODEX.1-P445,EVODEX.1-P447,EVODEX.1-P451,EVODEX.1-P457,EVODEX.1-P458,EVODEX.1-P460,EVODEX.1-P462,EVODEX.1-P466,EVODEX.1-P513",62388401133225803878649615153609272463282123395784024420293231383593052574688
EVODEX.1-C100,[H]-[#6:5].[#8:8]=[#8:9].[H]-[#8:7]>>[#6:5]-[#8:7].[H]-[#8:8]-[#8:9]-[H],"EVODEX.1-P660,EVODEX.1-P662,EVODEX.1-P764,EVODEX.1-P766,EVODEX.1-P767,EVODEX.1-P770,EVODEX.1-P772,EVODEX.1-P774,EVODEX.1-P775,EVODEX.1-P777",23670109931587398847563109991371321806183968050846104414848818423712698116545
EVODEX.1-C101,[H]-[#6:6].[#8:15]=[#8:16]>>[H]-[#8]-[#6:6].[H]-[#8:15]-[#8:16]-[H],"EVODEX.1-P664,EVODEX.1-P763,EVODEX.1-P765,EVODEX.1-P768,EVODEX.1-P769,EVODEX.1-P771,EVODEX.1-P773,EVODEX.1-P776,EVODEX.1-P778,EVODEX.1-P789",70968899092245637299426158505801800435162450391128551136937221080977237013604
EVODEX.1-C102,[H]-[#6:51]-[#6:52]-[H].[#8:62]=[#8:63]>>[#6:51]=[#6:52].[H]-[#8:62]-[#8:63]-[H],"EVODEX.1-P848,EVODEX.1-P850,EVODEX.1-P851,EVODEX.1-P854,EVODEX.1-P856,EVODEX.1-P857,EVODEX.1-P858,EVODEX.1-P859,EVODEX.1-P860,EVODEX.1-P874",38107586570353991834727743103442290685934744255285486796191594489673276646941
EVODEX.1-C103,[H]-[#7:1].[#8:2]=[#6:3].[H]-[#8:11]-[#8:12]-[H]>>[H]-[#6:3]-[#7:1].[#8:11]=[#8:12].[H]-[#8:2]-[H],"EVODEX.1-P1028,EVODEX.1-P1036,EVODEX.1-P1053,EVODEX.1-P1060,EVODEX.1-P1071,EVODEX.1-P931,EVODEX.1-P984,EVODEX.1-P986,EVODEX.1-P989,EVODEX.1-P993",70946925612498220042066014662527477613023498594126060894787265285642540469152
EVODEX.1-C104,[#8]=[#6:19].[H]-[#8:24]-[#8:25]-[H]>>[H]-[#7](-[H])-[#6:19]-[H].[#8:24]=[#8:25],"EVODEX.1-P1019,EVODEX.1-P1037,EVODEX.1-P1070,EVODEX.1-P1072,EVODEX.1-P1102,EVODEX.1-P972,EVODEX.1-P973,EVODEX.1-P976,EVODEX.1-P988,EVODEX.1-P995",101441311140778798172000705583255272625226608947605028817170228338784913438482
EVODEX.1-C105,[#8]=[#6:19].[H]-[#7:23].[H]-[#8:24]-[#8:25]-[H]>>[H]-[#6:19]-[#7:23].[#8:24]=[#8:25],"EVODEX.1-P1016,EVODEX.1-P1029,EVODEX.1-P1035,EVODEX.1-P1041,EVODEX.1-P1068,EVODEX.1-P1099,EVODEX.1-P974,EVODEX.1-P982,EVODEX.1-P987,EVODEX.1-P996",28493845433085336014750416572185405601608401343492848394780495087903051459937
EVODEX.1-C106,[#6:7]=[#8:8].[H]-[#8:11]-[#8:12]-[H]>>[H]-[#7](-[H])-[#6:7]-[H].[#8:11]=[#8:12].[H]-[#8:8]-[H],"EVODEX.1-P1014,EVODEX.1-P1018,EVODEX.1-P1030,EVODEX.1-P1033,EVODEX.1-P1069,EVODEX.1-P975,EVODEX.1-P983,EVODEX.1-P990,EVODEX.1-P992,EVODEX.1-P994",9176007925564977960440759736083296210174775055508456582394692538336906526383
EVODEX.1-C107,[H]-[#6](=[#8])-[#7:4]>>[H]-[#7:4],"EVODEX.1-P1148,EVODEX.1-P1326,EVODEX.1-P1327,EVODEX.1-P1331,EVODEX.1-P1335,EVODEX.1-P1410,EVODEX.1-P5798,EVODEX.1-P5801,EVODEX.1-P5804,EVODEX.1-P5823",111520637151497293057653352547665056824723812083003737839272650192444638028232
EVODEX.1-C108,[#16:2]>>[H]-[#6](-[H])(-[H])-[#16:2],"EVODEX.1-P1280,EVODEX.1-P1284,EVODEX.1-P1295,EVODEX.1-P1296,EVODEX.1-P1298,EVODEX.1-P1303,EVODEX.1-P1319,EVODEX.1-P1320,EVODEX.1-P1321,EVODEX.1-P1322",15915789581556492786479108466477204736028305245637957847589749322921115855727
EVODEX.1-C109,[H]-[#7](-[H])-[#6](=[#8])-[#7:4]>>[H]-[#7:4],"EVODEX.1-P1349,EVODEX.1-P5580,EVODEX.1-P5709,EVODEX.1-P5727,EVODEX.1-P5728,EVODEX.1-P5729,EVODEX.1-P5733,EVODEX.1-P5781,EVODEX.1-P5782,EVODEX.1-P5796",35107891763309990356148543146737647611287763377091516077106628454928625298826
EVODEX.1-C110,[H]-[#6:51]>>[H]-[#6](-[H])(-[H])-[#6@:51],"EVODEX.1-P1402,EVODEX.1-P1586,EVODEX.1-P3028,EVODEX.1-P3030,EVODEX.1-P3053,EVODEX.1-P3059,EVODEX.1-P3061,EVODEX.1-P3071,EVODEX.1-P3786,EVODEX.1-P3804",95721230069827283158839214431644165948009439990924761971297020849295982050799
EVODEX.1-C111,[#6:2]-[#8:4]>>[H]-[#8]-[#6@]1(-[H])-[#6@](-[H])(-[#8]-[#15](=[#8])(-[#8]-[H])-[#8]-[H])-[#6@@](-[H])(-[#6](-[H])(-[H])-[#8]-[#15](=[#8])(-[#8]-[H])-[#8]-[#15](=[#8])(-[#8]-[H])-[#8]-[#6](-[H])(-[H])-[#6](-[#6](-[H])(-[H])-[H])(-[#6](-[H])(-[H])-[H])-[#6@@](-[H])(-[#8]-[H])-[#6](=[#8])-[#7](-[H])-[#6](-[H])(-[H])-[#6](-[H])(-[H])-[#6](=[#8])-[#7](-[H])-[#6](-[H])(-[H])-[#6](-[H])(-[H])-[#16]-[#6:2])-[#8]-[#6@@]-1(-[H])-[#7]1:[#6](-[H]):[#7]:[#6]2:[#6](-[#7](-[H])-[H]):[#7]:[#6](-[H]):[#7]:[#6]:1:2.[H]-[#8:4],"EVODEX.1-P1414,EVODEX.1-P1457,EVODEX.1-P1473,EVODEX.1-P1480,EVODEX.1-P1482,EVODEX.1-P1498,EVODEX.1-P1530,EVODEX.1-P1696,EVODEX.1-P1726,EVODEX.1-P1826",114348023726228025249022797135593320789784966797721865118712569254350012127917
EVODEX.1-C112,[H]-[#8]-[#6]1:[#6](-[H]):[#6](-[H]):[#6](-[#6](-[H])=[#6](-[H])-[#6](=[#8])-[#8:10]):[#6](-[H]):[#6]:1-[#8]-[#6](-[H])(-[H])-[H]>>[H]-[#8:10],"EVODEX.1-P1474,EVODEX.1-P3947,EVODEX.1-P3948,EVODEX.1-P4107,EVODEX.1-P4109,EVODEX.1-P4111,EVODEX.1-P4115,EVODEX.1-P4118,EVODEX.1-P4120,EVODEX.1-P4122",58752025645120951514761396591705356875115116277095770858732353439864140469927
EVODEX.1-C113,[#6:2]-[#16:4].[H]-[#6:52]>>[#6:2]-[#6:52].[H]-[#16:4],"EVODEX.1-P1496,EVODEX.1-P1510,EVODEX.1-P1514,EVODEX.1-P1516,EVODEX.1-P1573,EVODEX.1-P1713,EVODEX.1-P1769,EVODEX.1-P1848,EVODEX.1-P2084,EVODEX.1-P2088",26961064679296410665803217494942336927839944047602405345738267531173055776377
EVODEX.1-C114,[#6:2]-[#6:4]>>[H]-[#8]-[#6@]1(-[H])-[#6@](-[H])(-[#8]-[#15](=[#8])(-[#8]-[H])-[#8]-[H])-[#6@@](-[H])(-[#6](-[H])(-[H])-[#8]-[#15](=[#8])(-[#8]-[H])-[#8]-[#15](=[#8])(-[#8]-[H])-[#8]-[#6](-[H])(-[H])-[#6](-[#6](-[H])(-[H])-[H])(-[#6](-[H])(-[H])-[H])-[#6@@](-[H])(-[#8]-[H])-[#6](=[#8])-[#7](-[H])-[#6](-[H])(-[H])-[#6](-[H])(-[H])-[#6](=[#8])-[#7](-[H])-[#6](-[H])(-[H])-[#6](-[H])(-[H])-[#16]-[#6:2])-[#8]-[#6@@]-1(-[H])-[#7]1:[#6](-[H]):[#7]:[#6]2:[#6](-[#7](-[H])-[H]):[#7]:[#6](-[H]):[#7]:[#6]:1:2.[H]-[#6:4],"EVODEX.1-P1499,EVODEX.1-P1504,EVODEX.1-P1509,EVODEX.1-P1511,EVODEX.1-P1574,EVODEX.1-P1576,EVODEX.1-P1852,EVODEX.1-P2078,EVODEX.1-P2081,EVODEX.1-P2085",57685440406052312883206336515454544306760504035568677464395350191550110040887
EVODEX.1-C115,[H]-[#6:1].[H]-[#8]-[#6@]1(-[H])-[#6@](-[H])(-[#8]-[#15](=[#8])(-[#8]-[H])-[#8]-[H])-[#6@@](-[H])(-[#6](-[H])(-[H])-[#8]-[#15](=[#8])(-[#8]-[H])-[#8]-[#15](=[#8])(-[#8]-[H])-[#8]-[#6](-[H])(-[H])-[#6](-[#6](-[H])(-[H])-[H])(-[#6](-[H])(-[H])-[H])-[#6@@](-[H])(-[#8]-[H])-[#6](=[#8])-[#7](-[H])-[#6](-[H])(-[H])-[#6](-[H])(-[H])-[#6](=[#8])-[#7](-[H])-[#6](-[H])(-[H])-[#6](-[H])(-[H])-[#16]-[#6:30])-[#8]-[#6@@]-1(-[H])-[#7]1:[#6](-[H]):[#7]:[#6]2:[#6](-[#7](-[H])-[H]):[#7]:[#6](-[H]):[#7]:[#6]:1:2>>[#6:1]-[#6:30],"EVODEX.1-P1501,EVODEX.1-P1505,EVODEX.1-P1508,EVODEX.1-P1570,EVODEX.1-P1577,EVODEX.1-P1714,EVODEX.1-P1774,EVODEX.1-P1849,EVODEX.1-P1851,EVODEX.1-P2086",52869082915864078838153231622495307495101222312540406279257511977323981627204
EVODEX.1-C116,[#6:12]-[#16:14].[H]-[#8:68]-[#6:66]-[#6@@:63]>>[#6:66]=[#8:68].[#6:12]-[#6:63].[H]-[#16:14],"EVODEX.1-P1646,EVODEX.1-P1648,EVODEX.1-P1653,EVODEX.1-P1655,EVODEX.1-P1712,EVODEX.1-P1756,EVODEX.1-P1764,EVODEX.1-P1778,EVODEX.1-P1784,EVODEX.1-P1793",74549124792928718698398178715366593788431932231766111019631030280472028208902
EVODEX.1-C117,[H]-[#8]-[#6@]1(-[H])-[#6@](-[H])(-[#8]-[#15](=[#8])(-[#8]-[H])-[#8]-[H])-[#6@@](-[H])(-[#6](-[H])(-[H])-[#8]-[#15](=[#8])(-[#8]-[H])-[#8]-[#15](=[#8])(-[#8]-[H])-[#8]-[#6](-[H])(-[H])-[#6](-[#6](-[H])(-[H])-[H])(-[#6](-[H])(-[H])-[H])-[#6@@](-[H])(-[#8]-[H])-[#6](=[#8])-[#7](-[H])-[#6](-[H])(-[H])-[#6](-[H])(-[H])-[#6](=[#8])-[#7](-[H])-[#6](-[H])(-[H])-[#6](-[H])(-[H])-[#16]-[#6:12])-[#8]-[#6@@]-1(-[H])-[#7]1:[#6](-[H]):[#7]:[#6]2:[#6](-[#7](-[H])-[H]):[#7]:[#6](-[H]):[#7]:[#6]:1:2.[H]-[#8:68]-[#6:66]-[#6@@:63]>>[#6:66]=[#8:68].[#6:12]-[#6:63],"EVODEX.1-P1649,EVODEX.1-P1654,EVODEX.1-P1656,EVODEX.1-P1657,EVODEX.1-P1661,EVODEX.1-P1757,EVODEX.1-P1760,EVODEX.1-P1761,EVODEX.1-P1779,EVODEX.1-P1794",101112635203591344495968280725078177966191738652498377705253404968946113222295
EVODEX.1-C118,[H]-[#6:9]-[#6:10]-[#16:12].[#6:66]=[#8:67].[H]-[#8:60]>>[H]-[#8:67]-[#6@:66]-[#6@:9]-[#6:10]-[#8:60].[H]-[#16:12],"EVODEX.1-P2168,EVODEX.1-P2174,EVODEX.1-P2177,EVODEX.1-P2178,EVODEX.1-P2190,EVODEX.1-P2193,EVODEX.1-P2205,EVODEX.1-P2206,EVODEX.1-P2207,EVODEX.1-P2216",73233042341359373925372722308732864518729389565017275593417175079490852902711
EVODEX.1-C119,[H]-[#8]-[#6@]1(-[H])-[#6@](-[H])(-[#8]-[#15](=[#8])(-[#8]-[H])-[#8]-[H])-[#6@@](-[H])(-[#6](-[H])(-[H])-[#8]-[#15](=[#8])(-[#8]-[H])-[#8]-[#15](=[#8])(-[#8]-[H])-[#8]-[#6](-[H])(-[H])-[#6](-[#6](-[H])(-[H])-[H])(-[#6](-[H])(-[H])-[H])-[#6@@](-[H])(-[#8]-[H])-[#6](=[#8])-[#7](-[H])-[#6](-[H])(-[H])-[#6](-[H])(-[H])-[#6](=[#8])-[#7](-[H])-[#6](-[H])(-[H])-[#6](-[H])(-[H])-[#16]-[#6:10]-[#6:9]-[H])-[#8]-[#6@@]-1(-[H])-[#7]1:[#6](-[H]):[#7]:[#6]2:[#6](-[#7](-[H])-[H]):[#7]:[#6](-[H]):[#7]:[#6]:1:2.[#6:66]=[#8:67].[H]-[#8:60]>>[H]-[#8:67]-[#6@:66]-[#6@:9]-[#6:10]-[#8:60],"EVODEX.1-P2169,EVODEX.1-P2181,EVODEX.1-P2184,EVODEX.1-P2186,EVODEX.1-P2189,EVODEX.1-P2196,EVODEX.1-P2204,EVODEX.1-P2210,EVODEX.1-P2213,EVODEX.1-P2217",88466356567055160196885255665001849506773104269867640622446451571842484680089
EVODEX.1-C120,[H]-[#6:9]-[#6:10]-[#16:12].[#6:66]=[#8:67]>>[H]-[#8]-[#6:10]-[#6@@:9]-[#6@:66]-[#8:67]-[H].[H]-[#16:12],"EVODEX.1-P2172,EVODEX.1-P2182,EVODEX.1-P2188,EVODEX.1-P2195,EVODEX.1-P2197,EVODEX.1-P2203,EVODEX.1-P2208,EVODEX.1-P2211,EVODEX.1-P2214,EVODEX.1-P2215",66888669516045675788541943892605665537069146953496945655701021457873630026043
EVODEX.1-C121,[H]-[#8]-[#6@]1(-[H])-[#6@](-[H])(-[#8]-[#15](=[#8])(-[#8]-[H])-[#8]-[H])-[#6@@](-[H])(-[#6](-[H])(-[H])-[#8]-[#15](=[#8])(-[#8]-[H])-[#8]-[#15](=[#8])(-[#8]-[H])-[#8]-[#6](-[H])(-[H])-[#6](-[#6](-[H])(-[H])-[H])(-[#6](-[H])(-[H])-[H])-[#6@@](-[H])(-[#8]-[H])-[#6](=[#8])-[#7](-[H])-[#6](-[H])(-[H])-[#6](-[H])(-[H])-[#6](=[#8])-[#7](-[H])-[#6](-[H])(-[H])-[#6](-[H])(-[H])-[#16]-[#6:5]-[#6:4]-[H])-[#8]-[#6@@]-1(-[H])-[#7]1:[#6](-[H]):[#7]:[#6]2:[#6](-[#7](-[H])-[H]):[#7]:[#6](-[H]):[#7]:[#6]:1:2.[#6:60]=[#8:61]>>[H]-[#8]-[#6:5]-[#6:4]-[#6:60]-[#8:61]-[H],"EVODEX.1-P2179,EVODEX.1-P2180,EVODEX.1-P2183,EVODEX.1-P2185,EVODEX.1-P2191,EVODEX.1-P2198,EVODEX.1-P2201,EVODEX.1-P2209,EVODEX.1-P2212,EVODEX.1-P2218",189784939760931351006656430444368883092047514257005928324309206980225668139
EVODEX.1-C122,[H]-[#8:25]>>[H]-[#8]-[#15](=[#8])(-[#8]-[H])-[#8]-[#15](=[#8])(-[#8]-[H])-[#8:25],"EVODEX.1-P2514,EVODEX.1-P3327,EVODEX.1-P3333,EVODEX.1-P3359,EVODEX.1-P3475,EVODEX.1-P3559,EVODEX.1-P3585,EVODEX.1-P3586,EVODEX.1-P3591,EVODEX.1-P3609",32614081054223856905050838126808596531219835326873583979979325119110993164176
EVODEX.1-C123,[H]-[#8]-[#6](=[#8])-[#6](-[#6](-[H])(-[H])-[H])=[#8:3].[H]-[#7](-[H])-[#6:14]-[H]>>[#8:3]=[#6:14],"EVODEX.1-P2831,EVODEX.1-P2835,EVODEX.1-P2889,EVODEX.1-P2891,EVODEX.1-P2894,EVODEX.1-P2907,EVODEX.1-P2987,EVODEX.1-P3003,EVODEX.1-P3103,EVODEX.1-P3176",68973013325884747924738455952357728699568281017378676214382212529884573235468
EVODEX.1-C124,[H]-[#6@@:8]-[#7:7]>>[H]-[#8]-[#6](=[#8])-[#6@](-[H])(-[#6](-[H])(-[H])-[H])-[#7:7].[#8]=[#6:8],"EVODEX.1-P2832,EVODEX.1-P2834,EVODEX.1-P2837,EVODEX.1-P2893,EVODEX.1-P2906,EVODEX.1-P2988,EVODEX.1-P3004,EVODEX.1-P3107,EVODEX.1-P3177,EVODEX.1-P3222",7800744636982812161645343862322610244961418773994608093256486774396247074815
EVODEX.1-C125,[#6:8]=[#8:10]>>[H]-[#7](-[H])-[#6@@:8]-[H].[H]-[#8]-[#6](=[#8])-[#6](-[#6](-[H])(-[H])-[H])=[#8:10],"EVODEX.1-P2836,EVODEX.1-P2838,EVODEX.1-P2841,EVODEX.1-P2843,EVODEX.1-P2853,EVODEX.1-P2909,EVODEX.1-P2926,EVODEX.1-P2928,EVODEX.1-P2930,EVODEX.1-P2934",107287979618039435404166242055148276861436572853417530290420087608434405963788
EVODEX.1-C126,[H]-[#8]-[#6](=[#8])-[#6@](-[H])(-[#6](-[H])(-[H])-[H])-[#7:3].[#8]=[#6:19]>>[H]-[#6:19]-[#7:3],"EVODEX.1-P2839,EVODEX.1-P2840,EVODEX.1-P2842,EVODEX.1-P2927,EVODEX.1-P2929,EVODEX.1-P2933,EVODEX.1-P2935,EVODEX.1-P2983,EVODEX.1-P3002,EVODEX.1-P6059",37847011487468451557985572315576783229443913620042145160564257880359734007032
EVODEX.1-C127,[H]-[#6](-[H])(-[H])-[#6@@:2]>>[H]-[#6:2],"EVODEX.1-P2849,EVODEX.1-P3029,EVODEX.1-P3031,EVODEX.1-P3051,EVODEX.1-P3054,EVODEX.1-P3063,EVODEX.1-P3072,EVODEX.1-P3783,EVODEX.1-P3785,EVODEX.1-P3806",93767896496617292493889550042881613271544976236805760976189417398292680712634
EVODEX.1-C128,[H]-[#8:27]>>[H]-[#8]-[#6@@]1(-[H])-[#6@@](-[H])(-[#8]-[H])-[#6@](-[H])(-[#7]2:[#6](-[H]):[#7]:[#6]3:[#6](-[#7](-[H])-[H]):[#7]:[#6](-[H]):[#7]:[#6]:2:3)-[#8]-[#6@]-1(-[H])-[#6](-[H])(-[H])-[#8]-[#15](=[#8])(-[#8]-[H])-[#8:27],"EVODEX.1-P3368,EVODEX.1-P3629,EVODEX.1-P3630,EVODEX.1-P3687,EVODEX.1-P6618,EVODEX.1-P6875,EVODEX.1-P6889,EVODEX.1-P6911,EVODEX.1-P7559,EVODEX.1-P7562",113603895616331469735629388993974122457500474343736871034005309151477495896273
EVODEX.1-C129,[H]-[#8:13]>>[H]-[#8]-[#6@@]1(-[H])-[#6@@](-[H])(-[#8]-[H])-[#6@](-[H])(-[#7]2:[#6](-[H]):[#6](-[H]):[#6](-[#7](-[H])-[H]):[#7]:[#6]:2=[#8])-[#8]-[#6@]-1(-[H])-[#6](-[H])(-[H])-[#8]-[#15](=[#8])(-[#8]-[H])-[#8:13],"EVODEX.1-P3643,EVODEX.1-P3644,EVODEX.1-P3657,EVODEX.1-P3658,EVODEX.1-P3659,EVODEX.1-P3662,EVODEX.1-P3663,EVODEX.1-P3711,EVODEX.1-P3712,EVODEX.1-P3713",43343208295830073647559300446641894664357826659417865214101524339456724418508
EVODEX.1-C130,[H]-[#8]-[#6:57]>>[H]-[#8]-[#6@]1(-[H])-[#6@](-[H])(-[#8]-[#15](=[#8])(-[#8]-[H])-[#8]-[H])-[#6@@](-[H])(-[#6](-[H])(-[H])-[#8]-[#15](=[#8])(-[#8]-[H])-[#8]-[#15](=[#8])(-[#8]-[H])-[#8]-[#6](-[H])(-[H])-[#6](-[#6](-[H])(-[H])-[H])(-[#6](-[H])(-[H])-[H])-[#6@@](-[H])(-[#8]-[H])-[#6](=[#8])-[#7](-[H])-[#6](-[H])(-[H])-[#6](-[H])(-[H])-[#6](=[#8])-[#7](-[H])-[#6](-[H])(-[H])-[#6](-[H])(-[H])-[#16]-[#6:57])-[#8]-[#6@@]-1(-[H])-[#7]1:[#6](-[H]):[#7]:[#6]2:[#6](-[#7](-[H])-[H]):[#7]:[#6](-[H]):[#7]:[#6]:1:2,"EVODEX.1-P3787,EVODEX.1-P3793,EVODEX.1-P3821,EVODEX.1-P3822,EVODEX.1-P3826,EVODEX.1-P6658,EVODEX.1-P6795,EVODEX.1-P6796,EVODEX.1-P6804,EVODEX.1-P6811",42535623737283862428353106189457373494937361275785353452132932981031483930167
EVODEX.1-C131,[H]-[#6](-[H])(-[H])-[#6](-[H])(-[H])-[#8:3]>>[H]-[#8:3],"EVODEX.1-P3857,EVODEX.1-P3885,EVODEX.1-P3921,EVODEX.1-P4047,EVODEX.1-P4175,EVODEX.1-P4295,EVODEX.1-P4297,EVODEX.1-P4298,EVODEX.1-P4299,EVODEX.1-P4986",19834807648515786014390630878334848153568672778391733220719443373037525208166
EVODEX.1-C132,[H]-[#7]=[#6](-[#7](-[H])-[H])-[#7](-[H])-[#6](-[H])(-[H])-[#6](-[H])(-[H])-[#6](-[H])(-[H])-[#6@@](-[H])(-[#6](=[#8])-[#7:12])-[#7](-[H])-[H]>>[H]-[#7:12],"EVODEX.1-P4559,EVODEX.1-P4588,EVODEX.1-P4595,EVODEX.1-P4621,EVODEX.1-P4635,EVODEX.1-P4682,EVODEX.1-P4683,EVODEX.1-P4691,EVODEX.1-P4749,EVODEX.1-P4769",101644069288263490195884837642287979735063757387348710293768131878281895847330
EVODEX.1-C133,[H]-[#7](-[H])-[#6](-[H])(-[H])-[#6](=[#8])-[#7:22]>>[H]-[#7:22],"EVODEX.1-P4590,EVODEX.1-P4622,EVODEX.1-P4660,EVODEX.1-P4772,EVODEX.1-P4774,EVODEX.1-P4775,EVODEX.1-P4801,EVODEX.1-P4805,EVODEX.1-P4867,EVODEX.1-P5184",66629954794991371697628128320758154156725875827265862743689356400018444203827
EVODEX.1-C134,[H]-[#7](-[H])-[#6:2]-[#7:4].[H]-[#8:19]-[H]>>[#6:2]=[#8:19].[H]-[#7:4],"EVODEX.1-P5499,EVODEX.1-P5500,EVODEX.1-P5707,EVODEX.1-P5726,EVODEX.1-P5731,EVODEX.1-P5735,EVODEX.1-P5736,EVODEX.1-P5779,EVODEX.1-P5780,EVODEX.1-P5783",63812480321060644513233874231714768543222411913306990164910958064752693418944
EVODEX.1-C135,[#7]#[#6:4].[H]-[#8:6]-[H]>>[H]-[#8]-[#6:4]=[#8:6],"EVODEX.1-P5886,EVODEX.1-P5905,EVODEX.1-P5906,EVODEX.1-P5908,EVODEX.1-P5926,EVODEX.1-P5930,EVODEX.1-P5951,EVODEX.1-P5954,EVODEX.1-P5957,EVODEX.1-P5960",20360282236600064706002131562588635725407051330908666254640116541017920028918
EVODEX.1-C136,[#6:4]#[#7:5]>>[H]-[#8]-[#6:4]=[#8].[H]-[#7:5](-[H])-[H],"EVODEX.1-P5887,EVODEX.1-P5892,EVODEX.1-P5901,EVODEX.1-P5903,EVODEX.1-P5910,EVODEX.1-P5923,EVODEX.1-P5953,EVODEX.1-P5955,EVODEX.1-P5958,EVODEX.1-P5962",48196793295317719765113563755060973840133737591070075508013911837379335183816
EVODEX.1-C137,[#6:5]#[#7:6].[H]-[#8:7]-[H]>>[H]-[#8]-[#6:5]=[#8:7].[H]-[#7:6](-[H])-[H],"EVODEX.1-P5888,EVODEX.1-P5897,EVODEX.1-P5898,EVODEX.1-P5902,EVODEX.1-P5913,EVODEX.1-P5920,EVODEX.1-P5934,EVODEX.1-P5956,EVODEX.1-P5959,EVODEX.1-P5963",111900280762109281444316930287535813866503692336275404765105847766717538250823
EVODEX.1-C138,[#7]#[#6:2]>>[H]-[#8]-[#6:2]=[#8],"EVODEX.1-P5891,EVODEX.1-P5907,EVODEX.1-P5909,EVODEX.1-P5921,EVODEX.1-P5922,EVODEX.1-P5935,EVODEX.1-P5952,EVODEX.1-P5961,EVODEX.1-P5964,EVODEX.1-P5966",3564763891144176332801761451836614486060126334528610566241061486550336287861
EVODEX.1-C139,[H]-[#8:1].[#6:6]-[#17:7]>>[H]-[#17:7].[#8:1]-[#6:6],"EVODEX.1-P6087,EVODEX.1-P6091,EVODEX.1-P6093,EVODEX.1-P6097,EVODEX.1-P6100,EVODEX.1-P6102,EVODEX.1-P6108,EVODEX.1-P6112,EVODEX.1-P6119,EVODEX.1-P6121",109113560675099492889457835485950716946479033055116941042899659509806029775053
EVODEX.1-C140,[#17]-[#6:12].[H]-[#8:14]>>[#6:12]-[#8:14],"EVODEX.1-P6088,EVODEX.1-P6096,EVODEX.1-P6101,EVODEX.1-P6107,EVODEX.1-P6109,EVODEX.1-P6111,EVODEX.1-P6114,EVODEX.1-P6122,EVODEX.1-P6123,EVODEX.1-P6125",71552883616411265681919254769419787427197040151483348207187765205582344734875
EVODEX.1-C141,[#17]-[#6:2]>>[H]-[#8]-[#6:2],"EVODEX.1-P6089,EVODEX.1-P6092,EVODEX.1-P6094,EVODEX.1-P6098,EVODEX.1-P6103,EVODEX.1-P6106,EVODEX.1-P6110,EVODEX.1-P6113,EVODEX.1-P6117,EVODEX.1-P6124",96656040681982915581533683915560788261529699944330668955265828580863615002208
EVODEX.1-C142,[#6:12]-[#17:13]>>[H]-[#8]-[#6:12].[H]-[#17:13],"EVODEX.1-P6090,EVODEX.1-P6095,EVODEX.1-P6099,EVODEX.1-P6104,EVODEX.1-P6105,EVODEX.1-P6115,EVODEX.1-P6116,EVODEX.1-P6118,EVODEX.1-P6120,EVODEX.1-P6126",40750598601488028487683070833706318028794232941742168030324927188712770766685
EVODEX.1-C143,[#6:8]=[#8:9]>>[H]-[#8:9]-[#6@:8]-[#6]#[#7],"EVODEX.1-P6222,EVODEX.1-P6229,EVODEX.1-P6231,EVODEX.1-P6235,EVODEX.1-P6238,EVODEX.1-P6239,EVODEX.1-P6241,EVODEX.1-P6246,EVODEX.1-P6247,EVODEX.1-P6360",91953706587327134101428336106235507444734653360464976737597877410470276478450
EVODEX.1-C144,[H]-[#8:7]-[#6@:6]-[#6]#[#7]>>[#6:6]=[#8:7],"EVODEX.1-P6226,EVODEX.1-P6227,EVODEX.1-P6233,EVODEX.1-P6347,EVODEX.1-P6353,EVODEX.1-P6354,EVODEX.1-P6355,EVODEX.1-P6357,EVODEX.1-P6359,EVODEX.1-P6361",34742551683849299989114458558423618677708841070114820972500384503582054548565
EVODEX.1-C145,[H]-[#8]-[#6@:6]-[#6:5]-[H]>>[#6:5]=[#6:6],"EVODEX.1-P6398,EVODEX.1-P6409,EVODEX.1-P6411,EVODEX.1-P6414,EVODEX.1-P6424,EVODEX.1-P6433,EVODEX.1-P6443,EVODEX.1-P6449,EVODEX.1-P6451,EVODEX.1-P6453",28258249547986912937960169644243765844237768105976087280506879778427807087397
EVODEX.1-C146,[H]-[#6:3](-[#6:2]=[#8:1])-[#8:4]-[H]>>[H]-[#8:1]-[#6@@:2](-[H])-[#6:3]=[#8:4],"EVODEX.1-P6585,EVODEX.1-P6586,EVODEX.1-P6587,EVODEX.1-P6588,EVODEX.1-P6589,EVODEX.1-P6590,EVODEX.1-P6591,EVODEX.1-P6592,EVODEX.1-P6593,EVODEX.1-P6594",50605891727453373645764243254545034568909398867051241095243852055502266802543
EVODEX.1-C147,[H]-[#8]-[#6:15].[H]-[#8]-[#6@@]1(-[H])-[#6@@](-[H])(-[#8]-[H])-[#6@](-[H])(-[#7]2:[#6](-[H]):[#7]:[#6]3:[#6](-[#7](-[H])-[H]):[#7]:[#6](-[H]):[#7]:[#6]:2:3)-[#8]-[#6@]-1(-[H])-[#6](-[H])(-[H])-[#8]-[#15](=[#8])(-[#8]-[H])-[#8:102]>>[H]-[#8]-[#6@]1(-[H])-[#6@](-[H])(-[#8]-[#15](=[#8])(-[#8]-[H])-[#8]-[H])-[#6@@](-[H])(-[#6](-[H])(-[H])-[#8]-[#15](=[#8])(-[#8]-[H])-[#8]-[#15](=[#8])(-[#8]-[H])-[#8]-[#6](-[H])(-[H])-[#6](-[#6](-[H])(-[H])-[H])(-[#6](-[H])(-[H])-[H])-[#6@@](-[H])(-[#8]-[H])-[#6](=[#8])-[#7](-[H])-[#6](-[H])(-[H])-[#6](-[H])(-[H])-[#6](=[#8])-[#7](-[H])-[#6](-[H])(-[H])-[#6](-[H])(-[H])-[#16]-[#6:15])-[#8]-[#6@@]-1(-[H])-[#7]1:[#6](-[H]):[#7]:[#6]2:[#6](-[#7](-[H])-[H]):[#7]:[#6](-[H]):[#7]:[#6]:1:2.[H]-[#8:102],"EVODEX.1-P6626,EVODEX.1-P6687,EVODEX.1-P6713,EVODEX.1-P6715,EVODEX.1-P6775,EVODEX.1-P6777,EVODEX.1-P6783,EVODEX.1-P6823,EVODEX.1-P6862,EVODEX.1-P6887",56323221102276537956808710017745672141059466027969896071248890992054302417916
EVODEX.1-C148,[#6:57]-[#8:59].([#15:75]-[#8:78].[#6@:87]-[#6@:89])>>[H]-[#8]-[#6@]1(-[H])-[#6@](-[H])(-[#8]-[#15](=[#8])(-[#8]-[H])-[#8]-[H])-[#6@@](-[H])(-[#6](-[H])(-[H])-[#8]-[#15](=[#8])(-[#8]-[H])-[#8]-[#15](=[#8])(-[#8]-[H])-[#8]-[#6](-[H])(-[H])-[#6](-[#6](-[H])(-[H])-[H])(-[#6](-[H])(-[H])-[H])-[#6@@](-[H])(-[#8]-[H])-[#6](=[#8])-[#7](-[H])-[#6](-[H])(-[H])-[#6](-[H])(-[H])-[#6](=[#8])-[#7](-[H])-[#6](-[H])(-[H])-[#6](-[H])(-[H])-[#16]-[#6:57])-[#8]-[#6@@]-1(-[H])-[#7]1:[#6](-[H]):[#7]:[#6]2:[#6](-[#7](-[H])-[H]):[#7]:[#6](-[H]):[#7]:[#6]:1:2.([#8:59]-[#15:75].[#6@@:89]-[#6@@:87]).[H]-[#8:78],"EVODEX.1-P6635,EVODEX.1-P6642,EVODEX.1-P6646,EVODEX.1-P6686,EVODEX.1-P6697,EVODEX.1-P6702,EVODEX.1-P6711,EVODEX.1-P6729,EVODEX.1-P6845,EVODEX.1-P6858",39301022093956665882221697900141502669993530519201876339240580170589263651965
EVODEX.1-C149,[H]-[#16:48].[#6:59]-[#8:61].([#15:77]-[#8:80].[#6@:89]-[#6@:91])>>[#16:48]-[#6:59].([#8:61]-[#15:77].[#6@@:91]-[#6@@:89]).[H]-[#8:80],"EVODEX.1-P6638,EVODEX.1-P6674,EVODEX.1-P6696,EVODEX.1-P6700,EVODEX.1-P6703,EVODEX.1-P6709,EVODEX.1-P6728,EVODEX.1-P6780,EVODEX.1-P6853,EVODEX.1-P6878",25742219608617598132366028431268408358196626576786263383414159024072262192516
EVODEX.1-C150,[H]-[#16:48].[#6:56]-[#8:58]>>[#16:48]-[#6:56].[H]-[#8]-[#6@@]1(-[H])-[#6@@](-[H])(-[#8]-[H])-[#6@](-[H])(-[#7]2:[#6](-[H]):[#7]:[#6]3:[#6](-[#7](-[H])-[H]):[#7]:[#6](-[H]):[#7]:[#6]:2:3)-[#8]-[#6@]-1(-[H])-[#6](-[H])(-[H])-[#8]-[#15](=[#8])(-[#8]-[H])-[#8:58],"EVODEX.1-P6641,EVODEX.1-P6652,EVODEX.1-P6668,EVODEX.1-P6684,EVODEX.1-P6690,EVODEX.1-P6704,EVODEX.1-P6714,EVODEX.1-P6798,EVODEX.1-P6817,EVODEX.1-P6860",10886166597614676504022752611150535083164712285999703162776404715937453404888
EVODEX.1-C151,[#6:81]-[#8:82]>>[H]-[#8]-[#6@]1(-[H])-[#6@](-[H])(-[#8]-[#15](=[#8])(-[#8]-[H])-[#8]-[H])-[#6@@](-[H])(-[#6](-[H])(-[H])-[#8]-[#15](=[#8])(-[#8]-[H])-[#8]-[#15](=[#8])(-[#8]-[H])-[#8]-[#6](-[H])(-[H])-[#6](-[#6](-[H])(-[H])-[H])(-[#6](-[H])(-[H])-[H])-[#6@@](-[H])(-[#8]-[H])-[#6](=[#8])-[#7](-[H])-[#6](-[H])(-[H])-[#6](-[H])(-[H])-[#6](=[#8])-[#7](-[H])-[#6](-[H])(-[H])-[#6](-[H])(-[H])-[#16]-[#6:81])-[#8]-[#6@@]-1(-[H])-[#7]1:[#6](-[H]):[#7]:[#6]2:[#6](-[#7](-[H])-[H]):[#7]:[#6](-[H]):[#7]:[#6]:1:2.[H]-[#8]-[#6@@]1(-[H])-[#6@@](-[H])(-[#8]-[H])-[#6@](-[H])(-[#7]2:[#6](-[H]):[#7]:[#6]3:[#6](-[#7](-[H])-[H]):[#7]:[#6](-[H]):[#7]:[#6]:2:3)-[#8]-[#6@]-1(-[H])-[#6](-[H])(-[H])-[#8]-[#15](=[#8])(-[#8]-[H])-[#8:82],"EVODEX.1-P6659,EVODEX.1-P6682,EVODEX.1-P6688,EVODEX.1-P6708,EVODEX.1-P6773,EVODEX.1-P6779,EVODEX.1-P6788,EVODEX.1-P6810,EVODEX.1-P6855,EVODEX.1-P6879",16471263303370233387058002805043118760920860134024218784253480212233841201197
EVODEX.1-C152,[H]-[#16:48].([H]-[#8]-[#15](=[#8])(-[#8]-[H])-[#8]-[#15](=[#8])(-[#8]-[H])-[#8]-[#15:59].[#6@@:73]-[#6@@:71]).[#6:79]-[#8:80]>>[#16:48]-[#6:79].([#15:59]-[#8:80].[#6@:71]-[#6@:73]),"EVODEX.1-P6679,EVODEX.1-P6692,EVODEX.1-P6785,EVODEX.1-P6790,EVODEX.1-P6800,EVODEX.1-P6808,EVODEX.1-P6812,EVODEX.1-P6815,EVODEX.1-P6816,EVODEX.1-P6830",3908977599066710864068191143394982951042823059503961188060087981921777223414
EVODEX.1-C153,([H]-[#8]-[#15](=[#8])(-[#8]-[H])-[#8]-[#15](=[#8])(-[#8]-[H])-[#8]-[#15:64].[#6@@:78]-[#6@@:76]).[#6:81]-[#8:82]>>[H]-[#8]-[#6@]1(-[H])-[#6@](-[H])(-[#8]-[#15](=[#8])(-[#8]-[H])-[#8]-[H])-[#6@@](-[H])(-[#6](-[H])(-[H])-[#8]-[#15](=[#8])(-[#8]-[H])-[#8]-[#15](=[#8])(-[#8]-[H])-[#8]-[#6](-[H])(-[H])-[#6](-[#6](-[H])(-[H])-[H])(-[#6](-[H])(-[H])-[H])-[#6@@](-[H])(-[#8]-[H])-[#6](=[#8])-[#7](-[H])-[#6](-[H])(-[H])-[#6](-[H])(-[H])-[#6](=[#8])-[#7](-[H])-[#6](-[H])(-[H])-[#6](-[H])(-[H])-[#16]-[#6:81])-[#8]-[#6@@]-1(-[H])-[#7]1:[#6](-[H]):[#7]:[#6]2:[#6](-[#7](-[H])-[H]):[#7]:[#6](-[H]):[#7]:[#6]:1:2.([#15:64]-[#8:82].[#6@:76]-[#6@:78]),"EVODEX.1-P6681,EVODEX.1-P6695,EVODEX.1-P6718,EVODEX.1-P6769,EVODEX.1-P6803,EVODEX.1-P6805,EVODEX.1-P6809,EVODEX.1-P6814,EVODEX.1-P6829,EVODEX.1-P6881",60309206142720853490331965180443681670973567973532255839797027502026149125512
EVODEX.1-C154,[H]-[#16:48].[H]-[#8]-[#6:56].[H]-[#8]-[#6@@]1(-[H])-[#6@@](-[H])(-[#8]-[H])-[#6@](-[H])(-[#7]2:[#6](-[H]):[#7]:[#6]3:[#6](-[#7](-[H])-[H]):[#7]:[#6](-[H]):[#7]:[#6]:2:3)-[#8]-[#6@]-1(-[H])-[#6](-[H])(-[H])-[#8]-[#15](=[#8])(-[#8]-[H])-[#8:82]>>[#16:48]-[#6:56].[H]-[#8:82],"EVODEX.1-P6683,EVODEX.1-P6693,EVODEX.1-P6710,EVODEX.1-P6716,EVODEX.1-P6772,EVODEX.1-P6787,EVODEX.1-P6818,EVODEX.1-P6822,EVODEX.1-P6824,EVODEX.1-P6854",80064137591688397385523992295500541265763079462295266768857313805714210404528
EVODEX.1-C155,[H]-[#16:48].[#6:62]-[#8:64].[H]-[#8]-[#15](=[#8])(-[#8]-[H])-[#8]-[#15](=[#8])(-[#8]-[H])-[#8]-[#15:82]>>[#16:48]-[#6:62].[#8:64]-[#15:82],"EVODEX.1-P6685,EVODEX.1-P6698,EVODEX.1-P6701,EVODEX.1-P6706,EVODEX.1-P6778,EVODEX.1-P6782,EVODEX.1-P6793,EVODEX.1-P6806,EVODEX.1-P6820,EVODEX.1-P6852",29703871990455838545928735327563462619262179769505374253560961472298649546085
EVODEX.1-C156,[H]-[#7:2].[H]-[#8]-[#6](=[#8])-[#6@@](-[H])(-[#7](-[H])-[H])-[#6](-[H])(-[H])-[#6](-[H])(-[H])-[#16](-[#6](-[H])(-[H])-[#6@@]1(-[H])-[#8]-[#6@@](-[H])(-[#7]2:[#6](-[H]):[#7]:[#6]3:[#6](-[#7](-[H])-[H]):[#7]:[#6](-[H]):[#7]:[#6]:2:3)-[#6@](-[H])(-[#8]-[H])-[#6@]-1(-[H])-[#8]-[H])-[#6:9]>>[#7:2]-[#6:9],"EVODEX.1-P1225,EVODEX.1-P1229,EVODEX.1-P1276,EVODEX.1-P1278,EVODEX.1-P1279,EVODEX.1-P1283,EVODEX.1-P1287,EVODEX.1-P1289,EVODEX.1-P1291",114556043021424655745542378768383569818127570215584686020886257768587311535683
EVODEX.1-C157,[H]-[#7:6]>>[H]-[#6](-[H])(-[H])-[#7:6],"EVODEX.1-P1226,EVODEX.1-P1234,EVODEX.1-P1239,EVODEX.1-P1265,EVODEX.1-P1273,EVODEX.1-P1275,EVODEX.1-P1281,EVODEX.1-P1288,EVODEX.1-P1323",96675912262296919530166950562612421804884020201272919011481706790290129008288
EVODEX.1-C158,[H]-[#8:86]>>[H]-[#6](=[#6](-[H])-[#6](-[H])(-[H])-[#6](-[H])=[#6](-[H])-[#6](-[H])(-[H])-[#6](-[H])(-[H])-[#6](-[H])(-[H])-[#6](=[#8])-[#8:86])-[#6](-[H])(-[H])-[#6](-[H])=[#6](-[H])-[#6](-[H])(-[H])-[#6](-[H])=[#6](-[H])-[#6](-[H])(-[H])-[#6](-[H])(-[H])-[#6](-[H])(-[H])-[#6](-[H])(-[H])-[#6](-[H])(-[H])-[H],"EVODEX.1-P1454,EVODEX.1-P1562,EVODEX.1-P1673,EVODEX.1-P1802,EVODEX.1-P1812,EVODEX.1-P1813,EVODEX.1-P1814,EVODEX.1-P1816,EVODEX.1-P2036",55815089412173118873168217786276652340834577281667257640508257078727350148649
EVODEX.1-C159,[H]-[#8]-[#6@]1(-[H])-[#6@](-[H])(-[#8]-[#15](=[#8])(-[#8]-[H])-[#8]-[H])-[#6@@](-[H])(-[#6](-[H])(-[H])-[#8]-[#15](=[#8])(-[#8]-[H])-[#8]-[#15](=[#8])(-[#8]-[H])-[#8]-[#6](-[H])(-[H])-[#6](-[#6](-[H])(-[H])-[H])(-[#6](-[H])(-[H])-[H])-[#6@@](-[H])(-[#8]-[H])-[#6](=[#8])-[#7](-[H])-[#6](-[H])(-[H])-[#6](-[H])(-[H])-[#6](=[#8])-[#7](-[H])-[#6](-[H])(-[H])-[#6](-[H])(-[H])-[#16]-[#6:4])-[#8]-[#6@@]-1(-[H])-[#7]1:[#6](-[H]):[#7]:[#6]2:[#6](-[#7](-[H])-[H]):[#7]:[#6](-[H]):[#7]:[#6]:1:2>>[H]-[#8]-[#6:4],"EVODEX.1-P1584,EVODEX.1-P1585,EVODEX.1-P3791,EVODEX.1-P3811,EVODEX.1-P3844,EVODEX.1-P3845,EVODEX.1-P4164,EVODEX.1-P4167,EVODEX.1-P6660",46523517299031050519081459066087935747068018502339726273788942271266392642691
EVODEX.1-C160,[H]-[#8:30]>>[H]-[#8]-[#6](-[H])(-[H])-[#6@@]1(-[H])-[#8]-[#6@@](-[H])(-[#8:30])-[#6@](-[H])(-[#7](-[H])-[#6](=[#8])-[#6](-[H])(-[H])-[H])-[#6@@](-[H])(-[#8]-[H])-[#6@@]-1(-[H])-[#8]-[H],"EVODEX.1-P2241,EVODEX.1-P2274,EVODEX.1-P2278,EVODEX.1-P2363,EVODEX.1-P2381,EVODEX.1-P2382,EVODEX.1-P2438,EVODEX.1-P2441,EVODEX.1-P2444",1298932298283448571277346493622816567553891529998678556802808663499557181856
EVODEX.1-C161,[H]-[#7](-[H])-[#6:2]-[#7:4]>>[#8]=[#6:2].[H]-[#7:4],"EVODEX.1-P5501,EVODEX.1-P5708,EVODEX.1-P5710,EVODEX.1-P5732,EVODEX.1-P5734,EVODEX.1-P5737,EVODEX.1-P5778,EVODEX.1-P5882,EVODEX.1-P5883",65612713983361997384532582445951362500163889346289368216838175939880029618989
EVODEX.1-C162,[#15:64]-[#8:67].[#6:81]-[#8:82]>>[H]-[#8]-[#6@]1(-[H])-[#6@](-[H])(-[#8]-[#15](=[#8])(-[#8]-[H])-[#8]-[H])-[#6@@](-[H])(-[#6](-[H])(-[H])-[#8]-[#15](=[#8])(-[#8]-[H])-[#8]-[#15](=[#8])(-[#8]-[H])-[#8]-[#6](-[H])(-[H])-[#6](-[#6](-[H])(-[H])-[H])(-[#6](-[H])(-[H])-[H])-[#6@@](-[H])(-[#8]-[H])-[#6](=[#8])-[#7](-[H])-[#6](-[H])(-[H])-[#6](-[H])(-[H])-[#6](=[#8])-[#7](-[H])-[#6](-[H])(-[H])-[#6](-[H])(-[H])-[#16]-[#6:81])-[#8]-[#6@@]-1(-[H])-[#7]1:[#6](-[H]):[#7]:[#6]2:[#6](-[#7](-[H])-[H]):[#7]:[#6](-[H]):[#7]:[#6]:1:2.[#15:64]-[#8:82].[H]-[#8:67],"EVODEX.1-P6680,EVODEX.1-P6691,EVODEX.1-P6694,EVODEX.1-P6717,EVODEX.1-P6746,EVODEX.1-P6770,EVODEX.1-P6789,EVODEX.1-P6794,EVODEX.1-P6802",71211990068252217044778748181675108909028916556452330916805707408998089928968
EVODEX.1-C163,[H]-[#16:48].[#15:68]-[#8:71].[#6:81]-[#8:82]>>[#16:48]-[#6:81].[#15:68]-[#8:82].[H]-[#8:71],"EVODEX.1-P6689,EVODEX.1-P6784,EVODEX.1-P6791,EVODEX.1-P6799,EVODEX.1-P6807,EVODEX.1-P6813,EVODEX.1-P6827,EVODEX.1-P6828,EVODEX.1-P6895",40685759372781121485051715557536763978827169105204483457680667707872416978660
EVODEX.1-C164,[#6:47]-[#8:49].[H]-[#7:57].([#15:80]-[#8:83].[#6@:88]-[#6@:90])>>[#6:47]-[#7:57].([#8:49]-[#15:80].[#6@@:90]-[#6@@:88]).[H]-[#8:83],"EVODEX.1-P6916,EVODEX.1-P6922,EVODEX.1-P7039,EVODEX.1-P7151,EVODEX.1-P7156,EVODEX.1-P7270,EVODEX.1-P7420,EVODEX.1-P7490,EVODEX.1-P7539",5803101027744372386531498189823661563137153218992520795791993653235813998360
EVODEX.1-C165,([H]-[#8]-[#15](=[#8])(-[#8]-[H])-[#8]-[#15](=[#8])(-[#8]-[H])-[#8]-[#15:16].[#6@@:30]-[#6@@:28]).[H]-[#8:34]>>([#15:16]-[#8:34].[#6@:28]-[#6@:30]),"EVODEX.1-P304,EVODEX.1-P307,EVODEX.1-P3617,EVODEX.1-P3640,EVODEX.1-P3652,EVODEX.1-P3656,EVODEX.1-P6012,EVODEX.1-P7543",11990203648003022575827824805187930446910020900334864789576387519352122164522
EVODEX.1-C166,[H]-[#8:8].[#8:18](-[#6@@:15]-[#6@:30]-[#6@@:32])-[#6@@:19]>>[#8:8]-[#6@@:19].[H]-[#8:18]-[#6:15]-[#6@@:30]-[#6@:32],"EVODEX.1-P2238,EVODEX.1-P2296,EVODEX.1-P2421,EVODEX.1-P2450,EVODEX.1-P2452,EVODEX.1-P2462,EVODEX.1-P2464,EVODEX.1-P2465",18850002302603379243324959087510422036077857067270429519977995672817809264342
EVODEX.1-C167,([#8:7]-[#6@:6].[#6@@:21]-[#6@@:24]-[#6@@:26])>>([H]-[#8]-[#6@@:6].[#6@:26]-[#6@:24]-[#6@:21]).[H]-[#8:7],"EVODEX.1-P2243,EVODEX.1-P2312,EVODEX.1-P4256,EVODEX.1-P4327,EVODEX.1-P4382,EVODEX.1-P4401,EVODEX.1-P4429,EVODEX.1-P4537",50725259416051876720125246064245154443129577138547010053026889413363508969755
EVODEX.1-C168,[H]-[#8]-[#6](-[H])(-[H])-[#6@@]1(-[H])-[#8]-[#6@@](-[H])(-[#8]-[#6@@:7])-[#6@](-[H])(-[#8]-[H])-[#6@@](-[H])(-[#8]-[H])-[#6@@]-1(-[H])-[#8]-[H]>>[H]-[#8]-[#6@:7],"EVODEX.1-P2344,EVODEX.1-P4316,EVODEX.1-P4319,EVODEX.1-P4325,EVODEX.1-P4334,EVODEX.1-P4427,EVODEX.1-P4452,EVODEX.1-P4526",84873723557312396287172904435634920044221386956532360135538121518552185689307
EVODEX.1-C169,[H]-[#8]-[#15](=[#8])(-[#8]-[H])-[#8]-[#15](=[#8])(-[#8]-[H])-[#8]-[#6:10].[H]-[#8:20]>>[#6:10]-[#8:20],"EVODEX.1-P2550,EVODEX.1-P2553,EVODEX.1-P2556,EVODEX.1-P2562,EVODEX.1-P2582,EVODEX.1-P4215,EVODEX.1-P4225,EVODEX.1-P4292",20142872626407646047291848662164865844455561999502559498704319407377877678358
EVODEX.1-C170,[H]-[#8]-[#16](=[#8])(=[#8])-[#8]>>[H]-[#8],"EVODEX.1-P3728,EVODEX.1-P3741,EVODEX.1-P3744,EVODEX.1-P3772,EVODEX.1-P3773,EVODEX.1-P4270,EVODEX.1-P4281,EVODEX.1-P4284",93488706613006560334516892460695458002566268110600700870737747129204142534693
EVODEX.1-C171,[H]-[#6](-[H])(-[H])-[#6](=[#8])-[#8]-[#6@:11].[H]-[#8:28]>>[#8:28]-[#6@:11],"EVODEX.1-P3865,EVODEX.1-P3897,EVODEX.1-P3907,EVODEX.1-P3908,EVODEX.1-P4038,EVODEX.1-P4045,EVODEX.1-P4073,EVODEX.1-P4091",114070143070789069413476290585076761630398747762440696734053830686035692995015
EVODEX.1-C172,[#8:22]-[#6@@:21]-[#6@@:11]>>[H]-[#8]-[#6@@:21]-[#6@:11].[H]-[#8:22],"EVODEX.1-P3934,EVODEX.1-P4184,EVODEX.1-P4208,EVODEX.1-P4221,EVODEX.1-P4241,EVODEX.1-P4243,EVODEX.1-P4245,EVODEX.1-P4262",41453319780917821887343101636840853274211097541759664880068948143330782133142
EVODEX.1-C173,[H]-[#7:1].([#6:15]-[#8:17].[#6@@:6])>>([#7:1]-[#6:15].[#6@:6]).[H]-[#8]-[#6@@]1(-[H])-[#6@@](-[H])(-[#8]-[H])-[#6@](-[H])(-[#7]2:[#6](-[H]):[#7]:[#6]3:[#6](-[#7](-[H])-[H]):[#7]:[#6](-[H]):[#7]:[#6]:2:3)-[#8]-[#6@]-1(-[H])-[#6](-[H])(-[H])-[#8]-[#15](=[#8])(-[#8]-[H])-[#8]-[#15](=[#8])(-[#8]-[H])-[#8:17],"EVODEX.1-P6912,EVODEX.1-P7038,EVODEX.1-P7047,EVODEX.1-P7087,EVODEX.1-P7091,EVODEX.1-P7098,EVODEX.1-P7109,EVODEX.1-P7114",109730393349884946755890033121405097324458554058434242956550611768885178705185
EVODEX.1-C174,[H]-[#7:1].[H]-[#8]-[#15](=[#8])(-[#8]-[H])-[#8]-[#15:39].([#6:14]-[#8:16].[#6@@:7])>>([#7:1]-[#6:14].[#6@:7]).[#8:16]-[#15:39],"EVODEX.1-P6915,EVODEX.1-P6919,EVODEX.1-P7045,EVODEX.1-P7051,EVODEX.1-P7058,EVODEX.1-P7086,EVODEX.1-P7112,EVODEX.1-P7134",28288626714506893026341216160652832364477092549464521624733241888521899766698
EVODEX.1-C175,[H]-[#8]-[#6:17].[H]-[#7:20].[H]-[#8]-[#6@@]1(-[H])-[#6@@](-[H])(-[#8]-[H])-[#6@](-[H])(-[#7]2:[#6](-[H]):[#7]:[#6]3:[#6](-[#7](-[H])-[H]):[#7]:[#6](-[H]):[#7]:[#6]:2:3)-[#8]-[#6@]-1(-[H])-[#6](-[H])(-[H])-[#8]-[#15](=[#8])(-[#8]-[H])-[#8]-[#15](=[#8])(-[#8]-[H])-[#8:56]>>[#6:17]-[#7:20].[H]-[#8:56],"EVODEX.1-P6918,EVODEX.1-P6972,EVODEX.1-P7059,EVODEX.1-P7097,EVODEX.1-P7102,EVODEX.1-P7104,EVODEX.1-P7157,EVODEX.1-P7483",31849894584155422312916294539020708382145421261917447532631315704383210689009
EVODEX.1-C176,[H]-[#7:16].[#6:13]-[#8:15].[H]-[#8]-[#15](=[#8])(-[#8]-[H])-[#8]-[#15:47]>>[#6:13]-[#7:16].[#8:15]-[#15:47],"EVODEX.1-P6967,EVODEX.1-P7049,EVODEX.1-P7085,EVODEX.1-P7126,EVODEX.1-P7150,EVODEX.1-P7153,EVODEX.1-P7159,EVODEX.1-P7463",16778745231951693127165345492292087056576004967640546660431760150161440737990
EVODEX.1-C177,([#15:16]-[#8:19].[#6@:24]-[#6@:26]).[H]-[#8:1]>>[H]-[#8:19].([#8:1]-[#15:16].[#6@@:26]-[#6@@:24]),"EVODEX.1-P309,EVODEX.1-P3628,EVODEX.1-P4236,EVODEX.1-P4238,EVODEX.1-P5968,EVODEX.1-P5980,EVODEX.1-P6014",40928746118692596661714025326308279993647775849190444050166510973754778739071
EVODEX.1-C178,[H]-[#8:101]-[#6@@:99]>>[H]-[#8]-[#15](=[#8])(-[#8]-[H])-[#8:101]-[#6:99],"EVODEX.1-P3232,EVODEX.1-P3264,EVODEX.1-P3310,EVODEX.1-P3313,EVODEX.1-P3346,EVODEX.1-P3402,EVODEX.1-P3478",19671429724330050096375140570394022582350594472274006230392821131637841284291
EVODEX.1-C179,[H]-[#6](-[H])(-[H])-[#8]-[#6:3].[H]-[#7:28]>>[#6:3]-[#7:28],"EVODEX.1-P4060,EVODEX.1-P4722,EVODEX.1-P5026,EVODEX.1-P5027,EVODEX.1-P5028,EVODEX.1-P5277,EVODEX.1-P5278",53743841233179875212493075689570768886190819031086378278690369684319484711377
EVODEX.1-C180,[H]-[#7:1].([#6:16]-[#8:18].[#6@@:7]).([#15:41]-[#8:44].[#6@:49]-[#6@:51])>>([#7:1]-[#6:16].[#6@:7]).([#8:18]-[#15:41].[#6@@:51]-[#6@@:49]).[H]-[#8:44],"EVODEX.1-P6917,EVODEX.1-P7044,EVODEX.1-P7056,EVODEX.1-P7057,EVODEX.1-P7090,EVODEX.1-P7119,EVODEX.1-P7123",103490773234887232196927992926831476434414256595408377807753358629229043257522
EVODEX.1-C181,[#6:42]-[#8:44].[H]-[#7:49]>>[#6:42]-[#7:49].[H]-[#8]-[#6@@]1(-[H])-[#6@@](-[H])(-[#8]-[H])-[#6@](-[H])(-[#7]2:[#6](-[H]):[#7]:[#6]3:[#6](-[#7](-[H])-[H]):[#7]:[#6](-[H]):[#7]:[#6]:2:3)-[#8]-[#6@]-1(-[H])-[#6](-[H])(-[H])-[#8]-[#15](=[#8])(-[#8]-[H])-[#8]-[#15](=[#8])(-[#8]-[H])-[#8:44],"EVODEX.1-P6999,EVODEX.1-P7074,EVODEX.1-P7154,EVODEX.1-P7173,EVODEX.1-P7262,EVODEX.1-P7456,EVODEX.1-P7509",52152863707157491270102682839593420753615872532499472455272265376667717390893
EVODEX.1-C182,[H]-[#7:45]>>[H]-[#8]-[#6](-[H])(-[H])-[#6@@]1(-[H])-[#8]-[#6@](-[H])(-[#8]-[#15](=[#8])(-[#8]-[H])-[#8]-[#15](=[#8])(-[#8]-[H])-[#8]-[#6](-[H])(-[H])-[#6@@]2(-[H])-[#8]-[#6@@](-[H])(-[#7]3:[#6](-[H]):[#6](-[H]):[#6](=[#8]):[#7](-[H]):[#6]:3=[#8])-[#6@](-[H])(-[#8]-[H])-[#6@]-2(-[H])-[#8]-[H])-[#6@](-[H])(-[#7](-[H])-[#6](=[#8])-[#6](-[H])(-[H])-[H])-[#6@@](-[H])(-[#8]-[#6@@](-[H])(-[#6](=[#8])-[#7:45])-[#6](-[H])(-[H])-[H])-[#6@]-1(-[H])-[#8]-[H],"EVODEX.1-P7172,EVODEX.1-P7515,EVODEX.1-P7519,EVODEX.1-P7520,EVODEX.1-P7524,EVODEX.1-P7527,EVODEX.1-P7529",249337563091402928652177726730676875075284266982754621511061639158548705807
EVODEX.1-C183,[#8:49]=[#6:50]-[#6:51]>>[H]-[#8:49]-[#6:50](-[H])-[#6@:51],"EVODEX.1-P10,EVODEX.1-P5,EVODEX.1-P65,EVODEX.1-P79,EVODEX.1-P8,EVODEX.1-P9",95493427935209558878600846114307262512637737140953948897990375478777189555552
EVODEX.1-C184,([H]-[#7:1].[#6:5]-[#7:7])>>[H]-[#7:7].[#7:1]-[#6:5],"EVODEX.1-P2146,EVODEX.1-P2152,EVODEX.1-P2156,EVODEX.1-P2165,EVODEX.1-P6540,EVODEX.1-P6541",92424940082812006763712580571508874789519650581101645756530828308461302183156
EVODEX.1-C185,([H]-[#7](-[H])-[#6@:10].[#7:15]-[H].[#6@@:6])>>([#7:15]-[#6@:10].[#6@:6]),"EVODEX.1-P2148,EVODEX.1-P2153,EVODEX.1-P2155,EVODEX.1-P2161,EVODEX.1-P2162,EVODEX.1-P2164",13657655220854254139565908535380555206488533293629540358317468291285589402297
EVODEX.1-C186,[H]-[#8]-[#6@@]1(-[H])-[#6@@](-[H])(-[#8]-[H])-[#6@](-[H])(-[#7]2:[#6](-[H]):[#7]:[#6]3:[#6](=[#8]):[#7](-[H]):[#6](-[#7](-[H])-[H]):[#7]:[#6]:2:3)-[#8]-[#6@]-1(-[H])-[#6](-[H])(-[H])-[#8]-[#15](=[#8])(-[#8]-[H])-[#8]-[#15](=[#8])(-[#8]-[H])-[#8]-[#6@@:22].[H]-[#8:42]>>[#6:22]-[#8:42],"EVODEX.1-P2429,EVODEX.1-P2454,EVODEX.1-P2489,EVODEX.1-P2490,EVODEX.1-P2492,EVODEX.1-P3631",61129978010263406288600757108532672721560925654876876198215069760968964950254
EVODEX.1-C187,[#7:165]-[#15:166].[H]-[#8:170]>>[H]-[#7:165].[#15:166]-[#8:170],"EVODEX.1-P3503,EVODEX.1-P3511,EVODEX.1-P3516,EVODEX.1-P6129,EVODEX.1-P6132,EVODEX.1-P6134",68251750044137707286508637433048954811500365879379943641420598745676558060874
EVODEX.1-C188,([#8:7]-[#6@@:6]-[#6@:4].[#6@:17])>>([H]-[#8]-[#6@@:6]-[#6@@:4].[#6@@:17]).[H]-[#8:7],"EVODEX.1-P4217,EVODEX.1-P4376,EVODEX.1-P4377,EVODEX.1-P4379,EVODEX.1-P4478,EVODEX.1-P4484",43096232583602123052234456342193107321879504512055113301961347739057010990007
EVODEX.1-C189,([#8:33](-[#6@@:31])-[#6:34].[#6@:5])>>([H]-[#8]-[#6@@:31].[#6@@:5]).[H]-[#8:33]-[#6@:34],"EVODEX.1-P4310,EVODEX.1-P4312,EVODEX.1-P4313,EVODEX.1-P4317,EVODEX.1-P4318,EVODEX.1-P4391",98434554841205811155424814978906790350924548093600472739244787738504460343489
EVODEX.1-C190,[#6:7]#[#7:8].[H]-[#8:9]-[H]>>[H]-[#7:8](-[H])-[#6:7]=[#8:9],"EVODEX.1-P5927,EVODEX.1-P5933,EVODEX.1-P6458,EVODEX.1-P6465,EVODEX.1-P6468,EVODEX.1-P6475",32854831487106115962340542401891568988403868362218541556356126553735404937724
EVODEX.1-C191,[H]-[#6:3](-[#6@@:2])-[#8:4]-[H]>>[#6:2]-[#6:3]=[#8:4],"EVODEX.1-P11,EVODEX.1-P3,EVODEX.1-P4,EVODEX.1-P6,EVODEX.1-P7",97378729520138447854836188905490993365497144899615848364835264623866286409471
EVODEX.1-C192,[H]-[#6:26]-[#8:27]-[H].[#6:10]=[#8:11]>>[#6:26]=[#8:27].[H]-[#6@:10]-[#8:11]-[H],"EVODEX.1-P17,EVODEX.1-P185,EVODEX.1-P186,EVODEX.1-P187,EVODEX.1-P188",79370062916835670987624886633692122213152301355996576216129866789190429520082
EVODEX.1-C193,[H]-[#6:16]-[H]>>[#8]=[#6:16],"EVODEX.1-P121,EVODEX.1-P122,EVODEX.1-P54,EVODEX.1-P55,EVODEX.1-P77",51710080407178312125811975696175316720979984529219772803993359288476598969459
EVODEX.1-C194,[H]-[#6](-[H])(-[H])-[#6](=[#8])-[#16:4]>>[H]-[#16:4],"EVODEX.1-P1452,EVODEX.1-P1773,EVODEX.1-P2171,EVODEX.1-P3886,EVODEX.1-P66",84018660962471910679392868563516871692757681700810316734203786795420273291357
EVODEX.1-C195,[#8:1]=[#6:2].[H]-[#8:12]-[#8:13]-[H]>>[#8:12]=[#8:13].[H]-[#8:1]-[#6:2]-[H],"EVODEX.1-P138,EVODEX.1-P139,EVODEX.1-P140,EVODEX.1-P141,EVODEX.1-P142",54290224718459850623530042143434010295563483043941353954217940539383030972945
EVODEX.1-C196,([#8:49].[#8:54])>>([H]-[#8:49].[#8:54]-[H]),"EVODEX.1-P1190,EVODEX.1-P150,EVODEX.1-P871,EVODEX.1-P872,EVODEX.1-P873",112781146918216746955884427949980301025666357891067853643504521798038292248464
EVODEX.1-C197,[#16:4].[#8]=[#8:60]>>[#8:60]=[#16:4],"EVODEX.1-P191,EVODEX.1-P404,EVODEX.1-P464,EVODEX.1-P483,EVODEX.1-P512",55305517469745860179847469263539625630733815382575588021119113270237495150666
EVODEX.1-C198,[#6:27]=[#6:28].[#8:79]=[#8:80]>>[#6:27]1-[#6:28]-[#8:80]-1.[H]-[#8:79]-[H],"EVODEX.1-P213,EVODEX.1-P215,EVODEX.1-P218,EVODEX.1-P523,EVODEX.1-P525",114464532337651752516051578460743033048188358155786755454718954194783150434430
EVODEX.1-C199,([H]-[#6:11].[#6:13])>>([H]-[#8]-[#8]-[#6:13].[#6:11]),"EVODEX.1-P229,EVODEX.1-P245,EVODEX.1-P246,EVODEX.1-P247,EVODEX.1-P248",91732064222269466315649151484099985622592151905771922720369530566168021902006
EVODEX.1-C200,([H]-[#6:8].[#6:10]).[#8:32]=[#8:33]>>([H]-[#8:33]-[#8:32]-[#6:10].[#6:8]),"EVODEX.1-P230,EVODEX.1-P244,EVODEX.1-P249,EVODEX.1-P263,EVODEX.1-P264",75260207668546152659874351907722453908688048304365833565468239519018115768684
EVODEX.1-C201,[H]-[#6:6].[#8:19]=[#8:20]>>[H]-[#8:20]-[#8:19]-[#6:6],"EVODEX.1-P258,EVODEX.1-P260,EVODEX.1-P261,EVODEX.1-P265,EVODEX.1-P267",99957213423916127884141153286989281515432261955427952770833642842304524322000
EVODEX.1-C202,[H]-[#6:12]>>[H]-[#8]-[#8]-[#6:12],"EVODEX.1-P259,EVODEX.1-P262,EVODEX.1-P269,EVODEX.1-P270,EVODEX.1-P271",11233907967899508570440859408080867340814312828598058663901416728661399931348
EVODEX.1-C203,[H]-[#6@:2]-[#6:11]-[#8:13]-[H]>>[#6:11]=[#8:13].[#8]=[#6:2],"EVODEX.1-P272,EVODEX.1-P284,EVODEX.1-P290,EVODEX.1-P294,EVODEX.1-P297",115025308732588412075297677912982878036163862442302695346103418398303729787569
EVODEX.1-C204,[H]-[#6@:2]-[#6:10]-[#8:12]-[H].[#8:13]=[#8:14]>>[#6:10]=[#8:12].[#6:2]=[#8:13].[H]-[#8:14]-[H],"EVODEX.1-P273,EVODEX.1-P279,EVODEX.1-P281,EVODEX.1-P285,EVODEX.1-P295",8880281691668293413229351113547321107448407547372746914600793253070265674171
EVODEX.1-C205,[H]-[#8]-[#6](=[#8])-[#6@:2]-[H].[#8]=[#8:7]>>[#6:2]=[#8:7],"EVODEX.1-P274,EVODEX.1-P276,EVODEX.1-P289,EVODEX.1-P291,EVODEX.1-P299",46855423491167199693755479826795103573488111534400170060218474947524213633641
EVODEX.1-C206,[H]-[#8]-[#6](=[#8])-[#6@:5]-[H].[#8:10]=[#8:11]>>[#6:5]=[#8:10].[H]-[#8:11]-[H],"EVODEX.1-P275,EVODEX.1-P278,EVODEX.1-P280,EVODEX.1-P286,EVODEX.1-P288",75242929088551799043238289142846474090166323149494813892757783234488617087623
EVODEX.1-C207,[H]-[#6@:2]-[#6:10]-[#8:12]-[H].[#8]=[#8:13]>>[#6:10]=[#8:12].[#6:2]=[#8:13],"EVODEX.1-P277,EVODEX.1-P282,EVODEX.1-P292,EVODEX.1-P293,EVODEX.1-P296",27640688933436404555751062529993665233717148937869455807318900697143670662053
EVODEX.1-C208,[H]-[#8]-[#6](=[#8])-[#6:3]-[H]>>[#8]=[#6:3],"EVODEX.1-P283,EVODEX.1-P287,EVODEX.1-P298,EVODEX.1-P300,EVODEX.1-P301",67346910889943606979043652848960230218731657694477005520821440955479038659631
EVODEX.1-C209,[H]-[#8:4]-[#6:3]>>[H]-[#6:3].[#8]=[#8:4],"EVODEX.1-P311,EVODEX.1-P313,EVODEX.1-P314,EVODEX.1-P398,EVODEX.1-P569",18713343845293543864570952267153202328253768137368389535027975696723537996897
EVODEX.1-C210,[H]-[#7:51].[#8:61]=[#8:62]>>[H]-[#8:61]-[#7:51].[H]-[#8:62]-[H],"EVODEX.1-P437,EVODEX.1-P465,EVODEX.1-P487,EVODEX.1-P490,EVODEX.1-P518",78311589404521851891623565993959526300189116896507199382027786516482616035887
EVODEX.1-C211,[#16:3]>>[#8]=[#16:3],"EVODEX.1-P456,EVODEX.1-P485,EVODEX.1-P495,EVODEX.1-P499,EVODEX.1-P511",54729638990019362064568286434034366977849676149110434376884773121678642565783
EVODEX.1-C212,[H]-[#6](-[H])(-[H])-[#8:2].[#8]=[#8:59]>>[H]-[#8:59]-[H].[H]-[#8:2],"EVODEX.1-P477,EVODEX.1-P505,EVODEX.1-P510,EVODEX.1-P640,EVODEX.1-P646",62947573989968972540204651368298757664346145265486770837476193943286027988302
EVODEX.1-C213,[H]-[#7:8]>>[H]-[#8]-[#7:8],"EVODEX.1-P486,EVODEX.1-P489,EVODEX.1-P492,EVODEX.1-P494,EVODEX.1-P497",12208400651321992929811505311417797608261999938209548031762235777564785489790
EVODEX.1-C214,[H]-[#7:27].[#8]=[#8:76]>>[H]-[#8:76]-[#7:27],"EVODEX.1-P488,EVODEX.1-P491,EVODEX.1-P493,EVODEX.1-P496,EVODEX.1-P498",71377230140003747255446197271181014877247457008637140461322053764574894279142
EVODEX.1-C215,[H]-[#6:1]-[#8:2]>>[#8]=[#6:1].[H]-[#8:2],"EVODEX.1-P503,EVODEX.1-P506,EVODEX.1-P509,EVODEX.1-P542,EVODEX.1-P641",70202250851175053816537384110821755689968579412314361149802979232586188267792
EVODEX.1-C216,[H]-[#6:9].[H]-[#6@:28]-[#7:39]-[H].[#8:40]=[#8:41]>>[H]-[#8:40]-[#6:9].[#6:28]=[#7:39].[H]-[#8:41]-[H],"EVODEX.1-P544,EVODEX.1-P554,EVODEX.1-P557,EVODEX.1-P560,EVODEX.1-P565",42198145894955979237913240336954631795143646401318449043969567814278593304964
EVODEX.1-C217,[H]-[#6@@:2]-[#7:6]-[H]>>[#6:2]=[#7:6],"EVODEX.1-P1141,EVODEX.1-P1142,EVODEX.1-P1143,EVODEX.1-P545,EVODEX.1-P547",83032619119257225785942010881398188034343309997656184296159287589198160230190
EVODEX.1-C218,[H]-[#6:2].[H]-[#6@:28]-[#7:39]-[H].[#8]=[#8:40]>>[H]-[#8:40]-[#6:2].[#6:28]=[#7:39],"EVODEX.1-P546,EVODEX.1-P555,EVODEX.1-P559,EVODEX.1-P561,EVODEX.1-P563",7835468877485000735375009650939619936421746927369042155455664363111851067947
EVODEX.1-C219,[H]-[#6:2].[H]-[#6@:28]-[#7:39]-[H]>>[H]-[#8]-[#6:2].[#6:28]=[#7:39],"EVODEX.1-P548,EVODEX.1-P556,EVODEX.1-P558,EVODEX.1-P562,EVODEX.1-P564",47533576512815200451800827343329479851023509372306988775414185507039649490350
EVODEX.1-C220,[H]-[#6:20].([H]-[#8:33].[#8:35]-[H]).[#8]=[#8:36]>>[H]-[#8:36]-[#6:20].([#8:33].[#8:35]),"EVODEX.1-P573,EVODEX.1-P576,EVODEX.1-P579,EVODEX.1-P590,EVODEX.1-P596",50968594187148989763633148478188770638835785638345293472186592712720038984190
EVODEX.1-C221,[H]-[#6:25].([H]-[#8:38].[#8:40]-[H]).[#8:41]=[#8:42]>>[H]-[#8:41]-[#6:25].([#8:38].[#8:40]).[H]-[#8:42]-[H],"EVODEX.1-P575,EVODEX.1-P580,EVODEX.1-P584,EVODEX.1-P592,EVODEX.1-P594",88422025959486539816973423879621565504376085102973143459318578504167007552693
EVODEX.1-C222,([H]-[#8:24].[#8:26]-[H]).[H]-[#6:4]>>([#8:24].[#8:26]).[H]-[#8]-[#6:4],"EVODEX.1-P585,EVODEX.1-P591,EVODEX.1-P593,EVODEX.1-P595,EVODEX.1-P597",5227340533055770754212091596765290304124232238956264141707953546917221382140
EVODEX.1-C223,[H]-[#6:98]>>[H]-[#8]-[#6@]1(-[H])-[#6@](-[H])(-[#8]-[#15](=[#8])(-[#8]-[H])-[#8]-[H])-[#6@@](-[H])(-[#6](-[H])(-[H])-[#8]-[#15](=[#8])(-[#8]-[H])-[#8]-[#15](=[#8])(-[#8]-[H])-[#8]-[#6](-[H])(-[H])-[#6](-[#6](-[H])(-[H])-[H])(-[#6](-[H])(-[H])-[H])-[#6@@](-[H])(-[#8]-[H])-[#6](=[#8])-[#7](-[H])-[#6](-[H])(-[H])-[#6](-[H])(-[H])-[#6](=[#8])-[#7](-[H])-[#6](-[H])(-[H])-[#6](-[H])(-[H])-[#16]-[#6:98])-[#8]-[#6@@]-1(-[H])-[#7]1:[#6](-[H]):[#7]:[#6]2:[#6](-[#7](-[H])-[H]):[#7]:[#6](-[H]):[#7]:[#6]:1:2,"EVODEX.1-P665,EVODEX.1-P668,EVODEX.1-P674,EVODEX.1-P738,EVODEX.1-P747",93434257784507710499547019096130420149333990937579943131205011864608366400093
EVODEX.1-C224,[H]-[#16:48].[H]-[#6:65]>>[#16:48]-[#6:65],"EVODEX.1-P666,EVODEX.1-P667,EVODEX.1-P671,EVODEX.1-P673,EVODEX.1-P736",54497605278282736130911044097961526640778005736639500935142008659042951018850
EVODEX.1-C225,[H]-[#8]-[#6@]1(-[H])-[#6@](-[H])(-[#8]-[#15](=[#8])(-[#8]-[H])-[#8]-[H])-[#6@@](-[H])(-[#6](-[H])(-[H])-[#8]-[#15](=[#8])(-[#8]-[H])-[#8]-[#15](=[#8])(-[#8]-[H])-[#8]-[#6](-[H])(-[H])-[#6](-[#6](-[H])(-[H])-[H])(-[#6](-[H])(-[H])-[H])-[#6@@](-[H])(-[#8]-[H])-[#6](=[#8])-[#7](-[H])-[#6](-[H])(-[H])-[#6](-[H])(-[H])-[#6](=[#8])-[#7](-[H])-[#6](-[H])(-[H])-[#6](-[H])(-[H])-[#16]-[#6:22])-[#8]-[#6@@]-1(-[H])-[#7]1:[#6](-[H]):[#7]:[#6]2:[#6](-[#7](-[H])-[H]):[#7]:[#6](-[H]):[#7]:[#6]:1:2>>[H]-[#6:22],"EVODEX.1-P669,EVODEX.1-P672,EVODEX.1-P734,EVODEX.1-P737,EVODEX.1-P739",85173025832657593479811890141491693636845573607571459767149589681026981066142
EVODEX.1-C226,[#6:19]-[#16:21]>>[H]-[#6:19].[H]-[#16:21],"EVODEX.1-P670,EVODEX.1-P675,EVODEX.1-P735,EVODEX.1-P740,EVODEX.1-P741",65564891774162722639466691925736637738611979624890158955600369319596258436756
EVODEX.1-C227,[H]-[#16:48].[H]-[#8]-[#6](=[#8])-[#6:52]>>[#16:48]-[#6:52],"EVODEX.1-P678,EVODEX.1-P685,EVODEX.1-P687,EVODEX.1-P743,EVODEX.1-P792",71830271304799128469222405935863394651048457235178263293832143528137320183879
EVODEX.1-C228,[H]-[#8:57]-[#6:55]-[#6:53]>>[#6:55]=[#8:57].[H]-[#8]-[#6@]1(-[H])-[#6@](-[H])(-[#8]-[#15](=[#8])(-[#8]-[H])-[#8]-[H])-[#6@@](-[H])(-[#6](-[H])(-[H])-[#8]-[#15](=[#8])(-[#8]-[H])-[#8]-[#15](=[#8])(-[#8]-[H])-[#8]-[#6](-[H])(-[H])-[#6](-[#6](-[H])(-[H])-[H])(-[#6](-[H])(-[H])-[H])-[#6@@](-[H])(-[#8]-[H])-[#6](=[#8])-[#7](-[H])-[#6](-[H])(-[H])-[#6](-[H])(-[H])-[#6](=[#8])-[#7](-[H])-[#6](-[H])(-[H])-[#6](-[H])(-[H])-[#16]-[#6:53])-[#8]-[#6@@]-1(-[H])-[#7]1:[#6](-[H]):[#7]:[#6]2:[#6](-[#7](-[H])-[H]):[#7]:[#6](-[H]):[#7]:[#6]:1:2,"EVODEX.1-P679,EVODEX.1-P680,EVODEX.1-P742,EVODEX.1-P794,EVODEX.1-P795",29189078898744501584361824754594268302512324740328751274986887889121647401818
EVODEX.1-C229,[#6:10]-[#8:12]>>[H]-[#6:10].[H]-[#8:12],"EVODEX.1-P692,EVODEX.1-P696,EVODEX.1-P700,EVODEX.1-P705,EVODEX.1-P788",103926581371371252723370802565624691972468801904195653849414195131568298661501
EVODEX.1-C230,[H]-[#8]-[#6:10].[H]-[#8]-[#6@@]1(-[H])-[#6@@](-[H])(-[#8]-[H])-[#6@](-[H])(-[#7]2:[#6](-[H]):[#7]:[#6]3:[#6](-[#7](-[H])-[H]):[#7]:[#6](-[H]):[#7]:[#6]:2:3)-[#8]-[#6@]-1(-[H])-[#6](-[H])(-[H])-[#8]-[#15](=[#8])(-[#8]-[H])-[#8:79]>>[H]-[#6:10].[H]-[#8:79],"EVODEX.1-P708,EVODEX.1-P720,EVODEX.1-P725,EVODEX.1-P729,EVODEX.1-P731",5318686453022492691897911197517496762338400757635057120269539905869324989062
EVODEX.1-C231,([H]-[#8]-[#15](=[#8])(-[#8]-[H])-[#8]-[#15](=[#8])(-[#8]-[H])-[#8]-[#15:64].[#6@@:78]-[#6@@:76]).[#6:81]-[#8:82]>>([#15:64]-[#8:82].[#6@:76]-[#6@:78]).[H]-[#6:81],"EVODEX.1-P709,EVODEX.1-P711,EVODEX.1-P716,EVODEX.1-P721,EVODEX.1-P728",23524034079899795518980000995452599020201342145460931043513083627905269970084
EVODEX.1-C232,[#15:64]-[#8:67].[#6:81]-[#8:82]>>[#15:64]-[#8:82].[H]-[#6:81].[H]-[#8:67],"EVODEX.1-P710,EVODEX.1-P717,EVODEX.1-P722,EVODEX.1-P723,EVODEX.1-P726",81075537397076086222329602338351243640070750910675823589033706778240870762745
EVODEX.1-C233,[#6:81]-[#8:82]>>[H]-[#8]-[#6@@]1(-[H])-[#6@@](-[H])(-[#8]-[H])-[#6@](-[H])(-[#7]2:[#6](-[H]):[#7]:[#6]3:[#6](-[#7](-[H])-[H]):[#7]:[#6](-[H]):[#7]:[#6]:2:3)-[#8]-[#6@]-1(-[H])-[#6](-[H])(-[H])-[#8]-[#15](=[#8])(-[#8]-[H])-[#8:82].[H]-[#6:81],"EVODEX.1-P713,EVODEX.1-P718,EVODEX.1-P719,EVODEX.1-P724,EVODEX.1-P761",75666070129812765627741736829310763645046732294254491029060399503962228109045
EVODEX.1-C234,[#6:14](=[#8:15])-[#16:16]>>[H]-[#6:14](-[H])-[#8:15]-[H].[H]-[#16:16],"EVODEX.1-P748,EVODEX.1-P751,EVODEX.1-P752,EVODEX.1-P756,EVODEX.1-P757",68482376363857603073905017149942537546976802888395596559623023766843872482246
EVODEX.1-C235,[H]-[#8]-[#6@]1(-[H])-[#6@](-[H])(-[#8]-[#15](=[#8])(-[#8]-[H])-[#8]-[H])-[#6@@](-[H])(-[#6](-[H])(-[H])-[#8]-[#15](=[#8])(-[#8]-[H])-[#8]-[#15](=[#8])(-[#8]-[H])-[#8]-[#6](-[H])(-[H])-[#6](-[#6](-[H])(-[H])-[H])(-[#6](-[H])(-[H])-[H])-[#6@@](-[H])(-[#8]-[H])-[#6](=[#8])-[#7](-[H])-[#6](-[H])(-[H])-[#6](-[H])(-[H])-[#6](=[#8])-[#7](-[H])-[#6](-[H])(-[H])-[#6](-[H])(-[H])-[#16]-[#6:17]=[#8:18])-[#8]-[#6@@]-1(-[H])-[#7]1:[#6](-[H]):[#7]:[#6]2:[#6](-[#7](-[H])-[H]):[#7]:[#6](-[H]):[#7]:[#6]:1:2>>[H]-[#6:17](-[H])-[#8:18]-[H],"EVODEX.1-P749,EVODEX.1-P750,EVODEX.1-P753,EVODEX.1-P754,EVODEX.1-P755",102510025474416533515843537955401814031974603937736452971848597187743376009315
EVODEX.1-C236,[H]-[#8]-[#6:8].[H]-[#8:13]-[#8:14]-[H]>>[#8:13]=[#8:14].[H]-[#6:8],"EVODEX.1-P762,EVODEX.1-P782,EVODEX.1-P785,EVODEX.1-P787,EVODEX.1-P790",13691570509146882171813042540161056382226569215636077732089315000976377759147
EVODEX.1-C237,[#6:6]-[#8:8].[H]-[#8:13]-[#8:14]-[H]>>[H]-[#6:6].[#8:13]=[#8:14].[H]-[#8:8],"EVODEX.1-P781,EVODEX.1-P783,EVODEX.1-P784,EVODEX.1-P786,EVODEX.1-P791",16960712554607608450297118340592764529970765452118612179896561631931468656876
EVODEX.1-C238,[#6:51]=[#6:52].[#8:108]=[#6:109]>>[H]-[#6:52]-[#6@:51]-[#6:109]-[#8:108]-[H],"EVODEX.1-P836,EVODEX.1-P839,EVODEX.1-P842,EVODEX.1-P843,EVODEX.1-P845",93618659879878757789432626573922631117131154669789479784753728875882280027277
EVODEX.1-C239,[#6:51]=[#6:52]>>[H]-[#8]-[#6](=[#8])-[#6@@:51]-[#6:52]-[H],"EVODEX.1-P837,EVODEX.1-P838,EVODEX.1-P840,EVODEX.1-P841,EVODEX.1-P844",27946157262845142033516245889762134618543386116505126140897073860517915710320
EVODEX.1-C240,([#8:7].[#8:15]).[H]-[#6:19]-[#6:20]-[H]>>([H]-[#8:7].[#8:15]-[H]).[#6:19]=[#6:20],"EVODEX.1-P861,EVODEX.1-P863,EVODEX.1-P864,EVODEX.1-P866,EVODEX.1-P869",52049037980317772995994374026508432788350300034236938207514383446465145930411
EVODEX.1-C241,([H]-[#8:7].[#8:15]-[H]).[#6:19]=[#6:20]>>([#8:7].[#8:15]).[H]-[#6:19]-[#6:20]-[H],"EVODEX.1-P862,EVODEX.1-P865,EVODEX.1-P867,EVODEX.1-P868,EVODEX.1-P870",109558056159038235636288759331110283246297269259550760208458053854117584652871
EVODEX.1-C242,[H]-[#8]-[#6](=[#8])-[#6](-[H])(-[#6](-[H])(-[H])-[H])-[#7:3]>>[H]-[#7:3],"EVODEX.1-P1117,EVODEX.1-P1120,EVODEX.1-P1135,EVODEX.1-P1136,EVODEX.1-P889",86483471192446535881034195893627425331197696178501269881999190335864965431004
EVODEX.1-C243,[H]-[#8]-[#6](=[#8])-[#6](-[H])(-[H])-[#6@@](-[H])(-[#6](=[#8])-[#8]-[H])-[#7:6]>>[H]-[#7:6],"EVODEX.1-P6519,EVODEX.1-P6521,EVODEX.1-P6523,EVODEX.1-P6524,EVODEX.1-P929",88392162048834524341106995944727792832901460384013694019818145013095184238631
EVODEX.1-C244,[H]-[#8]-[#6]1:[#6](-[#6](-[H])(-[H])-[H]):[#7]:[#6](-[H]):[#6](-[#6](-[H])(-[H])-[#8]-[#15](=[#8])(-[#8]-[H])-[#8]-[H]):[#6]:1-[#6](-[H])(-[H])-[#7:14]>>[H]-[#7:14],"EVODEX.1-P1076,EVODEX.1-P1080,EVODEX.1-P1088,EVODEX.1-P1095,EVODEX.1-P1096",91661887156832126264105113701765521469099644133528190611076681919381977790603
EVODEX.1-C245,[H]-[#8]-[#6]1:[#6](-[#6](-[H])(-[H])-[H]):[#7]:[#6](-[H]):[#6](-[#6](-[H])(-[H])-[#8]-[#15](=[#8])(-[#8]-[H])-[#8]-[H]):[#6]:1-[#6](-[H])(-[H])-[#7:10].[#8:30]=[#8:31]>>[H]-[#7:10].[H]-[#8:30]-[#8:31]-[H],"EVODEX.1-P1077,EVODEX.1-P1078,EVODEX.1-P1081,EVODEX.1-P1090,EVODEX.1-P1092",53130243965921790691034062766553364918289050046325672768001862580047270949545
EVODEX.1-C246,[H]-[#7:7]>>[H]-[#8]-[#6](=[#8])-[#6@@](-[H])(-[#6](-[H])(-[H])-[H])-[#7:7],"EVODEX.1-P1123,EVODEX.1-P1126,EVODEX.1-P1134,EVODEX.1-P1138,EVODEX.1-P2122",57881706716330692540452564498557001704742880532111580391180849844523238214254
EVODEX.1-C247,[#6:2]=[#7:3]>>[H]-[#6@:2]-[#7:3]-[H],"EVODEX.1-P1140,EVODEX.1-P1144,EVODEX.1-P1145,EVODEX.1-P1146,EVODEX.1-P1147",2297644847053183948180909112731166191017779160019206688146430346622583543924
EVODEX.1-C248,[H]-[#6](-[H])(-[H])-[#7:6].[#8:12]=[#8:13]>>[H]-[#7:6].[H]-[#8:12]-[#8:13]-[H],"EVODEX.1-P1153,EVODEX.1-P1168,EVODEX.1-P1170,EVODEX.1-P1173,EVODEX.1-P1176",27657841511474657604529776078840114997671521585678448847073867952317034380630
EVODEX.1-C249,[#7:57]-[#8:58]>>[H]-[#7:57].[H]-[#8:58],"EVODEX.1-P1199,EVODEX.1-P1201,EVODEX.1-P1203,EVODEX.1-P1206,EVODEX.1-P1208",17599052355395136023222746537234869251843739885828600716757600967093160469348
EVODEX.1-C250,[H]-[#8]-[#7:2]>>[H]-[#7:2],"EVODEX.1-P1200,EVODEX.1-P1202,EVODEX.1-P1204,EVODEX.1-P1205,EVODEX.1-P1207",103593172940451629901072315261168923105985164914087164095856635627286722409882
EVODEX.1-C251,[#7:105]=[#7:106]>>[H]-[#7:106]-[H].[H]-[#7:105]-[H],"EVODEX.1-P1209,EVODEX.1-P1211,EVODEX.1-P1215,EVODEX.1-P1216,EVODEX.1-P1217",25480464208835134682935467826679253656029559407483788139607514938322558600731
EVODEX.1-C252,[H]-[#7:101]-[H].[H]-[#7:89]-[H]>>[#7:89]=[#7:101],"EVODEX.1-P1210,EVODEX.1-P1212,EVODEX.1-P1213,EVODEX.1-P1214,EVODEX.1-P1218",114344943011768437019019021157840000787025632259325455192512977882415849972328
EVODEX.1-C253,[H]-[#6](-[H])(-[H])-[#16:2]>>[#16:2],"EVODEX.1-P1224,EVODEX.1-P1274,EVODEX.1-P1315,EVODEX.1-P1316,EVODEX.1-P1317",101205164669392992295528716369366385616288436332116587651746778301858688080125
EVODEX.1-C254,[H]-[#8:12].[H]-[#8]-[#6](=[#8])-[#6@@](-[H])(-[#7](-[H])-[H])-[#6](-[H])(-[H])-[#6](-[H])(-[H])-[#16](-[#6](-[H])(-[H])-[#6@@]1(-[H])-[#8]-[#6@@](-[H])(-[#7]2:[#6](-[H]):[#7]:[#6]3:[#6](-[#7](-[H])-[H]):[#7]:[#6](-[H]):[#7]:[#6]:2:3)-[#6@](-[H])(-[#8]-[H])-[#6@]-1(-[H])-[#8]-[H])-[#6:23]>>[#8:12]-[#6:23],"EVODEX.1-P1227,EVODEX.1-P1260,EVODEX.1-P1261,EVODEX.1-P1271,EVODEX.1-P1307",40069116590093621357015592355513138726679304841846209492171439201694953811024
EVODEX.1-C255,[#6:1]-[#8:2]>>[H]-[#8]-[#6](=[#8])-[#6@@](-[H])(-[#7](-[H])-[H])-[#6](-[H])(-[H])-[#6](-[H])(-[H])-[#16](-[#6](-[H])(-[H])-[#6@@]1(-[H])-[#8]-[#6@@](-[H])(-[#7]2:[#6](-[H]):[#7]:[#6]3:[#6](-[#7](-[H])-[H]):[#7]:[#6](-[H]):[#7]:[#6]:2:3)-[#6@](-[H])(-[#8]-[H])-[#6@]-1(-[H])-[#8]-[H])-[#6:1].[H]-[#8:2],"EVODEX.1-P1235,EVODEX.1-P1236,EVODEX.1-P1241,EVODEX.1-P1242,EVODEX.1-P1306",25954051601090479547844951521229922589332745828330107842896652484698520866704
EVODEX.1-C256,[#6:1]-[#8:2].([#16:29].[#6@:37]-[#6@:39])>>([#6:1]-[#16:29].[#6@@:39]-[#6@@:37]).[H]-[#8:2],"EVODEX.1-P1237,EVODEX.1-P1240,EVODEX.1-P1243,EVODEX.1-P1293,EVODEX.1-P1305",21069466202765570465385288897682974934124369953414707959856462955075799038843
EVODEX.1-C257,[H]-[#6:4]=[#6:2].[H]-[#8]-[#6](=[#8])-[#6@@](-[H])(-[#7](-[H])-[H])-[#6](-[H])(-[H])-[#6](-[H])(-[H])-[#16](-[#6](-[H])(-[H])-[#6@@]1(-[H])-[#8]-[#6@@](-[H])(-[#7]2:[#6](-[H]):[#7]:[#6]3:[#6](-[#7](-[H])-[H]):[#7]:[#6](-[H]):[#7]:[#6]:2:3)-[#6@](-[H])(-[#8]-[H])-[#6@]-1(-[H])-[#8]-[H])-[#6:32]-[H]>>[H]-[#6:2]-[#6:4]=[#6:32],"EVODEX.1-P1247,EVODEX.1-P1251,EVODEX.1-P1253,EVODEX.1-P1259,EVODEX.1-P1286",99048790085817385121170281495350677494453273165775842675330808234891346406899
EVODEX.1-C258,[H]-[#6:25]=[#6:26]>>[H]-[#6](-[H])=[#6:25]-[#6:26]-[H],"EVODEX.1-P1248,EVODEX.1-P1252,EVODEX.1-P1255,EVODEX.1-P1257,EVODEX.1-P1285",7140082328100700394800349662420516068271175713050166137640919577353072931966
EVODEX.1-C259,[H]-[#6:4]=[#6:2].[H]-[#6:29]-[#16:30]>>[H]-[#6:2]-[#6:4]=[#6:29].[#16:30],"EVODEX.1-P1249,EVODEX.1-P1250,EVODEX.1-P1254,EVODEX.1-P1256,EVODEX.1-P1258",42728146890734169283428998854519950016909987835895986832530629746465557946936
EVODEX.1-C260,[H]-[#8]-[#6](=[#8])-[#6@@](-[H])(-[#7](-[H])-[H])-[#6](-[H])(-[H])-[#6](-[H])(-[H])-[#16](-[#6](-[H])(-[H])-[#6@@]1(-[H])-[#8]-[#6@@](-[H])(-[#7]2:[#6](-[H]):[#7]:[#6]3:[#6](-[#7](-[H])-[H]):[#7]:[#6](-[H]):[#7]:[#6]:2:3)-[#6@](-[H])(-[#8]-[H])-[#6@]-1(-[H])-[#8]-[H])-[#6:1].[H]-[#16:28]>>[#6:1]-[#16:28],"EVODEX.1-P1297,EVODEX.1-P1299,EVODEX.1-P1301,EVODEX.1-P1304,EVODEX.1-P1312",32845058935697008514324126313413407665469998128425320576483522847432208783379
EVODEX.1-C261,[H]-[#7:6]>>[H]-[#6](=[#8])-[#7:6],"EVODEX.1-P1329,EVODEX.1-P1330,EVODEX.1-P1336,EVODEX.1-P5792,EVODEX.1-P5793",80558904688742009657301332439760878895420047314529887221036989697831118457054
EVODEX.1-C262,[H]-[#7:9]>>[H]-[#7](-[H])-[#6](=[#8])-[#7:9],"EVODEX.1-P1342,EVODEX.1-P1344,EVODEX.1-P1351,EVODEX.1-P1353,EVODEX.1-P1356",76840887168190954110502924528636219265534122702574104700938766645038984530236
EVODEX.1-C263,[H]-[#7:191]>>[H]-[#7]=[#6](-[#7](-[H])-[H])-[#7:191],"EVODEX.1-P1359,EVODEX.1-P1362,EVODEX.1-P1364,EVODEX.1-P1366,EVODEX.1-P5279",34914176854849932145866138284592170168043528081426041351839699344658281465091
EVODEX.1-C264,[#8:15]=[#6:16]>>[H]-[#8]-[#6](-[H])(-[H])-[#6](=[#8])-[#6@@:16]-[#8:15]-[H],"EVODEX.1-P1367,EVODEX.1-P1370,EVODEX.1-P1372,EVODEX.1-P1389,EVODEX.1-P1390",44434720082521430016816239020672665144801093058798869646509881390809515282444
EVODEX.1-C265,[H]-[#8:6]-[#6:4]-[#6:2].[#8:7]=[#6:8]>>[#6:4]=[#8:6].[H]-[#8:7]-[#6:8]-[#6:2],"EVODEX.1-P1368,EVODEX.1-P1391,EVODEX.1-P1394,EVODEX.1-P1397,EVODEX.1-P1399",90810339789957675119670968601404817617342148306889507613080569997366784585054
EVODEX.1-C266,[#8:10]=[#6:11].[H]-[#8]-[#6](=[#8])-[#6:5]>>[H]-[#8:10]-[#6:11]-[#6:5],"EVODEX.1-P1369,EVODEX.1-P1371,EVODEX.1-P1395,EVODEX.1-P1400,EVODEX.1-P1404",15217333844939665442078428930122222050924280390844782117974059417201221897745
EVODEX.1-C267,[H]-[#8]-[#6](=[#8])-[#6:12].[#6:4]=[#6:5]>>[H]-[#6:4]-[#6@:5]-[#6:12],"EVODEX.1-P1373,EVODEX.1-P1375,EVODEX.1-P1377,EVODEX.1-P1383,EVODEX.1-P1386",47485487199964588891880527046903905208239420248619086163883192485547258927639
EVODEX.1-C268,[H]-[#8:6]-[#6:4]-[#6:2].[#6:13]=[#6:14]>>[#6:4]=[#8:6].[H]-[#6:14]-[#6@@:13]-[#6:2],"EVODEX.1-P1374,EVODEX.1-P1378,EVODEX.1-P1379,EVODEX.1-P1381,EVODEX.1-P1382",29806020500585759774167331742854228581935227902980026562906716421417016468863
EVODEX.1-C269,[#6:4]=[#6:5]>>[H]-[#6](-[H])(-[H])-[#6](=[#8])-[#6@:5]-[#6:4]-[H],"EVODEX.1-P1376,EVODEX.1-P1380,EVODEX.1-P1384,EVODEX.1-P1385,EVODEX.1-P1387",90774852491385720788275056731747176371700307357657044243538594369644524003036
EVODEX.1-C270,[H]-[#8]-[#6](-[H])(-[H])-[#6](=[#8])-[#6@](-[H])(-[#8]-[H])-[#6:5]-[#8:6]-[H]>>[#6:5]=[#8:6],"EVODEX.1-P1388,EVODEX.1-P6263,EVODEX.1-P6267,EVODEX.1-P6276,EVODEX.1-P6279",51754135782069904567231141172458254179961275037093098871592978700551984273461
EVODEX.1-C271,[#6:11]=[#8:12]>>[H]-[#8]-[#6](=[#8])-[#6](-[H])(-[H])-[#6](-[H])(-[H])-[#6](=[#8])-[#6@@:11]-[#8:12]-[H],"EVODEX.1-P1392,EVODEX.1-P1403,EVODEX.1-P1405,EVODEX.1-P1406,EVODEX.1-P1407",4311652122987539093057055590825046142999732925042670389078663014849524187531
EVODEX.1-C272,[H]-[#8:5]>>[H]-[#8]-[#6]1:[#6](-[H]):[#6](-[H]):[#6](-[#6](-[H])=[#6](-[H])-[#6](=[#8])-[#8:5]):[#6](-[H]):[#6]:1-[H],"EVODEX.1-P1411,EVODEX.1-P1412,EVODEX.1-P1478,EVODEX.1-P1681,EVODEX.1-P4113",60059281530452561271085018041554957327653225449795902250735422558342280334597
EVODEX.1-C273,[H]-[#8:26]>>[H]-[#8]-[#6]1:[#6](-[H]):[#6](-[H]):[#6](-[#6](-[H])=[#6](-[H])-[#6](=[#8])-[#8:26]):[#6](-[H]):[#6]:1-[#8]-[H],"EVODEX.1-P1416,EVODEX.1-P1524,EVODEX.1-P1683,EVODEX.1-P2103,EVODEX.1-P4048",92596736256576308323927909541652204623408810172631813020593228319593266497872
EVODEX.1-C274,[H]-[#7:64]>>[H]-[#8]-[#6]1:[#6](-[H]):[#6](-[H]):[#6](-[#6](-[H])=[#6](-[H])-[#6](=[#8])-[#7:64]):[#6](-[H]):[#6]:1-[#8]-[#6](-[H])(-[H])-[H],"EVODEX.1-P1419,EVODEX.1-P1420,EVODEX.1-P1422,EVODEX.1-P1423,EVODEX.1-P1522",22255449355724807709301518983604678452431609631630380572655746736352766612192
EVODEX.1-C275,[H]-[#7:68]>>[H]-[#8]-[#6]1:[#6](-[H]):[#6](-[H]):[#6](-[#6](-[H])=[#6](-[H])-[#6](=[#8])-[#7:68]):[#6](-[H]):[#6]:1-[H],"EVODEX.1-P1421,EVODEX.1-P1424,EVODEX.1-P1425,EVODEX.1-P1553,EVODEX.1-P1836",54458719009291987216538363706080855608109734472286433185367893529500561720013
EVODEX.1-C276,[H]-[#7:55]>>[H]-[#8]-[#6](=[#8])-[#6](-[H])(-[H])-[#6](=[#8])-[#7:55],"EVODEX.1-P1426,EVODEX.1-P1427,EVODEX.1-P1428,EVODEX.1-P1429,EVODEX.1-P2067",73672397627869138057353121912857493342824237341276636466537774615028910737616
EVODEX.1-C277,[H]-[#8:73]>>[H]-[#8]-[#6](=[#8])-[#6](-[H])(-[H])-[#6](=[#8])-[#8:73],"EVODEX.1-P1432,EVODEX.1-P1433,EVODEX.1-P1435,EVODEX.1-P1597,EVODEX.1-P1600",53318520152532213516081424319314459966141769097214620054991047646041945315026
EVODEX.1-C278,[H]-[#8:17]>>[H]-[#6](-[H])(-[H])-[#6](-[H])(-[H])-[#6](-[H])(-[H])-[#6](-[H])(-[H])-[#6](-[H])(-[H])-[#6](-[H])(-[H])-[#6](-[H])(-[H])-[#6](-[H])(-[H])-[#6](-[H])(-[H])-[#6](-[H])(-[H])-[#6](-[H])(-[H])-[#6](-[H])(-[H])-[#6](-[H])(-[H])-[#6](-[H])(-[H])-[#6](-[H])(-[H])-[#6](=[#8])-[#8:17],"EVODEX.1-P1453,EVODEX.1-P1833,EVODEX.1-P1875,EVODEX.1-P1997,EVODEX.1-P2049",68467021619662788924044300638420304178973854510890456731038909421155889984946
EVODEX.1-C279,[H]-[#8:34]>>[H]-[#8]-[#6]1:[#6](-[H]):[#6](-[H]):[#6](-[#6](-[H])=[#6](-[H])-[#6](=[#8])-[#8:34]):[#6](-[H]):[#6]:1-[#8]-[#6](-[H])(-[H])-[H],"EVODEX.1-P1456,EVODEX.1-P1619,EVODEX.1-P1622,EVODEX.1-P1623,EVODEX.1-P2102",51656350937174444293087703041925987837693343288422547488652918028594532172909
EVODEX.1-C280,[H]-[#8]-[#6@]1(-[H])-[#6@](-[H])(-[#8]-[#15](=[#8])(-[#8]-[H])-[#8]-[H])-[#6@@](-[H])(-[#6](-[H])(-[H])-[#8]-[#15](=[#8])(-[#8]-[H])-[#8]-[#15](=[#8])(-[#8]-[H])-[#8]-[#6](-[H])(-[H])-[#6](-[#6](-[H])(-[H])-[H])(-[#6](-[H])(-[H])-[H])-[#6@@](-[H])(-[#8]-[H])-[#6](=[#8])-[#7](-[H])-[#6](-[H])(-[H])-[#6](-[H])(-[H])-[#6](=[#8])-[#7](-[H])-[#6](-[H])(-[H])-[#6](-[H])(-[H])-[#16]-[#6:5])-[#8]-[#6@@]-1(-[H])-[#7]1:[#6](-[H]):[#7]:[#6]2:[#6](-[#7](-[H])-[H]):[#7]:[#6](-[H]):[#7]:[#6]:1:2>>[H]-[#8]-[#6](=[#8])-[#6](-[H])(-[H])-[#7](-[H])-[#6:5],"EVODEX.1-P1460,EVODEX.1-P1461,EVODEX.1-P1644,EVODEX.1-P1645,EVODEX.1-P1840",100274988009258543447866125119058230614744217144771101194789246758572252021968
EVODEX.1-C281,[H]-[#8]-[#6]1:[#6](-[H]):[#6](-[H]):[#6](-[#6](-[H])=[#6](-[H])-[#6](=[#8])-[#8:7]):[#6](-[H]):[#6]:1-[H]>>[H]-[#8:7],"EVODEX.1-P1475,EVODEX.1-P1476,EVODEX.1-P1477,EVODEX.1-P1479,EVODEX.1-P2093",90113810428789846883961307792101288875491603802617894413916409830771135818844
EVODEX.1-C282,[H]-[#6](-[H])(-[H])-[#6](-[H])(-[H])-[#6](-[H])(-[H])-[#6](-[H])(-[H])-[#6](-[H])(-[H])-[#6](-[H])(-[H])-[#6](-[H])(-[H])-[#6](-[H])(-[H])-[#6](-[H])(-[H])-[#6](-[H])(-[H])-[#6](-[H])(-[H])-[#6](-[H])(-[H])-[#6](-[H])(-[H])-[#6](-[H])(-[H])-[#6](-[H])(-[H])-[#6](=[#8])-[#8:18]>>[H]-[#8:18],"EVODEX.1-P1483,EVODEX.1-P3853,EVODEX.1-P3863,EVODEX.1-P4005,EVODEX.1-P4028",88845594035769976628564546869038100692509006205130403075137591820826262454479
EVODEX.1-C283,[H]-[#6](-[H])(-[H])-[#6](-[H])(-[H])-[#6](-[H])(-[H])-[#6](-[H])(-[H])-[#6](-[H])(-[H])-[#6](-[H])(-[H])-[#6](-[H])(-[H])-[#6](-[H])(-[H])-[#6](-[H])(-[H])-[#6](=[#8])-[#8:12]>>[H]-[#8:12],"EVODEX.1-P1487,EVODEX.1-P3868,EVODEX.1-P3918,EVODEX.1-P4001,EVODEX.1-P4076",14636142142723716024922499159559893460427651632291773092456375567541065362599
EVODEX.1-C284,[H]-[#8:21]>>[H]-[#6](-[H])(-[H])-[#6](-[H])(-[H])-[#6](-[H])(-[H])-[#6](-[H])(-[H])-[#6](-[H])(-[H])-[#6](-[H])(-[H])-[#6](-[H])(-[H])-[#6](-[H])(-[H])-[#6](-[H])(-[H])-[#6](=[#8])-[#8:21],"EVODEX.1-P1488,EVODEX.1-P1891,EVODEX.1-P1894,EVODEX.1-P1902,EVODEX.1-P4008",96676408577323903323678483370697627615045227873519965595092274290404131957754
EVODEX.1-C285,[H]-[#6](-[H])(-[H])-[#6](-[H])(-[H])-[#6](-[H])(-[H])-[#6](-[H])(-[H])-[#6](-[H])(-[H])-[#6](-[H])(-[H])-[#6](-[H])(-[H])-[#6](-[H])(-[H])-[#6](-[H])(-[H])-[#6](-[H])(-[H])-[#6](-[H])(-[H])-[#6](=[#8])-[#8:14]>>[H]-[#8:14],"EVODEX.1-P1491,EVODEX.1-P3994,EVODEX.1-P4000,EVODEX.1-P4012,EVODEX.1-P4070",3933872028855943358211184637537683364448720392486761546161209726788596289958
EVODEX.1-C286,[H]-[#6](-[H])(-[H])-[#6](-[H])(-[H])-[#6](-[H])(-[H])-[#6](-[H])(-[H])-[#6](-[H])(-[H])-[#6](-[H])(-[H])-[#6](-[H])(-[H])-[#6](=[#8])-[#8:10]>>[H]-[#8:10],"EVODEX.1-P1493,EVODEX.1-P3989,EVODEX.1-P3991,EVODEX.1-P4042,EVODEX.1-P4067",75632056529974857847959531556692208953375336181024119368054165959430103912929
EVODEX.1-C287,[H]-[#6](=[#6](-[H])-[#6](-[H])(-[H])-[#6](-[H])(-[H])-[#6](-[H])(-[H])-[#6](-[H])(-[H])-[#6](-[H])(-[H])-[#6](-[H])(-[H])-[#6](-[H])(-[H])-[#6](-[H])(-[H])-[H])-[#6](-[H])(-[H])-[#6](-[H])(-[H])-[#6](-[H])(-[H])-[#6](-[H])(-[H])-[#6](-[H])(-[H])-[#6](-[H])(-[H])-[#6](-[H])(-[H])-[#6](=[#8])-[#8:20]>>[H]-[#8:20],"EVODEX.1-P1494,EVODEX.1-P3881,EVODEX.1-P3957,EVODEX.1-P4018,EVODEX.1-P4135",11964223815696728597294862855838436539904516466761347962942214348069765101726
EVODEX.1-C288,[H]-[#6](-[H])(-[H])-[#6](-[H])(-[H])-[#6](=[#8])-[#8:5]>>[H]-[#8:5],"EVODEX.1-P1497,EVODEX.1-P3884,EVODEX.1-P4136,EVODEX.1-P4138,EVODEX.1-P4140",100118082068330270320789883828574180995227973625433704596569626692511653212388
EVODEX.1-C289,[H]-[#6](-[H])(-[H])-[#6](-[H])(-[H])-[#6](-[H])(-[H])-[#6](-[H])(-[H])-[#6](-[H])(-[H])-[#6](-[H])(-[H])-[#6](-[H])(-[H])-[#6](-[H])(-[H])-[#6](-[H])(-[H])-[#6](-[H])(-[H])-[#6](-[H])(-[H])-[#6](-[H])(-[H])-[#6](-[H])(-[H])-[#6](=[#8])-[#8:16]>>[H]-[#8:16],"EVODEX.1-P1507,EVODEX.1-P3867,EVODEX.1-P3935,EVODEX.1-P3966,EVODEX.1-P3997",5982653976018640671562776637495179793759152564602145700485182467970343314152
EVODEX.1-C290,[H]-[#7:69]>>[H]-[#8]-[#6]1:[#6](-[H]):[#6](-[H]):[#6](-[#6](-[H])=[#6](-[H])-[#6](=[#8])-[#7:69]):[#6](-[H]):[#6]:1-[#8]-[H],"EVODEX.1-P1519,EVODEX.1-P1520,EVODEX.1-P1526,EVODEX.1-P1727,EVODEX.1-P1839",16047332576117516740419862462478304361312038529964132016550108732148132950067
EVODEX.1-C291,[H]-[#7:6]>>[H]-[#6]1:[#6](-[H]):[#6](-[H]):[#6](-[#6](=[#8])-[#7:6]):[#6](-[H]):[#6]:1-[H],"EVODEX.1-P1531,EVODEX.1-P1532,EVODEX.1-P4999,EVODEX.1-P5787,EVODEX.1-P5788",113686166007087737755559785326744588368547549822560282352590734189382427429659
EVODEX.1-C292,[#6:9]-[#16:11]>>[H]-[#8]-[#6](=[#8])-[#6]1:[#6](-[H]):[#6](-[H]):[#6](-[H]):[#6](-[H]):[#6]:1-[#7](-[H])-[#6:9].[H]-[#16:11],"EVODEX.1-P1533,EVODEX.1-P1536,EVODEX.1-P1538,EVODEX.1-P1545,EVODEX.1-P1547",113700251121146874151942553000539347761099392072609343933936764279517200838094
EVODEX.1-C293,[H]-[#8]-[#6@]1(-[H])-[#6@](-[H])(-[#8]-[#15](=[#8])(-[#8]-[H])-[#8]-[H])-[#6@@](-[H])(-[#6](-[H])(-[H])-[#8]-[#15](=[#8])(-[#8]-[H])-[#8]-[#15](=[#8])(-[#8]-[H])-[#8]-[#6](-[H])(-[H])-[#6](-[#6](-[H])(-[H])-[H])(-[#6](-[H])(-[H])-[H])-[#6@@](-[H])(-[#8]-[H])-[#6](=[#8])-[#7](-[H])-[#6](-[H])(-[H])-[#6](-[H])(-[H])-[#6](=[#8])-[#7](-[H])-[#6](-[H])(-[H])-[#6](-[H])(-[H])-[#16]-[#6:49])-[#8]-[#6@@]-1(-[H])-[#7]1:[#6](-[H]):[#7]:[#6]2:[#6](-[#7](-[H])-[H]):[#7]:[#6](-[H]):[#7]:[#6]:1:2>>[H]-[#8]-[#6](=[#8])-[#6]1:[#6](-[H]):[#6](-[H]):[#6](-[H]):[#6](-[#8]-[H]):[#6]:1-[#7](-[H])-[#6:49],"EVODEX.1-P1534,EVODEX.1-P1541,EVODEX.1-P1543,EVODEX.1-P1549,EVODEX.1-P1554",98067638182800351279556064136834389344675355671242414531527837387245210518078
EVODEX.1-C294,[H]-[#8]-[#6@]1(-[H])-[#6@](-[H])(-[#8]-[#15](=[#8])(-[#8]-[H])-[#8]-[H])-[#6@@](-[H])(-[#6](-[H])(-[H])-[#8]-[#15](=[#8])(-[#8]-[H])-[#8]-[#15](=[#8])(-[#8]-[H])-[#8]-[#6](-[H])(-[H])-[#6](-[#6](-[H])(-[H])-[H])(-[#6](-[H])(-[H])-[H])-[#6@@](-[H])(-[#8]-[H])-[#6](=[#8])-[#7](-[H])-[#6](-[H])(-[H])-[#6](-[H])(-[H])-[#6](=[#8])-[#7](-[H])-[#6](-[H])(-[H])-[#6](-[H])(-[H])-[#16]-[#6:9])-[#8]-[#6@@]-1(-[H])-[#7]1:[#6](-[H]):[#7]:[#6]2:[#6](-[#7](-[H])-[H]):[#7]:[#6](-[H]):[#7]:[#6]:1:2>>[H]-[#8]-[#6](=[#8])-[#6]1:[#6](-[H]):[#6](-[H]):[#6](-[H]):[#6](-[H]):[#6]:1-[#7](-[H])-[#6:9],"EVODEX.1-P1535,EVODEX.1-P1540,EVODEX.1-P1544,EVODEX.1-P1552,EVODEX.1-P1555",89530388547593187575128712767244806541118967228504389703641142344183033915960
EVODEX.1-C295,[#16:48]-[#6:49]>>[H]-[#8]-[#6](=[#8])-[#6]1:[#6](-[H]):[#6](-[H]):[#6](-[H]):[#6](-[#8]-[H]):[#6]:1-[#7](-[H])-[#6:49].[H]-[#16:48],"EVODEX.1-P1537,EVODEX.1-P1542,EVODEX.1-P1550,EVODEX.1-P1556,EVODEX.1-P1557",104912176088229435140652210370060477466453197960247952653979476973932677850726
EVODEX.1-C296,[#6:10]-[#16:12]>>[H]-[#8]-[#6@@](-[H])(-[#6](-[H])(-[H])-[#8]-[#15](=[#8])(-[#8]-[H])-[#8]-[H])-[#6](-[H])(-[H])-[#8]-[#6:10].[H]-[#16:12],"EVODEX.1-P1558,EVODEX.1-P1560,EVODEX.1-P1564,EVODEX.1-P1566,EVODEX.1-P1568",83467534561946473994914459274599803392668335119391720593364704929096815927079
EVODEX.1-C297,[H]-[#8]-[#6@]1(-[H])-[#6@](-[H])(-[#8]-[#15](=[#8])(-[#8]-[H])-[#8]-[H])-[#6@@](-[H])(-[#6](-[H])(-[H])-[#8]-[#15](=[#8])(-[#8]-[H])-[#8]-[#15](=[#8])(-[#8]-[H])-[#8]-[#6](-[H])(-[H])-[#6](-[#6](-[H])(-[H])-[H])(-[#6](-[H])(-[H])-[H])-[#6@@](-[H])(-[#8]-[H])-[#6](=[#8])-[#7](-[H])-[#6](-[H])(-[H])-[#6](-[H])(-[H])-[#6](=[#8])-[#7](-[H])-[#6](-[H])(-[H])-[#6](-[H])(-[H])-[#16]-[#6:116])-[#8]-[#6@@]-1(-[H])-[#7]1:[#6](-[H]):[#7]:[#6]2:[#6](-[#7](-[H])-[H]):[#7]:[#6](-[H]):[#7]:[#6]:1:2>>[H]-[#8]-[#6@@](-[H])(-[#6](-[H])(-[H])-[#8]-[#15](=[#8])(-[#8]-[H])-[#8]-[H])-[#6](-[H])(-[H])-[#8]-[#6:116],"EVODEX.1-P1559,EVODEX.1-P1563,EVODEX.1-P1565,EVODEX.1-P1650,EVODEX.1-P1651",115737507935597244147431104613418419517003726014988245241367823461094292892668
EVODEX.1-C298,[H]-[#8:80]>>[H]-[#6](=[#6](-[H])-[#6](-[H])(-[H])-[#6](-[H])(-[H])-[#6](-[H])(-[H])-[#6](-[H])(-[H])-[#6](-[H])(-[H])-[H])-[#6](-[H])(-[H])-[#6](-[H])=[#6](-[H])-[#6](-[H])(-[H])-[#6](-[H])(-[H])-[#6](-[H])(-[H])-[#6](-[H])(-[H])-[#6](-[H])(-[H])-[#6](-[H])(-[H])-[#6](-[H])(-[H])-[#6](=[#8])-[#8:80],"EVODEX.1-P1561,EVODEX.1-P1964,EVODEX.1-P1971,EVODEX.1-P1973,EVODEX.1-P2040",111284311349057331752731736334403725655278654446725311120575627714563962337879
EVODEX.1-C299,[#6:72]-[#16:74]>>[H]-[#8]-[#6@]1(-[H])-[#6@](-[H])(-[#8]-[#15](=[#8])(-[#8]-[H])-[#8]-[H])-[#6@@](-[H])(-[#6](-[H])(-[H])-[#8]-[#15](=[#8])(-[#8]-[H])-[#8]-[#15](=[#8])(-[#8]-[H])-[#8]-[#6](-[H])(-[H])-[#6](-[#6](-[H])(-[H])-[H])(-[#6](-[H])(-[H])-[H])-[#6@@](-[H])(-[#8]-[H])-[#6](=[#8])-[#7](-[H])-[#6](-[H])(-[H])-[#6](-[H])(-[H])-[#6](=[#8])-[#7](-[H])-[#6](-[H])(-[H])-[#6](-[H])(-[H])-[#16]-[#6](=[#8])-[#6](-[H])(-[H])-[#6:72])-[#8]-[#6@@]-1(-[H])-[#7]1:[#6](-[H]):[#7]:[#6]2:[#6](-[#7](-[H])-[H]):[#7]:[#6](-[H]):[#7]:[#6]:1:2.[H]-[#16:74],"EVODEX.1-P1572,EVODEX.1-P1579,EVODEX.1-P1647,EVODEX.1-P1658,EVODEX.1-P1660",27517398178406668871866824507469895898734642469188227731851423381412476577780
EVODEX.1-C300,[H]-[#8]-[#6@]1(-[H])-[#6@](-[H])(-[#8]-[#15](=[#8])(-[#8]-[H])-[#8]-[H])-[#6@@](-[H])(-[#6](-[H])(-[H])-[#8]-[#15](=[#8])(-[#8]-[H])-[#8]-[#15](=[#8])(-[#8]-[H])-[#8]-[#6](-[H])(-[H])-[#6](-[#6](-[H])(-[H])-[H])(-[#6](-[H])(-[H])-[H])-[#6@@](-[H])(-[#8]-[H])-[#6](=[#8])-[#7](-[H])-[#6](-[H])(-[H])-[#6](-[H])(-[H])-[#6](=[#8])-[#7](-[H])-[#6](-[H])(-[H])-[#6](-[H])(-[H])-[#16]-[#6:54])-[#8]-[#6@@]-1(-[H])-[#7]1:[#6](-[H]):[#7]:[#6]2:[#6](-[#7](-[H])-[H]):[#7]:[#6](-[H]):[#7]:[#6]:1:2>>[H]-[#8]-[#6@]1(-[H])-[#6@](-[H])(-[#8]-[#15](=[#8])(-[#8]-[H])-[#8]-[H])-[#6@@](-[H])(-[#6](-[H])(-[H])-[#8]-[#15](=[#8])(-[#8]-[H])-[#8]-[#15](=[#8])(-[#8]-[H])-[#8]-[#6](-[H])(-[H])-[#6](-[#6](-[H])(-[H])-[H])(-[#6](-[H])(-[H])-[H])-[#6@@](-[H])(-[#8]-[H])-[#6](=[#8])-[#7](-[H])-[#6](-[H])(-[H])-[#6](-[H])(-[H])-[#6](=[#8])-[#7](-[H])-[#6](-[H])(-[H])-[#6](-[H])(-[H])-[#16]-[#6](=[#8])-[#6](-[H])(-[H])-[#6:54])-[#8]-[#6@@]-1(-[H])-[#7]1:[#6](-[H]):[#7]:[#6]2:[#6](-[#7](-[H])-[H]):[#7]:[#6](-[H]):[#7]:[#6]:1:2,"EVODEX.1-P1575,EVODEX.1-P1578,EVODEX.1-P1652,EVODEX.1-P1659,EVODEX.1-P2090",53711924627438510489828103380750503199076071389133944801069225805179280891626
EVODEX.1-C301,[H]-[#8:3]>>[H]-[#8]-[#6@@]1(-[H])-[#6@@](-[H])(-[#8]-[H])-[#6@](-[H])(-[#7]2:[#6](-[H]):[#6](-[H]):[#6](=[#8]):[#7](-[H]):[#6]:2=[#8])-[#8]-[#6@]-1(-[H])-[#6](-[H])(-[H])-[#8]-[#15](=[#8])(-[#8]-[H])-[#8:3],"EVODEX.1-P1580,EVODEX.1-P1581,EVODEX.1-P3690,EVODEX.1-P3691,EVODEX.1-P3694",110282902200475347192837897808488986668508345568124458471236042529058098583477
EVODEX.1-C302,[H]-[#7:6]>>[H]-[#6](-[H])(-[H])-[#6](-[H])(-[H])-[#6](=[#8])-[#7:6],"EVODEX.1-P1582,EVODEX.1-P1737,EVODEX.1-P1858,EVODEX.1-P2066,EVODEX.1-P5826",36768324539767310017365678891444733286836310622460082074787968573603540181972
EVODEX.1-C303,[H]-[#8]-[#6](=[#8])-[#6@]1(-[H])-[#7]2-[#6](=[#8])-[#6](-[H])(-[#7](-[H])-[#6:8])-[#6@@]-2(-[H])-[#16]-[#6]-1(-[#6](-[H])(-[H])-[H])-[#6](-[H])(-[H])-[H].[H]-[#8:24]>>[#6:8]-[#8:24],"EVODEX.1-P1588,EVODEX.1-P5456,EVODEX.1-P5475,EVODEX.1-P5478,EVODEX.1-P5827",28120343658246039685916876463405008132242172275906262491767308335578854623899
EVODEX.1-C304,[H]-[#8:9]>>[H]-[#6](-[H])(-[H])-[#6](-[H])(-[H])-[#6](-[H])(-[H])-[#6](=[#8])-[#8:9],"EVODEX.1-P1591,EVODEX.1-P1612,EVODEX.1-P2074,EVODEX.1-P3905,EVODEX.1-P4010",44454189777136821317660485141668371106489058260492576613152694394996122269129
EVODEX.1-C305,[H]-[#16:27].[H]-[#8]-[#6@]1(-[H])-[#6@](-[H])(-[#8]-[#15](=[#8])(-[#8]-[H])-[#8]-[H])-[#6@@](-[H])(-[#6](-[H])(-[H])-[#8]-[#15](=[#8])(-[#8]-[H])-[#8]-[#15](=[#8])(-[#8]-[H])-[#8]-[#6](-[H])(-[H])-[#6](-[#6](-[H])(-[H])-[H])(-[#6](-[H])(-[H])-[H])-[#6@@](-[H])(-[#8]-[H])-[#6](=[#8])-[#7](-[H])-[#6](-[H])(-[H])-[#6](-[H])(-[H])-[#6](=[#8])-[#7](-[H])-[#6](-[H])(-[H])-[#6](-[H])(-[H])-[#16]-[#6:43])-[#8]-[#6@@]-1(-[H])-[#7]1:[#6](-[H]):[#7]:[#6]2:[#6](-[#7](-[H])-[H]):[#7]:[#6](-[H]):[#7]:[#6]:1:2>>[#16:27]-[#6:43],"EVODEX.1-P1594,EVODEX.1-P1596,EVODEX.1-P1828,EVODEX.1-P1860,EVODEX.1-P1861",112033897178470520360853992047018938228850357556709586816057371843262779550197
EVODEX.1-C306,[#6:31]-[#16:33]>>[H]-[#8]-[#6@]1(-[#6](-[H])(-[H])-[#8]-[#6:31])-[#6@@](-[H])(-[#7](-[H])-[#6]2:[#6](-[H]):[#6](-[H]):[#6](-[H]):[#6](-[#6](=[#8])-[#6](-[H])(-[H])-[H]):[#6]:2-[H])-[#6@](-[H])(-[#7](-[H])-[H])-[#6@@](-[#7](-[H])-[#6](=[#8])-[#7](-[#6](-[H])(-[H])-[H])-[#6](-[H])(-[H])-[H])(-[#6](-[H])(-[H])-[H])-[#6@]-1(-[#8]-[H])-[#6](-[H])(-[H])-[H].[H]-[#16:33],"EVODEX.1-P1604,EVODEX.1-P1609,EVODEX.1-P1614,EVODEX.1-P1615,EVODEX.1-P1617",34386962234761754686132367055929364785516163885283356990817553574216565160268
EVODEX.1-C307,[H]-[#7](-[#6](=[#8])-[#6](-[H])(-[H])-[H])-[#6](-[H])(-[H])-[#6](-[H])(-[H])-[#16]-[#6:31]>>[H]-[#8]-[#6@]1(-[#6](-[H])(-[H])-[#8]-[#6:31])-[#6@@](-[H])(-[#7](-[H])-[#6]2:[#6](-[H]):[#6](-[H]):[#6](-[H]):[#6](-[#6](=[#8])-[#6](-[H])(-[H])-[H]):[#6]:2-[H])-[#6@](-[H])(-[#7](-[H])-[H])-[#6@@](-[#7](-[H])-[#6](=[#8])-[#7](-[#6](-[H])(-[H])-[H])-[#6](-[H])(-[H])-[H])(-[#6](-[H])(-[H])-[H])-[#6@]-1(-[#8]-[H])-[#6](-[H])(-[H])-[H],"EVODEX.1-P1606,EVODEX.1-P1608,EVODEX.1-P1611,EVODEX.1-P1613,EVODEX.1-P1616",6856640618204208162186965148591890928083299454978091237680664873658695203220
EVODEX.1-C308,[H]-[#8]-[#6@]1(-[H])-[#6@](-[H])(-[#8]-[#15](=[#8])(-[#8]-[H])-[#8]-[H])-[#6@@](-[H])(-[#6](-[H])(-[H])-[#8]-[#15](=[#8])(-[#8]-[H])-[#8]-[#15](=[#8])(-[#8]-[H])-[#8]-[#6](-[H])(-[H])-[#6](-[#6](-[H])(-[H])-[H])(-[#6](-[H])(-[H])-[H])-[#6@@](-[H])(-[#8]-[H])-[#6](=[#8])-[#7](-[H])-[#6](-[H])(-[H])-[#6](-[H])(-[H])-[#6](=[#8])-[#7](-[H])-[#6](-[H])(-[H])-[#6](-[H])(-[H])-[#16]-[#6:6])-[#8]-[#6@@]-1(-[H])-[#7]1:[#6](-[H]):[#7]:[#6]2:[#6](-[#7](-[H])-[H]):[#7]:[#6](-[H]):[#7]:[#6]:1:2>>[H]-[#8]-[#15](=[#8])(-[#8]-[H])-[#8]-[#6:6],"EVODEX.1-P1624,EVODEX.1-P1628,EVODEX.1-P1633,EVODEX.1-P1636,EVODEX.1-P1642",100093611142663444775477461803522534944126296673282347164295867751517967768481
EVODEX.1-C309,[#6:6]-[#16:8]>>[H]-[#8]-[#15](=[#8])(-[#8]-[H])-[#8]-[#6:6].[H]-[#16:8],"EVODEX.1-P1626,EVODEX.1-P1634,EVODEX.1-P1637,EVODEX.1-P1640,EVODEX.1-P1643",89461687373438237548256496038326952172375421304770629876673278987477205195581
EVODEX.1-C310,[H]-[#8]-[#6@]1(-[H])-[#6@](-[H])(-[#8]-[#15](=[#8])(-[#8]-[H])-[#8]-[H])-[#6@@](-[H])(-[#6](-[H])(-[H])-[#8]-[#15](=[#8])(-[#8]-[H])-[#8]-[#15](=[#8])(-[#8]-[H])-[#8]-[#6](-[H])(-[H])-[#6](-[#6](-[H])(-[H])-[H])(-[#6](-[H])(-[H])-[H])-[#6@@](-[H])(-[#8]-[H])-[#6](=[#8])-[#7](-[H])-[#6](-[H])(-[H])-[#6](-[H])(-[H])-[#6](=[#8])-[#7](-[H])-[#6](-[H])(-[H])-[#6](-[H])(-[H])-[#16]-[#6:18])-[#8]-[#6@@]-1(-[H])-[#7]1:[#6](-[H]):[#7]:[#6]2:[#6](-[#7](-[H])-[H]):[#7]:[#6](-[H]):[#7]:[#6]:1:2>>[H]-[#6](=[#6](-[H])-[#6](-[H])(-[H])-[#6](-[H])(-[H])-[#6](-[H])(-[H])-[#6](-[H])(-[H])-[#6](-[H])(-[H])-[#6](-[H])(-[H])-[#6](-[H])(-[H])-[#6](-[H])(-[H])-[H])-[#6](-[H])(-[H])-[#6](-[H])(-[H])-[#6](-[H])(-[H])-[#6](-[H])(-[H])-[#6](-[H])(-[H])-[#6](-[H])(-[H])-[#6](-[H])(-[H])-[#6](=[#8])-[#8]-[#6](-[H])(-[H])-[#6](-[H])(-[#8]-[#6](=[#8])-[#6](-[H])(-[H])-[#6](-[H])(-[H])-[#6](-[H])(-[H])-[#6](-[H])(-[H])-[#6](-[H])(-[H])-[#6](-[H])(-[H])-[#6](-[H])(-[H])-[#6](-[H])=[#6](-[H])-[#6](-[H])(-[H])-[#6](-[H])(-[H])-[#6](-[H])(-[H])-[#6](-[H])(-[H])-[#6](-[H])(-[H])-[#6](-[H])(-[H])-[#6](-[H])(-[H])-[#6](-[H])(-[H])-[H])-[#6](-[H])(-[H])-[#8]-[#6:18],"EVODEX.1-P1664,EVODEX.1-P1669,EVODEX.1-P1671,EVODEX.1-P1674,EVODEX.1-P1676",42477785066321619563229574320130432155641564391916741707699837778425214760
EVODEX.1-C311,[#6:56]-[#16:58]>>[H]-[#6](=[#6](-[H])-[#6](-[H])(-[H])-[#6](-[H])(-[H])-[#6](-[H])(-[H])-[#6](-[H])(-[H])-[#6](-[H])(-[H])-[#6](-[H])(-[H])-[#6](-[H])(-[H])-[#6](-[H])(-[H])-[H])-[#6](-[H])(-[H])-[#6](-[H])(-[H])-[#6](-[H])(-[H])-[#6](-[H])(-[H])-[#6](-[H])(-[H])-[#6](-[H])(-[H])-[#6](-[H])(-[H])-[#6](=[#8])-[#8]-[#6](-[H])(-[H])-[#6@@](-[H])(-[#8]-[#6](=[#8])-[#6](-[H])(-[H])-[#6](-[H])(-[H])-[#6](-[H])(-[H])-[#6](-[H])(-[H])-[#6](-[H])(-[H])-[#6](-[H])(-[H])-[#6](-[H])(-[H])-[#6](-[H])=[#6](-[H])-[#6](-[H])(-[H])-[#6](-[H])(-[H])-[#6](-[H])(-[H])-[#6](-[H])(-[H])-[#6](-[H])(-[H])-[#6](-[H])(-[H])-[#6](-[H])(-[H])-[#6](-[H])(-[H])-[H])-[#6](-[H])(-[H])-[#8]-[#6:56].[H]-[#16:58],"EVODEX.1-P1665,EVODEX.1-P1666,EVODEX.1-P1668,EVODEX.1-P1675,EVODEX.1-P1677",75735957499681928562360014786223986485026802462518913980278149029373851067224
EVODEX.1-C312,[#6:20]-[#16:22]>>[H]-[#6](-[H])(-[H])-[#6](-[H])(-[H])-[#6](-[H])(-[H])-[#6](-[H])(-[H])-[#6](-[H])(-[H])-[#6](-[H])(-[H])-[#6](-[H])(-[H])-[#6](-[H])(-[H])-[#6](-[H])(-[H])-[#6](-[H])(-[H])-[#6](-[H])(-[H])-[#6](-[H])(-[H])-[#6](-[H])(-[H])-[#6](-[H])(-[H])-[#6](-[H])(-[H])-[#6](-[H])(-[H])-[#8]-[#6:20].[H]-[#16:22],"EVODEX.1-P1672,EVODEX.1-P1932,EVODEX.1-P1969,EVODEX.1-P2010,EVODEX.1-P2038",81265370181475838915655295765896071837275155591595263870869806651352830775070
EVODEX.1-C313,[H]-[#8:23]>>[H]-[#6](=[#6](-[H])-[#6](-[H])(-[H])-[#6](-[H])(-[H])-[#6](-[H])(-[H])-[#6](-[H])(-[H])-[#6](-[H])(-[H])-[#6](-[H])(-[H])-[#6](-[H])(-[H])-[#6](-[H])(-[H])-[H])-[#6](-[H])(-[H])-[#6](-[H])(-[H])-[#6](-[H])(-[H])-[#6](-[H])(-[H])-[#6](-[H])(-[H])-[#6](-[H])(-[H])-[#6](-[H])(-[H])-[#6](=[#8])-[#8:23],"EVODEX.1-P1687,EVODEX.1-P1710,EVODEX.1-P1711,EVODEX.1-P1751,EVODEX.1-P4085",27387735642844744096826889163545969453265665765250817049705183269255351306251
EVODEX.1-C314,[H]-[#6](=[#6](-[H])-[#6](-[H])(-[H])-[#6](-[H])=[#6](-[H])-[#6](-[H])(-[H])-[#6](-[H])(-[H])-[#6](-[H])(-[H])-[#6](-[H])(-[H])-[#6](-[H])(-[H])-[#6](-[H])(-[H])-[#6](-[H])(-[H])-[#6](=[#8])-[#8:24])-[#6](-[H])(-[H])-[#6](-[H])=[#6](-[H])-[#6](-[H])(-[H])-[#6](-[H])(-[H])-[H]>>[H]-[#8:24],"EVODEX.1-P1695,EVODEX.1-P3937,EVODEX.1-P3987,EVODEX.1-P3988,EVODEX.1-P4016",60658405426687239370828114117014372931175689163243563946811299559115538395689
EVODEX.1-C315,[H]-[#8]-[#6@]1(-[H])-[#6@](-[H])(-[#8]-[#15](=[#8])(-[#8]-[H])-[#8]-[H])-[#6@@](-[H])(-[#6](-[H])(-[H])-[#8]-[#15](=[#8])(-[#8]-[H])-[#8]-[#15](=[#8])(-[#8]-[H])-[#8]-[#6](-[H])(-[H])-[#6](-[#6](-[H])(-[H])-[H])(-[#6](-[H])(-[H])-[H])-[#6@@](-[H])(-[#8]-[H])-[#6](=[#8])-[#7](-[H])-[#6](-[H])(-[H])-[#6](-[H])(-[H])-[#6](=[#8])-[#7](-[H])-[#6](-[H])(-[H])-[#6](-[H])(-[H])-[#16]-[#6:38])-[#8]-[#6@@]-1(-[H])-[#7]1:[#6](-[H]):[#7]:[#6]2:[#6](-[#7](-[H])-[H]):[#7]:[#6](-[H]):[#7]:[#6]:1:2>>[H]-[#8]-[#6](-[H])(-[H])-[#6@](-[H])(-[#7](-[H])-[#6:38])-[#6@](-[H])(-[#8]-[H])-[#6](-[H])=[#6](-[H])-[#6](-[H])(-[H])-[#6](-[H])(-[H])-[#6](-[H])(-[H])-[#6](-[H])(-[H])-[#6](-[H])(-[H])-[#6](-[H])(-[H])-[#6](-[H])(-[H])-[#6](-[H])(-[H])-[#6](-[H])(-[H])-[#6](-[H])(-[H])-[#6](-[H])(-[H])-[#6](-[H])(-[H])-[#6](-[H])(-[H])-[H],"EVODEX.1-P1701,EVODEX.1-P1703,EVODEX.1-P1720,EVODEX.1-P1721,EVODEX.1-P1723",70496393232539766147771785321934211304524824491937942051788068331932764615322
EVODEX.1-C316,[#6:40]-[#16:42]>>[H]-[#8]-[#6](-[H])(-[H])-[#6@](-[H])(-[#7](-[H])-[#6:40])-[#6@](-[H])(-[#8]-[H])-[#6](-[H])=[#6](-[H])-[#6](-[H])(-[H])-[#6](-[H])(-[H])-[#6](-[H])(-[H])-[#6](-[H])(-[H])-[#6](-[H])(-[H])-[#6](-[H])(-[H])-[#6](-[H])(-[H])-[#6](-[H])(-[H])-[#6](-[H])(-[H])-[#6](-[H])(-[H])-[#6](-[H])(-[H])-[#6](-[H])(-[H])-[#6](-[H])(-[H])-[H].[H]-[#16:42],"EVODEX.1-P1702,EVODEX.1-P1705,EVODEX.1-P1707,EVODEX.1-P1724,EVODEX.1-P1725",101095288514855876972313706474701442222497737503092662626945284188129157763463
EVODEX.1-C317,[H]-[#7:10]>>[H]-[#6](-[H])(-[H])-[#6](-[H])(-[H])-[#6](-[H])(-[H])-[#6](-[H])(-[H])-[#6](-[H])(-[H])-[#6](-[H])(-[H])-[#6](-[H])(-[H])-[#6](-[H])(-[H])-[#6](-[H])(-[H])-[#6](-[H])(-[H])-[#6](-[H])(-[H])-[#6](-[H])(-[H])-[#6](-[H])(-[H])-[#6](=[#8])-[#7:10],"EVODEX.1-P1704,EVODEX.1-P2104,EVODEX.1-P2107,EVODEX.1-P2114,EVODEX.1-P2118",11962079640110719296591492030594840261036547964527303406580931828471465462774
EVODEX.1-C318,[H]-[#6:1]>>[H]-[#6](-[H])(-[H])-[#6](=[#8])-[#6:1],"EVODEX.1-P1715,EVODEX.1-P1770,EVODEX.1-P1775,EVODEX.1-P2082,EVODEX.1-P2087",4529226912535243637218479458197972723968628193773504550636014569380798074679
EVODEX.1-C319,[H]-[#8:88]>>[H]-[#6](-[H])(-[H])-[#6](-[H])(-[H])-[#6](-[H])(-[H])-[#6](-[H])(-[H])-[#6](-[H])(-[H])-[#6](-[H])(-[H])-[#6](-[H])(-[H])-[#6](-[H])(-[H])-[#6](-[H])(-[H])-[#6](-[H])(-[H])-[#6](-[H])(-[H])-[#6](-[H])(-[H])-[#6](-[H])(-[H])-[#6](-[H])(-[H])-[#6](-[H])(-[H])-[#6](-[H])(-[H])-[#6](-[H])(-[H])-[#6](=[#8])-[#8:88],"EVODEX.1-P1717,EVODEX.1-P1811,EVODEX.1-P2018,EVODEX.1-P2023,EVODEX.1-P2024",254748350913996081299167629269583483556668429459394670708373021542017404151
EVODEX.1-C320,[H]-[#8]-[#6@]1(-[H])-[#6@](-[H])(-[#8]-[#15](=[#8])(-[#8]-[H])-[#8]-[H])-[#6@@](-[H])(-[#6](-[H])(-[H])-[#8]-[#15](=[#8])(-[#8]-[H])-[#8]-[#15](=[#8])(-[#8]-[H])-[#8]-[#6](-[H])(-[H])-[#6](-[#6](-[H])(-[H])-[H])(-[#6](-[H])(-[H])-[H])-[#6@@](-[H])(-[#8]-[H])-[#6](=[#8])-[#7](-[H])-[#6](-[H])(-[H])-[#6](-[H])(-[H])-[#6](=[#8])-[#7](-[H])-[#6](-[H])(-[H])-[#6](-[H])(-[H])-[#16]-[#6:19])-[#8]-[#6@@]-1(-[H])-[#7]1:[#6](-[H]):[#7]:[#6]2:[#6](-[#7](-[H])-[H]):[#7]:[#6](-[H]):[#7]:[#6]:1:2>>[H]-[#8]-[#15](=[#8])(-[#8]-[H])-[#8]-[#6](-[H])(-[H])-[#6](=[#8])-[#6](-[H])(-[H])-[#8]-[#6:19],"EVODEX.1-P1738,EVODEX.1-P1741,EVODEX.1-P1743,EVODEX.1-P1744,EVODEX.1-P1746",35395029262376962311660932017982214677400727552696637773565956707591923288770
EVODEX.1-C321,[#6:20]-[#16:22]>>[H]-[#8]-[#15](=[#8])(-[#8]-[H])-[#8]-[#6](-[H])(-[H])-[#6](=[#8])-[#6](-[H])(-[H])-[#8]-[#6:20].[H]-[#16:22],"EVODEX.1-P1739,EVODEX.1-P1742,EVODEX.1-P1745,EVODEX.1-P1747,EVODEX.1-P1748",65730365774607913599281614321281596978625882039605865950447156228762935872061
EVODEX.1-C322,[H]-[#8:5]>>[H]-[#6](-[H])(-[H])-[#6](-[H])(-[H])-[#6](-[H])(-[H])-[#6](-[H])(-[H])-[#6](-[H])(-[H])-[#6](-[H])(-[H])-[#6](-[H])(-[H])-[#6](-[H])(-[H])-[#6](-[H])(-[H])-[#6](-[H])(-[H])-[#6](-[H])(-[H])-[#6](-[H])(-[H])-[#6](-[H])(-[H])-[#6](-[H])(-[H])-[#6](-[H])(-[H])-[#6](-[H])(-[H])-[#6](-[H])(-[H])-[#6](-[H])(-[H])-[#6](-[H])(-[H])-[#6](=[#8])-[#8:5],"EVODEX.1-P1740,EVODEX.1-P1882,EVODEX.1-P1883,EVODEX.1-P1885,EVODEX.1-P1886",63895411997560491924353852878957886525032789550443470513616440071788442686006
EVODEX.1-C323,[H]-[#6](=[#6](-[H])-[#6](-[H])(-[H])-[#6](-[H])(-[H])-[#6](-[H])(-[H])-[#6](-[H])(-[H])-[#6](-[H])(-[H])-[H])-[#6](-[H])(-[H])-[#6](-[H])=[#6](-[H])-[#6](-[H])(-[H])-[#6](-[H])(-[H])-[#6](-[H])(-[H])-[#6](-[H])(-[H])-[#6](-[H])(-[H])-[#6](-[H])(-[H])-[#6](-[H])(-[H])-[#6](=[#8])-[#8:20]>>[H]-[#8:20],"EVODEX.1-P1749,EVODEX.1-P3965,EVODEX.1-P4002,EVODEX.1-P4039,EVODEX.1-P5599",52784098491448943669186857711524511674394136546239417771540127070642158551093
EVODEX.1-C324,[#8:52]-[#6:53]>>[H]-[#6]1=[#6]2-[#6](-[H])(-[H])-[#6@@](-[H])(-[#8]-[#6:53])-[#6](-[H])(-[H])-[#6](-[H])(-[H])-[#6@]-2(-[#6](-[H])(-[H])-[H])-[#6@@]2(-[H])-[#6](-[H])(-[H])-[#6](-[H])(-[H])-[#6@@]3(-[#6](-[H])(-[H])-[H])-[#6@@](-[H])(-[#6](-[H])(-[H])-[#6](-[H])(-[H])-[#6@]-3(-[H])-[#6@](-[H])(-[#6](-[H])(-[H])-[H])-[#6](-[H])(-[H])-[#6](-[H])(-[H])-[#6](-[H])(-[H])-[#6](-[H])(-[#6](-[H])(-[H])-[H])-[#6](-[H])(-[H])-[H])-[#6@]-2(-[H])-[#6]-1(-[H])-[H].[H]-[#8:52],"EVODEX.1-P1750,EVODEX.1-P1752,EVODEX.1-P1754,EVODEX.1-P2057,EVODEX.1-P2058",84028186718949473075978038845155829969426988561001000630355157802647874261214
EVODEX.1-C325,[H]-[#8]-[#6@]1(-[H])-[#6@](-[H])(-[#8]-[#15](=[#8])(-[#8]-[H])-[#8]-[H])-[#6@@](-[H])(-[#6](-[H])(-[H])-[#8]-[#15](=[#8])(-[#8]-[H])-[#8]-[#15](=[#8])(-[#8]-[H])-[#8]-[#6](-[H])(-[H])-[#6](-[#6](-[H])(-[H])-[H])(-[#6](-[H])(-[H])-[H])-[#6@@](-[H])(-[#8]-[H])-[#6](=[#8])-[#7](-[H])-[#6](-[H])(-[H])-[#6](-[H])(-[H])-[#6](=[#8])-[#7](-[H])-[#6](-[H])(-[H])-[#6](-[H])(-[H])-[#16]-[#6:20])-[#8]-[#6@@]-1(-[H])-[#7]1:[#6](-[H]):[#7]:[#6]2:[#6](-[#7](-[H])-[H]):[#7]:[#6](-[H]):[#7]:[#6]:1:2.[H]-[#8]-[#6](=[#8])-[#6@@:71]>>[#6:20]-[#6:71],"EVODEX.1-P1758,EVODEX.1-P1759,EVODEX.1-P1762,EVODEX.1-P1787,EVODEX.1-P1792",62662632487240846010151131654556200610106043335499594859360128356303918961760
EVODEX.1-C326,[#6:20]-[#16:22]>>[H]-[#8]-[#6](-[H])(-[H])-[#6](-[H])(-[#7](-[H])-[H])-[#6:20].[H]-[#16:22],"EVODEX.1-P1763,EVODEX.1-P1777,EVODEX.1-P1781,EVODEX.1-P1783,EVODEX.1-P1791",23557082479654070131096636331544796585423704964911706618617716401253330190449
EVODEX.1-C327,[#6:12]-[#16:14].[H]-[#8]-[#6](=[#8])-[#6@@:63]>>[#6:12]-[#6:63].[H]-[#16:14],"EVODEX.1-P1765,EVODEX.1-P1782,EVODEX.1-P1786,EVODEX.1-P1790,EVODEX.1-P1796",78851891084956137839328231513869558858374973294535181936397732648102935300514
EVODEX.1-C328,[H]-[#8]-[#6@]1(-[H])-[#6@](-[H])(-[#8]-[#15](=[#8])(-[#8]-[H])-[#8]-[H])-[#6@@](-[H])(-[#6](-[H])(-[H])-[#8]-[#15](=[#8])(-[#8]-[H])-[#8]-[#15](=[#8])(-[#8]-[H])-[#8]-[#6](-[H])(-[H])-[#6](-[#6](-[H])(-[H])-[H])(-[#6](-[H])(-[H])-[H])-[#6@@](-[H])(-[#8]-[H])-[#6](=[#8])-[#7](-[H])-[#6](-[H])(-[H])-[#6](-[H])(-[H])-[#6](=[#8])-[#7](-[H])-[#6](-[H])(-[H])-[#6](-[H])(-[H])-[#16]-[#6:12])-[#8]-[#6@@]-1(-[H])-[#7]1:[#6](-[H]):[#7]:[#6]2:[#6](-[#7](-[H])-[H]):[#7]:[#6](-[H]):[#7]:[#6]:1:2>>[H]-[#8]-[#6](-[H])(-[H])-[#6](-[H])(-[#7](-[H])-[H])-[#6:12],"EVODEX.1-P1780,EVODEX.1-P1785,EVODEX.1-P1788,EVODEX.1-P1789,EVODEX.1-P1795",63974697652810758554705395583336740954609127039452731638127430444567266065949
EVODEX.1-C329,[H]-[#8:22]>>[H]-[#6](-[H])(-[H])-[#6](-[H])(-[H])-[#6](-[H])(-[H])-[#6](-[H])(-[H])-[#6](-[H])(-[H])-[#6](-[H])(-[H])-[#6](-[H])(-[H])-[#6](-[H])(-[H])-[#6](-[H])(-[H])-[#6](-[H])(-[H])-[#6](-[H])(-[H])-[#6](=[#8])-[#8:22],"EVODEX.1-P1797,EVODEX.1-P1819,EVODEX.1-P1944,EVODEX.1-P1951,EVODEX.1-P3889",101891991665443436122101438506563837589990469963408362510731521688649454962590
EVODEX.1-C330,[H]-[#8:28]>>[H]-[#6](-[H])(-[H])-[#6](-[H])(-[H])-[#6](-[H])(-[H])-[#6](-[H])(-[H])-[#6](-[H])(-[H])-[#6](-[H])(-[H])-[#6](-[H])(-[H])-[#6](-[H])(-[H])-[#6](-[H])(-[H])-[#6](-[H])(-[H])-[#6](-[H])(-[H])-[#6](-[H])(-[H])-[#6](-[H])(-[H])-[#6](=[#8])-[#8:28],"EVODEX.1-P1798,EVODEX.1-P1864,EVODEX.1-P1874,EVODEX.1-P1983,EVODEX.1-P5473",25398899050098794396128737482071245605740115303100519104331942604187810845141
EVODEX.1-C331,[H]-[#8]-[#6@]1(-[H])-[#6@](-[H])(-[#8]-[#15](=[#8])(-[#8]-[H])-[#8]-[H])-[#6@@](-[H])(-[#6](-[H])(-[H])-[#8]-[#15](=[#8])(-[#8]-[H])-[#8]-[#15](=[#8])(-[#8]-[H])-[#8]-[#6](-[H])(-[H])-[#6](-[#6](-[H])(-[H])-[H])(-[#6](-[H])(-[H])-[H])-[#6@@](-[H])(-[#8]-[H])-[#6](=[#8])-[#7](-[H])-[#6](-[H])(-[H])-[#6](-[H])(-[H])-[#6](=[#8])-[#7](-[H])-[#6](-[H])(-[H])-[#6](-[H])(-[H])-[#16]-[#6:16])-[#8]-[#6@@]-1(-[H])-[#7]1:[#6](-[H]):[#7]:[#6]2:[#6](-[#7](-[H])-[H]):[#7]:[#6](-[H]):[#7]:[#6]:1:2>>[H]-[#8]-[#15](=[#8])(-[#8]-[H])-[#8]-[#6](-[H])(-[H])-[#6@](-[H])(-[#8]-[#6:16])-[#6](-[H])(-[H])-[#8]-[#6](=[#8])-[#6](-[H])(-[H])-[#6](-[H])(-[H])-[#6](-[H])(-[H])-[#6](-[H])(-[H])-[#6](-[H])(-[H])-[#6](-[H])(-[H])-[#6](-[H])(-[H])-[#6](-[H])=[#6](-[H])-[#6](-[H])(-[H])-[#6](-[H])(-[H])-[#6](-[H])(-[H])-[#6](-[H])(-[H])-[#6](-[H])(-[H])-[#6](-[H])(-[H])-[#6](-[H])(-[H])-[#6](-[H])(-[H])-[H],"EVODEX.1-P1799,EVODEX.1-P1810,EVODEX.1-P1815,EVODEX.1-P1817,EVODEX.1-P1820",9809477216641215168744761810471106622614895684482646935602665939519937063047
EVODEX.1-C332,[#6:20]-[#16:22]>>[H]-[#8]-[#15](=[#8])(-[#8]-[H])-[#8]-[#6](-[H])(-[H])-[#6](-[H])(-[#8]-[#6:20])-[#6](-[H])(-[H])-[#8]-[#6](=[#8])-[#6](-[H])(-[H])-[#6](-[H])(-[H])-[#6](-[H])(-[H])-[#6](-[H])(-[H])-[#6](-[H])(-[H])-[#6](-[H])(-[H])-[#6](-[H])(-[H])-[#6](-[H])=[#6](-[H])-[#6](-[H])(-[H])-[#6](-[H])(-[H])-[#6](-[H])(-[H])-[#6](-[H])(-[H])-[#6](-[H])(-[H])-[#6](-[H])(-[H])-[#6](-[H])(-[H])-[#6](-[H])(-[H])-[H].[H]-[#16:22],"EVODEX.1-P1800,EVODEX.1-P1801,EVODEX.1-P1805,EVODEX.1-P1807,EVODEX.1-P1809",2367650672169517032567494409031828687807022299818327002959094432764674865907
EVODEX.1-C333,[H]-[#8]-[#6@]1(-[H])-[#6@](-[H])(-[#8]-[#15](=[#8])(-[#8]-[H])-[#8]-[H])-[#6@@](-[H])(-[#6](-[H])(-[H])-[#8]-[#15](=[#8])(-[#8]-[H])-[#8]-[#15](=[#8])(-[#8]-[H])-[#8]-[#6](-[H])(-[H])-[#6](-[#6](-[H])(-[H])-[H])(-[#6](-[H])(-[H])-[H])-[#6@@](-[H])(-[#8]-[H])-[#6](=[#8])-[#7](-[H])-[#6](-[H])(-[H])-[#6](-[H])(-[H])-[#6](=[#8])-[#7](-[H])-[#6](-[H])(-[H])-[#6](-[H])(-[H])-[#16]-[#6:18])-[#8]-[#6@@]-1(-[H])-[#7]1:[#6](-[H]):[#7]:[#6]2:[#6](-[#7](-[H])-[H]):[#7]:[#6](-[H]):[#7]:[#6]:1:2>>[H]-[#6](-[H])(-[H])-[#6](-[H])(-[H])-[#6](-[H])(-[H])-[#6](-[H])(-[H])-[#6](-[H])(-[H])-[#6](-[H])(-[H])-[#6](-[H])(-[H])-[#6](-[H])(-[H])-[#6](-[H])(-[H])-[#6](-[H])(-[H])-[#8]-[#6:18],"EVODEX.1-P1846,EVODEX.1-P1876,EVODEX.1-P1923,EVODEX.1-P1979,EVODEX.1-P2019",22618325497781532088008957779892357178239866660642445744052795855857266075030
EVODEX.1-C334,[#6:12]-[#16:14]>>[H]-[#6](-[H])(-[H])-[#6](-[H])(-[H])-[#6](-[H])(-[H])-[#6](-[H])(-[H])-[#6](-[H])(-[H])-[#6](-[H])(-[H])-[#6](-[H])(-[H])-[#6](-[H])(-[H])-[#6](-[H])(-[H])-[#6](-[H])(-[H])-[#8]-[#6:12].[H]-[#16:14],"EVODEX.1-P1847,EVODEX.1-P1867,EVODEX.1-P1877,EVODEX.1-P1890,EVODEX.1-P1943",32307459934917546804826887180589112766095408376625917890633015894852748172691
EVODEX.1-C335,[#6:18]-[#16:20]>>[H]-[#6](-[H])(-[H])-[#6](-[H])(-[H])-[#6](-[H])(-[H])-[#6](-[H])(-[H])-[#6](-[H])(-[H])-[#6](-[H])(-[H])-[#6](-[H])(-[H])-[#6](-[H])(-[H])-[#6](-[H])(-[H])-[#6](-[H])(-[H])-[#6](-[H])(-[H])-[#6](-[H])(-[H])-[#6](-[H])(-[H])-[#6](-[H])(-[H])-[#8]-[#6:18].[H]-[#16:20],"EVODEX.1-P1863,EVODEX.1-P1866,EVODEX.1-P1910,EVODEX.1-P2048,EVODEX.1-P2054",112087389708261857585831992585934209045764093722212412018602834665675284769649
EVODEX.1-C336,[H]-[#8]-[#6@]1(-[H])-[#6@](-[H])(-[#8]-[#15](=[#8])(-[#8]-[H])-[#8]-[H])-[#6@@](-[H])(-[#6](-[H])(-[H])-[#8]-[#15](=[#8])(-[#8]-[H])-[#8]-[#15](=[#8])(-[#8]-[H])-[#8]-[#6](-[H])(-[H])-[#6](-[#6](-[H])(-[H])-[H])(-[#6](-[H])(-[H])-[H])-[#6@@](-[H])(-[#8]-[H])-[#6](=[#8])-[#7](-[H])-[#6](-[H])(-[H])-[#6](-[H])(-[H])-[#6](=[#8])-[#7](-[H])-[#6](-[H])(-[H])-[#6](-[H])(-[H])-[#16]-[#6:18])-[#8]-[#6@@]-1(-[H])-[#7]1:[#6](-[H]):[#7]:[#6]2:[#6](-[#7](-[H])-[H]):[#7]:[#6](-[H]):[#7]:[#6]:1:2>>[H]-[#6](-[H])(-[H])-[#6](-[H])(-[H])-[#6](-[H])(-[H])-[#6](-[H])(-[H])-[#6](-[H])(-[H])-[#6](-[H])(-[H])-[#6](-[H])(-[H])-[#6](-[H])(-[H])-[#6](-[H])(-[H])-[#6](-[H])(-[H])-[#6](-[H])(-[H])-[#6](-[H])(-[H])-[#6](-[H])(-[H])-[#6](-[H])(-[H])-[#8]-[#6:18],"EVODEX.1-P1865,EVODEX.1-P1869,EVODEX.1-P1889,EVODEX.1-P2043,EVODEX.1-P2053",36288269143542559115452757325360390789148361577981902058893533600659893522638
EVODEX.1-C337,[H]-[#8]-[#6@]1(-[H])-[#6@](-[H])(-[#8]-[#15](=[#8])(-[#8]-[H])-[#8]-[H])-[#6@@](-[H])(-[#6](-[H])(-[H])-[#8]-[#15](=[#8])(-[#8]-[H])-[#8]-[#15](=[#8])(-[#8]-[H])-[#8]-[#6](-[H])(-[H])-[#6](-[#6](-[H])(-[H])-[H])(-[#6](-[H])(-[H])-[H])-[#6@@](-[H])(-[#8]-[H])-[#6](=[#8])-[#7](-[H])-[#6](-[H])(-[H])-[#6](-[H])(-[H])-[#6](=[#8])-[#7](-[H])-[#6](-[H])(-[H])-[#6](-[H])(-[H])-[#16]-[#6:8])-[#8]-[#6@@]-1(-[H])-[#7]1:[#6](-[H]):[#7]:[#6]2:[#6](-[#7](-[H])-[H]):[#7]:[#6](-[H]):[#7]:[#6]:1:2>>[H]-[#6](-[H])(-[H])-[#6](-[H])(-[H])-[#6](-[H])(-[H])-[#6](-[H])(-[H])-[#6](-[H])(-[H])-[#6](-[H])(-[H])-[#6](-[H])(-[H])-[#6](-[H])(-[H])-[#6](-[H])(-[H])-[#6](-[H])(-[H])-[#6](-[H])(-[H])-[#6](-[H])(-[H])-[#6](-[H])(-[H])-[#6](-[H])(-[H])-[#6](-[H])(-[H])-[#6](-[H])(-[H])-[#8]-[#6:8],"EVODEX.1-P1868,EVODEX.1-P1879,EVODEX.1-P1968,EVODEX.1-P2037,EVODEX.1-P2039",87641926916471371790135138883269498642580927057049912688723982789482027850262
EVODEX.1-C338,[H]-[#8]-[#6@]1(-[H])-[#6@](-[H])(-[#8]-[#15](=[#8])(-[#8]-[H])-[#8]-[H])-[#6@@](-[H])(-[#6](-[H])(-[H])-[#8]-[#15](=[#8])(-[#8]-[H])-[#8]-[#15](=[#8])(-[#8]-[H])-[#8]-[#6](-[H])(-[H])-[#6](-[#6](-[H])(-[H])-[H])(-[#6](-[H])(-[H])-[H])-[#6@@](-[H])(-[#8]-[H])-[#6](=[#8])-[#7](-[H])-[#6](-[H])(-[H])-[#6](-[H])(-[H])-[#6](=[#8])-[#7](-[H])-[#6](-[H])(-[H])-[#6](-[H])(-[H])-[#16]-[#6:18])-[#8]-[#6@@]-1(-[H])-[#7]1:[#6](-[H]):[#7]:[#6]2:[#6](-[#7](-[H])-[H]):[#7]:[#6](-[H]):[#7]:[#6]:1:2>>[H]-[#6](-[H])(-[H])-[#6](-[H])(-[H])-[#6](-[H])(-[H])-[#6](-[H])(-[H])-[#6](-[H])(-[H])-[#6](-[H])(-[H])-[#6](-[H])(-[H])-[#6](-[H])(-[H])-[#6](-[H])(-[H])-[#6](-[H])(-[H])-[#6](-[H])(-[H])-[#6](-[H])(-[H])-[#8]-[#6:18],"EVODEX.1-P1870,EVODEX.1-P1920,EVODEX.1-P1946,EVODEX.1-P2001,EVODEX.1-P2022",98650484134645241578734758758370990038778761641134877175008618163157885035580
EVODEX.1-C339,[#6:18]-[#16:20]>>[H]-[#6](-[H])(-[H])-[#6](-[H])(-[H])-[#6](-[H])(-[H])-[#6](-[H])(-[H])-[#6](-[H])(-[H])-[#6](-[H])(-[H])-[#6](-[H])(-[H])-[#6](-[H])(-[H])-[#6](-[H])(-[H])-[#6](-[H])(-[H])-[#6](-[H])(-[H])-[#6](-[H])(-[H])-[#8]-[#6:18].[H]-[#16:20],"EVODEX.1-P1871,EVODEX.1-P1896,EVODEX.1-P1921,EVODEX.1-P1947,EVODEX.1-P2041",94634565125111399677983700458940756768713712712990651859099575709344359891928
EVODEX.1-C340,[H]-[#8:84]>>[H]-[#6](-[#6](=[#8])-[#8:84])=[#6](-[H])-[#6](-[H])(-[H])-[#6](-[H])(-[H])-[#6](-[H])(-[H])-[#6](-[H])(-[H])-[#6](-[H])(-[H])-[#6](-[H])(-[H])-[#6](-[H])(-[H])-[#6](-[H])(-[H])-[#6](-[H])(-[H])-[#6](-[H])(-[H])-[#6](-[H])(-[H])-[#6](-[H])(-[H])-[#6](-[H])(-[H])-[#6](-[H])(-[H])-[#6](-[H])(-[H])-[#6](-[H])(-[H])-[#6](-[H])(-[H])-[H],"EVODEX.1-P1872,EVODEX.1-P1914,EVODEX.1-P1916,EVODEX.1-P1917,EVODEX.1-P1919",31062288691085265617058025851182641302967363494766574591945683352948905406107
EVODEX.1-C341,[#6:18]-[#16:20]>>[H]-[#6](-[#8]-[#6:18])=[#6](-[H])-[#6](-[H])(-[H])-[#6](-[H])(-[H])-[#6](-[H])(-[H])-[#6](-[H])(-[H])-[#6](-[H])(-[H])-[#6](-[H])(-[H])-[#6](-[H])(-[H])-[#6](-[H])(-[H])-[#6](-[H])(-[H])-[#6](-[H])(-[H])-[#6](-[H])(-[H])-[#6](-[H])(-[H])-[#6](-[H])(-[H])-[#6](-[H])(-[H])-[#6](-[H])(-[H])-[#6](-[H])(-[H])-[#6](-[H])(-[H])-[#6](-[H])(-[H])-[H].[H]-[#16:20],"EVODEX.1-P1878,EVODEX.1-P1898,EVODEX.1-P1950,EVODEX.1-P1967,EVODEX.1-P1988",105711764856724169758088042992690044642849249661802911274800125087816634309897
EVODEX.1-C342,[#6:33]-[#16:35]>>[H]-[#6](-[#8]-[#6:33])=[#6](-[H])-[#6](-[H])(-[H])-[#6](-[H])(-[H])-[#6](-[H])(-[H])-[#6](-[H])(-[H])-[#6](-[H])(-[H])-[#6](-[H])(-[H])-[#6](-[H])(-[H])-[#6](-[H])(-[H])-[#6](-[H])(-[H])-[#6](-[H])(-[H])-[#6](-[H])(-[H])-[#6](-[H])(-[H])-[#6](-[H])(-[H])-[#6](-[H])(-[H])-[H].[H]-[#16:35],"EVODEX.1-P1880,EVODEX.1-P1952,EVODEX.1-P1990,EVODEX.1-P2027,EVODEX.1-P2051",49770839123358819259486283166633200138699035354280877980654514917723371548708
EVODEX.1-C343,[H]-[#8]-[#6@]1(-[H])-[#6@](-[H])(-[#8]-[#15](=[#8])(-[#8]-[H])-[#8]-[H])-[#6@@](-[H])(-[#6](-[H])(-[H])-[#8]-[#15](=[#8])(-[#8]-[H])-[#8]-[#15](=[#8])(-[#8]-[H])-[#8]-[#6](-[H])(-[H])-[#6](-[#6](-[H])(-[H])-[H])(-[#6](-[H])(-[H])-[H])-[#6@@](-[H])(-[#8]-[H])-[#6](=[#8])-[#7](-[H])-[#6](-[H])(-[H])-[#6](-[H])(-[H])-[#6](=[#8])-[#7](-[H])-[#6](-[H])(-[H])-[#6](-[H])(-[H])-[#16]-[#6:18])-[#8]-[#6@@]-1(-[H])-[#7]1:[#6](-[H]):[#7]:[#6]2:[#6](-[#7](-[H])-[H]):[#7]:[#6](-[H]):[#7]:[#6]:1:2>>[H]-[#6](=[#6](-[H])-[#6](-[H])(-[H])-[#6](-[H])(-[H])-[#6](-[H])(-[H])-[#6](-[H])(-[H])-[#6](-[H])(-[H])-[H])-[#6](-[H])(-[H])-[#6](-[H])=[#6](-[H])-[#6](-[H])(-[H])-[#6](-[H])(-[H])-[#6](-[H])(-[H])-[#6](-[H])(-[H])-[#6](-[H])(-[H])-[#6](-[H])(-[H])-[#6](-[H])(-[H])-[#6](-[H])(-[H])-[#8]-[#6:18],"EVODEX.1-P1881,EVODEX.1-P1900,EVODEX.1-P1934,EVODEX.1-P1953,EVODEX.1-P1960",77391766239167946950281910580030650243624082547279326275507906831029673228676
EVODEX.1-C344,[H]-[#8]-[#6@]1(-[H])-[#6@](-[H])(-[#8]-[#15](=[#8])(-[#8]-[H])-[#8]-[H])-[#6@@](-[H])(-[#6](-[H])(-[H])-[#8]-[#15](=[#8])(-[#8]-[H])-[#8]-[#15](=[#8])(-[#8]-[H])-[#8]-[#6](-[H])(-[H])-[#6](-[#6](-[H])(-[H])-[H])(-[#6](-[H])(-[H])-[H])-[#6@@](-[H])(-[#8]-[H])-[#6](=[#8])-[#7](-[H])-[#6](-[H])(-[H])-[#6](-[H])(-[H])-[#6](=[#8])-[#7](-[H])-[#6](-[H])(-[H])-[#6](-[H])(-[H])-[#16]-[#6:16])-[#8]-[#6@@]-1(-[H])-[#7]1:[#6](-[H]):[#7]:[#6]2:[#6](-[#7](-[H])-[H]):[#7]:[#6](-[H]):[#7]:[#6]:1:2>>[H]-[#6](-[#8]-[#6:16])=[#6](-[H])-[#6](-[H])(-[H])-[#6](-[H])(-[H])-[#6](-[H])(-[H])-[#6](-[H])(-[H])-[#6](-[H])(-[H])-[#6](-[H])(-[H])-[#6](-[H])(-[H])-[#6](-[H])(-[H])-[#6](-[H])(-[H])-[#6](-[H])(-[H])-[#6](-[H])(-[H])-[#6](-[H])(-[H])-[#6](-[H])(-[H])-[#6](-[H])(-[H])-[#6](-[H])(-[H])-[#6](-[H])(-[H])-[H],"EVODEX.1-P1884,EVODEX.1-P1903,EVODEX.1-P1974,EVODEX.1-P2030,EVODEX.1-P2052",6048760848495199108772649030664389697892686934398443579530620434854583821982
EVODEX.1-C345,[H]-[#8]-[#6@]1(-[H])-[#6@](-[H])(-[#8]-[#15](=[#8])(-[#8]-[H])-[#8]-[H])-[#6@@](-[H])(-[#6](-[H])(-[H])-[#8]-[#15](=[#8])(-[#8]-[H])-[#8]-[#15](=[#8])(-[#8]-[H])-[#8]-[#6](-[H])(-[H])-[#6](-[#6](-[H])(-[H])-[H])(-[#6](-[H])(-[H])-[H])-[#6@@](-[H])(-[#8]-[H])-[#6](=[#8])-[#7](-[H])-[#6](-[H])(-[H])-[#6](-[H])(-[H])-[#6](=[#8])-[#7](-[H])-[#6](-[H])(-[H])-[#6](-[H])(-[H])-[#16]-[#6:16])-[#8]-[#6@@]-1(-[H])-[#7]1:[#6](-[H]):[#7]:[#6]2:[#6](-[#7](-[H])-[H]):[#7]:[#6](-[H]):[#7]:[#6]:1:2>>[H]-[#8]-[#6@@](-[H])(-[#6](-[H])(-[H])-[#6](-[H])=[#6](-[H])-[#6](-[H])(-[H])-[#6](-[H])(-[H])-[#6](-[H])(-[H])-[#6](-[H])(-[H])-[#6](-[H])(-[H])-[#6](-[H])(-[H])-[#6](-[H])(-[H])-[#6](-[H])(-[H])-[#8]-[#6:16])-[#6](-[H])(-[H])-[#6](-[H])(-[H])-[#6](-[H])(-[H])-[#6](-[H])(-[H])-[#6](-[H])(-[H])-[#6](-[H])(-[H])-[H],"EVODEX.1-P1887,EVODEX.1-P1958,EVODEX.1-P1977,EVODEX.1-P1992,EVODEX.1-P1998",99349821859133321039978430920988021295299546233418529773655320872825405643772
EVODEX.1-C346,[#6:44]-[#16:46]>>[H]-[#6](-[H])(-[H])-[#6](-[H])(-[H])-[#6](-[H])(-[H])-[#6](-[H])(-[H])-[#6](-[H])(-[H])-[#6](-[H])(-[H])-[#6](-[H])(-[H])-[#6](-[H])(-[H])-[#6](-[H])(-[H])-[#6](-[H])(-[H])-[#6](-[H])(-[H])-[#6](-[H])(-[H])-[#6](-[H])(-[H])-[#6](-[H])(-[H])-[#6](-[H])(-[H])-[#6](-[H])(-[H])-[#6](-[H])(-[H])-[#6](-[H])(-[H])-[#6](-[H])(-[H])-[#6](-[H])(-[H])-[#6](-[H])(-[H])-[#6](-[H])(-[H])-[#6](-[H])(-[H])-[#6](-[H])(-[H])-[#8]-[#6:44].[H]-[#16:46],"EVODEX.1-P1888,EVODEX.1-P1909,EVODEX.1-P1978,EVODEX.1-P1986,EVODEX.1-P2017",20787231368082038124323415860151977460208734470193866261474600151198943021078
EVODEX.1-C347,[H]-[#8]-[#6@]1(-[H])-[#6@](-[H])(-[#8]-[#15](=[#8])(-[#8]-[H])-[#8]-[H])-[#6@@](-[H])(-[#6](-[H])(-[H])-[#8]-[#15](=[#8])(-[#8]-[H])-[#8]-[#15](=[#8])(-[#8]-[H])-[#8]-[#6](-[H])(-[H])-[#6](-[#6](-[H])(-[H])-[H])(-[#6](-[H])(-[H])-[H])-[#6@@](-[H])(-[#8]-[H])-[#6](=[#8])-[#7](-[H])-[#6](-[H])(-[H])-[#6](-[H])(-[H])-[#6](=[#8])-[#7](-[H])-[#6](-[H])(-[H])-[#6](-[H])(-[H])-[#16]-[#6:18])-[#8]-[#6@@]-1(-[H])-[#7]1:[#6](-[H]):[#7]:[#6]2:[#6](-[#7](-[H])-[H]):[#7]:[#6](-[H]):[#7]:[#6]:1:2>>[H]-[#6](-[H])(-[H])-[#6](-[H])(-[H])-[#6](-[H])(-[H])-[#6](-[H])(-[H])-[#6](-[H])(-[H])-[#6](-[H])(-[H])-[#6](-[H])(-[H])-[#6](-[H])(-[H])-[#6](-[H])(-[H])-[#6](-[H])(-[H])-[#6](-[H])(-[H])-[#6](-[H])(-[H])-[#6](-[H])(-[H])-[#6](-[H])(-[H])-[#6](-[H])(-[H])-[#6](-[H])(-[H])-[#6](-[H])(-[H])-[#6](-[H])(-[H])-[#6](-[H])(-[H])-[#6](-[H])(-[H])-[#6](-[H])(-[H])-[#6](-[H])(-[H])-[#8]-[#6:18],"EVODEX.1-P1892,EVODEX.1-P1924,EVODEX.1-P1962,EVODEX.1-P1980,EVODEX.1-P1987",94423804764616905042682937103947447869686729120958770325581246788618755399162
EVODEX.1-C348,[#6:42]-[#16:44]>>[H]-[#6](-[H])(-[H])-[#6](-[H])(-[H])-[#6](-[H])(-[H])-[#6](-[H])(-[H])-[#6](-[H])(-[H])-[#6](-[H])(-[H])-[#6](-[H])(-[H])-[#6](-[H])(-[H])-[#6](-[H])(-[H])-[#6](-[H])(-[H])-[#6](-[H])(-[H])-[#6](-[H])(-[H])-[#6](-[H])(-[H])-[#6](-[H])(-[H])-[#6](-[H])(-[H])-[#6](-[H])(-[H])-[#6](-[H])(-[H])-[#6](-[H])(-[H])-[#6](-[H])(-[H])-[#6](-[H])(-[H])-[#6](-[H])(-[H])-[#6](-[H])(-[H])-[#8]-[#6:42].[H]-[#16:44],"EVODEX.1-P1893,EVODEX.1-P1925,EVODEX.1-P1959,EVODEX.1-P1993,EVODEX.1-P2003",721475411086585344160316478829508059108841089732894759146904157969794546828
EVODEX.1-C349,[H]-[#8]-[#6@]1(-[H])-[#6@](-[H])(-[#8]-[#15](=[#8])(-[#8]-[H])-[#8]-[H])-[#6@@](-[H])(-[#6](-[H])(-[H])-[#8]-[#15](=[#8])(-[#8]-[H])-[#8]-[#15](=[#8])(-[#8]-[H])-[#8]-[#6](-[H])(-[H])-[#6](-[#6](-[H])(-[H])-[H])(-[#6](-[H])(-[H])-[H])-[#6@@](-[H])(-[#8]-[H])-[#6](=[#8])-[#7](-[H])-[#6](-[H])(-[H])-[#6](-[H])(-[H])-[#6](=[#8])-[#7](-[H])-[#6](-[H])(-[H])-[#6](-[H])(-[H])-[#16]-[#6:14])-[#8]-[#6@@]-1(-[H])-[#7]1:[#6](-[H]):[#7]:[#6]2:[#6](-[#7](-[H])-[H]):[#7]:[#6](-[H]):[#7]:[#6]:1:2>>[H]-[#6](-[#8]-[#6:14])=[#6](-[H])-[#6](-[H])(-[H])-[#6](-[H])(-[H])-[#6](-[H])(-[H])-[#6](-[H])(-[H])-[#6](-[H])(-[H])-[#6](-[H])(-[H])-[#6](-[H])(-[H])-[#6](-[H])(-[H])-[#6](-[H])(-[H])-[#6](-[H])(-[H])-[#6](-[H])(-[H])-[#6](-[H])(-[H])-[#6](-[H])(-[H])-[#6](-[H])(-[H])-[#6](-[H])(-[H])-[#6](-[H])(-[H])-[#6](-[H])(-[H])-[#6](-[H])(-[H])-[#6](-[H])(-[H])-[#6](-[H])(-[H])-[H],"EVODEX.1-P1895,EVODEX.1-P1927,EVODEX.1-P2004,EVODEX.1-P2020,EVODEX.1-P2044",82439731434333977068022202275535421009127325482947898285922023033532019603496
EVODEX.1-C350,[#6:40]-[#16:42]>>[H]-[#6](-[H])(-[H])-[#6](-[H])(-[H])-[#6](-[H])(-[H])-[#6](-[H])(-[H])-[#6](-[H])(-[H])-[#6](-[H])(-[H])-[#6](-[H])(-[H])-[#6](-[H])(-[H])-[#6](-[H])(-[H])-[#6](-[H])(-[H])-[#6](-[H])(-[H])-[#6](-[H])(-[H])-[#6](-[H])(-[H])-[#6](-[H])(-[H])-[#6](-[H])(-[H])-[#6](-[H])(-[H])-[#6](-[H])(-[H])-[#6](-[H])(-[H])-[#6](-[H])(-[H])-[#6](-[H])(-[H])-[#8]-[#6:40].[H]-[#16:42],"EVODEX.1-P1897,EVODEX.1-P1930,EVODEX.1-P1982,EVODEX.1-P1995,EVODEX.1-P2008",80743874292263124512538005448093678313180251603645951036410976902593467369869
EVODEX.1-C351,[H]-[#8]-[#6@]1(-[H])-[#6@](-[H])(-[#8]-[#15](=[#8])(-[#8]-[H])-[#8]-[H])-[#6@@](-[H])(-[#6](-[H])(-[H])-[#8]-[#15](=[#8])(-[#8]-[H])-[#8]-[#15](=[#8])(-[#8]-[H])-[#8]-[#6](-[H])(-[H])-[#6](-[#6](-[H])(-[H])-[H])(-[#6](-[H])(-[H])-[H])-[#6@@](-[H])(-[#8]-[H])-[#6](=[#8])-[#7](-[H])-[#6](-[H])(-[H])-[#6](-[H])(-[H])-[#6](=[#8])-[#7](-[H])-[#6](-[H])(-[H])-[#6](-[H])(-[H])-[#16]-[#6:33])-[#8]-[#6@@]-1(-[H])-[#7]1:[#6](-[H]):[#7]:[#6]2:[#6](-[#7](-[H])-[H]):[#7]:[#6](-[H]):[#7]:[#6]:1:2>>[H]-[#6](-[#8]-[#6:33])=[#6](-[H])-[#6](-[H])(-[H])-[#6](-[H])(-[H])-[#6](-[H])(-[H])-[#6](-[H])(-[H])-[#6](-[H])(-[H])-[#6](-[H])(-[H])-[#6](-[H])(-[H])-[#6](-[H])(-[H])-[#6](-[H])(-[H])-[#6](-[H])(-[H])-[#6](-[H])(-[H])-[#6](-[H])(-[H])-[#6](-[H])(-[H])-[#6](-[H])(-[H])-[H],"EVODEX.1-P1899,EVODEX.1-P1970,EVODEX.1-P1989,EVODEX.1-P2026,EVODEX.1-P2050",51251263613321390387563028415203475533327179740495477491805631790856146087113
EVODEX.1-C352,[#6:14]-[#16:16]>>[H]-[#6](-[H])(-[H])-[#6](-[H])(-[H])-[#6](-[H])(-[H])-[#6](-[H])(-[H])-[#6](-[H])(-[H])-[#6](-[H])(-[H])-[#6](-[H])(-[H])-[#6](-[H])(-[H])-[#6](-[H])(-[H])-[#6](-[H])(-[H])-[#6](-[H])(-[H])-[#6](-[H])(-[H])-[#6](-[H])(-[H])-[#6](-[H])(-[H])-[#6](-[H])(-[H])-[#6](-[H])(-[H])-[#6](-[H])(-[H])-[#6](-[H])(-[H])-[#8]-[#6:14].[H]-[#16:16],"EVODEX.1-P1901,EVODEX.1-P1937,EVODEX.1-P1955,EVODEX.1-P2029,EVODEX.1-P2046",83133137654781509733697804409225428914133895053917839335941386685481435403028
EVODEX.1-C353,[#6:14]-[#16:16]>>[H]-[#6](-[#8]-[#6:14])=[#6](-[H])-[#6](-[H])(-[H])-[#6](-[H])(-[H])-[#6](-[H])(-[H])-[#6](-[H])(-[H])-[#6](-[H])(-[H])-[#6](-[H])(-[H])-[#6](-[H])(-[H])-[#6](-[H])(-[H])-[#6](-[H])(-[H])-[#6](-[H])(-[H])-[#6](-[H])(-[H])-[#6](-[H])(-[H])-[#6](-[H])(-[H])-[#6](-[H])(-[H])-[#6](-[H])(-[H])-[#6](-[H])(-[H])-[H].[H]-[#16:16],"EVODEX.1-P1904,EVODEX.1-P1975,EVODEX.1-P2013,EVODEX.1-P2031,EVODEX.1-P2047",11006042775601120163855413874651276415834891139782572199548574275561779333138
EVODEX.1-C354,[H]-[#8]-[#6@]1(-[H])-[#6@](-[H])(-[#8]-[#15](=[#8])(-[#8]-[H])-[#8]-[H])-[#6@@](-[H])(-[#6](-[H])(-[H])-[#8]-[#15](=[#8])(-[#8]-[H])-[#8]-[#15](=[#8])(-[#8]-[H])-[#8]-[#6](-[H])(-[H])-[#6](-[#6](-[H])(-[H])-[H])(-[#6](-[H])(-[H])-[H])-[#6@@](-[H])(-[#8]-[H])-[#6](=[#8])-[#7](-[H])-[#6](-[H])(-[H])-[#6](-[H])(-[H])-[#6](=[#8])-[#7](-[H])-[#6](-[H])(-[H])-[#6](-[H])(-[H])-[#16]-[#6:37])-[#8]-[#6@@]-1(-[H])-[#7]1:[#6](-[H]):[#7]:[#6]2:[#6](-[#7](-[H])-[H]):[#7]:[#6](-[H]):[#7]:[#6]:1:2>>[H]-[#6](=[#6](-[#6](-[H])(-[H])-[H])-[#6](-[H])(-[H])-[#6](-[H])(-[H])-[#6](-[H])(-[H])-[#6@](-[H])(-[#6](-[H])(-[H])-[H])-[#6](-[H])(-[H])-[#6](-[H])(-[H])-[#6](-[H])(-[H])-[#6@](-[H])(-[#6](-[H])(-[H])-[H])-[#6](-[H])(-[H])-[#6](-[H])(-[H])-[#6](-[H])(-[H])-[#6](-[H])(-[#6](-[H])(-[H])-[H])-[#6](-[H])(-[H])-[H])-[#6](-[H])(-[H])-[#8]-[#6:37],"EVODEX.1-P1905,EVODEX.1-P1940,EVODEX.1-P1956,EVODEX.1-P2032,EVODEX.1-P2055",52010261804133599438745952254940867751372502038531444864103031494363282837724
EVODEX.1-C355,[#6:37]-[#16:39]>>[H]-[#6](=[#6](-[#6](-[H])(-[H])-[H])-[#6](-[H])(-[H])-[#6](-[H])(-[H])-[#6](-[H])(-[H])-[#6@](-[H])(-[#6](-[H])(-[H])-[H])-[#6](-[H])(-[H])-[#6](-[H])(-[H])-[#6](-[H])(-[H])-[#6@](-[H])(-[#6](-[H])(-[H])-[H])-[#6](-[H])(-[H])-[#6](-[H])(-[H])-[#6](-[H])(-[H])-[#6](-[H])(-[#6](-[H])(-[H])-[H])-[#6](-[H])(-[H])-[H])-[#6](-[H])(-[H])-[#8]-[#6:37].[H]-[#16:39],"EVODEX.1-P1906,EVODEX.1-P1957,EVODEX.1-P1976,EVODEX.1-P2033,EVODEX.1-P2056",62495063455067164347048441983821581795425248450366041899951386132488439722874
EVODEX.1-C356,[#6:18]-[#16:20]>>[H]-[#8]-[#6@@](-[H])(-[#6](-[H])(-[H])-[#6](-[H])=[#6](-[H])-[#6](-[H])(-[H])-[#6](-[H])(-[H])-[#6](-[H])(-[H])-[#6](-[H])(-[H])-[#6](-[H])(-[H])-[#6](-[H])(-[H])-[#6](-[H])(-[H])-[#6](-[H])(-[H])-[#8]-[#6:18])-[#6](-[H])(-[H])-[#6](-[H])(-[H])-[#6](-[H])(-[H])-[#6](-[H])(-[H])-[#6](-[H])(-[H])-[#6](-[H])(-[H])-[H].[H]-[#16:20],"EVODEX.1-P1907,EVODEX.1-P1941,EVODEX.1-P1999,EVODEX.1-P2014,EVODEX.1-P2034",58191616797387352188737682110113578018264286479276280347815018347626936143915
EVODEX.1-C357,[H]-[#8]-[#6@]1(-[H])-[#6@](-[H])(-[#8]-[#15](=[#8])(-[#8]-[H])-[#8]-[H])-[#6@@](-[H])(-[#6](-[H])(-[H])-[#8]-[#15](=[#8])(-[#8]-[H])-[#8]-[#15](=[#8])(-[#8]-[H])-[#8]-[#6](-[H])(-[H])-[#6](-[#6](-[H])(-[H])-[H])(-[#6](-[H])(-[H])-[H])-[#6@@](-[H])(-[#8]-[H])-[#6](=[#8])-[#7](-[H])-[#6](-[H])(-[H])-[#6](-[H])(-[H])-[#6](=[#8])-[#7](-[H])-[#6](-[H])(-[H])-[#6](-[H])(-[H])-[#16]-[#6:18])-[#8]-[#6@@]-1(-[H])-[#7]1:[#6](-[H]):[#7]:[#6]2:[#6](-[#7](-[H])-[H]):[#7]:[#6](-[H]):[#7]:[#6]:1:2>>[H]-[#6](-[H])(-[H])-[#6](-[H])(-[H])-[#6](-[H])(-[H])-[#6](-[H])(-[H])-[#6](-[H])(-[H])-[#6](-[H])(-[H])-[#6](-[H])(-[H])-[#6](-[H])(-[H])-[#6](-[H])(-[H])-[#6](-[H])(-[H])-[#6](-[H])(-[H])-[#6](-[H])(-[H])-[#6](-[H])(-[H])-[#6](-[H])(-[H])-[#6](-[H])(-[H])-[#6](-[H])(-[H])-[#6](-[H])(-[H])-[#6](-[H])(-[H])-[#6](-[H])(-[H])-[#6](-[H])(-[H])-[#6](-[H])(-[H])-[#6](-[H])(-[H])-[#6](-[H])(-[H])-[#6](-[H])(-[H])-[#8]-[#6:18],"EVODEX.1-P1908,EVODEX.1-P1985,EVODEX.1-P2000,EVODEX.1-P2015,EVODEX.1-P2035",83282855519533530595719313434177735887641380880351835776185853090145550261940
EVODEX.1-C358,[H]-[#8:90]>>[H]-[#6](=[#6](-[H])-[#6](-[H])(-[H])-[#6](-[H])(-[H])-[#6](-[H])(-[H])-[#6](-[H])(-[H])-[#6](-[H])(-[H])-[#6](-[H])(-[H])-[#6](-[H])(-[H])-[#6](-[H])(-[H])-[#6](-[H])(-[H])-[#6](-[H])(-[H])-[#6](-[H])(-[H])-[#6](=[#8])-[#8:90])-[#6](-[H])(-[H])-[#6](-[H])(-[H])-[#6](-[H])(-[H])-[#6](-[H])(-[H])-[#6](-[H])(-[H])-[#6](-[H])(-[H])-[#6](-[H])(-[H])-[#6](-[H])(-[H])-[H],"EVODEX.1-P1922,EVODEX.1-P1926,EVODEX.1-P1929,EVODEX.1-P1933,EVODEX.1-P1939",58038504152876689026569051551763438387217479757263990154693814799917430675338
EVODEX.1-C359,[#6:14]-[#16:16]>>[H]-[#6](-[#8]-[#6:14])=[#6](-[H])-[#6](-[H])(-[H])-[#6](-[H])(-[H])-[#6](-[H])(-[H])-[#6](-[H])(-[H])-[#6](-[H])(-[H])-[#6](-[H])(-[H])-[#6](-[H])(-[H])-[#6](-[H])(-[H])-[#6](-[H])(-[H])-[#6](-[H])(-[H])-[#6](-[H])(-[H])-[#6](-[H])(-[H])-[#6](-[H])(-[H])-[#6](-[H])(-[H])-[#6](-[H])(-[H])-[#6](-[H])(-[H])-[#6](-[H])(-[H])-[#6](-[H])(-[H])-[#6](-[H])(-[H])-[#6](-[H])(-[H])-[H].[H]-[#16:16],"EVODEX.1-P1928,EVODEX.1-P1945,EVODEX.1-P1963,EVODEX.1-P2021,EVODEX.1-P2045",18474752806125486675866547653109733727354524502960788134971313188513787984207
EVODEX.1-C360,[H]-[#8]-[#6@]1(-[H])-[#6@](-[H])(-[#8]-[#15](=[#8])(-[#8]-[H])-[#8]-[H])-[#6@@](-[H])(-[#6](-[H])(-[H])-[#8]-[#15](=[#8])(-[#8]-[H])-[#8]-[#15](=[#8])(-[#8]-[H])-[#8]-[#6](-[H])(-[H])-[#6](-[#6](-[H])(-[H])-[H])(-[#6](-[H])(-[H])-[H])-[#6@@](-[H])(-[#8]-[H])-[#6](=[#8])-[#7](-[H])-[#6](-[H])(-[H])-[#6](-[H])(-[H])-[#6](=[#8])-[#7](-[H])-[#6](-[H])(-[H])-[#6](-[H])(-[H])-[#16]-[#6:18])-[#8]-[#6@@]-1(-[H])-[#7]1:[#6](-[H]):[#7]:[#6]2:[#6](-[#7](-[H])-[H]):[#7]:[#6](-[H]):[#7]:[#6]:1:2>>[H]-[#6](-[#8]-[#6:18])=[#6](-[H])-[#6](-[H])(-[H])-[#6](-[H])(-[H])-[#6](-[H])(-[H])-[#6](-[H])(-[H])-[#6](-[H])(-[H])-[#6](-[H])(-[H])-[#6](-[H])(-[H])-[#6](-[H])(-[H])-[#6](-[H])(-[H])-[#6](-[H])(-[H])-[#6](-[H])(-[H])-[#6](-[H])(-[H])-[#6](-[H])(-[H])-[#6](-[H])(-[H])-[#6](-[H])(-[H])-[#6](-[H])(-[H])-[#6](-[H])(-[H])-[#6](-[H])(-[H])-[H],"EVODEX.1-P1931,EVODEX.1-P1949,EVODEX.1-P1966,EVODEX.1-P2009,EVODEX.1-P2025",107859923665162452522417211845380211709931893498892563506546080889673431575103
EVODEX.1-C361,[#6:35]-[#16:37]>>[H]-[#6](=[#6](-[H])-[#6](-[H])(-[H])-[#6](-[H])(-[H])-[#6](-[H])(-[H])-[#6](-[H])(-[H])-[#6](-[H])(-[H])-[H])-[#6](-[H])(-[H])-[#6](-[H])=[#6](-[H])-[#6](-[H])(-[H])-[#6](-[H])(-[H])-[#6](-[H])(-[H])-[#6](-[H])(-[H])-[#6](-[H])(-[H])-[#6](-[H])(-[H])-[#6](-[H])(-[H])-[#6](-[H])(-[H])-[#8]-[#6:35].[H]-[#16:37],"EVODEX.1-P1935,EVODEX.1-P1961,EVODEX.1-P1984,EVODEX.1-P1991,EVODEX.1-P1996",94977330175182007415690931112014186978981649579745420789206220974157481223484
EVODEX.1-C362,[H]-[#8]-[#6@]1(-[H])-[#6@](-[H])(-[#8]-[#15](=[#8])(-[#8]-[H])-[#8]-[H])-[#6@@](-[H])(-[#6](-[H])(-[H])-[#8]-[#15](=[#8])(-[#8]-[H])-[#8]-[#15](=[#8])(-[#8]-[H])-[#8]-[#6](-[H])(-[H])-[#6](-[#6](-[H])(-[H])-[H])(-[#6](-[H])(-[H])-[H])-[#6@@](-[H])(-[#8]-[H])-[#6](=[#8])-[#7](-[H])-[#6](-[H])(-[H])-[#6](-[H])(-[H])-[#6](=[#8])-[#7](-[H])-[#6](-[H])(-[H])-[#6](-[H])(-[H])-[#16]-[#6:18])-[#8]-[#6@@]-1(-[H])-[#7]1:[#6](-[H]):[#7]:[#6]2:[#6](-[#7](-[H])-[H]):[#7]:[#6](-[H]):[#7]:[#6]:1:2>>[H]-[#6](-[H])(-[H])-[#6](-[H])(-[H])-[#6](-[H])(-[H])-[#6](-[H])(-[H])-[#6](-[H])(-[H])-[#6](-[H])(-[H])-[#6](-[H])(-[H])-[#6](-[H])(-[H])-[#6](-[H])(-[H])-[#6](-[H])(-[H])-[#6](-[H])(-[H])-[#6](-[H])(-[H])-[#6](-[H])(-[H])-[#6](-[H])(-[H])-[#6](-[H])(-[H])-[#6](-[H])(-[H])-[#6](-[H])(-[H])-[#6](-[H])(-[H])-[#8]-[#6:18],"EVODEX.1-P1936,EVODEX.1-P1954,EVODEX.1-P1972,EVODEX.1-P2012,EVODEX.1-P2028",79995585031134358264926186782434465362700732397365540117780134438228759977752
EVODEX.1-C363,[H]-[#8]-[#6@]1(-[H])-[#6@](-[H])(-[#8]-[#15](=[#8])(-[#8]-[H])-[#8]-[H])-[#6@@](-[H])(-[#6](-[H])(-[H])-[#8]-[#15](=[#8])(-[#8]-[H])-[#8]-[#15](=[#8])(-[#8]-[H])-[#8]-[#6](-[H])(-[H])-[#6](-[#6](-[H])(-[H])-[H])(-[#6](-[H])(-[H])-[H])-[#6@@](-[H])(-[#8]-[H])-[#6](=[#8])-[#7](-[H])-[#6](-[H])(-[H])-[#6](-[H])(-[H])-[#6](=[#8])-[#7](-[H])-[#6](-[H])(-[H])-[#6](-[H])(-[H])-[#16]-[#6:40])-[#8]-[#6@@]-1(-[H])-[#7]1:[#6](-[H]):[#7]:[#6]2:[#6](-[#7](-[H])-[H]):[#7]:[#6](-[H]):[#7]:[#6]:1:2>>[H]-[#6](-[H])(-[H])-[#6](-[H])(-[H])-[#6](-[H])(-[H])-[#6](-[H])(-[H])-[#6](-[H])(-[H])-[#6](-[H])(-[H])-[#6](-[H])(-[H])-[#6](-[H])(-[H])-[#6](-[H])(-[H])-[#6](-[H])(-[H])-[#6](-[H])(-[H])-[#6](-[H])(-[H])-[#6](-[H])(-[H])-[#6](-[H])(-[H])-[#6](-[H])(-[H])-[#6](-[H])(-[H])-[#6](-[H])(-[H])-[#6](-[H])(-[H])-[#6](-[H])(-[H])-[#6](-[H])(-[H])-[#8]-[#6:40],"EVODEX.1-P1948,EVODEX.1-P1965,EVODEX.1-P1981,EVODEX.1-P1994,EVODEX.1-P2006",104262779854068441230849839827221672182928272125127421622707340451264253304405
EVODEX.1-C364,[H]-[#8:25]>>[H]-[#8]-[#6@@](-[H])(-[#6](-[H])(-[H])-[#6](-[H])=[#6](-[H])-[#6](-[H])(-[H])-[#6](-[H])(-[H])-[#6](-[H])(-[H])-[#6](-[H])(-[H])-[#6](-[H])(-[H])-[#6](-[H])(-[H])-[#6](-[H])(-[H])-[#6](=[#8])-[#8:25])-[#6](-[H])(-[H])-[#6](-[H])(-[H])-[#6](-[H])(-[H])-[#6](-[H])(-[H])-[#6](-[H])(-[H])-[#6](-[H])(-[H])-[H],"EVODEX.1-P2002,EVODEX.1-P2005,EVODEX.1-P2007,EVODEX.1-P2011,EVODEX.1-P2016",107186962812958535737204296122826886172442258902921975408290329133496346528216
EVODEX.1-C365,[H]-[#6](-[H])(-[H])-[#6](=[#8])-[#6:4]>>[H]-[#6:4],"EVODEX.1-P2077,EVODEX.1-P2080,EVODEX.1-P6037,EVODEX.1-P6071,EVODEX.1-P6073",97477498536049341286568599586627598192534277806806489300057132278315265600448
EVODEX.1-C366,[H]-[#8:17]>>[H]-[#8]-[#6]1:[#6](-[#8]-[#6](-[H])(-[H])-[H]):[#6](-[H]):[#6](-[#6](-[H])=[#6](-[H])-[#6](=[#8])-[#8:17]):[#6](-[H]):[#6]:1-[#8]-[#6](-[H])(-[H])-[H],"EVODEX.1-P2091,EVODEX.1-P2096,EVODEX.1-P2098,EVODEX.1-P4114,EVODEX.1-P4123",49862954513848770749734548473094766457987590129824220390338207249849125491560
EVODEX.1-C367,[H]-[#7:5]>>[H]-[#8]-[#6](=[#8])-[#6@@](-[H])(-[#7](-[H])-[H])-[#6](-[H])(-[H])-[#6](-[H])(-[H])-[#6](=[#8])-[#7:5],"EVODEX.1-P2125,EVODEX.1-P2134,EVODEX.1-P2135,EVODEX.1-P2137,EVODEX.1-P7065",77446162171796907418172979477248067948970296210875221258105264481338501918071
EVODEX.1-C368,[H]-[#8]-[#6](=[#8])-[#6@@](-[H])(-[#7](-[H])-[H])-[#6](-[H])(-[H])-[#6](-[H])(-[H])-[#6](=[#8])-[#7:7]>>[H]-[#7:7],"EVODEX.1-P2128,EVODEX.1-P4972,EVODEX.1-P6538,EVODEX.1-P6539,EVODEX.1-P6542",45325765275879056527741347994070232179464155203531272874922309529637823885337
EVODEX.1-C369,[H]-[#7:6]>>[H]-[#7](-[H])-[#6](-[H])(-[H])-[#6](=[#8])-[#7:6],"EVODEX.1-P2141,EVODEX.1-P4844,EVODEX.1-P5408,EVODEX.1-P5409,EVODEX.1-P7542",8748607106084470814356209413913144705556314738470535386985784838906563114624
EVODEX.1-C370,([H]-[#7:12]-[#6@:11].[#6:15]-[#7:16].[#6@@:2])>>([#7:12](-[#6@@:11])-[#6:15].[#6@:2]).[H]-[#7:16],"EVODEX.1-P2145,EVODEX.1-P2149,EVODEX.1-P2154,EVODEX.1-P2157,EVODEX.1-P2160",4914757179858591730020213903088912650795494570589742124515865043227546839459
EVODEX.1-C371,[#6:56]=[#8:57].[H]-[#8:61]>>[H]-[#6](-[H])(-[#6](=[#8])-[#8:61])-[#6:56]-[#8:57]-[H],"EVODEX.1-P2170,EVODEX.1-P2175,EVODEX.1-P2187,EVODEX.1-P2194,EVODEX.1-P2200",21405050838530996282593880200538723681125202047366151949496440038608475743665
EVODEX.1-C372,[#6:61]=[#8:62]>>[H]-[#8]-[#6](=[#8])-[#6](-[H])(-[H])-[#6:61]-[#8:62]-[H],"EVODEX.1-P2173,EVODEX.1-P2176,EVODEX.1-P2192,EVODEX.1-P2199,EVODEX.1-P2202",34719210840571571729273573297409202820927792195392508641018250812658292753315
EVODEX.1-C373,[H]-[#8]-[#6](-[H])(-[H])-[#6@@]1(-[H])-[#8]-[#6@](-[H])(-[#8:14])-[#6@](-[H])(-[#8]-[H])-[#6@@](-[H])(-[#8]-[H])-[#6@]-1(-[H])-[#8]-[#6@@]1(-[H])-[#8]-[#6@](-[H])(-[#6](-[H])(-[H])-[#8]-[H])-[#6@@](-[H])(-[#8]-[H])-[#6@](-[H])(-[#8]-[H])-[#6@@]-1(-[H])-[#8]-[H]>>[H]-[#8:14],"EVODEX.1-P2227,EVODEX.1-P2230,EVODEX.1-P2232,EVODEX.1-P4412,EVODEX.1-P4509",25900605693460402596296965587487366389596294668508550142734930183291272516382
EVODEX.1-C374,[#8:11]-[#6@:10]-[#6@@:64]-[#6@:66]-[#6@@:68]>>[H]-[#8]-[#15](=[#8])(-[#8]-[H])-[#8]-[#6@@:10]-[#6@:64]-[#6@@:66]-[#6@:68].[H]-[#8:11],"EVODEX.1-P2228,EVODEX.1-P2234,EVODEX.1-P2383,EVODEX.1-P2396,EVODEX.1-P2399",21419852630139564011162493931250409395465002432571039516162549321080070408094
EVODEX.1-C375,[H]-[#8:7]>>[H]-[#8]-[#6](-[H])(-[H])-[#6@@]1(-[#8:7])-[#8]-[#6@](-[H])(-[#6](-[H])(-[H])-[#8]-[H])-[#6@@](-[H])(-[#8]-[H])-[#6@]-1(-[H])-[#8]-[H],"EVODEX.1-P2239,EVODEX.1-P2289,EVODEX.1-P2290,EVODEX.1-P2292,EVODEX.1-P2493",83639827612020218310291201627562763593752152589229727114890257466508204881118
EVODEX.1-C376,[H]-[#8]-[#6](-[H])(-[H])-[#6@@]1(-[H])-[#8]-[#6@@](-[H])(-[#8]-[#6@@]2(-[H])-[#6@@](-[H])(-[#8]-[H])-[#6@@](-[H])(-[#6](-[H])(-[H])-[#8]-[H])-[#8]-[#6@](-[H])(-[#8:7])-[#6@]-2(-[H])-[#7](-[H])-[#6](=[#8])-[#6](-[H])(-[H])-[H])-[#6@](-[H])(-[#8]-[H])-[#6@@](-[H])(-[#8]-[H])-[#6@@]-1(-[H])-[#8]-[H]>>[H]-[#8:7],"EVODEX.1-P2242,EVODEX.1-P4350,EVODEX.1-P4351,EVODEX.1-P4536,EVODEX.1-P4538",51887632508712383789195504775840043811696348791743712362912217190685483651044
EVODEX.1-C377,([H]-[#8]-[#6@@]1(-[H])-[#6@@](-[H])(-[#8]-[H])-[#6@](-[H])(-[#7]2:[#6](-[H]):[#6](-[H]):[#6](=[#8]):[#7](-[H]):[#6]:2=[#8])-[#8]-[#6@]-1(-[H])-[#6](-[H])(-[H])-[#8]-[#15](=[#8])(-[#8]-[H])-[#8]-[#15](=[#8])(-[#8]-[H])-[#8]-[#6@:6].[#6@:38]-[#6@@:36]-[#6@:33]).[H]-[#8:42]>>([#8:42]-[#6@:6].[#6@@:33]-[#6@:36]-[#6@@:38]),"EVODEX.1-P2277,EVODEX.1-P2287,EVODEX.1-P2440,EVODEX.1-P2457,EVODEX.1-P3647",13594416879280173458066186560993401936897599610644143991702026256137623073268
EVODEX.1-C378,[H]-[#8:15]>>[H]-[#8]-[#6]1(-[H])-[#6](-[H])(-[#8]-[H])-[#6@](-[H])(-[#8]-[H])-[#6](-[H])(-[#8:15])-[#8]-[#6@@]-1(-[H])-[#6](-[H])(-[H])-[H],"EVODEX.1-P2281,EVODEX.1-P2283,EVODEX.1-P2359,EVODEX.1-P2427,EVODEX.1-P4500",58149199673781185740114913211699213812657985153708921359790787042968004936886
EVODEX.1-C379,[H]-[#8:52]>>[H]-[#8]-[#6](=[#8])-[#6@@]1(-[H])-[#8]-[#6@@](-[H])(-[#8:52])-[#6@](-[H])(-[#8]-[H])-[#6@@](-[H])(-[#8]-[H])-[#6@]-1(-[H])-[#8]-[H],"EVODEX.1-P2300,EVODEX.1-P2304,EVODEX.1-P2309,EVODEX.1-P2311,EVODEX.1-P2372",78850390217836975982711195126026220964602484487331123113474756568874455820654
EVODEX.1-C380,[H]-[#8]-[#6](=[#8])-[#6@@]1(-[H])-[#8]-[#6@](-[H])(-[#8:8])-[#6@](-[H])(-[#8]-[H])-[#6@@](-[H])(-[#8]-[H])-[#6@@]-1(-[H])-[#8]-[H]>>[H]-[#8:8],"EVODEX.1-P2306,EVODEX.1-P4475,EVODEX.1-P4476,EVODEX.1-P4527,EVODEX.1-P4528",84913519048543633545286304599936972957392892971377645523117227805264660331169
EVODEX.1-C381,[H]-[#16:48].([#8:67]-[#6:68].[#6@:77]-[#6@:79])>>[#16:48]-[#6:68].([H]-[#8:67].[#6@@:79]-[#6@@:77]),"EVODEX.1-P2326,EVODEX.1-P2328,EVODEX.1-P2330,EVODEX.1-P2333,EVODEX.1-P6888",34310566670796790568104664911654425770334500722360455450552910361304227596226
EVODEX.1-C382,[H]-[#16:7].[H]-[#8]-[#6@@]1(-[H])-[#6@@](-[H])(-[#8]-[H])-[#6@](-[H])(-[#7]2:[#6](-[H]):[#6](-[H]):[#6](=[#8]):[#7](-[H]):[#6]:2=[#8])-[#8]-[#6@]-1(-[H])-[#6](-[H])(-[H])-[#8]-[#15](=[#8])(-[#8]-[H])-[#8]-[#15](=[#8])(-[#8]-[H])-[#8]-[#6@@:28]>>[#16:7]-[#6@@:28],"EVODEX.1-P2327,EVODEX.1-P2329,EVODEX.1-P2331,EVODEX.1-P2335,EVODEX.1-P2337",63974371228756592735594074562773205918467325256365426661170336590218717721069
EVODEX.1-C383,[H]-[#16:40]>>[H]-[#8]-[#6](-[H])(-[H])-[#6@@]1(-[H])-[#8]-[#6@](-[H])(-[#16:40])-[#6@](-[H])(-[#8]-[H])-[#6@@](-[H])(-[#8]-[H])-[#6@]-1(-[H])-[#8]-[H],"EVODEX.1-P2332,EVODEX.1-P2334,EVODEX.1-P2336,EVODEX.1-P2338,EVODEX.1-P2339",19277984115017449844104860951964640884087246519103366265648511842916858857189
EVODEX.1-C384,[H]-[#8]-[#6]1:[#6](-[H]):[#6](-[H]):[#6](-[#6](=[#8])-[#8]-[#6@:9]):[#6](-[H]):[#6]:1-[#8]-[#6](-[H])(-[H])-[H].[H]-[#8:37]>>[#8:37]-[#6@:9],"EVODEX.1-P2390,EVODEX.1-P2391,EVODEX.1-P2406,EVODEX.1-P2408,EVODEX.1-P2410",51135293681685452690087827010278189603694819404404840766573303215441939422704
EVODEX.1-C385,[H]-[#8]-[#6](-[H])(-[H])-[#6@@]1(-[#8]-[#6@@:9])-[#8]-[#6@](-[H])(-[#6](-[H])(-[H])-[#8]-[H])-[#6@@](-[H])(-[#8]-[H])-[#6@]-1(-[H])-[#8]-[H].[H]-[#8:34]>>[#8:34]-[#6@@:9],"EVODEX.1-P2449,EVODEX.1-P2451,EVODEX.1-P2460,EVODEX.1-P2463,EVODEX.1-P2468",41242783020850623414257096406538995994809192786456260304867926807706274369970
EVODEX.1-C386,[H]-[#7:1].[H]-[#8]-[#6@@]1(-[H])-[#6@@](-[H])(-[#8]-[H])-[#6@](-[H])(-[#7]2:[#6](-[H]):[#6](-[H]):[#6](=[#8]):[#7](-[H]):[#6]:2=[#8])-[#8]-[#6@]-1(-[H])-[#6](-[H])(-[H])-[#8]-[#15](=[#8])(-[#8]-[H])-[#8]-[#15](=[#8])(-[#8]-[H])-[#8]-[#6@@:31]>>[#7:1]-[#6@:31],"EVODEX.1-P2469,EVODEX.1-P2472,EVODEX.1-P2476,EVODEX.1-P2478,EVODEX.1-P2482",27855789847358028813857593367167877909137716478795945632841211305143284562106
EVODEX.1-C387,[H]-[#7:1]>>[H]-[#8]-[#6](-[H])(-[H])-[#6@@]1(-[H])-[#8]-[#6](-[H])(-[#7:1])-[#6@](-[H])(-[#8]-[H])-[#6@@](-[H])(-[#8]-[H])-[#6@]-1(-[H])-[#8]-[H],"EVODEX.1-P2470,EVODEX.1-P2474,EVODEX.1-P2479,EVODEX.1-P2480,EVODEX.1-P2481",56539305684108518333139648806940063459538979776783210436542225252709610408488
EVODEX.1-C388,[H]-[#7:13].([#8:32]-[#6@@:33].[#6@:44]-[#6@:46])>>[#7:13]-[#6:33].([H]-[#8:32].[#6@@:46]-[#6@@:44]),"EVODEX.1-P2471,EVODEX.1-P2473,EVODEX.1-P2475,EVODEX.1-P2477,EVODEX.1-P2486",25580332003375514305893064790037274173048338366767403990794304487210926172474
EVODEX.1-C389,[H]-[#8:52]>>[H]-[#8]-[#6@]1(-[H])-[#6@@](-[H])(-[#8]-[H])-[#6@](-[H])(-[#8:52])-[#8]-[#6](-[H])(-[H])-[#6@@]-1(-[H])-[#8]-[H],"EVODEX.1-P2503,EVODEX.1-P2504,EVODEX.1-P2505,EVODEX.1-P2508,EVODEX.1-P2512",103093045423460704394681322053177368139401869467676972939972520350678077593702
EVODEX.1-C390,[H]-[#8:63]>>[H]-[#8]-[#6](=[#8])-[#6@@]1(-[#8:63])-[#8]-[#6@@](-[H])(-[#6@](-[H])(-[#8]-[H])-[#6@](-[H])(-[#8]-[H])-[#6](-[H])(-[H])-[#8]-[H])-[#6@](-[H])(-[#7](-[H])-[#6](=[#8])-[#6](-[H])(-[H])-[H])-[#6@@](-[H])(-[#8]-[H])-[#6]-1(-[H])-[H],"EVODEX.1-P2520,EVODEX.1-P2522,EVODEX.1-P2523,EVODEX.1-P2526,EVODEX.1-P2529",17515371430228877033781202847591928732637274125791396046689872365111505330326
EVODEX.1-C391,[#6:39]-[#8:40]>>[H]-[#8]-[#15](=[#8])(-[#8]-[H])-[#8]-[#15](=[#8])(-[#8]-[H])-[#8]-[#6](-[H])(-[H])-[#6](-[H])=[#6](-[#6](-[H])(-[H])-[H])-[#6](-[H])(-[H])-[#6:39].[H]-[#8:40],"EVODEX.1-P2530,EVODEX.1-P2538,EVODEX.1-P2539,EVODEX.1-P2601,EVODEX.1-P2603",17655613306005797220109349142657410029645832194453450042082631845660697695933
EVODEX.1-C392,([H]-[#6:4].[#6:1]).[#6:34]-[#8:35]>>([#6:1]-[#6:34].[#6:4]).[H]-[#8:35],"EVODEX.1-P2531,EVODEX.1-P2534,EVODEX.1-P2599,EVODEX.1-P2604,EVODEX.1-P2801",75892498844069088793539723855234098436800688946924773549297005545689141077354
EVODEX.1-C393,([H]-[#6:5].[#6:1]).[H]-[#8]-[#15](=[#8])(-[#8]-[H])-[#8]-[#15](=[#8])(-[#8]-[H])-[#8]-[#6:30]>>([#6:1]-[#6:30].[#6:5]),"EVODEX.1-P2532,EVODEX.1-P2536,EVODEX.1-P2598,EVODEX.1-P2600,EVODEX.1-P2605",40867955905394989217881928964630739852106376628146776727833467303976367244326
EVODEX.1-C394,[H]-[#8]-[#15](=[#8])(-[#8]-[H])-[#8]-[#15](=[#8])(-[#8]-[H])-[#8]-[#6:39]>>[H]-[#8]-[#15](=[#8])(-[#8]-[H])-[#8]-[#15](=[#8])(-[#8]-[H])-[#8]-[#6](-[H])(-[H])-[#6](-[H])=[#6](-[#6](-[H])(-[H])-[H])-[#6](-[H])(-[H])-[#6:39],"EVODEX.1-P2533,EVODEX.1-P2535,EVODEX.1-P2537,EVODEX.1-P2540,EVODEX.1-P2602",74475831245802210852437151932757558872116628770207186738597024443288579423228
EVODEX.1-C395,[#6:7]=[#6:9].[H]-[#6:39]-[#8:40]>>[#6:7]1-[#6:9]-[#6:39]-1.[H]-[#8:40],"EVODEX.1-P2541,EVODEX.1-P2577,EVODEX.1-P2589,EVODEX.1-P2590,EVODEX.1-P2802",87356619158997807368460145288502327936073004634239116654396996201435870525852
EVODEX.1-C396,[H]-[#7:34]>>[H]-[#7](-[H])-[#6](-[H])(-[H])-[#6](-[H])(-[H])-[#6](-[H])(-[H])-[#7:34],"EVODEX.1-P2543,EVODEX.1-P2544,EVODEX.1-P2546,EVODEX.1-P2548,EVODEX.1-P2574",14606274254164971399887073762381368194033149237514272410773119975593278057098
EVODEX.1-C397,[H]-[#8:23]>>[H]-[#6](=[#6](-[#6](-[H])(-[H])-[H])-[#6](-[H])(-[H])-[H])-[#6](-[H])(-[H])-[#8:23],"EVODEX.1-P2552,EVODEX.1-P2554,EVODEX.1-P2557,EVODEX.1-P2559,EVODEX.1-P2560",68654669554019911543330558827943993155023805953173754470689770460815117320974
EVODEX.1-C398,[H]-[#8]-[#15](=[#8])(-[#8]-[H])-[#8]-[#15](=[#8])(-[#8]-[H])-[#8]-[#6:5].[H]-[#7:15]>>[#6:5]-[#7:15],"EVODEX.1-P2558,EVODEX.1-P2579,EVODEX.1-P2581,EVODEX.1-P2594,EVODEX.1-P2597",33031092652451060287784190271713194182552735716863366769947624663999716762150
EVODEX.1-C399,[H]-[#8]-[#15](=[#8])(-[#8]-[H])-[#8]-[#15](=[#8])(-[#8]-[H])-[#8]-[#6:4]>>[H]-[#8]-[#6](=[#8])-[#6@@](-[H])(-[#7](-[H])-[H])-[#6](-[H])(-[H])-[#6]1:[#6](-[H]):[#6](-[H]):[#6](-[#8]-[H]):[#6](-[H]):[#6]:1-[#6:4],"EVODEX.1-P2563,EVODEX.1-P2565,EVODEX.1-P2566,EVODEX.1-P2567,EVODEX.1-P2571",37675033650354042864159326551533008428756793603648585516208617619359104373374
EVODEX.1-C400,[#8:22]-[#6:23]>>[H]-[#8]-[#6](=[#8])-[#6@@](-[H])(-[#7](-[H])-[H])-[#6](-[H])(-[H])-[#6]1:[#6](-[H]):[#6](-[H]):[#6](-[#8]-[H]):[#6](-[H]):[#6]:1-[#6:23].[H]-[#8:22],"EVODEX.1-P2564,EVODEX.1-P2568,EVODEX.1-P2569,EVODEX.1-P2570,EVODEX.1-P2572",31515944378713260240929453492682340064422361953488813822650887195783092318445
EVODEX.1-C401,[H]-[#7:19]>>[H]-[#6]1:[#7]:[#6](-[#6](-[H])(-[H])-[H]):[#7]:[#6](-[#7](-[H])-[H]):[#6]:1-[#6](-[H])(-[H])-[#7:19],"EVODEX.1-P2584,EVODEX.1-P2585,EVODEX.1-P2586,EVODEX.1-P2587,EVODEX.1-P2588",57914152966310676433451034794085685723674533382447215649115771917902249462493
EVODEX.1-C402,[H]-[#8:17]>>[H]-[#8]-[#6](=[#8])-[#6@@](-[H])(-[#7](-[H])-[H])-[#6](-[H])(-[H])-[#6](-[H])(-[H])-[#8:17],"EVODEX.1-P2606,EVODEX.1-P2623,EVODEX.1-P2653,EVODEX.1-P2654,EVODEX.1-P2656",59859552931898480979715793053024322059102327002447700968128963435067065478250
EVODEX.1-C403,[H]-[#16:13]>>[H]-[#8]-[#6](=[#8])-[#6@@](-[H])(-[#7](-[H])-[H])-[#6](-[H])(-[H])-[#16:13],"EVODEX.1-P2618,EVODEX.1-P2619,EVODEX.1-P2622,EVODEX.1-P6437,EVODEX.1-P6560",63598138713973652935075710051688308710708344575501235554170455692846650004808
EVODEX.1-C404,[H]-[#16:12]>>[H]-[#8]-[#6](=[#8])-[#6@@](-[H])(-[#7](-[H])-[H])-[#6](-[H])(-[H])-[#6](-[H])(-[H])-[#16:12],"EVODEX.1-P2628,EVODEX.1-P2631,EVODEX.1-P2639,EVODEX.1-P2641,EVODEX.1-P2645",111305009729166957009086108962738542212321844894095993197010202043465173389273
EVODEX.1-C405,[H]-[#8]-[#6](=[#8])-[#6@@](-[H])(-[#7](-[H])-[H])-[#6](-[H])(-[H])-[#6](-[H])(-[H])-[#16:9]>>[H]-[#16:9],"EVODEX.1-P2630,EVODEX.1-P2634,EVODEX.1-P2635,EVODEX.1-P2643,EVODEX.1-P2649",71601284035224612440798656354333209528017114272232034389530470939894073544351
EVODEX.1-C406,[H]-[#16:19].[H]-[#6](-[H])(-[H])-[#6](=[#8])-[#8]-[#6:5]>>[#6:5]-[#16:19],"EVODEX.1-P2632,EVODEX.1-P2638,EVODEX.1-P2640,EVODEX.1-P2644,EVODEX.1-P2646",113086687503459819037728513639657269580239320240766566852054589211711861782088
EVODEX.1-C407,[#6:10]=[#8:11]>>[H]-[#8]-[#6](=[#8])-[#6](=[#8])-[#6](-[H])(-[H])-[#6:10]-[#8:11]-[H],"EVODEX.1-P2657,EVODEX.1-P2658,EVODEX.1-P6252,EVODEX.1-P6368,EVODEX.1-P6376",66342739839842549769020152429714185735649623756706677383678967830384110656907
EVODEX.1-C408,([H]-[#16:15].[#6@@:13].[#6@:9].[#6@@:5]).[#6:65]-[#8:66]>>([#16:15]-[#6:65].[#6@:5].[#6@@:9].[#6@:13]).[H]-[#8:66],"EVODEX.1-P2665,EVODEX.1-P2674,EVODEX.1-P2677,EVODEX.1-P2679,EVODEX.1-P2688",31845060473331731535479565948813093051624835504346381512426472087019834296433
EVODEX.1-C409,[#6:65]-[#8:66]>>[H]-[#8]-[#6](=[#8])-[#6@@](-[H])(-[#7](-[H])-[#6](=[#8])-[#6@@](-[H])(-[#7](-[H])-[#6](=[#8])-[#6@@](-[H])(-[#7](-[H])-[#6](=[#8])-[#6@@](-[H])(-[#7](-[H])-[#6](=[#8])-[#6](-[H])(-[H])-[#7](-[H])-[#16](=[#8])(=[#8])-[#6]1:[#6](-[H]):[#6](-[H]):[#6](-[H]):[#6]2:[#6](-[#7](-[#6](-[H])(-[H])-[H])-[#6](-[H])(-[H])-[H]):[#6](-[H]):[#6](-[H]):[#6](-[H]):[#6]:1:2)-[#6](-[H])(-[H])-[#16]-[#6:65])-[#6](-[H])(-[#6](-[H])(-[H])-[H])-[#6](-[H])(-[H])-[H])-[#6](-[H])(-[H])-[#6](-[H])(-[#6](-[H])(-[H])-[H])-[#6](-[H])(-[H])-[H])-[#6](-[H])(-[H])-[#8]-[H].[H]-[#8:66],"EVODEX.1-P2666,EVODEX.1-P2668,EVODEX.1-P2672,EVODEX.1-P2683,EVODEX.1-P2690",25069351084069334914615093099829896166808768713141811956482577579416693468022
EVODEX.1-C410,[H]-[#8]-[#15](=[#8])(-[#8]-[H])-[#8]-[#15](=[#8])(-[#8]-[H])-[#8]-[#6:4]>>[H]-[#8]-[#6](=[#8])-[#6@@](-[H])(-[#7](-[H])-[#6](=[#8])-[#6@@](-[H])(-[#7](-[H])-[#6](=[#8])-[#6@@](-[H])(-[#7](-[H])-[#6](=[#8])-[#6@@](-[H])(-[#7](-[H])-[#6](=[#8])-[#6](-[H])(-[H])-[#7](-[H])-[#16](=[#8])(=[#8])-[#6]1:[#6](-[H]):[#6](-[H]):[#6](-[H]):[#6]2:[#6](-[#7](-[#6](-[H])(-[H])-[H])-[#6](-[H])(-[H])-[H]):[#6](-[H]):[#6](-[H]):[#6](-[H]):[#6]:1:2)-[#6](-[H])(-[H])-[#16]-[#6:4])-[#6](-[H])(-[#6](-[H])(-[H])-[H])-[#6](-[H])(-[H])-[H])-[#6](-[H])(-[H])-[#6](-[H])(-[#6](-[H])(-[H])-[H])-[#6](-[H])(-[H])-[H])-[#6](-[H])(-[H])-[#8]-[H],"EVODEX.1-P2671,EVODEX.1-P2673,EVODEX.1-P2681,EVODEX.1-P2686,EVODEX.1-P2687",39125094926989226234316393668376536586198089795186958595816496234859683117573
EVODEX.1-C411,([H]-[#16:15].[#6@@:13].[#6@:9].[#6@@:5]).[H]-[#8]-[#15](=[#8])(-[#8]-[H])-[#8]-[#15](=[#8])(-[#8]-[H])-[#8]-[#6:58]>>([#16:15]-[#6:58].[#6@:5].[#6@@:9].[#6@:13]),"EVODEX.1-P2680,EVODEX.1-P2682,EVODEX.1-P2685,EVODEX.1-P2689,EVODEX.1-P2750",69469730218191000186429851841865712221171991998949413657757673144545613100979
EVODEX.1-C412,[H]-[#16:44]>>[H]-[#6](=[#6](-[#6](-[H])(-[H])-[H])-[#6](-[H])(-[H])-[H])-[#6](-[H])(-[H])-[#6](-[H])(-[H])-[#6](=[#6](-[H])-[#6](-[H])(-[H])-[#6](-[H])(-[H])-[#6](=[#6](-[H])-[#6](-[H])(-[H])-[#6](-[H])(-[H])-[#6](=[#6](-[H])-[#6](-[H])(-[H])-[#16:44])-[#6](-[H])(-[H])-[H])-[#6](-[H])(-[H])-[H])-[#6](-[H])(-[H])-[H],"EVODEX.1-P2752,EVODEX.1-P2753,EVODEX.1-P2754,EVODEX.1-P2755,EVODEX.1-P2756",18574413512855508827851937156867406278254257096877219899641580891660990759580
EVODEX.1-C413,[#16:6].([#6:27]-[#8:28]-[#15:29]-[#8:32].[#6@:41]-[#6@:43]).[H]-[#8:45]>>([#16:6]-[#6:27].[#6@@:43]-[#6@@:41]).[H]-[#8:28]-[#15:29]-[#8:45].[H]-[#8:32],"EVODEX.1-P2759,EVODEX.1-P2765,EVODEX.1-P2777,EVODEX.1-P2782,EVODEX.1-P2792",3009273714697013568027592566486458928906817302296766706791361000031975749454
EVODEX.1-C414,[#16:6].[H]-[#8]-[#15](=[#8])(-[#8]-[H])-[#8]-[#15](=[#8])(-[#8]-[H])-[#8]-[#15:29]-[#8:28]-[#6:27].[H]-[#8:45]>>[#16:6]-[#6:27].[H]-[#8:28]-[#15:29]-[#8:45],"EVODEX.1-P2760,EVODEX.1-P2766,EVODEX.1-P2783,EVODEX.1-P2794,EVODEX.1-P2797",48509681257233197735155179772201591271049521223303226514743950498449493308169
EVODEX.1-C415,[#16:6].[H]-[#8]-[#15](=[#8])(-[#8]-[#6:27])-[#8:32]>>[#16:6]-[#6:27].[H]-[#8:32],"EVODEX.1-P2761,EVODEX.1-P2774,EVODEX.1-P2787,EVODEX.1-P2791,EVODEX.1-P2796",25577760153921654197501087529810182829258183703686717865284752758271607914907
EVODEX.1-C416,[#16:41].[H]-[#8:32]>>[H]-[#8]-[#6@@]1(-[H])-[#6@@](-[H])(-[#8]-[H])-[#6@](-[H])(-[#7]2:[#6](-[H]):[#7]:[#6]3:[#6](-[#7](-[H])-[H]):[#7]:[#6](-[H]):[#7]:[#6]:2:3)-[#8]-[#6@]-1(-[H])-[#6](-[H])(-[H])-[#16:41].[H]-[#8]-[#15](=[#8])(-[#8]-[H])-[#8:32],"EVODEX.1-P2762,EVODEX.1-P2770,EVODEX.1-P2775,EVODEX.1-P2781,EVODEX.1-P2800",102963676797161292968453322319533476582681362511168659320649384666703096630144
EVODEX.1-C417,[H]-[#8:27].[H]-[#8]-[#15](=[#8])(-[#8]-[H])-[#8]-[#15](=[#8])(-[#8]-[H])-[#8]-[#15:44]>>[#8:27]-[#15:44],"EVODEX.1-P2764,EVODEX.1-P3469,EVODEX.1-P3623,EVODEX.1-P6910,EVODEX.1-P7561",1977418011305968076390812479322634827978574942960085140097356149183445771187
EVODEX.1-C418,[#16:6].[H]-[#8]-[#15](=[#8])(-[#8]-[H])-[#8]-[#15](=[#8])(-[#8]-[H])-[#8]-[#15](=[#8])(-[#8]-[H])-[#8]-[#6:27]>>[#16:6]-[#6:27],"EVODEX.1-P2767,EVODEX.1-P2772,EVODEX.1-P2776,EVODEX.1-P2780,EVODEX.1-P2795",113575659693537066597703319814831099179456084879547860058518937457159336566621
EVODEX.1-C419,[#16:4]>>[H]-[#8]-[#6@@]1(-[H])-[#6@@](-[H])(-[#8]-[H])-[#6@](-[H])(-[#7]2:[#6](-[H]):[#7]:[#6]3:[#6](-[#7](-[H])-[H]):[#7]:[#6](-[H]):[#7]:[#6]:2:3)-[#8]-[#6@]-1(-[H])-[#6](-[H])(-[H])-[#16:4],"EVODEX.1-P2768,EVODEX.1-P2778,EVODEX.1-P2788,EVODEX.1-P2793,EVODEX.1-P2798",4824449300251684640219203003064986488723053906741877482071738350207481840236
EVODEX.1-C420,[#16:4].([#6:25]-[#8:26]-[#15:27]-[#8:30].[#6@:39]-[#6@:41])>>([#16:4]-[#6:25].[#6@@:41]-[#6@@:39]).[H]-[#8]-[#15:27]-[#8:26]-[H].[H]-[#8:30],"EVODEX.1-P2769,EVODEX.1-P2784,EVODEX.1-P2786,EVODEX.1-P2790,EVODEX.1-P2799",83470862762269521883157287469666996473140841747787064008588956247904852325712
EVODEX.1-C421,[#16:5].([H]-[#8]-[#15](=[#8])(-[#8]-[H])-[#8]-[#15](=[#8])(-[#8]-[H])-[#8].[#8:27]-[#6:26])>>[#16:5]-[#6:26].([H]-[#8].[#8:27]-[H]),"EVODEX.1-P2771,EVODEX.1-P2773,EVODEX.1-P2779,EVODEX.1-P2785,EVODEX.1-P2789",58604196199314341310005864197662492190107857546738999531663030045206461251676
EVODEX.1-C422,[H]-[#8]-[#6](=[#8])-[#6](-[H])(-[H])-[#6@@](-[H])(-[#6](=[#8])-[#8]-[H])-[#7:1].[#8]=[#6:13]>>[H]-[#6@@:13]-[#7:1],"EVODEX.1-P2803,EVODEX.1-P2811,EVODEX.1-P2949,EVODEX.1-P3125,EVODEX.1-P3197",50294766823032341917223265692264428391167131033733010346950711767862329591617
EVODEX.1-C423,[H]-[#7](-[H])-[#6@@:5]-[H].[H]-[#8]-[#6](=[#8])-[#6](-[#6](-[H])(-[H])-[#6](=[#8])-[#8]-[H])=[#8:15]>>[#6:5]=[#8:15],"EVODEX.1-P2804,EVODEX.1-P2887,EVODEX.1-P2947,EVODEX.1-P2954,EVODEX.1-P3022",85929688186810983334995311395144048125921340735999780027451765827389941479541
EVODEX.1-C424,[#8]=[#6:5].[H]-[#8]-[#6](=[#8])-[#6@](-[H])(-[#6](-[H])(-[H])-[#6]1:[#6](-[H]):[#6](-[H]):[#6](-[#8]-[H]):[#6](-[H]):[#6]:1-[H])-[#7:10]>>[H]-[#6@:5]-[#7:10],"EVODEX.1-P2807,EVODEX.1-P2952,EVODEX.1-P2978,EVODEX.1-P3105,EVODEX.1-P3120",66072969886066060910519634703075952422789091112218802673475220536266049696363
EVODEX.1-C425,[#6:3]=[#8:4]>>[H]-[#7](-[H])-[#6:3]-[H].[H]-[#8]-[#6](=[#8])-[#6](-[#6](-[H])(-[H])-[#6]1:[#6](-[H]):[#6](-[H]):[#6](-[#8]-[H]):[#6](-[H]):[#6]:1-[H])=[#8:4],"EVODEX.1-P2808,EVODEX.1-P2867,EVODEX.1-P2953,EVODEX.1-P3106,EVODEX.1-P3187",90258648789285329143982359429166505217374703650815237643437478734799197031354
EVODEX.1-C426,[#6:16]=[#8:17]>>[H]-[#8]-[#6](=[#8])-[#6](-[#6](-[H])(-[H])-[#6](=[#8])-[#8]-[H])=[#8:17].[H]-[#7](-[H])-[#6:16]-[H],"EVODEX.1-P2809,EVODEX.1-P2810,EVODEX.1-P3108,EVODEX.1-P3198,EVODEX.1-P3202",18693586979168625750595781045704216625780544764622891309252730446070861646958
EVODEX.1-C427,[H]-[#6:5]-[#7:6]>>[#8]=[#6:5].[H]-[#8]-[#6](=[#8])-[#6@](-[H])(-[#6](-[H])(-[H])-[#6]1:[#6](-[H]):[#6](-[H]):[#6](-[H]):[#6](-[H]):[#6]:1-[H])-[#7:6],"EVODEX.1-P2814,EVODEX.1-P2859,EVODEX.1-P2924,EVODEX.1-P2967,EVODEX.1-P3173",25841315491911816385132305870058973249644730622184113999417084518760732187321
EVODEX.1-C428,[H]-[#8]-[#6](=[#8])-[#6](-[#6](-[H])(-[H])-[#6](-[H])(-[H])-[#16]-[#6](-[H])(-[H])-[H])=[#8:6].[H]-[#7](-[H])-[#6@@:11]-[H]>>[#8:6]=[#6:11],"EVODEX.1-P2845,EVODEX.1-P3043,EVODEX.1-P3047,EVODEX.1-P3119,EVODEX.1-P3212",97807913056777459859954715375379021878947204290407048260942252471575933104776
EVODEX.1-C429,[H]-[#6@:11]-[#7:10]>>[H]-[#8]-[#6](=[#8])-[#6@](-[H])(-[#6](-[H])(-[H])-[#6](-[H])(-[H])-[#16]-[#6](-[H])(-[H])-[H])-[#7:10].[#8]=[#6:11],"EVODEX.1-P2846,EVODEX.1-P2921,EVODEX.1-P3044,EVODEX.1-P3121,EVODEX.1-P3213",111837923240741771561236117069227704741626781136394170330833544521321514468959
EVODEX.1-C430,[#6:16]=[#8:17]>>[H]-[#8]-[#6](=[#8])-[#6](-[#6](-[H])(-[H])-[#6]1:[#7]:[#6](-[H]):[#7](-[H]):[#6]:1-[H])=[#8:17].[H]-[#7](-[H])-[#6@@:16]-[H],"EVODEX.1-P2847,EVODEX.1-P3009,EVODEX.1-P3012,EVODEX.1-P3130,EVODEX.1-P3196",89371824237847457615836724763574676111031225234964608875619291483521968539147
EVODEX.1-C431,[H]-[#8]-[#6](=[#8])-[#6](-[#6](-[H])(-[#6](-[H])(-[H])-[H])-[#6](-[H])(-[H])-[H])=[#8:5].[H]-[#7](-[H])-[#6@@:14]-[H]>>[#8:5]=[#6:14],"EVODEX.1-P2850,EVODEX.1-P2970,EVODEX.1-P3015,EVODEX.1-P3036,EVODEX.1-P3150",76405387768125381681007421492811269272803669753206274817481329294825360278330
EVODEX.1-C432,[H]-[#6@@:15]-[#7:16]>>[H]-[#8]-[#6](=[#8])-[#6@](-[H])(-[#6](-[H])(-[H])-[#6](-[H])(-[#6](-[H])(-[H])-[H])-[#6](-[H])(-[H])-[H])-[#7:16].[#8]=[#6:15],"EVODEX.1-P2858,EVODEX.1-P3018,EVODEX.1-P3041,EVODEX.1-P3081,EVODEX.1-P3154",43798426707210554654158007826796527311213193646688761148993060912355097796690
EVODEX.1-C433,[#8]=[#6:5].[H]-[#8]-[#6](=[#8])-[#6@](-[H])(-[#6](-[H])(-[H])-[#6](-[H])(-[H])-[#6](=[#8])-[#7](-[H])-[H])-[#7:16]>>[H]-[#6@:5]-[#7:16],"EVODEX.1-P2860,EVODEX.1-P2886,EVODEX.1-P3109,EVODEX.1-P3144,EVODEX.1-P3153",41161165953826548117244949272752502224761769648396941477357708194902650630048
EVODEX.1-C434,[H]-[#6@:11]-[#7:10]>>[H]-[#8]-[#6](=[#8])-[#6](-[H])(-[#6](-[H])(-[H])-[#6](=[#8])-[#7](-[H])-[H])-[#7:10].[#8]=[#6:11],"EVODEX.1-P2861,EVODEX.1-P2864,EVODEX.1-P2865,EVODEX.1-P2866,EVODEX.1-P2871",38983593805219612171334656705350365830927425412568739119967253915124210023864
EVODEX.1-C435,[H]-[#7](-[H])-[#6@@:11]-[H].[H]-[#8]-[#6](=[#8])-[#6](-[#6](-[H])(-[H])-[#6](=[#8])-[#7](-[H])-[H])=[#8:6]>>[#8:6]=[#6:11],"EVODEX.1-P2862,EVODEX.1-P2863,EVODEX.1-P2868,EVODEX.1-P2872,EVODEX.1-P3048",89086720384788436601632676851673220340261153068301396477385530237174049055900
EVODEX.1-C436,[#8]=[#6:5].[H]-[#8]-[#6](=[#8])-[#6@](-[H])(-[#6](-[H])(-[H])-[#6]1:[#6](-[H]):[#7]:[#6](-[H]):[#7]:1-[H])-[#7:10]>>[H]-[#6@:5]-[#7:10],"EVODEX.1-P2869,EVODEX.1-P3008,EVODEX.1-P3010,EVODEX.1-P3011,EVODEX.1-P3013",49570179459350393656077711153177040722448194067770985442054472318027986052216
EVODEX.1-C437,[#6:6]=[#8:7]>>[H]-[#7](-[H])-[#6@@:6]-[H].[H]-[#8]-[#6](=[#8])-[#6](-[#6](-[H])(-[H])-[#6]1:[#6](-[H]):[#7](-[H]):[#6]2:[#6](-[H]):[#6](-[H]):[#6](-[H]):[#6](-[H]):[#6]:1:2)=[#8:7],"EVODEX.1-P2870,EVODEX.1-P2956,EVODEX.1-P2963,EVODEX.1-P3122,EVODEX.1-P3148",93201131200329884120982202300946992948969037944649076755832077146811288202073
EVODEX.1-C438,[H]-[#8]-[#6](=[#8])-[#6@@](-[H])(-[#7](-[H])-[H])-[#6:10].[H]-[#6:17]>>[#6:10]-[#6:17],"EVODEX.1-P2873,EVODEX.1-P2874,EVODEX.1-P2876,EVODEX.1-P2994,EVODEX.1-P3102",30729162806208695189407987070093924649454276586386149421677047715944564763995
EVODEX.1-C439,[#6:7]-[#6@@:5]>>[H]-[#8]-[#6](=[#8])-[#6](=[#8])-[#6:7].[H]-[#6:5],"EVODEX.1-P2875,EVODEX.1-P2878,EVODEX.1-P2919,EVODEX.1-P3139,EVODEX.1-P3158",62985549812732458075940049543325708439501793645705606398441544867260043493772
EVODEX.1-C440,[#6:14]=[#8:15]>>[H]-[#8]-[#6](=[#8])-[#6](-[#6](-[H])(-[H])-[#6](-[H])(-[H])-[#6](=[#8])-[#7](-[H])-[H])=[#8:15].[H]-[#7](-[H])-[#6@:14]-[H],"EVODEX.1-P2879,EVODEX.1-P2880,EVODEX.1-P2888,EVODEX.1-P3113,EVODEX.1-P3133",12624225943685225996170545026749007514187354657920685093492678334402112003551
EVODEX.1-C441,[H]-[#6@:12]-[#7:11]>>[H]-[#8]-[#6](=[#8])-[#6@](-[H])(-[#6](-[H])(-[H])-[#6](-[H])(-[H])-[#6](=[#8])-[#7](-[H])-[H])-[#7:11].[#8]=[#6:12],"EVODEX.1-P2881,EVODEX.1-P2883,EVODEX.1-P2885,EVODEX.1-P3111,EVODEX.1-P3149",7723593222408205771449056753211464851732948163961499778724716782505698708171
EVODEX.1-C442,[H]-[#7](-[H])-[#6:12]-[H].[H]-[#8]-[#6](=[#8])-[#6](-[#6](-[H])(-[H])-[#6](-[H])(-[H])-[#6](=[#8])-[#7](-[H])-[H])=[#8:7]>>[#8:7]=[#6:12],"EVODEX.1-P2882,EVODEX.1-P2884,EVODEX.1-P3110,EVODEX.1-P3143,EVODEX.1-P3147",43773078177138403369132969609248231106088690272643519272604327980188162469336
EVODEX.1-C443,[H]-[#8]-[#6](=[#8])-[#6@](-[H])(-[#6](-[H])(-[H])-[#6](-[H])(-[#6](-[H])(-[H])-[H])-[#6](-[H])(-[H])-[H])-[#7:6].[#8]=[#6:15]>>[H]-[#6@:15]-[#7:6],"EVODEX.1-P2920,EVODEX.1-P3019,EVODEX.1-P3021,EVODEX.1-P3042,EVODEX.1-P3155",74796522580638427686076005842741810196527882200933386157951440318437704741639
EVODEX.1-C444,[H]-[#8]-[#6](=[#8])-[#6@@](-[H])(-[#6](-[H])(-[#6](-[H])(-[H])-[H])-[#6](-[H])(-[H])-[H])-[#7:5].[#8]=[#6:15]>>[H]-[#6:15]-[#7:5],"EVODEX.1-P2937,EVODEX.1-P3039,EVODEX.1-P3068,EVODEX.1-P3070,EVODEX.1-P3209",70802251046443186879975838655013586806938820495029458064987104495099589924487
EVODEX.1-C445,[#6:14]=[#8:15]>>[H]-[#8]-[#6](=[#8])-[#6](-[#6](-[H])(-[#6](-[H])(-[H])-[H])-[#6](-[H])(-[H])-[H])=[#8:15].[H]-[#7](-[H])-[#6@@:14]-[H],"EVODEX.1-P2938,EVODEX.1-P2976,EVODEX.1-P3027,EVODEX.1-P3040,EVODEX.1-P3152",81616338914101390124010809761344643893394839946087292515419861973841495163083
EVODEX.1-C446,[H]-[#6@:2]-[#7:1]>>[#8]=[#6:2].[H]-[#8]-[#6](=[#8])-[#6](-[H])(-[H])-[#6@@](-[H])(-[#6](=[#8])-[#8]-[H])-[#7:1],"EVODEX.1-P2943,EVODEX.1-P2944,EVODEX.1-P3024,EVODEX.1-P3114,EVODEX.1-P3216",84923707831228464174716628315658995089373782488280180935366130360631006259155
EVODEX.1-C447,[H]-[#8]-[#6](=[#8])-[#6@](-[H])(-[#6](-[H])(-[H])-[#6]1:[#6](-[H]):[#7](-[H]):[#6]2:[#6](-[H]):[#6](-[H]):[#6](-[H]):[#6](-[H]):[#6]:1:2)-[#7:1].[#8]=[#6:19]>>[H]-[#6@@:19]-[#7:1],"EVODEX.1-P2955,EVODEX.1-P2958,EVODEX.1-P2962,EVODEX.1-P2974,EVODEX.1-P2977",106051739876736203945179040998382517048615491532393480446471708604467200094272
EVODEX.1-C448,[H]-[#7](-[H])-[#6@@:5]-[H].[H]-[#8]-[#6](=[#8])-[#6](-[#6](-[H])(-[H])-[#6]1:[#6](-[H]):[#7](-[H]):[#6]2:[#6](-[H]):[#6](-[H]):[#6](-[H]):[#6](-[H]):[#6]:1:2)=[#8:14]>>[#6:5]=[#8:14],"EVODEX.1-P2957,EVODEX.1-P2979,EVODEX.1-P3127,EVODEX.1-P3129,EVODEX.1-P3132",38571714147324350826483816626978664371440841669751928027145337856675322856088
EVODEX.1-C449,[H]-[#6@:2]-[#7:1]>>[#8]=[#6:2].[H]-[#8]-[#6](=[#8])-[#6@](-[H])(-[#6](-[H])(-[H])-[#6]1:[#6](-[H]):[#7](-[H]):[#6]2:[#6](-[H]):[#6](-[H]):[#6](-[H]):[#6](-[H]):[#6]:1:2)-[#7:1],"EVODEX.1-P2959,EVODEX.1-P3128,EVODEX.1-P3131,EVODEX.1-P3134,EVODEX.1-P3195",12753402432180877686161700173340876704962857921016328243040580502327738875322
EVODEX.1-C450,[H]-[#8]-[#6](=[#8])-[#6](-[#6](-[H])(-[H])-[#6](-[H])(-[H])-[H])=[#8:4].[H]-[#7](-[H])-[#6@@:9]-[H]>>[#8:4]=[#6:9],"EVODEX.1-P2960,EVODEX.1-P3007,EVODEX.1-P3020,EVODEX.1-P3184,EVODEX.1-P3189",102879530343157072046204899957559214356381210904737722892163373599269663567741
EVODEX.1-C451,[H]-[#6@:9]-[#7:8]>>[H]-[#8]-[#6](=[#8])-[#6](-[H])(-[#6](-[H])(-[H])-[#6](-[H])(-[H])-[H])-[#7:8].[#8]=[#6:9],"EVODEX.1-P2961,EVODEX.1-P2972,EVODEX.1-P3185,EVODEX.1-P3188,EVODEX.1-P3190",32899154187729200483006105774357855322025851695842145779317039482608893195539
EVODEX.1-C452,[#6:15]=[#8:16]>>[H]-[#8]-[#6](=[#8])-[#6](-[#6](-[H])(-[H])-[#6](-[H])(-[#6](-[H])(-[H])-[H])-[#6](-[H])(-[H])-[H])=[#8:16].[H]-[#7](-[H])-[#6:15]-[H],"EVODEX.1-P2964,EVODEX.1-P3033,EVODEX.1-P3038,EVODEX.1-P3057,EVODEX.1-P3083",112689717003195227846142094799232811305175440706834388755419815469229527516274
EVODEX.1-C453,[#8]=[#6:5].[H]-[#8]-[#6](=[#8])-[#6@](-[H])(-[#6](-[H])(-[H])-[#6]1:[#6](-[H]):[#6](-[H]):[#6](-[H]):[#6](-[H]):[#6]:1-[H])-[#7:10]>>[H]-[#6@:5]-[#7:10],"EVODEX.1-P2966,EVODEX.1-P2969,EVODEX.1-P2980,EVODEX.1-P3163,EVODEX.1-P3167",45067411334435666939231616480975112031917909366544940640678593919308618292329
EVODEX.1-C454,[#6:5]=[#8:6]>>[H]-[#7](-[H])-[#6:5]-[H].[H]-[#8]-[#6](=[#8])-[#6](-[#6](-[H])(-[H])-[#6]1:[#6](-[H]):[#6](-[H]):[#6](-[H]):[#6](-[H]):[#6]:1-[H])=[#8:6],"EVODEX.1-P2968,EVODEX.1-P2971,EVODEX.1-P3156,EVODEX.1-P3157,EVODEX.1-P3174",71704207271220683399501962266258710189818877440609408757218892720830067425456
EVODEX.1-C455,[#6:13]=[#8:14]>>[H]-[#8]-[#6](=[#8])-[#6](-[#6](-[H])(-[#6](-[H])(-[H])-[H])-[#6](-[H])(-[H])-[#6](-[H])(-[H])-[H])=[#8:14].[H]-[#7](-[H])-[#6@:13]-[H],"EVODEX.1-P2973,EVODEX.1-P3035,EVODEX.1-P3066,EVODEX.1-P3067,EVODEX.1-P3227",25021265494855142146584948245139950404796964863892957269369555952044673454066
EVODEX.1-C456,[H]-[#6@@:14]-[#7:15]>>[H]-[#8]-[#6](=[#8])-[#6@](-[H])(-[#6](-[H])(-[#6](-[H])(-[H])-[H])-[#6](-[H])(-[H])-[H])-[#7:15].[#8]=[#6:14],"EVODEX.1-P2975,EVODEX.1-P3016,EVODEX.1-P3037,EVODEX.1-P3069,EVODEX.1-P3151",5816491370139414864944786211102404505116399557480370847536250721378253159658
EVODEX.1-C457,[#8]=[#6:5].[H]-[#8]-[#6](=[#8])-[#6@](-[H])(-[#6](-[H])(-[H])-[#6](-[H])(-[H])-[#6](-[H])(-[H])-[#6](-[H])(-[H])-[#7](-[H])-[H])-[#7:16]>>[H]-[#6@:5]-[#7:16],"EVODEX.1-P2996,EVODEX.1-P3000,EVODEX.1-P3001,EVODEX.1-P3080,EVODEX.1-P3123",82447358400381075705952735283945775204283742794140568266617564590233821976011
EVODEX.1-C458,[H]-[#8]-[#6](=[#8])-[#6](-[#6](-[H])(-[#6](-[H])(-[H])-[H])-[#6](-[H])(-[H])-[#6](-[H])(-[H])-[H])=[#8:6].[H]-[#7](-[H])-[#6@@:20]-[H]>>[#8:6]=[#6:20],"EVODEX.1-P3014,EVODEX.1-P3026,EVODEX.1-P3032,EVODEX.1-P3055,EVODEX.1-P3194",9793921729273147128033726124157019309554277381070971897237339390568666780137
EVODEX.1-C459,[#6:6]-[#6:7]>>[H]-[#8]-[#6](=[#8])-[#6@@](-[H])(-[#7](-[H])-[H])-[#6:6].[H]-[#6:7],"EVODEX.1-P3023,EVODEX.1-P3136,EVODEX.1-P3146,EVODEX.1-P3165,EVODEX.1-P3169",40722678602405141395321900157407244610823500267653840189379444220595224839333
EVODEX.1-C460,[H]-[#8]-[#6](=[#8])-[#6](-[#6](-[H])(-[H])-[#6](-[H])(-[#6](-[H])(-[H])-[H])-[#6](-[H])(-[H])-[H])=[#8:6].[H]-[#7](-[H])-[#6@@:20]-[H]>>[#8:6]=[#6:20],"EVODEX.1-P3034,EVODEX.1-P3046,EVODEX.1-P3056,EVODEX.1-P3079,EVODEX.1-P3179",86827959086820529549966727868888272867819488195548032912836469128037111570585
EVODEX.1-C461,[H]-[#7](-[H])-[#6@@:5]-[H].[H]-[#8]-[#6](=[#8])-[#6](-[H])(-[H])-[#6](-[H])(-[H])-[#6](=[#8])-[#6](-[H])=[#8:10]>>[#6:5]=[#8:10],"EVODEX.1-P3088,EVODEX.1-P3092,EVODEX.1-P3094,EVODEX.1-P3096,EVODEX.1-P3098",62188568435654742025121480284387971755209849310027719539031742013556429086657
EVODEX.1-C462,[H]-[#6@:2]-[#7:1]>>[#8]=[#6:2].[H]-[#8]-[#6](=[#8])-[#6](-[H])(-[H])-[#6](-[H])(-[H])-[#6](=[#8])-[#6](-[H])(-[H])-[#7:1],"EVODEX.1-P3089,EVODEX.1-P3093,EVODEX.1-P3095,EVODEX.1-P3097,EVODEX.1-P3100",49561511914678367928045076819934250846004115183500071524050053064078002951742
EVODEX.1-C463,[H]-[#6:2].[H]-[#8]-[#6](=[#8])-[#6](=[#8])-[#6:11]>>[#6:11]-[#6@:2],"EVODEX.1-P3135,EVODEX.1-P3145,EVODEX.1-P3159,EVODEX.1-P3161,EVODEX.1-P3171",106420640766416840543570019615113064289065598370347569637479847621614475643012
EVODEX.1-C464,[H]-[#8]-[#6](=[#8])-[#6@](-[H])(-[#6](-[H])(-[H])-[#6](=[#8])-[#6]1:[#6](-[H]):[#6](-[H]):[#6](-[H]):[#6](-[H]):[#6]:1-[#7](-[H])-[H])-[#7:12].[#8]=[#6:19]>>[H]-[#6:19]-[#7:12],"EVODEX.1-P3140,EVODEX.1-P3141,EVODEX.1-P3181,EVODEX.1-P3191,EVODEX.1-P3192",28170344808357801243032728141273937452621230561916094719618113119141395229122
EVODEX.1-C465,[#6:19]=[#8:20]>>[H]-[#7](-[H])-[#6:19]-[H].[H]-[#8]-[#6](=[#8])-[#6](-[#6](-[H])(-[H])-[#6](=[#8])-[#6]1:[#6](-[H]):[#6](-[H]):[#6](-[H]):[#6](-[H]):[#6]:1-[#7](-[H])-[H])=[#8:20],"EVODEX.1-P3142,EVODEX.1-P3178,EVODEX.1-P3182,EVODEX.1-P3186,EVODEX.1-P3193",70755579919650300595644363522293728793017647777853423020350811724304582700782
EVODEX.1-C466,[H]-[#7](-[H])-[#6@:2]-[H].[H]-[#8]-[#6](=[#8])-[#6](-[#6](-[H])(-[H])-[#6](-[H])(-[H])-[#6](-[H])(-[H])-[#6](=[#8])-[#8]-[H])=[#8:15]>>[#6:2]=[#8:15],"EVODEX.1-P3180,EVODEX.1-P3201,EVODEX.1-P3204,EVODEX.1-P3206,EVODEX.1-P3207",11178289837017858320358594002932185158298433749010777889460985247486908011054
EVODEX.1-C467,[H]-[#6@:4]-[#7:5]>>[#8]=[#6:4].[H]-[#8]-[#6](=[#8])-[#6](-[H])(-[H])-[#6](-[H])(-[H])-[#6](-[H])(-[H])-[#6](-[H])(-[#6](=[#8])-[#8]-[H])-[#7:5],"EVODEX.1-P3183,EVODEX.1-P3203,EVODEX.1-P3205,EVODEX.1-P3208,EVODEX.1-P3210",20311300994362068345101171614729853715598100837924727731109467500485698927638
EVODEX.1-C468,[H]-[#7](-[H])-[#6:5]>>[H]-[#8]-[#6:5],"EVODEX.1-P3217,EVODEX.1-P4807,EVODEX.1-P5273,EVODEX.1-P5576,EVODEX.1-P5643",5300319792843596490861169411209717671300955609942279726222878665694964694334
EVODEX.1-C469,[H]-[#8]-[#6@@]1(-[H])-[#6@@](-[H])(-[#8]-[H])-[#6@](-[H])(-[#7]2:[#6](-[H]):[#6](-[H]):[#6](-[#7](-[H])-[H]):[#7]:[#6]:2=[#8])-[#8]-[#6@]-1(-[H])-[#6](-[H])(-[H])-[#8]-[#15](=[#8])(-[#8]-[H])-[#8]-[#15](=[#8])(-[#8]-[H])-[#8]-[#15:19].[H]-[#8:32]>>[#15:19]-[#8:32],"EVODEX.1-P3305,EVODEX.1-P3360,EVODEX.1-P3466,EVODEX.1-P3488,EVODEX.1-P3490",25028569537146836127674225295840745313297147202197924572561902061811067310714
EVODEX.1-C470,[H]-[#8]-[#6@@]1(-[H])-[#6@@](-[H])(-[#8]-[H])-[#6@](-[H])(-[#7]2:[#6](-[H]):[#7]:[#6]3:[#6](-[#7](-[H])-[H]):[#7]:[#6](-[H]):[#7]:[#6]:2:3)-[#8]-[#6@]-1(-[H])-[#6](-[H])(-[H])-[#8]-[#15](=[#8])(-[#8]-[H])-[#8]-[#15](=[#8])(-[#8]-[H])-[#8:13]>>[H]-[#8:13],"EVODEX.1-P3321,EVODEX.1-P3680,EVODEX.1-P5981,EVODEX.1-P5996,EVODEX.1-P5999",57747810600625786787815774702662865017339026241771226372170257433017024121786
EVODEX.1-C471,[H]-[#8]-[#6@@]1(-[H])-[#6](-[H])(-[H])-[#6@](-[H])(-[#7]2:[#6](-[H]):[#6](-[#6](-[H])(-[H])-[H]):[#6](=[#8]):[#7](-[H]):[#6]:2=[#8])-[#8]-[#6@]-1(-[H])-[#6](-[H])(-[H])-[#8]-[#15](=[#8])(-[#8]-[H])-[#8]-[#15](=[#8])(-[#8]-[H])-[#8]-[#15:20].[H]-[#8:45]>>[#15:20]-[#8:45],"EVODEX.1-P3358,EVODEX.1-P3369,EVODEX.1-P3370,EVODEX.1-P3384,EVODEX.1-P3406",74860716330184294990538588133990889831368452773895112946403524634121525045036
EVODEX.1-C472,[H]-[#8]-[#6@@]1(-[H])-[#6@@](-[H])(-[#8]-[H])-[#6@](-[H])(-[#7]2:[#6](-[H]):[#7]:[#6]3:[#6](-[#7](-[H])-[H]):[#7]:[#6](-[H]):[#7]:[#6]:2:3)-[#8]-[#6@]-1(-[H])-[#6](-[H])(-[H])-[#8]-[#15](=[#8])(-[#8]-[H])-[#8]-[#15:48].([H]-[#8:17].[#6@@:25]-[#6@@:19])>>([#8:17]-[#15:48].[#6@:19]-[#6@:25]),"EVODEX.1-P3394,EVODEX.1-P3431,EVODEX.1-P3556,EVODEX.1-P3605,EVODEX.1-P3608",21581178074992020342681160413870545951059626592906411363713902066868302849688
EVODEX.1-C473,[H]-[#8]-[#15](=[#8])(-[#8]-[H])-[#8]-[#15](=[#8])(-[#8]-[H])-[#8:11]>>[H]-[#8:11],"EVODEX.1-P3432,EVODEX.1-P3439,EVODEX.1-P3590,EVODEX.1-P6010,EVODEX.1-P6017",61587746347593595015573461429674758697231997916083679371396406709952244360000
EVODEX.1-C474,[H]-[#8]-[#15](=[#8])(-[#8]-[H])-[#7:93]>>[H]-[#7:93],"EVODEX.1-P3480,EVODEX.1-P3504,EVODEX.1-P3515,EVODEX.1-P6130,EVODEX.1-P6137",107912685881180734751024606943552250917463062799454685334515241205297290122226
EVODEX.1-C475,[H]-[#7:9]>>[H]-[#8]-[#15](=[#8])(-[#8]-[H])-[#7:9],"EVODEX.1-P3498,EVODEX.1-P3499,EVODEX.1-P3501,EVODEX.1-P3513,EVODEX.1-P3522",35479429437192420918673953732241235594631539877748087059734591529084806366102
EVODEX.1-C476,[H]-[#7]=[#6]1:[#7](-[H]):[#6](=[#8]):[#6]2:[#7]:[#6](-[H]):[#7](-[#6@]3(-[H])-[#8]-[#6@](-[H])(-[#6](-[H])(-[H])-[#8]-[#15](=[#8])(-[#8]-[H])-[#8:18])-[#6@@](-[H])(-[#8]-[H])-[#6@@]-3(-[H])-[#8]-[H]):[#6]:2:[#7]:1-[H]>>[H]-[#8:18],"EVODEX.1-P3611,EVODEX.1-P3638,EVODEX.1-P3666,EVODEX.1-P3667,EVODEX.1-P3668",56302435936126633600374917358777976409260044477139538240581993487202592516201
EVODEX.1-C477,[H]-[#8:35]>>[H]-[#8]-[#6@@]1(-[H])-[#6@@](-[H])(-[#8]-[H])-[#6@](-[H])(-[#7]2:[#6](-[H]):[#7]:[#6]3:[#6](=[#8]):[#7](-[H]):[#6](-[#7](-[H])-[H]):[#7]:[#6]:2:3)-[#8]-[#6@]-1(-[H])-[#6](-[H])(-[H])-[#8]-[#15](=[#8])(-[#8]-[H])-[#8:35],"EVODEX.1-P3620,EVODEX.1-P3621,EVODEX.1-P3626,EVODEX.1-P3641,EVODEX.1-P3642",92851024510852539713001140833029213247339961117999767366933579292720319474541
EVODEX.1-C478,([H]-[#8]-[#15](=[#8])(-[#8]-[H])-[#8]-[#15](=[#8])(-[#8]-[H])-[#8]-[#15:16].[#6@:11]).[H]-[#8:32]>>([#15:16]-[#8:32].[#6@@:11]),"EVODEX.1-P3624,EVODEX.1-P3634,EVODEX.1-P5971,EVODEX.1-P5973,EVODEX.1-P5988",112096679397681705839348712150767101506863139324178075199278415979266101755634
EVODEX.1-C479,[H]-[#8]-[#6@@]1(-[H])-[#6@@](-[H])(-[#8]-[H])-[#6@](-[H])(-[#7]2:[#6](-[H]):[#6](-[H]):[#6](-[#7](-[H])-[H]):[#7]:[#6]:2=[#8])-[#8]-[#6@]-1(-[H])-[#6](-[H])(-[H])-[#8]-[#15](=[#8])(-[#8]-[H])-[#8:77]>>[H]-[#8:77],"EVODEX.1-P3627,EVODEX.1-P3697,EVODEX.1-P3719,EVODEX.1-P3720,EVODEX.1-P3725",89788155641504338172321197227516336763974102607566042996349473965902875889173
EVODEX.1-C480,([#8:32]-[#16:33].[#6@:37]-[#6@:43]).[H]-[#7:1]>>([H]-[#8:32].[#6@@:43]-[#6@@:37]).[#7:1]-[#16:33],"EVODEX.1-P3729,EVODEX.1-P3759,EVODEX.1-P3761,EVODEX.1-P3765,EVODEX.1-P3769",32162760831109713180685566757858665468082446449661252036806370325329489520298
EVODEX.1-C481,([H]-[#8:18].[#6@@:26]-[#6@@:20]).[#16:29]-[#8:32]>>([#8:18]-[#16:29].[#6@:20]-[#6@:26]).[H]-[#8:32],"EVODEX.1-P3730,EVODEX.1-P3743,EVODEX.1-P3776,EVODEX.1-P3778,EVODEX.1-P3780",109228978024884960229925132982255437833227801018530710854283678526244662630936
EVODEX.1-C482,[H]-[#8:3]>>[H]-[#8]-[#16](=[#8])(=[#8])-[#8:3],"EVODEX.1-P3732,EVODEX.1-P3735,EVODEX.1-P3737,EVODEX.1-P3740,EVODEX.1-P3752",39876395059433820863007858968723348954016682749745730296566988782814911063611
EVODEX.1-C483,[H]-[#8]-[#6@]1(-[H])-[#6@](-[H])(-[#8]-[#15](=[#8])(-[#8]-[H])-[#8]-[H])-[#6@@](-[H])(-[#6](-[H])(-[H])-[#8]-[#15](=[#8])(-[#8]-[H])-[#8]-[#16:33])-[#8]-[#6@@]-1(-[H])-[#7]1:[#6](-[H]):[#7]:[#6]2:[#6](-[#7](-[H])-[H]):[#7]:[#6](-[H]):[#7]:[#6]:1:2.[H]-[#7:1]>>[#7:1]-[#16:33],"EVODEX.1-P3757,EVODEX.1-P3760,EVODEX.1-P3766,EVODEX.1-P3768,EVODEX.1-P3770",44230731480695491829258750525693009833772535814345954175058748352455649079516
EVODEX.1-C484,[H]-[#7:1]>>[H]-[#8]-[#16](=[#8])(=[#8])-[#7:1],"EVODEX.1-P3758,EVODEX.1-P3762,EVODEX.1-P3763,EVODEX.1-P3764,EVODEX.1-P3767",73725353128975474522208012467210848472546245382865215499567207291043162808414
EVODEX.1-C485,[H]-[#8]-[#6](=[#8])-[#6](-[H])(-[H])-[#6](-[H])(-[H])-[#6](=[#8])-[#16:48].[H]-[#8]-[#6:60]>>[#16:48]-[#6:60],"EVODEX.1-P3794,EVODEX.1-P3797,EVODEX.1-P3798,EVODEX.1-P3818,EVODEX.1-P3825",91177233984623271638019335261797453106096000302310960156553663140621268916466
EVODEX.1-C486,[#6:57]-[#8:58]>>[H]-[#8]-[#6](=[#8])-[#6](-[H])(-[H])-[#6](-[H])(-[H])-[#6](=[#8])-[#8:58].[H]-[#8]-[#6@]1(-[H])-[#6@](-[H])(-[#8]-[#15](=[#8])(-[#8]-[H])-[#8]-[H])-[#6@@](-[H])(-[#6](-[H])(-[H])-[#8]-[#15](=[#8])(-[#8]-[H])-[#8]-[#15](=[#8])(-[#8]-[H])-[#8]-[#6](-[H])(-[H])-[#6](-[#6](-[H])(-[H])-[H])(-[#6](-[H])(-[H])-[H])-[#6@@](-[H])(-[#8]-[H])-[#6](=[#8])-[#7](-[H])-[#6](-[H])(-[H])-[#6](-[H])(-[H])-[#6](=[#8])-[#7](-[H])-[#6](-[H])(-[H])-[#6](-[H])(-[H])-[#16]-[#6:57])-[#8]-[#6@@]-1(-[H])-[#7]1:[#6](-[H]):[#7]:[#6]2:[#6](-[#7](-[H])-[H]):[#7]:[#6](-[H]):[#7]:[#6]:1:2,"EVODEX.1-P3795,EVODEX.1-P3796,EVODEX.1-P3799,EVODEX.1-P3808,EVODEX.1-P3809",539672637127789009552482005485312756351898239843610783203127447871900991336
EVODEX.1-C487,[#6:11]-[#16:13]>>[H]-[#6](-[H])(-[H])-[#6](=[#8])-[#6](-[H])(-[H])-[#6](=[#8])-[#16:13].[H]-[#8]-[#6:11],"EVODEX.1-P3814,EVODEX.1-P3828,EVODEX.1-P3833,EVODEX.1-P3838,EVODEX.1-P3840",56047801786248180243588871937260086320974962434156350645358114364102829089819
EVODEX.1-C488,[H]-[#6](-[H])(-[H])-[#6](=[#8])-[#6](-[H])(-[H])-[#6](=[#8])-[#16:7].[H]-[#8]-[#6:56]>>[#16:7]-[#6:56],"EVODEX.1-P3816,EVODEX.1-P3827,EVODEX.1-P3831,EVODEX.1-P3843,EVODEX.1-P3847",5444761600912635715152992133672755043960245841210892321728399830664679042058
EVODEX.1-C489,[#6:56]-[#8:57]>>[H]-[#6](-[H])(-[H])-[#6](=[#8])-[#6](-[H])(-[H])-[#6](=[#8])-[#8:57].[H]-[#8]-[#6@]1(-[H])-[#6@](-[H])(-[#8]-[#15](=[#8])(-[#8]-[H])-[#8]-[H])-[#6@@](-[H])(-[#6](-[H])(-[H])-[#8]-[#15](=[#8])(-[#8]-[H])-[#8]-[#15](=[#8])(-[#8]-[H])-[#8]-[#6](-[H])(-[H])-[#6](-[#6](-[H])(-[H])-[H])(-[#6](-[H])(-[H])-[H])-[#6@@](-[H])(-[#8]-[H])-[#6](=[#8])-[#7](-[H])-[#6](-[H])(-[H])-[#6](-[H])(-[H])-[#6](=[#8])-[#7](-[H])-[#6](-[H])(-[H])-[#6](-[H])(-[H])-[#16]-[#6:56])-[#8]-[#6@@]-1(-[H])-[#7]1:[#6](-[H]):[#7]:[#6]2:[#6](-[#7](-[H])-[H]):[#7]:[#6](-[H]):[#7]:[#6]:1:2,"EVODEX.1-P3817,EVODEX.1-P3834,EVODEX.1-P3835,EVODEX.1-P3841,EVODEX.1-P3848",91323660105639578251857716415715239841553162814050049359297749089837189908538
EVODEX.1-C490,[H]-[#6](-[H])(-[H])-[#6](=[#8])-[#6](-[H])(-[H])-[#6](=[#8])-[#8:7].[H]-[#8]-[#6@]1(-[H])-[#6@](-[H])(-[#8]-[#15](=[#8])(-[#8]-[H])-[#8]-[H])-[#6@@](-[H])(-[#6](-[H])(-[H])-[#8]-[#15](=[#8])(-[#8]-[H])-[#8]-[#15](=[#8])(-[#8]-[H])-[#8]-[#6](-[H])(-[H])-[#6](-[#6](-[H])(-[H])-[H])(-[#6](-[H])(-[H])-[H])-[#6@@](-[H])(-[#8]-[H])-[#6](=[#8])-[#7](-[H])-[#6](-[H])(-[H])-[#6](-[H])(-[H])-[#6](=[#8])-[#7](-[H])-[#6](-[H])(-[H])-[#6](-[H])(-[H])-[#16]-[#6:13])-[#8]-[#6@@]-1(-[H])-[#7]1:[#6](-[H]):[#7]:[#6]2:[#6](-[#7](-[H])-[H]):[#7]:[#6](-[H]):[#7]:[#6]:1:2>>[#8:7]-[#6:13],"EVODEX.1-P3830,EVODEX.1-P3832,EVODEX.1-P3836,EVODEX.1-P3839,EVODEX.1-P3842",12811422059981811038484500867039659174384769964221758020682777820412660728818
EVODEX.1-C491,[H]-[#6](-[H])(-[H])-[#6](-[H])(-[H])-[#6](-[H])(-[H])-[#6](=[#8])-[#8:6]>>[H]-[#8:6],"EVODEX.1-P3852,EVODEX.1-P3901,EVODEX.1-P3939,EVODEX.1-P4090,EVODEX.1-P4137",50325501088124993909831534232594266559706375896855583622336737030911250036857
EVODEX.1-C492,[H]-[#8]-[#6](-[H])(-[H])-[#6](-[H])(-[#8]-[H])-[#6](-[H])(-[H])-[#8:12]>>[H]-[#8:12],"EVODEX.1-P3854,EVODEX.1-P3906,EVODEX.1-P3959,EVODEX.1-P4021,EVODEX.1-P4246",112179076269366062124788268569119383115787828036454790393896373408808774576578
EVODEX.1-C493,[H]-[#6](-[H])(-[H])-[#6](-[H])(-[H])-[#6](-[H])(-[H])-[#6](-[H])(-[H])-[#6](-[H])(-[H])-[#6](-[H])(-[H])-[#6](-[H])(-[H])-[#6](-[H])(-[H])-[#6](-[H])(-[H])-[#6](-[H])(-[H])-[#6](-[H])(-[H])-[#6](-[H])(-[H])-[#6](-[H])(-[H])-[#6](-[H])(-[H])-[#6](-[H])(-[H])-[#6](-[H])(-[H])-[#6](-[H])(-[H])-[#6](=[#8])-[#8:20]>>[H]-[#8:20],"EVODEX.1-P3855,EVODEX.1-P4006,EVODEX.1-P4013,EVODEX.1-P4015,EVODEX.1-P4227",53814638025345695049339208488118824360545557651180682626640940906931926219626
EVODEX.1-C494,[H]-[#8]-[#6](-[H])(-[H])-[#6](-[H])(-[#8]-[H])-[#6](-[H])(-[H])-[#8]-[#6:18].[H]-[#8:26]>>[#6:18]-[#8:26],"EVODEX.1-P3856,EVODEX.1-P3859,EVODEX.1-P3860,EVODEX.1-P3873,EVODEX.1-P3958",56018034635788423447219138541580950970188689932156372940669549933233964369988
EVODEX.1-C495,[H]-[#6](-[H])(-[H])-[#6](-[H])(-[H])-[#6](-[H])(-[H])-[#6](-[H])(-[H])-[#8:5]>>[H]-[#8:5],"EVODEX.1-P3858,EVODEX.1-P3900,EVODEX.1-P3920,EVODEX.1-P4082,EVODEX.1-P4106",97559154724491105297744618830081658517098414866445451947960924147950379046166
EVODEX.1-C496,[H]-[#6]1:[#6](-[#8]-[#6:2]):[#6](-[H]):[#6]2:[#8]:[#6](=[#8]):[#6](-[H]):[#6](-[#6](-[H])(-[H])-[H]):[#6]:2:[#6]:1-[H].[H]-[#8:17]>>[#6:2]-[#8:17],"EVODEX.1-P3864,EVODEX.1-P3874,EVODEX.1-P3875,EVODEX.1-P3877,EVODEX.1-P3878",47804518660748578309795704895008400264004388189974331672741585421953375365948
EVODEX.1-C497,[H]-[#6](-[H])(-[H])-[#6](-[H])(-[H])-[#8]-[#6:10].[H]-[#8:15]>>[#6:10]-[#8:15],"EVODEX.1-P3869,EVODEX.1-P3915,EVODEX.1-P4026,EVODEX.1-P4029,EVODEX.1-P4093",24245828652225713031739872459200805962895241957058682355830696931639278520737
EVODEX.1-C498,[H]-[#6]1:[#6](-[H]):[#6](-[H]):[#6]2:[#6](-[H]):[#6](-[#8]-[#6:11]):[#6](-[H]):[#6](-[H]):[#6]:2:[#6]:1-[H].[H]-[#8:24]>>[#6:11]-[#8:24],"EVODEX.1-P3872,EVODEX.1-P3909,EVODEX.1-P3912,EVODEX.1-P4009,EVODEX.1-P5072",59364350976089519426775099270365031375303500078361342995243108962425989582200
EVODEX.1-C499,[H]-[#6]1:[#6](-[H]):[#6](-[H]):[#6]2:[#6](-[#8]-[#6:18]):[#6](-[H]):[#6](-[H]):[#6](-[H]):[#6]:2:[#6]:1-[H].[H]-[#8:31]>>[#6:18]-[#8:31],"EVODEX.1-P3880,EVODEX.1-P3882,EVODEX.1-P3883,EVODEX.1-P3919,EVODEX.1-P4014",59599823897791809606659316334829672173914695995642211527272621904836294959388
EVODEX.1-C500,[H]-[#6](-[H])(-[H])-[#6](-[H])(-[H])-[#6](-[H])(-[H])-[#6](-[H])(-[H])-[#6](-[H])(-[H])-[#6](=[#8])-[#8:8]>>[H]-[#8:8],"EVODEX.1-P3890,EVODEX.1-P3891,EVODEX.1-P3895,EVODEX.1-P3911,EVODEX.1-P3917",18403401454992395786746911394142536981580673028738377774496443853592690086012
EVODEX.1-C501,[H]-[#6](-[H])(-[H])-[#6](-[H])(-[H])-[#6](-[H])(-[H])-[#8:4]>>[H]-[#8:4],"EVODEX.1-P3893,EVODEX.1-P3946,EVODEX.1-P4052,EVODEX.1-P4130,EVODEX.1-P4507",67503777776079084503166904772653584999433505546499398915266496588748228741687
EVODEX.1-C502,[H]-[#6](-[H])(-[H])-[#6](-[H])(-[H])-[#6](-[H])(-[H])-[#6](-[H])(-[H])-[#6](=[#8])-[#8:7]>>[H]-[#8:7],"EVODEX.1-P3894,EVODEX.1-P3910,EVODEX.1-P3927,EVODEX.1-P4077,EVODEX.1-P4139",72611063158374993138927190502531954781321027274075948251218075396053363204812
EVODEX.1-C503,[H]-[#6]1=[#6]2-[#6](-[H])(-[H])-[#6@@](-[H])(-[#8]-[#6:20])-[#6](-[H])(-[H])-[#6](-[H])(-[H])-[#6@]-2(-[#6](-[H])(-[H])-[H])-[#6]2(-[H])-[#6](-[H])(-[H])-[#6](-[H])(-[H])-[#6@@]3(-[#6](-[H])(-[H])-[H])-[#6](-[H])(-[#6](-[H])(-[H])-[#6](-[H])(-[H])-[#6]-3(-[H])-[#6@](-[H])(-[#6](-[H])(-[H])-[H])-[#6](-[H])(-[H])-[#6](-[H])(-[H])-[#6](-[H])(-[H])-[#6](-[H])(-[#6](-[H])(-[H])-[H])-[#6](-[H])(-[H])-[H])-[#6]-2(-[H])-[#6]-1(-[H])-[H].[H]-[#8:50]>>[#6:20]-[#8:50],"EVODEX.1-P3896,EVODEX.1-P3936,EVODEX.1-P3938,EVODEX.1-P3940,EVODEX.1-P3941",57937146030860795234400488726646428201130386263053012661664130350357413302954
EVODEX.1-C504,[H]-[#6](-[H])=[#6](-[H])-[#8:3]>>[H]-[#8:3],"EVODEX.1-P3898,EVODEX.1-P3925,EVODEX.1-P4098,EVODEX.1-P4100,EVODEX.1-P4102",35594066832482300120306353533429549490122858238717258220775912658754194694096
EVODEX.1-C505,[H]-[#6](-[H])(-[H])-[#6](=[#8])-[#8:4]>>[H]-[#8:4],"EVODEX.1-P3928,EVODEX.1-P4044,EVODEX.1-P4046,EVODEX.1-P4078,EVODEX.1-P4153",1403129383574404407252071698393793199544130229982523585673325244078079185378
EVODEX.1-C506,[H]-[#6]1:[#6](-[H]):[#6](-[H]):[#6](-[#6](-[H])(-[H])-[#8]-[#6:3]):[#6](-[H]):[#6]:1-[H].[H]-[#8:1]>>[#8:1]-[#6:3],"EVODEX.1-P3931,EVODEX.1-P3932,EVODEX.1-P4049,EVODEX.1-P4050,EVODEX.1-P5652",110919180797658587628880048383949948472663871337494631126010806468657552204645
EVODEX.1-C507,[H]-[#6](=[#6](-[H])-[#6](-[H])(-[H])-[#6](-[H])=[#6](-[H])-[#6](-[H])(-[H])-[#6](-[H])(-[H])-[#6](-[H])(-[H])-[#6](=[#8])-[#8:22])-[#6](-[H])(-[H])-[#6](-[H])=[#6](-[H])-[#6](-[H])(-[H])-[#6](-[H])=[#6](-[H])-[#6](-[H])(-[H])-[#6](-[H])(-[H])-[#6](-[H])(-[H])-[#6](-[H])(-[H])-[#6](-[H])(-[H])-[H]>>[H]-[#8:22],"EVODEX.1-P3955,EVODEX.1-P3956,EVODEX.1-P3964,EVODEX.1-P4041,EVODEX.1-P4072",102950271731145635956882830547720445251264396030135339052555412248234675018271
EVODEX.1-C508,[H]-[#8]>>[H]-[#8]-[#6](-[H])(-[H])-[#6](-[H])(-[#8]-[H])-[#6](-[H])(-[H])-[#8],"EVODEX.1-P3962,EVODEX.1-P3963,EVODEX.1-P3970,EVODEX.1-P4119,EVODEX.1-P4124",78669439999312288095027118907061297998632580339654594935886490154501649185144
EVODEX.1-C509,([#6:20]-[#8:21].[#6@@:18])>>([H]-[#8]-[#6:20].[#8:21]-[H].[#6@:18]),"EVODEX.1-P3978,EVODEX.1-P3982,EVODEX.1-P4142,EVODEX.1-P4147,EVODEX.1-P4149",58706650086809533286418729671855398646799593864939840173321151472216385054617
EVODEX.1-C510,[H]-[#6](-[H])=[#6](-[H])-[#8]-[#6:4].[H]-[#8:15]>>[#6:4]-[#8:15],"EVODEX.1-P3998,EVODEX.1-P4011,EVODEX.1-P4024,EVODEX.1-P4080,EVODEX.1-P4132",22406117811980557403782808580098510018625898839116238145626919694426114849893
EVODEX.1-C511,[H]-[#7](-[H])-[#6@@](-[H])(-[#6](=[#8])-[#7:8])-[#6](-[H])(-[#6](-[H])(-[H])-[H])-[#6](-[H])(-[H])-[H]>>[H]-[#7:8],"EVODEX.1-P4051,EVODEX.1-P4592,EVODEX.1-P4649,EVODEX.1-P4680,EVODEX.1-P4705",34659515404657260453898727063263114803815225657099751563385301529476563656150
EVODEX.1-C512,[H]-[#8]-[#6](=[#8])-[#6]1(-[H])-[#7]2-[#6](=[#8])-[#6](-[H])(-[#7](-[H])-[#6:8])-[#6]-2(-[H])-[#16]-[#6]-1(-[#6](-[H])(-[H])-[H])-[#6](-[H])(-[H])-[H]>>[H]-[#8]-[#6:8],"EVODEX.1-P4055,EVODEX.1-P4063,EVODEX.1-P5453,EVODEX.1-P5457,EVODEX.1-P5477",34106394071857412631245759446426655837226862386829071942286658139528293468973
EVODEX.1-C513,[H]-[#6]1:[#6](-[#8:10]):[#6](-[H]):[#6]2:[#8]:[#6](=[#8]):[#6](-[H]):[#6](-[#6](-[H])(-[H])-[H]):[#6]:2:[#6]:1-[H]>>[H]-[#8:10],"EVODEX.1-P4125,EVODEX.1-P4381,EVODEX.1-P4386,EVODEX.1-P4455,EVODEX.1-P4462",92288415172770348822388833211517795537744050376926113843814327426642136594330
EVODEX.1-C514,[H]-[#7](-[#6@]1(-[H])-[#6](=[#8])-[#8]-[#6](-[H])(-[H])-[#6]-1(-[H])-[H])-[#6:4].[H]-[#8:13]>>[#6:4]-[#8:13],"EVODEX.1-P4143,EVODEX.1-P4151,EVODEX.1-P4152,EVODEX.1-P5837,EVODEX.1-P5839",98537152594015815023727973197353309858404555337875579257986298812614534234686
EVODEX.1-C515,[H]-[#7](-[#6@]1(-[H])-[#6](=[#8])-[#8]-[#6](-[H])(-[H])-[#6]-1(-[H])-[H])-[#6:8]>>[H]-[#8]-[#6:8],"EVODEX.1-P4144,EVODEX.1-P5835,EVODEX.1-P5836,EVODEX.1-P5838,EVODEX.1-P5840",14379531065506859059162312465532794994471018264092362625690511057418927739060
EVODEX.1-C516,[H]-[#6](-[H])(-[H])-[#6](-[H])(-[H])-[#6](-[H])(-[H])-[#6](-[H])(-[H])-[#6](-[H])(-[H])-[#6](=[#8])-[#7:8]>>[H]-[#7:8],"EVODEX.1-P4150,EVODEX.1-P5455,EVODEX.1-P5590,EVODEX.1-P5660,EVODEX.1-P5662",44689471310331880525947079072161040785929294591493978944724128445728544041063
EVODEX.1-C517,[H]-[#8]-[#6](=[#8])-[#6](-[H])(-[H])-[#7](-[H])-[#6:5]>>[H]-[#8]-[#6:5],"EVODEX.1-P4168,EVODEX.1-P4612,EVODEX.1-P4796,EVODEX.1-P4885,EVODEX.1-P5613",108807013995967730993411266943906473487042713862651793787692214344079755792169
EVODEX.1-C518,([#15:13]-[#8:16].[#6@@:9])>>([H]-[#8]-[#15:13].[#6@:9]).[H]-[#8:16],"EVODEX.1-P4188,EVODEX.1-P4247,EVODEX.1-P4248,EVODEX.1-P5969,EVODEX.1-P5972",14516318835674362209823680938538387001203838802223702351086143705596431386226
EVODEX.1-C519,([#15:16]-[#8:19].[#6@:28]-[#6@:30])>>[H]-[#8:19].([H]-[#8]-[#15:16].[#6@@:30]-[#6@@:28]),"EVODEX.1-P4192,EVODEX.1-P4196,EVODEX.1-P4237,EVODEX.1-P6015,EVODEX.1-P6021",72208644992576140693077476546429593474396430730552915093775802551301184717893
EVODEX.1-C520,[#6:21](-[#6@:20])-[#8:22].[H]-[#8:51]>>[#6:20]-[#6:21]-[#8:51].[H]-[#8:22],"EVODEX.1-P4219,EVODEX.1-P4239,EVODEX.1-P4240,EVODEX.1-P4242,EVODEX.1-P4244",85651499153387588770467834787888827654596307752703733029399124951579330123160
EVODEX.1-C521,[H]-[#8:61]>>[H]-[#8]-[#15](=[#8])(-[#8]-[#6](-[H])(-[H])-[#6@](-[H])(-[#8]-[#6](=[#8])-[#6](-[H])(-[H])-[#6](-[H])(-[H])-[#6](-[H])(-[H])-[#6](-[H])(-[H])-[#6](-[H])(-[H])-[#6](-[H])(-[H])-[#6](-[H])(-[H])-[#6](-[H])=[#6](-[H])-[#6](-[H])(-[H])-[#6](-[H])(-[H])-[#6](-[H])(-[H])-[#6](-[H])(-[H])-[#6](-[H])(-[H])-[#6](-[H])(-[H])-[#6](-[H])(-[H])-[#6](-[H])(-[H])-[H])-[#6](-[H])(-[H])-[#8]-[#6](=[#8])-[#6](-[H])(-[H])-[#6](-[H])(-[H])-[#6](-[H])(-[H])-[#6](-[H])(-[H])-[#6](-[H])(-[H])-[#6](-[H])(-[H])-[#6](-[H])(-[H])-[#6](-[H])=[#6](-[H])-[#6](-[H])(-[H])-[#6](-[H])(-[H])-[#6](-[H])(-[H])-[#6](-[H])(-[H])-[#6](-[H])(-[H])-[#6](-[H])(-[H])-[#6](-[H])(-[H])-[#6](-[H])(-[H])-[H])-[#8:61],"EVODEX.1-P4249,EVODEX.1-P4251,EVODEX.1-P4252,EVODEX.1-P4253,EVODEX.1-P4254",104471846497837930675046142066303823908444782564205889174756694325099563938194
EVODEX.1-C522,[H]-[#8]-[#16](=[#8])(=[#8])-[#8]-[#6@:4].[H]-[#8:16]>>[#8:16]-[#6@:4],"EVODEX.1-P4266,EVODEX.1-P4271,EVODEX.1-P4276,EVODEX.1-P4283,EVODEX.1-P4286",22309019394556042292794892190916592046192820083883109098066224969239855086976
EVODEX.1-C523,([#8:14]-[#6@:13]-[#6@:11]-[#6@@:9].[#6@@:82].[#6@@:85]-[#6@:87]-[#6@@:89])>>[H]-[#8:14].([H]-[#8]-[#6@@:13]-[#6@@:11]-[#6@:9].[#6@:89]-[#6@@:87]-[#6@:85].[#6@:82]),"EVODEX.1-P4301,EVODEX.1-P4372,EVODEX.1-P4374,EVODEX.1-P4413,EVODEX.1-P4510",68465511314008206515479795234319185222834675720102498640488291728684622669309
EVODEX.1-C524,[#6:19]-[#8:20]-[#6@@:21]>>[H]-[#8]-[#6:19].[H]-[#8:20]-[#6:21],"EVODEX.1-P4303,EVODEX.1-P4309,EVODEX.1-P4410,EVODEX.1-P4468,EVODEX.1-P4490",92975003424184413023487358183728490316998839561783728334757428391837161557584
EVODEX.1-C525,[#8:7]-[#6@:6]-[#6@@:30]-[#6@:32]-[#6@@:34]>>[H]-[#8]-[#6:6]-[#6@:30]-[#6@@:32]-[#6@:34].[H]-[#8:7],"EVODEX.1-P4308,EVODEX.1-P4375,EVODEX.1-P4466,EVODEX.1-P4470,EVODEX.1-P4525",101723471122429546309642019848542375500500881176563632203558925226274244898418
EVODEX.1-C526,[H]-[#8]-[#6@@]1(-[H])-[#6@](-[H])(-[#8]-[H])-[#6@@](-[H])(-[#6](-[H])(-[H])-[#8]-[#15](=[#8])(-[#8]-[H])-[#8]-[H])-[#8]-[#6@@](-[H])(-[#8:11])-[#6@]-1(-[H])-[#8]-[H]>>[H]-[#8:11],"EVODEX.1-P4329,EVODEX.1-P4330,EVODEX.1-P4331,EVODEX.1-P4534,EVODEX.1-P4535",83573129745813850382251760952876835768420135041168260453467821479391323590654
EVODEX.1-C527,[H]-[#8]-[#6](=[#8])-[#6@@]1(-[H])-[#8]-[#6@](-[H])(-[#8:9])-[#6@](-[H])(-[#8]-[H])-[#6@@](-[H])(-[#8]-[H])-[#6@]-1(-[H])-[#8]-[#6](-[H])(-[H])-[H]>>[H]-[#8:9],"EVODEX.1-P4338,EVODEX.1-P4339,EVODEX.1-P4340,EVODEX.1-P4343,EVODEX.1-P4344",48306919868535582245520320720643817774279444553404503624703191595145439712119
EVODEX.1-C528,[H]-[#8:1].([#8:14]-[#6@:13]-[#6@:11]-[#6@@:9].[#6@@:82].[#6@@:85]-[#6@:87]-[#6@@:89])>>[H]-[#8:14].([#8:1]-[#6@@:13]-[#6@@:11]-[#6@:9].[#6@:89]-[#6@@:87]-[#6@:85].[#6@:82]),"EVODEX.1-P4341,EVODEX.1-P4373,EVODEX.1-P4411,EVODEX.1-P4447,EVODEX.1-P4508",15275068457103781105511607002740318339635621134745400222218203379588707400186
EVODEX.1-C529,[H]-[#8]-[#6](-[H])(-[H])-[#6@@]1(-[H])-[#8]-[#6](-[H])(-[#8:7])-[#6@](-[H])(-[#7](-[H])-[#6](=[#8])-[#6](-[H])(-[H])-[H])-[#6@@](-[H])(-[#8]-[H])-[#6@@]-1(-[H])-[#8]-[H]>>[H]-[#8:7],"EVODEX.1-P4345,EVODEX.1-P4396,EVODEX.1-P4409,EVODEX.1-P4495,EVODEX.1-P4546",98025225608860721740185134556822404171558748405833433080844439957135249172329
EVODEX.1-C530,[H]-[#8]-[#6](=[#8])-[#6@]1(-[#8:15])-[#8]-[#6@@](-[H])(-[#6@](-[H])(-[#8]-[H])-[#6@](-[H])(-[#8]-[H])-[#6](-[H])(-[H])-[#8]-[H])-[#6@](-[H])(-[#7](-[H])-[#6](=[#8])-[#6](-[H])(-[H])-[H])-[#6@@](-[H])(-[#8]-[H])-[#6]-1(-[H])-[H]>>[H]-[#8:15],"EVODEX.1-P4349,EVODEX.1-P4417,EVODEX.1-P4419,EVODEX.1-P4422,EVODEX.1-P4423",24321122399193482951324361418857752615336510223343582104847391656117539462472
EVODEX.1-C531,[H]-[#8:1].([#8:12]-[#6@@:11]-[#6@@:24]-[#6@:26]-[#6@@:28].[#6@@:41]-[#6@:43]-[#6@@:45])>>[H]-[#8:12].([#8:1]-[#6@@:11]-[#6@:24]-[#6@@:26]-[#6@:28].[#6@:45]-[#6@@:43]-[#6@:41]),"EVODEX.1-P4352,EVODEX.1-P4370,EVODEX.1-P4449,EVODEX.1-P4494,EVODEX.1-P4547",47973273075294671981093284853145641839060734353011246077105575145882762910992
EVODEX.1-C532,[H]-[#8]-[#6](-[H])(-[H])-[#6@@]1(-[H])-[#8]-[#6@@](-[H])(-[#16:18])-[#6@](-[H])(-[#8]-[H])-[#6@@](-[H])(-[#8]-[H])-[#6@]-1(-[H])-[#8]-[H]>>[H]-[#16:18],"EVODEX.1-P4353,EVODEX.1-P4359,EVODEX.1-P4362,EVODEX.1-P4364,EVODEX.1-P4365",5543992722630410083073446530029018349781571124452176372665662180169311079832
EVODEX.1-C533,[H]-[#8:1].([#8:7]-[#6@@:6]-[#6@:4].[#6@:73])>>([#8:1]-[#6@@:6]-[#6@@:4].[#6@@:73]).[H]-[#8:7],"EVODEX.1-P4378,EVODEX.1-P4480,EVODEX.1-P4483,EVODEX.1-P4529,EVODEX.1-P4532",81732297145524840637762150184916200560733619627009493515638798188168343075830
EVODEX.1-C534,[H]-[#8]-[#6@]1(-[H])-[#6@@](-[H])(-[#8]-[H])-[#6@](-[H])(-[#8:7])-[#8]-[#6](-[H])(-[H])-[#6@@]-1(-[H])-[#8]-[H]>>[H]-[#8:7],"EVODEX.1-P4380,EVODEX.1-P4477,EVODEX.1-P4481,EVODEX.1-P4482,EVODEX.1-P4533",20432156887843245172532743704340345080688194784398563137258180378456252942002
EVODEX.1-C535,[H]-[#8:44]>>[H]-[#8]-[#6@@]1(-[H])-[#6@@](-[H])(-[#8]-[H])-[#6@](-[H])(-[#8]-[#6](-[H])(-[H])-[#6@@]2(-[H])-[#8]-[#6@@](-[H])(-[#8:44])-[#6@](-[H])(-[#8]-[H])-[#6@@](-[H])(-[#8]-[H])-[#6@]-2(-[H])-[#8]-[H])-[#8]-[#6@@](-[H])(-[#6](-[H])(-[H])-[H])-[#6@]-1(-[H])-[#8]-[H],"EVODEX.1-P4384,EVODEX.1-P4385,EVODEX.1-P4387,EVODEX.1-P4389,EVODEX.1-P4390",63584881097058201228156744822243108760275892920347473162710500893854964073819
EVODEX.1-C536,[H]-[#7](-[#6](=[#8])-[#6](-[H])(-[H])-[H])-[#6@]1(-[H])-[#6@@](-[H])(-[#8]-[#6](=[#8])-[#6](-[H])(-[H])-[H])-[#6@](-[H])(-[#8]-[#6](=[#8])-[#6](-[H])(-[H])-[H])-[#6@@](-[H])(-[#6](-[H])(-[H])-[#8]-[#6](=[#8])-[#6](-[H])(-[H])-[H])-[#8]-[#6@@]-1(-[H])-[#8:7]>>[H]-[#8:7],"EVODEX.1-P4393,EVODEX.1-P4398,EVODEX.1-P4402,EVODEX.1-P4404,EVODEX.1-P4406",32493281120249392613010431668727385902352083587842786930687053136960073373006
EVODEX.1-C537,[H]-[#7](-[#6](=[#8])-[#6](-[H])(-[H])-[#6](-[H])(-[H])-[#6](-[H])(-[H])-[H])-[#6@]1(-[H])-[#6@@](-[H])(-[#8]-[#6](=[#8])-[#6](-[H])(-[H])-[H])-[#6@](-[H])(-[#8]-[#6](=[#8])-[#6](-[H])(-[H])-[H])-[#6@@](-[H])(-[#6](-[H])(-[H])-[#8]-[#6](=[#8])-[#6](-[H])(-[H])-[H])-[#8]-[#6@@]-1(-[H])-[#8:9]>>[H]-[#8:9],"EVODEX.1-P4394,EVODEX.1-P4395,EVODEX.1-P4399,EVODEX.1-P4403,EVODEX.1-P4407",448246405171886151321779968099665089434275561063914351486232600359108012643
EVODEX.1-C538,[H]-[#8:1].[#8:7]-[#6@:6]-[#6@@:35]-[#6@:37]>>[#8:1]-[#6@@:6]-[#6@:35]-[#6@@:37].[H]-[#8:7],"EVODEX.1-P4430,EVODEX.1-P4512,EVODEX.1-P4517,EVODEX.1-P4522,EVODEX.1-P4523",69313572909179176952597867550674192369635275969496746900330197721213943863536
EVODEX.1-C539,[H]-[#8]-[#6@]1(-[H])-[#6@@](-[H])(-[#8]-[H])-[#6@@](-[H])(-[#8:5])-[#8]-[#6@](-[H])(-[#6](-[H])(-[H])-[H])-[#6@]-1(-[H])-[#8]-[H]>>[H]-[#8:5],"EVODEX.1-P4445,EVODEX.1-P4457,EVODEX.1-P4485,EVODEX.1-P4498,EVODEX.1-P4499",8993755529524581339344179046213741190572396737412803901358104693381167377073
EVODEX.1-C540,[#8:7]-[#6@:6]-[#6@@:26]-[#6@:28]>>[H]-[#8]-[#6:6]-[#6@:26]-[#6@@:28].[H]-[#8:7],"EVODEX.1-P4511,EVODEX.1-P4514,EVODEX.1-P4518,EVODEX.1-P4519,EVODEX.1-P4521",71956121769687145170688482411295013023789381381619978344914098606300194721426
EVODEX.1-C541,[H]-[#8]-[#6](-[H])(-[H])-[#6@@]1(-[H])-[#8]-[#6@](-[H])(-[#8:2])-[#6@@](-[H])(-[#8]-[H])-[#6@]-1(-[H])-[#8]-[H]>>[H]-[#8:2],"EVODEX.1-P4513,EVODEX.1-P4515,EVODEX.1-P4516,EVODEX.1-P4520,EVODEX.1-P6436",48268717953163883740392645422194371514869530096321131728685566974427207749652
EVODEX.1-C542,[H]-[#8:36]>>[H]-[#8]-[#6](-[H])(-[H])-[#6@@]1(-[H])-[#8]-[#6@@](-[H])(-[#8]-[#6]2(-[H])-[#6@@](-[H])(-[#8]-[H])-[#6@@](-[H])(-[#6](-[H])(-[H])-[#8]-[H])-[#8]-[#6@@](-[H])(-[#8:36])-[#6@]-2(-[H])-[#7](-[H])-[#6](=[#8])-[#6](-[H])(-[H])-[H])-[#6@](-[H])(-[#8]-[H])-[#6@@](-[H])(-[#8]-[H])-[#6@@]-1(-[H])-[#8]-[H],"EVODEX.1-P4539,EVODEX.1-P4541,EVODEX.1-P4543,EVODEX.1-P4544,EVODEX.1-P4545",45284705960206591250403651357396485172787734263463809651064094969808468124899
EVODEX.1-C543,[H]-[#7](-[H])-[#6@](-[H])(-[#6](=[#8])-[#7:18])-[#6](-[H])(-[H])-[#6](-[H])(-[H])-[#16]-[#6](-[H])(-[H])-[H]>>[H]-[#7:18],"EVODEX.1-P4560,EVODEX.1-P4574,EVODEX.1-P4629,EVODEX.1-P4653,EVODEX.1-P4654",42330544543290951631786961744976821574650511204577413729658059884941418614633
EVODEX.1-C544,[H]-[#8]-[#6](=[#8])-[#6](-[H])(-[H])-[#7](-[H])-[#6:29].[H]-[#8:36]>>[#6:29]-[#8:36],"EVODEX.1-P4573,EVODEX.1-P4611,EVODEX.1-P4889,EVODEX.1-P5554,EVODEX.1-P5615",52439978412383623253380905363611062716417028098459068375413187937833619538301
EVODEX.1-C545,[H]-[#8]-[#6](=[#8])-[#6@](-[H])(-[#7](-[H])-[#6:3])-[#6](-[H])(-[H])-[#6](-[H])(-[#6](-[H])(-[H])-[H])-[#6](-[H])(-[H])-[H]>>[H]-[#8]-[#6:3],"EVODEX.1-P4575,EVODEX.1-P4577,EVODEX.1-P4579,EVODEX.1-P4899,EVODEX.1-P5795",10664421515288549564437752492526747537925545647568596601867942606320019903946
EVODEX.1-C546,[H]-[#7](-[H])-[#6@](-[H])(-[#6](=[#8])-[#7:6])-[#6](-[H])(-[H])-[H]>>[H]-[#7:6],"EVODEX.1-P4576,EVODEX.1-P4624,EVODEX.1-P4625,EVODEX.1-P4631,EVODEX.1-P4632",71686637921862858129578889304703574261587716092680186401676968812612577178243
EVODEX.1-C547,[H]-[#6]1:[#6](-[H]):[#6](-[H]):[#6]2:[#6](:[#6]:1-[H]):[#6](-[#6](-[H])(-[H])-[#6@@](-[H])(-[#6](=[#8])-[#7:15])-[#7](-[H])-[H]):[#6](-[H]):[#7]:2-[H]>>[H]-[#7:15],"EVODEX.1-P4580,EVODEX.1-P4626,EVODEX.1-P4640,EVODEX.1-P4648,EVODEX.1-P4686",56896069173505766098465183784700485048726914563486725838559506701893544845003
EVODEX.1-C548,[H]-[#8]-[#6](=[#8])-[#6@@](-[H])(-[#7](-[H])-[#6:7])-[#6](-[H])(-[H])-[#6](-[H])(-[H])-[#16]-[#6](-[H])(-[H])-[H].[H]-[#8:14]>>[#6:7]-[#8:14],"EVODEX.1-P4581,EVODEX.1-P4782,EVODEX.1-P5424,EVODEX.1-P5529,EVODEX.1-P5555",67978238406566367248075131191211350883128158717298766353223605088303117247306
EVODEX.1-C549,[H]-[#8]-[#6](=[#8])-[#6@@](-[H])(-[#7](-[H])-[#6:10])-[#6](-[H])(-[H])-[#6](-[H])(-[H])-[#16]-[#6](-[H])(-[H])-[H]>>[H]-[#8]-[#6:10],"EVODEX.1-P4582,EVODEX.1-P4777,EVODEX.1-P4888,EVODEX.1-P5538,EVODEX.1-P5541",60156598578142606809280825571137908180564027011816573624253719768428568332999
EVODEX.1-C550,[H]-[#8]-[#6](=[#8])-[#6@@](-[H])(-[#7](-[H])-[#6:42])-[#6](-[H])(-[H])-[#8]-[H]>>[H]-[#8]-[#6:42],"EVODEX.1-P4583,EVODEX.1-P4794,EVODEX.1-P4880,EVODEX.1-P5180,EVODEX.1-P7502",107647471356349264558047245716487252456157243035048516001551260204114276943968
EVODEX.1-C551,[H]-[#8]-[#6](=[#8])-[#6](-[H])(-[#7](-[H])-[#6:3])-[#6](-[H])(-[H])-[#6]1:[#6](-[H]):[#6](-[H]):[#6](-[#8]-[H]):[#6](-[H]):[#6]:1-[H]>>[H]-[#8]-[#6:3],"EVODEX.1-P4584,EVODEX.1-P4594,EVODEX.1-P4809,EVODEX.1-P4965,EVODEX.1-P5552",35195316268447842208269426648862341084377649205059412971987878954363600128917
EVODEX.1-C552,[H]-[#8]-[#6](=[#8])-[#6@@](-[H])(-[#7](-[H])-[#6:7])-[#6](-[H])(-[H])-[#6](=[#8])-[#7](-[H])-[H]>>[H]-[#8]-[#6:7],"EVODEX.1-P4586,EVODEX.1-P4952,EVODEX.1-P5128,EVODEX.1-P5429,EVODEX.1-P5558",43406375314179925529823350559268112301480948339659837073061577994891332917991
EVODEX.1-C553,[H]-[#7](-[H])-[#6@](-[H])(-[#6](=[#8])-[#7:9])-[#6](-[H])(-[H])-[#6](-[H])(-[#6](-[H])(-[H])-[H])-[#6](-[H])(-[H])-[H]>>[H]-[#7:9],"EVODEX.1-P4589,EVODEX.1-P4597,EVODEX.1-P4607,EVODEX.1-P4646,EVODEX.1-P5353",86554912862787731675869923265462811350610145995849013143928479910561639752077
EVODEX.1-C554,[H]-[#8]-[#6](=[#8])-[#6@](-[H])(-[#7](-[H])-[#6:3])-[#6](-[H])(-[H])-[#6](-[H])(-[#6](-[H])(-[H])-[H])-[#6](-[H])(-[H])-[H].[H]-[#8:14]>>[#6:3]-[#8:14],"EVODEX.1-P4591,EVODEX.1-P4603,EVODEX.1-P4969,EVODEX.1-P5487,EVODEX.1-P5794",73743002028689000963613431421882173785779841469278691993770123106087076325454
EVODEX.1-C555,[H]-[#8]-[#6]1:[#6](-[H]):[#6](-[H]):[#6](-[#6](-[H])(-[H])-[#6@@](-[H])(-[#6](=[#8])-[#7:13])-[#7](-[H])-[H]):[#6](-[H]):[#6]:1-[H]>>[H]-[#7:13],"EVODEX.1-P4593,EVODEX.1-P4644,EVODEX.1-P4670,EVODEX.1-P4671,EVODEX.1-P4922",89175118552919541416707764510157060244221981841542973798080515908499711120308
EVODEX.1-C556,[H]-[#8]-[#6](=[#8])-[#6@@](-[H])(-[#7](-[H])-[#6:7])-[#6@@](-[H])(-[#6](-[H])(-[H])-[H])-[#6](-[H])(-[H])-[#6](-[H])(-[H])-[H]>>[H]-[#8]-[#6:7],"EVODEX.1-P4596,EVODEX.1-P4690,EVODEX.1-P4819,EVODEX.1-P4979,EVODEX.1-P5522",72852390484601768944230684722076927184923720329939900816243817067007113802785
EVODEX.1-C557,[H]-[#8]-[#6](=[#8])-[#6@@](-[H])(-[#7](-[H])-[#6:12])-[#6](-[H])(-[#6](-[H])(-[H])-[H])-[#6](-[H])(-[H])-[H]>>[H]-[#8]-[#6:12],"EVODEX.1-P4598,EVODEX.1-P4630,EVODEX.1-P4978,EVODEX.1-P4988,EVODEX.1-P5532",61428215226849711712248363014654023704475444491142233337645846381352967763341
EVODEX.1-C558,[H]-[#8]-[#6](-[H])(-[H])-[#6@@](-[H])(-[#6](=[#8])-[#7:13])-[#7](-[H])-[H]>>[H]-[#7:13],"EVODEX.1-P4601,EVODEX.1-P4617,EVODEX.1-P4699,EVODEX.1-P4790,EVODEX.1-P4810",11310774695302461979405365400545767495509626391616991711822246012421336150106
EVODEX.1-C559,[H]-[#8]-[#6](=[#8])-[#6](-[H])(-[H])-[#6@@](-[H])(-[#6](=[#8])-[#7:18])-[#7](-[H])-[H]>>[H]-[#7:18],"EVODEX.1-P4604,EVODEX.1-P4639,EVODEX.1-P4688,EVODEX.1-P4990,EVODEX.1-P5156",90024191394509978831928778342195495154095754736831247426664133485460991373896
EVODEX.1-C560,[H]-[#8]-[#6](=[#8])-[#6](-[H])(-[#7](-[H])-[#6:8])-[#6](-[H])(-[H])-[#6](-[H])(-[H])-[#6](=[#8])-[#7](-[H])-[H]>>[H]-[#8]-[#6:8],"EVODEX.1-P4606,EVODEX.1-P4987,EVODEX.1-P5515,EVODEX.1-P5516,EVODEX.1-P5648",94550586776914680435718050778960773513446260797745405240413989015094219588426
EVODEX.1-C561,[H]-[#6]1:[#6](-[H]):[#6](-[H]):[#6](-[#6](-[H])(-[H])-[#6@@](-[H])(-[#6](=[#8])-[#7:12])-[#7](-[H])-[H]):[#6](-[H]):[#6]:1-[H]>>[H]-[#7:12],"EVODEX.1-P4609,EVODEX.1-P4668,EVODEX.1-P4685,EVODEX.1-P4742,EVODEX.1-P4812",91935833222103943977554076183925158745048615907849351867605404507777227571503
EVODEX.1-C562,[H]-[#6]1:[#6](-[#7](-[H])-[#6:9]):[#6](-[H]):[#6]2:[#8]:[#6](=[#8]):[#6](-[H]):[#6](-[#6](-[H])(-[H])-[#6](=[#8])-[#7](-[H])-[H]):[#6]:2:[#6]:1-[H].[H]-[#8:27]>>[#6:9]-[#8:27],"EVODEX.1-P4613,EVODEX.1-P4658,EVODEX.1-P4661,EVODEX.1-P4663,EVODEX.1-P4678",3872047177959773584931346742538855237894491624399844133764758726973796752413
EVODEX.1-C563,[H]-[#8]-[#6](=[#8])-[#6](-[H])(-[H])-[#7](-[H])-[#6](=[#8])-[#6](-[H])(-[H])-[#7](-[H])-[#6:15].[H]-[#8:30]>>[#6:15]-[#8:30],"EVODEX.1-P4614,EVODEX.1-P4616,EVODEX.1-P4637,EVODEX.1-P4859,EVODEX.1-P4866",65646003880518554460886286931590960910951496264919076996452601639718806512125
EVODEX.1-C564,[H]-[#7]1-[#6](-[H])(-[H])-[#6](-[H])(-[H])-[#6](-[H])(-[H])-[#6@@]-1(-[H])-[#6](=[#8])-[#7:4]>>[H]-[#7:4],"EVODEX.1-P4615,EVODEX.1-P4620,EVODEX.1-P4746,EVODEX.1-P4781,EVODEX.1-P4806",75447649044514086891971104603252661747657291246818520398388066775341039206462
EVODEX.1-C565,[H]-[#8]-[#6](=[#8])-[#6](-[H])(-[H])-[#7](-[H])-[#6](=[#8])-[#6](-[H])(-[H])-[#7](-[H])-[#6:11]>>[H]-[#8]-[#6:11],"EVODEX.1-P4618,EVODEX.1-P4679,EVODEX.1-P4744,EVODEX.1-P4818,EVODEX.1-P4860",60877347306743989747424423736600147353005808925934851489163506835770686884119
EVODEX.1-C566,[H]-[#8]-[#6](=[#8])-[#6@@](-[H])(-[#7](-[H])-[#6](=[#8])-[#6@@](-[H])(-[#7](-[H])-[#6:25])-[#6](-[H])(-[H])-[H])-[#6](-[H])(-[H])-[H]>>[H]-[#8]-[#6:25],"EVODEX.1-P4619,EVODEX.1-P5357,EVODEX.1-P5359,EVODEX.1-P5362,EVODEX.1-P5365",18283602590933922790537921243455962021192892781398254857023864663377665112035
EVODEX.1-C567,[H]-[#7](-[H])-[#6](-[H])(-[H])-[#6](-[H])(-[H])-[#6](-[H])(-[H])-[#6](-[H])(-[H])-[#6@@](-[H])(-[#6](=[#8])-[#7:6])-[#7](-[H])-[H]>>[H]-[#7:6],"EVODEX.1-P4623,EVODEX.1-P4634,EVODEX.1-P4638,EVODEX.1-P4667,EVODEX.1-P4747",83666303674742713587495016160457494814371126029001096439296725117986232860295
EVODEX.1-C568,[H]-[#6]1:[#6](-[H]):[#6](-[H]):[#6]2:[#6](-[H]):[#6](-[#7](-[H])-[#6:5]):[#6](-[H]):[#6](-[H]):[#6]:2:[#6]:1-[H]>>[H]-[#8]-[#6:5],"EVODEX.1-P4627,EVODEX.1-P4676,EVODEX.1-P4743,EVODEX.1-P4750,EVODEX.1-P4755",68943848111210806271220019367568498850118474816281628177908598935621177228314
EVODEX.1-C569,[H]-[#8]-[#6](=[#8])-[#6](-[H])(-[H])-[#6@@](-[H])(-[#6](=[#8])-[#8]-[H])-[#7](-[H])-[#6:8].[H]-[#8:1]>>[#8:1]-[#6:8],"EVODEX.1-P4633,EVODEX.1-P5304,EVODEX.1-P5483,EVODEX.1-P5507,EVODEX.1-P5517",115685336720222571017063795426973843539135399975666641985948582906456081104695
EVODEX.1-C570,[H]-[#8]-[#6](=[#8])-[#6@@](-[H])(-[#7](-[H])-[#6:8])-[#6](-[H])(-[H])-[#6]1:[#6](-[H]):[#7](-[H]):[#6]2:[#6](-[H]):[#6](-[H]):[#6](-[H]):[#6](-[H]):[#6]:1:2>>[H]-[#8]-[#6:8],"EVODEX.1-P4642,EVODEX.1-P4798,EVODEX.1-P4910,EVODEX.1-P5650,EVODEX.1-P5834",49167335300993831464065531981399735471634326853708187581310803969004699189968
EVODEX.1-C571,[H]-[#8]-[#6](=[#8])-[#6@@](-[H])(-[#7](-[H])-[#6:2])-[#6@](-[H])(-[#8]-[H])-[#6](-[H])(-[H])-[H].[H]-[#8:12]>>[#6:2]-[#8:12],"EVODEX.1-P4655,EVODEX.1-P4956,EVODEX.1-P4967,EVODEX.1-P5523,EVODEX.1-P5537",71494163071267796889203767713439592335422581888298292039030562554508051818488
EVODEX.1-C572,[H]-[#7](-[H])-[#6](-[H])(-[H])-[#6](-[H])(-[H])-[#6](=[#8])-[#7:6]>>[H]-[#7:6],"EVODEX.1-P4656,EVODEX.1-P4657,EVODEX.1-P4725,EVODEX.1-P4729,EVODEX.1-P4788",20561198442348392126186037333784202598273553546333126972276968704111880460728
EVODEX.1-C573,[H]-[#6]1:[#6](-[#7](-[H])-[#6:21]):[#6](-[H]):[#6]2:[#8]:[#6](=[#8]):[#6](-[H]):[#6](-[#6](-[H])(-[H])-[#6](=[#8])-[#7](-[H])-[H]):[#6]:2:[#6]:1-[H]>>[H]-[#8]-[#6:21],"EVODEX.1-P4659,EVODEX.1-P4662,EVODEX.1-P4665,EVODEX.1-P4666,EVODEX.1-P5047",69802948993017394556832308697090456443118352728975202171741755036857925821730
EVODEX.1-C574,[H]-[#7]=[#6](-[#7](-[H])-[H])-[#7](-[H])-[#6](-[H])(-[H])-[#6](-[H])(-[H])-[#6](-[H])(-[H])-[#6@@](-[H])(-[#6](=[#8])-[#8]-[H])-[#7](-[H])-[#6:10]>>[H]-[#8]-[#6:10],"EVODEX.1-P4669,EVODEX.1-P4786,EVODEX.1-P4929,EVODEX.1-P4932,EVODEX.1-P4943",45571563442059649113165493504164371776862833908184167211844246809836625415379
EVODEX.1-C575,[H]-[#7](-[H])-[#6](=[#8])-[#6](-[H])(-[H])-[#6](-[H])(-[H])-[#6@@](-[H])(-[#6](=[#8])-[#7:29])-[#7](-[H])-[H]>>[H]-[#7:29],"EVODEX.1-P4674,EVODEX.1-P4695,EVODEX.1-P4696,EVODEX.1-P4697,EVODEX.1-P4698",86172954207464287314846946056817044187744471813315339943476545085135655914725
EVODEX.1-C576,[H]-[#7](-[H])-[#6@](-[H])(-[#6](=[#8])-[#7](-[H])-[#6@](-[H])(-[#6](=[#8])-[#7:11])-[#6](-[H])(-[H])-[H])-[#6](-[H])(-[H])-[H]>>[H]-[#7:11],"EVODEX.1-P4677,EVODEX.1-P4813,EVODEX.1-P4814,EVODEX.1-P4824,EVODEX.1-P4825",68515280972254235966561618729715210306602270656959964503569449977253148294853
EVODEX.1-C577,[H]-[#6](=[#8])-[#7](-[H])-[#6@](-[H])(-[#6](=[#8])-[#7:11])-[#6](-[H])(-[H])-[#6](-[H])(-[H])-[#16]-[#6](-[H])(-[H])-[H]>>[H]-[#7:11],"EVODEX.1-P4681,EVODEX.1-P4960,EVODEX.1-P4962,EVODEX.1-P4970,EVODEX.1-P4971",78006072651200002075295931019936842291676667090841994097744362202073426252111
EVODEX.1-C578,[H]-[#6]1:[#6](-[#7](-[H])-[#6:11]):[#6](-[H]):[#6]2:[#8]:[#6](=[#8]):[#6](-[H]):[#6](-[#6](-[H])(-[H])-[H]):[#6]:2:[#6]:1-[H]>>[H]-[#8]-[#6:11],"EVODEX.1-P4687,EVODEX.1-P5005,EVODEX.1-P5012,EVODEX.1-P5200,EVODEX.1-P5238",83639025982244855633993190012637718533972649008038166254921389159199668266979
EVODEX.1-C579,[H]-[#8]-[#6](=[#8])-[#6@@](-[H])(-[#7](-[H])-[#6:12])-[#6](-[H])(-[H])-[#6](-[H])(-[H])-[#6](-[H])(-[H])-[#6](-[H])(-[H])-[#7](-[H])-[H].[H]-[#8:24]>>[#6:12]-[#8:24],"EVODEX.1-P4689,EVODEX.1-P4926,EVODEX.1-P4933,EVODEX.1-P4945,EVODEX.1-P5533",91781895842506862863461970082803858761455875760846667142895206780869792868997
EVODEX.1-C580,[H]-[#8]-[#6](=[#8])-[#6](-[H])(-[H])-[#6](-[H])(-[H])-[#6@@](-[H])(-[#6](=[#8])-[#7:10])-[#7](-[H])-[H]>>[H]-[#7:10],"EVODEX.1-P4693,EVODEX.1-P4694,EVODEX.1-P4700,EVODEX.1-P5575,EVODEX.1-P5829",33195241504359391441585200728662242850918291699594688409435681396174877976397
EVODEX.1-C581,[H]-[#7:13]>>[H]-[#7]=[#6](-[#7](-[H])-[H])-[#7](-[H])-[#6](-[H])(-[H])-[#6](-[H])(-[H])-[#6](-[H])(-[H])-[#6@@](-[H])(-[#6](=[#8])-[#7:13])-[#7](-[H])-[H],"EVODEX.1-P4701,EVODEX.1-P7186,EVODEX.1-P7191,EVODEX.1-P7436,EVODEX.1-P7439",90550078591288260537331842561132078771776930291772185939824088122476726110686
EVODEX.1-C582,[H]-[#7:1]>>[H]-[#6]1:[#6](-[H]):[#6](-[H]):[#6](-[#6](-[H])(-[H])-[#6@@](-[H])(-[#6](=[#8])-[#7:1])-[#7](-[H])-[H]):[#6](-[H]):[#6]:1-[H],"EVODEX.1-P4702,EVODEX.1-P7155,EVODEX.1-P7267,EVODEX.1-P7271,EVODEX.1-P7278",61016902737085761394694192025783126370075717159199193606500192286203650249761
EVODEX.1-C583,[H]-[#7:6]>>[H]-[#7]1-[#6](-[H])(-[H])-[#6](-[H])(-[H])-[#6](-[H])(-[H])-[#6@@]-1(-[H])-[#6](=[#8])-[#7:6],"EVODEX.1-P4707,EVODEX.1-P4711,EVODEX.1-P4712,EVODEX.1-P7292,EVODEX.1-P7297",17806463566427546781241015169625562605979460230763295116086212405097149766374
EVODEX.1-C584,[H]-[#7:6]>>[H]-[#7](-[H])-[#6](-[H])(-[H])-[#6](-[H])(-[H])-[#6](=[#8])-[#7:6],"EVODEX.1-P4710,EVODEX.1-P4723,EVODEX.1-P6951,EVODEX.1-P7245,EVODEX.1-P7250",105288465073597758917535869506638223626518358355020213554282046533775665626304
EVODEX.1-C585,[H]-[#8]-[#6](=[#8])-[#6](-[H])(-[H])-[#6@@](-[H])(-[#7](-[H])-[#6](=[#8])-[#6@@](-[H])(-[#7](-[H])-[#6:7])-[#6](-[H])(-[#6](-[H])(-[H])-[H])-[#6](-[H])(-[H])-[#6](-[H])(-[H])-[H])-[#6](-[H])(-[H])-[#6]1:[#6](-[H]):[#6](-[H]):[#6](-[#8]-[H]):[#6](-[H]):[#6]:1-[H]>>[H]-[#8]-[#6:7],"EVODEX.1-P4730,EVODEX.1-P4736,EVODEX.1-P4737,EVODEX.1-P4739,EVODEX.1-P4740",57619495319029062074219289901032024385932840366046663122717310203473484706488
EVODEX.1-C586,[H]-[#8]-[#6](=[#8])-[#6](-[H])(-[H])-[#6@@](-[H])(-[#7](-[H])-[#6](=[#8])-[#6@@](-[H])(-[#7](-[H])-[#6:7])-[#6](-[H])(-[#6](-[H])(-[H])-[H])-[#6](-[H])(-[H])-[#6](-[H])(-[H])-[H])-[#6](-[H])(-[H])-[#6]1:[#6](-[H]):[#6](-[H]):[#6](-[#8]-[H]):[#6](-[H]):[#6]:1-[H].[H]-[#8:30]>>[#6:7]-[#8:30],"EVODEX.1-P4732,EVODEX.1-P4733,EVODEX.1-P4734,EVODEX.1-P4735,EVODEX.1-P4738",66115577326803991389297485177282935998136756092842191258719431184853896880984
EVODEX.1-C587,[H]-[#8]-[#6](=[#8])-[#6@@](-[H])(-[#7](-[H])-[#6](=[#8])-[#6@@](-[H])(-[#7](-[H])-[#6:7])-[#6](-[H])(-[H])-[#6](-[H])(-[#6](-[H])(-[H])-[H])-[#6](-[H])(-[H])-[H])-[#6](-[H])(-[H])-[H]>>[H]-[#8]-[#6:7],"EVODEX.1-P4745,EVODEX.1-P5043,EVODEX.1-P5360,EVODEX.1-P5369,EVODEX.1-P5371",100446503386824394731806779378160712863642649686767862824136422804203583480640
EVODEX.1-C588,[H]-[#8]-[#6](=[#8])-[#6@@]1(-[H])-[#7](-[#6:55])-[#6](-[H])(-[H])-[#6](-[H])(-[H])-[#6]-1(-[H])-[H].[H]-[#8:65]>>[#6:55]-[#8:65],"EVODEX.1-P4748,EVODEX.1-P4802,EVODEX.1-P4803,EVODEX.1-P4951,EVODEX.1-P5422",65045830997504123739114992186967477017427507956891548745213329498081702828025
EVODEX.1-C589,[H]-[#7](-[H])-[#6](-[H])(-[H])-[#6](=[#8])-[#7]1-[#6](-[H])(-[H])-[#6](-[H])(-[H])-[#6](-[H])(-[H])-[#6@@]-1(-[H])-[#6](=[#8])-[#7:12]>>[H]-[#7:12],"EVODEX.1-P4752,EVODEX.1-P4838,EVODEX.1-P4839,EVODEX.1-P4840,EVODEX.1-P4841",111581257787850452637001925329483634289989604328146918957947491840764559826924
EVODEX.1-C590,[H]-[#7]=[#6](-[#7](-[H])-[H])-[#7](-[H])-[#6](-[H])(-[H])-[#6](-[H])(-[H])-[#6](-[H])(-[H])-[#6@@](-[H])(-[#6](=[#8])-[#7:13])-[#7](-[H])-[#6](=[#8])-[#6]1:[#6](-[H]):[#6](-[H]):[#6](-[H]):[#6](-[H]):[#6]:1-[H]>>[H]-[#7:13],"EVODEX.1-P4753,EVODEX.1-P5007,EVODEX.1-P5282,EVODEX.1-P5289,EVODEX.1-P5290",112940696274242953054563184102296342945425371899699365925912596421572123581076
EVODEX.1-C591,[#6:5]-[#6:60]-[#7:62]>>[H]-[#8]-[#6:60]-[#6@:5].[H]-[#7:62],"EVODEX.1-P4754,EVODEX.1-P4845,EVODEX.1-P5040,EVODEX.1-P5129,EVODEX.1-P5221",85301465440797057742945920139386579579074889431358779072664345931331102172033
EVODEX.1-C592,[H]-[#6]1:[#6](-[#7](-[H])-[#6](=[#8])-[#6@@]2(-[H])-[#7](-[#6:6])-[#6](-[H])(-[H])-[#6](-[H])(-[H])-[#6]-2(-[H])-[H]):[#6](-[H]):[#6]2:[#8]:[#6](=[#8]):[#6](-[H]):[#6](-[#6](-[H])(-[H])-[#6](=[#8])-[#7](-[H])-[H]):[#6]:2:[#6]:1-[H].[H]-[#8:31]>>[#6:6]-[#8:31],"EVODEX.1-P4756,EVODEX.1-P4758,EVODEX.1-P4761,EVODEX.1-P4765,EVODEX.1-P4767",54162565678445984129424971186199235253899242916906905478686876346406563478617
EVODEX.1-C593,[H]-[#6]1:[#6](-[#7](-[H])-[#6](=[#8])-[#6@@]2(-[H])-[#7](-[#6:6])-[#6](-[H])(-[H])-[#6](-[H])(-[H])-[#6]-2(-[H])-[H]):[#6](-[H]):[#6]2:[#8]:[#6](=[#8]):[#6](-[H]):[#6](-[#6](-[H])(-[H])-[#6](=[#8])-[#7](-[H])-[H]):[#6]:2:[#6]:1-[H]>>[H]-[#8]-[#6:6],"EVODEX.1-P4757,EVODEX.1-P4759,EVODEX.1-P4762,EVODEX.1-P4763,EVODEX.1-P4768",83335387802212032151532779991842551705592080817826499756566663568374539650301
EVODEX.1-C594,[H]-[#7](-[H])-[#6@](-[H])(-[#6](=[#8])-[#7]1-[#6](-[H])(-[H])-[#6](-[H])(-[H])-[#6](-[H])(-[H])-[#6@@]-1(-[H])-[#6](=[#8])-[#7:13])-[#6](-[H])(-[H])-[H]>>[H]-[#7:13],"EVODEX.1-P4770,EVODEX.1-P4817,EVODEX.1-P4833,EVODEX.1-P4834,EVODEX.1-P4842",69933300553788373475093081611981641369424705167066190540631418780336199573420
EVODEX.1-C595,[H]-[#8]-[#6](=[#8])-[#6]1(-[H])-[#7](-[#6:2])-[#6](-[H])(-[H])-[#6](-[H])(-[H])-[#6]-1(-[H])-[H]>>[H]-[#8]-[#6:2],"EVODEX.1-P4771,EVODEX.1-P4773,EVODEX.1-P4906,EVODEX.1-P5210,EVODEX.1-P5553",42974075534350653438264836709590878370981279890778029256015022805986255514830
EVODEX.1-C596,[H]-[#8]-[#6](=[#8])-[#6@@](-[H])(-[#7](-[H])-[#6:7])-[#6@](-[H])(-[#6](-[H])(-[H])-[H])-[#6](-[H])(-[H])-[#6](-[H])(-[H])-[H].[H]-[#8:13]>>[#6:7]-[#8:13],"EVODEX.1-P4776,EVODEX.1-P4780,EVODEX.1-P4939,EVODEX.1-P4940,EVODEX.1-P5534",10416715927543924212505852827568605624606402811343079812342205103979869320958
EVODEX.1-C597,[H]-[#8]-[#6](=[#8])-[#6@@](-[H])(-[#7](-[H])-[#6:2])-[#6](-[H])(-[#6](-[H])(-[H])-[H])-[#6](-[H])(-[H])-[H].[H]-[#8:12]>>[#6:2]-[#8:12],"EVODEX.1-P4779,EVODEX.1-P4881,EVODEX.1-P4909,EVODEX.1-P4957,EVODEX.1-P5536",31155506456874569974963793761821008425886340762605215047549720108387682999367
EVODEX.1-C598,[H]-[#8]-[#6](=[#8])-[#6](-[H])(-[#7](-[H])-[#6:3])-[#6](-[H])(-[H])-[#6]1:[#6](-[H]):[#7]:[#6](-[H]):[#7]:1-[H].[H]-[#8:1]>>[#8:1]-[#6:3],"EVODEX.1-P4783,EVODEX.1-P4793,EVODEX.1-P4894,EVODEX.1-P4985,EVODEX.1-P5649",107007474274943486571359788071200346880868933219487871033755650295056692660315
EVODEX.1-C599,[H]-[#8]-[#6](=[#8])-[#6@@](-[H])(-[#7](-[H])-[#6:12])-[#6](-[H])(-[H])-[#6]1:[#6](-[H]):[#7]:[#6](-[H]):[#7]:1-[H]>>[H]-[#8]-[#6:12],"EVODEX.1-P4784,EVODEX.1-P4791,EVODEX.1-P4792,EVODEX.1-P4800,EVODEX.1-P5527",79442361177976175247560345760056742129668786586327850016374759711116972561823
EVODEX.1-C600,[#6:9]-[#7:17]-[#6:18]-[#6:20].[H]-[#8:89]>>[#6:18](-[#6@:20])-[#8:89].[H]-[#7:17]-[#6@:9],"EVODEX.1-P4785,EVODEX.1-P4846,EVODEX.1-P5202,EVODEX.1-P5204,EVODEX.1-P5426",80813407743551870018312431689066340544613739091955135451355528735273205250859
EVODEX.1-C601,[H]-[#8]-[#6](=[#8])-[#6](-[H])(-[#7](-[H])-[#6:8])-[#6](-[H])(-[H])-[#6](-[H])(-[H])-[#6](-[H])(-[H])-[#6](-[H])(-[H])-[#7](-[H])-[H]>>[H]-[#8]-[#6:8],"EVODEX.1-P4797,EVODEX.1-P4905,EVODEX.1-P4913,EVODEX.1-P4944,EVODEX.1-P5551",54758584931089102480713526851143356117566122680725166434213077998376306435120
EVODEX.1-C602,[H]-[#6](-[H])(-[#17])-[#6](=[#8])-[#7:6]>>[H]-[#7:6],"EVODEX.1-P4799,EVODEX.1-P5548,EVODEX.1-P5549,EVODEX.1-P5559,EVODEX.1-P5562",108303959858659779258464163594875628467154345778343350847625250483982847416995
EVODEX.1-C603,[H]-[#8]-[#6]1:[#6](-[H]):[#6](-[H]):[#6](-[#6](-[H])(-[H])-[#6@@](-[H])(-[#6](=[#8])-[#7]2-[#6](-[H])(-[H])-[#6](-[H])(-[H])-[#6](-[H])(-[H])-[#6@@]-2(-[H])-[#6](=[#8])-[#7:20])-[#7](-[H])-[H]):[#6](-[H]):[#6]:1-[H]>>[H]-[#7:20],"EVODEX.1-P4826,EVODEX.1-P4827,EVODEX.1-P4832,EVODEX.1-P4835,EVODEX.1-P5442",108791910946783510789102036332578775493060571611093891102251596009221840729844
EVODEX.1-C604,[H]-[#6]1=[#6](-[#6](-[H])(-[H])-[H])-[#6]2:[#6](-[H]):[#6](-[H]):[#6](-[#7](-[H])-[#6:37]):[#6](-[H]):[#6]:2-[#8]-[#6]-1(-[H])-[H]>>[H]-[#8]-[#6:37],"EVODEX.1-P4828,EVODEX.1-P4830,EVODEX.1-P5064,EVODEX.1-P5130,EVODEX.1-P5239",14778517398941826410061434044737798819164048789197144928743643697325949611775
EVODEX.1-C605,[H]-[#8]-[#6:14]>>[H]-[#8]-[#6](=[#8])-[#6@@](-[H])(-[#7](-[H])-[#6:14])-[#6](-[H])(-[H])-[H],"EVODEX.1-P4843,EVODEX.1-P6965,EVODEX.1-P7211,EVODEX.1-P7373,EVODEX.1-P7416",3902967882882780176313287568528195434933358550349067981715475740409511041044
EVODEX.1-C606,[H]-[#8]-[#6](=[#8])-[#6@@](-[H])(-[#7](-[H])-[#6](=[#8])-[#6@@](-[H])(-[#7](-[H])-[#6:17])-[#6](-[H])(-[H])-[#6]1:[#6](-[H]):[#7]:[#6](-[H]):[#7]:1-[H])-[#6](-[H])(-[H])-[#6](-[H])(-[#6](-[H])(-[H])-[H])-[#6](-[H])(-[H])-[H]>>[H]-[#8]-[#6:17],"EVODEX.1-P4849,EVODEX.1-P4850,EVODEX.1-P4852,EVODEX.1-P4854,EVODEX.1-P4873",77540851755334966344655833284768532126604257239598617282058689545624123158453
EVODEX.1-C607,[H]-[#6]1:[#6](-[H]):[#6](-[H]):[#6](-[#6](=[#8])-[#7](-[H])-[#6](-[H])(-[H])-[#6](=[#8])-[#7:8]):[#6](-[H]):[#6]:1-[H]>>[H]-[#7:8],"EVODEX.1-P4851,EVODEX.1-P4869,EVODEX.1-P4870,EVODEX.1-P4907,EVODEX.1-P4927",27157618718608173014973622797453092654656102666692040042634399898020780863074
EVODEX.1-C608,[H]-[#6]1:[#6](-[H]):[#6](-[H]):[#6](-[#6](-[H])(-[H])-[#8]-[#6](=[#8])-[#7](-[H])-[#6](-[H])(-[H])-[#6](=[#8])-[#7:13]):[#6](-[H]):[#6]:1-[H]>>[H]-[#7:13],"EVODEX.1-P4861,EVODEX.1-P4887,EVODEX.1-P4893,EVODEX.1-P5219,EVODEX.1-P5220",112395743037495364181537682381346606017150155938914224439244608590236681352812
EVODEX.1-C609,[H]-[#7]=[#6](-[#7](-[H])-[H])-[#7](-[H])-[#6](-[H])(-[H])-[#6](-[H])(-[H])-[#6](-[H])(-[H])-[#6@@](-[H])(-[#6](=[#8])-[#7:29])-[#7](-[H])-[#6](=[#8])-[#6@@](-[H])(-[#7](-[H])-[#6](=[#8])-[#6@@]1(-[H])-[#7](-[#6](=[#8])-[#6@@](-[H])(-[#7](-[H])-[#6](=[#8])-[#6@@](-[H])(-[#7](-[H])-[#6](=[#8])-[#6](-[H])(-[H])-[#7](-[H])-[#6](=[#8])-[#6]2:[#6](-[H]):[#6](-[H]):[#6](-[H]):[#6](-[H]):[#6]:2-[#7](-[H])-[H])-[#6](-[H])(-[H])-[#6]2:[#6](-[H]):[#6](-[H]):[#6](-[H]):[#6](-[H]):[#6]:2-[H])-[#6](-[H])(-[H])-[#8]-[H])-[#6](-[H])(-[H])-[#6](-[H])(-[H])-[#6]-1(-[H])-[H])-[#6](-[H])(-[H])-[#6]1:[#6](-[H]):[#6](-[H]):[#6](-[H]):[#6](-[H]):[#6]:1-[H]>>[H]-[#7:29],"EVODEX.1-P4862,EVODEX.1-P4863,EVODEX.1-P4864,EVODEX.1-P4865,EVODEX.1-P5013",107391314534709548156356916787677245938777934075290109436023111837237337634371
EVODEX.1-C610,[H]-[#7](-[#6](=[#8])-[#6](-[H])(-[H])-[H])-[#6@](-[H])(-[#6](=[#8])-[#7:9])-[#6](-[H])(-[H])-[H]>>[H]-[#7:9],"EVODEX.1-P4868,EVODEX.1-P4886,EVODEX.1-P4961,EVODEX.1-P4964,EVODEX.1-P4966",104924094086524226393865576543544998480747663182864911673444504153046130323746
EVODEX.1-C611,([#7:14]-[#6:15].[#6@:2]).[H]-[#8:26]>>([H]-[#7:14].[#6@@:2]).[#6:15]-[#8:26],"EVODEX.1-P4875,EVODEX.1-P4876,EVODEX.1-P4901,EVODEX.1-P5815,EVODEX.1-P5820",71637124744266976090753322151986021233662769904067424040345534697529394888508
EVODEX.1-C612,([#7:25](-[#6@:14])-[#6:26].[#6@:5]).[H]-[#8:70]>>[#6:26]-[#8:70].([H]-[#7:25]-[#6:14].[#6@@:5]),"EVODEX.1-P4877,EVODEX.1-P5062,EVODEX.1-P5306,EVODEX.1-P5329,EVODEX.1-P5355",91380361941451412981100134110454025511884722228544756149799402573894544852047
EVODEX.1-C613,[H]-[#6]1:[#6](-[H]):[#6](-[H]):[#6](-[#6](-[H])(-[H])-[#8]-[#6](=[#8])-[#7](-[H])-[#6](-[H])(-[H])-[#6](=[#8])-[#7]2-[#6](-[H])(-[H])-[#6](-[H])(-[H])-[#6](-[H])(-[H])-[#6@@]-2(-[H])-[#6](=[#8])-[#7:14]):[#6](-[H]):[#6]:1-[H]>>[H]-[#7:14],"EVODEX.1-P4879,EVODEX.1-P5038,EVODEX.1-P5039,EVODEX.1-P5041,EVODEX.1-P5051",20425850135924489426096008170173951851028242366690205982519696797350957257504
EVODEX.1-C614,[H]-[#6]1:[#6](-[H]):[#6](-[H]):[#6](-[#6](=[#8])-[#7:4]):[#6](-[H]):[#6]:1-[H]>>[H]-[#7:4],"EVODEX.1-P4882,EVODEX.1-P4947,EVODEX.1-P5646,EVODEX.1-P5647,EVODEX.1-P5651",73389336275066091881212846677346073042269294459697415235233721416989938875128
EVODEX.1-C615,[H]-[#8]-[#6](=[#8])-[#6@@](-[H])(-[#7](-[H])-[#6:10])-[#6](-[H])(-[H])-[H]>>[H]-[#8]-[#6:10],"EVODEX.1-P4884,EVODEX.1-P4924,EVODEX.1-P4948,EVODEX.1-P4949,EVODEX.1-P4959",57749191485569719717336914479460533281645772968656131782484381441886423814312
EVODEX.1-C616,[H]-[#6]1:[#6](-[H]):[#6](-[H]):[#6](-[#6](-[H])(-[H])-[#8]-[#6](=[#8])-[#7](-[H])-[#6@](-[H])(-[#6](=[#8])-[#7:13])-[#6](-[H])(-[H])-[#6]2:[#6](-[H]):[#6](-[H]):[#6](-[H]):[#6](-[H]):[#6]:2-[H]):[#6](-[H]):[#6]:1-[H]>>[H]-[#7:13],"EVODEX.1-P4895,EVODEX.1-P4896,EVODEX.1-P5300,EVODEX.1-P5361,EVODEX.1-P5407",19462773008855828698422176746343416612421323316025413042945872959079233880907
EVODEX.1-C617,[H]-[#8]-[#6](=[#8])-[#6@@](-[H])(-[#7](-[H])-[#6:8])-[#6](-[H])(-[H])-[#6]1:[#6](-[H]):[#6](-[H]):[#6](-[H]):[#6](-[H]):[#6]:1-[H]>>[H]-[#8]-[#6:8],"EVODEX.1-P4898,EVODEX.1-P4911,EVODEX.1-P4938,EVODEX.1-P5546,EVODEX.1-P5833",9954173546050926548485857867330769682584017776901955668392698579705713277791
EVODEX.1-C618,[H]-[#8]-[#6](=[#8])-[#6](-[H])(-[H])-[#6](-[H])(-[H])-[#6@@](-[H])(-[#6](=[#8])-[#7:5])-[#7](-[H])-[#6](=[#8])-[#8]-[#6](-[H])(-[H])-[#6]1:[#6](-[H]):[#6](-[H]):[#6](-[H]):[#6](-[H]):[#6]:1-[H]>>[H]-[#7:5],"EVODEX.1-P4900,EVODEX.1-P5016,EVODEX.1-P5018,EVODEX.1-P5020,EVODEX.1-P5021",66707464980745045235429696559251569242166758146213246395797056821645016356506
EVODEX.1-C619,[H]-[#8]-[#6](=[#8])-[#6@@](-[H])(-[#7](-[H])-[#6:10])-[#6](-[H])(-[H])-[H].[H]-[#8:18]>>[#6:10]-[#8:18],"EVODEX.1-P4903,EVODEX.1-P4904,EVODEX.1-P4925,EVODEX.1-P4946,EVODEX.1-P4958",63809053901554555134791503243371745908186935126958457840287483036276432509718
EVODEX.1-C620,[H]-[#8]-[#6](=[#8])-[#6](-[H])(-[H])-[#6@@](-[H])(-[#6](=[#8])-[#8]-[H])-[#7](-[H])-[#6:8]>>[H]-[#8]-[#6:8],"EVODEX.1-P4918,EVODEX.1-P5305,EVODEX.1-P5519,EVODEX.1-P5520,EVODEX.1-P5557",67865651013491628961628208933120925302360421524083745633682224896721952927884
EVODEX.1-C621,[H]-[#6]1:[#6](-[H]):[#6](-[H]):[#6](-[#6](-[H])(-[H])-[#8]-[#6](=[#8])-[#7:6]):[#6](-[H]):[#6]:1-[H]>>[H]-[#7:6],"EVODEX.1-P4919,EVODEX.1-P5524,EVODEX.1-P5560,EVODEX.1-P5714,EVODEX.1-P5767",90710916993316638182605036434101244771113477701759306681947260572495682014872
EVODEX.1-C622,[H]-[#7](-[#6](-[H])(-[H])-[H])-[#6:3].[H]-[#8:7]>>[#6:3]-[#8:7],"EVODEX.1-P4930,EVODEX.1-P5654,EVODEX.1-P5655,EVODEX.1-P5656,EVODEX.1-P5670",2309743988144047698149489027281321503383595510520408892590441936416503566961
EVODEX.1-C623,[H]-[#7](-[#6](-[H])(-[H])-[H])-[#6:3]>>[H]-[#8]-[#6:3],"EVODEX.1-P4931,EVODEX.1-P5579,EVODEX.1-P5657,EVODEX.1-P5659,EVODEX.1-P5671",52472893134302997553280520759245373351768175308023396287315979542161374371656
EVODEX.1-C624,[H]-[#8]-[#6](=[#8])-[#6](-[H])(-[H])-[#6](-[H])(-[H])-[#6@@](-[H])(-[#6](=[#8])-[#8]-[H])-[#7](-[H])-[#6:30]>>[H]-[#8]-[#6:30],"EVODEX.1-P4934,EVODEX.1-P4935,EVODEX.1-P5713,EVODEX.1-P6970,EVODEX.1-P7025",31818956247211547302140669394548496857786786941121367444038408024639703170137
EVODEX.1-C625,[H]-[#7]=[#6](-[#7](-[H])-[H])-[#7](-[H])-[#6](-[H])(-[H])-[#6](-[H])(-[H])-[#6](-[H])(-[H])-[#6@@](-[H])(-[#6](=[#8])-[#7:21])-[#7](-[H])-[#6](=[#8])-[#6@@](-[H])(-[#7](-[H])-[#6](=[#8])-[#6]1:[#6](-[H]):[#6](-[H]):[#6](-[H]):[#6](-[H]):[#6]:1-[#7](-[H])-[H])-[#6](-[H])(-[H])-[#6]1:[#6](-[H]):[#6](-[H]):[#6](-[H]):[#6](-[H]):[#6]:1-[H]>>[H]-[#7:21],"EVODEX.1-P4953,EVODEX.1-P4954,EVODEX.1-P4955,EVODEX.1-P5009,EVODEX.1-P5071",55483151672189685097710614429249942452617936691607900264254588662336278484673
EVODEX.1-C626,[H]-[#8]-[#6](=[#8])-[#6@@](-[H])(-[#7](-[H])-[#6:6])-[#6@](-[H])(-[#8]-[H])-[#6](-[H])(-[H])-[H]>>[H]-[#8]-[#6:6],"EVODEX.1-P4968,EVODEX.1-P4982,EVODEX.1-P5509,EVODEX.1-P5530,EVODEX.1-P5550",111980070190173145694620745010037210178892476688207830970964095511594915893591
EVODEX.1-C627,[H]-[#7]1-[#6](=[#8])-[#6](-[H])(-[H])-[#6](-[H])(-[H])-[#6@@]-1(-[H])-[#6](=[#8])-[#7:9]>>[H]-[#7:9],"EVODEX.1-P4976,EVODEX.1-P4977,EVODEX.1-P4980,EVODEX.1-P4984,EVODEX.1-P4993",63003045426124381414886955077770485696941195556238981254668099976443479528488
EVODEX.1-C628,[H]-[#8]-[#6](=[#8])-[#6@@](-[H])(-[#7](-[H])-[H])-[#6](-[H])(-[H])-[#6](=[#8])-[#7:6]>>[H]-[#7:6],"EVODEX.1-P4989,EVODEX.1-P4991,EVODEX.1-P4992,EVODEX.1-P5622,EVODEX.1-P5623",29881646189851919359812317037976382771495787296675183805640353063633760989160
EVODEX.1-C629,[H]-[#8]-[#6:48]>>[H]-[#6]1:[#6](-[#7](-[H])-[#6:48]):[#6](-[H]):[#6]2:[#8]:[#6](=[#8]):[#6](-[H]):[#6](-[#6](-[H])(-[H])-[H]):[#6]:2:[#6]:1-[H],"EVODEX.1-P4996,EVODEX.1-P5073,EVODEX.1-P5100,EVODEX.1-P5101,EVODEX.1-P5138",4062428684351017013480632009151294515968883188626654499514984921230730698744
EVODEX.1-C630,[H]-[#8]-[#6](=[#8])-[#6](-[H])(-[H])-[#6](-[H])(-[H])-[#6@@](-[H])(-[#6](=[#8])-[#7](-[H])-[#6@](-[H])(-[#6](=[#8])-[#7:45])-[#6](-[H])(-[H])-[#6]1:[#6](-[H]):[#6](-[H]):[#6](-[H]):[#6](-[H]):[#6]:1-[H])-[#7](-[H])-[#6](=[#8])-[#6@@](-[H])(-[#7](-[H])-[#6](=[#8])-[#6@@]1(-[H])-[#7](-[#6](=[#8])-[#6@@](-[H])(-[#7](-[H])-[H])-[#6](-[H])(-[H])-[#6](-[H])(-[H])-[#6](-[H])(-[H])-[#6](-[H])(-[H])-[#7](-[H])-[H])-[#6](-[H])(-[H])-[#6](-[H])(-[H])-[#6]-1(-[H])-[H])-[#6@@](-[H])(-[#6](-[H])(-[H])-[H])-[#6](-[H])(-[H])-[#6](-[H])(-[H])-[H]>>[H]-[#7:45],"EVODEX.1-P5000,EVODEX.1-P5001,EVODEX.1-P5002,EVODEX.1-P5003,EVODEX.1-P5004",74025308910244549809736038420742852464312820371090880744089898072900621771003
EVODEX.1-C631,[H]-[#7]=[#6](-[#7](-[H])-[H])-[#7](-[H])-[#6](-[H])(-[H])-[#6](-[H])(-[H])-[#6](-[H])(-[H])-[#6@@](-[H])(-[#6](=[#8])-[#7:38])-[#7](-[H])-[#6](=[#8])-[#6@@](-[H])(-[#7](-[H])-[#6](=[#8])-[#6@@](-[H])(-[#7](-[H])-[#6](=[#8])-[#6]1:[#6](-[H]):[#6](-[H]):[#6](-[H]):[#6](-[H]):[#6]:1-[#7](-[H])-[H])-[#6](-[H])(-[H])-[#6](-[H])(-[H])-[#6](-[H])(-[H])-[#6](-[H])(-[H])-[#7](-[H])-[H])-[#6](-[H])(-[H])-[#6](-[H])(-[#6](-[H])(-[H])-[H])-[#6](-[H])(-[H])-[H]>>[H]-[#7:38],"EVODEX.1-P5014,EVODEX.1-P5203,EVODEX.1-P5234,EVODEX.1-P5235,EVODEX.1-P5236",31893960423223498227253562020258391148128810074958622343670457888679612548454
EVODEX.1-C632,[H]-[#8]-[#6](=[#8])-[#6@@](-[H])(-[#7](-[H])-[#6](=[#8])-[#6@@](-[H])(-[#7](-[H])-[#6:70])-[#6](-[H])(-[H])-[H])-[#6](-[H])(-[H])-[#6](-[H])(-[#6](-[H])(-[H])-[H])-[#6](-[H])(-[H])-[H]>>[H]-[#8]-[#6:70],"EVODEX.1-P5033,EVODEX.1-P5035,EVODEX.1-P5037,EVODEX.1-P5116,EVODEX.1-P5343",79526774419829352179284428399455560479877104293954775399867390898244755329065
EVODEX.1-C633,[H]-[#8]-[#6](=[#8])-[#6@@](-[H])(-[#7](-[H])-[#6](=[#8])-[#6@@](-[H])(-[#7](-[H])-[#6:7])-[#6](-[H])(-[H])-[#6](-[H])(-[#6](-[H])(-[H])-[H])-[#6](-[H])(-[H])-[H])-[#6](-[H])(-[H])-[H].[H]-[#8:40]>>[#6:7]-[#8:40],"EVODEX.1-P5042,EVODEX.1-P5351,EVODEX.1-P5367,EVODEX.1-P5368,EVODEX.1-P5370",97953300880656413409762778296004953196651879599693894600742340402289074299036
EVODEX.1-C634,[H]-[#6]1:[#6](-[#7](-[H])-[#6:15]):[#6](-[H]):[#6]2:[#6](-[#6](-[H])(-[H])-[#6](=[#8])-[#7](-[H])-[H]):[#6](-[H]):[#6](=[#8]):[#8]:[#6]:2:[#6]:1-[H]>>[H]-[#8]-[#6:15],"EVODEX.1-P5048,EVODEX.1-P5052,EVODEX.1-P5054,EVODEX.1-P5057,EVODEX.1-P5058",15327612155389170864165753143276854860812560676894376895462828536748557284918
EVODEX.1-C635,[H]-[#7]=[#6](-[#7](-[H])-[H])-[#7:4]>>[H]-[#7:4],"EVODEX.1-P5060,EVODEX.1-P5131,EVODEX.1-P5197,EVODEX.1-P5229,EVODEX.1-P5884",10670247742384643215946274492344445390220653024572372694210228027103558014839
EVODEX.1-C636,[H]-[#6]1:[#6](-[H]):[#6](-[H]):[#6](-[#6](-[H])(-[H])-[#6@@](-[H])(-[#6](=[#8])-[#7:38])-[#7](-[H])-[#6](=[#8])-[#6@@](-[H])(-[#7](-[H])-[#6](=[#8])-[#6@@](-[H])(-[#7](-[H])-[#6](=[#8])-[#6]2:[#6](-[H]):[#6](-[H]):[#6](-[H]):[#6](-[H]):[#6]:2-[#7](-[H])-[H])-[#6](-[H])(-[H])-[#6](-[H])(-[H])-[#6](-[H])(-[H])-[#6](-[H])(-[H])-[#7](-[H])-[H])-[#6](-[H])(-[H])-[#6](-[H])(-[#6](-[H])(-[H])-[H])-[#6](-[H])(-[H])-[H]):[#6](-[H]):[#6]:1-[H]>>[H]-[#7:38],"EVODEX.1-P5066,EVODEX.1-P5067,EVODEX.1-P5068,EVODEX.1-P5069,EVODEX.1-P5070",103812316038175597695985213425483433302856291887571990095042572255660919276032
EVODEX.1-C637,[#6:36]-[#8:38]>>[H]-[#6]1:[#6](-[#7](-[H])-[#6:36]):[#6](-[H]):[#6]2:[#8]:[#6](=[#8]):[#6](-[H]):[#6](-[#6](-[H])(-[H])-[H]):[#6]:2:[#6]:1-[H].[H]-[#8:38],"EVODEX.1-P5074,EVODEX.1-P5080,EVODEX.1-P5085,EVODEX.1-P5087,EVODEX.1-P5227",45912775818096012482458933734346485628870327718666981533318403405153590761493
EVODEX.1-C638,[H]-[#7:35]>>[H]-[#7]=[#6](-[#7](-[H])-[H])-[#7](-[H])-[#6](-[H])(-[H])-[#6](-[H])(-[H])-[#6](-[H])(-[H])-[#6@@](-[H])(-[#6](=[#8])-[#7:35])-[#7](-[H])-[#6](=[#8])-[#6](-[H])(-[H])-[#7](-[H])-[#6](=[#8])-[#6](-[H])(-[H])-[#7](-[H])-[#6](=[#8])-[#6@@](-[H])(-[#7](-[H])-[#6](=[#8])-[#6]1:[#6](-[H]):[#6](-[H]):[#6](-[H]):[#6](-[H]):[#6]:1-[#7](-[H])-[H])-[#6](-[H])(-[H])-[H],"EVODEX.1-P5081,EVODEX.1-P5089,EVODEX.1-P5091,EVODEX.1-P5093,EVODEX.1-P5096",91197080242618687349045350368713434077899326917689352164232351062864952684686
EVODEX.1-C639,[H]-[#7]=[#6](-[#7](-[H])-[H])-[#7](-[H])-[#6](-[H])(-[H])-[#6](-[H])(-[H])-[#6](-[H])(-[H])-[#6@@](-[H])(-[#6](=[#8])-[#7:7])-[#7](-[H])-[#6](=[#8])-[#6](-[H])(-[H])-[#7](-[H])-[#6](=[#8])-[#6](-[H])(-[H])-[#7](-[H])-[#6](=[#8])-[#6@@](-[H])(-[#7](-[H])-[#6](=[#8])-[#6]1:[#6](-[H]):[#6](-[H]):[#6](-[H]):[#6](-[H]):[#6]:1-[#7](-[H])-[H])-[#6](-[H])(-[H])-[H]>>[H]-[#7:7],"EVODEX.1-P5082,EVODEX.1-P5092,EVODEX.1-P5094,EVODEX.1-P5097,EVODEX.1-P5183",11136545715351833281762714745660292343950097709973985945371489597988098523144
EVODEX.1-C640,[H]-[#7]=[#6](-[#7](-[H])-[H])-[#7](-[H])-[#6](-[H])(-[H])-[#6](-[H])(-[H])-[#6](-[H])(-[H])-[#6@@](-[H])(-[#6](=[#8])-[#7:14])-[#7](-[H])-[#6](=[#8])-[#6@@]1(-[H])-[#7](-[#6](=[#8])-[#6@](-[H])(-[#7](-[H])-[H])-[#6](-[H])(-[H])-[#6]2:[#6](-[H]):[#6](-[H]):[#6](-[H]):[#6](-[H]):[#6]:2-[H])-[#6](-[H])(-[H])-[#6](-[H])(-[H])-[#6]-1(-[H])-[H]>>[H]-[#7:14],"EVODEX.1-P5086,EVODEX.1-P5121,EVODEX.1-P5140,EVODEX.1-P5141,EVODEX.1-P5142",110786497696730506239612098824793569638003960222668853414038874995621711488747
EVODEX.1-C641,[H]-[#7:31]>>[H]-[#7]=[#6](-[#7](-[H])-[H])-[#7](-[H])-[#6](-[H])(-[H])-[#6](-[H])(-[H])-[#6](-[H])(-[H])-[#6@@](-[H])(-[#6](=[#8])-[#7:31])-[#7](-[H])-[#6](=[#8])-[#6]1:[#6](-[H]):[#6](-[H]):[#6](-[H]):[#6](-[H]):[#6]:1-[H],"EVODEX.1-P5102,EVODEX.1-P5216,EVODEX.1-P5281,EVODEX.1-P5285,EVODEX.1-P5288",112972546451273985203729686320878545718309514798971409565948676037456744720321
EVODEX.1-C642,[H]-[#7]=[#6](-[#7](-[H])-[H])-[#7](-[H])-[#6](-[H])(-[H])-[#6](-[H])(-[H])-[#6](-[H])(-[H])-[#6@@](-[H])(-[#6](=[#8])-[#7:30])-[#7](-[H])-[#6](=[#8])-[#6@@](-[H])(-[#7](-[H])-[#6](=[#8])-[#6@@](-[H])(-[#7](-[H])-[#6](=[#8])-[#6](-[H])(-[H])-[#7](-[H])-[H])-[#6](-[H])(-[H])-[#6](-[H])(-[#6](-[H])(-[H])-[H])-[#6](-[H])(-[H])-[H])-[#6](-[H])(-[H])-[#6](-[H])(-[H])-[#6](=[#8])-[#7](-[H])-[H]>>[H]-[#7:30],"EVODEX.1-P5115,EVODEX.1-P5117,EVODEX.1-P5118,EVODEX.1-P5119,EVODEX.1-P5120",89419741805601336113166677376649905406329785154596196496715670353269647079526
EVODEX.1-C643,[H]-[#6]1:[#6](-[H]):[#6](-[H]):[#6]2:[#6](-[#8]-[#6](-[H])(-[H])-[H]):[#6](-[H]):[#6](-[#7](-[H])-[#6:7]):[#6](-[H]):[#6]:2:[#6]:1-[H].[H]-[#8:49]>>[#6:7]-[#8:49],"EVODEX.1-P5123,EVODEX.1-P5125,EVODEX.1-P5126,EVODEX.1-P5205,EVODEX.1-P5208",99994354196987103721344705392898604517465177216178319452864789797821314291073
EVODEX.1-C644,[H]-[#6]1:[#6](-[H]):[#6](-[H]):[#6]2:[#6](-[#8]-[#6](-[H])(-[H])-[H]):[#6](-[H]):[#6](-[#7](-[H])-[#6:7]):[#6](-[H]):[#6]:2:[#6]:1-[H]>>[H]-[#8]-[#6:7],"EVODEX.1-P5124,EVODEX.1-P5127,EVODEX.1-P5206,EVODEX.1-P5232,EVODEX.1-P5237",93624957307920300494642392932984034727973538208451912018117680234992933170541
EVODEX.1-C645,[H]-[#8]-[#6]1:[#6](-[H]):[#6](-[H]):[#6](-[#6](-[H])(-[H])-[#6@@](-[H])(-[#6](=[#8])-[#7](-[H])-[#6@](-[H])(-[#6](=[#8])-[#7](-[H])-[#6@](-[H])(-[#6](=[#8])-[#7:40])-[#6](-[H])(-[H])-[#6](-[H])(-[H])-[H])-[#6](-[H])(-[H])-[#6]2:[#6](-[H]):[#6](-[H]):[#6](-[#8]-[H]):[#6](-[H]):[#6]:2-[H])-[#7](-[H])-[#6](=[#8])-[#6]2:[#6](-[H]):[#6](-[H]):[#6](-[H]):[#6](-[H]):[#6]:2-[#7](-[H])-[H]):[#6](-[H]):[#6]:1-[H]>>[H]-[#7:40],"EVODEX.1-P5144,EVODEX.1-P5145,EVODEX.1-P5146,EVODEX.1-P5147,EVODEX.1-P5148",72645857838427182333921286232028351161501638063671286935194622539323053104013
EVODEX.1-C646,([H]-[#8]-[#6](=[#8])-[#6@@](-[H])(-[#7](-[H])-[#6](=[#8])-[#6](-[H])(-[H])-[#7](-[H])-[#6](=[#8])-[#6@@](-[H])(-[#7](-[H])-[#6:19])-[#6](-[H])(-[H])-[#6](-[H])(-[#6](-[H])(-[H])-[H])-[#6](-[H])(-[H])-[H])-[#6](-[H])(-[H])-[#6](-[H])(-[#6](-[H])(-[H])-[H])-[#6](-[H])(-[H])-[H].[#7:24]-[#6:25]).[H]-[#8:62].[H]-[#8:63]>>([H]-[#7:24].[#6:19]-[#8:62]).[#6:25]-[#8:63],"EVODEX.1-P5150,EVODEX.1-P5154,EVODEX.1-P5159,EVODEX.1-P5176,EVODEX.1-P5178",55545514794435893236012252155957059646308303036290196045324568524375990322469
EVODEX.1-C647,([H]-[#8]-[#6](=[#8])-[#6@@](-[H])(-[#7](-[H])-[#6](=[#8])-[#6](-[H])(-[H])-[#7](-[H])-[#6](=[#8])-[#6@@](-[H])(-[#7](-[H])-[#6:19])-[#6](-[H])(-[H])-[#6](-[H])(-[#6](-[H])(-[H])-[H])-[#6](-[H])(-[H])-[H])-[#6](-[H])(-[H])-[#6](-[H])(-[#6](-[H])(-[H])-[H])-[#6](-[H])(-[H])-[H].[#7:24]-[#6:25])>>([H]-[#8]-[#6:19].[#7:24]-[H]).[H]-[#8]-[#6:25],"EVODEX.1-P5151,EVODEX.1-P5161,EVODEX.1-P5170,EVODEX.1-P5175,EVODEX.1-P5179",89937028973926030026624276198363951999114658363491873913424928725399661758886
EVODEX.1-C648,[H]-[#7](-[H])-[#6](-[H])(-[H])-[#6](=[#8])-[#7](-[H])-[#6@](-[H])(-[#6](=[#8])-[#7](-[H])-[#6@](-[H])(-[#6](=[#8])-[#7](-[H])-[#6@](-[H])(-[#6](=[#8])-[#7:24])-[#6](-[H])(-[#6](-[H])(-[H])-[H])-[#6](-[H])(-[H])-[H])-[#6](-[H])(-[H])-[#6](-[H])(-[#6](-[H])(-[H])-[H])-[#6](-[H])(-[H])-[H])-[#6](-[H])(-[H])-[#6](-[H])(-[#6](-[H])(-[H])-[H])-[#6](-[H])(-[H])-[H]>>[H]-[#7:24],"EVODEX.1-P5152,EVODEX.1-P5155,EVODEX.1-P5157,EVODEX.1-P5164,EVODEX.1-P5168",84197195227875467480301036967962835053760837513604260996991328526024828753358
EVODEX.1-C649,[H]-[#8]-[#6](=[#8])-[#6@@](-[H])(-[#7](-[H])-[#6](=[#8])-[#6](-[H])(-[H])-[#7](-[H])-[#6](=[#8])-[#6@@](-[H])(-[#7](-[H])-[#6:19])-[#6](-[H])(-[H])-[#6](-[H])(-[#6](-[H])(-[H])-[H])-[#6](-[H])(-[H])-[H])-[#6](-[H])(-[H])-[#6](-[H])(-[#6](-[H])(-[H])-[H])-[#6](-[H])(-[H])-[H].[H]-[#8:63]>>[#6:19]-[#8:63],"EVODEX.1-P5153,EVODEX.1-P5158,EVODEX.1-P5162,EVODEX.1-P5166,EVODEX.1-P5171",22555093282149035253013987207980069568979390253419363864730058698508159643854
EVODEX.1-C650,[H]-[#8]-[#6](=[#8])-[#6@@](-[H])(-[#7](-[H])-[#6](=[#8])-[#6](-[H])(-[H])-[#7](-[H])-[#6](=[#8])-[#6@@](-[H])(-[#7](-[H])-[#6:33])-[#6](-[H])(-[H])-[#6](-[H])(-[#6](-[H])(-[H])-[H])-[#6](-[H])(-[H])-[H])-[#6](-[H])(-[H])-[#6](-[H])(-[#6](-[H])(-[H])-[H])-[#6](-[H])(-[H])-[H]>>[H]-[#8]-[#6:33],"EVODEX.1-P5163,EVODEX.1-P5167,EVODEX.1-P5169,EVODEX.1-P5173,EVODEX.1-P5177",48118341663541267284622370571095198351047780018673104574784713588379375109476
EVODEX.1-C651,[H]-[#8]-[#6](-[H])(-[H])-[#6@@](-[H])(-[#6](=[#8])-[#7]1-[#6](-[H])(-[H])-[#6](-[H])(-[H])-[#6](-[H])(-[H])-[#6@@]-1(-[H])-[#6](=[#8])-[#7:17])-[#7](-[H])-[#6](=[#8])-[#6@@](-[H])(-[#7](-[H])-[#6](=[#8])-[#6](-[H])(-[H])-[#7](-[H])-[#6](=[#8])-[#6]1:[#6](-[H]):[#6](-[H]):[#6](-[H]):[#6](-[H]):[#6]:1-[#7](-[H])-[H])-[#6](-[H])(-[H])-[#6]1:[#6](-[H]):[#6](-[H]):[#6](-[H]):[#6](-[H]):[#6]:1-[H]>>[H]-[#7:17],"EVODEX.1-P5182,EVODEX.1-P5393,EVODEX.1-P5394,EVODEX.1-P5395,EVODEX.1-P5397",49901905406074882193530787441310794959263496494597289786894319964678789161406
EVODEX.1-C652,[H]-[#8]-[#6](=[#8])-[#6](-[H])(-[H])-[#7](-[H])-[#6](=[#8])-[#6@@](-[H])(-[#7](-[H])-[#6](=[#8])-[#6@@](-[H])(-[#7](-[H])-[#6:7])-[#6@@](-[H])(-[#6](-[H])(-[H])-[H])-[#6](-[H])(-[H])-[#6](-[H])(-[H])-[H])-[#6](-[H])(-[#6](-[H])(-[H])-[H])-[#6](-[H])(-[H])-[H].[H]-[#8:63]>>[#6:7]-[#8:63],"EVODEX.1-P5186,EVODEX.1-P5190,EVODEX.1-P5191,EVODEX.1-P5193,EVODEX.1-P5194",74478342713988933969818857328312220544907086220389486349740026891572859252954
EVODEX.1-C653,[H]-[#8]-[#6](=[#8])-[#6](-[H])(-[H])-[#7](-[H])-[#6](=[#8])-[#6@@](-[H])(-[#7](-[H])-[#6](=[#8])-[#6@@](-[H])(-[#7](-[H])-[#6:7])-[#6@@](-[H])(-[#6](-[H])(-[H])-[H])-[#6](-[H])(-[H])-[#6](-[H])(-[H])-[H])-[#6](-[H])(-[#6](-[H])(-[H])-[H])-[#6](-[H])(-[H])-[H]>>[H]-[#8]-[#6:7],"EVODEX.1-P5187,EVODEX.1-P5188,EVODEX.1-P5189,EVODEX.1-P5192,EVODEX.1-P5195",16942784022300548926260003692815468932698344395276552832511029371878198116965
EVODEX.1-C654,[H]-[#6]1:[#6](-[#7](-[H])-[#6:37]):[#6](-[H]):[#6]2:[#8]:[#6](=[#8]):[#6](-[H]):[#6](-[#6](-[#9])(-[#9])-[#9]):[#6]:2:[#6]:1-[H]>>[H]-[#8]-[#6:37],"EVODEX.1-P5207,EVODEX.1-P5230,EVODEX.1-P5241,EVODEX.1-P5242,EVODEX.1-P5247",62891288986403146996772972153875899121886295734566004670494131033139353306503
EVODEX.1-C655,[H]-[#8]-[#6:3]>>[H]-[#7](-[H])-[#6:3],"EVODEX.1-P5213,EVODEX.1-P5276,EVODEX.1-P5653,EVODEX.1-P5677,EVODEX.1-P5690",111117230992894375856870482725032120426444704700551109990378725396497818534104
EVODEX.1-C656,[H]-[#7]=[#6](-[#7](-[H])-[H])-[#7](-[H])-[#6](-[H])(-[H])-[#6](-[H])(-[H])-[#6](-[H])(-[H])-[#6@@](-[H])(-[#6](=[#8])-[#7](-[H])-[#6@](-[H])(-[#6](=[#8])-[#7](-[H])-[#6@](-[H])(-[#6](=[#8])-[#7](-[H])-[#6@](-[H])(-[#6](=[#8])-[#7](-[H])-[#6@](-[H])(-[#6](=[#8])-[#7](-[H])-[#6](-[H])(-[H])-[#6](=[#8])-[#7:25])-[#6](-[H])(-[#6](-[H])(-[H])-[H])-[#6](-[H])(-[H])-[H])-[#6@](-[H])(-[#8]-[H])-[#6](-[H])(-[H])-[H])-[#6](-[H])(-[H])-[#6]1:[#6](-[H]):[#7]:[#6](-[H]):[#7]:1-[H])-[#6](-[H])(-[H])-[#6]1:[#6](-[H]):[#7](-[H]):[#6]2:[#6](-[H]):[#6](-[H]):[#6](-[H]):[#6](-[H]):[#6]:1:2)-[#7](-[H])-[#6](=[#8])-[#6](-[H])(-[H])-[#7](-[H])-[H]>>[H]-[#7:25],"EVODEX.1-P5222,EVODEX.1-P5223,EVODEX.1-P5224,EVODEX.1-P5225,EVODEX.1-P5226",41467150809083736323896154440661410119947861306790599711122648716870985051618
EVODEX.1-C657,[H]-[#8]-[#6](-[H])(-[H])-[#6@@](-[H])(-[#6](=[#8])-[#7](-[H])-[#6](-[H])(-[H])-[#6](=[#8])-[#7](-[H])-[#6@](-[H])(-[#6](=[#8])-[#7](-[H])-[H])-[#6](-[H])(-[H])-[#6]1:[#6](-[H]):[#6](-[H]):[#6](-[H]):[#6](-[H]):[#6]:1-[H])-[#7](-[H])-[#6:37]>>[H]-[#8]-[#6:37],"EVODEX.1-P5248,EVODEX.1-P5251,EVODEX.1-P5258,EVODEX.1-P5259,EVODEX.1-P5260",95550536969766022529049833807065229053665558331952144846560568804403258751879
EVODEX.1-C658,[H]-[#8]-[#6](-[H])(-[H])-[#6@@](-[H])(-[#6](=[#8])-[#7](-[H])-[#6](-[H])(-[H])-[#6](=[#8])-[#7](-[H])-[#6@](-[H])(-[#6](=[#8])-[#7](-[H])-[H])-[#6](-[H])(-[H])-[#6]1:[#6](-[H]):[#6](-[H]):[#6](-[H]):[#6](-[H]):[#6]:1-[H])-[#7](-[H])-[#6:37].[H]-[#8:61]>>[#6:37]-[#8:61],"EVODEX.1-P5249,EVODEX.1-P5250,EVODEX.1-P5252,EVODEX.1-P5253,EVODEX.1-P5257",85517028610036901812916900139403281101228165173906050505513043609558268023675
EVODEX.1-C659,[H]-[#8]-[#6](-[H])(-[H])-[#6@@](-[H])(-[#6](=[#8])-[#7](-[H])-[#6@](-[H])(-[#6](=[#8])-[#7](-[H])-[#6@](-[H])(-[#6](=[#8])-[#7](-[H])-[#6@](-[H])(-[#6](=[#8])-[#7](-[H])-[#6@](-[H])(-[#6](=[#8])-[#7:36])-[#6](-[H])(-[H])-[#6](-[H])(-[H])-[#6](=[#8])-[#7](-[H])-[H])-[#6](-[H])(-[H])-[#6](-[H])(-[#6](-[H])(-[H])-[H])-[#6](-[H])(-[H])-[H])-[#6](-[H])(-[#6](-[H])(-[H])-[H])-[#6](-[H])(-[H])-[H])-[#6](-[H])(-[H])-[H])-[#7](-[H])-[H]>>[H]-[#7:36],"EVODEX.1-P5254,EVODEX.1-P5255,EVODEX.1-P5256,EVODEX.1-P5261,EVODEX.1-P5262",103664135235215383488181134171796851586866894630811181307554042552727496361434
EVODEX.1-C660,[H]-[#7]=[#6](-[#7](-[H])-[H])-[#7](-[H])-[#6](-[H])(-[H])-[#6](-[H])(-[H])-[#6](-[H])(-[H])-[#6@@](-[H])(-[#6](=[#8])-[#7](-[H])-[#6@](-[H])(-[#6](=[#8])-[#7](-[H])-[#6@](-[H])(-[#6](=[#8])-[#7](-[H])-[#6@](-[H])(-[#6](=[#8])-[#8]-[H])-[#6](-[H])(-[H])-[H])-[#6](-[H])(-[H])-[#6]1:[#6](-[H]):[#7](-[H]):[#6]2:[#6](-[H]):[#6](-[H]):[#6](-[H]):[#6](-[H]):[#6]:1:2)-[#6](-[H])(-[H])-[#6](-[H])(-[H])-[#6](-[H])(-[H])-[#6](-[H])(-[H])-[#7](-[H])-[H])-[#7](-[H])-[#6](=[#8])-[#6@@](-[H])(-[#7](-[H])-[#6](=[#8])-[#6](-[H])(-[H])-[#7](-[H])-[#6](=[#8])-[#6@@](-[H])(-[#7](-[H])-[#6:65])-[#6](-[H])(-[H])-[#8]-[H])-[#6](-[H])(-[H])-[#6]1:[#6](-[H]):[#6](-[H]):[#6](-[H]):[#6](-[H]):[#6]:1-[H]>>[H]-[#8]-[#6:65],"EVODEX.1-P5265,EVODEX.1-P5266,EVODEX.1-P5268,EVODEX.1-P5269,EVODEX.1-P5272",26172152581247084148086073749278043791589436629786132365449695498032681294272
EVODEX.1-C661,[#8:6]=[#6:7]>>[H]-[#8]-[#6@@](-[H])(-[#6](=[#8])-[#6](-[H])(-[H])-[H])-[#6@@:7]-[#8:6]-[H],"EVODEX.1-P5291,EVODEX.1-P5293,EVODEX.1-P5297,EVODEX.1-P5301,EVODEX.1-P5302",37972883582938752347475327916202578144898763786012080072538059293720771052583
EVODEX.1-C662,[H]-[#8]-[#6](=[#8])-[#6@@](-[H])(-[#7](-[H])-[#6](=[#8])-[#6@@](-[H])(-[#7](-[H])-[#6](=[#8])-[#6@@](-[H])(-[#7](-[H])-[#6](=[#8])-[#6@@]1(-[H])-[#7](-[#6:14])-[#6](-[H])(-[H])-[#6](-[H])(-[H])-[#6]-1(-[H])-[H])-[#6@@](-[H])(-[#6](-[H])(-[H])-[H])-[#6](-[H])(-[H])-[#6](-[H])(-[H])-[H])-[#6](-[H])(-[#6](-[H])(-[H])-[H])-[#6](-[H])(-[H])-[H])-[#6](-[H])(-[H])-[#6](-[H])(-[H])-[#6](=[#8])-[#7](-[H])-[H]>>[H]-[#8]-[#6:14],"EVODEX.1-P5307,EVODEX.1-P5313,EVODEX.1-P5314,EVODEX.1-P5315,EVODEX.1-P5347",105439153057335243829080075845053998987740716897278409097443152198227259813509
EVODEX.1-C663,[H]-[#7]=[#6](-[#7](-[H])-[H])-[#7](-[H])-[#6](-[H])(-[H])-[#6](-[H])(-[H])-[#6](-[H])(-[H])-[#6@@](-[H])(-[#6](=[#8])-[#8]-[H])-[#7](-[H])-[#6](=[#8])-[#6@@](-[H])(-[#7](-[H])-[#6](=[#8])-[#6@@](-[H])(-[#7](-[H])-[#6](=[#8])-[#6@@](-[H])(-[#7](-[H])-[#6](=[#8])-[#6@@](-[H])(-[#7](-[H])-[#6](=[#8])-[#6@@](-[H])(-[#7](-[H])-[#6](=[#8])-[#6@@](-[H])(-[#7](-[H])-[#6:20])-[#6](-[H])(-[H])-[#6](-[H])(-[#6](-[H])(-[H])-[H])-[#6](-[H])(-[H])-[H])-[#6](-[H])(-[H])-[H])-[#6](-[H])(-[H])-[#6](-[H])(-[H])-[#16]-[#6](-[H])(-[H])-[H])-[#6@](-[H])(-[#8]-[H])-[#6](-[H])(-[H])-[H])-[#6](-[H])(-[H])-[#6](-[H])(-[H])-[#16]-[#6](-[H])(-[H])-[H])-[#6](-[H])(-[H])-[#6](-[H])(-[H])-[#6](-[H])(-[H])-[#7](-[H])-[#6](=[#7]-[H])-[#7](-[H])-[H].[H]-[#8:99]>>[#6:20]-[#8:99],"EVODEX.1-P5308,EVODEX.1-P5309,EVODEX.1-P5331,EVODEX.1-P5333,EVODEX.1-P5336",30249254340280287976672168898671934051738299643386863298111908193401550710981
EVODEX.1-C664,[H]-[#7]=[#6](-[#7](-[H])-[H])-[#7](-[H])-[#6](-[H])(-[H])-[#6](-[H])(-[H])-[#6](-[H])(-[H])-[#6@@](-[H])(-[#6](=[#8])-[#8]-[H])-[#7](-[H])-[#6](=[#8])-[#6@@](-[H])(-[#7](-[H])-[#6](=[#8])-[#6@@](-[H])(-[#7](-[H])-[#6](=[#8])-[#6@@](-[H])(-[#7](-[H])-[#6](=[#8])-[#6@@](-[H])(-[#7](-[H])-[#6](=[#8])-[#6@@](-[H])(-[#7](-[H])-[#6](=[#8])-[#6@@](-[H])(-[#7](-[H])-[#6:20])-[#6](-[H])(-[H])-[#6](-[H])(-[#6](-[H])(-[H])-[H])-[#6](-[H])(-[H])-[H])-[#6](-[H])(-[H])-[H])-[#6](-[H])(-[H])-[#6](-[H])(-[H])-[#16]-[#6](-[H])(-[H])-[H])-[#6@](-[H])(-[#8]-[H])-[#6](-[H])(-[H])-[H])-[#6](-[H])(-[H])-[#6](-[H])(-[H])-[#16]-[#6](-[H])(-[H])-[H])-[#6](-[H])(-[H])-[#6](-[H])(-[H])-[#6](-[H])(-[H])-[#7](-[H])-[#6](=[#7]-[H])-[#7](-[H])-[H]>>[H]-[#8]-[#6:20],"EVODEX.1-P5310,EVODEX.1-P5330,EVODEX.1-P5332,EVODEX.1-P5334,EVODEX.1-P5335",71509411819087609204423045532581824142323900229518608742005599737864753940184
EVODEX.1-C665,[H]-[#8]-[#6](=[#8])-[#6@@](-[H])(-[#7](-[H])-[#6](=[#8])-[#6@@](-[H])(-[#7](-[H])-[#6](=[#8])-[#6@@](-[H])(-[#7](-[H])-[#6](=[#8])-[#6@@]1(-[H])-[#7](-[#6:14])-[#6](-[H])(-[H])-[#6](-[H])(-[H])-[#6]-1(-[H])-[H])-[#6@@](-[H])(-[#6](-[H])(-[H])-[H])-[#6](-[H])(-[H])-[#6](-[H])(-[H])-[H])-[#6](-[H])(-[#6](-[H])(-[H])-[H])-[#6](-[H])(-[H])-[H])-[#6](-[H])(-[H])-[#6](-[H])(-[H])-[#6](=[#8])-[#7](-[H])-[H].[H]-[#8:74]>>[#6:14]-[#8:74],"EVODEX.1-P5312,EVODEX.1-P5316,EVODEX.1-P5346,EVODEX.1-P5349,EVODEX.1-P5350",46127185146878802795133108789161354873383270430378224486257452462297752908368
EVODEX.1-C666,[H]-[#8]-[#6](=[#8])-[#6@@](-[H])(-[#7](-[H])-[#6](=[#8])-[#6@@](-[H])(-[#7](-[H])-[#6](=[#8])-[#6@@]1(-[H])-[#7](-[#6:14])-[#6](-[H])(-[H])-[#6](-[H])(-[H])-[#6]-1(-[H])-[H])-[#6@@](-[H])(-[#6](-[H])(-[H])-[H])-[#6](-[H])(-[H])-[#6](-[H])(-[H])-[H])-[#6](-[H])(-[#6](-[H])(-[H])-[H])-[#6](-[H])(-[H])-[H]>>[H]-[#8]-[#6:14],"EVODEX.1-P5317,EVODEX.1-P5323,EVODEX.1-P5326,EVODEX.1-P5327,EVODEX.1-P5328",17902441813293532755842274310562404950743400024905090417766416379416945964046
EVODEX.1-C667,[H]-[#8]-[#6](=[#8])-[#6@@](-[H])(-[#7](-[H])-[#6](=[#8])-[#6@@](-[H])(-[#7](-[H])-[#6](=[#8])-[#6@@]1(-[H])-[#7](-[#6:14])-[#6](-[H])(-[H])-[#6](-[H])(-[H])-[#6]-1(-[H])-[H])-[#6@@](-[H])(-[#6](-[H])(-[H])-[H])-[#6](-[H])(-[H])-[#6](-[H])(-[H])-[H])-[#6](-[H])(-[#6](-[H])(-[H])-[H])-[#6](-[H])(-[H])-[H].[H]-[#8:54]>>[#6:14]-[#8:54],"EVODEX.1-P5319,EVODEX.1-P5320,EVODEX.1-P5321,EVODEX.1-P5322,EVODEX.1-P5325",97608912377543898589194312759815339648675197763648199208426961433623521516881
EVODEX.1-C668,[H]-[#8]-[#6](-[H])(-[H])-[#6@@](-[H])(-[#6](=[#8])-[#7:24])-[#7](-[H])-[#6](=[#8])-[#6@@](-[H])(-[#7](-[H])-[#6](=[#8])-[#6@@](-[H])(-[#7](-[H])-[#6](=[#8])-[#6@@]1(-[H])-[#7](-[#6](=[#8])-[#6@@]2(-[H])-[#7](-[H])-[#6](-[H])(-[H])-[#6](-[H])(-[H])-[#6]-2(-[H])-[H])-[#6](-[H])(-[H])-[#6](-[H])(-[H])-[#6]-1(-[H])-[H])-[#6](-[H])(-[H])-[H])-[#6](-[H])(-[#6](-[H])(-[H])-[H])-[#6](-[H])(-[H])-[H]>>[H]-[#7:24],"EVODEX.1-P5337,EVODEX.1-P5338,EVODEX.1-P5339,EVODEX.1-P5340,EVODEX.1-P5341",15320079672509701891725258082685397859060415325764874415110994905465541102842
EVODEX.1-C669,[H]-[#8]-[#6](=[#8])-[#6@@](-[H])(-[#7](-[H])-[#6](=[#8])-[#6@@](-[H])(-[#7](-[H])-[#6:9])-[#6](-[H])(-[H])-[H])-[#6](-[H])(-[H])-[H].[H]-[#8:42]>>[#6:9]-[#8:42],"EVODEX.1-P5358,EVODEX.1-P5363,EVODEX.1-P5364,EVODEX.1-P5366,EVODEX.1-P5372",52820558201838816889710860297197788146900140634712096342560867316516909950720
EVODEX.1-C670,[H]-[#8]-[#6]1:[#6](-[H]):[#6](-[H]):[#6](-[#6](-[H])(-[H])-[#6@@](-[H])(-[#6](=[#8])-[#7](-[H])-[#6](-[H])(-[H])-[#6](=[#8])-[#7](-[H])-[#6@](-[H])(-[#6](=[#8])-[#7](-[H])-[#6@](-[H])(-[#6](=[#8])-[#7](-[H])-[#6@](-[H])(-[#6](=[#8])-[#7](-[H])-[#6@](-[H])(-[#6](=[#8])-[#7](-[H])-[#6@](-[H])(-[#6](=[#8])-[#7:57])-[#6](-[H])(-[H])-[#6]2:[#6](-[H]):[#6](-[H]):[#6](-[H]):[#6](-[H]):[#6]:2-[H])-[#6](-[H])(-[H])-[#6](-[H])(-[H])-[#6](-[H])(-[H])-[#6](-[H])(-[H])-[#7](-[H])-[H])-[#6](-[H])(-[H])-[#8]-[H])-[#6](-[H])(-[H])-[#8]-[H])-[#6@@](-[H])(-[#6](-[H])(-[H])-[H])-[#6](-[H])(-[H])-[#6](-[H])(-[H])-[H])-[#7](-[H])-[H]):[#6](-[H]):[#6]:1-[H]>>[H]-[#7:57],"EVODEX.1-P5373,EVODEX.1-P5374,EVODEX.1-P5375,EVODEX.1-P5376,EVODEX.1-P5377",112852062215912168834135551904250074032622648072498736861364116414155863124353
EVODEX.1-C671,[H]-[#7]=[#6](-[#7](-[H])-[H])-[#7](-[H])-[#6](-[H])(-[H])-[#6](-[H])(-[H])-[#6](-[H])(-[H])-[#6@@](-[H])(-[#6](=[#8])-[#7](-[H])-[#6@](-[H])(-[#6](=[#8])-[#7](-[H])-[#6@](-[H])(-[#6](=[#8])-[#7](-[H])-[#6@](-[H])(-[#6](=[#8])-[#7:60])-[#6](-[H])(-[H])-[#6](-[H])(-[H])-[#6](-[H])(-[H])-[#7](-[H])-[#6](=[#7]-[H])-[#7](-[H])-[H])-[#6](-[H])(-[H])-[#6]1:[#6](-[H]):[#6](-[H]):[#6](-[#8]-[H]):[#6](-[H]):[#6]:1-[H])-[#6](-[H])(-[H])-[#6](-[H])(-[#6](-[H])(-[H])-[H])-[#6](-[H])(-[H])-[H])-[#7](-[H])-[#6](=[#8])-[#6@@](-[H])(-[#7](-[H])-[#6](=[#8])-[#6@@](-[H])(-[#7](-[H])-[H])-[#6](-[H])(-[H])-[#6](-[H])(-[H])-[#6](=[#8])-[#8]-[H])-[#6](-[H])(-[H])-[#6](-[H])(-[#6](-[H])(-[H])-[H])-[#6](-[H])(-[H])-[H]>>[H]-[#7:60],"EVODEX.1-P5379,EVODEX.1-P5380,EVODEX.1-P5383,EVODEX.1-P5384,EVODEX.1-P5385",92735524326310852819585142069574725144188822189187896287432974498410481924589
EVODEX.1-C672,[H]-[#6]1:[#6](-[H]):[#6](-[H]):[#6](-[#6](-[H])(-[H])-[#6@@](-[H])(-[#6](=[#8])-[#7:43])-[#7](-[H])-[#6](=[#8])-[#6@@](-[H])(-[#7](-[H])-[#6](=[#8])-[#6@@](-[H])(-[#7](-[H])-[#6](=[#8])-[#6@@](-[H])(-[#7](-[H])-[#6](=[#8])-[#6]2:[#6](-[H]):[#6](-[H]):[#6](-[H]):[#6](-[H]):[#6]:2-[#7](-[H])-[H])-[#6](-[H])(-[H])-[H])-[#6@@](-[H])(-[#6](-[H])(-[H])-[H])-[#6](-[H])(-[H])-[#6](-[H])(-[H])-[H])-[#6](-[H])(-[H])-[#6](-[H])(-[H])-[#6](-[H])(-[H])-[#6](-[H])(-[H])-[#7](-[H])-[H]):[#6](-[H]):[#6]:1-[H]>>[H]-[#7:43],"EVODEX.1-P5387,EVODEX.1-P5388,EVODEX.1-P5389,EVODEX.1-P5390,EVODEX.1-P5391",50358781573552232276702987623021888920476712445503843521817035032271250704942
EVODEX.1-C673,[H]-[#6]1:[#6](-[H]):[#6](-[H]):[#6](-[#6](-[H])(-[H])-[#6@@](-[H])(-[#6](=[#8])-[#7](-[H])-[#6@](-[H])(-[#6](=[#8])-[#7:37])-[#6](-[H])(-[H])-[#6](-[H])(-[#6](-[H])(-[H])-[H])-[#6](-[H])(-[H])-[H])-[#7](-[H])-[#6](=[#8])-[#6](-[H])(-[H])-[#7](-[H])-[#6](=[#8])-[#6](-[H])(-[H])-[#7](-[H])-[#6](=[#8])-[#6]2:[#6](-[H]):[#6](-[H]):[#6](-[H]):[#6](-[H]):[#6]:2-[#7](-[H])-[H]):[#6](-[H]):[#6]:1-[H]>>[H]-[#7:37],"EVODEX.1-P5399,EVODEX.1-P5400,EVODEX.1-P5430,EVODEX.1-P5431,EVODEX.1-P5440",19527377320436693362587961903173135511753590771437524432508200461908187534437
EVODEX.1-C674,[H]-[#8]-[#6](-[H])(-[H])-[#6@@](-[H])(-[#6](=[#8])-[#7](-[H])-[#6@](-[H])(-[#6](=[#8])-[#7](-[H])-[#6@](-[H])(-[#6](=[#8])-[#7:15])-[#6](-[H])(-[H])-[#6](-[H])(-[H])-[#6](=[#8])-[#7](-[H])-[H])-[#6](-[H])(-[H])-[H])-[#7](-[H])-[H]>>[H]-[#7:15],"EVODEX.1-P5402,EVODEX.1-P5403,EVODEX.1-P5404,EVODEX.1-P5405,EVODEX.1-P5406",18759682896541079133071240461803282564192624693064562925738676052337013625980
EVODEX.1-C675,[H]-[#8]-[#6]1:[#6](-[H]):[#6](-[H]):[#6]2:[#6](-[#6](-[H])(-[H])-[#6](-[H])(-[H])-[#6](=[#8])-[#7](-[H])-[#6@](-[H])(-[#6](=[#8])-[#7:22])-[#6](-[H])(-[H])-[H]):[#6](-[H]):[#6](=[#8]):[#8]:[#6]:2:[#6]:1-[H]>>[H]-[#7:22],"EVODEX.1-P5410,EVODEX.1-P5413,EVODEX.1-P5417,EVODEX.1-P5418,EVODEX.1-P5419",20605849406302700999963637215900381689375452256508138974990830477454984067239
EVODEX.1-C676,[H]-[#8]-[#6]1:[#6](-[H]):[#6](-[H]):[#6]2:[#6](-[#6](-[H])(-[H])-[#6](-[H])(-[H])-[#6](=[#8])-[#7](-[H])-[#6@](-[H])(-[#6](=[#8])-[#7](-[H])-[#6@](-[H])(-[#6](=[#8])-[#7:9])-[#6](-[H])(-[H])-[H])-[#6](-[H])(-[H])-[H]):[#6](-[H]):[#6](=[#8]):[#8]:[#6]:2:[#6]:1-[H]>>[H]-[#7:9],"EVODEX.1-P5411,EVODEX.1-P5412,EVODEX.1-P5414,EVODEX.1-P5415,EVODEX.1-P5416",36658077256142595644782734939257814969320336933480037699130515464931594813831
EVODEX.1-C677,[H]-[#7]=[#6](-[#7](-[H])-[H])-[#7](-[H])-[#6](-[H])(-[H])-[#6](-[H])(-[H])-[#6](-[H])(-[H])-[#6@@](-[H])(-[#6](=[#8])-[#7:48])-[#7](-[H])-[#6](=[#8])-[#6@@](-[H])(-[#7](-[H])-[#6](=[#8])-[#6@@](-[H])(-[#7](-[H])-[#6](=[#8])-[#6](-[H])(-[H])-[#7](-[H])-[#6](=[#8])-[#6](-[H])(-[H])-[#7](-[H])-[#6](=[#8])-[#6]1:[#6](-[H]):[#6](-[H]):[#6](-[H]):[#6](-[H]):[#6]:1-[#7](-[H])-[H])-[#6](-[H])(-[H])-[#6]1:[#6](-[H]):[#6](-[H]):[#6](-[H]):[#6](-[H]):[#6]:1-[H])-[#6](-[H])(-[H])-[#6](-[H])(-[#6](-[H])(-[H])-[H])-[#6](-[H])(-[H])-[H]>>[H]-[#7:48],"EVODEX.1-P5425,EVODEX.1-P5434,EVODEX.1-P5435,EVODEX.1-P5437,EVODEX.1-P5441",47853913193288447476295716565250114120402589314730244673070373177978601776093
EVODEX.1-C678,[H]-[#7]=[#6](-[#7](-[H])-[H])-[#7](-[H])-[#6](-[H])(-[H])-[#6](-[H])(-[H])-[#6](-[H])(-[H])-[#6@@](-[H])(-[#6](=[#8])-[#7](-[H])-[#6@](-[H])(-[#6](=[#8])-[#7:57])-[#6](-[H])(-[H])-[#6](-[H])(-[H])-[#6](-[H])(-[H])-[#6](-[H])(-[H])-[#7](-[H])-[H])-[#7](-[H])-[#6](=[#8])-[#6@@](-[H])(-[#7](-[H])-[#6](=[#8])-[#6@@](-[H])(-[#7](-[H])-[#6](=[#8])-[#6](-[H])(-[H])-[#7](-[H])-[#6](=[#8])-[#6](-[H])(-[H])-[#7](-[H])-[#6](=[#8])-[#6]1:[#6](-[H]):[#6](-[H]):[#6](-[H]):[#6](-[H]):[#6]:1-[#7](-[H])-[H])-[#6](-[H])(-[H])-[#6]1:[#6](-[H]):[#6](-[H]):[#6](-[H]):[#6](-[H]):[#6]:1-[H])-[#6](-[H])(-[H])-[#6](-[H])(-[#6](-[H])(-[H])-[H])-[#6](-[H])(-[H])-[H]>>[H]-[#7:57],"EVODEX.1-P5432,EVODEX.1-P5433,EVODEX.1-P5436,EVODEX.1-P5438,EVODEX.1-P5439",80953235647159715665860914421885783175000533352116036688993740871793664690195
EVODEX.1-C679,[H]-[#8]-[#7](-[H])-[#6:8]>>[H]-[#8]-[#6:8],"EVODEX.1-P5445,EVODEX.1-P5629,EVODEX.1-P5633,EVODEX.1-P5640,EVODEX.1-P6907",15386052559336791058403551851247100753994062866519880765618174461537186820576
EVODEX.1-C680,[H]-[#6](-[H])(-[H])-[#6](=[#8])-[#7:4]>>[H]-[#7:4],"EVODEX.1-P5450,EVODEX.1-P5451,EVODEX.1-P5539,EVODEX.1-P5540,EVODEX.1-P5706",57611800946136258031753691332151152516357058100075140195388131160222380822351
EVODEX.1-C681,[H]-[#8]-[#6:10]>>[H]-[#8]-[#6](=[#8])-[#6@]1(-[H])-[#7]2-[#6](=[#8])-[#6@@](-[H])(-[#7](-[H])-[#6:10])-[#6@@]-2(-[H])-[#16]-[#6]-1(-[#6](-[H])(-[H])-[H])-[#6](-[H])(-[H])-[H],"EVODEX.1-P5452,EVODEX.1-P5454,EVODEX.1-P5459,EVODEX.1-P5480,EVODEX.1-P5498",43817568602624635799897060798403401696661180935571203599084902150396443238115
EVODEX.1-C682,[#6:7]-[#8:9]>>[H]-[#8]-[#6](=[#8])-[#6]1(-[H])-[#7]2-[#6](=[#8])-[#6](-[H])(-[#7](-[H])-[#6:7])-[#6]-2(-[H])-[#16]-[#6]-1(-[#6](-[H])(-[H])-[H])-[#6](-[H])(-[H])-[H].[H]-[#8:9],"EVODEX.1-P5458,EVODEX.1-P5460,EVODEX.1-P5476,EVODEX.1-P5479,EVODEX.1-P5481",17345473890009298981315745639462547419094729439787239795735438022413836842135
EVODEX.1-C683,[H]-[#6]1:[#6](-[H]):[#6](-[H]):[#6](-[#6](-[H])(-[H])-[#6](=[#8])-[#7:11]):[#6](-[H]):[#6]:1-[H]>>[H]-[#7:11],"EVODEX.1-P5461,EVODEX.1-P5486,EVODEX.1-P5492,EVODEX.1-P5494,EVODEX.1-P5512",4670122912239506694623351052329560253614046977081047086418944335160898512167
EVODEX.1-C684,[H]-[#7:1]>>[H]-[#6]1:[#6](-[H]):[#6](-[H]):[#6](-[#6](-[H])(-[H])-[#6](=[#8])-[#7:1]):[#6](-[H]):[#6]:1-[H],"EVODEX.1-P5462,EVODEX.1-P5464,EVODEX.1-P5468,EVODEX.1-P5482,EVODEX.1-P5485",50644720989516828179830339711080664200511885559350992325145284539913778362676
EVODEX.1-C685,[H]-[#8]-[#6:16]>>[H]-[#8]-[#6](=[#8])-[#6@@](-[H])(-[#7](-[H])-[#6:16])-[#6](-[H])(-[H])-[#6](-[H])(-[#6](-[H])(-[H])-[H])-[#6](-[H])(-[H])-[H],"EVODEX.1-P5488,EVODEX.1-P5543,EVODEX.1-P7216,EVODEX.1-P7299,EVODEX.1-P7376",107456955913282822716580735166848638704614680118659804509358359865758589224180
EVODEX.1-C686,[H]-[#7]1-[#6](=[#8])-[#7](-[H])-[#6@@]2(-[H])-[#6](-[H])(-[H])-[#16]-[#6@@](-[H])(-[#6](-[H])(-[H])-[#6](-[H])(-[H])-[#6](-[H])(-[H])-[#6](-[H])(-[H])-[#6](=[#8])-[#7:17])-[#6@@]-1-2-[H]>>[H]-[#7:17],"EVODEX.1-P5502,EVODEX.1-P5504,EVODEX.1-P5505,EVODEX.1-P5506,EVODEX.1-P5508",25396849920477304909624153585807125055292723720059525464420582346287730448
EVODEX.1-C687,[H]-[#6](-[H])(-[H])-[#6](-[H])(-[H])-[#6](=[#8])-[#7:5]>>[H]-[#7:5],"EVODEX.1-P5510,EVODEX.1-P5511,EVODEX.1-P5544,EVODEX.1-P5556,EVODEX.1-P5561",59520401833330368092114772677844405449905585620873786389066000985563345281072
EVODEX.1-C688,[#8]=[#6](-[#8])-[#7:7]>>[H]-[#8].[H]-[#7:7],"EVODEX.1-P5518,EVODEX.1-P5750,EVODEX.1-P5756,EVODEX.1-P5757,EVODEX.1-P5763",58066201187773088926018502997919992160771815040767275174371855076183336952048
EVODEX.1-C689,[H]-[#6](-[H])(-[H])-[#6](-[H])(-[H])-[#6](-[H])(-[H])-[#6](-[H])(-[H])-[#6](-[H])(-[H])-[#6](-[H])(-[H])-[#6](-[H])(-[H])-[#6](-[H])(-[H])-[#6](-[H])(-[H])-[#6](-[H])(-[H])-[#6](-[H])(-[H])-[#6](=[#8])-[#7:21]>>[H]-[#7:21],"EVODEX.1-P5525,EVODEX.1-P5526,EVODEX.1-P5528,EVODEX.1-P5531,EVODEX.1-P5585",99736260506605633927223875747313532908754418216613805532812639291856788867129
EVODEX.1-C690,[H]-[#6](-[H])(-[H])-[#6](-[H])(-[H])-[#6](-[H])(-[H])-[#6](-[H])(-[H])-[#6](-[H])(-[H])-[#6](-[H])(-[H])-[#6](-[H])(-[H])-[#6](=[#8])-[#7:10]>>[H]-[#7:10],"EVODEX.1-P5542,EVODEX.1-P5566,EVODEX.1-P5658,EVODEX.1-P5711,EVODEX.1-P5841",57925375511815676357205166494846988112458446080972785065286121921260569820576
EVODEX.1-C691,[H]-[#6](=[#8])-[#7:4]-[#6:5]>>[H]-[#7:4]-[#6@:5],"EVODEX.1-P5547,EVODEX.1-P5811,EVODEX.1-P5814,EVODEX.1-P5817,EVODEX.1-P5818",71001838660248728575302097503548394209770822019330831117001914000766830066889
EVODEX.1-C692,[H]-[#8]-[#6](=[#8])-[#6@@](-[H])(-[#7](-[H])-[H])-[#6](-[H])(-[H])-[#6](-[H])(-[H])-[#6](-[H])(-[H])-[#6](-[H])(-[H])-[#7](-[H])-[#6:8]>>[H]-[#8]-[#6:8],"EVODEX.1-P5563,EVODEX.1-P5564,EVODEX.1-P5565,EVODEX.1-P5568,EVODEX.1-P5571",93876173024885460734139890350845420943153099539054284527557287589000648888947
EVODEX.1-C693,[H]-[#8]-[#6:20]>>[H]-[#8]-[#6](-[H])(-[H])-[#6@](-[H])(-[#7](-[H])-[#6:20])-[#6@](-[H])(-[#8]-[H])-[#6](-[H])=[#6](-[H])-[#6](-[H])(-[H])-[#6](-[H])(-[H])-[#6](-[H])(-[H])-[#6](-[H])(-[H])-[#6](-[H])(-[H])-[#6](-[H])(-[H])-[#6](-[H])(-[H])-[#6](-[H])(-[H])-[#6](-[H])(-[H])-[#6](-[H])(-[H])-[#6](-[H])(-[H])-[#6](-[H])(-[H])-[#6](-[H])(-[H])-[H],"EVODEX.1-P5581,EVODEX.1-P5588,EVODEX.1-P5589,EVODEX.1-P5593,EVODEX.1-P5603",56266375167082133695310887276429165996438394399170472987417383359795953178531
EVODEX.1-C694,[#6:20]-[#8:22]>>[H]-[#8]-[#6](-[H])(-[H])-[#6@](-[H])(-[#7](-[H])-[#6:20])-[#6@](-[H])(-[#8]-[H])-[#6](-[H])=[#6](-[H])-[#6](-[H])(-[H])-[#6](-[H])(-[H])-[#6](-[H])(-[H])-[#6](-[H])(-[H])-[#6](-[H])(-[H])-[#6](-[H])(-[H])-[#6](-[H])(-[H])-[#6](-[H])(-[H])-[#6](-[H])(-[H])-[#6](-[H])(-[H])-[#6](-[H])(-[H])-[#6](-[H])(-[H])-[#6](-[H])(-[H])-[H].[H]-[#8:22],"EVODEX.1-P5582,EVODEX.1-P5595,EVODEX.1-P5601,EVODEX.1-P5606,EVODEX.1-P5610",95437058968772438122838609403960808999155329592108015118098478612702691583908
EVODEX.1-C695,[H]-[#8]-[#6](-[H])(-[H])-[#6@](-[H])(-[#7](-[H])-[#6:22])-[#6@](-[H])(-[#8]-[H])-[#6](-[H])=[#6](-[H])-[#6](-[H])(-[H])-[#6](-[H])(-[H])-[#6](-[H])(-[H])-[#6](-[H])(-[H])-[#6](-[H])(-[H])-[#6](-[H])(-[H])-[#6](-[H])(-[H])-[#6](-[H])(-[H])-[#6](-[H])(-[H])-[#6](-[H])(-[H])-[#6](-[H])(-[H])-[#6](-[H])(-[H])-[#6](-[H])(-[H])-[H].[H]-[#8:45]>>[#6:22]-[#8:45],"EVODEX.1-P5583,EVODEX.1-P5592,EVODEX.1-P5594,EVODEX.1-P5600,EVODEX.1-P5609",50271121698287482817831102712501199014357708020656701309431673146263630952602
EVODEX.1-C696,[H]-[#8]-[#6](-[H])(-[H])-[#6@](-[H])(-[#7](-[H])-[#6:18])-[#6@](-[H])(-[#8]-[H])-[#6](-[H])=[#6](-[H])-[#6](-[H])(-[H])-[#6](-[H])(-[H])-[#6](-[H])(-[H])-[#6](-[H])(-[H])-[#6](-[H])(-[H])-[#6](-[H])(-[H])-[#6](-[H])(-[H])-[#6](-[H])(-[H])-[#6](-[H])(-[H])-[#6](-[H])(-[H])-[#6](-[H])(-[H])-[#6](-[H])(-[H])-[#6](-[H])(-[H])-[H]>>[H]-[#8]-[#6:18],"EVODEX.1-P5584,EVODEX.1-P5586,EVODEX.1-P5591,EVODEX.1-P5607,EVODEX.1-P5611",63042929222238902949380209497234665897529866212627665889741205870350699758073
EVODEX.1-C697,[H]-[#6](-[H])(-[H])-[#6](-[H])(-[H])-[#6](-[H])(-[H])-[#6](-[H])(-[H])-[#6](-[H])(-[H])-[#6](-[H])(-[H])-[#6](-[H])(-[H])-[#6](-[H])(-[H])-[#6](-[H])(-[H])-[#6](-[H])(-[H])-[#6](-[H])(-[H])-[#6](-[H])(-[H])-[#6](-[H])(-[H])-[#6](-[H])(-[H])-[#6](-[H])(-[H])-[#6](=[#8])-[#7:18]>>[H]-[#7:18],"EVODEX.1-P5596,EVODEX.1-P5696,EVODEX.1-P5712,EVODEX.1-P5747,EVODEX.1-P5774",26643245027060662781522536029816567873005951657906608121131379809141520007822
EVODEX.1-C698,[H]-[#8]-[#16](=[#8])(=[#8])-[#6](-[H])(-[H])-[#6](-[H])(-[H])-[#7](-[H])-[#6:5]>>[H]-[#8]-[#6:5],"EVODEX.1-P5612,EVODEX.1-P5614,EVODEX.1-P5617,EVODEX.1-P5699,EVODEX.1-P5777",5226570565636783584225730850289784337328347475495963021609491776071073829106
EVODEX.1-C699,[H]-[#8]-[#6:4]>>[H]-[#8]-[#7](-[H])-[#6:4],"EVODEX.1-P5626,EVODEX.1-P5631,EVODEX.1-P5641,EVODEX.1-P5669,EVODEX.1-P6906",523753040757376426355266328622971234209727676307265833447234222531936535937
EVODEX.1-C700,[#6:3]-[#7:4]>>[H]-[#8]-[#7](-[H])-[#6:3].[H]-[#7:4],"EVODEX.1-P5632,EVODEX.1-P5636,EVODEX.1-P5638,EVODEX.1-P5680,EVODEX.1-P5683",31548604652517715430766285094118252337632900235287060211991383212553567920176
EVODEX.1-C701,[H]-[#8]-[#6](-[H])(-[H])-[#6](-[H])(-[H])-[#7](-[H])-[#6:17].[H]-[#8:23]>>[#6:17]-[#8:23],"EVODEX.1-P5676,EVODEX.1-P5697,EVODEX.1-P5703,EVODEX.1-P5740,EVODEX.1-P5748",15359865371777584411026060534236843267767457819219874864623399020709017307217
EVODEX.1-C702,[#6:18]-[#8:20]>>[H]-[#7](-[H])-[#6:18].[H]-[#8:20],"EVODEX.1-P5684,EVODEX.1-P5686,EVODEX.1-P5688,EVODEX.1-P5692,EVODEX.1-P5695",67595202528762329078347648579669103795701775825991678894410621540301652612853
EVODEX.1-C703,[H]-[#8]-[#6](=[#8])-[#6](-[H])(-[H])-[#6](-[H])(-[H])-[#6](-[H])(-[H])-[#6](=[#8])-[#7:10]>>[H]-[#7:10],"EVODEX.1-P5693,EVODEX.1-P5828,EVODEX.1-P5830,EVODEX.1-P5831,EVODEX.1-P5832",103932852461512754854257164570024299157409454259867849855590699645549694286260
EVODEX.1-C704,[H]-[#6]1:[#6](-[H]):[#6](-[H]):[#6](-[#6](-[H])(-[H])-[#8:17]-[#6:3]-[#7:4]):[#6](-[H]):[#6]:1-[H]>>[H]-[#7:4].[#6:3]=[#8:17],"EVODEX.1-P5717,EVODEX.1-P5752,EVODEX.1-P5755,EVODEX.1-P5762,EVODEX.1-P5771",22260188985384040408217195858151279441433264972804852983816833428577235990132
EVODEX.1-C705,[H]-[#8]-[#6](-[H])(-[H])-[#6](-[H])(-[H])-[#7](-[H])-[#6:17]>>[H]-[#8]-[#6:17],"EVODEX.1-P5738,EVODEX.1-P5739,EVODEX.1-P5741,EVODEX.1-P5744,EVODEX.1-P5749",85635235194717145589406595504397940470408033153329687704981646525726344861484
EVODEX.1-C706,[#8]=[#6](-[#8]-[#6:10])-[#7:6].[H]-[#8:20]>>[#6:10]-[#8:20].[H]-[#7:6],"EVODEX.1-P5753,EVODEX.1-P5758,EVODEX.1-P5759,EVODEX.1-P5764,EVODEX.1-P5768",89857264397236071678943641475345230359177895906915947032123468761196323728714
EVODEX.1-C707,[H]-[#8]-[#6:9]>>[H]-[#8]-[#6](=[#8])-[#6@@](-[H])(-[#7](-[H])-[#6:9])-[#6](-[H])(-[H])-[#6]1:[#6](-[H]):[#6](-[H]):[#6](-[H]):[#6](-[H]):[#6]:1-[H],"EVODEX.1-P5785,EVODEX.1-P7198,EVODEX.1-P7417,EVODEX.1-P7464,EVODEX.1-P7475",81608473047710594269886465466619895377593165570464349845866360772570653162560
EVODEX.1-C708,[#6:35]-[#7:43]>>([H]-[#8]-[#6:35].[#7:43]-[H]),"EVODEX.1-P5846,EVODEX.1-P5849,EVODEX.1-P5851,EVODEX.1-P5853,EVODEX.1-P5860",13474051431423938988507464885409042972995472347625141182214966611162475802268
EVODEX.1-C709,[H]-[#7]=[#6:2]>>[#8]=[#6:2],"EVODEX.1-P5861,EVODEX.1-P5866,EVODEX.1-P5871,EVODEX.1-P5875,EVODEX.1-P5877",19661478392776171613478457422821965151258950567697201881207564141353517853249
EVODEX.1-C710,[#6:6]=[#7:7].[H]-[#8:11]-[H]>>[#6:6]=[#8:11].[H]-[#7:7]-[H],"EVODEX.1-P5862,EVODEX.1-P5865,EVODEX.1-P5873,EVODEX.1-P5876,EVODEX.1-P5879",99868542887377887350800969075519120200112071352726410023877131430243241293790
EVODEX.1-C711,([#7:1]#[#6:2].[#6:7]#[#7:8]).[H]-[#8:11].[H]-[#8:12]-[H]>>([H]-[#8]-[#6:2]=[#8:12].[#6:7](=[#8])-[#8:11]).[H]-[#7:1](-[H])-[H].[H]-[#7:8](-[H])-[H],"EVODEX.1-P5889,EVODEX.1-P5899,EVODEX.1-P5904,EVODEX.1-P5914,EVODEX.1-P5924",47920354247717304455146380302677087846353113135460297599401806742166138447048
EVODEX.1-C712,([#7]#[#6:2].[#6:10]#[#7]).[H]-[#8:13]-[H].[H]-[#8:14]>>([H]-[#8]-[#6:10]=[#8].[#6:2](=[#8:13])-[#8:14]),"EVODEX.1-P5890,EVODEX.1-P5912,EVODEX.1-P5919,EVODEX.1-P5929,EVODEX.1-P5932",40882819567698687209657591300423117924957949687944009362792423103564051884952
EVODEX.1-C713,[#6:8]-[#6:10]#[#7:11].[H]-[#8:12]-[H]>>[H]-[#8]-[#6:10](-[#6@@:8])=[#8:12].[H]-[#7:11](-[H])-[H],"EVODEX.1-P5893,EVODEX.1-P5894,EVODEX.1-P5938,EVODEX.1-P5942,EVODEX.1-P5948",16526700383958735967006564078542762589655398912934870025203384598504720856650
EVODEX.1-C714,[#7]#[#6:2]-[#6:3].[H]-[#8:12]-[H]>>[H]-[#8]-[#6:2](-[#6@:3])=[#8:12],"EVODEX.1-P5895,EVODEX.1-P5936,EVODEX.1-P5939,EVODEX.1-P5940,EVODEX.1-P5943",99131217287751378605567644517996742122612905834856535069585640761534677718268
EVODEX.1-C715,[#6:3]-[#6:5]#[#7:6]>>[H]-[#8]-[#6:5](=[#8])-[#6@:3].[H]-[#7:6](-[H])-[H],"EVODEX.1-P5896,EVODEX.1-P5945,EVODEX.1-P5947,EVODEX.1-P5950,EVODEX.1-P5967",62451594924479540414944579267145846585495895687462460502747875533891299115954
EVODEX.1-C716,([#7]#[#6:2].[#6:8]#[#7])>>([H]-[#8]-[#6:2]=[#8].[#6:8](=[#8])-[#8]-[H]),"EVODEX.1-P5900,EVODEX.1-P5916,EVODEX.1-P5918,EVODEX.1-P5925,EVODEX.1-P5965",22054873809160428758650987931439909223227036635698780305060121713425033685257
EVODEX.1-C717,([#7:1]#[#6:2].[#6:10]#[#7:11])>>([H]-[#8]-[#6:2]=[#8].[#6:10](=[#8])-[#8]-[H]).[H]-[#7:11](-[H])-[H].[H]-[#7:1](-[H])-[H],"EVODEX.1-P5911,EVODEX.1-P5915,EVODEX.1-P5917,EVODEX.1-P5928,EVODEX.1-P5931",65159733020244696919622117334389982686236165189595269401955628252039859193243
EVODEX.1-C718,[#7]#[#6:10]-[#6:8]>>[H]-[#8]-[#6:10](=[#8])-[#6@@:8],"EVODEX.1-P5937,EVODEX.1-P5941,EVODEX.1-P5944,EVODEX.1-P5946,EVODEX.1-P5949",3684578617211812466858178953540796848515026521398393606400076108138961357230
EVODEX.1-C719,([H]-[#8:20].[#8:17]-[#15:14]-[#8:13])>>[H]-[#8:13].([H]-[#8]-[#15:14]-[#8:20].[#8:17]-[H]),"EVODEX.1-P5990,EVODEX.1-P5991,EVODEX.1-P5993,EVODEX.1-P5998,EVODEX.1-P6027",115573229926318416698937078720588218571060398655179736736014922963881606467768
EVODEX.1-C720,([H]-[#8:26].[#8:23]-[#15:20]-[#8:19]).[H]-[#8:32]>>[H]-[#8:19].([H]-[#8:23].[#8:26]-[#15:20]-[#8:32]),"EVODEX.1-P5992,EVODEX.1-P5994,EVODEX.1-P5995,EVODEX.1-P5997,EVODEX.1-P6028",6656319822150201854300624581319770068297801238893888997359192068241758783557
EVODEX.1-C721,[#15:4]-[#8:7]-[#15:8]-[#8:11].[H]-[#8:1].[H]-[#8:2]>>[H]-[#8:11].[H]-[#8:7]-[#15:8]-[#8:1].[#8:2]-[#15:4],"EVODEX.1-P6003,EVODEX.1-P6005,EVODEX.1-P6007,EVODEX.1-P6008,EVODEX.1-P6016",48792829812025896983754457601943201052647355244697428865793060429242637647420
EVODEX.1-C722,[H]-[#8]-[#6](=[#8])-[#6](-[#8]-[H])=[#6](-[H])-[#6](-[H])=[#6](-[H])-[#6:10]>>[H]-[#8]-[#6:10],"EVODEX.1-P6033,EVODEX.1-P6036,EVODEX.1-P6051,EVODEX.1-P6074,EVODEX.1-P6077",28974147907071789981647145475076921398845745036488289863287901483568474702317
EVODEX.1-C723,[H]-[#8]-[#6](=[#8])-[#6](-[#8]-[H])=[#6](-[H])-[#6](-[H])=[#6](-[H])-[#6:10].[H]-[#8:1]>>[#8:1]-[#6:10],"EVODEX.1-P6035,EVODEX.1-P6076,EVODEX.1-P6079,EVODEX.1-P6085,EVODEX.1-P6086",94403258828200373991685008500071118601411072912568691639865931586350452093117
EVODEX.1-C724,[H]-[#8]-[#6](=[#8])-[#6](=[#8])-[#6](-[H])(-[H])-[#6:4].[H]-[#8:12]>>[#6:4]-[#8:12],"EVODEX.1-P6038,EVODEX.1-P6040,EVODEX.1-P6044,EVODEX.1-P6047,EVODEX.1-P6054",81000433319131232651595763689342520689712593935854917867082556439554329322285
EVODEX.1-C725,[H]-[#8]-[#6](=[#8])-[#6](=[#8])-[#6](-[H])(-[H])-[#6:8]>>[H]-[#8]-[#6:8],"EVODEX.1-P6039,EVODEX.1-P6041,EVODEX.1-P6042,EVODEX.1-P6043,EVODEX.1-P6045",694531035926718274185823358940759970555973156508800759620663182058733577880
EVODEX.1-C726,[H]-[#8]-[#6](=[#8])-[#6@@](-[H])(-[#7](-[H])-[H])-[#6](-[H])(-[H])-[#6:9]>>[H]-[#8]-[#6:9],"EVODEX.1-P6055,EVODEX.1-P6057,EVODEX.1-P6062,EVODEX.1-P6066,EVODEX.1-P6069",114108104215722909318557016898484068599173275865279409510775411404799353048144
EVODEX.1-C727,[H]-[#8]-[#6](=[#8])-[#6](-[H])(-[#7](-[H])-[H])-[#6](-[H])(-[H])-[#6:10].[H]-[#8:18]>>[#6:10]-[#8:18],"EVODEX.1-P6058,EVODEX.1-P6060,EVODEX.1-P6061,EVODEX.1-P6063,EVODEX.1-P6067",3862032339420174066873388451877578982051196442291223101284212919418799575005
EVODEX.1-C728,[#8:11]=[#6:12]>>[H]-[#8]-[#6](-[H])(-[#6](=[#8])-[#6](-[H])(-[H])-[#8]-[#15](=[#8])(-[#8]-[H])-[#8]-[H])-[#6:12]-[#8:11]-[H],"EVODEX.1-P6249,EVODEX.1-P6258,EVODEX.1-P6259,EVODEX.1-P6269,EVODEX.1-P6270",106604648663548833779007612373523678294601836466230165434528824208745706964175
EVODEX.1-C729,[H]-[#8]-[#6](=[#8])-[#6](=[#8])-[#6](-[H])(-[H])-[#6:14]-[#8:15]-[H]>>[#6:14]=[#8:15],"EVODEX.1-P6254,EVODEX.1-P6272,EVODEX.1-P6367,EVODEX.1-P6370,EVODEX.1-P6373",106766530007461621890512562277544904114068208896140363348755383550251140093367
EVODEX.1-C730,[H]-[#8]-[#6@@](-[H])(-[#6](=[#8])-[#6](-[H])(-[H])-[#8]-[#15](=[#8])(-[#8]-[H])-[#8]-[H])-[#6@@:11]-[#8:12]-[H]>>[#6:11]=[#8:12],"EVODEX.1-P6256,EVODEX.1-P6260,EVODEX.1-P6271,EVODEX.1-P6273,EVODEX.1-P6274",10967438250399234038318936898673928931574518351461311710677968996316556459288
EVODEX.1-C731,[H]-[#6:1]-[H].[#8:7]=[#6:8]>>[#6:1]=[#6:8].[H]-[#8:7]-[H],"EVODEX.1-P6280,EVODEX.1-P6318,EVODEX.1-P6321,EVODEX.1-P6322,EVODEX.1-P6338",7272184866330572358525015499415547134171300591524826170024055152167379600240
EVODEX.1-C732,([H]-[#6:2].[#6:21]=[#8:22]).([H]-[#6:43].[#6:24]=[#8:23])>>[H]-[#8:22]-[#6@@:21]-[#6:2].[H]-[#8:23]-[#6@:24]-[#6:43],"EVODEX.1-P6281,EVODEX.1-P6282,EVODEX.1-P6283,EVODEX.1-P6284,EVODEX.1-P6285",92419413004227016412751985237578062169168209113966122184370380805317565168454
EVODEX.1-C733,[H]-[#8]-[#6](=[#8])-[#6@@](-[H])(-[#7](-[H])-[H])-[#6@:6]-[#8:7]-[H]>>[#6:6]=[#8:7],"EVODEX.1-P6293,EVODEX.1-P6294,EVODEX.1-P6297,EVODEX.1-P6301,EVODEX.1-P6362",85917100009014999047215606277417527198094167808919425407760216559781187734524
EVODEX.1-C734,[H]-[#8]-[#6](=[#8])-[#6](=[#8])-[#6](-[H])=[#6:8].[H]-[#8:1]-[H]>>[#8:1]=[#6:8],"EVODEX.1-P6308,EVODEX.1-P6310,EVODEX.1-P6326,EVODEX.1-P6334,EVODEX.1-P6345",36137732360207137150880902885588798415233230380551218346660897474231205535255
EVODEX.1-C735,[#6:7]=[#6:8]>>[#8]=[#6:8].[H]-[#6:7]-[H],"EVODEX.1-P6309,EVODEX.1-P6312,EVODEX.1-P6327,EVODEX.1-P6340,EVODEX.1-P6343",31054777853266066561701500559129305804721005407478172679592792139687802879689
EVODEX.1-C736,[H]-[#8]-[#6](=[#8])-[#6](=[#8])-[#6](-[H])=[#6:8]>>[#8]=[#6:8],"EVODEX.1-P6311,EVODEX.1-P6313,EVODEX.1-P6316,EVODEX.1-P6325,EVODEX.1-P6335",93275536569011051339637946644972499287677303268612901980921022041325803239756
EVODEX.1-C737,[#8]=[#6:14]>>[H]-[#8]-[#6](=[#8])-[#6](=[#8])-[#6](-[H])=[#6:14],"EVODEX.1-P6314,EVODEX.1-P6324,EVODEX.1-P6330,EVODEX.1-P6336,EVODEX.1-P6341",114202192112999680540638491796797288431193329810176087674574064426610951310659
EVODEX.1-C738,[#8:7]=[#6:8]>>[H]-[#8]-[#6](=[#8])-[#6](=[#8])-[#6](-[H])=[#6:8].[H]-[#8:7]-[H],"EVODEX.1-P6315,EVODEX.1-P6317,EVODEX.1-P6319,EVODEX.1-P6331,EVODEX.1-P6342",72811813128640869866907099102384080496389233221837547648652090510031723665018
EVODEX.1-C739,[#6:7]=[#6:8].[H]-[#8:1]-[H]>>[#8:1]=[#6:8].[H]-[#6:7]-[H],"EVODEX.1-P6320,EVODEX.1-P6329,EVODEX.1-P6332,EVODEX.1-P6337,EVODEX.1-P6339",77425356453176526223190554223712897693780405524171193323654201168017890558245
EVODEX.1-C740,[H]-[#6:1]-[H].[#8]=[#6:12]>>[#6:1]=[#6:12],"EVODEX.1-P6323,EVODEX.1-P6328,EVODEX.1-P6333,EVODEX.1-P6344,EVODEX.1-P6346",89296809178750202992882115359490415353646526670643143455284732789869176679636
EVODEX.1-C741,[H]-[#6:4]-[#6:5]-[#6:6]>>[H]-[#6:6].[#6:4]=[#6:5],"EVODEX.1-P6377,EVODEX.1-P6379,EVODEX.1-P6386,EVODEX.1-P6389,EVODEX.1-P6396",97507381741490101839616451476444567681628929621206608957298531480664954204647
EVODEX.1-C742,[H]-[#6:1]>>[H]-[#8]-[#6](=[#8])-[#6](-[H])(-[H])-[#6](-[H])(-[#6](=[#8])-[#8]-[H])-[#6:1],"EVODEX.1-P6378,EVODEX.1-P6385,EVODEX.1-P6392,EVODEX.1-P6393,EVODEX.1-P6395",85067229724745513408968655810700395724121158396751339540392382272341761878869
EVODEX.1-C743,[H]-[#8]-[#6](=[#8])-[#6](-[H])(-[H])-[#6](-[H])(-[#6](=[#8])-[#8]-[H])-[#6:6]>>[H]-[#6:6],"EVODEX.1-P6380,EVODEX.1-P6382,EVODEX.1-P6387,EVODEX.1-P6390,EVODEX.1-P6394",64185585967520617289963118965696466831000911361869124168897237551726705422333
EVODEX.1-C744,[H]-[#6:1].[#6:12]=[#6:13]>>[H]-[#6:12]-[#6:13]-[#6:1],"EVODEX.1-P6381,EVODEX.1-P6383,EVODEX.1-P6384,EVODEX.1-P6388,EVODEX.1-P6391",104142357753635696846529222556688524812797824819819505495825697968667091950234
EVODEX.1-C745,[H]-[#8]-[#6@@:6]-[#6@:4](-[H])-[#8:5]-[H]>>[H]-[#6:6]-[#6:4]=[#8:5],"EVODEX.1-P6400,EVODEX.1-P6415,EVODEX.1-P6426,EVODEX.1-P6427,EVODEX.1-P6435",57974946221893741540018868178173246885135637948583261491998454686406579223020
EVODEX.1-C746,([H]-[#6:8].[#6:6])>>([H]-[#6:6].[#6:8]),"EVODEX.1-P6455,EVODEX.1-P6456,EVODEX.1-P6583,EVODEX.1-P6595,EVODEX.1-P6596",37664517310908382025890989301219108976861250835220496141859480835763127091245
EVODEX.1-C747,[H]-[#7:6](-[H])-[#6:5]=[#8]>>[#6:5]#[#7:6],"EVODEX.1-P6461,EVODEX.1-P6467,EVODEX.1-P6469,EVODEX.1-P6472,EVODEX.1-P6474",80568888239799891627206619099434543181025911646828431636638313125335295782306
EVODEX.1-C748,[#7:1]#[#6:2]>>[H]-[#7:1](-[H])-[#6:2]=[#8],"EVODEX.1-P6462,EVODEX.1-P6463,EVODEX.1-P6473,EVODEX.1-P6476,EVODEX.1-P6478",91486185536416725525291292569855673669376945889013427633741364912866980833227
EVODEX.1-C749,[H]-[#7:1](-[H])-[#6:2]=[#8:3]>>[#7:1]#[#6:2].[H]-[#8:3]-[H],"EVODEX.1-P6464,EVODEX.1-P6466,EVODEX.1-P6470,EVODEX.1-P6471,EVODEX.1-P6477",13853005883782665457248676687162548909411647554815165969908532761798480067109
EVODEX.1-C750,[H]-[#6@@:36]-[#6@:19](-[#8:18])-[#6@@:20]-[#6@:22]-[#6@@:24]>>[#6:19](=[#6:36])-[#6@:20]-[#6@@:22]-[#6@:24].[H]-[#8:18],"EVODEX.1-P6482,EVODEX.1-P6483,EVODEX.1-P6484,EVODEX.1-P6485,EVODEX.1-P6486",42031638752504085943416777652734999813006005742901148386600834948609855115999
EVODEX.1-C751,[H]-[#7:1]>>[H]-[#8]-[#6](=[#8])-[#6](-[H])(-[H])-[#6@@](-[H])(-[#6](=[#8])-[#8]-[H])-[#7:1],"EVODEX.1-P6497,EVODEX.1-P6518,EVODEX.1-P6520,EVODEX.1-P6522,EVODEX.1-P6525",16663244746472982844443037163525110386744203542477079190706799744136099614089
EVODEX.1-C752,[H]-[#7](-[H])-[#6:2]-[#6:3]-[H]>>[#6:2]=[#6:3],"EVODEX.1-P6498,EVODEX.1-P6506,EVODEX.1-P6511,EVODEX.1-P6516,EVODEX.1-P6517",43360302709893198287304247583945334160556797477180786933737985249214940589595
EVODEX.1-C753,[#6:6]=[#6:7].[H]-[#7:15]>>[H]-[#6:6]-[#6@@:7]-[#7:15],"EVODEX.1-P6499,EVODEX.1-P6501,EVODEX.1-P6504,EVODEX.1-P6513,EVODEX.1-P6514",19936949043720031730280870065768653666797306246230945821240318056361317871549
EVODEX.1-C754,[H]-[#6:3]-[#6@:2]-[#7:1]>>[#6:2]=[#6:3].[H]-[#7:1],"EVODEX.1-P6500,EVODEX.1-P6503,EVODEX.1-P6505,EVODEX.1-P6508,EVODEX.1-P6510",39105467139335579658336781655536332727012513349620799776655880733293656862732
EVODEX.1-C755,[#6:5]=[#6:6]>>[H]-[#7](-[H])-[#6@:5]-[#6:6]-[H],"EVODEX.1-P6502,EVODEX.1-P6507,EVODEX.1-P6509,EVODEX.1-P6512,EVODEX.1-P6515",36899813864995821824131932140439924226749258468126077215711443308743117263861
EVODEX.1-C756,[H]-[#8]-[#6](=[#8])-[#6](-[H])(-[#8]-[H])-[#7:5]>>[H]-[#7:5],"EVODEX.1-P6526,EVODEX.1-P6531,EVODEX.1-P6532,EVODEX.1-P6533,EVODEX.1-P6535",53935146420100137740435402302874579920485271181628273745526770165833248223781
EVODEX.1-C757,[H]-[#8:7]-[#6:6]-[#7:5]>>[H]-[#7:5].[#6:6]=[#8:7],"EVODEX.1-P6527,EVODEX.1-P6528,EVODEX.1-P6529,EVODEX.1-P6530,EVODEX.1-P6534",49573601691709676215493330336138831121437558947265855223334134492881990095740
EVODEX.1-C758,[H]-[#8]-[#6](=[#8])-[#6@](-[H])(-[#7](-[H])-[H])-[#6](-[H])(-[H])-[#16:4]=[#8:5]>>[H]-[#8:5]-[#16:4],"EVODEX.1-P6545,EVODEX.1-P6548,EVODEX.1-P6551,EVODEX.1-P6552,EVODEX.1-P6554",71856418293346896753750485637464612088773537806145186584528467792028710902860
EVODEX.1-C759,[H]-[#6@:2]-[#6:3]-[#16:4]=[#8:5]>>[#6:2]=[#6:3].[H]-[#8:5]-[#16:4],"EVODEX.1-P6546,EVODEX.1-P6547,EVODEX.1-P6549,EVODEX.1-P6550,EVODEX.1-P6553",87893673965700324323707170464771534332122534595006549812987848221776156802916
EVODEX.1-C760,[H]-[#6@:8](-[#8:9]-[H])-[#6:10]-[#16:12]>>[H]-[#6:10]-[#6:8]=[#8:9].[H]-[#16:12],"EVODEX.1-P6555,EVODEX.1-P6556,EVODEX.1-P6557,EVODEX.1-P6558,EVODEX.1-P6559",84349487298065547765177656906410760659053363877734315596533224551218888923444
EVODEX.1-C761,[H]-[#6:3]=[#7:2]-[#8:1]>>[#7:2]#[#6:3].[H]-[#8:1],"EVODEX.1-P6561,EVODEX.1-P6563,EVODEX.1-P6565,EVODEX.1-P6567,EVODEX.1-P6569",98061647026943079982467465206442470948816687124569937055426497345717850941708
EVODEX.1-C762,[H]-[#8]-[#7:2]=[#6:3]-[H]>>[#7:2]#[#6:3],"EVODEX.1-P6562,EVODEX.1-P6564,EVODEX.1-P6566,EVODEX.1-P6568,EVODEX.1-P6570",23384890422692025165198683993925544313162821102217411657660376800764016531404
EVODEX.1-C763,[H]-[#6:5]-[#6@:6]-[#7:7]>>[H]-[#6:6]-[#6@@:5]-[#7:7],"EVODEX.1-P6603,EVODEX.1-P6604,EVODEX.1-P6605,EVODEX.1-P6606,EVODEX.1-P6607",72700469627994455088960118847162861266173688026338301710352494498074730221284
EVODEX.1-C764,[H]-[#6:3]-[#6@@:4]-[#8:11]>>([H]-[#8:11].[#6:3]=[#6:4]),"EVODEX.1-P6608,EVODEX.1-P6610,EVODEX.1-P6612,EVODEX.1-P6613,EVODEX.1-P6615",70546676247615497560730302780078954200266550711354169122940508730346740849219
EVODEX.1-C765,([H]-[#8:18].[#6:7]=[#6:6])>>[H]-[#6:7]-[#6@:6]-[#8:18],"EVODEX.1-P6609,EVODEX.1-P6611,EVODEX.1-P6614,EVODEX.1-P6616,EVODEX.1-P6617",36791521038409872033609535609261708067572064072101294192475287541461198303434
EVODEX.1-C766,[H]-[#8]-[#6@]1(-[H])-[#6@](-[H])(-[#8]-[#15](=[#8])(-[#8]-[H])-[#8]-[H])-[#6@@](-[H])(-[#6](-[H])(-[H])-[#8]-[#15](=[#8])(-[#8]-[H])-[#8]-[#15](=[#8])(-[#8]-[H])-[#8]-[#6](-[H])(-[H])-[#6](-[#6](-[H])(-[H])-[H])(-[#6](-[H])(-[H])-[H])-[#6@@](-[H])(-[#8]-[H])-[#6](=[#8])-[#7](-[H])-[#6](-[H])(-[H])-[#6](-[H])(-[H])-[#6](=[#8])-[#7](-[H])-[#6](-[H])(-[H])-[#6](-[H])(-[H])-[#16]-[#6:4])-[#8]-[#6@@]-1(-[H])-[#7]1:[#6](-[H]):[#7]:[#6]2:[#6](-[#7](-[H])-[H]):[#7]:[#6](-[H]):[#7]:[#6]:1:2.[H]-[#8:79]>>[H]-[#8]-[#6:4].[H]-[#8]-[#6@@]1(-[H])-[#6@@](-[H])(-[#8]-[H])-[#6@](-[H])(-[#7]2:[#6](-[H]):[#7]:[#6]3:[#6](-[#7](-[H])-[H]):[#7]:[#6](-[H]):[#7]:[#6]:2:3)-[#8]-[#6@]-1(-[H])-[#6](-[H])(-[H])-[#8]-[#15](=[#8])(-[#8]-[H])-[#8:79],"EVODEX.1-P6623,EVODEX.1-P6627,EVODEX.1-P6639,EVODEX.1-P6654,EVODEX.1-P6669",81374751154942345620459075082203953947400124704771207095309301735903049194212
EVODEX.1-C767,[H]-[#8]-[#6@]1(-[H])-[#6@](-[H])(-[#8]-[#15](=[#8])(-[#8]-[H])-[#8]-[H])-[#6@@](-[H])(-[#6](-[H])(-[H])-[#8]-[#15](=[#8])(-[#8]-[H])-[#8]-[#15](=[#8])(-[#8]-[H])-[#8]-[#6](-[H])(-[H])-[#6](-[#6](-[H])(-[H])-[H])(-[#6](-[H])(-[H])-[H])-[#6@@](-[H])(-[#8]-[H])-[#6](=[#8])-[#7](-[H])-[#6](-[H])(-[H])-[#6](-[H])(-[H])-[#6](=[#8])-[#7](-[H])-[#6](-[H])(-[H])-[#6](-[H])(-[H])-[#16]-[#6:4])-[#8]-[#6@@]-1(-[H])-[#7]1:[#6](-[H]):[#7]:[#6]2:[#6](-[#7](-[H])-[H]):[#7]:[#6](-[H]):[#7]:[#6]:1:2.[H]-[#8]-[#6@@]1(-[H])-[#6@@](-[H])(-[#8]-[H])-[#6@](-[H])(-[#7]2:[#6](-[H]):[#7]:[#6]3:[#6](-[#7](-[H])-[H]):[#7]:[#6](-[H]):[#7]:[#6]:2:3)-[#8]-[#6@]-1(-[H])-[#6](-[H])(-[H])-[#8]-[#15](=[#8])(-[#8]-[H])-[#8:71]>>[#6:4]-[#8:71],"EVODEX.1-P6624,EVODEX.1-P6628,EVODEX.1-P6634,EVODEX.1-P6640,EVODEX.1-P6655",20497707964524776692020548587388765963559610298154675985391943388506954871226
EVODEX.1-C768,[#6:4]-[#16:6].([#15:69]-[#8:71].[#6@:73]-[#6@:75])>>[#6:4]-[#8:71].([H]-[#8]-[#15](=[#8])(-[#8]-[H])-[#8]-[#15](=[#8])(-[#8]-[H])-[#8]-[#15:69].[#6@@:75]-[#6@@:73]).[H]-[#16:6],"EVODEX.1-P6625,EVODEX.1-P6629,EVODEX.1-P6630,EVODEX.1-P6647,EVODEX.1-P6656",101685788579906367472674942075032217366987444105537519136155589990939654784235
EVODEX.1-C769,[H]-[#8]-[#6@]1(-[H])-[#6@](-[H])(-[#8]-[#15](=[#8])(-[#8]-[H])-[#8]-[H])-[#6@@](-[H])(-[#6](-[H])(-[H])-[#8]-[#15](=[#8])(-[#8]-[H])-[#8]-[#15](=[#8])(-[#8]-[H])-[#8]-[#6](-[H])(-[H])-[#6](-[#6](-[H])(-[H])-[H])(-[#6](-[H])(-[H])-[H])-[#6@@](-[H])(-[#8]-[H])-[#6](=[#8])-[#7](-[H])-[#6](-[H])(-[H])-[#6](-[H])(-[H])-[#6](=[#8])-[#7](-[H])-[#6](-[H])(-[H])-[#6](-[H])(-[H])-[#16]-[#6:49])-[#8]-[#6@@]-1(-[H])-[#7]1:[#6](-[H]):[#7]:[#6]2:[#6](-[#7](-[H])-[H]):[#7]:[#6](-[H]):[#7]:[#6]:1:2.([#15:81]-[#8:83].[#6@:85]-[#6@:87])>>[#6:49]-[#8:83].([H]-[#8]-[#15](=[#8])(-[#8]-[H])-[#8]-[#15](=[#8])(-[#8]-[H])-[#8]-[#15:81].[#6@@:87]-[#6@@:85]),"EVODEX.1-P6631,EVODEX.1-P6648,EVODEX.1-P6663,EVODEX.1-P6666,EVODEX.1-P6877",29631821798655634532040872144466770967864520320402963552260219464168570325467
EVODEX.1-C770,[#16:48]-[#6:49].[H]-[#8]-[#6@@]1(-[H])-[#6@@](-[H])(-[#8]-[H])-[#6@](-[H])(-[#7]2:[#6](-[H]):[#7]:[#6]3:[#6](-[#7](-[H])-[H]):[#7]:[#6](-[H]):[#7]:[#6]:2:3)-[#8]-[#6@]-1(-[H])-[#6](-[H])(-[H])-[#8]-[#15](=[#8])(-[#8]-[H])-[#8:71]>>[#6:49]-[#8:71].[H]-[#16:48],"EVODEX.1-P6632,EVODEX.1-P6637,EVODEX.1-P6657,EVODEX.1-P6662,EVODEX.1-P6665",30257144363683587158972492532466224930759349316997504285018307042998502365803
EVODEX.1-C771,[H]-[#8]-[#6@]1(-[H])-[#6@](-[H])(-[#8]-[#15](=[#8])(-[#8]-[H])-[#8]-[H])-[#6@@](-[H])(-[#6](-[H])(-[H])-[#8]-[#15](=[#8])(-[#8]-[H])-[#8]-[#15](=[#8])(-[#8]-[H])-[#8]-[#6](-[H])(-[H])-[#6](-[#6](-[H])(-[H])-[H])(-[#6](-[H])(-[H])-[H])-[#6@@](-[H])(-[#8]-[H])-[#6](=[#8])-[#7](-[H])-[#6](-[H])(-[H])-[#6](-[H])(-[H])-[#6](=[#8])-[#7](-[H])-[#6](-[H])(-[H])-[#6](-[H])(-[H])-[#16]-[#6:49])-[#8]-[#6@@]-1(-[H])-[#7]1:[#6](-[H]):[#7]:[#6]2:[#6](-[#7](-[H])-[H]):[#7]:[#6](-[H]):[#7]:[#6]:1:2.[#15:76]-[#8:78].[H]-[#8:86]>>[#6:49]-[#8:78].[#15:76]-[#8:86],"EVODEX.1-P6633,EVODEX.1-P6743,EVODEX.1-P6765,EVODEX.1-P6867,EVODEX.1-P6873",20761510389460775980531642857735883892200143794503417019090488295511995124693
EVODEX.1-C772,[#16:48]-[#6:49].[H]-[#8:78]>>[H]-[#8]-[#6:49].[H]-[#16:48].[H]-[#8]-[#6@@]1(-[H])-[#6@@](-[H])(-[#8]-[H])-[#6@](-[H])(-[#7]2:[#6](-[H]):[#7]:[#6]3:[#6](-[#7](-[H])-[H]):[#7]:[#6](-[H]):[#7]:[#6]:2:3)-[#8]-[#6@]-1(-[H])-[#6](-[H])(-[H])-[#8]-[#15](=[#8])(-[#8]-[H])-[#8:78],"EVODEX.1-P6636,EVODEX.1-P6643,EVODEX.1-P6653,EVODEX.1-P6664,EVODEX.1-P6667",4659875513692223597198567627612695422096769237921044596444344272771016816731
EVODEX.1-C773,[H]-[#16:59].[#6:5]-[#8:7].[H]-[#8]-[#15](=[#8])(-[#8]-[H])-[#8]-[#15:79]>>[#6:5]-[#16:59].[#8:7]-[#15:79],"EVODEX.1-P6670,EVODEX.1-P6748,EVODEX.1-P6863,EVODEX.1-P6874,EVODEX.1-P6885",8082665563221157341955379433022712389404108945490972045295022965054916237506
EVODEX.1-C774,[#6:4]-[#8:6]>>[H]-[#8]-[#6@]1(-[H])-[#6@](-[H])(-[#8]-[#15](=[#8])(-[#8]-[H])-[#8]-[H])-[#6@@](-[H])(-[#6](-[H])(-[H])-[#8]-[#15](=[#8])(-[#8]-[H])-[#8]-[#15](=[#8])(-[#8]-[H])-[#8]-[#6](-[H])(-[H])-[#6](-[#6](-[H])(-[H])-[H])(-[#6](-[H])(-[H])-[H])-[#6@@](-[H])(-[#8]-[H])-[#6](=[#8])-[#7](-[H])-[#6](-[H])(-[H])-[#6](-[H])(-[H])-[#6](=[#8])-[#7](-[H])-[#6](-[H])(-[H])-[#6](-[H])(-[H])-[#16]-[#6:4])-[#8]-[#6@@]-1(-[H])-[#7]1:[#6](-[H]):[#7]:[#6]2:[#6](-[#7](-[H])-[H]):[#7]:[#6](-[H]):[#7]:[#6]:1:2.[H]-[#8]-[#6@@]1(-[H])-[#6@@](-[H])(-[#8]-[H])-[#6@](-[H])(-[#7]2:[#6](-[H]):[#7]:[#6]3:[#6](=[#8]):[#7](-[H]):[#6](-[#7](-[H])-[H]):[#7]:[#6]:2:3)-[#8]-[#6@]-1(-[H])-[#6](-[H])(-[H])-[#8]-[#15](=[#8])(-[#8]-[H])-[#8]-[#15](=[#8])(-[#8]-[H])-[#8:6],"EVODEX.1-P6671,EVODEX.1-P6675,EVODEX.1-P6730,EVODEX.1-P6835,EVODEX.1-P6842",83570386537394581422751162842604740606363906451694993584030847530661885802848
EVODEX.1-C775,[H]-[#16:48].[#6:87]-[#8:89]>>[#16:48]-[#6:87].[H]-[#8]-[#6@@]1(-[H])-[#6@@](-[H])(-[#8]-[H])-[#6@](-[H])(-[#7]2:[#6](-[H]):[#7]:[#6]3:[#6](=[#8]):[#7](-[H]):[#6](-[#7](-[H])-[H]):[#7]:[#6]:2:3)-[#8]-[#6@]-1(-[H])-[#6](-[H])(-[H])-[#8]-[#15](=[#8])(-[#8]-[H])-[#8]-[#15](=[#8])(-[#8]-[H])-[#8:89],"EVODEX.1-P6672,EVODEX.1-P6732,EVODEX.1-P6832,EVODEX.1-P6839,EVODEX.1-P6850",72217180087944296753039121393858672522512776933725886388312947656496709325645
EVODEX.1-C776,[#6:53]-[#8:55].[H]-[#8]-[#15](=[#8])(-[#8]-[H])-[#8]-[#15:75]>>[H]-[#8]-[#6@]1(-[H])-[#6@](-[H])(-[#8]-[#15](=[#8])(-[#8]-[H])-[#8]-[H])-[#6@@](-[H])(-[#6](-[H])(-[H])-[#8]-[#15](=[#8])(-[#8]-[H])-[#8]-[#15](=[#8])(-[#8]-[H])-[#8]-[#6](-[H])(-[H])-[#6](-[#6](-[H])(-[H])-[H])(-[#6](-[H])(-[H])-[H])-[#6@@](-[H])(-[#8]-[H])-[#6](=[#8])-[#7](-[H])-[#6](-[H])(-[H])-[#6](-[H])(-[H])-[#6](=[#8])-[#7](-[H])-[#6](-[H])(-[H])-[#6](-[H])(-[H])-[#16]-[#6:53])-[#8]-[#6@@]-1(-[H])-[#7]1:[#6](-[H]):[#7]:[#6]2:[#6](-[#7](-[H])-[H]):[#7]:[#6](-[H]):[#7]:[#6]:1:2.[#8:55]-[#15:75],"EVODEX.1-P6673,EVODEX.1-P6677,EVODEX.1-P6731,EVODEX.1-P6756,EVODEX.1-P6763",93895117156687887568638809202987328425137279088594532966966619569826273302854
EVODEX.1-C777,[H]-[#16:48].[H]-[#8]-[#6@@]1(-[H])-[#6@@](-[H])(-[#8]-[H])-[#6@](-[H])(-[#7]2:[#6](-[H]):[#7]:[#6]3:[#6](=[#8]):[#7](-[H]):[#6](-[#7](-[H])-[H]):[#7]:[#6]:2:3)-[#8]-[#6@]-1(-[H])-[#6](-[H])(-[H])-[#8]-[#15](=[#8])(-[#8]-[H])-[#8]-[#15](=[#8])(-[#8]-[H])-[#8:69].[H]-[#8]-[#6:82]>>[#16:48]-[#6:82].[H]-[#8:69],"EVODEX.1-P6676,EVODEX.1-P6831,EVODEX.1-P6838,EVODEX.1-P6841,EVODEX.1-P6847",82323690379947541965645231808918030031646683745133531673268838109505102711097
EVODEX.1-C778,[H]-[#8]-[#6@@]1(-[H])-[#6@@](-[H])(-[#8]-[H])-[#6@](-[H])(-[#7]2:[#6](-[H]):[#7]:[#6]3:[#6](=[#8]):[#7](-[H]):[#6](-[#7](-[H])-[H]):[#7]:[#6]:2:3)-[#8]-[#6@]-1(-[H])-[#6](-[H])(-[H])-[#8]-[#15](=[#8])(-[#8]-[H])-[#8]-[#15](=[#8])(-[#8]-[H])-[#8:69].[H]-[#8]-[#6:82]>>[H]-[#8]-[#6@]1(-[H])-[#6@](-[H])(-[#8]-[#15](=[#8])(-[#8]-[H])-[#8]-[H])-[#6@@](-[H])(-[#6](-[H])(-[H])-[#8]-[#15](=[#8])(-[#8]-[H])-[#8]-[#15](=[#8])(-[#8]-[H])-[#8]-[#6](-[H])(-[H])-[#6](-[#6](-[H])(-[H])-[H])(-[#6](-[H])(-[H])-[H])-[#6@@](-[H])(-[#8]-[H])-[#6](=[#8])-[#7](-[H])-[#6](-[H])(-[H])-[#6](-[H])(-[H])-[#6](=[#8])-[#7](-[H])-[#6](-[H])(-[H])-[#6](-[H])(-[H])-[#16]-[#6:82])-[#8]-[#6@@]-1(-[H])-[#7]1:[#6](-[H]):[#7]:[#6]2:[#6](-[#7](-[H])-[H]):[#7]:[#6](-[H]):[#7]:[#6]:1:2.[H]-[#8:69],"EVODEX.1-P6678,EVODEX.1-P6834,EVODEX.1-P6843,EVODEX.1-P6848,EVODEX.1-P6882",86630863441665136029916731029643681415301104504593294506427770635675331471807
EVODEX.1-C779,[H]-[#16:48].[#6:86]-[#8:88]>>[#16:48]-[#6:86].[H]-[#8]-[#6@@]1(-[H])-[#6@@](-[H])(-[#8]-[H])-[#6@](-[H])(-[#7]2:[#6](-[H]):[#7]:[#6]3:[#6](-[#7](-[H])-[H]):[#7]:[#6](-[H]):[#7]:[#6]:2:3)-[#8]-[#6@]-1(-[H])-[#6](-[H])(-[H])-[#8]-[#15](=[#8])(-[#8]-[H])-[#8]-[#15](=[#8])(-[#8]-[H])-[#8:88],"EVODEX.1-P6719,EVODEX.1-P6723,EVODEX.1-P6755,EVODEX.1-P6870,EVODEX.1-P6892",83175320573837854589472427168899031448704389170220035219795296931473208823344
EVODEX.1-C780,[#16:48]-[#6:49].[H]-[#8:86]>>[H]-[#8]-[#6:49].[H]-[#16:48].[H]-[#8]-[#6@@]1(-[H])-[#6@@](-[H])(-[#8]-[H])-[#6@](-[H])(-[#7]2:[#6](-[H]):[#7]:[#6]3:[#6](-[#7](-[H])-[H]):[#7]:[#6](-[H]):[#7]:[#6]:2:3)-[#8]-[#6@]-1(-[H])-[#6](-[H])(-[H])-[#8]-[#15](=[#8])(-[#8]-[H])-[#8]-[#15](=[#8])(-[#8]-[H])-[#8:86],"EVODEX.1-P6720,EVODEX.1-P6726,EVODEX.1-P6753,EVODEX.1-P6757,EVODEX.1-P6872",80982558819659061812719503990179835345856377144517452906325226718940678325461
EVODEX.1-C781,[H]-[#8]-[#6@]1(-[H])-[#6@](-[H])(-[#8]-[#15](=[#8])(-[#8]-[H])-[#8]-[H])-[#6@@](-[H])(-[#6](-[H])(-[H])-[#8]-[#15](=[#8])(-[#8]-[H])-[#8]-[#15](=[#8])(-[#8]-[H])-[#8]-[#6](-[H])(-[H])-[#6](-[#6](-[H])(-[H])-[H])(-[#6](-[H])(-[H])-[H])-[#6@@](-[H])(-[#8]-[H])-[#6](=[#8])-[#7](-[H])-[#6](-[H])(-[H])-[#6](-[H])(-[H])-[#6](=[#8])-[#7](-[H])-[#6](-[H])(-[H])-[#6](-[H])(-[H])-[#16]-[#6:7])-[#8]-[#6@@]-1(-[H])-[#7]1:[#6](-[H]):[#7]:[#6]2:[#6](-[#7](-[H])-[H]):[#7]:[#6](-[H]):[#7]:[#6]:1:2.[H]-[#8:86]>>[H]-[#8]-[#6:7].[H]-[#8]-[#6@@]1(-[H])-[#6@@](-[H])(-[#8]-[H])-[#6@](-[H])(-[#7]2:[#6](-[H]):[#7]:[#6]3:[#6](-[#7](-[H])-[H]):[#7]:[#6](-[H]):[#7]:[#6]:2:3)-[#8]-[#6@]-1(-[H])-[#6](-[H])(-[H])-[#8]-[#15](=[#8])(-[#8]-[H])-[#8]-[#15](=[#8])(-[#8]-[H])-[#8:86],"EVODEX.1-P6721,EVODEX.1-P6727,EVODEX.1-P6735,EVODEX.1-P6749,EVODEX.1-P6758",81537538709376179859931587569653241027916029059873927202927447047388126010846
EVODEX.1-C782,[H]-[#8]-[#6@]1(-[H])-[#6@](-[H])(-[#8]-[#15](=[#8])(-[#8]-[H])-[#8]-[H])-[#6@@](-[H])(-[#6](-[H])(-[H])-[#8]-[#15](=[#8])(-[#8]-[H])-[#8]-[#15](=[#8])(-[#8]-[H])-[#8]-[#6](-[H])(-[H])-[#6](-[#6](-[H])(-[H])-[H])(-[#6](-[H])(-[H])-[H])-[#6@@](-[H])(-[#8]-[H])-[#6](=[#8])-[#7](-[H])-[#6](-[H])(-[H])-[#6](-[H])(-[H])-[#6](=[#8])-[#7](-[H])-[#6](-[H])(-[H])-[#6](-[H])(-[H])-[#16]-[#6:49])-[#8]-[#6@@]-1(-[H])-[#7]1:[#6](-[H]):[#7]:[#6]2:[#6](-[#7](-[H])-[H]):[#7]:[#6](-[H]):[#7]:[#6]:1:2.([#15:74]-[#8:76].[#6@:78]-[#6@:80])>>[#6:49]-[#8:76].([H]-[#8]-[#15](=[#8])(-[#8]-[H])-[#8]-[#15:74].[#6@@:80]-[#6@@:78]),"EVODEX.1-P6722,EVODEX.1-P6740,EVODEX.1-P6837,EVODEX.1-P6849,EVODEX.1-P6851",61446152128743778609464584545981988231763584104270473177586551300222674347567
EVODEX.1-C783,[#6:9]-[#8:11]>>[H]-[#8]-[#6@]1(-[H])-[#6@](-[H])(-[#8]-[#15](=[#8])(-[#8]-[H])-[#8]-[H])-[#6@@](-[H])(-[#6](-[H])(-[H])-[#8]-[#15](=[#8])(-[#8]-[H])-[#8]-[#15](=[#8])(-[#8]-[H])-[#8]-[#6](-[H])(-[H])-[#6](-[#6](-[H])(-[H])-[H])(-[#6](-[H])(-[H])-[H])-[#6@@](-[H])(-[#8]-[H])-[#6](=[#8])-[#7](-[H])-[#6](-[H])(-[H])-[#6](-[H])(-[H])-[#6](=[#8])-[#7](-[H])-[#6](-[H])(-[H])-[#6](-[H])(-[H])-[#16]-[#6:9])-[#8]-[#6@@]-1(-[H])-[#7]1:[#6](-[H]):[#7]:[#6]2:[#6](-[#7](-[H])-[H]):[#7]:[#6](-[H]):[#7]:[#6]:1:2.[H]-[#8]-[#6@@]1(-[H])-[#6@@](-[H])(-[#8]-[H])-[#6@](-[H])(-[#7]2:[#6](-[H]):[#7]:[#6]3:[#6](-[#7](-[H])-[H]):[#7]:[#6](-[H]):[#7]:[#6]:2:3)-[#8]-[#6@]-1(-[H])-[#6](-[H])(-[H])-[#8]-[#15](=[#8])(-[#8]-[H])-[#8]-[#15](=[#8])(-[#8]-[H])-[#8:11],"EVODEX.1-P6724,EVODEX.1-P6864,EVODEX.1-P6869,EVODEX.1-P6880,EVODEX.1-P6884",48102421646279521009327520814852054860108038451590128446558470505876899027025
EVODEX.1-C784,[#16:48]-[#6:49].([#15:73]-[#8:75].[#6@:77]-[#6@:79])>>[#6:49]-[#8:75].[H]-[#16:48].([H]-[#8]-[#15](=[#8])(-[#8]-[H])-[#8]-[#15:73].[#6@@:79]-[#6@@:77]),"EVODEX.1-P6733,EVODEX.1-P6737,EVODEX.1-P6744,EVODEX.1-P6766,EVODEX.1-P6836",50364931284097509902741734568182282645822540821544959722720396242885675872429
EVODEX.1-C785,[H]-[#16:59].[H]-[#8]-[#6:5].[H]-[#8]-[#6@@]1(-[H])-[#6@@](-[H])(-[#8]-[H])-[#6@](-[H])(-[#7]2:[#6](-[H]):[#7]:[#6]3:[#6](-[#7](-[H])-[H]):[#7]:[#6](-[H]):[#7]:[#6]:2:3)-[#8]-[#6@]-1(-[H])-[#6](-[H])(-[H])-[#8]-[#15](=[#8])(-[#8]-[H])-[#8]-[#15](=[#8])(-[#8]-[H])-[#8:82]>>[#6:5]-[#16:59].[H]-[#8:82],"EVODEX.1-P6734,EVODEX.1-P6745,EVODEX.1-P6762,EVODEX.1-P6883,EVODEX.1-P6886",82360305052909403983672416935265496088030703024848507649744987502171244511628
EVODEX.1-C786,[H]-[#8]-[#6@]1(-[H])-[#6@](-[H])(-[#8]-[#15](=[#8])(-[#8]-[H])-[#8]-[H])-[#6@@](-[H])(-[#6](-[H])(-[H])-[#8]-[#15](=[#8])(-[#8]-[H])-[#8]-[#15](=[#8])(-[#8]-[H])-[#8]-[#6](-[H])(-[H])-[#6](-[#6](-[H])(-[H])-[H])(-[#6](-[H])(-[H])-[H])-[#6@@](-[H])(-[#8]-[H])-[#6](=[#8])-[#7](-[H])-[#6](-[H])(-[H])-[#6](-[H])(-[H])-[#6](=[#8])-[#7](-[H])-[#6](-[H])(-[H])-[#6](-[H])(-[H])-[#16]-[#6:49])-[#8]-[#6@@]-1(-[H])-[#7]1:[#6](-[H]):[#7]:[#6]2:[#6](-[#7](-[H])-[H]):[#7]:[#6](-[H]):[#7]:[#6]:1:2.[H]-[#8]-[#6@@]1(-[H])-[#6@@](-[H])(-[#8]-[H])-[#6@](-[H])(-[#7]2:[#6](-[H]):[#7]:[#6]3:[#6](-[#7](-[H])-[H]):[#7]:[#6](-[H]):[#7]:[#6]:2:3)-[#8]-[#6@]-1(-[H])-[#6](-[H])(-[H])-[#8]-[#15](=[#8])(-[#8]-[H])-[#8]-[#15](=[#8])(-[#8]-[H])-[#8:78]>>[#6:49]-[#8:78],"EVODEX.1-P6736,EVODEX.1-P6754,EVODEX.1-P6760,EVODEX.1-P6865,EVODEX.1-P6866",28861297823847539212609304250528790975353030396986122963103165298170821617198
EVODEX.1-C787,[#6:5]-[#16:7].[H]-[#8]-[#6@@]1(-[H])-[#6@@](-[H])(-[#8]-[H])-[#6@](-[H])(-[#7]2:[#6](-[H]):[#7]:[#6]3:[#6](-[#7](-[H])-[H]):[#7]:[#6](-[H]):[#7]:[#6]:2:3)-[#8]-[#6@]-1(-[H])-[#6](-[H])(-[H])-[#8]-[#15](=[#8])(-[#8]-[H])-[#8]-[#15](=[#8])(-[#8]-[H])-[#8:76]>>[#6:5]-[#8:76].[H]-[#16:7],"EVODEX.1-P6738,EVODEX.1-P6747,EVODEX.1-P6750,EVODEX.1-P6761,EVODEX.1-P6767",72107295684856699112021578955265800161163262157475754928000871469157858183538
EVODEX.1-C788,([H]-[#8]-[#15](=[#8])(-[#8]-[H])-[#8]-[#15:68].[#6@@:78]-[#6@@:76]).[#6:86]-[#8:88]>>[H]-[#8]-[#6@]1(-[H])-[#6@](-[H])(-[#8]-[#15](=[#8])(-[#8]-[H])-[#8]-[H])-[#6@@](-[H])(-[#6](-[H])(-[H])-[#8]-[#15](=[#8])(-[#8]-[H])-[#8]-[#15](=[#8])(-[#8]-[H])-[#8]-[#6](-[H])(-[H])-[#6](-[#6](-[H])(-[H])-[H])(-[#6](-[H])(-[H])-[H])-[#6@@](-[H])(-[#8]-[H])-[#6](=[#8])-[#7](-[H])-[#6](-[H])(-[H])-[#6](-[H])(-[H])-[#6](=[#8])-[#7](-[H])-[#6](-[H])(-[H])-[#6](-[H])(-[H])-[#16]-[#6:86])-[#8]-[#6@@]-1(-[H])-[#7]1:[#6](-[H]):[#7]:[#6]2:[#6](-[#7](-[H])-[H]):[#7]:[#6](-[H]):[#7]:[#6]:1:2.([#15:68]-[#8:88].[#6@:76]-[#6@:78]),"EVODEX.1-P6739,EVODEX.1-P6752,EVODEX.1-P6833,EVODEX.1-P6840,EVODEX.1-P6893",21679290284471784257379351248668457789216869514470179083401619928222009873015
EVODEX.1-C789,[H]-[#16:48].([H]-[#8]-[#15](=[#8])(-[#8]-[H])-[#8]-[#15:68].[#6@@:78]-[#6@@:76]).[#6:81]-[#8:82]>>[#16:48]-[#6:81].([#15:68]-[#8:82].[#6@:76]-[#6@:78]),"EVODEX.1-P6741,EVODEX.1-P6751,EVODEX.1-P6846,EVODEX.1-P6891,EVODEX.1-P6894",98832445174786880918533473170500280542734122589837598832555418211484941243144
EVODEX.1-C790,[H]-[#8]-[#6@@]1(-[H])-[#6@@](-[H])(-[#8]-[H])-[#6@](-[H])(-[#7]2:[#6](-[H]):[#7]:[#6]3:[#6](-[#7](-[H])-[H]):[#7]:[#6](-[H]):[#7]:[#6]:2:3)-[#8]-[#6@]-1(-[H])-[#6](-[H])(-[H])-[#8]-[#15](=[#8])(-[#8]-[H])-[#8]-[#15](=[#8])(-[#8]-[H])-[#8:71].[H]-[#8]-[#6:81]>>[H]-[#8]-[#6@]1(-[H])-[#6@](-[H])(-[#8]-[#15](=[#8])(-[#8]-[H])-[#8]-[H])-[#6@@](-[H])(-[#6](-[H])(-[H])-[#8]-[#15](=[#8])(-[#8]-[H])-[#8]-[#15](=[#8])(-[#8]-[H])-[#8]-[#6](-[H])(-[H])-[#6](-[#6](-[H])(-[H])-[H])(-[#6](-[H])(-[H])-[H])-[#6@@](-[H])(-[#8]-[H])-[#6](=[#8])-[#7](-[H])-[#6](-[H])(-[H])-[#6](-[H])(-[H])-[#6](=[#8])-[#7](-[H])-[#6](-[H])(-[H])-[#6](-[H])(-[H])-[#16]-[#6:81])-[#8]-[#6@@]-1(-[H])-[#7]1:[#6](-[H]):[#7]:[#6]2:[#6](-[#7](-[H])-[H]):[#7]:[#6](-[H]):[#7]:[#6]:1:2.[H]-[#8:71],"EVODEX.1-P6764,EVODEX.1-P6868,EVODEX.1-P6871,EVODEX.1-P6890,EVODEX.1-P6896",10101651727824763878808220074244820193707475851067058387901701581724117733282
EVODEX.1-C791,[#6:17]-[#8:19].[H]-[#7:20].[H]-[#8]-[#15](=[#8])(-[#8]-[H])-[#8]-[#15](=[#8])(-[#8]-[H])-[#8]-[#15:42]>>[#6:17]-[#7:20].[#8:19]-[#15:42],"EVODEX.1-P6902,EVODEX.1-P6926,EVODEX.1-P6941,EVODEX.1-P6950,EVODEX.1-P7488",82882848801064965912370128312325432490371207846073816365626427794358350629300
EVODEX.1-C792,[H]-[#7:5].([#15:38]-[#8:41].[#6@:46]-[#6@:48])>>[H]-[#8]-[#6](=[#8])-[#6@@](-[H])(-[#7](-[H])-[H])-[#6](-[H])(-[H])-[#6](-[H])(-[H])-[#6](=[#8])-[#7:5].([H]-[#8]-[#15:38].[#6@@:48]-[#6@@:46]).[H]-[#8:41],"EVODEX.1-P6904,EVODEX.1-P7040,EVODEX.1-P7048,EVODEX.1-P7054,EVODEX.1-P7066",97747969219643530381442706748891040334797443700603215120542363361211005976616
EVODEX.1-C793,[H]-[#7:6].[H]-[#8]-[#15](=[#8])(-[#8]-[H])-[#8]>>[H]-[#8]-[#6](=[#8])-[#6@@](-[H])(-[#7](-[H])-[H])-[#6](-[H])(-[H])-[#6](-[H])(-[H])-[#6](=[#8])-[#7:6].[H]-[#8],"EVODEX.1-P6913,EVODEX.1-P7046,EVODEX.1-P7050,EVODEX.1-P7063,EVODEX.1-P7068",73936009180051016125175367535532766790104739370365378466150204748022558585129
EVODEX.1-C794,[H]-[#7:1].[H]-[#8]-[#6@@]1(-[H])-[#6@@](-[H])(-[#8]-[H])-[#6@](-[H])(-[#7]2:[#6](-[H]):[#7]:[#6]3:[#6](-[#7](-[H])-[H]):[#7]:[#6](-[H]):[#7]:[#6]:2:3)-[#8]-[#6@]-1(-[H])-[#6](-[H])(-[H])-[#8]-[#15](=[#8])(-[#8]-[H])-[#8]-[#15](=[#8])(-[#8]-[H])-[#8:43]>>[H]-[#8]-[#6](=[#8])-[#6@@](-[H])(-[#7](-[H])-[H])-[#6](-[H])(-[H])-[#6](-[H])(-[H])-[#6](=[#8])-[#7:1].[H]-[#8:43],"EVODEX.1-P6914,EVODEX.1-P7053,EVODEX.1-P7055,EVODEX.1-P7060,EVODEX.1-P7544",112364707013710166783243079104135867610297763079003080216562862078737606042971
EVODEX.1-C795,[H]-[#8]-[#6:8].[H]-[#8]-[#6@@]1(-[H])-[#6@@](-[H])(-[#8]-[H])-[#6@](-[H])(-[#7]2:[#6](-[H]):[#7]:[#6]3:[#6](-[#7](-[H])-[H]):[#7]:[#6](-[H]):[#7]:[#6]:2:3)-[#8]-[#6@]-1(-[H])-[#6](-[H])(-[H])-[#8]-[#15](=[#8])(-[#8]-[H])-[#8]-[#15](=[#8])(-[#8]-[H])-[#8:44]>>[H]-[#8]-[#6](=[#8])-[#6@@](-[H])(-[#7](-[H])-[#6:8])-[#6](-[H])(-[H])-[#6]1:[#7]:[#6](-[H]):[#7](-[H]):[#6]:1-[H].[H]-[#8:44],"EVODEX.1-P6924,EVODEX.1-P6930,EVODEX.1-P7225,EVODEX.1-P7349,EVODEX.1-P7457",99604171414286472782380412906807023944571925803370553519732733401513115047148
EVODEX.1-C796,[H]-[#8]-[#6:22]>>[H]-[#8]-[#6](=[#8])-[#6@@](-[H])(-[#7](-[H])-[#6:22])-[#6](-[H])(-[H])-[#6]1:[#7]:[#6](-[H]):[#7](-[H]):[#6]:1-[H],"EVODEX.1-P6925,EVODEX.1-P6935,EVODEX.1-P7190,EVODEX.1-P7320,EVODEX.1-P7347",70495620874913556201915992445157880707910026531236623119211668323710959979250
EVODEX.1-C797,[#6:22]-[#8:24].([#15:44]-[#8:47].[#6@:52]-[#6@:54])>>[H]-[#8]-[#6](=[#8])-[#6@@](-[H])(-[#7](-[H])-[#6:22])-[#6](-[H])(-[H])-[#6]1:[#7]:[#6](-[H]):[#7](-[H]):[#6]:1-[H].([#8:24]-[#15:44].[#6@@:54]-[#6@@:52]).[H]-[#8:47],"EVODEX.1-P6927,EVODEX.1-P6929,EVODEX.1-P7188,EVODEX.1-P7260,EVODEX.1-P7346",55215495678851234213055245992739592415966687588398466604598832827168094687855
EVODEX.1-C798,[#6:8]-[#8:10]>>[H]-[#8]-[#6](=[#8])-[#6@@](-[H])(-[#7](-[H])-[#6:8])-[#6](-[H])(-[H])-[#6]1:[#7]:[#6](-[H]):[#7](-[H]):[#6]:1-[H].[H]-[#8]-[#6@@]1(-[H])-[#6@@](-[H])(-[#8]-[H])-[#6@](-[H])(-[#7]2:[#6](-[H]):[#7]:[#6]3:[#6](-[#7](-[H])-[H]):[#7]:[#6](-[H]):[#7]:[#6]:2:3)-[#8]-[#6@]-1(-[H])-[#6](-[H])(-[H])-[#8]-[#15](=[#8])(-[#8]-[H])-[#8]-[#15](=[#8])(-[#8]-[H])-[#8:10],"EVODEX.1-P6928,EVODEX.1-P6931,EVODEX.1-P7226,EVODEX.1-P7348,EVODEX.1-P7458",107950277541418010236742136318839903130603847264048396849496451241968134286752
EVODEX.1-C799,[#6:21]-[#8:23].[H]-[#8]-[#15](=[#8])(-[#8]-[H])-[#8]-[#15:43]>>[H]-[#8]-[#6](=[#8])-[#6@@](-[H])(-[#7](-[H])-[#6:21])-[#6](-[H])(-[H])-[#6]1:[#7]:[#6](-[H]):[#7](-[H]):[#6]:1-[H].[#8:23]-[#15:43],"EVODEX.1-P6932,EVODEX.1-P6933,EVODEX.1-P6957,EVODEX.1-P7189,EVODEX.1-P7261",104109317092595974016024818085676278712827522475680945064543986075986315040195
EVODEX.1-C800,[H]-[#8]-[#15](=[#8])(-[#8]-[H])-[#8]-[#15](=[#8])(-[#8]-[H])-[#8].[H]-[#7:7]>>[H]-[#7](-[H])-[#6](-[H])(-[H])-[#6](-[H])(-[H])-[#6](=[#8])-[#7:7].[H]-[#8],"EVODEX.1-P6937,EVODEX.1-P6939,EVODEX.1-P6942,EVODEX.1-P6954,EVODEX.1-P6956",98856565529772023036600923752812615256331564995492945882517720329368914758225
EVODEX.1-C801,[#6:17]-[#7:19].[H]-[#8]-[#6@@]1(-[H])-[#6@@](-[H])(-[#8]-[H])-[#6@](-[H])(-[#7]2:[#6](-[H]):[#7]:[#6]3:[#6](-[#7](-[H])-[H]):[#7]:[#6](-[H]):[#7]:[#6]:2:3)-[#8]-[#6@]-1(-[H])-[#6](-[H])(-[H])-[#8]-[#15](=[#8])(-[#8]-[H])-[#8]-[#15](=[#8])(-[#8]-[H])-[#8:48]>>[#6:17]-[#8:48].[H]-[#7:19],"EVODEX.1-P6958,EVODEX.1-P6979,EVODEX.1-P6983,EVODEX.1-P6986,EVODEX.1-P7487",85221111807489087466929126433100256655044428080858647215500467217830088931918
EVODEX.1-C802,[H]-[#8]-[#6:7].[H]-[#8]-[#6@@]1(-[H])-[#6@@](-[H])(-[#8]-[H])-[#6@](-[H])(-[#7]2:[#6](-[H]):[#7]:[#6]3:[#6](-[#7](-[H])-[H]):[#7]:[#6](-[H]):[#7]:[#6]:2:3)-[#8]-[#6@]-1(-[H])-[#6](-[H])(-[H])-[#8]-[#15](=[#8])(-[#8]-[H])-[#8]-[#15](=[#8])(-[#8]-[H])-[#8:38]>>[H]-[#8]-[#6](=[#8])-[#6@@](-[H])(-[#7](-[H])-[#6:7])-[#6](-[H])(-[H])-[H].[H]-[#8:38],"EVODEX.1-P6964,EVODEX.1-P7161,EVODEX.1-P7187,EVODEX.1-P7283,EVODEX.1-P7371",69410265049094764217129928713166817084333971505086673295674442667540119562321
EVODEX.1-C803,[H]-[#8]-[#6](=[#8])-[#6](-[H])(-[H])-[#6](-[H])(-[H])-[#6@@](-[H])(-[#6](=[#8])-[#8]-[H])-[#7](-[H])-[#6:14].[H]-[#8:72]>>[H]-[#8]-[#6:14].[H]-[#8]-[#6@@]1(-[H])-[#6@@](-[H])(-[#8]-[H])-[#6@](-[H])(-[#7]2:[#6](-[H]):[#7]:[#6]3:[#6](-[#7](-[H])-[H]):[#7]:[#6](-[H]):[#7]:[#6]:2:3)-[#8]-[#6@]-1(-[H])-[#6](-[H])(-[H])-[#8]-[#15](=[#8])(-[#8]-[H])-[#8]-[#15](=[#8])(-[#8]-[H])-[#8:72],"EVODEX.1-P6973,EVODEX.1-P6994,EVODEX.1-P7000,EVODEX.1-P7021,EVODEX.1-P7027",3174650680122531787506591414854512917775176253113726135149864131646521938855
EVODEX.1-C804,([#15:61]-[#8:63].[#6@:65]-[#6@:67]).[#6:20]-[#7:22]>>[H]-[#7:22].([H]-[#8]-[#15](=[#8])(-[#8]-[H])-[#8]-[#15:61].[#6@@:67]-[#6@@:65]).[#6:20]-[#8:63],"EVODEX.1-P6974,EVODEX.1-P6977,EVODEX.1-P6990,EVODEX.1-P7001,EVODEX.1-P7016",114321457458029184274477425363659609670005974866021933183603820438636928636399
EVODEX.1-C805,[H]-[#8]-[#6:39]>>[H]-[#8]-[#6](=[#8])-[#6](-[H])(-[H])-[#6](-[H])(-[H])-[#6@@](-[H])(-[#6](=[#8])-[#8]-[H])-[#7](-[H])-[#6:39],"EVODEX.1-P6975,EVODEX.1-P6978,EVODEX.1-P6992,EVODEX.1-P7009,EVODEX.1-P7144",92938549915074785731909276087115052180899855803062012069137303417606501419637
EVODEX.1-C806,[H]-[#8]-[#6:45].[H]-[#8]-[#6@@]1(-[H])-[#6@@](-[H])(-[#8]-[H])-[#6@](-[H])(-[#7]2:[#6](-[H]):[#7]:[#6]3:[#6](-[#7](-[H])-[H]):[#7]:[#6](-[H]):[#7]:[#6]:2:3)-[#8]-[#6@]-1(-[H])-[#6](-[H])(-[H])-[#8]-[#15](=[#8])(-[#8]-[H])-[#8]-[#15](=[#8])(-[#8]-[H])-[#8:86]>>[H]-[#8]-[#6](=[#8])-[#6](-[H])(-[H])-[#6](-[H])(-[H])-[#6@@](-[H])(-[#6](=[#8])-[#8]-[H])-[#7](-[H])-[#6:45].[H]-[#8:86],"EVODEX.1-P6980,EVODEX.1-P6996,EVODEX.1-P7020,EVODEX.1-P7033,EVODEX.1-P7143",14729592384391534440636712643966655208914589759293324420227254524907580937805
EVODEX.1-C807,[H]-[#8]-[#6:42].[H]-[#8]-[#6@@]1(-[H])-[#6@@](-[H])(-[#8]-[H])-[#6@](-[H])(-[#7]2:[#6](-[H]):[#7]:[#6]3:[#6](-[#7](-[H])-[H]):[#7]:[#6](-[H]):[#7]:[#6]:2:3)-[#8]-[#6@]-1(-[H])-[#6](-[H])(-[H])-[#8]-[#15](=[#8])(-[#8]-[H])-[#8]-[#15](=[#8])(-[#8]-[H])-[#8:74]>>[H]-[#8]-[#6](=[#8])-[#6@@](-[H])(-[#7](-[H])-[#6:42])-[#6](-[H])(-[H])-[#16]-[H].[H]-[#8:74],"EVODEX.1-P7042,EVODEX.1-P7075,EVODEX.1-P7081,EVODEX.1-P7468,EVODEX.1-P7504",44751077942154935156713051667489519648345492243075855614089157469619982065908
EVODEX.1-C808,[H]-[#8]-[#6:42]>>[H]-[#8]-[#6](=[#8])-[#6](-[H])(-[#7](-[H])-[#6:42])-[#6](-[H])(-[H])-[#8]-[H],"EVODEX.1-P7061,EVODEX.1-P7389,EVODEX.1-P7400,EVODEX.1-P7409,EVODEX.1-P7497",26304169152137632386281074997039942194795314190224767395862626353114466091699
EVODEX.1-C809,[H]-[#7:6]-[#6@@:5].[H]-[#8]-[#6:19].[H]-[#8]-[#6@@]1(-[H])-[#6@@](-[H])(-[#8]-[H])-[#6@](-[H])(-[#7]2:[#6](-[H]):[#7]:[#6]3:[#6](-[#7](-[H])-[H]):[#7]:[#6](-[H]):[#7]:[#6]:2:3)-[#8]-[#6@]-1(-[H])-[#6](-[H])(-[H])-[#8]-[#15](=[#8])(-[#8]-[H])-[#8]-[#15](=[#8])(-[#8]-[H])-[#8:44]>>[#7:6](-[#6@:5])-[#6:19].[H]-[#8:44],"EVODEX.1-P7070,EVODEX.1-P7073,EVODEX.1-P7084,EVODEX.1-P7140,EVODEX.1-P7268",48982393387836133919316723024746748032746083781577332648262800501342872610093
EVODEX.1-C810,[#6:17]-[#8:19].([#15:41]-[#8:44].[#6@:49]-[#6@:51])>>[H]-[#8]-[#6](=[#8])-[#6@@](-[H])(-[#7](-[H])-[#6:17])-[#6](-[H])(-[H])-[#16]-[H].([#8:19]-[#15:41].[#6@@:51]-[#6@@:49]).[H]-[#8:44],"EVODEX.1-P7076,EVODEX.1-P7079,EVODEX.1-P7394,EVODEX.1-P7428,EVODEX.1-P7484",89626653776171841106303810154985219007988969337276787058630069775470776916642
EVODEX.1-C811,[H]-[#8]-[#6:18]>>[H]-[#8]-[#6](=[#8])-[#6@@](-[H])(-[#7](-[H])-[#6:18])-[#6](-[H])(-[H])-[#16]-[H],"EVODEX.1-P7077,EVODEX.1-P7080,EVODEX.1-P7423,EVODEX.1-P7435,EVODEX.1-P7469",67066486527948422841525251951003479635695348799837045088041125831251240756033
EVODEX.1-C812,[H]-[#7:1].([#15:39]-[#8:42].[#6@:47]-[#6@:49])>>[H]-[#8]-[#6](=[#8])-[#6@@](-[H])(-[#7](-[H])-[H])-[#6](-[H])(-[H])-[#6](-[H])(-[H])-[#6](=[#8])-[#7](-[H])-[#6@](-[H])(-[#6](=[#8])-[#7:1])-[#6](-[H])(-[H])-[#16]-[H].([H]-[#8]-[#15:39].[#6@@:49]-[#6@@:47]).[H]-[#8:42],"EVODEX.1-P7092,EVODEX.1-P7107,EVODEX.1-P7110,EVODEX.1-P7120,EVODEX.1-P7122",106299393351731620295974519372736718060406507423050085194268086412288077081993
EVODEX.1-C813,[H]-[#7:1].[H]-[#8]-[#15](=[#8])(-[#8]-[H])-[#8]>>[H]-[#8]-[#6](=[#8])-[#6@@](-[H])(-[#7](-[H])-[H])-[#6](-[H])(-[H])-[#6](-[H])(-[H])-[#6](=[#8])-[#7](-[H])-[#6@](-[H])(-[#6](=[#8])-[#7:1])-[#6](-[H])(-[H])-[#16]-[H].[H]-[#8],"EVODEX.1-P7093,EVODEX.1-P7108,EVODEX.1-P7115,EVODEX.1-P7121,EVODEX.1-P7124",104170388147702059450529692479125670071160254269016003997074208023754842312492
EVODEX.1-C814,[H]-[#7:4]>>[H]-[#8]-[#6](=[#8])-[#6@@](-[H])(-[#7](-[H])-[H])-[#6](-[H])(-[H])-[#6](-[H])(-[H])-[#6](=[#8])-[#7](-[H])-[#6@](-[H])(-[#6](=[#8])-[#7:4])-[#6](-[H])(-[H])-[#16]-[H],"EVODEX.1-P7094,EVODEX.1-P7103,EVODEX.1-P7113,EVODEX.1-P7116,EVODEX.1-P7117",69875336917488813427494703052850782660613129068044086143601503502214169694627
EVODEX.1-C815,[H]-[#7:1].([#15:40]-[#8:43].[#6@:48]-[#6@:50])>>[H]-[#8]-[#6]1:[#6](-[H]):[#6](-[H]):[#6](-[#6](-[H])(-[H])-[#6@@](-[H])(-[#6](=[#8])-[#7:1])-[#7](-[H])-[H]):[#6](-[H]):[#6]:1-[H].([H]-[#8]-[#15:40].[#6@@:50]-[#6@@:48]).[H]-[#8:43],"EVODEX.1-P7099,EVODEX.1-P7342,EVODEX.1-P7350,EVODEX.1-P7356,EVODEX.1-P7465",63195713883454523648963607202020351876209925605976591828968372687165433814237
EVODEX.1-C816,[H]-[#8]-[#15](=[#8])(-[#8]-[H])-[#8]-[#15:36].[#6:14]-[#8:16]>>[H]-[#8]-[#6](=[#8])-[#6](-[H])(-[H])-[#7](-[H])-[#6:14].[#8:16]-[#15:36],"EVODEX.1-P7118,EVODEX.1-P7136,EVODEX.1-P7138,EVODEX.1-P7319,EVODEX.1-P7446",109328190054917070904831042391115635140677425282404322673171847801226057429260
EVODEX.1-C817,[#6:7]-[#8:9]>>[H]-[#8]-[#6](=[#8])-[#6](-[H])(-[H])-[#7](-[H])-[#6:7].[H]-[#8]-[#6@@]1(-[H])-[#6@@](-[H])(-[#8]-[H])-[#6@](-[H])(-[#7]2:[#6](-[H]):[#7]:[#6]3:[#6](-[#7](-[H])-[H]):[#7]:[#6](-[H]):[#7]:[#6]:2:3)-[#8]-[#6@]-1(-[H])-[#6](-[H])(-[H])-[#8]-[#15](=[#8])(-[#8]-[H])-[#8]-[#15](=[#8])(-[#8]-[H])-[#8:9],"EVODEX.1-P7125,EVODEX.1-P7128,EVODEX.1-P7130,EVODEX.1-P7132,EVODEX.1-P7384",55237962854472865981614618317573937945422848089710419318709639991798090257988
EVODEX.1-C818,[#6:7]-[#8:9].([#15:34]-[#8:37].[#6@:42]-[#6@:44])>>[H]-[#8]-[#6](=[#8])-[#6](-[H])(-[H])-[#7](-[H])-[#6:7].[H]-[#8:37].([#8:9]-[#15:34].[#6@@:44]-[#6@@:42]),"EVODEX.1-P7127,EVODEX.1-P7137,EVODEX.1-P7139,EVODEX.1-P7385,EVODEX.1-P7431",109236147983407714309473902505452184466952795878253466693425200150105852761520
EVODEX.1-C819,[H]-[#8]-[#6:42].[H]-[#8]-[#6@@]1(-[H])-[#6@@](-[H])(-[#8]-[H])-[#6@](-[H])(-[#7]2:[#6](-[H]):[#7]:[#6]3:[#6](-[#7](-[H])-[H]):[#7]:[#6](-[H]):[#7]:[#6]:2:3)-[#8]-[#6@]-1(-[H])-[#6](-[H])(-[H])-[#8]-[#15](=[#8])(-[#8]-[H])-[#8]-[#15](=[#8])(-[#8]-[H])-[#8:72]>>[H]-[#8]-[#6](=[#8])-[#6](-[H])(-[H])-[#7](-[H])-[#6:42].[H]-[#8:72],"EVODEX.1-P7129,EVODEX.1-P7133,EVODEX.1-P7290,EVODEX.1-P7432,EVODEX.1-P7496",110217822162955212287214785905909688663975170731679428653939920269065006314323
EVODEX.1-C820,[H]-[#8]-[#6:16]>>[H]-[#8]-[#6](=[#8])-[#6](-[H])(-[H])-[#7](-[H])-[#6:16],"EVODEX.1-P7131,EVODEX.1-P7135,EVODEX.1-P7383,EVODEX.1-P7386,EVODEX.1-P7471",32657197352132674385560594366982600268706772750764312513606338260723316821351
EVODEX.1-C821,[H]-[#7:7]>>[H]-[#7](-[H])-[#6@](-[H])(-[#6](=[#8])-[#7:7])-[#6](-[H])(-[H])-[H],"EVODEX.1-P7146,EVODEX.1-P7165,EVODEX.1-P7166,EVODEX.1-P7167,EVODEX.1-P7368",69190398290727161121304987683081873069844363782609304526831051413203283359999
EVODEX.1-C822,[H]-[#8]-[#6:7]>>[H]-[#8]-[#6](=[#8])-[#6@@](-[H])(-[#7](-[H])-[#6:7])-[#6@](-[H])(-[#8]-[H])-[#6](-[H])(-[H])-[H],"EVODEX.1-P7147,EVODEX.1-P7335,EVODEX.1-P7363,EVODEX.1-P7391,EVODEX.1-P7402",28784847443032513120472647143592276440787984218971489348546380536989781238321
EVODEX.1-C823,[H]-[#7:12]>>[H]-[#6]1:[#7]:[#6](-[#6](-[H])(-[H])-[#6@@](-[H])(-[#6](=[#8])-[#7:12])-[#7](-[H])-[H]):[#6](-[H]):[#7]:1-[H],"EVODEX.1-P7152,EVODEX.1-P7427,EVODEX.1-P7442,EVODEX.1-P7448,EVODEX.1-P7472",45945198500915915998002409985870312357960665951247873272363036007907287234537
EVODEX.1-C824,[H]-[#8]-[#6:42]>>[H]-[#8]-[#6](=[#8])-[#6@@](-[H])(-[#7](-[H])-[#6:42])-[#6](-[H])(-[#6](-[H])(-[H])-[H])-[#6](-[H])(-[H])-[H],"EVODEX.1-P7158,EVODEX.1-P7181,EVODEX.1-P7184,EVODEX.1-P7462,EVODEX.1-P7511",43667805160832348074728121933508864033401421328772588042273396555674969040790
EVODEX.1-C825,[H]-[#8]-[#6:15]>>[H]-[#8]-[#6](=[#8])-[#6@@](-[H])(-[#7](-[H])-[#6:15])-[#6](-[H])(-[H])-[#6](-[H])(-[H])-[#16]-[#6](-[H])(-[H])-[H],"EVODEX.1-P7162,EVODEX.1-P7218,EVODEX.1-P7327,EVODEX.1-P7370,EVODEX.1-P7382",16195407487330501190746362249373541117504712568543708036669913586883375691828
EVODEX.1-C826,[#6:17]-[#8:19].[H]-[#8]-[#15](=[#8])(-[#8]-[H])-[#8]-[#15:39]>>[H]-[#8]-[#6](=[#8])-[#6@@](-[H])(-[#7](-[H])-[#6:17])-[#6](-[H])(-[H])-[#6](-[H])(-[H])-[#16]-[#6](-[H])(-[H])-[H].[#8:19]-[#15:39],"EVODEX.1-P7163,EVODEX.1-P7220,EVODEX.1-P7369,EVODEX.1-P7378,EVODEX.1-P7481",92677043638199759306634110912360423019308445443303935203278814628707402916375
EVODEX.1-C827,[H]-[#8]-[#6:18].[H]-[#8]-[#6@@]1(-[H])-[#6@@](-[H])(-[#8]-[H])-[#6@](-[H])(-[#7]2:[#6](-[H]):[#7]:[#6]3:[#6](-[#7](-[H])-[H]):[#7]:[#6](-[H]):[#7]:[#6]:2:3)-[#8]-[#6@]-1(-[H])-[#6](-[H])(-[H])-[#8]-[#15](=[#8])(-[#8]-[H])-[#8]-[#15](=[#8])(-[#8]-[H])-[#8:43]>>[H]-[#8]-[#6](=[#8])-[#6@@](-[H])(-[#7](-[H])-[#6:18])-[#6](-[H])(-[H])-[#6](-[H])(-[H])-[#16]-[#6](-[H])(-[H])-[H].[H]-[#8:43],"EVODEX.1-P7164,EVODEX.1-P7328,EVODEX.1-P7379,EVODEX.1-P7437,EVODEX.1-P7449",15148544464208684598367329793172659406329352547488119744504806271409725919570
EVODEX.1-C828,([#15:39]-[#8:42].[#6@:47]-[#6@:49]).[#6:17]-[#8:19]>>[H]-[#8]-[#6](=[#8])-[#6@@](-[H])(-[#7](-[H])-[#6:17])-[#6](-[H])(-[#6](-[H])(-[H])-[H])-[#6](-[H])(-[H])-[H].([#8:19]-[#15:39].[#6@@:49]-[#6@@:47]).[H]-[#8:42],"EVODEX.1-P7179,EVODEX.1-P7183,EVODEX.1-P7337,EVODEX.1-P7364,EVODEX.1-P7451",69073519433892463744362943217701012507118901254505065600303809318142263747405
EVODEX.1-C829,[H]-[#8]-[#6@@]1(-[H])-[#6@@](-[H])(-[#8]-[H])-[#6@](-[H])(-[#7]2:[#6](-[H]):[#7]:[#6]3:[#6](-[#7](-[H])-[H]):[#7]:[#6](-[H]):[#7]:[#6]:2:3)-[#8]-[#6@]-1(-[H])-[#6](-[H])(-[H])-[#8]-[#15](=[#8])(-[#8]-[H])-[#8]-[#15](=[#8])(-[#8]-[H])-[#8:42].[H]-[#8]-[#6:17]>>[H]-[#8]-[#6](=[#8])-[#6@@](-[H])(-[#7](-[H])-[#6:17])-[#6](-[H])(-[#6](-[H])(-[H])-[H])-[#6](-[H])(-[H])-[H].[H]-[#8:42],"EVODEX.1-P7180,EVODEX.1-P7210,EVODEX.1-P7240,EVODEX.1-P7340,EVODEX.1-P7454",6568357998556996922211194675090934123353388886443457964484590342933428921825
EVODEX.1-C830,[#6:7]-[#8:9].[H]-[#8]-[#15](=[#8])(-[#8]-[H])-[#8]-[#15:36]>>[H]-[#8]-[#6](=[#8])-[#6@@](-[H])(-[#7](-[H])-[#6:7])-[#6](-[H])(-[H])-[#8]-[H].[#8:9]-[#15:36],"EVODEX.1-P7192,EVODEX.1-P7249,EVODEX.1-P7273,EVODEX.1-P7388,EVODEX.1-P7397",75113946129949994393610658451958517038086440460318208060053374869238023650279
EVODEX.1-C831,[H]-[#7:5].([#15:38]-[#8:41].[#6@:46]-[#6@:48])>>[H]-[#7](-[H])-[#6](=[#8])-[#6](-[H])(-[H])-[#6](-[H])(-[H])-[#6@@](-[H])(-[#6](=[#8])-[#7:5])-[#7](-[H])-[H].([H]-[#8]-[#15:38].[#6@@:48]-[#6@@:46]).[H]-[#8:41],"EVODEX.1-P7193,EVODEX.1-P7222,EVODEX.1-P7227,EVODEX.1-P7233,EVODEX.1-P7238",65025908868711869186862668966104941328134803370185903985048989714048729953796
EVODEX.1-C832,[H]-[#7:6]>>[H]-[#7](-[H])-[#6](=[#8])-[#6](-[H])(-[H])-[#6](-[H])(-[H])-[#6@@](-[H])(-[#6](=[#8])-[#7:6])-[#7](-[H])-[H],"EVODEX.1-P7194,EVODEX.1-P7223,EVODEX.1-P7228,EVODEX.1-P7232,EVODEX.1-P7480",56894094363087173657628253226148591927635166990580295110947519844208300386277
EVODEX.1-C833,[H]-[#7:6].[H]-[#8]-[#15](=[#8])(-[#8]-[H])-[#8]>>[H]-[#7](-[H])-[#6](=[#8])-[#6](-[H])(-[H])-[#6](-[H])(-[H])-[#6@@](-[H])(-[#6](=[#8])-[#7:6])-[#7](-[H])-[H].[H]-[#8],"EVODEX.1-P7195,EVODEX.1-P7221,EVODEX.1-P7224,EVODEX.1-P7413,EVODEX.1-P7478",53803150004074106392728321957796995410192066668056229639138832829531207721447
EVODEX.1-C834,[#6:18]-[#8:20].([#15:45]-[#8:48].[#6@:57]-[#6@:59])>>[H]-[#8]-[#6](=[#8])-[#6@@](-[H])(-[#7](-[H])-[#6:18])-[#6@@](-[H])(-[#6](-[H])(-[H])-[H])-[#6](-[H])(-[H])-[#6](-[H])(-[H])-[H].([#8:20]-[#15:45].[#6@@:59]-[#6@@:57]).[H]-[#8:48],"EVODEX.1-P7199,EVODEX.1-P7212,EVODEX.1-P7242,EVODEX.1-P7459,EVODEX.1-P7492",87343044597479371720368206199816763050616402622634166875849147550612687714367
EVODEX.1-C835,[#6:20]-[#8:22].[H]-[#8]-[#15](=[#8])(-[#8]-[H])-[#8]-[#15:42]>>[H]-[#8]-[#6](=[#8])-[#6@@](-[H])(-[#7](-[H])-[#6:20])-[#6@@](-[H])(-[#6](-[H])(-[H])-[H])-[#6](-[H])(-[H])-[#6](-[H])(-[H])-[H].[#8:22]-[#15:42],"EVODEX.1-P7200,EVODEX.1-P7213,EVODEX.1-P7243,EVODEX.1-P7248,EVODEX.1-P7353",38184185268659577039376775973092171017791240464254164518531963712874026559169
EVODEX.1-C836,[H]-[#8]-[#6:42]>>[H]-[#8]-[#6](=[#8])-[#6@@](-[H])(-[#7](-[H])-[#6:42])-[#6@@](-[H])(-[#6](-[H])(-[H])-[H])-[#6](-[H])(-[H])-[#6](-[H])(-[H])-[H],"EVODEX.1-P7201,EVODEX.1-P7247,EVODEX.1-P7354,EVODEX.1-P7460,EVODEX.1-P7516",115708642111207602286436754819410560540913237202327561329103194355105037650419
EVODEX.1-C837,[H]-[#8]-[#6:22].[H]-[#8]-[#6@@]1(-[H])-[#6@@](-[H])(-[#8]-[H])-[#6@](-[H])(-[#7]2:[#6](-[H]):[#7]:[#6]3:[#6](-[#7](-[H])-[H]):[#7]:[#6](-[H]):[#7]:[#6]:2:3)-[#8]-[#6@]-1(-[H])-[#6](-[H])(-[H])-[#8]-[#15](=[#8])(-[#8]-[H])-[#8]-[#15](=[#8])(-[#8]-[H])-[#8:47]>>[H]-[#8]-[#6](=[#8])-[#6@@](-[H])(-[#7](-[H])-[#6:22])-[#6@@](-[H])(-[#6](-[H])(-[H])-[H])-[#6](-[H])(-[H])-[#6](-[H])(-[H])-[H].[H]-[#8:47],"EVODEX.1-P7202,EVODEX.1-P7214,EVODEX.1-P7244,EVODEX.1-P7246,EVODEX.1-P7322",47904932056330847845517371968224376013972970193742548384760266728712101888553
EVODEX.1-C838,[#6:20]-[#8:22]>>[H]-[#8]-[#6](=[#8])-[#6@@](-[H])(-[#7](-[H])-[#6:20])-[#6@@](-[H])(-[#6](-[H])(-[H])-[H])-[#6](-[H])(-[H])-[#6](-[H])(-[H])-[H].[H]-[#8]-[#6@@]1(-[H])-[#6@@](-[H])(-[#8]-[H])-[#6@](-[H])(-[#7]2:[#6](-[H]):[#7]:[#6]3:[#6](-[#7](-[H])-[H]):[#7]:[#6](-[H]):[#7]:[#6]:2:3)-[#8]-[#6@]-1(-[H])-[#6](-[H])(-[H])-[#8]-[#15](=[#8])(-[#8]-[H])-[#8]-[#15](=[#8])(-[#8]-[H])-[#8:22],"EVODEX.1-P7203,EVODEX.1-P7215,EVODEX.1-P7229,EVODEX.1-P7296,EVODEX.1-P7355",64536783108923791652799461389980166093566302291121573099421466522439273690314
EVODEX.1-C839,[#6:18]-[#8:20]>>[H]-[#8]-[#6](=[#8])-[#6@@](-[H])(-[#7](-[H])-[#6:18])-[#6](-[H])(-[H])-[#8]-[H].[H]-[#8]-[#6@@]1(-[H])-[#6@@](-[H])(-[#8]-[H])-[#6@](-[H])(-[#7]2:[#6](-[H]):[#7]:[#6]3:[#6](-[#7](-[H])-[H]):[#7]:[#6](-[H]):[#7]:[#6]:2:3)-[#8]-[#6@]-1(-[H])-[#6](-[H])(-[H])-[#8]-[#15](=[#8])(-[#8]-[H])-[#8]-[#15](=[#8])(-[#8]-[H])-[#8:20],"EVODEX.1-P7204,EVODEX.1-P7275,EVODEX.1-P7330,EVODEX.1-P7398,EVODEX.1-P7410",6927595662272529972897435190713434305351929848237818218854042810737378041969
EVODEX.1-C840,[H]-[#8]-[#6:6].[H]-[#8]-[#6@@]1(-[H])-[#6@@](-[H])(-[#8]-[H])-[#6@](-[H])(-[#7]2:[#6](-[H]):[#7]:[#6]3:[#6](-[#7](-[H])-[H]):[#7]:[#6](-[H]):[#7]:[#6]:2:3)-[#8]-[#6@]-1(-[H])-[#6](-[H])(-[H])-[#8]-[#15](=[#8])(-[#8]-[H])-[#8]-[#15](=[#8])(-[#8]-[H])-[#8:38]>>[H]-[#8]-[#6](=[#8])-[#6@@](-[H])(-[#7](-[H])-[#6:6])-[#6](-[H])(-[H])-[#8]-[H].[H]-[#8:38],"EVODEX.1-P7205,EVODEX.1-P7231,EVODEX.1-P7274,EVODEX.1-P7401,EVODEX.1-P7412",114997515165793600236289503747195750747038199666590416708142861584390150768799
EVODEX.1-C841,[#6:15]-[#8:17].([#15:37]-[#8:40].[#6@:45]-[#6@:47])>>[H]-[#8]-[#6](=[#8])-[#6@@](-[H])(-[#7](-[H])-[#6:15])-[#6](-[H])(-[H])-[#6](-[H])(-[H])-[#16]-[#6](-[H])(-[H])-[H].([#8:17]-[#15:37].[#6@@:47]-[#6@@:45]).[H]-[#8:40],"EVODEX.1-P7217,EVODEX.1-P7269,EVODEX.1-P7326,EVODEX.1-P7377,EVODEX.1-P7381",73481732811852679483651805809949036570259332755929116711198247438367581448267
EVODEX.1-C842,[H]-[#7:6].[H]-[#8]-[#6@@]1(-[H])-[#6@@](-[H])(-[#8]-[H])-[#6@](-[H])(-[#7]2:[#6](-[H]):[#7]:[#6]3:[#6](-[#7](-[H])-[H]):[#7]:[#6](-[H]):[#7]:[#6]:2:3)-[#8]-[#6@]-1(-[H])-[#6](-[H])(-[H])-[#8]-[#15](=[#8])(-[#8]-[H])-[#8]-[#15](=[#8])(-[#8]-[H])-[#8:42]>>[H]-[#7](-[H])-[#6](=[#8])-[#6](-[H])(-[H])-[#6](-[H])(-[H])-[#6@@](-[H])(-[#6](=[#8])-[#7:6])-[#7](-[H])-[H].[H]-[#8:42],"EVODEX.1-P7230,EVODEX.1-P7235,EVODEX.1-P7239,EVODEX.1-P7414,EVODEX.1-P7479",31707645455258256298014744435477899215229388355678050595739993021379040602717
EVODEX.1-C843,[H]-[#8]-[#6:42].[H]-[#8]-[#6@@]1(-[H])-[#6@@](-[H])(-[#8]-[H])-[#6@](-[H])(-[#7]2:[#6](-[H]):[#7]:[#6]3:[#6](-[#7](-[H])-[H]):[#7]:[#6](-[H]):[#7]:[#6]:2:3)-[#8]-[#6@]-1(-[H])-[#6](-[H])(-[H])-[#8]-[#15](=[#8])(-[#8]-[H])-[#8]-[#15](=[#8])(-[#8]-[H])-[#8:75]>>[H]-[#8]-[#6](=[#8])-[#6@@](-[H])(-[#7](-[H])-[#6:42])-[#6@](-[H])(-[#8]-[H])-[#6](-[H])(-[H])-[H].[H]-[#8:75],"EVODEX.1-P7237,EVODEX.1-P7277,EVODEX.1-P7281,EVODEX.1-P7334,EVODEX.1-P7508",13007553581916959417095969697096066067913594338437017995579720050514963096740
EVODEX.1-C844,[#6:17]-[#8:19]>>[H]-[#8]-[#6](=[#8])-[#6@@](-[H])(-[#7](-[H])-[#6:17])-[#6](-[H])(-[H])-[#6](-[H])(-[H])-[#16]-[#6](-[H])(-[H])-[H].[H]-[#8]-[#6@@]1(-[H])-[#6@@](-[H])(-[#8]-[H])-[#6@](-[H])(-[#7]2:[#6](-[H]):[#7]:[#6]3:[#6](-[#7](-[H])-[H]):[#7]:[#6](-[H]):[#7]:[#6]:2:3)-[#8]-[#6@]-1(-[H])-[#6](-[H])(-[H])-[#8]-[#15](=[#8])(-[#8]-[H])-[#8]-[#15](=[#8])(-[#8]-[H])-[#8:19],"EVODEX.1-P7251,EVODEX.1-P7302,EVODEX.1-P7380,EVODEX.1-P7438,EVODEX.1-P7482",15148045186467071194615506732308797574919739488188674100702437530947551632066
EVODEX.1-C845,[H]-[#7:1].([#15:39]-[#8:42].[#6@:47]-[#6@:49])>>[H]-[#6]1:[#6](-[H]):[#6](-[H]):[#6](-[#6](-[H])(-[H])-[#6@@](-[H])(-[#6](=[#8])-[#7:1])-[#7](-[H])-[H]):[#6](-[H]):[#6]:1-[H].([H]-[#8]-[#15:39].[#6@@:49]-[#6@@:47]).[H]-[#8:42],"EVODEX.1-P7252,EVODEX.1-P7263,EVODEX.1-P7266,EVODEX.1-P7272,EVODEX.1-P7433",13264377612727653239595321475506840096312365947520637953936872092214997010148
EVODEX.1-C846,[H]-[#7:6].[H]-[#8]-[#15](=[#8])(-[#8]-[H])-[#8]>>[H]-[#6]1:[#6](-[H]):[#6](-[H]):[#6](-[#6](-[H])(-[H])-[#6@@](-[H])(-[#6](=[#8])-[#7:6])-[#7](-[H])-[H]):[#6](-[H]):[#6]:1-[H].[H]-[#8],"EVODEX.1-P7253,EVODEX.1-P7256,EVODEX.1-P7258,EVODEX.1-P7259,EVODEX.1-P7264",68724346758642701851829951459926852378931784384544737963949578563127618327999
EVODEX.1-C847,[H]-[#7:5].[H]-[#8]-[#6@@]1(-[H])-[#6@@](-[H])(-[#8]-[H])-[#6@](-[H])(-[#7]2:[#6](-[H]):[#7]:[#6]3:[#6](-[#7](-[H])-[H]):[#7]:[#6](-[H]):[#7]:[#6]:2:3)-[#8]-[#6@]-1(-[H])-[#6](-[H])(-[H])-[#8]-[#15](=[#8])(-[#8]-[H])-[#8]-[#15](=[#8])(-[#8]-[H])-[#8:43]>>[H]-[#6]1:[#6](-[H]):[#6](-[H]):[#6](-[#6](-[H])(-[H])-[#6@@](-[H])(-[#6](=[#8])-[#7:5])-[#7](-[H])-[H]):[#6](-[H]):[#6]:1-[H].[H]-[#8:43],"EVODEX.1-P7255,EVODEX.1-P7257,EVODEX.1-P7265,EVODEX.1-P7279,EVODEX.1-P7280",54173225779271905153033494282985561141408475566972165968366378189428878403870
EVODEX.1-C848,[H]-[#7:6].[H]-[#8]-[#15](=[#8])(-[#8]-[H])-[#8]>>[H]-[#7]1-[#6](-[H])(-[H])-[#6](-[H])(-[H])-[#6](-[H])(-[H])-[#6@@]-1(-[H])-[#6](=[#8])-[#7:6].[H]-[#8],"EVODEX.1-P7284,EVODEX.1-P7285,EVODEX.1-P7288,EVODEX.1-P7294,EVODEX.1-P7300",93512993400902493795004260004754999525502122814837151641377650302291628089761
EVODEX.1-C849,[H]-[#7:1].[H]-[#8]-[#6@@]1(-[H])-[#6@@](-[H])(-[#8]-[H])-[#6@](-[H])(-[#7]2:[#6](-[H]):[#7]:[#6]3:[#6](-[#7](-[H])-[H]):[#7]:[#6](-[H]):[#7]:[#6]:2:3)-[#8]-[#6@]-1(-[H])-[#6](-[H])(-[H])-[#8]-[#15](=[#8])(-[#8]-[H])-[#8]-[#15](=[#8])(-[#8]-[H])-[#8:30]>>[H]-[#7]1-[#6](-[H])(-[H])-[#6](-[H])(-[H])-[#6](-[H])(-[H])-[#6@@]-1(-[H])-[#6](=[#8])-[#7:1].[H]-[#8:30],"EVODEX.1-P7289,EVODEX.1-P7295,EVODEX.1-P7298,EVODEX.1-P7301,EVODEX.1-P7303",56873149299379161086128702796790005600913178178733689928805044668390472627262
EVODEX.1-C850,[H]-[#7:1].([#15:42]-[#8:45].[#6@:50]-[#6@:52])>>[H]-[#6]1:[#6](-[H]):[#6](-[H]):[#6]2:[#6](:[#6]:1-[H]):[#6](-[#6](-[H])(-[H])-[#6@@](-[H])(-[#6](=[#8])-[#7:1])-[#7](-[H])-[H]):[#6](-[H]):[#7]:2-[H].([H]-[#8]-[#15:42].[#6@@:52]-[#6@@:50]).[H]-[#8:45],"EVODEX.1-P7310,EVODEX.1-P7316,EVODEX.1-P7323,EVODEX.1-P7324,EVODEX.1-P7477",98023898314308950647791790669188480806960000356615738300060901909721767560652
EVODEX.1-C851,[H]-[#7:5].[H]-[#8]-[#15](=[#8])(-[#8]-[H])-[#8]>>[H]-[#6]1:[#6](-[H]):[#6](-[H]):[#6]2:[#6](:[#6]:1-[H]):[#6](-[#6](-[H])(-[H])-[#6@@](-[H])(-[#6](=[#8])-[#7:5])-[#7](-[H])-[H]):[#6](-[H]):[#7]:2-[H].[H]-[#8],"EVODEX.1-P7311,EVODEX.1-P7325,EVODEX.1-P7329,EVODEX.1-P7331,EVODEX.1-P7336",23053608432943865196589701646527802260669668243972866171539202233588395113952
EVODEX.1-C852,[H]-[#7:1]>>[H]-[#6]1:[#6](-[H]):[#6](-[H]):[#6]2:[#6](:[#6]:1-[H]):[#6](-[#6](-[H])(-[H])-[#6@@](-[H])(-[#6](=[#8])-[#7:1])-[#7](-[H])-[H]):[#6](-[H]):[#7]:2-[H],"EVODEX.1-P7312,EVODEX.1-P7314,EVODEX.1-P7315,EVODEX.1-P7317,EVODEX.1-P7476",34284616072587799900375043086148801479135873727994371759704654407061014581631
EVODEX.1-C853,[H]-[#7:5].[H]-[#8]-[#6@@]1(-[H])-[#6@@](-[H])(-[#8]-[H])-[#6@](-[H])(-[#7]2:[#6](-[H]):[#7]:[#6]3:[#6](-[#7](-[H])-[H]):[#7]:[#6](-[H]):[#7]:[#6]:2:3)-[#8]-[#6@]-1(-[H])-[#6](-[H])(-[H])-[#8]-[#15](=[#8])(-[#8]-[H])-[#8]-[#15](=[#8])(-[#8]-[H])-[#8:46]>>[H]-[#6]1:[#6](-[H]):[#6](-[H]):[#6]2:[#6](:[#6]:1-[H]):[#6](-[#6](-[H])(-[H])-[#6@@](-[H])(-[#6](=[#8])-[#7:5])-[#7](-[H])-[H]):[#6](-[H]):[#7]:2-[H].[H]-[#8:46],"EVODEX.1-P7313,EVODEX.1-P7318,EVODEX.1-P7321,EVODEX.1-P7332,EVODEX.1-P7338",66345662537165659644846132741066645711565190440011636646208453346487305684289
EVODEX.1-C854,[H]-[#7:1].[H]-[#8]-[#15](=[#8])(-[#8]-[H])-[#8]>>[H]-[#8]-[#6]1:[#6](-[H]):[#6](-[H]):[#6](-[#6](-[H])(-[H])-[#6@@](-[H])(-[#6](=[#8])-[#7:1])-[#7](-[H])-[H]):[#6](-[H]):[#6]:1-[H].[H]-[#8],"EVODEX.1-P7341,EVODEX.1-P7343,EVODEX.1-P7358,EVODEX.1-P7406,EVODEX.1-P7466",55410100130352277834697408598039066674424515531647800378442399766240419510124
EVODEX.1-C855,[H]-[#7:1]>>[H]-[#8]-[#6]1:[#6](-[H]):[#6](-[H]):[#6](-[#6](-[H])(-[H])-[#6@@](-[H])(-[#6](=[#8])-[#7:1])-[#7](-[H])-[H]):[#6](-[H]):[#6]:1-[H],"EVODEX.1-P7344,EVODEX.1-P7351,EVODEX.1-P7357,EVODEX.1-P7361,EVODEX.1-P7470",32988613854953813965319156839858783331719335106351971007504067021584305084148
EVODEX.1-C856,[H]-[#7:1].[H]-[#8]-[#6@@]1(-[H])-[#6@@](-[H])(-[#8]-[H])-[#6@](-[H])(-[#7]2:[#6](-[H]):[#7]:[#6]3:[#6](-[#7](-[H])-[H]):[#7]:[#6](-[H]):[#7]:[#6]:2:3)-[#8]-[#6@]-1(-[H])-[#6](-[H])(-[H])-[#8]-[#15](=[#8])(-[#8]-[H])-[#8]-[#15](=[#8])(-[#8]-[H])-[#8:43]>>[H]-[#8]-[#6]1:[#6](-[H]):[#6](-[H]):[#6](-[#6](-[H])(-[H])-[#6@@](-[H])(-[#6](=[#8])-[#7:1])-[#7](-[H])-[H]):[#6](-[H]):[#6]:1-[H].[H]-[#8:43],"EVODEX.1-P7345,EVODEX.1-P7352,EVODEX.1-P7365,EVODEX.1-P7408,EVODEX.1-P7467",83685930981969467966806838925326146998403490443889456533451575978407290140962
EVODEX.1-C857,([#15:36]-[#8:39].[#6@:44]-[#6@:46]).[H]-[#7:1]>>[H]-[#6]1:[#7]:[#6](-[#6](-[H])(-[H])-[#6@@](-[H])(-[#6](=[#8])-[#7:1])-[#7](-[H])-[H]):[#6](-[H]):[#7]:1-[H].([H]-[#8]-[#15:36].[#6@@:46]-[#6@@:44]).[H]-[#8:39],"EVODEX.1-P7418,EVODEX.1-P7425,EVODEX.1-P7440,EVODEX.1-P7444,EVODEX.1-P7447",23733907890974053501561725288238728599852468942397947306750222578360024628021
EVODEX.1-C858,[H]-[#7:12].[H]-[#8]-[#15](=[#8])(-[#8]-[H])-[#8]>>[H]-[#6]1:[#7]:[#6](-[#6](-[H])(-[H])-[#6@@](-[H])(-[#6](=[#8])-[#7:12])-[#7](-[H])-[H]):[#6](-[H]):[#7]:1-[H].[H]-[#8],"EVODEX.1-P7419,EVODEX.1-P7426,EVODEX.1-P7441,EVODEX.1-P7450,EVODEX.1-P7473",57828656211309920293404113022002117771296170562362893355169441624328859394237
EVODEX.1-C859,[H]-[#7:12].[H]-[#8]-[#6@@]1(-[H])-[#6@@](-[H])(-[#8]-[H])-[#6@](-[H])(-[#7]2:[#6](-[H]):[#7]:[#6]3:[#6](-[#7](-[H])-[H]):[#7]:[#6](-[H]):[#7]:[#6]:2:3)-[#8]-[#6@]-1(-[H])-[#6](-[H])(-[H])-[#8]-[#15](=[#8])(-[#8]-[H])-[#8]-[#15](=[#8])(-[#8]-[H])-[#8:46]>>[H]-[#6]1:[#7]:[#6](-[#6](-[H])(-[H])-[#6@@](-[H])(-[#6](=[#8])-[#7:12])-[#7](-[H])-[H]):[#6](-[H]):[#7]:1-[H].[H]-[#8:46],"EVODEX.1-P7422,EVODEX.1-P7443,EVODEX.1-P7445,EVODEX.1-P7452,EVODEX.1-P7474",72915804720388135846396585616850827596378490073885142539037152053202863233800
EVODEX.1-C860,[H]-[#6:1].([#15:73]-[#8:76].[#6@:81]-[#6@:83])>>[H]-[#8]-[#6](=[#8])-[#6:1].([H]-[#8]-[#15:73].[#6@@:83]-[#6@@:81]).[H]-[#8:76],"EVODEX.1-P7545,EVODEX.1-P7547,EVODEX.1-P7549,EVODEX.1-P7552,EVODEX.1-P7554",49539652356714871622551446046842433781138198173773726496077321524555653121153
EVODEX.1-C861,[#8:89]=[#6:90]>>[H]-[#6:90]-[H].[H]-[#8:89]-[H],"EVODEX.1-P57,EVODEX.1-P58,EVODEX.1-P60,EVODEX.1-P70",7734243765590206506166911161890553217171824938315279042825868302560975895838
EVODEX.1-C862,[H]-[#6:12]-[#6:11](-[#16:13])-[#6@@:29]-[H].[H]-[#8]-[#6](=[#8])-[#6:5].[#8]=[#8:34]>>[#6:11](=[#6:29])-[#6:12]-[#16:13].[H]-[#8:34]-[#6:5],"EVODEX.1-P606,EVODEX.1-P609,EVODEX.1-P617,EVODEX.1-P628",108879159176481770878669961179135948111164769045293325876780906636638203103418
EVODEX.1-C863,[H]-[#6:1]-[#6:2](-[#16:4])-[#6:19]-[H].[H]-[#8:32]-[#6:30]-[#6:28].[#8:33]=[#8:34]>>[#6:30]=[#8:32].[#6:1](-[#6:2]=[#6:19])-[#16:4].[H]-[#8:33]-[#6:28].[H]-[#8:34]-[H],"EVODEX.1-P620,EVODEX.1-P626,EVODEX.1-P631,EVODEX.1-P635",43616210348795670842839003483787909779458689213469413445109025283208949783350
EVODEX.1-C864,[#6:10]-[#8:12].([#15:76]-[#8:79].[#6@:88]-[#6@:90])>>[H]-[#6:10].([#8:12]-[#15:76].[#6@@:90]-[#6@@:88]).[H]-[#8:79],"EVODEX.1-P676,EVODEX.1-P715,EVODEX.1-P727,EVODEX.1-P730",115592696339752040814023825352650287658690768359902147556947830215775105551315
EVODEX.1-C865,[H]-[#16:48].[H]-[#8:56]-[#6:54]-[#6:52]>>[#6:54]=[#8:56].[#16:48]-[#6:52],"EVODEX.1-P677,EVODEX.1-P686,EVODEX.1-P744,EVODEX.1-P793",40779939071103679183074243173559820886888175107365101868499865841284083425141
EVODEX.1-C866,[#6:6]-[#8:8].[H]-[#8]-[#15](=[#8])(-[#8]-[H])-[#8]-[#15](=[#8])(-[#8]-[H])-[#8]-[#15:72]>>[H]-[#6:6].[#8:8]-[#15:72],"EVODEX.1-P707,EVODEX.1-P712,EVODEX.1-P714,EVODEX.1-P732",39106498536629779894935520593543112490328739460167156738209646058976607516039
EVODEX.1-C867,[H]-[#8:29]>>[H]-[#6](-[H])(-[H])-[#8:29],"EVODEX.1-P1230,EVODEX.1-P1262,EVODEX.1-P1263,EVODEX.1-P1309",9056836375910106651849524092346340331280237551285193412211471320576435846632
EVODEX.1-C868,[H]-[#8]-[#15](=[#8])(-[#8]-[H])-[#8]-[#6:2].[H]-[#7:9]>>[#6:2]-[#7:9],"EVODEX.1-P1347,EVODEX.1-P1350,EVODEX.1-P1352,EVODEX.1-P1355",60678268140248529465273576908123983377052846686968757575232672481183406280903
EVODEX.1-C869,[#6:3]-[#16:5]>>[H]-[#8]-[#6](=[#8])-[#6](-[H])(-[H])-[#7](-[H])-[#6:3].[H]-[#16:5],"EVODEX.1-P1458,EVODEX.1-P1462,EVODEX.1-P1464,EVODEX.1-P1859",29914845311154218892123310509632531140444946428863778848994601667239124930002
EVODEX.1-C870,[H]-[#8:40].[H]-[#8]-[#15](=[#8])(-[#8]-[#6](-[H])(-[H])-[#6](-[H])(-[H])-[#6](-[H])(-[#6](-[H])(-[H])-[H])-[#6](-[H])(-[H])-[#6](-[H])(-[H])-[#6](-[H])=[#6](-[#6](-[H])(-[H])-[H])-[#6](-[H])(-[H])-[#6](-[H])(-[H])-[#6](-[H])=[#6](-[#6](-[H])(-[H])-[H])-[#6](-[H])(-[H])-[#6](-[H])(-[H])-[#6](-[H])=[#6](-[#6](-[H])(-[H])-[H])-[#6](-[H])(-[H])-[#6](-[H])(-[H])-[#6](-[H])=[#6](-[#6](-[H])(-[H])-[H])-[#6](-[H])(-[H])-[#6](-[H])(-[H])-[#6](-[H])=[#6](-[#6](-[H])(-[H])-[H])-[#6](-[H])(-[H])-[#6](-[H])(-[H])-[#6](-[H])=[#6](-[#6](-[H])(-[H])-[H])-[#6](-[H])(-[H])-[#6](-[H])(-[H])-[#6](-[H])=[#6](-[#6](-[H])(-[H])-[H])-[#6](-[H])(-[H])-[#6](-[H])(-[H])-[#6](-[H])=[#6](-[#6](-[H])(-[H])-[H])-[#6](-[H])(-[H])-[#6](-[H])(-[H])-[#6](-[H])=[#6](-[#6](-[H])(-[H])-[H])-[#6](-[H])(-[H])-[#6](-[H])(-[H])-[#6](-[H])=[#6](-[#6](-[H])(-[H])-[H])-[#6](-[H])(-[H])-[#6](-[H])(-[H])-[#6](-[H])=[#6](-[#6](-[H])(-[H])-[H])-[#6](-[H])(-[H])-[#6](-[H])(-[H])-[#6](-[H])=[#6](-[#6](-[H])(-[H])-[H])-[#6](-[H])(-[H])-[#6](-[H])(-[H])-[#6](-[H])=[#6](-[#6](-[H])(-[H])-[H])-[#6](-[H])(-[H])-[#6](-[H])(-[H])-[#6](-[H])=[#6](-[#6](-[H])(-[H])-[H])-[#6](-[H])(-[H])-[#6](-[H])(-[H])-[#6](-[H])=[#6](-[#6](-[H])(-[H])-[H])-[#6](-[H])(-[H])-[#6](-[H])(-[H])-[#6](-[H])=[#6](-[#6](-[H])(-[H])-[H])-[#6](-[H])(-[H])-[#6](-[H])(-[H])-[#6](-[H])=[#6](-[#6](-[H])(-[H])-[H])-[#6](-[H])(-[H])-[#6](-[H])(-[H])-[#6](-[H])=[#6](-[#6](-[H])(-[H])-[H])-[#6](-[H])(-[H])-[#6](-[H])(-[H])-[#6](-[H])=[#6](-[#6](-[H])(-[H])-[H])-[#6](-[H])(-[H])-[H])-[#8]-[#6@:146]>>[#8:40]-[#6:146],"EVODEX.1-P2245,EVODEX.1-P2246,EVODEX.1-P2249,EVODEX.1-P2250",91802147906814833555620167907676362033080925836507568871505041900647608567767
EVODEX.1-C871,[#8:18]-[#6@:19]>>[H]-[#8]-[#6@@]1(-[H])-[#6@@](-[H])(-[#8]-[H])-[#6@](-[H])(-[#7]2:[#6](-[H]):[#6](-[H]):[#6](=[#8]):[#7](-[H]):[#6]:2=[#8])-[#8]-[#6@]-1(-[H])-[#6](-[H])(-[H])-[#8]-[#15](=[#8])(-[#8]-[H])-[#8]-[#15](=[#8])(-[#8]-[H])-[#8]-[#6@@:19].[H]-[#8:18],"EVODEX.1-P2261,EVODEX.1-P2355,EVODEX.1-P2357,EVODEX.1-P2430",91885765338728899042439787127243186942066079741928767351228634036257242047047
EVODEX.1-C872,([#8:16]-[#6@:17].[#6@:7]).[H]-[#8:44]>>[#8:44]-[#6@:17].([H]-[#8:16].[#6@@:7]),"EVODEX.1-P2348,EVODEX.1-P2362,EVODEX.1-P3648,EVODEX.1-P4388",94233536812243580015275341691982489259070276685437797881222843181430606158492
EVODEX.1-C873,[H]-[#8:9]-[#6@:8].[H]-[#8]-[#15](=[#8])(-[#8]-[H])-[#8]-[#6@:17]>>[#8:9](-[#6@@:8])-[#6@:17],"EVODEX.1-P2400,EVODEX.1-P2413,EVODEX.1-P2417,EVODEX.1-P2484",64668154090688792030484692589127310037880938821002154458545707037643391954113
EVODEX.1-C874,[H]-[#8]-[#6@@]1(-[H])-[#6@@](-[H])(-[#8]-[H])-[#6@](-[H])(-[#7]2:[#6](-[H]):[#7]:[#6]3:[#6](-[#7](-[H])-[H]):[#7]:[#6](-[H]):[#7]:[#6]:2:3)-[#8]-[#6@]-1(-[H])-[#6](-[H])(-[H])-[#16](-[#6](-[H])(-[H])-[H])-[#6:3].[H]-[#7:28]>>[#6:3]-[#7:28],"EVODEX.1-P2573,EVODEX.1-P2575,EVODEX.1-P2591,EVODEX.1-P2611",29000511858073919244258427285889916662476186948690198524988633218781892203582
EVODEX.1-C875,[#16:8]-[#6:9]>>[H]-[#6](-[H])(-[H])-[#6](=[#8])-[#8]-[#6:9].[H]-[#16:8],"EVODEX.1-P2625,EVODEX.1-P2637,EVODEX.1-P2647,EVODEX.1-P2651",94196233913143107403902605226769883596396414492208530397221932933311857667202
EVODEX.1-C876,[H]-[#7](-[H])-[#6@@:7]-[H].[H]-[#8]-[#6](=[#8])-[#6](-[#6](-[H])(-[H])-[#6]1:[#6](-[H]):[#6](-[H]):[#6](-[H]):[#6](-[H]):[#6]:1-[H])=[#8:16]>>[#6:7]=[#8:16],"EVODEX.1-P2965,EVODEX.1-P3115,EVODEX.1-P3137,EVODEX.1-P3166",47678171677304291136095443226925368746317127392244632122190193541463891501290
EVODEX.1-C877,([#8:23]-[#15:24].[#6@:28]-[#6@:30]).[H]-[#8:37]-[#6:36]>>([H]-[#8:23].[#6@@:30]-[#6@@:28]).[#15:24]-[#8:37]-[#6@@:36],"EVODEX.1-P3233,EVODEX.1-P3287,EVODEX.1-P3303,EVODEX.1-P3414",6127005922573150262381156548891815229581016648615011021390983626967693585819
EVODEX.1-C878,[H]-[#8]-[#6@@]1(-[H])-[#6](-[H])(-[H])-[#6@](-[H])(-[#7]2:[#6](-[H]):[#7]:[#6]3:[#6](-[#7](-[H])-[H]):[#7]:[#6](-[H]):[#7]:[#6]:2:3)-[#8]-[#6@]-1(-[H])-[#6](-[H])(-[H])-[#8]-[#15](=[#8])(-[#8]-[H])-[#8]-[#15](=[#8])(-[#8]-[H])-[#8]-[#15:50].([H]-[#8:17].[#6@@:21]-[#6@@:19])>>([#8:17]-[#15:50].[#6@:19]-[#6@:21]),"EVODEX.1-P3234,EVODEX.1-P3538,EVODEX.1-P3570,EVODEX.1-P3573",111071224778013874010678472110006429547585886047173596766864721621372018985592
EVODEX.1-C879,[#8:12]-[#15:13]>>[H]-[#8:12].[H]-[#8]-[#6@@]1(-[H])-[#6@@](-[H])(-[#8]-[H])-[#6@](-[H])(-[#7]2:[#6](-[H]):[#7]:[#6]3:[#6](-[#7](-[H])-[H]):[#7]:[#6](-[H]):[#7]:[#6]:2:3)-[#8]-[#6@]-1(-[H])-[#6](-[H])(-[H])-[#8]-[#15](=[#8])(-[#8]-[H])-[#8]-[#15:13],"EVODEX.1-P3281,EVODEX.1-P3282,EVODEX.1-P3562,EVODEX.1-P3582",8967248933629418441942549785329319302924596176185645807479523265465368719050
EVODEX.1-C880,[H]-[#8]-[#6@@]1(-[H])-[#6](-[H])(-[H])-[#6@](-[H])(-[#7]2:[#6](-[H]):[#6](-[H]):[#6](-[#7](-[H])-[H]):[#7]:[#6]:2=[#8])-[#8]-[#6@]-1(-[H])-[#6](-[H])(-[H])-[#8]-[#15](=[#8])(-[#8]-[H])-[#8]-[#15](=[#8])(-[#8]-[H])-[#8]-[#15:21].[H]-[#8:29]>>[#15:21]-[#8:29],"EVODEX.1-P3298,EVODEX.1-P3366,EVODEX.1-P3495,EVODEX.1-P4232",61411101717642514336628036678560558037837480719199979694160996826804202126627
EVODEX.1-C881,[H]-[#8]-[#6]1(-[H])-[#6](-[H])(-[#7]2:[#6](-[H]):[#7]:[#6]3:[#6](-[#7](-[H])-[H]):[#7]:[#6](-[H]):[#7]:[#6]:2:3)-[#8]-[#6](-[H])(-[#6](-[H])(-[H])-[#8]-[#15](=[#8])(-[#8]-[H])-[#8]-[#15:16])-[#6]-1(-[H])-[#8]-[H].[H]-[#8:45]>>[#15:16]-[#8:45],"EVODEX.1-P3304,EVODEX.1-P4235,EVODEX.1-P5989,EVODEX.1-P6029",960831527325721112162309612004846197138752088196992133444707985078700019211
EVODEX.1-C882,[H]-[#8:5]-[#6:4]-[#6@@:6]-[#6@:8]-[#6@:10].([#8:32]-[#15:33].[#6@:37]-[#6@:39])>>[#8:5](-[#6@@:4]-[#6@:6]-[#6@@:8]-[#6@@:10])-[#15:33].([H]-[#8:32].[#6@@:39]-[#6@@:37]),"EVODEX.1-P3307,EVODEX.1-P3403,EVODEX.1-P3404,EVODEX.1-P3405",42007385699541321730499048783486961736925385297998073617830245809753184201614
EVODEX.1-C883,([#8:23]-[#15:24].[#6@@:11])>>([H]-[#8:23].[#6@:11]).[H]-[#8]-[#6@@]1(-[H])-[#6@@](-[H])(-[#8]-[H])-[#6@](-[H])(-[#7]2:[#6](-[H]):[#7]:[#6]3:[#6](-[#7](-[H])-[H]):[#7]:[#6](-[H]):[#7]:[#6]:2:3)-[#8]-[#6@]-1(-[H])-[#6](-[H])(-[H])-[#8]-[#15](=[#8])(-[#8]-[H])-[#8]-[#15](=[#8])(-[#8]-[H])-[#8]-[#15:24],"EVODEX.1-P3329,EVODEX.1-P3497,EVODEX.1-P3529,EVODEX.1-P3565",35666667747072571576701887340743308308622568151884962626837438419317620182518
EVODEX.1-C884,[#15:14]-[#8:17]-[#6@@:18].[H]-[#8:12]>>[#8:12]-[#15:14].[H]-[#8:17]-[#6:18],"EVODEX.1-P3380,EVODEX.1-P3382,EVODEX.1-P6599,EVODEX.1-P6601",3935534896369737213844370281530707648200984709384646944193186375775144086667
EVODEX.1-C885,([H]-[#8:17].[#6@@:21]-[#6@@:19]).([#8:43]-[#15:44].[#6@:48]-[#6@:50])>>([#8:17]-[#15:44].[#6@:19]-[#6@:21]).([H]-[#8:43].[#6@@:50]-[#6@@:48]),"EVODEX.1-P3434,EVODEX.1-P3448,EVODEX.1-P3557,EVODEX.1-P3569",108833474463172300718899495535665395413360726380920124279777554052299979963865
EVODEX.1-C886,[H]-[#8]-[#6@@]1(-[H])-[#6@@](-[H])(-[#8]-[H])-[#6@](-[H])(-[#7]2:[#6](-[H]):[#7]:[#6]3:[#6](-[#7](-[H])-[H]):[#7]:[#6](-[H]):[#7]:[#6]:2:3)-[#8]-[#6@]-1(-[H])-[#6](-[H])(-[H])-[#8]-[#15](=[#8])(-[#8]-[H])-[#8]-[#15](=[#8])(-[#8]-[H])-[#8]-[#15:34].[H]-[#7:3]>>[#7:3]-[#15:34],"EVODEX.1-P3496,EVODEX.1-P3500,EVODEX.1-P3502,EVODEX.1-P3505",12296024370299138721665188528103010608008109773334422210131378094769537392854
EVODEX.1-C887,[#7:9]-[#15:10]>>[H]-[#7:9].[H]-[#8]-[#6@@]1(-[H])-[#6@@](-[H])(-[#8]-[H])-[#6@](-[H])(-[#7]2:[#6](-[H]):[#7]:[#6]3:[#6](-[#7](-[H])-[H]):[#7]:[#6](-[H]):[#7]:[#6]:2:3)-[#8]-[#6@]-1(-[H])-[#6](-[H])(-[H])-[#8]-[#15](=[#8])(-[#8]-[H])-[#8]-[#15](=[#8])(-[#8]-[H])-[#8]-[#15:10],"EVODEX.1-P3506,EVODEX.1-P3508,EVODEX.1-P3512,EVODEX.1-P3517",96248892461168660951525913777884820165173509768434129183983098198272474039619
EVODEX.1-C888,([#8:34]-[#15:35].[#6@:39]-[#6@:41]).[H]-[#7:3]>>([H]-[#8:34].[#6@@:41]-[#6@@:39]).[#7:3]-[#15:35],"EVODEX.1-P3507,EVODEX.1-P3509,EVODEX.1-P3510,EVODEX.1-P3520",7439386875761497044880284440664446504381803667554588710447379135966432275491
EVODEX.1-C889,([#8:21]-[#15:22].[#6@@:13]).[H]-[#8:54]>>([H]-[#8:21].[#6@:13]).[#15:22]-[#8:54],"EVODEX.1-P3530,EVODEX.1-P3563,EVODEX.1-P3564,EVODEX.1-P3599",62170273237522744361231786674084463322852294111437857283038242480704699231240
EVODEX.1-C890,([#15:11]-[#8:14].[#6@:36]-[#6@:38])>>([H]-[#8]-[#15](=[#8])(-[#8]-[H])-[#8]-[#15](=[#8])(-[#8]-[H])-[#8]-[#15:11].[#6@@:38]-[#6@@:36]).[H]-[#8:14],"EVODEX.1-P3558,EVODEX.1-P3612,EVODEX.1-P3655,EVODEX.1-P3665",54184604003857991388355284632246217943175911997112346750589253151287881912126
EVODEX.1-C891,[H]-[#8]-[#6](-[H])(-[H])-[#6@@]1(-[H])-[#8]-[#6@](-[H])(-[#8]-[#15](=[#8])(-[#8]-[H])-[#8]-[#15:28])-[#6@](-[H])(-[#8]-[H])-[#6@@](-[H])(-[#8]-[H])-[#6@]-1(-[H])-[#8]-[H].[H]-[#8:3]>>[#8:3]-[#15:28],"EVODEX.1-P3615,EVODEX.1-P3622,EVODEX.1-P3689,EVODEX.1-P3693",72912454514486144037293123207241660904160782823260678309798021542436263783047
EVODEX.1-C892,([#15:19]-[#8:22].[#6@:53]-[#6@:55])>>([H]-[#8]-[#15](=[#8])(-[#8]-[H])-[#8]-[#15:19].[#6@@:55]-[#6@@:53]).[H]-[#8:22],"EVODEX.1-P3618,EVODEX.1-P3677,EVODEX.1-P3678,EVODEX.1-P3679",88522337439397689641462500317470828643192016857699160639284844681928752865956
EVODEX.1-C893,([H]-[#8]-[#6@@]1(-[H])-[#6@@](-[H])(-[#8]-[H])-[#6@](-[H])(-[#7]2:[#6](-[H]):[#6](-[H]):[#6](=[#8]):[#7](-[H]):[#6]:2=[#8])-[#8]-[#6@]-1(-[H])-[#6](-[H])(-[H])-[#8]-[#15](=[#8])(-[#8]-[H])-[#8]-[#15:8].[#6@:38]-[#6@@:36]-[#6@:33]).[H]-[#8:83]>>([#15:8]-[#8:83].[#6@@:33]-[#6@:36]-[#6@@:38]),"EVODEX.1-P3703,EVODEX.1-P3705,EVODEX.1-P3715,EVODEX.1-P3716",16130018122205797469693829504082404809904722671602612511773663648459915164281
EVODEX.1-C894,[#16:29]-[#8:32]>>[H]-[#8]-[#6@]1(-[H])-[#6@](-[H])(-[#8]-[#15](=[#8])(-[#8]-[H])-[#8]-[H])-[#6@@](-[H])(-[#6](-[H])(-[H])-[#8]-[#15](=[#8])(-[#8]-[H])-[#8]-[#16:29])-[#8]-[#6@@]-1(-[H])-[#7]1:[#6](-[H]):[#7]:[#6]2:[#6](-[#7](-[H])-[H]):[#7]:[#6](-[H]):[#7]:[#6]:1:2.[H]-[#8:32],"EVODEX.1-P3746,EVODEX.1-P3749,EVODEX.1-P3777,EVODEX.1-P3779",86311995883909300197160292940151247727850856186783570588634901673834265222057
EVODEX.1-C895,[H]-[#8]-[#6@]1(-[H])-[#6@](-[H])(-[#8]-[#15](=[#8])(-[#8]-[H])-[#8]-[H])-[#6@@](-[H])(-[#6](-[H])(-[H])-[#8]-[#15](=[#8])(-[#8]-[H])-[#8]-[#16:20])-[#8]-[#6@@]-1(-[H])-[#7]1:[#6](-[H]):[#7]:[#6]2:[#6](-[#7](-[H])-[H]):[#7]:[#6](-[H]):[#7]:[#6]:1:2.[H]-[#8:32]>>[#16:20]-[#8:32],"EVODEX.1-P3748,EVODEX.1-P3771,EVODEX.1-P3775,EVODEX.1-P3781",39425992244310370604891680872307740295581120748319423252921570907143314439412
EVODEX.1-C896,[H]-[#6](-[H])(-[H])-[#6](-[H])(-[H])-[#6](-[H])(-[H])-[#6](-[H])(-[H])-[#6](-[H])(-[H])-[#6](-[H])(-[H])-[#6](-[H])(-[H])-[#6](-[H])(-[H])-[#6](-[H])(-[H])-[#6](-[H])(-[H])-[#6](-[H])(-[H])-[#6](-[H])(-[H])-[#6](-[H])(-[H])-[#6](-[H])(-[H])-[#6](-[H])(-[H])-[#6](=[#8])-[#8]-[#6:23]-[#6@@:22].[H]-[#8:54]>>[#6:23](-[#6@:22])-[#8:54],"EVODEX.1-P3929,EVODEX.1-P3933,EVODEX.1-P4032,EVODEX.1-P4040",109509114467174498119113226461459413442942593068292663298289204291118750632407
EVODEX.1-C897,[H]-[#6@@:3](-[#8:4]-[H])-[#6@@:5]-[#8:6]>>[H]-[#6:5]-[#6:3]=[#8:4].[H]-[#8:6],"EVODEX.1-P4083,EVODEX.1-P6399,EVODEX.1-P6423,EVODEX.1-P6460",22093739432704737874580569808391622630382784853348940642331612292859361098132
EVODEX.1-C898,[#7:165]-[#15:166]>>[H]-[#7:165].[H]-[#8]-[#15:166],"EVODEX.1-P4190,EVODEX.1-P6131,EVODEX.1-P6133,EVODEX.1-P6135",57803674122420013697015125654909575652420876731543386838557308187217943667973
EVODEX.1-C899,([H]-[#8]-[#6](-[H])(-[H])-[#6@@]1(-[H])-[#8]-[#6@@](-[H])(-[#8]-[#6@@:4])-[#6@](-[H])(-[#8]-[H])-[#6@@](-[H])(-[#8]-[H])-[#6@]-1(-[H])-[#8]-[H].[#6@@:24]).[H]-[#8:39]>>([#8:39]-[#6@:4].[#6@:24]),"EVODEX.1-P4315,EVODEX.1-P4321,EVODEX.1-P4333,EVODEX.1-P4450",4277470057838715592256199203310255452406016862088549571921328028325900027749
EVODEX.1-C900,([H]-[#6]1:[#6](-[#8]-[#6@:6]):[#6](-[H]):[#6]2:[#8]:[#6](=[#8]):[#6](-[H]):[#6](-[#6](-[H])(-[H])-[H]):[#6]:2:[#6]:1-[H].[#6@:30]-[#6@@:28]-[#6@@:21]).[H]-[#8:32]>>([#6:6]-[#8:32].[#6@:21]-[#6@:28]-[#6@@:30]),"EVODEX.1-P4346,EVODEX.1-P4347,EVODEX.1-P4405,EVODEX.1-P4496",86918375211579375477066478913016811473403404934829041231533901334364988555727
EVODEX.1-C901,[#8:7]1-[#6@@:6]-[#6@:8]-1>>[H]-[#8]-[#6@:6]-[#6@@:8]-[#8:7]-[H],"EVODEX.1-P4556,EVODEX.1-P4565,EVODEX.1-P4568,EVODEX.1-P4572",9416894186374692169155654445037734836236161566856308521705855910617574483073
EVODEX.1-C902,[H]-[#8]-[#6](=[#8])-[#6@@](-[H])(-[#7](-[H])-[#6:7])-[#6](-[H])(-[H])-[#6](=[#8])-[#7](-[H])-[H].[H]-[#8:19]>>[#6:7]-[#8:19],"EVODEX.1-P4585,EVODEX.1-P4778,EVODEX.1-P4795,EVODEX.1-P5474",56387183500083455382265348834129678508369707200611472857576585399256308741662
EVODEX.1-C903,[H]-[#6]1:[#6](-[#7](-[H])-[#6:31]):[#6](-[H]):[#6]2:[#8]:[#6](=[#8]):[#6](-[H]):[#6](-[#6](-[#9])(-[#9])-[#9]):[#6]:2:[#6]:1-[H].[H]-[#8:49]>>[#6:31]-[#8:49],"EVODEX.1-P4587,EVODEX.1-P4831,EVODEX.1-P5143,EVODEX.1-P5244",51130156983892506657402385999671006319575426449331284393570399120537481744677
EVODEX.1-C904,[H]-[#8]-[#6](=[#8])-[#6@@](-[H])(-[#7](-[H])-[#6:8])-[#6](-[H])(-[H])-[#6](-[H])(-[H])-[#6](=[#8])-[#7](-[H])-[H].[H]-[#8:23]>>[#6:8]-[#8:23],"EVODEX.1-P4605,EVODEX.1-P4787,EVODEX.1-P5046,EVODEX.1-P5772",43897955755423860050662184726525316881993853232544832108407283310173631937899
EVODEX.1-C905,([#7:6]-[#6:7].[#6:58]-[#7:60])>>[H]-[#8]-[#6:7].([H]-[#8]-[#6:58].[#7:6]-[H]).[H]-[#7:60],"EVODEX.1-P4608,EVODEX.1-P4914,EVODEX.1-P5303,EVODEX.1-P5382",55655866233648831333378149972583184831497780092482523026703277497148766280242
EVODEX.1-C906,[H]-[#7](-[H])-[#6:21].[H]-[#8:24]>>[#6:21]-[#8:24],"EVODEX.1-P4610,EVODEX.1-P4647,EVODEX.1-P4651,EVODEX.1-P5135",30386740785617767837664917619649998271424927971213966466650414131231216132770
EVODEX.1-C907,([#6:27]-[#7:29].[#6:35]-[#7:37]).[H]-[#8:68].[H]-[#8:69]>>[#6:27]-[#8:68].([H]-[#7:29].[#6:35]-[#8:69]).[H]-[#7:37],"EVODEX.1-P4628,EVODEX.1-P4836,EVODEX.1-P5149,EVODEX.1-P5354",115330050491867441218369296332584971163053886096285077465454529808949342733559
EVODEX.1-C908,[H]-[#8]-[#6](=[#8])-[#6@@](-[H])(-[#7](-[H])-[#6:7])-[#6](-[H])(-[H])-[#6]1:[#6](-[H]):[#7](-[H]):[#6]2:[#6](-[H]):[#6](-[H]):[#6](-[H]):[#6](-[H]):[#6]:1:2.[H]-[#8:24]>>[#6:7]-[#8:24],"EVODEX.1-P4641,EVODEX.1-P4645,EVODEX.1-P4950,EVODEX.1-P4963",40553956713565330995783392628532376595232810886862265699119449246952300501428
EVODEX.1-C909,[H]-[#8]-[#6](=[#8])-[#6@@](-[H])(-[#7](-[H])-[#6:14])-[#6](-[H])(-[H])-[#6]1:[#6](-[H]):[#6](-[H]):[#6](-[H]):[#6](-[H]):[#6]:1-[H].[H]-[#8:28]>>[#6:14]-[#8:28],"EVODEX.1-P4643,EVODEX.1-P4789,EVODEX.1-P4890,EVODEX.1-P4891",46531614021905885681355836330550995852925793125460823785841795553860781764858
EVODEX.1-C910,[#6:13](-[#6@:12])-[#7:15].[H]-[#8:1]>>[H]-[#7:15].[#8:1]-[#6:13]-[#6@@:12],"EVODEX.1-P4672,EVODEX.1-P4878,EVODEX.1-P5006,EVODEX.1-P5044",94889105362147465000915707613192488545298904385973519011985496197661268947147
EVODEX.1-C911,[H]-[#6]1:[#6](-[H]):[#6](-[H]):[#6]2:[#6](-[H]):[#6](-[#7](-[H])-[#6:35]):[#6](-[H]):[#6](-[H]):[#6]:2:[#6]:1-[H].[H]-[#8:48]>>[#6:35]-[#8:48],"EVODEX.1-P4673,EVODEX.1-P4675,EVODEX.1-P4811,EVODEX.1-P5196",6050484505873775533798985121084438150935790928800653214283272514153832160466
EVODEX.1-C912,([#7:18]-[#6:19].[#7:29]-[#6:30].[#6@:5])>>([H]-[#8]-[#6:19].[#7:29]-[H]).[H]-[#8]-[#6:30].([H]-[#7:18].[#6@@:5]),"EVODEX.1-P4684,EVODEX.1-P5010,EVODEX.1-P5059,EVODEX.1-P5160",34580866801705105987964056948944059686479460762128259443528790477353856097547
EVODEX.1-C913,[H]-[#7:6]-[#6@:5].[H]-[#6]1:[#6](-[H]):[#6](-[H]):[#6](-[#6](-[H])(-[H])-[#8]-[#6:12]):[#6](-[H]):[#6]:1-[H]>>[#7:6](-[#6@@:5])-[#6:12],"EVODEX.1-P4706,EVODEX.1-P4708,EVODEX.1-P4715,EVODEX.1-P4719",34476067975381645683838725629583086963844600113894987566192315865349355249233
EVODEX.1-C914,[#7:11]-[#6:12]>>[H]-[#6](-[H])(-[H])-[#6](-[H])(-[H])-[#8]-[#6:12].[H]-[#7:11],"EVODEX.1-P4714,EVODEX.1-P5284,EVODEX.1-P5286,EVODEX.1-P5287",64561359278447916206108278741917210973229596228837103435419158216944749243410
EVODEX.1-C915,[#6:2]-[#8:4].[H]-[#7:9]-[#6@:8]>>[#6:2]-[#7:9]-[#6:8].[H]-[#8:4],"EVODEX.1-P4716,EVODEX.1-P5587,EVODEX.1-P5605,EVODEX.1-P5790",2219927722364937841965811222523048203510919436323001456270075253759306344594
EVODEX.1-C916,[#6:4]-[#7:12]>>[H]-[#6](-[H])(-[H])-[#8]-[#6:4].[H]-[#7:12],"EVODEX.1-P4718,EVODEX.1-P5019,EVODEX.1-P5023,EVODEX.1-P5470",111894392787092971579762400916601382198120860511017145293604038313896994265342
EVODEX.1-C917,[#6:9]-[#7:17]-[#6:18]-[#6:20]>>[H]-[#8]-[#6:18]-[#6@:20].[H]-[#7:17]-[#6@@:9],"EVODEX.1-P4751,EVODEX.1-P4908,EVODEX.1-P5201,EVODEX.1-P5427",115422215184956993917058243354520774065705627827682291369756260155270153671621
EVODEX.1-C918,[H]-[#8]-[#6](=[#8])-[#6@@](-[H])(-[#7](-[H])-[#6:11])-[#6](-[H])(-[H])-[#6]1:[#6](-[H]):[#6](-[H]):[#6](-[#8]-[H]):[#6](-[H]):[#6]:1-[H].[H]-[#8:26]>>[#6:11]-[#8:26],"EVODEX.1-P4808,EVODEX.1-P4897,EVODEX.1-P4981,EVODEX.1-P5356",22067680745726490485097046610080569162295745770332501924779086362414392860357
EVODEX.1-C919,([#7:45]-[#6:46].[#6@@:41])>>[H]-[#8]-[#6:46].([H]-[#7:45].[#6@:41]),"EVODEX.1-P4855,EVODEX.1-P4874,EVODEX.1-P4902,EVODEX.1-P5061",60718354963832758976488467648330951002593076409268485271614939289441173943846
EVODEX.1-C920,[H]-[#8]-[#6](=[#8])-[#6](-[H])(-[H])-[#6](-[H])(-[H])-[#6@@](-[H])(-[#6](=[#8])-[#8]-[H])-[#7](-[H])-[#6:9].[H]-[#8:1]>>[#8:1]-[#6:9],"EVODEX.1-P4892,EVODEX.1-P4915,EVODEX.1-P4916,EVODEX.1-P4917",91505719834256254979075135626890391969082640298011484936718653012619148681230
EVODEX.1-C921,([#6:5]-[#7:7].[#6@@:2])>>([H]-[#8]-[#6:5].[#6@:2]).[H]-[#7:7],"EVODEX.1-P5011,EVODEX.1-P5245,EVODEX.1-P5246,EVODEX.1-P5446",104064335590117149157620110409120258015752976868123878865906496831233758911135
EVODEX.1-C922,[H]-[#7]=[#6](-[#7](-[H])-[H])-[#7](-[H])-[#6](-[H])(-[H])-[#6](-[H])(-[H])-[#6](-[H])(-[H])-[#6@@](-[H])(-[#6](=[#8])-[#7](-[H])-[#6@](-[H])(-[#6](=[#8])-[#7](-[H])-[#6@](-[H])(-[#6](=[#8])-[#7](-[H])-[#6@](-[H])(-[#6](=[#8])-[#8]-[H])-[#6](-[H])(-[H])-[H])-[#6](-[H])(-[H])-[#6]1:[#6](-[H]):[#7](-[H]):[#6]2:[#6](-[H]):[#6](-[H]):[#6](-[H]):[#6](-[H]):[#6]:1:2)-[#6](-[H])(-[H])-[#6](-[H])(-[H])-[#6](-[H])(-[H])-[#6](-[H])(-[H])-[#7](-[H])-[H])-[#7](-[H])-[#6](=[#8])-[#6@@](-[H])(-[#7](-[H])-[#6](=[#8])-[#6](-[H])(-[H])-[#7](-[H])-[#6](=[#8])-[#6@@](-[H])(-[#7](-[H])-[#6:67])-[#6](-[H])(-[H])-[#8]-[H])-[#6](-[H])(-[H])-[#6]1:[#6](-[H]):[#6](-[H]):[#6](-[H]):[#6](-[H]):[#6]:1-[H].[H]-[#8:130]>>[#6:67]-[#8:130],"EVODEX.1-P5263,EVODEX.1-P5264,EVODEX.1-P5267,EVODEX.1-P5271",32733471247531630629627982358557276410421959425078908954112849587531799792526
EVODEX.1-C923,([#6:9]-[#7:17]-[#6:18].[#6@:5])>>[H]-[#8]-[#6:18].([H]-[#7:17]-[#6@:9].[#6@@:5]),"EVODEX.1-P5311,EVODEX.1-P5318,EVODEX.1-P5324,EVODEX.1-P5396",67619487432510279482330733413972611872701287476832650478023641737856571598178
EVODEX.1-C924,[H]-[#8]-[#7](-[H])-[#6:2].[H]-[#8:6]>>[#6:2]-[#8:6],"EVODEX.1-P5448,EVODEX.1-P5628,EVODEX.1-P5639,EVODEX.1-P5663",10772038589346621615214218269749374216560800473889233257776656680030250900639
EVODEX.1-C925,[H]-[#8]-[#6](=[#8])-[#6@@](-[H])(-[#7](-[H])-[H])-[#6](-[H])(-[H])-[#6](-[H])(-[H])-[#6](-[H])(-[H])-[#6](-[H])(-[H])-[#7](-[H])-[#6:8].[H]-[#8:22]>>[#6:8]-[#8:22],"EVODEX.1-P5503,EVODEX.1-P5567,EVODEX.1-P5569,EVODEX.1-P5570",91324082023901320918946648816601087125744951447352198262868324688495281465952
EVODEX.1-C926,[#6:3](-[#7:4])-[#8:16]-[#6:17].[H]-[#8:1]>>[H]-[#7:4].[#6:3]=[#8:16].[#8:1]-[#6:17],"EVODEX.1-P5720,EVODEX.1-P5760,EVODEX.1-P5761,EVODEX.1-P5766",113592000665320940717501790489989637460389324006809039837301900909251541968791
EVODEX.1-C927,[#6:35]-[#7:43].[H]-[#8:32]>>([H]-[#7:43].[#6:35]-[#8:32]),"EVODEX.1-P5843,EVODEX.1-P5844,EVODEX.1-P5854,EVODEX.1-P5859",8383628580341621676686358097955597477020425755970378074161246712633083651298
EVODEX.1-C928,([H]-[#7:1].[#6:10]-[#8:12])>>[#7:1]-[#6:10].[H]-[#8:12],"EVODEX.1-P5847,EVODEX.1-P5852,EVODEX.1-P5857,EVODEX.1-P5858",102388171366374454537719017936568947838164312213738814319531327107891961804531
EVODEX.1-C929,[#8:6]=[#6:7]>>[H]-[#8]-[#6](=[#8])-[#6@](-[H])(-[#7](-[H])-[H])-[#6@@:7]-[#8:6]-[H],"EVODEX.1-P6292,EVODEX.1-P6295,EVODEX.1-P6303,EVODEX.1-P6305",24110427687729541234437792577980598905206389113779130155139646741907287338159
EVODEX.1-C930,([H]-[#6:13].[#6:16]-[#8:17])>>([#6:13].[#6:16]).[H]-[#8:17],"EVODEX.1-P6487,EVODEX.1-P6491,EVODEX.1-P6494,EVODEX.1-P6495",108903609395325673921603112438904195220909374467960008171109865473159599302495
EVODEX.1-C931,([H]-[#8]-[#15](=[#8])(-[#8]-[H])-[#8]-[#15](=[#8])(-[#8]-[H])-[#8]-[#6:16].[#6:13]-[H])>>([#6:13].[#6:16]),"EVODEX.1-P6488,EVODEX.1-P6492,EVODEX.1-P6493,EVODEX.1-P6496",94787225334574057274366133099492961476182633643567480131763646675493558345878
EVODEX.1-C932,[#16:48]-[#6:49].[#15:81]-[#8:83].[H]-[#8:91]>>[#6:49]-[#8:83].[H]-[#16:48].[#15:81]-[#8:91],"EVODEX.1-P6725,EVODEX.1-P6742,EVODEX.1-P6759,EVODEX.1-P6876",70565774705862216066307242323799007347917982351187467711356554582498819894323
EVODEX.1-C933,[#6:27]-[#8:29].[H]-[#7:36].[H]-[#8]-[#6@@]1(-[H])-[#6@@](-[H])(-[#8]-[H])-[#6@](-[H])(-[#7]2:[#6](-[H]):[#7]:[#6]3:[#6](-[#7](-[H])-[H]):[#7]:[#6](-[H]):[#7]:[#6]:2:3)-[#8]-[#6@]-1(-[H])-[#6](-[H])(-[H])-[#8]-[#15](=[#8])(-[#8]-[H])-[#8]-[#15](=[#8])(-[#8]-[H])-[#8]-[#15:69]>>[#6:27]-[#7:36].[#8:29]-[#15:69],"EVODEX.1-P6898,EVODEX.1-P6960,EVODEX.1-P7006,EVODEX.1-P7019",95896324602045498650497511826390545797258851065681863213641786666656860718327
EVODEX.1-C934,[H]-[#7:40].[#6:30]-[#8:32]>>[#6:30]-[#7:40].[H]-[#8]-[#15](=[#8])(-[#8]-[H])-[#8:32],"EVODEX.1-P6899,EVODEX.1-P6961,EVODEX.1-P7007,EVODEX.1-P7023",18726361000840336283045461369731503717649201908599004260275886933924929065095
EVODEX.1-C935,[H]-[#7:1].[#6:40]-[#8:41]>>[H]-[#8]-[#6@@]1(-[H])-[#6@@](-[H])(-[#8]-[H])-[#6@](-[H])(-[#7]2:[#6](-[H]):[#7]:[#6]3:[#6](-[#7](-[H])-[H]):[#7]:[#6](-[H]):[#7]:[#6]:2:3)-[#8]-[#6@]-1(-[H])-[#6](-[H])(-[H])-[#8]-[#15](=[#8])(-[#8]-[H])-[#8:41].[#7:1]-[#6:40],"EVODEX.1-P6901,EVODEX.1-P6921,EVODEX.1-P6940,EVODEX.1-P6968",25535691878092088348176123842334525153207221880997834498461390321416698208151
EVODEX.1-C936,[H]-[#7:6].([#15:35]-[#8:38].[#6@:43]-[#6@:45])>>[H]-[#7](-[H])-[#6](-[H])(-[H])-[#6](-[H])(-[H])-[#6](=[#8])-[#7:6].([H]-[#8]-[#15:35].[#6@@:45]-[#6@@:43]).[H]-[#8:38],"EVODEX.1-P6923,EVODEX.1-P6953,EVODEX.1-P7197,EVODEX.1-P7241",94780815549811034206697500034168269940141228932148958452446392518185072769240
EVODEX.1-C937,([#15:66]-[#8:69].[#6@:74]-[#6@:76]).([#6:27]-[#8:29].[#6@@:24])>>([H]-[#8]-[#6](=[#8])-[#6](-[H])(-[H])-[#6](-[H])(-[H])-[#6@@](-[H])(-[#6](=[#8])-[#8]-[H])-[#7](-[H])-[#6:27].[#6@:24]).([#8:29]-[#15:66].[#6@@:76]-[#6@@:74]).[H]-[#8:69],"EVODEX.1-P6981,EVODEX.1-P6985,EVODEX.1-P6987,EVODEX.1-P7036",95939714354973708615176087631798108805520869980834613947519337164775766963709
EVODEX.1-C938,[#6:42]-[#7:44].[#15:70]-[#8:72].[H]-[#8:80]>>[#6:42]-[#8:72].[H]-[#7:44].[#15:70]-[#8:80],"EVODEX.1-P6982,EVODEX.1-P7008,EVODEX.1-P7030,EVODEX.1-P7501",41595370433817473762365295627005944328511796396591948447022176741027791787074
EVODEX.1-C939,([#6:28]-[#8:30].[#6@@:25])>>([H]-[#8]-[#6](=[#8])-[#6](-[H])(-[H])-[#6](-[H])(-[H])-[#6@@](-[H])(-[#6](=[#8])-[#8]-[H])-[#7](-[H])-[#6:28].[#6@:25]).[H]-[#8]-[#6@@]1(-[H])-[#6@@](-[H])(-[#8]-[H])-[#6@](-[H])(-[#7]2:[#6](-[H]):[#7]:[#6]3:[#6](-[#7](-[H])-[H]):[#7]:[#6](-[H]):[#7]:[#6]:2:3)-[#8]-[#6@]-1(-[H])-[#6](-[H])(-[H])-[#8]-[#15](=[#8])(-[#8]-[H])-[#8]-[#15](=[#8])(-[#8]-[H])-[#8:30],"EVODEX.1-P6988,EVODEX.1-P7010,EVODEX.1-P7015,EVODEX.1-P7034",12125778953425893873524466143307786973244737960579010750870213687748148149071
EVODEX.1-C940,([H]-[#8]-[#6](=[#8])-[#6](-[H])(-[H])-[#6](-[H])(-[H])-[#6@](-[H])(-[#6](=[#8])-[#8]-[H])-[#7](-[H])-[#6:47].[#6@:38]).[#15:78]-[#8:80].[H]-[#8:88]>>([#6:47]-[#8:80].[#6@@:38]).[#15:78]-[#8:88],"EVODEX.1-P6997,EVODEX.1-P7011,EVODEX.1-P7031,EVODEX.1-P7540",115371127553741877967893723178156841355413017653281801634608559566544991185496
EVODEX.1-C941,[#6:16]-[#8:18]>>[H]-[#8]-[#6](=[#8])-[#6@@](-[H])(-[#7](-[H])-[#6:16])-[#6](-[H])(-[H])-[#16]-[H].[H]-[#8]-[#6@@]1(-[H])-[#6@@](-[H])(-[#8]-[H])-[#6@](-[H])(-[#7]2:[#6](-[H]):[#7]:[#6]3:[#6](-[#7](-[H])-[H]):[#7]:[#6](-[H]):[#7]:[#6]:2:3)-[#8]-[#6@]-1(-[H])-[#6](-[H])(-[H])-[#8]-[#15](=[#8])(-[#8]-[H])-[#8]-[#15](=[#8])(-[#8]-[H])-[#8:18],"EVODEX.1-P7043,EVODEX.1-P7078,EVODEX.1-P7375,EVODEX.1-P7424",95132419780263260457804295139565616804192639991413343858618531908174441406622
EVODEX.1-C942,([#15:40]-[#8:43].[#6@:48]-[#6@:50]).[#6:18]-[#8:20]>>[H]-[#8]-[#6](=[#8])-[#6@@](-[H])(-[#7](-[H])-[#6:18])-[#6](-[H])(-[H])-[#8]-[H].([#8:20]-[#15:40].[#6@@:50]-[#6@@:48]).[H]-[#8:43],"EVODEX.1-P7145,EVODEX.1-P7387,EVODEX.1-P7396,EVODEX.1-P7407",89968877290774049030214036615607377090015287340964459277627066770075415166432
EVODEX.1-C943,([#15:39]-[#8:42].[#6@:47]-[#6@:49]).[#6:17]-[#8:19]>>[H]-[#8]-[#6](=[#8])-[#6@@](-[H])(-[#7](-[H])-[#6:17])-[#6](-[H])(-[H])-[H].([#8:19]-[#15:39].[#6@@:49]-[#6@@:47]).[H]-[#8:42],"EVODEX.1-P7160,EVODEX.1-P7372,EVODEX.1-P7404,EVODEX.1-P7430",108660244028036250829903623311399632331483999917972310780188708531738206953343
EVODEX.1-C944,[H]-[#7:50].([#15:73]-[#8:76].[#6@:81]-[#6@:83])>>[H]-[#8]-[#6](-[H])(-[H])-[#6@@]1(-[H])-[#8]-[#6@](-[H])(-[#8]-[#15](=[#8])(-[#8]-[H])-[#8]-[#15](=[#8])(-[#8]-[H])-[#8]-[#6](-[H])(-[H])-[#6@@]2(-[H])-[#8]-[#6@@](-[H])(-[#7]3:[#6](-[H]):[#6](-[H]):[#6](=[#8]):[#7](-[H]):[#6]:3=[#8])-[#6@](-[H])(-[#8]-[H])-[#6@]-2(-[H])-[#8]-[H])-[#6@](-[H])(-[#7](-[H])-[#6](=[#8])-[#6](-[H])(-[H])-[H])-[#6@@](-[H])(-[#8]-[#6@@](-[H])(-[#6](=[#8])-[#7:50])-[#6](-[H])(-[H])-[H])-[#6@]-1(-[H])-[#8]-[H].([H]-[#8]-[#15:73].[#6@@:83]-[#6@@:81]).[H]-[#8:76],"EVODEX.1-P7169,EVODEX.1-P7174,EVODEX.1-P7514,EVODEX.1-P7517",113654536167412566519827626365302523799289996275447059261567682897957481691867
EVODEX.1-C945,[H]-[#7:50].[H]-[#8]-[#15](=[#8])(-[#8]-[H])-[#8]>>[H]-[#8]-[#6](-[H])(-[H])-[#6@@]1(-[H])-[#8]-[#6@](-[H])(-[#8]-[#15](=[#8])(-[#8]-[H])-[#8]-[#15](=[#8])(-[#8]-[H])-[#8]-[#6](-[H])(-[H])-[#6@@]2(-[H])-[#8]-[#6@@](-[H])(-[#7]3:[#6](-[H]):[#6](-[H]):[#6](=[#8]):[#7](-[H]):[#6]:3=[#8])-[#6@](-[H])(-[#8]-[H])-[#6@]-2(-[H])-[#8]-[H])-[#6@](-[H])(-[#7](-[H])-[#6](=[#8])-[#6](-[H])(-[H])-[H])-[#6@@](-[H])(-[#8]-[#6@@](-[H])(-[#6](=[#8])-[#7:50])-[#6](-[H])(-[H])-[H])-[#6@]-1(-[H])-[#8]-[H].[H]-[#8],"EVODEX.1-P7170,EVODEX.1-P7175,EVODEX.1-P7176,EVODEX.1-P7518",95528050975893410105799327842898125665022155152753912688319303244953449907227
EVODEX.1-C946,[#6:17]-[#8:19]>>[H]-[#8]-[#6](=[#8])-[#6@@](-[H])(-[#7](-[H])-[#6:17])-[#6](-[H])(-[#6](-[H])(-[H])-[H])-[#6](-[H])(-[H])-[H].[H]-[#8]-[#6@@]1(-[H])-[#6@@](-[H])(-[#8]-[H])-[#6@](-[H])(-[#7]2:[#6](-[H]):[#7]:[#6]3:[#6](-[#7](-[H])-[H]):[#7]:[#6](-[H]):[#7]:[#6]:2:3)-[#8]-[#6@]-1(-[H])-[#6](-[H])(-[H])-[#8]-[#15](=[#8])(-[#8]-[H])-[#8]-[#15](=[#8])(-[#8]-[H])-[#8:19],"EVODEX.1-P7182,EVODEX.1-P7185,EVODEX.1-P7366,EVODEX.1-P7455",50144324904831560633661068636613684536190713316582968871995779705178245607920
EVODEX.1-C947,([#15:35]-[#8:38].[#6@:43]-[#6@:45]).[#6:13]-[#8:15]>>[H]-[#8]-[#6](=[#8])-[#6@@](-[H])(-[#7](-[H])-[#6:13])-[#6@](-[H])(-[#8]-[H])-[#6](-[H])(-[H])-[H].([#8:15]-[#15:35].[#6@@:45]-[#6@@:43]).[H]-[#8:38],"EVODEX.1-P7206,EVODEX.1-P7234,EVODEX.1-P7276,EVODEX.1-P7390",95454224216587173866576514266172466162126777758376500257440181063636745541322
EVODEX.1-C948,[#6:7]-[#8:9].[H]-[#8]-[#15](=[#8])(-[#8]-[H])-[#8]-[#15:37]>>[H]-[#8]-[#6](=[#8])-[#6@@](-[H])(-[#7](-[H])-[#6:7])-[#6@](-[H])(-[#8]-[H])-[#6](-[H])(-[H])-[H].[#8:9]-[#15:37],"EVODEX.1-P7207,EVODEX.1-P7236,EVODEX.1-P7333,EVODEX.1-P7403",72326889784201320680032252929567432895442327955524413142570652381024313962686
EVODEX.1-C949,[#6:7]-[#8:9]>>[H]-[#8]-[#6](=[#8])-[#6@@](-[H])(-[#7](-[H])-[#6:7])-[#6@](-[H])(-[#8]-[H])-[#6](-[H])(-[H])-[H].[H]-[#8]-[#6@@]1(-[H])-[#6@@](-[H])(-[#8]-[H])-[#6@](-[H])(-[#7]2:[#6](-[H]):[#7]:[#6]3:[#6](-[#7](-[H])-[H]):[#7]:[#6](-[H]):[#7]:[#6]:2:3)-[#8]-[#6@]-1(-[H])-[#6](-[H])(-[H])-[#8]-[#15](=[#8])(-[#8]-[H])-[#8]-[#15](=[#8])(-[#8]-[H])-[#8:9],"EVODEX.1-P7208,EVODEX.1-P7308,EVODEX.1-P7392,EVODEX.1-P7399",82180601469267042498311512539481397077064332947088101391497465836375351631448
EVODEX.1-C950,[H]-[#8]-[#15](=[#8])(-[#8]-[H])-[#8]-[#15:39].[#6:17]-[#8:19]>>[H]-[#8]-[#6](=[#8])-[#6@@](-[H])(-[#7](-[H])-[#6:17])-[#6](-[H])(-[#6](-[H])(-[H])-[H])-[#6](-[H])(-[H])-[H].[#8:19]-[#15:39],"EVODEX.1-P7209,EVODEX.1-P7339,EVODEX.1-P7367,EVODEX.1-P7453",105214868418062638244074947728378955045760529128030571541319686142677270578990
EVODEX.1-C951,[H]-[#8]-[#15](=[#8])(-[#8]-[H])-[#8]-[#15:36].[#6:14]-[#8:16]>>[H]-[#8]-[#6](=[#8])-[#6@@](-[H])(-[#7](-[H])-[#6:14])-[#6](-[H])(-[H])-[H].[#8:16]-[#15:36],"EVODEX.1-P7254,EVODEX.1-P7393,EVODEX.1-P7405,EVODEX.1-P7415",34262037399517329714449924929492351793637148128458805422157763082229813837526
EVODEX.1-C952,[H]-[#7:5].([#15:28]-[#8:31].[#6@:36]-[#6@:38])>>[H]-[#7]1-[#6](-[H])(-[H])-[#6](-[H])(-[H])-[#6](-[H])(-[H])-[#6@@]-1(-[H])-[#6](=[#8])-[#7:5].([H]-[#8]-[#15:28].[#6@@:38]-[#6@@:36]).[H]-[#8:31],"EVODEX.1-P7286,EVODEX.1-P7287,EVODEX.1-P7293,EVODEX.1-P7306",73378322882324196709907994198925769350909382216569363825663268354440340104444
EVODEX.1-C953,[H]-[#8]-[#15](=[#8])(-[#8]-[H])-[#8]-[#15:39].[#6:17]-[#8:19]>>[H]-[#8]-[#6](=[#8])-[#6@@](-[H])(-[#7](-[H])-[#6:17])-[#6](-[H])(-[H])-[#16]-[H].[#8:19]-[#15:39],"EVODEX.1-P7374,EVODEX.1-P7395,EVODEX.1-P7421,EVODEX.1-P7434",19412657318218410058493748501956072583405630505230380692853142754120935846314
EVODEX.1-C954,[H]-[#6:3].[#15:74]-[#8:77].[#6:87]-[#8:89]>>[#6:3]-[#6:87].[#15:74]-[#8:89].[H]-[#8:77],"EVODEX.1-P7546,EVODEX.1-P7548,EVODEX.1-P7550,EVODEX.1-P7551",95892708767984832337472696585181020887315320482394923410786721208109801069062
EVODEX.1-C955,([H]-[#6:11]-[#8:12]-[H].[#6@@:8])>>([#6:11]=[#8:12].[#6@:8]),"EVODEX.1-P26,EVODEX.1-P84,EVODEX.1-P93",51970551660282408307493506627209226625840491294691763523394992657661800615347
EVODEX.1-C956,[H]-[#8:89]-[H].[H]-[#6:91]-[H]>>[#8:89]=[#6:91],"EVODEX.1-P53,EVODEX.1-P56,EVODEX.1-P693",94802989391789625183690491580152521879629174190697898291947134597206765936667
EVODEX.1-C957,[H]-[#6:1]-[#6:2](-[#16:4])-[#6@@:20]-[H].[H]-[#8:32]-[#6:30]-[#6:28]>>[#6:30]=[#8:32].[#6:1](-[#6:2]=[#6:20])-[#16:4].[H]-[#8]-[#6:28],"EVODEX.1-P607,EVODEX.1-P610,EVODEX.1-P632",17682687776561249351759609997743998173183598225843882083768086881016169331514
EVODEX.1-C958,[H]-[#6:1]-[#6:2](-[#16:4])-[#6@@:20]-[H].[H]-[#8]-[#6](=[#8])-[#6:28].[#8:33]=[#8:34]>>[#6:1](-[#6:2]=[#6:20])-[#16:4].[H]-[#8:33]-[#6:28].[H]-[#8:34]-[H],"EVODEX.1-P608,EVODEX.1-P630,EVODEX.1-P633",54334109315896572955052641888991567355768188491235530739715393750982714833456
EVODEX.1-C959,[H]-[#6:12]-[#6:11](-[#16:13])-[#6@@:29]-[H].[H]-[#8]-[#6](=[#8])-[#6:5]>>[#6:11](=[#6:29])-[#6:12]-[#16:13].[H]-[#8]-[#6:5],"EVODEX.1-P618,EVODEX.1-P625,EVODEX.1-P629",71520361360995187318657218646875111177531975359541495378206327280156428948849
EVODEX.1-C960,[H]-[#6:1]-[#6:2](-[#16:4])-[#6:19]-[H].[H]-[#8:32]-[#6:30]-[#6:28].[#8]=[#8:33]>>[#6:30]=[#8:32].[#6:1](-[#6:2]=[#6:19])-[#16:4].[H]-[#8:33]-[#6:28],"EVODEX.1-P619,EVODEX.1-P627,EVODEX.1-P634",72253124418579769648522406341895300281937114680671509882534422442840428279123
EVODEX.1-C961,([H]-[#7:11].[#6@:5]).[#6:18]-[#8:20]>>([#7:11]-[#6:18].[#6@@:5]).[H]-[#8:20],"EVODEX.1-P1343,EVODEX.1-P1348,EVODEX.1-P4727",12776295792148472538367554461959027946765723762070622395584561381328248991108
EVODEX.1-C962,[#6:39]-[#8:41]>>[H]-[#6](=[#6](-[H])-[#6](=[#6](-[H])-[#6](-[H])(-[H])-[#8]-[#6:39])-[#6](-[H])(-[H])-[H])-[#6](-[H])=[#6](-[#6](-[H])=[#6](-[H])-[#6]1=[#6](-[#6](-[H])(-[H])-[H])-[#6](-[H])(-[H])-[#6](-[H])(-[H])-[#6](-[H])(-[H])-[#6]-1(-[#6](-[H])(-[H])-[H])-[#6](-[H])(-[H])-[H])-[#6](-[H])(-[H])-[H].[H]-[#8:41],"EVODEX.1-P1489,EVODEX.1-P1492,EVODEX.1-P1495",16711289757558791878828507036978521405755916511241988500342031858229390914662
EVODEX.1-C963,[H]-[#8:23]-[#6@:22].[H]-[#8]-[#6@]1(-[H])-[#6@](-[H])(-[#8]-[#15](=[#8])(-[#8]-[H])-[#8]-[H])-[#6@@](-[H])(-[#6](-[H])(-[H])-[#8]-[#15](=[#8])(-[#8]-[H])-[#8]-[#15](=[#8])(-[#8]-[H])-[#8]-[#6](-[H])(-[H])-[#6](-[#6](-[H])(-[H])-[H])(-[#6](-[H])(-[H])-[H])-[#6@@](-[H])(-[#8]-[H])-[#6](=[#8])-[#7](-[H])-[#6](-[H])(-[H])-[#6](-[H])(-[H])-[#6](=[#8])-[#7](-[H])-[#6](-[H])(-[H])-[#6](-[H])(-[H])-[#16]-[#6:41])-[#8]-[#6@@]-1(-[H])-[#7]1:[#6](-[H]):[#7]:[#6]2:[#6](-[#7](-[H])-[H]):[#7]:[#6](-[H]):[#7]:[#6]:1:2>>[#8:23](-[#6@@:22])-[#6:41],"EVODEX.1-P1523,EVODEX.1-P1699,EVODEX.1-P1818",3024158396473790668301132951034398456503407324485430460752328264067642576930
EVODEX.1-C964,([H]-[#7](-[H])-[#6@@:6].[#7:1]-[H])>>[#7:1]-[#6@@:6],"EVODEX.1-P2147,EVODEX.1-P2150,EVODEX.1-P2151",98150444696255628908087214437183350488554354905058466841212980672651236246114
EVODEX.1-C965,[#8:11](-[#6@:10]-[#6@:2])-[#6@:12].[H]-[#8:25]>>[#8:25]-[#6@@:12].[H]-[#8:11]-[#6@@:10]-[#6@@:2],"EVODEX.1-P2229,EVODEX.1-P2350,EVODEX.1-P2366",10418584620863360672938899287298944322278321361671099657765362851620578198242
EVODEX.1-C966,[H]-[#8:10]-[#6:9]>>[H]-[#8]-[#6](-[H])(-[H])-[#6@@]1(-[H])-[#8]-[#6@](-[H])(-[#8:10]-[#6@@:9])-[#6@](-[H])(-[#8]-[H])-[#6@@](-[H])(-[#8]-[H])-[#6@@]-1(-[H])-[#8]-[H],"EVODEX.1-P2252,EVODEX.1-P2316,EVODEX.1-P2432",59221864672677539203092487625271613547204222683913438658179259650255870946077
EVODEX.1-C967,([H]-[#8:19].[#6@:20]).[#8:28]-[#6@@:27]-[#6@@:53]-[#6@:55]-[#6@@:57]>>([#8:19]-[#6@:27]-[#6@:53]-[#6@@:55]-[#6@:57].[#6@@:20]).[H]-[#8:28],"EVODEX.1-P2301,EVODEX.1-P2308,EVODEX.1-P2313",83419444952653223959500323479858393941089024824506303936274395907794654140268
EVODEX.1-C968,([H]-[#8:23].[#6@:8]-[#6@@:6].[#6@@:25]).[H]-[#8]-[#6@@]1(-[H])-[#6@@](-[H])(-[#8]-[H])-[#6@](-[H])(-[#7]2:[#6](-[H]):[#6](-[H]):[#6](-[#7](-[H])-[H]):[#7]:[#6]:2=[#8])-[#8]-[#6@]-1(-[H])-[#6](-[H])(-[H])-[#8]-[#15](=[#8])(-[#8]-[H])-[#8]-[#6@:40]>>([#8:23]-[#6@@:40].[#6@:6]-[#6@@:8].[#6@:25]),"EVODEX.1-P2517,EVODEX.1-P2519,EVODEX.1-P2524",5027978945919078279041109511930030698840924594656294046855051668180862880118
EVODEX.1-C969,([#8:18]-[#15:19].[#6@:23]-[#6@:25])>>([H]-[#8:18].[#6@@:25]-[#6@@:23]).[H]-[#8]-[#6]1(-[H])-[#8]-[#6@](-[H])(-[#6](-[H])(-[H])-[#8]-[#15:19])-[#6@@](-[H])(-[#8]-[H])-[#6@](-[H])(-[#8]-[H])-[#6@@]-1(-[H])-[#8]-[H],"EVODEX.1-P3228,EVODEX.1-P3231,EVODEX.1-P3292",3617799138563331535504616030108741156165929301657275911787252352991150927182
EVODEX.1-C970,([#8:28]-[#15:29].[#6@:33]-[#6@:35])>>([H]-[#8:28].[#6@@:35]-[#6@@:33]).[H]-[#8]-[#6@@](-[H])(-[#6@](-[H])(-[#8]-[H])-[#6@](-[H])(-[#8]-[H])-[#6](-[H])(-[H])-[#8]-[#15:29])-[#6@@](-[H])(-[#8]-[H])-[#6](-[H])=[#8],"EVODEX.1-P3229,EVODEX.1-P3245,EVODEX.1-P3323",93901871678397805384356348638346303980729616747564382756432602221407642008270
EVODEX.1-C971,[H]-[#8]-[#6@@]1(-[H])-[#6@@](-[H])(-[#8]-[H])-[#6@](-[H])(-[#7]2:[#6](-[H]):[#7]:[#6]3:[#6](-[#7](-[H])-[H]):[#7]:[#6](-[H]):[#7]:[#6]:2:3)-[#8]-[#6@]-1(-[H])-[#6](-[H])(-[H])-[#8]-[#15](=[#8])(-[#8]-[H])-[#8]-[#15](=[#8])(-[#8]-[H])-[#8]-[#15:77].([H]-[#8:32].[#6@:30])>>([#8:32]-[#15:77].[#6@@:30]),"EVODEX.1-P3238,EVODEX.1-P3260,EVODEX.1-P3476",22534961018145944168333554455705751793032626825215009203762734327811291076158
EVODEX.1-C972,([#8:35]-[#15:36].[#6@:40]-[#6@:42])>>([H]-[#8:35].[#6@@:42]-[#6@@:40]).[H]-[#8]-[#6]1(-[#6](-[H])(-[H])-[#8]-[#15:36])-[#8]-[#6@](-[H])(-[#6](-[H])(-[H])-[#8]-[#15](=[#8])(-[#8]-[H])-[#8]-[H])-[#6@@](-[H])(-[#8]-[H])-[#6@]-1(-[H])-[#8]-[H],"EVODEX.1-P3242,EVODEX.1-P3283,EVODEX.1-P3291",39477654832507367978967303886427372220603736322498684651180311029083110110817
EVODEX.1-C973,([#8:14]-[#15:15].[#6@:19]-[#6@:21])>>([H]-[#8:14].[#6@@:21]-[#6@@:19]).[H]-[#8]-[#6@@](-[H])(-[#6@](-[H])(-[#8]-[H])-[#6](=[#8])-[#6](-[H])(-[H])-[#8]-[#15:15])-[#6@](-[H])(-[#8]-[H])-[#6](-[H])(-[H])-[#8]-[#15](=[#8])(-[#8]-[H])-[#8]-[H],"EVODEX.1-P3248,EVODEX.1-P3249,EVODEX.1-P3290",34390009573500244770914476747942697667225876535201503269496530088318869603307
EVODEX.1-C974,([#8:23]-[#15:24].[#6@@:13]-[#6@:28])>>([H]-[#8:23].[#6@:13]-[#6@@:28]).[H]-[#8]-[#6@@]1(-[H])-[#6](-[H])(-[H])-[#6@](-[H])(-[#7]2:[#6](-[H]):[#7]:[#6]3:[#6](-[#7](-[H])-[H]):[#7]:[#6](-[H]):[#7]:[#6]:2:3)-[#8]-[#6@]-1(-[H])-[#6](-[H])(-[H])-[#8]-[#15:24],"EVODEX.1-P3255,EVODEX.1-P3256,EVODEX.1-P3440",79253336557106885518004413421659853718651807873157024981838398943285695223123
EVODEX.1-C975,([#8:45]-[#15:46].[#6@:30]-[#6@:36])>>[H]-[#8]-[#6@@]1(-[H])-[#6](-[H])(-[H])-[#6@](-[H])(-[#7]2:[#6](-[H]):[#7]:[#6]3:[#6](=[#8]):[#7](-[H]):[#6](-[#7](-[H])-[H]):[#7]:[#6]:2:3)-[#8]-[#6@]-1(-[H])-[#6](-[H])(-[H])-[#8]-[#15:46].([H]-[#8:45].[#6@@:36]-[#6@@:30]),"EVODEX.1-P3257,EVODEX.1-P3258,EVODEX.1-P3263",48898329332667443716892220603670252240841085088335186517597520595619184092059
EVODEX.1-C976,([H]-[#8:19].[#6@:8]).[H]-[#8]-[#6@@]1(-[H])-[#6@@](-[H])(-[#8]-[H])-[#6@](-[H])(-[#7]2:[#6](-[H]):[#7]:[#6]3:[#6](-[#7](-[H])-[H]):[#7]:[#6](-[H]):[#7]:[#6]:2:3)-[#8]-[#6@]-1(-[H])-[#6](-[H])(-[H])-[#8]-[#15](=[#8])(-[#8]-[H])-[#8]-[#15:44]>>([#8:19]-[#15:44].[#6@@:8]),"EVODEX.1-P3266,EVODEX.1-P3554,EVODEX.1-P3567",53153111820645706001794573199605629695604905761922233598280390917416726578484
EVODEX.1-C977,([#8:14]-[#15:15].[#6@:4].[#6@@:37]).[H]-[#8:39]>>([H]-[#8:14].[#6@@:4].[#6@:37]).[#15:15]-[#8:39],"EVODEX.1-P3275,EVODEX.1-P3610,EVODEX.1-P6030",111739851246672213810639317529000365477826015013806164691296568458341304614845
EVODEX.1-C978,([#8:14]-[#15:15].[#6@:23]-[#6@:25])>>([H]-[#8:14].[#6@@:25]-[#6@@:23]).[H]-[#8]-[#6@@]1(-[H])-[#6@@](-[H])(-[#8]-[#15:15])-[#8]-[#6@](-[H])(-[#6](-[H])(-[H])-[#8]-[#15](=[#8])(-[#8]-[H])-[#8]-[H])-[#6@@]-1(-[H])-[#8]-[H],"EVODEX.1-P3288,EVODEX.1-P3577,EVODEX.1-P3578",74962060302880118617524411630638908926180632289197006711390886107671126809868
EVODEX.1-C979,([#8:48]-[#15:49].[#6@@:36])>>[H]-[#8]-[#6@@]1(-[H])-[#6@@](-[H])(-[#8]-[H])-[#6@](-[H])(-[#7]2:[#6](-[H]):[#7]:[#6]3:[#6](-[#7](-[H])-[H]):[#7]:[#6](-[H]):[#7]:[#6]:2:3)-[#8]-[#6@]-1(-[H])-[#6](-[H])(-[H])-[#8]-[#15](=[#8])(-[#8]-[H])-[#8]-[#15:49].([H]-[#8:48].[#6@:36]),"EVODEX.1-P3289,EVODEX.1-P3555,EVODEX.1-P3561",45417971480554447882022193308186432109410470597241158168939007920964430418058
EVODEX.1-C980,[H]-[#8]-[#6@@]1(-[H])-[#6](-[H])(-[H])-[#6@](-[H])(-[#7]2:[#6](-[H]):[#7]:[#6]3:[#6](=[#8]):[#7](-[H]):[#6](-[#7](-[H])-[H]):[#7]:[#6]:2:3)-[#8]-[#6@]-1(-[H])-[#6](-[H])(-[H])-[#8]-[#15](=[#8])(-[#8]-[H])-[#8]-[#15](=[#8])(-[#8]-[H])-[#8]-[#15:24].[H]-[#8:34]>>[#15:24]-[#8:34],"EVODEX.1-P3295,EVODEX.1-P3348,EVODEX.1-P3491",25607923518093914357536948951061770594215518578845751002726845220771053012136
EVODEX.1-C981,[H]-[#8:6].[H]-[#8]-[#6@@]1(-[H])-[#6@@](-[H])(-[#8]-[H])-[#6@](-[H])(-[#7]2:[#6](-[H]):[#7]:[#6]3:[#6](=[#8]):[#7](-[H]):[#6](-[H]):[#7]:[#6]:2:3)-[#8]-[#6@]-1(-[H])-[#6](-[H])(-[H])-[#8]-[#15](=[#8])(-[#8]-[H])-[#8]-[#15](=[#8])(-[#8]-[H])-[#8]-[#15:30]>>[#8:6]-[#15:30],"EVODEX.1-P3297,EVODEX.1-P3482,EVODEX.1-P3487",112944605772200408792414433797782496498948068288884831876846482049788935787200
EVODEX.1-C982,([#8:18]-[#15:19].[#6@:23]-[#6@:25]).[H]-[#8:30]-[#6@:31]1-[#6@@:32]-[#6@:34]-[#6@@:36]-[#6@:38]-[#6@:40]-1>>([H]-[#8:18].[#6@@:25]-[#6@@:23]).[#15:19]-[#8:30]-[#6@@:31]1-[#6@:32]-[#6@@:34]-[#6@:36]-[#6@@:38]-[#6@@:40]-1,"EVODEX.1-P3301,EVODEX.1-P3422,EVODEX.1-P3423",81311930315921856898008696051680807963461400548549848142673290260797588232734
EVODEX.1-C983,([H]-[#8:7]-[#6:6].[#6@:14]-[#6@@:12]-[#6@:9]).[H]-[#8]-[#6@@]1(-[H])-[#6@@](-[H])(-[#8]-[H])-[#6@](-[H])(-[#7]2:[#6](-[H]):[#7]:[#6]3:[#6](-[#7](-[H])-[H]):[#7]:[#6](-[H]):[#7]:[#6]:2:3)-[#8]-[#6@]-1(-[H])-[#6](-[H])(-[H])-[#8]-[#15](=[#8])(-[#8]-[H])-[#8]-[#15](=[#8])(-[#8]-[H])-[#8]-[#15:44]>>([#8:7](-[#6@:6])-[#15:44].[#6@@:9]-[#6@:12]-[#6@@:14]),"EVODEX.1-P3309,EVODEX.1-P3311,EVODEX.1-P3345",67577801443198725461702137476478111459030779799557496120494756440208207481701
EVODEX.1-C984,[H]-[#8]-[#6@@]1(-[H])-[#6@@](-[H])(-[#8]-[H])-[#6@](-[H])(-[#7]2:[#6](-[H]):[#7]:[#6]3:[#6](=[#8]):[#7](-[H]):[#6](-[#7](-[H])-[H]):[#7]:[#6]:2:3)-[#8]-[#6@]-1(-[H])-[#6](-[H])(-[H])-[#8]-[#15](=[#8])(-[#8]-[H])-[#8]-[#15](=[#8])(-[#8]-[H])-[#8]-[#15:22].[H]-[#8:38]>>[#15:22]-[#8:38],"EVODEX.1-P3320,EVODEX.1-P3355,EVODEX.1-P3357",112110779939533098441883269776381065650445088220455901258152038980317105071662
EVODEX.1-C985,([H]-[#8:20].[#6@@:24]-[#6@@:22]).[H]-[#8]-[#6@@]1(-[H])-[#6@@](-[H])(-[#8]-[H])-[#6@](-[H])(-[#7]2:[#6](-[H]):[#6](-[H]):[#6](=[#8]):[#7](-[H]):[#6]:2=[#8])-[#8]-[#6@]-1(-[H])-[#6](-[H])(-[H])-[#8]-[#15](=[#8])(-[#8]-[H])-[#8]-[#15:43]>>([#8:20]-[#15:43].[#6@:22]-[#6@:24]),"EVODEX.1-P3326,EVODEX.1-P3342,EVODEX.1-P3549",2111388184876518415900724312701705725973215163856787555459129341403420974519
EVODEX.1-C986,[H]-[#8]-[#6@@]1(-[H])-[#6](-[H])(-[H])-[#6@](-[H])(-[#7]2:[#6](-[H]):[#7]:[#6]3:[#6](-[#7](-[H])-[H]):[#7]:[#6](-[H]):[#7]:[#6]:2:3)-[#8]-[#6@]-1(-[H])-[#6](-[H])(-[H])-[#8]-[#15](=[#8])(-[#8]-[H])-[#8]-[#15](=[#8])(-[#8]-[H])-[#8]-[#15:26].[H]-[#8:33]>>[#15:26]-[#8:33],"EVODEX.1-P3347,EVODEX.1-P3371,EVODEX.1-P3524",79356587731238970281940004730723214546977892244505174719711375561784940353463
EVODEX.1-C987,([#8:30]-[#15:31].[#6@@:18])>>[H]-[#8]-[#6](=[#8])-[#6](-[H])(-[H])-[#6@@](-[#8]-[H])(-[#6](-[H])(-[H])-[H])-[#6](-[H])(-[H])-[#6](-[H])(-[H])-[#8]-[#15:31].([H]-[#8:30].[#6@:18]),"EVODEX.1-P3364,EVODEX.1-P3365,EVODEX.1-P3367",94571132048336451985246599758358484324934084709710069183239383790798232182622
EVODEX.1-C988,([#8:28]-[#15:29].[#6@:33]-[#6@:35])>>[H]-[#8]-[#6](=[#8])-[#6](-[#8]-[#15:29])=[#6](-[H])-[H].([H]-[#8:28].[#6@@:35]-[#6@@:33]),"EVODEX.1-P3375,EVODEX.1-P3377,EVODEX.1-P3378",114724803733338289815762295676648347248752216029465344669506004792354373955855
EVODEX.1-C989,[H]-[#8:5].[H]-[#8]-[#6@@]1(-[H])-[#6@@](-[H])(-[#8]-[H])-[#6@](-[H])(-[#7]2:[#6](-[H]):[#6](-[H]):[#6](=[#8]):[#7](-[H]):[#6]:2=[#8])-[#8]-[#6@]-1(-[H])-[#6](-[H])(-[H])-[#8]-[#15](=[#8])(-[#8]-[H])-[#8]-[#15](=[#8])(-[#8]-[H])-[#8]-[#15:24]>>[#8:5]-[#15:24],"EVODEX.1-P3383,EVODEX.1-P3467,EVODEX.1-P3489",15500935916933853588629932644305760227446560146505002770211065172589678607985
EVODEX.1-C990,([#8:43]-[#15:44].[#6@:48]-[#6@:50])>>[H]-[#8]-[#6@@]1(-[H])-[#6@@](-[H])(-[#8]-[H])-[#6@](-[H])(-[#7]2:[#6](-[H]):[#6](-[H]):[#6](-[#7](-[H])-[H]):[#7]:[#6]:2=[#8])-[#8]-[#6@]-1(-[H])-[#6](-[H])(-[H])-[#8]-[#15](=[#8])(-[#8]-[H])-[#8]-[#15:44].([H]-[#8:43].[#6@@:50]-[#6@@:48]),"EVODEX.1-P3385,EVODEX.1-P3541,EVODEX.1-P3542",7825781582593489477019288001031740851647648058779212505131274997755838642619
EVODEX.1-C991,([#8:27]-[#15:28].[#6@:32]-[#6@:34])>>[H]-[#6]1:[#7]:[#6](-[#6](-[H])(-[H])-[H]):[#6](-[#6](-[H])(-[H])-[#6](-[H])(-[H])-[#8]-[#15:28]):[#16]:1.([H]-[#8:27].[#6@@:34]-[#6@@:32]),"EVODEX.1-P3396,EVODEX.1-P3397,EVODEX.1-P3398",73228190097068719158592994052772817083766203454624322892161924185072796826078
EVODEX.1-C992,([#8:20]-[#15:21].[#6@@:8])>>([H]-[#8:20].[#6@:8]).[H]-[#8]-[#6](-[H])(-[H])-[#6@@]1(-[H])-[#8]-[#6@](-[H])(-[#8]-[#15:21])-[#6@](-[H])(-[#8]-[H])-[#6@@](-[H])(-[#8]-[H])-[#6@@]-1(-[H])-[#8]-[H],"EVODEX.1-P3408,EVODEX.1-P3409,EVODEX.1-P3411",66306474919291246358845527189949119405966043930734159869431077586641343317740
EVODEX.1-C993,([#8:20]-[#15:21].[#6@@:8]).[H]-[#8:34]-[#6:33]>>([H]-[#8:20].[#6@:8]).[#15:21]-[#8:34]-[#6@@:33],"EVODEX.1-P3410,EVODEX.1-P3412,EVODEX.1-P3413",106663061978469369676149114619265833845138709080487562744849057952390856851062
EVODEX.1-C994,[#15:2]-[#8:5]>>[H]-[#8]-[#6@@]1(-[H])-[#6@@](-[H])(-[#8]-[H])-[#6@](-[H])(-[#7]2:[#6](-[H]):[#6](-[H]):[#6](=[#8]):[#7](-[H]):[#6]:2=[#8])-[#8]-[#6@]-1(-[H])-[#6](-[H])(-[H])-[#8]-[#15:2].[H]-[#8:5],"EVODEX.1-P3451,EVODEX.1-P3462,EVODEX.1-P3463",86711682333635206874086473094461495346472737607414180035040746569838675729348
EVODEX.1-C995,([#7:44]-[#15:45].[#6@:5].[#6@:37]).[H]-[#8:103]>>([H]-[#7:44].[#6@@:37].[#6@@:5]).[#15:45]-[#8:103],"EVODEX.1-P3514,EVODEX.1-P6136,EVODEX.1-P6138",45856541019257570943271779982266085531955594372403568691680402128098563494020
EVODEX.1-C996,[#8:19]-[#15:20].[H]-[#8:37]-[#6:36]>>[H]-[#8:19].[#15:20]-[#8:37]-[#6@@:36],"EVODEX.1-P3589,EVODEX.1-P3592,EVODEX.1-P3595",51165131933737721572284111997058365598793254874352002634442258419198358460350
EVODEX.1-C997,[H]-[#8:23].[H]-[#8]-[#6@@]1(-[H])-[#6@@](-[H])(-[#8]-[H])-[#6@](-[H])(-[#7]2:[#6](-[H]):[#6](-[H]):[#6](-[#7](-[H])-[H]):[#7]:[#6]:2=[#8])-[#8]-[#6@]-1(-[H])-[#6](-[H])(-[H])-[#8]-[#15](=[#8])(-[#8]-[H])-[#8]-[#15:50]>>[#8:23]-[#15:50],"EVODEX.1-P3597,EVODEX.1-P3696,EVODEX.1-P3708",35947714936529302947149834233716489927651295136975794551461527377402628999194
EVODEX.1-C998,([H]-[#8:8].[#6@:4].[#6@:12]).[H]-[#8]-[#6](-[H])(-[H])-[#6@@]1(-[H])-[#8]-[#6@](-[H])(-[#8]-[#15:15])-[#6@](-[H])(-[#8]-[H])-[#6@@](-[H])(-[#8]-[H])-[#6@]-1(-[H])-[#8]-[H]>>([#8:8]-[#15:15].[#6@@:4].[#6@@:12]),"EVODEX.1-P3619,EVODEX.1-P6597,EVODEX.1-P6602",74869052446818972903642697621189718398476019318818328920208041385087081796626
EVODEX.1-C999,([H]-[#8:21].[#6@@:25]-[#6@@:23]).([#15:45]-[#8:48].[#6@:57]-[#6@:59])>>([#8:21]-[#15:45].[#6@@:59]-[#6@@:57].[#6@:23]-[#6@:25]).[H]-[#8:48],"EVODEX.1-P3676,EVODEX.1-P3695,EVODEX.1-P7557",2592094839719944821474853424715757518967677212591964101631198729435411784587
EVODEX.1-C1000,([#15:8]-[#8:11].[#6@@:72]-[#6@:75]-[#6@@:77])>>([H]-[#8]-[#6@@]1(-[H])-[#6@@](-[H])(-[#8]-[H])-[#6@](-[H])(-[#7]2:[#6](-[H]):[#6](-[H]):[#6](=[#8]):[#7](-[H]):[#6]:2=[#8])-[#8]-[#6@]-1(-[H])-[#6](-[H])(-[H])-[#8]-[#15](=[#8])(-[#8]-[H])-[#8]-[#15:8].[#6@:77]-[#6@@:75]-[#6@:72]).[H]-[#8:11],"EVODEX.1-P3704,EVODEX.1-P3706,EVODEX.1-P3714",104862857347284892863109164179260603318377843725990016347943140715334072644369
EVODEX.1-C1001,([#8:19]-[#16:20].[#6@:24]-[#6@:30]).[H]-[#8:32]>>([H]-[#8:19].[#6@@:30]-[#6@@:24]).[#16:20]-[#8:32],"EVODEX.1-P3733,EVODEX.1-P3750,EVODEX.1-P3774",50664247581902263930172646933857632165689476782767515108328171854526585918538
EVODEX.1-C1002,[H]-[#6:5].[#8:61]-[#6@@:60]>>[#8:61]-[#6@:5].[H]-[#6:60],"EVODEX.1-P3789,EVODEX.1-P3820,EVODEX.1-P3824",72156988947723993503571348240673757745605148887065146797139380090619594381992
EVODEX.1-C1003,[H]-[#8]-[#15](=[#8])(-[#8]-[H])-[#8]-[#6:14]>>[H]-[#8]-[#6@@:14],"EVODEX.1-P4180,EVODEX.1-P4205,EVODEX.1-P4210",115438207863139086857051653475225934188567522815339684675802356220386820025157
EVODEX.1-C1004,([H]-[#8]-[#15](=[#8])(-[#8]-[H])-[#8]-[#15:19].[#6@@:29]-[#6@@:27]).[H]-[#8:33]>>([#15:19]-[#8:33].[#6@:27]-[#6@:29]),"EVODEX.1-P4194,EVODEX.1-P6031,EVODEX.1-P6032",27943296642448222479400166715153963727116800339081793141049010750172104647158
EVODEX.1-C1005,([#6:37]-[#8:38].[#6@:3].[#6@:43]-[#6@@:45])>>([H]-[#8]-[#6:37].[#6@@:3].[#6@:45]-[#6@@:43]).[H]-[#8:38],"EVODEX.1-P4258,EVODEX.1-P4265,EVODEX.1-P4267",86048072437691638441900516213883407989739373470396027070681476839192907086149
EVODEX.1-C1006,([#8:15]-[#6@:14].[#6@@:6].[#6@@:31])>>([H]-[#8]-[#6@:14].[#6@:6].[#6@:31]).[H]-[#8:15],"EVODEX.1-P4415,EVODEX.1-P4420,EVODEX.1-P4421",86029444781232483435312937457371485035006083291759612590791819464366651343436
EVODEX.1-C1007,[#8:8]1-[#6@@:7]-[#6@:9]-1.[H]-[#8:20]>>[H]-[#8:8]-[#6@:7]-[#6@:9]-[#8:20],"EVODEX.1-P4555,EVODEX.1-P4561,EVODEX.1-P4570",84613153499971880047802301055778961703050840981352668583460787716729473623365
EVODEX.1-C1008,[H]-[#6]1=[#6](-[#6](-[H])(-[H])-[H])-[#6]2:[#6](-[H]):[#6](-[H]):[#6](-[#7](-[H])-[#6:10]):[#6](-[H]):[#6]:2-[#8]-[#6]-1(-[H])-[H].[H]-[#8:45]>>[#6:10]-[#8:45],"EVODEX.1-P4599,EVODEX.1-P4600,EVODEX.1-P5240",5592072476353040307603323938651588338631362513038774575346365735887191788480
EVODEX.1-C1009,[H]-[#6](-[H])(-[H])-[#6](-[H])(-[H])-[#8]-[#6:4].[H]-[#7:23]>>[#6:4]-[#7:23],"EVODEX.1-P4713,EVODEX.1-P5280,EVODEX.1-P5283",96354233730171334752726758123105088353673620983916924954216773692374840082874
EVODEX.1-C1010,[#7:6](-[#6@@:5])-[#6:7]>>[H]-[#6]1:[#6](-[H]):[#6](-[H]):[#6](-[#6](-[H])(-[H])-[#8]-[#6:7]):[#6](-[H]):[#6]:1-[H].[H]-[#7:6]-[#6@:5],"EVODEX.1-P4717,EVODEX.1-P4726,EVODEX.1-P4728",6514311226121179006094194454816393013379366924481888442102563665366854889198
EVODEX.1-C1011,[H]-[#8]-[#6](=[#8])-[#6@@](-[H])(-[#7](-[H])-[#6](=[#8])-[#6@@](-[H])(-[#7](-[H])-[#6:17])-[#6](-[H])(-[H])-[#6]1:[#6](-[H]):[#7]:[#6](-[H]):[#7]:1-[H])-[#6](-[H])(-[H])-[#6](-[H])(-[#6](-[H])(-[H])-[H])-[#6](-[H])(-[H])-[H].[H]-[#8:43]>>[#6:17]-[#8:43],"EVODEX.1-P4858,EVODEX.1-P4871,EVODEX.1-P4872",56755624520793637378774605533629958797279236221375921209889964633216536828527
EVODEX.1-C1012,[H]-[#7]=[#6](-[#7](-[H])-[H])-[#7](-[H])-[#6](-[H])(-[H])-[#6](-[H])(-[H])-[#6](-[H])(-[H])-[#6@@](-[H])(-[#6](=[#8])-[#8]-[H])-[#7](-[H])-[#6:26].[H]-[#8:40]>>[#6:26]-[#8:40],"EVODEX.1-P4923,EVODEX.1-P4936,EVODEX.1-P5185",24860040067616850273098007107804742406357566272845148537527413617178026688416
EVODEX.1-C1013,[H]-[#8]-[#6](=[#8])-[#6](-[H])(-[#7](-[H])-[#6:2])-[#6](-[H])(-[H])-[#8]-[H].[H]-[#8:11]>>[#6:2]-[#8:11],"EVODEX.1-P4983,EVODEX.1-P5209,EVODEX.1-P5521",100946924419938582087123517779371350814694692985076559412251176862649329755980
EVODEX.1-C1014,[H]-[#8]-[#6](=[#8])-[#6@@](-[H])(-[#7](-[H])-[#6](=[#8])-[#6@@](-[H])(-[#7](-[H])-[#6:69])-[#6](-[H])(-[H])-[H])-[#6](-[H])(-[H])-[#6](-[H])(-[#6](-[H])(-[H])-[H])-[#6](-[H])(-[H])-[H].[H]-[#8:85]>>[#6:69]-[#8:85],"EVODEX.1-P5034,EVODEX.1-P5036,EVODEX.1-P5345",114656552930404258502330686268823846411870323607857578821393955862437981944129
EVODEX.1-C1015,[H]-[#6]1:[#6](-[#7](-[H])-[#6:15]):[#6](-[H]):[#6]2:[#6](-[#6](-[H])(-[H])-[#6](=[#8])-[#7](-[H])-[H]):[#6](-[H]):[#6](=[#8]):[#8]:[#6]:2:[#6]:1-[H].[H]-[#8:48]>>[#6:15]-[#8:48],"EVODEX.1-P5049,EVODEX.1-P5050,EVODEX.1-P5056",31733783355737909237686251817081880045403338001480341583952096266876903781719
EVODEX.1-C1016,[#8:7]=[#6:8]>>[H]-[#8]-[#6](-[H])(-[H])-[#6](=[#8])-[#6@](-[H])(-[#8]-[H])-[#6:8]-[#8:7]-[H],"EVODEX.1-P5298,EVODEX.1-P6275,EVODEX.1-P6278",96027271062823344203226147206240486509943431259408715604727026204412366569385
EVODEX.1-C1017,([#7:6](-[#6@:5])-[#6:7].[#6:62]-[#7:64]).[H]-[#8:94].[H]-[#8:95]>>[#6:7]-[#8:94].([H]-[#7:6]-[#6@@:5].[#6:62]-[#8:95]).[H]-[#7:64],"EVODEX.1-P5381,EVODEX.1-P5386,EVODEX.1-P5420",37968348617391104878667243172945801825199256379004100995637667825376445390071
EVODEX.1-C1018,([H]-[#8]-[#16](=[#8])(=[#8])-[#6](-[H])(-[H])-[#6](-[H])(-[H])-[#7](-[H])-[#6:5].[#6@@:2]).[H]-[#8:35]>>([#6:5]-[#8:35].[#6@:2]),"EVODEX.1-P5618,EVODEX.1-P5619,EVODEX.1-P5620",81060798637030355313466101093490375733996156211420706092879294788754787817590
EVODEX.1-C1019,[#7:6](-[#6@:5])-[#6:7]-[#8:9]-[#6:10]>>[#6:7]=[#8:9].[H]-[#8]-[#6:10].[H]-[#7:6]-[#6@@:5],"EVODEX.1-P5751,EVODEX.1-P5754,EVODEX.1-P5769",96203525002192055885782938647983688380705127013393435018131469566205894091506
EVODEX.1-C1020,([H]-[#8]-[#6:7].[#7:1]-[H])>>[#7:1]-[#6:7],"EVODEX.1-P5845,EVODEX.1-P5850,EVODEX.1-P5855",98553106086319984512138794958745591560656738982821649567810395148764155339811
EVODEX.1-C1021,[#7:4]=[#6:5]>>[H]-[#7:4]-[H].[#8]=[#6:5],"EVODEX.1-P5864,EVODEX.1-P5878,EVODEX.1-P6128",111106193655132357884563704763914770759190942065312435318512761196263855556362
EVODEX.1-C1022,([H]-[#7]=[#6:6].[#6@@:4]).[H]-[#8:11]-[H]>>([#6:6]=[#8:11].[#6@:4]),"EVODEX.1-P5867,EVODEX.1-P5869,EVODEX.1-P5880",74439601744098104513829784381560057446678320178356476540142780883797247769141
EVODEX.1-C1023,([#6:7]=[#7:8].[#6@:5])>>([#8]=[#6:7].[#6@@:5]).[H]-[#7:8]-[H],"EVODEX.1-P5868,EVODEX.1-P5870,EVODEX.1-P5872",20375428266989492300984876125896036764514857043061297070733131586177251767178
EVODEX.1-C1024,[#15:7]-[#8:10]>>[H]-[#8:10].[H]-[#8]-[#15:7],"EVODEX.1-P5978,EVODEX.1-P6000,EVODEX.1-P6019",34198348511061322994042745816805195449028376995243190634540405040633166033386
EVODEX.1-C1025,[H]-[#8]-[#6@@](-[H])(-[#6](-[H])(-[H])-[H])-[#6:4]>>[H]-[#6:4],"EVODEX.1-P6180,EVODEX.1-P6184,EVODEX.1-P6185",96954408677085748236843732064679458551736267527952203466535596395017445409705
EVODEX.1-C1026,([H]-[#7:9]-[#6@@:8].[#6:4]-[#7:3])>>[#6:4]-[#7:9]-[#6@:8].[H]-[#7:3],"EVODEX.1-P6536,EVODEX.1-P6537,EVODEX.1-P6544",40087139578550004887540503082338134762071923643360630542546728368967244900230
EVODEX.1-C1027,[H]-[#6](-[H])(-[H])-[#6](=[#8])-[#16:4].([H]-[#8]-[#15:62].[#6@@:68]-[#6@@:66]).[H]-[#8:75]>>([#15:62]-[#8:75].[#6@:66]-[#6@:68]).[H]-[#16:4],"EVODEX.1-P6621,EVODEX.1-P6644,EVODEX.1-P6645",75869880409081921455746812818650942844248286546562415278306913784177777727060
EVODEX.1-C1028,[H]-[#8]-[#6@@]1(-[H])-[#6@@](-[H])(-[#8]-[H])-[#6@](-[H])(-[#7]2:[#6](-[H]):[#7]:[#6]3:[#6](-[#7](-[H])-[H]):[#7]:[#6](-[H]):[#7]:[#6]:2:3)-[#8]-[#6@]-1(-[H])-[#6](-[H])(-[H])-[#8]-[#15](=[#8])(-[#8]-[H])-[#8:34].[H]-[#8]-[#6:4].[H]-[#7:12]-[#6@@:11]>>[#6:4]-[#7:12]-[#6@:11].[H]-[#8:34],"EVODEX.1-P6936,EVODEX.1-P6938,EVODEX.1-P6946",4981802985491786764199035535334065804233444572107916570552766404369055730178
EVODEX.1-C1029,[H]-[#8]-[#6@@]1(-[H])-[#6@@](-[H])(-[#8]-[H])-[#6@](-[H])(-[#7]2:[#6](-[H]):[#7]:[#6]3:[#6](-[#7](-[H])-[H]):[#7]:[#6](-[H]):[#7]:[#6]:2:3)-[#8]-[#6@]-1(-[H])-[#6](-[H])(-[H])-[#8]-[#15](=[#8])(-[#8]-[H])-[#8:37].[H]-[#7:9]>>[H]-[#7](-[H])-[#6](-[H])(-[H])-[#6](-[H])(-[H])-[#6](=[#8])-[#7:9].[H]-[#8:37],"EVODEX.1-P6943,EVODEX.1-P6952,EVODEX.1-P6955",100875998788135155746348191369276004922334988169988377557318370877288466945870
EVODEX.1-C1030,([H]-[#8]-[#6](=[#8])-[#6](-[H])(-[H])-[#6](-[H])(-[H])-[#6@@](-[H])(-[#6](=[#8])-[#8]-[H])-[#7](-[H])-[#6:14].[#6@:11]).[H]-[#8]-[#6@@]1(-[H])-[#6@@](-[H])(-[#8]-[H])-[#6@](-[H])(-[#7]2:[#6](-[H]):[#7]:[#6]3:[#6](-[#7](-[H])-[H]):[#7]:[#6](-[H]):[#7]:[#6]:2:3)-[#8]-[#6@]-1(-[H])-[#6](-[H])(-[H])-[#8]-[#15](=[#8])(-[#8]-[H])-[#8]-[#15](=[#8])(-[#8]-[H])-[#8:64]>>([#6:14]-[#8:64].[#6@@:11]),"EVODEX.1-P6971,EVODEX.1-P7012,EVODEX.1-P7028",106832322486513448067123742071713864971942278562854001079538626548246462645786
EVODEX.1-C1031,([#15:67]-[#8:69].[#6@:71]-[#6@:73]).([H]-[#8]-[#6](=[#8])-[#6](-[H])(-[H])-[#6](-[H])(-[H])-[#6@@](-[H])(-[#6](=[#8])-[#8]-[H])-[#7](-[H])-[#6:27].[#6@:24])>>([H]-[#8]-[#15](=[#8])(-[#8]-[H])-[#8]-[#15:67].[#6@@:73]-[#6@@:71]).([#6:27]-[#8:69].[#6@@:24]),"EVODEX.1-P6993,EVODEX.1-P6998,EVODEX.1-P7032",6689920044123169280854508700051872101591575485547472072656697671676155495256
EVODEX.1-C1032,[H]-[#7:3]-[#6@:2].([#15:42]-[#8:45].[#6@:50]-[#6@:52]).([#6:17]-[#8:19].[#6@@:8])>>([#7:3](-[#6@@:2])-[#6:17].[#6@:8]).([#8:19]-[#15:42].[#6@@:52]-[#6@@:50]).[H]-[#8:45],"EVODEX.1-P7067,EVODEX.1-P7069,EVODEX.1-P7105",42462406504386753939631271073484963076042549193659834670646564893997104727020
EVODEX.1-C1033,[H]-[#7:5]-[#6@@:4].[#6:15]-[#8:17]>>[#7:5](-[#6@:4])-[#6:15].[H]-[#8]-[#6@@]1(-[H])-[#6@@](-[H])(-[#8]-[H])-[#6@](-[H])(-[#7]2:[#6](-[H]):[#7]:[#6]3:[#6](-[#7](-[H])-[H]):[#7]:[#6](-[H]):[#7]:[#6]:2:3)-[#8]-[#6@]-1(-[H])-[#6](-[H])(-[H])-[#8]-[#15](=[#8])(-[#8]-[H])-[#8]-[#15](=[#8])(-[#8]-[H])-[#8:17],"EVODEX.1-P7101,EVODEX.1-P7429,EVODEX.1-P7461",104772597341601584512977692677864146552146364520444724416529419700295474485355
EVODEX.1-C1034,[H]-[#7:6]-[#6@@:5].([H]-[#8]-[#15](=[#8])(-[#8]-[H])-[#8]-[#15:29].[#6@@:39]-[#6@@:37]).[#6:42]-[#8:43]>>[#7:6](-[#6@:5])-[#6:42].([#15:29]-[#8:43].[#6@:37]-[#6@:39]),"EVODEX.1-P7196,EVODEX.1-P7282,EVODEX.1-P7291",47366627306466967364342197465454439606522427001201517448025026262194316133373
EVODEX.1-C1035,[H]-[#8]-[#15](=[#8])(-[#8]-[H])-[#8].[H]-[#7:7]>>[H]-[#7](-[H])-[#6](-[H])(-[H])-[#6](-[H])(-[H])-[#6](=[#8])-[#7:7].[H]-[#8],"EVODEX.1-P7219,EVODEX.1-P7307,EVODEX.1-P7309",115018639534887726924830306764592448876704283982046350544178420583956480315287
EVODEX.1-C1036,[#6:3]-[#7:5].[H]-[#8:48]>>[H]-[#8]-[#6@@]1(-[H])-[#6@@](-[H])(-[#8]-[H])-[#6@](-[H])(-[#7]2:[#6](-[H]):[#7]:[#6]3:[#6](-[#7](-[H])-[H]):[#7]:[#6](-[H]):[#7]:[#6]:2:3)-[#8]-[#6@]-1(-[H])-[#6](-[H])(-[H])-[#8]-[#15](=[#8])(-[#8]-[H])-[#8]-[#15](=[#8])(-[#8]-[H])-[#8:48].[H]-[#8]-[#6:3].[H]-[#7:5],"EVODEX.1-P7485,EVODEX.1-P7486,EVODEX.1-P7541",91041977123514433432882112626381407238256625939191341030928940831585989828568
EVODEX.1-C1037,[H]-[#7:47]-[#6:46]>>[H]-[#8]-[#6](-[H])(-[H])-[#6@@]1(-[H])-[#8]-[#6@](-[H])(-[#8]-[#15](=[#8])(-[#8]-[H])-[#8]-[#15](=[#8])(-[#8]-[H])-[#8]-[#6](-[H])(-[H])-[#6@@]2(-[H])-[#8]-[#6@@](-[H])(-[#7]3:[#6](-[H]):[#6](-[H]):[#6](=[#8]):[#7](-[H]):[#6]:3=[#8])-[#6@](-[H])(-[#8]-[H])-[#6@]-2(-[H])-[#8]-[H])-[#6@](-[H])(-[#7](-[H])-[#6](=[#8])-[#6](-[H])(-[H])-[H])-[#6@@](-[H])(-[#8]-[#6@@](-[H])(-[#6](=[#8])-[#7:47]-[#6@@:46])-[#6](-[H])(-[H])-[H])-[#6@]-1(-[H])-[#8]-[H],"EVODEX.1-P7499,EVODEX.1-P7522,EVODEX.1-P7533",18293912360210952138201225086720562296504719587443837805560798414531962642597
EVODEX.1-C1038,[H]-[#7:47]-[#6:46].[H]-[#8]-[#6@@]1(-[H])-[#6@@](-[H])(-[#8]-[H])-[#6@](-[H])(-[#7]2:[#6](-[H]):[#7]:[#6]3:[#6](-[#7](-[H])-[H]):[#7]:[#6](-[H]):[#7]:[#6]:2:3)-[#8]-[#6@]-1(-[H])-[#6](-[H])(-[H])-[#8]-[#15](=[#8])(-[#8]-[H])-[#8]-[#15](=[#8])(-[#8]-[H])-[#8:78]>>[H]-[#8]-[#6](-[H])(-[H])-[#6@@]1(-[H])-[#8]-[#6@](-[H])(-[#8]-[#15](=[#8])(-[#8]-[H])-[#8]-[#15](=[#8])(-[#8]-[H])-[#8]-[#6](-[H])(-[H])-[#6@@]2(-[H])-[#8]-[#6@@](-[H])(-[#7]3:[#6](-[H]):[#6](-[H]):[#6](=[#8]):[#7](-[H]):[#6]:3=[#8])-[#6@](-[H])(-[#8]-[H])-[#6@]-2(-[H])-[#8]-[H])-[#6@](-[H])(-[#7](-[H])-[#6](=[#8])-[#6](-[H])(-[H])-[H])-[#6@@](-[H])(-[#8]-[#6@@](-[H])(-[#6](=[#8])-[#7:47]-[#6@@:46])-[#6](-[H])(-[H])-[H])-[#6@]-1(-[H])-[#8]-[H].[H]-[#8:78],"EVODEX.1-P7500,EVODEX.1-P7523,EVODEX.1-P7534",74652796794764336236707882796935180475789383193978043577044584634956279550164
EVODEX.1-C1039,([#6:61]=[#8:62].[#6@@:50].[#6@@:56])>>([H]-[#6:61]-[#8:62]-[H].[#6@:56].[#6@:50]),"EVODEX.1-P38,EVODEX.1-P51",32137294749848191290503284318562203931345555653479602736032647768668366015123
EVODEX.1-C1040,([H]-[#6:24]-[#8:25]-[H].[#6@:21]-[#6@@:2])>>([#6:24]=[#8:25].[#6@:2]-[#6@@:21]),"EVODEX.1-P39,EVODEX.1-P41",87228717631722305872155399210307750165606300016476490016896443328344166410862
EVODEX.1-C1041,([#6:14]=[#8:15].[#6@:16]-[#6@@:18])>>([H]-[#6:14]-[#8:15]-[H].[#6@:18]-[#6@@:16]),"EVODEX.1-P126,EVODEX.1-P40",55821695597174353965755510487136636220096040752336247059677692594355915637335
EVODEX.1-C1042,[H]-[#6@@:4](-[#8:5]-[H])-[#6@:6]-[#6@@:8]-[#6@:10].[#8:12]=[#8:13]>>[#6:4](=[#8:5])-[#6@@:6]-[#6@:8]-[#6@@:10].[H]-[#8:12]-[#8:13]-[H],"EVODEX.1-P123,EVODEX.1-P129",106225927992577714771484694818759971383628383456929431759866136453589422547899
EVODEX.1-C1043,([H]-[#6@@:24](-[#6:25]-[H])-[#6@@:22].[#6@:12]-[#6@@:27])>>([#6:24](-[#6@:22])=[#6:25].[#6@@:12]-[#6@:27]),"EVODEX.1-P135,EVODEX.1-P603",77718398187051373177576983824020382239212731787646338106998848672758389437258
EVODEX.1-C1044,([#8:8].[#8:18]).([H]-[#6@@:30](-[#8:31]-[H])-[#6@@:28]-[#6@:26].[#6@:40]-[#6@@:38]-[#6@:36].[#6@:33])>>([H]-[#8:8].[#8:18]-[H]).([#6:30](-[#6@:28]-[#6@@:26])=[#8:31].[#6@@:33].[#6@@:36]-[#6@:38]-[#6@@:40]),"EVODEX.1-P170,EVODEX.1-P171",53758830499397758620950247921891990493677521333147737072912710226839455807305
EVODEX.1-C1045,([#8:1].[#8:6]).([H]-[#6@:24](-[#8:25]-[H])(-[#6@@:22]-[#6@:19])-[#6@@:26].[#6@:13]-[#6@@:28]-[#6@:41])>>([H]-[#8:1].[#8:6]-[H]).([#6:24](-[#6@:22]-[#6@@:19])(=[#8:25])-[#6@:26].[#6@@:13]-[#6@:28]-[#6@@:41]),"EVODEX.1-P180,EVODEX.1-P181",54017619027980399688753720465643703929857717886246602448859382636010871453278
EVODEX.1-C1046,([H]-[#8:12].[#6@@:2]).([#15:29]-[#8:32].[#6@:41]-[#6@:43])>>([#8:12]-[#15:29].[#6@:2].[#6@@:43]-[#6@@:41]).[H]-[#8:32],"EVODEX.1-P308,EVODEX.1-P3683",108466363461790680823501214453224302033288944587188766820659043439192427255271
EVODEX.1-C1047,([H]-[#6:15]-[#6:14](-[#16:13])-[#6:17]-[H].[#6@@:8]).[H]-[#8]-[#6](=[#8])-[#6:26].[#8:31]=[#8:32]>>([#16:13]-[#6:15]-[#6:14]=[#6:17].[#6@:8]).[H]-[#8:31]-[#6:26].[H]-[#8:32]-[H],"EVODEX.1-P612,EVODEX.1-P623",108675637314532934801597685837463104770100902639102955261756030944388268233687
EVODEX.1-C1048,([H]-[#6:15]-[#6:14](-[#16:13])-[#6:17]-[H].[#6@@:8]).[H]-[#8]-[#6](=[#8])-[#6:26]>>([#16:13]-[#6:15]-[#6:14]=[#6:17].[#6@:8]).[H]-[#8]-[#6:26],"EVODEX.1-P614,EVODEX.1-P621",30601984866905694233665940721588038085405904717377737066634258850944807862787
EVODEX.1-C1049,([H]-[#6:15]-[#6:14](-[#16:13])-[#6:17]-[H].[#6@@:8]).[H]-[#8:30]-[#6:28]-[#6:26]>>[#6:28]=[#8:30].([#16:13]-[#6:15]-[#6:14]=[#6:17].[#6@:8]).[H]-[#8]-[#6:26],"EVODEX.1-P615,EVODEX.1-P622",70177419532757434231731529056775120358390731606705646687345176676759152171764
EVODEX.1-C1050,([H]-[#6:15]-[#6:14](-[#16:13])-[#6:17]-[H].[#6@@:8]).[H]-[#8:30]-[#6:28]-[#6:26].[#8]=[#8:31]>>[#6:28]=[#8:30].([#16:13]-[#6:15]-[#6:14]=[#6:17].[#6@:8]).[H]-[#8:31]-[#6:26],"EVODEX.1-P616,EVODEX.1-P624",111352174652864562404530701242935525158710482090172630517878176453733629252680
EVODEX.1-C1051,[H]-[#6](-[H])(-[H])-[#8:2]>>[H]-[#8:2],"EVODEX.1-P3930,EVODEX.1-P645",63404189984847554801545516670217200522821572021143317183569147825453359914701
EVODEX.1-C1052,([H]-[#8:95].[#6@@:5]).([#8:129]-[#15:130].[#6@:134]-[#6@:136])>>([#8:95]-[#15:130].[#6@:5]).([H]-[#8:129].[#6@@:136]-[#6@@:134]),"EVODEX.1-P1188,EVODEX.1-P3477",13837524606021906744783384709901948259509553517745703320459434640966631246729
EVODEX.1-C1053,([#16:33]-[#16:34].[#6@:23].[#6@@:31])>>([H]-[#16:33].[#6@:31].[#6@@:23]).[H]-[#16:34],"EVODEX.1-P1219,EVODEX.1-P1221",77447762501755862626203896741477275303704025488332223900751502695374145358628
EVODEX.1-C1054,[#16:10]-[#16:11]>>[H]-[#16:10].[H]-[#16:11],"EVODEX.1-P1222,EVODEX.1-P1223",77465912688061964611715112659008145814706752158795817584720953411636141492696
EVODEX.1-C1055,([H]-[#7:10].[#6@@:5]).[#6:73]-[#16:75]>>([#7:10]-[#6:73].[#6@:5]).[H]-[#16:75],"EVODEX.1-P1238,EVODEX.1-P2113",83691424152209553519530331567730077872341846628509069957133283366512143044461
EVODEX.1-C1056,[#6:2]-[#16:4].[H]-[#7:52]-[#6@@:53]>>[#6:2]-[#7:52]-[#6:53].[H]-[#16:4],"EVODEX.1-P1272,EVODEX.1-P1408",34857575361441264591421608382883732250095004076325092512654283907117227949881
EVODEX.1-C1057,[#6:14]=[#8:15]>>[H]-[#6](-[H])(-[H])-[#6](=[#8])-[#6@@:14]-[#8:15]-[H],"EVODEX.1-P1396,EVODEX.1-P1398",58604708721100889678207055391550699260355049200600338641908300970237641545820
EVODEX.1-C1058,[H]-[#16:48].[#8:54](-[#6@:53])-[#6:55]>>[#16:48]-[#6:55].[H]-[#8:54]-[#6@@:53],"EVODEX.1-P1417,EVODEX.1-P1468",108587899749906499132666367808543361207693752858933396150184709340748046126640
EVODEX.1-C1059,([#8:23]-[#6:24].[#6@:21])>>[H]-[#6](=[#6](-[H])-[#6](=[#6](-[H])-[#6](-[H])(-[H])-[#8]-[#6:24])-[#6](-[H])(-[H])-[H])-[#6](-[H])=[#6](-[#6](-[H])=[#6](-[H])-[#6]1=[#6](-[#6](-[H])(-[H])-[H])-[#6](-[H])(-[H])-[#6](-[H])(-[H])-[#6](-[H])(-[H])-[#6]-1(-[#6](-[H])(-[H])-[H])-[#6](-[H])(-[H])-[H])-[#6](-[H])(-[H])-[H].([H]-[#8:23].[#6@@:21]),"EVODEX.1-P1484,EVODEX.1-P1485",99014836040791228694219679325821761825415401270538622014451896452643070658591
EVODEX.1-C1060,[H]-[#7:1].([#6:10]-[#7:12].[#6@@:7])>>[H]-[#7:12].([#7:1]-[#6:10].[#6@:7]),"EVODEX.1-P2131,EVODEX.1-P2136",32419912714333930756635719139112570780434498516117814935496722842294911873955
EVODEX.1-C1061,([H]-[#8]-[#6:7].[#7:1]-[H].[#6@:5])>>([#7:1]-[#6:7].[#6@@:5]),"EVODEX.1-P2159,EVODEX.1-P5856",107402187316081281836392589354421007391067361285675666571521780261805361701354
EVODEX.1-C1062,([H]-[#8]-[#15:65].[#6@@:71]-[#6@@:69]).[H]-[#8:78]>>([#15:65]-[#8:78].[#6@:69]-[#6@:71]),"EVODEX.1-P2219,EVODEX.1-P6649",68611418807172846902498802055145444169434139628222309567067159677058346052521
EVODEX.1-C1063,([H]-[#8:20].[#6@:17]-[#6@:14].[#6@@:5]).[H]-[#7]=[#6]1:[#7](-[H]):[#6](=[#8]):[#6]2:[#7]:[#6](-[H]):[#7](-[#6@]3(-[H])-[#8]-[#6@](-[H])(-[#6](-[H])(-[H])-[#8]-[#15](=[#8])(-[#8]-[H])-[#8]-[#15](=[#8])(-[#8]-[H])-[#8]-[#6@@:31])-[#6@@](-[H])(-[#8]-[H])-[#6@@]-3(-[H])-[#8]-[H]):[#6]:2:[#7]:1-[H]>>([#8:20]-[#6@@:31].[#6@:5].[#6@@:14]-[#6@@:17]),"EVODEX.1-P2282,EVODEX.1-P2459",105548812683226575314020368198687145045950265226067694894664970660801487906298
EVODEX.1-C1064,([H]-[#8:7].[#6@:44]-[#6@@:42]).[#8:53](-[#6@@:50]-[#6@:65]-[#6@@:67])-[#6@@:54]>>([#8:7]-[#6@@:50]-[#6@@:65]-[#6@:67].[#6@:42]-[#6@@:44]).[H]-[#8:53]-[#6:54],"EVODEX.1-P2293,EVODEX.1-P2499",70402593594217219017311294221432025549918688499321734474704572153659766941224
EVODEX.1-C1065,([H]-[#8:7].[#6@:44]-[#6@@:42]).[H]-[#8]-[#6](-[H])(-[H])-[#6@@]1(-[H])-[#8]-[#6@](-[H])(-[#8]-[#6@:50])-[#6@](-[H])(-[#8]-[H])-[#6@@](-[H])(-[#8]-[H])-[#6@]-1(-[H])-[#8]-[H]>>([#8:7]-[#6@@:50].[#6@:42]-[#6@@:44]),"EVODEX.1-P2294,EVODEX.1-P2500",95158146471955968194156644377311718213149782494079053397549870563228132009032
EVODEX.1-C1066,([#8:23]-[#6:24].[#6@@:17]-[#6@:20].[#6@:35])>>[H]-[#8]-[#15](=[#8])(-[#8]-[H])-[#8]-[#6@@:24].([H]-[#8:23].[#6@@:20]-[#6@:17].[#6@@:35]),"EVODEX.1-P2343,EVODEX.1-P2401",15927750737260724122304159694000289972746157611007028675889970238967144056030
EVODEX.1-C1067,([H]-[#8:39].[#6@:35].[#6@@:6].[#6@:40]).[H]-[#8]-[#6@@]1(-[H])-[#6@@](-[H])(-[#8]-[H])-[#6@](-[H])(-[#7]2:[#6](-[H]):[#6](-[H]):[#6](=[#8]):[#7](-[H]):[#6]:2=[#8])-[#8]-[#6@]-1(-[H])-[#6](-[H])(-[H])-[#8]-[#15](=[#8])(-[#8]-[H])-[#8]-[#15](=[#8])(-[#8]-[H])-[#8]-[#6@:47]>>([#8:39]-[#6@@:47].[#6@:6].[#6@@:35].[#6@@:40]),"EVODEX.1-P2349,EVODEX.1-P2412",31401963824063640846990421146855934902683139238486447364757354053666166610306
EVODEX.1-C1068,([H]-[#8:45].[#6@@:42]-[#6@:39].[#6@:32].[#6@@:50]-[#6@:48].[#6@@:46]).[H]-[#8]-[#6@@]1(-[H])-[#6@@](-[H])(-[#8]-[H])-[#6@](-[H])(-[#7]2:[#6](-[H]):[#7]:[#6]3:[#6](=[#8]):[#7](-[H]):[#6](-[#7](-[H])-[H]):[#7]:[#6]:2:3)-[#8]-[#6@]-1(-[H])-[#6](-[H])(-[H])-[#8]-[#15](=[#8])(-[#8]-[H])-[#8]-[#15](=[#8])(-[#8]-[H])-[#8]-[#6@@:73]>>([#8:45]-[#6@@:73].[#6@@:32].[#6@@:39]-[#6@:42].[#6@:46].[#6@@:48]-[#6@:50]),"EVODEX.1-P2370,EVODEX.1-P2371",111527020103468152442865646132277468909202154300925659683806208277654503762364
EVODEX.1-C1069,[H]-[#8]-[#6@@]1(-[H])-[#6](-[H])(-[H])-[#6@](-[H])(-[#7]2:[#6](-[H]):[#6](-[#6](-[H])(-[H])-[H]):[#6](=[#8]):[#7](-[H]):[#6]:2=[#8])-[#8]-[#6@]-1(-[H])-[#6](-[H])(-[H])-[#8]-[#15](=[#8])(-[#8]-[H])-[#8]-[#15](=[#8])(-[#8]-[H])-[#8]-[#6@:121].([H]-[#8:55].[#6@:27].[#6@:23].[#6@@:15].[#6@@:100].[#6@:35])>>([#8:55]-[#6@:121].[#6@:15].[#6@@:23].[#6@@:27].[#6@@:35].[#6@:100]),"EVODEX.1-P2414,EVODEX.1-P2415",50070083334809220702987505406755239769278244145224798927217256872568265564236
EVODEX.1-C1070,([H]-[#8:15].[#6@:10].[#6@@:37].[#6@:16]).[H]-[#8]-[#6@@]1(-[H])-[#6](-[H])(-[H])-[#6@](-[H])(-[#7]2:[#6](-[H]):[#6](-[#6](-[H])(-[H])-[H]):[#6](=[#8]):[#7](-[H]):[#6]:2=[#8])-[#8]-[#6@]-1(-[H])-[#6](-[H])(-[H])-[#8]-[#15](=[#8])(-[#8]-[H])-[#8]-[#15](=[#8])(-[#8]-[H])-[#8]-[#6@:61]>>([#8:15]-[#6@@:61].[#6@@:10].[#6@@:16].[#6@:37]),"EVODEX.1-P2419,EVODEX.1-P2420",90451721398105603815564894022026068137202754136678481697142256716452394431519
EVODEX.1-C1071,([#8:134]-[#6@:133].[#6@@:125].[#6@@:159]).([H]-[#8:115].[#6@:6].[#6@:118]-[#6@:116])>>([#8:115]-[#6@:133].[#6@@:6].[#6@:125].[#6@:159].[#6@@:116]-[#6@@:118]).[H]-[#8:134],"EVODEX.1-P2521,EVODEX.1-P2527",26818755340936125252862152038753299741696681374485654403843367471561783687275
EVODEX.1-C1072,([H]-[#8:14].[#6@:7]).[H]-[#8]-[#6@@]1(-[H])-[#6](-[H])(-[H])-[#6@](-[H])(-[#7]2:[#6](-[H]):[#7]:[#6]3:[#6](-[#7](-[H])-[H]):[#7]:[#6](-[H]):[#7]:[#6]:2:3)-[#8]-[#6@]-1(-[H])-[#6](-[H])(-[H])-[#8]-[#15](=[#8])(-[#8]-[H])-[#8]-[#15](=[#8])(-[#8]-[H])-[#8]-[#15:47]>>([#8:14]-[#15:47].[#6@@:7]),"EVODEX.1-P3239,EVODEX.1-P3545",39103228137101270798545979265772487429486753980082440268144128323926752211847
EVODEX.1-C1073,([#8:21]-[#15:22].[#6@:26]-[#6@:28])>>([H]-[#8:21].[#6@@:28]-[#6@@:26]).[H]-[#8]-[#6@@]1(-[H])-[#6@@](-[H])(-[#8]-[H])-[#6@](-[H])(-[#7]2:[#6](-[H]):[#7]:[#6]3:[#6](-[#7](-[H])-[H]):[#7]:[#6](-[H]):[#7]:[#6]:2:3)-[#8]-[#6@]-1(-[H])-[#6](-[H])(-[H])-[#8]-[#15](=[#8])(-[#8]-[H])-[#8]-[#15:22],"EVODEX.1-P3244,EVODEX.1-P3525",103869675714362862955063841987382989258880920752825857386656437726491527180625
EVODEX.1-C1074,[#15:18]-[#8:21]>>[H]-[#8]-[#6@@](-[H])(-[#6@](-[H])(-[#8]-[H])-[#6](=[#8])-[#6](-[H])(-[H])-[#8]-[#15:18])-[#6@](-[H])(-[#8]-[H])-[#6](-[H])(-[H])-[#8]-[#15](=[#8])(-[#8]-[H])-[#8]-[H].[H]-[#8:21],"EVODEX.1-P3246,EVODEX.1-P3247",79604290328838194212960132170345651814238730246697115091340130187483040260793
EVODEX.1-C1075,([#8:27]-[#15:28].[#6@:32]-[#6@:34])>>[H]-[#8]-[#6@@]1(-[H])-[#6](-[H])(-[H])-[#6@](-[H])(-[#7]2:[#6](-[H]):[#6](-[#6](-[H])(-[H])-[H]):[#6](=[#8]):[#7](-[H]):[#6]:2=[#8])-[#8]-[#6@]-1(-[H])-[#6](-[H])(-[H])-[#8]-[#15:28].([H]-[#8:27].[#6@@:34]-[#6@@:32]),"EVODEX.1-P3265,EVODEX.1-P3457",98996262336176376316043216269825829041290550295876582833537392308375598955146
EVODEX.1-C1076,([H]-[#8:14].[#6@@:17]-[#6@@:15]).[H]-[#8]-[#15](=[#8])(-[#8]-[H])-[#8]-[#15:22]>>([#8:14]-[#15:22].[#6@:15]-[#6@:17]),"EVODEX.1-P3271,EVODEX.1-P3273",108032784454394446187018179991826280077364447373792140740120673070197102774078
EVODEX.1-C1077,[#15:25]-[#8:28]>>[H]-[#8]-[#6@@]1(-[H])-[#6@@](-[H])(-[#8]-[H])-[#6@](-[H])(-[#7]2:[#6](-[H]):[#7]:[#6]3:[#6](-[#7](-[H])-[H]):[#7]:[#6](-[H]):[#7]:[#6]:2:3)-[#8]-[#6@]-1(-[H])-[#6](-[H])(-[H])-[#8]-[#15:25].[H]-[#8:28],"EVODEX.1-P3272,EVODEX.1-P3637",111518330205979853945334815816962085558311015741845561127723403431809097918958
EVODEX.1-C1078,([#8:34]-[#15:35].[#6@:39]-[#6@:41])>>[H]-[#8]-[#6@@]1(-[H])-[#6](-[H])(-[H])-[#6@](-[H])(-[#7]2:[#6](-[H]):[#6](-[H]):[#6](-[#7](-[H])-[H]):[#7]:[#6]:2=[#8])-[#8]-[#6@]-1(-[H])-[#6](-[H])(-[H])-[#8]-[#15:35].([H]-[#8:34].[#6@@:41]-[#6@@:39]),"EVODEX.1-P3274,EVODEX.1-P3430",63494371615801740673612950107486098203344916128204036490135329596877279386288
EVODEX.1-C1079,([#8:20]-[#15:21].[#6@@:8])>>([H]-[#8:20].[#6@:8]).[H]-[#8]-[#6]1(-[H])-[#8]-[#6@](-[H])(-[#6](-[H])(-[H])-[#8]-[#15:21])-[#6@@](-[H])(-[#8]-[H])-[#6@](-[H])(-[#8]-[H])-[#6@@]-1(-[H])-[#8]-[H],"EVODEX.1-P3293,EVODEX.1-P4233",95976204113888616943069231000628167590644124521402736270946061929786318689774
EVODEX.1-C1080,([H]-[#8:12].[#6@:8]).[#15:18]-[#8:21]>>([#8:12]-[#15:18].[#6@@:8]).[H]-[#8:21],"EVODEX.1-P3294,EVODEX.1-P3442",39114020065046346205644214924834774529033302346981486356862093983152951201094
EVODEX.1-C1081,[H]-[#8:5]-[#6:4]-[#6@@:6]-[#6@:8]-[#6@:10].[H]-[#8]-[#6@@]1(-[H])-[#6@@](-[H])(-[#8]-[H])-[#6@](-[H])(-[#7]2:[#6](-[H]):[#7]:[#6]3:[#6](-[#7](-[H])-[H]):[#7]:[#6](-[H]):[#7]:[#6]:2:3)-[#8]-[#6@]-1(-[H])-[#6](-[H])(-[H])-[#8]-[#15](=[#8])(-[#8]-[H])-[#8]-[#15](=[#8])(-[#8]-[H])-[#8]-[#15:35]>>[#8:5](-[#6@@:4]-[#6@:6]-[#6@@:8]-[#6@@:10])-[#15:35],"EVODEX.1-P3308,EVODEX.1-P3401",22824109624195382820725043756681217318608045752001853646033975125016247974102
EVODEX.1-C1082,([#8:23]-[#15:24].[#6@@:11])>>([H]-[#8:23].[#6@:11]).[H]-[#8]-[#6@@]1(-[H])-[#6@@](-[H])(-[#8]-[H])-[#6@](-[H])(-[#7]2:[#6](-[H]):[#7]:[#6]3:[#6](-[#7](-[H])-[H]):[#7]:[#6](-[H]):[#7]:[#6]:2:3)-[#8]-[#6@]-1(-[H])-[#6](-[H])(-[H])-[#8]-[#15:24],"EVODEX.1-P3325,EVODEX.1-P3328",71575837714350337372897166923129411170495036611246163403837991937206699514648
EVODEX.1-C1083,[H]-[#8]-[#6@@]1(-[H])-[#6](-[H])(-[H])-[#6@](-[H])(-[#7]2:[#6](-[H]):[#7]:[#6]3:[#6](=[#8]):[#7](-[H]):[#6](-[#7](-[H])-[H]):[#7]:[#6]:2:3)-[#8]-[#6@]-1(-[H])-[#6](-[H])(-[H])-[#8]-[#15](=[#8])(-[#8]-[H])-[#8]-[#15](=[#8])(-[#8]-[H])-[#8]-[#15:40].([H]-[#8:12].[#6@:8])>>([#8:12]-[#15:40].[#6@@:8]),"EVODEX.1-P3332,EVODEX.1-P3436",32837455775499772079063684409869840757122896607448745919147101094193944914145
EVODEX.1-C1084,([#8:28]-[#15:29].[#6@:33]-[#6@:35])>>([H]-[#8:28].[#6@@:35]-[#6@@:33]).[H]-[#8]-[#6@@]1(-[H])-[#6@@](-[H])(-[#8]-[#15](=[#8])(-[#8]-[H])-[#8]-[H])-[#8]-[#6@](-[H])(-[#6](-[H])(-[H])-[#8]-[#15:29])-[#6@@]-1(-[H])-[#8]-[H],"EVODEX.1-P3341,EVODEX.1-P3343",104948004950064522842145990530535074745172874680123970935668851049132642896186
EVODEX.1-C1085,([#8:31]-[#15:32].[#6@:36]-[#6@:38])>>[H]-[#8]-[#6](=[#8])-[#6](-[H])(-[H])-[#6@@](-[#8]-[H])(-[#6](-[H])(-[H])-[H])-[#6](-[H])(-[H])-[#6](-[H])(-[H])-[#8]-[#15:32].([H]-[#8:31].[#6@@:38]-[#6@@:36]),"EVODEX.1-P3362,EVODEX.1-P3363",52142697576081736444912994866174967072721005561903565369556390370259920094609
EVODEX.1-C1086,[H]-[#8]-[#6](-[H])(-[H])-[#6@@]1(-[H])-[#8]-[#6@](-[H])(-[#8]-[#15:13])-[#6@](-[H])(-[#8]-[H])-[#6@@](-[H])(-[#8]-[H])-[#6@]-1(-[H])-[#8]-[H].[H]-[#8:11]>>[#8:11]-[#15:13],"EVODEX.1-P3381,EVODEX.1-P6598",55980117263053448936937837786547807427143593992165272928234137196016272346227
EVODEX.1-C1087,([#8:19]-[#15:20].[#6@@:7])>>([H]-[#8:19].[#6@:7]).[H]-[#6]1:[#7]:[#6](-[#6](-[H])(-[H])-[H]):[#6](-[#6](-[H])(-[H])-[#6](-[H])(-[H])-[#8]-[#15:20]):[#16]:1,"EVODEX.1-P3399,EVODEX.1-P3400",95172246682282752169713365321086814317661894499061050825786157001929708625186
EVODEX.1-C1088,([H]-[#8:8].[#6@:11]-[#6@@:9]).[H]-[#8]-[#6@@]1(-[H])-[#6@@](-[H])(-[#8]-[H])-[#6@](-[H])(-[#7]2:[#6](-[H]):[#7]:[#6]3:[#6](=[#8]):[#7](-[H]):[#6](-[H]):[#7]:[#6]:2:3)-[#8]-[#6@]-1(-[H])-[#6](-[H])(-[H])-[#8]-[#15](=[#8])(-[#8]-[H])-[#8]-[#15](=[#8])(-[#8]-[H])-[#8]-[#15:36]>>([#8:8]-[#15:36].[#6@:9]-[#6@@:11]),"EVODEX.1-P3407,EVODEX.1-P3428",21109305306712389683655819269135055782958811304845794495784976743118416186437
EVODEX.1-C1089,([#8:18]-[#15:19].[#6@:23]-[#6@:25])>>([H]-[#8:18].[#6@@:25]-[#6@@:23]).[H]-[#8]-[#6](-[H])(-[H])-[#6@@]1(-[H])-[#8]-[#6@](-[H])(-[#8]-[#15:19])-[#6@](-[H])(-[#8]-[H])-[#6@@](-[H])(-[#8]-[H])-[#6@@]-1(-[H])-[#8]-[H],"EVODEX.1-P3415,EVODEX.1-P3416",5310403216467909316677047982255847305124904943785765297911946050345910705265
EVODEX.1-C1090,([#8:14]-[#15:15].[#6@:19]-[#6@:21])>>([H]-[#8:14].[#6@@:21]-[#6@@:19]).[H]-[#8]-[#6@@]1(-[H])-[#6@@](-[H])(-[#8]-[H])-[#6@](-[H])(-[#7]2:[#6](-[H]):[#7]:[#6]3:[#6](-[#7](-[H])-[H]):[#7]:[#6](-[H]):[#7]:[#6]:2:3)-[#8]-[#6@]-1(-[H])-[#6](-[H])(-[H])-[#8]-[#15](=[#8])(-[#8]-[H])-[#8]-[#15](=[#8])(-[#8]-[H])-[#8]-[#15:15],"EVODEX.1-P3418,EVODEX.1-P3534",16978471207025962701095520355992223722993792984196549215070039020000679283596
EVODEX.1-C1091,[#8:24]-[#15:25]>>[H]-[#8:24].[H]-[#8]-[#6@@]1(-[H])-[#6@@](-[H])(-[#8]-[H])-[#6@](-[H])(-[#7]2:[#6](-[H]):[#7]:[#6]3:[#6](-[#7](-[H])-[H]):[#7]:[#6](-[H]):[#7]:[#6]:2:3)-[#8]-[#6@]-1(-[H])-[#6](-[H])(-[H])-[#8]-[#15](=[#8])(-[#8]-[H])-[#8]-[#15](=[#8])(-[#8]-[H])-[#8]-[#15:25],"EVODEX.1-P3419,EVODEX.1-P3543",66188878332240376270091485268045636958640135090728207016399995796067675842707
EVODEX.1-C1092,[#15:14]-[#8:17]>>[H]-[#8]-[#6@@](-[H])(-[#6@](-[H])(-[#8]-[H])-[#6@](-[H])(-[#8]-[H])-[#6](-[H])(-[H])-[#8]-[#15:14])-[#6@@](-[H])(-[#8]-[H])-[#6](-[H])=[#8].[H]-[#8:17],"EVODEX.1-P3421,EVODEX.1-P4230",90754212904387067488434785624691908313371987901768213258611524505701188771978
EVODEX.1-C1093,[H]-[#8:13].[H]-[#8]-[#6@@]1(-[H])-[#6@@](-[H])(-[#8]-[H])-[#6@](-[H])(-[#7]2:[#6](-[H]):[#6](-[H]):[#6](=[#8]):[#7](-[H]):[#6]:2=[#8])-[#8]-[#6@]-1(-[H])-[#6](-[H])(-[H])-[#8]-[#15](=[#8])(-[#8]-[H])-[#8]-[#15:33]>>[#8:13]-[#15:33],"EVODEX.1-P3433,EVODEX.1-P3596",27146973967894682874910550791451991197513548325786218640884318131710518311657
EVODEX.1-C1094,([#8:41]-[#15:42].[#6@@:29])>>([H]-[#8:41].[#6@:29]).[H]-[#8]-[#6@@]1(-[H])-[#6](-[H])(-[H])-[#6@](-[H])(-[#7]2:[#6](-[H]):[#6](-[H]):[#6](-[#7](-[H])-[H]):[#7]:[#6]:2=[#8])-[#8]-[#6@]-1(-[H])-[#6](-[H])(-[H])-[#8]-[#15:42],"EVODEX.1-P3435,EVODEX.1-P3437",111401265640397400899725637162415511210106722890418939850390078060732188128517
EVODEX.1-C1095,([#8:29]-[#15:30].[#6@:34]-[#6@:36])>>[H]-[#8]-[#6@@]1(-[H])-[#6@@](-[H])(-[#8]-[H])-[#6@](-[H])(-[#7]2:[#6](-[H]):[#7]:[#6]3:[#6](=[#8]):[#7](-[H]):[#6](-[H]):[#7]:[#6]:2:3)-[#8]-[#6@]-1(-[H])-[#6](-[H])(-[H])-[#8]-[#15:30].([H]-[#8:29].[#6@@:36]-[#6@@:34]),"EVODEX.1-P3444,EVODEX.1-P3450",29446565176620099696574656532993417686200446281615819253008771388663426343286
EVODEX.1-C1096,[#8:4]-[#15:5]>>[H]-[#8:4].[H]-[#8]-[#6@@]1(-[H])-[#6@@](-[H])(-[#8]-[H])-[#6@](-[H])(-[#7]2:[#6](-[H]):[#7]:[#6]3:[#6](=[#8]):[#7](-[H]):[#6](-[H]):[#7]:[#6]:2:3)-[#8]-[#6@]-1(-[H])-[#6](-[H])(-[H])-[#8]-[#15:5],"EVODEX.1-P3464,EVODEX.1-P3465",43685072892340261176881055192050225496120833912201135409652825649885490401059
EVODEX.1-C1097,([#8:24]-[#15:25].[#6@@:22].[#6@:37]-[#6@:39]).[H]-[#8:46]>>([H]-[#8:24].[#6@:22].[#6@@:39]-[#6@@:37]).[#15:25]-[#8:46],"EVODEX.1-P3474,EVODEX.1-P3639",77704408366096232254959961421087546328844077276580137372270512829179698120342
EVODEX.1-C1098,([#8:34]-[#15:35].[#6@:39]-[#6@:41])>>([H]-[#8:34].[#6@@:41]-[#6@@:39]).[H]-[#8]-[#6@@](-[H])(-[#6](=[#8])-[#8]-[#15:35])-[#6](-[H])(-[H])-[#8]-[#15](=[#8])(-[#8]-[H])-[#8]-[H],"EVODEX.1-P3485,EVODEX.1-P3486",69162218886141656033961431961778026021203991809842173209678734490260475016096
EVODEX.1-C1099,[#8:21]-[#15:22]>>[H]-[#8:21].[H]-[#8]-[#6@@](-[H])(-[#6](=[#8])-[#8]-[#15:22])-[#6](-[H])(-[H])-[#8]-[#15](=[#8])(-[#8]-[H])-[#8]-[H],"EVODEX.1-P3492,EVODEX.1-P3494",16426469445083180404918079639362359970004810598687335652850674741531909605924
EVODEX.1-C1100,([#8:44]-[#15:45].[#6@@:32])>>[H]-[#8]-[#6@@]1(-[H])-[#6@@](-[H])(-[#8]-[H])-[#6@](-[H])(-[#7]2:[#6](-[H]):[#6](-[H]):[#6](-[#7](-[H])-[H]):[#7]:[#6]:2=[#8])-[#8]-[#6@]-1(-[H])-[#6](-[H])(-[H])-[#8]-[#15](=[#8])(-[#8]-[H])-[#8]-[#15:45].([H]-[#8:44].[#6@:32]),"EVODEX.1-P3539,EVODEX.1-P3540",29738046623618211364295551116287438709067285853183616785754896403244306915551
EVODEX.1-C1101,([H]-[#8:13].[#6@@:17]-[#6@@:15]).[#8:31](-[#6@@:30]-[#6@@:40]-[#6@@:42])-[#15:32]>>([#8:13]-[#15:32].[#6@:15]-[#6@:17]).[H]-[#8:31]-[#6:30]-[#6@:40]-[#6@:42],"EVODEX.1-P3575,EVODEX.1-P3579",737252392201111316253992047286609536799742535332963009415558007033226571774
EVODEX.1-C1102,([H]-[#8:13].[#6@@:17]-[#6@@:15]).[H]-[#8]-[#6@@]1(-[H])-[#6@@](-[H])(-[#8]-[#15:32])-[#8]-[#6@](-[H])(-[#6](-[H])(-[H])-[#8]-[#15](=[#8])(-[#8]-[H])-[#8]-[H])-[#6@@]-1(-[H])-[#8]-[H]>>([#8:13]-[#15:32].[#6@:15]-[#6@:17]),"EVODEX.1-P3576,EVODEX.1-P3580",103184159732643524718742097307978326394348781841949619622681440630181880069183
EVODEX.1-C1103,[H]-[#8:18].[#8:29](-[#6@@:28]-[#6@@:38]-[#6@@:40])-[#15:30]>>[#8:18]-[#15:30].[H]-[#8:29]-[#6:28]-[#6@:38]-[#6@:40],"EVODEX.1-P3587,EVODEX.1-P3593",70472003964854229015924992630286863192934565282997066924736305951708782777912
EVODEX.1-C1104,[H]-[#8:18].[H]-[#8]-[#6@@]1(-[H])-[#6@@](-[H])(-[#8]-[#15:30])-[#8]-[#6@](-[H])(-[#6](-[H])(-[H])-[#8]-[#15](=[#8])(-[#8]-[H])-[#8]-[H])-[#6@@]-1(-[H])-[#8]-[H]>>[#8:18]-[#15:30],"EVODEX.1-P3588,EVODEX.1-P3594",111906055861096524636741067229396428226702181868235276619813983509015447784402
EVODEX.1-C1105,([H]-[#8:27].[#6@:11].[#6@@:28]).[H]-[#8]-[#6@@]1(-[H])-[#6](-[H])(-[H])-[#6@](-[H])(-[#7]2:[#6](-[H]):[#7]:[#6]3:[#6](-[#7](-[H])-[H]):[#7]:[#6](-[H]):[#7]:[#6]:2:3)-[#8]-[#6@]-1(-[H])-[#6](-[H])(-[H])-[#8]-[#15](=[#8])(-[#8]-[H])-[#8]-[#15:54]>>([#8:27]-[#15:54].[#6@@:11].[#6@:28]),"EVODEX.1-P3601,EVODEX.1-P3603",25593199998874629360678677758320487766291414733206448263973825733356458730327
EVODEX.1-C1106,([H]-[#8:10].[#6@:20]-[#6@@:18]-[#6@:13]).[H]-[#8]-[#15](=[#8])(-[#8]-[H])-[#8]-[#15](=[#8])(-[#8]-[H])-[#8]-[#15:32]>>([#8:10]-[#15:32].[#6@@:13]-[#6@:18]-[#6@@:20]),"EVODEX.1-P3625,EVODEX.1-P3633",19264631816539988985649826398002866316824300311728167328829827210438672275592
EVODEX.1-C1107,([#15:24]-[#8:27].[#6@:36]-[#6@:38]).([H]-[#8:7].[#6@@:12]-[#6@@:10]-[#6@:8])>>([#8:7]-[#15:24].[#6@@:38]-[#6@@:36].[#6@@:8]-[#6@:10]-[#6@:12]).[H]-[#8:27],"EVODEX.1-P3632,EVODEX.1-P3684",14622644696557800982433036924212990799828968915344009707018465318432032825819
EVODEX.1-C1108,([H]-[#8:12].[#6@@:7]-[#6@:5].[#6@:2].[#6@:13]).[H]-[#8]-[#15](=[#8])(-[#8]-[H])-[#8]-[#15](=[#8])(-[#8]-[H])-[#8]-[#15:34]>>([#8:12]-[#15:34].[#6@@:2].[#6@@:5]-[#6@:7].[#6@@:13]),"EVODEX.1-P3660,EVODEX.1-P3661",75925891165735136094298103954764414412286506340727954071829575085987070561742
EVODEX.1-C1109,[#8:50]-[#15:51]>>[H]-[#8:50].[H]-[#8]-[#6@@]1(-[H])-[#6@](-[H])(-[#8]-[H])-[#6@@](-[H])(-[#8]-[H])-[#6@@](-[H])(-[#8]-[#15:51])-[#6@@](-[H])(-[#8]-[H])-[#6@]-1(-[H])-[#8]-[H],"EVODEX.1-P3698,EVODEX.1-P3701",19653585150940516189068837227058135253302506971654658153635667492966334477539
EVODEX.1-C1110,([#8:20]-[#15:21].[#6@:14])>>([H]-[#8:20].[#6@@:14]).[H]-[#8]-[#6@@]1(-[H])-[#6@](-[H])(-[#8]-[H])-[#6@@](-[H])(-[#8]-[H])-[#6@@](-[H])(-[#8]-[#15:21])-[#6@@](-[H])(-[#8]-[H])-[#6@]-1(-[H])-[#8]-[H],"EVODEX.1-P3700,EVODEX.1-P3702",13099432184926224494799856358098514058565139582890702714376100044551276029752
EVODEX.1-C1111,([H]-[#8:23].[#6@@:21]).[H]-[#8]-[#6@@]1(-[H])-[#6@@](-[H])(-[#8]-[H])-[#6@](-[H])(-[#7]2:[#6](-[H]):[#6](-[H]):[#6](-[#7](-[H])-[H]):[#7]:[#6]:2=[#8])-[#8]-[#6@]-1(-[H])-[#6](-[H])(-[H])-[#8]-[#15](=[#8])(-[#8]-[H])-[#8]-[#15:35]>>([#8:23]-[#15:35].[#6@:21]),"EVODEX.1-P3709,EVODEX.1-P3710",51703109854682621355403028239041429198584480781766120034272342459151964516866
EVODEX.1-C1112,([#15:25]-[#8:28].[#6@:22])>>([H]-[#8]-[#6](=[#8])-[#6@@](-[H])(-[#7](-[H])-[H])-[#6](-[H])(-[H])-[#8]-[#15:25].[#6@@:22]).[H]-[#8:28],"EVODEX.1-P3721,EVODEX.1-P3723",58858056945472347902179650842264576454470106213052686613540958993598421814206
EVODEX.1-C1113,[#8:16]-[#15:17]>>[H]-[#8:16].[H]-[#8]-[#6](=[#8])-[#6@@](-[H])(-[#7](-[H])-[H])-[#6](-[H])(-[H])-[#8]-[#15:17],"EVODEX.1-P3724,EVODEX.1-P3727",41413278368982321459775637237055124632826566069792385673272253893827950396269
EVODEX.1-C1114,([H]-[#7:7].[#6@@:5].[#6@@:11]).[H]-[#8]-[#6:17]>>([#7:7]-[#6:17].[#6@:5].[#6@:11]),"EVODEX.1-P4056,EVODEX.1-P4064",50333299779804706297170673839654001150869883228581423428563367276521383190859
EVODEX.1-C1115,[#8:16]-[#6@@:15](-[#6@@:8])-[#6@:21]>>[H]-[#8]-[#6@:15](-[#6@:8])-[#6@@:21].[H]-[#8:16],"EVODEX.1-P4172,EVODEX.1-P4222",98343071424453587577320998055632570291104614520794375533169573764248421271574
EVODEX.1-C1116,([H]-[#8]-[#15](=[#8])(-[#8]-[H])-[#8]-[#6:11].[#6@:8]).[H]-[#8:23]>>([#6:11]-[#8:23].[#6@@:8]),"EVODEX.1-P4179,EVODEX.1-P4204",82366040829974317588043045069268754887845353391714038670369577744082769037312
EVODEX.1-C1117,[H]-[#8]-[#15](=[#8])(-[#8]-[H])-[#8]-[#15:6].[H]-[#8:30]>>[#15:6]-[#8:30],"EVODEX.1-P4231,EVODEX.1-P5979",91103135824561963229835111822201721264523014283248026252143951441288519261529
EVODEX.1-C1118,[H]-[#8]-[#16](=[#8])(=[#8])-[#8]-[#6:5]>>[H]-[#8]-[#6@:5],"EVODEX.1-P4273,EVODEX.1-P4274",29023403380214522884105361668819631719054243528930061883080852940763045943484
EVODEX.1-C1119,([H]-[#8]-[#6](-[H])(-[H])-[#6@@]1(-[H])-[#8]-[#6@@](-[H])(-[#8]-[#6@@:44])-[#6@](-[H])(-[#8]-[H])-[#6@@](-[H])(-[#8]-[H])-[#6@]-1(-[H])-[#8]-[H].[#6@:40](-[#6@@:39])-[#6@@:60].[#6@:36].[#6@:30]-[#6@@:7].[#6@@:33]).[H]-[#8:65]>>([#8:65]-[#6@@:44].[#6@:7]-[#6@@:30].[#6@:33].[#6@@:36].[#6@:39]-[#6@@:40]-[#6@:60]),"EVODEX.1-P4432,EVODEX.1-P4433",107749583574852619457730996636850766979826041460874519854430360758067117518081
EVODEX.1-C1120,([#8:19]-[#6:20].[#6@:32]-[#6@:34])>>[H]-[#8]-[#6:20].([H]-[#8:19].[#6@@:34]-[#6@@:32]),"EVODEX.1-P4471,EVODEX.1-P5986",48226544382807085175598514700006447547111064842434225587425107737656561145159
EVODEX.1-C1121,([H]-[#8]-[#6@]1(-[H])-[#6@](-[H])(-[#8]-[H])-[#6@](-[H])(-[#6](-[H])(-[H])-[H])-[#8]-[#6@@](-[H])(-[#8]-[#6@:34](-[#6@:31])-[#6@:46])-[#6@@]-1(-[H])-[#8]-[H].[#6@:6]).[H]-[#8:59]>>([#8:59]-[#6@@:34](-[#6@@:31])-[#6@@:46].[#6@@:6]),"EVODEX.1-P4502,EVODEX.1-P4504",101164425127209247452196190590465189882980326116342213989682714687681411935877
EVODEX.1-C1122,[#7:13]-[#6:14]>>[H]-[#6]1:[#6](-[H]):[#6](-[H]):[#6](-[#6](-[H])(-[H])-[#8]-[#6:14]):[#6](-[H]):[#6]:1-[H].[H]-[#7:13],"EVODEX.1-P4709,EVODEX.1-P4720",109958000443672686226663788924164937857302702177743867574311739684493750780362
EVODEX.1-C1123,[H]-[#6]1=[#6](-[#6](-[H])(-[H])-[H])-[#6]2:[#6](-[H]):[#6](-[H]):[#6](-[#7](-[H])-[#6:14]-[#6@@:13]):[#6](-[H]):[#6]:2-[#8]-[#6]-1(-[H])-[H].[H]-[#8:28]>>[#6:14](-[#6@:13])-[#8:28],"EVODEX.1-P4821,EVODEX.1-P4829",58658548573096169157777662422517760751222687586209118515441055721691021556500
EVODEX.1-C1124,([H]-[#8]-[#6](=[#8])-[#6@@](-[H])(-[#7](-[H])-[#6](=[#8])-[#6@@](-[H])(-[#7](-[H])-[#6:33])-[#6](-[H])(-[H])-[#6]1:[#6](-[H]):[#7]:[#6](-[H]):[#7]:1-[H])-[#6](-[H])(-[H])-[#6](-[H])(-[#6](-[H])(-[H])-[H])-[#6](-[H])(-[H])-[H].[#6@@:18]).[H]-[#8:54]>>([#6:33]-[#8:54].[#6@:18]),"EVODEX.1-P4848,EVODEX.1-P4853",24060946722975379182309065994330386996480922888038641958073516505894322962900
EVODEX.1-C1125,[H]-[#7:41].([H]-[#8]-[#6:29].[#6@:18])>>([#6:29]-[#7:41].[#6@@:18]),"EVODEX.1-P4997,EVODEX.1-P6991",89770470662809106555028886680780979119681502076196905710560834565889949658258
EVODEX.1-C1126,[H]-[#8]-[#6:31]-[#6@:2].[H]-[#7:34]>>[#6:2]-[#6:31]-[#7:34],"EVODEX.1-P4998,EVODEX.1-P5136",111360881699889730680685070068568498970970365865520863421166602869074803738833
EVODEX.1-C1127,([H]-[#6]1:[#6](-[#7](-[H])-[#6:40]):[#6](-[H]):[#6]2:[#8]:[#6](=[#8]):[#6](-[H]):[#6](-[#6](-[H])(-[H])-[H]):[#6]:2:[#6]:1-[H].[#6@@:19]).[H]-[#8:55]>>([#6:40]-[#8:55].[#6@:19]),"EVODEX.1-P5008,EVODEX.1-P5198",83663936478165081855360998638888229241053771507560094614202593066641281506864
EVODEX.1-C1128,[H]-[#6](-[H])(-[H])-[#8]-[#6:16].[H]-[#7:6]-[#6@@:5]>>[#7:6](-[#6@:5])-[#6:16],"EVODEX.1-P5015,EVODEX.1-P5017",20631116568373236260890295095582603672924144641832947622473516727989292578128
EVODEX.1-C1129,[H]-[#6]1:[#6](-[#7](-[H])-[#6:11]):[#6](-[H]):[#6]2:[#8]:[#6](=[#8]):[#6](-[H]):[#6](-[#6](-[H])(-[H])-[H]):[#6]:2:[#6]:1-[H].[H]-[#8:53]>>[#6:11]-[#8:53],"EVODEX.1-P5032,EVODEX.1-P5114",98914080567473568122747465858364359447372116408733775283273667974425834827813
EVODEX.1-C1130,[H]-[#6]1:[#6](-[#7](-[H])-[#6:24]-[#6@@:23]):[#6](-[H]):[#6]2:[#6](-[#6](-[H])(-[H])-[#6](=[#8])-[#7](-[H])-[H]):[#6](-[H]):[#6](=[#8]):[#8]:[#6]:2:[#6]:1-[H].[H]-[#8:42]>>[#6:24](-[#6@:23])-[#8:42],"EVODEX.1-P5053,EVODEX.1-P5055",26908771887406897448144057405464582271750479553183228865119967228545969029642
EVODEX.1-C1131,([#7:18]-[#6:19].[#7:24]-[#6:25].[#6@:5]).[H]-[#8:53].[H]-[#8:54]>>([H]-[#7:24].[#6:19]-[#8:53]).[#6:25]-[#8:54].([H]-[#7:18].[#6@@:5]),"EVODEX.1-P5165,EVODEX.1-P5174",13218614304131143856517185560593215277775832474351771043408604237634245570537
EVODEX.1-C1132,[H]-[#8]-[#6](=[#8])-[#6@@](-[H])(-[#7](-[H])-[#6](=[#8])-[#6@@](-[H])(-[#7](-[H])-[#6:65]-[#6@@:64])-[#6](-[H])(-[H])-[H])-[#6](-[H])(-[H])-[#6](-[H])(-[#6](-[H])(-[H])-[H])-[#6](-[H])(-[H])-[H].[H]-[#8:84]>>[#6:65](-[#6@:64])-[#8:84],"EVODEX.1-P5342,EVODEX.1-P5344",70543042715420522173245815051419764988323950361153228380253735454303970537777
EVODEX.1-C1133,([#6:30]-[#7:32]-[#6@@:33].[#6@:13])>>([H]-[#8]-[#6:30].[#6@@:13]).[H]-[#7:32]-[#6:33],"EVODEX.1-P5348,EVODEX.1-P5378",83331219422707508576015522805238134399814361743607730891809393965186418734358
EVODEX.1-C1134,([#7:6]-[#6:7].[#6:62](-[#6@:61])-[#7:64])>>[H]-[#8]-[#6:7].([H]-[#8]-[#6:62]-[#6@@:61].[#7:6]-[H]).[H]-[#7:64],"EVODEX.1-P5352,EVODEX.1-P5421",18722136487815434757841905571680633297824927813181303510451823880228413396956
EVODEX.1-C1135,[H]-[#7](-[H])-[#6@:10]-[#6@:12].[H]-[#7:15]>>[#7:15]-[#6@:10]-[#6@@:12],"EVODEX.1-P5489,EVODEX.1-P5491",112989465390772978853401671312072978759968363480457578775203467473661907382410
EVODEX.1-C1136,[H]-[#8]-[#16](=[#8])(=[#8])-[#6](-[H])(-[H])-[#6](-[H])(-[H])-[#7](-[H])-[#6:18].[H]-[#8:27]>>[#6:18]-[#8:27],"EVODEX.1-P5616,EVODEX.1-P5698",108945905699695273802150846128380606273350007998327386936706853392502191932481
EVODEX.1-C1137,[#6:3](-[#7:4])-[#8:16]-[#6:17]>>[H]-[#7:4].[#6:3]=[#8:16].[H]-[#8]-[#6:17],"EVODEX.1-P5715,EVODEX.1-P5765",46348003586506485510955906396222088381676782891667379432902700565680376494083
EVODEX.1-C1138,[H]-[#7]=[#6:2].[H]-[#8:15]-[H]>>[#6:2]=[#8:15],"EVODEX.1-P5863,EVODEX.1-P5874",112714205852670665030568911404498205024855286612468239627393129241952961816893
EVODEX.1-C1139,[#7:1]=[#6:2]-[#7:4]>>[H]-[#7:1]-[#6:2]=[#8].[H]-[#7:4],"EVODEX.1-P5881,EVODEX.1-P5885",101583775837875046220953270941958219282065082406233979411729148154133181031846
EVODEX.1-C1140,[#15:4]-[#8:7]-[#15:8]-[#8:11]>>[H]-[#8:11].[H]-[#8]-[#15:8]-[#8:7]-[H].[H]-[#8]-[#15:4],"EVODEX.1-P6004,EVODEX.1-P6018",59385771657359791197852123304240580333675663583154904389327162473804365367883
EVODEX.1-C1141,([#15:17]-[#8:20]-[#15:21]-[#8:24].[#6@@:12])>>([H]-[#8]-[#15:17].[#6@:12]).[H]-[#8]-[#15:21]-[#8:20]-[H].[H]-[#8:24],"EVODEX.1-P6006,EVODEX.1-P6009",12700696385528785738734466167647462829068285333773164955678904826085576798697
EVODEX.1-C1142,([H]-[#8]-[#15](=[#8])(-[#8]-[H])-[#8]-[#15:19].[#6@:14]).[H]-[#8:28]>>([#15:19]-[#8:28].[#6@@:14]),"EVODEX.1-P6011,EVODEX.1-P6013",20462305830595181816739898351601576644392934356945910434944620461025122206508
EVODEX.1-C1143,[H]-[#6:5]>>[H]-[#8]-[#6@@](-[H])(-[#6](-[H])(-[H])-[H])-[#6:5],"EVODEX.1-P6181,EVODEX.1-P6182",104692063266313229432861415147590396759970732710928763106956980693795780620051
EVODEX.1-C1144,[#6:5](-[#6@:4])=[#8:6]>>[H]-[#8]-[#6](-[H])(-[H])-[#6](=[#8])-[#6](-[H])(-[#8]-[H])-[#6:5](-[#6@@:4])-[#8:6]-[H],"EVODEX.1-P6262,EVODEX.1-P6265",95480158768153440389374413745457627869950673761057749637390506203582994710788
EVODEX.1-C1145,[#6:6]-[#8:8]>>[H]-[#8]-[#6](=[#8])-[#6@@](-[H])(-[#7](-[H])-[#6:6])-[#6](-[H])(-[H])-[H].[H]-[#8]-[#6@@]1(-[H])-[#6@@](-[H])(-[#8]-[H])-[#6@](-[H])(-[#7]2:[#6](-[H]):[#7]:[#6]3:[#6](-[#7](-[H])-[H]):[#7]:[#6](-[H]):[#7]:[#6]:2:3)-[#8]-[#6@]-1(-[H])-[#6](-[H])(-[H])-[#8]-[#15](=[#8])(-[#8]-[H])-[#8]-[#15](=[#8])(-[#8]-[H])-[#8:8],"EVODEX.1-P6620,EVODEX.1-P7411",11928920233887942616206646328738881976584100326647938454096485608576984109268
EVODEX.1-C1146,([H]-[#8]-[#15:16].[#6@:7]).[H]-[#8:38]>>([#15:16]-[#8:38].[#6@@:7]),"EVODEX.1-P6622,EVODEX.1-P6908",11097171520367899615597090174042001381759540384628865485931079520775872142909
EVODEX.1-C1147,([H]-[#8]-[#15](=[#8])(-[#8]-[H])-[#8]-[#15:30].[#6@@:40]-[#6@@:38]).[H]-[#7:1].[#6:43]-[#8:44]>>([#15:30]-[#8:44].[#6@:38]-[#6@:40]).[#7:1]-[#6:43],"EVODEX.1-P6903,EVODEX.1-P7089",79721524031174330261534011807949431097353369433880067358833370676386472945840
EVODEX.1-C1148,[H]-[#8]-[#6:17].[H]-[#7:20].[H]-[#8]-[#6@@]1(-[H])-[#6@@](-[H])(-[#8]-[H])-[#6@](-[H])(-[#7]2:[#6](-[H]):[#7]:[#6]3:[#6](-[#7](-[H])-[H]):[#7]:[#6](-[H]):[#7]:[#6]:2:3)-[#8]-[#6@]-1(-[H])-[#6](-[H])(-[H])-[#8]-[#15](=[#8])(-[#8]-[H])-[#8:45]>>[#6:17]-[#7:20].[H]-[#8:45],"EVODEX.1-P6934,EVODEX.1-P7489",27261815578861857955727454598980689965187446436005134226431702438683683714902
EVODEX.1-C1149,[H]-[#8]-[#15](=[#8])(-[#8]-[H])-[#8].[H]-[#7:12]-[#6@@:11]>>[H]-[#7](-[H])-[#6](-[H])(-[H])-[#6](-[H])(-[H])-[#6](=[#8])-[#7:12]-[#6@:11].[H]-[#8],"EVODEX.1-P6945,EVODEX.1-P6949",46511483792552861659373501568051606650117067597007792624469469233467163353666
EVODEX.1-C1150,[H]-[#8]-[#6@@]1(-[H])-[#6@@](-[H])(-[#8]-[H])-[#6@](-[H])(-[#6](-[H])(-[H])-[#8]-[#15](=[#8])(-[#8]-[H])-[#8:34])-[#8]-[#6@]-1(-[H])-[#7]1:[#6](-[H]):[#7]:[#6]2:[#6](-[#7](-[H])-[H]):[#7]:[#6](-[H]):[#7]:[#6]:1:2.[H]-[#7:12]-[#6@@:11]>>[H]-[#7](-[H])-[#6](-[H])(-[H])-[#6](-[H])(-[H])-[#6](=[#8])-[#7:12]-[#6@:11].[H]-[#8:34],"EVODEX.1-P6947,EVODEX.1-P6948",50422444454416005910657707462295203766079102263660878790818095048426960509913
EVODEX.1-C1151,[#6:27]-[#8:29].[H]-[#7:36].([#8:68]-[#15:69].[#6@:73]-[#6@:75])>>[#6:27]-[#7:36].([H]-[#8:68].[#6@@:75]-[#6@@:73]).[#8:29]-[#15:69],"EVODEX.1-P6959,EVODEX.1-P7018",60717817291684963853005096953750725892766213049526281777854335442291053836312
EVODEX.1-C1152,([#6:54]-[#8:56].[#6@@:5]-[#6@@:38].[#6@:51])>>([H]-[#8]-[#6](=[#8])-[#6@@](-[H])(-[#7](-[H])-[#6:54])-[#6](-[H])(-[H])-[H].[#6@@:51].[#6@:38]-[#6@:5]).[H]-[#8]-[#6@@]1(-[H])-[#6@@](-[H])(-[#8]-[H])-[#6@](-[H])(-[#7]2:[#6](-[H]):[#7]:[#6]3:[#6](-[#7](-[H])-[H]):[#7]:[#6](-[H]):[#7]:[#6]:2:3)-[#8]-[#6@]-1(-[H])-[#6](-[H])(-[H])-[#8]-[#15](=[#8])(-[#8]-[H])-[#8]-[#15](=[#8])(-[#8]-[H])-[#8:56],"EVODEX.1-P6962,EVODEX.1-P6966",43861030921290046877368902720876278734464173301566526304057596156611335164425
EVODEX.1-C1153,[#6:10]-[#8:12].[H]-[#8]-[#15](=[#8])(-[#8]-[H])-[#8]-[#15:42]>>[H]-[#8]-[#6](=[#8])-[#6](-[H])(-[H])-[#6](-[H])(-[H])-[#6@@](-[H])(-[#6](=[#8])-[#8]-[H])-[#7](-[H])-[#6:10].[#8:12]-[#15:42],"EVODEX.1-P7003,EVODEX.1-P7168",110638227942114699402705899473065279369698952976453549799965758199421281940189
EVODEX.1-C1154,([H]-[#8]-[#6:14].[#6@:11]).[H]-[#7:34].[H]-[#8]-[#6@@]1(-[H])-[#6@@](-[H])(-[#8]-[H])-[#6@](-[H])(-[#7]2:[#6](-[H]):[#7]:[#6]3:[#6](-[#7](-[H])-[H]):[#7]:[#6](-[H]):[#7]:[#6]:2:3)-[#8]-[#6@]-1(-[H])-[#6](-[H])(-[H])-[#8]-[#15](=[#8])(-[#8]-[H])-[#8]-[#15](=[#8])(-[#8]-[H])-[#8:66]>>([#6:14]-[#7:34].[#6@@:11]).[H]-[#8:66],"EVODEX.1-P7014,EVODEX.1-P7026",23683146162795141982368652606977689072799809800045053404755811793174461482057
EVODEX.1-C1155,[H]-[#8]-[#15](=[#8])(-[#8]-[H])-[#8]-[#15:66].([#6:27]-[#8:29].[#6@@:24])>>([H]-[#8]-[#6](=[#8])-[#6](-[H])(-[H])-[#6](-[H])(-[H])-[#6@@](-[H])(-[#6](=[#8])-[#8]-[H])-[#7](-[H])-[#6:27].[#6@:24]).[#8:29]-[#15:66],"EVODEX.1-P7029,EVODEX.1-P7037",111494590165325136390792793426013838487940182476269161847899397814043665936649
EVODEX.1-C1156,([#6:32]-[#8:34].[#6@:20]).[H]-[#7:9]-[#6@@:8]>>([#7:9](-[#6@:8])-[#6:32].[#6@@:20]).[H]-[#8]-[#6@@]1(-[H])-[#6@@](-[H])(-[#8]-[H])-[#6@](-[H])(-[#7]2:[#6](-[H]):[#7]:[#6]3:[#6](-[#7](-[H])-[H]):[#7]:[#6](-[H]):[#7]:[#6]:2:3)-[#8]-[#6@]-1(-[H])-[#6](-[H])(-[H])-[#8]-[#15](=[#8])(-[#8]-[H])-[#8]-[#15](=[#8])(-[#8]-[H])-[#8:34],"EVODEX.1-P7062,EVODEX.1-P7142",88842214715818189083938618056242163875187136380621475219926166687173204115831
EVODEX.1-C1157,[H]-[#7:3]-[#6@:2].[H]-[#8]-[#15](=[#8])(-[#8]-[H])-[#8]-[#15:42].([#6:17]-[#8:19].[#6@@:8])>>([#7:3](-[#6@@:2])-[#6:17].[#6@:8]).[#8:19]-[#15:42],"EVODEX.1-P7072,EVODEX.1-P7106",48660835252730117952512617323307621492677592298394511055160940017501723473428
EVODEX.1-C1158,[H]-[#8]-[#6:32].[H]-[#7:9]-[#6@@:8]>>[#7:9](-[#6@:8])-[#6:32],"EVODEX.1-P7083,EVODEX.1-P7141",94387278322821399936276251922269284334007742738530685006176816707045452990186
EVODEX.1-C1159,[H]-[#7:1].[#15:20]-[#8:23].[#6:37]-[#8:38]>>[#15:20]-[#8:38].[#7:1]-[#6:37].[H]-[#8:23],"EVODEX.1-P7088,EVODEX.1-P7494",53100348372831763418693727398321977143100512483690601958167276656026874928139
EVODEX.1-C1160,([H]-[#8]-[#6:42].[#6@:38]-[#6@:5]).[H]-[#7:47]>>([#6:42]-[#7:47].[#6@@:5]-[#6@@:38]),"EVODEX.1-P7171,EVODEX.1-P7536",111527770494541110579500931831703616143000023811774504823176989990213519938422
EVODEX.1-C1161,[H]-[#7:49].[H]-[#8]-[#6@@]1(-[H])-[#6@@](-[H])(-[#8]-[H])-[#6@](-[H])(-[#7]2:[#6](-[H]):[#7]:[#6]3:[#6](-[#7](-[H])-[H]):[#7]:[#6](-[H]):[#7]:[#6]:2:3)-[#8]-[#6@]-1(-[H])-[#6](-[H])(-[H])-[#8]-[#15](=[#8])(-[#8]-[H])-[#8]-[#15](=[#8])(-[#8]-[H])-[#8:75]>>[H]-[#8]-[#6](-[H])(-[H])-[#6@@]1(-[H])-[#8]-[#6@](-[H])(-[#8]-[#15](=[#8])(-[#8]-[H])-[#8]-[#15](=[#8])(-[#8]-[H])-[#8]-[#6](-[H])(-[H])-[#6@@]2(-[H])-[#8]-[#6@@](-[H])(-[#7]3:[#6](-[H]):[#6](-[H]):[#6](=[#8]):[#7](-[H]):[#6]:3=[#8])-[#6@](-[H])(-[#8]-[H])-[#6@]-2(-[H])-[#8]-[H])-[#6@](-[H])(-[#7](-[H])-[#6](=[#8])-[#6](-[H])(-[H])-[H])-[#6@@](-[H])(-[#8]-[#6@@](-[H])(-[#6](=[#8])-[#7:49])-[#6](-[H])(-[H])-[H])-[#6@]-1(-[H])-[#8]-[H].[H]-[#8:75],"EVODEX.1-P7177,EVODEX.1-P7510",104746285359110256529288655466485866865112815004281505255811610235532273481311
EVODEX.1-C1162,[#6:42]-[#8:44].[H]-[#7:47]-[#6:46].[H]-[#8]-[#15](=[#8])(-[#8]-[H])-[#8]-[#15:72]>>[#6:42]-[#7:47]-[#6@@:46].[#8:44]-[#15:72],"EVODEX.1-P7178,EVODEX.1-P7525",110588111479258417928186011643996306796559011600207861920267196554316305863099
EVODEX.1-C1163,([H]-[#8]-[#6:42].[#6@:38]-[#6@:5]).[H]-[#7:47]-[#6:46].[H]-[#8]-[#6@@]1(-[H])-[#6@@](-[H])(-[#8]-[H])-[#6@](-[H])(-[#7]2:[#6](-[H]):[#7]:[#6]3:[#6](-[#7](-[H])-[H]):[#7]:[#6](-[H]):[#7]:[#6]:2:3)-[#8]-[#6@]-1(-[H])-[#6](-[H])(-[H])-[#8]-[#15](=[#8])(-[#8]-[H])-[#8]-[#15](=[#8])(-[#8]-[H])-[#8:78]>>([#6:42]-[#7:47]-[#6@@:46].[#6@@:5]-[#6@@:38]).[H]-[#8:78],"EVODEX.1-P7498,EVODEX.1-P7530",47688626295719380215190199458894501521605406524233501454218518471800697305357
EVODEX.1-C1164,([H]-[#8]-[#6:42].[#6@:38]-[#6@:5]).[H]-[#7:47]-[#6:46]>>([#6:42]-[#7:47]-[#6@@:46].[#6@@:5]-[#6@@:38]),"EVODEX.1-P7526,EVODEX.1-P7531",54984301241896994410604325238126252853971510910641374073269408118446047958600
EVODEX.1-C1165,[H]-[#6:4](-[#8:5]-[H])-[#6@@:6]-[#6@:8]-[#6@:10]>>[#6:4](=[#8:5])-[#6@:6]-[#6@@:8]-[#6@@:10],EVODEX.1-P24,91150814626738637135768061448701539216406704486204647183140511547928203658586
EVODEX.1-C1166,([#6:28]=[#8:29].[#6@:12].[#6@:31]-[#6@@:33]-[#6@@:35])>>([H]-[#6:28]-[H].[#6@@:12].[#6@:35]-[#6@:33]-[#6@@:31]).[H]-[#8:29]-[H],EVODEX.1-P28,96911253271011891342435649912048654261129773073068650520264459811043985725147
EVODEX.1-C1167,([H]-[#6@@:11]-[#8:12]-[H].[#6@:6](-[#6@:5]-[#6@@:15])-[#6@@:17]-[#6@@:2])>>([#6:11]=[#8:12].[#6@:2]-[#6@:17]-[#6@@:6]-[#6@@:5]-[#6@:15]),EVODEX.1-P33,35519341592874280640845359147101564501811058048430030602418845581601550106587
EVODEX.1-C1168,([H]-[#6@@:17]-[#8:18]-[H].[#6@:4]-[#6@@:20]-[#6@:22].[#6@@:14])>>([#6:17]=[#8:18].[#6@@:4]-[#6@:20]-[#6@@:22].[#6@:14]),EVODEX.1-P34,88722324894521776397650363080916482704772583024708224457550996893777261382521
EVODEX.1-C1169,([#6:20]=[#8:21].[#6@:2].[#6@:11]-[#6@@:24]-[#6@:15])>>([H]-[#6:20]-[#8:21]-[H].[#6@@:15]-[#6@:24]-[#6@@:11].[#6@@:2]),EVODEX.1-P37,20318739153063566818732084961991848894790778194784927652494221581286291546922
EVODEX.1-C1170,([#6:25]=[#8:26].[#6@:2].[#6@:11]-[#6@@:18].[#6@:13])>>([H]-[#6:25]-[#8:26]-[H].[#6@@:13].[#6@@:2].[#6@@:11]-[#6@:18]),EVODEX.1-P42,11554398803003189424860068224576295788520996494588578020123538782601983544315
EVODEX.1-C1171,([H]-[#6:61]-[#8:62]-[H].[#6@:56].[#6@:50])>>([#6:61]=[#8:62].[#6@@:50].[#6@@:56]),EVODEX.1-P52,4787893898611722808222113343237009001759623064110230880370262792733994844012
EVODEX.1-C1172,[#6:11](-[#6@@:10]-[#6@@:22])=[#8:12]>>[H]-[#6@@:11](-[#8:12]-[H])-[#6@:10]-[#6@:22],EVODEX.1-P69,104172802028727815677383363076810651705671446193463938532094675497174806739371
EVODEX.1-C1173,([H]-[#6:23]-[H].[#6@:7].[#6@@:29]-[#6@:27]-[#6@@:25]).[H]-[#8:125]-[H]>>([#6:23]=[#8:125].[#6@@:7].[#6@:25]-[#6@@:27]-[#6@:29]),EVODEX.1-P71,16417566797242568166001966638625242316276732069470459509362257248990754492160
EVODEX.1-C1174,[H]-[#6:91](-[H])-[#6@@:90].[H]-[#8:99]-[H]>>[#6:91](-[#6@:90])=[#8:99],EVODEX.1-P72,75738341024167255083534980135042969408262209716510242002924200092018028122139
EVODEX.1-C1175,[H]-[#6:2](-[#8:3]-[H])-[#6:4](-[H])-[#8:5]-[H]>>[#6:2](=[#8:3])-[#6:4]=[#8:5],EVODEX.1-P73,37275423450691258713330337975602315432158253505003543368625504402976939201889
EVODEX.1-C1176,([#6:23](=[#8:24])-[#6@:25]-[#6@:27]-[#6@@:19].[#6@@:12]-[#6@:17])>>([H]-[#6@:23](-[#8:24]-[H])-[#6@@:25]-[#6@@:27]-[#6@:19].[#6@:12]-[#6@@:17]),EVODEX.1-P75,32312844409476322196863264921960239603769465099572007608449373247753659182529
EVODEX.1-C1177,([#6:25](-[#6@@:24])=[#8:26].[#6@@:6]-[#6@:20].[#6@@:9])>>([H]-[#6:25](-[#6@:24])-[#8:26]-[H].[#6@:6]-[#6@@:20].[#6@:9]),EVODEX.1-P78,83076029726343283784715436785667122496386033523211873970364470306371827080359
EVODEX.1-C1178,([#6:5]=[#8:6].[#6@:2])>>([H]-[#6:5]-[#8:6]-[H].[#6@@:2]),EVODEX.1-P80,25151209798299016441525042136540199621832415171490640340500569829304645885547
EVODEX.1-C1179,([#6:12]=[#8:13].[#6@:2]-[#6@:18]-[#6@@:6]-[#6@@:5]-[#6@:16])>>([H]-[#6:12]-[#8:13]-[H].[#6@:6](-[#6@:5]-[#6@@:16])-[#6@@:18]-[#6@@:2]),EVODEX.1-P81,82185737607503381567089172504044716138773663829240577493733953822522503599938
EVODEX.1-C1180,([H]-[#6@:22]-[#8:23]-[H].[#6@@:2].[#6@@:11]-[#6@:17])>>([#6:22]=[#8:23].[#6@:2].[#6@:11]-[#6@@:17]),EVODEX.1-P89,97671192223672296041813066205907131204372991861518646808319798469032766484022
EVODEX.1-C1181,([H]-[#6@@:16](-[#8:17]-[H])-[#6@@:14]-[#6@:20]-[#6@@:10].[#6@@:2])>>([#6:16](-[#6@:14]-[#6@@:20]-[#6@:10])=[#8:17].[#6@:2]),EVODEX.1-P91,67336260432253389323518042057814953773423809784771794711995702384519548290299
EVODEX.1-C1182,([H]-[#6@@:22]-[#8:23]-[H].[#6@@:20]-[#6@@:26]-[#6@:28].[#6@:14]-[#6@@:31]).[#8:33]=[#8:34]>>([#6:22]=[#8:23].[#6@@:14]-[#6@:31].[#6@:20]-[#6@:26]-[#6@@:28]).[H]-[#8:33]-[#8:34]-[H],EVODEX.1-P114,29792734101415267281041441906971340091817110268062089085736272556895276216519
EVODEX.1-C1183,([H]-[#6@@:24](-[#8:25]-[H])-[#6@@:22].[#6@@:20]-[#6@@:27]-[#6@:29].[#6@:14]-[#6@@:32]).([#8:34].[#7:39])>>([#6:24](-[#6@:22])=[#8:25].[#6@@:14]-[#6@:32].[#6@:20]-[#6@:27]-[#6@@:29]).([H]-[#8:34].[#7:39]-[H]),EVODEX.1-P115,2587680524032749792808660207656790723844966096710904154546898882650332246496
EVODEX.1-C1184,([H]-[#6:18]-[#8:19]-[H].[#6@:15]).[#8:27]=[#8:28]>>([#6:18]=[#8:19].[#6@@:15]).[H]-[#8:27]-[#8:28]-[H],EVODEX.1-P127,114325412892707161900162579541175628944276041089138849059072317313075403681799
EVODEX.1-C1185,([#8:1].[#8:6]).[H]-[#6@@:13](-[#8:14]-[H])-[#6@:15]-[#6@@:17]-[#6@:19]>>([H]-[#8:1].[#8:6]-[H]).[#6:13](=[#8:14])-[#6@@:15]-[#6@:17]-[#6@@:19],EVODEX.1-P128,13656689018155293291651487442727194372356259596330854101165920646469984889439
EVODEX.1-C1186,([#6:19](-[#6@:17])=[#6:20].[#6@@:7]-[#6@:22])>>([H]-[#6@@:19](-[#6:20]-[H])-[#6@@:17].[#6@:7]-[#6@@:22]),EVODEX.1-P136,58941506567907423541479431279955605515283398377468535327342244516669623333285
EVODEX.1-C1187,([H]-[#6@:24]-[#8:25]-[H].[#6@:20]-[#6@@:29].[#6@:12]-[#6@@:18]).[#8:32]=[#8:33]>>([#6:24]=[#8:25].[#6@@:12]-[#6@:18].[#6@@:20]-[#6@:29]).[H]-[#8:32]-[#8:33]-[H],EVODEX.1-P137,37564629343463798906480007635760125616267461808588751268381669045556242517908
EVODEX.1-C1188,[#8:1]=[#8:2].([H]-[#6:19]-[#8:20]-[H].[#6@@:35]-[#6@@:33]-[#6@:31].[#6@:29]-[#6@@:27]-[#6@:25].[#6@:23]-[#6@@:21])>>[H]-[#8:1]-[#8:2]-[H].([#6:19]=[#8:20].[#6@:21]-[#6@@:23].[#6@@:25]-[#6@:27]-[#6@@:29].[#6@@:31]-[#6@:33]-[#6@:35]),EVODEX.1-P146,113930578784752337427944518673433269841251301955083219649968728764873980651548
EVODEX.1-C1189,([#8:1].[#7:6]).[H]-[#6:22](-[#8:23]-[H])-[#6@:24]-[#6@@:26]-[#6@:28]>>[#6:22](=[#8:23])-[#6@@:24]-[#6@:26]-[#6@@:28].([H]-[#8:1].[#7:6]-[H]),EVODEX.1-P148,56158000377864975992907722954840988218469566053825874112185142228269816211343
EVODEX.1-C1190,([#8:1].[#7:6]).([H]-[#6@@:22]-[#8:23]-[H].[#6@:27]-[#6@@:25])>>([#6:22]=[#8:23].[#6@:25]-[#6@@:27]).([H]-[#8:1].[#7:6]-[H]),EVODEX.1-P151,9757928832039883990860546957726652082835022686179623846911173114960677879927
EVODEX.1-C1191,([#8:14].[#7:19]).[H]-[#6@@:7](-[#8:8]-[H])-[#6@@:9]-[#6@:11]>>[#6:7](=[#8:8])-[#6@:9]-[#6@@:11].([H]-[#8:14].[#7:19]-[H]),EVODEX.1-P167,50445645635777905999356713772448441266865108673884834600534143210165324760506
EVODEX.1-C1192,([#8:1].[#7:6]).[H]-[#6@@:26](-[#8:27]-[H])(-[#6@:24])-[#6@:28]>>[#6:26](-[#6@@:24])(=[#8:27])-[#6@@:28].([H]-[#8:1].[#7:6]-[H]),EVODEX.1-P169,83541067579892135065671816866863938076306469474316650785041763526346721145438
EVODEX.1-C1193,([#8:1].[#7:6]).([H]-[#6@@:27](-[#8:28]-[H])-[#6@:29]-[#6@@:31].[#6@@:20].[#6@@:35])>>([#6:27](=[#8:28])-[#6@@:29]-[#6@:31].[#6@:20].[#6@:35]).([H]-[#8:1].[#7:6]-[H]),EVODEX.1-P172,34154078162200234368852300378678691845414927222647839979272395807357085245152
EVODEX.1-C1194,([#8:1].[#7:6]).([H]-[#6@:50](-[#8:51]-[H])-[#6@@:48]-[#6@:46].[#6@@:41]-[#6@:39].[#6@@:34]-[#6@:32].[#6@@:27]-[#6@:25].[#6@:72]-[#6@@:70]-[#6@:68].[#6@:65].[#6@:61].[#6@:57].[#6@:53])>>([#6:50](-[#6@:48]-[#6@@:46])=[#8:51].[#6@@:25]-[#6@:27].[#6@@:32]-[#6@:34].[#6@@:39]-[#6@:41].[#6@@:53].[#6@@:57].[#6@@:61].[#6@@:65].[#6@@:68]-[#6@:70]-[#6@@:72]).([H]-[#8:1].[#7:6]-[H]),EVODEX.1-P173,37556982794536541758234792915979828985235885246191835100528909946386358615388
EVODEX.1-C1195,([H]-[#6@:50](-[#8:51]-[H])-[#6@@:48]-[#6@:46].[#6@@:41]-[#6@:39].[#6@@:34]-[#6@:32].[#6@@:27]-[#6@:25].[#6@:72]-[#6@@:70]-[#6@:68].[#6@:65].[#6@:61].[#6@:57].[#6@:53])>>([#6:50](-[#6@:48]-[#6@@:46])=[#8:51].[#6@@:25]-[#6@:27].[#6@@:32]-[#6@:34].[#6@@:39]-[#6@:41].[#6@@:53].[#6@@:57].[#6@@:61].[#6@@:65].[#6@@:68]-[#6@:70]-[#6@@:72]),EVODEX.1-P174,109431849853979913443070462580525858718654699622137023957291912711969011139510
EVODEX.1-C1196,([#8:1].[#8:6]).([H]-[#6@@:18](-[#8:19]-[H])-[#6@:20]-[#6@@:22].[#6@@:11].[#6@@:26])>>([H]-[#8:1].[#8:6]-[H]).([#6:18](=[#8:19])-[#6@@:20]-[#6@:22].[#6@:11].[#6@:26]),EVODEX.1-P175,89746543258618789612306553218824354773055740238409270176382272524515959466239
EVODEX.1-C1197,([H]-[#6@:37](-[#8:38]-[H])-[#6@@:28].[#6@@:23].[#6@:20].[#6@@:39]).([#8:1].[#7:6])>>([#6:37](-[#6@:28])=[#8:38].[#6@@:20].[#6@:23].[#6@:39]).([H]-[#8:1].[#7:6]-[H]),EVODEX.1-P182,42593417486415876933771514523087210437235373570500820552065125474929074235739
EVODEX.1-C1198,([H]-[#6:24].[#6@@:15]-[#6@:29]).[H]-[#8]-[#8:30]>>([#6:24]-[#8:30].[#6@:15]-[#6@@:29]),EVODEX.1-P194,70688040940497921502924367917248180211934221633165401628560389739367835971004
EVODEX.1-C1199,([H]-[#6@@:17].[#6@@:15].[#6@:20]).[#8:22]-[#8:23]>>([#8:22]-[#6@@:17].[#6@:15].[#6@@:20]).[H]-[#8:23],EVODEX.1-P209,43246230898126362983364061095917632771303843533419982077434594387514432559454
EVODEX.1-C1200,([H]-[#6@@:17].[#6@@:15].[#6@:20]).[H]-[#8]-[#8:22]>>([#8:22]-[#6@@:17].[#6@:15].[#6@@:20]),EVODEX.1-P210,10699522984585429826534070929322484684579698840915896552592170352635330277982
EVODEX.1-C1201,,EVODEX.1-P224,27268205474082628737597336868393572875566519366218947123774413961073817600956
EVODEX.1-C1202,([H]-[#6:28](-[#6@@:26](-[#6@:24])-[#6@@:30]-[#6@:20])-[#8:29]-[H].[#6@:12]-[#6@@:18]).[#8:77]=[#8:78]>>([#6:28](-[#6@@:26](-[#6@@:24])-[#6@:30]-[#6@@:20])=[#8:29].[#6@@:12]-[#6@:18]).[H]-[#8:77]-[H].[H]-[#8:78]-[H],EVODEX.1-P475,75160731431095231194403843289963106245684111641195190878772759752482695311095
EVODEX.1-C1203,([H]-[#6@:12](-[#6@:11]-[#6@@:26])(-[#6@:23])-[#6:13]-[H].[#6@@:3])>>([#6:12](-[#6@@:11]-[#6@:26])(=[#6:13])-[#6@@:23].[#6@:3]),EVODEX.1-P604,5243863597697361808360954785623850065927711218188500228556719872655224592439
EVODEX.1-C1204,[H]-[#6:4](-[#6@@:3])-[#6:5]-[H]>>[#6:4](-[#6@:3])=[#6:5],EVODEX.1-P605,40262629846634102101510677016576914490820538360520096651487662466741624477824
EVODEX.1-C1205,([H]-[#6:20]-[#6:19](-[#16:18])-[#6:22]-[H].[#6@@:13]).[H]-[#8]-[#6](=[#8])-[#6:31].[#8]=[#8:36]>>([#16:18]-[#6:20]-[#6:19]=[#6:22].[#6@:13]).[H]-[#8:36]-[#6:31],EVODEX.1-P611,67197366267207685202969333345818235290589369100487564882371654241878541037250
EVODEX.1-C1206,([H]-[#6:20]-[#6:19](-[#16:18])-[#6:22]-[H].[#6@@:13]).[H]-[#8:35]-[#6:33]-[#6:31].[#8:36]=[#8:37]>>[#6:33]=[#8:35].([#16:18]-[#6:20]-[#6:19]=[#6:22].[#6@:13]).[H]-[#8:36]-[#6:31].[H]-[#8:37]-[H],EVODEX.1-P613,23513806410151314490599801975839777477706206967131252572690982305775434586085
EVODEX.1-C1207,([#6:54]-[#8:56].[#6@@:50]).([#15:75]-[#8:78].[#6@:87]-[#6@:89])>>([H]-[#6:54].[#6@:50]).([#8:56]-[#15:75].[#6@@:89]-[#6@@:87]).[H]-[#8:78],EVODEX.1-P759,4768198821999379927242875202144909731651479746538976201820508906453932995234
EVODEX.1-C1208,([#6:54]-[#8:56].[#6@@:50]).[H]-[#8]-[#15](=[#8])(-[#8]-[H])-[#8]-[#15](=[#8])(-[#8]-[H])-[#8]-[#15:75]>>([H]-[#6:54].[#6@:50]).[#8:56]-[#15:75],EVODEX.1-P760,10427059393987666330239529122629245739441605492740932018633936211718812050225
EVODEX.1-C1209,[#6:15](-[#6@:14]-[#6@:3])=[#6:16]>>[H]-[#6:15](-[#6@@:14]-[#6@@:3])-[#6:16]-[H],EVODEX.1-P798,44262752658646673828026856517987385097269347477440046892016750157724166691793
EVODEX.1-C1210,[H]-[#6@:62](-[#6@@:68]-[#6@:70]-[#6@@:59]-[#6@:58]-[#6@@:74]-[#6@:72])-[#6:63]-[H]>>[#6:62](=[#6:63])-[#6@:68]-[#6@@:70]-[#6@:59]-[#6@@:58]-[#6@:74]-[#6@@:72],EVODEX.1-P801,27756154347741474591259907064710554029306542804916903200440771416033249344974
EVODEX.1-C1211,[H]-[#6@:63](-[#6@@:69]-[#6@:71]-[#6@@:59](-[#6@:60])-[#6@:58]-[#6@@:75]-[#6@:73])-[#6:64]-[H]>>[#6:63](=[#6:64])-[#6@:69]-[#6@@:71]-[#6@:59](-[#6@@:58]-[#6@:75]-[#6@@:73])-[#6@@:60],EVODEX.1-P802,61685320440046800199147602346343405148551112764957236710433465916302819425558
EVODEX.1-C1212,[#6:16](-[#6@@:14]-[#6@@:13](-[#6@@:12]-[#6@:28])-[#6@@:25])=[#6:17]>>[H]-[#6:16](-[#6@:14]-[#6@@:13](-[#6@:12]-[#6@@:28])-[#6@:25])-[#6:17]-[H],EVODEX.1-P810,35460570350241731270326767045939466771284173814461289658851371218715243000537
EVODEX.1-C1213,([#6:9]=[#6:10].[#6@@:5](-[#6@:6])-[#6@:20])>>([H]-[#6@@:9]-[#6:10]-[H].[#6@@:6]-[#6@:5]-[#6@@:20]),EVODEX.1-P811,94074865984444034500227715985110563140748694229043500075995359605626010867034
EVODEX.1-C1214,[#6:9](=[#6:10]-[#6@:11])-[#6@:15]-[#6@@:5]-[#6@@:6]-[#6@:17]-[#6@:2]>>[H]-[#6@@:9](-[#6@@:15]-[#6@:5]-[#6@:6]-[#6@@:17]-[#6@@:2])-[#6:10](-[#6@@:11])-[H],EVODEX.1-P812,115019937759969108668847211353769430916043986401144244313186973732636054915598
EVODEX.1-C1215,[H]-[#6@:17](-[#6@@:23]-[#6@:25]-[#6@@:13](-[#6@:14])-[#6@:12]-[#6@@:28])-[#6:18]-[H]>>[#6:17](=[#6:18])-[#6@:23]-[#6@@:25]-[#6@:13](-[#6@@:12]-[#6@:28])-[#6@@:14],EVODEX.1-P813,36889996159825245575745926377388049732262835495083231589488750161190318083582
EVODEX.1-C1216,[H]-[#6:17]-[#6:18](-[#6@:19]-[#6@@:5])-[H]>>[#6:17]=[#6:18]-[#6@@:19]-[#6@:5],EVODEX.1-P824,5889841465097692452886336736470264385788780799671148068072139414376349498601
EVODEX.1-C1217,([#15:12]-[#8:15].[#6@@:65])>>([H]-[#8]-[#6@@]1(-[H])-[#6@@](-[H])(-[#8]-[H])-[#6@](-[H])(-[#7]2:[#6](-[H]):[#7]:[#6]3:[#6](-[#7](-[H])-[H]):[#7]:[#6](-[H]):[#7]:[#6]:2:3)-[#8]-[#6@]-1(-[H])-[#6](-[H])(-[H])-[#8]-[#15](=[#8])(-[#8]-[H])-[#8]-[#15:12].[#6@:65]).[H]-[#8:15],EVODEX.1-P1187,88642465482294306603037500819798064376842003323584318410306962896032831230212
EVODEX.1-C1218,([#16:54]-[#16:55].[#6@:52])>>([H]-[#16:54].[#6@@:52]).[H]-[#16:55],EVODEX.1-P1220,491471619953271544625312264469218413044362077240211775306736775061906702346
EVODEX.1-C1219,[#6:15]-[#16:16].([H]-[#8:7].[#6@@:2])>>([#8:7]-[#6:15].[#6@:2]).[#16:16],EVODEX.1-P1231,65649445976617458245801562575564904985181307782705088359435444731140569958441
EVODEX.1-C1220,([H]-[#7:19]-[#6@:20]-[#6@:21].[#6@@:3]-[#6@@:28]).[H]-[#8]-[#6](=[#8])-[#6@@](-[H])(-[#7](-[H])-[H])-[#6](-[H])(-[H])-[#6](-[H])(-[H])-[#16](-[#6](-[H])(-[H])-[#6@@]1(-[H])-[#8]-[#6@@](-[H])(-[#7]2:[#6](-[H]):[#7]:[#6]3:[#6](-[#7](-[H])-[H]):[#7]:[#6](-[H]):[#7]:[#6]:2:3)-[#6@](-[H])(-[#8]-[H])-[#6@]-1(-[H])-[#8]-[H])-[#6:29]>>([#7:19](-[#6:29])-[#6@@:20]-[#6@@:21].[#6@:3]-[#6@:28]),EVODEX.1-P1324,83017007352516845003848458864969931257115781409924660580603573689886205318073
EVODEX.1-C1221,[H]-[#8]-[#15](=[#8])(-[#8]-[H])-[#8]-[#6:11].[H]-[#7:6]-[#6@@:5]>>[#7:6](-[#6@:5])-[#6:11],EVODEX.1-P1345,112713167752506572666758935114657908446953188357638706906860362109806029380361
EVODEX.1-C1222,[H]-[#8]-[#6@]1(-[H])-[#6@](-[H])(-[#8]-[#15](=[#8])(-[#8]-[H])-[#8]-[H])-[#6@@](-[H])(-[#6](-[H])(-[H])-[#8]-[#15](=[#8])(-[#8]-[H])-[#8]-[#15](=[#8])(-[#8]-[H])-[#8]-[#6](-[H])(-[H])-[#6](-[#6](-[H])(-[H])-[H])(-[#6](-[H])(-[H])-[H])-[#6@@](-[H])(-[#8]-[H])-[#6](=[#8])-[#7](-[H])-[#6](-[H])(-[H])-[#6](-[H])(-[H])-[#6](=[#8])-[#7](-[H])-[#6](-[H])(-[H])-[#6](-[H])(-[H])-[#16]-[#6:2])-[#8]-[#6@@]-1(-[H])-[#7]1:[#6](-[H]):[#7]:[#6]2:[#6](-[#7](-[H])-[H]):[#7]:[#6](-[H]):[#7]:[#6]:1:2.[H]-[#7:52]-[#6@@:53]>>[#6:2]-[#7:52]-[#6:53],EVODEX.1-P1409,105766958971238276738889386528155192416080513454581460599560662621690851337188
EVODEX.1-C1223,([H]-[#8:17].[#6@:12]-[#6@:10].[#6@@:26]-[#6@:24].[#6@@:21]).[#6:42]-[#16:44]>>([#8:17]-[#6:42].[#6@@:10]-[#6@@:12].[#6@:21].[#6@@:24]-[#6@:26]).[H]-[#16:44],EVODEX.1-P1592,12692337631835558475481615206557725447360837486916317507331560307557623865216
EVODEX.1-C1224,([H]-[#16:23].[#6@:21]).[#6:52]-[#16:54]>>([#16:23]-[#6:52].[#6@@:21]).[H]-[#16:54],EVODEX.1-P1691,7527587181300311306995704997238210802546977943519850937024104583930848496914
EVODEX.1-C1225,([#16:23]-[#6:24].[#6@@:21]).[H]-[#16:101]>>[#6:24]-[#16:101].([H]-[#16:23].[#6@:21]),EVODEX.1-P1692,27183754740690148912174345647132449296761359572480977095492099750560408914950
EVODEX.1-C1226,[#6:18]-[#16:20].[H]-[#8:88]-[#6@:87]>>[#6:18]-[#8:88]-[#6:87].[H]-[#16:20],EVODEX.1-P1697,24376037443868984063557448657299421992198387427292088325190104507233205218987
EVODEX.1-C1227,([H]-[#8:19].[#6@@:13](-[#6@:12]-[#6@@:27])-[#6@:24]-[#6@@:22]).[#6:44]-[#8:46]>>([#8:19]-[#6:44].[#6@@:12](-[#6@:13]-[#6@@:24]-[#6@:22])-[#6@:27]).[H]-[#8:46],EVODEX.1-P1753,112656076268794939923847427074000722025661209383064721034988411814735145999866
EVODEX.1-C1228,[H]-[#8:8]-[#6:7]>>[H]-[#6](-[H])(-[H])-[#6](=[#8])-[#8:8]-[#6@:7],EVODEX.1-P1755,60834357553513004676128554437900215562327730082401996911685141850098872113
EVODEX.1-C1229,[H]-[#8:92]-[#6@:91]>>[H]-[#6](=[#6](-[H])-[#6](-[H])(-[H])-[#6](-[H])=[#6](-[H])-[#6](-[H])(-[H])-[#6](-[H])(-[H])-[#6](-[H])(-[H])-[#6](=[#8])-[#8:92]-[#6:91])-[#6](-[H])(-[H])-[#6](-[H])=[#6](-[H])-[#6](-[H])(-[H])-[#6](-[H])=[#6](-[H])-[#6](-[H])(-[H])-[#6](-[H])(-[H])-[#6](-[H])(-[H])-[#6](-[H])(-[H])-[#6](-[H])(-[H])-[H],EVODEX.1-P1808,92203235403685360616853880005139800341993677482287841409155297768065518027148
EVODEX.1-C1230,([#6:5]-[#16:7].[#6@:2])>>([H]-[#8]-[#6](=[#8])-[#6](-[H])(-[H])-[#7](-[H])-[#6:5].[#6@@:2]).[H]-[#16:7],EVODEX.1-P1841,29543437602753828246509056942481994888494441930694815182006135085446022502103
EVODEX.1-C1231,([H]-[#7:11].[#6@@:2]).([#6:19]-[#7:21].[#6@@:16])>>([#7:11]-[#6:19].[#6@:2].[#6@:16]).[H]-[#7:21],EVODEX.1-P2130,1763547088969987396887515591277671768756511403433148084698059661860991334696
EVODEX.1-C1232,([#6:15]-[#7:17].[#6@@:12]).[H]-[#7:7]-[#6@@:6]>>[H]-[#7:17].([#7:7](-[#6@:6])-[#6:15].[#6@:12]),EVODEX.1-P2132,76253904862674723776285695775305931875864187111706451661698840769548437185833
EVODEX.1-C1233,([H]-[#7:33].[#6@:28].[#6@:36]-[#6@:34]).([#6:43]-[#7:45].[#6@@:40])>>([#7:33]-[#6:43].[#6@@:28].[#6@:40].[#6@@:34]-[#6@@:36]).[H]-[#7:45],EVODEX.1-P2144,39217961910517399809061915977667194648471695145528047088852212640093135904266
EVODEX.1-C1234,([H]-[#7:24]-[#6@:23].[#6:27]-[#8:29].[#6@@:8])>>([#7:24](-[#6@@:23])-[#6:27].[#6@:8]).[H]-[#8:29],EVODEX.1-P2158,15912691900108265804709644157372161330997690059209579916771904787730994412254
EVODEX.1-C1235,([H]-[#7:15].[#7:11]-[#6@@:10].[#6@@:6])>>([#7:15]-[#6@:10].[#6@:6]).[H]-[#7:11],EVODEX.1-P2163,75137177175377429405493195644245414233132850456839931154417892933576033162331
EVODEX.1-C1236,[H]-[#8]-[#15:62].[H]-[#8:68]>>[#15:62]-[#8:68],EVODEX.1-P2220,1125429349197024759460143291961197290265046943771777528301563421430544373955
EVODEX.1-C1237,[H]-[#6](-[H])(-[H])-[#6](=[#8])-[#16:4].[H]-[#8]-[#15:62].[H]-[#8:68]>>[#15:62]-[#8:68].[H]-[#16:4],EVODEX.1-P2221,67770629992874340397532997920930712735495595799274900901623084619326218347140
EVODEX.1-C1238,([H]-[#8:13].[#6@@:10]-[#6@:8].[#6@@:22]-[#6@@:20]-[#6@:18].[#6@:15]).[#8:31](-[#6@@:28]-[#6@:43]-[#6@@:45])-[#6@@:32]>>([#8:13]-[#6@:28]-[#6@@:43]-[#6@:45].[#6@@:8]-[#6@:10].[#6@@:15].[#6@@:18]-[#6@:20]-[#6@:22]).[H]-[#8:31]-[#6:32],EVODEX.1-P2237,59960329592287196603774475818813499976455498251284540853136295791518940189182
EVODEX.1-C1239,([#8:139]-[#6@:138].[#6@@:165]-[#6@:168]-[#6@@:170]).([H]-[#8:67].[#6@@:64]-[#6@:61].[#6@@:55]-[#6@:19].[#6@:12].[#6@@:6].[#6@@:83].[#6@@:79].[#6@@:74]-[#6@:72].[#6@:70].[#6@:68])>>([#8:67]-[#6@@:138].[#6@:6].[#6@@:12].[#6@@:19]-[#6@:55].[#6@@:61]-[#6@:64].[#6@:170]-[#6@@:168]-[#6@:165].[#6@@:68].[#6@@:70].[#6@@:72]-[#6@:74].[#6@:79].[#6@:83]).[H]-[#8:139],EVODEX.1-P2240,12132571383756458449040502517316775475072560131841417741354833890818901422903
EVODEX.1-C1240,([H]-[#8:19].[#6@:17]).[H]-[#8]-[#15](=[#8])(-[#8]-[#6](-[H])(-[H])-[#6](-[H])(-[H])-[#6](-[H])(-[#6](-[H])(-[H])-[H])-[#6](-[H])(-[H])-[#6](-[H])(-[H])-[#6](-[H])=[#6](-[#6](-[H])(-[H])-[H])-[#6](-[H])(-[H])-[#6](-[H])(-[H])-[#6](-[H])=[#6](-[#6](-[H])(-[H])-[H])-[#6](-[H])(-[H])-[#6](-[H])(-[H])-[#6](-[H])=[#6](-[#6](-[H])(-[H])-[H])-[#6](-[H])(-[H])-[#6](-[H])(-[H])-[#6](-[H])=[#6](-[#6](-[H])(-[H])-[H])-[#6](-[H])(-[H])-[#6](-[H])(-[H])-[#6](-[H])=[#6](-[#6](-[H])(-[H])-[H])-[#6](-[H])(-[H])-[#6](-[H])(-[H])-[#6](-[H])=[#6](-[#6](-[H])(-[H])-[H])-[#6](-[H])(-[H])-[#6](-[H])(-[H])-[#6](-[H])=[#6](-[#6](-[H])(-[H])-[H])-[#6](-[H])(-[H])-[#6](-[H])(-[H])-[#6](-[H])=[#6](-[#6](-[H])(-[H])-[H])-[#6](-[H])(-[H])-[#6](-[H])(-[H])-[#6](-[H])=[#6](-[#6](-[H])(-[H])-[H])-[#6](-[H])(-[H])-[#6](-[H])(-[H])-[#6](-[H])=[#6](-[#6](-[H])(-[H])-[H])-[#6](-[H])(-[H])-[#6](-[H])(-[H])-[#6](-[H])=[#6](-[#6](-[H])(-[H])-[H])-[#6](-[H])(-[H])-[#6](-[H])(-[H])-[#6](-[H])=[#6](-[#6](-[H])(-[H])-[H])-[#6](-[H])(-[H])-[#6](-[H])(-[H])-[#6](-[H])=[#6](-[#6](-[H])(-[H])-[H])-[#6](-[H])(-[H])-[#6](-[H])(-[H])-[#6](-[H])=[#6](-[#6](-[H])(-[H])-[H])-[#6](-[H])(-[H])-[#6](-[H])(-[H])-[#6](-[H])=[#6](-[#6](-[H])(-[H])-[H])-[#6](-[H])(-[H])-[#6](-[H])(-[H])-[#6](-[H])=[#6](-[#6](-[H])(-[H])-[H])-[#6](-[H])(-[H])-[#6](-[H])(-[H])-[#6](-[H])=[#6](-[#6](-[H])(-[H])-[H])-[#6](-[H])(-[H])-[#6](-[H])(-[H])-[#6](-[H])=[#6](-[#6](-[H])(-[H])-[H])-[#6](-[H])(-[H])-[#6](-[H])(-[H])-[#6](-[H])=[#6](-[#6](-[H])(-[H])-[H])-[#6](-[H])(-[H])-[H])-[#8]-[#6@:140]>>([#8:19]-[#6:140].[#6@@:17]),EVODEX.1-P2248,34829974623880411775296237560167876174350081472916299267103906624381925388984
EVODEX.1-C1241,([#8:15]-[#6@:16].[#6@@:42]-[#6@:44]-[#6@@:46].[#6@@:48]-[#6@@:50]-[#6@:52]).[H]-[#8:70]>>[#8:70]-[#6@@:16].([H]-[#8:15].[#6@@:52]-[#6@:50]-[#6@:48].[#6@:46]-[#6@@:44]-[#6@:42]),EVODEX.1-P2253,54317345319113630372879844919930631755787396846799902038532437704377199455831
EVODEX.1-C1242,([H]-[#8:128].[#6@:124].[#6@:117].[#6@@:6].[#6@:136].[#6@@:131]-[#6@:129]).[H]-[#8]-[#6@@]1(-[H])-[#6@@](-[H])(-[#8]-[H])-[#6@](-[H])(-[#7]2:[#6](-[H]):[#7]:[#6]3:[#6](=[#8]):[#7](-[H]):[#6](-[#7](-[H])-[H]):[#7]:[#6]:2:3)-[#8]-[#6@]-1(-[H])-[#6](-[H])(-[H])-[#8]-[#15](=[#8])(-[#8]-[H])-[#8]-[#15](=[#8])(-[#8]-[H])-[#8]-[#6@@:159]>>([#8:128]-[#6@:159].[#6@:6].[#6@@:117].[#6@@:124].[#6@@:129]-[#6@:131].[#6@@:136]),EVODEX.1-P2271,71394005791907533902947045429664275106762253666954902612943800159674983741317
EVODEX.1-C1243,([H]-[#8:48].[#6@:19].[#6@:12].[#6@@:6].[#6@@:89].[#6@@:85].[#6@@:80]-[#6@:78].[#6@:76]-[#6@:49]).[H]-[#8]-[#6@@]1(-[H])-[#6@@](-[H])(-[#8]-[H])-[#6@](-[H])(-[#7]2:[#6](-[H]):[#6](-[H]):[#6](=[#8]):[#7](-[H]):[#6]:2=[#8])-[#8]-[#6@]-1(-[H])-[#6](-[H])(-[H])-[#8]-[#15](=[#8])(-[#8]-[H])-[#8]-[#15](=[#8])(-[#8]-[H])-[#8]-[#6@:102]>>([#8:48]-[#6@:102].[#6@:6].[#6@@:12].[#6@@:19].[#6@@:49]-[#6@@:76].[#6@@:78]-[#6@:80].[#6@:85].[#6@:89]),EVODEX.1-P2273,36371744175046147925930209564911167542862358503184572229083632552981077942421
EVODEX.1-C1244,[H]-[#8:26]-[#6@@:25]-[#6@@:5].([#8:33]-[#6@:32].[#6@@:59]-[#6@:62]-[#6@@:64])>>([#8:26](-[#6@:25]-[#6@:5])-[#6@@:32].[#6@:64]-[#6@@:62]-[#6@:59]).[H]-[#8:33],EVODEX.1-P2276,51325389960282129113188855655618265197966564300297607443782485437328641043922
EVODEX.1-C1245,([H]-[#8:16].[#6@:13]-[#6@:10].[#6@@:25].[#6@@:21]-[#6@@:19].[#6@@:17]).([#8:36]-[#6@:35].[#6@@:62]-[#6@:65]-[#6@@:67])>>([#8:16]-[#6@:35].[#6@@:10]-[#6@@:13].[#6@:67]-[#6@@:65]-[#6@:62].[#6@:17].[#6@:19]-[#6@:21].[#6@:25]).[H]-[#8:36],EVODEX.1-P2279,60539341904177340869780169752466601654758261348783928230967612982154117415631
EVODEX.1-C1246,([H]-[#8:16].[#6@:13]-[#6@:10].[#6@@:25].[#6@@:21]-[#6@@:19].[#6@@:17]).[H]-[#8]-[#6@@]1(-[H])-[#6@@](-[H])(-[#8]-[H])-[#6@](-[H])(-[#7]2:[#6](-[H]):[#6](-[H]):[#6](=[#8]):[#7](-[H]):[#6]:2=[#8])-[#8]-[#6@]-1(-[H])-[#6](-[H])(-[H])-[#8]-[#15](=[#8])(-[#8]-[H])-[#8]-[#15](=[#8])(-[#8]-[H])-[#8]-[#6@:35]>>([#8:16]-[#6@:35].[#6@@:10]-[#6@@:13].[#6@:17].[#6@:19]-[#6@:21].[#6@:25]),EVODEX.1-P2280,11488916288218429461477861755192908244853405719164227838135039027026993807207
EVODEX.1-C1247,([H]-[#8:11].[#6@:32]-[#6@:30]-[#6@@:28].[#6@:26]-[#6@:24]-[#6@:21].[#6@:17].[#6@:14]-[#6@@:12]).[H]-[#7]=[#6]1:[#7](-[H]):[#6](=[#8]):[#6]2:[#7]:[#6](-[H]):[#7](-[#6@]3(-[H])-[#8]-[#6@](-[H])(-[#6](-[H])(-[H])-[#8]-[#15](=[#8])(-[#8]-[H])-[#8]-[#15](=[#8])(-[#8]-[H])-[#8]-[#6@@:37])-[#6@@](-[H])(-[#8]-[H])-[#6@@]-3(-[H])-[#8]-[H]):[#6]:2:[#7]:1-[H]>>([#8:11]-[#6@@:37].[#6@:12]-[#6@@:14].[#6@@:17].[#6@@:21]-[#6@@:24]-[#6@@:26].[#6@:28]-[#6@@:30]-[#6@@:32]),EVODEX.1-P2284,50455411845275460254659237630683017007690045626336242790679191522821989056704
EVODEX.1-C1248,([#8:35]-[#6@:36].[#6@:6].[#6@:31].[#6@:50]).[H]-[#8:89]>>[#8:89]-[#6@:36].([H]-[#8:35].[#6@@:31].[#6@@:6].[#6@@:50]),EVODEX.1-P2285,67150857605561945420431851917267328406958723834655382493918285465150273977718
EVODEX.1-C1249,[H]-[#8:35]-[#6@:34]-[#6@:5].[H]-[#7]=[#6]1:[#7](-[H]):[#6](=[#8]):[#6]2:[#7]:[#6](-[H]):[#7](-[#6@]3(-[H])-[#8]-[#6@](-[H])(-[#6](-[H])(-[H])-[#8]-[#15](=[#8])(-[#8]-[H])-[#8]-[#15](=[#8])(-[#8]-[H])-[#8]-[#6@@:39])-[#6@@](-[H])(-[#8]-[H])-[#6@@]-3(-[H])-[#8]-[H]):[#6]:2:[#7]:1-[H]>>[#8:35](-[#6@@:34]-[#6@@:5])-[#6@:39],EVODEX.1-P2286,84977827760560680090599444128825611897820279003515875763068256093931817227590
EVODEX.1-C1250,([H]-[#8:27].[#6@@:24]-[#6@:22].[#6@@:17]-[#6@:15].[#6@@:10]-[#6@:8].[#6@:44]-[#6@:42]-[#6@:40].[#6@:37].[#6@:33].[#6@:29]).[H]-[#8]-[#6](-[H])(-[H])-[#6@@]1(-[H])-[#8]-[#6@](-[H])(-[#8]-[#6@:50])-[#6@](-[H])(-[#8]-[H])-[#6@@](-[H])(-[#8]-[H])-[#6@]-1(-[H])-[#8]-[H]>>([#8:27]-[#6@:50].[#6@@:8]-[#6@:10].[#6@@:15]-[#6@:17].[#6@@:22]-[#6@:24].[#6@@:29].[#6@@:33].[#6@@:37].[#6@@:40]-[#6@@:42]-[#6@@:44]),EVODEX.1-P2295,24212020626056553195261350938314344517257912183298409893829903151829631905507
EVODEX.1-C1251,([H]-[#8:16].[#6@@:5]-[#6@:19]).[H]-[#8]-[#6@@]1(-[H])-[#6@@](-[H])(-[#8]-[H])-[#6@](-[H])(-[#7]2:[#6](-[H]):[#6](-[H]):[#6](=[#8]):[#7](-[H]):[#6]:2=[#8])-[#8]-[#6@]-1(-[H])-[#6](-[H])(-[H])-[#8]-[#15](=[#8])(-[#8]-[H])-[#8]-[#15](=[#8])(-[#8]-[H])-[#8]-[#6@@:27]>>([#8:16]-[#6@:27].[#6@:5]-[#6@@:19]),EVODEX.1-P2298,1504076544878201006091666946691957573094627747193776243207273946353633838675
EVODEX.1-C1252,([H]-[#8:10].[#6@:15]-[#6@@:16]-[#6@@:2]).[H]-[#8]-[#6@@]1(-[H])-[#6@@](-[H])(-[#8]-[H])-[#6@](-[H])(-[#7]2:[#6](-[H]):[#6](-[H]):[#6](=[#8]):[#7](-[H]):[#6]:2=[#8])-[#8]-[#6@]-1(-[H])-[#6](-[H])(-[H])-[#8]-[#15](=[#8])(-[#8]-[H])-[#8]-[#15](=[#8])(-[#8]-[H])-[#8]-[#6@@:26]>>([#8:10]-[#6@:26].[#6@:2]-[#6@:16]-[#6@@:15]),EVODEX.1-P2299,60030998557622288571534368001470483220654256986934151936295249166534028983886
EVODEX.1-C1253,[H]-[#8]-[#6@@]1(-[H])-[#6@@](-[H])(-[#8]-[H])-[#6@](-[H])(-[#7]2:[#6](-[H]):[#6](-[H]):[#6](=[#8]):[#7](-[H]):[#6]:2=[#8])-[#8]-[#6@]-1(-[H])-[#6](-[H])(-[H])-[#8]-[#15](=[#8])(-[#8]-[H])-[#8]-[#15](=[#8])(-[#8]-[H])-[#8]-[#6@@:6]-[#6@:32]-[#6@@:34]-[#6@:36].[H]-[#8:53]>>[#8:53]-[#6@@:6]-[#6@@:32]-[#6@:34]-[#6@@:36],EVODEX.1-P2303,27285131221825105657480214274418790718714579983656345365904312023788521798523
EVODEX.1-C1254,([H]-[#8:15].[#6@:20]-[#6@:18]-[#6@@:16]).[H]-[#8]-[#6@@]1(-[H])-[#6@@](-[H])(-[#8]-[H])-[#6@](-[H])(-[#7]2:[#6](-[H]):[#7]:[#6]3:[#6](=[#8]):[#7](-[H]):[#6](-[#7](-[H])-[H]):[#7]:[#6]:2:3)-[#8]-[#6@]-1(-[H])-[#6](-[H])(-[H])-[#8]-[#15](=[#8])(-[#8]-[H])-[#8]-[#15](=[#8])(-[#8]-[H])-[#8]-[#6@@:46]>>([#8:15]-[#6@@:46].[#6@:16]-[#6@@:18]-[#6@@:20]),EVODEX.1-P2352,93234434824771482216055522926346994961168396142732308730301523698654777318555
EVODEX.1-C1255,[H]-[#8:86]-[#6@:85](-[#6@:82])-[#6@:87]>>[H]-[#8]-[#6](-[H])(-[H])-[#6]1(-[H])-[#8]-[#6](-[H])(-[#8:86]-[#6:85](-[#6:82])-[#6:87])-[#6](-[H])(-[#7](-[H])-[#6](=[#8])-[#6](-[H])(-[H])-[H])-[#6](-[H])(-[#8]-[H])-[#6]-1(-[H])-[#8]-[H],EVODEX.1-P2364,34965012510497753175972597877665422809951653665900631874647393968052188454934
EVODEX.1-C1256,([H]-[#8:22].[#6@:17](-[#6@@:16]-[#6@:30]-[#6@@:11])-[#6@@:27]-[#6@@:23].[#6@@:7]-[#6@@:32]).[H]-[#8]-[#6@@]1(-[H])-[#6@@](-[H])(-[#8]-[H])-[#6@](-[H])(-[#7]2:[#6](-[H]):[#6](-[H]):[#6](=[#8]):[#7](-[H]):[#6]:2=[#8])-[#8]-[#6@]-1(-[H])-[#6](-[H])(-[H])-[#8]-[#15](=[#8])(-[#8]-[H])-[#8]-[#15](=[#8])(-[#8]-[H])-[#8]-[#6@@:39]>>([#8:22]-[#6@:39].[#6@:7]-[#6@:32].[#6@:11]-[#6@@:30]-[#6@:16]-[#6@@:17]-[#6@:27]-[#6@:23]),EVODEX.1-P2376,67395471373892404778170687358671608909188561460337337276854015630070058142056
EVODEX.1-C1257,([H]-[#8:22].[#6@:17](-[#6@@:16]-[#6@:30]-[#6@@:11])-[#6@@:27]-[#6@@:23].[#6@@:7](-[#6@@:5])-[#6@@:32]).[#8:40]-[#6@@:39]-[#6@@:65]-[#6@:67]-[#6@@:69]>>([#8:22]-[#6@:39]-[#6@:65]-[#6@@:67]-[#6@:69].[#6@:5]-[#6@:7]-[#6@:32].[#6@:11]-[#6@@:30]-[#6@:16]-[#6@@:17]-[#6@:27]-[#6@:23]).[H]-[#8:40],EVODEX.1-P2377,107059796591148473774543487442503786739141302616200120023298639938196425883585
EVODEX.1-C1258,([#8:9]-[#6@@:10].[#6@@:3])>>[H]-[#8]-[#15](=[#8])(-[#8]-[H])-[#8]-[#6@@:10].([H]-[#8:9].[#6@:3]),EVODEX.1-P2384,23366385941995650075231566237228106342594339839737082055820305895139632202162
EVODEX.1-C1259,([H]-[#8:42].[#6@:40]-[#6@:3]).[H]-[#8]-[#6@@]1(-[H])-[#6](-[H])(-[H])-[#6@](-[H])(-[#7]2:[#6](-[H]):[#6](-[#6](-[H])(-[H])-[H]):[#6](=[#8]):[#7](-[H]):[#6]:2=[#8])-[#8]-[#6@]-1(-[H])-[#6](-[H])(-[H])-[#8]-[#15](=[#8])(-[#8]-[H])-[#8]-[#15](=[#8])(-[#8]-[H])-[#8]-[#6@@:62]>>([#8:42]-[#6@:62].[#6@@:3]-[#6@@:40]),EVODEX.1-P2416,34635440853069031751198476857101310313019916464499829652353901921509617364668
EVODEX.1-C1260,[H]-[#8]-[#15](=[#8])(-[#8]-[H])-[#8]-[#6@@:22].([H]-[#8:10].[#6@:15]-[#6@@:13])>>([#8:10]-[#6@@:22].[#6@:13]-[#6@@:15]),EVODEX.1-P2422,14117315214129258282377656188828180589941520178002945960810265849190711184855
EVODEX.1-C1261,[#8:5]-[#6@@:6]>>[H]-[#8]-[#15](=[#8])(-[#8]-[H])-[#8]-[#6@@:6].[H]-[#8:5],EVODEX.1-P2431,53136512921396987204033960459314753493784092174379443259878583572596640998160
EVODEX.1-C1262,([H]-[#16:22].[#6@:18].[#6@:6].[#6@:23]).([#8:42]-[#6@@:43].[#6@:54]-[#6@:56])>>([#16:22]-[#6@:43].[#6@@:6].[#6@@:18].[#6@@:23]).([H]-[#8:42].[#6@@:56]-[#6@@:54]),EVODEX.1-P2433,16629616289482297352165968686249921810775670037389071131225458231888519130174
EVODEX.1-C1263,[H]-[#8:43]-[#6@:42]-[#6@:33]>>[H]-[#8]-[#6](-[H])(-[H])-[#6@@]1(-[H])-[#8]-[#6](-[H])(-[#8:43]-[#6:42]-[#6:33])-[#6@](-[H])(-[#8]-[H])-[#6@@](-[H])(-[#8]-[H])-[#6@]-1(-[H])-[#8]-[H],EVODEX.1-P2434,44350337519102997077500763022995641378918046786600214689087603783805345532090
EVODEX.1-C1264,[#8:7]-[#6@:6].[H]-[#8:117]-[#6@@:115]>>[#8:117](-[#6@:6])-[#6:115].[H]-[#8:7],EVODEX.1-P2442,58102028294809974092640439206144513257975471700289964521509529322022609294421
EVODEX.1-C1265,([H]-[#8:8].[#6@:26]-[#6@:24]-[#6@:21].[#6@:17].[#6@:14]-[#6@@:9]).[H]-[#7]=[#6]1:[#7](-[H]):[#6](=[#8]):[#6]2:[#7]:[#6](-[H]):[#7](-[#6@]3(-[H])-[#8]-[#6@](-[H])(-[#6](-[H])(-[H])-[#8]-[#15](=[#8])(-[#8]-[H])-[#8]-[#15](=[#8])(-[#8]-[H])-[#8]-[#6:31])-[#6@@](-[H])(-[#8]-[H])-[#6@@]-3(-[H])-[#8]-[H]):[#6]:2:[#7]:1-[H]>>([#8:8]-[#6@@:31].[#6@:9]-[#6@@:14].[#6@@:17].[#6@@:21]-[#6@@:24]-[#6@@:26]),EVODEX.1-P2458,16051956734186331658027736212886020670684610193256457346159831853997817652059
EVODEX.1-C1266,[#8:8](-[#6@@:7])-[#6@@:9]>>[H]-[#8]-[#15](=[#8])(-[#8]-[H])-[#8]-[#6@@:9].[H]-[#8:8]-[#6@:7],EVODEX.1-P2466,107842083492386371409284365558599431591643887334023696532861764356204375540484
EVODEX.1-C1267,([H]-[#8:10].[#6@:6].[#6@:11]).[H]-[#8]-[#15](=[#8])(-[#8]-[H])-[#8]-[#6@:18]>>([#8:10]-[#6@@:18].[#6@@:6].[#6@@:11]),EVODEX.1-P2485,50405419982818826996555305461777228622967700572129495712096270411866002922087
EVODEX.1-C1268,[H]-[#8]-[#6@@]1(-[H])-[#6@@](-[H])(-[#8]-[H])-[#6@](-[H])(-[#7]2:[#6](-[H]):[#6](-[H]):[#6](=[#8]):[#7](-[H]):[#6]:2=[#8])-[#8]-[#6@]-1(-[H])-[#6](-[H])(-[H])-[#8]-[#15](=[#8])(-[#8]-[H])-[#8]-[#15](=[#8])(-[#8]-[H])-[#8]-[#6@@:19].[H]-[#8:56]-[#6@@:55]-[#6@:46]>>[#8:56](-[#6@:19])-[#6:55]-[#6:46],EVODEX.1-P2494,102101950789764360154963615734448559553218362986682006296588420672769874310174
EVODEX.1-C1269,([#8:35]-[#6:36].[#6@:9]-[#6@@:32].[#6@@:47].[#6@@:49]-[#6@@:51]-[#6@:53])>>[H]-[#8]-[#6@@]1(-[H])-[#6@@](-[H])(-[#8]-[H])-[#6@](-[H])(-[#7]2:[#6](-[H]):[#6](-[H]):[#6](=[#8]):[#7](-[H]):[#6]:2=[#8])-[#8]-[#6@]-1(-[H])-[#6](-[H])(-[H])-[#8]-[#15](=[#8])(-[#8]-[H])-[#8]-[#15](=[#8])(-[#8]-[H])-[#8]-[#6@@:36].([H]-[#8:35].[#6@:32]-[#6@@:9].[#6@@:53]-[#6@:51]-[#6@:49].[#6@:47]),EVODEX.1-P2495,8577363882681263741219659508320079742874501484812087397885338824050047430675
EVODEX.1-C1270,([H]-[#8:32].[#6@:28].[#6@@:48].[#6@@:43].[#6@@:37].[#6@:33]).([#8:56]-[#6@:55].[#6@@:82]-[#6@@:85]-[#6@@:87])>>([#8:32]-[#6@@:55].[#6@@:28].[#6@:87]-[#6@:85]-[#6@:82].[#6@@:33].[#6@:37].[#6@:43].[#6@:48]).[H]-[#8:56],EVODEX.1-P2496,17639739212970604152148574039825942274555996502468940789726740465474332138951
EVODEX.1-C1271,([H]-[#8:23].[#6@@:37].[#6@@:32].[#6@@:26]-[#6@@:24]).([#8:45]-[#6@:44].[#6@@:71]-[#6@@:74]-[#6@@:76])>>([#8:23]-[#6@@:44].[#6@:76]-[#6@:74]-[#6@:71].[#6@:24]-[#6@:26].[#6@:32].[#6@:37]).[H]-[#8:45],EVODEX.1-P2497,51153646513047808397447183175071461305169077243926661364658948775073469912482
EVODEX.1-C1272,([H]-[#8:23].[#6@@:37].[#6@@:32].[#6@@:26]-[#6@@:24]).[H]-[#8]-[#6@@]1(-[H])-[#6@@](-[H])(-[#8]-[H])-[#6@](-[H])(-[#7]2:[#6](-[H]):[#6](-[H]):[#6](=[#8]):[#7](-[H]):[#6]:2=[#8])-[#8]-[#6@]-1(-[H])-[#6](-[H])(-[H])-[#8]-[#15](=[#8])(-[#8]-[H])-[#8]-[#15](=[#8])(-[#8]-[H])-[#8]-[#6@:44]>>([#8:23]-[#6@@:44].[#6@:24]-[#6@:26].[#6@:32].[#6@:37]),EVODEX.1-P2498,44264914091178643075947008551415495694563156798919683585291185423851124656844
EVODEX.1-C1273,[H]-[#8:3]-[#6@:2].([#8:34]-[#6@@:35].[#6@:44]-[#6@:46])>>[#6:2]-[#8:3]-[#6:35].([H]-[#8:34].[#6@@:46]-[#6@@:44]),EVODEX.1-P2502,76871989830500716529000326805551219903518464489069551884811086749532681489452
EVODEX.1-C1274,([H]-[#8:14].[#6@@:6].[#6@@:25].[#6@@:21].[#6@@:19]-[#6@:17]-[#6@:15]).[H]-[#8]-[#6@@]1(-[H])-[#6@@](-[H])(-[#8]-[H])-[#6@](-[H])(-[#7]2:[#6](-[H]):[#6](-[H]):[#6](-[#7](-[H])-[H]):[#7]:[#6]:2=[#8])-[#8]-[#6@]-1(-[H])-[#6](-[H])(-[H])-[#8]-[#15](=[#8])(-[#8]-[H])-[#8]-[#6@:40]>>([#8:14]-[#6@:40].[#6@:6].[#6@@:15]-[#6@@:17]-[#6@:19].[#6@:21].[#6@:25]),EVODEX.1-P2515,66106101113328312137858489994199349716623651055701251912894594082880703426215
EVODEX.1-C1275,([H]-[#8:40].[#6@:31].[#6@:6].[#6@:47].[#6@@:45]-[#6@:43]-[#6@:41]).([#8:63]-[#6@:62].[#6@@:54].[#6@@:88])>>([#8:40]-[#6@:62].[#6@@:6].[#6@@:31].[#6@:54].[#6@:88].[#6@@:41]-[#6@@:43]-[#6@:45].[#6@@:47]).[H]-[#8:63],EVODEX.1-P2516,42437130843377970786900523473419234185707788824101726713604157006646252560995
EVODEX.1-C1276,([H]-[#8:33].[#6@:31]-[#6@:17].[#6@@:11]-[#6@@:9].[#6@:63]-[#6@@:40]-[#6@:37].[#6@:34]).[H]-[#7]=[#6]1:[#6](-[H]):[#6](-[H]):[#7](-[#6@]2(-[H])-[#8]-[#6@](-[H])(-[#6](-[H])(-[H])-[#8]-[#15](=[#8])(-[#8]-[H])-[#8]-[#6@:78])-[#6@@](-[H])(-[#8]-[H])-[#6@@]-2(-[H])-[#8]-[H]):[#6](=[#8]):[#7]:1-[H]>>([#8:33]-[#6@@:78].[#6@:9]-[#6@:11].[#6@@:17]-[#6@@:31].[#6@@:34].[#6@@:37]-[#6@:40]-[#6@@:63]),EVODEX.1-P2518,7862317816717277424150109152003600018434096237578697084900838353523615270385
EVODEX.1-C1277,([H]-[#8:22].[#6@:19]-[#6@:16].[#6@:10]-[#6@:7].[#6@@:25].[#6@@:23]).([#8:44]-[#6@:43].[#6@@:35].[#6@@:69])>>([#8:22]-[#6@:43].[#6@@:7]-[#6@@:10].[#6@@:16]-[#6@@:19].[#6@:35].[#6@:69].[#6@:23].[#6@:25]).[H]-[#8:44],EVODEX.1-P2525,24358085016172165712607359744480962016720854527422878372060482216230735421055
EVODEX.1-C1278,([H]-[#8:63].[#6@:60]-[#6@:57].[#6@:50].[#6@:6].[#6@:66].[#6@@:64]).([#8:82]-[#6@:81].[#6@@:73].[#6@@:107])>>([#8:63]-[#6@:81].[#6@@:6].[#6@@:50].[#6@@:57]-[#6@@:60].[#6@:73].[#6@:107].[#6@:64].[#6@@:66]).[H]-[#8:82],EVODEX.1-P2528,108122264590676811661592480794489384624186308500037179938619087083131458631827
EVODEX.1-C1279,([#16:9]-[#6:10].[#6@@:6])>>[H]-[#6](-[H])(-[H])-[#6](=[#8])-[#8]-[#6:10].([H]-[#16:9].[#6@:6]),EVODEX.1-P2576,33846270714249487795313666069404180023880449209003398405354963804863507499321
EVODEX.1-C1280,[H]-[#8:24]-[#6@:23].[H]-[#8]-[#15](=[#8])(-[#8]-[H])-[#8]-[#15](=[#8])(-[#8]-[H])-[#8]-[#6:50]>>[#8:24](-[#6@@:23])-[#6:50],EVODEX.1-P2609,65747000723993421707105250851039678720448273403411499281147054201590373713273
EVODEX.1-C1281,[H]-[#8]-[#6@@]1(-[H])-[#6@@](-[H])(-[#8]-[H])-[#6@](-[H])(-[#7]2:[#6](-[H]):[#7]:[#6]3:[#6](-[#7](-[H])-[H]):[#7]:[#6](-[H]):[#7]:[#6]:2:3)-[#8]-[#6@]-1(-[H])-[#6](-[H])(-[H])-[#16](-[#6](-[H])(-[H])-[H])-[#6:3].[H]-[#7:33]-[#6@@:32]>>[#6:3]-[#7:33]-[#6@:32],EVODEX.1-P2610,44452803354470674322468418030849290573583764283661168033717414551123366962704
EVODEX.1-C1282,[#8:14]-[#6:15].([H]-[#16:7].[#6@:5])>>[H]-[#8:14].([#16:7]-[#6:15].[#6@@:5]),EVODEX.1-P2626,35972787992260677609597211906836770464958877413443893852646764035566812713210
EVODEX.1-C1283,[H]-[#8:21].([#16:7]-[#6:8].[#6@@:5])>>[#6:8]-[#8:21].([H]-[#16:7].[#6@:5]),EVODEX.1-P2627,43167658687012600320313841171208369962478000041415604358153545228475062273870
EVODEX.1-C1284,([#6:25](=[#8:26])-[#6@:27].[#6@@:7].[#6@@:22])>>([H]-[#7](-[H])-[#6@@:25](-[H])-[#6@@:27].[#6@:22].[#6@:7]).[H]-[#8]-[#6](=[#8])-[#6](-[#6](-[H])(-[H])-[#6](-[H])(-[H])-[#6](=[#8])-[#8]-[H])=[#8:26],EVODEX.1-P2819,64243544542236405535356675372262808431799667866448982434503152871720546733574
EVODEX.1-C1285,([#6:8]=[#8:9].[#6@@:5]).[H]-[#6@:14]-[#7:13]>>([H]-[#6:8]-[#7:13].[#6@:5]).[#8:9]=[#6:14],EVODEX.1-P2822,13909496207321077730651546801591138067988419335882628588416982400893995297829
EVODEX.1-C1286,([#6:23](=[#8:24])-[#6@:25].[#6@@:7])>>([H]-[#7](-[H])-[#6@@:23](-[H])-[#6@@:25].[#6@:7]).[H]-[#8]-[#6](=[#8])-[#6](-[#6](-[H])(-[H])-[#6](-[H])(-[H])-[#6](=[#8])-[#8]-[H])=[#8:24],EVODEX.1-P2826,87754734640498117361446042013090009139810131591447086935634493609821491860437
EVODEX.1-C1287,([H]-[#7](-[H])-[#6@@:23](-[H])-[#6@@:25].[#6@:7]).[H]-[#8]-[#6](=[#8])-[#6](-[#6](-[H])(-[H])-[#6](-[H])(-[H])-[#6](=[#8])-[#8]-[H])=[#8:40]>>([#6:23](=[#8:40])-[#6@:25].[#6@@:7]),EVODEX.1-P2827,72631917715387351578518928738613320889621591512830382823560306876608069259283
EVODEX.1-C1288,([#6:4]-[#8:5].[#6@@:2]).[H]-[#6:15]>>([H]-[#6:4].[#6@:2]).[#8:5]-[#6:15],EVODEX.1-P2941,85786802278034082436501811940539200485703758588229590181636624295915208095485
EVODEX.1-C1289,([H]-[#6:4].[#6@:2]).[#6:17]-[#8:18]>>([#6:4]-[#8:18].[#6@@:2]).[H]-[#6:17],EVODEX.1-P2942,31786885628239020275069559280424582337125052418630520792047991125217810648813
EVODEX.1-C1290,([H]-[#7](-[H])-[#6@:24](-[H])(-[#6@:22])-[#6@:26]-[#6@@:28].[#6@:7]).[H]-[#8]-[#6](=[#8])-[#6](-[#6](-[H])(-[H])-[#6](-[H])(-[H])-[#6](=[#8])-[#8]-[H])=[#8:42]>>([#6:24](-[#6@@:22])(=[#8:42])-[#6@@:26]-[#6@:28].[#6@@:7]),EVODEX.1-P2991,78388587155342986761668098587498022824536977153066693889774461483851363836673
EVODEX.1-C1291,([#6:4]=[#8:5].[#6@@:2])>>([H]-[#7](-[H])-[#6:4]-[H].[#6@:2]).[H]-[#8]-[#6](=[#8])-[#6](-[#6](-[H])(-[H])-[#6](-[H])(-[H])-[#6](=[#8])-[#8]-[H])=[#8:5],EVODEX.1-P3104,7948813978060449508662897731874617731078935527538773158191750123764147787636
EVODEX.1-C1292,([H]-[#7](-[H])-[#6@@:6]-[H].[#6@:2]).[H]-[#8]-[#6](=[#8])-[#6](-[#6](-[H])(-[H])-[#6]1:[#6](-[H]):[#6](-[H]):[#6](-[H]):[#6](-[H]):[#6]:1-[H])=[#8:18]>>([#6:6]=[#8:18].[#6@@:2]),EVODEX.1-P3172,34711530975992171681190984887806399813208790499517576081412906114165911544047
EVODEX.1-C1293,([#6:26](-[#6@:24]-[#6@@:22])(=[#8:27])-[#6@:28].[#6@@:7]).[H]-[#6@:37]-[#7:36]>>([H]-[#6@:26](-[#7:36])(-[#6@@:24]-[#6@:22])-[#6@@:28].[#6@:7]).[#8:27]=[#6:37],EVODEX.1-P3219,23436265084253129663275613649570136811278133421935312063368863566243050823443
EVODEX.1-C1294,[#6:32](-[#6@@:30]-[#6@@:4])(=[#8:33])-[#6@@:34]>>[H]-[#7](-[H])-[#6@:32](-[H])(-[#6@:30]-[#6@:4])-[#6@:34].[H]-[#8]-[#6](=[#8])-[#6](-[#6](-[H])(-[H])-[#6](-[H])(-[H])-[#6](=[#8])-[#8]-[H])=[#8:33],EVODEX.1-P3220,75339968427696588127833090334852080992918333034659033116717754535714105262049
EVODEX.1-C1295,[H]-[#7](-[H])-[#6@:39](-[H])-[#6@:5].[H]-[#8]-[#6](=[#8])-[#6](-[#6](-[H])(-[H])-[#6](-[H])(-[H])-[#6](=[#8])-[#8]-[H])=[#8:47]>>[#6:39](-[#6@@:5])=[#8:47],EVODEX.1-P3224,20964907062439935888211887375626690286273849715467873921002919750869290004332
EVODEX.1-C1296,([#8:19]-[#15:20].[#6@@:7])>>([H]-[#8:19].[#6@:7]).[H]-[#8]-[#6]1(-[#6](-[H])(-[H])-[#8]-[#15:20])-[#8]-[#6@](-[H])(-[#6](-[H])(-[H])-[#8]-[#15](=[#8])(-[#8]-[H])-[#8]-[H])-[#6@@](-[H])(-[#8]-[H])-[#6@]-1(-[H])-[#8]-[H],EVODEX.1-P3250,21041951030258356681865821691724430482423514421298383954902485078730693326516
EVODEX.1-C1297,([H]-[#8:17].[#6@:13]).[H]-[#8]-[#6@@]1(-[H])-[#6@@](-[H])(-[#8]-[H])-[#6@](-[H])(-[#7]2:[#6](-[H]):[#6](-[H]):[#6](=[#8]):[#7](-[H]):[#6]:2=[#8])-[#8]-[#6@]-1(-[H])-[#6](-[H])(-[H])-[#8]-[#15](=[#8])(-[#8]-[H])-[#8]-[#15](=[#8])(-[#8]-[H])-[#8]-[#15:37]>>([#8:17]-[#15:37].[#6@@:13]),EVODEX.1-P3254,40508193308081932879475452945784555132055511071857572678542524937715896500766
EVODEX.1-C1298,([#8:44]-[#15:45].[#6@@:32].[#6@@:49])>>[H]-[#8]-[#6@@]1(-[H])-[#6](-[H])(-[H])-[#6@](-[H])(-[#7]2:[#6](-[H]):[#7]:[#6]3:[#6](=[#8]):[#7](-[H]):[#6](-[#7](-[H])-[H]):[#7]:[#6]:2:3)-[#8]-[#6@]-1(-[H])-[#6](-[H])(-[H])-[#8]-[#15:45].([H]-[#8:44].[#6@:32].[#6@:49]),EVODEX.1-P3261,111678278005155425262580230416650511873504076465142070561016944558933535194009
EVODEX.1-C1299,([#8:41]-[#15:42].[#6@:46])>>[H]-[#8]-[#6@@]1(-[H])-[#6](-[H])(-[H])-[#6@](-[H])(-[#7]2:[#6](-[H]):[#7]:[#6]3:[#6](=[#8]):[#7](-[H]):[#6](-[#7](-[H])-[H]):[#7]:[#6]:2:3)-[#8]-[#6@]-1(-[H])-[#6](-[H])(-[H])-[#8]-[#15:42].([H]-[#8:41].[#6@@:46]),EVODEX.1-P3262,87718662084195023416778151922910116019065635995117491304608731213637557162290
EVODEX.1-C1300,([H]-[#8:54]-[#6:53].[#6@@:61]).[H]-[#8]-[#6@@]1(-[H])-[#6@@](-[H])(-[#8]-[H])-[#6@](-[H])(-[#7]2:[#6](-[H]):[#7]:[#6]3:[#6](-[#7](-[H])-[H]):[#7]:[#6](-[H]):[#7]:[#6]:2:3)-[#8]-[#6@]-1(-[H])-[#6](-[H])(-[H])-[#8]-[#15](=[#8])(-[#8]-[H])-[#8]-[#15](=[#8])(-[#8]-[H])-[#8]-[#15:88]>>([#8:54](-[#6@@:53])-[#15:88].[#6@:61]),EVODEX.1-P3267,52805614600259946225913700602187139983647698663268624916346493949363847845540
EVODEX.1-C1301,([H]-[#8:23]-[#6:22]1-[#6:20]-[#6:19]-[#6:36]-[#6:30]-[#6:24]-1.[#6@@:12]).([#8:70]-[#15:71].[#6@:75]-[#6@:77])>>([#8:23](-[#6@@:22]1-[#6@:20]-[#6@:19]-[#6@@:36]-[#6@@:30]-[#6@:24]-1)-[#15:71].[#6@:12]).([H]-[#8:70].[#6@@:77]-[#6@@:75]),EVODEX.1-P3268,66193988233908583314000052394637451800026401287177072465457177414822242226116
EVODEX.1-C1302,([#8:25]-[#15:26].[#6@@:13].[#6@:30])>>([H]-[#8:25].[#6@:13].[#6@@:30]).[H]-[#8]-[#6@@]1(-[H])-[#6](-[H])(-[H])-[#6@](-[H])(-[#7]2:[#6](-[H]):[#7]:[#6]3:[#6](-[#7](-[H])-[H]):[#7]:[#6](-[H]):[#7]:[#6]:2:3)-[#8]-[#6@]-1(-[H])-[#6](-[H])(-[H])-[#8]-[#15:26],EVODEX.1-P3276,91663534395021393872158622330501025533764449086149441394522677516809144519031
EVODEX.1-C1303,([H]-[#8:29]-[#6:27].[#6@@:19]-[#6@@:30]-[#6@@:16]-[#6@:14]-[#6@:35]-[#6@:41].[#6@:62].[#6@:53]-[#6@:47]).([#8:88]-[#15:89].[#6@:93]-[#6@:95])>>([#8:29](-[#6@@:27])-[#15:89].[#6@@:14](-[#6@:16]-[#6@:30]-[#6@:19])-[#6@@:35]-[#6@@:41].[#6@@:47]-[#6@@:53].[#6@@:62]).([H]-[#8:88].[#6@@:95]-[#6@@:93]),EVODEX.1-P3302,44896391018065839609458862417116462507386102352727134234927672155249418247136
EVODEX.1-C1304,([#8:35]-[#15:36].[#6@:40]-[#6@:42]).([H]-[#8:4]-[#6:3].[#6@:11]-[#6@:9]-[#6@:6])>>([H]-[#8:35].[#6@@:42]-[#6@@:40]).([#8:4](-[#6@@:3])-[#15:36].[#6@@:6]-[#6@@:9]-[#6@@:11]),EVODEX.1-P3312,105932561189161667916708423290862075110487940394867030920798784153381933042925
EVODEX.1-C1305,([#8:28]-[#15:29].[#6@:5]-[#6@@:7].[#6@@:13]-[#6@@:16]-[#6@:18]-[#6@:22].[#6@@:20]-[#6@:37]-[#6@@:35]-[#6@@:33].[#6@@:39])>>([H]-[#8:28].[#6@:20]-[#6@@:37]-[#6@:35]-[#6@:33].[#6@@:18](-[#6@:16]-[#6@:13])-[#6@@:22].[#6@:7]-[#6@@:5].[#6@:39]).[H]-[#8]-[#6@@]1(-[H])-[#6@@](-[H])(-[#8]-[H])-[#6@](-[H])(-[#7]2:[#6](-[H]):[#7]:[#6]3:[#6](-[#7](-[H])-[H]):[#7]:[#6](-[H]):[#7]:[#6]:2:3)-[#8]-[#6@]-1(-[H])-[#6](-[H])(-[H])-[#8]-[#15](=[#8])(-[#8]-[H])-[#8]-[#15](=[#8])(-[#8]-[H])-[#8]-[#15:29],EVODEX.1-P3314,17520138449424074464083895199782030973240659768606802809717553941331410905878
EVODEX.1-C1306,[H]-[#8:5]-[#6@@:4].[H]-[#8]-[#15](=[#8])(-[#8]-[H])-[#8]-[#15:9]>>[#8:5](-[#6@:4])-[#15:9],EVODEX.1-P3316,92552021858437424145209376654373599617366654921952192187991728948691587030493
EVODEX.1-C1307,([H]-[#8:40]-[#6@@:39]-[#6@:30].[#6@@:28]-[#6@@:9]).[H]-[#8]-[#6@@]1(-[H])-[#6@@](-[H])(-[#8]-[H])-[#6@](-[H])(-[#7]2:[#6](-[H]):[#7]:[#6]3:[#6](=[#8]):[#7](-[H]):[#6](-[#7](-[H])-[H]):[#7]:[#6]:2:3)-[#8]-[#6@]-1(-[H])-[#6](-[H])(-[H])-[#8]-[#15](=[#8])(-[#8]-[H])-[#8]-[#15](=[#8])(-[#8]-[H])-[#8]-[#15:62]>>([#8:40](-[#6@:39]-[#6@@:30])-[#15:62].[#6@:9]-[#6@:28]),EVODEX.1-P3322,71804142155721971048279066212293811105167167540167281068887852613618335009827
EVODEX.1-C1308,([H]-[#8:37].[#6@@:25].[#6@@:42]-[#6@@:40].[#6@:38]).[H]-[#8]-[#6@@]1(-[H])-[#6](-[H])(-[H])-[#6@](-[H])(-[#7]2:[#6](-[H]):[#6](-[H]):[#6](-[#7](-[H])-[H]):[#7]:[#6]:2=[#8])-[#8]-[#6@]-1(-[H])-[#6](-[H])(-[H])-[#8]-[#15](=[#8])(-[#8]-[H])-[#8]-[#15](=[#8])(-[#8]-[H])-[#8]-[#15:65]>>([#8:37]-[#15:65].[#6@:25].[#6@@:38].[#6@:40]-[#6@:42]),EVODEX.1-P3349,109684029781540060249691508431543424303064949774399624503564429397124272669746
EVODEX.1-C1309,([H]-[#8:37].[#6@@:25].[#6@@:42]-[#6@@:40].[#6@:38]).[H]-[#8]-[#6@@]1(-[H])-[#6](-[H])(-[H])-[#6@](-[H])(-[#7]2:[#6](-[H]):[#7]:[#6]3:[#6](-[#7](-[H])-[H]):[#7]:[#6](-[H]):[#7]:[#6]:2:3)-[#8]-[#6@]-1(-[H])-[#6](-[H])(-[H])-[#8]-[#15](=[#8])(-[#8]-[H])-[#8]-[#15](=[#8])(-[#8]-[H])-[#8]-[#15:70]>>([#8:37]-[#15:70].[#6@:25].[#6@@:38].[#6@:40]-[#6@:42]),EVODEX.1-P3350,48730719885337338260257469477741455217388041076883755908501500180092321639520
EVODEX.1-C1310,([H]-[#8:37].[#6@@:25].[#6@@:42]-[#6@@:40].[#6@:38]).[H]-[#8]-[#6@@]1(-[H])-[#6@@](-[H])(-[#8]-[H])-[#6@](-[H])(-[#7]2:[#6](-[H]):[#6](-[H]):[#6](=[#8]):[#7](-[H]):[#6]:2=[#8])-[#8]-[#6@]-1(-[H])-[#6](-[H])(-[H])-[#8]-[#15](=[#8])(-[#8]-[H])-[#8]-[#15](=[#8])(-[#8]-[H])-[#8]-[#15:63]>>([#8:37]-[#15:63].[#6@:25].[#6@@:38].[#6@:40]-[#6@:42]),EVODEX.1-P3351,95122144839093952185820445851698474996555817606111072754481702720438258022963
EVODEX.1-C1311,[H]-[#8:31]-[#6@:30]-[#6@:15].[H]-[#8]-[#6@@]1(-[H])-[#6@@](-[H])(-[#8]-[H])-[#6@](-[H])(-[#7]2:[#6](-[H]):[#7]:[#6]3:[#6](=[#8]):[#7](-[H]):[#6](-[#7](-[H])-[H]):[#7]:[#6]:2:3)-[#8]-[#6@]-1(-[H])-[#6](-[H])(-[H])-[#8]-[#15](=[#8])(-[#8]-[H])-[#8]-[#15](=[#8])(-[#8]-[H])-[#8]-[#15:66]>>[#8:31](-[#6@@:30]-[#6@@:15])-[#15:66],EVODEX.1-P3352,103341595550186106972812293264372872764366281193732936997555302873147184279123
EVODEX.1-C1312,([H]-[#8:22].[#6@@:26]-[#6@@:24]).[#15:29]-[#8:32]>>([#8:22]-[#15:29].[#6@:24]-[#6@:26]).[H]-[#8:32],EVODEX.1-P3356,72325073164618472208020238637003302799192591270469942859221880645334945717466
EVODEX.1-C1313,([#8:26]-[#15:27].[#6@@:14])>>[H]-[#8]-[#6](=[#8])-[#6](-[#8]-[#15:27])=[#6](-[H])-[H].([H]-[#8:26].[#6@:14]),EVODEX.1-P3373,55334645044287077244856766463156001845074909786153710079695386986460709760795
EVODEX.1-C1314,([H]-[#8:14].[#6@:26]-[#6@@:17]).[H]-[#8]-[#6@@]1(-[H])-[#6@@](-[H])(-[#8]-[H])-[#6@](-[H])(-[#7]2:[#6](-[H]):[#7]:[#6]3:[#6](-[#7](-[H])-[H]):[#7]:[#6](-[H]):[#7]:[#6]:2:3)-[#8]-[#6@]-1(-[H])-[#6](-[H])(-[H])-[#8]-[#15](=[#8])(-[#8]-[H])-[#8]-[#15](=[#8])(-[#8]-[H])-[#8]-[#15:51]>>([#8:14]-[#15:51].[#6@:17]-[#6@@:26]),EVODEX.1-P3393,67950553654157015779628139186076332249788071051903467731085283833629766996206
EVODEX.1-C1315,([#8:18]-[#15:19].[#6@:23]-[#6@:25])>>([H]-[#8:18].[#6@@:25]-[#6@@:23]).[H]-[#8]-[#6@@]1(-[H])-[#6@](-[H])(-[#8]-[H])-[#6@](-[H])(-[#8]-[H])-[#6@](-[H])(-[#8]-[#15:19])-[#6@@](-[H])(-[#8]-[H])-[#6@]-1(-[H])-[#8]-[H],EVODEX.1-P3424,45865904882028500945642149492581340763657608055960924545669592161880160250679
EVODEX.1-C1316,([#8:19]-[#15:20].[#6@@:7])>>([H]-[#8:19].[#6@:7]).[H]-[#8]-[#6@@]1(-[H])-[#6](-[H])(-[H])-[#6@](-[H])(-[#7]2:[#6](-[H]):[#7]:[#6]3:[#6](-[#7](-[H])-[H]):[#7]:[#6](-[H]):[#7]:[#6]:2:3)-[#8]-[#6@]-1(-[H])-[#6](-[H])(-[H])-[#8]-[#15:20],EVODEX.1-P3438,108441486582592023463942031068766334148315550832151013330633950276108577879517
EVODEX.1-C1317,[H]-[#8]-[#6@@]1(-[H])-[#6](-[H])(-[H])-[#6@](-[H])(-[#7]2:[#6](-[H]):[#7]:[#6]3:[#6](-[#7](-[H])-[H]):[#7]:[#6](-[H]):[#7]:[#6]:2:3)-[#8]-[#6@]-1(-[H])-[#6](-[H])(-[H])-[#8]-[#15](=[#8])(-[#8]-[H])-[#8]-[#15:40].([H]-[#8:14].[#6@@:15])>>([#8:14]-[#15:40].[#6@:15]),EVODEX.1-P3441,86910585965756598717349781527409242671903091351188140099986598122808272854508
EVODEX.1-C1318,[#15:18]-[#8:21]>>[H]-[#8]-[#6@@]1(-[H])-[#6](-[H])(-[H])-[#6@](-[H])(-[#7]2:[#6](-[H]):[#6](-[H]):[#6](-[#7](-[H])-[H]):[#7]:[#6]:2=[#8])-[#8]-[#6@]-1(-[H])-[#6](-[H])(-[H])-[#8]-[#15:18].[H]-[#8:21],EVODEX.1-P3443,50177824088365771174766647453698671408670157404321210571013320740598217177156
EVODEX.1-C1319,([#8:17]-[#15:18].[#6@@:13].[#6@:22])>>([H]-[#8:17].[#6@:13].[#6@@:22]).[H]-[#8]-[#6@@]1(-[H])-[#6@@](-[H])(-[#8]-[H])-[#6@](-[H])(-[#7]2:[#6](-[H]):[#7]:[#6]3:[#6](=[#8]):[#7](-[H]):[#6](-[H]):[#7]:[#6]:2:3)-[#8]-[#6@]-1(-[H])-[#6](-[H])(-[H])-[#8]-[#15:18],EVODEX.1-P3445,66632495835124770225618712810803466595077734718700091371583843326609650718214
EVODEX.1-C1320,([#8:17]-[#15:18].[#6@@:13].[#6@:22])>>([H]-[#8:17].[#6@:13].[#6@@:22]).[H]-[#8]-[#6@@]1(-[H])-[#6@@](-[H])(-[#8]-[H])-[#6@](-[H])(-[#7]2:[#6](-[H]):[#6](-[H]):[#6](=[#8]):[#7](-[H]):[#6]:2=[#8])-[#8]-[#6@]-1(-[H])-[#6](-[H])(-[H])-[#8]-[#15:18],EVODEX.1-P3446,52391374407698396376430669699005779556279401525817441583549440829109411362587
EVODEX.1-C1321,([#8:14]-[#15:15].[#6@:19]-[#6@:21])>>([H]-[#8:14].[#6@@:21]-[#6@@:19]).[H]-[#8]-[#6@@]1(-[H])-[#6@@](-[H])(-[#8]-[H])-[#6@](-[H])(-[#7]2:[#6](-[H]):[#6](-[H]):[#6](=[#8]):[#7](-[H]):[#6]:2=[#8])-[#8]-[#6@]-1(-[H])-[#6](-[H])(-[H])-[#8]-[#15:15],EVODEX.1-P3447,99128144783274813239914588661456334927824573653638460754931797494718640801436
EVODEX.1-C1322,([#8:34]-[#15:35].[#6@@:30].[#6@:39])>>[H]-[#8]-[#6@@]1(-[H])-[#6](-[H])(-[H])-[#6@](-[H])(-[#7]2:[#6](-[H]):[#6](-[#6](-[H])(-[H])-[H]):[#6](=[#8]):[#7](-[H]):[#6]:2=[#8])-[#8]-[#6@]-1(-[H])-[#6](-[H])(-[H])-[#8]-[#15:35].([H]-[#8:34].[#6@:30].[#6@@:39]),EVODEX.1-P3456,111978495447436358033607940517931765148989967257681506128440840864484133606806
EVODEX.1-C1323,([H]-[#8:11].[#6@:7]).([#8:32]-[#15:33].[#6@:38])>>([#8:11]-[#15:33].[#6@@:7]).([H]-[#8:32].[#6@@:38]),EVODEX.1-P3458,2567732346346856944882683142511015090246065179524507690322648734571443280186
EVODEX.1-C1324,([#8:32]-[#15:33].[#6@:38])>>[H]-[#8]-[#6@@]1(-[H])-[#6](-[H])(-[H])-[#6@](-[H])(-[#7]2:[#6](-[H]):[#6](-[#6](-[H])(-[H])-[H]):[#6](=[#8]):[#7](-[H]):[#6]:2=[#8])-[#8]-[#6@]-1(-[H])-[#6](-[H])(-[H])-[#8]-[#15:33].([H]-[#8:32].[#6@@:38]),EVODEX.1-P3459,3713883659037643647181942628932683796649552093397106889194900292805314065375
EVODEX.1-C1325,[#15:19]-[#8:22]>>[H]-[#8]-[#6@@]1(-[H])-[#6](-[H])(-[H])-[#6@](-[H])(-[#7]2:[#6](-[H]):[#6](-[#6](-[H])(-[H])-[H]):[#6](=[#8]):[#7](-[H]):[#6]:2=[#8])-[#8]-[#6@]-1(-[H])-[#6](-[H])(-[H])-[#8]-[#15:19].[H]-[#8:22],EVODEX.1-P3460,52193228321414447115203676168481772078214904280033935860118299640656078443612
EVODEX.1-C1326,[#15:18]-[#8:21]>>[H]-[#8]-[#6]1(-[#6](-[H])(-[H])-[#8]-[#15:18])-[#8]-[#6@](-[H])(-[#6](-[H])(-[H])-[#8]-[#15](=[#8])(-[#8]-[H])-[#8]-[H])-[#6@@](-[H])(-[#8]-[H])-[#6@]-1(-[H])-[#8]-[H].[H]-[#8:21],EVODEX.1-P3468,110370027375871160452734713684289995822641316170922637336730864110055701018467
EVODEX.1-C1327,[#8:4]-[#15:5]>>[H]-[#8:4].[H]-[#8]-[#15](=[#8])(-[#8]-[H])-[#8]-[#15](=[#8])(-[#8]-[H])-[#8]-[#15:5],EVODEX.1-P3470,39597858045385288597130550681498426702053638302805622664152271269744934259986
EVODEX.1-C1328,([H]-[#8:77]-[#6@@:75].[#6@@:50].[#6@@:5]).[H]-[#8]-[#6@@]1(-[H])-[#6@@](-[H])(-[#8]-[H])-[#6@](-[H])(-[#7]2:[#6](-[H]):[#7]:[#6]3:[#6](-[#7](-[H])-[H]):[#7]:[#6](-[H]):[#7]:[#6]:2:3)-[#8]-[#6@]-1(-[H])-[#6](-[H])(-[H])-[#8]-[#15](=[#8])(-[#8]-[H])-[#8]-[#15](=[#8])(-[#8]-[H])-[#8]-[#15:104]>>([#6:75]-[#8:77]-[#15:104].[#6@:5].[#6@:50]),EVODEX.1-P3479,114970668199077481849409671780703684442332115494148230242487448929989385871954
EVODEX.1-C1329,([#7:57]-[#15:58].[#6@@:50])>>([H]-[#7:57].[#6@:50]).[H]-[#8]-[#6@@]1(-[H])-[#6@@](-[H])(-[#8]-[H])-[#6@](-[H])(-[#7]2:[#6](-[H]):[#7]:[#6]3:[#6](-[#7](-[H])-[H]):[#7]:[#6](-[H]):[#7]:[#6]:2:3)-[#8]-[#6@]-1(-[H])-[#6](-[H])(-[H])-[#8]-[#15](=[#8])(-[#8]-[H])-[#8]-[#15](=[#8])(-[#8]-[H])-[#8]-[#15:58],EVODEX.1-P3481,61613134774365391457245308888877908803919801112315997540744513272930026958843
EVODEX.1-C1330,([#8:21]-[#15:22].[#6@@:7])>>([H]-[#8:21].[#6@:7]).[H]-[#8]-[#6@@](-[H])(-[#6](=[#8])-[#8]-[#15:22])-[#6](-[H])(-[H])-[#8]-[#15](=[#8])(-[#8]-[H])-[#8]-[H],EVODEX.1-P3493,55699836490264855407073299069690320598819030300965741076429142171828824071483
EVODEX.1-C1331,([H]-[#7:16].[#6@:4]).[H]-[#8]-[#6@@]1(-[H])-[#6@@](-[H])(-[#8]-[H])-[#6@](-[H])(-[#7]2:[#6](-[H]):[#7]:[#6]3:[#6](-[#7](-[H])-[H]):[#7]:[#6](-[H]):[#7]:[#6]:2:3)-[#8]-[#6@]-1(-[H])-[#6](-[H])(-[H])-[#8]-[#15](=[#8])(-[#8]-[H])-[#8]-[#15](=[#8])(-[#8]-[H])-[#8]-[#15:43]>>([#7:16]-[#15:43].[#6@@:4]),EVODEX.1-P3518,54316255245924404831838852573085569313211690593363913453527249506112437861985
EVODEX.1-C1332,([#7:16]-[#15:17].[#6@@:4]).[H]-[#8:45]>>([H]-[#7:16].[#6@:4]).[#15:17]-[#8:45],EVODEX.1-P3519,29027607163194959636705145182202802616545101617224411888221549769245705261921
EVODEX.1-C1333,([#8:35]-[#15:36].[#6@:40]-[#6@:42]).[H]-[#7:9]-[#6@@:8]>>([H]-[#8:35].[#6@@:42]-[#6@@:40]).[#7:9](-[#6@:8])-[#15:36],EVODEX.1-P3521,109442900752706436290889128555263786207489876798986690067634741989967956505854
EVODEX.1-C1334,([#8:20]-[#15:21].[#6@@:8])>>([H]-[#8:20].[#6@:8]).[H]-[#8]-[#6@@]1(-[H])-[#6@@](-[H])(-[#8]-[H])-[#6@](-[H])(-[#7]2:[#6](-[H]):[#6](-[H]):[#6](=[#8]):[#7](-[H]):[#6]:2=[#8])-[#8]-[#6@]-1(-[H])-[#6](-[H])(-[H])-[#8]-[#15](=[#8])(-[#8]-[H])-[#8]-[#15:21],EVODEX.1-P3536,110475927664785943762148558744403453885934411524045133609077701864910977881982
EVODEX.1-C1335,([#8:21]-[#15:22].[#6@:26]-[#6@:28])>>([H]-[#8:21].[#6@@:28]-[#6@@:26]).[H]-[#8]-[#6@@]1(-[H])-[#6@@](-[H])(-[#8]-[H])-[#6@](-[H])(-[#7]2:[#6](-[H]):[#6](-[H]):[#6](=[#8]):[#7](-[H]):[#6]:2=[#8])-[#8]-[#6@]-1(-[H])-[#6](-[H])(-[H])-[#8]-[#15](=[#8])(-[#8]-[H])-[#8]-[#15:22],EVODEX.1-P3537,98266286307040210748849158155804439812416255309916787602656702828453254131312
EVODEX.1-C1336,([#15:15]-[#8:18].[#6@:23]-[#6@:25])>>([H]-[#8]-[#6@@]1(-[H])-[#6@@](-[H])(-[#8]-[H])-[#6@](-[H])(-[#6](-[H])(-[H])-[#8]-[#15](=[#8])(-[#8]-[H])-[#8]-[#15](=[#8])(-[#8]-[H])-[#8]-[#15:15])-[#8]-[#6@]-1(-[H])-[#7]1:[#6](-[H]):[#7]:[#6]2:[#6](-[#7](-[H])-[H]):[#7]:[#6](-[H]):[#7]:[#6]:1:2.[#6@@:25]-[#6@@:23]).[H]-[#8:18],EVODEX.1-P3560,54709321567004817480830459006749052175597044729762480934626114060396819102871
EVODEX.1-C1337,[H]-[#8:10]-[#6@:9].[H]-[#8]-[#6@@]1(-[H])-[#6@@](-[H])(-[#8]-[H])-[#6@](-[H])(-[#7]2:[#6](-[H]):[#7]:[#6]3:[#6](-[#7](-[H])-[H]):[#7]:[#6](-[H]):[#7]:[#6]:2:3)-[#8]-[#6@]-1(-[H])-[#6](-[H])(-[H])-[#8]-[#15](=[#8])(-[#8]-[H])-[#8]-[#15:36]>>[#8:10](-[#6@@:9])-[#15:36],EVODEX.1-P3581,70631324085663470547186420201851922434141827845054474381292669600796820731052
EVODEX.1-C1338,([H]-[#8:20].[#6@:13]).[#8:32](-[#6@@:31]-[#6@@:41]-[#6@@:43])-[#15:33]>>([#8:20]-[#15:33].[#6@@:13]).[H]-[#8:32]-[#6:31]-[#6@:41]-[#6@:43],EVODEX.1-P3583,115022694197456418533982993775500868268090325198780025670565720548939588488962
EVODEX.1-C1339,([H]-[#8:20].[#6@:13]).[H]-[#8]-[#6@@]1(-[H])-[#6@@](-[H])(-[#8]-[#15:33])-[#8]-[#6@](-[H])(-[#6](-[H])(-[H])-[#8]-[#15](=[#8])(-[#8]-[H])-[#8]-[H])-[#6@@]-1(-[H])-[#8]-[H]>>([#8:20]-[#15:33].[#6@@:13]),EVODEX.1-P3584,89972186752526188287353734350236547772606685100711120081391849928980072756802
EVODEX.1-C1340,[H]-[#8]-[#6@@]1(-[H])-[#6](-[H])(-[H])-[#6@](-[H])(-[#7]2:[#6](-[H]):[#7]:[#6]3:[#6](-[#7](-[H])-[H]):[#7]:[#6](-[H]):[#7]:[#6]:2:3)-[#8]-[#6@]-1(-[H])-[#6](-[H])(-[H])-[#8]-[#15](=[#8])(-[#8]-[H])-[#8]-[#15:64].([H]-[#8:14].[#6@:39]-[#6@:15])>>([#8:14]-[#15:64].[#6@@:15]-[#6@@:39]),EVODEX.1-P3600,85859315794169135593485735477989544893384941711630989836890678847852858006016
EVODEX.1-C1341,[H]-[#8:59]-[#6@@:58]-[#6@@:9].[H]-[#8]-[#6@@]1(-[H])-[#6](-[H])(-[H])-[#6@](-[H])(-[#7]2:[#6](-[H]):[#7]:[#6]3:[#6](-[#7](-[H])-[H]):[#7]:[#6](-[H]):[#7]:[#6]:2:3)-[#8]-[#6@]-1(-[H])-[#6](-[H])(-[H])-[#8]-[#15](=[#8])(-[#8]-[H])-[#8]-[#15:84]>>[#8:59](-[#6@:58]-[#6@:9])-[#15:84],EVODEX.1-P3602,4388072547793361655447039238105360182131358194625196594717547818495106454458
EVODEX.1-C1342,([#8:42]-[#15:43].[#6@@:47]-[#6@@:53])>>[H]-[#8]-[#6@@]1(-[H])-[#6@@](-[H])(-[#8]-[H])-[#6@](-[H])(-[#7]2:[#6](-[H]):[#7]:[#6]3:[#6](-[#7](-[H])-[H]):[#7]:[#6](-[H]):[#7]:[#6]:2:3)-[#8]-[#6@]-1(-[H])-[#6](-[H])(-[H])-[#8]-[#15:43].([H]-[#8:42].[#6@:53]-[#6@:47]),EVODEX.1-P3607,43945472433382763264537160660204578759732756135054876146621251167945645557137
EVODEX.1-C1343,([#8:17]-[#15:18].[#6@:40]-[#6@:42])>>([H]-[#8:17].[#6@@:42]-[#6@@:40]).[H]-[#8]-[#15](=[#8])(-[#8]-[H])-[#8]-[#15](=[#8])(-[#8]-[H])-[#8]-[#15:18],EVODEX.1-P3614,11337431905801090652493728090730638468410271343904487027616182370363512680347
EVODEX.1-C1344,([#8:8]-[#15:9].[#6@@:30]-[#6@:33]-[#6@@:35])>>([H]-[#8:8].[#6@:35]-[#6@@:33]-[#6@:30]).[H]-[#8]-[#15](=[#8])(-[#8]-[H])-[#8]-[#15](=[#8])(-[#8]-[H])-[#8]-[#15:9],EVODEX.1-P3635,82623679410324448605607475115633370809928102481069455402590193702967113005464
EVODEX.1-C1345,[H]-[#8]-[#15](=[#8])(-[#8]-[H])-[#8]-[#15](=[#8])(-[#8]-[H])-[#8]-[#15:27].[H]-[#8:5]-[#6@:4]>>[#8:5](-[#6@@:4])-[#15:27],EVODEX.1-P3651,38398171285275117489428884020089341947482879402335479386399065487897630668457
EVODEX.1-C1346,([#8:22](-[#6@:21]-[#6@@:12])-[#15:23].[#6@@:8].[#6@@:45].[#6@@:48].[#6@@:50].[#6@@:53])>>([H]-[#8:22]-[#6@@:21]-[#6@:12].[#6@:8].[#6@:53].[#6@:50].[#6@:48].[#6@:45]).[H]-[#8]-[#15](=[#8])(-[#8]-[H])-[#8]-[#15](=[#8])(-[#8]-[H])-[#8]-[#15:23],EVODEX.1-P3670,2101383978008628880044613001253349762078165878710270632804751093383242578095
EVODEX.1-C1347,([#8:33](-[#6@:32]-[#6@@:23])-[#15:34].[#6@:4]-[#6@:21])>>([H]-[#8:33]-[#6@@:32]-[#6@:23].[#6@@:21]-[#6@@:4]).[H]-[#8]-[#15](=[#8])(-[#8]-[H])-[#8]-[#15](=[#8])(-[#8]-[H])-[#8]-[#15:34],EVODEX.1-P3672,43600365404447356499866309975772618467358139458658227296169630215605309980431
EVODEX.1-C1348,[H]-[#8:23]-[#6@@:22]-[#6@@:3].([#15:39]-[#8:42].[#6@:51]-[#6@:53])>>([#8:23](-[#6@:22]-[#6@:3])-[#15:39].[#6@@:53]-[#6@@:51]).[H]-[#8:42],EVODEX.1-P3673,112908875561941320530918015490858593077565378987217299314009341546855078199124
EVODEX.1-C1349,([H]-[#8]-[#6@@]1(-[H])-[#6@@](-[H])(-[#8]-[H])-[#6@](-[H])(-[#7]2:[#6](-[H]):[#7]:[#6]3:[#6](-[#7](-[H])-[H]):[#7]:[#6](-[H]):[#7]:[#6]:2:3)-[#8]-[#6@]-1(-[H])-[#6](-[H])(-[H])-[#8]-[#15](=[#8])(-[#8]-[H])-[#8]-[#15:12].[#6@@:40]-[#6@@:38]).[H]-[#8:45]>>([#15:12]-[#8:45].[#6@:38]-[#6@:40]),EVODEX.1-P3675,32641247648892247557673295592207805283320491094994166265939417423855617820083
EVODEX.1-C1350,([#8:19]-[#15:20].[#6@@:7])>>([H]-[#8:19].[#6@:7]).[H]-[#8]-[#15](=[#8])(-[#8]-[H])-[#8]-[#15:20],EVODEX.1-P3681,60353444342246894085263147905548764868174716097003646930794760510778303474141
EVODEX.1-C1351,([#8:13]-[#15:14].[#6@:2])>>([H]-[#8:13].[#6@@:2]).[H]-[#8]-[#15](=[#8])(-[#8]-[H])-[#8]-[#15](=[#8])(-[#8]-[H])-[#8]-[#15:14],EVODEX.1-P3682,82836476095282128425105307922826087708409453679159498057619729734431390055666
EVODEX.1-C1352,([H]-[#8:22].[#6@@:26]-[#6@@:24]).[#8:32]-[#6@@:33]>>([#8:22]-[#6@@:33].[#6@:24]-[#6@:26]).[H]-[#8:32],EVODEX.1-P3685,14781314516365564389616739388106445926219112099511314899374927207661713885374
EVODEX.1-C1353,([H]-[#8:9].[#6@:5].[#6@@:16]-[#6@:14]).[H]-[#8]-[#15](=[#8])(-[#8]-[H])-[#8]-[#15](=[#8])(-[#8]-[H])-[#8]-[#15:34]>>([#8:9]-[#15:34].[#6@@:5].[#6@@:14]-[#6@:16]),EVODEX.1-P3688,61671633122131806131408569918979644793582561507920032030719600579513410081412
EVODEX.1-C1354,([H]-[#8:29].[#6@@:33]-[#6@@:31]).[H]-[#8]-[#6](-[H])(-[H])-[#6@@]1(-[H])-[#8]-[#6@](-[H])(-[#8]-[#15](=[#8])(-[#8]-[H])-[#8]-[#15:47])-[#6@](-[H])(-[#8]-[H])-[#6@@](-[H])(-[#8]-[H])-[#6@]-1(-[H])-[#8]-[H]>>([#8:29]-[#15:47].[#6@:31]-[#6@:33]),EVODEX.1-P3692,70591428695338398666977279837570006981294574934944516826274704663171095297920
EVODEX.1-C1355,([#8:26]-[#15:27].[#6@@:20]).[H]-[#8:65]-[#6@:66]1-[#6@@:67]-[#6@:69]-[#6@@:71]-[#6@:73]-[#6@:75]-1>>([H]-[#8:26].[#6@:20]).[#15:27]-[#8:65]-[#6@@:66]1-[#6@:67]-[#6@@:69]-[#6@:71]-[#6@@:73]-[#6@@:75]-1,EVODEX.1-P3699,50867673850891121372602097472175675981648322109891159886982889698858944962400
EVODEX.1-C1356,([H]-[#8:35].[#6@@:6].[#6@:38]-[#6@@:36]).[H]-[#8]-[#6@@]1(-[H])-[#6@@](-[H])(-[#8]-[H])-[#6@](-[H])(-[#7]2:[#6](-[H]):[#6](-[H]):[#6](=[#8]):[#7](-[H]):[#6]:2=[#8])-[#8]-[#6@]-1(-[H])-[#6](-[H])(-[H])-[#8]-[#15](=[#8])(-[#8]-[H])-[#8]-[#15:54]>>([#8:35]-[#15:54].[#6@:6].[#6@:36]-[#6@@:38]),EVODEX.1-P3707,93364247761347301549766624121001874276038907395496866741985026350175544708401
EVODEX.1-C1357,([#8:27]-[#15:28].[#6@:21])>>([H]-[#8:27].[#6@@:21]).[H]-[#8]-[#6](=[#8])-[#6@@](-[H])(-[#7](-[H])-[H])-[#6](-[H])(-[H])-[#8]-[#15:28],EVODEX.1-P3722,102667151259901892740736439427582238493291886815688163593971438910473247486393
EVODEX.1-C1358,([#8:145]-[#15:146].[#6@:143]).([H]-[#8:122].[#6@@:118]-[#6@@:33])>>([H]-[#8:145].[#6@@:143]).([#8:122]-[#15:146].[#6@:33]-[#6@:118]),EVODEX.1-P3726,85304442163721016847783488613745967668755456689470485885488252667490549241131
EVODEX.1-C1359,([H]-[#8:25].[#6@@:22]-[#6@@:28]-[#6@:30]-[#6@@:18](-[#6@:19])-[#6@:17]-[#6@@:34]-[#6@:32]).([#8:54]-[#16:55].[#6@:59]-[#6@:65])>>([#8:25]-[#16:55].[#6@@:17](-[#6@:18](-[#6@@:19])-[#6@@:30]-[#6@:28]-[#6@:22])-[#6@:34]-[#6@@:32]).([H]-[#8:54].[#6@@:65]-[#6@@:59]),EVODEX.1-P3736,27331109699827857970483527816889122666746397782679216823092226599532494965610
EVODEX.1-C1360,[#8:21](-[#6@@:20]-[#6@:2])-[#16:22].[H]-[#8:43]>>[H]-[#8:21]-[#6@:20]-[#6@@:2].[#16:22]-[#8:43],EVODEX.1-P3738,80286964932565131527513733803131826871188165290443918889361987854124359674788
EVODEX.1-C1361,([#8:10]-[#16:11].[#6@:2]-[#6@:20]-[#6@@:19])>>([H]-[#8:10].[#6@:19]-[#6@@:20]-[#6@@:2]).[H]-[#8]-[#6@]1(-[H])-[#6@](-[H])(-[#8]-[#15](=[#8])(-[#8]-[H])-[#8]-[H])-[#6@@](-[H])(-[#6](-[H])(-[H])-[#8]-[#15](=[#8])(-[#8]-[H])-[#8]-[#16:11])-[#8]-[#6@@]-1(-[H])-[#7]1:[#6](-[H]):[#7]:[#6]2:[#6](-[#7](-[H])-[H]):[#7]:[#6](-[H]):[#7]:[#6]:1:2,EVODEX.1-P3739,89338298727313912570011836872434781713906130973034727953998520759946863635848
EVODEX.1-C1362,([H]-[#8:21].[#6@@:29].[#6@@:24]).[H]-[#8]-[#6@]1(-[H])-[#6@](-[H])(-[#8]-[#15](=[#8])(-[#8]-[H])-[#8]-[H])-[#6@@](-[H])(-[#6](-[H])(-[H])-[#8]-[#15](=[#8])(-[#8]-[H])-[#8]-[#16:50])-[#8]-[#6@@]-1(-[H])-[#7]1:[#6](-[H]):[#7]:[#6]2:[#6](-[#7](-[H])-[H]):[#7]:[#6](-[H]):[#7]:[#6]:1:2>>([#8:21]-[#16:50].[#6@:24].[#6@:29]),EVODEX.1-P3742,102635272019670882670459730836053051162831617013562594409892303651966612570625
EVODEX.1-C1363,([#8:14]-[#16:15].[#6@@:7](-[#6@:8]-[#6@@:23]-[#6@:21])-[#6@:26]).[H]-[#8:45]>>([H]-[#8:14].[#6@@:8](-[#6@:7]-[#6@@:26])-[#6@:23]-[#6@@:21]).[#16:15]-[#8:45],EVODEX.1-P3751,106544454220432094718709183094500516064788744022035817847222720092814677424373
EVODEX.1-C1364,([H]-[#8:11].[#6@:16]-[#6@@:17]-[#6@@:2]).([#8:40]-[#16:41].[#6@:45]-[#6@:51])>>([#8:11]-[#16:41].[#6@:2]-[#6@:17]-[#6@@:16]).([H]-[#8:40].[#6@@:51]-[#6@@:45]),EVODEX.1-P3782,12788638960618749363052963831553451155899128111992329649804591270637119168940
EVODEX.1-C1365,[H]-[#8]-[#6@]1(-[H])-[#6@](-[H])(-[#8]-[#15](=[#8])(-[#8]-[H])-[#8]-[H])-[#6@@](-[H])(-[#6](-[H])(-[H])-[#8]-[#15](=[#8])(-[#8]-[H])-[#8]-[#15](=[#8])(-[#8]-[H])-[#8]-[#6](-[H])(-[H])-[#6](-[#6](-[H])(-[H])-[H])(-[#6](-[H])(-[H])-[H])-[#6@@](-[H])(-[#8]-[H])-[#6](=[#8])-[#7](-[H])-[#6](-[H])(-[H])-[#6](-[H])(-[H])-[#6](=[#8])-[#7](-[H])-[#6](-[H])(-[H])-[#6](-[H])(-[H])-[#16]-[#6](=[#8])-[#6](-[H])-[H])-[#8]-[#6@@]-1(-[H])-[#7]1:[#6](-[H]):[#7]:[#6]2:[#6](-[#7](-[H])-[H]):[#7]:[#6](-[H]):[#7]:[#6]:1:2>>[H]-[#8]-[#6](=[#8])-[#6](-[H])-[H],EVODEX.1-P3800,6827753263691844925949311003968036801195845604070676101693669651610379260519
EVODEX.1-C1366,([#8:25]-[#6@:22].[#6@:10]-[#6@@:30]-[#6@:14]-[#6@:13]-[#6@@:19])>>([H]-[#8]-[#6@@:22].[#6@@:14](-[#6@@:13]-[#6@:19])-[#6@:30]-[#6@@:10]).[H]-[#8:25],EVODEX.1-P3850,110605673772908623620020018197300118486354686066006385979048356205138602340689
EVODEX.1-C1367,[H]-[#6](-[H])(-[H])-[#6](-[H])(-[H])-[#6](-[H])(-[H])-[#6](-[H])(-[H])-[#6](-[H])(-[H])-[#6](-[H])(-[H])-[#6](-[H])(-[H])-[#6](-[H])(-[H])-[#6](-[H])(-[H])-[#6](-[H])(-[H])-[#6](-[H])(-[H])-[#6](-[H])(-[H])-[#6](-[H])(-[H])-[#6](-[H])(-[H])-[#6](-[H])(-[H])-[#6](=[#8])-[#8]-[#6:23].[H]-[#8:51]>>[#6:23]-[#8:51],EVODEX.1-P4043,26420152406967343794591251496847797177436037893506265853840638845615017420178
EVODEX.1-C1368,[H]-[#6](-[H])(-[H])-[#6](-[H])(-[H])-[#8]-[#6:18].([H]-[#7:11].[#6@:12])>>([#7:11]-[#6:18].[#6@@:12]),EVODEX.1-P4053,41472056168441058596127647631044587130123131885522620101572885939215797578366
EVODEX.1-C1369,[H]-[#6](-[H])(-[H])-[#8]-[#6:17].([H]-[#7:11].[#6@:12])>>([#7:11]-[#6:17].[#6@@:12]),EVODEX.1-P4054,110726375293341970824943438269193933458700369951143365181591182253947227691778
EVODEX.1-C1370,([H]-[#6](-[H])(-[H])-[#6](=[#8])-[#8]-[#6:11].[#6@:23].[#6@@:17]).[H]-[#8:25]>>([#6:11]-[#8:25].[#6@:17].[#6@@:23]),EVODEX.1-P4074,100369960373478751540513037219687033984455992749256294688228860489719167397336
EVODEX.1-C1371,[H]-[#6](-[H])(-[H])-[#6](=[#8])-[#8]-[#6@:20]-[#6@:5].[H]-[#8:25]>>[#8:25]-[#6@@:20]-[#6@@:5],EVODEX.1-P4075,41160907201945225077063707475215795912366844747749035128631878807771654140930
EVODEX.1-C1372,([#6:10]-[#8:11].[#6@@:7])>>([H]-[#8]-[#6:10].[#6@:7]).[H]-[#8:11],EVODEX.1-P4155,115244319846497556831768815710659922370231256120412299495945583871130634312016
EVODEX.1-C1373,([H]-[#8]-[#15](=[#8])(-[#8]-[H])-[#8]-[#6@@:84].[#6@:9].[#6@@:5]).[H]-[#8:144]>>([#8:144]-[#6@@:84].[#6@:5].[#6@@:9]),EVODEX.1-P4181,67563446305049187283248139030060309579806901323047625318008237464175789088680
EVODEX.1-C1374,([H]-[#8]-[#15](=[#8])(-[#8]-[H])-[#8].[#6:9])>>([H]-[#8].[#6@:9]),EVODEX.1-P4191,16646834455264180315973362635832957441023494555331437838478674668679621047165
EVODEX.1-C1375,[H]-[#8]-[#15](=[#8])(-[#8]-[H])-[#8]-[#6@@:10](-[#6@@:8]-[#6@:6])-[#6@@:16]-[#6@:21].[H]-[#8:23]>>[#8:23]-[#6@:10](-[#6@:8]-[#6@@:6])-[#6@:16]-[#6@@:21],EVODEX.1-P4206,105923278996717603958814429861192496185281929950771354700025180196286869471505
EVODEX.1-C1376,[H]-[#8]-[#15](=[#8])(-[#8]-[H])-[#8]-[#6@@:14]-[#6@@:5].[H]-[#8:20]>>[#8:20]-[#6@:14]-[#6@:5],EVODEX.1-P4207,66793207124751146637486062581130631200889621164694158193584972446034516635464
EVODEX.1-C1377,([#8:59]-[#15:60].[#6@@:53])>>([H]-[#8:59].[#6@:53]).[H]-[#8]-[#15:60],EVODEX.1-P4209,66156007208136985903788231544991719485733599049030489858101904517833626585477
EVODEX.1-C1378,([#8:22]-[#6@:21](-[#6@@:18])-[#6@@:27]-[#6@:29].[#6@@:10].[#6@@:34]-[#6@:36].[#6@:38]-[#6@:44].[#6@:48])>>([H]-[#8]-[#6@@:21](-[#6@:18])-[#6@:27]-[#6@@:29].[#6@:10].[#6@@:48].[#6@@:44]-[#6@@:38].[#6@@:36]-[#6@:34]).[H]-[#8:22],EVODEX.1-P4261,7783748882991825456548264826628489423525281135354387418963083776542859474956
EVODEX.1-C1379,([H]-[#8]-[#16](=[#8])(=[#8])-[#8]-[#6@@:55].[#6@:36].[#6@:28].[#6@:21].[#6@:73].[#6@@:71]-[#6@:69].[#6@@:63]-[#6@:61]).[H]-[#8:75]>>([#8:75]-[#6@:55].[#6@@:21].[#6@@:28].[#6@@:36].[#6@@:61]-[#6@:63].[#6@@:69]-[#6@:71].[#6@@:73]),EVODEX.1-P4263,38842921041279404652834664113479372902843010731062723157574834863365903361934
EVODEX.1-C1380,([#8:56]-[#6@:55].[#6@@:21].[#6@@:28].[#6@@:36].[#6@@:61]-[#6@:63].[#6@@:69]-[#6@:71].[#6@@:73])>>([H]-[#8]-[#6@@:55].[#6@:36].[#6@:28].[#6@:21].[#6@:73].[#6@@:71]-[#6@:69].[#6@@:63]-[#6@:61]).[H]-[#8:56],EVODEX.1-P4264,16196455224433928191323699002714014558760703151922742316507751662640197738418
EVODEX.1-C1381,([H]-[#8]-[#16](=[#8])(=[#8])-[#8]-[#6:19].[#6@@:3].[#6@:27]-[#6@@:25]).[H]-[#8:29]>>([#6:19]-[#8:29].[#6@:3].[#6@:25]-[#6@@:27]),EVODEX.1-P4269,96785789624501402449111133182875608974526446260531976904288162686595998746659
EVODEX.1-C1382,([H]-[#8]-[#16](=[#8])(=[#8])-[#8]-[#6@:13].[#6@@:8](-[#6@:7]-[#6@@:26])-[#6@:23]-[#6@@:21]).[H]-[#8:28]>>([#8:28]-[#6@:13].[#6@@:7](-[#6@:8]-[#6@@:23]-[#6@:21])-[#6@:26]),EVODEX.1-P4279,33983420530145502208837226384975472965312363049773050585604623524569443934036
EVODEX.1-C1383,[H]-[#8]-[#16](=[#8])(=[#8])-[#8]-[#6@:10]-[#6@@:2].[H]-[#8:16]>>[#8:16]-[#6@@:10]-[#6@:2],EVODEX.1-P4285,50212370579967989089114995816993524087791742583753649399558895241191780007513
EVODEX.1-C1384,([H]-[#8]-[#16](=[#8])(=[#8])-[#8]-[#6:7].[#6@:15]-[#6@:13]).[H]-[#8:17]>>([#6:7]-[#8:17].[#6@@:13]-[#6@@:15]),EVODEX.1-P4288,51354565589568168838808221781413312417044022195949464201146785650887911200633
EVODEX.1-C1385,[#8:39]-[#6@:38](-[#6@@:36]-[#6@@:33])-[#6@:44]>>[H]-[#8]-[#6@@:38](-[#6@:36]-[#6@:33])-[#6@@:44].[H]-[#8:39],EVODEX.1-P4291,99910517543765676674325770159107135195879951635889937988609404486908843085720
EVODEX.1-C1386,([H]-[#8]-[#15](=[#8])(-[#8]-[H])-[#8]-[#15](=[#8])(-[#8]-[H])-[#8]-[#6:12].[#6@@:32]-[#6@@:22]).[H]-[#8:37]>>([#6:12]-[#8:37].[#6@:22]-[#6@:32]),EVODEX.1-P4293,38342315026779099918554308946886266811113343744923021843207576308744820764699
EVODEX.1-C1387,([#16:5]-[#6:6].[#6@@:2])>>[H]-[#8]-[#6:6].([H]-[#16:5].[#6@:2]),EVODEX.1-P4300,38658719437624366774041247325573370349242535964029696794304939240265143929353
EVODEX.1-C1388,([#8:18]-[#6@:17]-[#6@@:8].[#6@:31]-[#6@@:34]-[#6@:47])>>([H]-[#8]-[#6@:17]-[#6@:8].[#6@@:47]-[#6@:34]-[#6@@:31]).[H]-[#8:18],EVODEX.1-P4305,102043973322574059406993534303015749213207009967564134803804822425862681836495
EVODEX.1-C1389,([#8:5](-[#6@:4])-[#6@@:6].[#6@@:24]).[H]-[#8:40]>>[#8:40]-[#6@@:6].([H]-[#8:5]-[#6:4].[#6@:24]),EVODEX.1-P4311,69159362370435015897066983432316198151778801803472106482742287451168969408040
EVODEX.1-C1390,([H]-[#8]-[#6](-[H])(-[H])-[#6@@]1(-[H])-[#8]-[#6@](-[H])(-[#8]-[#6@@:81](-[#6@@:79]-[#6@:76])-[#6@@:94])-[#6@](-[H])(-[#8]-[H])-[#6@@](-[H])(-[#8]-[H])-[#6@]-1(-[H])-[#8]-[H].[#6@@:70]-[#6@:67].[#6@@:61]-[#6@:58].[#6@:54].[#6@:43]-[#6@:34].[#6@@:30]-[#6@:16].[#6@:9].[#6@:102].[#6@:100].[#6@:98].[#6@@:96]).[H]-[#8:104]>>([#8:104]-[#6@:81](-[#6@:79]-[#6@@:76])-[#6@:94].[#6@@:9].[#6@@:16]-[#6@:30].[#6@@:34]-[#6@@:43].[#6@@:54].[#6@@:58]-[#6@:61].[#6@@:67]-[#6@:70].[#6@:96].[#6@@:98].[#6@@:100].[#6@@:102]),EVODEX.1-P4322,94865063728957269911554194485433778736365003760416203292567205237222923660117
EVODEX.1-C1391,[#8:17](-[#6@@:16]-[#6@@:8])-[#6@@:18]>>[H]-[#8:17]-[#6@:16]-[#6@:8].[H]-[#8]-[#6@@:18],EVODEX.1-P4332,73128767462434426843029015860315686841693219342026889858699680113062791681432
EVODEX.1-C1392,([#8:42]-[#6@@:41].[#6@@:6].[#6@@:62]-[#6@:64].[#6@@:73]-[#6@:75].[#6@@:84]-[#6@:86].[#6@@:95])>>([H]-[#8]-[#6@@:41].[#6@:6].[#6@:95].[#6@@:86]-[#6@:84].[#6@@:75]-[#6@:73].[#6@@:64]-[#6@:62]).[H]-[#8:42],EVODEX.1-P4336,14443843800696970282553985990118738044678026217035293545650898687614472583676
EVODEX.1-C1393,([#8:33]-[#6@@:32].[#6@@:6].[#6@@:53]-[#6@:55].[#6@@:64]-[#6@:66].[#6@@:75])>>([H]-[#8]-[#6@@:32].[#6@:6].[#6@:75].[#6@@:66]-[#6@:64].[#6@@:55]-[#6@:53]).[H]-[#8:33],EVODEX.1-P4337,105146994823605392285399988263498329790529312459374712856474759602009258256200
EVODEX.1-C1394,([#8:16]-[#6@:17].[#6@@:10]-[#6@@:13].[#6@:37].[#6@@:39]-[#6@:41].[#6@:45]).[H]-[#8:69]>>[#8:69]-[#6@@:17].([H]-[#8:16].[#6@:13]-[#6@:10].[#6@@:45].[#6@@:41]-[#6@:39].[#6@@:37]),EVODEX.1-P4348,37831859515977977808805431568751471910545926162798607658869350100483390766440
EVODEX.1-C1395,([#8:18]-[#6@:19].[#6@@:47]-[#6@:50]-[#6@@:52]).[H]-[#8:54]>>([H]-[#8:18].[#6@:52]-[#6@@:50]-[#6@:47]).[#6:19]-[#8:54],EVODEX.1-P4392,2555161050181673281036139724412762671474911301386674471877262395638242589568
EVODEX.1-C1396,([#6:27](-[#6@@:25])-[#8:28]-[#6@:29].[#6@@:12]-[#6@:48]-[#6@@:17]-[#6@:18]-[#6@@:44]-[#6@:43](-[#6@:20])-[#6@:41].[#6@@:51]-[#6@:54]-[#6@@:78].[#6@@:80]-[#6@@:82]-[#6@:84])>>([H]-[#8]-[#6:27]-[#6@:25].[#6@@:20]-[#6@@:43](-[#6@:44]-[#6@@:18]-[#6@:17]-[#6@@:48]-[#6@:12])-[#6@@:41].[#6@@:84]-[#6@:82]-[#6@:80].[#6@:78]-[#6@@:54]-[#6@:51]).[H]-[#8:28]-[#6:29],EVODEX.1-P4431,76785134982630817124227343410660650257370595572107710652277298460990041090256
EVODEX.1-C1397,([#6:13]-[#8:14]-[#6@:15].[#6@:26]-[#6@@:28]-[#6@:30])>>([H]-[#8]-[#6:13].[#6@@:30]-[#6@:28]-[#6@@:26]).[H]-[#8:14]-[#6:15],EVODEX.1-P4435,13472539106232697802230012588897212336437744648554627337325364460109651042450
EVODEX.1-C1398,([#8:53](-[#6@:52]-[#6@:43])-[#6@:54].[#6@:7]-[#6@@:21].[#6@:24].[#6@@:27].[#6@:30])>>([H]-[#8]-[#6@@:52]-[#6@@:43].[#6@@:30].[#6@:27].[#6@:21]-[#6@@:7].[#6@@:24]).[H]-[#8:53]-[#6:54],EVODEX.1-P4443,20820152796208526078664011764410660338343336929227192350585092385096762280055
EVODEX.1-C1399,([#8:13]-[#6@@:12](-[#6@@:9])-[#6@@:25]-[#6@:27].[#6@:2])>>([H]-[#8]-[#6@@:12](-[#6@:9])-[#6@:25]-[#6@@:27].[#6@@:2]).[H]-[#8:13],EVODEX.1-P4453,82365352608150850575844001358960536159244555061756086702176049349712348752610
EVODEX.1-C1400,([H]-[#8:13].[#6@:9].[#6@:14]).[#8:21]-[#6@:20]-[#6@@:33]-[#6@:35]-[#6@:37]>>([#8:13]-[#6@:20]-[#6@:33]-[#6@@:35]-[#6@@:37].[#6@@:9].[#6@@:14]).[H]-[#8:21],EVODEX.1-P4459,93930827401620615360595837720559702553851256356442824126688979542461970761384
EVODEX.1-C1401,([H]-[#8:18].[#6@@:15]-[#6@:12].[#6@@:6].[#6@@:28].[#6@@:24].[#6@@:19]).[#8:35]-[#6@:34]-[#6@@:47]-[#6@:49]-[#6@:51]>>([#8:18]-[#6@:34]-[#6@:47]-[#6@@:49]-[#6@@:51].[#6@:6].[#6@@:12]-[#6@:15].[#6@:19].[#6@:24].[#6@:28]).[H]-[#8:35],EVODEX.1-P4460,36165707152726546353372738760656248237952901985460194405428803575917677736206
EVODEX.1-C1402,([H]-[#8:21].[#6@:18]-[#6@@:5].[#6@:22]).[#8:29]-[#6@:28]-[#6@@:41]-[#6@:43]-[#6@@:45]>>([#8:21]-[#6@:28]-[#6@:41]-[#6@@:43]-[#6@:45].[#6@:5]-[#6@@:18].[#6@@:22]).[H]-[#8:29],EVODEX.1-P4461,67300451088217415704081862337285177020624284852922897718058435951434711961521
EVODEX.1-C1403,([#8:37](-[#6@@:36]-[#6@@:27])-[#6@@:38].[#6@:6].[#6@@:12].[#6@:49]-[#6@@:51]-[#6@@:64].[#6@:66]-[#6@@:68]-[#6@@:103].[#6@@:105]-[#6@:107].[#6@:112].[#6@:116])>>([H]-[#8]-[#6@:36]-[#6@:27].[#6@:12].[#6@@:6].[#6@@:116].[#6@@:112].[#6@@:107]-[#6@:105].[#6@:103]-[#6@:68]-[#6@@:66].[#6@:64]-[#6@:51]-[#6@@:49]).[H]-[#8:37]-[#6:38],EVODEX.1-P4463,24001719247451482640897498650724313933522271222209350990320574224342264207308
EVODEX.1-C1404,([H]-[#8]-[#6](-[H])(-[H])-[#6@@]1(-[H])-[#8]-[#6@](-[H])(-[#8]-[#6@:36]-[#6@:27])-[#6@@](-[H])(-[#8]-[H])-[#6@@](-[H])(-[#8]-[H])-[#6@]-1(-[H])-[#8]-[H].[#6@:12].[#6@@:6].[#6@@:116].[#6@@:112].[#6@@:107]-[#6@:105].[#6@:103]-[#6@:68]-[#6@@:66].[#6@:64]-[#6@:51]-[#6@@:49]).[H]-[#8:118]>>([#8:118]-[#6@@:36]-[#6@@:27].[#6@:6].[#6@@:12].[#6@:49]-[#6@@:51]-[#6@@:64].[#6@:66]-[#6@@:68]-[#6@@:103].[#6@@:105]-[#6@:107].[#6@:112].[#6@:116]),EVODEX.1-P4465,22738999554859801856977561639255971561155031359623091780067380785612573587520
EVODEX.1-C1405,([H]-[#8]-[#6](-[H])(-[H])-[#6@@]1(-[H])-[#8]-[#6@](-[H])(-[#8]-[#6:10])-[#6@@](-[H])(-[#8]-[H])-[#6@@](-[H])(-[#8]-[H])-[#6@]-1(-[H])-[#8]-[H].[#6@:25]-[#6@@:23]).[H]-[#8:27]>>([#6:10]-[#8:27].[#6@:23]-[#6@@:25]),EVODEX.1-P4472,78433541939908808296671620946147235983612055692505744877797605009112720552907
EVODEX.1-C1406,[H]-[#8]-[#6](-[H])(-[H])-[#6@@]1(-[H])-[#8]-[#6@@](-[H])(-[#8]-[#6:12](-[#6@:9])-[#6@:25])-[#6@@](-[H])(-[#8]-[H])-[#6@@](-[H])(-[#8]-[H])-[#6@]-1(-[H])-[#8]-[H].[H]-[#8:27]>>[#8:27]-[#6@@:12](-[#6@@:9])-[#6@@:25],EVODEX.1-P4473,33824006894496537281930972362327697443026567854470534643061658424966139330474
EVODEX.1-C1407,([H]-[#8]-[#6@@]1(-[H])-[#6@@](-[H])(-[#8]-[H])-[#6@](-[H])(-[#8]-[#6@@:43]-[#6@@:34])-[#8]-[#6@@](-[H])(-[#6](-[H])(-[H])-[H])-[#6@]-1(-[H])-[#8]-[H].[#6@@:32].[#6@:4]).[H]-[#8:56]>>([#8:56]-[#6@:43]-[#6@:34].[#6@@:4].[#6@:32]),EVODEX.1-P4487,980628965943593014094188941219077115312575731868134093301961648135746756230
EVODEX.1-C1408,([H]-[#6]1:[#6](-[#8]-[#6@@:13]-[#6@@:11]-[#6@:9]):[#6](-[H]):[#6]2:[#8]:[#6](=[#8]):[#6](-[H]):[#6](-[#6](-[H])(-[H])-[H]):[#6]:2:[#6]:1-[H].[#6@:37]-[#6@@:35]-[#6@:32].[#6@:28]).[H]-[#8:39]>>([#8:39]-[#6@@:13]-[#6@:11]-[#6@@:9].[#6@@:28].[#6@@:32]-[#6@:35]-[#6@@:37]),EVODEX.1-P4497,85314402154139686279079703498064494688649464315973910413376978783554568178509
EVODEX.1-C1409,[H]-[#8]-[#6@]1(-[H])-[#6@](-[H])(-[#8]-[H])-[#6@](-[H])(-[#6](-[H])(-[H])-[H])-[#8]-[#6@@](-[H])(-[#8]-[#6@:25]-[#6@:5])-[#6@@]-1(-[H])-[#8]-[H].[H]-[#8:37]>>[#8:37]-[#6@@:25]-[#6@@:5],EVODEX.1-P4505,27994345935177448553401816007813667152427426611537523798686762555535413688919
EVODEX.1-C1410,([H]-[#8]-[#6@]1(-[H])-[#6@](-[H])(-[#8]-[H])-[#6@](-[H])(-[#6](-[H])(-[H])-[H])-[#8]-[#6@@](-[H])(-[#8]-[#6@@:19]-[#6@@:10])-[#6@@]-1(-[H])-[#8]-[H].[#6@:5].[#6@@:33]-[#6@:31]).[H]-[#8:38]>>([#8:38]-[#6@:19]-[#6@:10].[#6@@:5].[#6@@:31]-[#6@:33]),EVODEX.1-P4506,110037150006052600167181947249714573561588870262811018222334120266828895216969
EVODEX.1-C1411,([#6:14]-[#16:15].[#6@:22]-[#6@:24])>>([H]-[#8]-[#6:14].[#6@@:24]-[#6@@:22]).[H]-[#16:15],EVODEX.1-P4550,47299351101886747668184624212969093553101746984025373991908145993208425495996
EVODEX.1-C1412,([#8:18]-[#6:19].[#6@:2].[#6@:11]-[#6@@:21]-[#6@:15]).[H]-[#8:22]>>([H]-[#8:18].[#6:19]-[#8:22].[#6@@:15]-[#6@:21]-[#6@@:11].[#6@@:2]),EVODEX.1-P4564,92062915298903200635765304841382885664598664195247889818623069045330957876199
EVODEX.1-C1413,[#8:19]1-[#6@@:18]-[#6@@:20]-1-[#6@:2]>>[H]-[#8]-[#6@:20](-[#6@@:2])-[#6@:18]-[#8:19]-[H],EVODEX.1-P4566,517956236059779895160731075647025867875002335303180136118752797657386641177
EVODEX.1-C1414,([#7:8]-[#6:9]-[#6:11].[#6@:2]).[H]-[#8:21]>>[#6:9](-[#6@@:11])-[#8:21].([H]-[#7:8].[#6@@:2]),EVODEX.1-P4692,41188161569295154072178150711545122626161961951154908733648002305955482135528
EVODEX.1-C1415,[H]-[#7:1].[H]-[#6]1:[#6](-[H]):[#6](-[H]):[#6](-[#6](-[H])(-[H])-[#8]-[#6:15]):[#6](-[H]):[#6]:1-[H]>>[#7:1]-[#6:15],EVODEX.1-P4721,21935740333672930962425375398923182961095618725404562496164194985521102705580
EVODEX.1-C1416,([H]-[#8]-[#6](=[#8])-[#6@@](-[H])(-[#7](-[H])-[#6:7])-[#6](-[H])(-[H])-[#6]1:[#6](-[H]):[#6](-[H]):[#6](-[#8]-[H]):[#6](-[H]):[#6]:1-[H].[#6@@:5]).[H]-[#8:31]>>([#6:7]-[#8:31].[#6@:5]),EVODEX.1-P4741,95636299024331243732681855046988482489334919889872461996339832331347078486830
EVODEX.1-C1417,[H]-[#7]=[#6](-[#7](-[H])-[H])-[#7](-[H])-[#6](-[H])(-[H])-[#6](-[H])(-[H])-[#6](-[H])(-[H])-[#6@@](-[H])(-[#6](=[#8])-[#8]-[H])-[#7](-[H])-[#6:11]-[#6@@:10].[H]-[#8:25]>>[#6:11](-[#6@:10])-[#8:25],EVODEX.1-P4815,81988477464970677270033508898019828975516338117894914212479672550289874144674
EVODEX.1-C1418,[H]-[#8]-[#6](=[#8])-[#6@@](-[H])(-[#7](-[H])-[#6:11]-[#6@@:10])-[#6](-[H])(-[H])-[#8]-[H].[H]-[#8:20]>>[#6:11](-[#6@:10])-[#8:20],EVODEX.1-P4816,34332644867781951459999246261740932737146692205623506104083881606716930553897
EVODEX.1-C1419,([H]-[#8]-[#6](=[#8])-[#6@@](-[H])(-[#7](-[H])-[H])-[#6](-[H])(-[H])-[#6](-[H])(-[H])-[#6](-[H])(-[H])-[#6](-[H])(-[H])-[#7](-[H])-[#6:47].[#6@@:19].[#6@@:12]).[H]-[#8:59]>>([#6:47]-[#8:59].[#6@:12].[#6@:19]),EVODEX.1-P4820,103699461610394905544366808304099922312496552066333699899610867160177154911943
EVODEX.1-C1420,([H]-[#8]-[#6](=[#8])-[#6@@](-[H])(-[#7](-[H])-[#6:31])-[#6](-[H])(-[H])-[#8]-[H].[#6@@:18]).[H]-[#8:43]>>([#6:31]-[#8:43].[#6@:18]),EVODEX.1-P4837,39036492871853394272726538993041195419725282713992595035058135374153245270692
EVODEX.1-C1421,([H]-[#7]=[#6](-[#7](-[H])-[H])-[#7](-[H])-[#6](-[H])(-[H])-[#6](-[H])(-[H])-[#6](-[H])(-[H])-[#6@@](-[H])(-[#6](=[#8])-[#8]-[H])-[#7](-[H])-[#6:70]-[#6@@:69].[#6@@:65].[#6@@:53]).[H]-[#8:93]>>([#6:70](-[#6@:69])-[#8:93].[#6@:53].[#6@:65]),EVODEX.1-P4928,46965141360185767223570416709825109316880206200815338424593723993192500259863
EVODEX.1-C1422,[H]-[#8]-[#6](=[#8])-[#6@@](-[H])(-[#7](-[H])-[#6:36]-[#6@@:35])-[#6](-[H])(-[H])-[#6]1:[#6](-[H]):[#6](-[H]):[#6](-[H]):[#6](-[H]):[#6]:1-[H].[H]-[#8:50]>>[#6:36](-[#6@:35])-[#8:50],EVODEX.1-P4937,18969089749362055747082824673677993112684376748122998014217991569469630141946
EVODEX.1-C1423,([#6:61](-[#6@:60])-[#7:63]-[#6:64].[#6@:25].[#6@:32])>>[H]-[#7:63]-[#6@@:64].([H]-[#8]-[#6:61]-[#6@@:60].[#6@@:32].[#6@@:25]),EVODEX.1-P4941,102877615211925137174727984770950760748188153016154321173483187233656003922625
EVODEX.1-C1424,([H]-[#8]-[#6](=[#8])-[#6](-[H])(-[H])-[#6](-[H])(-[H])-[#6@@](-[H])(-[#6](=[#8])-[#8]-[H])-[#7](-[H])-[#6:90].[#6@:87]).[H]-[#8:196]>>([#6:90]-[#8:196].[#6@@:87]),EVODEX.1-P4942,17030264511398468742956983778451370846137907362103050058265041053433658824200
EVODEX.1-C1425,([H]-[#8]-[#6](=[#8])-[#6@@](-[H])(-[#7](-[H])-[#6:32])-[#6](-[H])(-[H])-[#6](-[H])(-[H])-[#6](=[#8])-[#7](-[H])-[H].[#6@:29].[#6@:23]).[H]-[#8:52]>>([#6:32]-[#8:52].[#6@@:23].[#6@@:29]),EVODEX.1-P4994,50873659901961209629258039690117421850802541179408890605124857687172171873211
EVODEX.1-C1426,[#7:5](-[#6@:4])-[#6:6]>>[H]-[#6](-[H])(-[H])-[#8]-[#6:6].[H]-[#7:5]-[#6@@:4],EVODEX.1-P5022,114205559975571740285791401605423379992294188619731448717430545945967481359893
EVODEX.1-C1427,[H]-[#6]1:[#6](-[H]):[#6](-[H]):[#6]2:[#6](-[H]):[#6](-[#7](-[H])-[#6:21]-[#6@@:20]):[#6](-[H]):[#6](-[H]):[#6]:2:[#6]:1-[H].[H]-[#8:34]>>[#6:21](-[#6@:20])-[#8:34],EVODEX.1-P5045,25384840436851352250632976372815918977387555886106051884141075494456288808874
EVODEX.1-C1428,([#6:45]-[#6:53]-[#7:55]-[#6@@:56].[#6@:19])>>([H]-[#8]-[#6:53]-[#6@@:45].[#6@@:19]).[H]-[#7:55]-[#6:56],EVODEX.1-P5063,3216614913206221063892336881528388889775757147805049741713825326197131137522
EVODEX.1-C1429,([#6:31]-[#16:33].[#6@:19])>>([H]-[#8]-[#6:31].[#6@@:19]).[H]-[#16:33],EVODEX.1-P5065,4600294209905901252321374223084761616516588333705386942188833282450543770716
EVODEX.1-C1430,([H]-[#7:7].[#6@@:2]).[H]-[#8]-[#6:76]>>([#7:7]-[#6:76].[#6@:2]),EVODEX.1-P5079,110897838181853702863358227481922715498851761732534532534565934635621317029917
EVODEX.1-C1431,[H]-[#8]-[#6](=[#8])-[#6@@](-[H])(-[#7](-[H])-[#6:23]-[#6@@:22])-[#6](-[H])(-[H])-[#6]1:[#6](-[H]):[#7](-[H]):[#6]2:[#6](-[H]):[#6](-[H]):[#6](-[H]):[#6](-[H]):[#6]:1:2.[H]-[#8:43]>>[#6:23](-[#6@:22])-[#8:43],EVODEX.1-P5172,5683533789513040849583898193924900880263002082442284683491011595883524997991
EVODEX.1-C1432,[#7:12](-[#6@:11])-[#6:13]>>[H]-[#6](-[H])(-[H])-[#6](-[H])(-[H])-[#8]-[#6:13].[H]-[#7:12]-[#6@@:11],EVODEX.1-P5217,104704492117088828033665363650036968344731744768859062810655126641223839991559
EVODEX.1-C1433,([H]-[#7:13]-[#6@:12].[#6@@:8]).[H]-[#6](-[H])(-[H])-[#6](-[H])(-[H])-[#8]-[#6:29]>>([#7:13](-[#6@@:12])-[#6:29].[#6@:8]),EVODEX.1-P5218,1877801537473968610818638683660348914072776522335543005898165835804499467475
EVODEX.1-C1434,([H]-[#6]1:[#6](-[#7](-[H])-[#6:31]):[#6](-[H]):[#6]2:[#8]:[#6](=[#8]):[#6](-[H]):[#6](-[#6](-[#9])(-[#9])-[#9]):[#6]:2:[#6]:1-[H].[#6@@:22]).[H]-[#8:52]>>([#6:31]-[#8:52].[#6@:22]),EVODEX.1-P5233,96754083118725853203280079949209367811207910946353656260317268888732362298481
EVODEX.1-C1435,([H]-[#6]1:[#6](-[#7](-[H])-[#6:27]):[#6](-[H]):[#6]2:[#8]:[#6](=[#8]):[#6](-[H]):[#6](-[#6](-[H])(-[H])-[H]):[#6]:2:[#6]:1-[H].[#6@@:18].[#6@@:5]).[H]-[#8:48]>>([#6:27]-[#8:48].[#6@:5].[#6@:18]),EVODEX.1-P5243,111950870756538360999924876081250075084894769335424163274766986543199021715278
EVODEX.1-C1436,([H]-[#7]=[#6](-[#7](-[H])-[H])-[#7](-[H])-[#6](-[H])(-[H])-[#6](-[H])(-[H])-[#6](-[H])(-[H])-[#6@@](-[H])(-[#6](=[#8])-[#7](-[H])-[#6@](-[H])(-[#6](=[#8])-[#7](-[H])-[#6@](-[H])(-[#6](=[#8])-[#7](-[H])-[#6@](-[H])(-[#6](=[#8])-[#8]-[H])-[#6](-[H])(-[H])-[H])-[#6](-[H])(-[H])-[#6]1:[#6](-[H]):[#7](-[H]):[#6]2:[#6](-[H]):[#6](-[H]):[#6](-[H]):[#6](-[H]):[#6]:1:2)-[#6](-[H])(-[H])-[#6](-[H])(-[H])-[#6](-[H])(-[H])-[#6](-[H])(-[H])-[#7](-[H])-[H])-[#7](-[H])-[#6](=[#8])-[#6@@](-[H])(-[#7](-[H])-[#6](=[#8])-[#6](-[H])(-[H])-[#7](-[H])-[#6](=[#8])-[#6@@](-[H])(-[#7](-[H])-[#6:57])-[#6](-[H])(-[H])-[#8]-[H])-[#6](-[H])(-[H])-[#6]1:[#6](-[H]):[#6](-[H]):[#6](-[H]):[#6](-[H]):[#6]:1-[H].[#6@@:47]).[H]-[#8:123]>>([#6:57]-[#8:123].[#6@:47]),EVODEX.1-P5270,106878321619747530632522678582105382081064868033137755848592631409767460668348
EVODEX.1-C1437,([#7:14]-[#6:15].[#7:33]-[#6:34].[#6@:5].[#6@@:21]).[H]-[#8:80].[H]-[#8:81]>>([H]-[#7:33].[#6:15]-[#8:80].[#6@:21]).[#6:34]-[#8:81].([H]-[#7:14].[#6@@:5]),EVODEX.1-P5392,71443424372405211569766450016513541188474245906328996500741259090646887772958
EVODEX.1-C1438,([H]-[#8]-[#6](=[#8])-[#6@@](-[H])(-[#7](-[H])-[#6:97])-[#6](-[H])(-[H])-[#6](=[#8])-[#7](-[H])-[H].[#6@@:69]).[H]-[#8:111]>>([#6:97]-[#8:111].[#6@:69]),EVODEX.1-P5428,44584523426692971271270144066659140102292102807616772005309984176485126019945
EVODEX.1-C1439,([H]-[#8]-[#7](-[H])-[#6:4].[#6@:2]).[H]-[#8:11]>>([#6:4]-[#8:11].[#6@@:2]),EVODEX.1-P5444,105540547554728918384934986932218891652025013321983346265592855211239089000460
EVODEX.1-C1440,([H]-[#7](-[H])-[#6@@:6]-[#6@@:5].[#6@@:11]).[H]-[#7:15]>>([#7:15]-[#6@@:6]-[#6@:5].[#6@:11]),EVODEX.1-P5496,102631267243512116443340905129957667625546049984613680902307012890830091811569
EVODEX.1-C1441,([H]-[#7](-[H])-[#6:8].[#6@:5]).[H]-[#8:14]>>([#6:8]-[#8:14].[#6@@:5]),EVODEX.1-P5704,32209064678565312919348004753596624040077727543493052191202834332925597369372
EVODEX.1-C1442,[#7:3](-[#6@:2])-[#6:4]-[#7:5]>>[#8]=[#6:4].[H]-[#7:3]-[#6@@:2].[H]-[#7:5],EVODEX.1-P5730,102059136705682760126764441098294800500444057512162080146641844795459737656815
EVODEX.1-C1443,[#7:5](-[#6@:4])-[#6:6]-[#8:8]-[#6:9].[H]-[#8:19]>>[#6:6]=[#8:8].[#6:9]-[#8:19].[H]-[#7:5]-[#6@@:4],EVODEX.1-P5770,26912789470822625468578180867842057760834247661305620666765894423294980032340
EVODEX.1-C1444,[#7:8]-[#6:9]-[#6@:4].[H]-[#8:11]>>([H]-[#7:8].[#6:9](-[#6@@:4])-[#8:11]),EVODEX.1-P5848,98236928541979762759463801952931500759154510897556570736637180873299778237261
EVODEX.1-C1445,([H]-[#8]-[#6@@]1(-[H])-[#6@@](-[H])(-[#8]-[H])-[#6@](-[H])(-[#7]2:[#6](-[H]):[#7]:[#6]3:[#6](-[#7](-[H])-[H]):[#7]:[#6](-[H]):[#7]:[#6]:2:3)-[#8]-[#6@]-1(-[H])-[#6](-[H])(-[H])-[#8]-[#15](=[#8])(-[#8]-[H])-[#8]-[#15:11].[#6@:6].[#6@@:38]).[H]-[#8:40]>>([#15:11]-[#8:40].[#6@@:6].[#6@:38]),EVODEX.1-P5977,4923205518350684828276744270129292101331154355026795482419591157325804567356
EVODEX.1-C1446,([#15:14]-[#8:17]-[#15:18]-[#8:21].[#6@:26]-[#6@:28])>>([H]-[#8]-[#15:14].[#6@@:28]-[#6@@:26]).[H]-[#8]-[#15:18]-[#8:17]-[H].[H]-[#8:21],EVODEX.1-P6002,15432207242958037363063833728410921633911519912023888824261181662637423974675
EVODEX.1-C1447,([#7:44]-[#15:45].[#6@:5].[#6@:37])>>([H]-[#7:44].[#6@@:37].[#6@@:5]).[H]-[#8]-[#15:45],EVODEX.1-P6139,26711615106133707671828463928544235031223472149423467937168910795877717775547
EVODEX.1-C1448,[#8:14]-[#15:15]>>[H]-[#8]-[#6](=[#8])-[#6](-[#8]-[#15:15])=[#6](-[H])-[H].[H]-[#8:14],EVODEX.1-P6170,6850811322287611208464456219074164791566334003326924262053238439652374828309
EVODEX.1-C1449,[#6:3](-[#6@@:2])=[#8:4].[H]-[#6:18]>>[H]-[#8:4]-[#6@:3](-[#6@:2])-[#6@:18],EVODEX.1-P6261,29541198615222654686513911018782020849879672524789253557981690634245116852931
EVODEX.1-C1450,[#6:3](-[#6@:2])=[#8:4]>>[H]-[#8]-[#6](=[#8])-[#6@@](-[H])(-[#7](-[H])-[H])-[#6@@:3](-[#6@@:2])-[#8:4]-[H],EVODEX.1-P6363,108734074809248327603246561140029538116797726551895420781897628842440070894795
EVODEX.1-C1451,([H]-[#6@:26](-[#8:27]-[H])-[#6@@:28](-[#6@@:20])-[#8:29].[#6@:22])>>([H]-[#6:28](-[#6@:20])-[#6:26]=[#8:27].[#6@@:22]).[H]-[#8:29],EVODEX.1-P6425,57316921623409429470696783007407890348226742525989440897616990553878819526058
EVODEX.1-C1452,([#6:9]=[#6:10].[#6@:18])>>([H]-[#8]-[#6:10]-[#6:9]-[H].[#6@@:18]),EVODEX.1-P6481,77128896166086197886173588898719607796096119776723782320799198455825139390988
EVODEX.1-C1453,([H]-[#6:18].[#6:20]-[#8:21].[#6@@:14])>>([#6:18].[#6:20].[#6@:14]).[H]-[#8:21],EVODEX.1-P6489,43331169805426124939296990396738026809308496663642224189231042076074376911493
EVODEX.1-C1454,([H]-[#8]-[#15](=[#8])(-[#8]-[H])-[#8]-[#15](=[#8])(-[#8]-[H])-[#8]-[#6:20].[#6:18]-[H].[#6@@:14])>>([#6:18].[#6:20].[#6@:14]),EVODEX.1-P6490,112619385602773626049479768666277982666845201059916615395562400096961785259822
EVODEX.1-C1455,([H]-[#7](-[H])-[#6@:9].[#7:1](-[#6@:2])-[H])>>[#7:1](-[#6@@:2])-[#6@@:9],EVODEX.1-P6543,44803837778897373666298579806086989589688433092200026150992410024619744377499
EVODEX.1-C1456,([H]-[#8:7].[#6@@:12]-[#6@:10]-[#6@@:8]).[#15:15]-[#8:18]-[#6@@:19]>>([#8:7]-[#15:15].[#6@:8]-[#6@@:10]-[#6@:12]).[H]-[#8:18]-[#6:19],EVODEX.1-P6600,115104523697728489368589531651550811516587146554482531376526893284736536036487
EVODEX.1-C1457,[#6:2]-[#16:4].([H]-[#8:73].[#6@@:77]-[#6@@:75]).[#15:80]-[#8:81]>>[#6:2]-[#8:81].([#8:73]-[#15:80].[#6@:75]-[#6@:77]).[H]-[#16:4],EVODEX.1-P6650,91366379481577066153585039990055707503630373185567296815407900704991857769206
EVODEX.1-C1458,[#6:2]-[#8:4].([#8:75]-[#15:76].[#6@:80]-[#6@:82])>>[H]-[#8]-[#6@]1(-[H])-[#6@](-[H])(-[#8]-[#15](=[#8])(-[#8]-[H])-[#8]-[H])-[#6@@](-[H])(-[#6](-[H])(-[H])-[#8]-[#15](=[#8])(-[#8]-[H])-[#8]-[#15](=[#8])(-[#8]-[H])-[#8]-[#6](-[H])(-[H])-[#6](-[#6](-[H])(-[H])-[H])(-[#6](-[H])(-[H])-[H])-[#6@@](-[H])(-[#8]-[H])-[#6](=[#8])-[#7](-[H])-[#6](-[H])(-[H])-[#6](-[H])(-[H])-[#6](=[#8])-[#7](-[H])-[#6](-[H])(-[H])-[#6](-[H])(-[H])-[#16]-[#6:2])-[#8]-[#6@@]-1(-[H])-[#7]1:[#6](-[H]):[#7]:[#6]2:[#6](-[#7](-[H])-[H]):[#7]:[#6](-[H]):[#7]:[#6]:1:2.([H]-[#8:75].[#6@@:82]-[#6@@:80]).[#8:4]-[#15:76],EVODEX.1-P6651,57036704180062249813249273073394773158120005572422720645638357282391357496669
EVODEX.1-C1459,[H]-[#6](-[H])(-[H])-[#6](=[#8])-[#16:4].([H]-[#8:68].[#6@@:72]-[#6@@:70]).[H]-[#8]-[#15:78]>>([#8:68]-[#15:78].[#6@:70]-[#6@:72]).[H]-[#16:4],EVODEX.1-P6768,98331141702062980136557762259734808890983152895632888693063149428953818124504
EVODEX.1-C1460,[H]-[#16:48].[#6:70]-[#8:72].([#8:91]-[#15:92].[#6@:100]-[#6@:102])>>[#16:48]-[#6:70].([H]-[#8:91].[#6@@:102]-[#6@@:100]).[#8:72]-[#15:92],EVODEX.1-P6819,109692307174899342876806799088752097714601794370253530369062282223429326037833
EVODEX.1-C1461,([H]-[#8]-[#6:23].[#6@@:19]-[#6@@:26]-[#6@@:16]-[#6@:14]-[#6@:31]-[#6@:37].[#6@:58].[#6@:49]-[#6@:43]).[H]-[#7:68].[H]-[#8]-[#15](=[#8])(-[#8]-[H])-[#8:91]>>([#6:23]-[#7:68].[#6@@:14](-[#6@:16]-[#6@:26]-[#6@:19])-[#6@@:31]-[#6@@:37].[#6@@:43]-[#6@@:49].[#6@@:58]).[H]-[#8:91],EVODEX.1-P6897,89742877397420354865512392592118378611160948873249313395631188248534221279274
EVODEX.1-C1462,([#15:32]-[#8:35].[#6@@:40]-[#6@@:42]).[H]-[#7:13]-[#6@@:12]>>[H]-[#7](-[H])-[#6](-[H])(-[H])-[#6](-[H])(-[H])-[#6](=[#8])-[#7:13]-[#6@:12].[H]-[#8:35].([H]-[#8]-[#15:32].[#6@:42]-[#6@:40]),EVODEX.1-P6944,81401841218408836223059635035148317943353165603307735777793328983715138128014
EVODEX.1-C1463,([#6:52]-[#8:54].[#6@@:5]-[#6@@:38].[#6@:49]).[H]-[#8]-[#15](=[#8])(-[#8]-[H])-[#8]-[#15:83]>>([H]-[#8]-[#6](=[#8])-[#6@@](-[H])(-[#7](-[H])-[#6:52])-[#6](-[H])(-[H])-[H].[#6@@:49].[#6@:38]-[#6@:5]).[#8:54]-[#15:83],EVODEX.1-P6963,113375589862791335889961479425248439139392387715041172440993338837580257716504
EVODEX.1-C1464,([#6:29]-[#7:31].[#6@@:20].[#6@@:26]).[H]-[#8:80]>>[H]-[#7:31].[H]-[#8]-[#6@@]1(-[H])-[#6@@](-[H])(-[#8]-[H])-[#6@](-[H])(-[#7]2:[#6](-[H]):[#7]:[#6]3:[#6](-[#7](-[H])-[H]):[#7]:[#6](-[H]):[#7]:[#6]:2:3)-[#8]-[#6@]-1(-[H])-[#6](-[H])(-[H])-[#8]-[#15](=[#8])(-[#8]-[H])-[#8]-[#15](=[#8])(-[#8]-[H])-[#8:80].([H]-[#8]-[#6:29].[#6@:26].[#6@:20]),EVODEX.1-P6969,9632396427892192948377728568248089905934849696995314233273776446355312955543
EVODEX.1-C1465,[#6:19]-[#8:21]>>[H]-[#8]-[#6](=[#8])-[#6](-[H])(-[H])-[#6](-[H])(-[H])-[#6@@](-[H])(-[#6](=[#8])-[#8]-[H])-[#7](-[H])-[#6:19].[H]-[#8]-[#6@@]1(-[H])-[#6@@](-[H])(-[#8]-[H])-[#6@](-[H])(-[#7]2:[#6](-[H]):[#7]:[#6]3:[#6](-[#7](-[H])-[H]):[#7]:[#6](-[H]):[#7]:[#6]:2:3)-[#8]-[#6@]-1(-[H])-[#6](-[H])(-[H])-[#8]-[#15](=[#8])(-[#8]-[H])-[#8]-[#15](=[#8])(-[#8]-[H])-[#8:21],EVODEX.1-P6976,34526795274305322881034336663315613936793978790778735344621627096146865855291
EVODEX.1-C1466,[#6:33]-[#8:35].([#15:67]-[#8:70].[#6@:75]-[#6@:77])>>[H]-[#8]-[#6](=[#8])-[#6](-[H])(-[H])-[#6](-[H])(-[H])-[#6@@](-[H])(-[#6](=[#8])-[#8]-[H])-[#7](-[H])-[#6:33].([#8:35]-[#15:67].[#6@@:77]-[#6@@:75]).[H]-[#8:70],EVODEX.1-P6984,78026101394010554836362432967175111586168032808743912915826712289618283687245
EVODEX.1-C1467,[#15:70]-[#8:72].([H]-[#8]-[#6](=[#8])-[#6](-[H])(-[H])-[#6](-[H])(-[H])-[#6@@](-[H])(-[#6](=[#8])-[#8]-[H])-[#7](-[H])-[#6:29].[#6@:26].[#6@:20]).[H]-[#8:80]>>[#15:70]-[#8:80].([#6:29]-[#8:72].[#6@@:20].[#6@@:26]),EVODEX.1-P6989,44487973989463237621293793400212302675021660355342960261256304380977453638354
EVODEX.1-C1468,([#15:61]-[#8:63].[#6@@:52]).([H]-[#8]-[#6](=[#8])-[#6](-[H])(-[H])-[#6](-[H])(-[H])-[#6@@](-[H])(-[#6](=[#8])-[#8]-[H])-[#7](-[H])-[#6:20].[#6@:17])>>([H]-[#8]-[#15](=[#8])(-[#8]-[H])-[#8]-[#15:61].[#6@:52]).([#6:20]-[#8:63].[#6@@:17]),EVODEX.1-P6995,92425205957191849533072932021881995221554601404556616883296400997237904367592
EVODEX.1-C1469,[H]-[#8]-[#6@@]1(-[H])-[#6@@](-[H])(-[#8]-[H])-[#6@](-[H])(-[#7]2:[#6](-[H]):[#7]:[#6]3:[#6](-[#7](-[H])-[H]):[#7]:[#6](-[H]):[#7]:[#6]:2:3)-[#8]-[#6@]-1(-[H])-[#6](-[H])(-[H])-[#8]-[#15](=[#8])(-[#8]-[H])-[#8]-[#15](=[#8])(-[#8]-[H])-[#8:72].([H]-[#8]-[#6](=[#8])-[#6](-[H])(-[H])-[#6](-[H])(-[H])-[#6@@](-[H])(-[#6](=[#8])-[#8]-[H])-[#7](-[H])-[#6:29].[#6@:26].[#6@:20])>>([#6:29]-[#8:72].[#6@@:20].[#6@@:26]),EVODEX.1-P7002,108988702361075408812101864167700551105991418302030381085737100855986700394973
EVODEX.1-C1470,([H]-[#8]-[#6:38].[#6@:35].[#6@:29].[#6@:23]).[H]-[#7:52].[H]-[#8]-[#15](=[#8])(-[#8]-[H])-[#8:84]>>([#6:38]-[#7:52].[#6@@:23].[#6@@:29].[#6@@:35]).[H]-[#8:84],EVODEX.1-P7004,88052704144873116235144986299304385360137613793370103749969245296071970870823
EVODEX.1-C1471,([H]-[#8]-[#6:44].[#6@:41].[#6@:35].[#6@:29].[#6@:23]).[H]-[#7:61].[H]-[#8]-[#15](=[#8])(-[#8]-[H])-[#8:93]>>([#6:44]-[#7:61].[#6@@:23].[#6@@:29].[#6@@:35].[#6@@:41]).[H]-[#8:93],EVODEX.1-P7005,73149249026626078903480204438399185295468227742590979649924298522419796549255
EVODEX.1-C1472,[H]-[#7:60].[H]-[#8]-[#6@@]1(-[H])-[#6@@](-[H])(-[#8]-[H])-[#6@](-[H])(-[#7]2:[#6](-[H]):[#7]:[#6]3:[#6](-[#7](-[H])-[H]):[#7]:[#6](-[H]):[#7]:[#6]:2:3)-[#8]-[#6@]-1(-[H])-[#6](-[H])(-[H])-[#8]-[#15](=[#8])(-[#8]-[H])-[#8]-[#15](=[#8])(-[#8]-[H])-[#8:92].([H]-[#8]-[#6:39].[#6@:36].[#6@:30].[#6@:24].[#6@:18])>>([#6:39]-[#7:60].[#6@@:18].[#6@@:24].[#6@@:30].[#6@@:36]).[H]-[#8:92],EVODEX.1-P7013,113367379132682449937007685163210148167571637468899215432928686896806139019762
EVODEX.1-C1473,([H]-[#8]-[#6](=[#8])-[#6](-[H])(-[H])-[#6](-[H])(-[H])-[#6@@](-[H])(-[#6](=[#8])-[#8]-[H])-[#7](-[H])-[#6:32].[#6@:29].[#6@:23].[#6@:17]).([#15:79]-[#8:81].[#6@:83]-[#6@:85])>>([#6:32]-[#8:81].[#6@@:17].[#6@@:23].[#6@@:29]).([H]-[#8]-[#15](=[#8])(-[#8]-[H])-[#8]-[#15:79].[#6@@:85]-[#6@@:83]),EVODEX.1-P7017,103315434731502440556346312476258496017374115472600857406286979378132613308564
EVODEX.1-C1474,([#6:20]-[#7:22].[#6@@:17]).[H]-[#8:71]>>[H]-[#7:22].[H]-[#8]-[#6@@]1(-[H])-[#6@@](-[H])(-[#8]-[H])-[#6@](-[H])(-[#7]2:[#6](-[H]):[#7]:[#6]3:[#6](-[#7](-[H])-[H]):[#7]:[#6](-[H]):[#7]:[#6]:2:3)-[#8]-[#6@]-1(-[H])-[#6](-[H])(-[H])-[#8]-[#15](=[#8])(-[#8]-[H])-[#8]-[#15](=[#8])(-[#8]-[H])-[#8:71].([H]-[#8]-[#6:20].[#6@:17]),EVODEX.1-P7022,64089748771162365257261838727241681703403613174109394857234307610240755511423
EVODEX.1-C1475,([H]-[#8:70].[#6@@:74]-[#6@@:72]).[#6:30]-[#7:32].[#15:77]-[#8:78]>>[H]-[#7:32].([#8:70]-[#15:77].[#6@:72]-[#6@:74]).[#6:30]-[#8:78],EVODEX.1-P7024,19916686440040464656272274692444344592696416834400006396560627258556615677433
EVODEX.1-C1476,([H]-[#8]-[#6](=[#8])-[#6](-[H])(-[H])-[#6](-[H])(-[H])-[#6@@](-[H])(-[#6](=[#8])-[#8]-[H])-[#7](-[H])-[#6:41].[#6@:38].[#6@:32].[#6@:26].[#6@:20]).[H]-[#8]-[#6@@]1(-[H])-[#6@@](-[H])(-[#8]-[H])-[#6@](-[H])(-[#7]2:[#6](-[H]):[#7]:[#6]3:[#6](-[#7](-[H])-[H]):[#7]:[#6](-[H]):[#7]:[#6]:2:3)-[#8]-[#6@]-1(-[H])-[#6](-[H])(-[H])-[#8]-[#15](=[#8])(-[#8]-[H])-[#8]-[#15](=[#8])(-[#8]-[H])-[#8:90]>>([#6:41]-[#8:90].[#6@@:20].[#6@@:26].[#6@@:32].[#6@@:38]),EVODEX.1-P7035,98768560649179099782850177426342188442509273055443902797628324635032108948492
EVODEX.1-C1477,([#6:5]-[#8:7].[#6@@:2])>>([H]-[#8]-[#6](=[#8])-[#6@@](-[H])(-[#7](-[H])-[#6:5])-[#6](-[H])(-[H])-[#16]-[H].[#6@:2]).[H]-[#8]-[#6@@]1(-[H])-[#6@@](-[H])(-[#8]-[H])-[#6@](-[H])(-[#7]2:[#6](-[H]):[#7]:[#6]3:[#6](-[#7](-[H])-[H]):[#7]:[#6](-[H]):[#7]:[#6]:2:3)-[#8]-[#6@]-1(-[H])-[#6](-[H])(-[H])-[#8]-[#15](=[#8])(-[#8]-[H])-[#8]-[#15](=[#8])(-[#8]-[H])-[#8:7],EVODEX.1-P7041,111893103278005181458306082958101232692859457520735422791589907340407608072650
EVODEX.1-C1478,([#6:11]-[#8:13].[#6@@:2]).([#15:43]-[#8:46].[#6@:51]-[#6@:53])>>([H]-[#8]-[#6](=[#8])-[#6@@](-[H])(-[#7](-[H])-[#6:11])-[#6](-[H])(-[H])-[#8]-[H].[#6@:2]).([#8:13]-[#15:43].[#6@@:53]-[#6@@:51]).[H]-[#8:46],EVODEX.1-P7095,20871801741200440859404076894300287571618079089734174803830436053883906011829
EVODEX.1-C1479,[H]-[#7:21]-[#6@@:22].[H]-[#8]-[#6@@]1(-[H])-[#6@@](-[H])(-[#8]-[H])-[#6@](-[H])(-[#7]2:[#6](-[H]):[#7]:[#6]3:[#6](-[#7](-[H])-[H]):[#7]:[#6](-[H]):[#7]:[#6]:2:3)-[#8]-[#6@]-1(-[H])-[#6](-[H])(-[H])-[#8]-[#15](=[#8])(-[#8]-[H])-[#8]-[#15](=[#8])(-[#8]-[H])-[#8:52].([H]-[#8]-[#6:15].[#6@@:8])>>([#6:15]-[#7:21]-[#6:22].[#6@:8]).[H]-[#8:52],EVODEX.1-P7100,12255842782308229112686629909307185603972908650654748524215414868679539909795
EVODEX.1-C1480,[H]-[#7:4]-[#6@:3].[#6:11]-[#8:13].([#15:33]-[#8:36].[#6@:41]-[#6@:43])>>[#6:3]-[#7:4]-[#6:11].([#8:13]-[#15:33].[#6@@:43]-[#6@@:41]).[H]-[#8:36],EVODEX.1-P7148,35995255073976322934806095737921898355818947844389311557716892375748332954373
EVODEX.1-C1481,[H]-[#7:5]-[#6@@:4].[#6:41]-[#8:42]>>[#7:5](-[#6@:4])-[#6:41].[H]-[#8]-[#15](=[#8])(-[#8]-[H])-[#8:42],EVODEX.1-P7304,48496304670706390027989974005667988905669630095023193684016695742182926196729
EVODEX.1-C1482,[H]-[#7:5].([#8:31]-[#15:32].[#6@:36]-[#6@:38])>>[H]-[#7]1-[#6](-[H])(-[H])-[#6](-[H])(-[H])-[#6](-[H])(-[H])-[#6@@]-1(-[H])-[#6](=[#8])-[#7:5].([H]-[#8:31].[#6@@:38]-[#6@@:36]).[H]-[#8]-[#15:32],EVODEX.1-P7305,108055040822989602030952075912928649863436950154659544372174080156719610198712
EVODEX.1-C1483,[H]-[#7:5]-[#6@@:4].([#8:44]-[#15:45].[#6@:49]-[#6@:51]).[#6:19]-[#8:21]>>[#7:5](-[#6@:4])-[#6:19].([H]-[#8:44].[#6@@:51]-[#6@@:49]).[#8:21]-[#15:45],EVODEX.1-P7359,14561410157909524325097512231622193096325506274940674310725246249527448457199
EVODEX.1-C1484,[H]-[#7:5]-[#6@@:4].[H]-[#8]-[#15](=[#8])(-[#8]-[H])-[#8:44].[H]-[#8]-[#6:19]>>[#7:5](-[#6@:4])-[#6:19].[H]-[#8:44],EVODEX.1-P7360,40569142482384017127563204593075027160604418541566104008453020853755312651266
EVODEX.1-C1485,[H]-[#7:5]-[#6@@:4].[H]-[#8]-[#6@@]1(-[H])-[#6@@](-[H])(-[#8]-[H])-[#6@](-[H])(-[#7]2:[#6](-[H]):[#7]:[#6]3:[#6](-[#7](-[H])-[H]):[#7]:[#6](-[H]):[#7]:[#6]:2:3)-[#8]-[#6@]-1(-[H])-[#6](-[H])(-[H])-[#8]-[#15](=[#8])(-[#8]-[H])-[#8]-[#15](=[#8])(-[#8]-[H])-[#8]-[#15:45].[#6:19]-[#8:21]>>[#7:5](-[#6@:4])-[#6:19].[#8:21]-[#15:45],EVODEX.1-P7362,88911312446517727979513560265712769587805567227528247779657240474991938427424
EVODEX.1-C1486,[H]-[#7:6]-[#6@@:5].[#6:42]-[#8:43]>>[#7:6](-[#6@:5])-[#6:42].[H]-[#8]-[#6@@]1(-[H])-[#6@@](-[H])(-[#8]-[H])-[#6@](-[H])(-[#7]2:[#6](-[H]):[#7]:[#6]3:[#6](-[#7](-[H])-[H]):[#7]:[#6](-[H]):[#7]:[#6]:2:3)-[#8]-[#6@]-1(-[H])-[#6](-[H])(-[H])-[#8]-[#15](=[#8])(-[#8]-[H])-[#8:43],EVODEX.1-P7491,65060155664522220740176396998208854156248310844091088880833615263096706056688
EVODEX.1-C1487,([#6:47]-[#8:49].[#6@@:5]-[#6@@:38]).[H]-[#8]-[#15](=[#8])(-[#8]-[H])-[#8]-[#15:79]>>([H]-[#8]-[#6](=[#8])-[#6](-[H])(-[H])-[#6](-[H])(-[H])-[#6@@](-[H])(-[#6](=[#8])-[#8]-[H])-[#7](-[H])-[#6:47].[#6@:38]-[#6@:5]).[#8:49]-[#15:79],EVODEX.1-P7493,38433883102021907955075994735689006600757346869678818269333195965696005323979
EVODEX.1-C1488,([#6:42]-[#8:44].[#6@@:5]-[#6@@:38]).([#15:65]-[#8:68].[#6@:73]-[#6@:75])>>([H]-[#8]-[#6](=[#8])-[#6@@](-[H])(-[#7](-[H])-[#6:42])-[#6](-[H])(-[H])-[H].[#6@:38]-[#6@:5]).([#8:44]-[#15:65].[#6@@:75]-[#6@@:73]).[H]-[#8:68],EVODEX.1-P7495,41331555041804917635119051513156473219995728490559341087695103630857712669263
EVODEX.1-C1489,([#6:42]-[#8:44].[#6@@:5]-[#6@@:38]).[H]-[#8]-[#15](=[#8])(-[#8]-[H])-[#8]-[#15:71]>>([H]-[#8]-[#6](=[#8])-[#6@@](-[H])(-[#7](-[H])-[#6:42])-[#6](-[H])(-[H])-[#16]-[H].[#6@:38]-[#6@:5]).[#8:44]-[#15:71],EVODEX.1-P7503,106563784057704865311454797288639982577753988560507315779324272014434685786
EVODEX.1-C1490,([#6:42]-[#8:44].[#6@@:5]-[#6@@:38]).([#15:72]-[#8:75].[#6@:80]-[#6@:82])>>([H]-[#8]-[#6](=[#8])-[#6@@](-[H])(-[#7](-[H])-[#6:42])-[#6@](-[H])(-[#8]-[H])-[#6](-[H])(-[H])-[H].[#6@:38]-[#6@:5]).([#8:44]-[#15:72].[#6@@:82]-[#6@@:80]).[H]-[#8:75],EVODEX.1-P7505,105078842360096930991285806278922577643829380739945298094936174328963507244307
EVODEX.1-C1491,([#6:42]-[#8:44].[#6@@:5]-[#6@@:38])>>([H]-[#8]-[#6](=[#8])-[#6@@](-[H])(-[#7](-[H])-[#6:42])-[#6@](-[H])(-[#8]-[H])-[#6](-[H])(-[H])-[H].[#6@:38]-[#6@:5]).[H]-[#8]-[#6@@]1(-[H])-[#6@@](-[H])(-[#8]-[H])-[#6@](-[H])(-[#7]2:[#6](-[H]):[#7]:[#6]3:[#6](-[#7](-[H])-[H]):[#7]:[#6](-[H]):[#7]:[#6]:2:3)-[#8]-[#6@]-1(-[H])-[#6](-[H])(-[H])-[#8]-[#15](=[#8])(-[#8]-[H])-[#8]-[#15](=[#8])(-[#8]-[H])-[#8:44],EVODEX.1-P7506,45318446243415298443549299933688972916920403311693004221913297408277183640917
EVODEX.1-C1492,([#6:42]-[#8:44].[#6@@:5]-[#6@@:38]).[H]-[#8]-[#15](=[#8])(-[#8]-[H])-[#8]-[#15:72]>>([H]-[#8]-[#6](=[#8])-[#6@@](-[H])(-[#7](-[H])-[#6:42])-[#6@](-[H])(-[#8]-[H])-[#6](-[H])(-[H])-[H].[#6@:38]-[#6@:5]).[#8:44]-[#15:72],EVODEX.1-P7507,71762051350320363921664155655021685488804957532686232675937580672310787461759
EVODEX.1-C1493,([#6:42]-[#8:44].[#6@@:5]-[#6@@:38])>>([H]-[#8]-[#6](=[#8])-[#6@@](-[H])(-[#7](-[H])-[#6:42])-[#6](-[H])(-[#6](-[H])(-[H])-[H])-[#6](-[H])(-[H])-[H].[#6@:38]-[#6@:5]).[H]-[#8]-[#6@@]1(-[H])-[#6@@](-[H])(-[#8]-[H])-[#6@](-[H])(-[#7]2:[#6](-[H]):[#7]:[#6]3:[#6](-[#7](-[H])-[H]):[#7]:[#6](-[H]):[#7]:[#6]:2:3)-[#8]-[#6@]-1(-[H])-[#6](-[H])(-[H])-[#8]-[#15](=[#8])(-[#8]-[H])-[#8]-[#15](=[#8])(-[#8]-[H])-[#8:44],EVODEX.1-P7512,114103897229723228916649498020588062719326302403604778386253291857633840504344
EVODEX.1-C1494,([#6:42]-[#8:44].[#6@@:5]-[#6@@:38]).[H]-[#8]-[#15](=[#8])(-[#8]-[H])-[#8]-[#15:72]>>([H]-[#8]-[#6](=[#8])-[#6@@](-[H])(-[#7](-[H])-[#6:42])-[#6](-[H])(-[#6](-[H])(-[H])-[H])-[#6](-[H])(-[H])-[H].[#6@:38]-[#6@:5]).[#8:44]-[#15:72],EVODEX.1-P7513,51509567306775224353797304073565757048318537223066702034696787393587070731703
EVODEX.1-C1495,[H]-[#7:47]-[#6:46].([#15:74]-[#8:77].[#6@:82]-[#6@:84])>>[H]-[#8]-[#6](-[H])(-[H])-[#6@@]1(-[H])-[#8]-[#6@](-[H])(-[#8]-[#15](=[#8])(-[#8]-[H])-[#8]-[#15](=[#8])(-[#8]-[H])-[#8]-[#6](-[H])(-[H])-[#6@@]2(-[H])-[#8]-[#6@@](-[H])(-[#7]3:[#6](-[H]):[#6](-[H]):[#6](=[#8]):[#7](-[H]):[#6]:3=[#8])-[#6@](-[H])(-[#8]-[H])-[#6@]-2(-[H])-[#8]-[H])-[#6@](-[H])(-[#7](-[H])-[#6](=[#8])-[#6](-[H])(-[H])-[H])-[#6@@](-[H])(-[#8]-[#6@@](-[H])(-[#6](=[#8])-[#7:47]-[#6@@:46])-[#6](-[H])(-[H])-[H])-[#6@]-1(-[H])-[#8]-[H].([H]-[#8]-[#15:74].[#6@@:84]-[#6@@:82]).[H]-[#8:77],EVODEX.1-P7521,50368253664468965789596184531482334373189508834126855357337023255416670262662
EVODEX.1-C1496,([H]-[#8]-[#6:42].[#6@:38]-[#6@:5]).[H]-[#7:49].[H]-[#8]-[#6@@]1(-[H])-[#6@@](-[H])(-[#8]-[H])-[#6@](-[H])(-[#7]2:[#6](-[H]):[#7]:[#6]3:[#6](-[#7](-[H])-[H]):[#7]:[#6](-[H]):[#7]:[#6]:2:3)-[#8]-[#6@]-1(-[H])-[#6](-[H])(-[H])-[#8]-[#15](=[#8])(-[#8]-[H])-[#8]-[#15](=[#8])(-[#8]-[H])-[#8:75]>>([#6:42]-[#7:49].[#6@@:5]-[#6@@:38]).[H]-[#8:75],EVODEX.1-P7528,49025667617895135414245419624774177631805238077918691779595765107115310011433
EVODEX.1-C1497,[H]-[#7:47]-[#6:46].[H]-[#8]-[#15](=[#8])(-[#8]-[H])-[#8]>>[H]-[#8]-[#6](-[H])(-[H])-[#6@@]1(-[H])-[#8]-[#6@](-[H])(-[#8]-[#15](=[#8])(-[#8]-[H])-[#8]-[#15](=[#8])(-[#8]-[H])-[#8]-[#6](-[H])(-[H])-[#6@@]2(-[H])-[#8]-[#6@@](-[H])(-[#7]3:[#6](-[H]):[#6](-[H]):[#6](=[#8]):[#7](-[H]):[#6]:3=[#8])-[#6@](-[H])(-[#8]-[H])-[#6@]-2(-[H])-[#8]-[H])-[#6@](-[H])(-[#7](-[H])-[#6](=[#8])-[#6](-[H])(-[H])-[H])-[#6@@](-[H])(-[#8]-[#6@@](-[H])(-[#6](=[#8])-[#7:47]-[#6@@:46])-[#6](-[H])(-[H])-[H])-[#6@]-1(-[H])-[#8]-[H].[H]-[#8],EVODEX.1-P7532,37751404056024201011648407778612991112794173210916373514813145275257928765400
EVODEX.1-C1498,([#6:42]-[#8:44].[#6@@:5]-[#6@@:38])>>([H]-[#8]-[#6](=[#8])-[#6@@](-[H])(-[#7](-[H])-[#6:42])-[#6](-[H])(-[H])-[H].[#6@:38]-[#6@:5]).[H]-[#8]-[#6@@]1(-[H])-[#6@@](-[H])(-[#8]-[H])-[#6@](-[H])(-[#7]2:[#6](-[H]):[#7]:[#6]3:[#6](-[#7](-[H])-[H]):[#7]:[#6](-[H]):[#7]:[#6]:2:3)-[#8]-[#6@]-1(-[H])-[#6](-[H])(-[H])-[#8]-[#15](=[#8])(-[#8]-[H])-[#8]-[#15](=[#8])(-[#8]-[H])-[#8:44],EVODEX.1-P7535,35932599704463054400543089158696297522956441945184186579345037281415990933583
EVODEX.1-C1499,([#8:7]-[#15:8].[#6@@:33]-[#6@:36]-[#6@@:38])>>([H]-[#8:7].[#6@:38]-[#6@@:36]-[#6@:33]).[H]-[#8]-[#15:8],EVODEX.1-P7537,22888996408517231328448330744661045033186210968898154984012798288122707988399
EVODEX.1-C1500,([H]-[#8]-[#6:46].[#6@:37]-[#6@:5]).[H]-[#7:49].[H]-[#8]-[#15](=[#8])(-[#8]-[H])-[#8:81]>>([#6:46]-[#7:49].[#6@@:5]-[#6@@:37]).[H]-[#8:81],EVODEX.1-P7538,84290558565312704941810037024866931816878049333816102066437047924536347305991
EVODEX.1-C1501,[H]-[#6:8].([#8:82]-[#15:83].[#6@:87]-[#6@:89]).[#6:92]-[#8:94]>>[#6:8]-[#6:92].([H]-[#8:82].[#6@@:89]-[#6@@:87]).[#15:83]-[#8:94],EVODEX.1-P7555,105022210560883150084053746355824247223455883995184962019846326199403673081776
EVODEX.1-C1502,([H]-[#8:21].[#6@@:25]-[#6@@:23]).[H]-[#8]-[#15](=[#8])(-[#8]-[H])-[#8]-[#15](=[#8])(-[#8]-[H])-[#8]-[#15:45]>>([#8:21]-[#15:45].[#6@:23]-[#6@:25]),EVODEX.1-P7558,70819965780937799657082010399865230117725705859989935567128468321716599938179
