id,smirks,sources,hash
EVODEX.1-Nm1,[#6]-[#6](=[#8])-[#7:7]-[#6:8]>>[H]-[#7:7]-[#6:8],"EVODEX.1-P2128,EVODEX.1-P4051,EVODEX.1-P4150,EVODEX.1-P4559,EVODEX.1-P4560,EVODEX.1-P4574,EVODEX.1-P4576,EVODEX.1-P4580,EVODEX.1-P4588,EVODEX.1-P4589,EVODEX.1-P4590,EVODEX.1-P4592,EVODEX.1-P4593,EVODEX.1-P4595,EVODEX.1-P4597,EVODEX.1-P4601,EVODEX.1-P4604,EVODEX.1-P4607,EVODEX.1-P4609,EVODEX.1-P4615,EVODEX.1-P4617,EVODEX.1-P4620,EVODEX.1-P4621,EVODEX.1-P4622,EVODEX.1-P4623,EVODEX.1-P4624,EVODEX.1-P4625,EVODEX.1-P4626,EVODEX.1-P4629,EVODEX.1-P4631,EVODEX.1-P4632,EVODEX.1-P4634,EVODEX.1-P4635,EVODEX.1-P4638,EVODEX.1-P4639,EVODEX.1-P4640,EVODEX.1-P4644,EVODEX.1-P4646,EVODEX.1-P4648,EVODEX.1-P4649,EVODEX.1-P4653,EVODEX.1-P4654,EVODEX.1-P4656,EVODEX.1-P4657,EVODEX.1-P4660,EVODEX.1-P4667,EVODEX.1-P4668,EVODEX.1-P4670,EVODEX.1-P4671,EVODEX.1-P4674,EVODEX.1-P4677,EVODEX.1-P4680,EVODEX.1-P4681,EVODEX.1-P4685,EVODEX.1-P4686,EVODEX.1-P4688,EVODEX.1-P4693,EVODEX.1-P4694,EVODEX.1-P4695,EVODEX.1-P4696,EVODEX.1-P4697,EVODEX.1-P4698,EVODEX.1-P4699,EVODEX.1-P4700,EVODEX.1-P4705,EVODEX.1-P4725,EVODEX.1-P4729,EVODEX.1-P4742,EVODEX.1-P4746,EVODEX.1-P4747,EVODEX.1-P4752,EVODEX.1-P4753,EVODEX.1-P4770,EVODEX.1-P4781,EVODEX.1-P4788,EVODEX.1-P4790,EVODEX.1-P4799,EVODEX.1-P4806,EVODEX.1-P4810,EVODEX.1-P4812,EVODEX.1-P4813,EVODEX.1-P4814,EVODEX.1-P4817,EVODEX.1-P4824,EVODEX.1-P4825,EVODEX.1-P4826,EVODEX.1-P4827,EVODEX.1-P4832,EVODEX.1-P4833,EVODEX.1-P4834,EVODEX.1-P4835,EVODEX.1-P4838,EVODEX.1-P4839,EVODEX.1-P4840,EVODEX.1-P4841,EVODEX.1-P4842,EVODEX.1-P4851,EVODEX.1-P4861,EVODEX.1-P4862,EVODEX.1-P4863,EVODEX.1-P4864,EVODEX.1-P4865,EVODEX.1-P4867,EVODEX.1-P4868,EVODEX.1-P4869,EVODEX.1-P4870,EVODEX.1-P4879,EVODEX.1-P4882,EVODEX.1-P4886,EVODEX.1-P4887,EVODEX.1-P4893,EVODEX.1-P4895,EVODEX.1-P4896,EVODEX.1-P4900,EVODEX.1-P4907,EVODEX.1-P4922,EVODEX.1-P4927,EVODEX.1-P4947,EVODEX.1-P4953,EVODEX.1-P4954,EVODEX.1-P4955,EVODEX.1-P4960,EVODEX.1-P4961,EVODEX.1-P4962,EVODEX.1-P4964,EVODEX.1-P4966,EVODEX.1-P4970,EVODEX.1-P4971,EVODEX.1-P4972,EVODEX.1-P4976,EVODEX.1-P4977,EVODEX.1-P4980,EVODEX.1-P4984,EVODEX.1-P4989,EVODEX.1-P4990,EVODEX.1-P4991,EVODEX.1-P4992,EVODEX.1-P4993,EVODEX.1-P5000,EVODEX.1-P5001,EVODEX.1-P5002,EVODEX.1-P5003,EVODEX.1-P5004,EVODEX.1-P5007,EVODEX.1-P5009,EVODEX.1-P5013,EVODEX.1-P5014,EVODEX.1-P5016,EVODEX.1-P5018,EVODEX.1-P5020,EVODEX.1-P5021,EVODEX.1-P5038,EVODEX.1-P5039,EVODEX.1-P5041,EVODEX.1-P5051,EVODEX.1-P5066,EVODEX.1-P5067,EVODEX.1-P5068,EVODEX.1-P5069,EVODEX.1-P5070,EVODEX.1-P5071,EVODEX.1-P5082,EVODEX.1-P5086,EVODEX.1-P5092,EVODEX.1-P5094,EVODEX.1-P5097,EVODEX.1-P5115,EVODEX.1-P5117,EVODEX.1-P5118,EVODEX.1-P5119,EVODEX.1-P5120,EVODEX.1-P5121,EVODEX.1-P5140,EVODEX.1-P5141,EVODEX.1-P5142,EVODEX.1-P5144,EVODEX.1-P5145,EVODEX.1-P5146,EVODEX.1-P5147,EVODEX.1-P5148,EVODEX.1-P5152,EVODEX.1-P5155,EVODEX.1-P5156,EVODEX.1-P5157,EVODEX.1-P5164,EVODEX.1-P5168,EVODEX.1-P5182,EVODEX.1-P5183,EVODEX.1-P5184,EVODEX.1-P5203,EVODEX.1-P5219,EVODEX.1-P5220,EVODEX.1-P5222,EVODEX.1-P5223,EVODEX.1-P5224,EVODEX.1-P5225,EVODEX.1-P5226,EVODEX.1-P5234,EVODEX.1-P5235,EVODEX.1-P5236,EVODEX.1-P5254,EVODEX.1-P5255,EVODEX.1-P5256,EVODEX.1-P5261,EVODEX.1-P5262,EVODEX.1-P5282,EVODEX.1-P5289,EVODEX.1-P5290,EVODEX.1-P5300,EVODEX.1-P5337,EVODEX.1-P5338,EVODEX.1-P5339,EVODEX.1-P5340,EVODEX.1-P5341,EVODEX.1-P5353,EVODEX.1-P5361,EVODEX.1-P5373,EVODEX.1-P5374,EVODEX.1-P5375,EVODEX.1-P5376,EVODEX.1-P5377,EVODEX.1-P5379,EVODEX.1-P5380,EVODEX.1-P5383,EVODEX.1-P5384,EVODEX.1-P5385,EVODEX.1-P5387,EVODEX.1-P5388,EVODEX.1-P5389,EVODEX.1-P5390,EVODEX.1-P5391,EVODEX.1-P5393,EVODEX.1-P5394,EVODEX.1-P5395,EVODEX.1-P5397,EVODEX.1-P5399,EVODEX.1-P5400,EVODEX.1-P5402,EVODEX.1-P5403,EVODEX.1-P5404,EVODEX.1-P5405,EVODEX.1-P5406,EVODEX.1-P5407,EVODEX.1-P5410,EVODEX.1-P5411,EVODEX.1-P5412,EVODEX.1-P5413,EVODEX.1-P5414,EVODEX.1-P5415,EVODEX.1-P5416,EVODEX.1-P5417,EVODEX.1-P5418,EVODEX.1-P5419,EVODEX.1-P5425,EVODEX.1-P5430,EVODEX.1-P5431,EVODEX.1-P5432,EVODEX.1-P5433,EVODEX.1-P5434,EVODEX.1-P5435,EVODEX.1-P5436,EVODEX.1-P5437,EVODEX.1-P5438,EVODEX.1-P5439,EVODEX.1-P5440,EVODEX.1-P5441,EVODEX.1-P5442,EVODEX.1-P5450,EVODEX.1-P5451,EVODEX.1-P5455,EVODEX.1-P5461,EVODEX.1-P5486,EVODEX.1-P5492,EVODEX.1-P5494,EVODEX.1-P5502,EVODEX.1-P5504,EVODEX.1-P5505,EVODEX.1-P5506,EVODEX.1-P5508,EVODEX.1-P5510,EVODEX.1-P5511,EVODEX.1-P5512,EVODEX.1-P5525,EVODEX.1-P5526,EVODEX.1-P5528,EVODEX.1-P5531,EVODEX.1-P5539,EVODEX.1-P5540,EVODEX.1-P5542,EVODEX.1-P5544,EVODEX.1-P5548,EVODEX.1-P5549,EVODEX.1-P5556,EVODEX.1-P5559,EVODEX.1-P5561,EVODEX.1-P5562,EVODEX.1-P5566,EVODEX.1-P5575,EVODEX.1-P5585,EVODEX.1-P5590,EVODEX.1-P5596,EVODEX.1-P5622,EVODEX.1-P5623,EVODEX.1-P5646,EVODEX.1-P5647,EVODEX.1-P5651,EVODEX.1-P5658,EVODEX.1-P5660,EVODEX.1-P5662,EVODEX.1-P5693,EVODEX.1-P5696,EVODEX.1-P5706,EVODEX.1-P5711,EVODEX.1-P5712,EVODEX.1-P5747,EVODEX.1-P5774,EVODEX.1-P5828,EVODEX.1-P5829,EVODEX.1-P5830,EVODEX.1-P5831,EVODEX.1-P5832,EVODEX.1-P5841,EVODEX.1-P6538,EVODEX.1-P6539,EVODEX.1-P6542",107882227586827179181874237441165640936371852536085017122213281326835826939176
EVODEX.1-Nm2,[H]-[#7](-[#6])-[#6:4](-[#6:3])=[#8:5].[H]-[#8:13]>>[#6:3]-[#6:4](=[#8:5])-[#8:13],"EVODEX.1-P1588,EVODEX.1-P4143,EVODEX.1-P4151,EVODEX.1-P4152,EVODEX.1-P4573,EVODEX.1-P4581,EVODEX.1-P4585,EVODEX.1-P4587,EVODEX.1-P4591,EVODEX.1-P4599,EVODEX.1-P4600,EVODEX.1-P4603,EVODEX.1-P4605,EVODEX.1-P4611,EVODEX.1-P4613,EVODEX.1-P4614,EVODEX.1-P4616,EVODEX.1-P4633,EVODEX.1-P4637,EVODEX.1-P4641,EVODEX.1-P4643,EVODEX.1-P4645,EVODEX.1-P4655,EVODEX.1-P4658,EVODEX.1-P4661,EVODEX.1-P4663,EVODEX.1-P4673,EVODEX.1-P4675,EVODEX.1-P4678,EVODEX.1-P4689,EVODEX.1-P4732,EVODEX.1-P4733,EVODEX.1-P4734,EVODEX.1-P4735,EVODEX.1-P4738,EVODEX.1-P4741,EVODEX.1-P4776,EVODEX.1-P4778,EVODEX.1-P4779,EVODEX.1-P4780,EVODEX.1-P4782,EVODEX.1-P4783,EVODEX.1-P4787,EVODEX.1-P4789,EVODEX.1-P4793,EVODEX.1-P4795,EVODEX.1-P4808,EVODEX.1-P4811,EVODEX.1-P4815,EVODEX.1-P4816,EVODEX.1-P4820,EVODEX.1-P4821,EVODEX.1-P4829,EVODEX.1-P4831,EVODEX.1-P4837,EVODEX.1-P4848,EVODEX.1-P4853,EVODEX.1-P4858,EVODEX.1-P4859,EVODEX.1-P4866,EVODEX.1-P4871,EVODEX.1-P4872,EVODEX.1-P4881,EVODEX.1-P4889,EVODEX.1-P4890,EVODEX.1-P4891,EVODEX.1-P4892,EVODEX.1-P4894,EVODEX.1-P4897,EVODEX.1-P4903,EVODEX.1-P4904,EVODEX.1-P4909,EVODEX.1-P4915,EVODEX.1-P4916,EVODEX.1-P4917,EVODEX.1-P4923,EVODEX.1-P4925,EVODEX.1-P4926,EVODEX.1-P4928,EVODEX.1-P4930,EVODEX.1-P4933,EVODEX.1-P4936,EVODEX.1-P4937,EVODEX.1-P4939,EVODEX.1-P4940,EVODEX.1-P4942,EVODEX.1-P4945,EVODEX.1-P4946,EVODEX.1-P4950,EVODEX.1-P4956,EVODEX.1-P4957,EVODEX.1-P4958,EVODEX.1-P4963,EVODEX.1-P4967,EVODEX.1-P4969,EVODEX.1-P4981,EVODEX.1-P4983,EVODEX.1-P4985,EVODEX.1-P4994,EVODEX.1-P5008,EVODEX.1-P5032,EVODEX.1-P5034,EVODEX.1-P5036,EVODEX.1-P5042,EVODEX.1-P5045,EVODEX.1-P5046,EVODEX.1-P5049,EVODEX.1-P5050,EVODEX.1-P5053,EVODEX.1-P5055,EVODEX.1-P5056,EVODEX.1-P5114,EVODEX.1-P5123,EVODEX.1-P5125,EVODEX.1-P5126,EVODEX.1-P5143,EVODEX.1-P5153,EVODEX.1-P5158,EVODEX.1-P5162,EVODEX.1-P5166,EVODEX.1-P5171,EVODEX.1-P5172,EVODEX.1-P5185,EVODEX.1-P5186,EVODEX.1-P5190,EVODEX.1-P5191,EVODEX.1-P5193,EVODEX.1-P5194,EVODEX.1-P5196,EVODEX.1-P5198,EVODEX.1-P5205,EVODEX.1-P5208,EVODEX.1-P5209,EVODEX.1-P5233,EVODEX.1-P5240,EVODEX.1-P5243,EVODEX.1-P5244,EVODEX.1-P5249,EVODEX.1-P5250,EVODEX.1-P5252,EVODEX.1-P5253,EVODEX.1-P5257,EVODEX.1-P5263,EVODEX.1-P5264,EVODEX.1-P5267,EVODEX.1-P5270,EVODEX.1-P5271,EVODEX.1-P5304,EVODEX.1-P5308,EVODEX.1-P5309,EVODEX.1-P5331,EVODEX.1-P5333,EVODEX.1-P5336,EVODEX.1-P5342,EVODEX.1-P5344,EVODEX.1-P5345,EVODEX.1-P5351,EVODEX.1-P5356,EVODEX.1-P5358,EVODEX.1-P5363,EVODEX.1-P5364,EVODEX.1-P5366,EVODEX.1-P5367,EVODEX.1-P5368,EVODEX.1-P5370,EVODEX.1-P5372,EVODEX.1-P5424,EVODEX.1-P5428,EVODEX.1-P5456,EVODEX.1-P5474,EVODEX.1-P5475,EVODEX.1-P5478,EVODEX.1-P5483,EVODEX.1-P5487,EVODEX.1-P5503,EVODEX.1-P5507,EVODEX.1-P5517,EVODEX.1-P5521,EVODEX.1-P5523,EVODEX.1-P5529,EVODEX.1-P5533,EVODEX.1-P5534,EVODEX.1-P5536,EVODEX.1-P5537,EVODEX.1-P5554,EVODEX.1-P5555,EVODEX.1-P5567,EVODEX.1-P5569,EVODEX.1-P5570,EVODEX.1-P5583,EVODEX.1-P5592,EVODEX.1-P5594,EVODEX.1-P5600,EVODEX.1-P5609,EVODEX.1-P5615,EVODEX.1-P5616,EVODEX.1-P5618,EVODEX.1-P5619,EVODEX.1-P5620,EVODEX.1-P5649,EVODEX.1-P5654,EVODEX.1-P5655,EVODEX.1-P5656,EVODEX.1-P5670,EVODEX.1-P5676,EVODEX.1-P5697,EVODEX.1-P5698,EVODEX.1-P5703,EVODEX.1-P5740,EVODEX.1-P5748,EVODEX.1-P5772,EVODEX.1-P5794,EVODEX.1-P5827,EVODEX.1-P5837,EVODEX.1-P5839",57096780574008291107726973492490304391965183990080209073684609779384082970342
EVODEX.1-Nm3,[#6]-[#7](-[H])-[#6:42](-[#6:40])=[#8:43]>>[H]-[#8]-[#6:42](-[#6:40])=[#8:43],"EVODEX.1-P4055,EVODEX.1-P4063,EVODEX.1-P4144,EVODEX.1-P4168,EVODEX.1-P4575,EVODEX.1-P4577,EVODEX.1-P4579,EVODEX.1-P4582,EVODEX.1-P4583,EVODEX.1-P4584,EVODEX.1-P4586,EVODEX.1-P4594,EVODEX.1-P4596,EVODEX.1-P4598,EVODEX.1-P4606,EVODEX.1-P4612,EVODEX.1-P4618,EVODEX.1-P4619,EVODEX.1-P4627,EVODEX.1-P4630,EVODEX.1-P4642,EVODEX.1-P4659,EVODEX.1-P4662,EVODEX.1-P4665,EVODEX.1-P4666,EVODEX.1-P4669,EVODEX.1-P4676,EVODEX.1-P4679,EVODEX.1-P4687,EVODEX.1-P4690,EVODEX.1-P4730,EVODEX.1-P4736,EVODEX.1-P4737,EVODEX.1-P4739,EVODEX.1-P4740,EVODEX.1-P4743,EVODEX.1-P4744,EVODEX.1-P4745,EVODEX.1-P4750,EVODEX.1-P4755,EVODEX.1-P4777,EVODEX.1-P4784,EVODEX.1-P4786,EVODEX.1-P4791,EVODEX.1-P4792,EVODEX.1-P4794,EVODEX.1-P4796,EVODEX.1-P4797,EVODEX.1-P4798,EVODEX.1-P4800,EVODEX.1-P4809,EVODEX.1-P4818,EVODEX.1-P4819,EVODEX.1-P4828,EVODEX.1-P4830,EVODEX.1-P4849,EVODEX.1-P4850,EVODEX.1-P4852,EVODEX.1-P4854,EVODEX.1-P4860,EVODEX.1-P4873,EVODEX.1-P4880,EVODEX.1-P4884,EVODEX.1-P4885,EVODEX.1-P4888,EVODEX.1-P4898,EVODEX.1-P4899,EVODEX.1-P4905,EVODEX.1-P4910,EVODEX.1-P4911,EVODEX.1-P4913,EVODEX.1-P4918,EVODEX.1-P4924,EVODEX.1-P4929,EVODEX.1-P4931,EVODEX.1-P4932,EVODEX.1-P4934,EVODEX.1-P4935,EVODEX.1-P4938,EVODEX.1-P4943,EVODEX.1-P4944,EVODEX.1-P4948,EVODEX.1-P4949,EVODEX.1-P4952,EVODEX.1-P4959,EVODEX.1-P4965,EVODEX.1-P4968,EVODEX.1-P4978,EVODEX.1-P4979,EVODEX.1-P4982,EVODEX.1-P4987,EVODEX.1-P4988,EVODEX.1-P5005,EVODEX.1-P5012,EVODEX.1-P5033,EVODEX.1-P5035,EVODEX.1-P5037,EVODEX.1-P5043,EVODEX.1-P5047,EVODEX.1-P5048,EVODEX.1-P5052,EVODEX.1-P5054,EVODEX.1-P5057,EVODEX.1-P5058,EVODEX.1-P5064,EVODEX.1-P5116,EVODEX.1-P5124,EVODEX.1-P5127,EVODEX.1-P5128,EVODEX.1-P5130,EVODEX.1-P5163,EVODEX.1-P5167,EVODEX.1-P5169,EVODEX.1-P5173,EVODEX.1-P5177,EVODEX.1-P5180,EVODEX.1-P5187,EVODEX.1-P5188,EVODEX.1-P5189,EVODEX.1-P5192,EVODEX.1-P5195,EVODEX.1-P5200,EVODEX.1-P5206,EVODEX.1-P5207,EVODEX.1-P5230,EVODEX.1-P5232,EVODEX.1-P5237,EVODEX.1-P5238,EVODEX.1-P5239,EVODEX.1-P5241,EVODEX.1-P5242,EVODEX.1-P5247,EVODEX.1-P5248,EVODEX.1-P5251,EVODEX.1-P5258,EVODEX.1-P5259,EVODEX.1-P5260,EVODEX.1-P5265,EVODEX.1-P5266,EVODEX.1-P5268,EVODEX.1-P5269,EVODEX.1-P5272,EVODEX.1-P5305,EVODEX.1-P5310,EVODEX.1-P5330,EVODEX.1-P5332,EVODEX.1-P5334,EVODEX.1-P5335,EVODEX.1-P5343,EVODEX.1-P5357,EVODEX.1-P5359,EVODEX.1-P5360,EVODEX.1-P5362,EVODEX.1-P5365,EVODEX.1-P5369,EVODEX.1-P5371,EVODEX.1-P5429,EVODEX.1-P5453,EVODEX.1-P5457,EVODEX.1-P5477,EVODEX.1-P5509,EVODEX.1-P5515,EVODEX.1-P5516,EVODEX.1-P5519,EVODEX.1-P5520,EVODEX.1-P5522,EVODEX.1-P5527,EVODEX.1-P5530,EVODEX.1-P5532,EVODEX.1-P5538,EVODEX.1-P5541,EVODEX.1-P5546,EVODEX.1-P5550,EVODEX.1-P5551,EVODEX.1-P5552,EVODEX.1-P5557,EVODEX.1-P5558,EVODEX.1-P5563,EVODEX.1-P5564,EVODEX.1-P5565,EVODEX.1-P5568,EVODEX.1-P5571,EVODEX.1-P5579,EVODEX.1-P5584,EVODEX.1-P5586,EVODEX.1-P5591,EVODEX.1-P5607,EVODEX.1-P5611,EVODEX.1-P5612,EVODEX.1-P5613,EVODEX.1-P5614,EVODEX.1-P5617,EVODEX.1-P5648,EVODEX.1-P5650,EVODEX.1-P5657,EVODEX.1-P5659,EVODEX.1-P5671,EVODEX.1-P5699,EVODEX.1-P5713,EVODEX.1-P5738,EVODEX.1-P5739,EVODEX.1-P5741,EVODEX.1-P5744,EVODEX.1-P5749,EVODEX.1-P5777,EVODEX.1-P5795,EVODEX.1-P5833,EVODEX.1-P5834,EVODEX.1-P5835,EVODEX.1-P5836,EVODEX.1-P5838,EVODEX.1-P5840,EVODEX.1-P6970,EVODEX.1-P7025,EVODEX.1-P7502",71415235427404491778129901859539667042406680889743247664989551679923567709103
EVODEX.1-Nm4,[H]-[#7:6]-[#6:7]>>[#6]-[#6](=[#8])-[#7:6]-[#6:7],"EVODEX.1-P1419,EVODEX.1-P1420,EVODEX.1-P1421,EVODEX.1-P1422,EVODEX.1-P1423,EVODEX.1-P1424,EVODEX.1-P1425,EVODEX.1-P1426,EVODEX.1-P1427,EVODEX.1-P1428,EVODEX.1-P1429,EVODEX.1-P1519,EVODEX.1-P1520,EVODEX.1-P1522,EVODEX.1-P1526,EVODEX.1-P1531,EVODEX.1-P1532,EVODEX.1-P1553,EVODEX.1-P1582,EVODEX.1-P1704,EVODEX.1-P1708,EVODEX.1-P1727,EVODEX.1-P1731,EVODEX.1-P1732,EVODEX.1-P1735,EVODEX.1-P1736,EVODEX.1-P1737,EVODEX.1-P1771,EVODEX.1-P1772,EVODEX.1-P1836,EVODEX.1-P1839,EVODEX.1-P1858,EVODEX.1-P2064,EVODEX.1-P2066,EVODEX.1-P2067,EVODEX.1-P2075,EVODEX.1-P2104,EVODEX.1-P2107,EVODEX.1-P2114,EVODEX.1-P2118,EVODEX.1-P2125,EVODEX.1-P2134,EVODEX.1-P2135,EVODEX.1-P2137,EVODEX.1-P2141,EVODEX.1-P4701,EVODEX.1-P4702,EVODEX.1-P4707,EVODEX.1-P4710,EVODEX.1-P4711,EVODEX.1-P4712,EVODEX.1-P4723,EVODEX.1-P4844,EVODEX.1-P4999,EVODEX.1-P5081,EVODEX.1-P5089,EVODEX.1-P5091,EVODEX.1-P5093,EVODEX.1-P5096,EVODEX.1-P5102,EVODEX.1-P5216,EVODEX.1-P5281,EVODEX.1-P5285,EVODEX.1-P5288,EVODEX.1-P5408,EVODEX.1-P5409,EVODEX.1-P5462,EVODEX.1-P5464,EVODEX.1-P5468,EVODEX.1-P5482,EVODEX.1-P5485,EVODEX.1-P5787,EVODEX.1-P5788,EVODEX.1-P5824,EVODEX.1-P5826,EVODEX.1-P6913,EVODEX.1-P6937,EVODEX.1-P6939,EVODEX.1-P6942,EVODEX.1-P6945,EVODEX.1-P6949,EVODEX.1-P6951,EVODEX.1-P6954,EVODEX.1-P6956,EVODEX.1-P7046,EVODEX.1-P7050,EVODEX.1-P7063,EVODEX.1-P7065,EVODEX.1-P7068,EVODEX.1-P7093,EVODEX.1-P7094,EVODEX.1-P7103,EVODEX.1-P7108,EVODEX.1-P7113,EVODEX.1-P7115,EVODEX.1-P7116,EVODEX.1-P7117,EVODEX.1-P7121,EVODEX.1-P7124,EVODEX.1-P7146,EVODEX.1-P7152,EVODEX.1-P7155,EVODEX.1-P7165,EVODEX.1-P7166,EVODEX.1-P7167,EVODEX.1-P7170,EVODEX.1-P7172,EVODEX.1-P7175,EVODEX.1-P7176,EVODEX.1-P7186,EVODEX.1-P7191,EVODEX.1-P7194,EVODEX.1-P7195,EVODEX.1-P7219,EVODEX.1-P7221,EVODEX.1-P7223,EVODEX.1-P7224,EVODEX.1-P7228,EVODEX.1-P7232,EVODEX.1-P7245,EVODEX.1-P7250,EVODEX.1-P7253,EVODEX.1-P7256,EVODEX.1-P7258,EVODEX.1-P7259,EVODEX.1-P7264,EVODEX.1-P7267,EVODEX.1-P7271,EVODEX.1-P7278,EVODEX.1-P7284,EVODEX.1-P7285,EVODEX.1-P7288,EVODEX.1-P7292,EVODEX.1-P7294,EVODEX.1-P7297,EVODEX.1-P7300,EVODEX.1-P7307,EVODEX.1-P7309,EVODEX.1-P7311,EVODEX.1-P7312,EVODEX.1-P7314,EVODEX.1-P7315,EVODEX.1-P7317,EVODEX.1-P7325,EVODEX.1-P7329,EVODEX.1-P7331,EVODEX.1-P7336,EVODEX.1-P7341,EVODEX.1-P7343,EVODEX.1-P7344,EVODEX.1-P7351,EVODEX.1-P7357,EVODEX.1-P7358,EVODEX.1-P7361,EVODEX.1-P7368,EVODEX.1-P7406,EVODEX.1-P7413,EVODEX.1-P7419,EVODEX.1-P7426,EVODEX.1-P7427,EVODEX.1-P7436,EVODEX.1-P7439,EVODEX.1-P7441,EVODEX.1-P7442,EVODEX.1-P7448,EVODEX.1-P7450,EVODEX.1-P7466,EVODEX.1-P7470,EVODEX.1-P7472,EVODEX.1-P7473,EVODEX.1-P7476,EVODEX.1-P7478,EVODEX.1-P7480,EVODEX.1-P7499,EVODEX.1-P7515,EVODEX.1-P7518,EVODEX.1-P7519,EVODEX.1-P7520,EVODEX.1-P7522,EVODEX.1-P7524,EVODEX.1-P7527,EVODEX.1-P7529,EVODEX.1-P7532,EVODEX.1-P7533,EVODEX.1-P7542",15635377892571855127641286657533280541337553943790605201635066819159768511765
EVODEX.1-Nm5,[H]-[#8:28]-[#6:27]>>[#6]-[#6](=[#8])-[#8:28]-[#6:27],"EVODEX.1-P1411,EVODEX.1-P1412,EVODEX.1-P1416,EVODEX.1-P1432,EVODEX.1-P1433,EVODEX.1-P1435,EVODEX.1-P1453,EVODEX.1-P1454,EVODEX.1-P1456,EVODEX.1-P1478,EVODEX.1-P1488,EVODEX.1-P1524,EVODEX.1-P1561,EVODEX.1-P1562,EVODEX.1-P1569,EVODEX.1-P1587,EVODEX.1-P1591,EVODEX.1-P1597,EVODEX.1-P1600,EVODEX.1-P1601,EVODEX.1-P1612,EVODEX.1-P1618,EVODEX.1-P1619,EVODEX.1-P1622,EVODEX.1-P1623,EVODEX.1-P1673,EVODEX.1-P1681,EVODEX.1-P1683,EVODEX.1-P1684,EVODEX.1-P1687,EVODEX.1-P1698,EVODEX.1-P1710,EVODEX.1-P1711,EVODEX.1-P1717,EVODEX.1-P1740,EVODEX.1-P1751,EVODEX.1-P1755,EVODEX.1-P1797,EVODEX.1-P1798,EVODEX.1-P1802,EVODEX.1-P1808,EVODEX.1-P1811,EVODEX.1-P1812,EVODEX.1-P1813,EVODEX.1-P1814,EVODEX.1-P1816,EVODEX.1-P1819,EVODEX.1-P1833,EVODEX.1-P1842,EVODEX.1-P1844,EVODEX.1-P1845,EVODEX.1-P1855,EVODEX.1-P1857,EVODEX.1-P1864,EVODEX.1-P1872,EVODEX.1-P1874,EVODEX.1-P1875,EVODEX.1-P1882,EVODEX.1-P1883,EVODEX.1-P1885,EVODEX.1-P1886,EVODEX.1-P1891,EVODEX.1-P1894,EVODEX.1-P1902,EVODEX.1-P1914,EVODEX.1-P1916,EVODEX.1-P1917,EVODEX.1-P1919,EVODEX.1-P1922,EVODEX.1-P1926,EVODEX.1-P1929,EVODEX.1-P1933,EVODEX.1-P1939,EVODEX.1-P1944,EVODEX.1-P1951,EVODEX.1-P1964,EVODEX.1-P1971,EVODEX.1-P1973,EVODEX.1-P1983,EVODEX.1-P1997,EVODEX.1-P2002,EVODEX.1-P2005,EVODEX.1-P2007,EVODEX.1-P2011,EVODEX.1-P2016,EVODEX.1-P2018,EVODEX.1-P2023,EVODEX.1-P2024,EVODEX.1-P2036,EVODEX.1-P2040,EVODEX.1-P2049,EVODEX.1-P2059,EVODEX.1-P2060,EVODEX.1-P2061,EVODEX.1-P2074,EVODEX.1-P2091,EVODEX.1-P2096,EVODEX.1-P2098,EVODEX.1-P2102,EVODEX.1-P2103,EVODEX.1-P3889,EVODEX.1-P3905,EVODEX.1-P4008,EVODEX.1-P4010,EVODEX.1-P4048,EVODEX.1-P4085,EVODEX.1-P4113,EVODEX.1-P4114,EVODEX.1-P4123,EVODEX.1-P5473",60834357553513004676128554437900215562327730082401996911685141850098872113
EVODEX.1-Nm6,[#15]-[#8]-[#15:16](-[#8:15])(=[#8:17])-[#8:18].[H]-[#8:34]-[#6:33]>>[#8:15]-[#15:16](=[#8:17])(-[#8:18])-[#8:34]-[#6:33],"EVODEX.1-P2513,EVODEX.1-P304,EVODEX.1-P307,EVODEX.1-P3234,EVODEX.1-P3238,EVODEX.1-P3239,EVODEX.1-P3241,EVODEX.1-P3254,EVODEX.1-P3260,EVODEX.1-P3266,EVODEX.1-P3267,EVODEX.1-P3271,EVODEX.1-P3273,EVODEX.1-P3277,EVODEX.1-P3278,EVODEX.1-P3295,EVODEX.1-P3297,EVODEX.1-P3298,EVODEX.1-P3304,EVODEX.1-P3305,EVODEX.1-P3306,EVODEX.1-P3308,EVODEX.1-P3309,EVODEX.1-P3311,EVODEX.1-P3315,EVODEX.1-P3316,EVODEX.1-P3318,EVODEX.1-P3319,EVODEX.1-P3320,EVODEX.1-P3322,EVODEX.1-P3326,EVODEX.1-P3332,EVODEX.1-P3334,EVODEX.1-P3336,EVODEX.1-P3338,EVODEX.1-P3342,EVODEX.1-P3345,EVODEX.1-P3347,EVODEX.1-P3348,EVODEX.1-P3349,EVODEX.1-P3350,EVODEX.1-P3351,EVODEX.1-P3352,EVODEX.1-P3355,EVODEX.1-P3357,EVODEX.1-P3358,EVODEX.1-P3360,EVODEX.1-P3361,EVODEX.1-P3366,EVODEX.1-P3369,EVODEX.1-P3370,EVODEX.1-P3371,EVODEX.1-P3383,EVODEX.1-P3384,EVODEX.1-P3389,EVODEX.1-P3391,EVODEX.1-P3394,EVODEX.1-P3401,EVODEX.1-P3406,EVODEX.1-P3407,EVODEX.1-P3425,EVODEX.1-P3428,EVODEX.1-P3431,EVODEX.1-P3433,EVODEX.1-P3436,EVODEX.1-P3441,EVODEX.1-P3466,EVODEX.1-P3467,EVODEX.1-P3469,EVODEX.1-P3476,EVODEX.1-P3479,EVODEX.1-P3482,EVODEX.1-P3487,EVODEX.1-P3488,EVODEX.1-P3489,EVODEX.1-P3490,EVODEX.1-P3491,EVODEX.1-P3495,EVODEX.1-P3581,EVODEX.1-P3596,EVODEX.1-P3597,EVODEX.1-P3600,EVODEX.1-P3601,EVODEX.1-P3602,EVODEX.1-P3603,EVODEX.1-P3651,EVODEX.1-P3652,EVODEX.1-P3660,EVODEX.1-P3661,EVODEX.1-P3688,EVODEX.1-P3696,EVODEX.1-P3707,EVODEX.1-P3708,EVODEX.1-P3709,EVODEX.1-P3710,EVODEX.1-P4231,EVODEX.1-P4232,EVODEX.1-P5979,EVODEX.1-P6910,EVODEX.1-P7543",101603336935090329906271782517649435691911245967132254154129711609596662054920
EVODEX.1-Nm7,[#6:36]-[#6:37](=[#8:38])-[#16:39]-[#6:40]>>[#6]-[#8]-[#6:37](-[#6:36])=[#8:38].[H]-[#16:39]-[#6:40],"EVODEX.1-P1558,EVODEX.1-P1560,EVODEX.1-P1564,EVODEX.1-P1566,EVODEX.1-P1568,EVODEX.1-P1604,EVODEX.1-P1609,EVODEX.1-P1614,EVODEX.1-P1615,EVODEX.1-P1617,EVODEX.1-P1665,EVODEX.1-P1666,EVODEX.1-P1668,EVODEX.1-P1672,EVODEX.1-P1675,EVODEX.1-P1677,EVODEX.1-P1739,EVODEX.1-P1742,EVODEX.1-P1745,EVODEX.1-P1747,EVODEX.1-P1748,EVODEX.1-P1800,EVODEX.1-P1801,EVODEX.1-P1805,EVODEX.1-P1807,EVODEX.1-P1809,EVODEX.1-P1847,EVODEX.1-P1863,EVODEX.1-P1866,EVODEX.1-P1867,EVODEX.1-P1871,EVODEX.1-P1877,EVODEX.1-P1878,EVODEX.1-P1880,EVODEX.1-P1888,EVODEX.1-P1890,EVODEX.1-P1893,EVODEX.1-P1896,EVODEX.1-P1897,EVODEX.1-P1898,EVODEX.1-P1901,EVODEX.1-P1904,EVODEX.1-P1906,EVODEX.1-P1907,EVODEX.1-P1909,EVODEX.1-P1910,EVODEX.1-P1921,EVODEX.1-P1925,EVODEX.1-P1928,EVODEX.1-P1930,EVODEX.1-P1932,EVODEX.1-P1935,EVODEX.1-P1937,EVODEX.1-P1941,EVODEX.1-P1943,EVODEX.1-P1945,EVODEX.1-P1947,EVODEX.1-P1950,EVODEX.1-P1952,EVODEX.1-P1955,EVODEX.1-P1957,EVODEX.1-P1959,EVODEX.1-P1961,EVODEX.1-P1963,EVODEX.1-P1967,EVODEX.1-P1969,EVODEX.1-P1975,EVODEX.1-P1976,EVODEX.1-P1978,EVODEX.1-P1982,EVODEX.1-P1984,EVODEX.1-P1986,EVODEX.1-P1988,EVODEX.1-P1990,EVODEX.1-P1991,EVODEX.1-P1993,EVODEX.1-P1995,EVODEX.1-P1996,EVODEX.1-P1999,EVODEX.1-P2003,EVODEX.1-P2008,EVODEX.1-P2010,EVODEX.1-P2013,EVODEX.1-P2014,EVODEX.1-P2017,EVODEX.1-P2021,EVODEX.1-P2027,EVODEX.1-P2029,EVODEX.1-P2031,EVODEX.1-P2033,EVODEX.1-P2034,EVODEX.1-P2038,EVODEX.1-P2041,EVODEX.1-P2045,EVODEX.1-P2046,EVODEX.1-P2047,EVODEX.1-P2048,EVODEX.1-P2051,EVODEX.1-P2054,EVODEX.1-P2056",112545692510685027503817033046909822255205062247400874987343721248714053085118
EVODEX.1-Nm8,[#6]-[#16]-[#6:37](-[#6:36])=[#8:38]>>[#6]-[#8]-[#6:37](-[#6:36])=[#8:38],"EVODEX.1-P1559,EVODEX.1-P1563,EVODEX.1-P1565,EVODEX.1-P1606,EVODEX.1-P1608,EVODEX.1-P1611,EVODEX.1-P1613,EVODEX.1-P1616,EVODEX.1-P1650,EVODEX.1-P1651,EVODEX.1-P1664,EVODEX.1-P1669,EVODEX.1-P1671,EVODEX.1-P1674,EVODEX.1-P1676,EVODEX.1-P1738,EVODEX.1-P1741,EVODEX.1-P1743,EVODEX.1-P1744,EVODEX.1-P1746,EVODEX.1-P1799,EVODEX.1-P1810,EVODEX.1-P1815,EVODEX.1-P1817,EVODEX.1-P1820,EVODEX.1-P1846,EVODEX.1-P1865,EVODEX.1-P1868,EVODEX.1-P1869,EVODEX.1-P1870,EVODEX.1-P1876,EVODEX.1-P1879,EVODEX.1-P1881,EVODEX.1-P1884,EVODEX.1-P1887,EVODEX.1-P1889,EVODEX.1-P1892,EVODEX.1-P1895,EVODEX.1-P1899,EVODEX.1-P1900,EVODEX.1-P1903,EVODEX.1-P1905,EVODEX.1-P1908,EVODEX.1-P1920,EVODEX.1-P1923,EVODEX.1-P1924,EVODEX.1-P1927,EVODEX.1-P1931,EVODEX.1-P1934,EVODEX.1-P1936,EVODEX.1-P1940,EVODEX.1-P1946,EVODEX.1-P1948,EVODEX.1-P1949,EVODEX.1-P1953,EVODEX.1-P1954,EVODEX.1-P1956,EVODEX.1-P1958,EVODEX.1-P1960,EVODEX.1-P1962,EVODEX.1-P1965,EVODEX.1-P1966,EVODEX.1-P1968,EVODEX.1-P1970,EVODEX.1-P1972,EVODEX.1-P1974,EVODEX.1-P1977,EVODEX.1-P1979,EVODEX.1-P1980,EVODEX.1-P1981,EVODEX.1-P1985,EVODEX.1-P1987,EVODEX.1-P1989,EVODEX.1-P1992,EVODEX.1-P1994,EVODEX.1-P1998,EVODEX.1-P2000,EVODEX.1-P2001,EVODEX.1-P2004,EVODEX.1-P2006,EVODEX.1-P2009,EVODEX.1-P2012,EVODEX.1-P2015,EVODEX.1-P2019,EVODEX.1-P2020,EVODEX.1-P2022,EVODEX.1-P2025,EVODEX.1-P2026,EVODEX.1-P2028,EVODEX.1-P2030,EVODEX.1-P2032,EVODEX.1-P2035,EVODEX.1-P2037,EVODEX.1-P2039,EVODEX.1-P2043,EVODEX.1-P2044,EVODEX.1-P2050,EVODEX.1-P2052,EVODEX.1-P2053,EVODEX.1-P2055",85019744384580471674235025378724221092142448575271830479627604314488430869742
EVODEX.1-Nm9,[#6]-[#6](=[#8])-[#8:20]-[#6:21]>>[H]-[#8:20]-[#6:21],"EVODEX.1-P1474,EVODEX.1-P1475,EVODEX.1-P1476,EVODEX.1-P1477,EVODEX.1-P1479,EVODEX.1-P1483,EVODEX.1-P1487,EVODEX.1-P1491,EVODEX.1-P1493,EVODEX.1-P1494,EVODEX.1-P1497,EVODEX.1-P1507,EVODEX.1-P1695,EVODEX.1-P1749,EVODEX.1-P2093,EVODEX.1-P3852,EVODEX.1-P3853,EVODEX.1-P3855,EVODEX.1-P3863,EVODEX.1-P3867,EVODEX.1-P3868,EVODEX.1-P3881,EVODEX.1-P3884,EVODEX.1-P3890,EVODEX.1-P3891,EVODEX.1-P3894,EVODEX.1-P3895,EVODEX.1-P3901,EVODEX.1-P3910,EVODEX.1-P3911,EVODEX.1-P3917,EVODEX.1-P3918,EVODEX.1-P3927,EVODEX.1-P3928,EVODEX.1-P3935,EVODEX.1-P3937,EVODEX.1-P3939,EVODEX.1-P3955,EVODEX.1-P3956,EVODEX.1-P3957,EVODEX.1-P3964,EVODEX.1-P3965,EVODEX.1-P3966,EVODEX.1-P3987,EVODEX.1-P3988,EVODEX.1-P3989,EVODEX.1-P3991,EVODEX.1-P3994,EVODEX.1-P3997,EVODEX.1-P4000,EVODEX.1-P4001,EVODEX.1-P4002,EVODEX.1-P4005,EVODEX.1-P4006,EVODEX.1-P4012,EVODEX.1-P4013,EVODEX.1-P4015,EVODEX.1-P4016,EVODEX.1-P4018,EVODEX.1-P4028,EVODEX.1-P4039,EVODEX.1-P4041,EVODEX.1-P4042,EVODEX.1-P4044,EVODEX.1-P4046,EVODEX.1-P4067,EVODEX.1-P4070,EVODEX.1-P4072,EVODEX.1-P4076,EVODEX.1-P4077,EVODEX.1-P4078,EVODEX.1-P4090,EVODEX.1-P4107,EVODEX.1-P4111,EVODEX.1-P4120,EVODEX.1-P4122,EVODEX.1-P4135,EVODEX.1-P4136,EVODEX.1-P4137,EVODEX.1-P4138,EVODEX.1-P4139,EVODEX.1-P4140,EVODEX.1-P4153,EVODEX.1-P4227,EVODEX.1-P5599",67338820801526914013682278679477538251059426838414027066624459589807249065337
EVODEX.1-Nm10,[#15:11]-[#8:14]-[#15:15](=[#8:16])(-[#8:17])-[#8:18]>>[#6]-[#8]-[#15:15](=[#8:16])(-[#8:17])-[#8:18].[H]-[#8:14]-[#15:11],"EVODEX.1-P3228,EVODEX.1-P3229,EVODEX.1-P3231,EVODEX.1-P3242,EVODEX.1-P3245,EVODEX.1-P3246,EVODEX.1-P3247,EVODEX.1-P3248,EVODEX.1-P3249,EVODEX.1-P3250,EVODEX.1-P3255,EVODEX.1-P3256,EVODEX.1-P3257,EVODEX.1-P3258,EVODEX.1-P3261,EVODEX.1-P3262,EVODEX.1-P3263,EVODEX.1-P3272,EVODEX.1-P3274,EVODEX.1-P3276,EVODEX.1-P3283,EVODEX.1-P3288,EVODEX.1-P3290,EVODEX.1-P3291,EVODEX.1-P3292,EVODEX.1-P3293,EVODEX.1-P3323,EVODEX.1-P3325,EVODEX.1-P3328,EVODEX.1-P3341,EVODEX.1-P3343,EVODEX.1-P3362,EVODEX.1-P3363,EVODEX.1-P3364,EVODEX.1-P3365,EVODEX.1-P3367,EVODEX.1-P3373,EVODEX.1-P3375,EVODEX.1-P3377,EVODEX.1-P3378,EVODEX.1-P3396,EVODEX.1-P3397,EVODEX.1-P3398,EVODEX.1-P3399,EVODEX.1-P3400,EVODEX.1-P3408,EVODEX.1-P3409,EVODEX.1-P3411,EVODEX.1-P3415,EVODEX.1-P3416,EVODEX.1-P3421,EVODEX.1-P3424,EVODEX.1-P3430,EVODEX.1-P3435,EVODEX.1-P3437,EVODEX.1-P3438,EVODEX.1-P3440,EVODEX.1-P3443,EVODEX.1-P3468,EVODEX.1-P3485,EVODEX.1-P3486,EVODEX.1-P3492,EVODEX.1-P3493,EVODEX.1-P3494,EVODEX.1-P3577,EVODEX.1-P3578,EVODEX.1-P3607,EVODEX.1-P3637,EVODEX.1-P3698,EVODEX.1-P3700,EVODEX.1-P3701,EVODEX.1-P3702,EVODEX.1-P3721,EVODEX.1-P3722,EVODEX.1-P3723,EVODEX.1-P3724,EVODEX.1-P3727,EVODEX.1-P4230,EVODEX.1-P4233,EVODEX.1-P6170",112224107507296230369172922509168040733188770707614609247186809252122121018988
EVODEX.1-Nm11,[H]-[#8]-[#6:42](-[#6:40])=[#8:43]>>[#6]-[#7](-[H])-[#6:42](-[#6:40])=[#8:43],"EVODEX.1-P4843,EVODEX.1-P4996,EVODEX.1-P5073,EVODEX.1-P5100,EVODEX.1-P5101,EVODEX.1-P5138,EVODEX.1-P5452,EVODEX.1-P5454,EVODEX.1-P5459,EVODEX.1-P5480,EVODEX.1-P5488,EVODEX.1-P5498,EVODEX.1-P5543,EVODEX.1-P5581,EVODEX.1-P5588,EVODEX.1-P5589,EVODEX.1-P5593,EVODEX.1-P5603,EVODEX.1-P5785,EVODEX.1-P6925,EVODEX.1-P6935,EVODEX.1-P6965,EVODEX.1-P6975,EVODEX.1-P6978,EVODEX.1-P6992,EVODEX.1-P7009,EVODEX.1-P7061,EVODEX.1-P7077,EVODEX.1-P7080,EVODEX.1-P7131,EVODEX.1-P7135,EVODEX.1-P7144,EVODEX.1-P7147,EVODEX.1-P7158,EVODEX.1-P7162,EVODEX.1-P7181,EVODEX.1-P7184,EVODEX.1-P7190,EVODEX.1-P7198,EVODEX.1-P7201,EVODEX.1-P7211,EVODEX.1-P7216,EVODEX.1-P7218,EVODEX.1-P7247,EVODEX.1-P7299,EVODEX.1-P7320,EVODEX.1-P7327,EVODEX.1-P7335,EVODEX.1-P7347,EVODEX.1-P7354,EVODEX.1-P7363,EVODEX.1-P7370,EVODEX.1-P7373,EVODEX.1-P7376,EVODEX.1-P7382,EVODEX.1-P7383,EVODEX.1-P7386,EVODEX.1-P7389,EVODEX.1-P7391,EVODEX.1-P7400,EVODEX.1-P7402,EVODEX.1-P7409,EVODEX.1-P7416,EVODEX.1-P7417,EVODEX.1-P7423,EVODEX.1-P7435,EVODEX.1-P7460,EVODEX.1-P7462,EVODEX.1-P7464,EVODEX.1-P7469,EVODEX.1-P7471,EVODEX.1-P7475,EVODEX.1-P7497,EVODEX.1-P7511,EVODEX.1-P7516",63105039969279932494188374070768792021563596915970784703534774961279107094424
EVODEX.1-Nm12,[H]-[#7](-[H])-[#6:39](-[H])(-[#6:5])-[#6:37].[#6]-[#6](-[#6])=[#8:47]>>[#6:5]-[#6:39](-[#6:37])=[#8:47],"EVODEX.1-P2804,EVODEX.1-P2813,EVODEX.1-P2827,EVODEX.1-P2828,EVODEX.1-P2845,EVODEX.1-P2850,EVODEX.1-P2862,EVODEX.1-P2863,EVODEX.1-P2868,EVODEX.1-P2872,EVODEX.1-P2882,EVODEX.1-P2884,EVODEX.1-P2887,EVODEX.1-P2889,EVODEX.1-P2891,EVODEX.1-P2894,EVODEX.1-P2907,EVODEX.1-P2945,EVODEX.1-P2947,EVODEX.1-P2954,EVODEX.1-P2957,EVODEX.1-P2960,EVODEX.1-P2965,EVODEX.1-P2970,EVODEX.1-P2979,EVODEX.1-P2991,EVODEX.1-P2998,EVODEX.1-P2999,EVODEX.1-P3007,EVODEX.1-P3014,EVODEX.1-P3015,EVODEX.1-P3020,EVODEX.1-P3022,EVODEX.1-P3026,EVODEX.1-P3032,EVODEX.1-P3034,EVODEX.1-P3036,EVODEX.1-P3043,EVODEX.1-P3046,EVODEX.1-P3047,EVODEX.1-P3048,EVODEX.1-P3055,EVODEX.1-P3056,EVODEX.1-P3073,EVODEX.1-P3079,EVODEX.1-P3084,EVODEX.1-P3110,EVODEX.1-P3115,EVODEX.1-P3119,EVODEX.1-P3127,EVODEX.1-P3129,EVODEX.1-P3132,EVODEX.1-P3137,EVODEX.1-P3143,EVODEX.1-P3147,EVODEX.1-P3150,EVODEX.1-P3166,EVODEX.1-P3172,EVODEX.1-P3176,EVODEX.1-P3179,EVODEX.1-P3180,EVODEX.1-P3184,EVODEX.1-P3189,EVODEX.1-P3194,EVODEX.1-P3201,EVODEX.1-P3204,EVODEX.1-P3206,EVODEX.1-P3207,EVODEX.1-P3212,EVODEX.1-P3224",13174053253057659052217814333840577997081644195846799669035897315817990524781
EVODEX.1-Nm13,[H]-[#6:39](-[#7:40])(-[#6:5])-[#6:37]>>[#8]=[#6:39](-[#6:5])-[#6:37].[#6]-[#6](-[H])(-[#6])-[#7:40],"EVODEX.1-P2805,EVODEX.1-P2814,EVODEX.1-P2829,EVODEX.1-P2830,EVODEX.1-P2846,EVODEX.1-P2858,EVODEX.1-P2859,EVODEX.1-P2861,EVODEX.1-P2864,EVODEX.1-P2865,EVODEX.1-P2866,EVODEX.1-P2871,EVODEX.1-P2881,EVODEX.1-P2883,EVODEX.1-P2885,EVODEX.1-P2893,EVODEX.1-P2906,EVODEX.1-P2916,EVODEX.1-P2921,EVODEX.1-P2924,EVODEX.1-P2936,EVODEX.1-P2943,EVODEX.1-P2944,EVODEX.1-P2951,EVODEX.1-P2959,EVODEX.1-P2961,EVODEX.1-P2967,EVODEX.1-P2972,EVODEX.1-P2975,EVODEX.1-P2993,EVODEX.1-P3016,EVODEX.1-P3018,EVODEX.1-P3024,EVODEX.1-P3037,EVODEX.1-P3041,EVODEX.1-P3044,EVODEX.1-P3069,EVODEX.1-P3077,EVODEX.1-P3081,EVODEX.1-P3107,EVODEX.1-P3111,EVODEX.1-P3114,EVODEX.1-P3121,EVODEX.1-P3124,EVODEX.1-P3128,EVODEX.1-P3131,EVODEX.1-P3134,EVODEX.1-P3149,EVODEX.1-P3151,EVODEX.1-P3154,EVODEX.1-P3173,EVODEX.1-P3177,EVODEX.1-P3183,EVODEX.1-P3185,EVODEX.1-P3188,EVODEX.1-P3190,EVODEX.1-P3195,EVODEX.1-P3203,EVODEX.1-P3205,EVODEX.1-P3208,EVODEX.1-P3210,EVODEX.1-P3213,EVODEX.1-P3216,EVODEX.1-P3222,EVODEX.1-P3225",60799509513227283538631227413212194039202586785663761556904877109565112641569
EVODEX.1-Nm14,[#6:11]-[#6:13](=[#8:14])-[#6:15]>>[#6]-[#6](-[#6])=[#8:14].[H]-[#7](-[H])-[#6:13](-[H])(-[#6:11])-[#6:15],"EVODEX.1-P2808,EVODEX.1-P2809,EVODEX.1-P2810,EVODEX.1-P2818,EVODEX.1-P2819,EVODEX.1-P2826,EVODEX.1-P2847,EVODEX.1-P2867,EVODEX.1-P2870,EVODEX.1-P2879,EVODEX.1-P2880,EVODEX.1-P2888,EVODEX.1-P2909,EVODEX.1-P2922,EVODEX.1-P2926,EVODEX.1-P2928,EVODEX.1-P2930,EVODEX.1-P2934,EVODEX.1-P2938,EVODEX.1-P2946,EVODEX.1-P2953,EVODEX.1-P2956,EVODEX.1-P2963,EVODEX.1-P2964,EVODEX.1-P2968,EVODEX.1-P2971,EVODEX.1-P2973,EVODEX.1-P2976,EVODEX.1-P3009,EVODEX.1-P3012,EVODEX.1-P3027,EVODEX.1-P3033,EVODEX.1-P3035,EVODEX.1-P3038,EVODEX.1-P3040,EVODEX.1-P3049,EVODEX.1-P3057,EVODEX.1-P3066,EVODEX.1-P3067,EVODEX.1-P3083,EVODEX.1-P3085,EVODEX.1-P3106,EVODEX.1-P3108,EVODEX.1-P3113,EVODEX.1-P3122,EVODEX.1-P3130,EVODEX.1-P3133,EVODEX.1-P3142,EVODEX.1-P3148,EVODEX.1-P3152,EVODEX.1-P3156,EVODEX.1-P3157,EVODEX.1-P3174,EVODEX.1-P3178,EVODEX.1-P3182,EVODEX.1-P3186,EVODEX.1-P3187,EVODEX.1-P3193,EVODEX.1-P3196,EVODEX.1-P3198,EVODEX.1-P3202,EVODEX.1-P3211,EVODEX.1-P3220,EVODEX.1-P3227",74203496970737426062908435047088492930731550393830622572560228483972305658487
EVODEX.1-Nm15,[#8]-[#6](-[H])(-[#8:2]-[#6:1])-[#6]>>[H]-[#8:2]-[#6:1],"EVODEX.1-P2227,EVODEX.1-P2230,EVODEX.1-P2232,EVODEX.1-P2242,EVODEX.1-P2306,EVODEX.1-P2344,EVODEX.1-P2351,EVODEX.1-P2467,EVODEX.1-P2487,EVODEX.1-P4316,EVODEX.1-P4329,EVODEX.1-P4330,EVODEX.1-P4331,EVODEX.1-P4338,EVODEX.1-P4339,EVODEX.1-P4340,EVODEX.1-P4343,EVODEX.1-P4344,EVODEX.1-P4345,EVODEX.1-P4350,EVODEX.1-P4351,EVODEX.1-P4380,EVODEX.1-P4393,EVODEX.1-P4394,EVODEX.1-P4395,EVODEX.1-P4396,EVODEX.1-P4398,EVODEX.1-P4399,EVODEX.1-P4402,EVODEX.1-P4403,EVODEX.1-P4404,EVODEX.1-P4406,EVODEX.1-P4407,EVODEX.1-P4409,EVODEX.1-P4412,EVODEX.1-P4445,EVODEX.1-P4457,EVODEX.1-P4475,EVODEX.1-P4476,EVODEX.1-P4477,EVODEX.1-P4481,EVODEX.1-P4482,EVODEX.1-P4485,EVODEX.1-P4488,EVODEX.1-P4495,EVODEX.1-P4498,EVODEX.1-P4499,EVODEX.1-P4509,EVODEX.1-P4513,EVODEX.1-P4515,EVODEX.1-P4516,EVODEX.1-P4520,EVODEX.1-P4524,EVODEX.1-P4527,EVODEX.1-P4528,EVODEX.1-P4533,EVODEX.1-P4534,EVODEX.1-P4535,EVODEX.1-P4536,EVODEX.1-P4538,EVODEX.1-P4546,EVODEX.1-P6436",110666709265096564168001305373833383313460365970223174085834814054808147766394
EVODEX.1-Nm16,[#6]-[#6](-[H])(-[#6])-[#7:5].[#8]=[#6:15](-[#6:14])-[#6:17]>>[H]-[#6:15](-[#7:5])(-[#6:14])-[#6:17],"EVODEX.1-P2803,EVODEX.1-P2807,EVODEX.1-P2811,EVODEX.1-P2815,EVODEX.1-P2817,EVODEX.1-P2825,EVODEX.1-P2839,EVODEX.1-P2860,EVODEX.1-P2869,EVODEX.1-P2886,EVODEX.1-P2920,EVODEX.1-P2923,EVODEX.1-P2927,EVODEX.1-P2929,EVODEX.1-P2933,EVODEX.1-P2935,EVODEX.1-P2937,EVODEX.1-P2949,EVODEX.1-P2950,EVODEX.1-P2952,EVODEX.1-P2955,EVODEX.1-P2958,EVODEX.1-P2962,EVODEX.1-P2966,EVODEX.1-P2969,EVODEX.1-P2974,EVODEX.1-P2977,EVODEX.1-P2978,EVODEX.1-P2980,EVODEX.1-P2990,EVODEX.1-P2992,EVODEX.1-P3008,EVODEX.1-P3010,EVODEX.1-P3011,EVODEX.1-P3013,EVODEX.1-P3017,EVODEX.1-P3019,EVODEX.1-P3021,EVODEX.1-P3039,EVODEX.1-P3042,EVODEX.1-P3068,EVODEX.1-P3070,EVODEX.1-P3076,EVODEX.1-P3080,EVODEX.1-P3105,EVODEX.1-P3109,EVODEX.1-P3120,EVODEX.1-P3123,EVODEX.1-P3125,EVODEX.1-P3140,EVODEX.1-P3141,EVODEX.1-P3144,EVODEX.1-P3153,EVODEX.1-P3155,EVODEX.1-P3163,EVODEX.1-P3167,EVODEX.1-P3181,EVODEX.1-P3191,EVODEX.1-P3192,EVODEX.1-P3197,EVODEX.1-P3199,EVODEX.1-P3209",12124044692523037614953948562790530041373243260123314442191781019892460426989
EVODEX.1-Nm17,[H]-[#8:36]-[#6:37]>>[#8]-[#6](-[H])(-[#8:36]-[#6:37])-[#6],"EVODEX.1-P2222,EVODEX.1-P2223,EVODEX.1-P2224,EVODEX.1-P2241,EVODEX.1-P2252,EVODEX.1-P2267,EVODEX.1-P2268,EVODEX.1-P2274,EVODEX.1-P2278,EVODEX.1-P2281,EVODEX.1-P2283,EVODEX.1-P2300,EVODEX.1-P2304,EVODEX.1-P2309,EVODEX.1-P2311,EVODEX.1-P2315,EVODEX.1-P2316,EVODEX.1-P2318,EVODEX.1-P2320,EVODEX.1-P2325,EVODEX.1-P2346,EVODEX.1-P2347,EVODEX.1-P2359,EVODEX.1-P2361,EVODEX.1-P2363,EVODEX.1-P2364,EVODEX.1-P2372,EVODEX.1-P2379,EVODEX.1-P2381,EVODEX.1-P2382,EVODEX.1-P2385,EVODEX.1-P2389,EVODEX.1-P2393,EVODEX.1-P2404,EVODEX.1-P2409,EVODEX.1-P2411,EVODEX.1-P2418,EVODEX.1-P2427,EVODEX.1-P2432,EVODEX.1-P2434,EVODEX.1-P2438,EVODEX.1-P2441,EVODEX.1-P2444,EVODEX.1-P2447,EVODEX.1-P2503,EVODEX.1-P2504,EVODEX.1-P2505,EVODEX.1-P2508,EVODEX.1-P2512,EVODEX.1-P4384,EVODEX.1-P4385,EVODEX.1-P4387,EVODEX.1-P4389,EVODEX.1-P4390,EVODEX.1-P4500,EVODEX.1-P4539,EVODEX.1-P4541,EVODEX.1-P4543,EVODEX.1-P4544,EVODEX.1-P4545",11839308356092382560359614249804881989395807212404241613619975843400488483795
EVODEX.1-Nm18,[#15]-[#8]-[#6:19](-[#8:20])-[#6:26].[H]-[#8:53]-[#6:52]>>[#6:19](-[#8:53]-[#6:52])(-[#8:20])-[#6:26],"EVODEX.1-P2225,EVODEX.1-P2231,EVODEX.1-P2233,EVODEX.1-P2235,EVODEX.1-P2244,EVODEX.1-P2245,EVODEX.1-P2246,EVODEX.1-P2248,EVODEX.1-P2249,EVODEX.1-P2250,EVODEX.1-P2266,EVODEX.1-P2271,EVODEX.1-P2273,EVODEX.1-P2277,EVODEX.1-P2280,EVODEX.1-P2282,EVODEX.1-P2284,EVODEX.1-P2286,EVODEX.1-P2298,EVODEX.1-P2299,EVODEX.1-P2303,EVODEX.1-P2305,EVODEX.1-P2310,EVODEX.1-P2317,EVODEX.1-P2319,EVODEX.1-P2322,EVODEX.1-P2323,EVODEX.1-P2324,EVODEX.1-P2349,EVODEX.1-P2352,EVODEX.1-P2370,EVODEX.1-P2371,EVODEX.1-P2376,EVODEX.1-P2392,EVODEX.1-P2394,EVODEX.1-P2395,EVODEX.1-P2400,EVODEX.1-P2403,EVODEX.1-P2412,EVODEX.1-P2413,EVODEX.1-P2414,EVODEX.1-P2415,EVODEX.1-P2416,EVODEX.1-P2417,EVODEX.1-P2419,EVODEX.1-P2420,EVODEX.1-P2422,EVODEX.1-P2428,EVODEX.1-P2429,EVODEX.1-P2440,EVODEX.1-P2446,EVODEX.1-P2457,EVODEX.1-P2458,EVODEX.1-P2459,EVODEX.1-P2484,EVODEX.1-P2485,EVODEX.1-P2494,EVODEX.1-P2498,EVODEX.1-P2501,EVODEX.1-P2510",79935359491856755832021836873461761850811389889229941555811762298544188375479
EVODEX.1-Nm19,[#15:23]-[#8:26]-[#15:27](=[#8:28])(-[#8:29])-[#8:30].[H]-[#8:65]-[#6:66]>>[H]-[#8:26]-[#15:23].[#15:27](=[#8:28])(-[#8:29])(-[#8:30])-[#8:65]-[#6:66],"EVODEX.1-P308,EVODEX.1-P309,EVODEX.1-P3233,EVODEX.1-P3252,EVODEX.1-P3259,EVODEX.1-P3268,EVODEX.1-P3275,EVODEX.1-P3280,EVODEX.1-P3287,EVODEX.1-P3299,EVODEX.1-P3301,EVODEX.1-P3302,EVODEX.1-P3303,EVODEX.1-P3307,EVODEX.1-P3312,EVODEX.1-P3317,EVODEX.1-P3324,EVODEX.1-P3330,EVODEX.1-P3339,EVODEX.1-P3344,EVODEX.1-P3353,EVODEX.1-P3386,EVODEX.1-P3388,EVODEX.1-P3395,EVODEX.1-P3403,EVODEX.1-P3404,EVODEX.1-P3405,EVODEX.1-P3410,EVODEX.1-P3412,EVODEX.1-P3413,EVODEX.1-P3414,EVODEX.1-P3422,EVODEX.1-P3423,EVODEX.1-P3426,EVODEX.1-P3429,EVODEX.1-P3434,EVODEX.1-P3442,EVODEX.1-P3472,EVODEX.1-P3477,EVODEX.1-P3589,EVODEX.1-P3592,EVODEX.1-P3595,EVODEX.1-P3598,EVODEX.1-P3599,EVODEX.1-P3604,EVODEX.1-P3610,EVODEX.1-P3649,EVODEX.1-P3650,EVODEX.1-P3653,EVODEX.1-P3654,EVODEX.1-P3664,EVODEX.1-P3673,EVODEX.1-P3684,EVODEX.1-P3695,EVODEX.1-P3699",31530611199488680169544744277140006079566376480367333491647481143848851476031
EVODEX.1-Nm20,[#15:15]-[#8:18]-[#6:19](-[#8:20])-[#6:26].[H]-[#8:62]-[#6:61]>>[#6:19](-[#8:62]-[#6:61])(-[#8:20])-[#6:26].[H]-[#8:18]-[#15:15],"EVODEX.1-P2236,EVODEX.1-P2240,EVODEX.1-P2251,EVODEX.1-P2270,EVODEX.1-P2272,EVODEX.1-P2275,EVODEX.1-P2276,EVODEX.1-P2279,EVODEX.1-P2288,EVODEX.1-P2301,EVODEX.1-P2302,EVODEX.1-P2307,EVODEX.1-P2308,EVODEX.1-P2313,EVODEX.1-P2314,EVODEX.1-P2321,EVODEX.1-P2341,EVODEX.1-P2342,EVODEX.1-P2345,EVODEX.1-P2348,EVODEX.1-P2353,EVODEX.1-P2358,EVODEX.1-P2360,EVODEX.1-P2362,EVODEX.1-P2368,EVODEX.1-P2373,EVODEX.1-P2375,EVODEX.1-P2377,EVODEX.1-P2378,EVODEX.1-P2380,EVODEX.1-P2397,EVODEX.1-P2402,EVODEX.1-P2423,EVODEX.1-P2424,EVODEX.1-P2425,EVODEX.1-P2426,EVODEX.1-P2435,EVODEX.1-P2436,EVODEX.1-P2437,EVODEX.1-P2439,EVODEX.1-P2442,EVODEX.1-P2443,EVODEX.1-P2445,EVODEX.1-P2448,EVODEX.1-P2483,EVODEX.1-P2496,EVODEX.1-P2497,EVODEX.1-P2502,EVODEX.1-P2509,EVODEX.1-P2511",25719258833291162773356612058995449886913745784739688942505155852422808156527
EVODEX.1-Nm21,[#6:40]-[#6:42](=[#8:43])-[#8:44]>>[#6]-[#7](-[H])-[#6:42](-[#6:40])=[#8:43].[#8]-[#15](=[#8])(-[#8])-[#8:44],"EVODEX.1-P6620,EVODEX.1-P6928,EVODEX.1-P6931,EVODEX.1-P6962,EVODEX.1-P6966,EVODEX.1-P6976,EVODEX.1-P6988,EVODEX.1-P7010,EVODEX.1-P7015,EVODEX.1-P7034,EVODEX.1-P7041,EVODEX.1-P7043,EVODEX.1-P7078,EVODEX.1-P7125,EVODEX.1-P7128,EVODEX.1-P7130,EVODEX.1-P7132,EVODEX.1-P7182,EVODEX.1-P7185,EVODEX.1-P7203,EVODEX.1-P7204,EVODEX.1-P7208,EVODEX.1-P7215,EVODEX.1-P7226,EVODEX.1-P7229,EVODEX.1-P7251,EVODEX.1-P7275,EVODEX.1-P7296,EVODEX.1-P7302,EVODEX.1-P7308,EVODEX.1-P7330,EVODEX.1-P7348,EVODEX.1-P7355,EVODEX.1-P7366,EVODEX.1-P7375,EVODEX.1-P7380,EVODEX.1-P7384,EVODEX.1-P7392,EVODEX.1-P7398,EVODEX.1-P7399,EVODEX.1-P7410,EVODEX.1-P7411,EVODEX.1-P7424,EVODEX.1-P7438,EVODEX.1-P7455,EVODEX.1-P7458,EVODEX.1-P7482,EVODEX.1-P7506,EVODEX.1-P7512,EVODEX.1-P7535",95262770591840766493228733430894895238645363366573105139791957908338815746809
EVODEX.1-Nm22,[H]-[#7:47]-[#6:46].[#8:73]-[#15:74](=[#8:75])(-[#8:76])-[#8:77]-[#15:78]>>[#6]-[#6](=[#8])-[#7:47]-[#6:46].[H]-[#8]-[#15:74](-[#8:73])(=[#8:75])-[#8:76].[H]-[#8:77]-[#15:78],"EVODEX.1-P6904,EVODEX.1-P6923,EVODEX.1-P6944,EVODEX.1-P6953,EVODEX.1-P7040,EVODEX.1-P7048,EVODEX.1-P7054,EVODEX.1-P7066,EVODEX.1-P7092,EVODEX.1-P7099,EVODEX.1-P7107,EVODEX.1-P7110,EVODEX.1-P7120,EVODEX.1-P7122,EVODEX.1-P7169,EVODEX.1-P7174,EVODEX.1-P7193,EVODEX.1-P7197,EVODEX.1-P7222,EVODEX.1-P7227,EVODEX.1-P7233,EVODEX.1-P7238,EVODEX.1-P7241,EVODEX.1-P7252,EVODEX.1-P7263,EVODEX.1-P7266,EVODEX.1-P7272,EVODEX.1-P7286,EVODEX.1-P7287,EVODEX.1-P7293,EVODEX.1-P7305,EVODEX.1-P7306,EVODEX.1-P7310,EVODEX.1-P7316,EVODEX.1-P7323,EVODEX.1-P7324,EVODEX.1-P7342,EVODEX.1-P7350,EVODEX.1-P7356,EVODEX.1-P7418,EVODEX.1-P7425,EVODEX.1-P7433,EVODEX.1-P7440,EVODEX.1-P7444,EVODEX.1-P7447,EVODEX.1-P7465,EVODEX.1-P7477,EVODEX.1-P7514,EVODEX.1-P7517,EVODEX.1-P7521",109958473725926354441270691433002240271002662285293381963773315449825403730312
EVODEX.1-Nm23,[H]-[#8]-[#6:42](-[#6:40])=[#8:43].[#8]-[#15](=[#8])(-[#8])-[#8:75]-[#15:76]>>[#6]-[#7](-[H])-[#6:42](-[#6:40])=[#8:43].[H]-[#8:75]-[#15:76],"EVODEX.1-P6924,EVODEX.1-P6930,EVODEX.1-P6964,EVODEX.1-P6980,EVODEX.1-P6996,EVODEX.1-P7020,EVODEX.1-P7033,EVODEX.1-P7042,EVODEX.1-P7075,EVODEX.1-P7081,EVODEX.1-P7129,EVODEX.1-P7133,EVODEX.1-P7143,EVODEX.1-P7161,EVODEX.1-P7164,EVODEX.1-P7180,EVODEX.1-P7187,EVODEX.1-P7202,EVODEX.1-P7205,EVODEX.1-P7210,EVODEX.1-P7214,EVODEX.1-P7225,EVODEX.1-P7231,EVODEX.1-P7237,EVODEX.1-P7240,EVODEX.1-P7244,EVODEX.1-P7246,EVODEX.1-P7274,EVODEX.1-P7277,EVODEX.1-P7281,EVODEX.1-P7283,EVODEX.1-P7290,EVODEX.1-P7322,EVODEX.1-P7328,EVODEX.1-P7334,EVODEX.1-P7340,EVODEX.1-P7349,EVODEX.1-P7371,EVODEX.1-P7379,EVODEX.1-P7401,EVODEX.1-P7412,EVODEX.1-P7432,EVODEX.1-P7437,EVODEX.1-P7449,EVODEX.1-P7454,EVODEX.1-P7457,EVODEX.1-P7468,EVODEX.1-P7496,EVODEX.1-P7504,EVODEX.1-P7508",41042768361572050099864557346730641432063229527205900475953092900673701653277
EVODEX.1-Nm24,[#6:40]-[#6:42](=[#8:43])-[#8:44].[#8:71]-[#15:72](=[#8:73])(-[#8:74])-[#8:75]-[#15:76]>>[#6]-[#7](-[H])-[#6:42](-[#6:40])=[#8:43].[#8:44]-[#15:72](-[#8:71])(=[#8:73])-[#8:74].[H]-[#8:75]-[#15:76],"EVODEX.1-P6927,EVODEX.1-P6929,EVODEX.1-P6981,EVODEX.1-P6984,EVODEX.1-P6985,EVODEX.1-P6987,EVODEX.1-P7036,EVODEX.1-P7076,EVODEX.1-P7079,EVODEX.1-P7095,EVODEX.1-P7127,EVODEX.1-P7137,EVODEX.1-P7139,EVODEX.1-P7145,EVODEX.1-P7160,EVODEX.1-P7179,EVODEX.1-P7183,EVODEX.1-P7188,EVODEX.1-P7199,EVODEX.1-P7206,EVODEX.1-P7212,EVODEX.1-P7217,EVODEX.1-P7234,EVODEX.1-P7242,EVODEX.1-P7260,EVODEX.1-P7269,EVODEX.1-P7276,EVODEX.1-P7326,EVODEX.1-P7337,EVODEX.1-P7346,EVODEX.1-P7364,EVODEX.1-P7372,EVODEX.1-P7377,EVODEX.1-P7381,EVODEX.1-P7385,EVODEX.1-P7387,EVODEX.1-P7390,EVODEX.1-P7394,EVODEX.1-P7396,EVODEX.1-P7404,EVODEX.1-P7407,EVODEX.1-P7428,EVODEX.1-P7430,EVODEX.1-P7431,EVODEX.1-P7451,EVODEX.1-P7459,EVODEX.1-P7484,EVODEX.1-P7492,EVODEX.1-P7495,EVODEX.1-P7505",3437631452984694965357634931299890774050456388844966343849834909876282277082
EVODEX.1-Nm25,[#6:40]-[#6:42](=[#8:43])-[#8:44].[#15]-[#8]-[#15:72](-[#8:71])(=[#8:73])-[#8:74]>>[#6]-[#7](-[H])-[#6:42](-[#6:40])=[#8:43].[#8:44]-[#15:72](-[#8:71])(=[#8:73])-[#8:74],"EVODEX.1-P6932,EVODEX.1-P6933,EVODEX.1-P6957,EVODEX.1-P6963,EVODEX.1-P7003,EVODEX.1-P7029,EVODEX.1-P7037,EVODEX.1-P7118,EVODEX.1-P7136,EVODEX.1-P7138,EVODEX.1-P7163,EVODEX.1-P7168,EVODEX.1-P7189,EVODEX.1-P7192,EVODEX.1-P7200,EVODEX.1-P7207,EVODEX.1-P7209,EVODEX.1-P7213,EVODEX.1-P7220,EVODEX.1-P7236,EVODEX.1-P7243,EVODEX.1-P7248,EVODEX.1-P7249,EVODEX.1-P7254,EVODEX.1-P7261,EVODEX.1-P7273,EVODEX.1-P7319,EVODEX.1-P7333,EVODEX.1-P7339,EVODEX.1-P7353,EVODEX.1-P7367,EVODEX.1-P7369,EVODEX.1-P7374,EVODEX.1-P7378,EVODEX.1-P7388,EVODEX.1-P7393,EVODEX.1-P7395,EVODEX.1-P7397,EVODEX.1-P7403,EVODEX.1-P7405,EVODEX.1-P7415,EVODEX.1-P7421,EVODEX.1-P7434,EVODEX.1-P7446,EVODEX.1-P7453,EVODEX.1-P7481,EVODEX.1-P7493,EVODEX.1-P7503,EVODEX.1-P7507,EVODEX.1-P7513",97542930023526298269504356089262417912653496999654154505391538888719363463199
EVODEX.1-Nm26,[H]-[#8:34]-[#6:33]>>[#8]-[#15](=[#8])(-[#8])-[#8:34]-[#6:33],"EVODEX.1-P3232,EVODEX.1-P3237,EVODEX.1-P3251,EVODEX.1-P3253,EVODEX.1-P3264,EVODEX.1-P3269,EVODEX.1-P3270,EVODEX.1-P3279,EVODEX.1-P3300,EVODEX.1-P3310,EVODEX.1-P3313,EVODEX.1-P3327,EVODEX.1-P3331,EVODEX.1-P3333,EVODEX.1-P3335,EVODEX.1-P3337,EVODEX.1-P3340,EVODEX.1-P3346,EVODEX.1-P3354,EVODEX.1-P3359,EVODEX.1-P3387,EVODEX.1-P3390,EVODEX.1-P3392,EVODEX.1-P3402,EVODEX.1-P3427,EVODEX.1-P3453,EVODEX.1-P3473,EVODEX.1-P3475,EVODEX.1-P3478,EVODEX.1-P3609,EVODEX.1-P3630,EVODEX.1-P3662,EVODEX.1-P3663,EVODEX.1-P3711,EVODEX.1-P3712,EVODEX.1-P3713,EVODEX.1-P4249,EVODEX.1-P4251,EVODEX.1-P4252,EVODEX.1-P4253,EVODEX.1-P4254,EVODEX.1-P6618,EVODEX.1-P6875,EVODEX.1-P6889,EVODEX.1-P6911",19671429724330050096375140570394022582350594472274006230392821131637841284291
EVODEX.1-Nm27,[H]-[#7:1]-[#6:2].[#8]-[#15](=[#8])(-[#8])-[#8:43]-[#15:44]>>[#6]-[#6](=[#8])-[#7:1]-[#6:2].[H]-[#8:43]-[#15:44],"EVODEX.1-P6914,EVODEX.1-P6943,EVODEX.1-P6947,EVODEX.1-P6948,EVODEX.1-P6952,EVODEX.1-P6955,EVODEX.1-P7053,EVODEX.1-P7055,EVODEX.1-P7060,EVODEX.1-P7177,EVODEX.1-P7230,EVODEX.1-P7235,EVODEX.1-P7239,EVODEX.1-P7255,EVODEX.1-P7257,EVODEX.1-P7265,EVODEX.1-P7279,EVODEX.1-P7280,EVODEX.1-P7289,EVODEX.1-P7295,EVODEX.1-P7298,EVODEX.1-P7301,EVODEX.1-P7303,EVODEX.1-P7313,EVODEX.1-P7318,EVODEX.1-P7321,EVODEX.1-P7332,EVODEX.1-P7338,EVODEX.1-P7345,EVODEX.1-P7352,EVODEX.1-P7365,EVODEX.1-P7408,EVODEX.1-P7414,EVODEX.1-P7422,EVODEX.1-P7443,EVODEX.1-P7445,EVODEX.1-P7452,EVODEX.1-P7467,EVODEX.1-P7474,EVODEX.1-P7479,EVODEX.1-P7500,EVODEX.1-P7510,EVODEX.1-P7523,EVODEX.1-P7534,EVODEX.1-P7544",115309161029437105407067993874806693347982221607262876869206384157076975852668
EVODEX.1-Nm28,[H]-[#8:27]-[#15:25]>>[#8]-[#15](=[#8])(-[#8])-[#8:27]-[#15:25],"EVODEX.1-P1580,EVODEX.1-P1581,EVODEX.1-P2514,EVODEX.1-P3243,EVODEX.1-P3285,EVODEX.1-P3368,EVODEX.1-P3372,EVODEX.1-P3374,EVODEX.1-P3376,EVODEX.1-P3526,EVODEX.1-P3528,EVODEX.1-P3532,EVODEX.1-P3546,EVODEX.1-P3548,EVODEX.1-P3550,EVODEX.1-P3553,EVODEX.1-P3559,EVODEX.1-P3571,EVODEX.1-P3574,EVODEX.1-P3585,EVODEX.1-P3586,EVODEX.1-P3591,EVODEX.1-P3606,EVODEX.1-P3620,EVODEX.1-P3621,EVODEX.1-P3626,EVODEX.1-P3629,EVODEX.1-P3641,EVODEX.1-P3642,EVODEX.1-P3643,EVODEX.1-P3644,EVODEX.1-P3657,EVODEX.1-P3658,EVODEX.1-P3659,EVODEX.1-P3687,EVODEX.1-P3690,EVODEX.1-P3691,EVODEX.1-P3694,EVODEX.1-P7559,EVODEX.1-P7562",99329748402888826635524067038235425564254798142992028199219566313830914206197
EVODEX.1-Nm29,[H]-[#16:13]-[#6:12]>>[#6]-[#6](-[H])(-[H])-[#16:13]-[#6:12],"EVODEX.1-P2618,EVODEX.1-P2619,EVODEX.1-P2622,EVODEX.1-P2628,EVODEX.1-P2631,EVODEX.1-P2639,EVODEX.1-P2641,EVODEX.1-P2645,EVODEX.1-P2663,EVODEX.1-P2664,EVODEX.1-P2691,EVODEX.1-P2698,EVODEX.1-P2702,EVODEX.1-P2704,EVODEX.1-P2705,EVODEX.1-P2706,EVODEX.1-P2707,EVODEX.1-P2710,EVODEX.1-P2712,EVODEX.1-P2717,EVODEX.1-P2722,EVODEX.1-P2724,EVODEX.1-P2727,EVODEX.1-P2728,EVODEX.1-P2729,EVODEX.1-P2731,EVODEX.1-P2732,EVODEX.1-P2733,EVODEX.1-P2735,EVODEX.1-P2737,EVODEX.1-P2738,EVODEX.1-P2740,EVODEX.1-P2741,EVODEX.1-P2752,EVODEX.1-P2753,EVODEX.1-P2754,EVODEX.1-P2755,EVODEX.1-P2756,EVODEX.1-P6437,EVODEX.1-P6560",53024671259892816937684128892671099222137627953793999523872045964468826754553
EVODEX.1-Nm30,[#6]-[#8]-[#6:3](=[#8:2])-[#6:4].[H]-[#8:1]>>[#8:1]-[#6:3](=[#8:2])-[#6:4],"EVODEX.1-P3856,EVODEX.1-P3859,EVODEX.1-P3860,EVODEX.1-P3862,EVODEX.1-P3864,EVODEX.1-P3869,EVODEX.1-P3872,EVODEX.1-P3873,EVODEX.1-P3874,EVODEX.1-P3875,EVODEX.1-P3877,EVODEX.1-P3878,EVODEX.1-P3879,EVODEX.1-P3880,EVODEX.1-P3882,EVODEX.1-P3883,EVODEX.1-P3896,EVODEX.1-P3909,EVODEX.1-P3912,EVODEX.1-P3915,EVODEX.1-P3919,EVODEX.1-P3931,EVODEX.1-P3932,EVODEX.1-P3936,EVODEX.1-P3938,EVODEX.1-P3940,EVODEX.1-P3941,EVODEX.1-P3958,EVODEX.1-P4003,EVODEX.1-P4007,EVODEX.1-P4009,EVODEX.1-P4014,EVODEX.1-P4022,EVODEX.1-P4026,EVODEX.1-P4029,EVODEX.1-P4049,EVODEX.1-P4050,EVODEX.1-P4093,EVODEX.1-P5072,EVODEX.1-P5652",56359840294875932672961688300939242228576614632395310378263875725090083696604
EVODEX.1-Nm31,[#6:19]-[#6:20](=[#8:21])-[#16:22]-[#6:23].[H]-[#8:92]-[#6:91]>>[#6:19]-[#6:20](=[#8:21])-[#8:92]-[#6:91].[H]-[#16:22]-[#6:23],"EVODEX.1-P1415,EVODEX.1-P1431,EVODEX.1-P1436,EVODEX.1-P1438,EVODEX.1-P1439,EVODEX.1-P1455,EVODEX.1-P1465,EVODEX.1-P1466,EVODEX.1-P1469,EVODEX.1-P1500,EVODEX.1-P1527,EVODEX.1-P1567,EVODEX.1-P1592,EVODEX.1-P1602,EVODEX.1-P1605,EVODEX.1-P1607,EVODEX.1-P1610,EVODEX.1-P1620,EVODEX.1-P1662,EVODEX.1-P1678,EVODEX.1-P1680,EVODEX.1-P1682,EVODEX.1-P1685,EVODEX.1-P1697,EVODEX.1-P1700,EVODEX.1-P1728,EVODEX.1-P1729,EVODEX.1-P1803,EVODEX.1-P1830,EVODEX.1-P1831,EVODEX.1-P1834,EVODEX.1-P1856,EVODEX.1-P1873,EVODEX.1-P1912,EVODEX.1-P2042",98491985873626895658276159723401547669578825946020157072464095271834095647907
EVODEX.1-Nm32,[H]-[#8:27]-[#15:25].[#15]-[#8]-[#15:44](-[#8:43])(=[#8:45])-[#8:46]>>[#15:25]-[#8:27]-[#15:44](-[#8:43])(=[#8:45])-[#8:46],"EVODEX.1-P3393,EVODEX.1-P3523,EVODEX.1-P3524,EVODEX.1-P3535,EVODEX.1-P3538,EVODEX.1-P3545,EVODEX.1-P3549,EVODEX.1-P3551,EVODEX.1-P3552,EVODEX.1-P3554,EVODEX.1-P3556,EVODEX.1-P3567,EVODEX.1-P3570,EVODEX.1-P3573,EVODEX.1-P3605,EVODEX.1-P3608,EVODEX.1-P3615,EVODEX.1-P3617,EVODEX.1-P3622,EVODEX.1-P3623,EVODEX.1-P3624,EVODEX.1-P3625,EVODEX.1-P3633,EVODEX.1-P3634,EVODEX.1-P3640,EVODEX.1-P3656,EVODEX.1-P3689,EVODEX.1-P3692,EVODEX.1-P3693,EVODEX.1-P3703,EVODEX.1-P3705,EVODEX.1-P3715,EVODEX.1-P3716,EVODEX.1-P7558,EVODEX.1-P7561",18863923712666094865969084051900815956536294640091809250919231203946308663079
EVODEX.1-Nm33,[H]-[#8:1].[#8:10]-[#6:11](-[#8:12]-[#6:13])-[#6:24]>>[H]-[#8:12]-[#6:13].[#8:1]-[#6:11](-[#8:10])-[#6:24],"EVODEX.1-P3950,EVODEX.1-P4302,EVODEX.1-P4304,EVODEX.1-P4311,EVODEX.1-P4314,EVODEX.1-P4320,EVODEX.1-P4341,EVODEX.1-P4352,EVODEX.1-P4370,EVODEX.1-P4373,EVODEX.1-P4378,EVODEX.1-P4383,EVODEX.1-P4392,EVODEX.1-P4397,EVODEX.1-P4400,EVODEX.1-P4411,EVODEX.1-P4425,EVODEX.1-P4430,EVODEX.1-P4447,EVODEX.1-P4449,EVODEX.1-P4451,EVODEX.1-P4454,EVODEX.1-P4474,EVODEX.1-P4480,EVODEX.1-P4483,EVODEX.1-P4494,EVODEX.1-P4501,EVODEX.1-P4508,EVODEX.1-P4512,EVODEX.1-P4517,EVODEX.1-P4522,EVODEX.1-P4523,EVODEX.1-P4529,EVODEX.1-P4532,EVODEX.1-P4547",108592612203513678970593065329159720379731638094818338389065244532578218940713
EVODEX.1-Nm34,[H]-[#8]-[#6:42](-[#6:40])=[#8:43].[H]-[#7:47]-[#6:46]>>[#6:40]-[#6:42](=[#8:43])-[#7:47]-[#6:46],"EVODEX.1-P4056,EVODEX.1-P4064,EVODEX.1-P4995,EVODEX.1-P4997,EVODEX.1-P4998,EVODEX.1-P5075,EVODEX.1-P5077,EVODEX.1-P5078,EVODEX.1-P5079,EVODEX.1-P5090,EVODEX.1-P5099,EVODEX.1-P5105,EVODEX.1-P5106,EVODEX.1-P5108,EVODEX.1-P5109,EVODEX.1-P5111,EVODEX.1-P5136,EVODEX.1-P5602,EVODEX.1-P5784,EVODEX.1-P5825,EVODEX.1-P6900,EVODEX.1-P6920,EVODEX.1-P6991,EVODEX.1-P7052,EVODEX.1-P7064,EVODEX.1-P7071,EVODEX.1-P7082,EVODEX.1-P7083,EVODEX.1-P7096,EVODEX.1-P7111,EVODEX.1-P7141,EVODEX.1-P7171,EVODEX.1-P7526,EVODEX.1-P7531,EVODEX.1-P7536",72750680313587378348024684060227468124090006364900171119347824860537956020341
EVODEX.1-Nm35,[#6:40]-[#6:42](=[#8:43])-[#8:44].[H]-[#7:47]-[#6:46].[#15]-[#8]-[#15:72](-[#8:71])(=[#8:73])-[#8:74]>>[#6:40]-[#6:42](=[#8:43])-[#7:47]-[#6:46].[#8:44]-[#15:72](-[#8:71])(=[#8:73])-[#8:74],"EVODEX.1-P6898,EVODEX.1-P6902,EVODEX.1-P6903,EVODEX.1-P6915,EVODEX.1-P6919,EVODEX.1-P6926,EVODEX.1-P6941,EVODEX.1-P6950,EVODEX.1-P6960,EVODEX.1-P6967,EVODEX.1-P7006,EVODEX.1-P7019,EVODEX.1-P7045,EVODEX.1-P7049,EVODEX.1-P7051,EVODEX.1-P7058,EVODEX.1-P7072,EVODEX.1-P7085,EVODEX.1-P7086,EVODEX.1-P7089,EVODEX.1-P7106,EVODEX.1-P7112,EVODEX.1-P7126,EVODEX.1-P7134,EVODEX.1-P7150,EVODEX.1-P7153,EVODEX.1-P7159,EVODEX.1-P7178,EVODEX.1-P7196,EVODEX.1-P7282,EVODEX.1-P7291,EVODEX.1-P7362,EVODEX.1-P7463,EVODEX.1-P7488,EVODEX.1-P7525",5737267234092701679190982478310593805336128521588785505672806898249769725560
EVODEX.1-Nm36,[#8:49]=[#6:50](-[#6:51])-[#6:60]>>[H]-[#8:49]-[#6:50](-[H])(-[#6:51])-[#6:60],"EVODEX.1-P1191,EVODEX.1-P1192,EVODEX.1-P1193,EVODEX.1-P1194,EVODEX.1-P1195,EVODEX.1-P1196,EVODEX.1-P1197,EVODEX.1-P1198,EVODEX.1-P12,EVODEX.1-P13,EVODEX.1-P14,EVODEX.1-P153,EVODEX.1-P154,EVODEX.1-P155,EVODEX.1-P157,EVODEX.1-P161,EVODEX.1-P18,EVODEX.1-P19,EVODEX.1-P20,EVODEX.1-P30,EVODEX.1-P31,EVODEX.1-P36,EVODEX.1-P46,EVODEX.1-P48,EVODEX.1-P50,EVODEX.1-P69,EVODEX.1-P75,EVODEX.1-P81,EVODEX.1-P87,EVODEX.1-P88",83137599177878774672393408292679405440494866571628116008215070208629120434306
EVODEX.1-Nm37,[#8]-[#15](=[#8])(-[#8])-[#8:50]-[#15:51]>>[H]-[#8:50]-[#15:51],"EVODEX.1-P1189,EVODEX.1-P2763,EVODEX.1-P302,EVODEX.1-P3230,EVODEX.1-P3240,EVODEX.1-P3296,EVODEX.1-P3321,EVODEX.1-P3432,EVODEX.1-P3439,EVODEX.1-P3547,EVODEX.1-P3590,EVODEX.1-P3611,EVODEX.1-P3627,EVODEX.1-P3638,EVODEX.1-P3666,EVODEX.1-P3667,EVODEX.1-P3668,EVODEX.1-P3680,EVODEX.1-P3697,EVODEX.1-P3719,EVODEX.1-P3720,EVODEX.1-P3725,EVODEX.1-P5981,EVODEX.1-P5996,EVODEX.1-P5999,EVODEX.1-P6001,EVODEX.1-P6010,EVODEX.1-P6017,EVODEX.1-P6026,EVODEX.1-P7564",13526582034359399750846731566430842497391988157960080476767696324466290919037
EVODEX.1-Nm38,[#15]-[#8]-[#15:68](-[#8:67])(=[#8:69])-[#8:70].[#6:84]-[#6:86](=[#8:87])-[#8:88]>>[#6]-[#16]-[#6:86](-[#6:84])=[#8:87].[#8:67]-[#15:68](=[#8:69])(-[#8:70])-[#8:88],"EVODEX.1-P306,EVODEX.1-P6673,EVODEX.1-P6677,EVODEX.1-P6681,EVODEX.1-P6695,EVODEX.1-P6699,EVODEX.1-P6705,EVODEX.1-P6707,EVODEX.1-P6712,EVODEX.1-P6718,EVODEX.1-P6731,EVODEX.1-P6739,EVODEX.1-P6752,EVODEX.1-P6756,EVODEX.1-P6763,EVODEX.1-P6769,EVODEX.1-P6792,EVODEX.1-P6797,EVODEX.1-P6803,EVODEX.1-P6805,EVODEX.1-P6809,EVODEX.1-P6814,EVODEX.1-P6821,EVODEX.1-P6829,EVODEX.1-P6833,EVODEX.1-P6840,EVODEX.1-P6856,EVODEX.1-P6861,EVODEX.1-P6881,EVODEX.1-P6893",103866721202219605361046267398014336771053545851188731981957763248789551578879
EVODEX.1-Nm39,[#8:7]-[#15:8](=[#8:9])(-[#8:10])-[#8:11]-[#15:12]>>[#15]-[#8]-[#15:8](-[#8:7])(=[#8:9])-[#8:10].[H]-[#8:11]-[#15:12],"EVODEX.1-P1187,EVODEX.1-P3385,EVODEX.1-P3525,EVODEX.1-P3529,EVODEX.1-P3534,EVODEX.1-P3536,EVODEX.1-P3537,EVODEX.1-P3539,EVODEX.1-P3540,EVODEX.1-P3541,EVODEX.1-P3542,EVODEX.1-P3543,EVODEX.1-P3555,EVODEX.1-P3558,EVODEX.1-P3560,EVODEX.1-P3561,EVODEX.1-P3562,EVODEX.1-P3565,EVODEX.1-P3612,EVODEX.1-P3614,EVODEX.1-P3618,EVODEX.1-P3635,EVODEX.1-P3677,EVODEX.1-P3678,EVODEX.1-P3679,EVODEX.1-P3681,EVODEX.1-P3682,EVODEX.1-P3704,EVODEX.1-P3706,EVODEX.1-P3714",29183088800986437552094082538742619615649042311623495299379947462844013641925
EVODEX.1-Nm40,[#6]-[#16]-[#6:12](-[#6:11])=[#8:13].[H]-[#8:72]-[#6:71]>>[#6:11]-[#6:12](=[#8:13])-[#8:72]-[#6:71],"EVODEX.1-P1430,EVODEX.1-P1434,EVODEX.1-P1437,EVODEX.1-P1467,EVODEX.1-P1470,EVODEX.1-P1512,EVODEX.1-P1515,EVODEX.1-P1523,EVODEX.1-P1528,EVODEX.1-P1598,EVODEX.1-P1599,EVODEX.1-P1603,EVODEX.1-P1621,EVODEX.1-P1663,EVODEX.1-P1667,EVODEX.1-P1670,EVODEX.1-P1679,EVODEX.1-P1686,EVODEX.1-P1699,EVODEX.1-P1718,EVODEX.1-P1804,EVODEX.1-P1818,EVODEX.1-P1832,EVODEX.1-P1835,EVODEX.1-P1911,EVODEX.1-P1913,EVODEX.1-P1915,EVODEX.1-P1918,EVODEX.1-P1938,EVODEX.1-P1942",93791972732524111952460501008887317864109491963781445563932156178164018252678
EVODEX.1-Nm41,[#6:19]-[#6:20]-[#8:21]-[#15:22].[H]-[#16:44]-[#6:43]>>[#6:19]-[#6:20]-[#16:44]-[#6:43].[H]-[#8:21]-[#15:22],"EVODEX.1-P2659,EVODEX.1-P2662,EVODEX.1-P2665,EVODEX.1-P2667,EVODEX.1-P2674,EVODEX.1-P2677,EVODEX.1-P2678,EVODEX.1-P2679,EVODEX.1-P2688,EVODEX.1-P2692,EVODEX.1-P2694,EVODEX.1-P2696,EVODEX.1-P2700,EVODEX.1-P2701,EVODEX.1-P2703,EVODEX.1-P2711,EVODEX.1-P2714,EVODEX.1-P2716,EVODEX.1-P2718,EVODEX.1-P2719,EVODEX.1-P2723,EVODEX.1-P2734,EVODEX.1-P2736,EVODEX.1-P2739,EVODEX.1-P2742,EVODEX.1-P2745,EVODEX.1-P2747,EVODEX.1-P2749,EVODEX.1-P2751,EVODEX.1-P2757",94254435786560126800733140648123872666185381018744757452364705424647068458285
EVODEX.1-Nm42,[#15]-[#8]-[#6:20]-[#6:19].[H]-[#16:40]-[#6:39]>>[#6:19]-[#6:20]-[#16:40]-[#6:39],"EVODEX.1-P2660,EVODEX.1-P2661,EVODEX.1-P2669,EVODEX.1-P2670,EVODEX.1-P2675,EVODEX.1-P2676,EVODEX.1-P2680,EVODEX.1-P2682,EVODEX.1-P2684,EVODEX.1-P2685,EVODEX.1-P2689,EVODEX.1-P2693,EVODEX.1-P2695,EVODEX.1-P2697,EVODEX.1-P2699,EVODEX.1-P2708,EVODEX.1-P2709,EVODEX.1-P2713,EVODEX.1-P2715,EVODEX.1-P2720,EVODEX.1-P2721,EVODEX.1-P2725,EVODEX.1-P2726,EVODEX.1-P2730,EVODEX.1-P2743,EVODEX.1-P2744,EVODEX.1-P2746,EVODEX.1-P2748,EVODEX.1-P2750,EVODEX.1-P2758",52409247504261156756151013232705819468838384154897997214946857497431306427679
EVODEX.1-Nm43,[#6:5]-[#6:6](-[#8:7]-[#6:8])-[#8:20]>>[H]-[#8]-[#6:6](-[#6:5])-[#8:20].[H]-[#8:7]-[#6:8],"EVODEX.1-P4256,EVODEX.1-P4301,EVODEX.1-P4308,EVODEX.1-P4310,EVODEX.1-P4312,EVODEX.1-P4313,EVODEX.1-P4317,EVODEX.1-P4318,EVODEX.1-P4372,EVODEX.1-P4374,EVODEX.1-P4375,EVODEX.1-P4376,EVODEX.1-P4377,EVODEX.1-P4379,EVODEX.1-P4382,EVODEX.1-P4401,EVODEX.1-P4413,EVODEX.1-P4428,EVODEX.1-P4466,EVODEX.1-P4470,EVODEX.1-P4478,EVODEX.1-P4484,EVODEX.1-P4510,EVODEX.1-P4511,EVODEX.1-P4514,EVODEX.1-P4518,EVODEX.1-P4519,EVODEX.1-P4521,EVODEX.1-P4525,EVODEX.1-P4537",10164794348574337998112036282047834508670826970096854632214869402742929274649
EVODEX.1-Nm44,[H]-[#16:48]-[#6:47].[#15]-[#8]-[#15:68](-[#8:67])(=[#8:69])-[#8:70].[#8:80]=[#6:81](-[#8:82])-[#6:83]>>[#6:47]-[#16:48]-[#6:81](=[#8:80])-[#6:83].[#8:67]-[#15:68](=[#8:69])(-[#8:70])-[#8:82],"EVODEX.1-P6670,EVODEX.1-P6679,EVODEX.1-P6685,EVODEX.1-P6692,EVODEX.1-P6698,EVODEX.1-P6701,EVODEX.1-P6706,EVODEX.1-P6741,EVODEX.1-P6748,EVODEX.1-P6751,EVODEX.1-P6778,EVODEX.1-P6782,EVODEX.1-P6785,EVODEX.1-P6790,EVODEX.1-P6793,EVODEX.1-P6800,EVODEX.1-P6806,EVODEX.1-P6808,EVODEX.1-P6812,EVODEX.1-P6815,EVODEX.1-P6816,EVODEX.1-P6820,EVODEX.1-P6830,EVODEX.1-P6846,EVODEX.1-P6852,EVODEX.1-P6863,EVODEX.1-P6874,EVODEX.1-P6885,EVODEX.1-P6891,EVODEX.1-P6894",72016620204695094856663093149872528209922076615084330858239652826173965512853
EVODEX.1-Nm45,[H]-[#8]-[#6:46](-[#6:44])=[#8:47].[H]-[#7:49]-[#6:50].[#8]-[#15](=[#8])(-[#8])-[#8:81]-[#15:78]>>[#6:44]-[#6:46](=[#8:47])-[#7:49]-[#6:50].[H]-[#8:81]-[#15:78],"EVODEX.1-P6897,EVODEX.1-P6918,EVODEX.1-P6934,EVODEX.1-P6936,EVODEX.1-P6938,EVODEX.1-P6946,EVODEX.1-P6972,EVODEX.1-P7004,EVODEX.1-P7005,EVODEX.1-P7013,EVODEX.1-P7014,EVODEX.1-P7026,EVODEX.1-P7059,EVODEX.1-P7070,EVODEX.1-P7073,EVODEX.1-P7084,EVODEX.1-P7097,EVODEX.1-P7100,EVODEX.1-P7102,EVODEX.1-P7104,EVODEX.1-P7140,EVODEX.1-P7157,EVODEX.1-P7268,EVODEX.1-P7360,EVODEX.1-P7483,EVODEX.1-P7489,EVODEX.1-P7498,EVODEX.1-P7528,EVODEX.1-P7530,EVODEX.1-P7538",85131822283896733536638997337243874969873677606679908269986313600063006569401
EVODEX.1-Nm46,[#6:40]-[#6:42](=[#8:43])-[#8:44].[H]-[#7:49]-[#6:48]>>[#6:40]-[#6:42](=[#8:43])-[#7:49]-[#6:48].[#8]-[#15](=[#8])(-[#8])-[#8:44],"EVODEX.1-P6899,EVODEX.1-P6901,EVODEX.1-P6912,EVODEX.1-P6921,EVODEX.1-P6940,EVODEX.1-P6961,EVODEX.1-P6968,EVODEX.1-P6999,EVODEX.1-P7007,EVODEX.1-P7023,EVODEX.1-P7038,EVODEX.1-P7047,EVODEX.1-P7062,EVODEX.1-P7074,EVODEX.1-P7087,EVODEX.1-P7091,EVODEX.1-P7098,EVODEX.1-P7101,EVODEX.1-P7109,EVODEX.1-P7114,EVODEX.1-P7142,EVODEX.1-P7154,EVODEX.1-P7173,EVODEX.1-P7262,EVODEX.1-P7304,EVODEX.1-P7429,EVODEX.1-P7456,EVODEX.1-P7461,EVODEX.1-P7491,EVODEX.1-P7509",108007061254817241099897863033597961284248058476955141650700357550413267613633
EVODEX.1-Nm47,[#6:5]-[#6:25](-[#8:24])-[#8:26]-[#6:27].[H]-[#8:42]-[#6:41]>>[#6:5]-[#6:25](-[#8:24])-[#8:42]-[#6:41].[H]-[#8:26]-[#6:27],"EVODEX.1-P2285,EVODEX.1-P2386,EVODEX.1-P2387,EVODEX.1-P2388,EVODEX.1-P2405,EVODEX.1-P2407,EVODEX.1-P2450,EVODEX.1-P2452,EVODEX.1-P2462,EVODEX.1-P2464,EVODEX.1-P2465,EVODEX.1-P2488,EVODEX.1-P4388,EVODEX.1-P4446,EVODEX.1-P4448,EVODEX.1-P4459,EVODEX.1-P4460,EVODEX.1-P4461,EVODEX.1-P4467,EVODEX.1-P4469,EVODEX.1-P4479,EVODEX.1-P4530,EVODEX.1-P4531,EVODEX.1-P4540,EVODEX.1-P4542",87748581453070377953148948259274955411543454855310917061907240908303159218074
EVODEX.1-Nm48,[#6:5]-[#7:6]-[#6:7](=[#8:8])-[#6:9]>>[H]-[#8]-[#6:7](=[#8:8])-[#6:9].[H]-[#7:6]-[#6:5],"EVODEX.1-P4602,EVODEX.1-P4664,EVODEX.1-P4731,EVODEX.1-P4751,EVODEX.1-P4754,EVODEX.1-P4845,EVODEX.1-P4855,EVODEX.1-P4857,EVODEX.1-P4874,EVODEX.1-P4908,EVODEX.1-P4941,EVODEX.1-P5011,EVODEX.1-P5040,EVODEX.1-P5063,EVODEX.1-P5088,EVODEX.1-P5129,EVODEX.1-P5201,EVODEX.1-P5221,EVODEX.1-P5348,EVODEX.1-P5378,EVODEX.1-P5396,EVODEX.1-P5427,EVODEX.1-P5513,EVODEX.1-P5514,EVODEX.1-P5535",74053536504630857840619350985751527669310726966705544957023289596120796353269
EVODEX.1-Nm49,[#6:7]-[#6:8](=[#8:9])-[#7:10]-[#6:11].[H]-[#8:23]>>[#6:7]-[#6:8](=[#8:9])-[#8:23].[H]-[#7:10]-[#6:11],"EVODEX.1-P4636,EVODEX.1-P4672,EVODEX.1-P4692,EVODEX.1-P4785,EVODEX.1-P4846,EVODEX.1-P4856,EVODEX.1-P4875,EVODEX.1-P4876,EVODEX.1-P4877,EVODEX.1-P4878,EVODEX.1-P5006,EVODEX.1-P5044,EVODEX.1-P5062,EVODEX.1-P5202,EVODEX.1-P5204,EVODEX.1-P5231,EVODEX.1-P5355,EVODEX.1-P5398,EVODEX.1-P5401,EVODEX.1-P5423,EVODEX.1-P5426,EVODEX.1-P5545,EVODEX.1-P5661,EVODEX.1-P5775,EVODEX.1-P5776",22431065632154793136662852137081777024031675386194634690928339736366487648027
EVODEX.1-Nm50,[#6:45]-[#6:47](=[#8:48])-[#8:49].[H]-[#7:57]-[#6:56].[#8:79]-[#15:80](=[#8:81])(-[#8:82])-[#8:83]-[#15:84]>>[#6:45]-[#6:47](=[#8:48])-[#7:57]-[#6:56].[#8:49]-[#15:80](-[#8:79])(=[#8:81])-[#8:82].[H]-[#8:83]-[#15:84],"EVODEX.1-P6916,EVODEX.1-P6917,EVODEX.1-P6922,EVODEX.1-P6959,EVODEX.1-P7018,EVODEX.1-P7039,EVODEX.1-P7044,EVODEX.1-P7056,EVODEX.1-P7057,EVODEX.1-P7067,EVODEX.1-P7069,EVODEX.1-P7088,EVODEX.1-P7090,EVODEX.1-P7105,EVODEX.1-P7119,EVODEX.1-P7123,EVODEX.1-P7148,EVODEX.1-P7151,EVODEX.1-P7156,EVODEX.1-P7270,EVODEX.1-P7359,EVODEX.1-P7420,EVODEX.1-P7490,EVODEX.1-P7494,EVODEX.1-P7539",27209978109910200218629239601343561283463090316965774715712624521821371957240
EVODEX.1-Nm51,[H]-[#6:7](-[#6:6])-[#8:8]-[H]>>[#6:6]-[#6:7]=[#8:8],"EVODEX.1-P1,EVODEX.1-P105,EVODEX.1-P11,EVODEX.1-P116,EVODEX.1-P144,EVODEX.1-P15,EVODEX.1-P2,EVODEX.1-P22,EVODEX.1-P3,EVODEX.1-P39,EVODEX.1-P4,EVODEX.1-P41,EVODEX.1-P44,EVODEX.1-P47,EVODEX.1-P52,EVODEX.1-P6,EVODEX.1-P62,EVODEX.1-P68,EVODEX.1-P7,EVODEX.1-P95",97378729520138447854836188905490993365497144899615848364835264623866286409471
EVODEX.1-Nm52,[#6:13]-[#6:14]=[#8:15]>>[H]-[#6:14](-[#6:13])-[#8:15]-[H],"EVODEX.1-P10,EVODEX.1-P126,EVODEX.1-P16,EVODEX.1-P23,EVODEX.1-P37,EVODEX.1-P38,EVODEX.1-P40,EVODEX.1-P42,EVODEX.1-P5,EVODEX.1-P51,EVODEX.1-P61,EVODEX.1-P64,EVODEX.1-P65,EVODEX.1-P67,EVODEX.1-P76,EVODEX.1-P78,EVODEX.1-P79,EVODEX.1-P8,EVODEX.1-P9,EVODEX.1-P92",95493427935209558878600846114307262512637737140953948897990375478777189555552
EVODEX.1-Nm53,[H]-[#8:21]-[#15:19].[#8:44]-[#15:45](=[#8:46])(-[#8:47])-[#8:48]-[#15:49]>>[#15:19]-[#8:21]-[#15:45](-[#8:44])(=[#8:46])-[#8:47].[H]-[#8:48]-[#15:49],"EVODEX.1-P1188,EVODEX.1-P3527,EVODEX.1-P3530,EVODEX.1-P3531,EVODEX.1-P3533,EVODEX.1-P3563,EVODEX.1-P3564,EVODEX.1-P3566,EVODEX.1-P3568,EVODEX.1-P3569,EVODEX.1-P3572,EVODEX.1-P3616,EVODEX.1-P3628,EVODEX.1-P3632,EVODEX.1-P3636,EVODEX.1-P3676,EVODEX.1-P3683,EVODEX.1-P3717,EVODEX.1-P3718,EVODEX.1-P7557",33739455898969767570616002154738251122200790021268340097856653940705985382334
EVODEX.1-Nm54,[#6:13]-[#6:14](=[#8:15])-[#16:16]-[#6:17].[H]-[#7:83]-[#6:82]>>[#6:13]-[#6:14](=[#8:15])-[#7:83]-[#6:82].[H]-[#16:16]-[#6:17],"EVODEX.1-P1408,EVODEX.1-P1418,EVODEX.1-P1448,EVODEX.1-P1463,EVODEX.1-P1525,EVODEX.1-P1539,EVODEX.1-P1551,EVODEX.1-P1706,EVODEX.1-P1709,EVODEX.1-P1730,EVODEX.1-P1776,EVODEX.1-P1825,EVODEX.1-P1837,EVODEX.1-P1843,EVODEX.1-P2105,EVODEX.1-P2109,EVODEX.1-P2110,EVODEX.1-P2111,EVODEX.1-P2113,EVODEX.1-P2115",44577287159886610924148841586705624260127828818840991543991447173123833921751
EVODEX.1-Nm55,[#6]-[#16]-[#6:14](-[#6:13])=[#8:15].[H]-[#7:83]-[#6:82]>>[#6:13]-[#6:14](=[#8:15])-[#7:83]-[#6:82],"EVODEX.1-P1409,EVODEX.1-P1447,EVODEX.1-P1459,EVODEX.1-P1518,EVODEX.1-P1521,EVODEX.1-P1546,EVODEX.1-P1548,EVODEX.1-P1719,EVODEX.1-P1722,EVODEX.1-P1733,EVODEX.1-P1734,EVODEX.1-P1766,EVODEX.1-P1767,EVODEX.1-P1824,EVODEX.1-P1838,EVODEX.1-P2106,EVODEX.1-P2108,EVODEX.1-P2112,EVODEX.1-P2116,EVODEX.1-P2117",40950883237774672434084304582782131622048433327851125127619798789817838829893
EVODEX.1-Nm56,[#6:2]-[#6:3](=[#8:4])-[#16:5]-[#6:6]>>[#6]-[#7](-[H])-[#6:3](-[#6:2])=[#8:4].[H]-[#16:5]-[#6:6],"EVODEX.1-P1458,EVODEX.1-P1462,EVODEX.1-P1464,EVODEX.1-P1533,EVODEX.1-P1536,EVODEX.1-P1537,EVODEX.1-P1538,EVODEX.1-P1542,EVODEX.1-P1545,EVODEX.1-P1547,EVODEX.1-P1550,EVODEX.1-P1556,EVODEX.1-P1557,EVODEX.1-P1702,EVODEX.1-P1705,EVODEX.1-P1707,EVODEX.1-P1724,EVODEX.1-P1725,EVODEX.1-P1841,EVODEX.1-P1859",67680928388881045472177849912538497815994552355505188722092875501143674346374
EVODEX.1-Nm57,[#6]-[#16]-[#6:5](-[#6:4])=[#8:6]>>[#6]-[#7](-[H])-[#6:5](-[#6:4])=[#8:6],"EVODEX.1-P1460,EVODEX.1-P1461,EVODEX.1-P1534,EVODEX.1-P1535,EVODEX.1-P1540,EVODEX.1-P1541,EVODEX.1-P1543,EVODEX.1-P1544,EVODEX.1-P1549,EVODEX.1-P1552,EVODEX.1-P1554,EVODEX.1-P1555,EVODEX.1-P1644,EVODEX.1-P1645,EVODEX.1-P1701,EVODEX.1-P1703,EVODEX.1-P1720,EVODEX.1-P1721,EVODEX.1-P1723,EVODEX.1-P1840",64777127180762694778656202314128000842905279572329856731997828299706124645843
EVODEX.1-Nm58,[#6]-[#8]-[#6:4](=[#8:5])-[#6:6].[H]-[#7:23]-[#6:24]>>[#6:4](=[#8:5])(-[#6:6])-[#7:23]-[#6:24],"EVODEX.1-P4053,EVODEX.1-P4054,EVODEX.1-P4060,EVODEX.1-P4706,EVODEX.1-P4708,EVODEX.1-P4713,EVODEX.1-P4715,EVODEX.1-P4719,EVODEX.1-P4721,EVODEX.1-P4722,EVODEX.1-P5015,EVODEX.1-P5017,EVODEX.1-P5026,EVODEX.1-P5027,EVODEX.1-P5028,EVODEX.1-P5218,EVODEX.1-P5277,EVODEX.1-P5278,EVODEX.1-P5280,EVODEX.1-P5283",113924243607820553101884102461441759426791252409875939055668235667006584215476
EVODEX.1-Nm59,[#6]-[#7](-[#6:55](-[#6:48])=[#8:56])-[#6].[H]-[#8:65]>>[#6:48]-[#6:55](=[#8:56])-[#8:65],"EVODEX.1-P4748,EVODEX.1-P4756,EVODEX.1-P4758,EVODEX.1-P4761,EVODEX.1-P4765,EVODEX.1-P4767,EVODEX.1-P4802,EVODEX.1-P4803,EVODEX.1-P4951,EVODEX.1-P5312,EVODEX.1-P5316,EVODEX.1-P5319,EVODEX.1-P5320,EVODEX.1-P5321,EVODEX.1-P5322,EVODEX.1-P5325,EVODEX.1-P5346,EVODEX.1-P5349,EVODEX.1-P5350,EVODEX.1-P5422",112179594879834064833046359974742092254788507445312033561728019766876611041690
EVODEX.1-Nm60,[#6]-[#7](-[#6:2](-[#6:1])=[#8:3])-[#6]>>[H]-[#8]-[#6:2](-[#6:1])=[#8:3],"EVODEX.1-P4757,EVODEX.1-P4759,EVODEX.1-P4762,EVODEX.1-P4763,EVODEX.1-P4768,EVODEX.1-P4771,EVODEX.1-P4773,EVODEX.1-P4906,EVODEX.1-P5210,EVODEX.1-P5307,EVODEX.1-P5313,EVODEX.1-P5314,EVODEX.1-P5315,EVODEX.1-P5317,EVODEX.1-P5323,EVODEX.1-P5326,EVODEX.1-P5327,EVODEX.1-P5328,EVODEX.1-P5347,EVODEX.1-P5553",54126269471149964961560122453737239983320857407388310062110849753411674091504
EVODEX.1-Nm61,[#6:1]-[#6:2](=[#8:3])-[#8:4].[H]-[#7:19]-[#6:18]>>[#6:1]-[#6:2](=[#8:3])-[#7:19]-[#6:18].[H]-[#8:4],"EVODEX.1-P5076,EVODEX.1-P5083,EVODEX.1-P5084,EVODEX.1-P5095,EVODEX.1-P5098,EVODEX.1-P5103,EVODEX.1-P5104,EVODEX.1-P5107,EVODEX.1-P5110,EVODEX.1-P5112,EVODEX.1-P5113,EVODEX.1-P5484,EVODEX.1-P5587,EVODEX.1-P5597,EVODEX.1-P5605,EVODEX.1-P5608,EVODEX.1-P5694,EVODEX.1-P5789,EVODEX.1-P5790,EVODEX.1-P5791",91514430312460076028136107383811583033141008046202396783495906114694908722234
EVODEX.1-Nm62,[#8]-[#15](=[#8])(-[#8])-[#8:71]-[#15:72].[H]-[#8]-[#6:81](=[#8:80])-[#6:83]>>[#6]-[#16]-[#6:81](=[#8:80])-[#6:83].[H]-[#8:71]-[#15:72],"EVODEX.1-P6626,EVODEX.1-P6678,EVODEX.1-P6687,EVODEX.1-P6713,EVODEX.1-P6715,EVODEX.1-P6764,EVODEX.1-P6775,EVODEX.1-P6777,EVODEX.1-P6783,EVODEX.1-P6823,EVODEX.1-P6834,EVODEX.1-P6843,EVODEX.1-P6848,EVODEX.1-P6862,EVODEX.1-P6868,EVODEX.1-P6871,EVODEX.1-P6882,EVODEX.1-P6887,EVODEX.1-P6890,EVODEX.1-P6896",20787693985520179343005180990538008027751925117731217076809402537567422755607
EVODEX.1-Nm63,[#6:56]-[#6:57](=[#8:58])-[#8:59].[#8:74]-[#15:75](=[#8:76])(-[#8:77])-[#8:78]-[#15:79]>>[#6]-[#16]-[#6:57](-[#6:56])=[#8:58].[#8:59]-[#15:75](-[#8:74])(=[#8:76])-[#8:77].[H]-[#8:78]-[#15:79],"EVODEX.1-P6635,EVODEX.1-P6642,EVODEX.1-P6646,EVODEX.1-P6651,EVODEX.1-P6680,EVODEX.1-P6686,EVODEX.1-P6691,EVODEX.1-P6694,EVODEX.1-P6697,EVODEX.1-P6702,EVODEX.1-P6711,EVODEX.1-P6717,EVODEX.1-P6729,EVODEX.1-P6746,EVODEX.1-P6770,EVODEX.1-P6789,EVODEX.1-P6794,EVODEX.1-P6802,EVODEX.1-P6845,EVODEX.1-P6858",17688964383141884105430136562206150400842050623986454638469554071093235830508
EVODEX.1-Nm64,[H]-[#16:48]-[#6:47].[#8:67]-[#15:68](=[#8:69])(-[#8:70])-[#8:71]-[#15:72].[#8:80]=[#6:81](-[#8:82])-[#6:83]>>[#6:47]-[#16:48]-[#6:81](=[#8:80])-[#6:83].[#8:67]-[#15:68](=[#8:69])(-[#8:70])-[#8:82].[H]-[#8:71]-[#15:72],"EVODEX.1-P6638,EVODEX.1-P6674,EVODEX.1-P6689,EVODEX.1-P6696,EVODEX.1-P6700,EVODEX.1-P6703,EVODEX.1-P6709,EVODEX.1-P6728,EVODEX.1-P6780,EVODEX.1-P6784,EVODEX.1-P6791,EVODEX.1-P6799,EVODEX.1-P6807,EVODEX.1-P6813,EVODEX.1-P6819,EVODEX.1-P6827,EVODEX.1-P6828,EVODEX.1-P6853,EVODEX.1-P6878,EVODEX.1-P6895",6072465813363703581612373330327470118120409398843058890912507740323726084568
EVODEX.1-Nm65,[H]-[#16:48]-[#6:47].[#6:84]-[#6:86](=[#8:87])-[#8:88]>>[#6:47]-[#16:48]-[#6:86](-[#6:84])=[#8:87].[#8]-[#15](=[#8])(-[#8])-[#8:88],"EVODEX.1-P6641,EVODEX.1-P6652,EVODEX.1-P6668,EVODEX.1-P6672,EVODEX.1-P6684,EVODEX.1-P6690,EVODEX.1-P6704,EVODEX.1-P6714,EVODEX.1-P6719,EVODEX.1-P6723,EVODEX.1-P6732,EVODEX.1-P6755,EVODEX.1-P6798,EVODEX.1-P6817,EVODEX.1-P6832,EVODEX.1-P6839,EVODEX.1-P6850,EVODEX.1-P6860,EVODEX.1-P6870,EVODEX.1-P6892",114650203985210887174637607889978740839273296433991658813794233708709515642759
EVODEX.1-Nm66,[#6:2]-[#6:9](=[#8:10])-[#8:11]>>[#6]-[#16]-[#6:9](-[#6:2])=[#8:10].[#8]-[#15](=[#8])(-[#8])-[#8:11],"EVODEX.1-P6659,EVODEX.1-P6671,EVODEX.1-P6675,EVODEX.1-P6682,EVODEX.1-P6688,EVODEX.1-P6708,EVODEX.1-P6724,EVODEX.1-P6730,EVODEX.1-P6773,EVODEX.1-P6779,EVODEX.1-P6788,EVODEX.1-P6810,EVODEX.1-P6835,EVODEX.1-P6842,EVODEX.1-P6855,EVODEX.1-P6864,EVODEX.1-P6869,EVODEX.1-P6879,EVODEX.1-P6880,EVODEX.1-P6884",66572727891676011638555153883499063599111777791364944028882054758135242532123
EVODEX.1-Nm67,[H]-[#16:59]-[#6:58].[H]-[#8]-[#6:5](-[#6:4])=[#8:6].[#8]-[#15](=[#8])(-[#8])-[#8:82]-[#15:83]>>[#6:4]-[#6:5](=[#8:6])-[#16:59]-[#6:58].[H]-[#8:82]-[#15:83],"EVODEX.1-P6676,EVODEX.1-P6683,EVODEX.1-P6693,EVODEX.1-P6710,EVODEX.1-P6716,EVODEX.1-P6734,EVODEX.1-P6745,EVODEX.1-P6762,EVODEX.1-P6772,EVODEX.1-P6787,EVODEX.1-P6818,EVODEX.1-P6822,EVODEX.1-P6824,EVODEX.1-P6831,EVODEX.1-P6838,EVODEX.1-P6841,EVODEX.1-P6847,EVODEX.1-P6854,EVODEX.1-P6883,EVODEX.1-P6886",63723442219900699776333072053809144389491894083126852462558138029008128020177
EVODEX.1-Nm68,[H]-[#6:3](-[#6:2])(-[#8:4]-[H])-[#6:5]>>[#6:2]-[#6:3](=[#8:4])-[#6:5],"EVODEX.1-P101,EVODEX.1-P103,EVODEX.1-P21,EVODEX.1-P29,EVODEX.1-P32,EVODEX.1-P33,EVODEX.1-P34,EVODEX.1-P43,EVODEX.1-P45,EVODEX.1-P63,EVODEX.1-P74,EVODEX.1-P84,EVODEX.1-P89,EVODEX.1-P90,EVODEX.1-P91",34171091940788578241217381591686143855877388655982542137051948926862725989
EVODEX.1-Nm69,[H]-[#6:2](-[#6:1])-[#6:3](-[#8:4])-[#6:5]>>[#6:1]-[#6:2]=[#6:3]-[#6:5].[H]-[#8:4],"EVODEX.1-P6401,EVODEX.1-P6405,EVODEX.1-P6410,EVODEX.1-P6429,EVODEX.1-P6430,EVODEX.1-P6431,EVODEX.1-P6432,EVODEX.1-P6434,EVODEX.1-P6438,EVODEX.1-P6442,EVODEX.1-P6444,EVODEX.1-P6448,EVODEX.1-P6454,EVODEX.1-P6457,EVODEX.1-P82",93023607447379305326123387168562805923409937539073676347553997727424371663307
EVODEX.1-Nm70,[#6:4]-[#6:5]=[#6:6](-[#6:7])-[#6:10]>>[H]-[#6:5](-[#6:4])-[#6:6](-[H])(-[#6:7])-[#6:10],"EVODEX.1-P136,EVODEX.1-P797,EVODEX.1-P798,EVODEX.1-P799,EVODEX.1-P800,EVODEX.1-P810,EVODEX.1-P811,EVODEX.1-P812,EVODEX.1-P822,EVODEX.1-P830,EVODEX.1-P832,EVODEX.1-P833,EVODEX.1-P834,EVODEX.1-P835,EVODEX.1-P846",63230454533161947871397931566647232683370865603166787686256724269494560699223
EVODEX.1-Nm71,[#8:12]=[#6:13]-[#6:14].[H]-[#6:2](=[#8:1])-[#6:3]>>[H]-[#8:12]-[#6:13](-[#6:2](=[#8:1])-[#6:3])-[#6:14],"EVODEX.1-P1367,EVODEX.1-P1370,EVODEX.1-P1372,EVODEX.1-P1389,EVODEX.1-P1390,EVODEX.1-P1392,EVODEX.1-P1396,EVODEX.1-P1398,EVODEX.1-P1403,EVODEX.1-P1405,EVODEX.1-P1406,EVODEX.1-P1407,EVODEX.1-P6181,EVODEX.1-P6182,EVODEX.1-P6286",34466312457816058543665030892903064923687307177730553204243449861936531787769
EVODEX.1-Nm72,[H]-[#8:3]-[#15:2].[#6:14]-[#8:17]-[#6:18](-[#8:19])-[#6:27]>>[#15:2]-[#8:3]-[#6:18](-[#8:19])-[#6:27].[H]-[#8:17]-[#6:14],"EVODEX.1-P2226,EVODEX.1-P2229,EVODEX.1-P2253,EVODEX.1-P2262,EVODEX.1-P2269,EVODEX.1-P2340,EVODEX.1-P2350,EVODEX.1-P2354,EVODEX.1-P2356,EVODEX.1-P2365,EVODEX.1-P2366,EVODEX.1-P2367,EVODEX.1-P2369,EVODEX.1-P2398,EVODEX.1-P2421",107249536427390431467087212755203256219776157970701729636276159973874831333132
EVODEX.1-Nm73,[#6:34]-[#8:35]-[#6:36](-[#8:37])-[#6:45]>>[#15]-[#8]-[#6:36](-[#8:37])-[#6:45].[H]-[#8:35]-[#6:34],"EVODEX.1-P2228,EVODEX.1-P2234,EVODEX.1-P2261,EVODEX.1-P2343,EVODEX.1-P2355,EVODEX.1-P2357,EVODEX.1-P2383,EVODEX.1-P2384,EVODEX.1-P2396,EVODEX.1-P2399,EVODEX.1-P2401,EVODEX.1-P2430,EVODEX.1-P2431,EVODEX.1-P2466,EVODEX.1-P2495",101436957301986065793629687694124468587754693812594233957926348936943315134641
EVODEX.1-Nm74,[#15]-[#8]-[#15:19](-[#8:18])(=[#8:20])-[#8:21].[H]-[#8:33]>>[#8:18]-[#15:19](=[#8:20])(-[#8:21])-[#8:33],"EVODEX.1-P2764,EVODEX.1-P3675,EVODEX.1-P4194,EVODEX.1-P4235,EVODEX.1-P5971,EVODEX.1-P5973,EVODEX.1-P5977,EVODEX.1-P5988,EVODEX.1-P5989,EVODEX.1-P6011,EVODEX.1-P6012,EVODEX.1-P6013,EVODEX.1-P6029,EVODEX.1-P6031,EVODEX.1-P6032",38656311314761991909201907128167964657150973214599915415061538199966886329130
EVODEX.1-Nm75,[H]-[#6:14](-[#7:13])(-[#6:15])-[#6:21].[#6:7]-[#6:8](=[#8:9])-[#6:10]>>[H]-[#6:8](-[#6:7])(-[#6:10])-[#7:13].[#8:9]=[#6:14](-[#6:15])-[#6:21],"EVODEX.1-P2812,EVODEX.1-P2890,EVODEX.1-P2897,EVODEX.1-P2898,EVODEX.1-P2931,EVODEX.1-P2932,EVODEX.1-P2948,EVODEX.1-P3025,EVODEX.1-P3082,EVODEX.1-P3112,EVODEX.1-P3126,EVODEX.1-P3175,EVODEX.1-P3219,EVODEX.1-P3221,EVODEX.1-P3223",66651419884246614575268124969192805803666815914222896439865110563411225676136
EVODEX.1-Nm76,[#6:32]-[#8:33]-[#15:34](=[#8:35])(-[#8:36])-[#8:37]>>[H]-[#8:33]-[#6:32].[#15]-[#8]-[#15:34](=[#8:35])(-[#8:36])-[#8:37],"EVODEX.1-P3244,EVODEX.1-P3281,EVODEX.1-P3282,EVODEX.1-P3289,EVODEX.1-P3314,EVODEX.1-P3329,EVODEX.1-P3418,EVODEX.1-P3419,EVODEX.1-P3470,EVODEX.1-P3497,EVODEX.1-P3582,EVODEX.1-P3655,EVODEX.1-P3665,EVODEX.1-P3670,EVODEX.1-P3672",98996223007567742293710353923060752172836033005257547530657078676529040366507
EVODEX.1-Nm77,[#6:2]-[#8:4]-[#15:5](=[#8:6])(-[#8:7])-[#8:8]>>[H]-[#8:4]-[#6:2].[#6]-[#8]-[#15:5](=[#8:6])(-[#8:7])-[#8:8],"EVODEX.1-P3265,EVODEX.1-P3444,EVODEX.1-P3445,EVODEX.1-P3446,EVODEX.1-P3447,EVODEX.1-P3450,EVODEX.1-P3451,EVODEX.1-P3456,EVODEX.1-P3457,EVODEX.1-P3459,EVODEX.1-P3460,EVODEX.1-P3462,EVODEX.1-P3463,EVODEX.1-P3464,EVODEX.1-P3465",66303050229155541678287817777794193479928407734431585118091902183105418646033
EVODEX.1-Nm78,[#6:144]-[#8:145]-[#15:146](=[#8:147])(-[#8:148])-[#8:149].[H]-[#8:122]-[#15:120]>>[H]-[#8:145]-[#6:144].[#15:120]-[#8:122]-[#15:146](=[#8:147])(-[#8:148])-[#8:149],"EVODEX.1-P3284,EVODEX.1-P3294,EVODEX.1-P3356,EVODEX.1-P3471,EVODEX.1-P3474,EVODEX.1-P3483,EVODEX.1-P3484,EVODEX.1-P3557,EVODEX.1-P3575,EVODEX.1-P3579,EVODEX.1-P3583,EVODEX.1-P3587,EVODEX.1-P3593,EVODEX.1-P3639,EVODEX.1-P3726",37340952590348686995621196711645046199196863013195591096820803911632027423400
EVODEX.1-Nm79,[#8:13]=[#15:14](-[#8:15])(-[#8:16])-[#8:17]-[#6:18].[H]-[#8:12]-[#6:11]>>[#6:11]-[#8:12]-[#15:14](=[#8:13])(-[#8:15])-[#8:16].[H]-[#8:17]-[#6:18],"EVODEX.1-P3379,EVODEX.1-P3380,EVODEX.1-P3382,EVODEX.1-P3448,EVODEX.1-P3449,EVODEX.1-P3452,EVODEX.1-P3454,EVODEX.1-P3455,EVODEX.1-P3458,EVODEX.1-P3461,EVODEX.1-P4213,EVODEX.1-P4250,EVODEX.1-P6599,EVODEX.1-P6600,EVODEX.1-P6601",2861397237037897548242548428500186000155096002703825511791777891808557219884
EVODEX.1-Nm80,[#6:4]-[#6:5](=[#8:6])-[#8:7].[#6:54]-[#16:55]-[#6:56](=[#8:57])-[#6:58]>>[#6:4]-[#6:5](=[#8:6])-[#16:55]-[#6:54].[#8:7]-[#6:56](=[#8:57])-[#6:58],"EVODEX.1-P3788,EVODEX.1-P3790,EVODEX.1-P3792,EVODEX.1-P3801,EVODEX.1-P3802,EVODEX.1-P3803,EVODEX.1-P3807,EVODEX.1-P3810,EVODEX.1-P3812,EVODEX.1-P3813,EVODEX.1-P3815,EVODEX.1-P3823,EVODEX.1-P3829,EVODEX.1-P3837,EVODEX.1-P3846",5076671236184723331659121522776852523536936080944201113541896737895378856901
EVODEX.1-Nm81,[#6]-[#6](-[H])(-[H])-[#8:3]-[#6:4]>>[H]-[#8:3]-[#6:4],"EVODEX.1-P3857,EVODEX.1-P3858,EVODEX.1-P3885,EVODEX.1-P3893,EVODEX.1-P3900,EVODEX.1-P3920,EVODEX.1-P3921,EVODEX.1-P3946,EVODEX.1-P4047,EVODEX.1-P4052,EVODEX.1-P4082,EVODEX.1-P4106,EVODEX.1-P4130,EVODEX.1-P4507,EVODEX.1-P4986",63096401667915070201575570998850322257681880948425458770610989933085782090134
EVODEX.1-Nm82,[#6]-[#8]-[#6:19](-[#6:10])-[#6:17].[H]-[#8:38]>>[#6:10]-[#6:19](-[#6:17])-[#8:38],"EVODEX.1-P3865,EVODEX.1-P4038,EVODEX.1-P4045,EVODEX.1-P4075,EVODEX.1-P4091,EVODEX.1-P4322,EVODEX.1-P4432,EVODEX.1-P4433,EVODEX.1-P4465,EVODEX.1-P4473,EVODEX.1-P4487,EVODEX.1-P4502,EVODEX.1-P4504,EVODEX.1-P4505,EVODEX.1-P4506",43687322354406578605004253349448999963056311627085195689490242025152419519948
EVODEX.1-Nm83,[#6]-[#8]-[#6:20]-[#6:19].[H]-[#8:50]>>[#6:19]-[#6:20]-[#8:50],"EVODEX.1-P3897,EVODEX.1-P3907,EVODEX.1-P3908,EVODEX.1-P3929,EVODEX.1-P3933,EVODEX.1-P4032,EVODEX.1-P4040,EVODEX.1-P4043,EVODEX.1-P4073,EVODEX.1-P4074,EVODEX.1-P4456,EVODEX.1-P4472,EVODEX.1-P4489,EVODEX.1-P4492,EVODEX.1-P4493",59504893583245932410909476392542905992935715377820208173206199632559098095522
EVODEX.1-Nm84,[#8:3]=[#6:4](-[#6:5])-[#7:12]-[#6:13]>>[#6]-[#8]-[#6:4](=[#8:3])-[#6:5].[H]-[#7:12]-[#6:13],"EVODEX.1-P4709,EVODEX.1-P4714,EVODEX.1-P4717,EVODEX.1-P4718,EVODEX.1-P4720,EVODEX.1-P4726,EVODEX.1-P4728,EVODEX.1-P5019,EVODEX.1-P5022,EVODEX.1-P5023,EVODEX.1-P5217,EVODEX.1-P5284,EVODEX.1-P5286,EVODEX.1-P5287,EVODEX.1-P5470",84742836063423031268023255900992816488209550339912085719197749897764492752759
EVODEX.1-Nm85,[#6:19]-[#6:20](=[#8:21])-[#8:22]>>[#6]-[#7](-[H])-[#6:20](-[#6:19])=[#8:21].[H]-[#8:22],"EVODEX.1-P5074,EVODEX.1-P5080,EVODEX.1-P5085,EVODEX.1-P5087,EVODEX.1-P5227,EVODEX.1-P5458,EVODEX.1-P5460,EVODEX.1-P5476,EVODEX.1-P5479,EVODEX.1-P5481,EVODEX.1-P5582,EVODEX.1-P5595,EVODEX.1-P5601,EVODEX.1-P5606,EVODEX.1-P5610",31745860604907617284488868440642500612227880893161734434341530761099599008936
EVODEX.1-Nm86,[#8:7]=[#6:8]-[#6:9]>>[#6]-[#6](-[H])(-[#8])-[#6:8](-[#8:7]-[H])-[#6:9],"EVODEX.1-P5291,EVODEX.1-P5293,EVODEX.1-P5297,EVODEX.1-P5298,EVODEX.1-P5301,EVODEX.1-P5302,EVODEX.1-P6249,EVODEX.1-P6258,EVODEX.1-P6259,EVODEX.1-P6262,EVODEX.1-P6265,EVODEX.1-P6269,EVODEX.1-P6270,EVODEX.1-P6275,EVODEX.1-P6278",115293176553557126086130294509939367343272884310873582013214885515907648187305
EVODEX.1-Nm87,[#7]#[#6:4]-[#6:2].[H]-[#8:6]-[H]>>[H]-[#8]-[#6:4](-[#6:2])=[#8:6],"EVODEX.1-P5886,EVODEX.1-P5895,EVODEX.1-P5905,EVODEX.1-P5906,EVODEX.1-P5908,EVODEX.1-P5926,EVODEX.1-P5930,EVODEX.1-P5936,EVODEX.1-P5939,EVODEX.1-P5940,EVODEX.1-P5943,EVODEX.1-P5951,EVODEX.1-P5954,EVODEX.1-P5957,EVODEX.1-P5960",99131217287751378605567644517996742122612905834856535069585640761534677718268
EVODEX.1-Nm88,[#6:3]-[#6:5]#[#7:6]>>[H]-[#8]-[#6:5](=[#8])-[#6:3].[H]-[#7:6](-[H])-[H],"EVODEX.1-P5887,EVODEX.1-P5892,EVODEX.1-P5896,EVODEX.1-P5901,EVODEX.1-P5903,EVODEX.1-P5910,EVODEX.1-P5923,EVODEX.1-P5945,EVODEX.1-P5947,EVODEX.1-P5950,EVODEX.1-P5953,EVODEX.1-P5955,EVODEX.1-P5958,EVODEX.1-P5962,EVODEX.1-P5967",62451594924479540414944579267145846585495895687462460502747875533891299115954
EVODEX.1-Nm89,[#6:4]-[#6:5]#[#7:6].[H]-[#8:7]-[H]>>[H]-[#8]-[#6:5](-[#6:4])=[#8:7].[H]-[#7:6](-[H])-[H],"EVODEX.1-P5888,EVODEX.1-P5893,EVODEX.1-P5894,EVODEX.1-P5897,EVODEX.1-P5898,EVODEX.1-P5902,EVODEX.1-P5913,EVODEX.1-P5920,EVODEX.1-P5934,EVODEX.1-P5938,EVODEX.1-P5942,EVODEX.1-P5948,EVODEX.1-P5956,EVODEX.1-P5959,EVODEX.1-P5963",16526700383958735967006564078542762589655398912934870025203384598504720856650
EVODEX.1-Nm90,[#7]#[#6:2]-[#6:3]>>[H]-[#8]-[#6:2](=[#8])-[#6:3],"EVODEX.1-P5891,EVODEX.1-P5907,EVODEX.1-P5909,EVODEX.1-P5921,EVODEX.1-P5922,EVODEX.1-P5935,EVODEX.1-P5937,EVODEX.1-P5941,EVODEX.1-P5944,EVODEX.1-P5946,EVODEX.1-P5949,EVODEX.1-P5952,EVODEX.1-P5961,EVODEX.1-P5964,EVODEX.1-P5966",3684578617211812466858178953540796848515026521398393606400076108138961357230
EVODEX.1-Nm91,[#6:9]-[#6:10]=[#6:11]-[#6:12]>>[H]-[#6:10](-[#6:9])-[#6:11](-[H])-[#6:12],"EVODEX.1-P49,EVODEX.1-P803,EVODEX.1-P804,EVODEX.1-P814,EVODEX.1-P815,EVODEX.1-P816,EVODEX.1-P817,EVODEX.1-P818,EVODEX.1-P819,EVODEX.1-P831",102173745136650840070409006156090118837098604306528178480470853177887086923109
EVODEX.1-Nm92,[H]-[#6:5](-[#6:4])=[#8:6].[H]-[#8:7]>>[#6:4]-[#6:5](=[#8:6])-[#8:7],"EVODEX.1-P59,EVODEX.1-P682,EVODEX.1-P688,EVODEX.1-P689,EVODEX.1-P691,EVODEX.1-P694,EVODEX.1-P701,EVODEX.1-P733,EVODEX.1-P745,EVODEX.1-P779",112511881853663473423070289378829590818543221350978921244543124391015505001088
EVODEX.1-Nm93,[H]-[#6:24](-[#8:25]-[H])(-[#6:23])-[#6:26].[#8:32]=[#8:33]>>[#6:23]-[#6:24](=[#8:25])-[#6:26].[H]-[#8:32]-[#8:33]-[H],"EVODEX.1-P100,EVODEX.1-P102,EVODEX.1-P107,EVODEX.1-P108,EVODEX.1-P109,EVODEX.1-P114,EVODEX.1-P117,EVODEX.1-P118,EVODEX.1-P130,EVODEX.1-P137",25784643077050332708206714527505576362706802378857607309604190314822920427383
EVODEX.1-Nm94,[#8:1]=[#8:2].[H]-[#8:3]-[#6:4](-[H])-[#6:5]>>[#8:3]=[#6:4]-[#6:5].[H]-[#8:1]-[#8:2]-[H],"EVODEX.1-P104,EVODEX.1-P106,EVODEX.1-P119,EVODEX.1-P120,EVODEX.1-P127,EVODEX.1-P133,EVODEX.1-P143,EVODEX.1-P145,EVODEX.1-P146,EVODEX.1-P796",30858260486608857139802167945600841766010886503136344013977541807822307718870
EVODEX.1-Nm95,([#8:14]=[#6:15].[#6:18]=[#7:19]-[#6:20]).[H]-[#6:4](-[#6:2])(-[#8:5]-[H])-[#6:6]>>[#6:2]-[#6:4](=[#8:5])-[#6:6].([H]-[#8:14]-[#6:15].[#6:18]-[#7:19](-[H])-[#6:20]),"EVODEX.1-P110,EVODEX.1-P111,EVODEX.1-P112,EVODEX.1-P113,EVODEX.1-P115,EVODEX.1-P167,EVODEX.1-P169,EVODEX.1-P177,EVODEX.1-P182,EVODEX.1-P184",29691985562339683040538143486219227838084271320452499941606127633539845987552
EVODEX.1-Nm96,[H]-[#6:5](-[#6:3])-[#6:6](-[H])-[#6:7]>>[#6:3]-[#6:5]=[#6:6]-[#6:7],"EVODEX.1-P124,EVODEX.1-P600,EVODEX.1-P601,EVODEX.1-P602,EVODEX.1-P605,EVODEX.1-P820,EVODEX.1-P824,EVODEX.1-P825,EVODEX.1-P826,EVODEX.1-P827",72224147798347293687731090445665869100716575900920406029454294008635748620425
EVODEX.1-Nm97,[H]-[#6:2](-[#6:1])(-[#6:3])-[#6:4](-[H])-[#6:5]>>[#6:1]-[#6:2](-[#6:3])=[#6:4]-[#6:5],"EVODEX.1-P135,EVODEX.1-P603,EVODEX.1-P604,EVODEX.1-P801,EVODEX.1-P802,EVODEX.1-P813,EVODEX.1-P821,EVODEX.1-P823,EVODEX.1-P828,EVODEX.1-P829",25274073999458364915836906665432779244588416327117790152752366997505208826011
EVODEX.1-Nm98,([#8:1]=[#6:2].[#6:5]=[#8:6]).[H]-[#6:13](-[#6:11])(-[#8:14]-[H])-[#6:15]>>[#6:11]-[#6:13](=[#8:14])-[#6:15].([H]-[#8:1]-[#6:2].[#6:5]-[#8:6]-[H]),"EVODEX.1-P147,EVODEX.1-P156,EVODEX.1-P158,EVODEX.1-P159,EVODEX.1-P160,EVODEX.1-P178,EVODEX.1-P179,EVODEX.1-P180,EVODEX.1-P181,EVODEX.1-P183",114348274891873912508466575795043265279575839632024368272156193147740214128870
EVODEX.1-Nm99,[H]-[#16:48]-[#6:47].[H]-[#8]-[#6:56](-[#6:55])=[#8:57]>>[#6:47]-[#16:48]-[#6:56](-[#6:55])=[#8:57],"EVODEX.1-P1583,EVODEX.1-P303,EVODEX.1-P6661,EVODEX.1-P6771,EVODEX.1-P6774,EVODEX.1-P6781,EVODEX.1-P6786,EVODEX.1-P6801,EVODEX.1-P6857,EVODEX.1-P6859",61187114831279063366420707981251428954378187888360961019009266533287281239249
EVODEX.1-Nm100,[#8]-[#15](=[#8])(-[#8])-[#8:19]-[#6:20]>>[H]-[#8:19]-[#6:20],"EVODEX.1-P1186,EVODEX.1-P305,EVODEX.1-P3235,EVODEX.1-P3236,EVODEX.1-P3286,EVODEX.1-P3417,EVODEX.1-P3544,EVODEX.1-P3669,EVODEX.1-P3671,EVODEX.1-P6909",115438207863139086857051653475225934188567522815339684675802356220386820025157
EVODEX.1-Nm101,[H]-[#6:5](-[#6:3])=[#8:6].[#8:8]=[#8:9].[H]-[#8:7]>>[#6:3]-[#6:5](=[#8:6])-[#8:7].[H]-[#8:8]-[#8:9]-[H],"EVODEX.1-P660,EVODEX.1-P662,EVODEX.1-P764,EVODEX.1-P766,EVODEX.1-P767,EVODEX.1-P770,EVODEX.1-P772,EVODEX.1-P774,EVODEX.1-P775,EVODEX.1-P777",41895592801026372432857799693202935485221142526284018584548284393697777370278
EVODEX.1-Nm102,[H]-[#6:6](-[#6:5])=[#8:7].[#8:15]=[#8:16]>>[H]-[#8]-[#6:6](-[#6:5])=[#8:7].[H]-[#8:15]-[#8:16]-[H],"EVODEX.1-P664,EVODEX.1-P763,EVODEX.1-P765,EVODEX.1-P768,EVODEX.1-P769,EVODEX.1-P771,EVODEX.1-P773,EVODEX.1-P776,EVODEX.1-P778,EVODEX.1-P789",78221270981934683963104023855502335254709394536706602008279834137400678831137
EVODEX.1-Nm103,[#6:53]-[#6:54](=[#8:55])-[#8:56].[#8:74]-[#15:75](=[#8:76])(-[#8:77])-[#8:78]-[#15:79]>>[H]-[#6:54](-[#6:53])=[#8:55].[#8:56]-[#15:75](-[#8:74])(=[#8:76])-[#8:77].[H]-[#8:78]-[#15:79],"EVODEX.1-P676,EVODEX.1-P710,EVODEX.1-P715,EVODEX.1-P717,EVODEX.1-P722,EVODEX.1-P723,EVODEX.1-P726,EVODEX.1-P727,EVODEX.1-P730,EVODEX.1-P759",45828399498337338375186270864702078139287544923758433955481541559949772991999
EVODEX.1-Nm104,[H]-[#6:5](-[#6:4])=[#8:6]>>[H]-[#8]-[#6:5](-[#6:4])=[#8:6],"EVODEX.1-P681,EVODEX.1-P683,EVODEX.1-P684,EVODEX.1-P690,EVODEX.1-P698,EVODEX.1-P699,EVODEX.1-P703,EVODEX.1-P746,EVODEX.1-P758,EVODEX.1-P780",64317071724587506873182351225496884598577263834697379356316965210718404713566
EVODEX.1-Nm105,[#6:53]-[#6:54](=[#8:55])-[#8:56].[#15]-[#8]-[#15:75](-[#8:74])(=[#8:76])-[#8:77]>>[H]-[#6:54](-[#6:53])=[#8:55].[#8:56]-[#15:75](-[#8:74])(=[#8:76])-[#8:77],"EVODEX.1-P707,EVODEX.1-P709,EVODEX.1-P711,EVODEX.1-P712,EVODEX.1-P714,EVODEX.1-P716,EVODEX.1-P721,EVODEX.1-P728,EVODEX.1-P732,EVODEX.1-P760",17392440872469615129676584744452161376670818179475249838159683034867208676088
EVODEX.1-Nm106,[H]-[#7](-[H])-[#6:2](-[H])(-[#6:1])-[#6:4].[H]-[#8:14]-[H]>>[#6:1]-[#6:2](-[#6:4])=[#8:14],"EVODEX.1-P1048,EVODEX.1-P875,EVODEX.1-P878,EVODEX.1-P886,EVODEX.1-P909,EVODEX.1-P924,EVODEX.1-P945,EVODEX.1-P948,EVODEX.1-P961,EVODEX.1-P965",56610265120891978125449166241942317667413355714296268957747264581684802218995
EVODEX.1-Nm107,[H]-[#7:1].[#8]=[#6:49](-[#6:47])-[#6:51]>>[H]-[#6:49](-[#7:1])(-[#6:47])-[#6:51],"EVODEX.1-P876,EVODEX.1-P877,EVODEX.1-P883,EVODEX.1-P884,EVODEX.1-P891,EVODEX.1-P896,EVODEX.1-P904,EVODEX.1-P908,EVODEX.1-P917,EVODEX.1-P923",74998885502983975250413606900932036264205380566640561968949467604501179358655
EVODEX.1-Nm108,[#6:3]-[#6:5](=[#8:6])-[#6:7]>>[H]-[#7](-[H])-[#6:5](-[H])(-[#6:3])-[#6:7].[H]-[#8:6]-[H],"EVODEX.1-P879,EVODEX.1-P890,EVODEX.1-P893,EVODEX.1-P900,EVODEX.1-P903,EVODEX.1-P905,EVODEX.1-P912,EVODEX.1-P915,EVODEX.1-P925,EVODEX.1-P985",8967548646424934428051846003246537471299361966100236836105069448282299912213
EVODEX.1-Nm109,[H]-[#7:1].[#6:8]-[#6:9](=[#8:10])-[#6:11]>>[H]-[#6:9](-[#7:1])(-[#6:8])-[#6:11].[H]-[#8:10]-[H],"EVODEX.1-P880,EVODEX.1-P881,EVODEX.1-P885,EVODEX.1-P892,EVODEX.1-P894,EVODEX.1-P898,EVODEX.1-P906,EVODEX.1-P916,EVODEX.1-P918,EVODEX.1-P922",1012267650030691393377281167284295743922917160222459783985514137315715957662
EVODEX.1-Nm110,[H]-[#6:2](-[#7:1])(-[#6:3])-[#6:14].[H]-[#8:17]-[H]>>[#6:2](-[#6:3])(-[#6:14])=[#8:17].[H]-[#7:1],"EVODEX.1-P1000,EVODEX.1-P1001,EVODEX.1-P1042,EVODEX.1-P882,EVODEX.1-P897,EVODEX.1-P901,EVODEX.1-P910,EVODEX.1-P946,EVODEX.1-P950,EVODEX.1-P980",107777633375756606886230723586606757689205340045251183622367039918256123629082
EVODEX.1-Nm111,[#8]=[#6:3](-[#6:2])-[#6:5].[H]-[#7:10]-[#6:9]>>[H]-[#6:3](-[#6:2])(-[#6:5])-[#7:10]-[#6:9],"EVODEX.1-P1109,EVODEX.1-P1112,EVODEX.1-P1114,EVODEX.1-P1115,EVODEX.1-P1122,EVODEX.1-P1124,EVODEX.1-P1127,EVODEX.1-P1129,EVODEX.1-P1131,EVODEX.1-P887",111140054519916532863727448577742863106563906835403418074425072550810245061744
EVODEX.1-Nm112,[#6]-[#6](-[H])(-[#6])-[#7:6]-[#6:7]>>[H]-[#7:6]-[#6:7],"EVODEX.1-P1117,EVODEX.1-P1120,EVODEX.1-P1135,EVODEX.1-P1136,EVODEX.1-P6519,EVODEX.1-P6521,EVODEX.1-P6523,EVODEX.1-P6524,EVODEX.1-P889,EVODEX.1-P929",111104023336350101707456289050910141458696290889690166178577337330769032655005
EVODEX.1-Nm113,[H]-[#6:2](-[#7:1])(-[#6:3])-[#6:9]>>[#8]=[#6:2](-[#6:3])-[#6:9].[H]-[#7:1],"EVODEX.1-P1046,EVODEX.1-P1049,EVODEX.1-P1052,EVODEX.1-P895,EVODEX.1-P899,EVODEX.1-P902,EVODEX.1-P907,EVODEX.1-P921,EVODEX.1-P966,EVODEX.1-P978",34970186056225571357205162217367424924610305993641652773521350690118387364421
EVODEX.1-Nm114,[#8]=[#6:6](-[#6:5])-[#6:8]>>[H]-[#7](-[H])-[#6:6](-[H])(-[#6:5])-[#6:8],"EVODEX.1-P1040,EVODEX.1-P2816,EVODEX.1-P2908,EVODEX.1-P3078,EVODEX.1-P3116,EVODEX.1-P3200,EVODEX.1-P3218,EVODEX.1-P3226,EVODEX.1-P911,EVODEX.1-P920",95299016422381659623223752326098262446546165253020848832520599289256645580855
EVODEX.1-Nm115,[H]-[#7](-[H])-[#6:8](-[H])(-[#6:7])-[#6:10]>>[#8]=[#6:8](-[#6:7])-[#6:10],"EVODEX.1-P2892,EVODEX.1-P2895,EVODEX.1-P2899,EVODEX.1-P3170,EVODEX.1-P913,EVODEX.1-P914,EVODEX.1-P919,EVODEX.1-P930,EVODEX.1-P957,EVODEX.1-P977",100701893034943040326171359777596364548507814087369831190169160109845625212178
EVODEX.1-Nm116,[H]-[#6:2](-[#6:1])(-[#7:3])-[#6:4].[#8:15]=[#8:16]>>[#8]=[#6:2](-[#6:1])-[#6:4].[H]-[#7:3].[H]-[#8:15]-[#8:16]-[H],"EVODEX.1-P1043,EVODEX.1-P1044,EVODEX.1-P1050,EVODEX.1-P927,EVODEX.1-P942,EVODEX.1-P949,EVODEX.1-P954,EVODEX.1-P962,EVODEX.1-P967,EVODEX.1-P968",37003222505059725968359297921807727048597752804488440053359878904568093617536
EVODEX.1-Nm117,[H]-[#7](-[H])-[#6:2](-[H])(-[#6:1])-[#6:4].[#8:12]=[#8:13]>>[#8]=[#6:2](-[#6:1])-[#6:4].[H]-[#8:12]-[#8:13]-[H],"EVODEX.1-P1002,EVODEX.1-P1003,EVODEX.1-P928,EVODEX.1-P944,EVODEX.1-P951,EVODEX.1-P956,EVODEX.1-P963,EVODEX.1-P970,EVODEX.1-P979,EVODEX.1-P998",110571567206159679107481665464947082879765384752960263955429810834112036078360
EVODEX.1-Nm118,[H]-[#6:2](-[#7:1])(-[#6:3])-[#6:9].[#8:17]=[#8:18].[H]-[#8:16]-[H]>>[#6:2](-[#6:3])(-[#6:9])=[#8:16].[H]-[#7:1].[H]-[#8:17]-[#8:18]-[H],"EVODEX.1-P1047,EVODEX.1-P1051,EVODEX.1-P940,EVODEX.1-P952,EVODEX.1-P955,EVODEX.1-P960,EVODEX.1-P964,EVODEX.1-P981,EVODEX.1-P991,EVODEX.1-P999",4773910254971010946673300577611087344923316213706046592854876397865871100665
EVODEX.1-Nm119,[H]-[#7](-[H])-[#6:2](-[H])(-[#6:3])-[#6:6].[#8:14]=[#8:15].[H]-[#8:13]-[H]>>[#6:2](-[#6:3])(-[#6:6])=[#8:13].[H]-[#8:14]-[#8:15]-[H],"EVODEX.1-P1045,EVODEX.1-P941,EVODEX.1-P943,EVODEX.1-P947,EVODEX.1-P953,EVODEX.1-P958,EVODEX.1-P959,EVODEX.1-P969,EVODEX.1-P971,EVODEX.1-P997",15719924146341896736387408729338655870016408849288231538942520732591503578762
EVODEX.1-Nm120,[H]-[#7:49]-[#6:50].[#6:59]-[#6:61](=[#8:62])-[#6:63]>>[H]-[#6:61](-[#7:49]-[#6:50])(-[#6:59])-[#6:63].[H]-[#8:62]-[H],"EVODEX.1-P1108,EVODEX.1-P1110,EVODEX.1-P1111,EVODEX.1-P1113,EVODEX.1-P1125,EVODEX.1-P1128,EVODEX.1-P1132,EVODEX.1-P1133,EVODEX.1-P1137,EVODEX.1-P1139",71168990163789633836909144837576127575815229843950343336330005994836493981978
EVODEX.1-Nm121,[H]-[#7:1]-[#6:2]>>[#6]-[#6](-[H])(-[#6])-[#7:1]-[#6:2],"EVODEX.1-P1123,EVODEX.1-P1126,EVODEX.1-P1134,EVODEX.1-P1138,EVODEX.1-P2122,EVODEX.1-P6497,EVODEX.1-P6518,EVODEX.1-P6520,EVODEX.1-P6522,EVODEX.1-P6525",50272096615462715321006703023642118717625086662394560449990113743448696437665
EVODEX.1-Nm122,[#6:1]-[#16:2](-[#6:3])-[#6:10].[H]-[#16:31]-[#6:30]>>[#6:1]-[#16:31]-[#6:30].[#16:2](-[#6:3])-[#6:10],"EVODEX.1-P1297,EVODEX.1-P1299,EVODEX.1-P1300,EVODEX.1-P1301,EVODEX.1-P1302,EVODEX.1-P1304,EVODEX.1-P1312,EVODEX.1-P1313,EVODEX.1-P1314,EVODEX.1-P1318",34859213610842768896794385513711237644286909078051926490057465734449697066296
EVODEX.1-Nm123,[#6]-[#6](-[H])(-[#8])-[#6:5](-[#6:4])-[#8:6]-[H]>>[#6:4]-[#6:5]=[#8:6],"EVODEX.1-P1388,EVODEX.1-P6256,EVODEX.1-P6260,EVODEX.1-P6263,EVODEX.1-P6267,EVODEX.1-P6271,EVODEX.1-P6273,EVODEX.1-P6274,EVODEX.1-P6276,EVODEX.1-P6279",50336439934105523411885162455054040506478862494168219239101239523811087118109
EVODEX.1-Nm124,[H]-[#6](=[#8])-[#7:4]-[#6:5]>>[H]-[#7:4]-[#6:5],"EVODEX.1-P1410,EVODEX.1-P5547,EVODEX.1-P5798,EVODEX.1-P5801,EVODEX.1-P5804,EVODEX.1-P5811,EVODEX.1-P5814,EVODEX.1-P5817,EVODEX.1-P5818,EVODEX.1-P5823",71001838660248728575302097503548394209770822019330831117001914000766830066889
EVODEX.1-Nm125,[H]-[#16:48]-[#6:47].[#6:65]-[#6:66](=[#8:67])-[#8:68]-[#6:69]>>[#6:47]-[#16:48]-[#6:66](-[#6:65])=[#8:67].[H]-[#8:68]-[#6:69],"EVODEX.1-P1413,EVODEX.1-P1417,EVODEX.1-P1468,EVODEX.1-P1471,EVODEX.1-P1472,EVODEX.1-P1481,EVODEX.1-P1513,EVODEX.1-P1517,EVODEX.1-P1529,EVODEX.1-P1806",28816350093112560108574559139103890999982564708145126807608043795022211623531
EVODEX.1-Nm126,[#6:1]-[#6:2](=[#8:3])-[#8:4]-[#6:5]>>[#6]-[#16]-[#6:2](-[#6:1])=[#8:3].[H]-[#8:4]-[#6:5],"EVODEX.1-P1414,EVODEX.1-P1457,EVODEX.1-P1473,EVODEX.1-P1480,EVODEX.1-P1482,EVODEX.1-P1498,EVODEX.1-P1530,EVODEX.1-P1696,EVODEX.1-P1726,EVODEX.1-P1826",113413693094370572858181095679182494882274486183711650430000156134886845937565
EVODEX.1-Nm127,[#6:51]-[#8:52]-[#6:53](=[#8:54])-[#6:55]>>[#6]-[#8]-[#6:53](=[#8:54])-[#6:55].[H]-[#8:52]-[#6:51],"EVODEX.1-P1484,EVODEX.1-P1485,EVODEX.1-P1489,EVODEX.1-P1492,EVODEX.1-P1495,EVODEX.1-P1750,EVODEX.1-P1752,EVODEX.1-P1754,EVODEX.1-P2057,EVODEX.1-P2058",48573073058158427873729297292308036425528112133051999753649466561973934837458
EVODEX.1-Nm128,[#6:2]-[#8:3]-[#6:4](=[#8:5])-[#6:6].[H]-[#8:9]-[#6:10]>>[#6:4](=[#8:5])(-[#6:6])-[#8:9]-[#6:10].[H]-[#8:3]-[#6:2],"EVODEX.1-P1486,EVODEX.1-P1490,EVODEX.1-P1753,EVODEX.1-P2094,EVODEX.1-P2099,EVODEX.1-P4025,EVODEX.1-P4112,EVODEX.1-P4127,EVODEX.1-P4128,EVODEX.1-P4131",74735904478629812561619875820362618595106264743474118485661306633200377805342
EVODEX.1-Nm129,[#6]-[#8]-[#6:4](=[#8:5])-[#6:6].[H]-[#8:15]-[#6:16]>>[#6:4](=[#8:5])(-[#6:6])-[#8:15]-[#6:16],"EVODEX.1-P2092,EVODEX.1-P2095,EVODEX.1-P2097,EVODEX.1-P2100,EVODEX.1-P2101,EVODEX.1-P3998,EVODEX.1-P4011,EVODEX.1-P4024,EVODEX.1-P4080,EVODEX.1-P4132",95936428437315811283835740822519533829396420539289136550387224527601343164023
EVODEX.1-Nm130,[#6:22]-[#6:23](=[#8:24])-[#7:25]-[#6:26].[H]-[#7:85]-[#6:86]>>[#6:22]-[#6:23](=[#8:24])-[#7:85]-[#6:86].[H]-[#7:25]-[#6:26],"EVODEX.1-P2127,EVODEX.1-P2130,EVODEX.1-P2131,EVODEX.1-P2132,EVODEX.1-P2133,EVODEX.1-P2136,EVODEX.1-P2142,EVODEX.1-P2144,EVODEX.1-P5274,EVODEX.1-P5275",108694099494440367105309675947649203919319000321223254819966749612456065112386
EVODEX.1-Nm131,[H]-[#8:63]-[#6:62]>>[#6]-[#6](-[#8:63]-[#6:62])(-[#8])-[#6],"EVODEX.1-P2239,EVODEX.1-P2289,EVODEX.1-P2290,EVODEX.1-P2292,EVODEX.1-P2493,EVODEX.1-P2520,EVODEX.1-P2522,EVODEX.1-P2523,EVODEX.1-P2526,EVODEX.1-P2529",52731304453128230593785683336750024209711543441153665245300530367213790717211
EVODEX.1-Nm132,[#15]-[#8]-[#6:6](-[#6:5])-[#8:32].[H]-[#8:42]-[#15:41]>>[#6:5]-[#6:6](-[#8:42]-[#15:41])-[#8:32],"EVODEX.1-P2254,EVODEX.1-P2258,EVODEX.1-P2287,EVODEX.1-P2454,EVODEX.1-P2489,EVODEX.1-P2490,EVODEX.1-P2492,EVODEX.1-P2506,EVODEX.1-P3631,EVODEX.1-P3647",103580574918169765902154952404498087891940861774179953539335037692747567528995
EVODEX.1-Nm133,[H]-[#8:33]-[#15:31].[#15:2]-[#8:5]-[#6:6](-[#8:7])-[#6:15]>>[#6:6](-[#8:33]-[#15:31])(-[#8:7])-[#6:15].[H]-[#8:5]-[#15:2],"EVODEX.1-P2256,EVODEX.1-P2260,EVODEX.1-P2453,EVODEX.1-P2455,EVODEX.1-P2456,EVODEX.1-P2507,EVODEX.1-P3646,EVODEX.1-P3648,EVODEX.1-P3685,EVODEX.1-P3686",1162437699081540756876013428756605730409266504490822140922062273894478204450
EVODEX.1-Nm134,[#6]-[#8]-[#6:9](-[#8:10])-[#6:18].[H]-[#8:34]-[#6:33]>>[#6:9](-[#8:34]-[#6:33])(-[#8:10])-[#6:18],"EVODEX.1-P2390,EVODEX.1-P2391,EVODEX.1-P2406,EVODEX.1-P2408,EVODEX.1-P2410,EVODEX.1-P2449,EVODEX.1-P2451,EVODEX.1-P2460,EVODEX.1-P2463,EVODEX.1-P2468",50980174336840582971057386621115847444762784774691909132208296376182542093500
EVODEX.1-Nm135,[H]-[#7:19]-[#6:20]>>[#6]-[#6](-[H])(-[H])-[#7:19]-[#6:20],"EVODEX.1-P2543,EVODEX.1-P2544,EVODEX.1-P2546,EVODEX.1-P2548,EVODEX.1-P2574,EVODEX.1-P2584,EVODEX.1-P2585,EVODEX.1-P2586,EVODEX.1-P2587,EVODEX.1-P2588",109974587230728401146759450921276714992248761601763837836426928364975275727187
EVODEX.1-Nm136,[H]-[#8:17]-[#6:16]>>[#6]-[#6](-[H])(-[H])-[#8:17]-[#6:16],"EVODEX.1-P2552,EVODEX.1-P2554,EVODEX.1-P2557,EVODEX.1-P2559,EVODEX.1-P2560,EVODEX.1-P2606,EVODEX.1-P2623,EVODEX.1-P2653,EVODEX.1-P2654,EVODEX.1-P2656",66792321704501684591644924191996649708007672292113186123529465778614969369615
EVODEX.1-Nm137,[#15]-[#8]-[#6:12]-[#6:11].[H]-[#8:37]>>[#6:11]-[#6:12]-[#8:37],"EVODEX.1-P2582,EVODEX.1-P4176,EVODEX.1-P4197,EVODEX.1-P4204,EVODEX.1-P4214,EVODEX.1-P4215,EVODEX.1-P4218,EVODEX.1-P4225,EVODEX.1-P4292,EVODEX.1-P4293",47226151763312052893178717155252927860560922069577889294575843136440041590759
EVODEX.1-Nm138,[#8:11]=[#6:12]-[#6:13]>>[#6]-[#6](-[#6])=[#8:11].[H]-[#7](-[H])-[#6:12](-[H])-[#6:13],"EVODEX.1-P2820,EVODEX.1-P2836,EVODEX.1-P2838,EVODEX.1-P2841,EVODEX.1-P2843,EVODEX.1-P2853,EVODEX.1-P2914,EVODEX.1-P2940,EVODEX.1-P3104,EVODEX.1-P3118",96699011225862488650924839588247759259428417793676483443190990120642002735715
EVODEX.1-Nm139,[#6]-[#6](-[H])(-[#6])-[#7:3].[#8]=[#6:19]-[#6:18]>>[H]-[#6:19](-[#7:3])-[#6:18],"EVODEX.1-P2821,EVODEX.1-P2840,EVODEX.1-P2842,EVODEX.1-P2852,EVODEX.1-P2912,EVODEX.1-P2939,EVODEX.1-P2983,EVODEX.1-P2989,EVODEX.1-P3002,EVODEX.1-P6059",3395215554816658971330986070960740594563163673166866043341474737584417490263
EVODEX.1-Nm140,[H]-[#6:2](-[#7:1])(-[#6:3])-[#6:10].[#8:13]=[#6:14]-[#6:15]>>[#6:2](-[#6:3])(-[#6:10])=[#8:13].[H]-[#6:14](-[#7:1])-[#6:15],"EVODEX.1-P2822,EVODEX.1-P2844,EVODEX.1-P2982,EVODEX.1-P2984,EVODEX.1-P2986,EVODEX.1-P3086,EVODEX.1-P3087,EVODEX.1-P3090,EVODEX.1-P3091,EVODEX.1-P3099",45790336241385704016193330649205721202727758122516843440828110179460106049726
EVODEX.1-Nm141,[H]-[#6:8](-[#7:7])-[#6:9]>>[#6]-[#6](-[H])(-[#6])-[#7:7].[#8]=[#6:8]-[#6:9],"EVODEX.1-P2823,EVODEX.1-P2824,EVODEX.1-P2832,EVODEX.1-P2834,EVODEX.1-P2837,EVODEX.1-P2851,EVODEX.1-P2856,EVODEX.1-P2988,EVODEX.1-P2997,EVODEX.1-P3004",13153335719130791102509678999690194658459094918968754004847606892540002802783
EVODEX.1-Nm142,[H]-[#7](-[H])-[#6:13](-[H])-[#6:12].[#6]-[#6](-[#6])=[#8:23]>>[#6:12]-[#6:13]=[#8:23],"EVODEX.1-P2831,EVODEX.1-P2835,EVODEX.1-P2854,EVODEX.1-P2915,EVODEX.1-P2917,EVODEX.1-P2981,EVODEX.1-P2987,EVODEX.1-P3003,EVODEX.1-P3103,EVODEX.1-P3117",102816976059816246148771000622670539435073765457929068121634730514110001881554
EVODEX.1-Nm143,[H]-[#8:18]-[#15:16].[#8:28]=[#16:29](=[#8:30])(-[#8:31])-[#8:32]-[#6:33]>>[#15:16]-[#8:18]-[#16:29](=[#8:28])(=[#8:30])-[#8:31].[H]-[#8:32]-[#6:33],"EVODEX.1-P3730,EVODEX.1-P3734,EVODEX.1-P3738,EVODEX.1-P3743,EVODEX.1-P3745,EVODEX.1-P3747,EVODEX.1-P3751,EVODEX.1-P3776,EVODEX.1-P3778,EVODEX.1-P3780",96006391921261370854913521749894111766231966879973910539481267881497021056800
EVODEX.1-Nm144,[H]-[#8]-[#6:57](-[#6:56])=[#8:58]>>[#6]-[#16]-[#6:57](-[#6:56])=[#8:58],"EVODEX.1-P3787,EVODEX.1-P3793,EVODEX.1-P3821,EVODEX.1-P3822,EVODEX.1-P3826,EVODEX.1-P6658,EVODEX.1-P6795,EVODEX.1-P6796,EVODEX.1-P6804,EVODEX.1-P6811",106551576821509657620313913627071556192626283262568366372289299568912078112300
EVODEX.1-Nm145,[#6]-[#6](=[#8])-[#16:7]-[#6:8].[H]-[#8]-[#6:56](=[#8:55])-[#6:58]>>[#16:7](-[#6:8])-[#6:56](=[#8:55])-[#6:58],"EVODEX.1-P3794,EVODEX.1-P3797,EVODEX.1-P3798,EVODEX.1-P3816,EVODEX.1-P3818,EVODEX.1-P3825,EVODEX.1-P3827,EVODEX.1-P3831,EVODEX.1-P3843,EVODEX.1-P3847",73611617242945829956590663165009139438264536893286097335625833432030713923457
EVODEX.1-Nm146,[#8:55]=[#6:56](-[#8:57])-[#6:58]>>[#6]-[#6](=[#8])-[#8:57].[#6]-[#16]-[#6:56](=[#8:55])-[#6:58],"EVODEX.1-P3795,EVODEX.1-P3796,EVODEX.1-P3799,EVODEX.1-P3808,EVODEX.1-P3809,EVODEX.1-P3817,EVODEX.1-P3834,EVODEX.1-P3835,EVODEX.1-P3841,EVODEX.1-P3848",67819354829147251937422798522751574780116044996159721849251102997931880309984
EVODEX.1-Nm147,[#6:18]-[#6:19]-[#8:20]-[#6:21]>>[H]-[#8]-[#6:19]-[#6:18].[H]-[#8:20]-[#6:21],"EVODEX.1-P3870,EVODEX.1-P3913,EVODEX.1-P3934,EVODEX.1-P4155,EVODEX.1-P4309,EVODEX.1-P4369,EVODEX.1-P4431,EVODEX.1-P4435,EVODEX.1-P4468,EVODEX.1-P4490",73128767462434426843029015860315686841693219342026889858699680113062791681432
EVODEX.1-Nm148,[#6:17]-[#6:19](=[#8:20])-[#8:21]-[#6:22]>>[H]-[#8]-[#6:19](-[#6:17])=[#8:20].[H]-[#8:21]-[#6:22],"EVODEX.1-P3876,EVODEX.1-P3914,EVODEX.1-P3992,EVODEX.1-P4004,EVODEX.1-P4033,EVODEX.1-P4057,EVODEX.1-P4108,EVODEX.1-P4116,EVODEX.1-P4121,EVODEX.1-P4883",58926703447563570620061036046056933448649626417393200590084045640133301358704
EVODEX.1-Nm149,[#6:2]-[#6:3](=[#8:4])-[#8:5]-[#6:6].[H]-[#8:8]>>[#6:2]-[#6:3](=[#8:4])-[#8:8].[H]-[#8:5]-[#6:6],"EVODEX.1-P3945,EVODEX.1-P3949,EVODEX.1-P3954,EVODEX.1-P3999,EVODEX.1-P4017,EVODEX.1-P4103,EVODEX.1-P4105,EVODEX.1-P4912,EVODEX.1-P5199,EVODEX.1-P5674",43555759888092717344097781114106698625107880611753202370306886005968760623243
EVODEX.1-Nm150,[#6:27]-[#6:36](-[#6:34])-[#8:37]-[#6:38]>>[H]-[#8]-[#6:36](-[#6:27])-[#6:34].[H]-[#8:37]-[#6:38],"EVODEX.1-P3990,EVODEX.1-P4092,EVODEX.1-P4303,EVODEX.1-P4305,EVODEX.1-P4332,EVODEX.1-P4391,EVODEX.1-P4410,EVODEX.1-P4443,EVODEX.1-P4453,EVODEX.1-P4463",98108507248955118158392770131140308880295329377270328985347600695925210639611
EVODEX.1-Nm151,[#6:1]-[#6:2]-[#8:3]-[#6:4].[H]-[#8:13]>>[#6:1]-[#6:2]-[#8:13].[H]-[#8:3]-[#6:4],"EVODEX.1-P3993,EVODEX.1-P4081,EVODEX.1-P4368,EVODEX.1-P4408,EVODEX.1-P4434,EVODEX.1-P4439,EVODEX.1-P4491,EVODEX.1-P4503,EVODEX.1-P5228,EVODEX.1-P5495",10418584620863360672938899287298944322278321361671099657765362851620578198242
EVODEX.1-Nm152,[#6:1]-[#8:2]-[#6:3](=[#8:4])-[#6:5].[H]-[#7:12]-[#6:13]>>[#6:3](=[#8:4])(-[#6:5])-[#7:12]-[#6:13].[H]-[#8:2]-[#6:1],"EVODEX.1-P4061,EVODEX.1-P4704,EVODEX.1-P4716,EVODEX.1-P4724,EVODEX.1-P4727,EVODEX.1-P5024,EVODEX.1-P5025,EVODEX.1-P5029,EVODEX.1-P5215,EVODEX.1-P5469",111257350491026975865272491738767756949503700808040114345546150344175476055507
EVODEX.1-Nm153,[#6:5]-[#6:8](-[#8:9]-[#6:10])-[#6:20].[H]-[#8:24]>>[#6:5]-[#6:8](-[#8:24])-[#6:20].[H]-[#8:9]-[#6:10],"EVODEX.1-P4066,EVODEX.1-P4134,EVODEX.1-P4306,EVODEX.1-P4307,EVODEX.1-P4324,EVODEX.1-P4328,EVODEX.1-P4335,EVODEX.1-P4444,EVODEX.1-P4464,EVODEX.1-P4486",37471651952871413234831072750174588934566143904740260046440465626583122575177
EVODEX.1-Nm154,[#15:4]-[#8:6]-[#6:7]-[#6:8]>>[H]-[#8]-[#6:7]-[#6:8].[H]-[#8:6]-[#15:4],"EVODEX.1-P4174,EVODEX.1-P4208,EVODEX.1-P4211,EVODEX.1-P4221,EVODEX.1-P4234,EVODEX.1-P4241,EVODEX.1-P4243,EVODEX.1-P4245,EVODEX.1-P4294,EVODEX.1-P4296",80721483703097410956767529444472631986038381184920811505238182809717394570389
EVODEX.1-Nm155,[#6:8]-[#6:9]-[#8:10]-[#15:11].[H]-[#8:26]>>[#6:8]-[#6:9]-[#8:26].[H]-[#8:10]-[#15:11],"EVODEX.1-P4177,EVODEX.1-P4182,EVODEX.1-P4212,EVODEX.1-P4219,EVODEX.1-P4226,EVODEX.1-P4239,EVODEX.1-P4240,EVODEX.1-P4242,EVODEX.1-P4244,EVODEX.1-P6020",94102753811404742242034737254466012266609872025769284841140925768621914789029
EVODEX.1-Nm156,[#8:15]-[#15:16](=[#8:17])(-[#8:18])-[#8:19]-[#15:20]>>[H]-[#8:19]-[#15:20].[H]-[#8]-[#15:16](-[#8:15])(=[#8:17])-[#8:18],"EVODEX.1-P4188,EVODEX.1-P4192,EVODEX.1-P4196,EVODEX.1-P4237,EVODEX.1-P5969,EVODEX.1-P5972,EVODEX.1-P6000,EVODEX.1-P6015,EVODEX.1-P6019,EVODEX.1-P6021",19183628215600955497009004474904922783713185771481922350468201923748326965079
EVODEX.1-Nm157,[#8:15]-[#15:16](=[#8:17])(-[#8:18])-[#8:19]-[#15:20].[H]-[#8:1]>>[H]-[#8:19]-[#15:20].[#8:1]-[#15:16](-[#8:15])(=[#8:17])-[#8:18],"EVODEX.1-P4236,EVODEX.1-P4238,EVODEX.1-P5968,EVODEX.1-P5970,EVODEX.1-P5974,EVODEX.1-P5975,EVODEX.1-P5976,EVODEX.1-P5980,EVODEX.1-P5982,EVODEX.1-P6014",34005098021200576131758782359335971481908552404506598752431271171169592939225
EVODEX.1-Nm158,[#6]-[#8]-[#6:13](-[#6:11])-[#8:27].[H]-[#8:39]>>[#6:11]-[#6:13](-[#8:39])-[#8:27],"EVODEX.1-P4315,EVODEX.1-P4321,EVODEX.1-P4333,EVODEX.1-P4346,EVODEX.1-P4347,EVODEX.1-P4405,EVODEX.1-P4426,EVODEX.1-P4450,EVODEX.1-P4496,EVODEX.1-P4497",40000054508839604490126101718317594691755085385311027029043865603197595892687
EVODEX.1-Nm159,[#6:5]-[#6:6]1-[#8:7]-[#6:8]-1>>[H]-[#8]-[#6:6](-[#6:5])-[#6:8]-[#8:7]-[H],"EVODEX.1-P4551,EVODEX.1-P4552,EVODEX.1-P4556,EVODEX.1-P4558,EVODEX.1-P4562,EVODEX.1-P4565,EVODEX.1-P4566,EVODEX.1-P4567,EVODEX.1-P4568,EVODEX.1-P4572",517956236059779895160731075647025867875002335303180136118752797657386641177
EVODEX.1-Nm160,[#6:5]-[#6:6]1-[#8:7]-[#6:8]-1.[H]-[#8:18]>>[H]-[#8:7]-[#6:8]-[#6:6](-[#6:5])-[#8:18],"EVODEX.1-P4553,EVODEX.1-P4554,EVODEX.1-P4555,EVODEX.1-P4557,EVODEX.1-P4561,EVODEX.1-P4563,EVODEX.1-P4564,EVODEX.1-P4569,EVODEX.1-P4570,EVODEX.1-P4571",97652316823993632201705198568306657410797437532771271365556780637348022051816
EVODEX.1-Nm161,[#6]-[#6](=[#8])-[#7:5](-[#6:6])-[#6:9]>>[H]-[#7:5](-[#6:6])-[#6:9],"EVODEX.1-P4682,EVODEX.1-P4683,EVODEX.1-P4691,EVODEX.1-P4749,EVODEX.1-P4769,EVODEX.1-P4772,EVODEX.1-P4774,EVODEX.1-P4775,EVODEX.1-P4801,EVODEX.1-P4805",24513436410889137887090387029707281622359117379747932690088556055697113150517
EVODEX.1-Nm162,[#8]-[#6](=[#8])-[#7:6]-[#6:5]>>[H]-[#7:6]-[#6:5],"EVODEX.1-P4919,EVODEX.1-P5518,EVODEX.1-P5524,EVODEX.1-P5560,EVODEX.1-P5714,EVODEX.1-P5750,EVODEX.1-P5756,EVODEX.1-P5757,EVODEX.1-P5763,EVODEX.1-P5767",106378525242195007495779706249222339922357707130898119542255011060414320084049
EVODEX.1-Nm163,[#6:5]-[#7:6]-[#6:7]=[#8:8]>>[H]-[#7:6]-[#6:5].[H]-[#8]-[#6:7]=[#8:8],"EVODEX.1-P5621,EVODEX.1-P5797,EVODEX.1-P5799,EVODEX.1-P5802,EVODEX.1-P5809,EVODEX.1-P5812,EVODEX.1-P5813,EVODEX.1-P5819,EVODEX.1-P5821,EVODEX.1-P5822",26303382144454411832411196485377822573115443459992478955926781137775093901496
EVODEX.1-Nm164,[#6:6]-[#7:14]-[#6:15]=[#8:16].[H]-[#8:26]>>[H]-[#7:14]-[#6:6].[#6:15](=[#8:16])-[#8:26],"EVODEX.1-P5800,EVODEX.1-P5803,EVODEX.1-P5805,EVODEX.1-P5806,EVODEX.1-P5807,EVODEX.1-P5808,EVODEX.1-P5810,EVODEX.1-P5815,EVODEX.1-P5816,EVODEX.1-P5820",92624234963485899914117476444260784585286422140687554646815984777584252264169
EVODEX.1-Nm165,[#6]-[#6](-[H])(-[H])-[#6:10](-[#6:9])=[#8:11].[H]-[#8:18]>>[#6:9]-[#6:10](=[#8:11])-[#8:18],"EVODEX.1-P6038,EVODEX.1-P6040,EVODEX.1-P6044,EVODEX.1-P6047,EVODEX.1-P6054,EVODEX.1-P6058,EVODEX.1-P6060,EVODEX.1-P6061,EVODEX.1-P6063,EVODEX.1-P6067",12963969659695167008271094815320410203024294367235644327629772875319229992078
EVODEX.1-Nm166,[#6]-[#6](-[H])(-[H])-[#6:9](-[#6:8])=[#8:10]>>[H]-[#8]-[#6:9](-[#6:8])=[#8:10],"EVODEX.1-P6039,EVODEX.1-P6041,EVODEX.1-P6042,EVODEX.1-P6043,EVODEX.1-P6045,EVODEX.1-P6055,EVODEX.1-P6057,EVODEX.1-P6062,EVODEX.1-P6066,EVODEX.1-P6069",22609115648533933396731064931209960633419051710341741904191909390556183127383
EVODEX.1-Nm167,[#6:11]-[#6:12]=[#6:13]-[#6:14].[H]-[#8:64]>>[H]-[#6:13](-[#6:12](-[#6:11])-[#8:64])-[#6:14],"EVODEX.1-P6372,EVODEX.1-P6402,EVODEX.1-P6407,EVODEX.1-P6412,EVODEX.1-P6428,EVODEX.1-P6439,EVODEX.1-P6441,EVODEX.1-P6445,EVODEX.1-P6446,EVODEX.1-P6459",855078534898543949945372333050469459791149699395508616564733686473139380490
EVODEX.1-Nm168,[#6:4]-[#6:5]=[#6:6]-[#6:7]>>[H]-[#8]-[#6:6](-[#6:5](-[H])-[#6:4])-[#6:7],"EVODEX.1-P6397,EVODEX.1-P6403,EVODEX.1-P6404,EVODEX.1-P6406,EVODEX.1-P6408,EVODEX.1-P6413,EVODEX.1-P6440,EVODEX.1-P6447,EVODEX.1-P6450,EVODEX.1-P6452",60078718591658993092498170562795649089877969816712606623602171693641824210645
EVODEX.1-Nm169,[H]-[#8]-[#6:6](-[#6:5](-[H])-[#6:4])-[#6:8]>>[#6:4]-[#6:5]=[#6:6]-[#6:8],"EVODEX.1-P6398,EVODEX.1-P6409,EVODEX.1-P6411,EVODEX.1-P6414,EVODEX.1-P6424,EVODEX.1-P6433,EVODEX.1-P6443,EVODEX.1-P6449,EVODEX.1-P6451,EVODEX.1-P6453",87329208986555868891291970276896349295036737708063726516730604786776324179064
EVODEX.1-Nm170,[#6]-[#16]-[#6:7](-[#6:6])=[#8:8].[H]-[#8:86]-[#15:85]>>[H]-[#8]-[#6:7](-[#6:6])=[#8:8].[#8]-[#15](=[#8])(-[#8])-[#8:86]-[#15:85],"EVODEX.1-P6623,EVODEX.1-P6627,EVODEX.1-P6639,EVODEX.1-P6654,EVODEX.1-P6669,EVODEX.1-P6721,EVODEX.1-P6727,EVODEX.1-P6735,EVODEX.1-P6749,EVODEX.1-P6758",60334516157744706252716961600907307184998341575920922589031956527579419485149
EVODEX.1-Nm171,[#6]-[#16]-[#6:49](=[#8:50])-[#6:51].[#8]-[#15](=[#8])(-[#8])-[#8:78]>>[#6:49](=[#8:50])(-[#6:51])-[#8:78],"EVODEX.1-P6624,EVODEX.1-P6628,EVODEX.1-P6634,EVODEX.1-P6640,EVODEX.1-P6655,EVODEX.1-P6736,EVODEX.1-P6754,EVODEX.1-P6760,EVODEX.1-P6865,EVODEX.1-P6866",56842376328169006825492124534443213686867992409782952335803424163014079466308
EVODEX.1-Nm172,[#6:47]-[#16:48]-[#6:49](=[#8:50])-[#6:51].[#8:72]-[#15:73](=[#8:74])(-[#8:75])-[#8:76]>>[#6:49](=[#8:50])(-[#6:51])-[#8:75].[H]-[#16:48]-[#6:47].[#15]-[#8]-[#15:73](-[#8:72])(=[#8:74])-[#8:76],"EVODEX.1-P6625,EVODEX.1-P6629,EVODEX.1-P6630,EVODEX.1-P6647,EVODEX.1-P6656,EVODEX.1-P6733,EVODEX.1-P6737,EVODEX.1-P6744,EVODEX.1-P6766,EVODEX.1-P6836",5658523595278577125878378905836383341335029823427923675766156801969299152383
EVODEX.1-Nm173,[#6]-[#16]-[#6:49](=[#8:50])-[#6:51].[#8:80]-[#15:81](=[#8:82])(-[#8:83])-[#8:84]>>[#6:49](=[#8:50])(-[#6:51])-[#8:83].[#15]-[#8]-[#15:81](-[#8:80])(=[#8:82])-[#8:84],"EVODEX.1-P6631,EVODEX.1-P6648,EVODEX.1-P6663,EVODEX.1-P6666,EVODEX.1-P6722,EVODEX.1-P6740,EVODEX.1-P6837,EVODEX.1-P6849,EVODEX.1-P6851,EVODEX.1-P6877",36500280743092407128112557914866580981334726880255405164101477535546713694998
EVODEX.1-Nm174,[#6:4]-[#6:5](=[#8:6])-[#16:7]-[#6:8].[#8]-[#15](=[#8])(-[#8])-[#8:76]>>[#6:4]-[#6:5](=[#8:6])-[#8:76].[H]-[#16:7]-[#6:8],"EVODEX.1-P6632,EVODEX.1-P6637,EVODEX.1-P6657,EVODEX.1-P6662,EVODEX.1-P6665,EVODEX.1-P6738,EVODEX.1-P6747,EVODEX.1-P6750,EVODEX.1-P6761,EVODEX.1-P6767",13740291273846732377784014973007142064279836337201813701672890755378146485272
EVODEX.1-Nm175,[#6:47]-[#16:48]-[#6:49](=[#8:50])-[#6:51].[H]-[#8:86]-[#15:85]>>[H]-[#8]-[#6:49](=[#8:50])-[#6:51].[H]-[#16:48]-[#6:47].[#8]-[#15](=[#8])(-[#8])-[#8:86]-[#15:85],"EVODEX.1-P6636,EVODEX.1-P6643,EVODEX.1-P6653,EVODEX.1-P6664,EVODEX.1-P6667,EVODEX.1-P6720,EVODEX.1-P6726,EVODEX.1-P6753,EVODEX.1-P6757,EVODEX.1-P6872",76573270661987472644311131469736531233433880066286329616455961972420708106924
EVODEX.1-Nm176,[#6]-[#16]-[#6:4](-[#6:2])=[#8:5]>>[H]-[#8]-[#6:4](-[#6:2])=[#8:5],"EVODEX.1-P1584,EVODEX.1-P1585,EVODEX.1-P3791,EVODEX.1-P3811,EVODEX.1-P3844,EVODEX.1-P3845,EVODEX.1-P4164,EVODEX.1-P4167,EVODEX.1-P6660",11347561988076575979657624492328295988941857518393441229435766218028173595684
EVODEX.1-Nm177,[H]-[#7:28]-[#6:29]>>[H]-[#6](-[H])(-[H])-[#7:28]-[#6:29],"EVODEX.1-P1226,EVODEX.1-P1239,EVODEX.1-P1266,EVODEX.1-P1268,EVODEX.1-P1273,EVODEX.1-P1275",52388629212964965899993289881185451737033166719599349151689516318693881719078
EVODEX.1-Nm178,[H]-[#6:26](-[#8:27]-[H])(-[#6:25])-[#6:28].[#6:8]-[#6:10](=[#8:11])-[#6:12]>>[#6:25]-[#6:26](=[#8:27])-[#6:28].[H]-[#6:10](-[#6:8])(-[#8:11]-[H])-[#6:12],"EVODEX.1-P17,EVODEX.1-P185,EVODEX.1-P186,EVODEX.1-P187,EVODEX.1-P188",84229690139259701568700869331172078698699424247420655719817886625124739500292
EVODEX.1-Nm179,[H]-[#6:50](-[#8:51]-[H])(-[#6:48])-[#8:52]>>[#6:48]-[#6:50](=[#8:51])-[#8:52],"EVODEX.1-P174,EVODEX.1-P24,EVODEX.1-P25,EVODEX.1-P26,EVODEX.1-P93",12915689398523809891306164460764266595120677878791307103598651342925340615283
EVODEX.1-Nm180,[#8:49]=[#6:50](-[#6:51])-[#8:59]>>[H]-[#8:49]-[#6:50](-[H])(-[#6:51])-[#8:59],"EVODEX.1-P176,EVODEX.1-P27,EVODEX.1-P80,EVODEX.1-P809,EVODEX.1-P94",38328535630614830808049915723766996357794085936404610309729982264933501853168
EVODEX.1-Nm181,[#8:89]=[#6:90](-[#8:91])-[#6:92]>>[H]-[#6:90](-[H])(-[#8:91])-[#6:92].[H]-[#8:89]-[H],"EVODEX.1-P28,EVODEX.1-P57,EVODEX.1-P58,EVODEX.1-P60,EVODEX.1-P70",60310473904130331826372816414402799731855328084686848355161727674722951712105
EVODEX.1-Nm182,[H]-[#8:89]-[H].[H]-[#6:91](-[H])(-[#8:90])-[#6:92]>>[#8:89]=[#6:91](-[#8:90])-[#6:92],"EVODEX.1-P53,EVODEX.1-P56,EVODEX.1-P693,EVODEX.1-P71,EVODEX.1-P72",49955776768585084327879763447520588715115240212495070001300559071778288040312
EVODEX.1-Nm183,[H]-[#6:16](-[H])(-[#6:15])-[#8:17]>>[#8]=[#6:16](-[#6:15])-[#8:17],"EVODEX.1-P121,EVODEX.1-P122,EVODEX.1-P54,EVODEX.1-P55,EVODEX.1-P77",85616535181084071039400319892029593559775849250381541659739602023372608504355
EVODEX.1-Nm184,[#6]-[#6](=[#8])-[#16:4]-[#6:5]>>[H]-[#16:4]-[#6:5],"EVODEX.1-P1452,EVODEX.1-P1773,EVODEX.1-P2171,EVODEX.1-P3886,EVODEX.1-P66",49504795077107136497000443191376182291415004654645194984329688725096692022305
EVODEX.1-Nm185,[H]-[#6:6](-[#6:5])(-[#8:7])-[#6:8](-[H])-[#8:9]>>[#6:5]-[#6:6](-[#8:7])=[#6:8]-[#8:9],"EVODEX.1-P73,EVODEX.1-P805,EVODEX.1-P806,EVODEX.1-P807,EVODEX.1-P808",30429297465048665994634521312219709637340318268485609103119064394425695075991
EVODEX.1-Nm186,[#8]-[#6](=[#8])-[#6:35]-[#6:34]>>[H]-[#6:35]-[#6:34],"EVODEX.1-P3819,EVODEX.1-P6155,EVODEX.1-P6156,EVODEX.1-P6167,EVODEX.1-P83",113574234746695290626765031409674812428725455194850172547977804997240053169199
EVODEX.1-Nm187,[H]-[#6:8]-[#6:7]>>[#8]-[#6](=[#8])-[#6:8]-[#6:7],"EVODEX.1-P1340,EVODEX.1-P2925,EVODEX.1-P7553,EVODEX.1-P7556,EVODEX.1-P85",58368819599003814430205007899226211814361947695100885423901044172372782960904
EVODEX.1-Nm188,[#8]-[#6](=[#8])-[#6:3](-[#6:2])-[#6:7]>>[H]-[#6:3](-[#6:2])-[#6:7],"EVODEX.1-P6171,EVODEX.1-P6178,EVODEX.1-P6196,EVODEX.1-P6211,EVODEX.1-P86",29494897091282767912839777743603003756217724469097098454779269740048854324292
EVODEX.1-Nm189,[H]-[#6:6](-[#6:5])-[#8:7]-[H].([#8:14]=[#6:15].[#6:18]=[#7:19]-[#6:20])>>[#6:5]-[#6:6]=[#8:7].([H]-[#8:14]-[#6:15].[#6:18]-[#7:19](-[H])-[#6:20]),"EVODEX.1-P189,EVODEX.1-P96,EVODEX.1-P97,EVODEX.1-P98,EVODEX.1-P99",15929791684069698543225621955735339701109884894018394616776384713733184299104
EVODEX.1-Nm190,[#8:1]=[#8:2].[H]-[#8:3]-[#6:4](-[H])(-[#8:5])-[#6:11]>>[#8:3]=[#6:4](-[#8:5])-[#6:11].[H]-[#8:1]-[#8:2]-[H],"EVODEX.1-P123,EVODEX.1-P129,EVODEX.1-P131,EVODEX.1-P132,EVODEX.1-P134",3111735852209572162769887189152428040087354212240066074191362221833090950845
EVODEX.1-Nm191,[H]-[#6:26](-[#8:25])-[#6:27]>>[H]-[#8]-[#6:26](-[#8:25])-[#6:27],"EVODEX.1-P125,EVODEX.1-P196,EVODEX.1-P332,EVODEX.1-P413,EVODEX.1-P567",62357948525796506863239210815023508856151408436625412429543531376985437303445
EVODEX.1-Nm192,([#8:1]=[#6:2].[#6:5]=[#8:6]).[H]-[#6:18](-[#8:19]-[H])(-[#8:17])-[#6:20]>>([H]-[#8:1]-[#6:2].[#6:5]-[#8:6]-[H]).[#8:17]-[#6:18](=[#8:19])-[#6:20],"EVODEX.1-P128,EVODEX.1-P149,EVODEX.1-P170,EVODEX.1-P171,EVODEX.1-P175",25700363391904204830546107253629345670409673784855472722471740533271482321868
EVODEX.1-Nm193,[#8:1]=[#6:2]-[#6:3].[H]-[#8:12]-[#8:13]-[H]>>[#8:12]=[#8:13].[H]-[#8:1]-[#6:2](-[H])-[#6:3],"EVODEX.1-P138,EVODEX.1-P139,EVODEX.1-P140,EVODEX.1-P141,EVODEX.1-P142",106143953583292547381727063517197668494131091091965229494785855061206827826039
EVODEX.1-Nm194,([#8:1]=[#6:2].[#6:5]=[#7:6]-[#6:7]).[H]-[#6:50](-[#8:51]-[H])(-[#6:48])-[#8:52]>>[#6:48]-[#6:50](=[#8:51])-[#8:52].([H]-[#8:1]-[#6:2].[#6:5]-[#7:6](-[H])-[#6:7]),"EVODEX.1-P148,EVODEX.1-P151,EVODEX.1-P152,EVODEX.1-P172,EVODEX.1-P173",35255016417289749448834478933489195945598735753884345824888428866840511210035
EVODEX.1-Nm195,([#8:49]=[#6:50].[#6:53]=[#8:54])>>([H]-[#8:49]-[#6:50].[#6:53]-[#8:54]-[H]),"EVODEX.1-P1190,EVODEX.1-P150,EVODEX.1-P871,EVODEX.1-P872,EVODEX.1-P873",76994042439411711530026845467391974635541429557664322046678582452160925982264
EVODEX.1-Nm196,[H]-[#6:5](-[#6:4])-[#8:6]-[H].([#6:13]=[#8:14].[#6:68]=[#8:69])>>[#6:4]-[#6:5]=[#8:6].([H]-[#8:14]-[#6:13].[#6:68]-[#8:69]-[H]),"EVODEX.1-P162,EVODEX.1-P163,EVODEX.1-P164,EVODEX.1-P165,EVODEX.1-P166",93763425339116202727059519057367873562607532326870402997795348786406698555980
EVODEX.1-Nm197,[H]-[#8]-[#6:55](-[#6:54])-[#6:57]>>[H]-[#6:55](-[#6:54])-[#6:57],"EVODEX.1-P168,EVODEX.1-P568,EVODEX.1-P582,EVODEX.1-P651,EVODEX.1-P657",104381492287592580177180706279846302763159961304221391955679227110970812805875
EVODEX.1-Nm198,[#6:6]-[#16:7]-[#6:8].[#8:59]=[#8:60]>>[#6:6]-[#16:7](-[#6:8])=[#8:60].[H]-[#8:59]-[H],"EVODEX.1-P190,EVODEX.1-P469,EVODEX.1-P471,EVODEX.1-P484,EVODEX.1-P500",81463667325325374598075013882042627620814997832787741382019354026424167824333
EVODEX.1-Nm199,[#6:3]-[#16:4]-[#6:5].[#8]=[#8:60]>>[#6:3]-[#16:4](-[#6:5])=[#8:60],"EVODEX.1-P191,EVODEX.1-P404,EVODEX.1-P464,EVODEX.1-P483,EVODEX.1-P512",38874058174896687090602855660624018135557633613704335868164428274901602121295
EVODEX.1-Nm200,[H]-[#6:28](-[#6:26])-[#8:29]-[H].[#8:77]=[#8:78]>>[#6:26]-[#6:28]=[#8:29].[H]-[#8:77]-[H].[H]-[#8:78]-[H],"EVODEX.1-P192,EVODEX.1-P193,EVODEX.1-P197,EVODEX.1-P208,EVODEX.1-P475",63634945601041540194169619441826192341202044574282259848518890579466742878880
EVODEX.1-Nm201,[H]-[#6:2](-[#6:1])(-[#6:3])-[#6:11].[#8]=[#8:83]>>[H]-[#8:83]-[#6:2](-[#6:1])(-[#6:3])-[#6:11],"EVODEX.1-P194,EVODEX.1-P210,EVODEX.1-P401,EVODEX.1-P438,EVODEX.1-P649",53661760017527089560210169229672461650829459608002350656494161592133112749378
EVODEX.1-Nm202,[#8]=[#8:18].[H]-[#6:26](-[#8:25])-[#6:27]>>[H]-[#8:18]-[#6:26](-[#8:25])-[#6:27],"EVODEX.1-P195,EVODEX.1-P198,EVODEX.1-P199,EVODEX.1-P321,EVODEX.1-P566",21483144677360493975804534932778351639687914284555531224608245909995344202674
EVODEX.1-Nm203,[H]-[#6:1]-[#6:2].[#8]=[#8:72]>>[H]-[#8:72]-[#6:1]-[#6:2],"EVODEX.1-P200,EVODEX.1-P454,EVODEX.1-P478,EVODEX.1-P521,EVODEX.1-P522",24604992796970368334767672195017362182342031037709534618782697085731870827856
EVODEX.1-Nm204,[#6:2]-[#6:3]=[#6:4]-[#6:5].[#8]=[#8:52]>>[#6:2]-[#6:3]1-[#6:4](-[#6:5])-[#8:52]-1,"EVODEX.1-P201,EVODEX.1-P206,EVODEX.1-P320,EVODEX.1-P381,EVODEX.1-P474",7790871412739637154703575883806856701796816139862679703386900061234472116677
EVODEX.1-Nm205,[H]-[#6:2](-[#6:1])-[#6:3].[#8:76]=[#8:77]>>[H]-[#8:76]-[#6:2](-[#6:1])-[#6:3].[H]-[#8:77]-[H],"EVODEX.1-P202,EVODEX.1-P212,EVODEX.1-P455,EVODEX.1-P476,EVODEX.1-P519",36347450811037557253432054535306306515082047778788316488430731321832861995751
EVODEX.1-Nm206,[H]-[#6:3](-[#6:2])(-[#6:4])-[#6:8].[#8:73]=[#8:74]>>[H]-[#8:73]-[#6:3](-[#6:2])(-[#6:4])-[#6:8].[H]-[#8:74]-[H],"EVODEX.1-P203,EVODEX.1-P209,EVODEX.1-P440,EVODEX.1-P533,EVODEX.1-P537",112094621668428768873024900802555826198894009618031354448753207233458721828415
EVODEX.1-Nm207,[H]-[#6:2](-[#6:1])(-[#6:3])-[#6:11]>>[H]-[#8]-[#6:2](-[#6:1])(-[#6:3])-[#6:11],"EVODEX.1-P204,EVODEX.1-P322,EVODEX.1-P439,EVODEX.1-P532,EVODEX.1-P648",45656938964093647423113759576787156397259718504006209374163690121409591932295
EVODEX.1-Nm208,[#6:1]-[#6:2]=[#6:3]-[#6:4]>>[#8]1-[#6:2](-[#6:1])-[#6:3]-1-[#6:4],"EVODEX.1-P205,EVODEX.1-P207,EVODEX.1-P211,EVODEX.1-P473,EVODEX.1-P526",10784410068893280579760741222397619870211667848873219410904056316761973856575
EVODEX.1-Nm209,[#6:26]-[#6:27]=[#6:28](-[#6:29])-[#6:30].[#8:79]=[#8:80]>>[#6:26]-[#6:27]1-[#6:28](-[#6:29])(-[#6:30])-[#8:80]-1.[H]-[#8:79]-[H],"EVODEX.1-P213,EVODEX.1-P215,EVODEX.1-P218,EVODEX.1-P523,EVODEX.1-P525",52636178040498004324844339677273712932216559737522830357267451017106447140648
EVODEX.1-Nm210,[#6:8]-[#6:19](-[#6:17])=[#6:20]-[#6:21].[#8]=[#8:69]>>[#6:8]-[#6:19]1(-[#6:17])-[#6:20](-[#6:21])-[#8:69]-1,"EVODEX.1-P214,EVODEX.1-P216,EVODEX.1-P219,EVODEX.1-P528,EVODEX.1-P650",84661259428914940095476281511136591096730063001058690892172179980580155958104
EVODEX.1-Nm211,[#6:26]-[#6:27]=[#6:28](-[#6:29])-[#6:30]>>[#8]1-[#6:27](-[#6:26])-[#6:28]-1(-[#6:29])-[#6:30],"EVODEX.1-P217,EVODEX.1-P220,EVODEX.1-P524,EVODEX.1-P527,EVODEX.1-P529",70786013837343048787630871261179677867415424652193612343567715789147936502227
EVODEX.1-Nm212,,"EVODEX.1-P225,EVODEX.1-P226,EVODEX.1-P227,EVODEX.1-P228,EVODEX.1-P235",46479607954126861522677816060882772901748918406568039731825445753510578469494
EVODEX.1-Nm213,[H]-[#6:11](-[#6:10])-[#6:12]=[#6:13]-[#6:14]>>[#8]-[#8]-[#6:13](-[#6:12]=[#6:11]-[#6:10])-[#6:14],"EVODEX.1-P229,EVODEX.1-P245,EVODEX.1-P246,EVODEX.1-P247,EVODEX.1-P248",71503121773742471881348666303521486971635979317993733557969304987650689972024
EVODEX.1-Nm214,[H]-[#6:8](-[#6:7])-[#6:9]=[#6:10]-[#6:11].[#8:32]=[#8:33]>>[H]-[#8:33]-[#8:32]-[#6:10](-[#6:9]=[#6:8]-[#6:7])-[#6:11],"EVODEX.1-P230,EVODEX.1-P244,EVODEX.1-P249,EVODEX.1-P263,EVODEX.1-P264",61498334607237906167584360335732543343880116227959818240054805964081155521402
EVODEX.1-Nm215,,"EVODEX.1-P231,EVODEX.1-P238,EVODEX.1-P241,EVODEX.1-P242,EVODEX.1-P268",55618515231749407411852685773676961169177830226409148448888336241243095055221
EVODEX.1-Nm216,,"EVODEX.1-P232,EVODEX.1-P233,EVODEX.1-P251,EVODEX.1-P253,EVODEX.1-P254",89434621656790959876379085765680542137233453003160953022494167643902566723822
EVODEX.1-Nm217,,"EVODEX.1-P236,EVODEX.1-P237,EVODEX.1-P239,EVODEX.1-P240,EVODEX.1-P243",109125432201706905308533241940084058960266423524751196414711520732670673939948
EVODEX.1-Nm218,,"EVODEX.1-P250,EVODEX.1-P252,EVODEX.1-P255,EVODEX.1-P256,EVODEX.1-P257",5107982401630533682102288111268037900700176437297059705145578811423326881311
EVODEX.1-Nm219,[H]-[#6:6](-[#6:5])-[#6:7].[#8:19]=[#8:20]>>[H]-[#8:20]-[#8:19]-[#6:6](-[#6:5])-[#6:7],"EVODEX.1-P258,EVODEX.1-P260,EVODEX.1-P261,EVODEX.1-P265,EVODEX.1-P267",33272825790354646004533947046756896845461650720352451694760559865132752230396
EVODEX.1-Nm220,[H]-[#6:12](-[#6:11])-[#6:13]>>[#8]-[#8]-[#6:12](-[#6:11])-[#6:13],"EVODEX.1-P259,EVODEX.1-P262,EVODEX.1-P269,EVODEX.1-P270,EVODEX.1-P271",89440456228152819202399586727229180944982582534253005331828089992445102034085
EVODEX.1-Nm221,[H]-[#6:5](-[#6:4])-[#6:6]>>[H]-[#8]-[#6:5](-[#6:4])-[#6:6],"EVODEX.1-P266,EVODEX.1-P319,EVODEX.1-P389,EVODEX.1-P531,EVODEX.1-P536",27842411553476543474847662979378817482282951375938738031080848689366645921187
EVODEX.1-Nm222,[H]-[#6:2](-[#7:1])(-[#6:3])-[#6:11](=[#8:12])-[#8:13]-[H]>>[#6:11](=[#8:12])=[#8:13].[#8]=[#6:2](-[#7:1])-[#6:3],"EVODEX.1-P272,EVODEX.1-P284,EVODEX.1-P290,EVODEX.1-P294,EVODEX.1-P297",41343080943458333127844137252716262125030397212076687546036167654969530687575
EVODEX.1-Nm223,[H]-[#6:2](-[#7:1])(-[#6:3])-[#6:10](=[#8:11])-[#8:12]-[H].[#8:13]=[#8:14]>>[#6:10](=[#8:11])=[#8:12].[#7:1]-[#6:2](-[#6:3])=[#8:13].[H]-[#8:14]-[H],"EVODEX.1-P273,EVODEX.1-P279,EVODEX.1-P281,EVODEX.1-P285,EVODEX.1-P295",41325176529219577507980520869290327533915815180250847630462387022834745448981
EVODEX.1-Nm224,[#8]-[#6](=[#8])-[#6:2](-[H])(-[#6:1])-[#7:3].[#8]=[#8:7]>>[#6:1]-[#6:2](-[#7:3])=[#8:7],"EVODEX.1-P274,EVODEX.1-P276,EVODEX.1-P289,EVODEX.1-P291,EVODEX.1-P299",10715546834606966661318090587839733942227306549770380217141038258327385875205
EVODEX.1-Nm225,[#8]-[#6](=[#8])-[#6:5](-[H])(-[#6:4])-[#7:6].[#8:10]=[#8:11]>>[#6:4]-[#6:5](-[#7:6])=[#8:10].[H]-[#8:11]-[H],"EVODEX.1-P275,EVODEX.1-P278,EVODEX.1-P280,EVODEX.1-P286,EVODEX.1-P288",36852600485820934973737992680450489973743587651479948266065338860936752026597
EVODEX.1-Nm226,[H]-[#6:2](-[#7:1])(-[#6:3])-[#6:10](=[#8:11])-[#8:12]-[H].[#8]=[#8:13]>>[#6:10](=[#8:11])=[#8:12].[#7:1]-[#6:2](-[#6:3])=[#8:13],"EVODEX.1-P277,EVODEX.1-P282,EVODEX.1-P292,EVODEX.1-P293,EVODEX.1-P296",49517864677570146873727198059247396347234319053730517799448502390396531731992
EVODEX.1-Nm227,[#8]-[#6](=[#8])-[#6:3](-[H])(-[#7:2])-[#6:4]>>[#8]=[#6:3](-[#7:2])-[#6:4],"EVODEX.1-P283,EVODEX.1-P287,EVODEX.1-P298,EVODEX.1-P300,EVODEX.1-P301",54384194288370754645971461432532499145492657714952874607145399471895993141058
EVODEX.1-Nm228,[H]-[#6:10](-[#6:9])-[#6:11].[#8:26]=[#8:27]>>[H]-[#8:26]-[#6:10](-[#6:9])-[#6:11].[#6]-[#6](=[#8])-[#8:27]-[H],"EVODEX.1-P310,EVODEX.1-P316,EVODEX.1-P348,EVODEX.1-P420,EVODEX.1-P435",37468958106486579944092738661764466886833338330352088312911513668237106773747
EVODEX.1-Nm229,[H]-[#8:4]-[#6:3](-[#6:2])-[#6:5]>>[H]-[#6:3](-[#6:2])-[#6:5].[#8]=[#8:4],"EVODEX.1-P311,EVODEX.1-P313,EVODEX.1-P314,EVODEX.1-P398,EVODEX.1-P569",69079201658421666251706435842316457839423072463520443938899280724157441153502
EVODEX.1-Nm230,[H]-[#6:2](-[#6:1])-[#6:3].[#6]-[#6](=[#8])-[#6:16](=[#8:17])-[#8:18]-[H]>>[#6:16](=[#8:17])=[#8:18].[H]-[#8]-[#6:2](-[#6:1])-[#6:3],"EVODEX.1-P312,EVODEX.1-P327,EVODEX.1-P328,EVODEX.1-P347,EVODEX.1-P405",110481998215434172474429381996566060866713623651519422027049444744993676789205
EVODEX.1-Nm231,[H]-[#6:73](-[#6:72])-[#6:74].[H]-[#8:160]-[#6:158](-[#6:156](-[#6:155])=[#8:157])=[#8:159].[#8:161]=[#8:162]>>[#6:158](=[#8:159])=[#8:160].[H]-[#8:161]-[#6:73](-[#6:72])-[#6:74].[H]-[#8:162]-[#6:156](-[#6:155])=[#8:157],"EVODEX.1-P315,EVODEX.1-P317,EVODEX.1-P325,EVODEX.1-P330,EVODEX.1-P407",109227642683976467018283474858464386285741158237207713168637314422397315923037
EVODEX.1-Nm232,[H]-[#6:95](-[#6:94])-[#6:96].[#6]-[#6](=[#8])-[#6:120](=[#8:121])-[#8:122]-[H].[#8]=[#8:123]>>[#6:120](=[#8:121])=[#8:122].[H]-[#8:123]-[#6:95](-[#6:94])-[#6:96],"EVODEX.1-P318,EVODEX.1-P324,EVODEX.1-P383,EVODEX.1-P388,EVODEX.1-P408",35127805114105217389188744047144724931033156623101388543103373497409333532971
EVODEX.1-Nm233,[H]-[#6:50](-[#6:49])-[#6:51].[H]-[#8:69]-[#6:67](-[#6:65](-[#6:64])=[#8:66])=[#8:68]>>[#6:67](=[#8:68])=[#8:69].[H]-[#8]-[#6:50](-[#6:49])-[#6:51].[H]-[#8]-[#6:65](-[#6:64])=[#8:66],"EVODEX.1-P323,EVODEX.1-P329,EVODEX.1-P349,EVODEX.1-P367,EVODEX.1-P406",13876073981961044250663161439192480664011075158501961828617346363279568158836
EVODEX.1-Nm234,[H]-[#6:112](-[#6:110])-[#6:113].[#8]-[#6](=[#8])-[#6:141](-[#6:140])=[#8:142].[#8:146]=[#8:147]>>[H]-[#8:146]-[#6:112](-[#6:110])-[#6:113].[H]-[#8:147]-[#6:141](-[#6:140])=[#8:142],"EVODEX.1-P326,EVODEX.1-P331,EVODEX.1-P345,EVODEX.1-P382,EVODEX.1-P387",46947384478596476357555572951435824338424932257560571405470153570868296454089
EVODEX.1-Nm235,[H]-[#6:5](-[#7:4])-[#6:6].[H]-[#8:23]-[#6:21](-[#6:19](-[#6:18])=[#8:20])=[#8:22].[#8:24]=[#8:25]>>[#6:21](=[#8:22])=[#8:23].[H]-[#8:24]-[#6:5](-[#7:4])-[#6:6].[H]-[#8:25]-[#6:19](-[#6:18])=[#8:20],"EVODEX.1-P333,EVODEX.1-P336,EVODEX.1-P384,EVODEX.1-P636,EVODEX.1-P638",59306384750111164133894398389859814285689068052445924329564578703837718063793
EVODEX.1-Nm236,[H]-[#6:6](-[#6:4])-[#7:7].[#8:59]=[#8:60]>>[H]-[#8:59]-[#6:6](-[#6:4])-[#7:7].[#6]-[#6](=[#8])-[#8:60]-[H],"EVODEX.1-P334,EVODEX.1-P343,EVODEX.1-P351,EVODEX.1-P353,EVODEX.1-P360",47278303049359678206445606789671639319235406083175005656169005293614743222451
EVODEX.1-Nm237,[H]-[#6:99](-[#7:98])-[#6:100].[#6]-[#6](=[#8])-[#6:128](=[#8:129])-[#8:130]-[H]>>[#6:128](=[#8:129])=[#8:130].[H]-[#8]-[#6:99](-[#7:98])-[#6:100],"EVODEX.1-P335,EVODEX.1-P355,EVODEX.1-P362,EVODEX.1-P386,EVODEX.1-P392",6720900865926066661199683418185220015368016586369708806056369046579231089048
EVODEX.1-Nm238,[H]-[#6:99](-[#7:98])-[#6:100].[#6]-[#6](=[#8])-[#6:128](=[#8:129])-[#8:130]-[H].[#8]=[#8:131]>>[#6:128](=[#8:129])=[#8:130].[H]-[#8:131]-[#6:99](-[#7:98])-[#6:100],"EVODEX.1-P337,EVODEX.1-P341,EVODEX.1-P350,EVODEX.1-P358,EVODEX.1-P390",26097031714588029305739932510501583079826638516216210809255235440312697760507
EVODEX.1-Nm239,[H]-[#6:99](-[#7:98])-[#6:100].[H]-[#8:130]-[#6:128](-[#6:126](-[#6:125])=[#8:127])=[#8:129]>>[#6:128](=[#8:129])=[#8:130].[H]-[#8]-[#6:99](-[#7:98])-[#6:100].[H]-[#8]-[#6:126](-[#6:125])=[#8:127],"EVODEX.1-P338,EVODEX.1-P354,EVODEX.1-P361,EVODEX.1-P385,EVODEX.1-P391",82779584163868581666862297434467483695203067108083780717172129162513504341442
EVODEX.1-Nm240,[H]-[#6:24](-[#7:23])-[#6:25]>>[H]-[#8]-[#6:24](-[#7:23])-[#6:25],"EVODEX.1-P339,EVODEX.1-P431,EVODEX.1-P480,EVODEX.1-P577,EVODEX.1-P586",26151309887045230415204985155041536413627904082170841611365792338186965793502
EVODEX.1-Nm241,[H]-[#6:99](-[#7:98])-[#6:100].[#8]-[#6](=[#8])-[#6:126](-[#6:125])=[#8:127]>>[H]-[#8]-[#6:99](-[#7:98])-[#6:100].[H]-[#8]-[#6:126](-[#6:125])=[#8:127],"EVODEX.1-P340,EVODEX.1-P344,EVODEX.1-P352,EVODEX.1-P365,EVODEX.1-P393",18680129253014810667092672472073589610642156436233028117761816828990806718611
EVODEX.1-Nm242,[H]-[#6:5](-[#7:4])-[#6:6].[#8]-[#6](=[#8])-[#6:19](-[#6:18])=[#8:20].[#8:24]=[#8:25]>>[H]-[#8:24]-[#6:5](-[#7:4])-[#6:6].[H]-[#8:25]-[#6:19](-[#6:18])=[#8:20],"EVODEX.1-P342,EVODEX.1-P359,EVODEX.1-P364,EVODEX.1-P637,EVODEX.1-P639",109397895361996576325619876149923850341579948086944785273316856406028589923366
EVODEX.1-Nm243,[H]-[#6:25](-[#6:3])-[#6:26].[#8]=[#8:79]>>[H]-[#8:79]-[#6:25](-[#6:3])-[#6:26],"EVODEX.1-P346,EVODEX.1-P368,EVODEX.1-P530,EVODEX.1-P540,EVODEX.1-P541",38685049789856794754785836482489886068546387915650006531249580489727083819256
EVODEX.1-Nm244,[H]-[#6:8](-[#6:4])-[#6:9].[#8]-[#6](=[#8])-[#6:16](-[#6:15])=[#8:17]>>[H]-[#8]-[#6:8](-[#6:4])-[#6:9].[H]-[#8]-[#6:16](-[#6:15])=[#8:17],"EVODEX.1-P356,EVODEX.1-P357,EVODEX.1-P366,EVODEX.1-P380,EVODEX.1-P409",110355957763925405131374424437791863575899705351047848276401791453735627296016
EVODEX.1-Nm245,[H]-[#6:18](-[#7:17])-[#6:19].[#8]=[#8:37]>>[H]-[#8:37]-[#6:18](-[#7:17])-[#6:19],"EVODEX.1-P363,EVODEX.1-P479,EVODEX.1-P578,EVODEX.1-P583,EVODEX.1-P587",108949847745374473992802491911135486555541886503425625046318428323895720159551
EVODEX.1-Nm246,[H]-[#6:4]-[#6:3].[#8]-[#6](=[#8])-[#6:15](-[#6:14])=[#8:16]>>[H]-[#8]-[#6:4]-[#6:3].[H]-[#8]-[#6:15](-[#6:14])=[#8:16],"EVODEX.1-P369,EVODEX.1-P416,EVODEX.1-P425,EVODEX.1-P430,EVODEX.1-P434",40908448846874268738638632574301471751322653870031171080131916305431341132039
EVODEX.1-Nm247,[H]-[#6:4]-[#6:3].[#6]-[#6](=[#8])-[#6:17](=[#8:18])-[#8:19]-[H].[#8]=[#8:20]>>[#6:17](=[#8:18])=[#8:19].[H]-[#8:20]-[#6:4]-[#6:3],"EVODEX.1-P370,EVODEX.1-P372,EVODEX.1-P376,EVODEX.1-P411,EVODEX.1-P432",61262269099189779117869247062554278242819104431706126818212124988161073631221
EVODEX.1-Nm248,[H]-[#6:1]-[#6:2].[#8]-[#6](=[#8])-[#6:15](-[#6:14])=[#8:16].[#8:20]=[#8:21]>>[H]-[#8:20]-[#6:1]-[#6:2].[H]-[#8:21]-[#6:15](-[#6:14])=[#8:16],"EVODEX.1-P371,EVODEX.1-P373,EVODEX.1-P396,EVODEX.1-P412,EVODEX.1-P421",89484033837842897024517500206377798089137728340487815975192541375205172294215
EVODEX.1-Nm249,[H]-[#6:4]-[#6:3].[#8:20]=[#8:21]>>[H]-[#8:20]-[#6:4]-[#6:3].[#6]-[#6](=[#8])-[#8:21]-[H],"EVODEX.1-P374,EVODEX.1-P397,EVODEX.1-P418,EVODEX.1-P422,EVODEX.1-P433",83543947466377794086893413806845254602401052082169967689516550980997020942765
EVODEX.1-Nm250,[H]-[#6:10]-[#6:9]>>[H]-[#8]-[#6:10]-[#6:9],"EVODEX.1-P375,EVODEX.1-P520,EVODEX.1-P534,EVODEX.1-P535,EVODEX.1-P538",115381818264367942720709238464516553916625050736490199264436370310102234080182
EVODEX.1-Nm251,[H]-[#6:1]-[#6:2].[H]-[#8:21]-[#6:19](-[#6:17](-[#6:16])=[#8:18])=[#8:20]>>[#6:19](=[#8:20])=[#8:21].[H]-[#8]-[#6:1]-[#6:2].[H]-[#8]-[#6:17](-[#6:16])=[#8:18],"EVODEX.1-P377,EVODEX.1-P419,EVODEX.1-P423,EVODEX.1-P426,EVODEX.1-P428",96815464826693627300246475294396886087094990921445859018955639870717018264952
EVODEX.1-Nm252,[H]-[#6:1]-[#6:2].[#6]-[#6](=[#8])-[#6:19](=[#8:20])-[#8:21]-[H]>>[#6:19](=[#8:20])=[#8:21].[H]-[#8]-[#6:1]-[#6:2],"EVODEX.1-P378,EVODEX.1-P394,EVODEX.1-P415,EVODEX.1-P424,EVODEX.1-P429",77868309563320764707282669239672354071811555082365735828573562032686606320472
EVODEX.1-Nm253,[H]-[#6](-[H])(-[H])-[#7:12](-[#6:11])-[#6:14]>>[H]-[#7:12](-[#6:11])-[#6:14],"EVODEX.1-P1185,EVODEX.1-P1244,EVODEX.1-P1245,EVODEX.1-P1311,EVODEX.1-P379",23292061006526955374709953146924095984558274359325783774871318029322308775976
EVODEX.1-Nm254,[H]-[#6:1]-[#6:2].[H]-[#8:21]-[#6:19](-[#6:17](-[#6:16])=[#8:18])=[#8:20].[#8:22]=[#8:23]>>[#6:19](=[#8:20])=[#8:21].[H]-[#8:22]-[#6:1]-[#6:2].[H]-[#8:23]-[#6:17](-[#6:16])=[#8:18],"EVODEX.1-P395,EVODEX.1-P410,EVODEX.1-P414,EVODEX.1-P417,EVODEX.1-P427",23088656046654628255769550112720504378754809770749323456885847109133545090394
EVODEX.1-Nm255,[H]-[#6:1]-[#8:2]-[#6:3].[#8]=[#8:60]>>[#6:1]=[#8:60].[H]-[#8:2]-[#6:3],"EVODEX.1-P399,EVODEX.1-P400,EVODEX.1-P501,EVODEX.1-P508,EVODEX.1-P644",67886482407184212628532095813508731507969807845092479746859272997874944407463
EVODEX.1-Nm256,[H]-[#6:3](-[#6:2])-[#16:4].[#8]=[#8:34]>>[H]-[#8:34]-[#6:3](-[#6:2])-[#16:4],"EVODEX.1-P402,EVODEX.1-P551,EVODEX.1-P552,EVODEX.1-P570,EVODEX.1-P571",97071497044156637958143626328879257154262945448653863778566429415111912045585
EVODEX.1-Nm257,[H]-[#6:3](-[#6:2])-[#16:4]>>[H]-[#8]-[#6:3](-[#6:2])-[#16:4],"EVODEX.1-P403,EVODEX.1-P549,EVODEX.1-P550,EVODEX.1-P553,EVODEX.1-P572",114549396395875953512537971262157840182712033870303271160282273041506679222938
EVODEX.1-Nm258,[#6:2]-[#6:3](-[#6:4](-[#6:5])=[#8:6])-[#6:7].[#8:61]=[#8:62]>>[#6:2]-[#6:3](-[#6:7])-[#8:62]-[#6:4](-[#6:5])=[#8:6].[H]-[#8:61]-[H],"EVODEX.1-P436,EVODEX.1-P449,EVODEX.1-P467,EVODEX.1-P481,EVODEX.1-P514",82812122086808488056712180588773012909874863391300091978169700030117043054255
EVODEX.1-Nm259,[H]-[#7:51](-[#6:50])-[#6:52].[#8:61]=[#8:62]>>[H]-[#8:61]-[#7:51](-[#6:50])-[#6:52].[H]-[#8:62]-[H],"EVODEX.1-P437,EVODEX.1-P465,EVODEX.1-P487,EVODEX.1-P490,EVODEX.1-P518",51640533615824173654679796017154609649763119365714549334440397233863621841321
EVODEX.1-Nm260,[#6:1]-[#6:2](=[#8:3])-[#6:4]-[#6:5].[#8]=[#8:60]>>[#6:1]-[#6:2](=[#8:3])-[#8:60]-[#6:4]-[#6:5],"EVODEX.1-P441,EVODEX.1-P444,EVODEX.1-P463,EVODEX.1-P468,EVODEX.1-P482",111550163341069901282536360091415875148273370685812226489829634219471268790860
EVODEX.1-Nm261,[#8:49]=[#6:50](-[#6:51]-[#6:52])-[#6:58].[#8:59]=[#8:60]>>[#8:49]=[#6:50](-[#6:58])-[#8:60]-[#6:51]-[#6:52].[H]-[#8:59]-[H],"EVODEX.1-P442,EVODEX.1-P446,EVODEX.1-P459,EVODEX.1-P461,EVODEX.1-P516",82633643039793950611027967799954080683807090000243769096983453015438676527092
EVODEX.1-Nm262,[#8:49]=[#6:50](-[#6:51]-[#6:52])-[#6:55]>>[#8](-[#6:50](=[#8:49])-[#6:55])-[#6:51]-[#6:52],"EVODEX.1-P443,EVODEX.1-P445,EVODEX.1-P457,EVODEX.1-P458,EVODEX.1-P460",48432961566132917212164226224469091960336788822772035734174689357325844034536
EVODEX.1-Nm263,[#6:2]-[#6:3](-[#6:4](-[#6:5])=[#8:6])-[#6:7]>>[#8](-[#6:3](-[#6:2])-[#6:7])-[#6:4](-[#6:5])=[#8:6],"EVODEX.1-P447,EVODEX.1-P451,EVODEX.1-P462,EVODEX.1-P466,EVODEX.1-P513",48357828697937168697233792100539158792213501012220722819091141214425917550136
EVODEX.1-Nm264,[#6:1]-[#6:2](=[#8:3])-[#6:4](-[#6:5])-[#6:6].[#8]=[#8:58]>>[#6:1]-[#6:2](=[#8:3])-[#8:58]-[#6:4](-[#6:5])-[#6:6],"EVODEX.1-P448,EVODEX.1-P450,EVODEX.1-P452,EVODEX.1-P515,EVODEX.1-P517",46762551876182374973002468902336735397795501970415524872480290241103459601055
EVODEX.1-Nm265,[H]-[#6:17]-[#6:16].[#8:81]=[#8:82]>>[H]-[#8:81]-[#6:17]-[#6:16].[H]-[#8:82]-[H],"EVODEX.1-P453,EVODEX.1-P470,EVODEX.1-P539,EVODEX.1-P543,EVODEX.1-P599",90208367522052387741010317500126903235205442573768705083575161940770730338939
EVODEX.1-Nm266,[#6:2]-[#16:3]-[#6:4]>>[#8]=[#16:3](-[#6:2])-[#6:4],"EVODEX.1-P456,EVODEX.1-P485,EVODEX.1-P495,EVODEX.1-P499,EVODEX.1-P511",27890092709947985974069160416447605162206886577863935957368809285108223144156
EVODEX.1-Nm267,[H]-[#6:13](-[#6:12])-[#7:14]-[#6:15]>>[#8]=[#6:13]-[#6:12].[H]-[#7:14]-[#6:15],"EVODEX.1-P1079,EVODEX.1-P1085,EVODEX.1-P1089,EVODEX.1-P1091,EVODEX.1-P472",9439727610731032859120771015184144894399670799594252369098036080858343448740
EVODEX.1-Nm268,[H]-[#6](-[H])(-[H])-[#8:2]-[#6:3].[#8]=[#8:59]>>[H]-[#8:59]-[H].[H]-[#8:2]-[#6:3],"EVODEX.1-P477,EVODEX.1-P505,EVODEX.1-P510,EVODEX.1-P640,EVODEX.1-P646",27118092883568023409161899244581253109674260081682966873996418424987448558953
EVODEX.1-Nm269,[H]-[#7:8](-[#6:6])-[#6:9]>>[H]-[#8]-[#7:8](-[#6:6])-[#6:9],"EVODEX.1-P486,EVODEX.1-P489,EVODEX.1-P492,EVODEX.1-P494,EVODEX.1-P497",89588748947098126765192645704074765052551390602936331433809720230306562175482
EVODEX.1-Nm270,[H]-[#7:27](-[#6:6])-[#6:25].[#8]=[#8:76]>>[H]-[#8:76]-[#7:27](-[#6:6])-[#6:25],"EVODEX.1-P488,EVODEX.1-P491,EVODEX.1-P493,EVODEX.1-P496,EVODEX.1-P498",21193426253034247299679955066601812346026037550366237927316410268854001910742
EVODEX.1-Nm271,[H]-[#6:1]-[#8:2]-[#6:3].[#8:59]=[#8:60]>>[#6:1]=[#8:60].[H]-[#8:59]-[H].[H]-[#8:2]-[#6:3],"EVODEX.1-P502,EVODEX.1-P504,EVODEX.1-P507,EVODEX.1-P643,EVODEX.1-P647",74487724742346898418057480198071749780483591921911460424979195217575522998224
EVODEX.1-Nm272,[H]-[#6:1]-[#8:2]-[#6:3]>>[#8]=[#6:1].[H]-[#8:2]-[#6:3],"EVODEX.1-P503,EVODEX.1-P506,EVODEX.1-P509,EVODEX.1-P542,EVODEX.1-P641",49254486432531060673486306779331730604404009736960570598929007552535782147354
EVODEX.1-Nm273,[H]-[#6:9](-[#6:8])-[#6:10].[H]-[#6:28](-[#6:26])(-[#6:29])-[#7:39](-[#6:38])-[H].[#8:40]=[#8:41]>>[H]-[#8:40]-[#6:9](-[#6:8])-[#6:10].[#6:26]-[#6:28](=[#7:39]-[#6:38])-[#6:29].[H]-[#8:41]-[H],"EVODEX.1-P544,EVODEX.1-P554,EVODEX.1-P557,EVODEX.1-P560,EVODEX.1-P565",111323828474428348722582774141958567771001782146216599161165232540005061893667
EVODEX.1-Nm274,[H]-[#6:2](-[#6:1])(-[#6:3])-[#7:6](-[#6:5])-[H]>>[#6:1]-[#6:2](=[#7:6]-[#6:5])-[#6:3],"EVODEX.1-P1141,EVODEX.1-P1142,EVODEX.1-P1143,EVODEX.1-P545,EVODEX.1-P547",75110247637631236105388199725872406059924851462190033226628129551983812331909
EVODEX.1-Nm275,[H]-[#6:2](-[#6:1])-[#6:3].[H]-[#6:28](-[#6:26])(-[#6:29])-[#7:39](-[#6:38])-[H].[#8]=[#8:40]>>[H]-[#8:40]-[#6:2](-[#6:1])-[#6:3].[#6:26]-[#6:28](=[#7:39]-[#6:38])-[#6:29],"EVODEX.1-P546,EVODEX.1-P555,EVODEX.1-P559,EVODEX.1-P561,EVODEX.1-P563",60394147957564808926551834832529057837727216600882493981869308872242851530626
EVODEX.1-Nm276,[H]-[#6:2](-[#6:1])-[#6:3].[H]-[#6:28](-[#6:26])(-[#6:29])-[#7:39](-[#6:38])-[H]>>[H]-[#8]-[#6:2](-[#6:1])-[#6:3].[#6:26]-[#6:28](=[#7:39]-[#6:38])-[#6:29],"EVODEX.1-P548,EVODEX.1-P556,EVODEX.1-P558,EVODEX.1-P562,EVODEX.1-P564",106147466796089743093209452216627967278093755564791602090062923036035916219110
EVODEX.1-Nm277,[H]-[#6:20](-[#7:19])-[#6:21].[H]-[#8:33]-[#6:32]=[#6:34]-[#8:35]-[H].[#8]=[#8:36]>>[H]-[#8:36]-[#6:20](-[#7:19])-[#6:21].[#6:32](=[#8:33])-[#6:34]=[#8:35],"EVODEX.1-P573,EVODEX.1-P576,EVODEX.1-P579,EVODEX.1-P590,EVODEX.1-P596",10733368757427817337483068900769509825936790037971628146296214756551258926086
EVODEX.1-Nm278,[H]-[#6:25](-[#7:24])-[#6:26].[#8:41]=[#8:42]>>[H]-[#8:42]-[#6:25](-[#7:24])-[#6:26].[H]-[#8:41]-[H],"EVODEX.1-P574,EVODEX.1-P581,EVODEX.1-P588,EVODEX.1-P589,EVODEX.1-P598",69162442276040434029937773151452493764700586112484961231301567958881483680329
EVODEX.1-Nm279,[H]-[#6:25](-[#7:24])-[#6:26].[H]-[#8:38]-[#6:37]=[#6:39]-[#8:40]-[H].[#8:41]=[#8:42]>>[H]-[#8:41]-[#6:25](-[#7:24])-[#6:26].[#6:37](=[#8:38])-[#6:39]=[#8:40].[H]-[#8:42]-[H],"EVODEX.1-P575,EVODEX.1-P580,EVODEX.1-P584,EVODEX.1-P592,EVODEX.1-P594",19860690852825661493354565660541949528540345228457462660368558018147725648918
EVODEX.1-Nm280,[H]-[#8:24]-[#6:23]=[#6:25]-[#8:26]-[H].[H]-[#6:4](-[#6:2])-[#7:5]>>[#6:23](=[#8:24])-[#6:25]=[#8:26].[H]-[#8]-[#6:4](-[#6:2])-[#7:5],"EVODEX.1-P585,EVODEX.1-P591,EVODEX.1-P593,EVODEX.1-P595,EVODEX.1-P597",45386932154011391436557920923270471516466595761724394161320715568526975060079
EVODEX.1-Nm281,[H]-[#6:12]-[#6:11]1(-[#6:10])-[#16:13]-[#6:14]-[#7:28]-[#6:29]-1(-[H])-[#6:30].[#8]-[#6](=[#8])-[#6:5](-[#6:4])=[#8:6].[#8]=[#8:34]>>[#6:10]-[#6:11]1=[#6:29](-[#6:30])-[#7:28]-[#6:14]-[#16:13]-[#6:12]-1.[H]-[#8:34]-[#6:5](-[#6:4])=[#8:6],"EVODEX.1-P606,EVODEX.1-P609,EVODEX.1-P611,EVODEX.1-P617,EVODEX.1-P628",27790960751791220175208811648320591844823587544425140120473191124192876015792
EVODEX.1-Nm282,[H]-[#6:1]-[#6:2]1(-[#6:3])-[#16:4]-[#6:5]-[#7:19]-[#6:20]-1(-[H])-[#6:21].[H]-[#8:32]-[#6:30](-[#6:28](-[#6:27])=[#8:29])=[#8:31]>>[#6:30](=[#8:31])=[#8:32].[#6:1]1-[#6:2](-[#6:3])=[#6:20](-[#6:21])-[#7:19]-[#6:5]-[#16:4]-1.[H]-[#8]-[#6:28](-[#6:27])=[#8:29],"EVODEX.1-P607,EVODEX.1-P610,EVODEX.1-P615,EVODEX.1-P622,EVODEX.1-P632",76126903724470591524465668913823361051331216731978745225964749590013677706476
EVODEX.1-Nm283,[H]-[#6:1]-[#6:2]1(-[#6:3])-[#16:4]-[#6:5]-[#7:19]-[#6:20]-1(-[H])-[#6:21].[#8]-[#6](=[#8])-[#6:28](-[#6:27])=[#8:29].[#8:33]=[#8:34]>>[#6:1]1-[#6:2](-[#6:3])=[#6:20](-[#6:21])-[#7:19]-[#6:5]-[#16:4]-1.[H]-[#8:33]-[#6:28](-[#6:27])=[#8:29].[H]-[#8:34]-[H],"EVODEX.1-P608,EVODEX.1-P612,EVODEX.1-P623,EVODEX.1-P630,EVODEX.1-P633",45600558257870940481674146562671868666907764057119385080558605634263776786651
EVODEX.1-Nm284,[H]-[#6:1]-[#6:2]1(-[#6:3])-[#16:4]-[#6:5]-[#7:18]-[#6:19]-1(-[H])-[#6:20].[H]-[#8:32]-[#6:30](-[#6:28](-[#6:27])=[#8:29])=[#8:31].[#8:33]=[#8:34]>>[#6:30](=[#8:31])=[#8:32].[#6:1]1-[#6:2](-[#6:3])=[#6:19](-[#6:20])-[#7:18]-[#6:5]-[#16:4]-1.[H]-[#8:33]-[#6:28](-[#6:27])=[#8:29].[H]-[#8:34]-[H],"EVODEX.1-P613,EVODEX.1-P620,EVODEX.1-P626,EVODEX.1-P631,EVODEX.1-P635",103377091783748948286102004820265474413494710093965188199530833335805667597566
EVODEX.1-Nm285,[H]-[#6:12]-[#6:11]1(-[#6:10])-[#16:13]-[#6:14]-[#7:28]-[#6:29]-1(-[H])-[#6:30].[#8]-[#6](=[#8])-[#6:5](-[#6:4])=[#8:6]>>[#6:10]-[#6:11]1=[#6:29](-[#6:30])-[#7:28]-[#6:14]-[#16:13]-[#6:12]-1.[H]-[#8]-[#6:5](-[#6:4])=[#8:6],"EVODEX.1-P614,EVODEX.1-P618,EVODEX.1-P621,EVODEX.1-P625,EVODEX.1-P629",76680336476706938383497854637119346721932307796106468917217381858458543784356
EVODEX.1-Nm286,[H]-[#6:1]-[#6:2]1(-[#6:3])-[#16:4]-[#6:5]-[#7:18]-[#6:19]-1(-[H])-[#6:20].[H]-[#8:32]-[#6:30](-[#6:28](-[#6:27])=[#8:29])=[#8:31].[#8]=[#8:33]>>[#6:30](=[#8:31])=[#8:32].[#6:1]1-[#6:2](-[#6:3])=[#6:19](-[#6:20])-[#7:18]-[#6:5]-[#16:4]-1.[H]-[#8:33]-[#6:28](-[#6:27])=[#8:29],"EVODEX.1-P616,EVODEX.1-P619,EVODEX.1-P624,EVODEX.1-P627,EVODEX.1-P634",17841451861346151006199279856559116863201451630964904537206608367215755365458
EVODEX.1-Nm287,[H]-[#6](-[H])(-[H])-[#7:2]-[#6:3]>>[H]-[#7:2]-[#6:3],"EVODEX.1-P1155,EVODEX.1-P1172,EVODEX.1-P1179,EVODEX.1-P1267,EVODEX.1-P642",90089549726455184152500962282633963267811998992126319372842749983059701539127
EVODEX.1-Nm288,[#6:1]-[#8:2]-[#6:3]>>[H]-[#8]-[#6:1].[H]-[#8:2]-[#6:3],"EVODEX.1-P3922,EVODEX.1-P3930,EVODEX.1-P5139,EVODEX.1-P5645,EVODEX.1-P645",92975003424184413023487358183728490316998839561783728334757428391837161557584
EVODEX.1-Nm289,[#7:1]#[#6:2]-[#7:3].[H]-[#8:4]-[H]>>[H]-[#7:1](-[H])-[#6:2](-[#7:3])=[#8:4],"EVODEX.1-P6458,EVODEX.1-P652,EVODEX.1-P653,EVODEX.1-P659,EVODEX.1-P663",108444492397427513684451687701693521837869771577294535630389990328642383578116
EVODEX.1-Nm290,,"EVODEX.1-P654,EVODEX.1-P655,EVODEX.1-P656,EVODEX.1-P658,EVODEX.1-P661",86397390417088083336487466448226201876043019262495068633837586988286618485056
EVODEX.1-Nm291,[H]-[#6:98](=[#8:97])-[#6:99]>>[#6]-[#16]-[#6:98](=[#8:97])-[#6:99],"EVODEX.1-P665,EVODEX.1-P668,EVODEX.1-P674,EVODEX.1-P738,EVODEX.1-P747",13571364101685107730006546883401464307297083742179299147047829655624625473144
EVODEX.1-Nm292,[H]-[#16:48]-[#6:47].[H]-[#6:65](-[#6:63])=[#8:66]>>[#6:47]-[#16:48]-[#6:65](-[#6:63])=[#8:66],"EVODEX.1-P666,EVODEX.1-P667,EVODEX.1-P671,EVODEX.1-P673,EVODEX.1-P736",48754450157401483762513774524906236143637718554390033792211176592516258951465
EVODEX.1-Nm293,[#6]-[#16]-[#6:22](-[#6:21])=[#8:23]>>[H]-[#6:22](-[#6:21])=[#8:23],"EVODEX.1-P669,EVODEX.1-P672,EVODEX.1-P734,EVODEX.1-P737,EVODEX.1-P739",91680025697188473895432427630106423220164986359958981142562661597321578916499
EVODEX.1-Nm294,[#6:18]-[#6:19](=[#8:20])-[#16:21]-[#6:22]>>[H]-[#6:19](-[#6:18])=[#8:20].[H]-[#16:21]-[#6:22],"EVODEX.1-P670,EVODEX.1-P675,EVODEX.1-P735,EVODEX.1-P740,EVODEX.1-P741",113343171635363417770951758932430688342283211659298500732598324354269928305393
EVODEX.1-Nm295,[#6:1]-[#6:2](=[#8:3])-[#6:4](=[#8:5])-[#8:6].[H]-[#16:50]-[#6:49]>>[#6:1]-[#6:2](=[#8:3])-[#16:50]-[#6:49].[H]-[#6:4](=[#8:5])-[#8:6],"EVODEX.1-P1821,EVODEX.1-P677,EVODEX.1-P686,EVODEX.1-P744,EVODEX.1-P793",18375624709015959504080792870806124701003757252618064205090423883371951951072
EVODEX.1-Nm296,[H]-[#16:48]-[#6:47].[#8]-[#6](=[#8])-[#6:52](-[#6:51])=[#8:53]>>[#6:47]-[#16:48]-[#6:52](-[#6:51])=[#8:53],"EVODEX.1-P678,EVODEX.1-P685,EVODEX.1-P687,EVODEX.1-P743,EVODEX.1-P792",100971185586639553756396547228221374124512148518961628385419734951949926473082
EVODEX.1-Nm297,[H]-[#8:57]-[#6:55](-[#6:53](-[#6:52])=[#8:54])=[#8:56]>>[#6:55](=[#8:56])=[#8:57].[#6]-[#16]-[#6:53](-[#6:52])=[#8:54],"EVODEX.1-P679,EVODEX.1-P680,EVODEX.1-P742,EVODEX.1-P794,EVODEX.1-P795",25670515936097985221580084937531556280399244747492607796735659794260985778154
EVODEX.1-Nm298,[#6:9]-[#6:10](=[#8:11])-[#8:12]>>[H]-[#6:10](-[#6:9])=[#8:11].[H]-[#8:12],"EVODEX.1-P692,EVODEX.1-P696,EVODEX.1-P700,EVODEX.1-P705,EVODEX.1-P788",83243461007439950970231697447669256008650174661932855900304162135948461079560
EVODEX.1-Nm299,[H]-[#8]-[#6:7](-[#6:6])=[#8:8]>>[H]-[#6:7](-[#6:6])=[#8:8],"EVODEX.1-P695,EVODEX.1-P697,EVODEX.1-P702,EVODEX.1-P704,EVODEX.1-P706",19270090115884336816719303704471506053176455891549975385009089286927503794482
EVODEX.1-Nm300,[H]-[#8]-[#6:10](-[#6:9])=[#8:11].[#8]-[#15](=[#8])(-[#8])-[#8:79]-[#15:80]>>[H]-[#6:10](-[#6:9])=[#8:11].[H]-[#8:79]-[#15:80],"EVODEX.1-P708,EVODEX.1-P720,EVODEX.1-P725,EVODEX.1-P729,EVODEX.1-P731",11625939876045414924713688980054769079723763984982749641725566528912435933709
EVODEX.1-Nm301,[#8:80]=[#6:81](-[#8:82])-[#6:83]>>[#8]-[#15](=[#8])(-[#8])-[#8:82].[H]-[#6:81](=[#8:80])-[#6:83],"EVODEX.1-P713,EVODEX.1-P718,EVODEX.1-P719,EVODEX.1-P724,EVODEX.1-P761",13665208204156997709877366849543223860573497539188866335009653393127624254061
EVODEX.1-Nm302,[#6:13]-[#6:14](=[#8:15])-[#16:16]-[#6:17]>>[H]-[#6:14](-[H])(-[#6:13])-[#8:15]-[H].[H]-[#16:16]-[#6:17],"EVODEX.1-P748,EVODEX.1-P751,EVODEX.1-P752,EVODEX.1-P756,EVODEX.1-P757",58404281027380000266418308652519766929520392721125327547906651057888249532721
EVODEX.1-Nm303,[#6]-[#16]-[#6:17](-[#6:15])=[#8:18]>>[H]-[#6:17](-[H])(-[#6:15])-[#8:18]-[H],"EVODEX.1-P749,EVODEX.1-P750,EVODEX.1-P753,EVODEX.1-P754,EVODEX.1-P755",55487294809634111259070377915199807930235849546711517102449410687286934195422
EVODEX.1-Nm304,[H]-[#8]-[#6:8](-[#6:7])=[#8:9].[H]-[#8:13]-[#8:14]-[H]>>[#8:13]=[#8:14].[H]-[#6:8](-[#6:7])=[#8:9],"EVODEX.1-P762,EVODEX.1-P782,EVODEX.1-P785,EVODEX.1-P787,EVODEX.1-P790",60341128017520307266464379125697325863240974023344459969520765572165856982194
EVODEX.1-Nm305,[#6:5]-[#6:6](=[#8:7])-[#8:8].[H]-[#8:13]-[#8:14]-[H]>>[H]-[#6:6](-[#6:5])=[#8:7].[#8:13]=[#8:14].[H]-[#8:8],"EVODEX.1-P781,EVODEX.1-P783,EVODEX.1-P784,EVODEX.1-P786,EVODEX.1-P791",46522152635600425965556177404926938756520997237419906440927327515940862647440
EVODEX.1-Nm306,[#6:49]-[#6:51]=[#6:52]-[#6:53].[#8:108]=[#6:109]=[#8:110]>>[H]-[#6:52](-[#6:51](-[#6:49])-[#6:109](-[#8:108]-[H])=[#8:110])-[#6:53],"EVODEX.1-P836,EVODEX.1-P839,EVODEX.1-P842,EVODEX.1-P843,EVODEX.1-P845",5994101718638381572764506527190825066873381015641095259268225069053792029750
EVODEX.1-Nm307,[#6:49]-[#6:51]=[#6:52]-[#6:53]>>[#8]-[#6](=[#8])-[#6:51](-[#6:49])-[#6:52](-[H])-[#6:53],"EVODEX.1-P837,EVODEX.1-P838,EVODEX.1-P840,EVODEX.1-P841,EVODEX.1-P844",83143802209153873847697589574369552788836664740872998074418492227795159850022
EVODEX.1-Nm308,[H]-[#6:51](-[#6:49])-[#6:52](-[H])-[#6:53].[#8:62]=[#8:63]>>[#6:49]-[#6:51]=[#6:52]-[#6:53].[H]-[#8:62]-[#8:63]-[H],"EVODEX.1-P857,EVODEX.1-P858,EVODEX.1-P859,EVODEX.1-P860,EVODEX.1-P874",28256282648932151587997940490426449348561030196603449371987415320128546688821
EVODEX.1-Nm309,([#6:6]=[#8:7].[#6:14]=[#8:15]).[H]-[#6:19](-[#6:17])-[#6:20](-[H])-[#6:21]>>([H]-[#8:7]-[#6:6].[#6:14]-[#8:15]-[H]).[#6:17]-[#6:19]=[#6:20]-[#6:21],"EVODEX.1-P861,EVODEX.1-P863,EVODEX.1-P864,EVODEX.1-P866,EVODEX.1-P869",9174692052895115907865480431371027885163210072354491635458634907757736811143
EVODEX.1-Nm310,([H]-[#8:7]-[#6:6].[#6:14]-[#8:15]-[H]).[#6:17]-[#6:19]=[#6:20]-[#6:21]>>([#6:6]=[#8:7].[#6:14]=[#8:15]).[H]-[#6:19](-[#6:17])-[#6:20](-[H])-[#6:21],"EVODEX.1-P862,EVODEX.1-P865,EVODEX.1-P867,EVODEX.1-P868,EVODEX.1-P870",57224866680748169202849291405383935990512034942555176098639752043307898895468
EVODEX.1-Nm311,[H]-[#6:52](-[#7:51]-[#6:50])(-[#6:53])-[#6:58]>>[#8]=[#6:52](-[#6:53])-[#6:58].[H]-[#7:51]-[#6:50],"EVODEX.1-P1107,EVODEX.1-P1119,EVODEX.1-P1130,EVODEX.1-P1149,EVODEX.1-P888",18386143481175364419090984858314040577237734205789264447481537271498830716724
EVODEX.1-Nm312,[H]-[#6:52](-[#7:51]-[#6:50])(-[#6:53])-[#6:58].[H]-[#8:64]-[H]>>[#6:52](-[#6:53])(-[#6:58])=[#8:64].[H]-[#7:51]-[#6:50],"EVODEX.1-P1116,EVODEX.1-P1118,EVODEX.1-P1121,EVODEX.1-P1150,EVODEX.1-P926",62400847746990602835570021014062359213638152513734636333134963278463211984896
EVODEX.1-Nm313,[H]-[#7:1].[#6:3]-[#6:5](=[#8:6])-[#6:7].[H]-[#8:17]-[#8:18]-[H]>>[H]-[#6:5](-[#7:1])(-[#6:3])-[#6:7].[#8:17]=[#8:18].[H]-[#8:6]-[H],"EVODEX.1-P931,EVODEX.1-P984,EVODEX.1-P986,EVODEX.1-P989,EVODEX.1-P993",53368682865865626713069022156159964575864384879461037626344357766129613962955
EVODEX.1-Nm314,[H]-[#6:4](-[#6:2])-[#7:5]>>[#8]=[#6:4]-[#6:2].[H]-[#7:5],"EVODEX.1-P1097,EVODEX.1-P1098,EVODEX.1-P1106,EVODEX.1-P932,EVODEX.1-P939",16959465316000053223352195620328818447245161255562275350797040644103275672481
EVODEX.1-Nm315,[H]-[#7](-[H])-[#6:7](-[H])-[#6:6].[#8:11]=[#8:12]>>[#8]=[#6:7]-[#6:6].[H]-[#8:11]-[#8:12]-[H],"EVODEX.1-P1005,EVODEX.1-P1015,EVODEX.1-P1056,EVODEX.1-P1067,EVODEX.1-P933",41644386435341711151437330270022584961877896148255164832068152300056981890585
EVODEX.1-Nm316,[H]-[#6:2](-[#7:1])-[#6:3].[#8:11]=[#8:12].[H]-[#8:10]-[H]>>[#6:2](-[#6:3])=[#8:10].[H]-[#7:1].[H]-[#8:11]-[#8:12]-[H],"EVODEX.1-P1009,EVODEX.1-P1012,EVODEX.1-P1013,EVODEX.1-P934,EVODEX.1-P938",15353946530746007286755509279671678488000245873998743829600428405503848571876
EVODEX.1-Nm317,[H]-[#7](-[H])-[#6:4](-[H])-[#6:2].[H]-[#8:6]-[H]>>[#6:2]-[#6:4]=[#8:6],"EVODEX.1-P1006,EVODEX.1-P1022,EVODEX.1-P1025,EVODEX.1-P1105,EVODEX.1-P935",42780260208895554063819851300758358229165900646515545782275598085324730773031
EVODEX.1-Nm318,[H]-[#7](-[H])-[#6:2](-[H])-[#6:3].[#8:10]=[#8:11].[H]-[#8:9]-[H]>>[#6:2](-[#6:3])=[#8:9].[H]-[#8:10]-[#8:11]-[H],"EVODEX.1-P1007,EVODEX.1-P1008,EVODEX.1-P1058,EVODEX.1-P1074,EVODEX.1-P936",30124877316527407921417112963408116744564617784622186274188888166581886236504
EVODEX.1-Nm319,[H]-[#6:7](-[#6:6])-[#7:8].[H]-[#8:10]-[H]>>[#6:6]-[#6:7]=[#8:10].[H]-[#7:8],"EVODEX.1-P1010,EVODEX.1-P1023,EVODEX.1-P1024,EVODEX.1-P1065,EVODEX.1-P937",11654224110023770785329660391153859592895370391962565351108634005802630641995
EVODEX.1-Nm320,[#8]=[#6:5](-[#6:3])-[#6:7].[H]-[#8:17]-[#8:18]-[H]>>[H]-[#7](-[H])-[#6:5](-[H])(-[#6:3])-[#6:7].[#8:17]=[#8:18],"EVODEX.1-P972,EVODEX.1-P973,EVODEX.1-P976,EVODEX.1-P988,EVODEX.1-P995",18783768866773638089448781339481295214831817584133901818923791762658932473543
EVODEX.1-Nm321,[H]-[#7:1].[#8]=[#6:5](-[#6:3])-[#6:7].[H]-[#8:9]-[#8:10]-[H]>>[H]-[#6:5](-[#7:1])(-[#6:3])-[#6:7].[#8:9]=[#8:10],"EVODEX.1-P1041,EVODEX.1-P974,EVODEX.1-P982,EVODEX.1-P987,EVODEX.1-P996",67964957205609303717092060932121525981044855723626204156109718476447841032932
EVODEX.1-Nm322,[#6:3]-[#6:5](=[#8:6])-[#6:7].[H]-[#8:17]-[#8:18]-[H]>>[H]-[#7](-[H])-[#6:5](-[H])(-[#6:3])-[#6:7].[#8:17]=[#8:18].[H]-[#8:6]-[H],"EVODEX.1-P975,EVODEX.1-P983,EVODEX.1-P990,EVODEX.1-P992,EVODEX.1-P994",22830933139548226639268564413008652001844538185473638051859393856583454284276
EVODEX.1-Nm323,[H]-[#6:2](-[#7:1])-[#6:3].[#8:7]=[#8:8]>>[#8]=[#6:2]-[#6:3].[H]-[#7:1].[H]-[#8:7]-[#8:8]-[H],"EVODEX.1-P1004,EVODEX.1-P1027,EVODEX.1-P1057,EVODEX.1-P1066,EVODEX.1-P1104",13004631202751664418791186656031710265765729502688307082780461889274351809893
EVODEX.1-Nm324,[H]-[#7](-[H])-[#6:8](-[H])-[#6:9]>>[#8]=[#6:8]-[#6:9],"EVODEX.1-P1011,EVODEX.1-P1026,EVODEX.1-P1059,EVODEX.1-P2855,EVODEX.1-P2911",43881546517400851007507577174230528893326855989747373764771774388184344050753
EVODEX.1-Nm325,[#6:6]-[#6:7]=[#8:8].[H]-[#8:11]-[#8:12]-[H]>>[H]-[#7](-[H])-[#6:7](-[H])-[#6:6].[#8:11]=[#8:12].[H]-[#8:8]-[H],"EVODEX.1-P1014,EVODEX.1-P1018,EVODEX.1-P1030,EVODEX.1-P1033,EVODEX.1-P1069",106501979039324413669179126035527906901800519854115542405412061947441856547861
EVODEX.1-Nm326,[#8]=[#6:19]-[#6:18].[H]-[#7:23].[H]-[#8:24]-[#8:25]-[H]>>[H]-[#6:19](-[#6:18])-[#7:23].[#8:24]=[#8:25],"EVODEX.1-P1016,EVODEX.1-P1029,EVODEX.1-P1035,EVODEX.1-P1068,EVODEX.1-P1099",2535002561204922034690037559524694235727664701391457750746550614036254105364
EVODEX.1-Nm327,[#8]=[#6:10]-[#6:9]>>[H]-[#7](-[H])-[#6:10](-[H])-[#6:9],"EVODEX.1-P1017,EVODEX.1-P1063,EVODEX.1-P2900,EVODEX.1-P2913,EVODEX.1-P2985",42662229464001308832039857518262940554479602014315520437903587056237004015983
EVODEX.1-Nm328,[#8]=[#6:19]-[#6:18].[H]-[#8:24]-[#8:25]-[H]>>[H]-[#7](-[H])-[#6:19](-[H])-[#6:18].[#8:24]=[#8:25],"EVODEX.1-P1019,EVODEX.1-P1037,EVODEX.1-P1070,EVODEX.1-P1072,EVODEX.1-P1102",55746021022466632434704205552425582743003100357398863126424203926054545485252
EVODEX.1-Nm329,[#8:2]=[#6:3]-[#6:4]>>[H]-[#7](-[H])-[#6:3](-[H])-[#6:4].[H]-[#8:2]-[H],"EVODEX.1-P1020,EVODEX.1-P1031,EVODEX.1-P1055,EVODEX.1-P1064,EVODEX.1-P1073",113738916981453207676568155241828701267335958308516396080853675879739065422459
EVODEX.1-Nm330,[#6:18]-[#6:19]=[#8:20].[H]-[#7:23]>>[H]-[#6:19](-[#6:18])-[#7:23].[H]-[#8:20]-[H],"EVODEX.1-P1021,EVODEX.1-P1034,EVODEX.1-P1038,EVODEX.1-P1062,EVODEX.1-P1101",62010078941200458619092858159427859852876507441342686492041520750835838641642
EVODEX.1-Nm331,[H]-[#7:1].[#8:2]=[#6:3]-[#6:4].[H]-[#8:11]-[#8:12]-[H]>>[H]-[#6:3](-[#7:1])-[#6:4].[#8:11]=[#8:12].[H]-[#8:2]-[H],"EVODEX.1-P1028,EVODEX.1-P1036,EVODEX.1-P1053,EVODEX.1-P1060,EVODEX.1-P1071",103647228778079395030683810817840668720624516919832269845957060196000873277396
EVODEX.1-Nm332,[#8]=[#6:19]-[#6:18].[H]-[#7:23]>>[H]-[#6:19](-[#6:18])-[#7:23],"EVODEX.1-P1032,EVODEX.1-P1054,EVODEX.1-P1061,EVODEX.1-P1100,EVODEX.1-P1103",26992139858195994327514346384451243248466109507686377682724345194111377698242
EVODEX.1-Nm333,[H]-[#6:11](-[#7:10]-[#6:9])-[#6:12].[#8:16]=[#8:17].[H]-[#8:15]-[H]>>[#6:11](-[#6:12])=[#8:15].[H]-[#7:10]-[#6:9].[H]-[#8:16]-[#8:17]-[H],"EVODEX.1-P1039,EVODEX.1-P1075,EVODEX.1-P1082,EVODEX.1-P1093,EVODEX.1-P1163",5612519690107455269865194947320660931906753664036168547856558828949271694244
EVODEX.1-Nm334,[#6]-[#6](-[H])(-[H])-[#7:14]-[#6:15]>>[H]-[#7:14]-[#6:15],"EVODEX.1-P1076,EVODEX.1-P1080,EVODEX.1-P1088,EVODEX.1-P1095,EVODEX.1-P1096",29444420666267391485764809481036472008790155766038655783119839888675371202273
EVODEX.1-Nm335,[#6]-[#6](-[H])(-[H])-[#7:10]-[#6:9].[#8:30]=[#8:31]>>[H]-[#7:10]-[#6:9].[H]-[#8:30]-[#8:31]-[H],"EVODEX.1-P1077,EVODEX.1-P1078,EVODEX.1-P1081,EVODEX.1-P1090,EVODEX.1-P1092",75310429967331431063263894646716049790507090544064381873419452781784027545820
EVODEX.1-Nm336,[H]-[#6:9](-[#6:8])-[#7:10]-[#6:11].[H]-[#8:15]-[H]>>[H]-[#7:10]-[#6:11].[#6:8]-[#6:9]=[#8:15],"EVODEX.1-P1083,EVODEX.1-P1086,EVODEX.1-P1094,EVODEX.1-P1154,EVODEX.1-P1166",69884135596527292063163321365344435150313591721610940271255190922697253270913
EVODEX.1-Nm337,[H]-[#6:7](-[#7:6]-[#6:5])-[#6:8].[#8:12]=[#8:13]>>[#8]=[#6:7]-[#6:8].[H]-[#7:6]-[#6:5].[H]-[#8:12]-[#8:13]-[H],"EVODEX.1-P1084,EVODEX.1-P1087,EVODEX.1-P1162,EVODEX.1-P1164,EVODEX.1-P1165",103899961629502355196319160488090917823402787306857069163317458789261005595353
EVODEX.1-Nm338,[#6:1]-[#6:2](=[#7:3]-[#6:4])-[#6:11]>>[H]-[#6:2](-[#6:1])(-[#7:3](-[H])-[#6:4])-[#6:11],"EVODEX.1-P1140,EVODEX.1-P1144,EVODEX.1-P1145,EVODEX.1-P1146,EVODEX.1-P1147",14777821612835428385402830201687291477945326589095538382033025202203515800390
EVODEX.1-Nm339,[H]-[#6](=[#8])-[#7:12](-[#6:11])-[#6:15]>>[H]-[#7:12](-[#6:11])-[#6:15],"EVODEX.1-P1148,EVODEX.1-P1326,EVODEX.1-P1327,EVODEX.1-P1331,EVODEX.1-P1335",53068889507257729813155022526199856551711231101157779891525779729666159488413
EVODEX.1-Nm340,[H]-[#6:1]-[#7:2]-[#6:3].[H]-[#8:12]-[H]>>[#6:1]=[#8:12].[H]-[#7:2]-[#6:3],"EVODEX.1-P1151,EVODEX.1-P1160,EVODEX.1-P1175,EVODEX.1-P1178,EVODEX.1-P1181",72756172130775069765812377228397603133405325281403410010912618384972085267567
EVODEX.1-Nm341,[H]-[#6:1]-[#7:2]-[#6:3].[#8:13]=[#8:14]>>[#8]=[#6:1].[H]-[#7:2]-[#6:3].[H]-[#8:13]-[#8:14]-[H],"EVODEX.1-P1152,EVODEX.1-P1158,EVODEX.1-P1161,EVODEX.1-P1169,EVODEX.1-P1184",43464547212065088200739749454860099766649466741507108502197664641416728065399
EVODEX.1-Nm342,[H]-[#6](-[H])(-[H])-[#7:6]-[#6:5].[#8:12]=[#8:13]>>[H]-[#7:6]-[#6:5].[H]-[#8:12]-[#8:13]-[H],"EVODEX.1-P1153,EVODEX.1-P1168,EVODEX.1-P1170,EVODEX.1-P1173,EVODEX.1-P1176",4480549732087635432809113267956634775036981917084435560022101232210977358747
EVODEX.1-Nm343,[H]-[#6:1]-[#7:2]-[#6:3].[#8:13]=[#8:14].[H]-[#8:12]-[H]>>[#6:1]=[#8:12].[H]-[#7:2]-[#6:3].[H]-[#8:13]-[#8:14]-[H],"EVODEX.1-P1156,EVODEX.1-P1159,EVODEX.1-P1167,EVODEX.1-P1180,EVODEX.1-P1182",27138576965514347292064332044196207952714610374167040064256850746075528791862
EVODEX.1-Nm344,[H]-[#6:1]-[#7:2]-[#6:3]>>[#8]=[#6:1].[H]-[#7:2]-[#6:3],"EVODEX.1-P1157,EVODEX.1-P1171,EVODEX.1-P1174,EVODEX.1-P1177,EVODEX.1-P1183",89863274391245773283469911834492896040867756202256572695523576454318727668571
EVODEX.1-Nm345,[#6:56]-[#7:57]-[#8:58]>>[H]-[#7:57]-[#6:56].[H]-[#8:58],"EVODEX.1-P1199,EVODEX.1-P1201,EVODEX.1-P1203,EVODEX.1-P1206,EVODEX.1-P1208",6814852929650887661130912829842458008476160981430275149243128871063129095799
EVODEX.1-Nm346,[H]-[#8]-[#7:2]-[#6:1]>>[H]-[#7:2]-[#6:1],"EVODEX.1-P1200,EVODEX.1-P1202,EVODEX.1-P1204,EVODEX.1-P1205,EVODEX.1-P1207",100116588243660453460055884926246393266246654223156949410259443791765407198504
EVODEX.1-Nm347,[#6:104]-[#7:105]=[#7:106]-[#6:107]>>[H]-[#7:106](-[H])-[#6:107].[H]-[#7:105](-[H])-[#6:104],"EVODEX.1-P1209,EVODEX.1-P1211,EVODEX.1-P1215,EVODEX.1-P1216,EVODEX.1-P1217",3652459716674903990026247901638484531728192889851508334018458682051835060134
EVODEX.1-Nm348,[H]-[#7:101](-[H])-[#6:102].[H]-[#7:89](-[H])-[#6:90]>>[#7:89](-[#6:90])=[#7:101]-[#6:102],"EVODEX.1-P1210,EVODEX.1-P1212,EVODEX.1-P1213,EVODEX.1-P1214,EVODEX.1-P1218",65584326832651190537758626048435275925844939645162446636234362877989396008178
EVODEX.1-Nm349,[#6:9]-[#16:10]-[#16:11]-[#6:12]>>[H]-[#16:10]-[#6:9].[H]-[#16:11]-[#6:12],"EVODEX.1-P1219,EVODEX.1-P1220,EVODEX.1-P1221,EVODEX.1-P1222,EVODEX.1-P1223",39252703617161316536387382561203766526842294234605903127377650594148226998316
EVODEX.1-Nm350,[H]-[#6](-[H])(-[H])-[#16:2](-[#6:3])-[#6:10]>>[#16:2](-[#6:3])-[#6:10],"EVODEX.1-P1224,EVODEX.1-P1274,EVODEX.1-P1315,EVODEX.1-P1316,EVODEX.1-P1317",25904967870297393784558035039159914426702083372783272806733570614884372073410
EVODEX.1-Nm351,[#6]-[#16](-[#6])-[#6:1].[H]-[#7:28]-[#6:29]>>[#6:1]-[#7:28]-[#6:29],"EVODEX.1-P1225,EVODEX.1-P1276,EVODEX.1-P1279,EVODEX.1-P1283,EVODEX.1-P1287",40354315867622323239339616595148221659817764390802738213084213317415702201619
EVODEX.1-Nm352,[H]-[#8:12]-[#6:11].[#6]-[#16](-[#6])-[#6:23]>>[#6:11]-[#8:12]-[#6:23],"EVODEX.1-P1227,EVODEX.1-P1260,EVODEX.1-P1261,EVODEX.1-P1271,EVODEX.1-P1307",68720181622305791045548546410790687583005580984877784815739892233512733133111
EVODEX.1-Nm353,[H]-[#8:19]-[#6:18].[#6:25]-[#16:26](-[#6:27])-[#6:34]>>[#6:18]-[#8:19]-[#6:25].[#16:26](-[#6:27])-[#6:34],"EVODEX.1-P1228,EVODEX.1-P1231,EVODEX.1-P1246,EVODEX.1-P1294,EVODEX.1-P1308",104917760805689880787781962972274610542292766379344661431162465358630945972885
EVODEX.1-Nm354,[H]-[#7:19](-[#6:18])-[#6:20].[#6]-[#16](-[#6])-[#6:29]>>[#6:18]-[#7:19](-[#6:29])-[#6:20],"EVODEX.1-P1229,EVODEX.1-P1278,EVODEX.1-P1289,EVODEX.1-P1291,EVODEX.1-P1324",28110646483376520107006636411349565527791838597493362715763805557444391351709
EVODEX.1-Nm355,[H]-[#8]-[#6:1].[H]-[#8:12]-[#6:10]>>[#6:1]-[#8:12]-[#6:10],"EVODEX.1-P1230,EVODEX.1-P1262,EVODEX.1-P1263,EVODEX.1-P1309,EVODEX.1-P4058",78309227735330892693660906556172469149264240907308306204421405333183354960992
EVODEX.1-Nm356,[#6:1]-[#16:2](-[#6:3])-[#6:10].[H]-[#7:28]-[#6:29]>>[#6:1]-[#7:28]-[#6:29].[#16:2](-[#6:3])-[#6:10],"EVODEX.1-P1232,EVODEX.1-P1238,EVODEX.1-P1264,EVODEX.1-P1272,EVODEX.1-P1310",40543414886590992948071730636013510832242856651387221517769760733342163329299
EVODEX.1-Nm357,[H]-[#7:2](-[#6:1])-[#6:3].[#6:8]-[#16:9](-[#6:10])-[#6:17]>>[#6:1]-[#7:2](-[#6:3])-[#6:8].[#16:9](-[#6:10])-[#6:17],"EVODEX.1-P1233,EVODEX.1-P1277,EVODEX.1-P1282,EVODEX.1-P1290,EVODEX.1-P1292",89560497479347239300313763224884726283440834104667888586902108362027244610014
EVODEX.1-Nm358,[H]-[#7:6](-[#6:1])-[#6:5]>>[H]-[#6](-[H])(-[H])-[#7:6](-[#6:1])-[#6:5],"EVODEX.1-P1234,EVODEX.1-P1265,EVODEX.1-P1281,EVODEX.1-P1288,EVODEX.1-P1323",89670578302664306374205449461443657290196804116434564326378455417657136535632
EVODEX.1-Nm359,[#6:1]-[#8:2]-[#6:3]>>[#6]-[#16](-[#6])-[#6:1].[H]-[#8:2]-[#6:3],"EVODEX.1-P1235,EVODEX.1-P1236,EVODEX.1-P1241,EVODEX.1-P1242,EVODEX.1-P1306",12001396298282218576531954488890144350758310273982576472106679137406257084294
EVODEX.1-Nm360,[#6:1]-[#8:2]-[#6:3].[#6:28]-[#16:29]-[#6:30]>>[#6:1]-[#16:29](-[#6:28])-[#6:30].[H]-[#8:2]-[#6:3],"EVODEX.1-P1237,EVODEX.1-P1240,EVODEX.1-P1243,EVODEX.1-P1293,EVODEX.1-P1305",85406241764273591120096066857072346797811429248417439511060597642503957343365
EVODEX.1-Nm361,[H]-[#6:4](=[#6:2](-[#6:1])-[#6:3])-[#6:5].[#6]-[#16](-[#6])-[#6:32]-[H]>>[H]-[#6:2](-[#6:1])(-[#6:3])-[#6:4](-[#6:5])=[#6:32],"EVODEX.1-P1247,EVODEX.1-P1251,EVODEX.1-P1253,EVODEX.1-P1259,EVODEX.1-P1286",42240013657791352908892327328077132689028615241197241142638621639195592886212
EVODEX.1-Nm362,[H]-[#6:25](-[#6:24])=[#6:26](-[#6:27])-[#6:28]>>[H]-[#6](-[H])=[#6:25](-[#6:24])-[#6:26](-[H])(-[#6:27])-[#6:28],"EVODEX.1-P1248,EVODEX.1-P1252,EVODEX.1-P1255,EVODEX.1-P1257,EVODEX.1-P1285",37616101638321203164561306392541733852864366008805555912114679665641996690584
EVODEX.1-Nm363,[H]-[#6:4](=[#6:2](-[#6:1])-[#6:3])-[#6:5].[H]-[#6:29]-[#16:30](-[#6:31])-[#6:38]>>[H]-[#6:2](-[#6:1])(-[#6:3])-[#6:4](-[#6:5])=[#6:29].[#16:30](-[#6:31])-[#6:38],"EVODEX.1-P1249,EVODEX.1-P1250,EVODEX.1-P1254,EVODEX.1-P1256,EVODEX.1-P1258",68239341295905675406512657363032968256603986662218067877761194453574867859101
EVODEX.1-Nm364,[#7:1]-[#6:2]-[#6:3].[H]-[#7:9]-[#6:10]>>[#6:2](-[#6:3])-[#7:9]-[#6:10].[H]-[#7:1],"EVODEX.1-P1269,EVODEX.1-P1270,EVODEX.1-P2614,EVODEX.1-P2615,EVODEX.1-P2616",73834200671283706519263499620001294180100017900364165860111958730857869126276
EVODEX.1-Nm365,[H]-[#16:35]-[#6:34]>>[H]-[#6](-[H])(-[H])-[#16:35]-[#6:34],"EVODEX.1-P1280,EVODEX.1-P1295,EVODEX.1-P1296,EVODEX.1-P1298,EVODEX.1-P1303",1066310269255109731134988414427184405831790970446273561197003569988433289833
EVODEX.1-Nm366,[#6:1]-[#16:2]-[#6:3]>>[H]-[#6](-[H])(-[H])-[#16:2](-[#6:1])-[#6:3],"EVODEX.1-P1284,EVODEX.1-P1319,EVODEX.1-P1320,EVODEX.1-P1321,EVODEX.1-P1322",47644412581853216616029010912061536427588602527399228851438995057844782542649
EVODEX.1-Nm367,[H]-[#7:92]-[#6:91].[#6:11]-[#7:12](-[#6:13]=[#8:14])-[#6:15]>>[#6:13](=[#8:14])-[#7:92]-[#6:91].[H]-[#7:12](-[#6:11])-[#6:15],"EVODEX.1-P1325,EVODEX.1-P1328,EVODEX.1-P1332,EVODEX.1-P1333,EVODEX.1-P1334",12337292912026024938331015279721162883207446324118787976200546400861158211788
EVODEX.1-Nm368,[H]-[#7:6]-[#6:5]>>[H]-[#6](=[#8])-[#7:6]-[#6:5],"EVODEX.1-P1329,EVODEX.1-P1330,EVODEX.1-P1336,EVODEX.1-P5792,EVODEX.1-P5793",49840128555911174758446498567775545325408513613377767954356521053870635766857
EVODEX.1-Nm369,[H]-[#6:1]-[#6:2].[#6:10]-[#6:11]-[#6:12](=[#8:13])-[#8:14]>>[#6:1](-[#6:2])-[#6:12](=[#8:13])-[#8:14].[H]-[#6:11]-[#6:10],"EVODEX.1-P1337,EVODEX.1-P1338,EVODEX.1-P1339,EVODEX.1-P1341,EVODEX.1-P3045",64598805518167209266894179962028227032670210088116378320869120508990868865937
EVODEX.1-Nm370,[H]-[#7:9]-[#6:10]>>[#7]-[#6](=[#8])-[#7:9]-[#6:10],"EVODEX.1-P1342,EVODEX.1-P1344,EVODEX.1-P1351,EVODEX.1-P1353,EVODEX.1-P1356",114715205382490953590558330842232979890172259591653559467731774214200876779588
EVODEX.1-Nm371,[#7:1]-[#6:2](=[#8:3])-[#8:4]-[#15:5].[H]-[#7:9]-[#6:10]>>[#7:1]-[#6:2](=[#8:3])-[#7:9]-[#6:10].[H]-[#8:4]-[#15:5],"EVODEX.1-P1343,EVODEX.1-P1346,EVODEX.1-P1348,EVODEX.1-P1354,EVODEX.1-P1357",67191901952986847327597169389021745161279503875853601774599568155539123874319
EVODEX.1-Nm372,[#15]-[#8]-[#6:2](-[#7:1])=[#8:3].[H]-[#7:9]-[#6:10]>>[#7:1]-[#6:2](=[#8:3])-[#7:9]-[#6:10],"EVODEX.1-P1345,EVODEX.1-P1347,EVODEX.1-P1350,EVODEX.1-P1352,EVODEX.1-P1355",110849021945987020318536465965701465373472531258844461369797923428703798474683
EVODEX.1-Nm373,[#7]-[#6](=[#8])-[#7:4]-[#6:5]>>[H]-[#7:4]-[#6:5],"EVODEX.1-P1349,EVODEX.1-P5709,EVODEX.1-P5733,EVODEX.1-P5782,EVODEX.1-P5796",44992922963278559939080320863634300097383548724550339528573610582647442801215
EVODEX.1-Nm374,[H]-[#7:9]-[#6:10].[#7:1]=[#6:2](-[#7:3])-[#7:4]-[#6:5]>>[H]-[#7:4]-[#6:5].[#7:1]=[#6:2](-[#7:3])-[#7:9]-[#6:10],"EVODEX.1-P1358,EVODEX.1-P1360,EVODEX.1-P1361,EVODEX.1-P1363,EVODEX.1-P1365",14064136131573224966502297975463412976310664170910772083119808714677258546816
EVODEX.1-Nm375,[H]-[#7:191]-[#6:190]>>[#7]=[#6](-[#7])-[#7:191]-[#6:190],"EVODEX.1-P1359,EVODEX.1-P1362,EVODEX.1-P1364,EVODEX.1-P1366,EVODEX.1-P5279",78486593707426124514038662164453083854305920008207547917279592402940556400530
EVODEX.1-Nm376,[H]-[#8:6]-[#6:4](-[#6:2](-[#6:1])=[#8:3])=[#8:5].[#8:7]=[#6:8]-[#6:9]>>[#6:4](=[#8:5])=[#8:6].[H]-[#8:7]-[#6:8](-[#6:2](-[#6:1])=[#8:3])-[#6:9],"EVODEX.1-P1368,EVODEX.1-P1391,EVODEX.1-P1394,EVODEX.1-P1397,EVODEX.1-P1399",71685605503152712771421847278519696745953513931997873432329211120764058182345
EVODEX.1-Nm377,[#8:10]=[#6:11]-[#6:12].[#8]-[#6](=[#8])-[#6:5](-[#6:4])=[#8:6]>>[H]-[#8:10]-[#6:11](-[#6:5](-[#6:4])=[#8:6])-[#6:12],"EVODEX.1-P1369,EVODEX.1-P1371,EVODEX.1-P1395,EVODEX.1-P1400,EVODEX.1-P1404",99850708912134649431918683019643771308255027241888940902635850077371677331432
EVODEX.1-Nm378,[#8]-[#6](=[#8])-[#6:12](-[#6:11])=[#8:13].[#6:2]-[#6:4]=[#6:5]-[#6:6]>>[H]-[#6:4](-[#6:2])-[#6:5](-[#6:6])-[#6:12](-[#6:11])=[#8:13],"EVODEX.1-P1373,EVODEX.1-P1375,EVODEX.1-P1377,EVODEX.1-P1383,EVODEX.1-P1386",32162954504126039095388225214622840152486483428832713474022330658798421843100
EVODEX.1-Nm379,[H]-[#8:6]-[#6:4](-[#6:2](-[#6:1])=[#8:3])=[#8:5].[#6:12]-[#6:13]=[#6:14]-[#6:15]>>[#6:4](=[#8:5])=[#8:6].[H]-[#6:14](-[#6:13](-[#6:2](-[#6:1])=[#8:3])-[#6:12])-[#6:15],"EVODEX.1-P1374,EVODEX.1-P1378,EVODEX.1-P1379,EVODEX.1-P1381,EVODEX.1-P1382",59743375698370177702050763650455794289167874946348444182365604962946460691048
EVODEX.1-Nm380,[#6:2]-[#6:4]=[#6:5]-[#6:6]>>[#6]-[#6](=[#8])-[#6:5](-[#6:4](-[H])-[#6:2])-[#6:6],"EVODEX.1-P1376,EVODEX.1-P1380,EVODEX.1-P1384,EVODEX.1-P1385,EVODEX.1-P1387",27375000037729994202135312747733279548593735467537919926375833173461373125288
EVODEX.1-Nm381,[H]-[#8:12]-[#6:10](-[#6:8](-[#6:7])=[#8:9])=[#8:11]>>[#6:10](=[#8:11])=[#8:12].[H]-[#6:8](-[#6:7])=[#8:9],"EVODEX.1-P1393,EVODEX.1-P6140,EVODEX.1-P6190,EVODEX.1-P6194,EVODEX.1-P6195",103803904139095282881185966693673701362246830817363552891222725054832909415613
EVODEX.1-Nm382,[H]-[#6:1]-[#6:2].[#6:5]-[#6:6]-[#6:7]>>[#6:1](-[#6:2])-[#6:5].[H]-[#6:6]-[#6:7],"EVODEX.1-P1401,EVODEX.1-P2848,EVODEX.1-P3060,EVODEX.1-P3064,EVODEX.1-P3784",5533025125034263480613599278941969029970444235037873997113600327871956776595
EVODEX.1-Nm383,[H]-[#6:1]-[#6:2]>>[H]-[#6](-[H])(-[H])-[#6:1]-[#6:2],"EVODEX.1-P1402,EVODEX.1-P3028,EVODEX.1-P3061,EVODEX.1-P3071,EVODEX.1-P3786",7160881732106515495299254641624859107663164723630719505603579016465612280050
EVODEX.1-Nm384,[#6:1]-[#6:2](=[#8:3])-[#16:4]-[#6:5].[H]-[#8:67]-[#7:66]>>[#6:1]-[#6:2](=[#8:3])-[#8:67]-[#7:66].[H]-[#16:4]-[#6:5],"EVODEX.1-P1440,EVODEX.1-P1441,EVODEX.1-P1443,EVODEX.1-P1445,EVODEX.1-P1450",65448920808086701200623319992398591956326063976842407662838836589739127006166
EVODEX.1-Nm385,[#6]-[#16]-[#6:2](-[#6:1])=[#8:3].[H]-[#8:67]-[#7:66]>>[#6:1]-[#6:2](=[#8:3])-[#8:67]-[#7:66],"EVODEX.1-P1442,EVODEX.1-P1444,EVODEX.1-P1446,EVODEX.1-P1449,EVODEX.1-P1451",20050854514370488528594619985289836905815966760047622745366829270320521743421
EVODEX.1-Nm386,[#6:5]-[#6:6](=[#8:7])-[#16:8]-[#6:9].[H]-[#6:61](-[#6:60])(-[#8:62])-[#6:63]>>[#6:5]-[#6:6](=[#8:7])-[#6:61](-[#6:60])(-[#8:62])-[#6:63].[H]-[#16:8]-[#6:9],"EVODEX.1-P1496,EVODEX.1-P1510,EVODEX.1-P1514,EVODEX.1-P1516,EVODEX.1-P1848",67677209694274337805607018371690727569252982383512015247861050625401671982893
EVODEX.1-Nm387,[#6:53]-[#6:54](-[#8:55])(-[#6:56])-[#6:60](=[#8:61])-[#6:62]>>[#6]-[#16]-[#6:60](=[#8:61])-[#6:62].[H]-[#6:54](-[#6:53])(-[#8:55])-[#6:56],"EVODEX.1-P1499,EVODEX.1-P1504,EVODEX.1-P1509,EVODEX.1-P1511,EVODEX.1-P1852",81018922009069956886350046900030036730007556067227074752024241686623630320139
EVODEX.1-Nm388,[#6]-[#16]-[#6:49](=[#8:50])-[#6:51].[H]-[#6:58](-[#6:57])(-[#8:59])-[#6:60]>>[#6:49](=[#8:50])(-[#6:51])-[#6:58](-[#6:57])(-[#8:59])-[#6:60],"EVODEX.1-P1501,EVODEX.1-P1505,EVODEX.1-P1508,EVODEX.1-P1849,EVODEX.1-P1851",102079532531380806581206289519541275216815727362650149795167428289195788182310
EVODEX.1-Nm389,[H]-[#16:48]-[#6:47].[#6:53]-[#6:54](=[#8:55])-[#6:56](-[#8:57])(-[#6:58])-[#6:62]>>[#6:47]-[#16:48]-[#6:54](-[#6:53])=[#8:55].[H]-[#6:56](-[#8:57])(-[#6:58])-[#6:62],"EVODEX.1-P1502,EVODEX.1-P1503,EVODEX.1-P1506,EVODEX.1-P1850,EVODEX.1-P1854",63445616522900392552400288300473568917794592145708448963484923615398181965872
EVODEX.1-Nm390,[H]-[#6:1]-[#6:2].[#6]-[#16]-[#6:30](-[#6:29])=[#8:31]>>[#6:1](-[#6:2])-[#6:30](-[#6:29])=[#8:31],"EVODEX.1-P1570,EVODEX.1-P1577,EVODEX.1-P1714,EVODEX.1-P1774,EVODEX.1-P2086",2451480215317699585450253072115583354657838322957480975505144925059025313124
EVODEX.1-Nm391,[#6:1]-[#6:2](=[#8:3])-[#6:4]-[#6:5].[H]-[#16:104]-[#6:103]>>[#6:1]-[#6:2](=[#8:3])-[#16:104]-[#6:103].[H]-[#6:4]-[#6:5],"EVODEX.1-P1571,EVODEX.1-P2076,EVODEX.1-P2079,EVODEX.1-P2083,EVODEX.1-P2089",49122840453328355334763227706125766352221126444102757727080788760501542952847
EVODEX.1-Nm392,[#6:71]-[#6:72](=[#8:73])-[#16:74]-[#6:75]>>[#6]-[#6](-[H])(-[H])-[#6:72](-[#6:71])=[#8:73].[H]-[#16:74]-[#6:75],"EVODEX.1-P1572,EVODEX.1-P1579,EVODEX.1-P1647,EVODEX.1-P1658,EVODEX.1-P1660",39119763909109260752088318331141541563496713681606861384467191406710675095155
EVODEX.1-Nm393,[#6:1]-[#6:2](=[#8:3])-[#16:4]-[#6:5].[H]-[#6:52]-[#6:53]>>[#6:1]-[#6:2](=[#8:3])-[#6:52]-[#6:53].[H]-[#16:4]-[#6:5],"EVODEX.1-P1573,EVODEX.1-P1713,EVODEX.1-P1769,EVODEX.1-P2084,EVODEX.1-P2088",112819968096241993704580737339705486005316462472449692488583452366310482407041
EVODEX.1-Nm394,[#6:1]-[#6:2](=[#8:3])-[#6:4]-[#6:5]>>[#6]-[#16]-[#6:2](-[#6:1])=[#8:3].[H]-[#6:4]-[#6:5],"EVODEX.1-P1574,EVODEX.1-P1576,EVODEX.1-P2078,EVODEX.1-P2081,EVODEX.1-P2085",53774905216138759764997345981241258889280415830153085092400804594277542025460
EVODEX.1-Nm395,[#6]-[#16]-[#6:54](-[#6:53])=[#8:55]>>[#6]-[#6](-[H])(-[H])-[#6:54](-[#6:53])=[#8:55],"EVODEX.1-P1575,EVODEX.1-P1578,EVODEX.1-P1652,EVODEX.1-P1659,EVODEX.1-P2090",68749618334293548452160086087255554295934595894667140125789588283692795305097
EVODEX.1-Nm396,[H]-[#6:51](-[#6:49])-[#6:52]>>[H]-[#6](-[H])(-[H])-[#6:51](-[#6:49])-[#6:52],"EVODEX.1-P1586,EVODEX.1-P3030,EVODEX.1-P3053,EVODEX.1-P3059,EVODEX.1-P3804",68126988199904464116434258369929780768750290084253255393289754175315901153498
EVODEX.1-Nm397,[#6:1]-[#6:2](=[#8:3])-[#16:4]-[#6:5].[H]-[#7:67](-[#6:66])-[#6:68]>>[#6:1]-[#6:2](=[#8:3])-[#7:67](-[#6:66])-[#6:68].[H]-[#16:4]-[#6:5],"EVODEX.1-P1589,EVODEX.1-P1827,EVODEX.1-P2065,EVODEX.1-P2069,EVODEX.1-P2071",62046329314401416044125981124721867432801165639386409609503613304884468647840
EVODEX.1-Nm398,[#6]-[#16]-[#6:2](-[#6:1])=[#8:3].[H]-[#7:70](-[#6:69])-[#6:71]>>[#6:1]-[#6:2](=[#8:3])-[#7:70](-[#6:69])-[#6:71],"EVODEX.1-P1590,EVODEX.1-P1853,EVODEX.1-P2068,EVODEX.1-P2070,EVODEX.1-P2072",14013113323024334268608914921334246720637963933858985050607702156318330734934
EVODEX.1-Nm399,[#6:47]-[#16:48]-[#6:49](=[#8:50])-[#6:51].[H]-[#16:67]-[#6:66]>>[#6:49](=[#8:50])(-[#6:51])-[#16:67]-[#6:66].[H]-[#16:48]-[#6:47],"EVODEX.1-P1593,EVODEX.1-P1595,EVODEX.1-P1689,EVODEX.1-P1691,EVODEX.1-P1829",5257918977833784564732561683708453625037009266803701888433784515318930476736
EVODEX.1-Nm400,[H]-[#16:27]-[#6:26].[#6]-[#16]-[#6:43](-[#6:42])=[#8:44]>>[#6:26]-[#16:27]-[#6:43](-[#6:42])=[#8:44],"EVODEX.1-P1594,EVODEX.1-P1596,EVODEX.1-P1828,EVODEX.1-P1860,EVODEX.1-P1861",26504404646856974315654698106586888255983901601972380766737164876584135008601
EVODEX.1-Nm401,[#6]-[#16]-[#6:6](-[#6:5])=[#8:7]>>[#15]-[#8]-[#6:6](-[#6:5])=[#8:7],"EVODEX.1-P1624,EVODEX.1-P1628,EVODEX.1-P1633,EVODEX.1-P1636,EVODEX.1-P1642",64449240514939995916102632658651685672614894089268628590142822663714838911079
EVODEX.1-Nm402,[#6:1]-[#6:2](=[#8:3])-[#16:4]-[#6:5].[H]-[#8:50]-[#15:49]>>[#6:1]-[#6:2](=[#8:3])-[#8:50]-[#15:49].[H]-[#16:4]-[#6:5],"EVODEX.1-P1625,EVODEX.1-P1630,EVODEX.1-P1631,EVODEX.1-P1638,EVODEX.1-P2063",65059933214467928297665451968220858972976025024297897140814545586003142232839
EVODEX.1-Nm403,[#6:5]-[#6:6](=[#8:7])-[#16:8]-[#6:9]>>[#15]-[#8]-[#6:6](-[#6:5])=[#8:7].[H]-[#16:8]-[#6:9],"EVODEX.1-P1626,EVODEX.1-P1634,EVODEX.1-P1637,EVODEX.1-P1640,EVODEX.1-P1643",19834095534459046968989660213924040929226658025047196826376522496832191605762
EVODEX.1-Nm404,[#6]-[#16]-[#6:6](-[#6:5])=[#8:7].[H]-[#8:58]-[#15:57]>>[#6:5]-[#6:6](=[#8:7])-[#8:58]-[#15:57],"EVODEX.1-P1627,EVODEX.1-P1632,EVODEX.1-P1635,EVODEX.1-P1639,EVODEX.1-P1641",53220510066396252906700152140450709951231999253840866724966988102271487622934
EVODEX.1-Nm405,[H]-[#16:48]-[#6:47].[#15:64]-[#8:67]-[#6:68](=[#8:69])-[#6:70]>>[#6:47]-[#16:48]-[#6:68](=[#8:69])-[#6:70].[H]-[#8:67]-[#15:64],"EVODEX.1-P1629,EVODEX.1-P1688,EVODEX.1-P2062,EVODEX.1-P6776,EVODEX.1-P6888",48357153116419369535678259940417741690824948763840559851968344630628278166693
EVODEX.1-Nm406,[H]-[#8:54]-[#6:52](-[#6:51]-[#6:49])=[#8:53].[#6:101]-[#16:102]-[#6:103](=[#8:104])-[#6:105]>>[#6:52](=[#8:53])=[#8:54].[#6:49]-[#6:51]-[#6:103](=[#8:104])-[#6:105].[H]-[#16:102]-[#6:101],"EVODEX.1-P1646,EVODEX.1-P1648,EVODEX.1-P1653,EVODEX.1-P1655,EVODEX.1-P1712",101544884608160438668337177488008973452125741918807418624288319488905970362546
EVODEX.1-Nm407,[H]-[#8:54]-[#6:52](-[#6:51]-[#6:49])=[#8:53].[#6]-[#16]-[#6:70](-[#6:69])=[#8:71]>>[#6:52](=[#8:53])=[#8:54].[#6:49]-[#6:51]-[#6:70](-[#6:69])=[#8:71],"EVODEX.1-P1649,EVODEX.1-P1654,EVODEX.1-P1656,EVODEX.1-P1657,EVODEX.1-P1661",99489051705689065254446446083089815110561969345738405070306566273150846750931
EVODEX.1-Nm408,[#6:43]-[#6:44]-[#16:45]-[#6:46].[H]-[#16:18]-[#6:16]>>[#6:16]-[#16:18]-[#6:44]-[#6:43].[H]-[#16:45]-[#6:46],"EVODEX.1-P1690,EVODEX.1-P1692,EVODEX.1-P1693,EVODEX.1-P1694,EVODEX.1-P1862",34233259517721129911766389469490798066420679392544102569142661698337755993811
EVODEX.1-Nm409,[H]-[#6:1]-[#6:2]>>[#6]-[#6](=[#8])-[#6:1]-[#6:2],"EVODEX.1-P1715,EVODEX.1-P1770,EVODEX.1-P1775,EVODEX.1-P2082,EVODEX.1-P2087",11939656286112870917918510110782613357242796139319117968444444422522576781511
EVODEX.1-Nm410,[H]-[#7:70](-[#6:69])-[#6:71]>>[#6]-[#6](=[#8])-[#7:70](-[#6:69])-[#6:71],"EVODEX.1-P1716,EVODEX.1-P1768,EVODEX.1-P1822,EVODEX.1-P1823,EVODEX.1-P2073",82675596740108709770510947222849604909763238175695777626557771604210305237965
EVODEX.1-Nm411,[#6:11]-[#6:12](=[#8:13])-[#16:14]-[#6:15].[H]-[#8:68]-[#6:66](-[#6:63](-[#7:62])-[#6:64])=[#8:67]>>[#6:66](=[#8:67])=[#8:68].[#6:11]-[#6:12](=[#8:13])-[#6:63](-[#7:62])-[#6:64].[H]-[#16:14]-[#6:15],"EVODEX.1-P1756,EVODEX.1-P1764,EVODEX.1-P1778,EVODEX.1-P1784,EVODEX.1-P1793",15238264173623941165421285503354689969927509106838248579768076704830688974444
EVODEX.1-Nm412,[#6]-[#16]-[#6:12](-[#6:11])=[#8:13].[H]-[#8:68]-[#6:66](-[#6:63](-[#7:62])-[#6:64])=[#8:67]>>[#6:66](=[#8:67])=[#8:68].[#6:11]-[#6:12](=[#8:13])-[#6:63](-[#7:62])-[#6:64],"EVODEX.1-P1757,EVODEX.1-P1760,EVODEX.1-P1761,EVODEX.1-P1779,EVODEX.1-P1794",4536035627405080052277710643002258876195310312365618819415819461877450431814
EVODEX.1-Nm413,[#6]-[#16]-[#6:20](-[#6:19])=[#8:21].[#8]-[#6](=[#8])-[#6:71](-[#7:70])-[#6:72]>>[#6:19]-[#6:20](=[#8:21])-[#6:71](-[#7:70])-[#6:72],"EVODEX.1-P1758,EVODEX.1-P1759,EVODEX.1-P1762,EVODEX.1-P1787,EVODEX.1-P1792",47215565203886005593661230744424143319585820215157874239556387313430581509539
EVODEX.1-Nm414,[#6:19]-[#6:20](=[#8:21])-[#16:22]-[#6:23]>>[#6]-[#6](-[H])(-[#7])-[#6:20](-[#6:19])=[#8:21].[H]-[#16:22]-[#6:23],"EVODEX.1-P1763,EVODEX.1-P1777,EVODEX.1-P1781,EVODEX.1-P1783,EVODEX.1-P1791",18042565170768507865212226193509730967940220810211067249476908932353598233529
EVODEX.1-Nm415,[#6:11]-[#6:12](=[#8:13])-[#16:14]-[#6:15].[#8]-[#6](=[#8])-[#6:63](-[#7:62])-[#6:64]>>[#6:11]-[#6:12](=[#8:13])-[#6:63](-[#7:62])-[#6:64].[H]-[#16:14]-[#6:15],"EVODEX.1-P1765,EVODEX.1-P1782,EVODEX.1-P1786,EVODEX.1-P1790,EVODEX.1-P1796",13222809733870095307841468001514362264920531188191389071128392599453309203667
EVODEX.1-Nm416,[#6]-[#16]-[#6:12](-[#6:11])=[#8:13]>>[#6]-[#6](-[H])(-[#7])-[#6:12](-[#6:11])=[#8:13],"EVODEX.1-P1780,EVODEX.1-P1785,EVODEX.1-P1788,EVODEX.1-P1789,EVODEX.1-P1795",9805436274817366348694297690611040219802592057829458147181035033561737879710
EVODEX.1-Nm417,[#6]-[#6](=[#8])-[#6:4]-[#6:5]>>[H]-[#6:4]-[#6:5],"EVODEX.1-P2077,EVODEX.1-P2080,EVODEX.1-P6037,EVODEX.1-P6071,EVODEX.1-P6073",225559106462388053902186004395170781685825985604341480193429058387361186964
EVODEX.1-Nm418,[H]-[#7:11]-[#6:12].[H]-[#7](-[H])-[#6:2](=[#8:3])-[#6:4]>>[#6:2](=[#8:3])(-[#6:4])-[#7:11]-[#6:12],"EVODEX.1-P2119,EVODEX.1-P2123,EVODEX.1-P2126,EVODEX.1-P2138,EVODEX.1-P5465",67389231938539601797017056294473345671090663475344016692720122283412079372385
EVODEX.1-Nm419,[H]-[#7](-[H])-[#6:2]-[#6:3].[H]-[#7:9]-[#6:10]>>[#6:2](-[#6:3])-[#7:9]-[#6:10],"EVODEX.1-P2120,EVODEX.1-P2143,EVODEX.1-P2612,EVODEX.1-P2613,EVODEX.1-P2617",82994123135387584677685870247389622752647342738332837386464477803260833789702
EVODEX.1-Nm420,[#6:5]-[#6:6](-[#7:7])-[#6:8].[H]-[#7:15]-[#6:16]>>[#6:5]-[#6:6](-[#7:15]-[#6:16])-[#6:8].[H]-[#7:7],"EVODEX.1-P2121,EVODEX.1-P2124,EVODEX.1-P5466,EVODEX.1-P5490,EVODEX.1-P5497",83125083756100296096839991874612768389456927603651281647389460336506294786276
EVODEX.1-Nm421,[H]-[#7:11]-[#6:12].[#7:1]-[#6:2](=[#8:3])-[#6:4]>>[#6:2](=[#8:3])(-[#6:4])-[#7:11]-[#6:12].[H]-[#7:1],"EVODEX.1-P2139,EVODEX.1-P2140,EVODEX.1-P5463,EVODEX.1-P5467,EVODEX.1-P5471",96746391916842450238303217953080358822778115408902796039986585069102181047047
EVODEX.1-Nm422,([H]-[#7:12]-[#6:11].[#6:14]-[#6:15](-[#7:16])=[#8:17])>>[#6:11]-[#7:12]-[#6:15](=[#8:17])-[#6:14].[H]-[#7:16],"EVODEX.1-P2145,EVODEX.1-P2149,EVODEX.1-P2154,EVODEX.1-P2157,EVODEX.1-P2160",11190067943588361679950025943665527748733708446410935335053040160774376411609
EVODEX.1-Nm423,([H]-[#7:1]-[#6:2].[#6:5]-[#6:6](-[#7:7])-[#6:8])>>[H]-[#7:7].[#7:1](-[#6:2])-[#6:6](-[#6:5])-[#6:8],"EVODEX.1-P2146,EVODEX.1-P2152,EVODEX.1-P2156,EVODEX.1-P2163,EVODEX.1-P2165",91757470287545600822664291122005910304497591517147865289185491655338424845774
EVODEX.1-Nm424,([H]-[#7](-[H])-[#6:9](-[#6:7])-[#6:11].[#6:2]-[#7:1]-[H])>>[#7:1](-[#6:2])-[#6:9](-[#6:7])-[#6:11],"EVODEX.1-P2147,EVODEX.1-P2150,EVODEX.1-P2151,EVODEX.1-P2164,EVODEX.1-P6543",25420489299120443989021680236508354180326398419149696595149829670637268519846
EVODEX.1-Nm425,([H]-[#7](-[H])-[#6:16](-[#6:15])=[#8:18].[#6:12]-[#7:13]-[H])>>[#6:12]-[#7:13]-[#6:16](=[#8:18])-[#6:15],"EVODEX.1-P2148,EVODEX.1-P2153,EVODEX.1-P2155,EVODEX.1-P2161,EVODEX.1-P2162",30626378049109923447617265302204977688784409582624920929274991353358801886840
EVODEX.1-Nm426,([H]-[#7:1]-[#6:2].[#6:4]-[#6:10](=[#8:11])-[#8:12])>>[#7:1](-[#6:2])-[#6:10](-[#6:4])=[#8:11].[H]-[#8:12],"EVODEX.1-P2158,EVODEX.1-P5847,EVODEX.1-P5852,EVODEX.1-P5857,EVODEX.1-P5858",17957494775432463646888016753660762547768902404184413333237526430125894741461
EVODEX.1-Nm427,([H]-[#8]-[#6:7](-[#6:6])=[#8:8].[#6:2]-[#7:1]-[H])>>[#7:1](-[#6:2])-[#6:7](-[#6:6])=[#8:8],"EVODEX.1-P2159,EVODEX.1-P5845,EVODEX.1-P5850,EVODEX.1-P5855,EVODEX.1-P5856",56751747104152641706546276964500660364228456043054781020065812925462518214135
EVODEX.1-Nm428,[H]-[#7](-[H])-[#6:2](-[#6:1])=[#8:4].[H]-[#7:5]-[#8:6]>>[#6:1]-[#6:2](=[#8:4])-[#7:5]-[#8:6],"EVODEX.1-P2166,EVODEX.1-P5574,EVODEX.1-P5635,EVODEX.1-P5679,EVODEX.1-P5682",106816122647308533038486459760622481742763308899881282981165841934325025583866
EVODEX.1-Nm429,[#6:1]-[#6:2](=[#8:3])-[#7:4]-[#7:5]>>[H]-[#8]-[#6:2](-[#6:1])=[#8:3].[H]-[#7:4]-[#7:5],"EVODEX.1-P2167,EVODEX.1-P4823,EVODEX.1-P5245,EVODEX.1-P5246,EVODEX.1-P5666",13601815588499034472836948396702193036655141766714695586671000245018722869242
EVODEX.1-Nm430,[H]-[#6:1]-[#6:2](=[#8:3])-[#16:4]-[#6:5].[#6:56]-[#6:57](=[#8:58])-[#6:59].[H]-[#8:62]>>[H]-[#8:58]-[#6:57](-[#6:1]-[#6:2](=[#8:3])-[#8:62])(-[#6:56])-[#6:59].[H]-[#16:4]-[#6:5],"EVODEX.1-P2168,EVODEX.1-P2174,EVODEX.1-P2177,EVODEX.1-P2190,EVODEX.1-P2193",111759493038744469312727344363816682333797274514909029833079898509347369822905
EVODEX.1-Nm431,[#6]-[#16]-[#6:2](-[#6:1]-[H])=[#8:3].[#6:54]-[#6:56](=[#8:57])-[#6:58].[H]-[#8:52]>>[H]-[#8:57]-[#6:56](-[#6:1]-[#6:2](=[#8:3])-[#8:52])(-[#6:54])-[#6:58],"EVODEX.1-P2169,EVODEX.1-P2184,EVODEX.1-P2186,EVODEX.1-P2196,EVODEX.1-P2204",57410436021410289795638859190196828906004980743559566417412085291561451714912
EVODEX.1-Nm432,[#6:55]-[#6:56](=[#8:57])-[#6:58].[H]-[#8:61]>>[H]-[#6](-[H])(-[#6](=[#8])-[#8:61])-[#6:56](-[#6:55])(-[#8:57]-[H])-[#6:58],"EVODEX.1-P2170,EVODEX.1-P2175,EVODEX.1-P2187,EVODEX.1-P2194,EVODEX.1-P2200",89766880117363577626284475416867877449430527090758695017462787436656234301647
EVODEX.1-Nm433,[H]-[#6:1]-[#6:2](=[#8:3])-[#16:4]-[#6:5].[#6:54]-[#6:56](=[#8:57])-[#6:58]>>[H]-[#8]-[#6:2](-[#6:1]-[#6:56](-[#6:54])(-[#8:57]-[H])-[#6:58])=[#8:3].[H]-[#16:4]-[#6:5],"EVODEX.1-P2172,EVODEX.1-P2182,EVODEX.1-P2195,EVODEX.1-P2197,EVODEX.1-P2203",58414303504328518292290456557236399761235994046750546131057028293712825597351
EVODEX.1-Nm434,[#6:60]-[#6:61](=[#8:62])-[#6:63]>>[#6]-[#6](-[H])(-[H])-[#6:61](-[#6:60])(-[#8:62]-[H])-[#6:63],"EVODEX.1-P2173,EVODEX.1-P2176,EVODEX.1-P2192,EVODEX.1-P2199,EVODEX.1-P2202",92299223214053359359132022632699535810693918281773035191739083062633968710549
EVODEX.1-Nm435,[H]-[#6:9](-[#6:8])-[#6:10](=[#8:11])-[#16:12]-[#6:13].[#6:65]-[#6:66](=[#8:67])-[#6:68].[H]-[#8:60]>>[H]-[#8:67]-[#6:66](-[#6:9](-[#6:8])-[#6:10](=[#8:11])-[#8:60])(-[#6:65])-[#6:68].[H]-[#16:12]-[#6:13],"EVODEX.1-P2178,EVODEX.1-P2205,EVODEX.1-P2206,EVODEX.1-P2207,EVODEX.1-P2216",31376697324559777959207192717815177072270781594056430454432394092146022996894
EVODEX.1-Nm436,[#6]-[#16]-[#6:5](-[#6:4](-[H])-[#6:3])=[#8:6].[#6:59]-[#6:60](=[#8:61])-[#6:62]>>[H]-[#8]-[#6:5](-[#6:4](-[#6:3])-[#6:60](-[#6:59])(-[#8:61]-[H])-[#6:62])=[#8:6],"EVODEX.1-P2179,EVODEX.1-P2180,EVODEX.1-P2209,EVODEX.1-P2212,EVODEX.1-P2218",41945476908430971692996151417971023586002901971171433329414561974385385918997
EVODEX.1-Nm437,[#6]-[#16]-[#6:10](-[#6:9](-[H])-[#6:8])=[#8:11].[#6:65]-[#6:66](=[#8:67])-[#6:68].[H]-[#8:60]>>[H]-[#8:67]-[#6:66](-[#6:9](-[#6:8])-[#6:10](=[#8:11])-[#8:60])(-[#6:65])-[#6:68],"EVODEX.1-P2181,EVODEX.1-P2189,EVODEX.1-P2210,EVODEX.1-P2213,EVODEX.1-P2217",64260182847884919021941993214846511932163415712832048791012435179847167410651
EVODEX.1-Nm438,[#6]-[#16]-[#6:2](-[#6:1]-[H])=[#8:3].[#6:58]-[#6:59](=[#8:60])-[#6:61]>>[H]-[#8]-[#6:2](-[#6:1]-[#6:59](-[#6:58])(-[#8:60]-[H])-[#6:61])=[#8:3],"EVODEX.1-P2183,EVODEX.1-P2185,EVODEX.1-P2191,EVODEX.1-P2198,EVODEX.1-P2201",100320018400042059171834979905722603960206277037977577175523721783797785902603
EVODEX.1-Nm439,[H]-[#6:9](-[#6:8])-[#6:10](=[#8:11])-[#16:12]-[#6:13].[#6:65]-[#6:66](=[#8:67])-[#6:68]>>[H]-[#8]-[#6:10](-[#6:9](-[#6:8])-[#6:66](-[#6:65])(-[#8:67]-[H])-[#6:68])=[#8:11].[H]-[#16:12]-[#6:13],"EVODEX.1-P2188,EVODEX.1-P2208,EVODEX.1-P2211,EVODEX.1-P2214,EVODEX.1-P2215",1649276403741989825560858464905069148131682442842797100337373596593636928998
EVODEX.1-Nm440,[H]-[#8]-[#15:16](-[#8:15])(=[#8:17])-[#8:19].[H]-[#8:38]-[#15:37]>>[#8:15]-[#15:16](=[#8:17])(-[#8:19])-[#8:38]-[#15:37],"EVODEX.1-P2219,EVODEX.1-P2220,EVODEX.1-P6622,EVODEX.1-P6649,EVODEX.1-P6908",71819293187971506810703222692102780633980712852879486953277798377732503004263
EVODEX.1-Nm441,[#6]-[#6](=[#8])-[#16:4]-[#6:5].[H]-[#8:68]-[#15:66].[H]-[#8]-[#15:78](=[#8:77])(-[#8:80])-[#8:81]>>[#15:66]-[#8:68]-[#15:78](=[#8:77])(-[#8:80])-[#8:81].[H]-[#16:4]-[#6:5],"EVODEX.1-P2221,EVODEX.1-P6621,EVODEX.1-P6644,EVODEX.1-P6645,EVODEX.1-P6768",110922875511759967095090580653458610455132596308927537854092677320244602308612
EVODEX.1-Nm442,[H]-[#8:7]-[#6:6].[#8:49]-[#6:50](-[#6:51])(-[#8:53]-[#6:54])-[#6:65]>>[#6:6]-[#8:7]-[#6:50](-[#6:51])(-[#8:49])-[#6:65].[H]-[#8:53]-[#6:54],"EVODEX.1-P2237,EVODEX.1-P2238,EVODEX.1-P2293,EVODEX.1-P2296,EVODEX.1-P2499",13619832520484063516937785409078406516854899055223026560253624115725041608271
EVODEX.1-Nm443,[#15:18]-[#8:21]-[#6:22](-[#8:23])-[#6:31]>>[H]-[#8]-[#6:22](-[#8:23])-[#6:31].[H]-[#8:21]-[#15:18],"EVODEX.1-P2243,EVODEX.1-P2312,EVODEX.1-P4199,EVODEX.1-P4429,EVODEX.1-P4471",56103679518303789560270440355806986776012572008761503418816321529341753111509
EVODEX.1-Nm444,[#8]-[#6](-[H])(-[#8:25]-[#15:22])-[#6]>>[H]-[#8:25]-[#15:22],"EVODEX.1-P2247,EVODEX.1-P2257,EVODEX.1-P2263,EVODEX.1-P2265,EVODEX.1-P3645",54207320295370234149317650895324599978728777124998684119641627049238838787120
EVODEX.1-Nm445,[H]-[#8:20]-[#15:18]>>[#8]-[#6](-[H])(-[#8:20]-[#15:18])-[#6],"EVODEX.1-P2255,EVODEX.1-P2259,EVODEX.1-P2264,EVODEX.1-P2461,EVODEX.1-P2491",83331116211299962652037721080656498197837886393826805123407548667387624842964
EVODEX.1-Nm446,[H]-[#8:7]-[#6:6].[#6]-[#8]-[#6:50](-[#6:51])(-[#8:49])-[#6:65]>>[#6:6]-[#8:7]-[#6:50](-[#6:51])(-[#8:49])-[#6:65],"EVODEX.1-P2291,EVODEX.1-P2294,EVODEX.1-P2295,EVODEX.1-P2297,EVODEX.1-P2500",64216177573515557771881162425893830654970328260969462373412463815236788370493
EVODEX.1-Nm447,[H]-[#16:22]-[#6:21].[#15:39]-[#8:42]-[#6:43](-[#8:44])-[#6:52]>>[#6:21]-[#16:22]-[#6:43](-[#8:44])-[#6:52].[H]-[#8:42]-[#15:39],"EVODEX.1-P2326,EVODEX.1-P2328,EVODEX.1-P2330,EVODEX.1-P2333,EVODEX.1-P2433",68549153228986445169728319588464058312613594082867035302602952669089296854603
EVODEX.1-Nm448,[H]-[#16:7]-[#6:6].[#15]-[#8]-[#6:28](-[#8:29])-[#6:37]>>[#6:6]-[#16:7]-[#6:28](-[#8:29])-[#6:37],"EVODEX.1-P2327,EVODEX.1-P2329,EVODEX.1-P2331,EVODEX.1-P2335,EVODEX.1-P2337",104495902257850244997829214453372891584551117832879224083911256294974523005924
EVODEX.1-Nm449,[H]-[#16:40]-[#6:39]>>[#8]-[#6](-[H])(-[#16:40]-[#6:39])-[#6],"EVODEX.1-P2332,EVODEX.1-P2334,EVODEX.1-P2336,EVODEX.1-P2338,EVODEX.1-P2339",44038686705207662882362461852212848161927837838317973867010352484762206375611
EVODEX.1-Nm450,[#6:5]-[#6:6](-[#8:7]-[#15:8])-[#8:23].[H]-[#8:31]>>[#6:5]-[#6:6](-[#8:31])-[#8:23].[H]-[#8:7]-[#15:8],"EVODEX.1-P2374,EVODEX.1-P4198,EVODEX.1-P4200,EVODEX.1-P4229,EVODEX.1-P4255",67105198363615676965533830606996332927631752305606364055595778065678161407823
EVODEX.1-Nm451,[H]-[#7:1]-[#6:2].[#15]-[#8]-[#6:31](-[#8:32])-[#6:40]>>[#7:1](-[#6:2])-[#6:31](-[#8:32])-[#6:40],"EVODEX.1-P2469,EVODEX.1-P2472,EVODEX.1-P2476,EVODEX.1-P2478,EVODEX.1-P2482",89638190621354828671153311909841236556876078637158031562914106810230078928404
EVODEX.1-Nm452,[H]-[#7:1]-[#6:2]>>[#8]-[#6](-[H])(-[#7:1]-[#6:2])-[#6],"EVODEX.1-P2470,EVODEX.1-P2474,EVODEX.1-P2479,EVODEX.1-P2480,EVODEX.1-P2481",99540308501728915669313824339865555693337438273732711976460278578154573619411
EVODEX.1-Nm453,[H]-[#7:13]-[#6:12].[#15:29]-[#8:32]-[#6:33](-[#8:34])-[#6:42]>>[#6:12]-[#7:13]-[#6:33](-[#8:34])-[#6:42].[H]-[#8:32]-[#15:29],"EVODEX.1-P2471,EVODEX.1-P2473,EVODEX.1-P2475,EVODEX.1-P2477,EVODEX.1-P2486",39977578548358676603453034567767536520870740261043555746926924898466960435031
EVODEX.1-Nm454,[H]-[#8:23]-[#6:22].[#15]-[#8]-[#6:40](-[#6:62])(-[#8:39])-[#6:65]>>[#6:22]-[#8:23]-[#6:40](-[#6:62])(-[#8:39])-[#6:65],"EVODEX.1-P2515,EVODEX.1-P2517,EVODEX.1-P2518,EVODEX.1-P2519,EVODEX.1-P2524",114422252131889233102812082605313148199049011057901570780285279677427066447378
EVODEX.1-Nm455,[H]-[#8:63]-[#6:62].[#8:80]-[#6:81](-[#8:82]-[#15:83])(-[#6:103])-[#6:106]>>[#6:62]-[#8:63]-[#6:81](-[#6:103])(-[#8:80])-[#6:106].[H]-[#8:82]-[#15:83],"EVODEX.1-P2516,EVODEX.1-P2521,EVODEX.1-P2525,EVODEX.1-P2527,EVODEX.1-P2528",35108244188849458604281775570095427081203234463115139518433097851003159070184
EVODEX.1-Nm456,[#6:38]-[#6:39]-[#8:40]-[#15:41]>>[#6]-[#6](-[H])(-[H])-[#6:39]-[#6:38].[H]-[#8:40]-[#15:41],"EVODEX.1-P2530,EVODEX.1-P2538,EVODEX.1-P2539,EVODEX.1-P2601,EVODEX.1-P2603",36593957156834089753122970082373997101602718219083841774620980136733333833233
EVODEX.1-Nm457,[H]-[#6:4](-[#6:2]=[#6:1])-[#6:5].[#6:33]-[#6:34]-[#8:35]-[#15:36]>>[#6:1](-[#6:2]=[#6:4]-[#6:5])-[#6:34]-[#6:33].[H]-[#8:35]-[#15:36],"EVODEX.1-P2531,EVODEX.1-P2534,EVODEX.1-P2599,EVODEX.1-P2604,EVODEX.1-P2801",30599656066968215822995465766054522179220458891799083227452253481662598991606
EVODEX.1-Nm458,[H]-[#6:5](-[#6:2]=[#6:1])-[#6:6].[#15]-[#8]-[#6:30]-[#6:29]>>[#6:1](-[#6:2]=[#6:5]-[#6:6])-[#6:30]-[#6:29],"EVODEX.1-P2532,EVODEX.1-P2536,EVODEX.1-P2598,EVODEX.1-P2600,EVODEX.1-P2605",99485737729030488377988906310043053831771923165519257428187477069175513543797
EVODEX.1-Nm459,[#15]-[#8]-[#6:39]-[#6:38]>>[#6]-[#6](-[H])(-[H])-[#6:39]-[#6:38],"EVODEX.1-P2533,EVODEX.1-P2535,EVODEX.1-P2537,EVODEX.1-P2540,EVODEX.1-P2602",55617369016637471698460161458791493725664644504720083151085673678810633388757
EVODEX.1-Nm460,[#6:6]-[#6:7](-[#6:8])=[#6:9]-[#6:10].[H]-[#6:39](-[#6:38])-[#8:40]-[#15:41]>>[#6:6]-[#6:7]1(-[#6:8])-[#6:9](-[#6:10])-[#6:39]-1-[#6:38].[H]-[#8:40]-[#15:41],"EVODEX.1-P2541,EVODEX.1-P2577,EVODEX.1-P2589,EVODEX.1-P2590,EVODEX.1-P2802",4842189745776746327864771753417574088560493487443621872529240090879861133596
EVODEX.1-Nm461,[#6:1]-[#16:2](-[#6:3]-[#6:4])-[#6:7].[H]-[#7:35]-[#6:34]>>[#6:3](-[#6:4])-[#7:35]-[#6:34].[#6:1]-[#16:2]-[#6:7],"EVODEX.1-P2542,EVODEX.1-P2545,EVODEX.1-P2547,EVODEX.1-P2583,EVODEX.1-P2592",58959761642429467833218689519811031890265992434816073554664379976766080525805
EVODEX.1-Nm462,[#6:24]-[#6:25]-[#8:26]-[#15:27].[H]-[#8:42]-[#6:41]>>[#6:24]-[#6:25]-[#8:42]-[#6:41].[H]-[#8:26]-[#15:27],"EVODEX.1-P2549,EVODEX.1-P2551,EVODEX.1-P2555,EVODEX.1-P2607,EVODEX.1-P2608",63319401269861403438157879833750792308922956170940004972633702709872227266239
EVODEX.1-Nm463,[H]-[#8:24]-[#6:23].[#15]-[#8]-[#6:50]-[#6:49]>>[#6:23]-[#8:24]-[#6:50]-[#6:49],"EVODEX.1-P2550,EVODEX.1-P2553,EVODEX.1-P2556,EVODEX.1-P2562,EVODEX.1-P2609",54736112063697418891656513157214486011274683299096663458700174951905162830730
EVODEX.1-Nm464,[#15]-[#8]-[#6:5]-[#6:4].[H]-[#7:15]-[#6:16]>>[#6:4]-[#6:5]-[#7:15]-[#6:16],"EVODEX.1-P2558,EVODEX.1-P2579,EVODEX.1-P2581,EVODEX.1-P2594,EVODEX.1-P2597",52369700697159977508571976934012976374430263115602002666557394280914674910065
EVODEX.1-Nm465,[#6:4]-[#6:5]-[#8:6]-[#15:7].[H]-[#7:15]-[#6:16]>>[#6:4]-[#6:5]-[#7:15]-[#6:16].[H]-[#8:6]-[#15:7],"EVODEX.1-P2561,EVODEX.1-P2578,EVODEX.1-P2580,EVODEX.1-P2595,EVODEX.1-P2596",91207108331235453248159632774557182448632316593677331585712786934895572587372
EVODEX.1-Nm466,,"EVODEX.1-P2563,EVODEX.1-P2565,EVODEX.1-P2566,EVODEX.1-P2567,EVODEX.1-P2571",109413535412898638017944231687045189008426193024758201590297348288891096641259
EVODEX.1-Nm467,,"EVODEX.1-P2564,EVODEX.1-P2568,EVODEX.1-P2569,EVODEX.1-P2570,EVODEX.1-P2572",27066115337634765273303255145656895439185390385913350518633730197459598386709
EVODEX.1-Nm468,[#6]-[#16](-[#6])-[#6:3]-[#6:4].[H]-[#7:28]-[#6:29]>>[#6:3](-[#6:4])-[#7:28]-[#6:29],"EVODEX.1-P2573,EVODEX.1-P2575,EVODEX.1-P2591,EVODEX.1-P2610,EVODEX.1-P2611",46308828551256878766442155919740502384347589674032322718540792667658255125835
EVODEX.1-Nm469,[#6:6]-[#16:8]-[#6:9]-[#6:10]>>[#6]-[#8]-[#6:9]-[#6:10].[H]-[#16:8]-[#6:6],"EVODEX.1-P2576,EVODEX.1-P2625,EVODEX.1-P2637,EVODEX.1-P2647,EVODEX.1-P2651",90504657561281862228702687912294443993359566234747076170393882488378886872815
EVODEX.1-Nm470,[#6:6]-[#8:8]-[#6:9]-[#6:10].[H]-[#8:41]-[#6:39]>>[#6:9](-[#6:10])-[#8:41]-[#6:39].[H]-[#8:8]-[#6:6],"EVODEX.1-P2593,EVODEX.1-P2620,EVODEX.1-P2652,EVODEX.1-P2655,EVODEX.1-P4065",61660080549377199399168407878074081269256253775658555395339307317193902469693
EVODEX.1-Nm471,[H]-[#16:18]-[#6:17].[#6:2]-[#8:4]-[#6:5]-[#6:6]>>[#6:5](-[#6:6])-[#16:18]-[#6:17].[H]-[#8:4]-[#6:2],"EVODEX.1-P2621,EVODEX.1-P2626,EVODEX.1-P2633,EVODEX.1-P2642,EVODEX.1-P2648",80943425491288206500179790479153012130795362077821690435021126349989120349300
EVODEX.1-Nm472,[H]-[#8:4]-[#6:2].[#6:6]-[#16:8]-[#6:9]-[#6:10]>>[#6:2]-[#8:4]-[#6:9]-[#6:10].[H]-[#16:8]-[#6:6],"EVODEX.1-P2624,EVODEX.1-P2627,EVODEX.1-P2629,EVODEX.1-P2636,EVODEX.1-P2650",13264280256206204069295533813820108542106653871459028493869289970860251599907
EVODEX.1-Nm473,[#6]-[#6](-[H])(-[H])-[#16:9]-[#6:10]>>[H]-[#16:9]-[#6:10],"EVODEX.1-P2630,EVODEX.1-P2634,EVODEX.1-P2635,EVODEX.1-P2643,EVODEX.1-P2649",29416649015360149012679235824785929284611414040833886419126608948578143919469
EVODEX.1-Nm474,[H]-[#16:19]-[#6:18].[#6]-[#8]-[#6:5]-[#6:6]>>[#6:5](-[#6:6])-[#16:19]-[#6:18],"EVODEX.1-P2632,EVODEX.1-P2638,EVODEX.1-P2640,EVODEX.1-P2644,EVODEX.1-P2646",98829042772627479184375765102072221389424734214413102841633051224123997815560
EVODEX.1-Nm475,[#6:8]-[#6:10]=[#8:11]>>[#6]-[#6](-[H])(-[H])-[#6:10](-[#6:8])-[#8:11]-[H],"EVODEX.1-P2657,EVODEX.1-P2658,EVODEX.1-P6252,EVODEX.1-P6368,EVODEX.1-P6376",35642663687661118811585055014554791034119108068985659302257879611396331436757
EVODEX.1-Nm476,[#6:64]-[#6:65]-[#8:66]-[#15:67]>>[#6]-[#16]-[#6:65]-[#6:64].[H]-[#8:66]-[#15:67],"EVODEX.1-P2666,EVODEX.1-P2668,EVODEX.1-P2672,EVODEX.1-P2683,EVODEX.1-P2690",94130285666681287179139314186850535763064871299999757293000492332343782255063
EVODEX.1-Nm477,[#15]-[#8]-[#6:4]-[#6:3]>>[#6]-[#16]-[#6:4]-[#6:3],"EVODEX.1-P2671,EVODEX.1-P2673,EVODEX.1-P2681,EVODEX.1-P2686,EVODEX.1-P2687",74694773909517922474725149518052453661234479695476401781560707829388598401241
EVODEX.1-Nm478,[#6:5]-[#16:6]-[#6:7].[#6:26]-[#6:27]-[#8:28]-[#15:29](=[#8:30])(-[#8:31])-[#8:32]-[#15:33].[H]-[#8:45]>>[#6:5]-[#16:6](-[#6:7])-[#6:27]-[#6:26].[H]-[#8:28]-[#15:29](=[#8:30])(-[#8:31])-[#8:45].[H]-[#8:32]-[#15:33],"EVODEX.1-P2759,EVODEX.1-P2765,EVODEX.1-P2777,EVODEX.1-P2782,EVODEX.1-P2792",115401436469527802218869336678487076959131936838226626493330843576938272014572
EVODEX.1-Nm479,[#6:5]-[#16:6]-[#6:7].[#15]-[#8]-[#15:29](-[#8:28]-[#6:27]-[#6:26])(=[#8:30])-[#8:31].[H]-[#8:45]>>[#6:5]-[#16:6](-[#6:7])-[#6:27]-[#6:26].[H]-[#8:28]-[#15:29](=[#8:30])(-[#8:31])-[#8:45],"EVODEX.1-P2760,EVODEX.1-P2766,EVODEX.1-P2783,EVODEX.1-P2794,EVODEX.1-P2797",55242246684048599103313977723662674225518750191338511460269372404226012754866
EVODEX.1-Nm480,[#6:5]-[#16:6]-[#6:7].[#8]-[#15](=[#8])(-[#8]-[#6:27]-[#6:26])-[#8:32]-[#15:33]>>[#6:5]-[#16:6](-[#6:7])-[#6:27]-[#6:26].[H]-[#8:32]-[#15:33],"EVODEX.1-P2761,EVODEX.1-P2774,EVODEX.1-P2787,EVODEX.1-P2791,EVODEX.1-P2796",105565338531252863447828264967404517575526692922251866234214965787348977884577
EVODEX.1-Nm481,[#6:40]-[#16:41]-[#6:42].[H]-[#8:32]>>[#6]-[#6](-[H])(-[H])-[#16:41](-[#6:40])-[#6:42].[#8]-[#15](=[#8])(-[#8])-[#8:32],"EVODEX.1-P2762,EVODEX.1-P2770,EVODEX.1-P2775,EVODEX.1-P2781,EVODEX.1-P2800",16632069718918200116129015170402606065337643517180663969392012042512399822993
EVODEX.1-Nm482,[#6:5]-[#16:6]-[#6:7].[#15]-[#8]-[#6:27]-[#6:26]>>[#6:5]-[#16:6](-[#6:7])-[#6:27]-[#6:26],"EVODEX.1-P2767,EVODEX.1-P2772,EVODEX.1-P2776,EVODEX.1-P2780,EVODEX.1-P2795",72172857051270401955536593019270859752961810062084711949751521854239898421522
EVODEX.1-Nm483,[#6:3]-[#16:4]-[#6:5]>>[#6]-[#6](-[H])(-[H])-[#16:4](-[#6:3])-[#6:5],"EVODEX.1-P2768,EVODEX.1-P2778,EVODEX.1-P2788,EVODEX.1-P2793,EVODEX.1-P2798",94740297739293533584378245687742761042143991668622796720901221896193927687546
EVODEX.1-Nm484,[#6:3]-[#16:4]-[#6:5].[#6:24]-[#6:25]-[#8:26]-[#15:27](=[#8:28])(-[#8:29])-[#8:30]-[#15:31]>>[#6:3]-[#16:4](-[#6:5])-[#6:25]-[#6:24].[H]-[#8]-[#15:27](-[#8:26]-[H])(=[#8:28])-[#8:29].[H]-[#8:30]-[#15:31],"EVODEX.1-P2769,EVODEX.1-P2784,EVODEX.1-P2786,EVODEX.1-P2790,EVODEX.1-P2799",83955995801864115005627784771304117514604461301419361857360086916055219187376
EVODEX.1-Nm485,[#6:4]-[#16:5]-[#6:6].[#15:28]-[#8:27]-[#6:26]-[#6:25]>>[#6:4]-[#16:5](-[#6:6])-[#6:26]-[#6:25].[#15:28]-[#8:27]-[H],"EVODEX.1-P2771,EVODEX.1-P2773,EVODEX.1-P2779,EVODEX.1-P2785,EVODEX.1-P2789",90073537599611470963827340118726184533517575116848188091519732725947254678904
EVODEX.1-Nm486,[H]-[#6:1]-[#6:2].[#6:9]-[#6:10]-[#6:11]-[#6:12]>>[#6:1](-[#6:2])-[#6:10]-[#6:9].[H]-[#6:11]-[#6:12],"EVODEX.1-P2806,EVODEX.1-P2902,EVODEX.1-P3065,EVODEX.1-P3074,EVODEX.1-P3075",93597760003438289952012799663489152594017287210335715558111501316981761417419
EVODEX.1-Nm487,[#6:1]-[#6:2](=[#8:3])-[#6:4].[H]-[#6:8](-[#7:7])-[#6:9]>>[H]-[#6:2](-[#6:1])(-[#6:4])-[#7:7].[#8:3]=[#6:8]-[#6:9],"EVODEX.1-P2833,EVODEX.1-P2857,EVODEX.1-P2910,EVODEX.1-P2995,EVODEX.1-P3215",66967150015890368712435113720458353391580424538847058437814244951753257930711
EVODEX.1-Nm488,[H]-[#6](-[H])(-[H])-[#6:6]-[#6:7]>>[H]-[#6:6]-[#6:7],"EVODEX.1-P2849,EVODEX.1-P3029,EVODEX.1-P3072,EVODEX.1-P3783,EVODEX.1-P3785",77975254755058971082203421472693790609733164272603896166741569986361998183110
EVODEX.1-Nm489,[#6]-[#6](-[H])(-[#7])-[#6:10]-[#6:8].[H]-[#6:17](=[#8:16])-[#6:18]>>[#6:8]-[#6:10]-[#6:17](=[#8:16])-[#6:18],"EVODEX.1-P2873,EVODEX.1-P2874,EVODEX.1-P2876,EVODEX.1-P2994,EVODEX.1-P3102",40426497646255205277351584631387982856413766081945989149310506383884176433326
EVODEX.1-Nm490,[#6:3]-[#6:5](-[#7:6])-[#6:7]-[#6:8]>>[#6]-[#6](=[#8])-[#6:7]-[#6:8].[H]-[#6:5](-[#6:3])-[#7:6],"EVODEX.1-P2875,EVODEX.1-P2878,EVODEX.1-P2919,EVODEX.1-P3139,EVODEX.1-P3158",84049112374042792720735740906819250103519742600654403750944112911447383605817
EVODEX.1-Nm491,[#7:1]-[#6:2](-[#6:3]-[#6:4])-[#6:14].[H]-[#6:18](=[#8:17])-[#6:19]>>[#6:3](-[#6:4])-[#6:18](=[#8:17])-[#6:19].[H]-[#6:2](-[#7:1])-[#6:14],"EVODEX.1-P2877,EVODEX.1-P2918,EVODEX.1-P3005,EVODEX.1-P3101,EVODEX.1-P3138",41428087614297426604611241358241186677545389387428805299645630660839379193187
EVODEX.1-Nm492,[#6:4]-[#6:5]=[#8:6].[H]-[#6:8](-[#7:7])-[#6:9]>>[H]-[#6:5](-[#6:4])-[#7:7].[#8:6]=[#6:8]-[#6:9],"EVODEX.1-P2901,EVODEX.1-P2903,EVODEX.1-P2904,EVODEX.1-P2905,EVODEX.1-P3214",39219416343682467318696516972189738959974854471500317306182756710931563323065
EVODEX.1-Nm493,[H]-[#6:5](-[#6:4])-[#6:6].[#6:59]-[#6:60](-[#8:61])-[#6:62]>>[#6:4]-[#6:5](-[#6:6])-[#8:61].[H]-[#6:60](-[#6:59])-[#6:62],"EVODEX.1-P2941,EVODEX.1-P2942,EVODEX.1-P3789,EVODEX.1-P3820,EVODEX.1-P3824",113561329586407642495063504498526554587581025652240021020854064987426813778663
EVODEX.1-Nm494,[#6:5]-[#6:6]-[#6:7](=[#8:8])-[#6:9].[H]-[#6:13](-[#7:12])-[#6:14]>>[#6:5]-[#6:6]-[#6:13](-[#7:12])-[#6:14].[H]-[#6:7](=[#8:8])-[#6:9],"EVODEX.1-P3006,EVODEX.1-P3160,EVODEX.1-P3162,EVODEX.1-P3164,EVODEX.1-P3168",109540373263096951022675613811838542823394586695925829875668396074148540790921
EVODEX.1-Nm495,[#6:5]-[#6:6]-[#6:7](=[#8:8])-[#6:9]>>[#6]-[#6](-[H])(-[#7])-[#6:6]-[#6:5].[H]-[#6:7](=[#8:8])-[#6:9],"EVODEX.1-P3023,EVODEX.1-P3136,EVODEX.1-P3146,EVODEX.1-P3165,EVODEX.1-P3169",88123913302946618580983626013666689043549064050567836263168365657301289366461
EVODEX.1-Nm496,[H]-[#6](-[H])(-[H])-[#6:2](-[#6:3])-[#6:7]>>[H]-[#6:2](-[#6:3])-[#6:7],"EVODEX.1-P3031,EVODEX.1-P3051,EVODEX.1-P3054,EVODEX.1-P3063,EVODEX.1-P3806",84204929191916476323874377354743598875593002757508473776808043671548601299976
EVODEX.1-Nm497,[#6:1]-[#6:2](-[#6:3])-[#6:7].[H]-[#6:61](-[#6:60])-[#6:62]>>[H]-[#6:2](-[#6:3])-[#6:7].[#6:1]-[#6:61](-[#6:60])-[#6:62],"EVODEX.1-P3050,EVODEX.1-P3052,EVODEX.1-P3058,EVODEX.1-P3062,EVODEX.1-P3805",12075676157628594151380450637530564013431425000180171081444254404399311760813
EVODEX.1-Nm498,[H]-[#7](-[H])-[#6:5](-[H])(-[#6:4])-[#6:7].[#6]-[#6](-[H])=[#8:10]>>[#6:4]-[#6:5](-[#6:7])=[#8:10],"EVODEX.1-P3088,EVODEX.1-P3092,EVODEX.1-P3094,EVODEX.1-P3096,EVODEX.1-P3098",82027839732437838656722972030149386176639116891210832714284903631036588975331
EVODEX.1-Nm499,[H]-[#6:2](-[#7:1])(-[#6:3])-[#6:10]>>[#8]=[#6:2](-[#6:3])-[#6:10].[#6]-[#6](-[H])(-[H])-[#7:1],"EVODEX.1-P3089,EVODEX.1-P3093,EVODEX.1-P3095,EVODEX.1-P3097,EVODEX.1-P3100",77661425697881696390480519266849287365747116514929720790185441312354615759849
EVODEX.1-Nm500,[H]-[#6:2](-[#7:1])-[#6:3].[#6]-[#6](=[#8])-[#6:11]-[#6:12]>>[#7:1]-[#6:2](-[#6:3])-[#6:11]-[#6:12],"EVODEX.1-P3135,EVODEX.1-P3145,EVODEX.1-P3159,EVODEX.1-P3161,EVODEX.1-P3171",22345635670569780353961200580868831762833141141278347937677507692237767423700
EVODEX.1-Nm501,[H]-[#7](-[H])-[#6:5](-[#6:4])=[#8:7]>>[H]-[#8]-[#6:5](-[#6:4])=[#8:7],"EVODEX.1-P3217,EVODEX.1-P4807,EVODEX.1-P5273,EVODEX.1-P5576,EVODEX.1-P5643",20620250820437379070023641832243850944815466274137888328049257571803341975085
EVODEX.1-Nm502,[H]-[#8:8]-[#6:7].[#6]-[#8]-[#15:15](=[#8:14])(-[#8:16])-[#8:17]>>[#6:7]-[#8:8]-[#15:15](=[#8:14])(-[#8:16])-[#8:17],"EVODEX.1-P3381,EVODEX.1-P3619,EVODEX.1-P6597,EVODEX.1-P6598,EVODEX.1-P6602",99849658213708158408567359949691302227920079232385167065826080379156065750854
EVODEX.1-Nm503,[#8]-[#15](=[#8])(-[#8])-[#7:93]-[#6:91]>>[H]-[#7:93]-[#6:91],"EVODEX.1-P3480,EVODEX.1-P3504,EVODEX.1-P3515,EVODEX.1-P6130,EVODEX.1-P6137",87978919295009197974003011560719624084078870067202182982770606116511748641606
EVODEX.1-Nm504,[#6:2]-[#7:9]-[#15:10](=[#8:11])(-[#8:12])-[#8:13]>>[H]-[#7:9]-[#6:2].[#15]-[#8]-[#15:10](=[#8:11])(-[#8:12])-[#8:13],"EVODEX.1-P3481,EVODEX.1-P3506,EVODEX.1-P3508,EVODEX.1-P3512,EVODEX.1-P3517",89996821716914507854688888350620758934041194495333123474361429317342736832433
EVODEX.1-Nm505,[H]-[#7:16]-[#6:14].[#15]-[#8]-[#15:43](=[#8:44])(-[#8:45])-[#8:46]>>[#6:14]-[#7:16]-[#15:43](=[#8:44])(-[#8:45])-[#8:46],"EVODEX.1-P3496,EVODEX.1-P3500,EVODEX.1-P3502,EVODEX.1-P3505,EVODEX.1-P3518",66090412797989151691300253567707719682972183614038407410599220301516848054003
EVODEX.1-Nm506,[H]-[#7:9]-[#6:8]>>[#8]-[#15](=[#8])(-[#8])-[#7:9]-[#6:8],"EVODEX.1-P3498,EVODEX.1-P3499,EVODEX.1-P3501,EVODEX.1-P3513,EVODEX.1-P3522",68334736589512523104627204339747197626672389810756811913414562752782873267514
EVODEX.1-Nm507,[#6:14]-[#7:16]-[#15:17](=[#8:18])(-[#8:19])-[#8:20].[H]-[#8:45]-[#15:43]>>[H]-[#7:16]-[#6:14].[#15:17](=[#8:18])(-[#8:19])(-[#8:20])-[#8:45]-[#15:43],"EVODEX.1-P3503,EVODEX.1-P3511,EVODEX.1-P3514,EVODEX.1-P3516,EVODEX.1-P3519",50115116478668196243436722730072777126511752230952598684390068201938794093333
EVODEX.1-Nm508,[#15:32]-[#8:35]-[#15:36](=[#8:37])(-[#8:38])-[#8:39].[H]-[#7:9]-[#6:8]>>[H]-[#8:35]-[#15:32].[#6:8]-[#7:9]-[#15:36](=[#8:37])(-[#8:38])-[#8:39],"EVODEX.1-P3507,EVODEX.1-P3509,EVODEX.1-P3510,EVODEX.1-P3520,EVODEX.1-P3521",6257138026364190960337421999345483052303459200812731859994039970827537630068
EVODEX.1-Nm509,[H]-[#8:18]-[#15:16].[#6]-[#8]-[#15:30](=[#8:31])(-[#8:32])-[#8:33]>>[#15:16]-[#8:18]-[#15:30](=[#8:31])(-[#8:32])-[#8:33],"EVODEX.1-P3576,EVODEX.1-P3580,EVODEX.1-P3584,EVODEX.1-P3588,EVODEX.1-P3594",13083254554480866357027927107620408649586324701368141763074690337453164077133
EVODEX.1-Nm510,[#6:4]-[#6:5]-[#8:6]-[#15:7].[H]-[#8:44]-[#15:42]>>[#6:4]-[#6:5]-[#8:44]-[#15:42].[H]-[#8:6]-[#15:7],"EVODEX.1-P3613,EVODEX.1-P3674,EVODEX.1-P7560,EVODEX.1-P7563,EVODEX.1-P7565",36182250685176621872999429107340258751983044038452240575416891029764095079767
EVODEX.1-Nm511,[#8]-[#16](=[#8])(=[#8])-[#8:32]-[#6:33]>>[H]-[#8:32]-[#6:33],"EVODEX.1-P3728,EVODEX.1-P3741,EVODEX.1-P3744,EVODEX.1-P3772,EVODEX.1-P3773",29023403380214522884105361668819631719054243528930061883080852940763045943484
EVODEX.1-Nm512,[#15:29]-[#8:32]-[#16:33](=[#8:34])(=[#8:35])-[#8:36].[H]-[#7:1]-[#6:2]>>[H]-[#8:32]-[#15:29].[#7:1](-[#6:2])-[#16:33](=[#8:34])(=[#8:35])-[#8:36],"EVODEX.1-P3729,EVODEX.1-P3759,EVODEX.1-P3761,EVODEX.1-P3765,EVODEX.1-P3769",115352426403758549099246176187123819979124487300651138808472026190914420006916
EVODEX.1-Nm513,[#8:1]=[#16:2](=[#8:3])(-[#8:4])-[#8:5]-[#6:6].[H]-[#8:16]-[#6:17]>>[#8:1]=[#16:2](=[#8:3])(-[#8:4])-[#8:16]-[#6:17].[H]-[#8:5]-[#6:6],"EVODEX.1-P3731,EVODEX.1-P3753,EVODEX.1-P3754,EVODEX.1-P3755,EVODEX.1-P3756",17852683932745287752866840630774799248213264458716705545572055644843036773843
EVODEX.1-Nm514,[H]-[#8:3]-[#6:2]>>[#8]-[#16](=[#8])(=[#8])-[#8:3]-[#6:2],"EVODEX.1-P3732,EVODEX.1-P3735,EVODEX.1-P3737,EVODEX.1-P3740,EVODEX.1-P3752",18282912757761735905311551144539071828934186730954323719060123686803461556579
EVODEX.1-Nm515,[H]-[#8:11]-[#6:10].[#15:37]-[#8:40]-[#16:41](=[#8:42])(=[#8:43])-[#8:44]>>[#6:10]-[#8:11]-[#16:41](=[#8:42])(=[#8:43])-[#8:44].[H]-[#8:40]-[#15:37],"EVODEX.1-P3733,EVODEX.1-P3736,EVODEX.1-P3750,EVODEX.1-P3774,EVODEX.1-P3782",32783242283625216951499500861141280923710537519891626521279387219153755479048
EVODEX.1-Nm516,[#8:28]=[#16:29](=[#8:30])(-[#8:31])-[#8:32]-[#6:33]>>[#15]-[#8]-[#16:29](=[#8:28])(=[#8:30])-[#8:31].[H]-[#8:32]-[#6:33],"EVODEX.1-P3739,EVODEX.1-P3746,EVODEX.1-P3749,EVODEX.1-P3777,EVODEX.1-P3779",100882067309117023929299066781466477441624134533517296676509379356234149523519
EVODEX.1-Nm517,[#15]-[#8]-[#16:20](=[#8:21])(=[#8:22])-[#8:23].[H]-[#8:32]-[#6:33]>>[#16:20](=[#8:21])(=[#8:22])(-[#8:23])-[#8:32]-[#6:33],"EVODEX.1-P3742,EVODEX.1-P3748,EVODEX.1-P3771,EVODEX.1-P3775,EVODEX.1-P3781",61799814853860354558951986948489417908415737868939167770164987808128530980965
EVODEX.1-Nm518,[#15]-[#8]-[#16:33](=[#8:34])(=[#8:35])-[#8:36].[H]-[#7:1]-[#6:2]>>[#7:1](-[#6:2])-[#16:33](=[#8:34])(=[#8:35])-[#8:36],"EVODEX.1-P3757,EVODEX.1-P3760,EVODEX.1-P3766,EVODEX.1-P3768,EVODEX.1-P3770",108922150801332825353477511755374574560062227710129455100352500369511310117121
EVODEX.1-Nm519,[H]-[#7:1]-[#6:2]>>[#8]-[#16](=[#8])(=[#8])-[#7:1]-[#6:2],"EVODEX.1-P3758,EVODEX.1-P3762,EVODEX.1-P3763,EVODEX.1-P3764,EVODEX.1-P3767",85814824131374641195475004282704053441235298535020072712694655315700797757130
EVODEX.1-Nm520,[#6:9]-[#6:11](=[#8:12])-[#16:13]-[#6:14]>>[#6]-[#6](=[#8])-[#16:13]-[#6:14].[H]-[#8]-[#6:11](-[#6:9])=[#8:12],"EVODEX.1-P3814,EVODEX.1-P3828,EVODEX.1-P3833,EVODEX.1-P3838,EVODEX.1-P3840",39270777466626972210991606358078701401736258834649557788042189274607644130328
EVODEX.1-Nm521,[#6]-[#6](=[#8])-[#8:7].[#6]-[#16]-[#6:13](-[#6:11])=[#8:14]>>[#8:7]-[#6:13](-[#6:11])=[#8:14],"EVODEX.1-P3830,EVODEX.1-P3832,EVODEX.1-P3836,EVODEX.1-P3839,EVODEX.1-P3842",105405674452718277759541816665486734016782326711366974432759274853157947161335
EVODEX.1-Nm522,[#6:17]-[#6:18](=[#8:19])-[#8:20].[H]-[#8:21]-[#6:22]>>[#6:17]-[#6:18](=[#8:19])-[#8:21]-[#6:22].[H]-[#8:20],"EVODEX.1-P3849,EVODEX.1-P3888,EVODEX.1-P4084,EVODEX.1-P4086,EVODEX.1-P4087",64888360386883028018863361305772794512826561643479679530423560136227207122157
EVODEX.1-Nm523,[#6:6]-[#6:7](-[#6:8])(-[#8:9]-[#6:10])-[#6:32]>>[H]-[#8]-[#6:7](-[#6:6])(-[#6:8])-[#6:32].[H]-[#8:9]-[#6:10],"EVODEX.1-P3850,EVODEX.1-P3903,EVODEX.1-P4327,EVODEX.1-P4440,EVODEX.1-P4442",36587081548953839965529194465688375170590005949422072923123206518318083143022
EVODEX.1-Nm524,[#6:8]-[#6:9](-[#6:10])(-[#8:12]-[#6:13])-[#6:24].[H]-[#8:31]>>[#6:8]-[#6:9](-[#6:10])(-[#8:31])-[#6:24].[H]-[#8:12]-[#6:13],"EVODEX.1-P3851,EVODEX.1-P3902,EVODEX.1-P3904,EVODEX.1-P4079,EVODEX.1-P4326",91413811731620652991284451738462713107708064351768534464931207685813319749475
EVODEX.1-Nm525,[#6:9]-[#6:10]-[#16:11]-[#6:12]>>[H]-[#8]-[#6:10]-[#6:9].[H]-[#16:11]-[#6:12],"EVODEX.1-P3861,EVODEX.1-P4089,EVODEX.1-P4300,EVODEX.1-P4550,EVODEX.1-P4974",14088835031397313502968349186090706906487577031330012482300986757914417914279
EVODEX.1-Nm526,[#6:81]-[#6:83](=[#8:84])-[#8:85]-[#6:86]>>([H]-[#8]-[#6:83](-[#6:81])=[#8:84].[#6:86]-[#8:85]-[H]),"EVODEX.1-P3866,EVODEX.1-P3971,EVODEX.1-P3976,EVODEX.1-P4036,EVODEX.1-P4037",60658657534072466969482090424634592678300622446192596108671239337547953545551
EVODEX.1-Nm527,[#8:2]=[#6:3](-[#8:4]-[#6:5])-[#6:7].[H]-[#8:1]>>([H]-[#8:4]-[#6:5].[#6:7]-[#6:3](-[#8:1])=[#8:2]),"EVODEX.1-P3871,EVODEX.1-P3975,EVODEX.1-P3983,EVODEX.1-P3984,EVODEX.1-P3985",65093977759150125019016376309440158270743027223580830983788721877698569589330
EVODEX.1-Nm528,[#6:3]-[#6:4](=[#8:5])-[#16:6]-[#6:7]>>[H]-[#8]-[#6:4](-[#6:3])=[#8:5].[H]-[#16:6]-[#6:7],"EVODEX.1-P3887,EVODEX.1-P4157,EVODEX.1-P4161,EVODEX.1-P5065,EVODEX.1-P6844",61147624930347251324696592311458565930883959483717256024420708011305260394706
EVODEX.1-Nm529,[#6:1]-[#8:2]-[#6:3].[H]-[#8:14]>>[#6:1]-[#8:14].[H]-[#8:2]-[#6:3],"EVODEX.1-P3892,EVODEX.1-P3923,EVODEX.1-P4110,EVODEX.1-P4342,EVODEX.1-P5214",81242393075860325295112700118971759685569261196261167604158103657839948381784
EVODEX.1-Nm530,[#6]=[#6](-[H])-[#8:3]-[#6:4]>>[H]-[#8:3]-[#6:4],"EVODEX.1-P3898,EVODEX.1-P3925,EVODEX.1-P4098,EVODEX.1-P4100,EVODEX.1-P4102",23243549415683648324195094532852067991801573126062509919733704888392989281635
EVODEX.1-Nm531,[#6:1]=[#6:2]-[#8:3]-[#6:4]>>[H]-[#8]-[#6:2]=[#6:1].[H]-[#8:3]-[#6:4],"EVODEX.1-P3899,EVODEX.1-P3916,EVODEX.1-P3926,EVODEX.1-P4096,EVODEX.1-P4104",36325124571892608504346882203174156021372914672848163471255443674306770561380
EVODEX.1-Nm532,[#6:1]=[#6:2]-[#8:3]-[#6:4].[H]-[#8:12]>>[#6:1]=[#6:2]-[#8:12].[H]-[#8:3]-[#6:4],"EVODEX.1-P3924,EVODEX.1-P4095,EVODEX.1-P4097,EVODEX.1-P4099,EVODEX.1-P4101",58397163862326803283941346557081572273051515105713352123027262586014243267359
EVODEX.1-Nm533,[#6:6]-[#6:7](-[#6:8])-[#8:12]-[#6:10].[H]-[#8:13]>>([H]-[#8:12]-[#6:10].[#6:8]-[#6:7](-[#6:6])-[#8:13]),"EVODEX.1-P3942,EVODEX.1-P3943,EVODEX.1-P3972,EVODEX.1-P3973,EVODEX.1-P3986",13353305835758997200748918937499701400565987741067072352704183211054944212294
EVODEX.1-Nm534,[#6:3]-[#6:4](-[#6:5])-[#8:9]-[#6:7]>>([H]-[#8]-[#6:4](-[#6:3])-[#6:5].[#6:7]-[#8:9]-[H]),"EVODEX.1-P3944,EVODEX.1-P3974,EVODEX.1-P3977,EVODEX.1-P3979,EVODEX.1-P3980",56903713225825955742708498256009401864851403393622785689453707496627631561140
EVODEX.1-Nm535,[#6:17]-[#6:18]-[#8:19].[H]-[#8:16]-[#6:14]>>[#6:14]-[#8:16]-[#6:18]-[#6:17].[H]-[#8:19],"EVODEX.1-P3951,EVODEX.1-P3953,EVODEX.1-P4117,EVODEX.1-P4126,EVODEX.1-P5133",16905509394016542225626908801391046980670599119142637180835393781300580842792
EVODEX.1-Nm536,[H]-[#8]-[#6:2]-[#6:1].[H]-[#8:23]-[#6:21]>>[#6:1]-[#6:2]-[#8:23]-[#6:21],"EVODEX.1-P3952,EVODEX.1-P4020,EVODEX.1-P4030,EVODEX.1-P4031,EVODEX.1-P5132",22963696221386241051936249488908310900320609206349519257910478255423491712987
EVODEX.1-Nm537,[#6:15]-[#6:16](=[#8:17])-[#6:18](-[#8:19])(-[#6:20])-[#6:22]>>[H]-[#8]-[#6:16](-[#6:15])=[#8:17].[H]-[#6:18](-[#8:19])(-[#6:20])-[#6:22],"EVODEX.1-P3960,EVODEX.1-P3961,EVODEX.1-P3969,EVODEX.1-P3995,EVODEX.1-P4069",3386292204845156903695622897360646463498203236423666069002611633873626959892
EVODEX.1-Nm538,[#6:15]-[#6:16](=[#8:17])-[#6:18](-[#8:19])(-[#6:20])-[#6:22].[H]-[#8:24]>>[#6:15]-[#6:16](=[#8:17])-[#8:24].[H]-[#6:18](-[#8:19])(-[#6:20])-[#6:22],"EVODEX.1-P3967,EVODEX.1-P3968,EVODEX.1-P3996,EVODEX.1-P4027,EVODEX.1-P4068",102244615441993441498344908941536040076140778052100191209354807558429316524311
EVODEX.1-Nm539,[#6:19]-[#6:20]-[#8:21]-[#6:22]>>([H]-[#8]-[#6:20]-[#6:19].[#6:22]-[#8:21]-[H]),"EVODEX.1-P3978,EVODEX.1-P3982,EVODEX.1-P4142,EVODEX.1-P4147,EVODEX.1-P4149",111648159537401750316776671473280448123079159116438874151732326326529927694938
EVODEX.1-Nm540,[#6:19]-[#6:20]-[#8:21]-[#6:22].[H]-[#8:24]>>([H]-[#8:21]-[#6:22].[#6:19]-[#6:20]-[#8:24]),"EVODEX.1-P3981,EVODEX.1-P4141,EVODEX.1-P4145,EVODEX.1-P4146,EVODEX.1-P4148",65428634731316694344936279004135204703245450425166118928575046268193493960531
EVODEX.1-Nm541,[H]-[#8:7]-[#6:5].[H]-[#8]-[#6:11](-[#6:9])=[#8:12]>>[#6:5]-[#8:7]-[#6:11](-[#6:9])=[#8:12],"EVODEX.1-P4019,EVODEX.1-P4023,EVODEX.1-P4129,EVODEX.1-P6619,EVODEX.1-P7149",77449286330448966322844788256989298122930190446558242408914835431846498151022
EVODEX.1-Nm542,[#6:15]-[#6:16](=[#8:17])-[#6:18](-[#8:19])-[#6:20].[H]-[#8:22]>>[H]-[#6:18](-[#8:19])-[#6:20].[#6:15]-[#6:16](=[#8:17])-[#8:22],"EVODEX.1-P4034,EVODEX.1-P4071,EVODEX.1-P4133,EVODEX.1-P5742,EVODEX.1-P5745",70910843181404317587372503922846393610919026993186758764706043384888699655913
EVODEX.1-Nm543,[#6:17]-[#6:18](=[#8:19])-[#6:20](-[#8:21])-[#6:22]>>[H]-[#6:20](-[#8:21])-[#6:22].[H]-[#8]-[#6:18](-[#6:17])=[#8:19],"EVODEX.1-P4035,EVODEX.1-P5598,EVODEX.1-P5700,EVODEX.1-P5743,EVODEX.1-P5746",1590972634258482257516039670332764809087665388448826657162919782299850006932
EVODEX.1-Nm544,[#7:1]-[#6:2](=[#8:3])-[#6:4]>>[H]-[#8]-[#6:2](=[#8:3])-[#6:4].[H]-[#7:1],"EVODEX.1-P4059,EVODEX.1-P4652,EVODEX.1-P5212,EVODEX.1-P5644,EVODEX.1-P5685",88677076245645456360815760449015256543985681350672170417352994789210848889473
EVODEX.1-Nm545,[#6:5]-[#6:6](=[#8:7])-[#7:8]-[#6:9].[H]-[#8:23]-[#6:22]>>[#6:5]-[#6:6](=[#8:7])-[#8:23]-[#6:22].[H]-[#7:8]-[#6:9],"EVODEX.1-P4062,EVODEX.1-P4703,EVODEX.1-P5030,EVODEX.1-P5134,EVODEX.1-P5472",96768384114749037823100604955646459490183893132873392089859762960100579285312
EVODEX.1-Nm546,[H]-[#6:3](-[#6:2])(-[#8:4]-[H])-[#6:5](-[#8:6])-[#6:7]>>[H]-[#6:5](-[#6:3](-[#6:2])=[#8:4])-[#6:7].[H]-[#8:6],"EVODEX.1-P4083,EVODEX.1-P6399,EVODEX.1-P6423,EVODEX.1-P6425,EVODEX.1-P6460",74273607374713083926548577676999675816837889189388610600335996465805785922236
EVODEX.1-Nm547,[#6:6]-[#6:7]-[#16:8]-[#6:9].[H]-[#8:28]>>[#6:6]-[#6:7]-[#8:28].[H]-[#16:8]-[#6:9],"EVODEX.1-P4088,EVODEX.1-P4548,EVODEX.1-P4549,EVODEX.1-P4973,EVODEX.1-P4975",98998528721354617889360566184902481058675615575580543782573304650396778709181
EVODEX.1-Nm548,[#6:3]-[#7:23]-[#6:24]-[#6:25].[H]-[#8:1]>>[H]-[#7:23]-[#6:3].[#8:1]-[#6:24]-[#6:25],"EVODEX.1-P4094,EVODEX.1-P5716,EVODEX.1-P5718,EVODEX.1-P5723,EVODEX.1-P5842",80813407743551870018312431689066340544613739091955135451355528735273205250859
EVODEX.1-Nm549,,"EVODEX.1-P4125,EVODEX.1-P4381,EVODEX.1-P4386,EVODEX.1-P4455,EVODEX.1-P4462",27351978860164792590669725904529573160048970355213085427384935319462800978535
EVODEX.1-Nm550,[#6:13]-[#8:14]-[#15:15](=[#8:16])(-[#8:17])-[#8:18].[H]-[#8:39]>>[H]-[#8:14]-[#6:13].[#15:15](=[#8:16])(-[#8:17])(-[#8:18])-[#8:39],"EVODEX.1-P4154,EVODEX.1-P4185,EVODEX.1-P4195,EVODEX.1-P4228,EVODEX.1-P6030",44759911394325130704027810576721996972579496994133254804393524892743772083377
EVODEX.1-Nm551,[#6]-[#16]-[#6:49](=[#8:50])-[#6:51].[H]-[#8:61]>>[#6:49](=[#8:50])(-[#6:51])-[#8:61],"EVODEX.1-P4156,EVODEX.1-P4158,EVODEX.1-P4159,EVODEX.1-P4162,EVODEX.1-P4166",92922193546350406507072120485654375690128157662031122666667759798420101471435
EVODEX.1-Nm552,[#6:8]-[#6:24](=[#8:25])-[#16:26]-[#6:27].[H]-[#8:34]>>[#6:8]-[#6:24](=[#8:25])-[#8:34].[H]-[#16:26]-[#6:27],"EVODEX.1-P4160,EVODEX.1-P4163,EVODEX.1-P4165,EVODEX.1-P4169,EVODEX.1-P5181",88405163614122225979699753902756277638467864726364579601533936044505351174965
EVODEX.1-Nm553,[#6:16]-[#7:18]-[#6:19](=[#8:20])-[#8:21].[H]-[#8:29]>>[#6:19](=[#8:20])(-[#8:21])-[#8:29].[H]-[#7:18]-[#6:16],"EVODEX.1-P4170,EVODEX.1-P4171,EVODEX.1-P4901,EVODEX.1-P5031,EVODEX.1-P5137",5082767263774412834453764340800318024234324513705258874373649199879373862950
EVODEX.1-Nm554,[#6:8]-[#6:15](-[#8:16]-[#15:17])-[#6:21]>>[H]-[#8]-[#6:15](-[#6:8])-[#6:21].[H]-[#8:16]-[#15:17],"EVODEX.1-P4172,EVODEX.1-P4184,EVODEX.1-P4202,EVODEX.1-P4217,EVODEX.1-P4222",30517210787864042928436966378073576212885348561576793198965821653114988572629
EVODEX.1-Nm555,[#15:3]-[#8:6]-[#6:7](-[#6:8])-[#6:16].[H]-[#8:1]>>[H]-[#8:6]-[#15:3].[#8:1]-[#6:7](-[#6:8])-[#6:16],"EVODEX.1-P4173,EVODEX.1-P4178,EVODEX.1-P4201,EVODEX.1-P4203,EVODEX.1-P4216",99388113290049455426122752187182168463939713238736974212191453302180383114939
EVODEX.1-Nm556,[#6]-[#6](-[H])(-[H])-[#8:6]-[#15:4]>>[H]-[#8:6]-[#15:4],"EVODEX.1-P4175,EVODEX.1-P4295,EVODEX.1-P4297,EVODEX.1-P4298,EVODEX.1-P4299",91581026320465939687614570495313875586260726413052270229847320056409154792090
EVODEX.1-Nm557,[#15]-[#8]-[#6:14](-[#6:5])-[#6:12].[H]-[#8:20]>>[#6:5]-[#6:14](-[#6:12])-[#8:20],"EVODEX.1-P4179,EVODEX.1-P4181,EVODEX.1-P4193,EVODEX.1-P4206,EVODEX.1-P4207",27823741503839840655753002801292208469321911949901050517500036662177890148558
EVODEX.1-Nm558,[#8:2]=[#6:3](-[#8:4]-[#15:5])-[#6:9]>>[H]-[#8]-[#6:3](=[#8:2])-[#6:9].[H]-[#8:4]-[#15:5],"EVODEX.1-P4186,EVODEX.1-P5986,EVODEX.1-P5987,EVODEX.1-P6023,EVODEX.1-P6025",71503585818168872929306194761144647102297901083471368865006319159018082862409
EVODEX.1-Nm559,[#6:42]-[#7:44]-[#15:45](=[#8:46])(-[#8:47])-[#8:48]>>[H]-[#7:44]-[#6:42].[H]-[#8]-[#15:45](=[#8:46])(-[#8:47])-[#8:48],"EVODEX.1-P4190,EVODEX.1-P6131,EVODEX.1-P6133,EVODEX.1-P6135,EVODEX.1-P6139",90541122950836219746653777879146054338961955041856571123755038489602178920253
EVODEX.1-Nm560,[#6:6]-[#8:7]-[#15:8](=[#8:9])(-[#8:10])-[#8:11]>>[H]-[#8:7]-[#6:6].[H]-[#8]-[#15:8](=[#8:9])(-[#8:10])-[#8:11],"EVODEX.1-P4209,EVODEX.1-P4247,EVODEX.1-P4248,EVODEX.1-P5978,EVODEX.1-P7537",115503526646419809146640800619463456490482845256382529220437009387140043398410
EVODEX.1-Nm561,[#6:17]-[#6:18](-[#8:19]-[#16:20])-[#6:24].[H]-[#8:33]>>[#6:17]-[#6:18](-[#8:33])-[#6:24].[H]-[#8:19]-[#16:20],"EVODEX.1-P4224,EVODEX.1-P4259,EVODEX.1-P4260,EVODEX.1-P4272,EVODEX.1-P4278",51950690521333995501062418100027097773923233277815506210838512295976084730454
EVODEX.1-Nm562,[#6:5]-[#6:6]-[#8:7]-[#16:8]>>[H]-[#8]-[#6:6]-[#6:5].[H]-[#8:7]-[#16:8],"EVODEX.1-P4258,EVODEX.1-P4265,EVODEX.1-P4267,EVODEX.1-P4277,EVODEX.1-P4290",51810518774722079003874525142357463219800883094342256321668373574906271539172
EVODEX.1-Nm563,[#6:36]-[#6:38](-[#8:39]-[#16:40])-[#6:44]>>[H]-[#8]-[#6:38](-[#6:36])-[#6:44].[H]-[#8:39]-[#16:40],"EVODEX.1-P4261,EVODEX.1-P4262,EVODEX.1-P4264,EVODEX.1-P4282,EVODEX.1-P4291",50551203961772880233724985751892995188875994641765049963287613964958930018458
EVODEX.1-Nm564,[#16]-[#8]-[#6:4](-[#6:2])-[#6:10].[H]-[#8:16]>>[#6:2]-[#6:4](-[#6:10])-[#8:16],"EVODEX.1-P4263,EVODEX.1-P4271,EVODEX.1-P4279,EVODEX.1-P4285,EVODEX.1-P4286",15569808718335652409614750574836268748787936746340170684132030979054077195587
EVODEX.1-Nm565,[#16]-[#8]-[#6:7]-[#6:6].[H]-[#8:17]>>[#6:6]-[#6:7]-[#8:17],"EVODEX.1-P4266,EVODEX.1-P4269,EVODEX.1-P4276,EVODEX.1-P4283,EVODEX.1-P4288",52954523062949792639837911171639233634648423719407072619318774072776164822907
EVODEX.1-Nm566,[#6:5]-[#6:6]-[#8:7]-[#16:8].[H]-[#8:12]>>[#6:5]-[#6:6]-[#8:12].[H]-[#8:7]-[#16:8],"EVODEX.1-P4268,EVODEX.1-P4275,EVODEX.1-P4280,EVODEX.1-P4287,EVODEX.1-P4289",80286964932565131527513733803131826871188165290443918889361987854124359674788
EVODEX.1-Nm567,[#8:13]-[#6:14](-[#8:15]-[#6:16])(-[#6:27])-[#6:30]>>[H]-[#8]-[#6:14](-[#6:27])(-[#8:13])-[#6:30].[H]-[#8:15]-[#6:16],"EVODEX.1-P4336,EVODEX.1-P4337,EVODEX.1-P4415,EVODEX.1-P4420,EVODEX.1-P4421",46710152132120409384123773609556980581993912515776004606040478139257360102728
EVODEX.1-Nm568,[#8:13]-[#6:14](-[#8:15]-[#6:16])(-[#6:36])-[#6:39].[H]-[#8:42]>>[#8:13]-[#6:14](-[#6:36])(-[#8:42])-[#6:39].[H]-[#8:15]-[#6:16],"EVODEX.1-P4348,EVODEX.1-P4414,EVODEX.1-P4416,EVODEX.1-P4418,EVODEX.1-P4424",109361819591782949937838327773444691081522148914829610238350172857241704354903
EVODEX.1-Nm569,[#6]-[#6](-[#8:15]-[#6:16])(-[#8])-[#6]>>[H]-[#8:15]-[#6:16],"EVODEX.1-P4349,EVODEX.1-P4417,EVODEX.1-P4419,EVODEX.1-P4422,EVODEX.1-P4423",96134340085248640196631843811688935926589469626850066498222808225178164203325
EVODEX.1-Nm570,[#8]-[#6](-[H])(-[#16:18]-[#6:11])-[#6]>>[H]-[#16:18]-[#6:11],"EVODEX.1-P4353,EVODEX.1-P4359,EVODEX.1-P4362,EVODEX.1-P4364,EVODEX.1-P4365",100158976748651207755934910030375111044930869770169441393842571709330006897292
EVODEX.1-Nm571,[#6:8]-[#16:18]-[#6:19](-[#8:20])-[#6:28]>>[H]-[#16:18]-[#6:8].[H]-[#8]-[#6:19](-[#8:20])-[#6:28],"EVODEX.1-P4354,EVODEX.1-P4355,EVODEX.1-P4358,EVODEX.1-P4360,EVODEX.1-P4366",87073366497773618780725035084181361012222180745419799915564179687561551421346
EVODEX.1-Nm572,[#6:9]-[#16:16]-[#6:17](-[#8:18])-[#6:26].[H]-[#8:30]>>[#6:17](-[#8:30])(-[#8:18])-[#6:26].[H]-[#16:16]-[#6:9],"EVODEX.1-P4356,EVODEX.1-P4357,EVODEX.1-P4361,EVODEX.1-P4363,EVODEX.1-P4367",6298894551703068826283536206818069131741424427091514689028521211295895076904
EVODEX.1-Nm573,[#6]-[#8]-[#6:3](-[#6:2])(-[#6:4])-[#6:5].[H]-[#8:19]>>[#6:2]-[#6:3](-[#6:4])(-[#6:5])-[#8:19],"EVODEX.1-P4436,EVODEX.1-P4437,EVODEX.1-P4438,EVODEX.1-P4441,EVODEX.1-P4458",80721091994743745529821053968291108708060999631913173708688199282635522124273
EVODEX.1-Nm574,[#6:1]-[#6:2](=[#8:3])-[#7:4]-[#7:5].[H]-[#8:6]>>[#6:1]-[#6:2](=[#8:3])-[#8:6].[H]-[#7:4]-[#7:5],"EVODEX.1-P4578,EVODEX.1-P4822,EVODEX.1-P4847,EVODEX.1-P5493,EVODEX.1-P5665",59008987970675483421532494136721842765596388438042105691497307256907472546348
EVODEX.1-Nm575,[#6:13]-[#7:18]-[#6:19](=[#8:20])-[#6:21]-[#7:29]-[#6:30](=[#8:31])-[#6:32]>>[H]-[#8]-[#6:19](=[#8:20])-[#6:21]-[#7:29]-[H].[H]-[#8]-[#6:30](=[#8:31])-[#6:32].[H]-[#7:18]-[#6:13],"EVODEX.1-P4608,EVODEX.1-P4684,EVODEX.1-P4914,EVODEX.1-P5010,EVODEX.1-P5160",28856643025239246135447407478553363461457777672636496884061304160219294029332
EVODEX.1-Nm576,[H]-[#7](-[H])-[#6:8](-[#6:7])=[#8:10].[H]-[#8:14]>>[#6:7]-[#6:8](=[#8:10])-[#8:14],"EVODEX.1-P4610,EVODEX.1-P4647,EVODEX.1-P4651,EVODEX.1-P5135,EVODEX.1-P5704",48124532406819643042919012832891636483408721967837933470288140191370666588670
EVODEX.1-Nm577,[#6:21]-[#6:27](=[#8:28])-[#7:29]-[#6:30]-[#6:35](=[#8:36])-[#7:37]-[#6:38].[H]-[#8:68].[H]-[#8:69]>>[#6:21]-[#6:27](=[#8:28])-[#8:68].[H]-[#7:29]-[#6:30]-[#6:35](=[#8:36])-[#8:69].[H]-[#7:37]-[#6:38],"EVODEX.1-P4628,EVODEX.1-P5149,EVODEX.1-P5165,EVODEX.1-P5174,EVODEX.1-P5354",80073077912902875336162206931259621055464077928479994898153233787531717584881
EVODEX.1-Nm578,[#6:8]-[#6:9](-[#7:10])=[#8:11].[H]-[#8:24]>>[#6:8]-[#6:9](=[#8:11])-[#8:24].[H]-[#7:10],"EVODEX.1-P4650,EVODEX.1-P5122,EVODEX.1-P5624,EVODEX.1-P5702,EVODEX.1-P5705",65943596422479714860443544081768775008936754311663686581249257671202432956251
EVODEX.1-Nm579,[#6:9]-[#7:13](-[#6:12])-[#6:14](=[#8:15])-[#6:16]>>[H]-[#8]-[#6:14](=[#8:15])-[#6:16].[H]-[#7:13](-[#6:9])-[#6:12],"EVODEX.1-P4760,EVODEX.1-P4804,EVODEX.1-P5311,EVODEX.1-P5318,EVODEX.1-P5324",2538561326534545936192762907807709501836056176171735921158167746903126325107
EVODEX.1-Nm580,[#6:1]-[#6:2](=[#8:3])-[#7:4](-[#6:5])-[#6:13].[H]-[#8:22]>>[#6:1]-[#6:2](=[#8:3])-[#8:22].[H]-[#7:4](-[#6:5])-[#6:13],"EVODEX.1-P4764,EVODEX.1-P4766,EVODEX.1-P5306,EVODEX.1-P5329,EVODEX.1-P5773",97234619119113630447547185911026734809710599791293200557857429373015366989308
EVODEX.1-Nm581,([#6:5]-[#7:6]-[#6:7](=[#8:8])-[#6:9].[#6:61]-[#6:62](=[#8:63])-[#7:64]-[#6:65]).[H]-[#8:94].[H]-[#8:95]>>[#6:7](=[#8:8])(-[#6:9])-[#8:94].([H]-[#7:6]-[#6:5].[#6:61]-[#6:62](=[#8:63])-[#8:95]).[H]-[#7:64]-[#6:65],"EVODEX.1-P4836,EVODEX.1-P5381,EVODEX.1-P5386,EVODEX.1-P5392,EVODEX.1-P5420",67036839228584934565371760445381170284863815755398385509955763950179030533151
EVODEX.1-Nm582,[#6:5]-[#7:6]-[#6:7](=[#8:8])-[#8:9]>>[H]-[#8]-[#6:7](=[#8:8])-[#8:9].[H]-[#7:6]-[#6:5],"EVODEX.1-P4902,EVODEX.1-P4920,EVODEX.1-P4921,EVODEX.1-P5604,EVODEX.1-P5786",909573566637115524008427192214408523086426505374834510331179115318571451350
EVODEX.1-Nm583,([#6:5]-[#7:6]-[#6:7](=[#8:8])-[#6:9].[#6:61]-[#6:62](=[#8:63])-[#7:64]-[#6:65])>>[H]-[#8]-[#6:7](=[#8:8])-[#6:9].([H]-[#8]-[#6:62](-[#6:61])=[#8:63].[#6:5]-[#7:6]-[H]).[H]-[#7:64]-[#6:65],"EVODEX.1-P5059,EVODEX.1-P5303,EVODEX.1-P5352,EVODEX.1-P5382,EVODEX.1-P5421",4368261682159033847505241151088763556679665211535863719337461416210883283197
EVODEX.1-Nm584,[#7]=[#6](-[#7])-[#7:4]-[#6:5]>>[H]-[#7:4]-[#6:5],"EVODEX.1-P5060,EVODEX.1-P5131,EVODEX.1-P5197,EVODEX.1-P5229,EVODEX.1-P5884",1704225475732689474627254205000030202718923737031745914723828068418985825175
EVODEX.1-Nm585,,"EVODEX.1-P5061,EVODEX.1-P5881,EVODEX.1-P5885,EVODEX.1-P6127,EVODEX.1-P6128",90456535659239061437208049957826346133042877687985774570702947790527939565969
EVODEX.1-Nm586,[#6]-[#7](-[H])-[#6:19](=[#8:20])-[#6:21]-[#7:24]-[#6:25](=[#8:26])-[#6:27].[H]-[#8:62].[H]-[#8:63]>>[H]-[#7:24]-[#6:21]-[#6:19](=[#8:20])-[#8:62].[#6:25](=[#8:26])(-[#6:27])-[#8:63],"EVODEX.1-P5150,EVODEX.1-P5154,EVODEX.1-P5159,EVODEX.1-P5176,EVODEX.1-P5178",96805414257597333526718115563265112744457383395279588002109814566555228684715
EVODEX.1-Nm587,[#6]-[#7](-[H])-[#6:19](=[#8:20])-[#6:21]-[#7:24]-[#6:25](=[#8:26])-[#6:27]>>[H]-[#8]-[#6:19](=[#8:20])-[#6:21]-[#7:24]-[H].[H]-[#8]-[#6:25](=[#8:26])-[#6:27],"EVODEX.1-P5151,EVODEX.1-P5161,EVODEX.1-P5170,EVODEX.1-P5175,EVODEX.1-P5179",69562118032761957458317481976892779456155750678445197162854704343145906801326
EVODEX.1-Nm588,[#6:6]-[#6:7](=[#8:8])-[#8:9].[H]-[#7:1]>>[#7:1]-[#6:7](-[#6:6])=[#8:8].[H]-[#8:9],"EVODEX.1-P5211,EVODEX.1-P5572,EVODEX.1-P5625,EVODEX.1-P5687,EVODEX.1-P5689",107949124502312718914583327997877665692844356740221939092966306622789840240435
EVODEX.1-Nm589,[H]-[#8]-[#6:3](=[#8:2])-[#6:5]>>[H]-[#7](-[H])-[#6:3](=[#8:2])-[#6:5],"EVODEX.1-P5213,EVODEX.1-P5276,EVODEX.1-P5653,EVODEX.1-P5677,EVODEX.1-P5690",73107563614230308453721955741821215882534310303277861395987362823146658082136
EVODEX.1-Nm590,[#6:1]-[#6:2]=[#8:3].[H]-[#6:5](-[#6:4])-[#6:6]>>[H]-[#8:3]-[#6:2](-[#6:1])-[#6:5](-[#6:4])-[#6:6],"EVODEX.1-P5292,EVODEX.1-P5294,EVODEX.1-P5295,EVODEX.1-P5299,EVODEX.1-P6366",103944194088159574890247871232184518536579717302128793470825549803922940805925
EVODEX.1-Nm591,[#8:15]=[#6:16]-[#6:17].[H]-[#6:3](-[#6:2])-[#8:4]>>[H]-[#8:15]-[#6:16](-[#6:3](-[#6:2])-[#8:4])-[#6:17],"EVODEX.1-P5296,EVODEX.1-P6257,EVODEX.1-P6261,EVODEX.1-P6277,EVODEX.1-P6307",62760627445555790747070279550167360571741728803979093294087769390178610509692
EVODEX.1-Nm592,[#6:2]-[#6:3](=[#8:4])-[#7:5]-[#8:6].[H]-[#8:7]>>[#6:2]-[#6:3](=[#8:4])-[#8:7].[H]-[#7:5]-[#8:6],"EVODEX.1-P5443,EVODEX.1-P5447,EVODEX.1-P5627,EVODEX.1-P5642,EVODEX.1-P5667",67323974139214044408268641706871744926274824372477296537157422595443002256099
EVODEX.1-Nm593,[#8]-[#7](-[H])-[#6:2](-[#6:1])=[#8:3].[H]-[#8:6]>>[#6:1]-[#6:2](=[#8:3])-[#8:6],"EVODEX.1-P5444,EVODEX.1-P5448,EVODEX.1-P5628,EVODEX.1-P5639,EVODEX.1-P5663",105915676926591279691949237849413992497681842296510836808227240142277963970130
EVODEX.1-Nm594,[#8]-[#7](-[H])-[#6:8](-[#6:7])=[#8:9]>>[H]-[#8]-[#6:8](-[#6:7])=[#8:9],"EVODEX.1-P5445,EVODEX.1-P5629,EVODEX.1-P5633,EVODEX.1-P5640,EVODEX.1-P6907",47669700714931431222150784971403898489750198669070989825423154612504820634637
EVODEX.1-Nm595,[#6:1]-[#6:2](=[#8:3])-[#7:4]-[#8:5]>>[H]-[#8]-[#6:2](-[#6:1])=[#8:3].[H]-[#7:4]-[#8:5],"EVODEX.1-P5446,EVODEX.1-P5449,EVODEX.1-P5577,EVODEX.1-P5630,EVODEX.1-P5664",110783486296421914123290888719971165022554739486699869473318379134104055828263
EVODEX.1-Nm596,[H]-[#7](-[H])-[#6:2](=[#8:3])-[#7:4]-[#6:5].[H]-[#8:19]-[H]>>[#6:2](=[#8:3])=[#8:19].[H]-[#7:4]-[#6:5],"EVODEX.1-P5499,EVODEX.1-P5726,EVODEX.1-P5731,EVODEX.1-P5780,EVODEX.1-P5783",24758411371414841994319658351290840625453861414490114507031756331182042877534
EVODEX.1-Nm597,[#7:1]-[#6:2](=[#8:3])-[#7:4]-[#6:5].[H]-[#8:16]-[H]>>[#6:2](=[#8:3])=[#8:16].[H]-[#7:4]-[#6:5].[H]-[#7:1],"EVODEX.1-P5500,EVODEX.1-P5707,EVODEX.1-P5735,EVODEX.1-P5736,EVODEX.1-P5779",106692664888105056767003608633041478131787317963370213295061381814935966514721
EVODEX.1-Nm598,[H]-[#7](-[H])-[#6:2](=[#8:3])-[#7:4]-[#6:5]>>[#8]=[#6:2]=[#8:3].[H]-[#7:4]-[#6:5],"EVODEX.1-P5501,EVODEX.1-P5732,EVODEX.1-P5737,EVODEX.1-P5778,EVODEX.1-P5883",15563571206690750461164251312573019291278154109674082454914138388809079740897
EVODEX.1-Nm599,[#6:1]-[#6:2](-[#7:3])=[#8:4].[H]-[#7:5]-[#8:6]>>[#6:1]-[#6:2](=[#8:4])-[#7:5]-[#8:6].[H]-[#7:3],"EVODEX.1-P5573,EVODEX.1-P5634,EVODEX.1-P5637,EVODEX.1-P5678,EVODEX.1-P5681",113172719926744561792650459636626186288184851547507471396756999627820577701679
EVODEX.1-Nm600,[H]-[#7:11]-[#8:12].[H]-[#8]-[#6:4](-[#6:3])=[#8:5]>>[#6:3]-[#6:4](=[#8:5])-[#7:11]-[#8:12],"EVODEX.1-P5578,EVODEX.1-P5668,EVODEX.1-P6825,EVODEX.1-P6826,EVODEX.1-P6905",48921421972908385928867682512564680790678719388574011281446073544891371161533
EVODEX.1-Nm601,[#8]=[#6](-[#7:1])-[#7:4]-[#6:5]>>[H]-[#7:4]-[#6:5].[H]-[#7:1],"EVODEX.1-P5580,EVODEX.1-P5727,EVODEX.1-P5728,EVODEX.1-P5729,EVODEX.1-P5781",91004499652075774960228359433686490154769393613876306222793405341018932863863
EVODEX.1-Nm602,[H]-[#8]-[#6:4](-[#6:3])=[#8:5]>>[#8]-[#7](-[H])-[#6:4](-[#6:3])=[#8:5],"EVODEX.1-P5626,EVODEX.1-P5631,EVODEX.1-P5641,EVODEX.1-P5669,EVODEX.1-P6906",50296108496569235702327525543715731643658899497518068409814006006790820478097
EVODEX.1-Nm603,[#6:2]-[#6:3](-[#7:4])=[#8:5]>>[#8]-[#7](-[H])-[#6:3](-[#6:2])=[#8:5].[H]-[#7:4],"EVODEX.1-P5632,EVODEX.1-P5636,EVODEX.1-P5638,EVODEX.1-P5680,EVODEX.1-P5683",94719571968175709864431090541599742273363313808253982521228462791080797202973
EVODEX.1-Nm604,[H]-[#7:1].[H]-[#8]-[#6:3](=[#8:2])-[#6:5]>>[#7:1]-[#6:3](=[#8:2])-[#6:5],"EVODEX.1-P5672,EVODEX.1-P5673,EVODEX.1-P5675,EVODEX.1-P5691,EVODEX.1-P5701",86330326526095404006042874279567022258498195469038603916609403638874205782199
EVODEX.1-Nm605,[#6:17]-[#6:18](=[#8:19])-[#8:20]>>[H]-[#7](-[H])-[#6:18](-[#6:17])=[#8:19].[H]-[#8:20],"EVODEX.1-P5684,EVODEX.1-P5686,EVODEX.1-P5688,EVODEX.1-P5692,EVODEX.1-P5695",76448313380742725328650317276002204415900594044639623501741211955913930307186
EVODEX.1-Nm606,[#7:1]-[#6:2](=[#8:3])-[#7:4]-[#6:5]>>[#8]=[#6:2]=[#8:3].[H]-[#7:4]-[#6:5].[H]-[#7:1],"EVODEX.1-P5708,EVODEX.1-P5710,EVODEX.1-P5730,EVODEX.1-P5734,EVODEX.1-P5882",59636388122034409093640237216773357701818463620629866518057670352577487771548
EVODEX.1-Nm607,[#6:5]-[#7:6]-[#6:7](=[#8:8])-[#8:9]-[#6:10]-[#6:11]>>[#6:7](=[#8:8])=[#8:9].[H]-[#8]-[#6:10]-[#6:11].[H]-[#7:6]-[#6:5],"EVODEX.1-P5715,EVODEX.1-P5751,EVODEX.1-P5754,EVODEX.1-P5765,EVODEX.1-P5769",109856770053635760717344749671342511880990667645776306799306571903694548709525
EVODEX.1-Nm608,[#6]-[#6](-[H])(-[H])-[#8:17]-[#6:3](=[#8:2])-[#7:4]-[#6:5]>>[H]-[#7:4]-[#6:5].[#8:2]=[#6:3]=[#8:17],"EVODEX.1-P5717,EVODEX.1-P5752,EVODEX.1-P5755,EVODEX.1-P5762,EVODEX.1-P5771",3938414978304215530550401448104716817079748683136067579343882942486872216558
EVODEX.1-Nm609,[#6:5]-[#7:6]-[#6:7]-[#6:8]>>[H]-[#8]-[#6:7]-[#6:8].[H]-[#7:6]-[#6:5],"EVODEX.1-P5719,EVODEX.1-P5721,EVODEX.1-P5722,EVODEX.1-P5724,EVODEX.1-P5725",115422215184956993917058243354520774065705627827682291369756260155270153671621
EVODEX.1-Nm610,[#6:4]-[#7:5]-[#6:6](=[#8:7])-[#8:8]-[#6:9]-[#6:10].[H]-[#8:19]>>[#6:6](=[#8:7])=[#8:8].[#6:9](-[#6:10])-[#8:19].[H]-[#7:5]-[#6:4],"EVODEX.1-P5720,EVODEX.1-P5760,EVODEX.1-P5761,EVODEX.1-P5766,EVODEX.1-P5770",78631734368123017030659266648507714528876590406941038820546921442303529767892
EVODEX.1-Nm611,[#8]=[#6](-[#8]-[#6:10]-[#6:11])-[#7:6]-[#6:5].[H]-[#8:20]>>[#6:10](-[#6:11])-[#8:20].[H]-[#7:6]-[#6:5],"EVODEX.1-P5753,EVODEX.1-P5758,EVODEX.1-P5759,EVODEX.1-P5764,EVODEX.1-P5768",79788929376047523488368216379271149718721067659132889081882618109932144184349
EVODEX.1-Nm612,[#8:34]=[#6:35](-[#6:36])-[#7:43]-[#6:39].[H]-[#8:32]>>([H]-[#7:43]-[#6:39].[#6:36]-[#6:35](-[#8:32])=[#8:34]),"EVODEX.1-P5843,EVODEX.1-P5844,EVODEX.1-P5848,EVODEX.1-P5854,EVODEX.1-P5859",95349576213210622884589986028691100678072021730913369129506278135626210584279
EVODEX.1-Nm613,[#8:34]=[#6:35](-[#6:36])-[#7:43]-[#6:39]>>([H]-[#8]-[#6:35](=[#8:34])-[#6:36].[#6:39]-[#7:43]-[H]),"EVODEX.1-P5846,EVODEX.1-P5849,EVODEX.1-P5851,EVODEX.1-P5853,EVODEX.1-P5860",88446600223571500339130817749287419716605035636616106496323400455360786187706
EVODEX.1-Nm614,[H]-[#7]=[#6:2]-[#7:3]>>[#8]=[#6:2]-[#7:3],"EVODEX.1-P5861,EVODEX.1-P5866,EVODEX.1-P5871,EVODEX.1-P5875,EVODEX.1-P5877",56985293248215630920341481773906477418311886953122508277361345705056900889181
EVODEX.1-Nm615,[#7:5]-[#6:6]=[#7:7].[H]-[#8:11]-[H]>>[#7:5]-[#6:6]=[#8:11].[H]-[#7:7]-[H],"EVODEX.1-P5862,EVODEX.1-P5865,EVODEX.1-P5873,EVODEX.1-P5876,EVODEX.1-P5879",429586173758693266091390832060140905052655555984542702080928812954039264285
EVODEX.1-Nm616,[H]-[#7]=[#6:6]-[#7:5].[H]-[#8:11]-[H]>>[#7:5]-[#6:6]=[#8:11],"EVODEX.1-P5863,EVODEX.1-P5867,EVODEX.1-P5869,EVODEX.1-P5874,EVODEX.1-P5880",10686699550215665593621503011270310878401404044806237701102354507388854651202
EVODEX.1-Nm617,[#7:1]=[#6:2]-[#7:3]>>[#8]=[#6:2]-[#7:3].[H]-[#7:1]-[H],"EVODEX.1-P5864,EVODEX.1-P5868,EVODEX.1-P5870,EVODEX.1-P5872,EVODEX.1-P5878",101583775837875046220953270941958219282065082406233979411729148154133181031846
EVODEX.1-Nm618,([#7:1]#[#6:2]-[#6:3].[#6:6]-[#6:7]#[#7:8]).[H]-[#8:11].[H]-[#8:12]-[H]>>([H]-[#8]-[#6:2](-[#6:3])=[#8:12].[#6:6]-[#6:7](=[#8])-[#8:11]).[H]-[#7:1](-[H])-[H].[H]-[#7:8](-[H])-[H],"EVODEX.1-P5889,EVODEX.1-P5899,EVODEX.1-P5904,EVODEX.1-P5914,EVODEX.1-P5924",94168166890806678934712987739059356711517189600010380262417441046772939159332
EVODEX.1-Nm619,([#7]#[#6:2]-[#6:3].[#6:9]-[#6:10]#[#7]).[H]-[#8:13]-[H].[H]-[#8:14]>>([H]-[#8]-[#6:10](=[#8])-[#6:9].[#6:3]-[#6:2](=[#8:13])-[#8:14]),"EVODEX.1-P5890,EVODEX.1-P5912,EVODEX.1-P5919,EVODEX.1-P5929,EVODEX.1-P5932",5268210787107837413693026953099153032951375533991735183138953623403608362563
EVODEX.1-Nm620,([#7]#[#6:2]-[#6:3].[#6:7]-[#6:8]#[#7])>>([H]-[#8]-[#6:2](=[#8])-[#6:3].[#6:7]-[#6:8](=[#8])-[#8]-[H]),"EVODEX.1-P5900,EVODEX.1-P5916,EVODEX.1-P5918,EVODEX.1-P5925,EVODEX.1-P5965",49242507890222525566745940911598974052854167010860645261025425970142883247276
EVODEX.1-Nm621,([#7:1]#[#6:2]-[#6:3].[#6:9]-[#6:10]#[#7:11])>>([H]-[#8]-[#6:2](=[#8])-[#6:3].[#6:9]-[#6:10](=[#8])-[#8]-[H]).[H]-[#7:11](-[H])-[H].[H]-[#7:1](-[H])-[H],"EVODEX.1-P5911,EVODEX.1-P5915,EVODEX.1-P5917,EVODEX.1-P5928,EVODEX.1-P5931",28733023131640337452467016769829947975082417268206728168958259560903539207596
EVODEX.1-Nm622,[#6:5]-[#6:7]#[#7:8].[H]-[#8:9]-[H]>>[H]-[#7:8](-[H])-[#6:7](-[#6:5])=[#8:9],"EVODEX.1-P5927,EVODEX.1-P5933,EVODEX.1-P6465,EVODEX.1-P6468,EVODEX.1-P6475",246867334021275951760657497529770324279857542564221208485928328573478233934
EVODEX.1-Nm623,[#8:2]=[#6:3](-[#8:4]-[#15:5])-[#6:9].[H]-[#8:1]>>[#8:1]-[#6:3](=[#8:2])-[#6:9].[H]-[#8:4]-[#15:5],"EVODEX.1-P5983,EVODEX.1-P5984,EVODEX.1-P5985,EVODEX.1-P6022,EVODEX.1-P6024",76615482746013506824413960157386386447431721123299617648561468574408669945191
EVODEX.1-Nm624,[H]-[#8:20]-[#15:18]-[#8:17]-[#15:14](-[#8:13]-[#15:10])(=[#8:15])-[#8:16]>>[H]-[#8:13]-[#15:10].[H]-[#8]-[#15:14](=[#8:15])(-[#8:16])-[#8:20]-[#15:18]-[#8:17]-[H],"EVODEX.1-P5990,EVODEX.1-P5991,EVODEX.1-P5993,EVODEX.1-P5998,EVODEX.1-P6027",17265325379357189834181799969589537979983138978483434523036138852586004349103
EVODEX.1-Nm625,[H]-[#8:26]-[#15:24]-[#8:23]-[#15:20](-[#8:19]-[#15:16])(=[#8:21])-[#8:22].[H]-[#8:32]>>[H]-[#8:19]-[#15:16].[H]-[#8:23]-[#15:24]-[#8:26]-[#15:20](=[#8:21])(-[#8:22])-[#8:32],"EVODEX.1-P5992,EVODEX.1-P5994,EVODEX.1-P5995,EVODEX.1-P5997,EVODEX.1-P6028",66334618001944391560620306292867913976820224005155416444285506989787521701585
EVODEX.1-Nm626,[#8:3]=[#15:4](-[#8:5])(-[#8:6])-[#8:7]-[#15:8](=[#8:9])(-[#8:10])-[#8:11]-[#15:12]>>[H]-[#8:11]-[#15:12].[H]-[#8]-[#15:8](-[#8:7]-[H])(=[#8:9])-[#8:10].[H]-[#8]-[#15:4](=[#8:3])(-[#8:5])-[#8:6],"EVODEX.1-P6002,EVODEX.1-P6004,EVODEX.1-P6006,EVODEX.1-P6009,EVODEX.1-P6018",45060864444250752945350795623543474953646651252724652417758401240053290976977
EVODEX.1-Nm627,[#8:3]=[#15:4](-[#8:5])(-[#8:6])-[#8:7]-[#15:8](=[#8:9])(-[#8:10])-[#8:11]-[#15:12].[H]-[#8:1].[H]-[#8:2]>>[H]-[#8:11]-[#15:12].[H]-[#8:7]-[#15:8](-[#8:1])(=[#8:9])-[#8:10].[#8:2]-[#15:4](=[#8:3])(-[#8:5])-[#8:6],"EVODEX.1-P6003,EVODEX.1-P6005,EVODEX.1-P6007,EVODEX.1-P6008,EVODEX.1-P6016",46303599725460962031591601430362416909267679670535322422627942238296278270522
EVODEX.1-Nm628,[#6]=[#6](-[H])-[#6:10](=[#8:11])-[#6:12]>>[H]-[#8]-[#6:10](=[#8:11])-[#6:12],"EVODEX.1-P6033,EVODEX.1-P6036,EVODEX.1-P6051,EVODEX.1-P6074,EVODEX.1-P6077",62385563763652984020134669800279130018185759315223024947146222730542733851849
EVODEX.1-Nm629,[#6:8]=[#6:10]-[#6:11](=[#8:12])-[#6:13]>>[H]-[#6:10]=[#6:8].[H]-[#8]-[#6:11](=[#8:12])-[#6:13],"EVODEX.1-P6034,EVODEX.1-P6052,EVODEX.1-P6081,EVODEX.1-P6082,EVODEX.1-P6083",59120798585584460903908267185986842915072282271294891253040240240177732542726
EVODEX.1-Nm630,[#6]=[#6](-[H])-[#6:10](=[#8:11])-[#6:12].[H]-[#8:1]>>[#8:1]-[#6:10](=[#8:11])-[#6:12],"EVODEX.1-P6035,EVODEX.1-P6076,EVODEX.1-P6079,EVODEX.1-P6085,EVODEX.1-P6086",12118802438987090987348566726698690717727579792747080027887225173561054210127
EVODEX.1-Nm631,[#6:6]-[#6:8]-[#6:9](-[#6:10])=[#8:11]>>[H]-[#8]-[#6:9](-[#6:10])=[#8:11].[H]-[#6:8]-[#6:6],"EVODEX.1-P6046,EVODEX.1-P6049,EVODEX.1-P6064,EVODEX.1-P6070,EVODEX.1-P6072",32589843035233643585208373496316991092639288217177567659166035460714546317554
EVODEX.1-Nm632,[#6:8]-[#6:9](=[#8:10])-[#6:11]-[#6:12].[H]-[#8:17]>>[H]-[#6:11]-[#6:12].[#6:8]-[#6:9](=[#8:10])-[#8:17],"EVODEX.1-P6048,EVODEX.1-P6053,EVODEX.1-P6056,EVODEX.1-P6065,EVODEX.1-P6068",3101533854070023763348476342855977893752938021894202553969065142619517629196
EVODEX.1-Nm633,[#6:8]=[#6:9]-[#6:10](=[#8:11])-[#6:12].[H]-[#8:1]>>[H]-[#6:9]=[#6:8].[#8:1]-[#6:10](=[#8:11])-[#6:12],"EVODEX.1-P6050,EVODEX.1-P6075,EVODEX.1-P6078,EVODEX.1-P6080,EVODEX.1-P6084",68822359358394443781743467255344903854840505984889617776770185491260208106111
EVODEX.1-Nm634,[#6:1]-[#6:2](-[#6:3])-[#17:4].[H]-[#8:5]>>[#6:1]-[#6:2](-[#6:3])-[#8:5].[H]-[#17:4],"EVODEX.1-P6087,EVODEX.1-P6091,EVODEX.1-P6093,EVODEX.1-P6112,EVODEX.1-P6119",114123208770261427192917852431421519902235396313947259417558473201873962597245
EVODEX.1-Nm635,[#17]-[#6:2](-[#6:3])-[#6:12].[H]-[#8:14]>>[#6:2](-[#8:14])(-[#6:3])-[#6:12],"EVODEX.1-P6088,EVODEX.1-P6096,EVODEX.1-P6101,EVODEX.1-P6111,EVODEX.1-P6114",9011903765599312865929817003069938871610847838466908265950200774543033838717
EVODEX.1-Nm636,[#17]-[#6:8](-[#6:6])-[#6:10]>>[H]-[#8]-[#6:8](-[#6:6])-[#6:10],"EVODEX.1-P6089,EVODEX.1-P6092,EVODEX.1-P6094,EVODEX.1-P6103,EVODEX.1-P6113",45150523810766934241498710421547583286163493981168129074313007338632021597198
EVODEX.1-Nm637,[#6:1]-[#6:2](-[#6:3])-[#17:4]>>[H]-[#8]-[#6:2](-[#6:1])-[#6:3].[H]-[#17:4],"EVODEX.1-P6090,EVODEX.1-P6095,EVODEX.1-P6104,EVODEX.1-P6115,EVODEX.1-P6120",26603672650617835511947751261616303819543272137615166199927670009426959182910
EVODEX.1-Nm638,[H]-[#8:1].[#6:5]-[#6:6]-[#17:7]>>[H]-[#17:7].[#8:1]-[#6:6]-[#6:5],"EVODEX.1-P6097,EVODEX.1-P6100,EVODEX.1-P6102,EVODEX.1-P6108,EVODEX.1-P6121",115010544728896313430441114925631078706509437081654704126308085410923543782258
EVODEX.1-Nm639,[#17]-[#6:2]-[#6:3]>>[H]-[#8]-[#6:2]-[#6:3],"EVODEX.1-P6098,EVODEX.1-P6106,EVODEX.1-P6110,EVODEX.1-P6117,EVODEX.1-P6124",111608242912049536272957761761940701795324589443061575150268757109324976484621
EVODEX.1-Nm640,[#6:11]-[#6:12]-[#17:13]>>[H]-[#8]-[#6:12]-[#6:11].[H]-[#17:13],"EVODEX.1-P6099,EVODEX.1-P6105,EVODEX.1-P6116,EVODEX.1-P6118,EVODEX.1-P6126",21329594524562713984147065761672313555592217528203281448108239519146884449949
EVODEX.1-Nm641,[#17]-[#6:12]-[#6:11].[H]-[#8:14]>>[#6:11]-[#6:12]-[#8:14],"EVODEX.1-P6107,EVODEX.1-P6109,EVODEX.1-P6122,EVODEX.1-P6123,EVODEX.1-P6125",26348334810569330388036139804657323265886721931182891986517589401860964813641
EVODEX.1-Nm642,[#6:42]-[#7:44]-[#15:45](=[#8:46])(-[#8:47])-[#8:48].[H]-[#8:103]>>[H]-[#7:44]-[#6:42].[#15:45](=[#8:46])(-[#8:47])(-[#8:48])-[#8:103],"EVODEX.1-P6129,EVODEX.1-P6132,EVODEX.1-P6134,EVODEX.1-P6136,EVODEX.1-P6138",91165303318933712617284341973105705770036459588985107509314007974654315163034
EVODEX.1-Nm643,[H]-[#6:8](-[#6:7])=[#8:9].[#8:10]=[#6:11]=[#8:12]>>[H]-[#8:10]-[#6:11](-[#6:8](-[#6:7])=[#8:9])=[#8:12],"EVODEX.1-P6141,EVODEX.1-P6186,EVODEX.1-P6188,EVODEX.1-P6191,EVODEX.1-P6193",105418361755050719522937170270437263410461563417285527859648884395258384440300
EVODEX.1-Nm644,[H]-[#6:5](=[#8:4])-[#6:6]>>[#8]-[#6](=[#8])-[#6:5](=[#8:4])-[#6:6],"EVODEX.1-P6142,EVODEX.1-P6143,EVODEX.1-P6145,EVODEX.1-P6146,EVODEX.1-P6187",48757893239796247325168447822054238384724819537769494858550661332391183122523
EVODEX.1-Nm645,[#8]-[#6](=[#8])-[#6:4](=[#8:5])-[#6:6]>>[H]-[#6:4](=[#8:5])-[#6:6],"EVODEX.1-P6144,EVODEX.1-P6174,EVODEX.1-P6189,EVODEX.1-P6192,EVODEX.1-P6209",13985994074665068797116209516867755442051865156160414883089941946822468245506
EVODEX.1-Nm646,[H]-[#8:3]-[#6:2](=[#8:1])-[#6:4]=[#6:5]>>[H]-[#6:4]=[#6:5].[#8:1]=[#6:2]=[#8:3],"EVODEX.1-P6147,EVODEX.1-P6148,EVODEX.1-P6152,EVODEX.1-P6153,EVODEX.1-P6207",83300251048018864660790118294994937232728053774328172855638507182008737082034
EVODEX.1-Nm647,[#8]-[#6](=[#8])-[#6:4]=[#6:5]>>[H]-[#6:4]=[#6:5],"EVODEX.1-P6149,EVODEX.1-P6150,EVODEX.1-P6151,EVODEX.1-P6154,EVODEX.1-P6208",40732121478599892679575541446608262784875785791378117683844915582678520769164
EVODEX.1-Nm648,[H]-[#8:6]-[#6:4](-[#6:3](-[#6:2])-[#6:7])=[#8:5]>>[#6:4](=[#8:5])=[#8:6].[H]-[#6:3](-[#6:2])-[#6:7],"EVODEX.1-P6157,EVODEX.1-P6172,EVODEX.1-P6206,EVODEX.1-P6212,EVODEX.1-P6213",4032331883711679256121076909822119190471021407401476462375718140037966648930
EVODEX.1-Nm649,[H]-[#8:3]-[#6:2](=[#8:1])-[#6:4]-[#6:5]>>[H]-[#6:4]-[#6:5].[#8:1]=[#6:2]=[#8:3],"EVODEX.1-P6158,EVODEX.1-P6168,EVODEX.1-P6169,EVODEX.1-P6173,EVODEX.1-P6210",102441504598845488990631653147825299708022077227865428085878232937184046036444
EVODEX.1-Nm650,[H]-[#8:10]-[#6:8](-[#6:6](-[#6:5])-[#7:7])=[#8:9]>>[#6:8](=[#8:9])=[#8:10].[H]-[#6:6](-[#6:5])-[#7:7],"EVODEX.1-P6159,EVODEX.1-P6161,EVODEX.1-P6162,EVODEX.1-P6164,EVODEX.1-P6177",37831307141691242798861799648759837571903335016015856512950009093346382474322
EVODEX.1-Nm651,[#8]-[#6](=[#8])-[#6:6](-[#6:5])-[#7:7]>>[H]-[#6:6](-[#6:5])-[#7:7],"EVODEX.1-P6160,EVODEX.1-P6163,EVODEX.1-P6165,EVODEX.1-P6166,EVODEX.1-P6176",91164755357734410577925580838823729316673775135563288263088982682822961685787
EVODEX.1-Nm652,[H]-[#8:3]-[#6:2](=[#8:1])-[#6:4](-[#8:5])(-[#6:6])-[#6:9]>>[H]-[#6:4](-[#8:5])(-[#6:6])-[#6:9].[#8:1]=[#6:2]=[#8:3],"EVODEX.1-P6175,EVODEX.1-P6197,EVODEX.1-P6198,EVODEX.1-P6201,EVODEX.1-P6204",56086113648745470862198214079842223945869715788758270435354214237641911272890
EVODEX.1-Nm653,[#8]-[#6](-[H])(-[#6])-[#6:4](=[#8:5])-[#6:6]>>[H]-[#6:4](=[#8:5])-[#6:6],"EVODEX.1-P6179,EVODEX.1-P6180,EVODEX.1-P6183,EVODEX.1-P6184,EVODEX.1-P6185",62731262571545078042185252205637476189115570755326005989248027784070916226667
EVODEX.1-Nm654,[#8]-[#6](=[#8])-[#6:4](-[#6:3])(-[#8:5])-[#6:9]>>[H]-[#6:4](-[#6:3])(-[#8:5])-[#6:9],"EVODEX.1-P6199,EVODEX.1-P6200,EVODEX.1-P6202,EVODEX.1-P6203,EVODEX.1-P6205",27140024359604555363507028775084099875482819138045182919252819482079586151029
EVODEX.1-Nm655,[H]-[#8:6]-[#6:5](-[#6:4]-[#7:2])-[#6:7]>>[#6:5](=[#8:6])-[#6:7].[H]-[#6:4]-[#7:2],"EVODEX.1-P6214,EVODEX.1-P6216,EVODEX.1-P6219,EVODEX.1-P6349,EVODEX.1-P6351",42188056310082029968457877575649964456213030996500149127964597369233629385525
EVODEX.1-Nm656,[H]-[#6:1]-[#7:2].[#8:5]=[#6:6]-[#6:7]>>[H]-[#8:5]-[#6:6](-[#6:1]-[#7:2])-[#6:7],"EVODEX.1-P6215,EVODEX.1-P6217,EVODEX.1-P6218,EVODEX.1-P6220,EVODEX.1-P6350",93574405872010378304645805694147043469292106974432065479297137966850266555602
EVODEX.1-Nm657,[H]-[#8:3]-[#6:2](-[#6:1])(-[#6:4]#[#7:5])-[#6:6]>>[#6:1]-[#6:2](=[#8:3])-[#6:6].[H]-[#6:4]#[#7:5],"EVODEX.1-P6221,EVODEX.1-P6225,EVODEX.1-P6248,EVODEX.1-P6348,EVODEX.1-P6356",36210125840203190862353431734007444896891035885677565343943125003347215118641
EVODEX.1-Nm658,[#8:3]=[#6:4]-[#6:5]>>[H]-[#8:3]-[#6:4](-[#6]#[#7])-[#6:5],"EVODEX.1-P6222,EVODEX.1-P6235,EVODEX.1-P6238,EVODEX.1-P6241,EVODEX.1-P6246",59294213955285905495969543087192359796422838182913725918232513969478543072741
EVODEX.1-Nm659,[H]-[#6:1]#[#7:2].[#8:3]=[#6:4]-[#6:5]>>[H]-[#8:3]-[#6:4](-[#6:1]#[#7:2])-[#6:5],"EVODEX.1-P6223,EVODEX.1-P6230,EVODEX.1-P6236,EVODEX.1-P6243,EVODEX.1-P6352",97713510756956130237960044628909877946414218362569616318673005375296877661746
EVODEX.1-Nm660,[#6:3]-[#6:4](=[#8:5])-[#6:6].[H]-[#6:1]#[#7:2]>>[H]-[#8:5]-[#6:4](-[#6:1]#[#7:2])(-[#6:3])-[#6:6],"EVODEX.1-P6224,EVODEX.1-P6232,EVODEX.1-P6240,EVODEX.1-P6242,EVODEX.1-P6245",74614665426392161028682944654464797638014570405123488755821815989766206216587
EVODEX.1-Nm661,[H]-[#8:4]-[#6:3](-[#6]#[#7])-[#6:5]>>[#6:3](=[#8:4])-[#6:5],"EVODEX.1-P6226,EVODEX.1-P6353,EVODEX.1-P6354,EVODEX.1-P6355,EVODEX.1-P6357",17939670794220470117173551326616276969568572816764978468312511533400644980601
EVODEX.1-Nm662,[H]-[#8:7]-[#6:6](-[#6]#[#7])(-[#6:5])-[#6:10]>>[#6:5]-[#6:6](=[#8:7])-[#6:10],"EVODEX.1-P6227,EVODEX.1-P6233,EVODEX.1-P6347,EVODEX.1-P6359,EVODEX.1-P6361",10327507326630731939590677403581267541223229388169567725350355346579297917708
EVODEX.1-Nm663,[H]-[#8:4]-[#6:3](-[#6:2]#[#7:1])-[#6:5]>>[#6:3](=[#8:4])-[#6:5].[H]-[#6:2]#[#7:1],"EVODEX.1-P6228,EVODEX.1-P6234,EVODEX.1-P6237,EVODEX.1-P6244,EVODEX.1-P6358",55063587677968676307884989672235253098272495805896727823990808231228756525612
EVODEX.1-Nm664,[#6:7]-[#6:8](=[#8:9])-[#6:10]>>[H]-[#8:9]-[#6:8](-[#6]#[#7])(-[#6:7])-[#6:10],"EVODEX.1-P6229,EVODEX.1-P6231,EVODEX.1-P6239,EVODEX.1-P6247,EVODEX.1-P6360",31938924009415956161408943828026385981665912771345761759112932453067528556129
EVODEX.1-Nm665,[H]-[#8:14]-[#6:13](-[#6:11](-[#6:10])-[#8:12])-[#6:15]>>[#6:13](=[#8:14])-[#6:15].[H]-[#6:11](-[#6:10])-[#8:12],"EVODEX.1-P6250,EVODEX.1-P6264,EVODEX.1-P6266,EVODEX.1-P6268,EVODEX.1-P6371",86912248203894291280628031530346118819043627570132011321438780595922596671115
EVODEX.1-Nm666,[H]-[#6:1]-[#6:2].[#6:11]-[#6:12]=[#8:13]>>[H]-[#8:13]-[#6:12](-[#6:1]-[#6:2])-[#6:11],"EVODEX.1-P6251,EVODEX.1-P6255,EVODEX.1-P6287,EVODEX.1-P6288,EVODEX.1-P6374",27938017763405389143012863116667108359151156412353877677521531427670171277352
EVODEX.1-Nm667,[H]-[#8:5]-[#6:4](-[#6:2])-[#6:6]-[#6:7]>>[#6:2]-[#6:4]=[#8:5].[H]-[#6:6]-[#6:7],"EVODEX.1-P6253,EVODEX.1-P6289,EVODEX.1-P6365,EVODEX.1-P6369,EVODEX.1-P6375",87275547990447110419703241226230203588286302356395882374805906834188944596192
EVODEX.1-Nm668,[#6]-[#6](-[H])(-[H])-[#6:14](-[#6:12])-[#8:15]-[H]>>[#6:12]-[#6:14]=[#8:15],"EVODEX.1-P6254,EVODEX.1-P6272,EVODEX.1-P6367,EVODEX.1-P6370,EVODEX.1-P6373",68949765639134765110650006844120509057393948404928465325341231040832403063057
EVODEX.1-Nm669,[H]-[#6:1](-[H])-[#6:2].[#8:7]=[#6:8]-[#6:9]>>[#6:1](-[#6:2])=[#6:8]-[#6:9].[H]-[#8:7]-[H],"EVODEX.1-P6280,EVODEX.1-P6318,EVODEX.1-P6321,EVODEX.1-P6322,EVODEX.1-P6338",30908420472708863629078456099832268502263528513575939521654615638366312859687
EVODEX.1-Nm670,([H]-[#6:2](=[#8:1])-[#6:3].[#6:20]-[#6:21]=[#8:22]).([H]-[#6:43](-[#6:42])=[#8:44].[#6:25]-[#6:24]=[#8:23])>>[H]-[#8:22]-[#6:21](-[#6:2](=[#8:1])-[#6:3])-[#6:20].[H]-[#8:23]-[#6:24](-[#6:25])-[#6:43](-[#6:42])=[#8:44],"EVODEX.1-P6281,EVODEX.1-P6282,EVODEX.1-P6283,EVODEX.1-P6284,EVODEX.1-P6285",35350521957881283767030162878741811226146052317896688236274968415098968218770
EVODEX.1-Nm671,[H]-[#8:7]-[#6:6](-[#6:2](-[#7:1])-[#6:3])-[#6:8]>>[#6:6](=[#8:7])-[#6:8].[H]-[#6:2](-[#7:1])-[#6:3],"EVODEX.1-P6290,EVODEX.1-P6298,EVODEX.1-P6299,EVODEX.1-P6302,EVODEX.1-P6306",82130274787344019553281437204916318527692405788908486763203405695958607853148
EVODEX.1-Nm672,[H]-[#6:2](-[#7:1])-[#6:3].[#8:6]=[#6:7]-[#6:8]>>[H]-[#8:6]-[#6:7](-[#6:2](-[#7:1])-[#6:3])-[#6:8],"EVODEX.1-P6291,EVODEX.1-P6296,EVODEX.1-P6300,EVODEX.1-P6304,EVODEX.1-P6364",78970086706821911857246029456986595643941404409470344205501917999131510496585
EVODEX.1-Nm673,[#6:2]-[#6:3]=[#8:4]>>[#6]-[#6](-[H])(-[#7])-[#6:3](-[#6:2])-[#8:4]-[H],"EVODEX.1-P6292,EVODEX.1-P6295,EVODEX.1-P6303,EVODEX.1-P6305,EVODEX.1-P6363",82043857384131543535279276123188819978358022639140836537190904490771532066514
EVODEX.1-Nm674,[#6]-[#6](-[H])(-[#7])-[#6:6](-[#8:7]-[H])-[#6:8]>>[#6:6](=[#8:7])-[#6:8],"EVODEX.1-P6293,EVODEX.1-P6294,EVODEX.1-P6297,EVODEX.1-P6301,EVODEX.1-P6362",72248338938153973145563972019915651111219385946579766063649067237213284513649
EVODEX.1-Nm675,[#6]-[#6](-[H])=[#6:8]-[#6:9].[H]-[#8:1]-[H]>>[#8:1]=[#6:8]-[#6:9],"EVODEX.1-P6308,EVODEX.1-P6310,EVODEX.1-P6326,EVODEX.1-P6334,EVODEX.1-P6345",41888950669240105016167851968525904914167472488231341960905408630622914195030
EVODEX.1-Nm676,[#6:5]-[#6:7]=[#6:8]-[#6:9]>>[#8]=[#6:8]-[#6:9].[H]-[#6:7](-[H])-[#6:5],"EVODEX.1-P6309,EVODEX.1-P6312,EVODEX.1-P6327,EVODEX.1-P6340,EVODEX.1-P6343",48365809209516131834082183311394424102655442655074934623120178585944951695693
EVODEX.1-Nm677,[#6]-[#6](-[H])=[#6:8]-[#6:7]>>[#8]=[#6:8]-[#6:7],"EVODEX.1-P6311,EVODEX.1-P6313,EVODEX.1-P6316,EVODEX.1-P6325,EVODEX.1-P6335",24797886310338261224699901116678589033907474209764761243753018171023443009370
EVODEX.1-Nm678,[#8]=[#6:14]-[#6:13]>>[#6]-[#6](-[H])=[#6:14]-[#6:13],"EVODEX.1-P6314,EVODEX.1-P6324,EVODEX.1-P6330,EVODEX.1-P6336,EVODEX.1-P6341",96936952762980932548441595558921158811850411251826062007032671927113727517279
EVODEX.1-Nm679,[#8:7]=[#6:8]-[#6:9]>>[#6]-[#6](-[H])=[#6:8]-[#6:9].[H]-[#8:7]-[H],"EVODEX.1-P6315,EVODEX.1-P6317,EVODEX.1-P6319,EVODEX.1-P6331,EVODEX.1-P6342",3185587599554553033818417276386720309672895278550008136661838711358179893115
EVODEX.1-Nm680,[#6:5]-[#6:7]=[#6:8]-[#6:9].[H]-[#8:1]-[H]>>[#8:1]=[#6:8]-[#6:9].[H]-[#6:7](-[H])-[#6:5],"EVODEX.1-P6320,EVODEX.1-P6329,EVODEX.1-P6332,EVODEX.1-P6337,EVODEX.1-P6339",48662474111423039388529877462683881760549396248005358943881543577101811448305
EVODEX.1-Nm681,[H]-[#6:1](-[H])-[#6:2].[#8]=[#6:12]-[#6:11]>>[#6:1](-[#6:2])=[#6:12]-[#6:11],"EVODEX.1-P6323,EVODEX.1-P6328,EVODEX.1-P6333,EVODEX.1-P6344,EVODEX.1-P6346",44530252733233322305950439031004948560300846000818328387709015069703694646950
EVODEX.1-Nm682,[H]-[#6:4](-[#6:2])-[#6:5](-[#6:6]-[#6:7])-[#6:14]>>[H]-[#6:6]-[#6:7].[#6:2]-[#6:4]=[#6:5]-[#6:14],"EVODEX.1-P6377,EVODEX.1-P6379,EVODEX.1-P6386,EVODEX.1-P6389,EVODEX.1-P6396",66981591293389820944123782534898085810750513901515597562088566920672437366524
EVODEX.1-Nm683,[H]-[#6:1]-[#6:2]>>[#6]-[#6](-[H])(-[#6])-[#6:1]-[#6:2],"EVODEX.1-P6378,EVODEX.1-P6385,EVODEX.1-P6392,EVODEX.1-P6393,EVODEX.1-P6395",110729974160329751009435256529745561010145553408584671103094830760030109076539
EVODEX.1-Nm684,[#6]-[#6](-[H])(-[#6])-[#6:6]-[#6:7]>>[H]-[#6:6]-[#6:7],"EVODEX.1-P6380,EVODEX.1-P6382,EVODEX.1-P6387,EVODEX.1-P6390,EVODEX.1-P6394",23203918305882902388345988485223862722779047411407711934524974642829206169219
EVODEX.1-Nm685,[H]-[#6:1]-[#6:2].[#6:10]-[#6:12]=[#6:13]-[#6:14]>>[H]-[#6:12](-[#6:10])-[#6:13](-[#6:1]-[#6:2])-[#6:14],"EVODEX.1-P6381,EVODEX.1-P6383,EVODEX.1-P6384,EVODEX.1-P6388,EVODEX.1-P6391",26869651470785509049678221667166349939275709938443824468483294799894158990747
EVODEX.1-Nm686,[H]-[#8]-[#6:6](-[#6:4](-[H])(-[#6:2])-[#8:5]-[H])-[#6:8]>>[H]-[#6:6](-[#6:4](-[#6:2])=[#8:5])-[#6:8],"EVODEX.1-P6400,EVODEX.1-P6415,EVODEX.1-P6426,EVODEX.1-P6427,EVODEX.1-P6435",43720321762035785304618029628989954258868327685657442468835293379073774009023
EVODEX.1-Nm687,[#6:1]-[#6:2](-[#6:3])=[#6:4]-[#6:5].[H]-[#8:26]>>[H]-[#6:4](-[#6:2](-[#6:1])(-[#6:3])-[#8:26])-[#6:5],"EVODEX.1-P6416,EVODEX.1-P6418,EVODEX.1-P6419,EVODEX.1-P6421,EVODEX.1-P6480",109320618704962761690528544665891134703219917530394858174576625169290096518764
EVODEX.1-Nm688,[#6:8]-[#6:9]=[#6:10](-[#6:11])-[#6:12]>>[H]-[#8]-[#6:10](-[#6:9](-[H])-[#6:8])(-[#6:11])-[#6:12],"EVODEX.1-P6417,EVODEX.1-P6420,EVODEX.1-P6422,EVODEX.1-P6479,EVODEX.1-P6481",29849710864741092239885539807774274593753418515678914561828700513702301824484
EVODEX.1-Nm689,[H]-[#6:8](-[#6:7]=[#6:6]-[#6:5])-[#6:9]>>[H]-[#6:6](-[#6:5])-[#6:7]=[#6:8]-[#6:9],"EVODEX.1-P6455,EVODEX.1-P6456,EVODEX.1-P6583,EVODEX.1-P6595,EVODEX.1-P6596",57500307909857803088863715392843075807854862394447689971604984757617820327889
EVODEX.1-Nm690,[H]-[#7:6](-[H])-[#6:5](=[#8])-[#6:3]>>[#6:3]-[#6:5]#[#7:6],"EVODEX.1-P6461,EVODEX.1-P6467,EVODEX.1-P6469,EVODEX.1-P6472,EVODEX.1-P6474",114909957571821066889338029482135146805716018927597771603705955266872094027728
EVODEX.1-Nm691,[#7:1]#[#6:2]-[#6:3]>>[H]-[#7:1](-[H])-[#6:2](=[#8])-[#6:3],"EVODEX.1-P6462,EVODEX.1-P6463,EVODEX.1-P6473,EVODEX.1-P6476,EVODEX.1-P6478",115358045372476904174760264892075239598559881695896785105759756860863421743580
EVODEX.1-Nm692,[H]-[#7:1](-[H])-[#6:2](=[#8:3])-[#6:4]>>[#7:1]#[#6:2]-[#6:4].[H]-[#8:3]-[H],"EVODEX.1-P6464,EVODEX.1-P6466,EVODEX.1-P6470,EVODEX.1-P6471,EVODEX.1-P6477",66359954560327433824047594449110195639692261968681082881421440531375254583406
EVODEX.1-Nm693,[H]-[#6:36](-[#6:37])(-[#6:19](-[#8:18]-[#6:17])-[#6:20])-[#8:35]>>[#6:19](=[#6:36](-[#6:37])-[#8:35])-[#6:20].[H]-[#8:18]-[#6:17],"EVODEX.1-P6482,EVODEX.1-P6483,EVODEX.1-P6484,EVODEX.1-P6485,EVODEX.1-P6486",77648780604950268132798311270952183769969649795863806748962910812524768194003
EVODEX.1-Nm694,[H]-[#6:13]-[#6:12]=[#6:14]-[#6:16]-[#8:17]-[#15:18]>>[#6:12](=[#6:13])-[#6:14]=[#6:16].[H]-[#8:17]-[#15:18],"EVODEX.1-P6487,EVODEX.1-P6489,EVODEX.1-P6491,EVODEX.1-P6494,EVODEX.1-P6495",75551171888708646090135685718043171195543552785488080470323386656111182666401
EVODEX.1-Nm695,[#15]-[#8]-[#6:16]-[#6:14]=[#6:12]-[#6:13]-[H]>>[#6:12](=[#6:13])-[#6:14]=[#6:16],"EVODEX.1-P6488,EVODEX.1-P6490,EVODEX.1-P6492,EVODEX.1-P6493,EVODEX.1-P6496",81292644021527073719619696266480111466096981325913506247655454085961119027525
EVODEX.1-Nm696,[H]-[#7](-[H])-[#6:2](-[#6:3](-[H])-[#6:4])-[#6:10]>>[#6:2](=[#6:3]-[#6:4])-[#6:10],"EVODEX.1-P6498,EVODEX.1-P6506,EVODEX.1-P6511,EVODEX.1-P6516,EVODEX.1-P6517",30684104726952439119081785926542171624210319794889387887561250200647324055241
EVODEX.1-Nm697,[#6:5]-[#6:6]=[#6:7]-[#6:8].[H]-[#7:15]>>[H]-[#6:6](-[#6:5])-[#6:7](-[#6:8])-[#7:15],"EVODEX.1-P6499,EVODEX.1-P6501,EVODEX.1-P6504,EVODEX.1-P6513,EVODEX.1-P6514",70689576258298983579262135886478093224163708214599162615690333714276851992169
EVODEX.1-Nm698,[H]-[#6:3](-[#6:2](-[#7:1])-[#6:10])-[#6:4]>>[#6:2](=[#6:3]-[#6:4])-[#6:10].[H]-[#7:1],"EVODEX.1-P6500,EVODEX.1-P6503,EVODEX.1-P6505,EVODEX.1-P6508,EVODEX.1-P6510",33036458927199183803260003880084429974227578785129277441294180554743518921567
EVODEX.1-Nm699,[#6:3]-[#6:5]=[#6:6]-[#6:7]>>[H]-[#7](-[H])-[#6:5](-[#6:3])-[#6:6](-[H])-[#6:7],"EVODEX.1-P6502,EVODEX.1-P6507,EVODEX.1-P6509,EVODEX.1-P6512,EVODEX.1-P6515",31372349331045829856998447327119592748624775091520851174874658318702906105381
EVODEX.1-Nm700,[#6]-[#6](-[H])(-[#8])-[#7:5]-[#6:4]>>[H]-[#7:5]-[#6:4],"EVODEX.1-P6526,EVODEX.1-P6531,EVODEX.1-P6532,EVODEX.1-P6533,EVODEX.1-P6535",17006553994406889157688062711303003150656743597203650813495878449885069183854
EVODEX.1-Nm701,[H]-[#8:7]-[#6:6](-[#7:5]-[#6:4])-[#6:8]>>[H]-[#7:5]-[#6:4].[#6:6](=[#8:7])-[#6:8],"EVODEX.1-P6527,EVODEX.1-P6528,EVODEX.1-P6529,EVODEX.1-P6530,EVODEX.1-P6534",69145325856728827022308815268767538845208405860881161848028942319896043169693
EVODEX.1-Nm702,([H]-[#7:9]-[#6:8].[#6:6]-[#6:4](-[#7:3]-[#6:2])=[#8:5])>>[#6:4](=[#8:5])(-[#6:6])-[#7:9]-[#6:8].[H]-[#7:3]-[#6:2],"EVODEX.1-P6536,EVODEX.1-P6537,EVODEX.1-P6540,EVODEX.1-P6541,EVODEX.1-P6544",81166835665963590969835059938578466481641115161093243883185169031952955325777
EVODEX.1-Nm703,[#6]-[#6](-[H])(-[H])-[#16:4](=[#8:5])-[#6:6]>>[H]-[#8:5]-[#16:4]-[#6:6],"EVODEX.1-P6545,EVODEX.1-P6548,EVODEX.1-P6551,EVODEX.1-P6552,EVODEX.1-P6554",75190007044364718709163182567875144628825343910713977214025740027124454284269
EVODEX.1-Nm704,[H]-[#6:2](-[#7:1])(-[#6:3]-[#16:4](=[#8:5])-[#6:6])-[#6:14]>>[#7:1]-[#6:2](=[#6:3])-[#6:14].[H]-[#8:5]-[#16:4]-[#6:6],"EVODEX.1-P6546,EVODEX.1-P6547,EVODEX.1-P6549,EVODEX.1-P6550,EVODEX.1-P6553",13242369804678887071302167109826304977036521188792548251092599165254642554334
EVODEX.1-Nm705,[H]-[#6:8](-[#6:7])(-[#8:9]-[H])-[#6:10](=[#8:11])-[#16:12]-[#6:13]>>[H]-[#6:10](-[#6:8](-[#6:7])=[#8:9])=[#8:11].[H]-[#16:12]-[#6:13],"EVODEX.1-P6555,EVODEX.1-P6556,EVODEX.1-P6557,EVODEX.1-P6558,EVODEX.1-P6559",93928883303904420004308009007059713350481937735987819443419653793638539493106
EVODEX.1-Nm706,[H]-[#6:3](=[#7:2]-[#8:1])-[#6:4]>>[#7:2]#[#6:3]-[#6:4].[H]-[#8:1],"EVODEX.1-P6561,EVODEX.1-P6563,EVODEX.1-P6565,EVODEX.1-P6567,EVODEX.1-P6569",110180146528797263385196141192288670669618798158162134115126300117240054960354
EVODEX.1-Nm707,[H]-[#8]-[#7:2]=[#6:3](-[H])-[#6:4]>>[#7:2]#[#6:3]-[#6:4],"EVODEX.1-P6562,EVODEX.1-P6564,EVODEX.1-P6566,EVODEX.1-P6568,EVODEX.1-P6570",691667721990648135490611627515531157571603329743591953636199889549100371254
EVODEX.1-Nm708,[H]-[#6:3](-[#6:2]=[#8:1])(-[#8:4]-[H])-[#6:5]>>[H]-[#8:1]-[#6:2](-[H])-[#6:3](=[#8:4])-[#6:5],"EVODEX.1-P6585,EVODEX.1-P6586,EVODEX.1-P6587,EVODEX.1-P6588,EVODEX.1-P6590",16749953190336139398840354266306331202234294334659504318835455900311767113799
EVODEX.1-Nm709,[H]-[#6:3](-[#6:2](=[#8:1])-[#6:5])-[#8:4]-[H]>>[H]-[#8:1]-[#6:2](-[H])(-[#6:3]=[#8:4])-[#6:5],"EVODEX.1-P6589,EVODEX.1-P6591,EVODEX.1-P6592,EVODEX.1-P6593,EVODEX.1-P6594",18755139015916337550875519066311351866572069789964980676415517082149855086686
EVODEX.1-Nm710,[H]-[#6:5](-[#6:4])-[#6:6](-[#7:7])-[#6:8]>>[H]-[#6:6](-[#6:5](-[#6:4])-[#7:7])-[#6:8],"EVODEX.1-P6603,EVODEX.1-P6604,EVODEX.1-P6605,EVODEX.1-P6606,EVODEX.1-P6607",18716746759419783532749663182891021182104902613230657037442858810990648136695
EVODEX.1-Nm711,[H]-[#6:3](-[#6:2])-[#6:4](-[#8:11]-[#6:12])-[#6:5]>>([H]-[#8:11]-[#6:12].[#6:2]-[#6:3]=[#6:4]-[#6:5]),"EVODEX.1-P6608,EVODEX.1-P6610,EVODEX.1-P6612,EVODEX.1-P6613,EVODEX.1-P6615",99448251962972931505202937741074766923861080535219605318053663923266784167495
EVODEX.1-Nm712,([H]-[#8:18]-[#6:17].[#6:8]-[#6:7]=[#6:6]-[#6:5])>>[H]-[#6:7](-[#6:6](-[#6:5])-[#8:18]-[#6:17])-[#6:8],"EVODEX.1-P6609,EVODEX.1-P6611,EVODEX.1-P6614,EVODEX.1-P6616,EVODEX.1-P6617",97437713589332161559967934789012351390298985524666965369497298138364660952328
EVODEX.1-Nm713,[#6]-[#16]-[#6:49](=[#8:50])-[#6:51].[#8:75]-[#15:76](=[#8:77])(-[#8:78])-[#8:79].[H]-[#8:86]-[#15:85]>>[#6:49](=[#8:50])(-[#6:51])-[#8:78].[#8:75]-[#15:76](=[#8:77])(-[#8:79])-[#8:86]-[#15:85],"EVODEX.1-P6633,EVODEX.1-P6743,EVODEX.1-P6765,EVODEX.1-P6867,EVODEX.1-P6873",82906472095415921627593407526873621198347944313362260408603974562023350691224
EVODEX.1-Nm714,[#6:47]-[#16:48]-[#6:49](=[#8:50])-[#6:51].[#8:80]-[#15:81](=[#8:82])(-[#8:83])-[#8:84].[H]-[#8:91]-[#15:90]>>[#6:49](=[#8:50])(-[#6:51])-[#8:83].[H]-[#16:48]-[#6:47].[#8:80]-[#15:81](=[#8:82])(-[#8:84])-[#8:91]-[#15:90],"EVODEX.1-P6650,EVODEX.1-P6725,EVODEX.1-P6742,EVODEX.1-P6759,EVODEX.1-P6876",98988663110402514535828296346617672805805305173997722595272057963877423643225
EVODEX.1-Nm715,[#6:16]-[#6:17](=[#8:18])-[#7:19]-[#6:20].[#8]-[#15](=[#8])(-[#8])-[#8:48]>>[#6:16]-[#6:17](=[#8:18])-[#8:48].[H]-[#7:19]-[#6:20],"EVODEX.1-P6958,EVODEX.1-P6979,EVODEX.1-P6983,EVODEX.1-P6986,EVODEX.1-P7487",67716714626661288122356531440309703833089690291942278712749511608323003539208
EVODEX.1-Nm716,[#6:2]-[#6:3](=[#8:4])-[#7:5]-[#6:6].[H]-[#8:48]-[#15:47]>>[#8]-[#15](=[#8])(-[#8])-[#8:48]-[#15:47].[H]-[#8]-[#6:3](-[#6:2])=[#8:4].[H]-[#7:5]-[#6:6],"EVODEX.1-P6969,EVODEX.1-P7022,EVODEX.1-P7485,EVODEX.1-P7486,EVODEX.1-P7541",32501583885154956501742961470539365907453768912538741994973666664158564693580
EVODEX.1-Nm717,[#6]-[#7](-[H])-[#6:41](-[#6:40])=[#8:42].[#8]-[#15](=[#8])(-[#8])-[#8:90]>>[#6:40]-[#6:41](=[#8:42])-[#8:90],"EVODEX.1-P6971,EVODEX.1-P7002,EVODEX.1-P7012,EVODEX.1-P7028,EVODEX.1-P7035",7531986861593506053388037999420457587838718466189567527227807219537070434303
EVODEX.1-Nm718,[#6]-[#7](-[H])-[#6:14](-[#6:13])=[#8:15].[H]-[#8:72]-[#15:71]>>[H]-[#8]-[#6:14](-[#6:13])=[#8:15].[#8]-[#15](=[#8])(-[#8])-[#8:72]-[#15:71],"EVODEX.1-P6973,EVODEX.1-P6994,EVODEX.1-P7000,EVODEX.1-P7021,EVODEX.1-P7027",13316733066283627465447726371854593029969940980191378911404575431477963864004
EVODEX.1-Nm719,[#8:60]-[#15:61](=[#8:62])(-[#8:63])-[#8:64].[#6:19]-[#6:20](=[#8:21])-[#7:22]-[#6:23]>>[H]-[#7:22]-[#6:23].[#15]-[#8]-[#15:61](-[#8:60])(=[#8:62])-[#8:64].[#6:19]-[#6:20](=[#8:21])-[#8:63],"EVODEX.1-P6974,EVODEX.1-P6977,EVODEX.1-P6990,EVODEX.1-P7001,EVODEX.1-P7016",113575177154563076227277828871994488937621618707491093806665836930882956203710
EVODEX.1-Nm720,[#6:40]-[#6:42](=[#8:43])-[#7:44]-[#6:45].[#8:69]-[#15:70](=[#8:71])(-[#8:72])-[#8:73].[H]-[#8:80]-[#15:79]>>[#6:40]-[#6:42](=[#8:43])-[#8:72].[H]-[#7:44]-[#6:45].[#8:69]-[#15:70](=[#8:71])(-[#8:73])-[#8:80]-[#15:79],"EVODEX.1-P6982,EVODEX.1-P7008,EVODEX.1-P7024,EVODEX.1-P7030,EVODEX.1-P7501",56814665148299230316765136567952792195697083297530852827623970961579292756256
EVODEX.1-Nm721,[#6]-[#7](-[H])-[#6:47](-[#6:45])=[#8:48].[#8:77]-[#15:78](=[#8:79])(-[#8:80])-[#8:81].[H]-[#8:88]-[#15:87]>>[#6:45]-[#6:47](=[#8:48])-[#8:80].[#8:77]-[#15:78](=[#8:79])(-[#8:81])-[#8:88]-[#15:87],"EVODEX.1-P6989,EVODEX.1-P6997,EVODEX.1-P7011,EVODEX.1-P7031,EVODEX.1-P7540",23382877228961681613820919527489052775844479544403321890048463945941329384078
EVODEX.1-Nm722,[#8:66]-[#15:67](=[#8:68])(-[#8:69])-[#8:70].[#6]-[#7](-[H])-[#6:27](-[#6:26])=[#8:28]>>[#15]-[#8]-[#15:67](-[#8:66])(=[#8:68])-[#8:70].[#6:26]-[#6:27](=[#8:28])-[#8:69],"EVODEX.1-P6993,EVODEX.1-P6995,EVODEX.1-P6998,EVODEX.1-P7017,EVODEX.1-P7032",67496913704721691938887817209650374945305443306247939641134558833535074425096
EVODEX.1-Nm723,[H]-[#6:1]-[#6:2].[#8:72]-[#15:73](=[#8:74])(-[#8:75])-[#8:76]-[#15:77]>>[#8]-[#6](=[#8])-[#6:1]-[#6:2].[H]-[#8]-[#15:73](-[#8:72])(=[#8:74])-[#8:75].[H]-[#8:76]-[#15:77],"EVODEX.1-P7545,EVODEX.1-P7547,EVODEX.1-P7549,EVODEX.1-P7552,EVODEX.1-P7554",15425035685727294596400295170968915272352003108501729688340039252074432007180
EVODEX.1-Nm724,[H]-[#6:8]-[#6:7].[#15:79]-[#8:82]-[#15:83](=[#8:84])(-[#8:85])-[#8:86].[#8:91]=[#6:92](-[#8:93])-[#8:94]>>[#6:7]-[#6:8]-[#6:92](=[#8:91])-[#8:93].[H]-[#8:82]-[#15:79].[#15:83](=[#8:84])(-[#8:85])(-[#8:86])-[#8:94],"EVODEX.1-P7546,EVODEX.1-P7548,EVODEX.1-P7550,EVODEX.1-P7551,EVODEX.1-P7555",25599469225266295426679561879110100234856270857812434470448654358159706434339
EVODEX.1-Nm725,,"EVODEX.1-P221,EVODEX.1-P222,EVODEX.1-P223,EVODEX.1-P234",86924162738715212339003526110844165416791493955776534679970400184488286495297
EVODEX.1-Nm726,[H]-[#6:5](-[#6:4])-[#6:6](-[H])(-[#7:7])-[#6:12]>>[#6:4]-[#6:5]=[#6:6](-[#7:7])-[#6:12],"EVODEX.1-P847,EVODEX.1-P849,EVODEX.1-P853,EVODEX.1-P855",4410527876122014149244025016932169092093202009423562259229638564058887772520
EVODEX.1-Nm727,[H]-[#7](-[H])-[#6:6](-[#6:5])-[#6:8].[H]-[#7:15]-[#6:16]>>[#6:5]-[#6:6](-[#7:15]-[#6:16])-[#6:8],"EVODEX.1-P2129,EVODEX.1-P5489,EVODEX.1-P5491,EVODEX.1-P5496",44340062068635680690281783411838582522605478376016380575243889449287536729641
EVODEX.1-Nm728,[#8:16]=[#8:17].[H]-[#6:7](-[#6:8](-[H])-[#6:9])(-[#6:5])-[#7:15]>>[#6:5]-[#6:7](=[#6:8]-[#6:9])-[#7:15].[H]-[#8:16]-[#8:17]-[H],"EVODEX.1-P848,EVODEX.1-P850,EVODEX.1-P856",13217456875186918920410135628289478324187513970103902638840083279236594824256
EVODEX.1-Nm729,[#8]=[#6:3](-[#6:2])-[#6:5].[#6]-[#6](-[H])(-[H])-[#7:8]>>[H]-[#6:3](-[#6:2])(-[#6:5])-[#7:8],"EVODEX.1-P2996,EVODEX.1-P3000,EVODEX.1-P3001",103472616233649886837532802157616618235961007168176611765851437553167161872345
EVODEX.1-Nm730,,"EVODEX.1-P851,EVODEX.1-P854",22759292637570660669677845012005697712166391042404388576206738133519214094625
EVODEX.1-Nm731,,EVODEX.1-P224,63874132007957678550180123747333487790804192870421875436228924368107591270757
EVODEX.1-Nm732,,EVODEX.1-P852,57811429909466259315861163829746684722346718777946056603418920479074277286933
EVODEX.1-Nm733,[#6:14]-[#6:15](=[#8:16])-[#6:17]>>[#6]-[#6](-[#8])=[#8:16].[H]-[#7](-[H])-[#6:15](-[H])(-[#6:14])-[#6:17],EVODEX.1-P2896,49709888210089163426379375597586678016291794722233396093951241480036022639031
EVODEX.1-Nm734,[#6]-[#6](-[H])(-[H])-[#8:12]>>[H]-[#8:12],EVODEX.1-P4246,19834807648515786014390630878334848153568672778391733220719443373037525208166
