id,smirks,sources,hash
EVODEX.2.1-C345,[#6:4]-[#6:5](=[#8:6])-[#7:7](-[#6:8])-[#1]>>[#6:4]-[#6:5](=[#8:6])-[#8]-[#1].[#7:7](-[#6:8])(-[#1])-[#1],"EVODEX.2.1-P1887,EVODEX.2.1-P3622,EVODEX.2.1-P3690,EVODEX.2.1-P4143,EVODEX.2.1-P4166,EVODEX.2.1-P4288,EVODEX.2.1-P4292,EVODEX.2.1-P4357,EVODEX.2.1-P4365,EVODEX.2.1-P4366,EVODEX.2.1-P4378,EVODEX.2.1-P4385,EVODEX.2.1-P4386,EVODEX.2.1-P4394,EVODEX.2.1-P4395,EVODEX.2.1-P4396,EVODEX.2.1-P4400,EVODEX.2.1-P4402,EVODEX.2.1-P4434,EVODEX.2.1-P4471,EVODEX.2.1-P4473,EVODEX.2.1-P4475,EVODEX.2.1-P4481,EVODEX.2.1-P4533,EVODEX.2.1-P4575,EVODEX.2.1-P4592,EVODEX.2.1-P4597,EVODEX.2.1-P4618,EVODEX.2.1-P4649,EVODEX.2.1-P4677,EVODEX.2.1-P4694,EVODEX.2.1-P4702,EVODEX.2.1-P4703,EVODEX.2.1-P4705,EVODEX.2.1-P4711,EVODEX.2.1-P4717,EVODEX.2.1-P4742,EVODEX.2.1-P4767,EVODEX.2.1-P4840,EVODEX.2.1-P4851,EVODEX.2.1-P4852,EVODEX.2.1-P4881,EVODEX.2.1-P4883,EVODEX.2.1-P4889,EVODEX.2.1-P4892,EVODEX.2.1-P4894,EVODEX.2.1-P4903,EVODEX.2.1-P4906,EVODEX.2.1-P4911,EVODEX.2.1-P4913,EVODEX.2.1-P4951,EVODEX.2.1-P4955,EVODEX.2.1-P4962,EVODEX.2.1-P4973,EVODEX.2.1-P4977,EVODEX.2.1-P4984,EVODEX.2.1-P5011,EVODEX.2.1-P5044,EVODEX.2.1-P5055,EVODEX.2.1-P5058,EVODEX.2.1-P5065,EVODEX.2.1-P5264,EVODEX.2.1-P5311,EVODEX.2.1-P5370,EVODEX.2.1-P5377,EVODEX.2.1-P5381,EVODEX.2.1-P5392,EVODEX.2.1-P5394,EVODEX.2.1-P5529,EVODEX.2.1-P5557",79596132426590414460896235046590803619680393208457234291812208240321733550358
EVODEX.2.1-C694,[#6:3](-[#6@@:2])(=[#8:4])-[#7:5](-[#6:6])-[#1].[#8:24](-[#1])-[#1]>>[#6:3](-[#6@@:2])(=[#8:4])-[#8:24]-[#1].[#7:5](-[#6:6])(-[#1])-[#1],"EVODEX.2.1-P3620,EVODEX.2.1-P3687,EVODEX.2.1-P3688,EVODEX.2.1-P4125,EVODEX.2.1-P4165,EVODEX.2.1-P4217,EVODEX.2.1-P4296,EVODEX.2.1-P4355,EVODEX.2.1-P4390,EVODEX.2.1-P4393,EVODEX.2.1-P4397,EVODEX.2.1-P4398,EVODEX.2.1-P4399,EVODEX.2.1-P4403,EVODEX.2.1-P4404,EVODEX.2.1-P4470,EVODEX.2.1-P4472,EVODEX.2.1-P4474,EVODEX.2.1-P4480,EVODEX.2.1-P4565,EVODEX.2.1-P4576,EVODEX.2.1-P4590,EVODEX.2.1-P4599,EVODEX.2.1-P4610,EVODEX.2.1-P4616,EVODEX.2.1-P4631,EVODEX.2.1-P4646,EVODEX.2.1-P4647,EVODEX.2.1-P4675,EVODEX.2.1-P4691,EVODEX.2.1-P4695,EVODEX.2.1-P4697,EVODEX.2.1-P4699,EVODEX.2.1-P4708,EVODEX.2.1-P4712,EVODEX.2.1-P4720,EVODEX.2.1-P4800,EVODEX.2.1-P4801,EVODEX.2.1-P4820,EVODEX.2.1-P4843,EVODEX.2.1-P4857,EVODEX.2.1-P4862,EVODEX.2.1-P4869,EVODEX.2.1-P4880,EVODEX.2.1-P4882,EVODEX.2.1-P4884,EVODEX.2.1-P4885,EVODEX.2.1-P4893,EVODEX.2.1-P4895,EVODEX.2.1-P4899,EVODEX.2.1-P4901,EVODEX.2.1-P4904,EVODEX.2.1-P4907,EVODEX.2.1-P4909,EVODEX.2.1-P4976,EVODEX.2.1-P4986,EVODEX.2.1-P4992,EVODEX.2.1-P5019,EVODEX.2.1-P5047,EVODEX.2.1-P5054,EVODEX.2.1-P5057,EVODEX.2.1-P5324,EVODEX.2.1-P5343,EVODEX.2.1-P5373,EVODEX.2.1-P5376,EVODEX.2.1-P5380,EVODEX.2.1-P5390,EVODEX.2.1-P5393,EVODEX.2.1-P5395,EVODEX.2.1-P5444",114186845560407998358248103341180002290736573565677413408452852578210847290470
EVODEX.2.1-C6,[#6:7]-[#6:8](=[#8:9])-[#8:10]-[#6:11]>>[#6:7]-[#6:8](=[#8:9])-[#8]-[#1].[#8:10](-[#6:11])-[#1],"EVODEX.2.1-P10,EVODEX.2.1-P3408,EVODEX.2.1-P3425,EVODEX.2.1-P3429,EVODEX.2.1-P3433,EVODEX.2.1-P3440,EVODEX.2.1-P3451,EVODEX.2.1-P3453,EVODEX.2.1-P3458,EVODEX.2.1-P3463,EVODEX.2.1-P3467,EVODEX.2.1-P3471,EVODEX.2.1-P3492,EVODEX.2.1-P3497,EVODEX.2.1-P3499,EVODEX.2.1-P3502,EVODEX.2.1-P3504,EVODEX.2.1-P3566,EVODEX.2.1-P3578,EVODEX.2.1-P3579,EVODEX.2.1-P3583,EVODEX.2.1-P3585,EVODEX.2.1-P3599,EVODEX.2.1-P3603,EVODEX.2.1-P3668,EVODEX.2.1-P3677,EVODEX.2.1-P3692,EVODEX.2.1-P3883,EVODEX.2.1-P3974,EVODEX.2.1-P4031,EVODEX.2.1-P4036,EVODEX.2.1-P4079,EVODEX.2.1-P4081,EVODEX.2.1-P4107,EVODEX.2.1-P4731,EVODEX.2.1-P4989,EVODEX.2.1-P5046",55224251857828450369294531137808559439373936941969438525796967207132719841924
EVODEX.2.1-C633,[#6:3]-[#6:4](=[#8:5])-[#8:6]-[#6:7].[#8:13](-[#1])-[#1]>>[#6:3]-[#6:4](=[#8:5])-[#8:13]-[#1].[#8:6](-[#6:7])-[#1],"EVODEX.2.1-P3406,EVODEX.2.1-P3414,EVODEX.2.1-P3426,EVODEX.2.1-P3428,EVODEX.2.1-P3430,EVODEX.2.1-P3438,EVODEX.2.1-P3441,EVODEX.2.1-P3459,EVODEX.2.1-P3460,EVODEX.2.1-P3468,EVODEX.2.1-P3469,EVODEX.2.1-P3480,EVODEX.2.1-P3485,EVODEX.2.1-P3494,EVODEX.2.1-P3501,EVODEX.2.1-P3533,EVODEX.2.1-P3570,EVODEX.2.1-P3584,EVODEX.2.1-P3636,EVODEX.2.1-P3664,EVODEX.2.1-P3675,EVODEX.2.1-P3936,EVODEX.2.1-P3938,EVODEX.2.1-P3975,EVODEX.2.1-P3988,EVODEX.2.1-P4020,EVODEX.2.1-P4030,EVODEX.2.1-P4039,EVODEX.2.1-P4055,EVODEX.2.1-P4106,EVODEX.2.1-P4247,EVODEX.2.1-P4728,EVODEX.2.1-P4730,EVODEX.2.1-P4990",31060413215451819376807198352811413157750527303687932885026334331779146602028
EVODEX.2.1-C45,[#6:15]-[#6:16](-[#6:17])(-[#1:36])-[#1]>>[#6:15]-[#6:16](-[#6:17])(-[#8]-[#1])-[#1:36],"EVODEX.2.1-P190,EVODEX.2.1-P199,EVODEX.2.1-P200,EVODEX.2.1-P205,EVODEX.2.1-P212,EVODEX.2.1-P213,EVODEX.2.1-P2526,EVODEX.2.1-P259,EVODEX.2.1-P265,EVODEX.2.1-P304,EVODEX.2.1-P312,EVODEX.2.1-P318,EVODEX.2.1-P326,EVODEX.2.1-P330,EVODEX.2.1-P337,EVODEX.2.1-P3377,EVODEX.2.1-P368,EVODEX.2.1-P381,EVODEX.2.1-P433,EVODEX.2.1-P440,EVODEX.2.1-P520,EVODEX.2.1-P531,EVODEX.2.1-P539,EVODEX.2.1-P540,EVODEX.2.1-P547,EVODEX.2.1-P553,EVODEX.2.1-P621,EVODEX.2.1-P702",35915619584559722382571061287442282266104322305393568785588199555841439379533
EVODEX.2.1-C3,[#6:1]-[#6:2](=[#8:3])-[#6:4]>>[#6:1]-[#6:2](-[#8:3]-[#1])(-[#6:4])-[#1],"EVODEX.2.1-P103,EVODEX.2.1-P110,EVODEX.2.1-P111,EVODEX.2.1-P25,EVODEX.2.1-P26,EVODEX.2.1-P27,EVODEX.2.1-P29,EVODEX.2.1-P3,EVODEX.2.1-P3180,EVODEX.2.1-P32,EVODEX.2.1-P33,EVODEX.2.1-P3391,EVODEX.2.1-P35,EVODEX.2.1-P4,EVODEX.2.1-P41,EVODEX.2.1-P48,EVODEX.2.1-P50,EVODEX.2.1-P6166,EVODEX.2.1-P6167,EVODEX.2.1-P64,EVODEX.2.1-P65,EVODEX.2.1-P66,EVODEX.2.1-P7,EVODEX.2.1-P8,EVODEX.2.1-P88,EVODEX.2.1-P94",107097420777248083802390982694167156687044516505244249913996903386201589571974
EVODEX.2.1-C50,[#6:5]:[#6:6](:[#6:7])-[#1].[#8:14](-[#8]-[#1])-[#1]>>[#6:5]:[#6:6](-[#8:14]-[#1]):[#6:7],"EVODEX.2.1-P198,EVODEX.2.1-P264,EVODEX.2.1-P288,EVODEX.2.1-P290,EVODEX.2.1-P300,EVODEX.2.1-P306,EVODEX.2.1-P311,EVODEX.2.1-P325,EVODEX.2.1-P329,EVODEX.2.1-P334,EVODEX.2.1-P351,EVODEX.2.1-P367,EVODEX.2.1-P398,EVODEX.2.1-P406,EVODEX.2.1-P412,EVODEX.2.1-P434,EVODEX.2.1-P437,EVODEX.2.1-P442,EVODEX.2.1-P521,EVODEX.2.1-P533,EVODEX.2.1-P541,EVODEX.2.1-P544,EVODEX.2.1-P589,EVODEX.2.1-P619,EVODEX.2.1-P655",2452571173109156312953955674049792093255765239777841579033371594365487498375
EVODEX.2.1-C269,[#6:7]-[#6:8](=[#8:9])-[#16:10]-[#6:11].[#6:65]-[#8:66]-[#1]>>[#6:7]-[#6:8](=[#8:9])-[#8:66]-[#6:65].[#16:10](-[#6:11])-[#1],"EVODEX.2.1-P1520,EVODEX.2.1-P1560,EVODEX.2.1-P1561,EVODEX.2.1-P1562,EVODEX.2.1-P1564,EVODEX.2.1-P1578,EVODEX.2.1-P1581,EVODEX.2.1-P1618,EVODEX.2.1-P1624,EVODEX.2.1-P1630,EVODEX.2.1-P1637,EVODEX.2.1-P1639,EVODEX.2.1-P1644,EVODEX.2.1-P1653,EVODEX.2.1-P1654,EVODEX.2.1-P1677,EVODEX.2.1-P1679,EVODEX.2.1-P1681,EVODEX.2.1-P1683,EVODEX.2.1-P1693,EVODEX.2.1-P1721,EVODEX.2.1-P1724,EVODEX.2.1-P1806,EVODEX.2.1-P1824,EVODEX.2.1-P1855",7597368785571762351418189385295788562128969554901677492243341965336682233958
EVODEX.2.1-C16,[#6:13](-[#6@@:12])(=[#8:14])-[#6:15].[#6:28]-[#6:30]1=[#6:31](-[#7:32](-[#6@@:33])-[#6:68](=[#6:69](-[#6:70]-1(-[#1:126])-[#1])-[#1:125])-[#1:124])-[#1:101]>>[#8:14](-[#6@:13](-[#6@@:12])(-[#6:15])-[#1])-[#1].[#6:28]-[#6:30]1:[#6:31](:[#7&+:32](-[#6@@:33]):[#6:68](:[#6:69](:[#6:70]:1-[#1:126])-[#1:125])-[#1:124])-[#1:101],"EVODEX.2.1-P28,EVODEX.2.1-P37,EVODEX.2.1-P42,EVODEX.2.1-P43,EVODEX.2.1-P44,EVODEX.2.1-P45,EVODEX.2.1-P47,EVODEX.2.1-P49,EVODEX.2.1-P51,EVODEX.2.1-P56,EVODEX.2.1-P57,EVODEX.2.1-P63,EVODEX.2.1-P67,EVODEX.2.1-P68,EVODEX.2.1-P69,EVODEX.2.1-P72,EVODEX.2.1-P83,EVODEX.2.1-P84,EVODEX.2.1-P87,EVODEX.2.1-P89,EVODEX.2.1-P90,EVODEX.2.1-P91,EVODEX.2.1-P92",80429054620648050200756962020966432412025172044976179112750670772979418446851
EVODEX.2.1-C282,[#6:7]-[#6:8](=[#8:9])-[#16]-[#6](-[#6](-[#7](-[#6](=[#8])-[#6](-[#6](-[#7](-[#6](=[#8])-[#6@](-[#8]-[#1])(-[#6](-[#6](-[#1])(-[#1])-[#1])(-[#6](-[#1])(-[#1])-[#1])-[#6](-[#8]-[#15](=[#8])(-[#8]-[#1])-[#8]-[#15](=[#8])(-[#8]-[#1])-[#8]-[#6](-[#6@]1(-[#8]-[#6@@](-[#7]2:[#6](:[#7]:[#6]3:[#6](-[#7](-[#1])-[#1]):[#7]:[#6](:[#7]:[#6]:2:3)-[#1])-[#1])(-[#6@](-[#8]-[#1])(-[#6@@]-1(-[#8]-[#15](=[#8])(-[#8]-[#1])-[#8]-[#1])-[#1])-[#1])-[#1])-[#1])(-[#1])-[#1])(-[#1])-[#1])-[#1])-[#1])(-[#1])-[#1])(-[#1])-[#1])-[#1])(-[#1])-[#1])(-[#1])-[#1].[#6:70]-[#8:71]-[#1]>>[#6:7]-[#6:8](=[#8:9])-[#8:71]-[#6:70],"EVODEX.2.1-P1552,EVODEX.2.1-P1565,EVODEX.2.1-P1568,EVODEX.2.1-P1569,EVODEX.2.1-P1579,EVODEX.2.1-P1583,EVODEX.2.1-P1595,EVODEX.2.1-P1629,EVODEX.2.1-P1638,EVODEX.2.1-P1640,EVODEX.2.1-P1643,EVODEX.2.1-P1645,EVODEX.2.1-P1648,EVODEX.2.1-P1650,EVODEX.2.1-P1695,EVODEX.2.1-P1697,EVODEX.2.1-P1792,EVODEX.2.1-P1801,EVODEX.2.1-P1816,EVODEX.2.1-P1838",81908667119062781175426979691746161748039663486370363090311493397642526501265
EVODEX.2.1-C692,[#7:1](-[#6:2])(-[#1])-[#1].[#8:14]=[#6:15](-[#8]-[#1])-[#6:17]>>[#7:1](-[#6:2])(-[#6:15](=[#8:14])-[#6:17])-[#1],"EVODEX.2.1-P3618,EVODEX.2.1-P4244,EVODEX.2.1-P4581,EVODEX.2.1-P4586,EVODEX.2.1-P4605,EVODEX.2.1-P4607,EVODEX.2.1-P4669,EVODEX.2.1-P4733,EVODEX.2.1-P4740,EVODEX.2.1-P4743,EVODEX.2.1-P4751,EVODEX.2.1-P4803,EVODEX.2.1-P4811,EVODEX.2.1-P4813,EVODEX.2.1-P5365,EVODEX.2.1-P5426,EVODEX.2.1-P5550,EVODEX.2.1-P5627,EVODEX.2.1-P6640,EVODEX.2.1-P6992",24781576275500934150830407533750641749638840529813724917087563489005712849188
EVODEX.2.1-C812,[#6:7](-[#6@:5])(=[#8:8])-[#8:9]-[#1].[#7:10](-[#6:11])(-[#1])-[#1]>>[#6:7](-[#6@:5])(=[#8:8])-[#7:10](-[#6:11])-[#1].[#8:9](-[#1])-[#1],"EVODEX.2.1-P4245,EVODEX.2.1-P4582,EVODEX.2.1-P4594,EVODEX.2.1-P4598,EVODEX.2.1-P4601,EVODEX.2.1-P4604,EVODEX.2.1-P4606,EVODEX.2.1-P4615,EVODEX.2.1-P4660,EVODEX.2.1-P4671,EVODEX.2.1-P4737,EVODEX.2.1-P4739,EVODEX.2.1-P4768,EVODEX.2.1-P4776,EVODEX.2.1-P4795,EVODEX.2.1-P4812,EVODEX.2.1-P4873,EVODEX.2.1-P5363,EVODEX.2.1-P5460,EVODEX.2.1-P5625",67750154640340793343731802634223065741681683840325248887327469573683027818216
EVODEX.2.1-C377,[#6:144]-[#8:145]-[#1].[#15:102]-[#8:105]-[#6@:106](-[#8:107])(-[#6@@:115])-[#1:405]>>[#15:102]-[#8:105]-[#1].[#6:106](-[#8:145]-[#6:144])(-[#8:107])(-[#6@@:115])-[#1:405],"EVODEX.2.1-P1987,EVODEX.2.1-P1988,EVODEX.2.1-P1993,EVODEX.2.1-P1994,EVODEX.2.1-P1996,EVODEX.2.1-P2007,EVODEX.2.1-P2042,EVODEX.2.1-P2049,EVODEX.2.1-P2050,EVODEX.2.1-P2053,EVODEX.2.1-P2057,EVODEX.2.1-P2087,EVODEX.2.1-P2095,EVODEX.2.1-P2104,EVODEX.2.1-P2122,EVODEX.2.1-P2132,EVODEX.2.1-P2153,EVODEX.2.1-P2154,EVODEX.2.1-P2183",103395034787006678390657049187655610923270003901228067572608898979282296241597
EVODEX.2.1-C651,[#15:2]-[#8:5]-[#6:6](:[#6:7]):[#6:14].[#8:15](-[#1])-[#1]>>[#15:2]-[#8:5]-[#1].[#6:6](-[#8:15]-[#1])(:[#6:7]):[#6:14],"EVODEX.2.1-P3446,EVODEX.2.1-P3706,EVODEX.2.1-P3723,EVODEX.2.1-P3735,EVODEX.2.1-P3748,EVODEX.2.1-P3754,EVODEX.2.1-P3770,EVODEX.2.1-P3771,EVODEX.2.1-P3775,EVODEX.2.1-P3779,EVODEX.2.1-P3797,EVODEX.2.1-P3813,EVODEX.2.1-P3863,EVODEX.2.1-P3864,EVODEX.2.1-P3866,EVODEX.2.1-P3870,EVODEX.2.1-P3875,EVODEX.2.1-P5825,EVODEX.2.1-P5851",74799160242737022847511190448576509678467500937012809949273923700775972044908
EVODEX.2.1-C670,[#6:7]-[#6:8](-[#6:9])(-[#8:16]-[#6:17])-[#1:32]>>[#6:7]-[#6:8](-[#6:9])(-[#8]-[#1])-[#1:32].[#8:16](-[#6:17])-[#1],"EVODEX.2.1-P3527,EVODEX.2.1-P3651,EVODEX.2.1-P3660,EVODEX.2.1-P3702,EVODEX.2.1-P3878,EVODEX.2.1-P3905,EVODEX.2.1-P3909,EVODEX.2.1-P3921,EVODEX.2.1-P3942,EVODEX.2.1-P3943,EVODEX.2.1-P3980,EVODEX.2.1-P3984,EVODEX.2.1-P3993,EVODEX.2.1-P4016,EVODEX.2.1-P4045,EVODEX.2.1-P4071,EVODEX.2.1-P4084,EVODEX.2.1-P4099,EVODEX.2.1-P4105",26856635369927036805419312896680841667237437610551813395482285649028173467446
EVODEX.2.1-C682,[#6:19]-[#6:20](-[#6:21])(-[#8:33]-[#6:34])-[#1:83].[#8:51](-[#1])-[#1]>>[#6:19]-[#6:20](-[#6:21])(-[#8:51]-[#1])-[#1:83].[#8:33](-[#6:34])-[#1],"EVODEX.2.1-P3594,EVODEX.2.1-P3595,EVODEX.2.1-P3673,EVODEX.2.1-P3701,EVODEX.2.1-P3908,EVODEX.2.1-P3925,EVODEX.2.1-P3932,EVODEX.2.1-P3937,EVODEX.2.1-P3939,EVODEX.2.1-P3961,EVODEX.2.1-P3972,EVODEX.2.1-P3981,EVODEX.2.1-P3982,EVODEX.2.1-P3985,EVODEX.2.1-P4037,EVODEX.2.1-P4061,EVODEX.2.1-P4063,EVODEX.2.1-P4104,EVODEX.2.1-P4222",51264985423335907428273338086969067426363363795823885824312177572512540079688
EVODEX.2.1-C653,[#15:2]-[#8:5]-[#6:6](:[#6:7]):[#6:14]>>[#15:2]-[#8:5]-[#1].[#6:6](-[#8]-[#1])(:[#6:7]):[#6:14],"EVODEX.2.1-P3448,EVODEX.2.1-P3450,EVODEX.2.1-P3709,EVODEX.2.1-P3743,EVODEX.2.1-P3753,EVODEX.2.1-P3766,EVODEX.2.1-P3772,EVODEX.2.1-P3777,EVODEX.2.1-P3781,EVODEX.2.1-P3785,EVODEX.2.1-P3794,EVODEX.2.1-P3795,EVODEX.2.1-P3806,EVODEX.2.1-P3807,EVODEX.2.1-P3862,EVODEX.2.1-P3869,EVODEX.2.1-P3871,EVODEX.2.1-P5824",108959556148169759043905708859614177265001313239437593171479928338482182762497
EVODEX.2.1-C233,[#6:25]-[#8:27]-[#1]>>[#6:25]-[#8:27]-[#6](-[#1])(-[#1])-[#1],"EVODEX.2.1-P1336,EVODEX.2.1-P1340,EVODEX.2.1-P1343,EVODEX.2.1-P1344,EVODEX.2.1-P1353,EVODEX.2.1-P1357,EVODEX.2.1-P1359,EVODEX.2.1-P1361,EVODEX.2.1-P1382,EVODEX.2.1-P1416,EVODEX.2.1-P1437,EVODEX.2.1-P1438,EVODEX.2.1-P2024,EVODEX.2.1-P2129,EVODEX.2.1-P3613,EVODEX.2.1-P3616,EVODEX.2.1-P3617",7487319707321849381415161596346416305135968914730396545450423338596141580632
EVODEX.2.1-C252,[#8:47](-[#6@@:46])-[#1].[#8:78](-[#6@@:77])-[#15:79](=[#8:80])(-[#8:81])-[#8:82]>>[#8:47](-[#6@@:46])-[#15:79](=[#8:80])(-[#8:81])-[#8:82].[#8:78](-[#6@@:77])-[#1],"EVODEX.2.1-P1464,EVODEX.2.1-P1649,EVODEX.2.1-P2975,EVODEX.2.1-P3003,EVODEX.2.1-P3005,EVODEX.2.1-P3008,EVODEX.2.1-P3009,EVODEX.2.1-P3013,EVODEX.2.1-P3016,EVODEX.2.1-P3017,EVODEX.2.1-P3018,EVODEX.2.1-P3020,EVODEX.2.1-P3021,EVODEX.2.1-P3025,EVODEX.2.1-P3027,EVODEX.2.1-P3028",104934643399156969260271886022841864876420745687383274084897482880641581210118
EVODEX.2.1-C67,[#6:5]-[#6:6](-[#6:7])(-[#1:34])-[#1].[#8:21]=[#8:22]>>[#6:5]-[#6@@:6](-[#6:7])(-[#8:21]-[#1])-[#1:34].[#8]=[#6](-[#8]-[#1])-[#6](-[#6](-[#6](=[#8])-[#8:22]-[#1])(-[#1])-[#1])(-[#1])-[#1],"EVODEX.2.1-P255,EVODEX.2.1-P256,EVODEX.2.1-P263,EVODEX.2.1-P287,EVODEX.2.1-P299,EVODEX.2.1-P305,EVODEX.2.1-P308,EVODEX.2.1-P310,EVODEX.2.1-P341,EVODEX.2.1-P348,EVODEX.2.1-P350,EVODEX.2.1-P364,EVODEX.2.1-P391,EVODEX.2.1-P400,EVODEX.2.1-P428",3724914365029350366381549872335825453552879923414547745474012880191937347175
EVODEX.2.1-C68,[#6:8](-[#6@:6])(-[#6:9])(-[#1:37])-[#1].[#6:16]-[#6:17](=[#8:18])-[#6:19](=[#8:20])-[#8:21]-[#1]>>[#6:19](=[#8:20])=[#8:21].[#6:8](-[#6@:6])(-[#6:9])(-[#8]-[#1])-[#1:37].[#6:16]-[#6:17](=[#8:18])-[#8]-[#1],"EVODEX.2.1-P257,EVODEX.2.1-P269,EVODEX.2.1-P273,EVODEX.2.1-P274,EVODEX.2.1-P278,EVODEX.2.1-P283,EVODEX.2.1-P291,EVODEX.2.1-P316,EVODEX.2.1-P323,EVODEX.2.1-P336,EVODEX.2.1-P342,EVODEX.2.1-P344,EVODEX.2.1-P411,EVODEX.2.1-P419,EVODEX.2.1-P421",86892269841677191611937187830624804584325331050714519697683043272848835421483
EVODEX.2.1-C69,[#6:8](-[#6@:6])(-[#6:9])(-[#1:37])-[#1].[#8]=[#6](-[#8]-[#1])-[#6](-[#6](-[#6](=[#8])-[#6:19](=[#8:20])-[#8:21]-[#1])(-[#1])-[#1])(-[#1])-[#1]>>[#6:19](=[#8:20])=[#8:21].[#6:8](-[#6@:6])(-[#6:9])(-[#8]-[#1])-[#1:37],"EVODEX.2.1-P258,EVODEX.2.1-P270,EVODEX.2.1-P271,EVODEX.2.1-P280,EVODEX.2.1-P285,EVODEX.2.1-P293,EVODEX.2.1-P298,EVODEX.2.1-P309,EVODEX.2.1-P324,EVODEX.2.1-P328,EVODEX.2.1-P331,EVODEX.2.1-P333,EVODEX.2.1-P387,EVODEX.2.1-P397,EVODEX.2.1-P409",56643464832425689015191509727673349096196811047265779897765728379037618615239
EVODEX.2.1-C70,[#6:8](-[#6@:6])(-[#6:9])(-[#1:37])-[#1].[#6:16]-[#6:17](=[#8:18])-[#6](=[#8])-[#8]-[#1]>>[#6:8](-[#6@:6])(-[#6:9])(-[#8]-[#1])-[#1:37].[#6:16]-[#6:17](=[#8:18])-[#8]-[#1],"EVODEX.2.1-P260,EVODEX.2.1-P281,EVODEX.2.1-P286,EVODEX.2.1-P303,EVODEX.2.1-P313,EVODEX.2.1-P317,EVODEX.2.1-P332,EVODEX.2.1-P339,EVODEX.2.1-P345,EVODEX.2.1-P358,EVODEX.2.1-P407,EVODEX.2.1-P408,EVODEX.2.1-P410,EVODEX.2.1-P418,EVODEX.2.1-P422",66293509021541166237994079158228191449741575368341778378512476422761876460923
EVODEX.2.1-C71,[#6:8](-[#6@@:6])(-[#6:9])(-[#1:37])-[#1].[#6:16]-[#6:17](=[#8:18])-[#6:19](=[#8:20])-[#8:21]-[#1].[#8:22]=[#8:23]>>[#6:19](=[#8:20])=[#8:21].[#6:8](-[#6@@:6])(-[#6:9])(-[#8:22]-[#1])-[#1:37].[#6:16]-[#6:17](=[#8:18])-[#8:23]-[#1],"EVODEX.2.1-P261,EVODEX.2.1-P272,EVODEX.2.1-P282,EVODEX.2.1-P289,EVODEX.2.1-P294,EVODEX.2.1-P301,EVODEX.2.1-P314,EVODEX.2.1-P319,EVODEX.2.1-P327,EVODEX.2.1-P340,EVODEX.2.1-P346,EVODEX.2.1-P380,EVODEX.2.1-P403,EVODEX.2.1-P405,EVODEX.2.1-P427",30793836293991433818310833091968031133152311078658648192815852254130898904014
EVODEX.2.1-C72,[#6:8](-[#6@@:6])(-[#6:9])(-[#1:37])-[#1].[#6:16]-[#6:17](=[#8:18])-[#6](=[#8])-[#8]-[#1].[#8:22]=[#8:23]>>[#6:8](-[#6@@:6])(-[#6:9])(-[#8:22]-[#1])-[#1:37].[#6:16]-[#6:17](=[#8:18])-[#8:23]-[#1],"EVODEX.2.1-P262,EVODEX.2.1-P275,EVODEX.2.1-P279,EVODEX.2.1-P284,EVODEX.2.1-P292,EVODEX.2.1-P297,EVODEX.2.1-P315,EVODEX.2.1-P321,EVODEX.2.1-P322,EVODEX.2.1-P335,EVODEX.2.1-P347,EVODEX.2.1-P365,EVODEX.2.1-P369,EVODEX.2.1-P404,EVODEX.2.1-P429",98050252390671975176379977563090293401592233067996260053982476405449192926368
EVODEX.2.1-C73,[#6:17]-[#6:18](-[#6@@:19])(-[#1:39])-[#1].[#8]=[#6](-[#8]-[#1])-[#6](-[#6](-[#6](=[#8])-[#6:8](=[#8:9])-[#8:10]-[#1])(-[#1])-[#1])(-[#1])-[#1].[#8:31]=[#8]>>[#6:8](=[#8:9])=[#8:10].[#6:17]-[#6:18](-[#8:31]-[#1])(-[#6@@:19])-[#1:39],"EVODEX.2.1-P266,EVODEX.2.1-P277,EVODEX.2.1-P295,EVODEX.2.1-P296,EVODEX.2.1-P302,EVODEX.2.1-P307,EVODEX.2.1-P320,EVODEX.2.1-P338,EVODEX.2.1-P343,EVODEX.2.1-P349,EVODEX.2.1-P379,EVODEX.2.1-P386,EVODEX.2.1-P392,EVODEX.2.1-P417,EVODEX.2.1-P420",56786346567212546472222534246442427565040495317018683934848572521546779127415
EVODEX.2.1-C232,[#6:18]-[#8:20]-[#1].[#6:21](-[#16&+:22](-[#6:23])-[#6:30])(-[#1:76])(-[#1:77])-[#1:78]>>[#6:18]-[#8:20]-[#6:21](-[#1:76])(-[#1:77])-[#1:78].[#16:22](-[#6:23])-[#6:30],"EVODEX.2.1-P1335,EVODEX.2.1-P1337,EVODEX.2.1-P1338,EVODEX.2.1-P1342,EVODEX.2.1-P1352,EVODEX.2.1-P1355,EVODEX.2.1-P1360,EVODEX.2.1-P1362,EVODEX.2.1-P1363,EVODEX.2.1-P1384,EVODEX.2.1-P1396,EVODEX.2.1-P1404,EVODEX.2.1-P1409,EVODEX.2.1-P1417,EVODEX.2.1-P1439",24563271286313887360187550423730611937223701641265160768093960603662640800794
EVODEX.2.1-C234,[#6:60]-[#8:62]-[#1].[#6:63](-[#16&+](-[#6](-[#6](-[#6@](-[#7](-[#1])-[#1])(-[#6](=[#8])-[#8]-[#1])-[#1])(-[#1])-[#1])(-[#1])-[#1])-[#6](-[#6@]1(-[#8]-[#6@@](-[#7]2:[#6](:[#7]:[#6]3:[#6](-[#7](-[#1])-[#1]):[#7]:[#6](:[#7]:[#6]:2:3)-[#1])-[#1])(-[#6@](-[#8]-[#1])(-[#6@@]-1(-[#8]-[#1])-[#1])-[#1])-[#1])-[#1])(-[#1])-[#1])(-[#1:166])(-[#1:167])-[#1:168]>>[#6:60]-[#8:62]-[#6:63](-[#1:166])(-[#1:167])-[#1:168],"EVODEX.2.1-P1339,EVODEX.2.1-P1341,EVODEX.2.1-P1345,EVODEX.2.1-P1347,EVODEX.2.1-P1356,EVODEX.2.1-P1358,EVODEX.2.1-P1375,EVODEX.2.1-P1381,EVODEX.2.1-P1385,EVODEX.2.1-P1405,EVODEX.2.1-P1406,EVODEX.2.1-P1410,EVODEX.2.1-P1411,EVODEX.2.1-P1440,EVODEX.2.1-P1442",106187369366097728401770998832645251663075525232539167361026905758540512685941
EVODEX.2.1-C251,[#6:2]-[#8:4]-[#1]>>[#6:2]-[#8:4]-[#15](=[#8])(-[#8]-[#1])-[#8]-[#1],"EVODEX.2.1-P1460,EVODEX.2.1-P2821,EVODEX.2.1-P2900,EVODEX.2.1-P2926,EVODEX.2.1-P2930,EVODEX.2.1-P3033,EVODEX.2.1-P3036,EVODEX.2.1-P3042,EVODEX.2.1-P3044,EVODEX.2.1-P3046,EVODEX.2.1-P3048,EVODEX.2.1-P3057,EVODEX.2.1-P3066,EVODEX.2.1-P3072,EVODEX.2.1-P3074",3910466186718378743426883543125116540425815780374551602634169695636537394971
EVODEX.2.1-C281,[#6:28]-[#6:60](=[#8:61])-[#8:62]-[#6:63].[#6:155]-[#8:156]-[#1]>>[#6:28]-[#6:60](=[#8:61])-[#8:156]-[#6:155].[#8:62](-[#6:63])-[#1],"EVODEX.2.1-P1551,EVODEX.2.1-P1611,EVODEX.2.1-P1612,EVODEX.2.1-P1619,EVODEX.2.1-P2021,EVODEX.2.1-P2130,EVODEX.2.1-P2140,EVODEX.2.1-P3568,EVODEX.2.1-P3574,EVODEX.2.1-P3678,EVODEX.2.1-P3681,EVODEX.2.1-P4017,EVODEX.2.1-P4018,EVODEX.2.1-P4077,EVODEX.2.1-P4580",13506241152826062860281417544279515341355476392516613389020723309562219528311
EVODEX.2.1-C371,[#8](-[#6@:6](-[#6@:5])(-[#8:32])-[#1:77])-[#15](=[#8])(-[#8]-[#1])-[#8]-[#15](=[#8])(-[#8]-[#1])-[#8]-[#6](-[#6@]1(-[#8]-[#6@@](-[#7]2:[#6](:[#6](:[#6](=[#8]):[#7](:[#6]:2=[#8])-[#1])-[#1])-[#1])(-[#6@](-[#8]-[#1])(-[#6@@]-1(-[#8]-[#1])-[#1])-[#1])-[#1])-[#1])(-[#1])-[#1].[#6:56]-[#8:57]-[#1]>>[#8:57](-[#6@:6](-[#6@:5])(-[#8:32])-[#1:77])-[#6:56],"EVODEX.2.1-P1980,EVODEX.2.1-P1997,EVODEX.2.1-P2013,EVODEX.2.1-P2014,EVODEX.2.1-P2035,EVODEX.2.1-P2036,EVODEX.2.1-P2043,EVODEX.2.1-P2048,EVODEX.2.1-P2051,EVODEX.2.1-P2052,EVODEX.2.1-P2074,EVODEX.2.1-P2097,EVODEX.2.1-P2098,EVODEX.2.1-P2155,EVODEX.2.1-P2184",26668742187152994960330179993057251984099018398714733077551835866202061956977
EVODEX.2.1-C421,[#6:23]:[#6:24](:[#6:25])-[#1]>>[#6](-[#6](-[#6](-[#1])(-[#1])-[#1])=[#6](-[#6](-[#6:24](:[#6:23]):[#6:25])(-[#1])-[#1])-[#1])(-[#1])(-[#1])-[#1],"EVODEX.2.1-P2226,EVODEX.2.1-P2233,EVODEX.2.1-P2238,EVODEX.2.1-P2268,EVODEX.2.1-P2274,EVODEX.2.1-P2275,EVODEX.2.1-P2277,EVODEX.2.1-P2279,EVODEX.2.1-P2391,EVODEX.2.1-P2393,EVODEX.2.1-P2395,EVODEX.2.1-P2396,EVODEX.2.1-P2398,EVODEX.2.1-P2399,EVODEX.2.1-P2402",36121329797027950849446039516531298290766954093723821341654603686139131973900
EVODEX.2.1-C422,[#6:4]-[#6:5](-[#8:6]-[#15:7])(-[#1:47])-[#1:48].[#6:23]:[#6:24](:[#6:25])-[#1]>>[#6:4]-[#6:5](-[#6:24](:[#6:23]):[#6:25])(-[#1:47])-[#1:48].[#8:6](-[#15:7])-[#1],"EVODEX.2.1-P2227,EVODEX.2.1-P2230,EVODEX.2.1-P2231,EVODEX.2.1-P2237,EVODEX.2.1-P2239,EVODEX.2.1-P2241,EVODEX.2.1-P2243,EVODEX.2.1-P2263,EVODEX.2.1-P2266,EVODEX.2.1-P2269,EVODEX.2.1-P2271,EVODEX.2.1-P2272,EVODEX.2.1-P2273,EVODEX.2.1-P2394,EVODEX.2.1-P2400",48799262476781017477184972929356093843975815329413168933878593054213630253495
EVODEX.2.1-C423,[#6:4]-[#6:5](-[#8]-[#15](=[#8])(-[#8]-[#1])-[#8]-[#15](=[#8])(-[#8]-[#1])-[#8]-[#1])(-[#1:47])-[#1:48].[#6:23]:[#6:24](:[#6:25])-[#1]>>[#6:4]-[#6:5](-[#6:24](:[#6:23]):[#6:25])(-[#1:47])-[#1:48],"EVODEX.2.1-P2228,EVODEX.2.1-P2229,EVODEX.2.1-P2232,EVODEX.2.1-P2236,EVODEX.2.1-P2240,EVODEX.2.1-P2242,EVODEX.2.1-P2264,EVODEX.2.1-P2265,EVODEX.2.1-P2267,EVODEX.2.1-P2270,EVODEX.2.1-P2276,EVODEX.2.1-P2278,EVODEX.2.1-P2392,EVODEX.2.1-P2397,EVODEX.2.1-P2401",37069412499269255738085301544880127362237610587513389010508825923829805185064
EVODEX.2.1-C457,[#7:1](-[#6@:2](-[#6:3])(-[#6@@:6])-[#1])(-[#1])-[#1].[#6:15]-[#6:16](=[#8:17])-[#6:18]>>[#6:2](-[#6:3])(-[#6@@:6])=[#8:17].[#7:1](-[#6:16](-[#6:15])(-[#6:18])-[#1])(-[#1])-[#1],"EVODEX.2.1-P2408,EVODEX.2.1-P2422,EVODEX.2.1-P2485,EVODEX.2.1-P2488,EVODEX.2.1-P2490,EVODEX.2.1-P2520,EVODEX.2.1-P2543,EVODEX.2.1-P2682,EVODEX.2.1-P2683,EVODEX.2.1-P2709,EVODEX.2.1-P2772,EVODEX.2.1-P2784,EVODEX.2.1-P2797,EVODEX.2.1-P2809,EVODEX.2.1-P2814",862088577455245268162694978036478359829275181370495674681949982802737612790
EVODEX.2.1-C470,[#6:10]-[#6@:11](-[#7:12](-[#1])-[#1])(-[#6:13])-[#1].[#6:7]-[#6:8](=[#8:9])-[#1:38]>>[#6:7]-[#6:8](-[#7:12](-[#1])-[#1])(-[#1:38])-[#1].[#8:9]=[#6:11](-[#6:10])-[#6:13],"EVODEX.2.1-P2433,EVODEX.2.1-P2449,EVODEX.2.1-P2502,EVODEX.2.1-P2504,EVODEX.2.1-P2575,EVODEX.2.1-P2576,EVODEX.2.1-P2577,EVODEX.2.1-P2657,EVODEX.2.1-P2658,EVODEX.2.1-P2660,EVODEX.2.1-P2664,EVODEX.2.1-P2666,EVODEX.2.1-P2672,EVODEX.2.1-P2693,EVODEX.2.1-P6132",94558158462655383330444039644121099642624660548219277142936015326650991994244
EVODEX.2.1-C544,[#6:8]-[#8:9]-[#1].[#15:38]-[#8:41]-[#15:42](=[#8:43])(-[#8:44])-[#8:45]>>[#6:8]-[#8:9]-[#15:42](=[#8:43])(-[#8:44])-[#8:45].[#15:38]-[#8:41]-[#1],"EVODEX.2.1-P2858,EVODEX.2.1-P2910,EVODEX.2.1-P2923,EVODEX.2.1-P2928,EVODEX.2.1-P2985,EVODEX.2.1-P3034,EVODEX.2.1-P3037,EVODEX.2.1-P3040,EVODEX.2.1-P3043,EVODEX.2.1-P3047,EVODEX.2.1-P3055,EVODEX.2.1-P3064,EVODEX.2.1-P3073",102785707749154215154146022999577814630476949211407328267502977432291716350972
EVODEX.2.1-C28,[#8:11]=[#8:12].[#6:2]-[#6@:3](-[#8:4]-[#1])(-[#6@@:5])-[#1]>>[#6:2]-[#6:3](=[#8:4])-[#6@@:5].[#8:11](-[#8:12]-[#1])-[#1],"EVODEX.2.1-P106,EVODEX.2.1-P107,EVODEX.2.1-P108,EVODEX.2.1-P109,EVODEX.2.1-P116,EVODEX.2.1-P117,EVODEX.2.1-P124,EVODEX.2.1-P125,EVODEX.2.1-P126,EVODEX.2.1-P127,EVODEX.2.1-P140,EVODEX.2.1-P141",3215224486414555928388951061524629680939311273728985987979484525284026238226
EVODEX.2.1-C1078,[#6:1](-[#6:2])(-[#1:9])(-[#1:10])-[#1].[#6:6]-[#6:7](=[#8:8])-[#1:20]>>[#6:1](-[#6:2])(-[#6:7](-[#6:6])(-[#8:8]-[#1])-[#1:20])(-[#1:9])-[#1:10],"EVODEX.2.1-P5993,EVODEX.2.1-P5995,EVODEX.2.1-P6028,EVODEX.2.1-P6033,EVODEX.2.1-P6061,EVODEX.2.1-P6067,EVODEX.2.1-P6070,EVODEX.2.1-P6072,EVODEX.2.1-P6088,EVODEX.2.1-P6091,EVODEX.2.1-P6093,EVODEX.2.1-P6094",58140921517342444779633237170475731980284630397877851659898104302496648051252
EVODEX.2.1-C530,[#6:26]-[#8:27]-[#1].[#7](-[#6]1:[#7]:[#6](:[#7]:[#6]2:[#6]:1:[#7]:[#6](:[#7]:2-[#6@@]1(-[#8]-[#6@](-[#6](-[#8]-[#15](=[#8])(-[#8]-[#1])-[#8]-[#15](=[#8])(-[#8]-[#1])-[#8]-[#15:51](=[#8:52])(-[#8:53])-[#8:54])(-[#1])-[#1])(-[#6@@](-[#8]-[#1])(-[#6@]-1(-[#8]-[#1])-[#1])-[#1])-[#1])-[#1])-[#1])-[#1])(-[#1])-[#1]>>[#6:26]-[#8:27]-[#15:51](=[#8:52])(-[#8:53])-[#8:54],"EVODEX.2.1-P2823,EVODEX.2.1-P2893,EVODEX.2.1-P2932,EVODEX.2.1-P2958,EVODEX.2.1-P2986,EVODEX.2.1-P3035,EVODEX.2.1-P3038,EVODEX.2.1-P3039,EVODEX.2.1-P3041,EVODEX.2.1-P3045,EVODEX.2.1-P7110",72264470977044829514243786239302802241711165076979599793336571619633117899957
EVODEX.2.1-C17,[#8:31](-[#6@@:30](-[#6@:28])(-[#6:32])-[#1])-[#1].[#8:1]=[#6:2]1-[#6:3](=[#6:4](-[#6:5](=[#7:6]-[#6:7])-[#6:16](=[#6:17]-1-[#1:55])-[#1:54])-[#1:50])-[#1:49]>>[#6:30](-[#6@:28])(=[#8:31])-[#6:32].[#8:1](-[#6:2]1:[#6:3](:[#6:4](:[#6:5](-[#7:6](-[#6:7])-[#1]):[#6:16](:[#6:17]:1-[#1:55])-[#1:54])-[#1:50])-[#1:49])-[#1],"EVODEX.2.1-P118,EVODEX.2.1-P119,EVODEX.2.1-P120,EVODEX.2.1-P121,EVODEX.2.1-P155,EVODEX.2.1-P161,EVODEX.2.1-P174,EVODEX.2.1-P175,EVODEX.2.1-P176,EVODEX.2.1-P36",113089810730244487616578029817941208588249153246742021435981915442201273462493
EVODEX.2.1-C36,[#6:19]-[#6@@:20](-[#8:21]-[#1])(-[#6:22])-[#1].[#8:2]-[#6:3]1=[#6:4](-[#8:5])-[#6:7](=[#8:8])-[#6:9](-[#6:10])=[#6:15](-[#6:16])-[#6:17]-1=[#8:18]>>[#6:19]-[#6:20](=[#8:21])-[#6:22].[#8:2]-[#6:3]1:[#6:4](-[#8:5]):[#6:7](-[#8:8]-[#1]):[#6:9](-[#6:10]):[#6:15](-[#6:16]):[#6:17]:1-[#8:18]-[#1],"EVODEX.2.1-P143,EVODEX.2.1-P144,EVODEX.2.1-P145,EVODEX.2.1-P146,EVODEX.2.1-P150,EVODEX.2.1-P156,EVODEX.2.1-P158,EVODEX.2.1-P159,EVODEX.2.1-P160,EVODEX.2.1-P167",46442521395084027461814209421751989795153167001483878804266046287138811413366
EVODEX.2.1-C49,[#6:9]-[#6:10](-[#6:11])(-[#1:40])-[#1].[#8:17](-[#8:18]-[#1])-[#1]>>[#6:9]-[#6:10](-[#6:11])(-[#8:17]-[#1])-[#1:40].[#8:18](-[#1])-[#1],"EVODEX.2.1-P196,EVODEX.2.1-P197,EVODEX.2.1-P443,EVODEX.2.1-P448,EVODEX.2.1-P550,EVODEX.2.1-P551,EVODEX.2.1-P591,EVODEX.2.1-P606,EVODEX.2.1-P607,EVODEX.2.1-P618",104764008011395235734875304860924171259472653911309527299432547032880386039171
EVODEX.2.1-C58,[#7](-[#6@@:2](-[#6:3])(-[#6:11])-[#1])(-[#1])-[#1]>>[#6:2](-[#6:3])(-[#6:11])=[#8],"EVODEX.2.1-P1019,EVODEX.2.1-P1138,EVODEX.2.1-P220,EVODEX.2.1-P2413,EVODEX.2.1-P2493,EVODEX.2.1-P2680,EVODEX.2.1-P5932,EVODEX.2.1-P942,EVODEX.2.1-P972,EVODEX.2.1-P990",114211310289156425240574022209876500450463932156630676766992236563040979236570
EVODEX.2.1-C62,[#8:17]-[#15:18](=[#8:19])(-[#8:20])-[#8]-[#15](=[#8])(-[#8]-[#1])-[#8]-[#15](=[#8])(-[#8]-[#1])-[#8]-[#1].[#6:32]-[#8:33]-[#1]>>[#8:17]-[#15:18](=[#8:19])(-[#8:20])-[#8:33]-[#6:32],"EVODEX.2.1-P247,EVODEX.2.1-P252,EVODEX.2.1-P3222,EVODEX.2.1-P3224,EVODEX.2.1-P3226,EVODEX.2.1-P3238,EVODEX.2.1-P3269,EVODEX.2.1-P6369,EVODEX.2.1-P6417,EVODEX.2.1-P6418",28696188755272569415903893153876634907932756743952359517551411544878713016645
EVODEX.2.1-C66,[#6:18]-[#8:20]-[#1]>>[#6:18]-[#8:20]-[#15](-[#8]-[#6](-[#6@]1(-[#8]-[#6@@](-[#7]2:[#6]3:[#7]:[#6](:[#7]:[#6](-[#7](-[#1])-[#1]):[#6]:3:[#7]:[#6]:2-[#1])-[#1])(-[#6@](-[#8]-[#1])(-[#6@@]-1(-[#8]-[#1])-[#1])-[#1])-[#1])-[#1])(-[#1])-[#1])(=[#8])-[#8]-[#1],"EVODEX.2.1-P1314,EVODEX.2.1-P251,EVODEX.2.1-P3233,EVODEX.2.1-P3235,EVODEX.2.1-P3237,EVODEX.2.1-P3239,EVODEX.2.1-P6349,EVODEX.2.1-P6355,EVODEX.2.1-P6365,EVODEX.2.1-P6366",64765740072695353300702107527316858578818329829676280241945438407683364751759
EVODEX.2.1-C79,[#7:141]-[#6:142](-[#6:143])(-[#1:350])-[#1].[#8:229]=[#8]>>[#7:141]-[#6:142](-[#8:229]-[#1])(-[#6:143])-[#1:350],"EVODEX.2.1-P363,EVODEX.2.1-P385,EVODEX.2.1-P389,EVODEX.2.1-P395,EVODEX.2.1-P626,EVODEX.2.1-P627,EVODEX.2.1-P629,EVODEX.2.1-P645,EVODEX.2.1-P647,EVODEX.2.1-P650",23961424940199899014898959866280740806548438382482746698534146681723292946897
EVODEX.2.1-C83,[#7:29](-[#6@@:28](-[#6@:5])(-[#6@@:30])-[#1])(-[#1])-[#1]>>[#6:28](-[#6@:5])(=[#8])-[#6@@:30].[#7:29](-[#1])(-[#1])-[#1],"EVODEX.2.1-P1000,EVODEX.2.1-P1024,EVODEX.2.1-P1053,EVODEX.2.1-P1061,EVODEX.2.1-P1082,EVODEX.2.1-P1088,EVODEX.2.1-P1137,EVODEX.2.1-P1140,EVODEX.2.1-P401,EVODEX.2.1-P949",25389971445795353563956493724981235550073451799880001636987185781060751859416
EVODEX.2.1-C84,[#6:29](-[#6@:6])(=[#8])-[#6@@:31].[#7:1](-[#1])(-[#1])-[#1]>>[#7:1](-[#6@@:29](-[#6@@:6])(-[#6@@:31])-[#1])(-[#1])-[#1],"EVODEX.2.1-P1014,EVODEX.2.1-P1017,EVODEX.2.1-P1018,EVODEX.2.1-P1040,EVODEX.2.1-P1043,EVODEX.2.1-P402,EVODEX.2.1-P925,EVODEX.2.1-P941,EVODEX.2.1-P960,EVODEX.2.1-P995",89353376874450443657431393903932794079900009968895799490020001964258406820392
EVODEX.2.1-C87,[#6:2]-[#6:4]1=[#6:5](-[#7:6](-[#6@@:7])-[#6:42](=[#6:43](-[#6:44]-1(-[#1:90])-[#1])-[#1:89])-[#1:88])-[#1:65].[#8:45]=[#8:46].[#6:49]:[#6:50](:[#6:51])-[#1]>>[#6:2]-[#6:4]1:[#6:5](:[#7&+:6](-[#6@@:7]):[#6:42](:[#6:43](:[#6:44]:1-[#1:90])-[#1:89])-[#1:88])-[#1:65].[#8:46](-[#1])-[#1].[#8:45](-[#6:50](:[#6:49]):[#6:51])-[#1],"EVODEX.2.1-P435,EVODEX.2.1-P439,EVODEX.2.1-P451,EVODEX.2.1-P509,EVODEX.2.1-P518,EVODEX.2.1-P527,EVODEX.2.1-P534,EVODEX.2.1-P552,EVODEX.2.1-P588,EVODEX.2.1-P662",68590684811338929523733568157464622066615330008078218515309020086203792320071
EVODEX.2.1-C88,[#6:2]-[#6:4]1=[#6:5](-[#7:6](-[#6@@:7])-[#6:42](=[#6:43](-[#6:44]-1(-[#1:84])-[#1])-[#1:83])-[#1:82])-[#1:59].[#8:45]=[#8].[#6:49]:[#6:50](:[#6:51])-[#1]>>[#6:2]-[#6:4]1:[#6:5](:[#7&+:6](-[#6@@:7]):[#6:42](:[#6:43](:[#6:44]:1-[#1:84])-[#1:83])-[#1:82])-[#1:59].[#8:45](-[#6:50](:[#6:49]):[#6:51])-[#1],"EVODEX.2.1-P436,EVODEX.2.1-P486,EVODEX.2.1-P510,EVODEX.2.1-P532,EVODEX.2.1-P535,EVODEX.2.1-P543,EVODEX.2.1-P549,EVODEX.2.1-P608,EVODEX.2.1-P661,EVODEX.2.1-P664",46621508398850276306084382091698972605477546542804406970347631949254725122035
EVODEX.2.1-C89,[#6:2]-[#6:4]1=[#6:5](-[#7:6](-[#6@@:7])-[#6:42](=[#6:43](-[#6:44]-1(-[#1:84])-[#1])-[#1:83])-[#1:82])-[#1:59].[#6:49]:[#6:50](:[#6:51])-[#1]>>[#6:2]-[#6:4]1:[#6:5](:[#7&+:6](-[#6@@:7]):[#6:42](:[#6:43](:[#6:44]:1-[#1:84])-[#1:83])-[#1:82])-[#1:59].[#8](-[#6:50](:[#6:49]):[#6:51])-[#1],"EVODEX.2.1-P438,EVODEX.2.1-P441,EVODEX.2.1-P542,EVODEX.2.1-P548,EVODEX.2.1-P554,EVODEX.2.1-P577,EVODEX.2.1-P590,EVODEX.2.1-P663,EVODEX.2.1-P665,EVODEX.2.1-P666",54349272073276036353924816681361548940295675574753041100789819115291770208626
EVODEX.2.1-C111,[#6:3]-[#7:4](-[#6:5](-[#6:6])(-[#1:62])-[#1])-[#1]>>[#6:3]-[#7:4](-[#1])-[#1].[#6:5](-[#6:6])(=[#8])-[#1:62],"EVODEX.2.1-P1169,EVODEX.2.1-P1185,EVODEX.2.1-P1198,EVODEX.2.1-P1200,EVODEX.2.1-P1202,EVODEX.2.1-P1206,EVODEX.2.1-P1268,EVODEX.2.1-P1310,EVODEX.2.1-P525,EVODEX.2.1-P526",2832554779809368186757448919332175690214533991094235242645792954516730738085
EVODEX.2.1-C117,[#6:1](-[#8:2]-[#6:3])(-[#1:53])(-[#1:54])-[#1]>>[#6:1](=[#8])(-[#1:53])-[#1:54].[#8:2](-[#6:3])-[#1],"EVODEX.2.1-P2128,EVODEX.2.1-P3435,EVODEX.2.1-P3512,EVODEX.2.1-P3532,EVODEX.2.1-P3663,EVODEX.2.1-P3666,EVODEX.2.1-P3916,EVODEX.2.1-P4069,EVODEX.2.1-P597,EVODEX.2.1-P704",58872748326553121837156019610399182393941563060968897020682651092018709026373
EVODEX.2.1-C119,[#7:21]-[#6:22](-[#6:23])(-[#1:57])-[#1]>>[#7:21]-[#6:22](-[#6:23])(-[#8]-[#1])-[#1:57],"EVODEX.2.1-P5797,EVODEX.2.1-P5806,EVODEX.2.1-P5807,EVODEX.2.1-P6099,EVODEX.2.1-P6111,EVODEX.2.1-P628,EVODEX.2.1-P631,EVODEX.2.1-P635,EVODEX.2.1-P646,EVODEX.2.1-P648",52056255783202408493584383427487796964518818579096098553738926727293946108729
EVODEX.2.1-C166,[#6:1]-[#6@:2](-[#7](-[#1])-[#1])(-[#6:4])-[#1].[#6:8]-[#6:10]1:[#6:11](:[#6:12](:[#6:13](:[#7&+:14](-[#6@@:15]):[#6:50]:1-[#1:86])-[#1:63])-[#1:62])-[#1:61].[#8:51](-[#1])-[#1]>>[#6:1]-[#6:2](-[#6:4])=[#8:51].[#6:8]-[#6:10]1=[#6:50](-[#7:14](-[#6@@:15])-[#6:13](=[#6:12](-[#6:11]-1(-[#1:61])-[#1])-[#1:62])-[#1:63])-[#1:86],"EVODEX.2.1-P1041,EVODEX.2.1-P1050,EVODEX.2.1-P919,EVODEX.2.1-P931,EVODEX.2.1-P944,EVODEX.2.1-P954,EVODEX.2.1-P970,EVODEX.2.1-P973,EVODEX.2.1-P984,EVODEX.2.1-P998",65578575868397165501255010300723182001117318370174034601991138504351001438879
EVODEX.2.1-C167,[#7](-[#6@@:5](-[#6@:3])(-[#6:7])-[#1])(-[#1])-[#1].[#6:11]-[#6:13]1:[#6:14](:[#6:15](:[#6:16](:[#7&+:17](-[#6@@:18]):[#6:53]:1-[#1:95])-[#1:72])-[#1:71])-[#1:70]>>[#6:5](-[#6@:3])(-[#6:7])=[#8].[#6:11]-[#6:13]1=[#6:53](-[#7:17](-[#6@@:18])-[#6:16](=[#6:15](-[#6:14]-1(-[#1:70])-[#1])-[#1:71])-[#1:72])-[#1:95],"EVODEX.2.1-P1007,EVODEX.2.1-P1051,EVODEX.2.1-P1057,EVODEX.2.1-P920,EVODEX.2.1-P930,EVODEX.2.1-P932,EVODEX.2.1-P943,EVODEX.2.1-P947,EVODEX.2.1-P962,EVODEX.2.1-P987",92854364555134971121789517730239968224111812850882001955200105886910376405293
EVODEX.2.1-C168,[#6:5](-[#6@:3])(=[#8:6])-[#6:7].[#7:10](-[#1])(-[#1])-[#1]>>[#6:7]-[#6@:5](-[#6@:3])(-[#7:10](-[#1])-[#1])-[#1].[#8:6](-[#1])-[#1],"EVODEX.2.1-P1004,EVODEX.2.1-P1021,EVODEX.2.1-P1027,EVODEX.2.1-P1032,EVODEX.2.1-P1045,EVODEX.2.1-P1054,EVODEX.2.1-P1124,EVODEX.2.1-P1132,EVODEX.2.1-P921,EVODEX.2.1-P952",79038358818603228994470112897798495158297424225962963040071816905885337621312
EVODEX.2.1-C169,[#7:45](-[#6@@:46](-[#6:47])(-[#6:49])-[#1])(-[#1])-[#1].[#8:52](-[#1])-[#1]>>[#6:46](-[#6:47])(-[#6:49])=[#8:52].[#7:45](-[#1])(-[#1])-[#1],"EVODEX.2.1-P1006,EVODEX.2.1-P1012,EVODEX.2.1-P1029,EVODEX.2.1-P1079,EVODEX.2.1-P1083,EVODEX.2.1-P1136,EVODEX.2.1-P922,EVODEX.2.1-P926,EVODEX.2.1-P946,EVODEX.2.1-P991",52056295485783500247500136880363823693229051051650306815608271932000220573630
EVODEX.2.1-C170,[#6:2]-[#6:4](=[#8])-[#6:6].[#6:11]-[#6:13]1=[#6:14](-[#7:15](-[#6@@:16])-[#6:51](=[#6:52](-[#6:53]-1(-[#1:89])-[#1])-[#1:88])-[#1:87])-[#1:64].[#7:9](-[#1])(-[#1])-[#1]>>[#6:2]-[#6@@:4](-[#6:6])(-[#7:9](-[#1])-[#1])-[#1].[#6:11]-[#6:13]1:[#6:14](:[#7&+:15](-[#6@@:16]):[#6:51](:[#6:52](:[#6:53]:1-[#1:89])-[#1:88])-[#1:87])-[#1:64],"EVODEX.2.1-P1002,EVODEX.2.1-P1010,EVODEX.2.1-P1022,EVODEX.2.1-P1031,EVODEX.2.1-P1044,EVODEX.2.1-P1055,EVODEX.2.1-P923,EVODEX.2.1-P940,EVODEX.2.1-P945,EVODEX.2.1-P958",52153952601898244256696142916471711462842978848548664268355529356627788369131
EVODEX.2.1-C171,[#6:4]-[#6:5](=[#8:6])-[#6:7]>>[#6:4]-[#6@@:5](-[#6:7])(-[#7](-[#1])-[#1])-[#1].[#8:6](-[#1])-[#1],"EVODEX.2.1-P1003,EVODEX.2.1-P1011,EVODEX.2.1-P1015,EVODEX.2.1-P1046,EVODEX.2.1-P1056,EVODEX.2.1-P924,EVODEX.2.1-P959,EVODEX.2.1-P964,EVODEX.2.1-P983,EVODEX.2.1-P989",56123410599302102935815105936518158588072493034389501372223755553874647937796
EVODEX.2.1-C172,[#6:2]-[#6:3](=[#8])-[#6:5].[#6:10]-[#6:12]1=[#6:13](-[#7:14](-[#6@@:15])-[#6:50](=[#6:51](-[#6:52]-1(-[#1:86])-[#1])-[#1:85])-[#1:84])-[#1:61]>>[#6:2]-[#6@@:3](-[#6:5])(-[#7](-[#1])-[#1])-[#1].[#6:10]-[#6:12]1:[#6:13](:[#7&+:14](-[#6@@:15]):[#6:50](:[#6:51](:[#6:52]:1-[#1:86])-[#1:85])-[#1:84])-[#1:61],"EVODEX.2.1-P1001,EVODEX.2.1-P1013,EVODEX.2.1-P1025,EVODEX.2.1-P1048,EVODEX.2.1-P927,EVODEX.2.1-P939,EVODEX.2.1-P950,EVODEX.2.1-P965,EVODEX.2.1-P967,EVODEX.2.1-P994",87590549842751006924413940963244350953496827514385617682000751018834679386107
EVODEX.2.1-C173,[#6:3]-[#6@:4](-[#7:5](-[#1])-[#1])(-[#6:6])-[#1].[#6:10]-[#6:12]1:[#6:13](:[#6:14](:[#6:15](:[#7&+:16](-[#6@@:17]):[#6:52]:1-[#1:92])-[#1:69])-[#1:68])-[#1:67].[#8:53](-[#1])-[#1]>>[#6:3]-[#6:4](-[#6:6])=[#8:53].[#6:10]-[#6:12]1=[#6:52](-[#7:16](-[#6@@:17])-[#6:15](=[#6:14](-[#6:13]-1(-[#1:67])-[#1])-[#1:68])-[#1:69])-[#1:92].[#7:5](-[#1])(-[#1])-[#1],"EVODEX.2.1-P1020,EVODEX.2.1-P1030,EVODEX.2.1-P1035,EVODEX.2.1-P1042,EVODEX.2.1-P928,EVODEX.2.1-P936,EVODEX.2.1-P937,EVODEX.2.1-P956,EVODEX.2.1-P968,EVODEX.2.1-P992",100328612980100589356890974767420855272078293757575746348541592491836138866515
EVODEX.2.1-C174,[#6:4]-[#6:5](-[#7:6](-[#1])-[#1])(-[#6:7])-[#1].[#6:11]-[#6:13]1:[#6:14](:[#6:15](:[#6:16](:[#7&+:17](-[#6@@:18]):[#6:53]:1-[#1:95])-[#1:72])-[#1:71])-[#1:70]>>[#6:4]-[#6:5](-[#6:7])=[#8].[#6:11]-[#6:13]1=[#6:53](-[#7:17](-[#6@@:18])-[#6:16](=[#6:15](-[#6:14]-1(-[#1:70])-[#1])-[#1:71])-[#1:72])-[#1:95].[#7:6](-[#1])(-[#1])-[#1],"EVODEX.2.1-P1034,EVODEX.2.1-P1036,EVODEX.2.1-P1047,EVODEX.2.1-P1052,EVODEX.2.1-P929,EVODEX.2.1-P934,EVODEX.2.1-P948,EVODEX.2.1-P953,EVODEX.2.1-P955,EVODEX.2.1-P999",49117035750283351178460362742734799009886644705199822934939893132273005571198
EVODEX.2.1-C175,[#6:1]-[#6:2](=[#8:3])-[#6:4].[#6:9]-[#6:11]1=[#6:12](-[#7:13](-[#6@@:14])-[#6:51](=[#6:52](-[#6:53]-1(-[#1:85])-[#1])-[#1:84])-[#1:83])-[#1:60].[#7:7](-[#1])(-[#1])-[#1]>>[#6:1]-[#6@@:2](-[#6:4])(-[#7:7](-[#1])-[#1])-[#1].[#6:9]-[#6:11]1:[#6:12](:[#7&+:13](-[#6@@:14]):[#6:51](:[#6:52](:[#6:53]:1-[#1:85])-[#1:84])-[#1:83])-[#1:60].[#8:3](-[#1])-[#1],"EVODEX.2.1-P1009,EVODEX.2.1-P1016,EVODEX.2.1-P1039,EVODEX.2.1-P933,EVODEX.2.1-P938,EVODEX.2.1-P957,EVODEX.2.1-P966,EVODEX.2.1-P981,EVODEX.2.1-P985,EVODEX.2.1-P993",25780362331069409195772319470396676849492133436812786731440725018571671666577
EVODEX.2.1-C176,[#6:3]-[#6:5]1=[#6:6](-[#7:7](-[#6@@:8])-[#6:43](=[#6:44](-[#6:45]-1(-[#1:82])-[#1])-[#1:81])-[#1:80])-[#1:57].[#6:49]-[#6:50](=[#8:51])-[#6:52]>>[#7](-[#6@@:50](-[#6:49])(-[#6:52])-[#1])(-[#1])-[#1].[#6:3]-[#6:5]1:[#6:6](:[#7&+:7](-[#6@@:8]):[#6:43](:[#6:44](:[#6:45]:1-[#1:82])-[#1:81])-[#1:80])-[#1:57].[#8:51](-[#1])-[#1],"EVODEX.2.1-P1023,EVODEX.2.1-P1026,EVODEX.2.1-P1037,EVODEX.2.1-P1049,EVODEX.2.1-P935,EVODEX.2.1-P951,EVODEX.2.1-P961,EVODEX.2.1-P971,EVODEX.2.1-P986,EVODEX.2.1-P996",11376232825389367077802299928621876512330647098860622046440414903358427128089
EVODEX.2.1-C177,[#6:54]-[#6:55](=[#8])-[#6:57]>>[#7](-[#6@:55](-[#6:54])(-[#6:57])-[#1])(-[#1])-[#1],"EVODEX.2.1-P1125,EVODEX.2.1-P1743,EVODEX.2.1-P2412,EVODEX.2.1-P2649,EVODEX.2.1-P2718,EVODEX.2.1-P2806,EVODEX.2.1-P2811,EVODEX.2.1-P963,EVODEX.2.1-P969,EVODEX.2.1-P982",80603344065132408421296250900184627709670159574895735068450688166840012700699
EVODEX.2.1-C186,[#6:4]-[#6@@:5](-[#6:6])(-[#7](-[#1])-[#1])-[#1].[#8:52](-[#1])-[#1]>>[#6:4]-[#6:5](-[#6:6])=[#8:52],"EVODEX.2.1-P1005,EVODEX.2.1-P1028,EVODEX.2.1-P1033,EVODEX.2.1-P1038,EVODEX.2.1-P1058,EVODEX.2.1-P1060,EVODEX.2.1-P1101,EVODEX.2.1-P1112,EVODEX.2.1-P1133,EVODEX.2.1-P997",16556625160858582069365410582613669194201665241879292840363452504295345110683
EVODEX.2.1-C187,[#7](-[#6:2](-[#6:3])(-[#6:8])-[#1])(-[#1])-[#1].[#8:12]=[#8:13]>>[#6:2](-[#6:3])(-[#6:8])=[#8].[#8:12](-[#8:13]-[#1])-[#1],"EVODEX.2.1-P1062,EVODEX.2.1-P1065,EVODEX.2.1-P1084,EVODEX.2.1-P1090,EVODEX.2.1-P1091,EVODEX.2.1-P1097,EVODEX.2.1-P1102,EVODEX.2.1-P1127,EVODEX.2.1-P1134,EVODEX.2.1-P1141",112500318081458918196306294916092408410212397336620451872758362610986077377422
EVODEX.2.1-C188,[#7](-[#6@:2](-[#6:3])(-[#6:9])-[#1])(-[#1])-[#1].[#8:13]=[#8:14].[#8:12](-[#1])-[#1]>>[#6:2](-[#6:3])(-[#6:9])=[#8:12].[#8:13](-[#8:14]-[#1])-[#1],"EVODEX.2.1-P1063,EVODEX.2.1-P1081,EVODEX.2.1-P1087,EVODEX.2.1-P1092,EVODEX.2.1-P1094,EVODEX.2.1-P1100,EVODEX.2.1-P1109,EVODEX.2.1-P1110,EVODEX.2.1-P1114,EVODEX.2.1-P1139",35763073129130879999160092214466507481043778378619575861581448382656345464950
EVODEX.2.1-C189,[#7:1](-[#6@:2](-[#6:3])(-[#6:9])-[#1])(-[#1])-[#1].[#8:13]=[#8:14]>>[#6:2](-[#6:3])(-[#6:9])=[#8].[#7:1](-[#1])(-[#1])-[#1].[#8:13](-[#8:14]-[#1])-[#1],"EVODEX.2.1-P1064,EVODEX.2.1-P1066,EVODEX.2.1-P1080,EVODEX.2.1-P1086,EVODEX.2.1-P1089,EVODEX.2.1-P1095,EVODEX.2.1-P1104,EVODEX.2.1-P1135,EVODEX.2.1-P1148,EVODEX.2.1-P1165",64375817807996790792835063939861007971845903256443002330037134862089035058954
EVODEX.2.1-C199,[#7:1](-[#6:2](-[#6:3])(-[#6:8])-[#1])(-[#1])-[#1].[#8:10]=[#8:11].[#8:9](-[#1])-[#1]>>[#6:2](=[#8:9])(-[#6:3])-[#6:8].[#7:1](-[#1])(-[#1])-[#1].[#8:10](-[#8:11]-[#1])-[#1],"EVODEX.2.1-P1085,EVODEX.2.1-P1093,EVODEX.2.1-P1096,EVODEX.2.1-P1099,EVODEX.2.1-P1103,EVODEX.2.1-P1108,EVODEX.2.1-P1111,EVODEX.2.1-P1123,EVODEX.2.1-P1126,EVODEX.2.1-P1143",15809957880348683810965099968482418810395206034891488125022014906419680773729
EVODEX.2.1-C204,[#6:1]-[#7:2](-[#6:3](-[#6:4])(-[#1:21])-[#1])-[#1].[#8:14](-[#1])-[#1]>>[#6:1]-[#7:2](-[#1])-[#1].[#6:3](-[#6:4])(=[#8:14])-[#1:21],"EVODEX.2.1-P1163,EVODEX.2.1-P1186,EVODEX.2.1-P1191,EVODEX.2.1-P1199,EVODEX.2.1-P1201,EVODEX.2.1-P1203,EVODEX.2.1-P1211,EVODEX.2.1-P1267,EVODEX.2.1-P1269,EVODEX.2.1-P1277",93053661074214709684281460188106814454906792754639901762596245949908511869411
EVODEX.2.1-C205,[#6:1]-[#7:2](-[#6:3](-[#6:4])(-[#1:21])-[#1])-[#1].[#8:15]=[#8:16]>>[#6:1]-[#7:2](-[#1])-[#1].[#6:3](-[#6:4])(=[#8])-[#1:21].[#8:15](-[#8:16]-[#1])-[#1],"EVODEX.2.1-P1164,EVODEX.2.1-P1170,EVODEX.2.1-P1179,EVODEX.2.1-P1183,EVODEX.2.1-P1192,EVODEX.2.1-P1193,EVODEX.2.1-P1204,EVODEX.2.1-P1287,EVODEX.2.1-P1289,EVODEX.2.1-P1291",21965342753788436277900806622838003726340166656995256694516869411508589683431
EVODEX.2.1-C206,[#6:12]-[#6:13](-[#7:14](-[#6:15])-[#1])(-[#1:32])-[#1].[#8:22]=[#8:23].[#8:21](-[#1])-[#1]>>[#6:12]-[#6:13](=[#8:21])-[#1:32].[#7:14](-[#6:15])(-[#1])-[#1].[#8:22](-[#8:23]-[#1])-[#1],"EVODEX.2.1-P1178,EVODEX.2.1-P1180,EVODEX.2.1-P1182,EVODEX.2.1-P1189,EVODEX.2.1-P1197,EVODEX.2.1-P1286,EVODEX.2.1-P1288,EVODEX.2.1-P1290,EVODEX.2.1-P1292,EVODEX.2.1-P1313",93761251401928255132364933484035966303055529695659327363315131641221345787953
EVODEX.2.1-C264,[#6:3]-[#6:4](=[#8:5])-[#1:15].[#8:6]=[#6:7](-[#6:8])-[#1]>>[#6:3]-[#6@:4](-[#8:5]-[#1])(-[#6:7](=[#8:6])-[#6:8])-[#1:15],"EVODEX.2.1-P1502,EVODEX.2.1-P1504,EVODEX.2.1-P1509,EVODEX.2.1-P1823,EVODEX.2.1-P5112,EVODEX.2.1-P5954,EVODEX.2.1-P5992,EVODEX.2.1-P6007,EVODEX.2.1-P6010,EVODEX.2.1-P6018",23290575794741384188938516415811707071677060446262972753487524631439395137598
EVODEX.2.1-C273,[#6:47]-[#16:48]-[#6:49](=[#8:50])-[#6:51].[#7:65](-[#6@:64])(-[#1])-[#1]>>[#6:49](=[#8:50])(-[#6:51])-[#7:65](-[#6@@:64])-[#1].[#6:47]-[#16:48]-[#1],"EVODEX.2.1-P1524,EVODEX.2.1-P1526,EVODEX.2.1-P1530,EVODEX.2.1-P1531,EVODEX.2.1-P1570,EVODEX.2.1-P1572,EVODEX.2.1-P1608,EVODEX.2.1-P1774,EVODEX.2.1-P1776,EVODEX.2.1-P1841",25439903088884650670672343047798953545063452462813442286757298586723272331813
EVODEX.2.1-C276,[#6:7]-[#6:8](=[#8:9])-[#16]-[#6](-[#6](-[#7](-[#6](=[#8])-[#6](-[#6](-[#7](-[#6](=[#8])-[#6@](-[#8]-[#1])(-[#6](-[#6](-[#1])(-[#1])-[#1])(-[#6](-[#1])(-[#1])-[#1])-[#6](-[#8]-[#15](=[#8])(-[#8]-[#1])-[#8]-[#15](=[#8])(-[#8]-[#1])-[#8]-[#6](-[#6@]1(-[#8]-[#6@@](-[#7]2:[#6](:[#7]:[#6]3:[#6](-[#7](-[#1])-[#1]):[#7]:[#6](:[#7]:[#6]:2:3)-[#1])-[#1])(-[#6@](-[#8]-[#1])(-[#6@@]-1(-[#8]-[#15](=[#8])(-[#8]-[#1])-[#8]-[#1])-[#1])-[#1])-[#1])-[#1])(-[#1])-[#1])(-[#1])-[#1])-[#1])-[#1])(-[#1])-[#1])(-[#1])-[#1])-[#1])(-[#1])-[#1])(-[#1])-[#1].[#7:62](-[#6:63])(-[#1])-[#1]>>[#6:7]-[#6:8](=[#8:9])-[#7:62](-[#6:63])-[#1],"EVODEX.2.1-P1528,EVODEX.2.1-P1533,EVODEX.2.1-P1534,EVODEX.2.1-P1539,EVODEX.2.1-P1573,EVODEX.2.1-P1575,EVODEX.2.1-P1770,EVODEX.2.1-P1775,EVODEX.2.1-P1787,EVODEX.2.1-P1864",79067646570464535274922182800988998228840351209427672762620098007094790685407
EVODEX.2.1-C326,[#6:1]-[#6:2](=[#8:3])-[#7:4](-[#6@@:5])-[#1].[#7:13](-[#6@@:14])(-[#1])-[#1]>>[#6:1]-[#6:2](=[#8:3])-[#7:13](-[#6@@:14])-[#1].[#7:4](-[#6@@:5])(-[#1])-[#1],"EVODEX.2.1-P1725,EVODEX.2.1-P1869,EVODEX.2.1-P1870,EVODEX.2.1-P1874,EVODEX.2.1-P1875,EVODEX.2.1-P1877,EVODEX.2.1-P1880,EVODEX.2.1-P1881,EVODEX.2.1-P1889,EVODEX.2.1-P5094",70668532688985838269484337346859048170720283888032776013151276771236625401389
EVODEX.2.1-C388,[#6:11]-[#8:13]-[#1]>>[#6:11]-[#8:13]-[#6@@]1(-[#8]-[#6@](-[#6](=[#8])-[#8]-[#1])(-[#6@@](-[#8]-[#1])(-[#6@](-[#8]-[#1])(-[#6@]-1(-[#8]-[#1])-[#1])-[#1])-[#1])-[#1])-[#1],"EVODEX.2.1-P2033,EVODEX.2.1-P2034,EVODEX.2.1-P2040,EVODEX.2.1-P2041,EVODEX.2.1-P2044,EVODEX.2.1-P2045,EVODEX.2.1-P2046,EVODEX.2.1-P2047,EVODEX.2.1-P2060,EVODEX.2.1-P2061",72241600051642696704617054344889160115313827047074727914277015677323688064093
EVODEX.2.1-C460,[#6:35]-[#6:36](-[#6@:2])=[#8].[#7:38](-[#6@@](-[#6](-[#6](-[#6](=[#8])-[#8]-[#1])(-[#1])-[#1])(-[#1])-[#1])(-[#6](=[#8])-[#8]-[#1])-[#1])(-[#1])-[#1]>>[#6:35]-[#6@@:36](-[#6@:2])(-[#7:38](-[#1])-[#1])-[#1],"EVODEX.2.1-P2411,EVODEX.2.1-P2424,EVODEX.2.1-P2533,EVODEX.2.1-P2581,EVODEX.2.1-P2597,EVODEX.2.1-P2618,EVODEX.2.1-P2650,EVODEX.2.1-P2692,EVODEX.2.1-P2808,EVODEX.2.1-P2810",98986244687720301650118471543631947593146725610859549427237363180498091701128
EVODEX.2.1-C461,[#7:1](-[#6@@:2](-[#6@:3])(-[#6@@:15])-[#1])(-[#1])-[#1]>>[#6:2](=[#8])(-[#6@:3])-[#6@@:15].[#7:1](-[#6@@](-[#6](-[#6](-[#6](=[#8])-[#8]-[#1])(-[#1])-[#1])(-[#1])-[#1])(-[#6](=[#8])-[#8]-[#1])-[#1])(-[#1])-[#1],"EVODEX.2.1-P2414,EVODEX.2.1-P2426,EVODEX.2.1-P2427,EVODEX.2.1-P2529,EVODEX.2.1-P2540,EVODEX.2.1-P2681,EVODEX.2.1-P2708,EVODEX.2.1-P2760,EVODEX.2.1-P2805,EVODEX.2.1-P2813",48698837333009616253718049558303829410385094180142627932170184263386925055777
EVODEX.2.1-C466,[#6:22]-[#6@:23](-[#7](-[#1])-[#1])(-[#6@@:25])-[#1].[#8]=[#6](-[#8]-[#1])-[#6](-[#6](-[#6](=[#8:40])-[#6](=[#8])-[#8]-[#1])(-[#1])-[#1])(-[#1])-[#1]>>[#6:22]-[#6:23](=[#8:40])-[#6@@:25],"EVODEX.2.1-P2420,EVODEX.2.1-P2431,EVODEX.2.1-P2527,EVODEX.2.1-P2530,EVODEX.2.1-P2578,EVODEX.2.1-P2582,EVODEX.2.1-P2646,EVODEX.2.1-P2707,EVODEX.2.1-P2804,EVODEX.2.1-P2807",32081009044957938640373330888098566682964712769401403161630918870002939225451
EVODEX.2.1-C467,[#6:22]-[#6:23](=[#8:24])-[#6@@:25]>>[#6:22]-[#6@:23](-[#7](-[#1])-[#1])(-[#6@@:25])-[#1].[#8:24]=[#6](-[#6](-[#6](-[#6](=[#8])-[#8]-[#1])(-[#1])-[#1])(-[#1])-[#1])-[#6](=[#8])-[#8]-[#1],"EVODEX.2.1-P2421,EVODEX.2.1-P2423,EVODEX.2.1-P2425,EVODEX.2.1-P2515,EVODEX.2.1-P2596,EVODEX.2.1-P2619,EVODEX.2.1-P2697,EVODEX.2.1-P2705,EVODEX.2.1-P2719,EVODEX.2.1-P2812",84814222514090491799371080842441093625998560115121098977161148201085877295142
EVODEX.2.1-C529,[#8:39](-[#6@@:36])-[#15:40](=[#8:41])(-[#8:42])-[#8:43]>>[#7](-[#6]1:[#7]:[#6](:[#7]:[#6]2:[#6]:1:[#7]:[#6](:[#7]:2-[#6@@]1(-[#8]-[#6@](-[#6](-[#8]-[#15](=[#8])(-[#8]-[#1])-[#8]-[#15](=[#8])(-[#8]-[#15:40](=[#8:41])(-[#8:42])-[#8:43])-[#8]-[#1])(-[#1])-[#1])(-[#6@@](-[#8]-[#1])(-[#6@]-1(-[#8]-[#1])-[#1])-[#1])-[#1])-[#1])-[#1])-[#1])(-[#1])-[#1].[#8:39](-[#6@@:36])-[#1],"EVODEX.2.1-P2822,EVODEX.2.1-P2828,EVODEX.2.1-P2925,EVODEX.2.1-P2971,EVODEX.2.1-P2989,EVODEX.2.1-P3053,EVODEX.2.1-P3056,EVODEX.2.1-P3059,EVODEX.2.1-P3061,EVODEX.2.1-P3062",108825027475798177685208693961589937719824206381342745840338957577559119225315
EVODEX.2.1-C616,[#8:6](-[#6@:5])-[#1]>>[#8:6](-[#6@:5])-[#16](=[#8])(=[#8])-[#8]-[#1],"EVODEX.2.1-P3306,EVODEX.2.1-P3309,EVODEX.2.1-P3310,EVODEX.2.1-P3313,EVODEX.2.1-P3316,EVODEX.2.1-P3320,EVODEX.2.1-P3327,EVODEX.2.1-P3338,EVODEX.2.1-P3341,EVODEX.2.1-P3348",99052359636276262446303608435541454632582910532671575734770329227529045252357
EVODEX.2.1-C617,[#6:12]-[#8:13]-[#1].[#15:31]-[#8:34]-[#16:35](=[#8:36])(=[#8:37])-[#8:38]>>[#6:12]-[#8:13]-[#16:35](=[#8:36])(=[#8:37])-[#8:38].[#15:31]-[#8:34]-[#1],"EVODEX.2.1-P3307,EVODEX.2.1-P3311,EVODEX.2.1-P3324,EVODEX.2.1-P3325,EVODEX.2.1-P3336,EVODEX.2.1-P3340,EVODEX.2.1-P3343,EVODEX.2.1-P3345,EVODEX.2.1-P3347,EVODEX.2.1-P3349",71703501728407693230524837265229192910086419584116614601265453866623684745020
EVODEX.2.1-C618,[#6:12]-[#8:13]-[#1].[#7](-[#6]1:[#7]:[#6](:[#7]:[#6]2:[#6]:1:[#7]:[#6](:[#7]:2-[#6@@]1(-[#8]-[#6@](-[#6](-[#8]-[#15](=[#8])(-[#8]-[#1])-[#8]-[#16:35](=[#8:36])(=[#8:37])-[#8:38])(-[#1])-[#1])(-[#6@@](-[#8]-[#15](=[#8])(-[#8]-[#1])-[#8]-[#1])(-[#6@]-1(-[#8]-[#1])-[#1])-[#1])-[#1])-[#1])-[#1])-[#1])(-[#1])-[#1]>>[#6:12]-[#8:13]-[#16:35](=[#8:36])(=[#8:37])-[#8:38],"EVODEX.2.1-P3308,EVODEX.2.1-P3312,EVODEX.2.1-P3314,EVODEX.2.1-P3318,EVODEX.2.1-P3333,EVODEX.2.1-P3339,EVODEX.2.1-P3342,EVODEX.2.1-P3344,EVODEX.2.1-P3346,EVODEX.2.1-P3350",36647086421447267478909962724588004027356283895276225515154906783610946700644
EVODEX.2.1-C710,[#6:1]-[#6:2](=[#8:3])-[#16:4]-[#6:5]>>[#6:1]-[#6:2](=[#8:3])-[#8]-[#1].[#16:4](-[#6:5])-[#1],"EVODEX.2.1-P3710,EVODEX.2.1-P3718,EVODEX.2.1-P3945,EVODEX.2.1-P3947,EVODEX.2.1-P3952,EVODEX.2.1-P3954,EVODEX.2.1-P3958,EVODEX.2.1-P4866,EVODEX.2.1-P6201,EVODEX.2.1-P6268",10467502853784613215536441120127732850663960976450886652220500579010561493352
EVODEX.2.1-C711,[#6:8]-[#6:9](=[#8:10])-[#16:11]-[#6:12].[#8:59](-[#1])-[#1]>>[#6:8]-[#6:9](=[#8:10])-[#8:59]-[#1].[#16:11](-[#6:12])-[#1],"EVODEX.2.1-P3711,EVODEX.2.1-P3713,EVODEX.2.1-P3715,EVODEX.2.1-P3720,EVODEX.2.1-P3946,EVODEX.2.1-P3950,EVODEX.2.1-P3953,EVODEX.2.1-P3956,EVODEX.2.1-P3957,EVODEX.2.1-P5565",28624644281985786095895361838369926726637796265718971990296190298245296733079
EVODEX.2.1-C719,[#6:66]:[#6:67](-[#8]-[#15](=[#8])(-[#8]-[#1])-[#8]-[#1]):[#6:73].[#8:96](-[#1])-[#1]>>[#6:66]:[#6:67](-[#8:96]-[#1]):[#6:73],"EVODEX.2.1-P3745,EVODEX.2.1-P3746,EVODEX.2.1-P3749,EVODEX.2.1-P3755,EVODEX.2.1-P3757,EVODEX.2.1-P3767,EVODEX.2.1-P3773,EVODEX.2.1-P3778,EVODEX.2.1-P3793,EVODEX.2.1-P3796",101814286714272203459036757050942345351100908346579269048520598610170279310034
EVODEX.2.1-C1053,[#6:3]-[#6:4](=[#8:5])-[#6:6](-[#6:7])(-[#1:20])-[#1:21]>>[#6:3]-[#6:4](=[#8:5])-[#8]-[#1].[#6:6](-[#6:7])(-[#1:20])(-[#1:21])-[#1],"EVODEX.2.1-P5859,EVODEX.2.1-P5862,EVODEX.2.1-P5866,EVODEX.2.1-P5868,EVODEX.2.1-P5874,EVODEX.2.1-P5876,EVODEX.2.1-P5878,EVODEX.2.1-P5882,EVODEX.2.1-P5884,EVODEX.2.1-P5886",53883979516529190065682548779141546538806370612504969349686737483242467301636
EVODEX.2.1-C1054,[#6:4]-[#6:5](=[#8:6])-[#6:7](-[#6:8])(-[#1:23])-[#1:24].[#8:13](-[#1])-[#1]>>[#6:4]-[#6:5](=[#8:6])-[#8:13]-[#1].[#6:7](-[#6:8])(-[#1:23])(-[#1:24])-[#1],"EVODEX.2.1-P5860,EVODEX.2.1-P5864,EVODEX.2.1-P5869,EVODEX.2.1-P5875,EVODEX.2.1-P5877,EVODEX.2.1-P5879,EVODEX.2.1-P5880,EVODEX.2.1-P5881,EVODEX.2.1-P5883,EVODEX.2.1-P5885",27299711034205766983111556141310807398297902034179683222125726048476845948094
EVODEX.2.1-C1103,[#6:5]-[#6@@:6](-[#7:7])(-[#6:8])-[#1:21]>>[#6:5]-[#6@:6](-[#7:7])(-[#6:8])-[#1:21],"EVODEX.2.1-P6155,EVODEX.2.1-P6156,EVODEX.2.1-P6157,EVODEX.2.1-P6161,EVODEX.2.1-P6162,EVODEX.2.1-P6163,EVODEX.2.1-P6164,EVODEX.2.1-P6165,EVODEX.2.1-P6168,EVODEX.2.1-P6169",52801066473620241480478440828380957971296805274672760309822896092971739758128
EVODEX.2.1-C64,[#8:15]-[#15:16](=[#8:17])(-[#8:18])-[#8:19]-[#6:20].[#15:42]-[#8:43]-[#1]>>[#8:15]-[#15:16](=[#8:17])(-[#8:18])-[#8:43]-[#15:42].[#8:19](-[#6:20])-[#1],"EVODEX.2.1-P249,EVODEX.2.1-P2859,EVODEX.2.1-P2870,EVODEX.2.1-P2871,EVODEX.2.1-P3054,EVODEX.2.1-P3063,EVODEX.2.1-P3065,EVODEX.2.1-P3117,EVODEX.2.1-P3205",100841793740736459437282043560422126443524637838971742136319086246631620161806
EVODEX.2.1-C381,[#6:2]-[#8:3]-[#1]>>[#6:2]-[#8:3]-[#6@@]1(-[#8]-[#6@](-[#6](-[#8]-[#1])(-[#1])-[#1])(-[#6@@](-[#8]-[#1])(-[#6@](-[#8]-[#1])(-[#6@]-1(-[#8]-[#1])-[#1])-[#1])-[#1])-[#1])-[#1],"EVODEX.2.1-P2006,EVODEX.2.1-P2008,EVODEX.2.1-P2011,EVODEX.2.1-P2056,EVODEX.2.1-P2058,EVODEX.2.1-P2064,EVODEX.2.1-P2067,EVODEX.2.1-P2090,EVODEX.2.1-P2094",26140324506799160683086737890548323362377450345901576583568516611977686367306
EVODEX.2.1-C639,[#6:3]-[#6:4](-[#8:5]-[#6:6])(-[#1:25])-[#1:26]>>[#6:3]-[#6:4](-[#8]-[#1])(-[#1:25])-[#1:26].[#8:5](-[#6:6])-[#1],"EVODEX.2.1-P3420,EVODEX.2.1-P3474,EVODEX.2.1-P3490,EVODEX.2.1-P3565,EVODEX.2.1-P3907,EVODEX.2.1-P3964,EVODEX.2.1-P4090,EVODEX.2.1-P4100,EVODEX.2.1-P4956",51388630389844006721970280351648972474131881960333633821554895687855222165112
EVODEX.2.1-C652,[#15:2]-[#8:5]-[#6]1:[#6](:[#6](:[#6](-[#7&+](=[#8])-[#8&-]):[#6](:[#6]:1-[#1])-[#1])-[#1])-[#1]>>[#15:2]-[#8:5]-[#1],"EVODEX.2.1-P3447,EVODEX.2.1-P3449,EVODEX.2.1-P3705,EVODEX.2.1-P3708,EVODEX.2.1-P3804,EVODEX.2.1-P3814,EVODEX.2.1-P3865,EVODEX.2.1-P3867,EVODEX.2.1-P3868",98722350798653015207000073490346453779569849384388371507980650794512269136121
EVODEX.2.1-C713,[#8](-[#6@:12](-[#6@:9])(-[#6@:18])-[#1:30])-[#15](=[#8])(-[#8]-[#1])-[#8]-[#1]>>[#8](-[#6@:12](-[#6@@:9])(-[#6@@:18])-[#1:30])-[#1],"EVODEX.2.1-P3724,EVODEX.2.1-P3744,EVODEX.2.1-P3747,EVODEX.2.1-P3765,EVODEX.2.1-P3768,EVODEX.2.1-P3774,EVODEX.2.1-P3776,EVODEX.2.1-P3780,EVODEX.2.1-P3784",1268634443669935572990673757922598186295440420761299627797468061928358062822
EVODEX.2.1-C1109,[#6:1]-[#6:2](=[#8:3])-[#8:4]-[#1].[#6:51]-[#16:52]-[#1].[#8:67]-[#15:68](=[#8:69])(-[#8:70])-[#8:71]-[#15:72]>>[#6:1]-[#6:2](=[#8:3])-[#16:52]-[#6:51].[#8:4](-[#15:68](-[#8:67])(=[#8:69])-[#8:70])-[#1].[#8:71](-[#15:72])-[#1],"EVODEX.2.1-P6187,EVODEX.2.1-P6247,EVODEX.2.1-P6248,EVODEX.2.1-P6251,EVODEX.2.1-P6253,EVODEX.2.1-P6255,EVODEX.2.1-P6340,EVODEX.2.1-P6362,EVODEX.2.1-P6371",40678930663917301755711719949994726899665001430485575611178273293534724832135
EVODEX.2.1-C1131,[#6:55]-[#6:56](=[#8:57])-[#8:58]-[#1].[#8:75]-[#15:76](=[#8:77])(-[#8:78])-[#8:79]-[#15:80]>>[#6](-[#6](-[#6](-[#1])(-[#1])-[#1])(-[#6](-[#8]-[#15](=[#8])(-[#8]-[#1])-[#8]-[#15](=[#8])(-[#8]-[#1])-[#8]-[#6](-[#6@]1(-[#8]-[#6@@](-[#7]2:[#6](:[#7]:[#6]3:[#6](-[#7](-[#1])-[#1]):[#7]:[#6](:[#7]:[#6]:2:3)-[#1])-[#1])(-[#6@](-[#8]-[#1])(-[#6@@]-1(-[#8]-[#15](=[#8])(-[#8]-[#1])-[#8]-[#1])-[#1])-[#1])-[#1])-[#1])(-[#1])-[#1])(-[#1])-[#1])-[#6@@](-[#8]-[#1])(-[#6](=[#8])-[#7](-[#6](-[#6](-[#6](=[#8])-[#7](-[#6](-[#6](-[#16]-[#6:56](-[#6:55])=[#8:57])(-[#1])-[#1])(-[#1])-[#1])-[#1])(-[#1])-[#1])(-[#1])-[#1])-[#1])-[#1])(-[#1])(-[#1])-[#1].[#8:58](-[#15:76](-[#8:75])(=[#8:77])-[#8:78])-[#1].[#8:79](-[#15:80])-[#1],"EVODEX.2.1-P6250,EVODEX.2.1-P6252,EVODEX.2.1-P6254,EVODEX.2.1-P6256,EVODEX.2.1-P6290,EVODEX.2.1-P6296,EVODEX.2.1-P6304,EVODEX.2.1-P6360,EVODEX.2.1-P6364",15172137823895207595726546167470983341600699726412832201999552067903845928332
EVODEX.2.1-C555,[#6:27]-[#8:28]-[#15](=[#8])(-[#8]-[#1])-[#8]-[#1]>>[#6:27]-[#8:28]-[#1],"EVODEX.2.1-P2882,EVODEX.2.1-P2972,EVODEX.2.1-P3058,EVODEX.2.1-P3060,EVODEX.2.1-P3206,EVODEX.2.1-P3732,EVODEX.2.1-P3737,EVODEX.2.1-P3752",275013133313941859131992431618503523872844264833446787633218458189266129220
EVODEX.2.1-C632,[#6:3]-[#6:4](=[#8:5])-[#8]-[#1].[#6:8]-[#8:9]-[#1]>>[#6:3]-[#6:4](=[#8:5])-[#8:9]-[#6:8],"EVODEX.2.1-P3405,EVODEX.2.1-P3654,EVODEX.2.1-P4032,EVODEX.2.1-P6614,EVODEX.2.1-P6631,EVODEX.2.1-P6641,EVODEX.2.1-P6660,EVODEX.2.1-P6668",55380256367386756470753900152824259840348341161204412940761270294151896791502
EVODEX.2.1-C647,[#6:1]-[#6:2](-[#8:3]-[#6:4])(-[#1:23])-[#1:24].[#8:19](-[#1])-[#1]>>[#6:1]-[#6:2](-[#8:19]-[#1])(-[#1:23])-[#1:24].[#8:3](-[#6:4])-[#1],"EVODEX.2.1-P3437,EVODEX.2.1-P3476,EVODEX.2.1-P3483,EVODEX.2.1-P3922,EVODEX.2.1-P3963,EVODEX.2.1-P4046,EVODEX.2.1-P4089,EVODEX.2.1-P4101",69008186178144530747204662314798340568977999817100425421196162217807261929709
EVODEX.2.1-C677,[#6:2]-[#6:3](-[#6:4])(-[#8:8]-[#6:6])-[#1:15]>>([#6:2]-[#6:3](-[#6:4])(-[#8]-[#1])-[#1:15].[#6:6]-[#8:8]-[#1]),"EVODEX.2.1-P3541,EVODEX.2.1-P3542,EVODEX.2.1-P3551,EVODEX.2.1-P3557,EVODEX.2.1-P3559,EVODEX.2.1-P3560,EVODEX.2.1-P3652,EVODEX.2.1-P3700",36419130868153413439721428728000408358433098863480931164649427810431080863920
EVODEX.2.1-C678,[#6:7]-[#6:8](-[#6:9])(-[#8:13]-[#6:11])-[#1:30].[#8:14](-[#1])-[#1]>>([#6:7]-[#6:8](-[#6:9])(-[#8:14]-[#1])-[#1:30].[#6:11]-[#8:13]-[#1]),"EVODEX.2.1-P3546,EVODEX.2.1-P3548,EVODEX.2.1-P3549,EVODEX.2.1-P3550,EVODEX.2.1-P3552,EVODEX.2.1-P3554,EVODEX.2.1-P3558,EVODEX.2.1-P3699",53393751607975475298749525449663566576824171711676008428740959020056416564457
EVODEX.2.1-C2,[#6:2]-[#6:4]1:[#6:5](:[#6:6](:[#6:7](:[#7&+:8](-[#6@@:9]):[#6:44]:1-[#1:84])-[#1:61])-[#1:60])-[#1:59].[#6:55](-[#6@:53])(-[#8:56]-[#1])(-[#1:92])-[#1]>>[#6:2]-[#6:4]1=[#6:44](-[#7:8](-[#6@@:9])-[#6:7](=[#6:6](-[#6:5]-1(-[#1:59])-[#1])-[#1:60])-[#1:61])-[#1:84].[#6:55](-[#6@:53])(=[#8:56])-[#1:92],"EVODEX.2.1-P2,EVODEX.2.1-P30,EVODEX.2.1-P31,EVODEX.2.1-P46,EVODEX.2.1-P6,EVODEX.2.1-P78,EVODEX.2.1-P79",68461821946223678151222502266802251796174618043761856128254386632426583044505
EVODEX.2.1-C162,[#6:5]/[#6:6](=[#6:7](/[#6:8])-[#1:77])-[#1:76].[#6:18]-[#6:20]1=[#6:21](-[#7:22](-[#6@@:23])-[#6:62](=[#6:63](-[#6:64]-1(-[#1:114])-[#1])-[#1:113])-[#1:112])-[#1:88]>>[#6:5]-[#6:6](-[#6:7](-[#6:8])(-[#1:77])-[#1])(-[#1:76])-[#1].[#6:18]-[#6:20]1:[#6:21](:[#7&+:22](-[#6@@:23]):[#6:62](:[#6:63](:[#6:64]:1-[#1:114])-[#1:113])-[#1:112])-[#1:88],"EVODEX.2.1-P898,EVODEX.2.1-P903,EVODEX.2.1-P908,EVODEX.2.1-P909,EVODEX.2.1-P910,EVODEX.2.1-P911,EVODEX.2.1-P913",22542306176933102389084732695690940306751244401256207172459110948625676801289
EVODEX.2.1-C709,[#8:11]-[#15:12](=[#8:13])(-[#8:14])-[#8:15]-[#6:16].[#8:35](-[#1])-[#1]>>[#8:11]-[#15:12](=[#8:13])(-[#8:14])-[#8:35]-[#1].[#8:15](-[#6:16])-[#1],"EVODEX.2.1-P3707,EVODEX.2.1-P3736,EVODEX.2.1-P3738,EVODEX.2.1-P3750,EVODEX.2.1-P3789,EVODEX.2.1-P3790,EVODEX.2.1-P3820",31432538967691695023279851128069027925213548104783053007742783004841823196131
EVODEX.2.1-C1083,[#6:4]-[#6:6](-[#6@@:7](-[#8:8]-[#1])(-[#6:9])-[#1:14])(-[#1:12])-[#1:13]>>[#6:7](=[#8:8])(-[#6:9])-[#1:14].[#6:4]-[#6:6](-[#1:12])(-[#1:13])-[#1],"EVODEX.2.1-P6009,EVODEX.2.1-P6029,EVODEX.2.1-P6034,EVODEX.2.1-P6062,EVODEX.2.1-P6069,EVODEX.2.1-P6071,EVODEX.2.1-P6073",105911667575745220358841311439967015400478868598969990493949187828897572510165
EVODEX.2.1-C1,[#6:2]-[#6:4](=[#8:5])-[#1:53]>>[#6:2]-[#6:4](-[#8:5]-[#1])(-[#1:53])-[#1],"EVODEX.2.1-P1,EVODEX.2.1-P139,EVODEX.2.1-P34,EVODEX.2.1-P71,EVODEX.2.1-P77,EVODEX.2.1-P80",95006850840548232705553638244190727187356753586600461766847586953704529192991
EVODEX.2.1-C48,[#6:1]-[#6:2](-[#6:3])(-[#6:4])-[#1]>>[#6:1]-[#6:2](-[#6:3])(-[#6:4])-[#8]-[#1],"EVODEX.2.1-P195,EVODEX.2.1-P415,EVODEX.2.1-P449,EVODEX.2.1-P450,EVODEX.2.1-P581,EVODEX.2.1-P6081",69548189609848475979361868666060812645249890905980918325741263539738772080830
EVODEX.2.1-C246,[#6:2]=[#6:4](-[#6:5])-[#1]>>[#6:2]=[#6:4](-[#6:5])-[#6](-[#1])(-[#1])-[#1],"EVODEX.2.1-P1388,EVODEX.2.1-P2613,EVODEX.2.1-P2621,EVODEX.2.1-P2623,EVODEX.2.1-P2630,EVODEX.2.1-P2637",52288950140544925532802885423245951570300955447451332811718768978989459334027
EVODEX.2.1-C306,[#6:2]-[#8:3]-[#6](-[#6](-[#1])(-[#1])-[#1])=[#8]>>[#6:2]-[#8:3]-[#1],"EVODEX.2.1-P1620,EVODEX.2.1-P1785,EVODEX.2.1-P3530,EVODEX.2.1-P3596,EVODEX.2.1-P3644,EVODEX.2.1-P3657",29082743957763582669861678912473128062430887236943654446604957471252252091249
EVODEX.2.1-C655,[#6](-[#6]1:[#6](:[#6](=[#8]):[#8]:[#6]2:[#6](:[#6](-[#8:10]-[#6:11]):[#6](:[#6](:[#6]:1:2)-[#1])-[#1])-[#1])-[#1])(-[#1])(-[#1])-[#1]>>[#8:10](-[#6:11])-[#1],"EVODEX.2.1-P3456,EVODEX.2.1-P3941,EVODEX.2.1-P3977,EVODEX.2.1-P3979,EVODEX.2.1-P3983,EVODEX.2.1-P4012",3575445527681453902045111992390378116005981102138233118922667822373018551887
EVODEX.2.1-C1151,[#8:29]-[#15:30](=[#8:31])(-[#8:32])-[#8]-[#15](=[#8])(-[#8]-[#1])-[#8]-[#1].[#7:1](-[#6@@:2])(-[#1])-[#1].[#6:46]-[#6:52](=[#8:53])-[#8:54]-[#1]>>[#8:29]-[#15:30](=[#8:31])(-[#8:32])-[#8:54]-[#1].[#7:1](-[#6@@:2])(-[#6:52](-[#6:46])=[#8:53])-[#1],"EVODEX.2.1-P6375,EVODEX.2.1-P6490,EVODEX.2.1-P6502,EVODEX.2.1-P6694,EVODEX.2.1-P6710,EVODEX.2.1-P6775",13972821944631323154247873126856177297348813082327576533572124451648879377153
EVODEX.2.1-C1193,[#8:52]-[#15:53](=[#8:54])(-[#8:55])-[#8]-[#15](=[#8])(-[#8]-[#1])-[#8]-[#1].[#6:16]-[#6:17](=[#8:18])-[#8:19]-[#1]>>[#6:16]-[#6:17](=[#8:18])-[#7](-[#6@@](-[#6](-[#6](-[#6](=[#8])-[#8]-[#1])(-[#1])-[#1])(-[#1])-[#1])(-[#6](=[#8])-[#8]-[#1])-[#1])-[#1].[#8:19](-[#15:53](-[#8:52])(=[#8:54])-[#8:55])-[#1],"EVODEX.2.1-P6486,EVODEX.2.1-P6496,EVODEX.2.1-P6499,EVODEX.2.1-P6539,EVODEX.2.1-P6541,EVODEX.2.1-P6893",5030358367781486094467213853291141050951979012314843657372912837737575042584
EVODEX.2.1-C4,[#8:2]-[#6:3]1=[#6:4](-[#8:5])-[#6:7](=[#8:8])-[#6:9](-[#6:10])=[#6:15](-[#6:16])-[#6:17]-1=[#8:18]>>[#8:2]-[#6:3]1:[#6:4](-[#8:5]):[#6:7](-[#8:8]-[#1]):[#6:9](-[#6:10]):[#6:15](-[#6:16]):[#6:17]:1-[#8:18]-[#1],"EVODEX.2.1-P1321,EVODEX.2.1-P152,EVODEX.2.1-P157,EVODEX.2.1-P5,EVODEX.2.1-P918",44351532499408876091891177208151501631971379659340873528145558396074473675980
EVODEX.2.1-C5,[#6:7]-[#6:8](=[#8:9])-[#8]-[#6]1:[#6](:[#6](:[#6](-[#7&+](=[#8])-[#8&-]):[#6](:[#6]:1-[#1])-[#1])-[#1])-[#1]>>[#6:7]-[#6:8](=[#8:9])-[#8]-[#1],"EVODEX.2.1-P3935,EVODEX.2.1-P4073,EVODEX.2.1-P4692,EVODEX.2.1-P5043,EVODEX.2.1-P9",1709823561843342549178261371440358186446298582499715616291298561928211755709
EVODEX.2.1-C9,[#6:2]-[#6:4]1:[#6:5](:[#6:6](:[#6:7](:[#7&+:8](-[#6@@:9]):[#6:48]:1-[#1:87])-[#1:63])-[#1:62])-[#1:61].[#8:52]-[#6:53](-[#8:54]-[#1])(-[#6@@:55])-[#1]>>[#6:2]-[#6:4]1=[#6:48](-[#7:8](-[#6@@:9])-[#6:7](=[#6:6](-[#6:5]-1(-[#1:61])-[#1])-[#1:62])-[#1:63])-[#1:87].[#8:52]-[#6:53](=[#8:54])-[#6@@:55],"EVODEX.2.1-P15,EVODEX.2.1-P40,EVODEX.2.1-P58,EVODEX.2.1-P95,EVODEX.2.1-P96",9798127286960035219085618811395203591520944910620103334155104633263307138091
EVODEX.2.1-C10,[#8:48]-[#6:49](-[#8:50]-[#1])(-[#6:51])-[#1]>>[#8:48]-[#6:49](=[#8:50])-[#6:51],"EVODEX.2.1-P104,EVODEX.2.1-P16,EVODEX.2.1-P19,EVODEX.2.1-P4025,EVODEX.2.1-P5713",30868145203254645516405443994785381955697075598229015491357226390419293850850
EVODEX.2.1-C11,[#6:2]-[#6:4]1:[#6:5](:[#6:6](:[#6:7](:[#7&+:8](-[#6@@:9]):[#6:48]:1-[#1:89])-[#1:65])-[#1:64])-[#1:63].([#8:49]=[#6:50](-[#6@@:51])-[#1].[#8:58](-[#6@@:57])-[#1])>>[#6:2]-[#6:4]1=[#6:48](-[#7:8](-[#6@@:9])-[#6:7](=[#6:6](-[#6:5]-1(-[#1:63])-[#1])-[#1:64])-[#1:65])-[#1:89].[#8:49]=[#6:50](-[#6@@:51])-[#8:58]-[#6@:57],"EVODEX.2.1-P17,EVODEX.2.1-P18,EVODEX.2.1-P21,EVODEX.2.1-P39,EVODEX.2.1-P61",11626262747955062466407439164662839492128453416139292304849439133840150718272
EVODEX.2.1-C12,[#7&+:31]1(-[#6@@:30]):[#6:32](:[#6:33](:[#6:34](:[#6:35](-[#6:36]):[#6:39]:1-[#1:88])-[#1:85])-[#1:84])-[#1:83]>>[#7:31]1(-[#6@@:30])-[#6:32](=[#6:33](-[#6:34](-[#6:35](-[#6:36])=[#6:39]-1-[#1:88])(-[#1:85])-[#1])-[#1:84])-[#1:83],"EVODEX.2.1-P1008,EVODEX.2.1-P182,EVODEX.2.1-P20,EVODEX.2.1-P754,EVODEX.2.1-P93",60135724680032353493853943652763277622005138547885090475096829890146923610229
EVODEX.2.1-C13,[#6:2]-[#6:4]1=[#6:5](-[#7:6](-[#6@@:7])-[#6:42](=[#6:43](-[#6:44]-1(-[#1:82])-[#1])-[#1:81])-[#1:80])-[#1:57].[#6:49]-[#8:50]-[#6:51](=[#8:52])-[#6@:53]>>[#6:2]-[#6:4]1:[#6:5](:[#7&+:6](-[#6@@:7]):[#6:42](:[#6:43](:[#6:44]:1-[#1:82])-[#1:81])-[#1:80])-[#1:57].([#6:49]-[#8:50]-[#1].[#6:51](-[#6@@:53])(=[#8:52])-[#1]),"EVODEX.2.1-P22,EVODEX.2.1-P38,EVODEX.2.1-P60,EVODEX.2.1-P62,EVODEX.2.1-P86",82832755568876003363288201880315723570477883424229642625602663747911190460916
EVODEX.2.1-C14,[#6:41]-[#6:43]1=[#6:44](-[#7:45](-[#6@@:46])-[#6:81](=[#6:82](-[#6:83]-1(-[#1:155])-[#1])-[#1:154])-[#1:153])-[#1:130].[#6:85]-[#6:87]1=[#6:88](-[#7:89](-[#6@@:90])-[#6:125](=[#6:126](-[#6:127]-1(-[#1:184])-[#1])-[#1:183])-[#1:182])-[#1:159].[#6:28](-[#6@:27])(=[#8])-[#8:30]>>[#6:41]-[#6:43]1:[#6:44](:[#7&+:45](-[#6@@:46]):[#6:81](:[#6:82](:[#6:83]:1-[#1:155])-[#1:154])-[#1:153])-[#1:130].[#6:85]-[#6:87]1:[#6:88](:[#7&+:89](-[#6@@:90]):[#6:125](:[#6:126](:[#6:127]:1-[#1:184])-[#1:183])-[#1:182])-[#1:159].[#6:28](-[#6@:27])(-[#8:30])(-[#1])-[#1],"EVODEX.2.1-P23,EVODEX.2.1-P763,EVODEX.2.1-P779,EVODEX.2.1-P827,EVODEX.2.1-P874",85877690705482835716054213531072597316734574587407159851133296736318829430831
EVODEX.2.1-C15,[#6:28](-[#6@:27])(=[#8])-[#8:30]>>[#6:28](-[#6@:27])(-[#8:30])(-[#1])-[#1],"EVODEX.2.1-P24,EVODEX.2.1-P768,EVODEX.2.1-P780,EVODEX.2.1-P781,EVODEX.2.1-P862",37075968782416967291622166932321084040580177301573375718111056722130819701038
EVODEX.2.1-C18,[#6:9]-[#6:10](=[#8:11])-[#8:12]>>[#6:9]-[#6:10](-[#8:12])(-[#1])-[#1].[#8:11](-[#1])-[#1],"EVODEX.2.1-P52,EVODEX.2.1-P778,EVODEX.2.1-P782,EVODEX.2.1-P783,EVODEX.2.1-P824",99192994637493012286012898003513343824642595403061410485609985758151297525579
EVODEX.2.1-C19,[#6:27]-[#6:28](-[#8:29])(-[#1])-[#1].[#8:118](-[#1])-[#1]>>[#6:27]-[#6:28](-[#8:29])=[#8:118],"EVODEX.2.1-P53,EVODEX.2.1-P764,EVODEX.2.1-P765,EVODEX.2.1-P775,EVODEX.2.1-P776",46365950712874601554465938044106396352830216894420721422485788751160082009907
EVODEX.2.1-C20,[#6:13]-[#6:14](=[#8:15])-[#8:16].[#6:62]-[#6:64]1=[#6:65](-[#7:66](-[#6@@:67])-[#6:102](=[#6:103](-[#6:104]-1(-[#1:189])-[#1])-[#1:188])-[#1:187])-[#1:164]>>[#6:13]-[#6:14](-[#8:16])(-[#1])-[#1].[#6:62]-[#6:64]1:[#6:65](:[#7&+:66](-[#6@@:67]):[#6:102](:[#6:103](:[#6:104]:1-[#1:189])-[#1:188])-[#1:187])-[#1:164].[#8:15](-[#1])-[#1],"EVODEX.2.1-P54,EVODEX.2.1-P55,EVODEX.2.1-P784,EVODEX.2.1-P785,EVODEX.2.1-P787",26597237960609110184566385222904904176662285858490599312326895648832849299278
EVODEX.2.1-C21,[#6:1]-[#6:2](=[#8:3])-[#16:4]-[#6:5]>>[#6:1]-[#6:2](=[#8:3])-[#1].[#16:4](-[#6:5])-[#1],"EVODEX.2.1-P59,EVODEX.2.1-P720,EVODEX.2.1-P837,EVODEX.2.1-P860,EVODEX.2.1-P868",7992935377119924900636702267395383725761829318771133173638097268532318341379
EVODEX.2.1-C22,[#6:2]-[#6:4]1:[#6:5](:[#6:6](:[#6:7](:[#7&+:8](-[#6@@:9]):[#6:44]:1-[#1:85])-[#1:62])-[#1:61])-[#1:60].[#6:48]-[#6:49](-[#6:50](=[#8:51])-[#8:52]-[#1])(-[#6:53](-[#8:54]-[#1])(-[#6:55])-[#1])-[#1:89]>>[#6:50](=[#8:51])=[#8:52].[#6:2]-[#6:4]1=[#6:44](-[#7:8](-[#6@@:9])-[#6:7](=[#6:6](-[#6:5]-1(-[#1:60])-[#1])-[#1:61])-[#1:62])-[#1:85].[#6:48]-[#6:49](-[#6:53](=[#8:54])-[#6:55])(-[#1:89])-[#1],"EVODEX.2.1-P100,EVODEX.2.1-P102,EVODEX.2.1-P73,EVODEX.2.1-P74,EVODEX.2.1-P98",46644673236697619219948482948694362969935804164636569730282507307160241451286
EVODEX.2.1-C23,[#6:2]-[#6:4]1:[#6:5](:[#6:6](:[#6:7](:[#7&+:8](-[#6@@:9]):[#6:44]:1-[#1:86])-[#1:63])-[#1:62])-[#1:61].[#6:49]-[#6@:50](-[#6](=[#8])-[#8]-[#1])(-[#6@@:54](-[#8:55]-[#1])(-[#6:56])-[#1])-[#1:92]>>[#6:2]-[#6:4]1=[#6:44](-[#7:8](-[#6@@:9])-[#6:7](=[#6:6](-[#6:5]-1(-[#1:61])-[#1])-[#1:62])-[#1:63])-[#1:86].[#6:49]-[#6:50](-[#6:54](=[#8:55])-[#6:56])(-[#1:92])-[#1],"EVODEX.2.1-P101,EVODEX.2.1-P75,EVODEX.2.1-P76,EVODEX.2.1-P97,EVODEX.2.1-P99",51095806162567665056502609515569978001311998975114894612911904231229781865781
EVODEX.2.1-C24,[#6](-[#6](-[#6](-[#1])(-[#1])-[#1])(-[#6](-[#8]-[#15](=[#8])(-[#8]-[#1])-[#8]-[#15](=[#8])(-[#8]-[#1])-[#8]-[#6](-[#6@]1(-[#8]-[#6@@](-[#7]2:[#6](:[#7]:[#6]3:[#6](-[#7](-[#1])-[#1]):[#7]:[#6](:[#7]:[#6]:2:3)-[#1])-[#1])(-[#6@](-[#8]-[#1])(-[#6@@]-1(-[#8]-[#15](=[#8])(-[#8]-[#1])-[#8]-[#1])-[#1])-[#1])-[#1])-[#1])(-[#1])-[#1])(-[#1])-[#1])-[#6@@](-[#8]-[#1])(-[#6](=[#8])-[#7](-[#6](-[#6](-[#6](=[#8])-[#7](-[#6](-[#6](-[#16]-[#6:49](=[#8:50])-[#6:51])(-[#1])-[#1])(-[#1])-[#1])-[#1])(-[#1])-[#1])(-[#1])-[#1])-[#1])-[#1])(-[#1])(-[#1])-[#1]>>[#6:49](-[#8:50]-[#1])(-[#6:51])(-[#1])-[#1],"EVODEX.2.1-P724,EVODEX.2.1-P81,EVODEX.2.1-P834,EVODEX.2.1-P863,EVODEX.2.1-P867",16191715011312416523902889061432897546465552540479691235591815681221663145472
EVODEX.2.1-C25,[#6:52]-[#6:53](-[#8:54]-[#1])(-[#1])-[#1].[#6:108]-[#6:110]1:[#6:111](:[#6:112](:[#6:113](:[#7&+:114](-[#6@@:115]):[#6:154]:1-[#1:231])-[#1:207])-[#1:206])-[#1:205].[#6:60]-[#6:62]1:[#6:63](:[#6:64](:[#6:65](:[#7&+:66](-[#6@@:67]):[#6:106]:1-[#1:260])-[#1:236])-[#1:235])-[#1:234]>>[#6](-[#6](-[#6](-[#1])(-[#1])-[#1])(-[#6](-[#8]-[#15](=[#8])(-[#8]-[#1])-[#8]-[#15](=[#8])(-[#8]-[#1])-[#8]-[#6](-[#6@]1(-[#8]-[#6@@](-[#7]2:[#6](:[#7]:[#6]3:[#6](-[#7](-[#1])-[#1]):[#7]:[#6](:[#7]:[#6]:2:3)-[#1])-[#1])(-[#6@](-[#8]-[#1])(-[#6@@]-1(-[#8]-[#15](=[#8])(-[#8]-[#1])-[#8]-[#1])-[#1])-[#1])-[#1])-[#1])(-[#1])-[#1])(-[#1])-[#1])-[#6@@](-[#8]-[#1])(-[#6](=[#8])-[#7](-[#6](-[#6](-[#6](=[#8])-[#7](-[#6](-[#6](-[#16]-[#6:53](-[#6:52])=[#8:54])(-[#1])-[#1])(-[#1])-[#1])-[#1])(-[#1])-[#1])(-[#1])-[#1])-[#1])-[#1])(-[#1])(-[#1])-[#1].[#6:108]-[#6:110]1=[#6:154](-[#7:114](-[#6@@:115])-[#6:113](=[#6:112](-[#6:111]-1(-[#1:205])-[#1])-[#1:206])-[#1:207])-[#1:231].[#6:60]-[#6:62]1=[#6:106](-[#7:66](-[#6@@:67])-[#6:65](=[#6:64](-[#6:63]-1(-[#1:234])-[#1])-[#1:235])-[#1:236])-[#1:260],"EVODEX.2.1-P716,EVODEX.2.1-P82,EVODEX.2.1-P842,EVODEX.2.1-P845,EVODEX.2.1-P861",2518156026890453418951562227241399912858123388541561110676524315658518000849
EVODEX.2.1-C29,[#6:2]-[#6:3](-[#8:4]-[#1])(-[#1:12])-[#1].[#8:5]=[#8:6]>>[#6:2]-[#6:3](=[#8:4])-[#1:12].[#8:5](-[#8:6]-[#1])-[#1],"EVODEX.2.1-P112,EVODEX.2.1-P113,EVODEX.2.1-P114,EVODEX.2.1-P138,EVODEX.2.1-P142",107720401821464764681704991327219787525303126083376264429350203587128671972782
EVODEX.2.1-C30,[#6:4]-[#6@:5](-[#8:6])(-[#6](=[#8])-[#8]-[#1])-[#1]>>[#6:4]-[#6:5](-[#8:6])=[#8],"EVODEX.2.1-P115,EVODEX.2.1-P276,EVODEX.2.1-P481,EVODEX.2.1-P659,EVODEX.2.1-P685",44328167083343256844918273856490462686460936772836386272325342908557541069441
EVODEX.2.1-C32,[#8:1]=[#8:2].[#6:16](-[#6@:15])(-[#8:17])(-[#1])-[#1]>>[#8:1]=[#6:16](-[#6@:15])-[#8:17].[#8:2](-[#1])-[#1],"EVODEX.2.1-P128,EVODEX.2.1-P129,EVODEX.2.1-P131,EVODEX.2.1-P132,EVODEX.2.1-P134",25586342623718688097952050329887616936701146092213470713180568265688956123313
EVODEX.2.1-C33,[#8:1]=[#8].[#6:15](-[#6@:14])(-[#8:16])(-[#1])-[#1]>>[#8:1]=[#6:15](-[#6@:14])-[#8:16],"EVODEX.2.1-P130,EVODEX.2.1-P133,EVODEX.2.1-P136,EVODEX.2.1-P399,EVODEX.2.1-P620",59752937679928961455271635099486738133481488992192661953967747051115413235141
EVODEX.2.1-C34,[#6:15](-[#6@@:14])(-[#8:16])(-[#1])-[#1]>>[#6:15](-[#6@@:14])(-[#8:16])=[#8],"EVODEX.2.1-P135,EVODEX.2.1-P622,EVODEX.2.1-P712,EVODEX.2.1-P777,EVODEX.2.1-P786",14536949284179725652720954401544448665627205362811343844197368444153637501029
EVODEX.2.1-C35,[#6:1](-[#6:2])(-[#1:12])(-[#1])-[#1]>>[#6:1](-[#6:2])(=[#8])-[#1:12],"EVODEX.2.1-P137,EVODEX.2.1-P253,EVODEX.2.1-P536,EVODEX.2.1-P583,EVODEX.2.1-P657",66941863077176758523076993703477283754652075819230444061994202224142115580853
EVODEX.2.1-C37,[#8:8](-[#6@@:7](-[#6@@:5])(-[#6@:9])-[#1])-[#1].[#6:18]:[#6:22]1:[#6:23](:[#7:24])-[#6:25](=[#8:26])-[#6:27](=[#8:28])-[#6:29](:[#6:30]):[#6:36]-1:[#7:35]>>[#6:7](-[#6@@:5])(=[#8:8])-[#6@:9].[#6:18]:[#6:22]1:[#6:23](:[#7:24]):[#6:25](-[#8:26]-[#1]):[#6:27](-[#8:28]-[#1]):[#6:29](:[#6:30]):[#6:36]:1:[#7:35],"EVODEX.2.1-P147,EVODEX.2.1-P168,EVODEX.2.1-P169,EVODEX.2.1-P170,EVODEX.2.1-P171",38944395359277756679504805677525213943214353358125831556767178417050708293032
EVODEX.2.1-C38,[#8:2]-[#6:3]1=[#6:4](-[#8:5])-[#6:7](=[#8:8])-[#6:9](-[#6:10])=[#6:60](-[#6:61])-[#6:62]-1=[#8:63].[#8:72]-[#6:73](-[#8:74]-[#1])(-[#6@@:75])-[#1]>>[#8:2]-[#6:3]1:[#6:4](-[#8:5]):[#6:7](-[#8:8]-[#1]):[#6:9](-[#6:10]):[#6:60](-[#6:61]):[#6:62]:1-[#8:63]-[#1].[#8:72]-[#6:73](=[#8:74])-[#6@@:75],"EVODEX.2.1-P148,EVODEX.2.1-P149,EVODEX.2.1-P151,EVODEX.2.1-P154,EVODEX.2.1-P177",114625249173909130919447126671375345056582994459090571860451713120545493212388
EVODEX.2.1-C39,[#8:1]=[#6:2]1-[#6:3](=[#6:4](-[#6:5](=[#7:6]-[#6:7])-[#6:16](=[#6:17]-1-[#1:34])-[#1:33])-[#1:29])-[#1:28].[#8:18](-[#6:19](-[#8:20])(-[#6@:26])-[#1])-[#1]>>[#8:18]=[#6:19](-[#8:20])-[#6@:26].[#8:1](-[#6:2]1:[#6:3](:[#6:4](:[#6:5](-[#7:6](-[#6:7])-[#1]):[#6:16](:[#6:17]:1-[#1:34])-[#1:33])-[#1:29])-[#1:28])-[#1],"EVODEX.2.1-P153,EVODEX.2.1-P178,EVODEX.2.1-P179,EVODEX.2.1-P180,EVODEX.2.1-P181",56743612403517145231298685005208274904943503260153408770486645735110411540974
EVODEX.2.1-C40,[#6:1]-[#6:2](-[#8:3]-[#1])(-[#1:70])-[#1].[#8:5]-[#6:6]1=[#6:7](-[#8:8])-[#6:10](=[#8:11])-[#6:12](-[#6:13])=[#6:63](-[#6:64])-[#6:65]-1=[#8:66]>>[#6:1]-[#6:2](=[#8:3])-[#1:70].[#8:5]-[#6:6]1:[#6:7](-[#8:8]):[#6:10](-[#8:11]-[#1]):[#6:12](-[#6:13]):[#6:63](-[#6:64]):[#6:65]:1-[#8:66]-[#1],"EVODEX.2.1-P162,EVODEX.2.1-P163,EVODEX.2.1-P164,EVODEX.2.1-P165,EVODEX.2.1-P166",62548547109438025092020020056326754301452042157956626044167950705518130876943
EVODEX.2.1-C41,[#8](-[#6@@:25](-[#6@@:6])(-[#6@@:23])-[#1:47])-[#1]>>[#6:25](-[#6@@:6])(-[#6@@:23])(-[#1:47])-[#1],"EVODEX.2.1-P172,EVODEX.2.1-P173,EVODEX.2.1-P267,EVODEX.2.1-P268,EVODEX.2.1-P707",82543473839625388216710905407632244959728355845219187796140139514168396071843
EVODEX.2.1-C42,[#8:2]-[#6:3]1:[#6:4](-[#8:5]-[#1]):[#6:6](-[#6:7]):[#6:8](-[#6:9]):[#6:19](-[#8:20]-[#1]):[#6:21]:1-[#8:22].[#6:25]-[#6:27]1:[#6:28](:[#6:29](:[#6:30](:[#7&+:31](-[#6@@:32]):[#6:41]:1-[#1:84])-[#1:74])-[#1:73])-[#1:72]>>[#8:2]-[#6:3]1=[#6:21](-[#8:22])-[#6:19](=[#8:20])-[#6:8](-[#6:9])=[#6:6](-[#6:7])-[#6:4]-1=[#8:5].[#6:25]-[#6:27]1=[#6:41](-[#7:31](-[#6@@:32])-[#6:30](=[#6:29](-[#6:28]-1(-[#1:72])-[#1])-[#1:73])-[#1:74])-[#1:84],"EVODEX.2.1-P1316,EVODEX.2.1-P1318,EVODEX.2.1-P1319,EVODEX.2.1-P1320,EVODEX.2.1-P183",82660101716687262343310655824128544000376006235567093528634490420298262708501
EVODEX.2.1-C43,[#6:7]-[#16:8]-[#6:9].[#8](-[#8:15]-[#1])-[#1]>>[#6:7]-[#16@@:8](-[#6:9])=[#8:15],"EVODEX.2.1-P184,EVODEX.2.1-P186,EVODEX.2.1-P187,EVODEX.2.1-P188,EVODEX.2.1-P545",97797455154442409920995069168001835695227156133027190184564210102121374559769
EVODEX.2.1-C44,[#6:7]-[#16:8]-[#6:9]>>[#6:7]-[#16@@:8](-[#6:9])=[#8],"EVODEX.2.1-P185,EVODEX.2.1-P189,EVODEX.2.1-P416,EVODEX.2.1-P562,EVODEX.2.1-P568",6682403123081896732357650502270010243080532826443864574536040965969801617741
EVODEX.2.1-C46,[#6:24](-[#6@:22])(-[#6:25])(-[#6:26])-[#1].[#8:30](-[#8:31]-[#1])-[#1]>>[#6:24](-[#6@:22])(-[#6:25])(-[#6:26])-[#8:30]-[#1].[#8:31](-[#1])-[#1],"EVODEX.2.1-P191,EVODEX.2.1-P194,EVODEX.2.1-P580,EVODEX.2.1-P582,EVODEX.2.1-P611",106967939233731777223696159762433341978404803031930010866101138904825787652752
EVODEX.2.1-C47,[#6:24](-[#6@:22])(-[#6:25])(-[#6:26])-[#1].[#8:30](-[#8]-[#1])-[#1]>>[#6:24](-[#6@:22])(-[#6:25])(-[#6:26])-[#8:30]-[#1],"EVODEX.2.1-P192,EVODEX.2.1-P193,EVODEX.2.1-P579,EVODEX.2.1-P610,EVODEX.2.1-P706",25275613411175569962682211097761475997601042810773197330367619247962447977325
EVODEX.2.1-C51,[#6:25]/[#6:26](=[#6:27](\[#6:28](-[#6:29])(-[#1:90])-[#1])-[#1:89])-[#1:88]>>[#6:25]-[#6:26](-[#6:27](=[#6:28](-[#6:29])-[#1:90])-[#1:89])(-[#8]-[#8]-[#1])-[#1:88],"EVODEX.2.1-P201,EVODEX.2.1-P203,EVODEX.2.1-P204,EVODEX.2.1-P206,EVODEX.2.1-P208",74538571424800635128973084748414557726885959297056934635261525789917309126586
EVODEX.2.1-C52,[#6:13]-[#6:14](/[#6:15](=[#6:16](\[#6:17])-[#1:76])-[#1:75])(-[#1:73])-[#1].[#8:49]=[#8:50]>>[#6:13]/[#6:14](=[#6:15](/[#6@:16](-[#6:17])(-[#8:49]-[#8:50]-[#1])-[#1:76])-[#1:75])-[#1:73],"EVODEX.2.1-P202,EVODEX.2.1-P207,EVODEX.2.1-P209,EVODEX.2.1-P210,EVODEX.2.1-P211",78207127327918978677320132899157630860622904844825563312862358796089427318636
EVODEX.2.1-C53,[#6:7]-[#6@:8](-[#7:9])(-[#6:10](=[#8:11])-[#8:12]-[#1])-[#1].[#8:13]=[#8]>>[#6:10](=[#8:11])=[#8:12].[#6:7]-[#6:8](-[#7:9])=[#8:13],"EVODEX.2.1-P214,EVODEX.2.1-P222,EVODEX.2.1-P227,EVODEX.2.1-P230,EVODEX.2.1-P237",36292209008255522320429569813937735172489990531929919941487187657212151052102
EVODEX.2.1-C54,[#6:7]-[#6@:8](-[#7:9])(-[#6](=[#8])-[#8]-[#1])-[#1].[#8:13]=[#8:14]>>[#6:7]-[#6:8](-[#7:9])=[#8:13].[#8:14](-[#1])-[#1],"EVODEX.2.1-P215,EVODEX.2.1-P223,EVODEX.2.1-P224,EVODEX.2.1-P232,EVODEX.2.1-P240",18898762160915057629334418551092169086663860074353134056791210088114427581700
EVODEX.2.1-C55,[#6:7]-[#6@:8](-[#7:9])(-[#6:10](=[#8:11])-[#8:12]-[#1])-[#1]>>[#6:10](=[#8:11])=[#8:12].[#6:7]-[#6:8](-[#7:9])=[#8],"EVODEX.2.1-P216,EVODEX.2.1-P221,EVODEX.2.1-P239,EVODEX.2.1-P241,EVODEX.2.1-P243",101162407395405129112072651554890122917849794882279964405540841975973459477083
EVODEX.2.1-C56,[#6:7]-[#6@:8](-[#7:9])(-[#6](=[#8])-[#8]-[#1])-[#1]>>[#6:7]-[#6:8](-[#7:9])=[#8],"EVODEX.2.1-P217,EVODEX.2.1-P219,EVODEX.2.1-P231,EVODEX.2.1-P234,EVODEX.2.1-P242",822344986088086809471658032332042358003271024150769707925409985048501108253
EVODEX.2.1-C57,[#6:8]-[#6@:9](-[#7:10])(-[#6:11](=[#8:12])-[#8:13]-[#1])-[#1].[#8:14]=[#8:15]>>[#6:11](=[#8:12])=[#8:13].[#6:8]-[#6:9](-[#7:10])=[#8:14].[#8:15](-[#1])-[#1],"EVODEX.2.1-P218,EVODEX.2.1-P226,EVODEX.2.1-P229,EVODEX.2.1-P236,EVODEX.2.1-P244",45212944655417620100518875507806923357529658397004365696900780083766682011534
EVODEX.2.1-C59,[#6:6]-[#6@:7](-[#7:8])(-[#6](=[#8])-[#8]-[#1])-[#1].[#8:12]=[#8]>>[#6:6]-[#6:7](-[#7:8])=[#8:12],"EVODEX.2.1-P225,EVODEX.2.1-P228,EVODEX.2.1-P233,EVODEX.2.1-P235,EVODEX.2.1-P238",66759596668418869533204353189420594640539704519139857603766108763984981421603
EVODEX.2.1-C60,[#8]=[#6](-[#8]-[#1])-[#6:4](-[#8:5])(-[#6:6])-[#1].[#8:8]=[#8]>>[#6:4](-[#8:5])(-[#6:6])=[#8:8],"EVODEX.2.1-P245,EVODEX.2.1-P254,EVODEX.2.1-P480,EVODEX.2.1-P482,EVODEX.2.1-P660",60669289953314153923399276852693774950612855796936852196421423975262594005868
EVODEX.2.1-C63,[#6:47]-[#16:48]-[#1].[#8:80]=[#6:81](-[#8]-[#1])-[#6@@:83]>>[#6:47]-[#16:48]-[#6:81](=[#8:80])-[#6@@:83],"EVODEX.2.1-P248,EVODEX.2.1-P6199,EVODEX.2.1-P6273,EVODEX.2.1-P6294,EVODEX.2.1-P6302",75078904576088930265664753000194736038844674861963514887627012415966364547513
EVODEX.2.1-C65,[#6:47]-[#16:48]-[#1].[#6:59]-[#6:60](=[#8:61])-[#8:62]-[#1].[#8:77]-[#15:78](=[#8:79])(-[#8:80])-[#8]-[#15](=[#8])(-[#8]-[#1])-[#8]-[#15](=[#8])(-[#8]-[#1])-[#8]-[#1]>>[#6:47]-[#16:48]-[#6:60](-[#6:59])=[#8:61].[#8:62](-[#15:78](-[#8:77])(=[#8:79])-[#8:80])-[#1],"EVODEX.2.1-P250,EVODEX.2.1-P6228,EVODEX.2.1-P6301,EVODEX.2.1-P6334,EVODEX.2.1-P6367",112913196643606072599521366494238683182604762554992379929916732503145466870610
EVODEX.2.1-C74,[#7:113]-[#6:114](-[#6:115])(-[#1:240])-[#1].[#6:138]-[#6:139](=[#8:140])-[#6:141](=[#8:142])-[#8:143]-[#1].[#8:144]=[#8:145]>>[#6:141](=[#8:142])=[#8:143].[#7:113]-[#6:114](-[#8:144]-[#1])(-[#6:115])-[#1:240].[#6:138]-[#6:139](=[#8:140])-[#8:145]-[#1],"EVODEX.2.1-P352,EVODEX.2.1-P355,EVODEX.2.1-P359,EVODEX.2.1-P370,EVODEX.2.1-P699",49567120930440329156356395405916502728015490415617111965246311183114312481668
EVODEX.2.1-C75,[#7:113]-[#6:114](-[#6:115])(-[#1:240])-[#1].[#8:144]=[#8:145]>>[#7:113]-[#6:114](-[#8:144]-[#1])(-[#6:115])-[#1:240].[#8]=[#6](-[#8]-[#1])-[#6](-[#6](-[#6](=[#8])-[#8:145]-[#1])(-[#1])-[#1])(-[#1])-[#1],"EVODEX.2.1-P353,EVODEX.2.1-P361,EVODEX.2.1-P388,EVODEX.2.1-P393,EVODEX.2.1-P698",94856859913940911877208267247802919546859019361816406997197412435561813213904
EVODEX.2.1-C76,[#7:113]-[#6:114](-[#6:115])(-[#1:240])-[#1].[#6:138]-[#6:139](=[#8:140])-[#6:141](=[#8:142])-[#8:143]-[#1]>>[#6:141](=[#8:142])=[#8:143].[#7:113]-[#6:114](-[#8]-[#1])(-[#6:115])-[#1:240].[#6:138]-[#6:139](=[#8:140])-[#8]-[#1],"EVODEX.2.1-P354,EVODEX.2.1-P362,EVODEX.2.1-P372,EVODEX.2.1-P376,EVODEX.2.1-P383",7531593969637278217271664459958550373006383273898676281414061490678651202895
EVODEX.2.1-C77,[#7:25]-[#6:26](-[#6:27])(-[#1:227])-[#1].[#8]=[#6](-[#8]-[#1])-[#6](-[#6](-[#6](=[#8])-[#6:198](=[#8:199])-[#8:200]-[#1])(-[#1])-[#1])(-[#1])-[#1].[#8:201]=[#8]>>[#6:198](=[#8:199])=[#8:200].[#7:25]-[#6:26](-[#8:201]-[#1])(-[#6:27])-[#1:227],"EVODEX.2.1-P356,EVODEX.2.1-P360,EVODEX.2.1-P371,EVODEX.2.1-P374,EVODEX.2.1-P423",46673636675126717756366383456966078125565374745303615806784838069691106395597
EVODEX.2.1-C78,[#7:25]-[#6:26](-[#6:27])(-[#1:227])-[#1].[#6:195]-[#6:196](=[#8:197])-[#6](=[#8])-[#8]-[#1].[#8:201]=[#8:202]>>[#7:25]-[#6:26](-[#8:201]-[#1])(-[#6:27])-[#1:227].[#6:195]-[#6:196](=[#8:197])-[#8:202]-[#1],"EVODEX.2.1-P357,EVODEX.2.1-P375,EVODEX.2.1-P382,EVODEX.2.1-P424,EVODEX.2.1-P700",35970663776487441626422357896893940152336128821229124696420999154484624248010
EVODEX.2.1-C80,[#6:116]-[#6:117](-[#16:118])(-[#1:287])-[#1]>>[#6:116]-[#6:117](-[#16:118])(-[#8]-[#1])-[#1:287],"EVODEX.2.1-P366,EVODEX.2.1-P414,EVODEX.2.1-P612,EVODEX.2.1-P614,EVODEX.2.1-P617",114384527276740837569614941440367831299126239955582386626199487639753527087249
EVODEX.2.1-C81,[#7:148]-[#6:149](-[#6:150])(-[#1:361])-[#1].[#8]=[#6](-[#8]-[#1])-[#6](-[#6](-[#6](=[#8])-[#6:233](=[#8:234])-[#8:235]-[#1])(-[#1])-[#1])(-[#1])-[#1]>>[#6:233](=[#8:234])=[#8:235].[#7:148]-[#6:149](-[#8]-[#1])(-[#6:150])-[#1:361],"EVODEX.2.1-P373,EVODEX.2.1-P377,EVODEX.2.1-P384,EVODEX.2.1-P394,EVODEX.2.1-P425",9170550060439071575504644798475964725993424292881777128105889210491210431924
EVODEX.2.1-C82,[#7:65]-[#6:66](-[#6:67])(-[#1:213])-[#1].[#6:144]-[#6:145](=[#8:146])-[#6](=[#8])-[#8]-[#1]>>[#7:65]-[#6:66](-[#8]-[#1])(-[#6:67])-[#1:213].[#6:144]-[#6:145](=[#8:146])-[#8]-[#1],"EVODEX.2.1-P378,EVODEX.2.1-P390,EVODEX.2.1-P396,EVODEX.2.1-P426,EVODEX.2.1-P701",77128943696886532849944574902724942168066272845279941788472128977216118350273
EVODEX.2.1-C85,[#6:6](-[#6@:5])(-[#16:7])(-[#1:30])-[#1].[#8:21]=[#8]>>[#6:6](-[#6@:5])(-[#16:7])(-[#8:21]-[#1])-[#1:30],"EVODEX.2.1-P413,EVODEX.2.1-P613,EVODEX.2.1-P615,EVODEX.2.1-P616,EVODEX.2.1-P623",79172073557461319022118878442703242643052099516064004218703647563809105222966
EVODEX.2.1-C86,[#6:8]-[#6:9](-[#8:10]-[#16:11])(-[#1:44])-[#1]>>[#6:8]-[#6:9](=[#8])-[#1:44].[#8:10](-[#16:11])-[#1],"EVODEX.2.1-P3830,EVODEX.2.1-P3858,EVODEX.2.1-P430,EVODEX.2.1-P431,EVODEX.2.1-P432",46736160944505701727883657756622404652466097900198880350178224568344593270737
EVODEX.2.1-C90,[#6:6]-[#6@@:7](-[#6:8])(-[#6:9](=[#8:10])-[#6:11])-[#1:72].[#6:13]-[#6:15]1=[#6:16](-[#7:17](-[#6@@:18])-[#6:57](=[#6:58](-[#6:59]-1(-[#1:106])-[#1])-[#1:105])-[#1:104])-[#1:80].[#8:60]=[#8:61]>>[#6:6]-[#6@@:7](-[#6:8])(-[#8:61]-[#6:9](=[#8:10])-[#6:11])-[#1:72].[#6:13]-[#6:15]1:[#6:16](:[#7&+:17](-[#6@@:18]):[#6:57](:[#6:58](:[#6:59]:1-[#1:106])-[#1:105])-[#1:104])-[#1:80].[#8:60](-[#1])-[#1],"EVODEX.2.1-P444,EVODEX.2.1-P446,EVODEX.2.1-P465,EVODEX.2.1-P477,EVODEX.2.1-P484",45946735677296588895627324041211791883585456568998968187998230183052482249817
EVODEX.2.1-C91,[#6:6]-[#6@@:7](-[#6:8])(-[#6:9](=[#8:10])-[#6:11])-[#1:72]>>[#6:6]-[#6@@:7](-[#6:8])(-[#8]-[#6:9](=[#8:10])-[#6:11])-[#1:72],"EVODEX.2.1-P445,EVODEX.2.1-P466,EVODEX.2.1-P491,EVODEX.2.1-P499,EVODEX.2.1-P501",13823518911318609131514865415252626977817978133783424273371547739171689540179
EVODEX.2.1-C92,[#6:2]-[#6@:4](-[#6:5])(-[#6:10](-[#6:9])=[#8:11])-[#1:69].[#8:60]=[#8:61]>>[#6:2]-[#6@:4](-[#6:5])(-[#8:61]-[#6:10](-[#6:9])=[#8:11])-[#1:69].[#8:60](-[#1])-[#1],"EVODEX.2.1-P447,EVODEX.2.1-P469,EVODEX.2.1-P473,EVODEX.2.1-P476,EVODEX.2.1-P493",74387519984934426498811108871512060803593453349992175537130487146799372723843
EVODEX.2.1-C93,[#6:2]-[#6:7](-[#6:6](-[#6:5])(-[#1:69])-[#1:70])=[#8:8].[#8:57]=[#8:58]>>[#6:2]-[#6:7](-[#8:58]-[#6:6](-[#6:5])(-[#1:69])-[#1:70])=[#8:8].[#8:57](-[#1])-[#1],"EVODEX.2.1-P452,EVODEX.2.1-P456,EVODEX.2.1-P458,EVODEX.2.1-P498,EVODEX.2.1-P505",76941834345305812181899783592195850140237850207865764873467061331824742034258
EVODEX.2.1-C94,[#6:2]-[#6:4]1=[#6:5](-[#7:6](-[#6@@:7])-[#6:46](=[#6:47](-[#6:48]-1(-[#1:87])-[#1])-[#1:86])-[#1:85])-[#1:61].[#8:49]=[#6:50](-[#6:51](-[#6:52])(-[#1:89])-[#1:90])-[#6:56]>>[#6:2]-[#6:4]1:[#6:5](:[#7&+:6](-[#6@@:7]):[#6:46](:[#6:47](:[#6:48]:1-[#1:87])-[#1:86])-[#1:85])-[#1:61].[#8:49]=[#6:50](-[#6:56])-[#8]-[#6:51](-[#6:52])(-[#1:89])-[#1:90],"EVODEX.2.1-P453,EVODEX.2.1-P459,EVODEX.2.1-P495,EVODEX.2.1-P503,EVODEX.2.1-P504",78404837200994097814469656744700823342257121340668852060285876575114660436786
EVODEX.2.1-C95,[#8:49]=[#6:50](-[#6:51](-[#6:52])(-[#1:89])-[#1:90])-[#6:56].[#8]=[#8:58]>>[#8:49]=[#6:50](-[#6:56])-[#8:58]-[#6:51](-[#6:52])(-[#1:89])-[#1:90],"EVODEX.2.1-P454,EVODEX.2.1-P463,EVODEX.2.1-P489,EVODEX.2.1-P496,EVODEX.2.1-P574",89515741820235831798340281115791332615520691333630533208548604762345256584545
EVODEX.2.1-C96,[#6:2]-[#6:4]1=[#6:5](-[#7:6](-[#6@@:7])-[#6:46](=[#6:47](-[#6:48]-1(-[#1:88])-[#1])-[#1:87])-[#1:86])-[#1:62].[#8:49]=[#6:50](-[#6:51](-[#6:52])(-[#1:90])-[#1:91])-[#6:57].[#8]=[#8:59]>>[#6:2]-[#6:4]1:[#6:5](:[#7&+:6](-[#6@@:7]):[#6:46](:[#6:47](:[#6:48]:1-[#1:88])-[#1:87])-[#1:86])-[#1:62].[#8:49]=[#6:50](-[#6:57])-[#8:59]-[#6:51](-[#6:52])(-[#1:90])-[#1:91],"EVODEX.2.1-P455,EVODEX.2.1-P457,EVODEX.2.1-P461,EVODEX.2.1-P494,EVODEX.2.1-P573",22508600619759493424114265187640174703890855286253864736043082226875281856006
EVODEX.2.1-C97,[#6:5]-[#6:6](=[#8:7])-[#6:8](-[#6:9])(-[#1:68])-[#1:69]>>[#6:5]-[#6:6](=[#8:7])-[#8]-[#6:8](-[#6:9])(-[#1:68])-[#1:69],"EVODEX.2.1-P460,EVODEX.2.1-P497,EVODEX.2.1-P506,EVODEX.2.1-P570,EVODEX.2.1-P571",7577452170077470559795300568630423936833861825705687575409145553395555711489
EVODEX.2.1-C98,[#6:4]-[#6:5](=[#8:6])-[#6:7](-[#6:8])(-[#1:67])-[#1:68].[#6:10]-[#6:12]1=[#6:13](-[#7:14](-[#6@@:15])-[#6:54](=[#6:55](-[#6:56]-1(-[#1:99])-[#1])-[#1:98])-[#1:97])-[#1:73].[#8:57]=[#8:58]>>[#6:4]-[#6:5](=[#8:6])-[#8:58]-[#6:7](-[#6:8])(-[#1:67])-[#1:68].[#6:10]-[#6:12]1:[#6:13](:[#7&+:14](-[#6@@:15]):[#6:54](:[#6:55](:[#6:56]:1-[#1:99])-[#1:98])-[#1:97])-[#1:73].[#8:57](-[#1])-[#1],"EVODEX.2.1-P462,EVODEX.2.1-P464,EVODEX.2.1-P483,EVODEX.2.1-P490,EVODEX.2.1-P572",45131268905127562987065614540364288909831964589646848435355927113884958898439
EVODEX.2.1-C99,[#6:2]-[#6:3](-[#6:4])(-[#6:7](-[#6:6])=[#8:8])-[#1:64].[#6:10]-[#6:12]1=[#6:13](-[#7:14](-[#6@@:15])-[#6:54](=[#6:55](-[#6:56]-1(-[#1:99])-[#1])-[#1:98])-[#1:97])-[#1:73]>>[#6:2]-[#6:3](-[#6:4])(-[#8]-[#6:7](-[#6:6])=[#8:8])-[#1:64].[#6:10]-[#6:12]1:[#6:13](:[#7&+:14](-[#6@@:15]):[#6:54](:[#6:55](:[#6:56]:1-[#1:99])-[#1:98])-[#1:97])-[#1:73],"EVODEX.2.1-P467,EVODEX.2.1-P470,EVODEX.2.1-P478,EVODEX.2.1-P502,EVODEX.2.1-P538",55353507156369440894922099462769042764399291909024452507270406715841216325047
EVODEX.2.1-C100,[#6:2]-[#6:3](-[#6:4])(-[#6:7](-[#6:6])=[#8:8])-[#1:64].[#8]=[#8:58]>>[#6:2]-[#6:3](-[#6:4])(-[#8:58]-[#6:7](-[#6:6])=[#8:8])-[#1:64],"EVODEX.2.1-P468,EVODEX.2.1-P472,EVODEX.2.1-P475,EVODEX.2.1-P479,EVODEX.2.1-P492",98265049812378866217332582794813535601722375262691685094080264230263422977134
EVODEX.2.1-C101,[#6:1]-[#6:2](-[#6:3])(-[#6:7](-[#6:6])=[#8:8])-[#1:62].[#6:10]-[#6:12]1=[#6:13](-[#7:14](-[#6@@:15])-[#6:54](=[#6:55](-[#6:56]-1(-[#1:99])-[#1])-[#1:98])-[#1:97])-[#1:73].[#8]=[#8:58]>>[#6:1]-[#6:2](-[#6:3])(-[#8:58]-[#6:7](-[#6:6])=[#8:8])-[#1:62].[#6:10]-[#6:12]1:[#6:13](:[#7&+:14](-[#6@@:15]):[#6:54](:[#6:55](:[#6:56]:1-[#1:99])-[#1:98])-[#1:97])-[#1:73],"EVODEX.2.1-P471,EVODEX.2.1-P474,EVODEX.2.1-P485,EVODEX.2.1-P500,EVODEX.2.1-P575",5465374542261984235878736447638948435999325489814201709753817665936543099231
EVODEX.2.1-C102,[#6:1]-[#16:6]-[#6:5].[#6:8]-[#6:10]1=[#6:11](-[#7:12](-[#6@@:13])-[#6:52](=[#6:53](-[#6:54]-1(-[#1:93])-[#1])-[#1:92])-[#1:91])-[#1:67].[#8:55]=[#8:56]>>[#6:1]-[#16:6](-[#6:5])=[#8:56].[#6:8]-[#6:10]1:[#6:11](:[#7&+:12](-[#6@@:13]):[#6:52](:[#6:53](:[#6:54]:1-[#1:93])-[#1:92])-[#1:91])-[#1:67].[#8:55](-[#1])-[#1],"EVODEX.2.1-P487,EVODEX.2.1-P522,EVODEX.2.1-P557,EVODEX.2.1-P559,EVODEX.2.1-P567",110560002359352441342959474484019992718879761113488326491417748085267457561730
EVODEX.2.1-C103,[#6:1]-[#16:6]-[#6:5].[#8:55]=[#8:56]>>[#6:1]-[#16:6](-[#6:5])=[#8:56].[#8:55](-[#1])-[#1],"EVODEX.2.1-P488,EVODEX.2.1-P508,EVODEX.2.1-P560,EVODEX.2.1-P563,EVODEX.2.1-P569",1891985390950784600078607839264181707604099390373104085211837000508652520186
EVODEX.2.1-C104,[#6:1]-[#16:2]-[#6:3].[#6:7]-[#6:9]1=[#6:10](-[#7:11](-[#6@@:12])-[#6:51](=[#6:52](-[#6:53]-1(-[#1:92])-[#1])-[#1:91])-[#1:90])-[#1:66]>>[#6:1]-[#16:2](-[#6:3])=[#8].[#6:7]-[#6:9]1:[#6:10](:[#7&+:11](-[#6@@:12]):[#6:51](:[#6:52](:[#6:53]:1-[#1:92])-[#1:91])-[#1:90])-[#1:66],"EVODEX.2.1-P507,EVODEX.2.1-P523,EVODEX.2.1-P556,EVODEX.2.1-P558,EVODEX.2.1-P565",14160493711644844378940708932083450103306107931281551087197324466279551523050
EVODEX.2.1-C105,[#6:1](-[#6:2])(-[#1:56])(-[#1:57])-[#1].[#6:7]-[#6:9]1=[#6:10](-[#7:11](-[#6@@:12])-[#6:51](=[#6:52](-[#6:53]-1(-[#1:94])-[#1])-[#1:93])-[#1:92])-[#1:68].[#8:54]=[#8:55]>>[#6:1](-[#6:2])(-[#8:54]-[#1])(-[#1:56])-[#1:57].[#6:7]-[#6:9]1:[#6:10](:[#7&+:11](-[#6@@:12]):[#6:51](:[#6:52](:[#6:53]:1-[#1:94])-[#1:93])-[#1:92])-[#1:68].[#8:55](-[#1])-[#1],"EVODEX.2.1-P511,EVODEX.2.1-P529,EVODEX.2.1-P593,EVODEX.2.1-P604,EVODEX.2.1-P656",46843068303714190956435737593141319501349164145698527010864129140819200751134
EVODEX.2.1-C106,[#6:1](-[#6:2])(-[#1:56])(-[#1:57])-[#1].[#8:54]=[#8]>>[#6:1](-[#6:2])(-[#8:54]-[#1])(-[#1:56])-[#1:57],"EVODEX.2.1-P4096,EVODEX.2.1-P512,EVODEX.2.1-P516,EVODEX.2.1-P578,EVODEX.2.1-P605",76838686753564959450174490397304502082942086366334013255731234726181679222694
EVODEX.2.1-C107,[#6:1](-[#6:2])(-[#1:56])(-[#1:57])-[#1].[#8:54]=[#8:55]>>[#6:1](-[#6:2])(-[#8:54]-[#1])(-[#1:56])-[#1:57].[#8:55](-[#1])-[#1],"EVODEX.2.1-P513,EVODEX.2.1-P515,EVODEX.2.1-P584,EVODEX.2.1-P585,EVODEX.2.1-P609",10743769375722014685350535473997719624190360947287952774737916529937850283687
EVODEX.2.1-C108,[#6:1](-[#6:2])(-[#1:49])(-[#1:50])-[#1].[#6:4]-[#6:6]1=[#6:7](-[#7:8](-[#6@@:9])-[#6:44](=[#6:45](-[#6:46]-1(-[#1:82])-[#1])-[#1:81])-[#1:80])-[#1:57].[#8:47]=[#8]>>[#6:1](-[#6:2])(-[#8:47]-[#1])(-[#1:49])-[#1:50].[#6:4]-[#6:6]1:[#6:7](:[#7&+:8](-[#6@@:9]):[#6:44](:[#6:45](:[#6:46]:1-[#1:82])-[#1:81])-[#1:80])-[#1:57],"EVODEX.2.1-P514,EVODEX.2.1-P519,EVODEX.2.1-P576,EVODEX.2.1-P592,EVODEX.2.1-P594",50408416373583452461035622707844079899989136541587746676886894169977568728414
EVODEX.2.1-C109,[#6:1](-[#6:2])(-[#1:52])(-[#1:53])-[#1].[#6:7]-[#6:9]1=[#6:10](-[#7:11](-[#6@@:12])-[#6:47](=[#6:48](-[#6:49]-1(-[#1:91])-[#1])-[#1:90])-[#1:89])-[#1:66]>>[#6:1](-[#6:2])(-[#8]-[#1])(-[#1:52])-[#1:53].[#6:7]-[#6:9]1:[#6:10](:[#7&+:11](-[#6@@:12]):[#6:47](:[#6:48](:[#6:49]:1-[#1:91])-[#1:90])-[#1:89])-[#1:66],"EVODEX.2.1-P517,EVODEX.2.1-P528,EVODEX.2.1-P530,EVODEX.2.1-P537,EVODEX.2.1-P658",49601849940554796321100187035179524105186035162038863659300626536903377548248
EVODEX.2.1-C110,[#6:1](-[#7:2](-[#6:3])-[#1])(-[#1:54])(-[#1:55])-[#1]>>[#6:1](=[#8])(-[#1:54])-[#1:55].[#7:2](-[#6:3])(-[#1])-[#1],"EVODEX.2.1-P1296,EVODEX.2.1-P1300,EVODEX.2.1-P1307,EVODEX.2.1-P1312,EVODEX.2.1-P524",11564660650316012883411825093907581810786284991497913808871874178847560553212
EVODEX.2.1-C112,[#6:2]-[#16:3]-[#6:4].[#6:17]-[#6:19]1=[#6:20](-[#7:21](-[#6@@:22])-[#6:61](=[#6:62](-[#6:63]-1(-[#1:109])-[#1])-[#1:108])-[#1:107])-[#1:83].[#8]=[#8:65]>>[#6:2]-[#16:3](-[#6:4])=[#8:65].[#6:17]-[#6:19]1:[#6:20](:[#7&+:21](-[#6@@:22]):[#6:61](:[#6:62](:[#6:63]:1-[#1:109])-[#1:108])-[#1:107])-[#1:83],"EVODEX.2.1-P546,EVODEX.2.1-P555,EVODEX.2.1-P561,EVODEX.2.1-P564,EVODEX.2.1-P566",62759327477370643628633817698444832560870112777054649944068937788499023232235
EVODEX.2.1-C113,[#8:1](/[#7:2]=[#6:3](\[#6:4])-[#1])-[#1]>>[#7:2]#[#6:3]-[#6:4].[#8:1](-[#1])-[#1],"EVODEX.2.1-P586,EVODEX.2.1-P6147,EVODEX.2.1-P6149,EVODEX.2.1-P6152,EVODEX.2.1-P6154",28094994647923231971638701738565738381551155750025511805538471011646621457163
EVODEX.2.1-C114,[#8](/[#7:2]=[#6:3](\[#6:4])-[#1])-[#1]>>[#7:2]#[#6:3]-[#6:4],"EVODEX.2.1-P587,EVODEX.2.1-P6148,EVODEX.2.1-P6150,EVODEX.2.1-P6151,EVODEX.2.1-P6153",91284436708286850415409546627839212669486062096578873077921396598643114692309
EVODEX.2.1-C115,[#6:1](-[#8:2]-[#6:3])(-[#1:53])(-[#1:54])-[#1].[#6:8]-[#6:10]1=[#6:11](-[#7:12](-[#6@@:13])-[#6:48](=[#6:49](-[#6:50]-1(-[#1:92])-[#1])-[#1:91])-[#1:90])-[#1:67]>>[#6:1](=[#8])(-[#1:53])-[#1:54].[#6:8]-[#6:10]1:[#6:11](:[#7&+:12](-[#6@@:13]):[#6:48](:[#6:49](:[#6:50]:1-[#1:92])-[#1:91])-[#1:90])-[#1:67].[#8:2](-[#6:3])-[#1],"EVODEX.2.1-P595,EVODEX.2.1-P599,EVODEX.2.1-P601,EVODEX.2.1-P602,EVODEX.2.1-P703",8182284400470826270745259719639898660312743615284820202819241386766358964127
EVODEX.2.1-C116,[#6:1](-[#8:2]-[#6:3])(-[#1:53])(-[#1:54])-[#1].[#6:8]-[#6:10]1=[#6:11](-[#7:12](-[#6@@:13])-[#6:48](=[#6:49](-[#6:50]-1(-[#1:92])-[#1])-[#1:91])-[#1:90])-[#1:67].[#8:51]=[#8:52]>>[#6:1](=[#8:52])(-[#1:53])-[#1:54].[#6:8]-[#6:10]1:[#6:11](:[#7&+:12](-[#6@@:13]):[#6:48](:[#6:49](:[#6:50]:1-[#1:92])-[#1:91])-[#1:90])-[#1:67].[#8:51](-[#1])-[#1].[#8:2](-[#6:3])-[#1],"EVODEX.2.1-P596,EVODEX.2.1-P598,EVODEX.2.1-P600,EVODEX.2.1-P603,EVODEX.2.1-P705",53718807078273410402752326569233166390448174995079314606008214736242382790374
EVODEX.2.1-C118,[#7:13]-[#6:14](-[#6:15])(-[#1:48])-[#1].[#6:22]-[#6:31](=[#6:29](-[#6@:24])-[#8:30]-[#1])-[#8:32]-[#1].[#8:33]=[#8:34]>>[#7:13]-[#6:14](-[#6:15])(-[#8:33]-[#1])-[#1:48].[#6:22]-[#6:31](-[#6:29](-[#6@:24])=[#8:30])=[#8:32].[#8:34](-[#1])-[#1],"EVODEX.2.1-P624,EVODEX.2.1-P625,EVODEX.2.1-P632,EVODEX.2.1-P637,EVODEX.2.1-P640",83322622844955947635435914246493476702409613663723779132548701719467699221723
EVODEX.2.1-C120,[#7:4]-[#6:5](-[#6:6])(-[#1:27])-[#1].[#8:21]=[#8].[#6:10]-[#6:19](=[#6:17](-[#6@:12])-[#8:18]-[#1])-[#8:20]-[#1]>>[#7:4]-[#6:5](-[#6:6])(-[#8:21]-[#1])-[#1:27].[#6:10]-[#6:19](-[#6:17](-[#6@:12])=[#8:18])=[#8:20],"EVODEX.2.1-P630,EVODEX.2.1-P642,EVODEX.2.1-P644,EVODEX.2.1-P649,EVODEX.2.1-P651",48948691086811500033559043924268352847393064781413110231630976625425451824568
EVODEX.2.1-C121,[#7:8]-[#6:9](-[#6:10])(-[#1:39])-[#1].[#8:25]=[#8:26]>>[#7:8]-[#6:9](-[#6:10])(-[#8:25]-[#1])-[#1:39].[#8:26](-[#1])-[#1],"EVODEX.2.1-P633,EVODEX.2.1-P634,EVODEX.2.1-P636,EVODEX.2.1-P638,EVODEX.2.1-P653",100977867289784083479862412535448307212270523066883885535797317039638240321212
EVODEX.2.1-C122,[#7:26]-[#6:27](-[#6:28])(-[#1:79])-[#1].[#6:32]-[#6:41](=[#6:39](-[#6@:34])-[#8:40]-[#1])-[#8:42]-[#1]>>[#7:26]-[#6:27](-[#6:28])(-[#8]-[#1])-[#1:79].[#6:32]-[#6:41](-[#6:39](-[#6@:34])=[#8:40])=[#8:42],"EVODEX.2.1-P639,EVODEX.2.1-P641,EVODEX.2.1-P643,EVODEX.2.1-P652,EVODEX.2.1-P654",97062400177982841375772053068141496855250662220853252482013272453859754525000
EVODEX.2.1-C123,[#6:1](-[#6:2]1(-[#6:3])-[#16:4]-[#6@@:5]-[#7:20]-[#6@:21]-1(-[#6:22])-[#1])(-[#1:37])(-[#1:38])-[#1].[#6:29]-[#6:30](=[#8:31])-[#6](=[#8])-[#8]-[#1].[#8:35]=[#8]>>[#6:1]1(-[#6:2](-[#6:3])=[#6:21](-[#6:22])-[#7:20]-[#6@:5]-[#16:4]-1)(-[#1:37])-[#1:38].[#6:29]-[#6:30](=[#8:31])-[#8:35]-[#1],"EVODEX.2.1-P667,EVODEX.2.1-P670,EVODEX.2.1-P675,EVODEX.2.1-P683,EVODEX.2.1-P689",43365251005908743673201869052011310754426288193561911181042589740962636021426
EVODEX.2.1-C124,[#6:1](-[#6:2]1(-[#6:3])-[#16:4]-[#6@@:5]-[#7:20]-[#6@:21]-1(-[#6:22])-[#1])(-[#1:37])(-[#1:38])-[#1].[#6:29]-[#6:30](=[#8:31])-[#6:32](=[#8:33])-[#8:34]-[#1]>>[#6:32](=[#8:33])=[#8:34].[#6:1]1(-[#6:2](-[#6:3])=[#6:21](-[#6:22])-[#7:20]-[#6@:5]-[#16:4]-1)(-[#1:37])-[#1:38].[#6:29]-[#6:30](=[#8:31])-[#8]-[#1],"EVODEX.2.1-P668,EVODEX.2.1-P671,EVODEX.2.1-P676,EVODEX.2.1-P686,EVODEX.2.1-P691",70283878797760431211534963151636119947951312857965899491924819651366051993529
EVODEX.2.1-C125,[#6:1](-[#6:2]1(-[#6:3])-[#16:4]-[#6@@:5]-[#7:20]-[#6@:21]-1(-[#6:22])-[#1])(-[#1:37])(-[#1:38])-[#1].[#6:29]-[#6:30](=[#8:31])-[#6](=[#8])-[#8]-[#1].[#8:35]=[#8:36]>>[#6:1]1(-[#6:2](-[#6:3])=[#6:21](-[#6:22])-[#7:20]-[#6@:5]-[#16:4]-1)(-[#1:37])-[#1:38].[#6:29]-[#6:30](=[#8:31])-[#8:35]-[#1].[#8:36](-[#1])-[#1],"EVODEX.2.1-P669,EVODEX.2.1-P672,EVODEX.2.1-P681,EVODEX.2.1-P687,EVODEX.2.1-P696",60505921167505708590523082043159555601744497361154776485832953639884606681810
EVODEX.2.1-C126,[#7:16]1-[#6:17]-[#16:18]-[#6:19](-[#6:20](-[#1:60])(-[#1:61])-[#1])(-[#6:21])-[#6:22]-1(-[#6:23])-[#1].[#6:30]-[#6:31](=[#8:32])-[#6:33](=[#8:34])-[#8:35]-[#1].[#8:36]=[#8]>>[#6:33](=[#8:34])=[#8:35].[#7:16]1-[#6:17]-[#16:18]-[#6:20](-[#6:19](-[#6:21])=[#6:22]-1-[#6:23])(-[#1:60])-[#1:61].[#6:30]-[#6:31](=[#8:32])-[#8:36]-[#1],"EVODEX.2.1-P673,EVODEX.2.1-P677,EVODEX.2.1-P679,EVODEX.2.1-P688,EVODEX.2.1-P692",93986484554673320545282345801891717235175548757221352596098267574095358194099
EVODEX.2.1-C127,[#7:16]1-[#6:17]-[#16:18]-[#6:19](-[#6:20](-[#1:60])(-[#1:61])-[#1])(-[#6:21])-[#6:22]-1(-[#6:23])-[#1].[#6:30]-[#6:31](=[#8:32])-[#6:33](=[#8:34])-[#8:35]-[#1].[#8:36]=[#8:37]>>[#6:33](=[#8:34])=[#8:35].[#7:16]1-[#6:17]-[#16:18]-[#6:20](-[#6:19](-[#6:21])=[#6:22]-1-[#6:23])(-[#1:60])-[#1:61].[#6:30]-[#6:31](=[#8:32])-[#8:36]-[#1].[#8:37](-[#1])-[#1],"EVODEX.2.1-P674,EVODEX.2.1-P682,EVODEX.2.1-P693,EVODEX.2.1-P694,EVODEX.2.1-P697",66725400567363753473627554763702858515702275775618585570668093335916127232675
EVODEX.2.1-C128,[#7:11]1-[#6:12]-[#16:13]-[#6:14](-[#6:15](-[#1:45])(-[#1:46])-[#1])(-[#6:16])-[#6:17]-1(-[#6:18])-[#1].[#6:25]-[#6:26](=[#8:27])-[#6](=[#8])-[#8]-[#1]>>[#7:11]1-[#6:12]-[#16:13]-[#6:15](-[#6:14](-[#6:16])=[#6:17]-1-[#6:18])(-[#1:45])-[#1:46].[#6:25]-[#6:26](=[#8:27])-[#8]-[#1],"EVODEX.2.1-P678,EVODEX.2.1-P680,EVODEX.2.1-P684,EVODEX.2.1-P690,EVODEX.2.1-P695",82472153437917074437872118156403496234903041648458886574258321183396081735637
EVODEX.2.1-C129,[#6:1]-[#6:2](=[#8:3])-[#1].[#8:5]=[#8:6].[#8:4](-[#1])-[#1]>>[#6:1]-[#6:2](=[#8:3])-[#8:4]-[#1].[#8:5](-[#8:6]-[#1])-[#1],"EVODEX.2.1-P708,EVODEX.2.1-P710,EVODEX.2.1-P713,EVODEX.2.1-P878,EVODEX.2.1-P880",107969168196646518420987688307659777829776463421854340649448446476886023948268
EVODEX.2.1-C130,[#6:2]-[#6:3](=[#8:4])-[#1].[#8:6]=[#8:7]>>[#6:2]-[#6:3](=[#8:4])-[#8]-[#1].[#8:6](-[#8:7]-[#1])-[#1],"EVODEX.2.1-P709,EVODEX.2.1-P711,EVODEX.2.1-P876,EVODEX.2.1-P877,EVODEX.2.1-P879",83323039778938750095044534480524752146795467641355952005448752305880434073132
EVODEX.2.1-C131,[#6:49]-[#6:50](=[#8:51])-[#1]>>[#6](-[#6](-[#6](-[#1])(-[#1])-[#1])(-[#6](-[#8]-[#15](=[#8])(-[#8]-[#1])-[#8]-[#15](=[#8])(-[#8]-[#1])-[#8]-[#6](-[#6@]1(-[#8]-[#6@@](-[#7]2:[#6](:[#7]:[#6]3:[#6](-[#7](-[#1])-[#1]):[#7]:[#6](:[#7]:[#6]:2:3)-[#1])-[#1])(-[#6@](-[#8]-[#1])(-[#6@@]-1(-[#8]-[#15](=[#8])(-[#8]-[#1])-[#8]-[#1])-[#1])-[#1])-[#1])-[#1])(-[#1])-[#1])(-[#1])-[#1])-[#6@@](-[#8]-[#1])(-[#6](=[#8])-[#7](-[#6](-[#6](-[#6](=[#8])-[#7](-[#6](-[#6](-[#16]-[#6:50](-[#6:49])=[#8:51])(-[#1])-[#1])(-[#1])-[#1])-[#1])(-[#1])-[#1])(-[#1])-[#1])-[#1])-[#1])(-[#1])(-[#1])-[#1],"EVODEX.2.1-P714,EVODEX.2.1-P774,EVODEX.2.1-P836,EVODEX.2.1-P840,EVODEX.2.1-P857",11935354108086735855502275179828553510153126295913465987738835942177125892944
EVODEX.2.1-C132,[#6:2]-[#6:3](=[#8:4])-[#16]-[#6](-[#6](-[#7](-[#6](=[#8])-[#6](-[#6](-[#7](-[#6](=[#8])-[#6@](-[#8]-[#1])(-[#6](-[#6](-[#1])(-[#1])-[#1])(-[#6](-[#1])(-[#1])-[#1])-[#6](-[#8]-[#15](=[#8])(-[#8]-[#1])-[#8]-[#15](=[#8])(-[#8]-[#1])-[#8]-[#6](-[#6@]1(-[#8]-[#6@@](-[#7]2:[#6](:[#7]:[#6]3:[#6](-[#7](-[#1])-[#1]):[#7]:[#6](:[#7]:[#6]:2:3)-[#1])-[#1])(-[#6@](-[#8]-[#1])(-[#6@@]-1(-[#8]-[#15](=[#8])(-[#8]-[#1])-[#8]-[#1])-[#1])-[#1])-[#1])-[#1])(-[#1])-[#1])(-[#1])-[#1])-[#1])-[#1])(-[#1])-[#1])(-[#1])-[#1])-[#1])(-[#1])-[#1])(-[#1])-[#1].[#6:54]-[#6:56]1=[#6:57](-[#7:58](-[#6@@:59])-[#6:94](=[#6:95](-[#6:96]-1(-[#1:164])-[#1])-[#1:163])-[#1:162])-[#1:139]>>[#6:2]-[#6:3](=[#8:4])-[#1].[#6:54]-[#6:56]1:[#6:57](:[#7&+:58](-[#6@@:59]):[#6:94](:[#6:95](:[#6:96]:1-[#1:164])-[#1:163])-[#1:162])-[#1:139],"EVODEX.2.1-P715,EVODEX.2.1-P723,EVODEX.2.1-P833,EVODEX.2.1-P843,EVODEX.2.1-P869",49607238463841150640897801563178375576907627676641053738318115717938447148510
EVODEX.2.1-C133,[#6:47]-[#16:48]-[#1].[#6:55]-[#6:56](=[#8:57])-[#1]>>[#6:47]-[#16:48]-[#6:56](-[#6:55])=[#8:57],"EVODEX.2.1-P717,EVODEX.2.1-P721,EVODEX.2.1-P773,EVODEX.2.1-P835,EVODEX.2.1-P839",112527165009483802380498055116191295213400098922571302189137081511342997661727
EVODEX.2.1-C134,[#6:7]-[#6:8](=[#8:9])-[#16:10]-[#6:11].[#6:59]-[#6:61]1=[#6:62](-[#7:63](-[#6@@:64])-[#6:99](=[#6:100](-[#6:101]-1(-[#1:179])-[#1])-[#1:178])-[#1:177])-[#1:154]>>[#6:7]-[#6:8](=[#8:9])-[#1].[#6:59]-[#6:61]1:[#6:62](:[#7&+:63](-[#6@@:64]):[#6:99](:[#6:100](:[#6:101]:1-[#1:179])-[#1:178])-[#1:177])-[#1:154].[#16:10](-[#6:11])-[#1],"EVODEX.2.1-P718,EVODEX.2.1-P719,EVODEX.2.1-P844,EVODEX.2.1-P848,EVODEX.2.1-P864",4475447049077391835684830280957747928726409952154400989623967723069127327581
EVODEX.2.1-C135,[#6:47]-[#16:48]-[#1].[#6:50]-[#6:52]1:[#6:53](:[#6:54](:[#6:55](:[#7&+:56](-[#6@@:57]):[#6:92]:1-[#1:163])-[#1:140])-[#1:139])-[#1:138].[#8:93]=[#6:94](-[#6:95])-[#1]>>[#6:47]-[#16:48]-[#6:94](=[#8:93])-[#6:95].[#6:50]-[#6:52]1=[#6:92](-[#7:56](-[#6@@:57])-[#6:55](=[#6:54](-[#6:53]-1(-[#1:138])-[#1])-[#1:139])-[#1:140])-[#1:163],"EVODEX.2.1-P722,EVODEX.2.1-P838,EVODEX.2.1-P841,EVODEX.2.1-P846,EVODEX.2.1-P865",59176829656625686027858081360456391823216539577478146379444285692538792200689
EVODEX.2.1-C136,[#6:2]-[#6:4]1=[#6:5](-[#7:6](-[#6@@:7])-[#6:46](=[#6:47](-[#6:48]-1(-[#1:121])-[#1])-[#1:120])-[#1:119])-[#1:95].[#6:59](-[#6@@:50])(=[#8:60])-[#8:61]-[#1]>>[#6:2]-[#6:4]1:[#6:5](:[#7&+:6](-[#6@@:7]):[#6:46](:[#6:47](:[#6:48]:1-[#1:121])-[#1:120])-[#1:119])-[#1:95].[#6:59](-[#6@@:50])(=[#8:60])-[#1].[#8:61](-[#15](-[#8]-[#6](-[#6@]1(-[#8]-[#6@@](-[#7]2:[#6]3:[#7]:[#6](:[#7]:[#6](-[#7](-[#1])-[#1]):[#6]:3:[#7]:[#6]:2-[#1])-[#1])(-[#6@](-[#8]-[#1])(-[#6@@]-1(-[#8]-[#1])-[#1])-[#1])-[#1])-[#1])(-[#1])-[#1])(=[#8])-[#8]-[#1])-[#1],"EVODEX.2.1-P725,EVODEX.2.1-P803,EVODEX.2.1-P815,EVODEX.2.1-P820,EVODEX.2.1-P873",79675300848996686562795467291242831710218885179659820783880572005854907608801
EVODEX.2.1-C137,[#6:1]-[#6:2](=[#8:3])-[#6:4](=[#8:5])-[#8:6]-[#1]>>[#6:4](=[#8:5])=[#8:6].[#6:1]-[#6:2](=[#8:3])-[#16]-[#6](-[#6](-[#7](-[#6](-[#6](-[#6](-[#7](-[#6](-[#6@@](-[#6](-[#6](-[#1])(-[#1])-[#1])(-[#6](-[#1])(-[#1])-[#1])-[#6](-[#8]-[#15](=[#8])(-[#8]-[#1])-[#8]-[#15](=[#8])(-[#8]-[#1])-[#8]-[#6](-[#6@]1(-[#8]-[#6@@](-[#7]2:[#6](:[#7]:[#6]3:[#6](-[#7](-[#1])-[#1]):[#7]:[#6](:[#7]:[#6]:2:3)-[#1])-[#1])(-[#6@](-[#8]-[#1])(-[#6@@]-1(-[#8]-[#15](=[#8])(-[#8]-[#1])-[#8]-[#1])-[#1])-[#1])-[#1])-[#1])(-[#1])-[#1])(-[#1])-[#1])(-[#8]-[#1])-[#1])=[#8])-[#1])(-[#1])-[#1])(-[#1])-[#1])=[#8])-[#1])(-[#1])-[#1])(-[#1])-[#1],"EVODEX.2.1-P726,EVODEX.2.1-P735,EVODEX.2.1-P771,EVODEX.2.1-P772,EVODEX.2.1-P884",15278568863779961765257723811134002974860530802596939062103418354444849571740
EVODEX.2.1-C138,[#6:1]-[#6:2](=[#8:3])-[#6](=[#8])-[#8]-[#1]>>[#6:1]-[#6:2](=[#8:3])-[#16]-[#6](-[#6](-[#7](-[#6](-[#6](-[#6](-[#7](-[#6](-[#6@@](-[#6](-[#6](-[#1])(-[#1])-[#1])(-[#6](-[#1])(-[#1])-[#1])-[#6](-[#8]-[#15](=[#8])(-[#8]-[#1])-[#8]-[#15](=[#8])(-[#8]-[#1])-[#8]-[#6](-[#6@]1(-[#8]-[#6@@](-[#7]2:[#6](:[#7]:[#6]3:[#6](-[#7](-[#1])-[#1]):[#7]:[#6](:[#7]:[#6]:2:3)-[#1])-[#1])(-[#6@](-[#8]-[#1])(-[#6@@]-1(-[#8]-[#15](=[#8])(-[#8]-[#1])-[#8]-[#1])-[#1])-[#1])-[#1])-[#1])(-[#1])-[#1])(-[#1])-[#1])(-[#8]-[#1])-[#1])=[#8])-[#1])(-[#1])-[#1])(-[#1])-[#1])=[#8])-[#1])(-[#1])-[#1])(-[#1])-[#1],"EVODEX.2.1-P727,EVODEX.2.1-P744,EVODEX.2.1-P769,EVODEX.2.1-P853,EVODEX.2.1-P885",10747564501247225351275894801237354592195756164329012092659264022600777906931
EVODEX.2.1-C139,[#6:1]-[#6:2](=[#8:3])-[#6:4](=[#8:5])-[#8:6]-[#1].[#6:56]-[#6:58]1:[#6:59](:[#6:60](:[#6:61](:[#7&+:62](-[#6@@:63]):[#6:98]:1-[#1:166])-[#1:143])-[#1:142])-[#1:141]>>[#6:4](=[#8:5])=[#8:6].[#6:1]-[#6:2](=[#8:3])-[#16]-[#6](-[#6](-[#7](-[#6](-[#6](-[#6](-[#7](-[#6](-[#6@@](-[#6](-[#6](-[#1])(-[#1])-[#1])(-[#6](-[#1])(-[#1])-[#1])-[#6](-[#8]-[#15](=[#8])(-[#8]-[#1])-[#8]-[#15](=[#8])(-[#8]-[#1])-[#8]-[#6](-[#6@]1(-[#8]-[#6@@](-[#7]2:[#6](:[#7]:[#6]3:[#6](-[#7](-[#1])-[#1]):[#7]:[#6](:[#7]:[#6]:2:3)-[#1])-[#1])(-[#6@](-[#8]-[#1])(-[#6@@]-1(-[#8]-[#15](=[#8])(-[#8]-[#1])-[#8]-[#1])-[#1])-[#1])-[#1])-[#1])(-[#1])-[#1])(-[#1])-[#1])(-[#8]-[#1])-[#1])=[#8])-[#1])(-[#1])-[#1])(-[#1])-[#1])=[#8])-[#1])(-[#1])-[#1])(-[#1])-[#1].[#6:56]-[#6:58]1=[#6:98](-[#7:62](-[#6@@:63])-[#6:61](=[#6:60](-[#6:59]-1(-[#1:141])-[#1])-[#1:142])-[#1:143])-[#1:166],"EVODEX.2.1-P728,EVODEX.2.1-P732,EVODEX.2.1-P740,EVODEX.2.1-P745,EVODEX.2.1-P852",85011399309895412246097006644544997894849752343566940232697791668506595407147
EVODEX.2.1-C140,[#6:1]-[#6:2](=[#8:3])-[#6:4](=[#8:5])-[#8:6]-[#1].[#6:53]-[#16:54]-[#1]>>[#6:4](=[#8:5])=[#8:6].[#6:1]-[#6:2](=[#8:3])-[#16:54]-[#6:53],"EVODEX.2.1-P729,EVODEX.2.1-P736,EVODEX.2.1-P770,EVODEX.2.1-P883,EVODEX.2.1-P887",111011242904403227448734664841667021554514079387467942294347844281855295465054
EVODEX.2.1-C141,[#6:47]-[#16:48]-[#1].[#6:50]-[#6:52](=[#8:53])-[#6:54](=[#8:55])-[#8:56]-[#1].[#6:58]-[#6:60]1:[#6:61](:[#6:62](:[#6:63](:[#7&+:64](-[#6@@:65]):[#6:100]:1-[#1:172])-[#1:149])-[#1:148])-[#1:147]>>[#6:54](=[#8:55])=[#8:56].[#6:47]-[#16:48]-[#6:52](-[#6:50])=[#8:53].[#6:58]-[#6:60]1=[#6:100](-[#7:64](-[#6@@:65])-[#6:63](=[#6:62](-[#6:61]-1(-[#1:147])-[#1])-[#1:148])-[#1:149])-[#1:172],"EVODEX.2.1-P730,EVODEX.2.1-P738,EVODEX.2.1-P742,EVODEX.2.1-P851,EVODEX.2.1-P856",47037572701879799640134554737353635860291121593154244088276614568701619599397
EVODEX.2.1-C142,[#6:50]-[#6:52](=[#8:53])-[#6](=[#8])-[#8]-[#1].[#6:58]-[#6:60]1:[#6:61](:[#6:62](:[#6:63](:[#7&+:64](-[#6@@:65]):[#6:100]:1-[#1:172])-[#1:149])-[#1:148])-[#1:147]>>[#6](-[#6](-[#6](-[#1])(-[#1])-[#1])(-[#6](-[#8]-[#15](=[#8])(-[#8]-[#1])-[#8]-[#15](=[#8])(-[#8]-[#1])-[#8]-[#6](-[#6@]1(-[#8]-[#6@@](-[#7]2:[#6](:[#7]:[#6]3:[#6](-[#7](-[#1])-[#1]):[#7]:[#6](:[#7]:[#6]:2:3)-[#1])-[#1])(-[#6@](-[#8]-[#1])(-[#6@@]-1(-[#8]-[#15](=[#8])(-[#8]-[#1])-[#8]-[#1])-[#1])-[#1])-[#1])-[#1])(-[#1])-[#1])(-[#1])-[#1])-[#6@@](-[#8]-[#1])(-[#6](=[#8])-[#7](-[#6](-[#6](-[#6](=[#8])-[#7](-[#6](-[#6](-[#16]-[#6:52](-[#6:50])=[#8:53])(-[#1])-[#1])(-[#1])-[#1])-[#1])(-[#1])-[#1])(-[#1])-[#1])-[#1])-[#1])(-[#1])(-[#1])-[#1].[#6:58]-[#6:60]1=[#6:100](-[#7:64](-[#6@@:65])-[#6:63](=[#6:62](-[#6:61]-1(-[#1:147])-[#1])-[#1:148])-[#1:149])-[#1:172],"EVODEX.2.1-P731,EVODEX.2.1-P733,EVODEX.2.1-P739,EVODEX.2.1-P743,EVODEX.2.1-P850",101302392786723615431799433503837836752605427931534313368300661216970342248297
EVODEX.2.1-C143,[#6:47]-[#16:48]-[#1].[#6:50]-[#6:51](=[#8:52])-[#6](=[#8])-[#8]-[#1]>>[#6:47]-[#16:48]-[#6:51](-[#6:50])=[#8:52],"EVODEX.2.1-P1769,EVODEX.2.1-P734,EVODEX.2.1-P741,EVODEX.2.1-P854,EVODEX.2.1-P882",14604271676366494650038100888279202672743048138784994197555375042840323456901
EVODEX.2.1-C144,[#6:47]-[#16:48]-[#1].[#6:50]-[#6:52]1:[#6:53](:[#6:54](:[#6:55](:[#7&+:56](-[#6@@:57]):[#6:92]:1-[#1:166])-[#1:143])-[#1:142])-[#1:141].[#6:97]-[#6:98](=[#8:99])-[#6](=[#8])-[#8]-[#1]>>[#6:47]-[#16:48]-[#6:98](-[#6:97])=[#8:99].[#6:50]-[#6:52]1=[#6:92](-[#7:56](-[#6@@:57])-[#6:55](=[#6:54](-[#6:53]-1(-[#1:141])-[#1])-[#1:142])-[#1:143])-[#1:166],"EVODEX.2.1-P737,EVODEX.2.1-P849,EVODEX.2.1-P855,EVODEX.2.1-P881,EVODEX.2.1-P886",43680273720446450860126429118522095284580969290527453255087966883743992923848
EVODEX.2.1-C145,[#6:2]-[#6:4]1:[#6:5](:[#6:6](:[#6:7](:[#7&+:8](-[#6@@:9]):[#6:48]:1-[#1:90])-[#1:66])-[#1:65])-[#1:64].[#6:51]-[#6:52](=[#8:53])-[#1]>>[#6:2]-[#6:4]1=[#6:48](-[#7:8](-[#6@@:9])-[#6:7](=[#6:6](-[#6:5]-1(-[#1:64])-[#1])-[#1:65])-[#1:66])-[#1:90].[#6:51]-[#6:52](=[#8:53])-[#8]-[#15](=[#8])(-[#8]-[#1])-[#8]-[#1],"EVODEX.2.1-P746,EVODEX.2.1-P751,EVODEX.2.1-P756,EVODEX.2.1-P757,EVODEX.2.1-P760",100536339015069261563206613663169458241795160374468509349163267200635705580125
EVODEX.2.1-C146,[#6:2]-[#6:4]1=[#6:5](-[#7:6](-[#6@@:7])-[#6:46](=[#6:47](-[#6:48]-1(-[#1:90])-[#1])-[#1:89])-[#1:88])-[#1:64].[#6:51]-[#6:52](=[#8:53])-[#8:54]-[#15:55]>>[#6:2]-[#6:4]1:[#6:5](:[#7&+:6](-[#6@@:7]):[#6:46](:[#6:47](:[#6:48]:1-[#1:90])-[#1:89])-[#1:88])-[#1:64].[#6:51]-[#6:52](=[#8:53])-[#1].[#8:54](-[#15:55])-[#1],"EVODEX.2.1-P747,EVODEX.2.1-P752,EVODEX.2.1-P758,EVODEX.2.1-P761,EVODEX.2.1-P830",57766644675537420395354824357701465946507066052108441268593707738677274772538
EVODEX.2.1-C147,[#6:2]-[#6:4]1=[#6:5](-[#7:6](-[#6@@:7])-[#6:46](=[#6:47](-[#6:48]-1(-[#1:90])-[#1])-[#1:89])-[#1:88])-[#1:64].[#6:51]-[#6:52](=[#8:53])-[#8]-[#15](=[#8])(-[#8]-[#1])-[#8]-[#1]>>[#6:2]-[#6:4]1:[#6:5](:[#7&+:6](-[#6@@:7]):[#6:46](:[#6:47](:[#6:48]:1-[#1:90])-[#1:89])-[#1:88])-[#1:64].[#6:51]-[#6:52](=[#8:53])-[#1],"EVODEX.2.1-P748,EVODEX.2.1-P749,EVODEX.2.1-P762,EVODEX.2.1-P826,EVODEX.2.1-P831",88377250322216796730039525167574728782030190816102096556323572970743697397509
EVODEX.2.1-C148,[#6:2]-[#6:3](=[#8:4])-[#1].[#6:11]-[#6:13]1:[#6:14](:[#6:15](:[#6:16](:[#7&+:17](-[#6@@:18]):[#6:57]:1-[#1:100])-[#1:76])-[#1:75])-[#1:74].[#15:59]-[#8:60]-[#1]>>[#6:2]-[#6:3](=[#8:4])-[#8:60]-[#15:59].[#6:11]-[#6:13]1=[#6:57](-[#7:17](-[#6@@:18])-[#6:16](=[#6:15](-[#6:14]-1(-[#1:74])-[#1])-[#1:75])-[#1:76])-[#1:100],"EVODEX.2.1-P750,EVODEX.2.1-P753,EVODEX.2.1-P755,EVODEX.2.1-P759,EVODEX.2.1-P832",23049016149481606047016143964137060685493788089034990316346725050718980427202
EVODEX.2.1-C149,[#6:9]-[#6:10](=[#8:11])-[#1].[#6:13]-[#6:15]1:[#6:16](:[#6:17](:[#6:18](:[#7&+:19](-[#6@@:20]):[#6:55]:1-[#1:99])-[#1:76])-[#1:75])-[#1:74]>>[#6:9]-[#6:10](=[#8:11])-[#8]-[#1].[#6:13]-[#6:15]1=[#6:55](-[#7:19](-[#6@@:20])-[#6:18](=[#6:17](-[#6:16]-1(-[#1:74])-[#1])-[#1:75])-[#1:76])-[#1:99],"EVODEX.2.1-P766,EVODEX.2.1-P767,EVODEX.2.1-P828,EVODEX.2.1-P847,EVODEX.2.1-P866",41765868805382605872441207284899184475133275420595181207042756701391994712869
EVODEX.2.1-C150,[#6:17]-[#6:18](=[#8:19])-[#8:20]-[#1].[#8:83]-[#15:84](=[#8:85])(-[#8:86])-[#8:87]-[#15:88]>>[#6:17]-[#6:18](=[#8:19])-[#1].[#8:20](-[#15:84](-[#8:83])(=[#8:85])-[#8:86])-[#1].[#8:87](-[#15:88])-[#1],"EVODEX.2.1-P788,EVODEX.2.1-P790,EVODEX.2.1-P810,EVODEX.2.1-P818,EVODEX.2.1-P872",3115580310558883797877804425810223983166393264627717403679953788416668780012
EVODEX.2.1-C151,[#6:17]-[#6:18](=[#8:19])-[#8:20]-[#1]>>[#6:17]-[#6:18](=[#8:19])-[#1].[#8:20](-[#15](-[#8]-[#6](-[#6@]1(-[#8]-[#6@@](-[#7]2:[#6]3:[#7]:[#6](:[#7]:[#6](-[#7](-[#1])-[#1]):[#6]:3:[#7]:[#6]:2-[#1])-[#1])(-[#6@](-[#8]-[#1])(-[#6@@]-1(-[#8]-[#1])-[#1])-[#1])-[#1])-[#1])(-[#1])-[#1])(=[#8])-[#8]-[#1])-[#1],"EVODEX.2.1-P789,EVODEX.2.1-P791,EVODEX.2.1-P800,EVODEX.2.1-P805,EVODEX.2.1-P822",63666682810618817351746194328584119806843715988643154790837610495321599065915
EVODEX.2.1-C152,[#6:3]-[#6:4](=[#8:5])-[#8:6]-[#1].[#8:69]-[#15:70](=[#8:71])(-[#8:72])-[#8:73]-[#15:74].[#6:8]-[#6:10]1=[#6:11](-[#7:12](-[#6@@:13])-[#6:52](=[#6:53](-[#6:54]-1(-[#1:138])-[#1])-[#1:137])-[#1:136])-[#1:112]>>[#6:3]-[#6:4](=[#8:5])-[#1].[#6:8]-[#6:10]1:[#6:11](:[#7&+:12](-[#6@@:13]):[#6:52](:[#6:53](:[#6:54]:1-[#1:138])-[#1:137])-[#1:136])-[#1:112].[#8:6](-[#15:70](-[#8:69])(=[#8:71])-[#8:72])-[#1].[#8:73](-[#15:74])-[#1],"EVODEX.2.1-P792,EVODEX.2.1-P798,EVODEX.2.1-P801,EVODEX.2.1-P806,EVODEX.2.1-P811",45702997774531991518003352456355941322279027101141792208283768017124238505162
EVODEX.2.1-C153,[#6:2]-[#6:4]1=[#6:5](-[#7:6](-[#6@@:7])-[#6:46](=[#6:47](-[#6:48]-1(-[#1:120])-[#1])-[#1:119])-[#1:118])-[#1:94].[#8:63]-[#15:64](=[#8:65])(-[#8:66])-[#8]-[#15](=[#8])(-[#8]-[#1])-[#8]-[#15](=[#8])(-[#8]-[#1])-[#8]-[#1].[#8:80]=[#6:81](-[#8:82]-[#1])-[#6:83]>>[#6:2]-[#6:4]1:[#6:5](:[#7&+:6](-[#6@@:7]):[#6:46](:[#6:47](:[#6:48]:1-[#1:120])-[#1:119])-[#1:118])-[#1:94].[#8:63]-[#15:64](=[#8:65])(-[#8:66])-[#8:82]-[#1].[#8:80]=[#6:81](-[#6:83])-[#1],"EVODEX.2.1-P793,EVODEX.2.1-P797,EVODEX.2.1-P814,EVODEX.2.1-P817,EVODEX.2.1-P821",42156318435841580962903020309220393897287966243442733620609498580535808311051
EVODEX.2.1-C154,[#7](-[#6]1:[#7]:[#6](:[#7]:[#6]2:[#6]:1:[#7]:[#6](:[#7]:2-[#6@@]1(-[#8]-[#6@](-[#6](-[#8]-[#15](=[#8])(-[#8]-[#1])-[#8:67]-[#15:68])(-[#1])-[#1])(-[#6@@](-[#8]-[#1])(-[#6@]-1(-[#8]-[#1])-[#1])-[#1])-[#1])-[#1])-[#1])-[#1])(-[#1])-[#1].[#8:80]=[#6:81](-[#8]-[#1])-[#6:83]>>[#8:80]=[#6:81](-[#6:83])-[#1].[#8:67](-[#15:68])-[#1],"EVODEX.2.1-P794,EVODEX.2.1-P804,EVODEX.2.1-P807,EVODEX.2.1-P819,EVODEX.2.1-P823",38544497403927731840843369806681699205669555202032081754239564434001306181639
EVODEX.2.1-C155,[#6:2]-[#6:4]1=[#6:5](-[#7:6](-[#6@@:7])-[#6:46](=[#6:47](-[#6:48]-1(-[#1:119])-[#1])-[#1:118])-[#1:117])-[#1:93].[#7](-[#6]1:[#7]:[#6](:[#7]:[#6]2:[#6]:1:[#7]:[#6](:[#7]:2-[#6@@]1(-[#8]-[#6@](-[#6](-[#8]-[#15](=[#8])(-[#8]-[#1])-[#8:67]-[#15:68])(-[#1])-[#1])(-[#6@@](-[#8]-[#1])(-[#6@]-1(-[#8]-[#1])-[#1])-[#1])-[#1])-[#1])-[#1])-[#1])(-[#1])-[#1].[#8:80]=[#6:81](-[#8]-[#1])-[#6:83]>>[#6:2]-[#6:4]1:[#6:5](:[#7&+:6](-[#6@@:7]):[#6:46](:[#6:47](:[#6:48]:1-[#1:119])-[#1:118])-[#1:117])-[#1:93].[#8:80]=[#6:81](-[#6:83])-[#1].[#8:67](-[#15:68])-[#1],"EVODEX.2.1-P795,EVODEX.2.1-P802,EVODEX.2.1-P808,EVODEX.2.1-P812,EVODEX.2.1-P875",75324010596507858393182997916679357466594833352153472954892808765052726339957
EVODEX.2.1-C156,[#8:63]-[#15:64](=[#8:65])(-[#8:66])-[#8]-[#15](=[#8])(-[#8]-[#1])-[#8]-[#15](=[#8])(-[#8]-[#1])-[#8]-[#1].[#8:80]=[#6:81](-[#8:82]-[#1])-[#6:83]>>[#8:63]-[#15:64](=[#8:65])(-[#8:66])-[#8:82]-[#1].[#8:80]=[#6:81](-[#6:83])-[#1],"EVODEX.2.1-P796,EVODEX.2.1-P799,EVODEX.2.1-P809,EVODEX.2.1-P813,EVODEX.2.1-P816",96176416481636884358328720200608467304961257927051287788956764221826976323960
EVODEX.2.1-C157,[#6:2]-[#6:4](=[#8:5])-[#1].[#6:12]-[#6:14]1:[#6:15](:[#6:16](:[#6:17](:[#7&+:18](-[#6@@:19]):[#6:54]:1-[#1:93])-[#1:70])-[#1:69])-[#1:68].[#8:55](-[#1])-[#1]>>[#6:2]-[#6:4](=[#8:5])-[#8:55]-[#1].[#6:12]-[#6:14]1=[#6:54](-[#7:18](-[#6@@:19])-[#6:17](=[#6:16](-[#6:15]-1(-[#1:68])-[#1])-[#1:69])-[#1:70])-[#1:93],"EVODEX.2.1-P825,EVODEX.2.1-P829,EVODEX.2.1-P858,EVODEX.2.1-P859,EVODEX.2.1-P870",67195714116450520886613631595124476867146152148748993814312622899272983978157
EVODEX.2.1-C161,[#8:3]=[#6:4](-[#6:5])-[#1].[#8:2](-[#1])-[#1].[#6:31]-[#7&+:32]1:[#6:33](:[#6:34](:[#6:35](-[#6:36]2:[#6:37](:[#6:38](:[#7&+:39](-[#6:40]):[#6:47](:[#6:48]:2-[#1:92])-[#1:91])-[#1:83])-[#1:82]):[#6:49](:[#6:50]:1-[#1:94])-[#1:93])-[#1:81])-[#1:80]>>[#8:2](-[#6:4](=[#8:3])-[#6:5])-[#1].[#6:31]-[#7:32]1-[#6:33](=[#6:34](-[#6:35](-[#6:36]2(-[#6:37](=[#6:38](-[#7:39](-[#6:40])-[#6:47](=[#6:48]-2-[#1:92])-[#1:91])-[#1:83])-[#1:82])-[#1])(-[#6:49](=[#6:50]-1-[#1:94])-[#1:93])-[#1])-[#1:81])-[#1:80],"EVODEX.2.1-P890,EVODEX.2.1-P891,EVODEX.2.1-P892,EVODEX.2.1-P893,EVODEX.2.1-P894",10646511579584628830275009036996318321203348546269529387299721002646878804510
EVODEX.2.1-C163,[#6:5]/[#6:6](=[#6:7](/[#6:8])-[#1:77])-[#1:76]>>[#6:5]-[#6:6](-[#6:7](-[#6:8])(-[#1:77])-[#1])(-[#1:76])-[#1],"EVODEX.2.1-P899,EVODEX.2.1-P900,EVODEX.2.1-P901,EVODEX.2.1-P902,EVODEX.2.1-P904",27453832816883626612754115216150927768547457312395410020186963502804650244277
EVODEX.2.1-C165,[#6:1]-[#6:2](=[#6:3](-[#6:4])-[#1:64])-[#6:10].[#6:14]-[#6:16]1=[#6:17](-[#7:18](-[#6@@:19])-[#6:58](=[#6:59](-[#6:60]-1(-[#1:103])-[#1])-[#1:102])-[#1:101])-[#1:77]>>[#6:1]-[#6:2](-[#6:3](-[#6:4])(-[#1:64])-[#1])(-[#6:10])-[#1].[#6:14]-[#6:16]1:[#6:17](:[#7&+:18](-[#6@@:19]):[#6:58](:[#6:59](:[#6:60]:1-[#1:103])-[#1:102])-[#1:101])-[#1:77],"EVODEX.2.1-P912,EVODEX.2.1-P914,EVODEX.2.1-P915,EVODEX.2.1-P916,EVODEX.2.1-P917",79620795297433063461998139035685432182640709744501955123422883934806739155852
EVODEX.2.1-C178,[#7](-[#6:50](-[#8:51])(-[#6:52])-[#1])(-[#1])-[#1]>>[#6:50](-[#8:51])(-[#6:52])=[#8],"EVODEX.2.1-P4338,EVODEX.2.1-P4953,EVODEX.2.1-P5050,EVODEX.2.1-P5561,EVODEX.2.1-P974",17238314664820860473844749027295672293525192106779341422614325960578696026086
EVODEX.2.1-C179,[#6:1]-[#6:2](=[#8:3])-[#6:4].[#6:7]-[#7:8](-[#1])-[#1].[#6:10]-[#6:12]1=[#6:13](-[#7:14](-[#6@@:15])-[#6:54](=[#6:55](-[#6:56]-1(-[#1:94])-[#1])-[#1:93])-[#1:92])-[#1:68]>>[#6:1]-[#6@@:2](-[#6:4])(-[#7:8](-[#6:7])-[#1])-[#1].[#6:10]-[#6:12]1:[#6:13](:[#7&+:14](-[#6@@:15]):[#6:54](:[#6:55](:[#6:56]:1-[#1:94])-[#1:93])-[#1:92])-[#1:68].[#8:3](-[#1])-[#1],"EVODEX.2.1-P1218,EVODEX.2.1-P1238,EVODEX.2.1-P1242,EVODEX.2.1-P1244,EVODEX.2.1-P975",112283910196368024861186124125712641823493836063617773451748012250782808622354
EVODEX.2.1-C180,[#6:1]-[#7:2](-[#6@@:3](-[#6:4])(-[#6:5])-[#1])-[#1].[#8:56](-[#1])-[#1]>>[#6:3](-[#6:4])(-[#6:5])=[#8:56].[#6:1]-[#7:2](-[#1])-[#1],"EVODEX.2.1-P1059,EVODEX.2.1-P1233,EVODEX.2.1-P1246,EVODEX.2.1-P1255,EVODEX.2.1-P976",108579904452695641180541520001788410638679790040300919027463231740917172437089
EVODEX.2.1-C181,[#6:1]-[#7:2](-[#6@@:3](-[#6:4])(-[#6:5])-[#1])-[#1]>>[#6:3](-[#6:4])(-[#6:5])=[#8].[#6:1]-[#7:2](-[#1])-[#1],"EVODEX.2.1-P1230,EVODEX.2.1-P1241,EVODEX.2.1-P1253,EVODEX.2.1-P1257,EVODEX.2.1-P977",34013035485910986734263207983433443450068055673893115174535913944139530279849
EVODEX.2.1-C182,[#6:1]-[#7:2](-[#6@@:3](-[#6:4])(-[#6:5])-[#1])-[#1].[#6:9]-[#6:11]1:[#6:12](:[#6:13](:[#6:14](:[#7&+:15](-[#6@@:16]):[#6:55]:1-[#1:94])-[#1:70])-[#1:69])-[#1:68].[#8:56](-[#1])-[#1]>>[#6:3](-[#6:4])(-[#6:5])=[#8:56].[#6:1]-[#7:2](-[#1])-[#1].[#6:9]-[#6:11]1=[#6:55](-[#7:15](-[#6@@:16])-[#6:14](=[#6:13](-[#6:12]-1(-[#1:68])-[#1])-[#1:69])-[#1:70])-[#1:94],"EVODEX.2.1-P1214,EVODEX.2.1-P1228,EVODEX.2.1-P1247,EVODEX.2.1-P1254,EVODEX.2.1-P978",89431943927820158507757418915418209438812990697462823977275024594903074174070
EVODEX.2.1-C183,[#6:1]-[#7:2](-[#6@@](-[#6](-[#1])(-[#1])-[#1])(-[#6](=[#8])-[#8]-[#1])-[#1])-[#1]>>[#6:1]-[#7:2](-[#1])-[#1],"EVODEX.2.1-P1213,EVODEX.2.1-P1226,EVODEX.2.1-P1232,EVODEX.2.1-P1251,EVODEX.2.1-P979",2206616235122291535690158030444179068586620757034141785030107551371482904748
EVODEX.2.1-C184,[#6:1]-[#7:2](-[#6@@](-[#6](-[#1])(-[#1])-[#1])(-[#6](=[#8])-[#8]-[#1])-[#1])-[#1].[#6:9]-[#6:11]1:[#6:12](:[#6:13](:[#6:14](:[#7&+:15](-[#6@@:16]):[#6:55]:1-[#1:94])-[#1:70])-[#1:69])-[#1:68]>>[#6:1]-[#7:2](-[#1])-[#1].[#6:9]-[#6:11]1=[#6:55](-[#7:15](-[#6@@:16])-[#6:14](=[#6:13](-[#6:12]-1(-[#1:68])-[#1])-[#1:69])-[#1:70])-[#1:94],"EVODEX.2.1-P1225,EVODEX.2.1-P1229,EVODEX.2.1-P1245,EVODEX.2.1-P1250,EVODEX.2.1-P980",14144568715921562290629101030118160739870812840244530898886457458725055629016
EVODEX.2.1-C185,[#7:1](-[#1])(-[#1])-[#1].[#6:51]-[#6:52](=[#8:53])-[#8:54]>>[#7:1](-[#6:52](-[#6:51])(-[#8:54])-[#1])(-[#1])-[#1].[#8:53](-[#1])-[#1],"EVODEX.2.1-P5012,EVODEX.2.1-P5464,EVODEX.2.1-P5544,EVODEX.2.1-P5554,EVODEX.2.1-P988",28700876840881897847359380287736033919259132002514261978954313741668085800320
EVODEX.2.1-C190,[#6:5]-[#6:6](=[#8:7])-[#6:8].[#7:1](-[#1])(-[#1])-[#1].[#8:11](-[#8:12]-[#1])-[#1]>>[#7:1](-[#6@:6](-[#6:5])(-[#6:8])-[#1])(-[#1])-[#1].[#8:11]=[#8:12].[#8:7](-[#1])-[#1],"EVODEX.2.1-P1067,EVODEX.2.1-P1106,EVODEX.2.1-P1115,EVODEX.2.1-P1128,EVODEX.2.1-P1130",76398081078830962062304851059309425048029369469810418182541201268971682777360
EVODEX.2.1-C191,[#6:5]-[#6:6](=[#8:7])-[#6:8].[#8:11](-[#8:12]-[#1])-[#1]>>[#7](-[#6@:6](-[#6:5])(-[#6:8])-[#1])(-[#1])-[#1].[#8:11]=[#8:12].[#8:7](-[#1])-[#1],"EVODEX.2.1-P1068,EVODEX.2.1-P1105,EVODEX.2.1-P1117,EVODEX.2.1-P1118,EVODEX.2.1-P1167",45080054909714551358260778632605736552866469990549922533076040219263556879672
EVODEX.2.1-C192,[#7:1](-[#6:2](-[#6:3])(-[#1:11])-[#1])(-[#1])-[#1].[#8:7]=[#8:8].[#8:6](-[#1])-[#1]>>[#6:2](-[#6:3])(=[#8:6])-[#1:11].[#7:1](-[#1])(-[#1])-[#1].[#8:7](-[#8:8]-[#1])-[#1],"EVODEX.2.1-P1069,EVODEX.2.1-P1073,EVODEX.2.1-P1075,EVODEX.2.1-P1149,EVODEX.2.1-P1155",105697902053715144020677968431812093549675673249773253283426162816050925211032
EVODEX.2.1-C193,[#7](-[#6:2](-[#6:3])(-[#1:14])-[#1])(-[#1])-[#1].[#8:10]=[#8:11].[#8:9](-[#1])-[#1]>>[#6:2](-[#6:3])(=[#8:9])-[#1:14].[#8:10](-[#8:11]-[#1])-[#1],"EVODEX.2.1-P1070,EVODEX.2.1-P1076,EVODEX.2.1-P1147,EVODEX.2.1-P1157,EVODEX.2.1-P1173",109173534066700858382476404621650757309676416957940704197666721692837876046640
EVODEX.2.1-C194,[#7:1](-[#6:2](-[#6:3])(-[#1:14])-[#1])(-[#1])-[#1]>>[#6:2](-[#6:3])(=[#8])-[#1:14].[#7:1](-[#1])(-[#1])-[#1],"EVODEX.2.1-P1071,EVODEX.2.1-P1144,EVODEX.2.1-P1156,EVODEX.2.1-P1176,EVODEX.2.1-P1177",65121692123924789347715761644044025015042544266003048480171627572850665079498
EVODEX.2.1-C195,[#7:1](-[#6:2](-[#6:3])(-[#1:14])-[#1])(-[#1])-[#1].[#8:10]=[#8:11]>>[#6:2](-[#6:3])(=[#8])-[#1:14].[#7:1](-[#1])(-[#1])-[#1].[#8:10](-[#8:11]-[#1])-[#1],"EVODEX.2.1-P1072,EVODEX.2.1-P1142,EVODEX.2.1-P1153,EVODEX.2.1-P1175,EVODEX.2.1-P1209",10651657403810438141969918795021218069548250704445647448156804238358659132486
EVODEX.2.1-C196,[#7](-[#6:2](-[#6:3])(-[#1:12])-[#1])(-[#1])-[#1].[#8:7](-[#1])-[#1]>>[#6:2](-[#6:3])(=[#8:7])-[#1:12],"EVODEX.2.1-P1074,EVODEX.2.1-P1145,EVODEX.2.1-P1152,EVODEX.2.1-P1174,EVODEX.2.1-P1208",99218357923659859868403297212550083755371574705645726088489132387211093216510
EVODEX.2.1-C197,[#7](-[#6:2](-[#6:3])(-[#1:18])-[#1])(-[#1])-[#1]>>[#6:2](-[#6:3])(=[#8])-[#1:18],"EVODEX.2.1-P1077,EVODEX.2.1-P1150,EVODEX.2.1-P1171,EVODEX.2.1-P2454,EVODEX.2.1-P2499",77788936391560326393437055599852171781029407124267411172537730416316591345896
EVODEX.2.1-C198,[#7:1](-[#6:2](-[#6:3])(-[#1:18])-[#1])(-[#1])-[#1].[#8:13](-[#1])-[#1]>>[#6:2](-[#6:3])(=[#8:13])-[#1:18].[#7:1](-[#1])(-[#1])-[#1],"EVODEX.2.1-P1078,EVODEX.2.1-P1146,EVODEX.2.1-P1154,EVODEX.2.1-P1159,EVODEX.2.1-P1168",93610484167804916561165485953074489662593812013156425811690955369950263469875
EVODEX.2.1-C200,[#6:5]-[#6:8](-[#7](-[#1])-[#1])(-[#1:28])-[#1].[#8:11]=[#8:12]>>[#6:5]-[#6:8](=[#8])-[#1:28].[#8:11](-[#8:12]-[#1])-[#1],"EVODEX.2.1-P1098,EVODEX.2.1-P1151,EVODEX.2.1-P1158,EVODEX.2.1-P1161,EVODEX.2.1-P1172",14982220169204762112426481346750743544740307386713064555682009635666690553715
EVODEX.2.1-C201,[#6:6]-[#6:7](=[#8])-[#6:9].[#8:12](-[#8:13]-[#1])-[#1]>>[#7](-[#6@@:7](-[#6:6])(-[#6:9])-[#1])(-[#1])-[#1].[#8:12]=[#8:13],"EVODEX.2.1-P1107,EVODEX.2.1-P1113,EVODEX.2.1-P1119,EVODEX.2.1-P1122,EVODEX.2.1-P1166",34347976833156870975363115854974590503728240900163418623032035178937949769886
EVODEX.2.1-C202,[#6:6]-[#6:7](=[#8])-[#6:9].[#7:1](-[#1])(-[#1])-[#1].[#8:12](-[#8:13]-[#1])-[#1]>>[#7:1](-[#6@@:7](-[#6:6])(-[#6:9])-[#1])(-[#1])-[#1].[#8:12]=[#8:13],"EVODEX.2.1-P1116,EVODEX.2.1-P1120,EVODEX.2.1-P1121,EVODEX.2.1-P1129,EVODEX.2.1-P1131",52775233837184685718826478744285231853128584726400199321443060522927087419488
EVODEX.2.1-C203,[#6:6]-[#6:7](=[#8])-[#1:21]>>[#7](-[#6:7](-[#6:6])(-[#1:21])-[#1])(-[#1])-[#1],"EVODEX.2.1-P1160,EVODEX.2.1-P1162,EVODEX.2.1-P1210,EVODEX.2.1-P2694,EVODEX.2.1-P2801",87334559267457328885605362491442899834043225443700203641192012271745669360384
EVODEX.2.1-C207,[#6](-[#6]1:[#7]:[#6](:[#6](-[#6](-[#8]-[#15](=[#8])(-[#8]-[#1])-[#8]-[#1])(-[#1])-[#1]):[#6](-[#6](-[#7:14](-[#6@@:15])-[#1])(-[#1])-[#1]):[#6]:1-[#8]-[#1])-[#1])(-[#1])(-[#1])-[#1]>>[#7:14](-[#6@@:15])(-[#1])-[#1],"EVODEX.2.1-P1181,EVODEX.2.1-P1187,EVODEX.2.1-P1190,EVODEX.2.1-P1195,EVODEX.2.1-P1207",44598385664246961896362447527951225408970238849080500244938094899302920905528
EVODEX.2.1-C208,[#6](-[#6]1:[#7]:[#6](:[#6](-[#6](-[#8]-[#15](=[#8])(-[#8]-[#1])-[#8]-[#1])(-[#1])-[#1]):[#6](-[#6](-[#7:14](-[#6:15])-[#1])(-[#1])-[#1]):[#6]:1-[#8]-[#1])-[#1])(-[#1])(-[#1])-[#1].[#8:25]=[#8:26]>>[#7:14](-[#6:15])(-[#1])-[#1].[#8:25](-[#8:26]-[#1])-[#1],"EVODEX.2.1-P1184,EVODEX.2.1-P1188,EVODEX.2.1-P1194,EVODEX.2.1-P1196,EVODEX.2.1-P1205",30188783592299557730138802092884663244809407637340141374688365752867780018563
EVODEX.2.1-C209,[#6:20]-[#6:22]1=[#6:23](-[#7:24](-[#6@@:25])-[#6:60](=[#6:61](-[#6:62]-1(-[#1:94])-[#1])-[#1:93])-[#1:92])-[#1:69].[#7:15](-[#6@:14])(-[#1])-[#1]>>[#6](-[#6@](-[#6](=[#8])-[#8]-[#1])(-[#7:15](-[#6@@:14])-[#1])-[#1])(-[#1])(-[#1])-[#1].[#6:20]-[#6:22]1:[#6:23](:[#7&+:24](-[#6@@:25]):[#6:60](:[#6:61](:[#6:62]:1-[#1:94])-[#1:93])-[#1:92])-[#1:69],"EVODEX.2.1-P1212,EVODEX.2.1-P1216,EVODEX.2.1-P1223,EVODEX.2.1-P1243,EVODEX.2.1-P1249",95650501341300898368689911567883519440278290778445117759104475835103176520582
EVODEX.2.1-C210,[#7:56](-[#6@:55])(-[#1])-[#1]>>[#6](-[#6@](-[#6](=[#8])-[#8]-[#1])(-[#7:56](-[#6@@:55])-[#1])-[#1])(-[#1])(-[#1])-[#1],"EVODEX.2.1-P1215,EVODEX.2.1-P1217,EVODEX.2.1-P1224,EVODEX.2.1-P1231,EVODEX.2.1-P1259",29446500782889757696007133480923327795348844919735118096124219461609585304181
EVODEX.2.1-C211,[#6:1]-[#6:2](=[#8])-[#6:4].[#6:20]-[#6:22]1=[#6:23](-[#7:24](-[#6@@:25])-[#6:60](=[#6:61](-[#6:62]-1(-[#1:94])-[#1])-[#1:93])-[#1:92])-[#1:69].[#7:15](-[#6@:14])(-[#1])-[#1]>>[#6:1]-[#6@:2](-[#6:4])(-[#7:15](-[#6@@:14])-[#1])-[#1].[#6:20]-[#6:22]1:[#6:23](:[#7&+:24](-[#6@@:25]):[#6:60](:[#6:61](:[#6:62]:1-[#1:94])-[#1:93])-[#1:92])-[#1:69],"EVODEX.2.1-P1219,EVODEX.2.1-P1222,EVODEX.2.1-P1235,EVODEX.2.1-P1270,EVODEX.2.1-P1274",64611528366740624003601933535513517939517733694800519918758821885938225140667
EVODEX.2.1-C212,[#6:1]-[#6:2](=[#8])-[#6:4].[#7:15](-[#6@:14])(-[#1])-[#1]>>[#6:1]-[#6@:2](-[#6:4])(-[#7:15](-[#6@@:14])-[#1])-[#1],"EVODEX.2.1-P1220,EVODEX.2.1-P1221,EVODEX.2.1-P1239,EVODEX.2.1-P1260,EVODEX.2.1-P1261",46814707133113536949138265706000762248004787461995886097759051540441666082382
EVODEX.2.1-C213,[#6:1]-[#6@@:2](-[#7:3](-[#6@@:4])-[#1])(-[#6:13])-[#1].[#6:17]-[#6:19]1:[#6:20](:[#6:21](:[#6:22](:[#7&+:23](-[#6@@:24]):[#6:63]:1-[#1:111])-[#1:87])-[#1:86])-[#1:85]>>[#6:1]-[#6:2](-[#6:13])=[#8].[#6:17]-[#6:19]1=[#6:63](-[#7:23](-[#6@@:24])-[#6:22](=[#6:21](-[#6:20]-1(-[#1:85])-[#1])-[#1:86])-[#1:87])-[#1:111].[#7:3](-[#6@@:4])(-[#1])-[#1],"EVODEX.2.1-P1227,EVODEX.2.1-P1240,EVODEX.2.1-P1252,EVODEX.2.1-P1256,EVODEX.2.1-P1273",57660825371301217651244014848976755755555925376220083246932116205786947706507
EVODEX.2.1-C214,[#6:1]-[#6:2](=[#8:3])-[#6:4].[#7:51](-[#6:52])(-[#1])-[#1]>>[#6:1]-[#6@:2](-[#6:4])(-[#7:51](-[#6:52])-[#1])-[#1].[#8:3](-[#1])-[#1],"EVODEX.2.1-P1234,EVODEX.2.1-P1236,EVODEX.2.1-P1237,EVODEX.2.1-P1248,EVODEX.2.1-P1258",53819512539216987628888041704006340787259711195625006778377577086346131504257
EVODEX.2.1-C218,[#6:9]-[#7:10](-[#6](=[#8])-[#1])-[#6:13]>>[#6:9]-[#7:10](-[#6:13])-[#1],"EVODEX.2.1-P1272,EVODEX.2.1-P1458,EVODEX.2.1-P1459,EVODEX.2.1-P1462,EVODEX.2.1-P1463",36986194063379403119346890387566639926481788581220897974080710408182074793287
EVODEX.2.1-C219,[#6:1](-[#7:2](-[#6:3])-[#1])(-[#1:10])(-[#1:11])-[#1].[#8:8]=[#8:9]>>[#6:1](=[#8])(-[#1:10])-[#1:11].[#7:2](-[#6:3])(-[#1])-[#1].[#8:8](-[#8:9]-[#1])-[#1],"EVODEX.2.1-P1275,EVODEX.2.1-P1278,EVODEX.2.1-P1285,EVODEX.2.1-P1304,EVODEX.2.1-P1308",16228608327529929992655634292949386359572466965143037721316964147432807426684
EVODEX.2.1-C220,[#6](-[#7:2](-[#6:3])-[#1])(-[#1])(-[#1])-[#1]>>[#7:2](-[#6:3])(-[#1])-[#1],"EVODEX.2.1-P1276,EVODEX.2.1-P1295,EVODEX.2.1-P1298,EVODEX.2.1-P1305,EVODEX.2.1-P1378",69098608650157158773719731517364651169142823736018675901417447786624176502539
EVODEX.2.1-C221,[#6](-[#7:2](-[#6@@:3])-[#1])(-[#1])(-[#1])-[#1].[#8:9]=[#8:10]>>[#7:2](-[#6@@:3])(-[#1])-[#1].[#8:9](-[#8:10]-[#1])-[#1],"EVODEX.2.1-P1279,EVODEX.2.1-P1283,EVODEX.2.1-P1294,EVODEX.2.1-P1302,EVODEX.2.1-P1309",102043069938664559371176539249504483013277355665756001111755714275448382745065
EVODEX.2.1-C222,[#7:5](-[#6@:4])(-[#1])-[#1]>>[#6](-[#7:5](-[#6@@:4])-[#1])(-[#1])(-[#1])-[#1],"EVODEX.2.1-P1280,EVODEX.2.1-P1346,EVODEX.2.1-P1377,EVODEX.2.1-P1389,EVODEX.2.1-P1398",11749754539410886952970647985306150441840744004405444223846398708142507732677
EVODEX.2.1-C223,[#6:1](-[#7:2](-[#6@@:3])-[#1])(-[#1:14])(-[#1:15])-[#1].[#8:12]=[#8:13].[#8:11](-[#1])-[#1]>>[#6:1](=[#8:11])(-[#1:14])-[#1:15].[#7:2](-[#6@@:3])(-[#1])-[#1].[#8:12](-[#8:13]-[#1])-[#1],"EVODEX.2.1-P1281,EVODEX.2.1-P1293,EVODEX.2.1-P1299,EVODEX.2.1-P1306,EVODEX.2.1-P1311",37367144477168484891855747987293328746337930216484376062659824197199482436816
EVODEX.2.1-C224,[#6:1](-[#7:2](-[#6@@:3])-[#1])(-[#1:14])(-[#1:15])-[#1].[#8:11](-[#1])-[#1]>>[#6:1](=[#8:11])(-[#1:14])-[#1:15].[#7:2](-[#6@@:3])(-[#1])-[#1],"EVODEX.2.1-P1282,EVODEX.2.1-P1284,EVODEX.2.1-P1297,EVODEX.2.1-P1301,EVODEX.2.1-P1303",111878707719762780573053370008132050577936410111737078126110530897349977293757
EVODEX.2.1-C225,[#8:11]-[#15:12](=[#8:13])(-[#8:14])-[#8:15]-[#15:16]>>[#8:11]-[#15:12](=[#8:13])(-[#8:14])-[#8]-[#15](-[#8]-[#6](-[#6@]1(-[#8]-[#6@@](-[#7]2:[#6]3:[#7]:[#6](:[#7]:[#6](-[#7](-[#1])-[#1]):[#6]:3:[#7]:[#6]:2-[#1])-[#1])(-[#6@](-[#8]-[#1])(-[#6@@]-1(-[#8]-[#1])-[#1])-[#1])-[#1])-[#1])(-[#1])-[#1])(=[#8])-[#8]-[#1].[#8:15](-[#15:16])-[#1],"EVODEX.2.1-P1315,EVODEX.2.1-P3050,EVODEX.2.1-P3127,EVODEX.2.1-P3131,EVODEX.2.1-P3134",61201566291175130651412864804308574208772682193023104117399684836855787185436
EVODEX.2.1-C227,[#6:47]-[#16:48]-[#16:49]-[#6:50]>>[#6:47]-[#16:48]-[#1].[#16:49](-[#6:50])-[#1],"EVODEX.2.1-P1322,EVODEX.2.1-P1324,EVODEX.2.1-P1329,EVODEX.2.1-P1330,EVODEX.2.1-P1331",252982795141860807456405692478670868489497510985006949944588841346049869454
EVODEX.2.1-C228,[#6:6]-[#16:7]-[#16:8]-[#6:9].[#6:66]-[#6:68]1=[#6:69](-[#7:70](-[#6@@:71])-[#6:110](=[#6:111](-[#6:112]-1(-[#1:199])-[#1])-[#1:198])-[#1:197])-[#1:173]>>[#6:6]-[#16:7]-[#1].[#6:66]-[#6:68]1:[#6:69](:[#7&+:70](-[#6@@:71]):[#6:110](:[#6:111](:[#6:112]:1-[#1:199])-[#1:198])-[#1:197])-[#1:173].[#16:8](-[#6:9])-[#1],"EVODEX.2.1-P1323,EVODEX.2.1-P1325,EVODEX.2.1-P1326,EVODEX.2.1-P1327,EVODEX.2.1-P1328",9606228891583823387534338335618936586124862261892593305325386082098233870809
EVODEX.2.1-C229,[#6](-[#16&+:2](-[#6:3])-[#6:10])(-[#1])(-[#1])-[#1]>>[#16:2](-[#6:3])-[#6:10],"EVODEX.2.1-P1332,EVODEX.2.1-P1393,EVODEX.2.1-P1394,EVODEX.2.1-P1407,EVODEX.2.1-P1452",33322233096333202668436166373782915996459771452581859563166091790701019031564
EVODEX.2.1-C230,[#6:1](-[#16&+](-[#6](-[#6](-[#6@](-[#7](-[#1])-[#1])(-[#6](=[#8])-[#8]-[#1])-[#1])(-[#1])-[#1])(-[#1])-[#1])-[#6](-[#6@]1(-[#8]-[#6@@](-[#7]2:[#6](:[#7]:[#6]3:[#6](-[#7](-[#1])-[#1]):[#7]:[#6](:[#7]:[#6]:2:3)-[#1])-[#1])(-[#6@](-[#8]-[#1])(-[#6@@]-1(-[#8]-[#1])-[#1])-[#1])-[#1])-[#1])(-[#1])-[#1])(-[#1:35])(-[#1:36])-[#1:37].[#6:30]-[#16:31]-[#1]>>[#6:1](-[#16:31]-[#6:30])(-[#1:35])(-[#1:36])-[#1:37],"EVODEX.2.1-P1333,EVODEX.2.1-P1441,EVODEX.2.1-P1444,EVODEX.2.1-P1445,EVODEX.2.1-P1448",50633192925379459252563477523174169716080680555938140112175671674859306308908
EVODEX.2.1-C231,[#6:30]-[#16:31]-[#1]>>[#6](-[#16:31]-[#6:30])(-[#1])(-[#1])-[#1],"EVODEX.2.1-P1334,EVODEX.2.1-P1413,EVODEX.2.1-P1443,EVODEX.2.1-P1446,EVODEX.2.1-P1450",12027058843288345130727543315306357426357243816137529399245762060422195204056
EVODEX.2.1-C235,[#7:9](-[#6@@:8])(-[#6:10])-[#1]>>[#7:9](-[#6@@:8])(-[#6](-[#1])(-[#1])-[#1])-[#6:10],"EVODEX.2.1-P1348,EVODEX.2.1-P1367,EVODEX.2.1-P1401,EVODEX.2.1-P1432,EVODEX.2.1-P1434",6039622031122019727818100527951922280023081385522120666134168921725845592907
EVODEX.2.1-C236,[#7:19](-[#6@:10])(-[#6:20])-[#1].[#6:22](-[#16&+:23](-[#6:24])-[#6:31])(-[#1:68])(-[#1:69])-[#1:70]>>[#7:19](-[#6@:10])(-[#6:22](-[#1:68])(-[#1:69])-[#1:70])-[#6:20].[#16:23](-[#6:24])-[#6:31],"EVODEX.2.1-P1349,EVODEX.2.1-P1364,EVODEX.2.1-P1366,EVODEX.2.1-P1433,EVODEX.2.1-P1435",23083909457987625475166292175849075712347410069125073021612669562391416455778
EVODEX.2.1-C237,[#7:19](-[#6@:10])(-[#6:20])-[#1].[#6:22](-[#16&+](-[#6](-[#6](-[#6@](-[#7](-[#1])-[#1])(-[#6](=[#8])-[#8]-[#1])-[#1])(-[#1])-[#1])(-[#1])-[#1])-[#6](-[#6@]1(-[#8]-[#6@@](-[#7]2:[#6](:[#7]:[#6]3:[#6](-[#7](-[#1])-[#1]):[#7]:[#6](:[#7]:[#6]:2:3)-[#1])-[#1])(-[#6@](-[#8]-[#1])(-[#6@@]-1(-[#8]-[#1])-[#1])-[#1])-[#1])-[#1])(-[#1])-[#1])(-[#1:68])(-[#1:69])-[#1:70]>>[#7:19](-[#6@:10])(-[#6:22](-[#1:68])(-[#1:69])-[#1:70])-[#6:20],"EVODEX.2.1-P1350,EVODEX.2.1-P1365,EVODEX.2.1-P1383,EVODEX.2.1-P1408,EVODEX.2.1-P1431",81486006318600213569108057934648732280216637416066742907905368410206582317535
EVODEX.2.1-C238,[#6:38]-[#16:39]-[#6:40]>>[#6](-[#16&+:39](-[#6:38])-[#6:40])(-[#1])(-[#1])-[#1],"EVODEX.2.1-P1351,EVODEX.2.1-P1395,EVODEX.2.1-P1453,EVODEX.2.1-P1454,EVODEX.2.1-P1455",26857882265751741215848642272549678594463475957055505290184681869813696061569
EVODEX.2.1-C239,[#6:1](-[#16&+](-[#6](-[#6](-[#6@](-[#7](-[#1])-[#1])(-[#6](=[#8])-[#8]-[#1])-[#1])(-[#1])-[#1])(-[#1])-[#1])-[#6](-[#6@]1(-[#8]-[#6@@](-[#7]2:[#6](:[#7]:[#6]3:[#6](-[#7](-[#1])-[#1]):[#7]:[#6](:[#7]:[#6]:2:3)-[#1])-[#1])(-[#6@](-[#8]-[#1])(-[#6@@]-1(-[#8]-[#1])-[#1])-[#1])-[#1])-[#1])(-[#1])-[#1])(-[#1:38])(-[#1:39])-[#1:40].[#7:34](-[#6@:33])(-[#1])-[#1]>>[#6:1](-[#7:34](-[#6@@:33])-[#1])(-[#1:38])(-[#1:39])-[#1:40],"EVODEX.2.1-P1354,EVODEX.2.1-P1397,EVODEX.2.1-P1400,EVODEX.2.1-P1415,EVODEX.2.1-P1420",82415005927724001670877326498486689985430846448322428380206752798459850793320
EVODEX.2.1-C240,[#6:1]-[#6:2](-[#6:3])=[#6:4](-[#6:5])-[#1].[#6:32](-[#16&+:33](-[#6:34])-[#6:41])(-[#1:109])(-[#1:110])-[#1]>>[#6:1]-[#6:2](-[#6:3])(-[#6:4](-[#6:5])=[#6:32](-[#1:109])-[#1:110])-[#1].[#16:33](-[#6:34])-[#6:41],"EVODEX.2.1-P1368,EVODEX.2.1-P1371,EVODEX.2.1-P1373,EVODEX.2.1-P1392,EVODEX.2.1-P1418",73833722941236016025477463217099755223065774282617003745336239567329276214585
EVODEX.2.1-C243,[#6:1](-[#16&+:2](-[#6:3])-[#6:10])(-[#1:33])(-[#1:34])-[#1:35].[#7:28](-[#6:29])(-[#1])-[#1]>>[#6:1](-[#7:28](-[#6:29])-[#1])(-[#1:33])(-[#1:34])-[#1:35].[#16:2](-[#6:3])-[#6:10],"EVODEX.2.1-P1376,EVODEX.2.1-P1399,EVODEX.2.1-P1402,EVODEX.2.1-P1414,EVODEX.2.1-P1436",86286716206522349876395649273233179955898718293792366919481381324257680162422
EVODEX.2.1-C244,[#6:2]-[#6:3](-[#7](-[#1])-[#1])(-[#1:20])-[#1:21].[#7:5](-[#6@@:6])(-[#1])-[#1]>>[#6:2]-[#6:3](-[#7:5](-[#6@@:6])-[#1])(-[#1:20])-[#1:21],"EVODEX.2.1-P1379,EVODEX.2.1-P1380,EVODEX.2.1-P1886,EVODEX.2.1-P2281,EVODEX.2.1-P2286",83348530488465835901031409911859713721490844616626724632866436418579774700768
EVODEX.2.1-C247,[#6:1](-[#16&+:2](-[#6:3])-[#6:10])(-[#1:35])(-[#1:36])-[#1:37].[#6:33]-[#16:34]-[#1]>>[#6:1](-[#16:34]-[#6:33])(-[#1:35])(-[#1:36])-[#1:37].[#16:2](-[#6:3])-[#6:10],"EVODEX.2.1-P1403,EVODEX.2.1-P1412,EVODEX.2.1-P1447,EVODEX.2.1-P1449,EVODEX.2.1-P1451",32530972366668931594795401091105879244644014411546264070073859591797225435846
EVODEX.2.1-C248,[#6:5]-[#7:9]1-[#6:10](-[#7:11](-[#6:12])-[#6:30]-[#6@:31]-1(-[#6:32])-[#1])(-[#1:57])-[#1:58].[#6:35]:[#6:36](:[#6:37])-[#1]>>[#6:10](-[#6:36](:[#6:35]):[#6:37])(-[#1:57])(-[#1:58])-[#1].[#6:5]-[#7:9]=[#6:31](-[#6:30]-[#7:11](-[#6:12])-[#1])-[#6:32],"EVODEX.2.1-P1421,EVODEX.2.1-P1422,EVODEX.2.1-P1423,EVODEX.2.1-P1426,EVODEX.2.1-P1427",111181207899315610501297753193442586998394778763932690386669099709700200932361
EVODEX.2.1-C249,[#6:1](-[#6:2](:[#6:3]):[#6:20])(-[#1:90])(-[#1:91])-[#1].[#6:26]-[#7:30]=[#6:31](-[#6:32]-[#7:33](-[#6:34])-[#1])-[#6:88]>>[#6:1]1(-[#7:30](-[#6:26])-[#6@:31](-[#6:88])(-[#6:32]-[#7:33]-1-[#6:34])-[#1])(-[#1:90])-[#1:91].[#6:2](:[#6:3])(:[#6:20])-[#1],"EVODEX.2.1-P1424,EVODEX.2.1-P1425,EVODEX.2.1-P1428,EVODEX.2.1-P1429,EVODEX.2.1-P1430",11477921607141859247732399281459097140011215603597638330321293329367139654954
EVODEX.2.1-C250,[#7:35](-[#6@:36])(-[#1])-[#1]>>[#6](=[#8])(-[#7:35](-[#6@:36])-[#1])-[#1],"EVODEX.2.1-P1456,EVODEX.2.1-P1457,EVODEX.2.1-P1461,EVODEX.2.1-P5632,EVODEX.2.1-P5633",90734177525964463974616539959198827979858140209780222422475977779960910770674
EVODEX.2.1-C253,[#6:8]-[#7:9](-[#1])-[#1].[#7:13]-[#6:14](=[#8:15])-[#8:16]-[#15:17]>>[#6:8]-[#7:9](-[#6:14](-[#7:13])=[#8:15])-[#1].[#8:16](-[#15:17])-[#1],"EVODEX.2.1-P1465,EVODEX.2.1-P1471,EVODEX.2.1-P1474,EVODEX.2.1-P1476,EVODEX.2.1-P1479",5423227630946643296975216638329404331675636091471526907318231265700254342235
EVODEX.2.1-C254,[#6:8]-[#7:9](-[#1])-[#1].[#7:13]-[#6:14](=[#8:15])-[#8]-[#15](=[#8])(-[#8]-[#1])-[#8]-[#1]>>[#6:8]-[#7:9](-[#6:14](-[#7:13])=[#8:15])-[#1],"EVODEX.2.1-P1466,EVODEX.2.1-P1467,EVODEX.2.1-P1472,EVODEX.2.1-P1475,EVODEX.2.1-P1480",85742904798637488685479534671435450933607119301840328407917234799289876265069
EVODEX.2.1-C255,[#7:9](-[#6:10])(-[#1])-[#1]>>[#7](-[#6](=[#8])-[#7:9](-[#6:10])-[#1])(-[#1])-[#1],"EVODEX.2.1-P1468,EVODEX.2.1-P1470,EVODEX.2.1-P1473,EVODEX.2.1-P1477,EVODEX.2.1-P1478",18989158729408560754191426200884028045681331001895824241215952316379815540114
EVODEX.2.1-C256,[#7](-[#6](=[#8])-[#7:4](-[#6:5])-[#1])(-[#1])-[#1]>>[#7:4](-[#6:5])(-[#1])-[#1],"EVODEX.2.1-P1469,EVODEX.2.1-P5576,EVODEX.2.1-P5585,EVODEX.2.1-P5620,EVODEX.2.1-P5760",78351838536406200502538460798440271884212724607906660838467153696662014202741
EVODEX.2.1-C257,[#7:13](-[#6:14])(-[#1])-[#1].[#7:1]=[#6:2](-[#7:3])-[#7:4](-[#6:5])-[#1]>>[#7:4](-[#6:5])(-[#1])-[#1].[#7:1]=[#6:2](-[#7:3])-[#7:13](-[#6:14])-[#1],"EVODEX.2.1-P1481,EVODEX.2.1-P1483,EVODEX.2.1-P1486,EVODEX.2.1-P1489,EVODEX.2.1-P1490",30826825438350027371166068901523902586281949433787522583240722103137494887022
EVODEX.2.1-C258,[#7](=[#6](-[#7](-[#1])-[#1])-[#7:4](-[#6:5])-[#1])-[#1]>>[#7:4](-[#6:5])(-[#1])-[#1],"EVODEX.2.1-P1482,EVODEX.2.1-P4853,EVODEX.2.1-P4975,EVODEX.2.1-P5756,EVODEX.2.1-P5759",82952730738992680130187672692497590162588156675751517342261552497947591610049
EVODEX.2.1-C259,[#7:13](-[#6:14])(-[#1])-[#1]>>[#7](=[#6](-[#7](-[#1])-[#1])-[#7:13](-[#6:14])-[#1])-[#1],"EVODEX.2.1-P1484,EVODEX.2.1-P1485,EVODEX.2.1-P1487,EVODEX.2.1-P1488,EVODEX.2.1-P5098",33019492467120225969246801888175038299408521418833479286666042865075991812204
EVODEX.2.1-C260,[#8:15]=[#6:16](-[#6@:17])-[#1:29].[#8:1]=[#6:2](-[#6:3])-[#6@@](-[#8]-[#1])(-[#6@](-[#8]-[#1])(-[#6](-[#8]-[#15](=[#8])(-[#8]-[#1])-[#8]-[#1])(-[#1])-[#1])-[#1])-[#1]>>[#8:1]=[#6:2](-[#6:3])-[#6@@:16](-[#8:15]-[#1])(-[#6@:17])-[#1:29],"EVODEX.2.1-P1491,EVODEX.2.1-P1505,EVODEX.2.1-P1506,EVODEX.2.1-P1507,EVODEX.2.1-P1508",107119355896800279133746373986575434569177907269575113882681912647863838692611
EVODEX.2.1-C261,[#8:1]=[#6:2](-[#8:3]-[#1])-[#6:4](=[#8:5])-[#6:6].[#8:8]=[#6:9](-[#6:10])-[#1:21]>>[#6:4](=[#8:5])(-[#6:6])-[#6@@:9](-[#8:8]-[#1])(-[#6:10])-[#1:21].[#8:1]=[#6:2]=[#8:3],"EVODEX.2.1-P1492,EVODEX.2.1-P1498,EVODEX.2.1-P1499,EVODEX.2.1-P1501,EVODEX.2.1-P1517",51776565900209690792307580167458043004686620144843744482590811385776545190725
EVODEX.2.1-C262,[#8]=[#6](-[#8]-[#1])-[#6:4](=[#8:5])-[#6:6].[#8:8]=[#6:9](-[#6:10])-[#1:21]>>[#6:4](=[#8:5])(-[#6:6])-[#6@@:9](-[#8:8]-[#1])(-[#6:10])-[#1:21],"EVODEX.2.1-P1493,EVODEX.2.1-P1496,EVODEX.2.1-P1510,EVODEX.2.1-P1513,EVODEX.2.1-P1518",13458408625803938746375655257793559868925501486668120655969360521853461500962
EVODEX.2.1-C263,[#8:8]=[#6:9](-[#6:10])-[#1:21]>>[#6](=[#8])(-[#6](-[#8]-[#1])(-[#1])-[#1])-[#6@@:9](-[#8:8]-[#1])(-[#6:10])-[#1:21],"EVODEX.2.1-P1494,EVODEX.2.1-P1495,EVODEX.2.1-P1497,EVODEX.2.1-P1500,EVODEX.2.1-P1503",4173407002065574752644158541755943509784048153212628159149251565241808689153
EVODEX.2.1-C265,[#6:2]-[#6:4](=[#8:5])-[#6](=[#8])-[#8]-[#1]>>[#6:2]-[#6:4](=[#8:5])-[#1],"EVODEX.2.1-P1511,EVODEX.2.1-P5908,EVODEX.2.1-P5916,EVODEX.2.1-P5919,EVODEX.2.1-P5950",46617232570627386861289209973965239262620167174808892370802348545335970139613
EVODEX.2.1-C266,[#6:2]-[#6:4](=[#8:5])-[#6:6](=[#8:7])-[#8:8]-[#1]>>[#6:6](=[#8:7])=[#8:8].[#6:2]-[#6:4](=[#8:5])-[#1],"EVODEX.2.1-P1512,EVODEX.2.1-P5909,EVODEX.2.1-P5917,EVODEX.2.1-P5920,EVODEX.2.1-P5923",95305312180509765870931046288729002907539878653721926449013040149728960033326
EVODEX.2.1-C267,[#8:9]=[#6:10](-[#6:11])-[#1:22]>>[#7](-[#6@](-[#6](=[#8])-[#8]-[#1])(-[#6@:10](-[#8:9]-[#1])(-[#6:11])-[#1:22])-[#1])(-[#1])-[#1],"EVODEX.2.1-P1514,EVODEX.2.1-P1515,EVODEX.2.1-P1516,EVODEX.2.1-P6026,EVODEX.2.1-P6058",45442958484112223093048741169948298640523868795920239568892840759869623042315
EVODEX.2.1-C268,[#7:53](-[#6@@:54])(-[#1])-[#1]>>[#6](-[#6](-[#6](=[#8])-[#7:53](-[#6@@:54])-[#1])(-[#1])-[#1])(-[#1])(-[#1])-[#1],"EVODEX.2.1-P1519,EVODEX.2.1-P1609,EVODEX.2.1-P1627,EVODEX.2.1-P1730,EVODEX.2.1-P5541",22730519062065581124761913383776889181573391584517503028114907043418603634838
EVODEX.2.1-C270,[#6:65]-[#8:66]-[#1]>>[#6](-[#8]-[#6]1:[#6](:[#6](/[#6](=[#6](/[#6](=[#8])-[#8:66]-[#6:65])-[#1])-[#1]):[#6](:[#6](:[#6]:1-[#8]-[#1])-[#1])-[#1])-[#1])(-[#1])(-[#1])-[#1],"EVODEX.2.1-P1521,EVODEX.2.1-P1651,EVODEX.2.1-P1652,EVODEX.2.1-P1655,EVODEX.2.1-P3674",65769383467680599756882582487191919024942352225467972316121318925156298381539
EVODEX.2.1-C271,[#6:64]-[#8:65]-[#1]>>[#6](=[#8])(/[#6](=[#6](/[#6]1:[#6](:[#6](:[#6](-[#8]-[#1]):[#6](-[#8]-[#1]):[#6]:1-[#1])-[#1])-[#1])-[#1])-[#1])-[#8:65]-[#6:64],"EVODEX.2.1-P1522,EVODEX.2.1-P1566,EVODEX.2.1-P1594,EVODEX.2.1-P1696,EVODEX.2.1-P3670",9892581243094519582923885216294339757101880263673603431294017461421348001112
EVODEX.2.1-C272,[#6:47]-[#16:48]-[#1].[#8:77](-[#6@@:76])-[#6:78](-[#6:79])=[#8:80]>>[#6:47]-[#16:48]-[#6:78](-[#6:79])=[#8:80].[#8:77](-[#6@@:76])-[#1],"EVODEX.2.1-P1523,EVODEX.2.1-P1585,EVODEX.2.1-P1691,EVODEX.2.1-P1715,EVODEX.2.1-P1722",40240897339127859080234344300017056800457985999958936917722817158671123176001
EVODEX.2.1-C274,[#7:62](-[#6:63])(-[#1])-[#1]>>[#6](-[#8]-[#6]1:[#6](:[#6](/[#6](=[#6](/[#6](=[#8])-[#7:62](-[#6:63])-[#1])-[#1])-[#1]):[#6](:[#6](:[#6]:1-[#8]-[#1])-[#1])-[#1])-[#1])(-[#1])(-[#1])-[#1],"EVODEX.2.1-P1525,EVODEX.2.1-P1529,EVODEX.2.1-P1532,EVODEX.2.1-P1576,EVODEX.2.1-P1781",46543475669303652303752277706420807586216117631385355177908313423437199967209
EVODEX.2.1-C275,[#7:61](-[#6:62])(-[#1])-[#1]>>[#6](=[#8])(/[#6](=[#6](/[#6]1:[#6](:[#6](:[#6](-[#8]-[#1]):[#6](-[#8]-[#1]):[#6]:1-[#1])-[#1])-[#1])-[#1])-[#1])-[#7:61](-[#6:62])-[#1],"EVODEX.2.1-P1527,EVODEX.2.1-P1535,EVODEX.2.1-P1536,EVODEX.2.1-P1571,EVODEX.2.1-P1574",87170169442443861489440471630531363743637545707321407002052223329325730547298
EVODEX.2.1-C277,[#6:87]-[#8:88]-[#1]>>[#6](=[#8])(-[#6](-[#6](=[#8])-[#8]-[#1])(-[#1])-[#1])-[#8:88]-[#6:87],"EVODEX.2.1-P1537,EVODEX.2.1-P1538,EVODEX.2.1-P1622,EVODEX.2.1-P1623,EVODEX.2.1-P1692",100708860301006041674052776172678789607234376174002925153973620288414072878422
EVODEX.2.1-C278,[#6:2]-[#6:3](=[#8:4])-[#16]-[#6](-[#6](-[#7](-[#6](=[#8])-[#6](-[#6](-[#7](-[#6](=[#8])-[#6@](-[#8]-[#1])(-[#6](-[#6](-[#1])(-[#1])-[#1])(-[#6](-[#1])(-[#1])-[#1])-[#6](-[#8]-[#15](=[#8])(-[#8]-[#1])-[#8]-[#15](=[#8])(-[#8]-[#1])-[#8]-[#6](-[#6@]1(-[#8]-[#6@@](-[#7]2:[#6](:[#7]:[#6]3:[#6](-[#7](-[#1])-[#1]):[#7]:[#6](:[#7]:[#6]:2:3)-[#1])-[#1])(-[#6@](-[#8]-[#1])(-[#6@@]-1(-[#8]-[#15](=[#8])(-[#8]-[#1])-[#8]-[#1])-[#1])-[#1])-[#1])-[#1])(-[#1])-[#1])(-[#1])-[#1])-[#1])-[#1])(-[#1])-[#1])(-[#1])-[#1])-[#1])(-[#1])-[#1])(-[#1])-[#1].[#7:65]-[#8:66]-[#1]>>[#6:2]-[#6:3](=[#8:4])-[#8:66]-[#7:65],"EVODEX.2.1-P1540,EVODEX.2.1-P1543,EVODEX.2.1-P1546,EVODEX.2.1-P1548,EVODEX.2.1-P1549",88899416522260561102880579694783208524642708008474938468309997938493237554408
EVODEX.2.1-C279,[#6:47]-[#16:48]-[#6:49](=[#8:50])-[#6:51].[#7:67]-[#8:68]-[#1]>>[#6:49](=[#8:50])(-[#6:51])-[#8:68]-[#7:67].[#6:47]-[#16:48]-[#1],"EVODEX.2.1-P1541,EVODEX.2.1-P1542,EVODEX.2.1-P1544,EVODEX.2.1-P1545,EVODEX.2.1-P1547",70320696516817096551805331329783942580810154226147365980611119034580856702906
EVODEX.2.1-C280,[#6:62]-[#16:63]-[#1].[#6:1]-[#6:2](=[#8:3])-[#16:4]-[#6:5]>>[#6:1]-[#6:2](=[#8:3])-[#16:63]-[#6:62].[#16:4](-[#6:5])-[#1],"EVODEX.2.1-P1550,EVODEX.2.1-P1621,EVODEX.2.1-P1703,EVODEX.2.1-P1779,EVODEX.2.1-P1790",19611295887699835791012557402198313561163125869515581903166471337320872407320
EVODEX.2.1-C283,[#6:17]-[#6:18](=[#8:19])-[#16:20]-[#6:21]>>[#6:17]-[#6:18](=[#8:19])-[#7](-[#6](-[#6](=[#8])-[#8]-[#1])(-[#1])-[#1])-[#1].[#16:20](-[#6:21])-[#1],"EVODEX.2.1-P1553,EVODEX.2.1-P1555,EVODEX.2.1-P1675,EVODEX.2.1-P1783,EVODEX.2.1-P1784",108441387655001842205661218492126663313442249401265400546125573651789051535890
EVODEX.2.1-C284,[#6:61]-[#7:62](-[#1])-[#1]>>[#6](=[#8])(-[#6]1:[#6](:[#6](:[#6](:[#6](:[#6]:1-[#1])-[#1])-[#1])-[#1])-[#1])-[#7:62](-[#6:61])-[#1],"EVODEX.2.1-P1554,EVODEX.2.1-P1556,EVODEX.2.1-P1786,EVODEX.2.1-P5628,EVODEX.2.1-P5629",61903841426069176145156191829660730118432070768242061104597615463881187254787
EVODEX.2.1-C285,[#6:4]-[#6:5](=[#8:6])-[#16]-[#6](-[#6](-[#7](-[#6](=[#8])-[#6](-[#6](-[#7](-[#6](=[#8])-[#6@](-[#8]-[#1])(-[#6](-[#6](-[#1])(-[#1])-[#1])(-[#6](-[#1])(-[#1])-[#1])-[#6](-[#8]-[#15](=[#8])(-[#8]-[#1])-[#8]-[#15](=[#8])(-[#8]-[#1])-[#8]-[#6](-[#6@]1(-[#8]-[#6@@](-[#7]2:[#6](:[#7]:[#6]3:[#6](-[#7](-[#1])-[#1]):[#7]:[#6](:[#7]:[#6]:2:3)-[#1])-[#1])(-[#6@](-[#8]-[#1])(-[#6@@]-1(-[#8]-[#15](=[#8])(-[#8]-[#1])-[#8]-[#1])-[#1])-[#1])-[#1])-[#1])(-[#1])-[#1])(-[#1])-[#1])-[#1])-[#1])(-[#1])-[#1])(-[#1])-[#1])-[#1])(-[#1])-[#1])(-[#1])-[#1]>>[#6:4]-[#6:5](=[#8:6])-[#7](-[#6](-[#6](=[#8])-[#8]-[#1])(-[#1])-[#1])-[#1],"EVODEX.2.1-P1557,EVODEX.2.1-P1558,EVODEX.2.1-P1676,EVODEX.2.1-P1782,EVODEX.2.1-P1788",44411483799763007325866825150173284046250604916590748731843476565917163579319
EVODEX.2.1-C286,[#8:68](-[#6@@:67])-[#1]>>[#6](-[#8]-[#6]1:[#6](:[#6](/[#6](=[#6](/[#6](=[#8])-[#8:68]-[#6@:67])-[#1])-[#1]):[#6](:[#6](-[#8]-[#6](-[#1])(-[#1])-[#1]):[#6]:1-[#8]-[#1])-[#1])-[#1])(-[#1])(-[#1])-[#1],"EVODEX.2.1-P1559,EVODEX.2.1-P1582,EVODEX.2.1-P1853,EVODEX.2.1-P1854,EVODEX.2.1-P3672",65252553361648896448759679051943541527333375156110044300185703245036023128462
EVODEX.2.1-C287,[#8:70](-[#6@:69])-[#1]>>[#6](=[#8])(/[#6](=[#6](/[#6]1:[#6](:[#6](:[#6](-[#8]-[#1]):[#6](:[#6]:1-[#1])-[#1])-[#1])-[#1])-[#1])-[#1])-[#8:70]-[#6@:69],"EVODEX.2.1-P1563,EVODEX.2.1-P1580,EVODEX.2.1-P1694,EVODEX.2.1-P1698,EVODEX.2.1-P3671",83518608076711342261750718355074924794134724283716484870012190554431528045422
EVODEX.2.1-C288,[#6](-[#8]-[#6]1:[#6](:[#6](/[#6](=[#6](/[#6](=[#8])-[#8:58]-[#6@@:59])-[#1])-[#1]):[#6](:[#6](:[#6]:1-[#8]-[#1])-[#1])-[#1])-[#1])(-[#1])(-[#1])-[#1]>>[#8:58](-[#6@@:59])-[#1],"EVODEX.2.1-P1567,EVODEX.2.1-P3665,EVODEX.2.1-P3667,EVODEX.2.1-P3669,EVODEX.2.1-P3676",41478314684157489517779914348632027096060788778234365853234414703915854821671
EVODEX.2.1-C289,[#7:64](-[#6@:63])(-[#1])-[#1]>>[#6](=[#8])(-[#6](-[#6]1:[#6](:[#6](:[#6](:[#6](:[#6]:1-[#1])-[#1])-[#1])-[#1])-[#1])(-[#1])-[#1])-[#7:64](-[#6@@:63])-[#1],"EVODEX.2.1-P1577,EVODEX.2.1-P5338,EVODEX.2.1-P5340,EVODEX.2.1-P5348,EVODEX.2.1-P5360",78422343915551997634086808347408175017882654493370110035073880074169513334526
EVODEX.2.1-C290,[#6:42]-[#8:43]-[#1]>>[#6:42]-[#8:43]-[#6](-[#6](-[#6](-[#6](-[#6](-[#6](-[#6](-[#6](-[#6](-[#6](-[#6](-[#6](-[#6](-[#6](-[#6](-[#6](-[#1])(-[#1])-[#1])(-[#1])-[#1])(-[#1])-[#1])(-[#1])-[#1])(-[#1])-[#1])(-[#1])-[#1])(-[#1])-[#1])(-[#1])-[#1])(-[#1])-[#1])(-[#1])-[#1])(-[#1])-[#1])(-[#1])-[#1])(-[#1])-[#1])(-[#1])-[#1])(-[#1])-[#1])=[#8],"EVODEX.2.1-P1584,EVODEX.2.1-P1717,EVODEX.2.1-P1718,EVODEX.2.1-P1763,EVODEX.2.1-P1817",104143484162038730389336901663207918987594265938301615096252194235908793709709
EVODEX.2.1-C291,[#6](-[#6](-[#6](-[#6](-[#6](-[#6](-[#6](-[#6](-[#6](-[#6](-[#6](-[#6](-[#6](-[#6](-[#6](-[#6](=[#8])-[#8:66]-[#6:67])(-[#1])-[#1])(-[#1])-[#1])(-[#1])-[#1])(-[#1])-[#1])(-[#1])-[#1])(-[#1])-[#1])(-[#1])-[#1])(-[#1])-[#1])(-[#1])-[#1])(-[#1])-[#1])(-[#1])-[#1])(-[#1])-[#1])(-[#1])-[#1])(-[#1])-[#1])(-[#1])(-[#1])-[#1]>>[#8:66](-[#6:67])-[#1],"EVODEX.2.1-P1586,EVODEX.2.1-P1789,EVODEX.2.1-P3409,EVODEX.2.1-P3589,EVODEX.2.1-P3637",33462130233299290380626495243239382715964373632859531410482231628596123530687
EVODEX.2.1-C292,[#6:17]-[#6:18](=[#8:19])-[#16]-[#6](-[#6](-[#7](-[#6](=[#8])-[#6](-[#6](-[#7](-[#6](=[#8])-[#6@](-[#8]-[#1])(-[#6](-[#6](-[#1])(-[#1])-[#1])(-[#6](-[#1])(-[#1])-[#1])-[#6](-[#8]-[#15](=[#8])(-[#8]-[#1])-[#8]-[#15](=[#8])(-[#8]-[#1])-[#8]-[#6](-[#6@]1(-[#8]-[#6@@](-[#7]2:[#6](:[#7]:[#6]3:[#6](-[#7](-[#1])-[#1]):[#7]:[#6](:[#7]:[#6]:2:3)-[#1])-[#1])(-[#6@](-[#8]-[#1])(-[#6@@]-1(-[#8]-[#15](=[#8])(-[#8]-[#1])-[#8]-[#1])-[#1])-[#1])-[#1])-[#1])(-[#1])-[#1])(-[#1])-[#1])-[#1])-[#1])(-[#1])-[#1])(-[#1])-[#1])-[#1])(-[#1])-[#1])(-[#1])-[#1]>>[#6:17]-[#6:18](=[#8:19])-[#8]-[#6](-[#6@](-[#6](-[#8]-[#15](=[#8])(-[#8]-[#1])-[#8]-[#1])(-[#1])-[#1])(-[#8]-[#1])-[#1])(-[#1])-[#1],"EVODEX.2.1-P1587,EVODEX.2.1-P1588,EVODEX.2.1-P1589,EVODEX.2.1-P1592,EVODEX.2.1-P1731",47439277254018571808211064767120619007431325211246079659479964204586059385737
EVODEX.2.1-C293,[#6:19]-[#6:20](=[#8:21])-[#16:22]-[#6:23]>>[#6:19]-[#6:20](=[#8:21])-[#8]-[#6](-[#6@](-[#6](-[#8]-[#15](=[#8])(-[#8]-[#1])-[#8]-[#1])(-[#1])-[#1])(-[#8]-[#1])-[#1])(-[#1])-[#1].[#16:22](-[#6:23])-[#1],"EVODEX.2.1-P1590,EVODEX.2.1-P1591,EVODEX.2.1-P1593,EVODEX.2.1-P1685,EVODEX.2.1-P1732",46994491973143380557745610620379584691409892111835102024145305858678560276882
EVODEX.2.1-C294,[#6:1](-[#6:2])(-[#1:115])(-[#1:116])-[#1].[#6:64]-[#6:65](=[#8:66])-[#16:67]-[#6:68]>>[#6:1](-[#6:2])(-[#6:65](-[#6:64])=[#8:66])(-[#1:115])-[#1:116].[#16:67](-[#6:68])-[#1],"EVODEX.2.1-P1596,EVODEX.2.1-P1599,EVODEX.2.1-P1842,EVODEX.2.1-P1845,EVODEX.2.1-P1848",70003165847674726562323364630191917038931935891559696622437493250875034167377
EVODEX.2.1-C295,[#6:64]-[#6:65](=[#8:66])-[#16:67]-[#6:68]>>[#6](-[#6](=[#8])-[#16]-[#6](-[#6](-[#7](-[#6](=[#8])-[#6](-[#6](-[#7](-[#6](=[#8])-[#6@](-[#8]-[#1])(-[#6](-[#6](-[#1])(-[#1])-[#1])(-[#6](-[#1])(-[#1])-[#1])-[#6](-[#8]-[#15](=[#8])(-[#8]-[#1])-[#8]-[#15](=[#8])(-[#8]-[#1])-[#8]-[#6](-[#6@]1(-[#8]-[#6@@](-[#7]2:[#6](:[#7]:[#6]3:[#6](-[#7](-[#1])-[#1]):[#7]:[#6](:[#7]:[#6]:2:3)-[#1])-[#1])(-[#6@](-[#8]-[#1])(-[#6@@]-1(-[#8]-[#15](=[#8])(-[#8]-[#1])-[#8]-[#1])-[#1])-[#1])-[#1])-[#1])(-[#1])-[#1])(-[#1])-[#1])-[#1])-[#1])(-[#1])-[#1])(-[#1])-[#1])-[#1])(-[#1])-[#1])(-[#1])-[#1])(-[#6:65](-[#6:64])=[#8:66])(-[#1])-[#1].[#16:67](-[#6:68])-[#1],"EVODEX.2.1-P1597,EVODEX.2.1-P1604,EVODEX.2.1-P1605,EVODEX.2.1-P1686,EVODEX.2.1-P1687",52074809261632973735121811562603183021882860369901912427938661018463733048316
EVODEX.2.1-C296,[#6:47]-[#16:48]-[#1].[#6:61]-[#6:62](=[#8:63])-[#6:64](-[#6:65])(-[#1:178])-[#1:179]>>[#6:47]-[#16:48]-[#6:62](-[#6:61])=[#8:63].[#6:64](-[#6:65])(-[#1:178])(-[#1:179])-[#1],"EVODEX.2.1-P1598,EVODEX.2.1-P1601,EVODEX.2.1-P1625,EVODEX.2.1-P1847,EVODEX.2.1-P1851",77599644476459712306213907509716827624313866892601624122484947855294628237248
EVODEX.2.1-C297,[#6:1](-[#6:2])(-[#1:105])(-[#1:106])-[#1].[#6:54]-[#6:55](=[#8:56])-[#16]-[#6](-[#6](-[#7](-[#6](=[#8])-[#6](-[#6](-[#7](-[#6](=[#8])-[#6@](-[#8]-[#1])(-[#6](-[#6](-[#1])(-[#1])-[#1])(-[#6](-[#1])(-[#1])-[#1])-[#6](-[#8]-[#15](=[#8])(-[#8]-[#1])-[#8]-[#15](=[#8])(-[#8]-[#1])-[#8]-[#6](-[#6@]1(-[#8]-[#6@@](-[#7]2:[#6](:[#7]:[#6]3:[#6](-[#7](-[#1])-[#1]):[#7]:[#6](:[#7]:[#6]:2:3)-[#1])-[#1])(-[#6@](-[#8]-[#1])(-[#6@@]-1(-[#8]-[#15](=[#8])(-[#8]-[#1])-[#8]-[#1])-[#1])-[#1])-[#1])-[#1])(-[#1])-[#1])(-[#1])-[#1])-[#1])-[#1])(-[#1])-[#1])(-[#1])-[#1])-[#1])(-[#1])-[#1])(-[#1])-[#1]>>[#6:1](-[#6:2])(-[#6:55](-[#6:54])=[#8:56])(-[#1:105])-[#1:106],"EVODEX.2.1-P1600,EVODEX.2.1-P1603,EVODEX.2.1-P1846,EVODEX.2.1-P1849,EVODEX.2.1-P1850",77485708089465699310492209911166399705139867778230482762618066685683966907361
EVODEX.2.1-C298,[#6:53]-[#6:54](=[#8:55])-[#6:56](-[#6:57])(-[#1:154])-[#1:155]>>[#6](-[#6](-[#6](-[#1])(-[#1])-[#1])(-[#6](-[#8]-[#15](=[#8])(-[#8]-[#1])-[#8]-[#15](=[#8])(-[#8]-[#1])-[#8]-[#6](-[#6@]1(-[#8]-[#6@@](-[#7]2:[#6](:[#7]:[#6]3:[#6](-[#7](-[#1])-[#1]):[#7]:[#6](:[#7]:[#6]:2:3)-[#1])-[#1])(-[#6@](-[#8]-[#1])(-[#6@@]-1(-[#8]-[#15](=[#8])(-[#8]-[#1])-[#8]-[#1])-[#1])-[#1])-[#1])-[#1])(-[#1])-[#1])(-[#1])-[#1])-[#6@@](-[#8]-[#1])(-[#6](=[#8])-[#7](-[#6](-[#6](-[#6](=[#8])-[#7](-[#6](-[#6](-[#16]-[#6:54](-[#6:53])=[#8:55])(-[#1])-[#1])(-[#1])-[#1])-[#1])(-[#1])-[#1])(-[#1])-[#1])-[#1])-[#1])(-[#1])(-[#1])-[#1].[#6:56](-[#6:57])(-[#1:154])(-[#1:155])-[#1],"EVODEX.2.1-P1602,EVODEX.2.1-P1626,EVODEX.2.1-P1843,EVODEX.2.1-P1844,EVODEX.2.1-P1852",107135082505360933069903841277109339328354328772472608186405093898407535744217
EVODEX.2.1-C300,[#6:23]-[#8:24]-[#1]>>[#6:23]-[#8:24]-[#6](=[#8])-[#6](-[#6](-[#6](-[#6](-[#6](-[#6](-[#6](/[#6](=[#6](\[#6](-[#6](-[#6](-[#6](-[#6](-[#6](-[#6](-[#6](-[#1])(-[#1])-[#1])(-[#1])-[#1])(-[#1])-[#1])(-[#1])-[#1])(-[#1])-[#1])(-[#1])-[#1])(-[#1])-[#1])(-[#1])-[#1])-[#1])-[#1])(-[#1])-[#1])(-[#1])-[#1])(-[#1])-[#1])(-[#1])-[#1])(-[#1])-[#1])(-[#1])-[#1])(-[#1])-[#1],"EVODEX.2.1-P1610,EVODEX.2.1-P1690,EVODEX.2.1-P1700,EVODEX.2.1-P1711,EVODEX.2.1-P1794",43031501666258270626818867950039817427977630047894930195037833667275167621546
EVODEX.2.1-C301,[#6](-[#6](-[#6](-[#6](-[#6](-[#6](-[#6](-[#6](/[#6](=[#6](\[#6](-[#6](-[#6](-[#6](-[#6](-[#6](-[#6](-[#6](=[#8])-[#8:64]-[#6:65])(-[#1])-[#1])(-[#1])-[#1])(-[#1])-[#1])(-[#1])-[#1])(-[#1])-[#1])(-[#1])-[#1])(-[#1])-[#1])-[#1])-[#1])(-[#1])-[#1])(-[#1])-[#1])(-[#1])-[#1])(-[#1])-[#1])(-[#1])-[#1])(-[#1])-[#1])(-[#1])-[#1])(-[#1])(-[#1])-[#1]>>[#8:64](-[#6:65])-[#1],"EVODEX.2.1-P1613,EVODEX.2.1-P1764,EVODEX.2.1-P3511,EVODEX.2.1-P3515,EVODEX.2.1-P3562",75727827674341056639323371996512223879990836232527735690484685841156147459524
EVODEX.2.1-C302,[#6:1]-[#6:2](=[#8:3])-[#16]-[#6](-[#6](-[#7](-[#6](=[#8])-[#6](-[#6](-[#7](-[#6](=[#8])-[#6@](-[#8]-[#1])(-[#6](-[#6](-[#1])(-[#1])-[#1])(-[#6](-[#1])(-[#1])-[#1])-[#6](-[#8]-[#15](=[#8])(-[#8]-[#1])-[#8]-[#15](=[#8])(-[#8]-[#1])-[#8]-[#6](-[#6@]1(-[#8]-[#6@@](-[#7]2:[#6](:[#7]:[#6]3:[#6](-[#7](-[#1])-[#1]):[#7]:[#6](:[#7]:[#6]:2:3)-[#1])-[#1])(-[#6@](-[#8]-[#1])(-[#6@@]-1(-[#8]-[#15](=[#8])(-[#8]-[#1])-[#8]-[#1])-[#1])-[#1])-[#1])-[#1])(-[#1])-[#1])(-[#1])-[#1])-[#1])-[#1])(-[#1])-[#1])(-[#1])-[#1])-[#1])(-[#1])-[#1])(-[#1])-[#1].[#8:52](-[#1])-[#1]>>[#6:1]-[#6:2](=[#8:3])-[#8:52]-[#1],"EVODEX.2.1-P1614,EVODEX.2.1-P3712,EVODEX.2.1-P3714,EVODEX.2.1-P3716,EVODEX.2.1-P5564",106850761320781306509502818955175698388521881457982605830759649408728223229696
EVODEX.2.1-C303,[#6:5]-[#6:6](=[#8:7])-[#16]-[#6](-[#6](-[#7](-[#6](=[#8])-[#6](-[#6](-[#7](-[#6](=[#8])-[#6@](-[#8]-[#1])(-[#6](-[#6](-[#1])(-[#1])-[#1])(-[#6](-[#1])(-[#1])-[#1])-[#6](-[#8]-[#15](=[#8])(-[#8]-[#1])-[#8]-[#15](=[#8])(-[#8]-[#1])-[#8]-[#6](-[#6@]1(-[#8]-[#6@@](-[#7]2:[#6](:[#7]:[#6]3:[#6](-[#7](-[#1])-[#1]):[#7]:[#6](:[#7]:[#6]:2:3)-[#1])-[#1])(-[#6@](-[#8]-[#1])(-[#6@@]-1(-[#8]-[#15](=[#8])(-[#8]-[#1])-[#8]-[#1])-[#1])-[#1])-[#1])-[#1])(-[#1])-[#1])(-[#1])-[#1])-[#1])-[#1])(-[#1])-[#1])(-[#1])-[#1])-[#1])(-[#1])-[#1])(-[#1])-[#1]>>[#6:5]-[#6:6](=[#8:7])-[#8]-[#1],"EVODEX.2.1-P1615,EVODEX.2.1-P3373,EVODEX.2.1-P3717,EVODEX.2.1-P3719,EVODEX.2.1-P6327",3037043538243289544417856704655497239414354097048447917916048280309712702017
EVODEX.2.1-C304,[#6](-[#6]1(-[#6](-[#1])(-[#1])-[#1])-[#16]-[#6@@]2(-[#6@](-[#7](-[#6:65](=[#8:66])-[#6:67])-[#1])(-[#6](=[#8])-[#7]-2-[#6@]-1(-[#6](=[#8])-[#8]-[#1])-[#1])-[#1])-[#1])(-[#1])(-[#1])-[#1]>>[#6:65](=[#8:66])(-[#6:67])-[#8]-[#1],"EVODEX.2.1-P1616,EVODEX.2.1-P3482,EVODEX.2.1-P3628,EVODEX.2.1-P5353,EVODEX.2.1-P5354",62347297242357257006614410289221913981525546493238668084970163097265923956941
EVODEX.2.1-C305,[#6](-[#6]1(-[#6](-[#1])(-[#1])-[#1])-[#16]-[#6@@]2(-[#6@](-[#7](-[#6:65](=[#8:66])-[#6:67])-[#1])(-[#6](=[#8])-[#7]-2-[#6@]-1(-[#6](=[#8])-[#8]-[#1])-[#1])-[#1])-[#1])(-[#1])(-[#1])-[#1].[#8:82](-[#1])-[#1]>>[#6:65](=[#8:66])(-[#6:67])-[#8:82]-[#1],"EVODEX.2.1-P1617,EVODEX.2.1-P5333,EVODEX.2.1-P5345,EVODEX.2.1-P5350,EVODEX.2.1-P5366",115754494896388310613337729518622594753001468204595895950803286485537346345591
EVODEX.2.1-C307,[#6:63]-[#8:64]-[#1]>>[#6](-[#6](=[#8])-[#8:64]-[#6:63])(-[#1])(-[#1])-[#1],"EVODEX.2.1-P1628,EVODEX.2.1-P1699,EVODEX.2.1-P1737,EVODEX.2.1-P1738,EVODEX.2.1-P3575",31215936292187085935354989550792638892655628222918569713998180219061139030201
EVODEX.2.1-C308,[#6:26]-[#8:27]-[#1]>>[#6:26]-[#8:27]-[#6](-[#6](-[#6](-[#6](-[#1])(-[#1])-[#1])(-[#1])-[#1])(-[#6](-[#1])(-[#1])-[#1])-[#1])=[#8],"EVODEX.2.1-P1631,EVODEX.2.1-P1641,EVODEX.2.1-P1646,EVODEX.2.1-P1647,EVODEX.2.1-P1706",38035376225855325074303978360540957520520954716736428547730394227521334023788
EVODEX.2.1-C309,[#6:38]-[#8:39]-[#1].[#6](-[#6](=[#8])-[#7](-[#6](-[#6](-[#16]-[#6:8](=[#8:9])-[#6:10])(-[#1])-[#1])(-[#1])-[#1])-[#1])(-[#1])(-[#1])-[#1]>>[#6:8](=[#8:9])(-[#6:10])-[#8:39]-[#6:38],"EVODEX.2.1-P1632,EVODEX.2.1-P1633,EVODEX.2.1-P1635,EVODEX.2.1-P1636,EVODEX.2.1-P1707",21695483533770855427633922326550829094727930515342653908337869361332117829498
EVODEX.2.1-C310,[#6:26]-[#8:27]-[#1]>>[#6:26]-[#8:27]-[#6](-[#6](-[#6](-[#6](-[#1])(-[#1])-[#1])(-[#1])-[#1])(-[#1])-[#1])=[#8],"EVODEX.2.1-P1634,EVODEX.2.1-P1835,EVODEX.2.1-P1836,EVODEX.2.1-P1837,EVODEX.2.1-P3679",46031665843794259554964012879549940717148020769809900356233076452746201734016
EVODEX.2.1-C311,[#6:1]-[#6:2](=[#8:3])-[#16]-[#6](-[#6](-[#7](-[#6](=[#8])-[#6](-[#6](-[#7](-[#6](=[#8])-[#6@](-[#8]-[#1])(-[#6](-[#6](-[#1])(-[#1])-[#1])(-[#6](-[#1])(-[#1])-[#1])-[#6](-[#8]-[#15](=[#8])(-[#8]-[#1])-[#8]-[#15](=[#8])(-[#8]-[#1])-[#8]-[#6](-[#6@]1(-[#8]-[#6@@](-[#7]2:[#6](:[#7]:[#6]3:[#6](-[#7](-[#1])-[#1]):[#7]:[#6](:[#7]:[#6]:2:3)-[#1])-[#1])(-[#6@](-[#8]-[#1])(-[#6@@]-1(-[#8]-[#15](=[#8])(-[#8]-[#1])-[#8]-[#1])-[#1])-[#1])-[#1])-[#1])(-[#1])-[#1])(-[#1])-[#1])-[#1])-[#1])(-[#1])-[#1])(-[#1])-[#1])-[#1])(-[#1])-[#1])(-[#1])-[#1].[#8:52](-[#6:53](-[#6:54])(-[#6:59])-[#1:103])-[#1]>>[#6:1]-[#6:2](=[#8:3])-[#8:52]-[#6@@:53](-[#6:54])(-[#6:59])-[#1:103],"EVODEX.2.1-P1642,EVODEX.2.1-P1704,EVODEX.2.1-P1740,EVODEX.2.1-P1857,EVODEX.2.1-P1859",94887718793740386418821185833737315666486423712901591360483309245998202181006
EVODEX.2.1-C312,[#6:3]-[#6:4](=[#8:5])-[#16]-[#6](-[#6](-[#7](-[#6](=[#8])-[#6](-[#6](-[#7](-[#6](=[#8])-[#6@](-[#8]-[#1])(-[#6](-[#6](-[#1])(-[#1])-[#1])(-[#6](-[#1])(-[#1])-[#1])-[#6](-[#8]-[#15](=[#8])(-[#8]-[#1])-[#8]-[#15](=[#8])(-[#8]-[#1])-[#8]-[#6](-[#6@]1(-[#8]-[#6@@](-[#7]2:[#6](:[#7]:[#6]3:[#6](-[#7](-[#1])-[#1]):[#7]:[#6](:[#7]:[#6]:2:3)-[#1])-[#1])(-[#6@](-[#8]-[#1])(-[#6@@]-1(-[#8]-[#15](=[#8])(-[#8]-[#1])-[#8]-[#1])-[#1])-[#1])-[#1])-[#1])(-[#1])-[#1])(-[#1])-[#1])-[#1])-[#1])(-[#1])-[#1])(-[#1])-[#1])-[#1])(-[#1])-[#1])(-[#1])-[#1].[#15:55]-[#8:56]-[#1]>>[#6:3]-[#6:4](=[#8:5])-[#8:56]-[#15:55],"EVODEX.2.1-P1656,EVODEX.2.1-P1664,EVODEX.2.1-P1666,EVODEX.2.1-P1669,EVODEX.2.1-P1735",98972091611519442719634352752284188652230481414010552090360907786446429370616
EVODEX.2.1-C313,[#6:3]-[#6:4](=[#8:5])-[#16]-[#6](-[#6](-[#7](-[#6](=[#8])-[#6](-[#6](-[#7](-[#6](=[#8])-[#6@](-[#8]-[#1])(-[#6](-[#6](-[#1])(-[#1])-[#1])(-[#6](-[#1])(-[#1])-[#1])-[#6](-[#8]-[#15](=[#8])(-[#8]-[#1])-[#8]-[#15](=[#8])(-[#8]-[#1])-[#8]-[#6](-[#6@]1(-[#8]-[#6@@](-[#7]2:[#6](:[#7]:[#6]3:[#6](-[#7](-[#1])-[#1]):[#7]:[#6](:[#7]:[#6]:2:3)-[#1])-[#1])(-[#6@](-[#8]-[#1])(-[#6@@]-1(-[#8]-[#15](=[#8])(-[#8]-[#1])-[#8]-[#1])-[#1])-[#1])-[#1])-[#1])(-[#1])-[#1])(-[#1])-[#1])-[#1])-[#1])(-[#1])-[#1])(-[#1])-[#1])-[#1])(-[#1])-[#1])(-[#1])-[#1]>>[#6:3]-[#6:4](=[#8:5])-[#8]-[#15](=[#8])(-[#8]-[#1])-[#8]-[#1],"EVODEX.2.1-P1657,EVODEX.2.1-P1659,EVODEX.2.1-P1665,EVODEX.2.1-P1670,EVODEX.2.1-P1674",25723179803624310545812383381617340902646543327643361409658754955105271632359
EVODEX.2.1-C314,[#6:3]-[#6:4](=[#8:5])-[#16:6]-[#6:7]>>[#6:3]-[#6:4](=[#8:5])-[#8]-[#15](=[#8])(-[#8]-[#1])-[#8]-[#1].[#16:6](-[#6:7])-[#1],"EVODEX.2.1-P1658,EVODEX.2.1-P1660,EVODEX.2.1-P1662,EVODEX.2.1-P1671,EVODEX.2.1-P1673",50233889303870129162446430204619046953305034159398197193980526593609973530498
EVODEX.2.1-C315,[#6:1]-[#6:2](=[#8:3])-[#16:4]-[#6:5].[#15:53]-[#8:54]-[#1]>>[#6:1]-[#6:2](=[#8:3])-[#8:54]-[#15:53].[#16:4](-[#6:5])-[#1],"EVODEX.2.1-P1661,EVODEX.2.1-P1663,EVODEX.2.1-P1667,EVODEX.2.1-P1668,EVODEX.2.1-P1672",16660268748735385944354601922488984861389640963121250940116164200809386114162
EVODEX.2.1-C316,[#8:57](-[#6:58])-[#1]>>[#6](=[#8])(-[#6]1:[#6](:[#6](:[#6](:[#6](:[#6]:1-[#1])-[#1])-[#1])-[#1])-[#1])-[#8:57]-[#6:58],"EVODEX.2.1-P1678,EVODEX.2.1-P1680,EVODEX.2.1-P1682,EVODEX.2.1-P1684,EVODEX.2.1-P1860",12036432731073785417095978655840077348757271345380499830813271377415882017216
EVODEX.2.1-C317,[#6:24]-[#8:25]-[#1]>>[#6:24]-[#8:25]-[#6](-[#6](-[#6](-[#6](-[#6](-[#6](-[#6](-[#6](/[#6](=[#6](\[#6](-[#6@@](-[#6](-[#6](-[#6](-[#6](-[#6](-[#6](-[#1])(-[#1])-[#1])(-[#1])-[#1])(-[#1])-[#1])(-[#1])-[#1])(-[#1])-[#1])(-[#1])-[#1])(-[#8]-[#1])-[#1])(-[#1])-[#1])-[#1])-[#1])(-[#1])-[#1])(-[#1])-[#1])(-[#1])-[#1])(-[#1])-[#1])(-[#1])-[#1])(-[#1])-[#1])(-[#1])-[#1])=[#8],"EVODEX.2.1-P1688,EVODEX.2.1-P1818,EVODEX.2.1-P1819,EVODEX.2.1-P1820,EVODEX.2.1-P1821",81161750186617615060910261395315399462230994526615554343536328035835068327505
EVODEX.2.1-C318,[#6:23]-[#8:24]-[#1]>>[#6:23]-[#8:24]-[#6](-[#6](-[#6](-[#6](-[#6](-[#6](-[#6](-[#6](-[#6](-[#6](-[#6](-[#6](/[#6](=[#6](\[#6](-[#6](-[#6](-[#6](-[#6](-[#6](-[#6](-[#6](-[#1])(-[#1])-[#1])(-[#1])-[#1])(-[#1])-[#1])(-[#1])-[#1])(-[#1])-[#1])(-[#1])-[#1])(-[#1])-[#1])(-[#1])-[#1])-[#1])-[#1])(-[#1])-[#1])(-[#1])-[#1])(-[#1])-[#1])(-[#1])-[#1])(-[#1])-[#1])(-[#1])-[#1])(-[#1])-[#1])(-[#1])-[#1])(-[#1])-[#1])(-[#1])-[#1])(-[#1])-[#1])=[#8],"EVODEX.2.1-P1689,EVODEX.2.1-P1765,EVODEX.2.1-P1807,EVODEX.2.1-P1808,EVODEX.2.1-P1809",99242484189780827160522039234837058289464582443989871427170661504511585849928
EVODEX.2.1-C319,[#6:45]-[#16:46]-[#1].[#6:64]-[#6:65](=[#8:66])-[#16]-[#6](-[#6](-[#7](-[#6](=[#8])-[#6](-[#6](-[#7](-[#6](=[#8])-[#6@](-[#8]-[#1])(-[#6](-[#6](-[#1])(-[#1])-[#1])(-[#6](-[#1])(-[#1])-[#1])-[#6](-[#8]-[#15](=[#8])(-[#8]-[#1])-[#8]-[#15](=[#8])(-[#8]-[#1])-[#8]-[#6](-[#6@]1(-[#8]-[#6@@](-[#7]2:[#6](:[#7]:[#6]3:[#6](-[#7](-[#1])-[#1]):[#7]:[#6](:[#7]:[#6]:2:3)-[#1])-[#1])(-[#6@](-[#8]-[#1])(-[#6@@]-1(-[#8]-[#15](=[#8])(-[#8]-[#1])-[#8]-[#1])-[#1])-[#1])-[#1])-[#1])(-[#1])-[#1])(-[#1])-[#1])-[#1])-[#1])(-[#1])-[#1])(-[#1])-[#1])-[#1])(-[#1])-[#1])(-[#1])-[#1]>>[#6:45]-[#16:46]-[#6:65](-[#6:64])=[#8:66],"EVODEX.2.1-P1701,EVODEX.2.1-P1702,EVODEX.2.1-P1778,EVODEX.2.1-P1780,EVODEX.2.1-P1791",91863842787492813276681977341536357728251541761614730407793370586912946349941
EVODEX.2.1-C320,[#6:19]-[#6@@:20](-[#8:21]-[#1])(-[#6:22])-[#1:131].[#6:47]-[#6:48](=[#8:49])-[#16:50]-[#6:51]>>[#6:19]-[#6:20](-[#8:21]-[#6:48](-[#6:47])=[#8:49])(-[#6:22])-[#1:131].[#16:50](-[#6:51])-[#1],"EVODEX.2.1-P1705,EVODEX.2.1-P1739,EVODEX.2.1-P1767,EVODEX.2.1-P1856,EVODEX.2.1-P1858",38558258636700519620466874018349138541800362863022622740035244949033472418267
EVODEX.2.1-C321,[#6:42]-[#6:43](=[#8:44])-[#16:45]-[#6:46]>>[#6](-[#6](-[#6](-[#6](-[#6](-[#6](-[#6](-[#6](-[#6](-[#6](-[#6](-[#6](-[#6](/[#6](=[#6](/[#6@@](-[#8]-[#1])(-[#6@@](-[#7](-[#6:43](-[#6:42])=[#8:44])-[#1])(-[#6](-[#8]-[#1])(-[#1])-[#1])-[#1])-[#1])-[#1])-[#1])(-[#1])-[#1])(-[#1])-[#1])(-[#1])-[#1])(-[#1])-[#1])(-[#1])-[#1])(-[#1])-[#1])(-[#1])-[#1])(-[#1])-[#1])(-[#1])-[#1])(-[#1])-[#1])(-[#1])-[#1])(-[#1])-[#1])(-[#1])(-[#1])-[#1].[#16:45](-[#6:46])-[#1],"EVODEX.2.1-P1708,EVODEX.2.1-P1709,EVODEX.2.1-P1710,EVODEX.2.1-P1719,EVODEX.2.1-P1720",64633243808997106897994723966580964053421246809866834868352363642301512091223
EVODEX.2.1-C322,[#8:19](-[#6@@:18])-[#1]>>[#8:19](-[#6@@:18])-[#6](-[#6](-[#6](-[#6](-[#6](-[#6](-[#6](-[#6](-[#6](-[#6](-[#6](-[#6](-[#1])(-[#1])-[#1])(-[#1])-[#1])(-[#1])-[#1])(-[#1])-[#1])(-[#1])-[#1])(-[#1])-[#1])(-[#1])-[#1])(-[#1])-[#1])(-[#1])-[#1])(-[#1])-[#1])(-[#1])-[#1])=[#8],"EVODEX.2.1-P1712,EVODEX.2.1-P1762,EVODEX.2.1-P1810,EVODEX.2.1-P1812,EVODEX.2.1-P1813",94451613282240975175998063746739733795359687338648308439285362019293835992318
EVODEX.2.1-C323,[#6:1]-[#6:2](=[#8:3])-[#16:4]-[#6:5].[#6:57]-[#7:58](-[#6@@:55])-[#1]>>[#6:1]-[#6:2](=[#8:3])-[#7:58](-[#6@:55])-[#6:57].[#16:4](-[#6:5])-[#1],"EVODEX.2.1-P1713,EVODEX.2.1-P1771,EVODEX.2.1-P1773,EVODEX.2.1-P1829,EVODEX.2.1-P1833",107102005719918266820014460829850106432508980150672585729623386013939061791092
EVODEX.2.1-C324,[#6:56]-[#7:57](-[#6:58])-[#1]>>[#6](-[#6](=[#8])-[#7:57](-[#6:56])-[#6:58])(-[#1])(-[#1])-[#1],"EVODEX.2.1-P1714,EVODEX.2.1-P1772,EVODEX.2.1-P1828,EVODEX.2.1-P1831,EVODEX.2.1-P1834",77173152256711592283454537695113333337838473085441575333475537047903780982128
EVODEX.2.1-C325,[#6:1]-[#6:2](=[#8:3])-[#8:4]-[#6:5]>>[#6:1]-[#6:2](=[#8:3])-[#16]-[#6](-[#6](-[#7](-[#6](-[#6](-[#6](-[#7](-[#6](-[#6@@](-[#6](-[#6](-[#1])(-[#1])-[#1])(-[#6](-[#1])(-[#1])-[#1])-[#6](-[#8]-[#15](=[#8])(-[#8]-[#1])-[#8]-[#15](=[#8])(-[#8]-[#1])-[#8]-[#6](-[#6@]1(-[#8]-[#6@@](-[#7]2:[#6](:[#7]:[#6]3:[#6](-[#7](-[#1])-[#1]):[#7]:[#6](:[#7]:[#6]:2:3)-[#1])-[#1])(-[#6@](-[#8]-[#1])(-[#6@@]-1(-[#8]-[#15](=[#8])(-[#8]-[#1])-[#8]-[#1])-[#1])-[#1])-[#1])-[#1])(-[#1])-[#1])(-[#1])-[#1])(-[#8]-[#1])-[#1])=[#8])-[#1])(-[#1])-[#1])(-[#1])-[#1])=[#8])-[#1])(-[#1])-[#1])(-[#1])-[#1].[#8:4](-[#6:5])-[#1],"EVODEX.2.1-P1716,EVODEX.2.1-P1723,EVODEX.2.1-P1733,EVODEX.2.1-P1734,EVODEX.2.1-P1736",76993014223253886526559668840886678931961872039356773458451902772351694264379
EVODEX.2.1-C327,[#6](-[#6](-[#6](=[#8])-[#7:5](-[#6@@:6])-[#1])(-[#1])-[#1])(-[#1])(-[#1])-[#1]>>[#7:5](-[#6@@:6])(-[#1])-[#1],"EVODEX.2.1-P1726,EVODEX.2.1-P5428,EVODEX.2.1-P5447,EVODEX.2.1-P5556,EVODEX.2.1-P5563",54900152052654278263397898854963802443666522844929400418181603800683027435972
EVODEX.2.1-C328,[#6:1]-[#6:2](=[#8:3])-[#16]-[#6](-[#6](-[#7](-[#6](=[#8])-[#6](-[#6](-[#7](-[#6](=[#8])-[#6@](-[#8]-[#1])(-[#6](-[#6](-[#1])(-[#1])-[#1])(-[#6](-[#1])(-[#1])-[#1])-[#6](-[#8]-[#15](=[#8])(-[#8]-[#1])-[#8]-[#15](=[#8])(-[#8]-[#1])-[#8]-[#6](-[#6@]1(-[#8]-[#6@@](-[#7]2:[#6](:[#7]:[#6]3:[#6](-[#7](-[#1])-[#1]):[#7]:[#6](:[#7]:[#6]:2:3)-[#1])-[#1])(-[#6@](-[#8]-[#1])(-[#6@@]-1(-[#8]-[#15](=[#8])(-[#8]-[#1])-[#8]-[#1])-[#1])-[#1])-[#1])-[#1])(-[#1])-[#1])(-[#1])-[#1])-[#1])-[#1])(-[#1])-[#1])(-[#1])-[#1])-[#1])(-[#1])-[#1])(-[#1])-[#1].[#6:58]-[#7:59](-[#6@:55])-[#1]>>[#6:1]-[#6:2](=[#8:3])-[#7:59](-[#6@@:55])-[#6:58],"EVODEX.2.1-P1727,EVODEX.2.1-P1777,EVODEX.2.1-P1827,EVODEX.2.1-P1830,EVODEX.2.1-P1832",29199335431723229856660700984274494277841489819260987887560648922853355084452
EVODEX.2.1-C329,[#7:57](-[#6@:56])(-[#1])-[#1]>>[#6](-[#6](=[#8])-[#7:57](-[#6@@:56])-[#1])(-[#1])(-[#1])-[#1],"EVODEX.2.1-P1728,EVODEX.2.1-P1729,EVODEX.2.1-P1839,EVODEX.2.1-P1840,EVODEX.2.1-P5549",20274906149468687421161210613925219309797621901645010715603491958459940763762
EVODEX.2.1-C330,[#6](-[#6](-[#6](-[#1])(-[#1])-[#1])(-[#6](-[#8]-[#15](=[#8])(-[#8]-[#1])-[#8]-[#15](=[#8])(-[#8]-[#1])-[#8]-[#6](-[#6@]1(-[#8]-[#6@@](-[#7]2:[#6](:[#7]:[#6]3:[#6](-[#7](-[#1])-[#1]):[#7]:[#6](:[#7]:[#6]:2:3)-[#1])-[#1])(-[#6@](-[#8]-[#1])(-[#6@@]-1(-[#8]-[#15](=[#8])(-[#8]-[#1])-[#8]-[#1])-[#1])-[#1])-[#1])-[#1])(-[#1])-[#1])(-[#1])-[#1])-[#6@@](-[#8]-[#1])(-[#6](=[#8])-[#7](-[#6](-[#6](-[#6](=[#8])-[#7](-[#6](-[#6](-[#16]-[#6:49](=[#8:50])-[#6:51])(-[#1])-[#1])(-[#1])-[#1])-[#1])(-[#1])-[#1])(-[#1])-[#1])-[#1])-[#1])(-[#1])(-[#1])-[#1].[#6:59]-[#6@:60](-[#7:61])(-[#6](=[#8])-[#8]-[#1])-[#1:114]>>[#6:49](=[#8:50])(-[#6:51])-[#6:60](-[#6:59])(-[#7:61])-[#1:114],"EVODEX.2.1-P1741,EVODEX.2.1-P1745,EVODEX.2.1-P1747,EVODEX.2.1-P1753,EVODEX.2.1-P1756",7409960171828932998535370526285392773260332696069577407542645556971635738938
EVODEX.2.1-C331,[#6](-[#6](-[#6](-[#1])(-[#1])-[#1])(-[#6](-[#8]-[#15](=[#8])(-[#8]-[#1])-[#8]-[#15](=[#8])(-[#8]-[#1])-[#8]-[#6](-[#6@]1(-[#8]-[#6@@](-[#7]2:[#6](:[#7]:[#6]3:[#6](-[#7](-[#1])-[#1]):[#7]:[#6](:[#7]:[#6]:2:3)-[#1])-[#1])(-[#6@](-[#8]-[#1])(-[#6@@]-1(-[#8]-[#15](=[#8])(-[#8]-[#1])-[#8]-[#1])-[#1])-[#1])-[#1])-[#1])(-[#1])-[#1])(-[#1])-[#1])-[#6@@](-[#8]-[#1])(-[#6](=[#8])-[#7](-[#6](-[#6](-[#6](=[#8])-[#7](-[#6](-[#6](-[#16]-[#6:49](=[#8:50])-[#6:51])(-[#1])-[#1])(-[#1])-[#1])-[#1])(-[#1])-[#1])(-[#1])-[#1])-[#1])-[#1])(-[#1])(-[#1])-[#1].[#6:59]-[#6@:60](-[#7:61])(-[#6:62](=[#8:63])-[#8:64]-[#1])-[#1:114]>>[#6:49](=[#8:50])(-[#6:51])-[#6:60](-[#6:59])(-[#7:61])-[#1:114].[#6:62](=[#8:63])=[#8:64],"EVODEX.2.1-P1742,EVODEX.2.1-P1750,EVODEX.2.1-P1757,EVODEX.2.1-P1759,EVODEX.2.1-P1761",75002784267082241981542595674564298170397566195714758870026122521534400077111
EVODEX.2.1-C332,[#6:1]-[#6:2](=[#8:3])-[#16:4]-[#6:5].[#6:58]-[#6@:59](-[#7:60])(-[#6:61](=[#8:62])-[#8:63]-[#1])-[#1:112]>>[#6:61](=[#8:62])=[#8:63].[#6:1]-[#6:2](=[#8:3])-[#6@:59](-[#6:58])(-[#7:60])-[#1:112].[#16:4](-[#6:5])-[#1],"EVODEX.2.1-P1744,EVODEX.2.1-P1748,EVODEX.2.1-P1749,EVODEX.2.1-P1751,EVODEX.2.1-P1754",73300095096869564925242550013773387157543564081522475869910851439968594068219
EVODEX.2.1-C333,[#6:2]-[#6:4](=[#8:5])-[#16:6]-[#6:7].[#6:60]-[#6@:61](-[#7:62])(-[#6](=[#8])-[#8]-[#1])-[#1:118]>>[#6:2]-[#6:4](=[#8:5])-[#6@:61](-[#6:60])(-[#7:62])-[#1:118].[#16:6](-[#6:7])-[#1],"EVODEX.2.1-P1746,EVODEX.2.1-P1752,EVODEX.2.1-P1755,EVODEX.2.1-P1758,EVODEX.2.1-P1760",54125399933936674294543620418910020699422190582866583451753216590584807116751
EVODEX.2.1-C334,[#8:23](-[#6@@:22])-[#1]>>[#8:23](-[#6@@:22])-[#6](-[#6](-[#6](-[#6](-[#6](-[#6](-[#6](-[#6](-[#6](-[#6](-[#6](-[#6](-[#6](-[#6](-[#1])(-[#1])-[#1])(-[#1])-[#1])(-[#1])-[#1])(-[#1])-[#1])(-[#1])-[#1])(-[#1])-[#1])(-[#1])-[#1])(-[#1])-[#1])(-[#1])-[#1])(-[#1])-[#1])(-[#1])-[#1])(-[#1])-[#1])(-[#1])-[#1])=[#8],"EVODEX.2.1-P1766,EVODEX.2.1-P1793,EVODEX.2.1-P1796,EVODEX.2.1-P1814,EVODEX.2.1-P1815",33100072867115684020968377901446135920413353739855773137351452595804646184842
EVODEX.2.1-C335,[#8:90](-[#6@@:89])-[#1]>>[#6](-[#6](-[#6](-[#6](-[#6](/[#6](=[#6](\[#6](/[#6](=[#6](\[#6](/[#6](=[#6](\[#6](/[#6](=[#6](\[#6](-[#6](-[#6](-[#6](=[#8])-[#8:90]-[#6@:89])(-[#1])-[#1])(-[#1])-[#1])(-[#1])-[#1])-[#1])-[#1])(-[#1])-[#1])-[#1])-[#1])(-[#1])-[#1])-[#1])-[#1])(-[#1])-[#1])-[#1])-[#1])(-[#1])-[#1])(-[#1])-[#1])(-[#1])-[#1])(-[#1])-[#1])(-[#1])(-[#1])-[#1],"EVODEX.2.1-P1768,EVODEX.2.1-P1797,EVODEX.2.1-P1798,EVODEX.2.1-P1800,EVODEX.2.1-P3653",65488071889198350444678433031303046820210727891946811540968964723201327890453
EVODEX.2.1-C336,[#6:17]-[#6:18](=[#8:19])-[#16:20]-[#6:21]>>[#6:17]-[#6:18](=[#8:19])-[#8]-[#6](-[#6](-[#6](-[#6](-[#6](-[#6](-[#6](-[#6](-[#6](-[#6](-[#6](-[#6](-[#6](-[#6](-[#6](-[#6](-[#1])(-[#1])-[#1])(-[#1])-[#1])(-[#1])-[#1])(-[#1])-[#1])(-[#1])-[#1])(-[#1])-[#1])(-[#1])-[#1])(-[#1])-[#1])(-[#1])-[#1])(-[#1])-[#1])(-[#1])-[#1])(-[#1])-[#1])(-[#1])-[#1])(-[#1])-[#1])(-[#1])-[#1])(-[#1])-[#1].[#16:20](-[#6:21])-[#1],"EVODEX.2.1-P1795,EVODEX.2.1-P1799,EVODEX.2.1-P1804,EVODEX.2.1-P1811,EVODEX.2.1-P1822",22877318907714648573192239342761765178974978325480382769197965806980822871082
EVODEX.2.1-C337,[#6:71]-[#8:72]-[#1]>>[#6](-[#6](-[#6](-[#6](-[#6](-[#6](-[#6](-[#6](-[#6](-[#6](=[#8])-[#8:72]-[#6:71])(-[#1])-[#1])(-[#1])-[#1])(-[#1])-[#1])(-[#1])-[#1])(-[#1])-[#1])(-[#1])-[#1])(-[#1])-[#1])(-[#1])-[#1])(-[#1])(-[#1])-[#1],"EVODEX.2.1-P1802,EVODEX.2.1-P1803,EVODEX.2.1-P1805,EVODEX.2.1-P3423,EVODEX.2.1-P3680",6371470453050679212628954419709666696964932554278207516769116755098850025009
EVODEX.2.1-C338,[#7:72](-[#6@:71])(-[#1])-[#1]>>[#6](=[#8])(-[#6](-[#7](-[#1])-[#1])(-[#1])-[#1])-[#7:72](-[#6@:71])-[#1],"EVODEX.2.1-P1825,EVODEX.2.1-P1826,EVODEX.2.1-P1888,EVODEX.2.1-P3625,EVODEX.2.1-P7104",58194179887164408721833568208095730613698403222492056966745599216167703482174
EVODEX.2.1-C339,[#6:41]-[#7:42](-[#1])-[#1]>>[#6:41]-[#7:42](-[#6](-[#6](-[#6](-[#6](-[#6](-[#6](-[#6](-[#6](-[#6](-[#6](-[#6](-[#6](-[#6](-[#6](-[#1])(-[#1])-[#1])(-[#1])-[#1])(-[#1])-[#1])(-[#1])-[#1])(-[#1])-[#1])(-[#1])-[#1])(-[#1])-[#1])(-[#1])-[#1])(-[#1])-[#1])(-[#1])-[#1])(-[#1])-[#1])(-[#1])-[#1])(-[#1])-[#1])=[#8])-[#1],"EVODEX.2.1-P1861,EVODEX.2.1-P1862,EVODEX.2.1-P1863,EVODEX.2.1-P1865,EVODEX.2.1-P1866",113515230066899564692319160620687190310080165460054107974966446909096578404059
EVODEX.2.1-C340,[#7:11](-[#6@:12])(-[#1])-[#1].[#7:1](-[#6:2](=[#8:3])-[#6:4])(-[#1])-[#1]>>[#6:2](=[#8:3])(-[#6:4])-[#7:11](-[#6@:12])-[#1].[#7:1](-[#1])(-[#1])-[#1],"EVODEX.2.1-P1867,EVODEX.2.1-P1883,EVODEX.2.1-P1885,EVODEX.2.1-P5335,EVODEX.2.1-P5337",91000307237188540931467279523103232257619816126565577890378766922513587319723
EVODEX.2.1-C341,[#7:11](-[#6:12])(-[#1])-[#1].[#7](-[#6:2](=[#8:3])-[#6:4])(-[#1])-[#1]>>[#6:2](=[#8:3])(-[#6:4])-[#7:11](-[#6:12])-[#1],"EVODEX.2.1-P1868,EVODEX.2.1-P1882,EVODEX.2.1-P1884,EVODEX.2.1-P5336,EVODEX.2.1-P5339",91521258392142409117939897632880486729955633626540664779408828582271151023153
EVODEX.2.1-C342,[#6:17]-[#6:18](=[#8:19])-[#7](-[#6]1:[#6](:[#6](:[#6](-[#7&+](=[#8])-[#8&-]):[#6](:[#6]:1-[#1])-[#1])-[#1])-[#1])-[#1].[#7:1](-[#6:2])(-[#1])-[#1]>>[#7:1](-[#6:2])(-[#6:18](-[#6:17])=[#8:19])-[#1],"EVODEX.2.1-P1871,EVODEX.2.1-P1873,EVODEX.2.1-P1890,EVODEX.2.1-P1891,EVODEX.2.1-P1893",43451991594726286481351011219180844547540351097128445840571934468944921155358
EVODEX.2.1-C343,[#7:1](-[#6:2])(-[#1])-[#1]>>[#7:1](-[#6:2])(-[#6](-[#6](-[#6](-[#6@](-[#7](-[#1])-[#1])(-[#6](=[#8])-[#8]-[#1])-[#1])(-[#1])-[#1])(-[#1])-[#1])=[#8])-[#1],"EVODEX.2.1-P1872,EVODEX.2.1-P1876,EVODEX.2.1-P1892,EVODEX.2.1-P6608,EVODEX.2.1-P6656",1527747673284505447949485611185419453688402931017873349093077240763752154450
EVODEX.2.1-C344,[#7](-[#6@@](-[#6](-[#6](-[#6](=[#8])-[#7:16](-[#6@@:17])-[#1])(-[#1])-[#1])(-[#1])-[#1])(-[#6](=[#8])-[#8]-[#1])-[#1])(-[#1])-[#1]>>[#7:16](-[#6@@:17])(-[#1])-[#1],"EVODEX.2.1-P1878,EVODEX.2.1-P1879,EVODEX.2.1-P5467,EVODEX.2.1-P6127,EVODEX.2.1-P6129",104118464301910690271761529617739967614443462985531091940286985597754993404921
EVODEX.2.1-C346,([#7:18](-[#6@@:17])(-[#1])-[#1].[#6:20]-[#6:21](-[#7:22](-[#1])-[#1])=[#8:23])>>[#7:18](-[#6@:17])(-[#6:21](=[#8:23])-[#6:20])-[#1].[#7:22](-[#1])(-[#1])-[#1],"EVODEX.2.1-P1894,EVODEX.2.1-P1895,EVODEX.2.1-P1902,EVODEX.2.1-P1911,EVODEX.2.1-P1913",31344889910059775616640671608166300291330782922915215436929728205630581802537
EVODEX.2.1-C347,([#6:8]-[#6@@:10](-[#7](-[#1])-[#1])(-[#6:12])-[#1:28].[#6:14]-[#7:15](-[#1])-[#1])>>[#6:8]-[#6@:10](-[#6:12])(-[#7:15](-[#6:14])-[#1])-[#1:28],"EVODEX.2.1-P1896,EVODEX.2.1-P1897,EVODEX.2.1-P1899,EVODEX.2.1-P1908,EVODEX.2.1-P1912",18113004128678052114203096611802757632683624453995328737102571655870257233964
EVODEX.2.1-C348,([#7:1](-[#6:2])(-[#1])-[#1].[#6:5]-[#6@:6](-[#7:7](-[#1])-[#1])(-[#6:8])-[#1:21])>>[#7:7](-[#1])(-[#1])-[#1].[#7:1](-[#6:2])(-[#6@@:6](-[#6:5])(-[#6:8])-[#1:21])-[#1],"EVODEX.2.1-P1898,EVODEX.2.1-P1900,EVODEX.2.1-P1907,EVODEX.2.1-P1909,EVODEX.2.1-P1910",110610428313877583027052964004901701947155139804018893028356273560197910428281
EVODEX.2.1-C349,([#7:16](-[#6@@:15])(-[#1])-[#1].[#6:18]-[#6:19](-[#7](-[#1])-[#1])=[#8:21])>>[#7:16](-[#6@:15])(-[#6:19](=[#8:21])-[#6:18])-[#1],"EVODEX.2.1-P1901,EVODEX.2.1-P1903,EVODEX.2.1-P1904,EVODEX.2.1-P1905,EVODEX.2.1-P1906",77049016610841126946154620570253629998324116029097776029620147232228650192277
EVODEX.2.1-C350,[#6:4]-[#6:5](=[#8:6])-[#7:7](-[#7:8])-[#1].[#8:20](-[#1])-[#1]>>[#6:4]-[#6:5](=[#8:6])-[#8:20]-[#1].[#7:7](-[#7:8])(-[#1])-[#1],"EVODEX.2.1-P1914,EVODEX.2.1-P1916,EVODEX.2.1-P5364,EVODEX.2.1-P5458,EVODEX.2.1-P5542",44284552703519138196592243303278089984049132903126653417173892771987713110549
EVODEX.2.1-C351,[#6:4]-[#6:5](=[#8:6])-[#7:7](-[#7:8])-[#1]>>[#6:4]-[#6:5](=[#8:6])-[#8]-[#1].[#7:7](-[#7:8])(-[#1])-[#1],"EVODEX.2.1-P1915,EVODEX.2.1-P1917,EVODEX.2.1-P4375,EVODEX.2.1-P5066,EVODEX.2.1-P5405",85173939688927624804093868128552059309648316167645864538974662015728652916530
EVODEX.2.1-C352,[#6:1](-[#6:2](=[#8:3])-[#16:4]-[#6:5])(-[#1:62])(-[#1:63])-[#1].[#6:56]-[#6:57](=[#8:58])-[#6:59]>>[#6:1](-[#6:2](=[#8:3])-[#8]-[#1])(-[#6:57](-[#6:56])(-[#8:58]-[#1])-[#6:59])(-[#1:62])-[#1:63].[#16:4](-[#6:5])-[#1],"EVODEX.2.1-P1918,EVODEX.2.1-P1931,EVODEX.2.1-P1940,EVODEX.2.1-P1943,EVODEX.2.1-P1950",111064339066344404060417105000159542149452311677056014926393639677935936094162
EVODEX.2.1-C353,[#6:1](-[#6:2](=[#8:3])-[#16]-[#6](-[#6](-[#7](-[#6](=[#8])-[#6](-[#6](-[#7](-[#6](=[#8])-[#6@](-[#8]-[#1])(-[#6](-[#6](-[#1])(-[#1])-[#1])(-[#6](-[#1])(-[#1])-[#1])-[#6](-[#8]-[#15](=[#8])(-[#8]-[#1])-[#8]-[#15](=[#8])(-[#8]-[#1])-[#8]-[#6](-[#6@]1(-[#8]-[#6@@](-[#7]2:[#6](:[#7]:[#6]3:[#6](-[#7](-[#1])-[#1]):[#7]:[#6](:[#7]:[#6]:2:3)-[#1])-[#1])(-[#6@](-[#8]-[#1])(-[#6@@]-1(-[#8]-[#15](=[#8])(-[#8]-[#1])-[#8]-[#1])-[#1])-[#1])-[#1])-[#1])(-[#1])-[#1])(-[#1])-[#1])-[#1])-[#1])(-[#1])-[#1])(-[#1])-[#1])-[#1])(-[#1])-[#1])(-[#1])-[#1])(-[#1:62])(-[#1:63])-[#1].[#6:56]-[#6:57](=[#8:58])-[#6:59]>>[#6:1](-[#6:2](=[#8:3])-[#8]-[#1])(-[#6:57](-[#6:56])(-[#8:58]-[#1])-[#6:59])(-[#1:62])-[#1:63],"EVODEX.2.1-P1919,EVODEX.2.1-P1932,EVODEX.2.1-P1937,EVODEX.2.1-P1945,EVODEX.2.1-P1951",13481806363378244946312419302348391298957029967910062743524998971995968125698
EVODEX.2.1-C354,[#6:56]-[#6:57](=[#8:58])-[#6:59]>>[#6](-[#6](=[#8])-[#8]-[#1])(-[#6:57](-[#6:56])(-[#8:58]-[#1])-[#6:59])(-[#1])-[#1],"EVODEX.2.1-P1920,EVODEX.2.1-P1923,EVODEX.2.1-P1933,EVODEX.2.1-P1938,EVODEX.2.1-P1942",86027388984684042031928735517364797879804844449659979890331144559526040865843
EVODEX.2.1-C355,[#6:1](-[#6:2](=[#8:3])-[#16]-[#6](-[#6](-[#7](-[#6](=[#8])-[#6](-[#6](-[#7](-[#6](=[#8])-[#6@](-[#8]-[#1])(-[#6](-[#6](-[#1])(-[#1])-[#1])(-[#6](-[#1])(-[#1])-[#1])-[#6](-[#8]-[#15](=[#8])(-[#8]-[#1])-[#8]-[#15](=[#8])(-[#8]-[#1])-[#8]-[#6](-[#6@]1(-[#8]-[#6@@](-[#7]2:[#6](:[#7]:[#6]3:[#6](-[#7](-[#1])-[#1]):[#7]:[#6](:[#7]:[#6]:2:3)-[#1])-[#1])(-[#6@](-[#8]-[#1])(-[#6@@]-1(-[#8]-[#15](=[#8])(-[#8]-[#1])-[#8]-[#1])-[#1])-[#1])-[#1])-[#1])(-[#1])-[#1])(-[#1])-[#1])-[#1])-[#1])(-[#1])-[#1])(-[#1])-[#1])-[#1])(-[#1])-[#1])(-[#1])-[#1])(-[#1:62])(-[#1:63])-[#1].[#6:56]-[#6:57](=[#8:58])-[#6:59].[#8:52](-[#1])-[#1]>>[#6:1](-[#6:2](=[#8:3])-[#8:52]-[#1])(-[#6:57](-[#6:56])(-[#8:58]-[#1])-[#6:59])(-[#1:62])-[#1:63],"EVODEX.2.1-P1921,EVODEX.2.1-P1925,EVODEX.2.1-P1934,EVODEX.2.1-P1946,EVODEX.2.1-P1952",38931998879373161326332023397584817558546205925813055616343807741278508625855
EVODEX.2.1-C356,[#6:1](-[#6:2](=[#8:3])-[#16:4]-[#6:5])(-[#1:61])(-[#1:62])-[#1].[#6:53]-[#6:55](=[#8:56])-[#6:57].[#8:60](-[#1])-[#1]>>[#6:1](-[#6:2](=[#8:3])-[#8:60]-[#1])(-[#6@@:55](-[#6:53])(-[#8:56]-[#1])-[#6:57])(-[#1:61])-[#1:62].[#16:4](-[#6:5])-[#1],"EVODEX.2.1-P1922,EVODEX.2.1-P1924,EVODEX.2.1-P1936,EVODEX.2.1-P1941,EVODEX.2.1-P1944",105770643935292340481523297691803762047885549645028191587961015627657224506298
EVODEX.2.1-C357,[#6:54]-[#6:55](=[#8:56])-[#6:57].[#8:60](-[#1])-[#1]>>[#6](-[#6](=[#8])-[#8:60]-[#1])(-[#6:55](-[#6:54])(-[#8:56]-[#1])-[#6:57])(-[#1])-[#1],"EVODEX.2.1-P1926,EVODEX.2.1-P1939,EVODEX.2.1-P1947,EVODEX.2.1-P1948,EVODEX.2.1-P1949",110312047833660100060681471730684937898525272663540856688402078821236270697543
EVODEX.2.1-C358,[#6:2]-[#6:4](=[#8:5])-[#6:6].[#6:9]-[#6:10](-[#6:11](=[#8:12])-[#16:13]-[#6:14])(-[#1:73])-[#1].[#8:61](-[#1])-[#1]>>[#6:2]-[#6:4](-[#8:5]-[#1])(-[#6:6])-[#6:10](-[#6:9])(-[#6:11](=[#8:12])-[#8:61]-[#1])-[#1:73].[#16:13](-[#6:14])-[#1],"EVODEX.2.1-P1927,EVODEX.2.1-P1935,EVODEX.2.1-P1954,EVODEX.2.1-P1959,EVODEX.2.1-P1963",107300151929814477464136833543625042384724851506294331041888617050298079136833
EVODEX.2.1-C359,[#6:2]-[#6:4](=[#8:5])-[#6:6].[#6:9]-[#6:10](-[#6:11](=[#8:12])-[#16]-[#6](-[#6](-[#7](-[#6](=[#8])-[#6](-[#6](-[#7](-[#6](=[#8])-[#6@](-[#8]-[#1])(-[#6](-[#6](-[#1])(-[#1])-[#1])(-[#6](-[#1])(-[#1])-[#1])-[#6](-[#8]-[#15](=[#8])(-[#8]-[#1])-[#8]-[#15](=[#8])(-[#8]-[#1])-[#8]-[#6](-[#6@]1(-[#8]-[#6@@](-[#7]2:[#6](:[#7]:[#6]3:[#6](-[#7](-[#1])-[#1]):[#7]:[#6](:[#7]:[#6]:2:3)-[#1])-[#1])(-[#6@](-[#8]-[#1])(-[#6@@]-1(-[#8]-[#15](=[#8])(-[#8]-[#1])-[#8]-[#1])-[#1])-[#1])-[#1])-[#1])(-[#1])-[#1])(-[#1])-[#1])-[#1])-[#1])(-[#1])-[#1])(-[#1])-[#1])-[#1])(-[#1])-[#1])(-[#1])-[#1])(-[#1:73])-[#1]>>[#6:2]-[#6:4](-[#8:5]-[#1])(-[#6:6])-[#6:10](-[#6:9])(-[#6:11](=[#8:12])-[#8]-[#1])-[#1:73],"EVODEX.2.1-P1928,EVODEX.2.1-P1957,EVODEX.2.1-P1960,EVODEX.2.1-P1962,EVODEX.2.1-P1965",86427655604712384050135553537762934623711740666271595198321716494810712919582
EVODEX.2.1-C360,[#6:2]-[#6:4](=[#8:5])-[#6:6].[#6:10]-[#6:11](-[#6:12](=[#8:13])-[#16]-[#6](-[#6](-[#7](-[#6](=[#8])-[#6](-[#6](-[#7](-[#6](=[#8])-[#6@](-[#8]-[#1])(-[#6](-[#6](-[#1])(-[#1])-[#1])(-[#6](-[#1])(-[#1])-[#1])-[#6](-[#8]-[#15](=[#8])(-[#8]-[#1])-[#8]-[#15](=[#8])(-[#8]-[#1])-[#8]-[#6](-[#6@]1(-[#8]-[#6@@](-[#7]2:[#6](:[#7]:[#6]3:[#6](-[#7](-[#1])-[#1]):[#7]:[#6](:[#7]:[#6]:2:3)-[#1])-[#1])(-[#6@](-[#8]-[#1])(-[#6@@]-1(-[#8]-[#15](=[#8])(-[#8]-[#1])-[#8]-[#1])-[#1])-[#1])-[#1])-[#1])(-[#1])-[#1])(-[#1])-[#1])-[#1])-[#1])(-[#1])-[#1])(-[#1])-[#1])-[#1])(-[#1])-[#1])(-[#1])-[#1])(-[#1:76])-[#1].[#8:62](-[#1])-[#1]>>[#6:2]-[#6:4](-[#8:5]-[#1])(-[#6:6])-[#6:11](-[#6:10])(-[#6:12](=[#8:13])-[#8:62]-[#1])-[#1:76],"EVODEX.2.1-P1929,EVODEX.2.1-P1930,EVODEX.2.1-P1955,EVODEX.2.1-P1964,EVODEX.2.1-P1967",100501623389970298142314446909207387527407667862413421866358048935877034635622
EVODEX.2.1-C361,[#6:8]-[#6:9](-[#6:10](=[#8:11])-[#16:12]-[#6:13])(-[#1:87])-[#1].[#6:64]-[#6:65](=[#8:66])-[#6:67]>>[#6:8]-[#6:9](-[#6:10](=[#8:11])-[#8]-[#1])(-[#6:65](-[#6:64])(-[#8:66]-[#1])-[#6:67])-[#1:87].[#16:12](-[#6:13])-[#1],"EVODEX.2.1-P1953,EVODEX.2.1-P1956,EVODEX.2.1-P1958,EVODEX.2.1-P1961,EVODEX.2.1-P1966",109826696856962439976755499036266955468132919427834303543816859959290407927158
EVODEX.2.1-C365,[#15:2]-[#8:3]-[#1].[#8:9]-[#6@:10](-[#8:11]-[#6@:12])(-[#6@:78])-[#1:91]>>[#15:2]-[#8:3]-[#6@@:10](-[#8:9])(-[#6@:78])-[#1:91].[#8:11](-[#6@:12])-[#1],"EVODEX.2.1-P1971,EVODEX.2.1-P1975,EVODEX.2.1-P2086,EVODEX.2.1-P2088,EVODEX.2.1-P2096",24348126951541927850409512117351664183199776754868303320724321210080132327090
EVODEX.2.1-C366,[#8](-[#6](-[#6@]1(-[#8]-[#6@](-[#8]-[#6@]2(-[#6@](-[#8]-[#1])(-[#6@@](-[#8]-[#1])(-[#6@@](-[#8:18]-[#6@:19])(-[#8]-[#6@@]-2(-[#6](-[#8]-[#1])(-[#1])-[#1])-[#1])-[#1])-[#1])-[#1])-[#1])(-[#6@](-[#8]-[#1])(-[#6@@](-[#8]-[#1])(-[#6@@]-1(-[#8]-[#1])-[#1])-[#1])-[#1])-[#1])-[#1])(-[#1])-[#1])-[#1]>>[#8:18](-[#6@:19])-[#1],"EVODEX.2.1-P1972,EVODEX.2.1-P3881,EVODEX.2.1-P3884,EVODEX.2.1-P3965,EVODEX.2.1-P4023",113566262548764492834550720092455795544503276174712245844759136779278997476630
EVODEX.2.1-C367,[#8]=[#15](-[#8]-[#1])(-[#8]-[#1])-[#8]-[#6@@:6](-[#8:7])(-[#6@:26])-[#1:64].[#8:61](-[#6@@:60])-[#1]>>[#8:61](-[#6@@:6](-[#8:7])(-[#6@:26])-[#1:64])-[#6@@:60],"EVODEX.2.1-P1973,EVODEX.2.1-P2065,EVODEX.2.1-P2066,EVODEX.2.1-P2076,EVODEX.2.1-P2136",24717415470390817476929994417775141036366158217107485853479356861590514314968
EVODEX.2.1-C368,[#8:14]-[#6@:15](-[#8:16]-[#6@:17])(-[#6@:28])-[#1:62]>>[#8]=[#15](-[#8]-[#6@@:15](-[#8:14])(-[#6@:28])-[#1:62])(-[#8]-[#1])-[#8]-[#1].[#8:16](-[#6@:17])-[#1],"EVODEX.2.1-P1974,EVODEX.2.1-P2070,EVODEX.2.1-P2072,EVODEX.2.1-P2083,EVODEX.2.1-P2084",99454504008253660309732879984413030564086865501827364900801231335200537613686
EVODEX.2.1-C369,[#8:1](-[#6:2])-[#1].[#8:49]-[#6@@:50](-[#6:51])(-[#8]-[#6@]1(-[#8]-[#6@](-[#6](-[#8]-[#1])(-[#1])-[#1])(-[#6@@](-[#8]-[#1])(-[#6@](-[#8]-[#1])(-[#6@]-1(-[#8]-[#1])-[#1])-[#1])-[#1])-[#1])-[#1])-[#6@@:65]>>[#8:1](-[#6:2])-[#6@@:50](-[#6:51])(-[#8:49])-[#6@@:65],"EVODEX.2.1-P1976,EVODEX.2.1-P1978,EVODEX.2.1-P1979,EVODEX.2.1-P2029,EVODEX.2.1-P2031",23949365442891627569401365865910940307854859242366772357151326944972392380761
EVODEX.2.1-C370,[#8:1](-[#6:2])-[#1]>>[#8:1](-[#6:2])-[#6@@]1(-[#6](-[#8]-[#1])(-[#1])-[#1])-[#8]-[#6@](-[#6](-[#8]-[#1])(-[#1])-[#1])(-[#6@@](-[#8]-[#1])(-[#6@@]-1(-[#8]-[#1])-[#1])-[#1])-[#1],"EVODEX.2.1-P1977,EVODEX.2.1-P2022,EVODEX.2.1-P2026,EVODEX.2.1-P2030,EVODEX.2.1-P2152",78424891741467486752864228720540437708264502752704545510114626318866624165591
EVODEX.2.1-C372,[#8](-[#6@:32](-[#6@:31])(-[#8:58])-[#1:96])-[#15](=[#8])(-[#8]-[#1])-[#8]-[#15](=[#8])(-[#8]-[#1])-[#8]-[#6](-[#6@]1(-[#8]-[#6@@](-[#7]2:[#6](:[#6](:[#6](=[#8]):[#7](:[#6]:2=[#8])-[#1])-[#1])-[#1])(-[#6@](-[#8]-[#1])(-[#6@@]-1(-[#8]-[#1])-[#1])-[#1])-[#1])-[#1])(-[#1])-[#1]>>[#8](-[#6@@:32](-[#6@:31])(-[#8:58])-[#1:96])-[#1],"EVODEX.2.1-P1981,EVODEX.2.1-P2037,EVODEX.2.1-P2039,EVODEX.2.1-P2062,EVODEX.2.1-P2151",50192519041531231490766678324585379065925761417184513663489248781522418337556
EVODEX.2.1-C373,[#8:33](-[#6@:32](-[#6@:31])(-[#8:58])-[#1:96])-[#15:34]>>[#8](-[#6@@:32](-[#6@:31])(-[#8:58])-[#1:96])-[#1].[#8:33](-[#15:34])-[#1],"EVODEX.2.1-P1982,EVODEX.2.1-P2019,EVODEX.2.1-P3760,EVODEX.2.1-P4000,EVODEX.2.1-P5821",103888010907134440046082466610074196922029680271076009666988530227888193822830
EVODEX.2.1-C374,[#8](-[#6@@:6](-[#6@@:5])(-[#8:32])-[#1:71])-[#15](=[#8])(-[#8]-[#1])-[#8]-[#15](=[#8])(-[#8]-[#1])-[#8]-[#6](-[#6@]1(-[#8]-[#6@@](-[#7]2:[#6](:[#6](:[#6](=[#8]):[#7](:[#6]:2=[#8])-[#1])-[#1])-[#1])(-[#6@](-[#8]-[#1])(-[#6@@]-1(-[#8]-[#1])-[#1])-[#1])-[#1])-[#1])(-[#1])-[#1].[#8:65](-[#1])-[#1]>>[#8:65](-[#6@@:6](-[#6@@:5])(-[#8:32])-[#1:71])-[#1],"EVODEX.2.1-P1983,EVODEX.2.1-P2054,EVODEX.2.1-P2055,EVODEX.2.1-P2150,EVODEX.2.1-P3999",7561553561653575081592492879953807434035387747235649669822663615092387320306
EVODEX.2.1-C375,[#15:102]-[#8:105]-[#6@@]1(-[#8]-[#6@](-[#6](-[#8]-[#1])(-[#1])-[#1])(-[#6@@](-[#8]-[#1])(-[#6@](-[#8]-[#1])(-[#6@@]-1(-[#8]-[#1])-[#1])-[#1])-[#1])-[#1])-[#1]>>[#15:102]-[#8:105]-[#1],"EVODEX.2.1-P1984,EVODEX.2.1-P1989,EVODEX.2.1-P2000,EVODEX.2.1-P2009,EVODEX.2.1-P2010",15589231789484169608517510853306122131124637546604293553719925339935566612496
EVODEX.2.1-C376,[#8:152](-[#6@@:150])-[#1].[#6](-[#6](-[#6](-[#1])(-[#1])-[#1])=[#6](-[#6](-[#6](/[#6](-[#6](-[#1])(-[#1])-[#1])=[#6](/[#6](-[#6](/[#6](-[#6](-[#1])(-[#1])-[#1])=[#6](/[#6](-[#6](/[#6](-[#6](-[#1])(-[#1])-[#1])=[#6](\[#6](-[#6](/[#6](-[#6](-[#1])(-[#1])-[#1])=[#6](\[#6](-[#6](/[#6](-[#6](-[#1])(-[#1])-[#1])=[#6](\[#6](-[#6](/[#6](-[#6](-[#1])(-[#1])-[#1])=[#6](\[#6](-[#6](/[#6](-[#6](-[#1])(-[#1])-[#1])=[#6](\[#6](-[#6](/[#6](-[#6](-[#1])(-[#1])-[#1])=[#6](\[#6](-[#6](/[#6](-[#6](-[#1])(-[#1])-[#1])=[#6](\[#6](-[#6](/[#6](-[#6](-[#1])(-[#1])-[#1])=[#6](\[#6](-[#6](/[#6](-[#6](-[#1])(-[#1])-[#1])=[#6](\[#6](-[#6](/[#6](-[#6](-[#1])(-[#1])-[#1])=[#6](\[#6](-[#6](/[#6](-[#6](-[#1])(-[#1])-[#1])=[#6](\[#6](-[#6](/[#6](-[#6](-[#1])(-[#1])-[#1])=[#6](\[#6](-[#6](/[#6](-[#6](-[#1])(-[#1])-[#1])=[#6](\[#6](-[#6](/[#6](-[#6](-[#1])(-[#1])-[#1])=[#6](\[#6](-[#6](/[#6](-[#6](-[#1])(-[#1])-[#1])=[#6](\[#6](-[#6](/[#6](-[#6](-[#1])(-[#1])-[#1])=[#6](\[#6](-[#6](-[#6](-[#6](-[#1])(-[#1])-[#1])(-[#6](-[#6](-[#8]-[#15](=[#8])(-[#8]-[#1])-[#8]-[#6@:106](-[#8:107])(-[#6@@:115])-[#1:359])(-[#1])-[#1])(-[#1])-[#1])-[#1])(-[#1])-[#1])(-[#1])-[#1])-[#1])(-[#1])-[#1])(-[#1])-[#1])-[#1])(-[#1])-[#1])(-[#1])-[#1])-[#1])(-[#1])-[#1])(-[#1])-[#1])-[#1])(-[#1])-[#1])(-[#1])-[#1])-[#1])(-[#1])-[#1])(-[#1])-[#1])-[#1])(-[#1])-[#1])(-[#1])-[#1])-[#1])(-[#1])-[#1])(-[#1])-[#1])-[#1])(-[#1])-[#1])(-[#1])-[#1])-[#1])(-[#1])-[#1])(-[#1])-[#1])-[#1])(-[#1])-[#1])(-[#1])-[#1])-[#1])(-[#1])-[#1])(-[#1])-[#1])-[#1])(-[#1])-[#1])(-[#1])-[#1])-[#1])(-[#1])-[#1])(-[#1])-[#1])-[#1])(-[#1])-[#1])(-[#1])-[#1])-[#1])(-[#1])-[#1])(-[#1])-[#1])-[#1])(-[#1])-[#1])(-[#1])-[#1])-[#1])(-[#1])-[#1])(-[#1])-[#1])-[#1])(-[#1])-[#1])(-[#1])-[#1])-[#1])(-[#1])(-[#1])-[#1]>>[#8:152](-[#6@:106](-[#8:107])(-[#6@@:115])-[#1:359])-[#6@@:150],"EVODEX.2.1-P1985,EVODEX.2.1-P1986,EVODEX.2.1-P1990,EVODEX.2.1-P1991,EVODEX.2.1-P1992",64017094487754779327860616964000892029751472678641247398717436298194068196936
EVODEX.2.1-C378,[#15:39]-[#8:41]-[#1]>>[#8:41](-[#6@]1(-[#8]-[#6@](-[#6](-[#8]-[#1])(-[#1])-[#1])(-[#6@@](-[#8]-[#1])(-[#6@](-[#8]-[#1])(-[#6@]-1(-[#8]-[#1])-[#1])-[#1])-[#1])-[#1])-[#1])-[#15:39],"EVODEX.2.1-P1995,EVODEX.2.1-P2142,EVODEX.2.1-P2143,EVODEX.2.1-P2148,EVODEX.2.1-P2149",103306927245930699824580621753715504081839967837643846444933120388415286560321
EVODEX.2.1-C379,[#15:27]-[#8:29]-[#1].[#8]=[#6]1:[#6](:[#6](:[#7](-[#6@@]2(-[#8]-[#6@](-[#6](-[#8]-[#15](=[#8])(-[#8]-[#1])-[#8]-[#15](=[#8])(-[#8]-[#1])-[#8]-[#6@@:49](-[#8:50])(-[#6@:58])-[#1:120])(-[#1])-[#1])(-[#6@@](-[#8]-[#1])(-[#6@]-2(-[#8]-[#1])-[#1])-[#1])-[#1])-[#1]):[#6](=[#8]):[#7]:1-[#1])-[#1])-[#1]>>[#15:27]-[#8:29]-[#6@:49](-[#8:50])(-[#6@:58])-[#1:120],"EVODEX.2.1-P1998,EVODEX.2.1-P1999,EVODEX.2.1-P2001,EVODEX.2.1-P2020,EVODEX.2.1-P3214",16469128142840460219315166120902722053233922369584355526190014233328985668837
EVODEX.2.1-C380,[#15:15]-[#8:18]-[#6@@:19](-[#8:20])(-[#6@:28])-[#1:62].[#6:49]:[#7:50](:[#6:51])-[#1]>>[#7:50](-[#6@@:19](-[#8:20])(-[#6@:28])-[#1:62])(:[#6:49]):[#6:51].[#15:15]-[#8:18]-[#1],"EVODEX.2.1-P2002,EVODEX.2.1-P2003,EVODEX.2.1-P2004,EVODEX.2.1-P2005,EVODEX.2.1-P2185",6331933207742954494053983689810454198724781417897666665750493712047763015522
EVODEX.2.1-C382,[#8:96](-[#6@@:95])-[#1]>>[#6](-[#6](=[#8])-[#7](-[#6@]1(-[#6@](-[#8:96]-[#6@@:95])(-[#8]-[#6@](-[#6](-[#8]-[#1])(-[#1])-[#1])(-[#6@@](-[#8]-[#1])(-[#6@@]-1(-[#8]-[#1])-[#1])-[#1])-[#1])-[#1])-[#1])-[#1])(-[#1])(-[#1])-[#1],"EVODEX.2.1-P2012,EVODEX.2.1-P2016,EVODEX.2.1-P2079,EVODEX.2.1-P2103,EVODEX.2.1-P2139",2904868970291021472555694890570884484563727140863289509210945030377505530741
EVODEX.2.1-C383,[#8:55](-[#6@@:54](-[#6@:52])(-[#6@:56])-[#1:141])-[#1].[#8](-[#6@:65](-[#6@:64])(-[#8:91])-[#1:152])-[#15](=[#8])(-[#8]-[#1])-[#8]-[#15](=[#8])(-[#8]-[#1])-[#8]-[#6](-[#6@]1(-[#8]-[#6@@](-[#7]2:[#6](:[#6](:[#6](=[#8]):[#7](:[#6]:2=[#8])-[#1])-[#1])-[#1])(-[#6@](-[#8]-[#1])(-[#6@@]-1(-[#8]-[#1])-[#1])-[#1])-[#1])-[#1])(-[#1])-[#1]>>[#6:54](-[#6@:52])(-[#8:55]-[#6@:65](-[#6@:64])(-[#8:91])-[#1:152])(-[#6@:56])-[#1:141],"EVODEX.2.1-P2015,EVODEX.2.1-P2063,EVODEX.2.1-P2105,EVODEX.2.1-P2107,EVODEX.2.1-P2110",91184428365513048111364562258821061072719066672872650958469099484535210407300
EVODEX.2.1-C384,[#8]=[#15](-[#8]-[#1])(-[#8]-[#1])-[#8]-[#6:7](-[#6@:8])(-[#1:31])-[#1:32]>>[#8](-[#6:7](-[#6@:8])(-[#1:31])-[#1:32])-[#1],"EVODEX.2.1-P2017,EVODEX.2.1-P3742,EVODEX.2.1-P3764,EVODEX.2.1-P3786,EVODEX.2.1-P3791",90101503924046788309897466790799537001167788313962437497241962816248160851750
EVODEX.2.1-C387,[#8:11](-[#6@@:10])-[#1].[#8:27]-[#6@@:28](-[#6:29])(-[#8:31]-[#6@@:32](-[#8:33])(-[#6@:41])-[#1:76])-[#6@@:43]>>[#8:11](-[#6@@:10])-[#6@:28](-[#6:29])(-[#8:27])-[#6@@:43].[#8:31](-[#6:32](-[#8:33])(-[#6@:41])-[#1:76])-[#1],"EVODEX.2.1-P2025,EVODEX.2.1-P2027,EVODEX.2.1-P2028,EVODEX.2.1-P2032,EVODEX.2.1-P2157",114524229782212658315867647930604198804028878175067630499903393464671335459184
EVODEX.2.1-C390,[#8](-[#6@:25](-[#6@:22])(-[#6@:38])-[#1:75])-[#6@]1(-[#8]-[#6@](-[#6](-[#8]-[#1])(-[#1])-[#1])(-[#6@@](-[#8]-[#1])(-[#6@](-[#8]-[#1])(-[#6@]-1(-[#8]-[#1])-[#1])-[#1])-[#1])-[#1])-[#1]>>[#8](-[#6@:25](-[#6@@:22])(-[#6@:38])-[#1:75])-[#1],"EVODEX.2.1-P2059,EVODEX.2.1-P3904,EVODEX.2.1-P3911,EVODEX.2.1-P4006,EVODEX.2.1-P4007",64763374437666850988378354803625052981728969544145212126603779812079364999780
EVODEX.2.1-C391,[#7](-[#6]1:[#7]:[#6](:[#7]:[#6]2:[#6]:1:[#7]:[#6](:[#7]:2-[#6@@]1(-[#8]-[#6@](-[#6](-[#8]-[#15](=[#8])(-[#8]-[#1])-[#8]-[#15](=[#8])(-[#8]-[#1])-[#8]-[#6@@:24](-[#8:25])(-[#6@:33])-[#1:138])(-[#1])-[#1])(-[#6@@](-[#8]-[#1])(-[#6@]-1(-[#8]-[#1])-[#1])-[#1])-[#1])-[#1])-[#1])-[#1])(-[#1])-[#1].[#8:127](-[#6@@:126])-[#1]>>[#8:127](-[#6@@:24](-[#8:25])(-[#6@:33])-[#1:138])-[#6@@:126],"EVODEX.2.1-P2068,EVODEX.2.1-P2069,EVODEX.2.1-P2071,EVODEX.2.1-P2080,EVODEX.2.1-P2092",12807727597119716674381767562030985967642179760507187770243984647308180738878
EVODEX.2.1-C392,[#8:21](-[#6@:20])-[#6@@]1(-[#8]-[#6@](-[#6](-[#8]-[#1])(-[#1])-[#1])(-[#6@@](-[#8]-[#1])(-[#6@](-[#8]-[#1])(-[#6@]-1(-[#8]-[#1])-[#1])-[#1])-[#1])-[#1])-[#1]>>[#8:21](-[#6@:20])-[#1],"EVODEX.2.1-P2073,EVODEX.2.1-P2077,EVODEX.2.1-P2085,EVODEX.2.1-P4026,EVODEX.2.1-P4085",2382509324157082404534993939783836044355291098442155078460955172047864968650
EVODEX.2.1-C393,[#6](-[#6]1:[#6](:[#7](-[#6@]2(-[#6](-[#6@](-[#8]-[#1])(-[#6@@](-[#6](-[#8]-[#15](=[#8])(-[#8]-[#1])-[#8]-[#15](=[#8])(-[#8]-[#1])-[#8]-[#6@@:20](-[#8:21])(-[#6@:29])-[#1:82])(-[#1])-[#1])(-[#8]-2)-[#1])-[#1])(-[#1])-[#1])-[#1]):[#6](=[#8]):[#7](:[#6]:1=[#8])-[#1])-[#1])(-[#1])(-[#1])-[#1].[#8:51](-[#6@:50])-[#1]>>[#8:51](-[#6@:20](-[#8:21])(-[#6@:29])-[#1:82])-[#6@:50],"EVODEX.2.1-P2075,EVODEX.2.1-P2081,EVODEX.2.1-P2089,EVODEX.2.1-P2091,EVODEX.2.1-P2180",111105577338066303898854221773869730437714757212946754168578461282576259060284
EVODEX.2.1-C394,[#8:80](-[#6@:79])-[#1].[#7](-[#6]1:[#7]:[#6]2:[#6](:[#7]:[#6](:[#7]:2-[#6@@]2(-[#8]-[#6@](-[#6](-[#8]-[#15](=[#8])(-[#8]-[#1])-[#8]-[#15](=[#8])(-[#8]-[#1])-[#8]-[#6@@:108](-[#8:109])(-[#6@@:117])-[#1:247])(-[#1])-[#1])(-[#6@@](-[#8]-[#1])(-[#6@]-2(-[#8]-[#1])-[#1])-[#1])-[#1])-[#1])-[#1]):[#6](=[#8]):[#7]:1-[#1])(-[#1])-[#1]>>[#8:80](-[#6@:79])-[#6@@:108](-[#8:109])(-[#6@@:117])-[#1:247],"EVODEX.2.1-P2078,EVODEX.2.1-P2093,EVODEX.2.1-P2124,EVODEX.2.1-P2126,EVODEX.2.1-P2134",72794390916954151360649987535250442535333632544953248552073192607239780467162
EVODEX.2.1-C395,[#8:22](-[#6@@:21])-[#6@@]1(-[#8]-[#6@](-[#6](-[#8]-[#1])(-[#1])-[#1])(-[#6@@](-[#8]-[#1])(-[#6@](-[#8]-[#1])(-[#6@]-1(-[#7](-[#6](-[#6](-[#1])(-[#1])-[#1])=[#8])-[#1])-[#1])-[#1])-[#1])-[#1])-[#1]>>[#8:22](-[#6@@:21])-[#1],"EVODEX.2.1-P2082,EVODEX.2.1-P3934,EVODEX.2.1-P3978,EVODEX.2.1-P4075,EVODEX.2.1-P4115",11389573550017546520014822858393998715351943935945193973279634931769870411919
EVODEX.2.1-C396,[#8:4]-[#6@@:5](-[#6:6])(-[#8:8]-[#6@@:9](-[#8:10])(-[#6@:18])-[#1:54])-[#6@@:20].[#8:46](-[#6@@:45])-[#1]>>[#8:46](-[#6@:9](-[#8:10])(-[#6@:18])-[#1:54])-[#6@@:45].[#8:4]-[#6:5](-[#6:6])(-[#8:8]-[#1])-[#6@@:20],"EVODEX.2.1-P2099,EVODEX.2.1-P2100,EVODEX.2.1-P2113,EVODEX.2.1-P2114,EVODEX.2.1-P2117",102434472233148307106005763888646573401320837732437046400436337224945869953901
EVODEX.2.1-C397,[#8](-[#6](-[#6@]1(-[#8]-[#6@@](-[#6](-[#8]-[#1])(-[#1])-[#1])(-[#8]-[#6@@:9](-[#8:10])(-[#6@:18])-[#1:87])-[#6@@](-[#8]-[#1])(-[#6@@]-1(-[#8]-[#1])-[#1])-[#1])-[#1])(-[#1])-[#1])-[#1].[#8:79](-[#6@@:78])-[#1]>>[#8:79](-[#6@@:9](-[#8:10])(-[#6@:18])-[#1:87])-[#6@@:78],"EVODEX.2.1-P2101,EVODEX.2.1-P2102,EVODEX.2.1-P2115,EVODEX.2.1-P2116,EVODEX.2.1-P2137",26517164750353335670425261984567067636569750079599440760397352764955314958464
EVODEX.2.1-C398,[#8:7](-[#6@:6](-[#6@:5])(-[#8:32])-[#1:123])-[#15:8].[#6:116]-[#6@:115](-[#6@:67])(-[#8:117]-[#1])-[#1:214]>>[#8:117](-[#6@:6](-[#6@:5])(-[#8:32])-[#1:123])-[#6:115](-[#6@:67])(-[#6:116])-[#1:214].[#8:7](-[#15:8])-[#1],"EVODEX.2.1-P2106,EVODEX.2.1-P2108,EVODEX.2.1-P2109,EVODEX.2.1-P2156,EVODEX.2.1-P2178",80561587869962363093304872727369825521637648085184832493779885975926765849935
EVODEX.2.1-C399,[#8:35](-[#6@@:34])-[#1]>>[#8:35](-[#6@]1(-[#8]-[#6](-[#6@@](-[#8]-[#1])(-[#6@](-[#8]-[#1])(-[#6@]-1(-[#8]-[#1])-[#1])-[#1])-[#1])(-[#1])-[#1])-[#1])-[#6@@:34],"EVODEX.2.1-P2111,EVODEX.2.1-P2112,EVODEX.2.1-P2179,EVODEX.2.1-P2181,EVODEX.2.1-P2182",59172978546934209257750696132439041761093230139002950076968144968982728624899
EVODEX.2.1-C400,[#15:57]-[#8:59]-[#1].[#15:78]-[#8:81]-[#6@@:82](-[#8:83])(-[#6@@:91])-[#1:200]>>[#15:57]-[#8:59]-[#6@:82](-[#8:83])(-[#6@@:91])-[#1:200].[#15:78]-[#8:81]-[#1],"EVODEX.2.1-P2118,EVODEX.2.1-P2120,EVODEX.2.1-P2144,EVODEX.2.1-P2146,EVODEX.2.1-P3215",110583593635534524979640910375714822506637720721990798684356838212140173014448
EVODEX.2.1-C401,[#15:22]-[#8:24]-[#1].[#7](-[#6]1:[#7]:[#6]2:[#6](:[#7]:[#6](:[#7]:2-[#6@@]2(-[#8]-[#6@](-[#6](-[#8]-[#15](=[#8])(-[#8]-[#1])-[#8]-[#15](=[#8])(-[#8]-[#1])-[#8]-[#6@@:47](-[#8:48])(-[#6@@:56])-[#1:117])(-[#1])-[#1])(-[#6@@](-[#8]-[#1])(-[#6@]-2(-[#8]-[#1])-[#1])-[#1])-[#1])-[#1])-[#1]):[#6](=[#8]):[#7]:1-[#1])(-[#1])-[#1]>>[#15:22]-[#8:24]-[#6@:47](-[#8:48])(-[#6@@:56])-[#1:117],"EVODEX.2.1-P2119,EVODEX.2.1-P2121,EVODEX.2.1-P2141,EVODEX.2.1-P2145,EVODEX.2.1-P2147",59960470930346027656409693732691653166065603165746911173111054074370584888935
EVODEX.2.1-C402,[#8:24](-[#6@:23])-[#1]>>[#8:24](-[#6@:23])-[#6@]1(-[#8]-[#6@@](-[#6](-[#1])(-[#1])-[#1])(-[#6@@](-[#8]-[#1])(-[#6@@](-[#8]-[#1])(-[#6@@]-1(-[#8]-[#1])-[#1])-[#1])-[#1])-[#1])-[#1],"EVODEX.2.1-P2123,EVODEX.2.1-P2125,EVODEX.2.1-P2127,EVODEX.2.1-P2133,EVODEX.2.1-P2135",13556743374430699442491935264221496532788796784932705827762251376535026503846
EVODEX.2.1-C403,[#8]=[#7&+](-[#8&-])-[#6]1:[#6](:[#6](:[#6](-[#8]-[#6@@:9](-[#8:10])(-[#6@:18])-[#1:58]):[#6](:[#6]:1-[#1])-[#1])-[#1])-[#1].[#8:22](-[#6:23])-[#1]>>[#8:22](-[#6@@:9](-[#8:10])(-[#6@:18])-[#1:58])-[#6:23],"EVODEX.2.1-P2131,EVODEX.2.1-P4076,EVODEX.2.1-P4109,EVODEX.2.1-P4112,EVODEX.2.1-P4116",21372170871982623929741201558639983909311163999391486664190553671958486490038
EVODEX.2.1-C404,[#8]=[#15](-[#8]-[#1])(-[#8]-[#1])-[#8]-[#6@@:7](-[#8:8])(-[#6@:16])-[#1:20].[#8:1](-[#1])-[#1]>>[#8:1](-[#6@@:7](-[#8:8])(-[#6@:16])-[#1:20])-[#1],"EVODEX.2.1-P2138,EVODEX.2.1-P3756,EVODEX.2.1-P3758,EVODEX.2.1-P3762,EVODEX.2.1-P3763",89670338699018199374696363024512780924762565411783385865693121153589218110125
EVODEX.2.1-C405,[#8:6]-[#6@:7](-[#6:8](-[#8:9])(-[#1:30])-[#1:31])(-[#6@@:10])-[#1:29].[#15:20]-[#8:21]-[#1]>>[#8:6]-[#6@:7](-[#8:21]-[#15:20])(-[#6@@:10])-[#1:29].[#6:8](-[#8:9])(-[#1:30])(-[#1:31])-[#1],"EVODEX.2.1-P2158,EVODEX.2.1-P2166,EVODEX.2.1-P2169,EVODEX.2.1-P2172,EVODEX.2.1-P2174",54298924115400501508665788525518073476370026427883516085318706277112466898471
EVODEX.2.1-C406,[#8:6]-[#6@:7](-[#6](-[#8]-[#1])(-[#1])-[#1])(-[#6@@:10])-[#1:29].[#15:20]-[#8:21]-[#1]>>[#8:6]-[#6@:7](-[#8:21]-[#15:20])(-[#6@@:10])-[#1:29],"EVODEX.2.1-P2159,EVODEX.2.1-P2161,EVODEX.2.1-P2163,EVODEX.2.1-P2170,EVODEX.2.1-P2175",24861582384770037757157478870401895370141586866771793510249662350387263408500
EVODEX.2.1-C407,[#8:6]-[#6@:7](-[#6:8](-[#8:9])(-[#1:30])-[#1:31])(-[#6@@:10])-[#1:29]>>[#8:6]-[#6@:7](-[#8]-[#15](=[#8])(-[#8]-[#1])-[#8]-[#1])(-[#6@@:10])-[#1:29].[#6:8](-[#8:9])(-[#1:30])(-[#1:31])-[#1],"EVODEX.2.1-P2160,EVODEX.2.1-P2162,EVODEX.2.1-P2165,EVODEX.2.1-P2168,EVODEX.2.1-P2177",38559274301880779757724349925170876549240444804305924848355313997983653883849
EVODEX.2.1-C408,[#8:13]-[#6@:14](-[#6](-[#8]-[#1])(-[#1])-[#1])(-[#6@@:17])-[#1:29]>>[#8]=[#15](-[#8]-[#6@@:14](-[#8:13])(-[#6@@:17])-[#1:29])(-[#8]-[#1])-[#8]-[#1],"EVODEX.2.1-P2164,EVODEX.2.1-P2167,EVODEX.2.1-P2171,EVODEX.2.1-P2173,EVODEX.2.1-P2176",10164174692653497497465052351999600361412500290096126079029004171668342950880
EVODEX.2.1-C409,[#15:2]-[#8:3]-[#1]>>[#15:2]-[#8:3]-[#15](=[#8])(-[#8]-[#1])-[#8]-[#15](=[#8])(-[#8]-[#1])-[#8]-[#1],"EVODEX.2.1-P2186,EVODEX.2.1-P3152,EVODEX.2.1-P3156,EVODEX.2.1-P3158,EVODEX.2.1-P3159",84019060205973586137133122325719238620920799060788858153568000567151640823060
EVODEX.2.1-C410,[#6:13]-[#8:14]-[#1].[#8:39]-[#6@:40](-[#8]-[#15](=[#8])(-[#8]-[#1])-[#8]-[#6](-[#6@]1(-[#8]-[#6@@](-[#7]2:[#6](:[#6](:[#6](-[#7](-[#1])-[#1]):[#7]:[#6]:2=[#8])-[#1])-[#1])(-[#6@](-[#8]-[#1])(-[#6@@]-1(-[#8]-[#1])-[#1])-[#1])-[#1])-[#1])(-[#1])-[#1])(-[#6:62])-[#6:65]>>[#6:13]-[#8:14]-[#6@:40](-[#6:62])(-[#8:39])-[#6:65],"EVODEX.2.1-P2187,EVODEX.2.1-P2188,EVODEX.2.1-P2190,EVODEX.2.1-P2193,EVODEX.2.1-P2201",72675935262786492254552320423406208107371193354958986014301920077291981585392
EVODEX.2.1-C411,[#6:47]-[#8:48]-[#1]>>[#6](-[#6](=[#8])-[#7](-[#6@]1(-[#6@](-[#6@](-[#8]-[#1])(-[#6@](-[#8]-[#1])(-[#6](-[#8]-[#1])(-[#1])-[#1])-[#1])-[#1])(-[#8]-[#6@@](-[#6](=[#8])-[#8]-[#1])(-[#8:48]-[#6:47])-[#6](-[#6@@]-1(-[#8]-[#1])-[#1])(-[#1])-[#1])-[#1])-[#1])-[#1])(-[#1])(-[#1])-[#1],"EVODEX.2.1-P2189,EVODEX.2.1-P2195,EVODEX.2.1-P2196,EVODEX.2.1-P2197,EVODEX.2.1-P2198",63615295069601688198357260416447352889910807833902718399778889162765081371021
EVODEX.2.1-C412,[#6:38]-[#8:39]-[#1].[#8:77]-[#6@:78](-[#8:79]-[#15:80])(-[#6:100])-[#6:103]>>[#6:38]-[#8:39]-[#6@@:78](-[#6:100])(-[#8:77])-[#6:103].[#8:79](-[#15:80])-[#1],"EVODEX.2.1-P2191,EVODEX.2.1-P2192,EVODEX.2.1-P2194,EVODEX.2.1-P2199,EVODEX.2.1-P2200",62138121457577969320570213973893933986738401522817507619428820054275570793249
EVODEX.2.1-C413,[#6:1](=[#6:2](-[#6:3])-[#6:4](-[#6:5])(-[#1:39])-[#1])(-[#1:34])-[#1:35].[#6:23]-[#6:24](-[#8:25]-[#15:26])(-[#1:61])-[#1:62]>>[#6:1](/[#6:2](-[#6:3])=[#6:4](/[#6:5])-[#1:39])(-[#6:24](-[#6:23])(-[#1:61])-[#1:62])(-[#1:34])-[#1:35].[#8:25](-[#15:26])-[#1],"EVODEX.2.1-P2202,EVODEX.2.1-P2256,EVODEX.2.1-P2258,EVODEX.2.1-P2259,EVODEX.2.1-P2261",11451865355175509100119634865205015549767472440791227706489959762741906215521
EVODEX.2.1-C414,[#6:1](=[#6:2](-[#6:3])-[#6:4](-[#6:5])(-[#1:39])-[#1])(-[#1:34])-[#1:35].[#6:23]-[#6:24](-[#8]-[#15](=[#8])(-[#8]-[#1])-[#8]-[#15](=[#8])(-[#8]-[#1])-[#8]-[#1])(-[#1:61])-[#1:62]>>[#6:1](/[#6:2](-[#6:3])=[#6:4](/[#6:5])-[#1:39])(-[#6:24](-[#6:23])(-[#1:61])-[#1:62])(-[#1:34])-[#1:35],"EVODEX.2.1-P2203,EVODEX.2.1-P2204,EVODEX.2.1-P2257,EVODEX.2.1-P2260,EVODEX.2.1-P2262",101586774921948081324247673290408484588038294730517912886277727046019524536594
EVODEX.2.1-C415,[#6](-[#16&+](-[#6:3](-[#6:4])(-[#1:35])-[#1:36])-[#6](-[#6@]1(-[#8]-[#6@@](-[#7]2:[#6](:[#7]:[#6]3:[#6](-[#7](-[#1])-[#1]):[#7]:[#6](:[#7]:[#6]:2:3)-[#1])-[#1])(-[#6@](-[#8]-[#1])(-[#6@@]-1(-[#8]-[#1])-[#1])-[#1])-[#1])-[#1])(-[#1])-[#1])(-[#1])(-[#1])-[#1].[#7:25](-[#6:26])(-[#1])-[#1]>>[#6:3](-[#6:4])(-[#7:25](-[#6:26])-[#1])(-[#1:35])-[#1:36],"EVODEX.2.1-P2205,EVODEX.2.1-P2234,EVODEX.2.1-P2251,EVODEX.2.1-P2255,EVODEX.2.1-P2280",93121495333480351758968140070384317428416364315720922786290157618335728318555
EVODEX.2.1-C416,[#6:1]-[#16&+:2](-[#6:3](-[#6:4])(-[#1:33])-[#1:34])-[#6:7].[#7:25](-[#6:26])(-[#1])-[#1]>>[#6:3](-[#6:4])(-[#7:25](-[#6:26])-[#1])(-[#1:33])-[#1:34].[#6:1]-[#16:2]-[#6:7],"EVODEX.2.1-P2206,EVODEX.2.1-P2208,EVODEX.2.1-P2210,EVODEX.2.1-P2244,EVODEX.2.1-P2254",24057153833809577485625939158552089886771132268389652717197541576833817721382
EVODEX.2.1-C417,[#7:25](-[#6:26])(-[#1])-[#1]>>[#6](-[#6](-[#6](-[#7](-[#1])-[#1])(-[#1])-[#1])(-[#1])-[#1])(-[#7:25](-[#6:26])-[#1])(-[#1])-[#1],"EVODEX.2.1-P2207,EVODEX.2.1-P2209,EVODEX.2.1-P2235,EVODEX.2.1-P2252,EVODEX.2.1-P2253",30404294764076092490230758100294508578449091526645287064750180330092624570486
EVODEX.2.1-C418,[#6:22]:[#6:23](:[#7:24])-[#1].[#6:4]-[#6:5](-[#8:6]-[#15:7])(-[#1:56])-[#1:57]>>[#6:4]-[#6:5](-[#6:23](:[#6:22]):[#7:24])(-[#1:56])-[#1:57].[#8:6](-[#15:7])-[#1],"EVODEX.2.1-P2211,EVODEX.2.1-P2214,EVODEX.2.1-P2219,EVODEX.2.1-P2221,EVODEX.2.1-P2224",53023120012384609131470286689551485298739703062005467215474669121793876046968
EVODEX.2.1-C419,[#6:22]:[#6:23](:[#7:24])-[#1]>>[#6](-[#6](-[#6](-[#1])(-[#1])-[#1])=[#6](-[#6](-[#6:23](:[#6:22]):[#7:24])(-[#1])-[#1])-[#1])(-[#1])(-[#1])-[#1],"EVODEX.2.1-P2212,EVODEX.2.1-P2216,EVODEX.2.1-P2218,EVODEX.2.1-P2220,EVODEX.2.1-P2223",26817230187715247366152902104404998981256244361557104406726782120371364663221
EVODEX.2.1-C420,[#6:4]-[#6:5](-[#8]-[#15](=[#8])(-[#8]-[#1])-[#8]-[#15](=[#8])(-[#8]-[#1])-[#8]-[#1])(-[#1:40])-[#1:41].[#6:23]:[#6:24](:[#7:25])-[#1]>>[#6:4]-[#6:5](-[#6:24](:[#6:23]):[#7:25])(-[#1:40])-[#1:41],"EVODEX.2.1-P2213,EVODEX.2.1-P2215,EVODEX.2.1-P2217,EVODEX.2.1-P2222,EVODEX.2.1-P2225",87567477535868723940523156305612297281436390567655743740033604049016306081618
EVODEX.2.1-C424,[#6:30]/[#6:31](=[#6:32](\[#6:33])-[#6:34])-[#1:121].[#6:49](-[#6@:48])(-[#8:50]-[#15:51])(-[#1:141])-[#1]>>[#6:30]-[#6:31]1(-[#6:32](-[#6:33])(-[#6:34])-[#6:49]-1(-[#6@:48])-[#1:141])-[#1:121].[#8:50](-[#15:51])-[#1],"EVODEX.2.1-P2245,EVODEX.2.1-P2247,EVODEX.2.1-P2248,EVODEX.2.1-P2249,EVODEX.2.1-P2250",27568534447131729464821922023056383348442046181182943758092416720285097294230
EVODEX.2.1-C425,[#15:55]-[#8:58]-[#6](-[#6@]1(-[#8]-[#6@@](-[#7]2:[#6](:[#7]:[#6]3:[#6](-[#7](-[#1])-[#1]):[#7]:[#6](:[#7]:[#6]:2:3)-[#1])-[#1])(-[#6@](-[#8]-[#1])(-[#6@@]-1(-[#8]-[#1])-[#1])-[#1])-[#1])-[#1])(-[#1])-[#1]>>[#15:55]-[#8:58]-[#1],"EVODEX.2.1-P2246,EVODEX.2.1-P3102,EVODEX.2.1-P3782,EVODEX.2.1-P6144,EVODEX.2.1-P6146",47784572090354545293127826658839775468950319670938729740077819124660477525992
EVODEX.2.1-C426,[#6:5]-[#6:6](-[#7:7](-[#6:8])-[#1])(-[#1:20])-[#1:21].[#7:1](-[#1])(-[#1])-[#1]>>[#7:1](-[#6:6](-[#6:5])(-[#1:20])-[#1:21])(-[#1])-[#1].[#7:7](-[#6:8])(-[#1])-[#1],"EVODEX.2.1-P2282,EVODEX.2.1-P2283,EVODEX.2.1-P2284,EVODEX.2.1-P2285,EVODEX.2.1-P2287",18948480222808463416793164951499726929469396388638711698348586093855135633414
EVODEX.2.1-C427,[#6:11]-[#16:12]-[#1].[#6:2]-[#8:4]-[#6:5](-[#6@:6])(-[#1:20])-[#1:21]>>[#6:5](-[#6@:6])(-[#16:12]-[#6:11])(-[#1:20])-[#1:21].[#6:2]-[#8:4]-[#1],"EVODEX.2.1-P2288,EVODEX.2.1-P2292,EVODEX.2.1-P2295,EVODEX.2.1-P2298,EVODEX.2.1-P2313",32299175254249625757535753911516860622851947641568435313480227279924630871333
EVODEX.2.1-C428,[#6:11]-[#16:12]-[#1].[#6](-[#6](=[#8])-[#8]-[#6:5](-[#6@:6])(-[#1:20])-[#1:21])(-[#1])(-[#1])-[#1]>>[#6:5](-[#6@:6])(-[#16:12]-[#6:11])(-[#1:20])-[#1:21],"EVODEX.2.1-P2289,EVODEX.2.1-P2302,EVODEX.2.1-P2304,EVODEX.2.1-P2307,EVODEX.2.1-P2315",71522747463654094133807927259780916128778817556750595495853800002026049804823
EVODEX.2.1-C429,[#6:11]-[#16:12]-[#1]>>[#6](-[#6@](-[#7](-[#1])-[#1])(-[#6](=[#8])-[#8]-[#1])-[#1])(-[#16:12]-[#6:11])(-[#1])-[#1],"EVODEX.2.1-P2290,EVODEX.2.1-P2291,EVODEX.2.1-P2294,EVODEX.2.1-P2296,EVODEX.2.1-P6143",45915003101800463611473628264669777972141682415979827245820751584017315260167
EVODEX.2.1-C430,[#6:4]-[#16:5]-[#6:6](-[#6@:7])(-[#1:23])-[#1:24]>>[#6:6](-[#6@:7])(-[#8]-[#1])(-[#1:23])-[#1:24].[#6:4]-[#16:5]-[#1],"EVODEX.2.1-P2293,EVODEX.2.1-P3655,EVODEX.2.1-P4552,EVODEX.2.1-P4554,EVODEX.2.1-P6090",1501140892717862718059773874017360798552487114086810828140380603864422801852
EVODEX.2.1-C431,[#6:6]-[#16:7]-[#6:8](-[#6@:9])(-[#1:23])-[#1:24]>>[#6](-[#6](=[#8])-[#8]-[#6:8](-[#6@:9])(-[#1:23])-[#1:24])(-[#1])(-[#1])-[#1].[#6:6]-[#16:7]-[#1],"EVODEX.2.1-P2297,EVODEX.2.1-P2309,EVODEX.2.1-P2311,EVODEX.2.1-P2314,EVODEX.2.1-P2321",57235506643978549652451993492753577370024620464329755661730373003510451807079
EVODEX.2.1-C432,[#7](-[#6@@](-[#6](-[#6](-[#16:5]-[#6:6])(-[#1])-[#1])(-[#1])-[#1])(-[#6](=[#8])-[#8]-[#1])-[#1])(-[#1])-[#1]>>[#16:5](-[#6:6])-[#1],"EVODEX.2.1-P2299,EVODEX.2.1-P2301,EVODEX.2.1-P2306,EVODEX.2.1-P2317,EVODEX.2.1-P2320",39012259538979217688710820742635987507052328414346447073077121081279089196856
EVODEX.2.1-C433,[#6:2]-[#8:4]-[#1].[#6:7]-[#6:8](-[#16:9]-[#6:10])(-[#1:28])-[#1:29]>>[#6:2]-[#8:4]-[#6:8](-[#6:7])(-[#1:28])-[#1:29].[#16:9](-[#6:10])-[#1],"EVODEX.2.1-P2300,EVODEX.2.1-P2305,EVODEX.2.1-P2308,EVODEX.2.1-P2310,EVODEX.2.1-P2319",35592035848778633090007051266592271319972815058006990453800862924860417348319
EVODEX.2.1-C434,[#6:13]-[#16:14]-[#1]>>[#6](-[#6](-[#6@](-[#7](-[#1])-[#1])(-[#6](=[#8])-[#8]-[#1])-[#1])(-[#1])-[#1])(-[#16:14]-[#6:13])(-[#1])-[#1],"EVODEX.2.1-P2303,EVODEX.2.1-P2312,EVODEX.2.1-P2316,EVODEX.2.1-P2318,EVODEX.2.1-P2322",76577000803672903798918832214958635838026348493517630605693885714692785775945
EVODEX.2.1-C435,[#8]=[#6](-[#8]-[#1])-[#6](=[#8])-[#6](-[#6@@:7](-[#8:8]-[#1])(-[#6@:9])-[#1:30])(-[#1])-[#1]>>[#6:7](=[#8:8])(-[#6@:9])-[#1:30],"EVODEX.2.1-P2323,EVODEX.2.1-P6063,EVODEX.2.1-P6064,EVODEX.2.1-P6068,EVODEX.2.1-P6075",102452174231061685874282874471677430038831388537089014269824589253868789760993
EVODEX.2.1-C436,[#8:12]=[#6:13](-[#6@:14])-[#1:31]>>[#6](-[#6](=[#8])-[#6](=[#8])-[#8]-[#1])(-[#6@@:13](-[#8:12]-[#1])(-[#6@:14])-[#1:31])(-[#1])-[#1],"EVODEX.2.1-P2324,EVODEX.2.1-P6023,EVODEX.2.1-P6065,EVODEX.2.1-P6066,EVODEX.2.1-P6074",18809540124029227752641177822103691518461480182089384240838436321772996412758
EVODEX.2.1-C437,[#6:39]-[#16:40]-[#1]>>[#6](-[#6](-[#6](-[#1])(-[#1])-[#1])=[#6](-[#6](-[#6](/[#6](-[#6](-[#1])(-[#1])-[#1])=[#6](/[#6](-[#6](/[#6](-[#6](-[#1])(-[#1])-[#1])=[#6](/[#6](-[#16:40]-[#6:39])(-[#1])-[#1])-[#1])(-[#1])-[#1])(-[#1])-[#1])-[#1])(-[#1])-[#1])(-[#1])-[#1])-[#1])(-[#1])(-[#1])-[#1],"EVODEX.2.1-P2325,EVODEX.2.1-P2329,EVODEX.2.1-P2330,EVODEX.2.1-P2341,EVODEX.2.1-P2348",82952486881825260752080027982784984147340819776119939606452119830688200092377
EVODEX.2.1-C438,[#6:14]-[#6:15](-[#8:16]-[#15:17])(-[#1:78])-[#1:79].[#6:47]-[#16:48]-[#1]>>[#6:14]-[#6:15](-[#16:48]-[#6:47])(-[#1:78])-[#1:79].[#8:16](-[#15:17])-[#1],"EVODEX.2.1-P2326,EVODEX.2.1-P2342,EVODEX.2.1-P2343,EVODEX.2.1-P2344,EVODEX.2.1-P2349",99164479309009810533601418792239159004906181165183788809772991329036094400283
EVODEX.2.1-C439,[#6:19]-[#6:20](-[#8:21]-[#15:22])(-[#1:109])-[#1:110]>>[#6:19]-[#6:20](-[#16]-[#6](-[#6@@](-[#6](-[#7](-[#6@](-[#6](-[#7](-[#6@@](-[#6](-[#6](-[#6](-[#1])(-[#1])-[#1])(-[#6](-[#1])(-[#1])-[#1])-[#1])(-[#1])-[#1])(-[#6](=[#8])-[#7](-[#6@@](-[#6](-[#8]-[#1])(-[#1])-[#1])(-[#6](=[#8])-[#8]-[#1])-[#1])-[#1])-[#1])-[#1])=[#8])(-[#6](-[#6](-[#1])(-[#1])-[#1])(-[#6](-[#1])(-[#1])-[#1])-[#1])-[#1])-[#1])=[#8])(-[#7](-[#6](=[#8])-[#6](-[#7](-[#16](=[#8])(=[#8])-[#6]1:[#6](:[#6](:[#6](:[#6]2:[#6](-[#7](-[#6](-[#1])(-[#1])-[#1])-[#6](-[#1])(-[#1])-[#1]):[#6](:[#6](:[#6](:[#6]:1:2)-[#1])-[#1])-[#1])-[#1])-[#1])-[#1])-[#1])(-[#1])-[#1])-[#1])-[#1])(-[#1])-[#1])(-[#1:109])-[#1:110].[#8:21](-[#15:22])-[#1],"EVODEX.2.1-P2327,EVODEX.2.1-P2332,EVODEX.2.1-P2333,EVODEX.2.1-P2334,EVODEX.2.1-P2336",16581746175125843954569165094500930557007268910375121512781758375794889516979
EVODEX.2.1-C440,[#6:3]-[#6:4](-[#8]-[#15](=[#8])(-[#8]-[#1])-[#8]-[#15](=[#8])(-[#8]-[#1])-[#8]-[#1])(-[#1:80])-[#1:81]>>[#6:3]-[#6:4](-[#16]-[#6](-[#6@@](-[#6](-[#7](-[#6@](-[#6](-[#7](-[#6@@](-[#6](-[#6](-[#6](-[#1])(-[#1])-[#1])(-[#6](-[#1])(-[#1])-[#1])-[#1])(-[#1])-[#1])(-[#6](=[#8])-[#7](-[#6@@](-[#6](-[#8]-[#1])(-[#1])-[#1])(-[#6](=[#8])-[#8]-[#1])-[#1])-[#1])-[#1])-[#1])=[#8])(-[#6](-[#6](-[#1])(-[#1])-[#1])(-[#6](-[#1])(-[#1])-[#1])-[#1])-[#1])-[#1])=[#8])(-[#7](-[#6](=[#8])-[#6](-[#7](-[#16](=[#8])(=[#8])-[#6]1:[#6](:[#6](:[#6](:[#6]2:[#6](-[#7](-[#6](-[#1])(-[#1])-[#1])-[#6](-[#1])(-[#1])-[#1]):[#6](:[#6](:[#6](:[#6]:1:2)-[#1])-[#1])-[#1])-[#1])-[#1])-[#1])-[#1])(-[#1])-[#1])-[#1])-[#1])(-[#1])-[#1])(-[#1:80])-[#1:81],"EVODEX.2.1-P2328,EVODEX.2.1-P2331,EVODEX.2.1-P2335,EVODEX.2.1-P2337,EVODEX.2.1-P2338",4897568204750705293182781294777143021035479586612830328206663936313215079936
EVODEX.2.1-C441,[#6:14]-[#6:15](-[#8]-[#15](=[#8])(-[#8]-[#1])-[#8]-[#15](=[#8])(-[#8]-[#1])-[#8]-[#1])(-[#1:96])-[#1:97].[#6:42]-[#16:43]-[#1]>>[#6:14]-[#6:15](-[#16:43]-[#6:42])(-[#1:96])-[#1:97],"EVODEX.2.1-P2339,EVODEX.2.1-P2340,EVODEX.2.1-P2345,EVODEX.2.1-P2346,EVODEX.2.1-P2347",23764333300533899637319893991359193509143524868407382791319000585510413369061
EVODEX.2.1-C442,[#6:43]-[#16:44]-[#1]>>[#6](-[#6](-[#6](-[#1])(-[#1])-[#1])=[#6](-[#6](-[#6](/[#6](-[#6](-[#1])(-[#1])-[#1])=[#6](/[#6](-[#6](/[#6](-[#6](-[#1])(-[#1])-[#1])=[#6](/[#6](-[#6](/[#6](-[#6](-[#1])(-[#1])-[#1])=[#6](/[#6](-[#16:44]-[#6:43])(-[#1])-[#1])-[#1])(-[#1])-[#1])(-[#1])-[#1])-[#1])(-[#1])-[#1])(-[#1])-[#1])-[#1])(-[#1])-[#1])(-[#1])-[#1])-[#1])(-[#1])(-[#1])-[#1],"EVODEX.2.1-P2350,EVODEX.2.1-P2351,EVODEX.2.1-P2352,EVODEX.2.1-P2353,EVODEX.2.1-P2354",102479769659732163607497561466538659729794086433550880092205407731464458786357
EVODEX.2.1-C443,[#6:1]-[#16:2]-[#6:3].[#6:23](-[#6@:22])(-[#8:24]-[#15:25](=[#8:26])(-[#8:27])-[#8]-[#15](=[#8])(-[#8]-[#1])-[#8]-[#15](=[#8])(-[#8]-[#1])-[#8]-[#1])(-[#1:59])-[#1:60]>>[#6:1]-[#16&+:2](-[#6:3])-[#6:23](-[#6@:22])(-[#1:59])-[#1:60].[#8:24](-[#15:25](=[#8:26])(-[#8:27])-[#8]-[#1])-[#1],"EVODEX.2.1-P2355,EVODEX.2.1-P2358,EVODEX.2.1-P2363,EVODEX.2.1-P2367,EVODEX.2.1-P2386",5037246317183855432702949404989670232586841126232004589605203939277698910107
EVODEX.2.1-C444,[#6:1]-[#16:2]-[#6:3].[#6:23](-[#6@:22])(-[#8:24]-[#15:25](=[#8:26])(-[#8:27])-[#8]-[#15](=[#8])(-[#8]-[#1])-[#8]-[#15](=[#8])(-[#8]-[#1])-[#8]-[#1])(-[#1:59])-[#1:60].[#8:41](-[#1])-[#1]>>[#6:1]-[#16&+:2](-[#6:3])-[#6:23](-[#6@:22])(-[#1:59])-[#1:60].[#8:24](-[#15:25](=[#8:26])(-[#8:27])-[#8:41]-[#1])-[#1],"EVODEX.2.1-P2356,EVODEX.2.1-P2364,EVODEX.2.1-P2368,EVODEX.2.1-P2375,EVODEX.2.1-P2380",86464129084508603334613368696995658835673163556262674095650274775874940065191
EVODEX.2.1-C446,[#6:4]-[#16:5]-[#6:6].[#8:44](-[#1])-[#1]>>[#6:4]-[#16&+:5](-[#6:6])-[#6](-[#6@]1(-[#8]-[#6@@](-[#7]2:[#6]3:[#7]:[#6](:[#7]:[#6](-[#7](-[#1])-[#1]):[#6]:3:[#7]:[#6]:2-[#1])-[#1])(-[#6@](-[#8]-[#1])(-[#6@@]-1(-[#8]-[#1])-[#1])-[#1])-[#1])-[#1])(-[#1])-[#1].[#8](-[#15](=[#8])(-[#8]-[#1])-[#8:44]-[#1])-[#1],"EVODEX.2.1-P2359,EVODEX.2.1-P2372,EVODEX.2.1-P2373,EVODEX.2.1-P2377,EVODEX.2.1-P2382",52930246696682713278414075758841573750397871889063675268568784270411733704450
EVODEX.2.1-C447,[#6:2]-[#16:3]-[#6:4]>>[#6:2]-[#16&+:3](-[#6:4])-[#6](-[#6@]1(-[#8]-[#6@@](-[#7]2:[#6]3:[#7]:[#6](:[#7]:[#6](-[#7](-[#1])-[#1]):[#6]:3:[#7]:[#6]:2-[#1])-[#1])(-[#6@](-[#8]-[#1])(-[#6@@]-1(-[#8]-[#1])-[#1])-[#1])-[#1])-[#1])(-[#1])-[#1],"EVODEX.2.1-P2360,EVODEX.2.1-P2366,EVODEX.2.1-P2374,EVODEX.2.1-P2379,EVODEX.2.1-P2388",87346090674455439146494789405484228366560934866413366878621752447201527622756
EVODEX.2.1-C448,[#6:2]-[#16:3]-[#6:4].[#6:24](-[#6@:23])(-[#8]-[#15](=[#8])(-[#8]-[#1])-[#8]-[#15](=[#8])(-[#8]-[#1])-[#8]-[#15](=[#8])(-[#8]-[#1])-[#8]-[#1])(-[#1:62])-[#1:63]>>[#6:2]-[#16&+:3](-[#6:4])-[#6:24](-[#6@:23])(-[#1:62])-[#1:63],"EVODEX.2.1-P2361,EVODEX.2.1-P2365,EVODEX.2.1-P2369,EVODEX.2.1-P2376,EVODEX.2.1-P2387",62455736225685933254368807622148026797453251358824871245138612209077576423975
EVODEX.2.1-C449,[#6:3]-[#16:4]-[#6:5].[#6:25](-[#6@:24])(-[#8:26]-[#15:27](=[#8:28])(-[#8:29])-[#8:30]-[#15:31])(-[#1:63])-[#1:64].[#8:43](-[#1])-[#1]>>[#6:3]-[#16&+:4](-[#6:5])-[#6:25](-[#6@:24])(-[#1:63])-[#1:64].[#8:26](-[#15:27](=[#8:28])(-[#8:29])-[#8:43]-[#1])-[#1].[#8:30](-[#15:31])-[#1],"EVODEX.2.1-P2362,EVODEX.2.1-P2378,EVODEX.2.1-P2384,EVODEX.2.1-P2385,EVODEX.2.1-P2389",108023652517306911798977184238000184642137041337680915970576269089034941015760
EVODEX.2.1-C452,[#7](-[#6@@:2](-[#6:3])(-[#6:8])-[#1])(-[#1])-[#1].[#8]=[#6](-[#8]-[#1])-[#6](-[#6](=[#8:16])-[#6](=[#8])-[#8]-[#1])(-[#1])-[#1]>>[#6:2](-[#6:3])(-[#6:8])=[#8:16],"EVODEX.2.1-P2403,EVODEX.2.1-P2531,EVODEX.2.1-P2535,EVODEX.2.1-P2610,EVODEX.2.1-P2761",60719372219308013550547801477138635793697994439953195021027985824155437991895
EVODEX.2.1-C453,[#7:1](-[#6@@](-[#6](-[#6]1:[#6](:[#6](:[#6](-[#8]-[#1]):[#6](:[#6]:1-[#1])-[#1])-[#1])-[#1])(-[#1])-[#1])(-[#6](=[#8])-[#8]-[#1])-[#1])(-[#1])-[#1].[#6:18]-[#6:19](=[#8])-[#6:21]>>[#7:1](-[#6@@:19](-[#6:18])(-[#6:21])-[#1])(-[#1])-[#1],"EVODEX.2.1-P2404,EVODEX.2.1-P2465,EVODEX.2.1-P2643,EVODEX.2.1-P2678,EVODEX.2.1-P2771",37620415563028352391463931891848621183049322269044077375072955102684769168749
EVODEX.2.1-C454,[#7:1]-[#6:2](-[#6:3])(-[#1:18])-[#1].[#6:9]-[#6:10](-[#6](=[#8])-[#6](=[#8])-[#8]-[#1])(-[#1:24])-[#1:25]>>[#7:1]-[#6@:2](-[#6:3])(-[#6:10](-[#6:9])(-[#1:24])-[#1:25])-[#1:18],"EVODEX.2.1-P2405,EVODEX.2.1-P2739,EVODEX.2.1-P2743,EVODEX.2.1-P2748,EVODEX.2.1-P2754",83172262057733952706514146881611672237856801923168657762691089427358525339519
EVODEX.2.1-C455,[#6:4]-[#6:5](=[#8])-[#6:7].[#7:10](-[#6@@](-[#6](-[#6](=[#8])-[#8]-[#1])(-[#1])-[#1])(-[#6](=[#8])-[#8]-[#1])-[#1])(-[#1])-[#1]>>[#6:4]-[#6@@:5](-[#6:7])(-[#7:10](-[#1])-[#1])-[#1],"EVODEX.2.1-P2406,EVODEX.2.1-P2677,EVODEX.2.1-P2721,EVODEX.2.1-P2786,EVODEX.2.1-P2789",85927379389574501601370993855939957279485122322242680908490751101029647888020
EVODEX.2.1-C456,[#7:8](-[#6@@:9](-[#6:10])(-[#6:14])-[#1])(-[#1])-[#1]>>[#6](-[#6](-[#6](-[#6](=[#8])-[#8]-[#1])(-[#7:8](-[#1])-[#1])-[#1])(-[#1])-[#1])(-[#1])(-[#1])-[#1].[#8]=[#6:9](-[#6:10])-[#6:14],"EVODEX.2.1-P2407,EVODEX.2.1-P2589,EVODEX.2.1-P2604,EVODEX.2.1-P2770,EVODEX.2.1-P2774",47525926349447656229751811296123948375968899087138057041405815672471366723556
EVODEX.2.1-C458,[#6:7]-[#6:8](=[#8:9])-[#6:10]>>[#6:7]-[#6@@:8](-[#6:10])(-[#7](-[#1])-[#1])-[#1].[#8:9]=[#6](-[#6](-[#6](=[#8])-[#8]-[#1])(-[#1])-[#1])-[#6](=[#8])-[#8]-[#1],"EVODEX.2.1-P2409,EVODEX.2.1-P2532,EVODEX.2.1-P2780,EVODEX.2.1-P2781,EVODEX.2.1-P2787",80845351650362594603431453861591247680937068067788921821194895230174842491265
EVODEX.2.1-C459,[#6:20]-[#6:21](=[#8:22])-[#6:23]>>[#6](-[#6](-[#6]1:[#6](:[#7](:[#6]2:[#6](:[#6](:[#6](:[#6](:[#6]:1:2)-[#1])-[#1])-[#1])-[#1])-[#1])-[#1])(-[#1])-[#1])(-[#6](=[#8])-[#8]-[#1])=[#8:22].[#7](-[#6@@:21](-[#6:20])(-[#6:23])-[#1])(-[#1])-[#1],"EVODEX.2.1-P2410,EVODEX.2.1-P2534,EVODEX.2.1-P2539,EVODEX.2.1-P2544,EVODEX.2.1-P2548",62515143306002647012188428963382339190737523518832723226156448590318373784160
EVODEX.2.1-C462,[#7:1](-[#6@@](-[#6](-[#6](-[#6](=[#8])-[#8]-[#1])(-[#1])-[#1])(-[#1])-[#1])(-[#6](=[#8])-[#8]-[#1])-[#1])(-[#1])-[#1].[#8]=[#6:12](-[#6@@:13])-[#1:36]>>[#7:1](-[#6:12](-[#6@@:13])(-[#1:36])-[#1])(-[#1])-[#1],"EVODEX.2.1-P2415,EVODEX.2.1-P2417,EVODEX.2.1-P2450,EVODEX.2.1-P2505,EVODEX.2.1-P2507",85406969908678124776685538360343104284478056437155970681771155979582722738065
EVODEX.2.1-C463,[#8:11]=[#6:12](-[#6@@:13])-[#1:36]>>[#6](-[#6](-[#6](-[#6](=[#8])-[#8]-[#1])(-[#1])-[#1])(-[#1])-[#1])(-[#6](=[#8])-[#8]-[#1])=[#8:11].[#7](-[#6:12](-[#6@@:13])(-[#1:36])-[#1])(-[#1])-[#1],"EVODEX.2.1-P2416,EVODEX.2.1-P2506,EVODEX.2.1-P2508,EVODEX.2.1-P2509,EVODEX.2.1-P2673",100942915152893419941211054274116224970401786244842660705140924320548820389289
EVODEX.2.1-C464,[#6:7]-[#6:8](-[#7](-[#1])-[#1])(-[#1:32])-[#1].[#8]=[#6](-[#8]-[#1])-[#6](-[#6](-[#6](=[#8:19])-[#6](=[#8])-[#8]-[#1])(-[#1])-[#1])(-[#1])-[#1]>>[#6:7]-[#6:8](=[#8:19])-[#1:32],"EVODEX.2.1-P2418,EVODEX.2.1-P2446,EVODEX.2.1-P2574,EVODEX.2.1-P2674,EVODEX.2.1-P2816",49626814777109978743538934649641861567737830287128025224528524378340160174817
EVODEX.2.1-C465,[#6:7]-[#6:8](-[#7:9](-[#1])-[#1])(-[#1:33])-[#1].[#6:18]-[#6:19](=[#8:20])-[#6:21]>>[#6:7]-[#6:8](=[#8:20])-[#1:33].[#7:9](-[#6:19](-[#6:18])(-[#6:21])-[#1])(-[#1])-[#1],"EVODEX.2.1-P2419,EVODEX.2.1-P2439,EVODEX.2.1-P2500,EVODEX.2.1-P2503,EVODEX.2.1-P2788",5544861251782664028240197575551137146958060962888701905160833775240240411783
EVODEX.2.1-C468,[#7:7](-[#6:8](-[#6:9])(-[#1:22])-[#1])(-[#1])-[#1]>>[#6](-[#6](-[#6](=[#8])-[#8]-[#1])(-[#7:7](-[#1])-[#1])-[#1])(-[#1])(-[#1])-[#1].[#8]=[#6:8](-[#6:9])-[#1:22],"EVODEX.2.1-P2428,EVODEX.2.1-P2429,EVODEX.2.1-P2430,EVODEX.2.1-P2453,EVODEX.2.1-P2600",49689285853008765572656661380416404597559115382041148573114311464409762087584
EVODEX.2.1-C469,[#6:3]-[#6:4](-[#7:5](-[#1])-[#1])(-[#1:23])-[#1]>>[#6:3]-[#6:4](=[#8])-[#1:23].[#7:5](-[#6@@](-[#6](-[#6](-[#6](=[#8])-[#8]-[#1])(-[#1])-[#1])(-[#1])-[#1])(-[#6](=[#8])-[#8]-[#1])-[#1])(-[#1])-[#1],"EVODEX.2.1-P2432,EVODEX.2.1-P2456,EVODEX.2.1-P2510,EVODEX.2.1-P2573,EVODEX.2.1-P2585",5535386389200503671865429170078111499727722029544973449424213167695034991196
EVODEX.2.1-C471,[#6](-[#6@](-[#7:12](-[#1])-[#1])(-[#6](=[#8])-[#8]-[#1])-[#1])(-[#1])(-[#1])-[#1].[#6:7]-[#6:8](=[#8])-[#1:38]>>[#6:7]-[#6:8](-[#7:12](-[#1])-[#1])(-[#1:38])-[#1],"EVODEX.2.1-P2434,EVODEX.2.1-P2436,EVODEX.2.1-P2441,EVODEX.2.1-P2451,EVODEX.2.1-P2587",49575597900904262986127299955562134085010630621375847052582294154969159550119
EVODEX.2.1-C472,[#6:7]-[#6:8](=[#8:9])-[#1:38]>>[#6:7]-[#6:8](-[#7](-[#1])-[#1])(-[#1:38])-[#1].[#8:9]=[#6](-[#6](-[#1])(-[#1])-[#1])-[#6](=[#8])-[#8]-[#1],"EVODEX.2.1-P2435,EVODEX.2.1-P2438,EVODEX.2.1-P2443,EVODEX.2.1-P2452,EVODEX.2.1-P2671",87275114444351212547850124487953240863431821484379476937835395971217783326751
EVODEX.2.1-C473,[#6](-[#6](=[#8:3])-[#6](=[#8])-[#8]-[#1])(-[#1])(-[#1])-[#1].[#7](-[#6:8](-[#6:9])(-[#1:20])-[#1])(-[#1])-[#1]>>[#8:3]=[#6:8](-[#6:9])-[#1:20],"EVODEX.2.1-P2437,EVODEX.2.1-P2440,EVODEX.2.1-P2442,EVODEX.2.1-P2584,EVODEX.2.1-P2802",14985035076394563604298729852115148862658711042599143088062815728936490428871
EVODEX.2.1-C474,[#6:4]-[#6:5](=[#8:6])-[#6:7]>>[#6:4]-[#6@@:5](-[#6:7])(-[#7](-[#1])-[#1])-[#1].[#8:6]=[#6](-[#6](-[#6](-[#6](-[#7](-[#1])-[#1])=[#8])(-[#1])-[#1])(-[#1])-[#1])-[#6](=[#8])-[#8]-[#1],"EVODEX.2.1-P2444,EVODEX.2.1-P2458,EVODEX.2.1-P2716,EVODEX.2.1-P2727,EVODEX.2.1-P2735",52020575805222026482667829713486005720356894892433654757381275539355531012509
EVODEX.2.1-C475,[#6:4]-[#6:5](=[#8:6])-[#6:7]>>[#6:4]-[#6@@:5](-[#6:7])(-[#7](-[#1])-[#1])-[#1].[#8:6]=[#6](-[#6](-[#6]1:[#6](:[#7]:[#6](:[#7]:1-[#1])-[#1])-[#1])(-[#1])-[#1])-[#6](=[#8])-[#8]-[#1],"EVODEX.2.1-P2445,EVODEX.2.1-P2524,EVODEX.2.1-P2571,EVODEX.2.1-P2714,EVODEX.2.1-P2783",12832049447119094316668299433000145356220488155260292227982826760129206027014
EVODEX.2.1-C476,[#6:1]-[#6:2](=[#8])-[#6:4].[#6](-[#6](-[#6](-[#1])(-[#1])-[#1])(-[#6@](-[#7:11](-[#1])-[#1])(-[#6](=[#8])-[#8]-[#1])-[#1])-[#1])(-[#1])(-[#1])-[#1]>>[#6:1]-[#6@@:2](-[#6:4])(-[#7:11](-[#1])-[#1])-[#1],"EVODEX.2.1-P2447,EVODEX.2.1-P2565,EVODEX.2.1-P2593,EVODEX.2.1-P2642,EVODEX.2.1-P2795",40461805595284551362634747018639398249517859687246254040036192997211782095216
EVODEX.2.1-C477,[#6:9]-[#6@:10](-[#7:11](-[#1])-[#1])(-[#6:12])-[#1]>>[#6](-[#6](-[#6](-[#1])(-[#1])-[#1])(-[#6@@](-[#6](=[#8])-[#8]-[#1])(-[#7:11](-[#1])-[#1])-[#1])-[#1])(-[#1])(-[#1])-[#1].[#8]=[#6:10](-[#6:9])-[#6:12],"EVODEX.2.1-P2448,EVODEX.2.1-P2558,EVODEX.2.1-P2612,EVODEX.2.1-P2614,EVODEX.2.1-P2729",94188311658785437555804689042209379205618445144465160693292976964396852936721
EVODEX.2.1-C478,[#7:1](-[#6](-[#6](-[#6](-[#6](-[#6@](-[#7](-[#1])-[#1])(-[#6](=[#8])-[#8]-[#1])-[#1])(-[#1])-[#1])(-[#1])-[#1])(-[#1])-[#1])(-[#1])-[#1])(-[#1])-[#1].[#6:15]-[#6:16](=[#8])-[#6:18]>>[#7:1](-[#6:16](-[#6:15])(-[#6:18])-[#1])(-[#1])-[#1],"EVODEX.2.1-P2455,EVODEX.2.1-P2583,EVODEX.2.1-P2586,EVODEX.2.1-P2652,EVODEX.2.1-P2703",75838691041063494271692925663341622115061591271601149513070536366354659580708
EVODEX.2.1-C479,[#6:13]-[#6@:14](-[#7:15](-[#1])-[#1])(-[#6:16])-[#1]>>[#6](-[#6](-[#6](-[#1])(-[#1])-[#1])(-[#6](-[#6](-[#6](=[#8])-[#8]-[#1])(-[#7:15](-[#1])-[#1])-[#1])(-[#1])-[#1])-[#1])(-[#1])(-[#1])-[#1].[#8]=[#6:14](-[#6:13])-[#6:16],"EVODEX.2.1-P2457,EVODEX.2.1-P2601,EVODEX.2.1-P2616,EVODEX.2.1-P2644,EVODEX.2.1-P2653",16014245616521614023200874798650074759188700625386346882351928154850644654209
EVODEX.2.1-C480,[#6:4]-[#6@:5](-[#7:6](-[#1])-[#1])(-[#6:7])-[#1]>>[#6:4]-[#6:5](-[#6:7])=[#8].[#7:6](-[#6@](-[#6](=[#8])-[#8]-[#1])(-[#6](-[#6]1:[#6](:[#6](:[#6](:[#6](:[#6]:1-[#1])-[#1])-[#1])-[#1])-[#1])(-[#1])-[#1])-[#1])(-[#1])-[#1],"EVODEX.2.1-P2459,EVODEX.2.1-P2562,EVODEX.2.1-P2741,EVODEX.2.1-P2756,EVODEX.2.1-P2759",11911725720642085465520735902561330728846591139006288681066585261647821903978
EVODEX.2.1-C481,[#6:4]-[#6@:5](-[#7](-[#1])-[#1])(-[#6:7])-[#1].[#7](-[#6](=[#8])-[#6](-[#6](=[#8:15])-[#6](=[#8])-[#8]-[#1])(-[#1])-[#1])(-[#1])-[#1]>>[#6:4]-[#6:5](-[#6:7])=[#8:15],"EVODEX.2.1-P2460,EVODEX.2.1-P2464,EVODEX.2.1-P2467,EVODEX.2.1-P2468,EVODEX.2.1-P2469",12838260455157126531604308531646789003239495041817212266255712633809004199751
EVODEX.2.1-C482,[#6:4]-[#6@:5](-[#7:6](-[#1])-[#1])(-[#6:7])-[#1]>>[#6:4]-[#6:5](-[#6:7])=[#8].[#7:6](-[#6@@](-[#6](-[#6](-[#7](-[#1])-[#1])=[#8])(-[#1])-[#1])(-[#6](=[#8])-[#8]-[#1])-[#1])(-[#1])-[#1],"EVODEX.2.1-P2461,EVODEX.2.1-P2463,EVODEX.2.1-P2470,EVODEX.2.1-P2471,EVODEX.2.1-P2620",91713839468534265391939082793884071007471539315714379012983083099251815672019
EVODEX.2.1-C483,[#7](-[#6](=[#8])-[#6](-[#6](-[#6@](-[#7:16](-[#1])-[#1])(-[#6](=[#8])-[#8]-[#1])-[#1])(-[#1])-[#1])(-[#1])-[#1])(-[#1])-[#1].[#6:4]-[#6:5](=[#8])-[#6:7]>>[#6:4]-[#6:5](-[#6:7])(-[#7:16](-[#1])-[#1])-[#1],"EVODEX.2.1-P2462,EVODEX.2.1-P2478,EVODEX.2.1-P2685,EVODEX.2.1-P2688,EVODEX.2.1-P2724",82371133195897722982995812030750528266735506533587803781959012105536103924489
EVODEX.2.1-C484,[#6:4]-[#6:5](=[#8:6])-[#6:7]>>[#6:4]-[#6@@:5](-[#6:7])(-[#7](-[#1])-[#1])-[#1].[#8:6]=[#6](-[#6](-[#6]1:[#6](:[#6](:[#6](-[#8]-[#1]):[#6](:[#6]:1-[#1])-[#1])-[#1])-[#1])(-[#1])-[#1])-[#6](=[#8])-[#8]-[#1],"EVODEX.2.1-P2466,EVODEX.2.1-P2537,EVODEX.2.1-P2645,EVODEX.2.1-P2679,EVODEX.2.1-P2722",73138766417755796814167745114742875941428742803426997450506877827541763321994
EVODEX.2.1-C485,[#6:3]-[#6:4](-[#6@:5](-[#7:6])(-[#6:7])-[#1:22])(-[#1:20])-[#1:21]>>[#6:5](-[#7:6])(-[#6:7])(-[#1:22])-[#1].[#6:3]-[#6:4](-[#6](=[#8])-[#6](=[#8])-[#8]-[#1])(-[#1:20])-[#1:21],"EVODEX.2.1-P2472,EVODEX.2.1-P2477,EVODEX.2.1-P2511,EVODEX.2.1-P2750,EVODEX.2.1-P2753",61137977548895468076058282648290748938326961673085644136241982566562598183219
EVODEX.2.1-C486,[#6:4]-[#6:5](-[#6@:6](-[#7:7])(-[#6:8])-[#1:25])(-[#1:23])-[#1:24].[#8:11]=[#6:12](-[#6:13])-[#1]>>[#6:6](-[#7:7])(-[#6:8])(-[#1:25])-[#1].[#6:4]-[#6:5](-[#6:12](=[#8:11])-[#6:13])(-[#1:23])-[#1:24],"EVODEX.2.1-P2473,EVODEX.2.1-P2475,EVODEX.2.1-P2476,EVODEX.2.1-P2607,EVODEX.2.1-P2745",28148857864636640826152287001985885577066700044087696116412917702818691131248
EVODEX.2.1-C487,[#6:4]-[#6:5](-[#6@](-[#7](-[#1])-[#1])(-[#6](=[#8])-[#8]-[#1])-[#1])(-[#1:23])-[#1:24].[#8:11]=[#6:12](-[#6:13])-[#1]>>[#6:4]-[#6:5](-[#6:12](=[#8:11])-[#6:13])(-[#1:23])-[#1:24],"EVODEX.2.1-P2474,EVODEX.2.1-P2608,EVODEX.2.1-P2742,EVODEX.2.1-P2746,EVODEX.2.1-P2749",69446532748456464171049166144229740872409407447014257432837785945310116171946
EVODEX.2.1-C488,[#6:4]-[#6@:5](-[#7:6](-[#1])-[#1])(-[#6:7])-[#1]>>[#6:4]-[#6:5](-[#6:7])=[#8].[#7:6](-[#6@@](-[#6](-[#6](-[#6](-[#7](-[#1])-[#1])=[#8])(-[#1])-[#1])(-[#1])-[#1])(-[#6](=[#8])-[#8]-[#1])-[#1])(-[#1])-[#1],"EVODEX.2.1-P2479,EVODEX.2.1-P2482,EVODEX.2.1-P2687,EVODEX.2.1-P2690,EVODEX.2.1-P2723",96410081861135760035177174647314721316455764215008264939679866859030536991990
EVODEX.2.1-C489,[#6:5]-[#6@:6](-[#7](-[#1])-[#1])(-[#6:8])-[#1].[#7](-[#6](=[#8])-[#6](-[#6](-[#6](=[#8:17])-[#6](=[#8])-[#8]-[#1])(-[#1])-[#1])(-[#1])-[#1])(-[#1])-[#1]>>[#6:5]-[#6:6](-[#6:8])=[#8:17],"EVODEX.2.1-P2480,EVODEX.2.1-P2481,EVODEX.2.1-P2686,EVODEX.2.1-P2689,EVODEX.2.1-P2733",97764061380400902114097900020303465203359115709980969210993659033763319806751
EVODEX.2.1-C490,[#6](-[#16]-[#6](-[#6](-[#6](=[#8:6])-[#6](=[#8])-[#8]-[#1])(-[#1])-[#1])(-[#1])-[#1])(-[#1])(-[#1])-[#1].[#7](-[#6@@:11](-[#6:12])(-[#6:19])-[#1])(-[#1])-[#1]>>[#8:6]=[#6:11](-[#6:12])-[#6:19],"EVODEX.2.1-P2483,EVODEX.2.1-P2513,EVODEX.2.1-P2698,EVODEX.2.1-P2699,EVODEX.2.1-P2798",16638154600072758633097674328651713476667598548328469242681477791536971889346
EVODEX.2.1-C491,[#6](-[#6](=[#8:3])-[#6](=[#8])-[#8]-[#1])(-[#1])(-[#1])-[#1].[#7](-[#6:8](-[#6:9])(-[#6:19])-[#1])(-[#1])-[#1]>>[#8:3]=[#6:8](-[#6:9])-[#6:19],"EVODEX.2.1-P2484,EVODEX.2.1-P2486,EVODEX.2.1-P2487,EVODEX.2.1-P2491,EVODEX.2.1-P2492",86723178946440336230103287404600661679559957280063711173476622171795844104415
EVODEX.2.1-C492,[#6:16]-[#6:17](-[#7:18](-[#1])-[#1])(-[#6:19])-[#1]>>[#6](-[#6](-[#6](=[#8])-[#8]-[#1])(-[#7:18](-[#1])-[#1])-[#1])(-[#1])(-[#1])-[#1].[#8]=[#6:17](-[#6:16])-[#6:19],"EVODEX.2.1-P2489,EVODEX.2.1-P2494,EVODEX.2.1-P2495,EVODEX.2.1-P2696,EVODEX.2.1-P2815",115510253598126339093910647783052935425564871424545879701926131453569773579418
EVODEX.2.1-C493,[#7:1](-[#6:2](-[#6:3])(-[#1:17])-[#1])(-[#1])-[#1].[#8:9]=[#6:10](-[#6:11])-[#1:26]>>[#6:2](-[#6:3])(=[#8:9])-[#1:17].[#7:1](-[#6:10](-[#6:11])(-[#1:26])-[#1])(-[#1])-[#1],"EVODEX.2.1-P2496,EVODEX.2.1-P2497,EVODEX.2.1-P2498,EVODEX.2.1-P2799,EVODEX.2.1-P2800",113851905048740553203020003955441151566608351217177678628982678556350400727030
EVODEX.2.1-C494,[#7:1]-[#6@@:2](-[#6:3])(-[#6](=[#8])-[#8]-[#1])-[#1:20]>>[#7:1]-[#6:2](-[#6:3])(-[#1:20])-[#1],"EVODEX.2.1-P2501,EVODEX.2.1-P5924,EVODEX.2.1-P5925,EVODEX.2.1-P5929,EVODEX.2.1-P5956",33943515904897824111552822122504711478921150996853348239484672220901322830269
EVODEX.2.1-C495,[#6](-[#6](-[#6](-[#1])(-[#1])-[#1])(-[#6](-[#6@](-[#7:6](-[#1])-[#1])(-[#6](=[#8])-[#8]-[#1])-[#1])(-[#1])-[#1])-[#1])(-[#1])(-[#1])-[#1].[#6:14]-[#6:15](=[#8])-[#6:17]>>[#7:6](-[#6@@:15](-[#6:14])(-[#6:17])-[#1])(-[#1])-[#1],"EVODEX.2.1-P2512,EVODEX.2.1-P2602,EVODEX.2.1-P2615,EVODEX.2.1-P2629,EVODEX.2.1-P2654",28619549421521861970504623743873301091882373030285185893814571104470586202574
EVODEX.2.1-C496,[#7:10](-[#6@:11](-[#6:12])(-[#6:17])-[#1])(-[#1])-[#1]>>[#6](-[#16]-[#6](-[#6](-[#6@](-[#6](=[#8])-[#8]-[#1])(-[#7:10](-[#1])-[#1])-[#1])(-[#1])-[#1])(-[#1])-[#1])(-[#1])(-[#1])-[#1].[#8]=[#6:11](-[#6:12])-[#6:17],"EVODEX.2.1-P2514,EVODEX.2.1-P2617,EVODEX.2.1-P2701,EVODEX.2.1-P2702,EVODEX.2.1-P2704",100209544815027280826302938719478363401955659854950698170006855551815786970809
EVODEX.2.1-C497,[#8]=[#6](-[#8]-[#1])-[#6:11](-[#6:12])(-[#1:28])-[#1:29]>>[#6:11](-[#6:12])(-[#1:28])(-[#1:29])-[#1],"EVODEX.2.1-P2516,EVODEX.2.1-P3376,EVODEX.2.1-P5951,EVODEX.2.1-P5957,EVODEX.2.1-P5958",40732121478599892679575541446608262784875785791378117683844915582678520769164
EVODEX.2.1-C498,[#6:8]-[#6:9](-[#6:10])=[#8:11]>>[#6:8]-[#6@@:9](-[#6:10])(-[#7](-[#1])-[#1])-[#1].[#8:11]=[#6](-[#6](-[#1])(-[#1])-[#1])-[#6](=[#8])-[#8]-[#1],"EVODEX.2.1-P2517,EVODEX.2.1-P2521,EVODEX.2.1-P2523,EVODEX.2.1-P2580,EVODEX.2.1-P2695",79992150164127273755734740666657485951548141753282018552831330463567468015134
EVODEX.2.1-C499,[#6](-[#6@@](-[#7:15](-[#1])-[#1])(-[#6](=[#8])-[#8]-[#1])-[#1])(-[#1])(-[#1])-[#1].[#6:1]-[#6:2](=[#8])-[#6:4]>>[#6:1]-[#6@:2](-[#6:4])(-[#7:15](-[#1])-[#1])-[#1],"EVODEX.2.1-P2518,EVODEX.2.1-P2519,EVODEX.2.1-P2522,EVODEX.2.1-P2579,EVODEX.2.1-P2684",21558950164041135650443766295999751276502067942497549587025890955015176603461
EVODEX.2.1-C500,[#6:13]-[#6:14](=[#8:15])-[#6:16]>>[#6](-[#6](-[#6](-[#1])(-[#1])-[#1])(-[#6](-[#6](=[#8])-[#8]-[#1])=[#8:15])-[#1])(-[#1])(-[#1])-[#1].[#7](-[#6@:14](-[#6:13])(-[#6:16])-[#1])(-[#1])-[#1],"EVODEX.2.1-P2525,EVODEX.2.1-P2559,EVODEX.2.1-P2566,EVODEX.2.1-P2594,EVODEX.2.1-P2730",112070120633828643469242182679817162189974823053954984170345842571863822068502
EVODEX.2.1-C501,[#7:1](-[#6@@:2](-[#6:3])(-[#6:13])-[#1])(-[#1])-[#1]>>[#6:2](-[#6:3])(-[#6:13])=[#8].[#7:1](-[#6@@](-[#6](-[#6](=[#8])-[#8]-[#1])(-[#1])-[#1])(-[#6](=[#8])-[#8]-[#1])-[#1])(-[#1])-[#1],"EVODEX.2.1-P2528,EVODEX.2.1-P2536,EVODEX.2.1-P2675,EVODEX.2.1-P2785,EVODEX.2.1-P2803",83646406361682429562773308926984589126836377688289089890359853384018186147497
EVODEX.2.1-C502,[#7:1](-[#6@@](-[#6](-[#6]1:[#6](:[#7](:[#6]2:[#6](:[#6](:[#6](:[#6](:[#6]:1:2)-[#1])-[#1])-[#1])-[#1])-[#1])-[#1])(-[#1])-[#1])(-[#6](=[#8])-[#8]-[#1])-[#1])(-[#1])-[#1].[#6:19]-[#6:20](=[#8])-[#6:22]>>[#7:1](-[#6@@:20](-[#6:19])(-[#6:22])-[#1])(-[#1])-[#1],"EVODEX.2.1-P2538,EVODEX.2.1-P2550,EVODEX.2.1-P2568,EVODEX.2.1-P2700,EVODEX.2.1-P2710",28027132545576232613904175368343124032783008778935567889187830386949154012932
EVODEX.2.1-C503,[#7](-[#6@@:2](-[#6:3])(-[#6:10])-[#1])(-[#1])-[#1].[#8]=[#6](-[#8]-[#1])-[#6](=[#8:17])-[#6](-[#6]1:[#6](:[#7](:[#6]2:[#6](:[#6](:[#6](:[#6](:[#6]:1:2)-[#1])-[#1])-[#1])-[#1])-[#1])-[#1])(-[#1])-[#1]>>[#6:2](-[#6:3])(-[#6:10])=[#8:17],"EVODEX.2.1-P2541,EVODEX.2.1-P2542,EVODEX.2.1-P2545,EVODEX.2.1-P2569,EVODEX.2.1-P2711",68803393059584730998792443275547371940356459392716436357252303374467347400362
EVODEX.2.1-C504,[#6:3]-[#6@:4](-[#7:5](-[#1])-[#1])(-[#6:6])-[#1]>>[#6:3]-[#6:4](-[#6:6])=[#8].[#7:5](-[#6@](-[#6](=[#8])-[#8]-[#1])(-[#6](-[#6]1:[#6](:[#7](:[#6]2:[#6](:[#6](:[#6](:[#6](:[#6]:1:2)-[#1])-[#1])-[#1])-[#1])-[#1])-[#1])(-[#1])-[#1])-[#1])(-[#1])-[#1],"EVODEX.2.1-P2546,EVODEX.2.1-P2712,EVODEX.2.1-P2715,EVODEX.2.1-P2717,EVODEX.2.1-P2779",46327530289189919547024629479751419222604855547064316181114844262505284761772
EVODEX.2.1-C505,[#6](-[#6](-[#6](=[#8:4])-[#6](=[#8])-[#8]-[#1])(-[#1])-[#1])(-[#1])(-[#1])-[#1].[#7](-[#6@@:9](-[#6:10])(-[#6:20])-[#1])(-[#1])-[#1]>>[#8:4]=[#6:9](-[#6:10])-[#6:20],"EVODEX.2.1-P2547,EVODEX.2.1-P2588,EVODEX.2.1-P2603,EVODEX.2.1-P2768,EVODEX.2.1-P2773",40713201232661081107627061565936645798249747974760033248411200876180078808618
EVODEX.2.1-C506,[#6](-[#6](-[#6](-[#1])(-[#1])-[#1])(-[#6](-[#6](=[#8:6])-[#6](=[#8])-[#8]-[#1])(-[#1])-[#1])-[#1])(-[#1])(-[#1])-[#1].[#7](-[#6@@:11](-[#6:12])(-[#6:22])-[#1])(-[#1])-[#1]>>[#8:6]=[#6:11](-[#6:12])-[#6:22],"EVODEX.2.1-P2549,EVODEX.2.1-P2627,EVODEX.2.1-P2628,EVODEX.2.1-P2651,EVODEX.2.1-P2732",50789916916946703806293168986213336939317296099130109743636057351326934965674
EVODEX.2.1-C507,[#6:11]-[#6:13](=[#8:14])-[#6:15]>>[#6](-[#6](-[#6](-[#1])(-[#1])-[#1])(-[#6](-[#6](-[#6](=[#8])-[#8]-[#1])=[#8:14])(-[#1])-[#1])-[#1])(-[#1])(-[#1])-[#1].[#7](-[#6@:13](-[#6:11])(-[#6:15])-[#1])(-[#1])-[#1],"EVODEX.2.1-P2551,EVODEX.2.1-P2605,EVODEX.2.1-P2606,EVODEX.2.1-P2655,EVODEX.2.1-P2734",4922225803510491919963756631242441338759348233211347709375842802158466029353
EVODEX.2.1-C508,[#6:3]-[#6:4](=[#8])-[#6:6].[#7:9](-[#6@@](-[#6](-[#6]1:[#6](:[#6](:[#6](:[#6](:[#6]:1-[#1])-[#1])-[#1])-[#1])-[#1])(-[#1])-[#1])(-[#6](=[#8])-[#8]-[#1])-[#1])(-[#1])-[#1]>>[#6:3]-[#6@@:4](-[#6:6])(-[#7:9](-[#1])-[#1])-[#1],"EVODEX.2.1-P2552,EVODEX.2.1-P2555,EVODEX.2.1-P2560,EVODEX.2.1-P2572,EVODEX.2.1-P2757",69525837134131113028560756041539986666221500085517543582929413574942962848630
EVODEX.2.1-C509,[#6:7]-[#6@:8](-[#7](-[#1])-[#1])(-[#6:10])-[#1].[#8]=[#6](-[#8]-[#1])-[#6](=[#8:17])-[#6](-[#6]1:[#6](:[#6](:[#6](:[#6](:[#6]:1-[#1])-[#1])-[#1])-[#1])-[#1])(-[#1])-[#1]>>[#6:7]-[#6:8](-[#6:10])=[#8:17],"EVODEX.2.1-P2553,EVODEX.2.1-P2554,EVODEX.2.1-P2561,EVODEX.2.1-P2570,EVODEX.2.1-P2752",107607550126147215503493940186420120038010359725840720280201984867135084604105
EVODEX.2.1-C510,[#6:4]-[#6:5](=[#8:6])-[#6:7]>>[#6:4]-[#6@@:5](-[#6:7])(-[#7](-[#1])-[#1])-[#1].[#8:6]=[#6](-[#6](-[#6]1:[#6](:[#6](:[#6](:[#6](:[#6]:1-[#1])-[#1])-[#1])-[#1])-[#1])(-[#1])-[#1])-[#6](=[#8])-[#8]-[#1],"EVODEX.2.1-P2556,EVODEX.2.1-P2676,EVODEX.2.1-P2706,EVODEX.2.1-P2755,EVODEX.2.1-P2758",69538227069902430115902265377956617392215857842411429567218713758345746172229
EVODEX.2.1-C511,[#6](-[#6](-[#6](-[#1])(-[#1])-[#1])(-[#6](=[#8:5])-[#6](=[#8])-[#8]-[#1])-[#1])(-[#1])(-[#1])-[#1].[#7](-[#6@@:10](-[#6:11])(-[#6:18])-[#1])(-[#1])-[#1]>>[#8:5]=[#6:10](-[#6:11])-[#6:18],"EVODEX.2.1-P2557,EVODEX.2.1-P2564,EVODEX.2.1-P2591,EVODEX.2.1-P2598,EVODEX.2.1-P2728",101729676164869677322709737635442139842047823431275485816283233374879719501491
EVODEX.2.1-C512,[#6:11]-[#6:13](=[#8:14])-[#6:15]>>[#6](-[#6](-[#6](-[#6](-[#1])(-[#1])-[#1])(-[#6](-[#6](=[#8])-[#8]-[#1])=[#8:14])-[#1])(-[#1])-[#1])(-[#1])(-[#1])-[#1].[#7](-[#6@:13](-[#6:11])(-[#6:15])-[#1])(-[#1])-[#1],"EVODEX.2.1-P2563,EVODEX.2.1-P2611,EVODEX.2.1-P2626,EVODEX.2.1-P2638,EVODEX.2.1-P2640",41075250655972629797419925348191518157091519260533362307661208351400255195789
EVODEX.2.1-C513,[#6](-[#6](-[#6](-[#6](-[#1])(-[#1])-[#1])(-[#6](=[#8:6])-[#6](=[#8])-[#8]-[#1])-[#1])(-[#1])-[#1])(-[#1])(-[#1])-[#1].[#7](-[#6@@:11](-[#6:12])(-[#6:19])-[#1])(-[#1])-[#1]>>[#8:6]=[#6:11](-[#6:12])-[#6:19],"EVODEX.2.1-P2567,EVODEX.2.1-P2625,EVODEX.2.1-P2639,EVODEX.2.1-P2641,EVODEX.2.1-P2731",7644473038143518983973725365866921614832637362494582100398982922528278810527
EVODEX.2.1-C514,[#6:3]-[#6:4](=[#8])-[#6:6].[#7:9](-[#6@@](-[#6](-[#6]1:[#6](:[#7]:[#6](:[#7]:1-[#1])-[#1])-[#1])(-[#1])-[#1])(-[#6](=[#8])-[#8]-[#1])-[#1])(-[#1])-[#1]>>[#6:3]-[#6@@:4](-[#6:6])(-[#7:9](-[#1])-[#1])-[#1],"EVODEX.2.1-P2590,EVODEX.2.1-P2592,EVODEX.2.1-P2595,EVODEX.2.1-P2713,EVODEX.2.1-P2782",68677115822704175638710480257229242565909110333238429777750939009211480963257
EVODEX.2.1-C515,[#6:20]-[#6:21](=[#8:22])-[#6:23]>>[#7](-[#6:21](-[#6:20])(-[#6:23])-[#1])(-[#1])-[#1].[#7](-[#6]1:[#6](:[#6](:[#6](:[#6](:[#6]:1-[#6](=[#8])-[#6](-[#6](-[#6](=[#8])-[#8]-[#1])=[#8:22])(-[#1])-[#1])-[#1])-[#1])-[#1])-[#1])(-[#1])-[#1],"EVODEX.2.1-P2599,EVODEX.2.1-P2762,EVODEX.2.1-P2763,EVODEX.2.1-P2777,EVODEX.2.1-P2778",110756468879808408653934589522775744892934905827594086196394850758177758058056
EVODEX.2.1-C516,[#6:2]-[#6:4](-[#6:5](=[#8:6])-[#6:7])(-[#1:22])-[#1:23].[#7:10]-[#6:11](-[#6:12])(-[#1:27])-[#1]>>[#6:2]-[#6:4](-[#6@:11](-[#7:10])(-[#6:12])-[#1:27])(-[#1:22])-[#1:23].[#6:5](=[#8:6])(-[#6:7])-[#1],"EVODEX.2.1-P2609,EVODEX.2.1-P2726,EVODEX.2.1-P2736,EVODEX.2.1-P2738,EVODEX.2.1-P2751",81501251082467940025406367865924717309105572623678472463738834411006309509914
EVODEX.2.1-C517,[#6:11]-[#6@:12](-[#6:13](-[#1:25])(-[#1:26])-[#1:27])(-[#6@:14])-[#1:24].[#6:1]-[#6:2](-[#6@:3])(-[#1:35])-[#1]>>[#6:11]-[#6:12](-[#6@:14])(-[#1:24])-[#1].[#6:1]-[#6:2](-[#6@:3])(-[#6:13](-[#1:25])(-[#1:26])-[#1:27])-[#1:35],"EVODEX.2.1-P2622,EVODEX.2.1-P2624,EVODEX.2.1-P2632,EVODEX.2.1-P2633,EVODEX.2.1-P2636",97734317149506397849929650692307591315275772709116410663930104510814497262774
EVODEX.2.1-C518,[#6:11](-[#6:12])(-[#1:19])(-[#1:20])-[#1].[#6:1](-[#6:2](-[#6:3])(-[#1:33])-[#1:34])(-[#1:30])(-[#1:31])-[#1:32]>>[#6:1](-[#6:11](-[#6:12])(-[#1:19])-[#1:20])(-[#1:30])(-[#1:31])-[#1:32].[#6:2](-[#6:3])(-[#1:33])(-[#1:34])-[#1],"EVODEX.2.1-P2631,EVODEX.2.1-P2634,EVODEX.2.1-P2635,EVODEX.2.1-P2647,EVODEX.2.1-P2648",50275902208708497388251740335254581532168343410278162515394527558338968916645
EVODEX.2.1-C519,[#6:1]-[#6@:2](-[#7:3](-[#1])-[#1])(-[#6:4])-[#1]>>[#6:1]-[#6:2](-[#6:4])=[#8].[#7:3](-[#6](-[#6](=[#8])-[#6](-[#6](-[#6](=[#8])-[#8]-[#1])(-[#1])-[#1])(-[#1])-[#1])(-[#1])-[#1])(-[#1])-[#1],"EVODEX.2.1-P2656,EVODEX.2.1-P2659,EVODEX.2.1-P2662,EVODEX.2.1-P2668,EVODEX.2.1-P2670",110021886524673333321459075237097083993558737469333755619879771262638767617173
EVODEX.2.1-C520,[#7](-[#6@@:2](-[#6:3])(-[#6:7])-[#1])(-[#1])-[#1].[#8:10]=[#6](-[#6](=[#8])-[#6](-[#6](-[#6](=[#8])-[#8]-[#1])(-[#1])-[#1])(-[#1])-[#1])-[#1]>>[#6:2](-[#6:3])(-[#6:7])=[#8:10],"EVODEX.2.1-P2661,EVODEX.2.1-P2663,EVODEX.2.1-P2665,EVODEX.2.1-P2667,EVODEX.2.1-P2669",30907954187233432599460015512474120723147299574247212131552798479322441423080
EVODEX.2.1-C521,[#6:5]-[#6@:6](-[#7:7](-[#1])-[#1])(-[#6:8])-[#1]>>[#6:5]-[#6:6](-[#6:8])=[#8].[#7:7](-[#6@@](-[#6](-[#6](-[#6](-[#6](=[#8])-[#8]-[#1])(-[#1])-[#1])(-[#1])-[#1])(-[#1])-[#1])(-[#6](=[#8])-[#8]-[#1])-[#1])(-[#1])-[#1],"EVODEX.2.1-P2691,EVODEX.2.1-P2767,EVODEX.2.1-P2791,EVODEX.2.1-P2793,EVODEX.2.1-P2794",10498784416866909188776857496140987906386953815179227881555359648459515631360
EVODEX.2.1-C522,[#7](-[#6@@:2](-[#6:3])(-[#6:10])-[#1])(-[#1])-[#1].[#8]=[#6](-[#8]-[#1])-[#6](-[#6](-[#6](-[#6](=[#8:20])-[#6](=[#8])-[#8]-[#1])(-[#1])-[#1])(-[#1])-[#1])(-[#1])-[#1]>>[#6:2](-[#6:3])(-[#6:10])=[#8:20],"EVODEX.2.1-P2720,EVODEX.2.1-P2766,EVODEX.2.1-P2790,EVODEX.2.1-P2792,EVODEX.2.1-P2796",73348024152604431087039288839198965242308059756701712036548785882800092431274
EVODEX.2.1-C523,[#6:3]-[#6:4](-[#6:5](=[#8:6])-[#6:7])(-[#1:20])-[#1:21]>>[#6:3]-[#6:4](-[#6@](-[#7](-[#1])-[#1])(-[#6](=[#8])-[#8]-[#1])-[#1])(-[#1:20])-[#1:21].[#6:5](=[#8:6])(-[#6:7])-[#1],"EVODEX.2.1-P2725,EVODEX.2.1-P2737,EVODEX.2.1-P2740,EVODEX.2.1-P2744,EVODEX.2.1-P2747",111461501774379004278190132194183498878040383209610097501837634959210857044948
EVODEX.2.1-C524,[#6:4]-[#6:5](=[#8])-[#6:7].[#7](-[#6]1:[#6](:[#6](:[#6](:[#6](:[#6]:1-[#6](=[#8])-[#6](-[#6@](-[#7:21](-[#1])-[#1])(-[#6](=[#8])-[#8]-[#1])-[#1])(-[#1])-[#1])-[#1])-[#1])-[#1])-[#1])(-[#1])-[#1]>>[#6:4]-[#6@@:5](-[#6:7])(-[#7:21](-[#1])-[#1])-[#1],"EVODEX.2.1-P2764,EVODEX.2.1-P2765,EVODEX.2.1-P2769,EVODEX.2.1-P2775,EVODEX.2.1-P2776",65706579944290414452632447982267148123004698804938409466373309098357963374095
EVODEX.2.1-C525,[#15:18]-[#8:21]-[#15:22](=[#8:23])(-[#8:24])-[#8:25]>>[#15:18]-[#8:21]-[#1].[#15:22](=[#8:23])(-[#8:24])(-[#8:25])-[#8]-[#6](-[#6@](-[#6@](-[#6@@](-[#6@](-[#6](=[#8])-[#1])(-[#8]-[#1])-[#1])(-[#8]-[#1])-[#1])(-[#8]-[#1])-[#1])(-[#8]-[#1])-[#1])(-[#1])-[#1],"EVODEX.2.1-P2817,EVODEX.2.1-P2895,EVODEX.2.1-P2896,EVODEX.2.1-P2976,EVODEX.2.1-P2977",109935239598668480203294813457823113843509092836535840444410668679357491182725
EVODEX.2.1-C526,[#7](-[#6]1:[#7]:[#6](:[#7]:[#6]2:[#6]:1:[#7]:[#6](:[#7]:2-[#6@]1(-[#6](-[#6@](-[#8]-[#1])(-[#6@@](-[#6](-[#8]-[#15](=[#8])(-[#8]-[#1])-[#8]-[#15](=[#8])(-[#8]-[#1])-[#8]-[#15:26](=[#8:27])(-[#8:28])-[#8:29])(-[#1])-[#1])(-[#8]-1)-[#1])-[#1])(-[#1])-[#1])-[#1])-[#1])-[#1])(-[#1])-[#1].[#8:31](-[#6:32])-[#1]>>[#15:26](=[#8:27])(-[#8:28])(-[#8:29])-[#8:31]-[#6:32],"EVODEX.2.1-P2818,EVODEX.2.1-P2824,EVODEX.2.1-P2873,EVODEX.2.1-P2915,EVODEX.2.1-P2959",44694439273630331785370572997345044353881151721756491628278498002047707288577
EVODEX.2.1-C527,[#8]=[#6]1:[#7](:[#6](:[#7]:[#6]2:[#6]:1:[#7]:[#6](:[#7]:2-[#6@@]1(-[#8]-[#6@](-[#6](-[#8]-[#15](=[#8])(-[#8]-[#1])-[#8]-[#15](=[#8])(-[#8]-[#1])-[#8]-[#15:24](=[#8:25])(-[#8:26])-[#8:27])(-[#1])-[#1])(-[#6@@](-[#8]-[#1])(-[#6@]-1(-[#8]-[#1])-[#1])-[#1])-[#1])-[#1])-[#1])-[#1])-[#1].[#8:32](-[#6:33])-[#1]>>[#15:24](=[#8:25])(-[#8:26])(-[#8:27])-[#8:32]-[#6:33],"EVODEX.2.1-P2819,EVODEX.2.1-P2836,EVODEX.2.1-P2901,EVODEX.2.1-P2929,EVODEX.2.1-P2987",76282723950893859386242544698877587820980789055088223633372940017347240026445
EVODEX.2.1-C528,[#6](-[#6]1:[#6](:[#7](-[#6@]2(-[#6](-[#6@](-[#8]-[#1])(-[#6@@](-[#6](-[#8]-[#15](=[#8])(-[#8]-[#1])-[#8]-[#15](=[#8])(-[#8]-[#1])-[#8]-[#15:20](=[#8:21])(-[#8:22])-[#8:23])(-[#1])-[#1])(-[#8]-2)-[#1])-[#1])(-[#1])-[#1])-[#1]):[#6](=[#8]):[#7](:[#6]:1=[#8])-[#1])-[#1])(-[#1])(-[#1])-[#1].[#8:30](-[#6:31])-[#1]>>[#15:20](=[#8:21])(-[#8:22])(-[#8:23])-[#8:30]-[#6:31],"EVODEX.2.1-P2820,EVODEX.2.1-P2927,EVODEX.2.1-P2934,EVODEX.2.1-P2994,EVODEX.2.1-P2996",14398603447250645014300487939206026131626786836018986852915865057711062001067
EVODEX.2.1-C531,[#6:100]-[#8:101]-[#1].[#7](-[#6]1:[#6](:[#6](:[#7](-[#6@@]2(-[#8]-[#6@](-[#6](-[#8]-[#15](=[#8])(-[#8]-[#1])-[#8]-[#15](=[#8])(-[#8]-[#1])-[#8]-[#15:120](=[#8:121])(-[#8:122])-[#8:123])(-[#1])-[#1])(-[#6@@](-[#8]-[#1])(-[#6@]-2(-[#8]-[#1])-[#1])-[#1])-[#1])-[#1]):[#6](=[#8]):[#7]:1)-[#1])-[#1])(-[#1])-[#1]>>[#6:100]-[#8:101]-[#15:120](=[#8:121])(-[#8:122])-[#8:123],"EVODEX.2.1-P2825,EVODEX.2.1-P2826,EVODEX.2.1-P2850,EVODEX.2.1-P2887,EVODEX.2.1-P2988",17478975792576600585198180811797512118098475358262011022421345998320720005643
EVODEX.2.1-C532,[#6:100]-[#8:101]-[#1].[#7](-[#6]1:[#6](:[#6](:[#7](-[#6@]2(-[#6](-[#6@](-[#8]-[#1])(-[#6@@](-[#6](-[#8]-[#15](=[#8])(-[#8]-[#1])-[#8]-[#15](=[#8])(-[#8]-[#1])-[#8]-[#15:122](=[#8:123])(-[#8:124])-[#8:125])(-[#1])-[#1])(-[#8]-2)-[#1])-[#1])(-[#1])-[#1])-[#1]):[#6](=[#8]):[#7]:1)-[#1])-[#1])(-[#1])-[#1]>>[#6:100]-[#8:101]-[#15:122](=[#8:123])(-[#8:124])-[#8:125],"EVODEX.2.1-P2827,EVODEX.2.1-P2874,EVODEX.2.1-P2919,EVODEX.2.1-P2999,EVODEX.2.1-P3802",82329306572369601650774267626476684819460360846464503088449813778394373878271
EVODEX.2.1-C533,[#15:16]-[#8:19]-[#15:20](=[#8:21])(-[#8:22])-[#8:23]>>[#15:16]-[#8:19]-[#1].[#15:20](=[#8:21])(-[#8:22])(-[#8:23])-[#8]-[#6](-[#6](=[#8])-[#6@@](-[#8]-[#1])(-[#6@](-[#8]-[#1])(-[#6@](-[#8]-[#1])(-[#6](-[#8]-[#15](=[#8])(-[#8]-[#1])-[#8]-[#1])(-[#1])-[#1])-[#1])-[#1])-[#1])(-[#1])-[#1],"EVODEX.2.1-P2829,EVODEX.2.1-P2833,EVODEX.2.1-P2864,EVODEX.2.1-P2866,EVODEX.2.1-P3031",110523199232814297466471592380752398552805544782490854429997812194625130375590
EVODEX.2.1-C534,[#15:16]-[#8:19]-[#15:20](=[#8:21])(-[#8:22])-[#8:23]>>[#15:16]-[#8:19]-[#1].[#15:20](=[#8:21])(-[#8:22])(-[#8:23])-[#8]-[#6](-[#6]1(-[#8]-[#1])-[#8]-[#6@](-[#6](-[#8]-[#15](=[#8])(-[#8]-[#1])-[#8]-[#1])(-[#1])-[#1])(-[#6@@](-[#8]-[#1])(-[#6@@]-1(-[#8]-[#1])-[#1])-[#1])-[#1])(-[#1])-[#1],"EVODEX.2.1-P2830,EVODEX.2.1-P2834,EVODEX.2.1-P2835,EVODEX.2.1-P2837,EVODEX.2.1-P2865",97553174306285523256036985288834961363693466590682680832034966354639516209965
EVODEX.2.1-C535,[#6:26]-[#8:27]-[#15:28](=[#8:29])(-[#8:30])-[#8:31]>>[#7](-[#6]1:[#7]:[#6](:[#7]:[#6]2:[#6]:1:[#7]:[#6](:[#7]:2-[#6@@]1(-[#8]-[#6@](-[#6](-[#8]-[#15](=[#8])(-[#8]-[#15:28](=[#8:29])(-[#8:30])-[#8:31])-[#8]-[#1])(-[#1])-[#1])(-[#6@@](-[#8]-[#1])(-[#6@]-1(-[#8]-[#1])-[#1])-[#1])-[#1])-[#1])-[#1])-[#1])(-[#1])-[#1].[#6:26]-[#8:27]-[#1],"EVODEX.2.1-P2831,EVODEX.2.1-P2832,EVODEX.2.1-P2899,EVODEX.2.1-P3157,EVODEX.2.1-P3161",14862758095423989025941464647732784658441282425406116063869101750443356058417
EVODEX.2.1-C537,[#15:20]-[#8:23]-[#15:24](=[#8:25])(-[#8:26])-[#8:27]>>[#15:20]-[#8:23]-[#1].[#15:24](=[#8:25])(-[#8:26])(-[#8:27])-[#8]-[#6](-[#6@@]1(-[#6@@](-[#8]-[#1])(-[#6](-[#6@](-[#7]2:[#6]3:[#7]:[#6](:[#7]:[#6](-[#7](-[#1])-[#1]):[#6]:3:[#7]:[#6]:2-[#1])-[#1])(-[#8]-1)-[#1])(-[#1])-[#1])-[#1])-[#1])(-[#1])-[#1],"EVODEX.2.1-P2839,EVODEX.2.1-P2854,EVODEX.2.1-P2856,EVODEX.2.1-P2998,EVODEX.2.1-P3000",12106571226811974352276572889585838933163233926293395713514979926297662388551
EVODEX.2.1-C538,[#15:18]-[#8:21]-[#15:22](=[#8:23])(-[#8:24])-[#8:25]>>[#15:18]-[#8:21]-[#1].[#15:22](=[#8:23])(-[#8:24])(-[#8:25])-[#8]-[#6](-[#6@@]1(-[#6@@](-[#8]-[#1])(-[#6](-[#6@](-[#7]2:[#6]3:[#7]:[#6](-[#7](-[#1])-[#1]):[#7](:[#6](=[#8]):[#6]:3:[#7]:[#6]:2-[#1])-[#1])(-[#8]-1)-[#1])(-[#1])-[#1])-[#1])-[#1])(-[#1])-[#1],"EVODEX.2.1-P2840,EVODEX.2.1-P2843,EVODEX.2.1-P2844,EVODEX.2.1-P2845,EVODEX.2.1-P2846",36751857675618970856919325840825552082965071302018831351255509662839175013156
EVODEX.2.1-C539,[#15:36]-[#8:39]-[#15:40](=[#8:41])(-[#8:42])-[#8:43]>>[#15:36]-[#8:39]-[#1].[#7](-[#6]1:[#6](:[#6](:[#7](-[#6@]2(-[#6](-[#6@](-[#8]-[#1])(-[#6@@](-[#6](-[#8]-[#15:40](=[#8:41])(-[#8:42])-[#8:43])(-[#1])-[#1])(-[#8]-2)-[#1])-[#1])(-[#1])-[#1])-[#1]):[#6](=[#8]):[#7]:1)-[#1])-[#1])(-[#1])-[#1],"EVODEX.2.1-P2841,EVODEX.2.1-P2853,EVODEX.2.1-P2855,EVODEX.2.1-P2857,EVODEX.2.1-P2995",27589681780668626640690556013357310298503881995490211152660817640282557278210
EVODEX.2.1-C540,[#15:39]-[#8:42]-[#15:43](=[#8:44])(-[#8:45])-[#8:46]>>[#7](-[#6]1:[#7]:[#6](:[#7]:[#6]2:[#6]:1:[#7]:[#6](:[#7]:2-[#6@@]1(-[#8]-[#6@](-[#6](-[#8]-[#15:43](=[#8:44])(-[#8:45])-[#8:46])(-[#1])-[#1])(-[#6@@](-[#8]-[#1])(-[#6@@]-1(-[#8]-[#1])-[#1])-[#1])-[#1])-[#1])-[#1])-[#1])(-[#1])-[#1].[#15:39]-[#8:42]-[#1],"EVODEX.2.1-P2842,EVODEX.2.1-P2851,EVODEX.2.1-P2902,EVODEX.2.1-P2903,EVODEX.2.1-P2904",10066427669956200481424309099714441211544427136674231775816537363403622804668
EVODEX.2.1-C541,[#6:31]-[#8:32]-[#15:33](=[#8:34])(-[#8:35])-[#8:36]>>[#6](-[#6]1:[#6](:[#7](-[#6@]2(-[#6](-[#6@](-[#8]-[#1])(-[#6@@](-[#6](-[#8]-[#15:33](=[#8:34])(-[#8:35])-[#8:36])(-[#1])-[#1])(-[#8]-2)-[#1])-[#1])(-[#1])-[#1])-[#1]):[#6](=[#8]):[#7](:[#6]:1=[#8])-[#1])-[#1])(-[#1])(-[#1])-[#1].[#6:31]-[#8:32]-[#1],"EVODEX.2.1-P2847,EVODEX.2.1-P3010,EVODEX.2.1-P3011,EVODEX.2.1-P3012,EVODEX.2.1-P3014",94838084871976544498000760648792886788544282807008121964754708741952727482913
EVODEX.2.1-C542,[#7](-[#6]1:[#7]:[#6](:[#7]:[#6]2:[#6]:1:[#7]:[#6](:[#7]:2-[#6@@]1(-[#8]-[#6@](-[#6](-[#8]-[#15:16](=[#8:17])(-[#8:18])-[#8:19])(-[#1])-[#1])(-[#6@@](-[#8]-[#1])(-[#6@]-1(-[#8]-[#1])-[#1])-[#1])-[#1])-[#1])-[#1])-[#1])(-[#1])-[#1].[#6:32]-[#8:33]-[#1]>>[#15:16](=[#8:17])(-[#8:18])(-[#8:19])-[#8:33]-[#6:32],"EVODEX.2.1-P2848,EVODEX.2.1-P2849,EVODEX.2.1-P2884,EVODEX.2.1-P2984,EVODEX.2.1-P3049",69204432688138834838690435404120013930955006555375972028742491768941126765288
EVODEX.2.1-C543,[#6:13]-[#8:14]-[#1].[#8:21]=[#15:22](-[#8:23])(-[#8:24])-[#8]-[#15](=[#8])(-[#8]-[#1])-[#8]-[#1]>>[#6:13]-[#8:14]-[#15:22](=[#8:21])(-[#8:23])-[#8:24],"EVODEX.2.1-P2852,EVODEX.2.1-P2883,EVODEX.2.1-P3029,EVODEX.2.1-P3030,EVODEX.2.1-P3800",92760563288616481497418700356660224851441696198427705163251527540288573447330
EVODEX.2.1-C545,[#15:16]-[#8:19]-[#15:20](=[#8:21])(-[#8:22])-[#8:23]>>[#15:16]-[#8:19]-[#1].[#15:20](=[#8:21])(-[#8:22])(-[#8:23])-[#8]-[#6@]1(-[#8]-[#6@](-[#6](-[#8]-[#15](=[#8])(-[#8]-[#1])-[#8]-[#1])(-[#1])-[#1])(-[#6@@](-[#8]-[#1])(-[#6@]-1(-[#8]-[#1])-[#1])-[#1])-[#1])-[#1],"EVODEX.2.1-P2860,EVODEX.2.1-P2908,EVODEX.2.1-P3154,EVODEX.2.1-P3155,EVODEX.2.1-P3160",78561501180379126251847206561970488032716688656377702527853359073728970497501
EVODEX.2.1-C547,[#7](=[#6]1:[#7](:[#6](=[#8]):[#6]2:[#7]:[#6](:[#7](-[#6@@]3(-[#8]-[#6@](-[#6](-[#8]-[#15](=[#8])(-[#8]-[#1])-[#8]-[#15:19](=[#8:20])(-[#8:21])-[#8:22])(-[#1])-[#1])(-[#6@@](-[#8]-[#1])(-[#6@]-3(-[#8]-[#1])-[#1])-[#1])-[#1])-[#1]):[#6]:2:[#7]:1-[#1])-[#1])-[#1])-[#1].[#6:31]-[#8:32]-[#1]>>[#15:19](=[#8:20])(-[#8:21])(-[#8:22])-[#8:32]-[#6:31],"EVODEX.2.1-P2862,EVODEX.2.1-P2863,EVODEX.2.1-P2911,EVODEX.2.1-P3164,EVODEX.2.1-P5817",94473343909581974968917794007725095474312903293288775987772088756032437672842
EVODEX.2.1-C548,[#8]=[#6]1:[#6](:[#6](:[#7](-[#6@@]2(-[#8]-[#6@](-[#6](-[#8]-[#15](=[#8])(-[#8]-[#1])-[#8]-[#15:31](=[#8:32])(-[#8:33])-[#8:34])(-[#1])-[#1])(-[#6@@](-[#8]-[#1])(-[#6@]-2(-[#8]-[#1])-[#1])-[#1])-[#1])-[#1]):[#6](=[#8]):[#7]:1-[#1])-[#1])-[#1].[#6:11]-[#8:12]-[#1]>>[#6:11]-[#8:12]-[#15:31](=[#8:32])(-[#8:33])-[#8:34],"EVODEX.2.1-P2867,EVODEX.2.1-P2990,EVODEX.2.1-P2991,EVODEX.2.1-P3162,EVODEX.2.1-P3292",103102210940938227091303997264529984807501106162943562454222907977627951559060
EVODEX.2.1-C549,[#7](-[#6]1:[#7]:[#6](:[#7]:[#6]2:[#6]:1:[#7]:[#6](:[#7]:2-[#6@@]1(-[#8]-[#6@](-[#6](-[#8]-[#15](=[#8])(-[#8]-[#1])-[#8]-[#15:32](=[#8:33])(-[#8:34])-[#8:35])(-[#1])-[#1])(-[#6@@](-[#8]-[#1])(-[#6@]-1(-[#8]-[#1])-[#1])-[#1])-[#1])-[#1])-[#1])-[#1])(-[#1])-[#1].[#6:7]-[#8:8]-[#1]>>[#6:7]-[#8:8]-[#15:32](=[#8:33])(-[#8:34])-[#8:35],"EVODEX.2.1-P2868,EVODEX.2.1-P2872,EVODEX.2.1-P2889,EVODEX.2.1-P2906,EVODEX.2.1-P3001",2686260922056159849351903368413402096300518761231326812558630039524398637620
EVODEX.2.1-C550,[#15:11]-[#8:14]-[#15:15](=[#8:16])(-[#8:17])-[#8:18]>>[#15:11]-[#8:14]-[#1].[#15:15](=[#8:16])(-[#8:17])(-[#8:18])-[#8]-[#6](-[#6@]1(-[#8]-[#6](-[#8]-[#1])(-[#6@](-[#8]-[#1])(-[#6@@](-[#8]-[#1])(-[#6@@]-1(-[#8]-[#1])-[#1])-[#1])-[#1])-[#1])-[#1])(-[#1])-[#1],"EVODEX.2.1-P2869,EVODEX.2.1-P2897,EVODEX.2.1-P2898,EVODEX.2.1-P2978,EVODEX.2.1-P3801",12962159244111466133279053969466687099232691199147122017215097475174001330846
EVODEX.2.1-C551,[#15:20]-[#8:23]-[#15:24](=[#8:25])(-[#8:26])-[#8:27].[#8:36]-[#6@:37]1(-[#6@:38](-[#8:39]-[#1])(-[#6@:40](-[#8:41])(-[#6@:46](-[#8:47])(-[#6@@:48](-[#8:49])(-[#6@@:54]-1(-[#8:55])-[#1:85])-[#1:82])-[#1:80])-[#1:77])-[#1:75])-[#1:74]>>[#15:20]-[#8:23]-[#1].[#15:24](=[#8:25])(-[#8:26])(-[#8:27])-[#8:39]-[#6@@:38]1(-[#6@@:37](-[#8:36])(-[#6@:54](-[#8:55])(-[#6@@:48](-[#8:49])(-[#6@:46](-[#8:47])(-[#6@@:40]-1(-[#8:41])-[#1:77])-[#1:80])-[#1:82])-[#1:85])-[#1:74])-[#1:75],"EVODEX.2.1-P2875,EVODEX.2.1-P2979,EVODEX.2.1-P2980,EVODEX.2.1-P2982,EVODEX.2.1-P2983",54790161577824997775439786431141934107247661260248364314482039515327764557587
EVODEX.2.1-C552,[#15:20]-[#8:23]-[#15:24](=[#8:25])(-[#8:26])-[#8:27]>>[#15:20]-[#8:23]-[#1].[#15:24](=[#8:25])(-[#8:26])(-[#8:27])-[#8]-[#6@]1(-[#8]-[#6@](-[#6](-[#8]-[#1])(-[#1])-[#1])(-[#6@](-[#8]-[#1])(-[#6@](-[#8]-[#1])(-[#6@]-1(-[#8]-[#1])-[#1])-[#1])-[#1])-[#1])-[#1],"EVODEX.2.1-P2876,EVODEX.2.1-P2967,EVODEX.2.1-P2968,EVODEX.2.1-P2969,EVODEX.2.1-P2970",97008076375663155339918469229756198634188621169972174626747467341459583235544
EVODEX.2.1-C553,[#6:22]-[#8:23]-[#1].[#7](-[#6]1:[#7]:[#6]2:[#6](:[#7]:[#6](:[#7]:2-[#6@@]2(-[#8]-[#6@](-[#6](-[#8]-[#15](=[#8])(-[#8]-[#1])-[#8]-[#15](=[#8])(-[#8]-[#1])-[#8]-[#15:49](=[#8:50])(-[#8:51])-[#8:52])(-[#1])-[#1])(-[#6@@](-[#8]-[#1])(-[#6@]-2(-[#8]-[#1])-[#1])-[#1])-[#1])-[#1])-[#1]):[#6](=[#8]):[#7]:1-[#1])(-[#1])-[#1]>>[#6:22]-[#8:23]-[#15:49](=[#8:50])(-[#8:51])-[#8:52],"EVODEX.2.1-P2877,EVODEX.2.1-P2891,EVODEX.2.1-P2892,EVODEX.2.1-P2894,EVODEX.2.1-P2992",59837834422135511023968051711549240059115087825089073054877566556303903189354
EVODEX.2.1-C556,[#6:4]-[#8:5]-[#1].[#8]=[#6]1:[#6](:[#6](:[#7](-[#6@@]2(-[#8]-[#6@](-[#6](-[#8]-[#15](=[#8])(-[#8]-[#1])-[#8]-[#15](=[#8])(-[#8]-[#1])-[#8]-[#15:29](=[#8:30])(-[#8:31])-[#8:32])(-[#1])-[#1])(-[#6@@](-[#8]-[#1])(-[#6@]-2(-[#8]-[#1])-[#1])-[#1])-[#1])-[#1]):[#6](=[#8]):[#7]:1-[#1])-[#1])-[#1]>>[#6:4]-[#8:5]-[#15:29](=[#8:30])(-[#8:31])-[#8:32],"EVODEX.2.1-P2886,EVODEX.2.1-P2907,EVODEX.2.1-P2909,EVODEX.2.1-P2924,EVODEX.2.1-P2940",64242254615385139272752452795283863863835401714817425378162736203278021875193
EVODEX.2.1-C558,[#6:10]-[#8:11]-[#1].[#7](-[#6]1:[#7]:[#6]2:[#6](:[#7]:[#6](:[#7]:2-[#6@]2(-[#6](-[#6@](-[#8]-[#1])(-[#6@@](-[#6](-[#8]-[#15](=[#8])(-[#8]-[#1])-[#8]-[#15](=[#8])(-[#8]-[#1])-[#8]-[#15:41](=[#8:42])(-[#8:43])-[#8:44])(-[#1])-[#1])(-[#8]-2)-[#1])-[#1])(-[#1])-[#1])-[#1])-[#1]):[#6](=[#8]):[#7]:1-[#1])(-[#1])-[#1]>>[#6:10]-[#8:11]-[#15:41](=[#8:42])(-[#8:43])-[#8:44],"EVODEX.2.1-P2905,EVODEX.2.1-P2917,EVODEX.2.1-P2931,EVODEX.2.1-P2936,EVODEX.2.1-P2993",64357427105717656920761576788876593159197197509914048927590725970363606591849
EVODEX.2.1-C559,[#6:44]-[#8:45]-[#1]>>[#15](=[#8])(-[#8]-[#1])(-[#8]-[#15](=[#8])(-[#8]-[#1])-[#8]-[#1])-[#8:45]-[#6:44],"EVODEX.2.1-P2912,EVODEX.2.1-P2997,EVODEX.2.1-P3165,EVODEX.2.1-P3167,EVODEX.2.1-P3172",7412816149630420580541563730221136036774326051805363221123008608581617573262
EVODEX.2.1-C560,[#15:14]-[#8:16]-[#1]>>[#15:14]-[#8:16]-[#15](-[#8]-[#6](-[#6@]1(-[#8]-[#6@@](-[#7]2:[#6]3:[#7]:[#6](:[#7]:[#6](-[#7](-[#1])-[#1]):[#6]:3:[#7]:[#6]:2-[#1])-[#1])(-[#6@](-[#8]-[#1])(-[#6@@]-1(-[#8]-[#1])-[#1])-[#1])-[#1])-[#1])(-[#1])-[#1])(=[#8])-[#8]-[#1],"EVODEX.2.1-P2913,EVODEX.2.1-P3195,EVODEX.2.1-P3202,EVODEX.2.1-P3258,EVODEX.2.1-P7115",27298044228991766892094156198398075097402107219583098860976230139443056064725
EVODEX.2.1-C561,[#15:27]-[#8:30]-[#15:31](=[#8:32])(-[#8:33])-[#8:34]>>[#7](-[#6@@](-[#6](-[#8]-[#15:31](=[#8:32])(-[#8:33])-[#8:34])(-[#1])-[#1])(-[#6](=[#8])-[#8]-[#1])-[#1])(-[#1])-[#1].[#15:27]-[#8:30]-[#1],"EVODEX.2.1-P2914,EVODEX.2.1-P3298,EVODEX.2.1-P3299,EVODEX.2.1-P3300,EVODEX.2.1-P3302",59847687958480521454093462156981501460638085698075300935407497810207319863527
EVODEX.2.1-C562,[#8:45]=[#15:46](-[#8:47])(-[#8:48])-[#8:49]-[#15:50]>>[#7](-[#6](=[#8])-[#6]1:[#6](:[#6](:[#6](:[#7&+](-[#6@@]2(-[#8]-[#6@](-[#6](-[#8]-[#15](=[#8])(-[#8]-[#1])-[#8]-[#15](=[#8])(-[#8]-[#1])-[#8]-[#6](-[#6@]3(-[#8]-[#6@@](-[#7]4:[#6](:[#7]:[#6]5:[#6](-[#7](-[#1])-[#1]):[#7]:[#6](:[#7]:[#6]:4:5)-[#1])-[#1])(-[#6@](-[#8]-[#15:46](=[#8:45])(-[#8:47])-[#8:48])(-[#6@@]-3(-[#8]-[#1])-[#1])-[#1])-[#1])-[#1])(-[#1])-[#1])(-[#1])-[#1])(-[#6@@](-[#8]-[#1])(-[#6@]-2(-[#8]-[#1])-[#1])-[#1])-[#1])-[#1]):[#6]:1-[#1])-[#1])-[#1])-[#1])(-[#1])-[#1].[#8:49](-[#15:50])-[#1],"EVODEX.2.1-P2916,EVODEX.2.1-P2918,EVODEX.2.1-P2920,EVODEX.2.1-P2921,EVODEX.2.1-P2922",16325478333345465549955882812879641368025313760455515146197082576853414011906
EVODEX.2.1-C563,[#15:30]-[#8:33]-[#15:34](=[#8:35])(-[#8:36])-[#8:37]>>[#6](-[#6@@](-[#8]-[#1])(-[#6](-[#6](-[#8]-[#15:34](=[#8:35])(-[#8:36])-[#8:37])(-[#1])-[#1])(-[#1])-[#1])-[#6](-[#6](=[#8])-[#8]-[#1])(-[#1])-[#1])(-[#1])(-[#1])-[#1].[#15:30]-[#8:33]-[#1],"EVODEX.2.1-P2933,EVODEX.2.1-P2935,EVODEX.2.1-P2937,EVODEX.2.1-P2938,EVODEX.2.1-P2939",60924197494389915801251950193386666615966447455153076946470007357477080085992
EVODEX.2.1-C564,[#6](=[#6](-[#8]-[#15:4](=[#8:5])(-[#8:6])-[#8:7])-[#6](=[#8])-[#8]-[#1])(-[#1])-[#1].[#15:26]-[#8:28]-[#1]>>[#15:4](=[#8:5])(-[#8:6])(-[#8:7])-[#8:28]-[#15:26],"EVODEX.2.1-P2941,EVODEX.2.1-P2943,EVODEX.2.1-P2946,EVODEX.2.1-P2951,EVODEX.2.1-P5952",24769506570166366937443332745934663497162652190710504902828038133171684732879
EVODEX.2.1-C565,[#15:26]-[#8:29]-[#15:30](=[#8:31])(-[#8:32])-[#8:33]>>[#6](=[#6](-[#8]-[#15:30](=[#8:31])(-[#8:32])-[#8:33])-[#6](=[#8])-[#8]-[#1])(-[#1])-[#1].[#15:26]-[#8:29]-[#1],"EVODEX.2.1-P2942,EVODEX.2.1-P2945,EVODEX.2.1-P2949,EVODEX.2.1-P2953,EVODEX.2.1-P5953",110135289569160917987248788254209600954482442194308108297221660342762788165080
EVODEX.2.1-C566,[#6:1](=[#6:2](-[#8:3]-[#15:4](=[#8:5])(-[#8:6])-[#8:7])-[#6:8])(-[#1:37])-[#1:38].[#15:32]-[#8:34]-[#1]>>[#6:1](-[#6:2](=[#8:3])-[#6:8])(-[#1:37])(-[#1:38])-[#1].[#15:4](=[#8:5])(-[#8:6])(-[#8:7])-[#8:34]-[#15:32],"EVODEX.2.1-P2944,EVODEX.2.1-P2947,EVODEX.2.1-P2948,EVODEX.2.1-P2950,EVODEX.2.1-P2952",9584191053549519577423256095614321883254221981444072052083995150240888964170
EVODEX.2.1-C567,[#6:22]-[#8:23]-[#1].[#8:28]=[#15:29](-[#8:30])(-[#8:31])-[#8]-[#6@]1(-[#8]-[#6@](-[#6](-[#8]-[#1])(-[#1])-[#1])(-[#6@@](-[#8]-[#1])(-[#6@](-[#8]-[#1])(-[#6@]-1(-[#8]-[#1])-[#1])-[#1])-[#1])-[#1])-[#1]>>[#6:22]-[#8:23]-[#15:29](=[#8:28])(-[#8:30])-[#8:31],"EVODEX.2.1-P2954,EVODEX.2.1-P2956,EVODEX.2.1-P2974,EVODEX.2.1-P6172,EVODEX.2.1-P6174",68793456162109458734104275477253425654825184857711516564537281465610439821111
EVODEX.2.1-C569,[#15:41]-[#8:44]-[#15:45](=[#8:46])(-[#8:47])-[#8:48]>>[#7](-[#6]1:[#6](:[#6](:[#7](-[#6@@]2(-[#8]-[#6@](-[#6](-[#8]-[#15](=[#8])(-[#8]-[#15:45](=[#8:46])(-[#8:47])-[#8:48])-[#8]-[#1])(-[#1])-[#1])(-[#6@@](-[#8]-[#1])(-[#6@]-2(-[#8]-[#1])-[#1])-[#1])-[#1])-[#1]):[#6](=[#8]):[#7]:1)-[#1])-[#1])(-[#1])-[#1].[#15:41]-[#8:44]-[#1],"EVODEX.2.1-P2957,EVODEX.2.1-P2960,EVODEX.2.1-P3113,EVODEX.2.1-P3114,EVODEX.2.1-P3115",67457806727603534367325216696046009812717556773506426664959086210850376074846
EVODEX.2.1-C570,[#7](-[#6]1:[#6](:[#6](:[#7](-[#6@@]2(-[#8]-[#6@](-[#6](-[#8]-[#15](=[#8])(-[#8]-[#1])-[#8]-[#15](=[#8])(-[#8]-[#1])-[#8]-[#15:19](=[#8:20])(-[#8:21])-[#8:22])(-[#1])-[#1])(-[#6@@](-[#8]-[#1])(-[#6@]-2(-[#8]-[#1])-[#1])-[#1])-[#1])-[#1]):[#6](=[#8]):[#7]:1)-[#1])-[#1])(-[#1])-[#1].[#15:40]-[#8:42]-[#1]>>[#15:19](=[#8:20])(-[#8:21])(-[#8:22])-[#8:42]-[#15:40],"EVODEX.2.1-P2961,EVODEX.2.1-P3119,EVODEX.2.1-P3125,EVODEX.2.1-P3130,EVODEX.2.1-P3140",87762365095916062747879338786690000355047137888842975581989138042952286330216
EVODEX.2.1-C571,[#15:25]-[#8:28]-[#15:29](=[#8:30])(-[#8:31])-[#8:32]>>[#6](-[#6]1:[#7]:[#6](:[#16]:[#6]:1-[#6](-[#6](-[#8]-[#15:29](=[#8:30])(-[#8:31])-[#8:32])(-[#1])-[#1])(-[#1])-[#1])-[#1])(-[#1])(-[#1])-[#1].[#15:25]-[#8:28]-[#1],"EVODEX.2.1-P2962,EVODEX.2.1-P2963,EVODEX.2.1-P2964,EVODEX.2.1-P2965,EVODEX.2.1-P2966",114941383255346374355459172599072509801438156874306760891900735059203871977702
EVODEX.2.1-C572,[#15:18]-[#8:21]-[#15:22](=[#8:23])(-[#8:24])-[#8:25]>>[#15:18]-[#8:21]-[#1].[#15:22](=[#8:23])(-[#8:24])(-[#8:25])-[#8]-[#6@@]1(-[#6@@](-[#8]-[#1])(-[#6@](-[#8]-[#1])(-[#6@@](-[#8]-[#1])(-[#6@](-[#8]-[#1])(-[#6@@]-1(-[#8]-[#1])-[#1])-[#1])-[#1])-[#1])-[#1])-[#1],"EVODEX.2.1-P2981,EVODEX.2.1-P3276,EVODEX.2.1-P3277,EVODEX.2.1-P3278,EVODEX.2.1-P3280",25920376533879316555604135435943301284322354141173692064498335495390814937784
EVODEX.2.1-C573,[#7](-[#6]1:[#7]:[#6](:[#7]:[#6]2:[#6]:1:[#7]:[#6](:[#7]:2-[#6@]1(-[#6](-[#6@](-[#8]-[#1])(-[#6@@](-[#6](-[#8]-[#15](=[#8])(-[#8]-[#1])-[#8]-[#15:40](=[#8:41])(-[#8:42])-[#8:43])(-[#1])-[#1])(-[#8]-1)-[#1])-[#1])(-[#1])-[#1])-[#1])-[#1])-[#1])(-[#1])-[#1].[#8:14](-[#6@:13])-[#1]>>[#8:14](-[#6@:13])-[#15:40](=[#8:41])(-[#8:42])-[#8:43],"EVODEX.2.1-P3002,EVODEX.2.1-P3166,EVODEX.2.1-P3168,EVODEX.2.1-P3169,EVODEX.2.1-P3170",9863217466416873202735959237019438023051652714663711478408245863428751326117
EVODEX.2.1-C574,[#6:28]-[#8:29]-[#1].[#8]=[#7&+](-[#8&-])-[#6]1:[#6](:[#6](:[#6](-[#8]-[#15:9](=[#8:10])(-[#8:11])-[#8:12]):[#6](:[#6]:1-[#1])-[#1])-[#1])-[#1]>>[#15:9](=[#8:10])(-[#8:11])(-[#8:12])-[#8:29]-[#6:28],"EVODEX.2.1-P3004,EVODEX.2.1-P3006,EVODEX.2.1-P3007,EVODEX.2.1-P3015,EVODEX.2.1-P3751",68901867940490662871001222585038078457566466689199500501192134695726266279285
EVODEX.2.1-C575,[#6:9]-[#8:10]-[#1].[#8:18]=[#15:19](-[#8:20])(-[#8:21])-[#8]-[#6]1:[#6](:[#6](:[#6](:[#6](:[#6]:1-[#1])-[#1])-[#1])-[#1])-[#1]>>[#6:9]-[#8:10]-[#15:19](=[#8:18])(-[#8:20])-[#8:21],"EVODEX.2.1-P3019,EVODEX.2.1-P3022,EVODEX.2.1-P3023,EVODEX.2.1-P3024,EVODEX.2.1-P3026",68433498929982764208541718576718835502880667133883147288774949319618379477527
EVODEX.2.1-C576,[#6:3]-[#8:4]-[#15:5](=[#8:6])(-[#8:7])-[#8:8]>>[#6:3]-[#8:4]-[#1].[#15:5](=[#8:6])(-[#8:7])(-[#8:8])-[#8]-[#15](=[#8])(-[#8]-[#1])-[#8]-[#15](=[#8])(-[#8]-[#1])-[#8]-[#1],"EVODEX.2.1-P3032,EVODEX.2.1-P3216,EVODEX.2.1-P3217,EVODEX.2.1-P3234,EVODEX.2.1-P3236",14242121469472719835676474945158433604742117358061434029394145337188839549234
EVODEX.2.1-C577,[#6:55]-[#7:57](-[#1])-[#1].[#15:80]-[#8:83]-[#15:84](=[#8:85])(-[#8:86])-[#8:87]>>[#6:55]-[#7:57](-[#15:84](=[#8:85])(-[#8:86])-[#8:87])-[#1].[#15:80]-[#8:83]-[#1],"EVODEX.2.1-P3051,EVODEX.2.1-P3086,EVODEX.2.1-P3087,EVODEX.2.1-P3094,EVODEX.2.1-P3101",15513506964715520807137972732933940385741847167520971394862514009800782022671
EVODEX.2.1-C578,[#6:55]-[#7:57](-[#1])-[#1].[#7](-[#6]1:[#7]:[#6](:[#7]:[#6]2:[#6]:1:[#7]:[#6](:[#7]:2-[#6@@]1(-[#8]-[#6@](-[#6](-[#8]-[#15](=[#8])(-[#8]-[#1])-[#8]-[#15](=[#8])(-[#8]-[#1])-[#8]-[#15:84](=[#8:85])(-[#8:86])-[#8:87])(-[#1])-[#1])(-[#6@@](-[#8]-[#1])(-[#6@]-1(-[#8]-[#1])-[#1])-[#1])-[#1])-[#1])-[#1])-[#1])(-[#1])-[#1]>>[#6:55]-[#7:57](-[#15:84](=[#8:85])(-[#8:86])-[#8:87])-[#1],"EVODEX.2.1-P3052,EVODEX.2.1-P3076,EVODEX.2.1-P3084,EVODEX.2.1-P3090,EVODEX.2.1-P3092",11692328631983764464521105316687877664362175952275663059021563161519233772244
EVODEX.2.1-C579,[#15:16]-[#8:19]-[#15:20](=[#8:21])(-[#8:22])-[#8:23]>>[#15:16]-[#8:19]-[#1].[#15:20](=[#8:21])(-[#8:22])(-[#8:23])-[#8]-[#6](=[#8])-[#6@](-[#8]-[#1])(-[#6](-[#8]-[#15](=[#8])(-[#8]-[#1])-[#8]-[#1])(-[#1])-[#1])-[#1],"EVODEX.2.1-P3067,EVODEX.2.1-P3068,EVODEX.2.1-P3069,EVODEX.2.1-P3070,EVODEX.2.1-P3071",23347444392097927712378015236157760247399661052428673855245088164398963390008
EVODEX.2.1-C580,[#6:2]-[#7:8](-[#15](=[#8])(-[#8]-[#1])-[#8]-[#1])-[#1]>>[#6:2]-[#7:8](-[#1])-[#1],"EVODEX.2.1-P3075,EVODEX.2.1-P3079,EVODEX.2.1-P3082,EVODEX.2.1-P3091,EVODEX.2.1-P5907",24989602677127920040684777350198067581535404652375680122107804151353964020086
EVODEX.2.1-C581,[#6:2]-[#7:3](-[#1])-[#1]>>[#6:2]-[#7:3](-[#15](=[#8])(-[#8]-[#1])-[#8]-[#1])-[#1],"EVODEX.2.1-P3077,EVODEX.2.1-P3081,EVODEX.2.1-P3085,EVODEX.2.1-P3088,EVODEX.2.1-P3096",44099795016956300159163772944163938926561070848079713147549537586340595747833
EVODEX.2.1-C582,[#15:28]-[#8:30]-[#1].[#6:2]-[#7:4](-[#15:5](=[#8:6])(-[#8:7])-[#8:8])-[#1]>>[#6:2]-[#7:4](-[#1])-[#1].[#15:5](=[#8:6])(-[#8:7])(-[#8:8])-[#8:30]-[#15:28],"EVODEX.2.1-P3078,EVODEX.2.1-P3080,EVODEX.2.1-P3097,EVODEX.2.1-P3098,EVODEX.2.1-P3099",5845042578352695065435957911025193110275993397191486713345800935192209549265
EVODEX.2.1-C583,[#6:2]-[#7:10](-[#15:11](=[#8:12])(-[#8:13])-[#8:14])-[#1]>>[#6:2]-[#7:10](-[#1])-[#1].[#15:11](=[#8:12])(-[#8:13])(-[#8:14])-[#8]-[#15](-[#8]-[#15](-[#8]-[#6](-[#6@]1(-[#8]-[#6@@](-[#7]2:[#6]3:[#7]:[#6](:[#7]:[#6](-[#7](-[#1])-[#1]):[#6]:3:[#7]:[#6]:2-[#1])-[#1])(-[#6@](-[#8]-[#1])(-[#6@@]-1(-[#8]-[#1])-[#1])-[#1])-[#1])-[#1])(-[#1])-[#1])(=[#8])-[#8]-[#1])(=[#8])-[#8]-[#1],"EVODEX.2.1-P3083,EVODEX.2.1-P3089,EVODEX.2.1-P3093,EVODEX.2.1-P3095,EVODEX.2.1-P3100",107439305681065940032821086052417914481412690658065800414985245664294856328979
EVODEX.2.1-C584,[#6:14](-[#6@:13])(-[#8]-[#15](=[#8])(-[#8]-[#1])-[#8]-[#15](=[#8])(-[#8]-[#1])-[#8]-[#1])(-[#1:47])-[#1:48].[#15:29]-[#8:30]-[#1]>>[#6:14](-[#6@:13])(-[#8:30]-[#15:29])(-[#1:47])-[#1:48],"EVODEX.2.1-P3103,EVODEX.2.1-P3241,EVODEX.2.1-P3260,EVODEX.2.1-P3263,EVODEX.2.1-P7113",2001552744368130272309889381540968771289585877260779944622526051770114856137
EVODEX.2.1-C585,[#8:15]-[#15:16](=[#8:17])(-[#8:18])-[#8:19]-[#15:20]>>[#8:15]-[#15:16](=[#8:17])(-[#8:18])-[#8]-[#15](=[#8])(-[#8]-[#1])-[#8]-[#15](=[#8])(-[#8]-[#1])-[#8]-[#1].[#8:19](-[#15:20])-[#1],"EVODEX.2.1-P3104,EVODEX.2.1-P3186,EVODEX.2.1-P3229,EVODEX.2.1-P3230,EVODEX.2.1-P3253",89883822649603041067252250817017260800243755057313473789033713145806755718203
EVODEX.2.1-C586,[#7](=[#6]1:[#7](:[#6](=[#8]):[#6]2:[#7]:[#6](:[#7](-[#6@@]3(-[#8]-[#6@](-[#6](-[#8]-[#15](=[#8])(-[#8]-[#1])-[#8]-[#15](=[#8])(-[#8]-[#1])-[#8]-[#15:23](=[#8:24])(-[#8:25])-[#8:26])(-[#1])-[#1])(-[#6@@](-[#8]-[#1])(-[#6@]-3(-[#8]-[#1])-[#1])-[#1])-[#1])-[#1]):[#6]:2:[#7]:1-[#1])-[#1])-[#1])-[#1].[#15:34]-[#8:35]-[#1]>>[#15:23](=[#8:24])(-[#8:25])(-[#8:26])-[#8:35]-[#15:34],"EVODEX.2.1-P3105,EVODEX.2.1-P3136,EVODEX.2.1-P3138,EVODEX.2.1-P3139,EVODEX.2.1-P3142",45114995175220258193187313006859660472726106391429975667494990095673830677640
EVODEX.2.1-C587,[#15:45]-[#8:48]-[#15:49](=[#8:50])(-[#8:51])-[#8:52]>>[#7](-[#6]1:[#7]:[#6](:[#7]:[#6]2:[#6]:1:[#7]:[#6](:[#7]:2-[#6@@]1(-[#8]-[#6@](-[#6](-[#8]-[#15](=[#8])(-[#8]-[#1])-[#8]-[#15](=[#8])(-[#8]-[#15:49](=[#8:50])(-[#8:51])-[#8:52])-[#8]-[#1])(-[#1])-[#1])(-[#6@@](-[#8]-[#1])(-[#6@]-1(-[#8]-[#1])-[#1])-[#1])-[#1])-[#1])-[#1])-[#1])(-[#1])-[#1].[#15:45]-[#8:48]-[#1],"EVODEX.2.1-P3106,EVODEX.2.1-P3116,EVODEX.2.1-P3118,EVODEX.2.1-P3137,EVODEX.2.1-P3246",17013935938985842951614316329528008828407112685964606183584191729775656492180
EVODEX.2.1-C588,[#15:12]-[#8:14]-[#1].[#7](-[#6]1:[#7]:[#6](:[#7]:[#6]2:[#6]:1:[#7]:[#6](:[#7]:2-[#6@@]1(-[#8]-[#6@](-[#6](-[#8]-[#15](=[#8])(-[#8]-[#1])-[#8]-[#15](=[#8])(-[#8]-[#1])-[#8]-[#15:43](=[#8:44])(-[#8:45])-[#8:46])(-[#1])-[#1])(-[#6@@](-[#8]-[#1])(-[#6@]-1(-[#8]-[#1])-[#1])-[#1])-[#1])-[#1])-[#1])-[#1])(-[#1])-[#1]>>[#15:12]-[#8:14]-[#15:43](=[#8:44])(-[#8:45])-[#8:46],"EVODEX.2.1-P3107,EVODEX.2.1-P3121,EVODEX.2.1-P3122,EVODEX.2.1-P3147,EVODEX.2.1-P3150",98574360186397344386866915540520055698010947962223469489893889153280732454965
EVODEX.2.1-C589,[#15:20]-[#8:23]-[#15:24](=[#8:25])(-[#8:26])-[#8:27]>>[#15:20]-[#8:23]-[#1].[#15:24](=[#8:25])(-[#8:26])(-[#8:27])-[#8]-[#15](-[#8]-[#6](-[#6@]1(-[#8]-[#6@@](-[#7]2:[#6](:[#6](:[#6](=[#8]):[#7](:[#6]:2=[#8])-[#1])-[#1])-[#1])(-[#6@](-[#8]-[#1])(-[#6@@]-1(-[#8]-[#1])-[#1])-[#1])-[#1])-[#1])(-[#1])-[#1])(=[#8])-[#8]-[#1],"EVODEX.2.1-P3108,EVODEX.2.1-P3109,EVODEX.2.1-P3111,EVODEX.2.1-P3287,EVODEX.2.1-P3288",24464544959116295156247332983995280232775002494271218462012784049259235090968
EVODEX.2.1-C590,[#15:11]-[#8:13]-[#1].[#7](-[#6]1:[#7]:[#6](:[#7]:[#6]2:[#6]:1:[#7]:[#6](:[#7]:2-[#6@]1(-[#6](-[#6@](-[#8]-[#1])(-[#6@@](-[#6](-[#8]-[#15](=[#8])(-[#8]-[#1])-[#8]-[#15](=[#8])(-[#8]-[#1])-[#8]-[#15:47](=[#8:48])(-[#8:49])-[#8:50])(-[#1])-[#1])(-[#8]-1)-[#1])-[#1])(-[#1])-[#1])-[#1])-[#1])-[#1])(-[#1])-[#1]>>[#15:11]-[#8:13]-[#15:47](=[#8:48])(-[#8:49])-[#8:50],"EVODEX.2.1-P3110,EVODEX.2.1-P3135,EVODEX.2.1-P3143,EVODEX.2.1-P3144,EVODEX.2.1-P3145",109345524653982359687847083498712842033626669471313888939601412930362533653523
EVODEX.2.1-C591,[#15:11]-[#8:13]-[#1].[#15:41]-[#8:44]-[#15:45](=[#8:46])(-[#8:47])-[#8:48]>>[#15:11]-[#8:13]-[#15:45](=[#8:46])(-[#8:47])-[#8:48].[#15:41]-[#8:44]-[#1],"EVODEX.2.1-P3112,EVODEX.2.1-P3126,EVODEX.2.1-P3148,EVODEX.2.1-P3219,EVODEX.2.1-P3303",33739455898969767570616002154738251122200790021268340097856653940705985382334
EVODEX.2.1-C592,[#15:42]-[#8:44]-[#1]>>[#15](=[#8])(-[#8]-[#1])(-[#8]-[#1])-[#8:44]-[#15:42],"EVODEX.2.1-P3120,EVODEX.2.1-P3123,EVODEX.2.1-P3124,EVODEX.2.1-P3146,EVODEX.2.1-P3149",99329748402888826635524067038235425564254798142992028199219566313830914206197
EVODEX.2.1-C593,[#15:11]-[#8:13]-[#1].[#7](-[#6]1:[#7]:[#6](:[#7]:[#6]2:[#6]:1:[#7]:[#6](:[#7]:2-[#6@]1(-[#8]-[#6@@](-[#6](-[#8]-[#15](=[#8])(-[#8]-[#1])-[#8]-[#15:49](=[#8:50])(-[#8:51])-[#8:52])(-[#1])-[#1])(-[#6@](-[#8]-[#1])(-[#6@@]-1(-[#8]-[#1])-[#1])-[#1])-[#1])-[#1])-[#1])-[#1])(-[#1])-[#1]>>[#15:11]-[#8:13]-[#15:49](=[#8:50])(-[#8:51])-[#8:52],"EVODEX.2.1-P3128,EVODEX.2.1-P3129,EVODEX.2.1-P3132,EVODEX.2.1-P3141,EVODEX.2.1-P3171",8868577842743122409524832030483580464617290803765200413998397804108832164291
EVODEX.2.1-C596,[#6:12]-[#8:13]-[#1].[#7](-[#6]1:[#6](:[#6](:[#7](-[#6@@]2(-[#8]-[#6@](-[#6](-[#8]-[#15](=[#8])(-[#8]-[#1])-[#8]-[#15:33](=[#8:34])(-[#8:35])-[#8:36])(-[#1])-[#1])(-[#6@@](-[#8]-[#1])(-[#6@]-2(-[#8]-[#1])-[#1])-[#1])-[#1])-[#1]):[#6](=[#8]):[#7]:1)-[#1])-[#1])(-[#1])-[#1]>>[#6:12]-[#8:13]-[#15:33](=[#8:34])(-[#8:35])-[#8:36],"EVODEX.2.1-P3163,EVODEX.2.1-P3257,EVODEX.2.1-P3273,EVODEX.2.1-P3274,EVODEX.2.1-P3301",43766962573801531226675163326726734692617350960790604211497752232056697884330
EVODEX.2.1-C597,[#15:14]-[#8:16]-[#1].[#8:35]-[#15:36](=[#8:37])(-[#8:38])-[#8]-[#15](=[#8])(-[#8]-[#1])-[#8]-[#15](=[#8])(-[#8]-[#1])-[#8]-[#1]>>[#15:14]-[#8:16]-[#15:36](-[#8:35])(=[#8:37])-[#8:38],"EVODEX.2.1-P3173,EVODEX.2.1-P3184,EVODEX.2.1-P3191,EVODEX.2.1-P3254,EVODEX.2.1-P7114",84112731823167754330993270768737928336911732794425708468498617922848748353108
EVODEX.2.1-C599,[#15:47]-[#8:48]-[#1]>>[#15](=[#8])(-[#8]-[#1])(-[#8]-[#6](-[#6@]1(-[#8]-[#6@@](-[#7]2:[#6](:[#7]:[#6]3:[#6](=[#8]):[#7](:[#6](-[#7](-[#1])-[#1]):[#7]:[#6]:2:3)-[#1])-[#1])(-[#6@](-[#8]-[#1])(-[#6@@]-1(-[#8]-[#1])-[#1])-[#1])-[#1])-[#1])(-[#1])-[#1])-[#8:48]-[#15:47],"EVODEX.2.1-P3175,EVODEX.2.1-P3179,EVODEX.2.1-P3192,EVODEX.2.1-P3232,EVODEX.2.1-P3243",69560338000272173434654609689177635323670580311390389132680723795739430948941
EVODEX.2.1-C600,[#15:2]-[#8:3]-[#1]>>[#15:2]-[#8:3]-[#15](-[#8]-[#6](-[#6@]1(-[#8]-[#6@@](-[#7]2:[#6](:[#6](:[#6](=[#8]):[#7](:[#6]:2=[#8])-[#1])-[#1])-[#1])(-[#6@](-[#8]-[#1])(-[#6@@]-1(-[#8]-[#1])-[#1])-[#1])-[#1])-[#1])(-[#1])-[#1])(=[#8])-[#8]-[#1],"EVODEX.2.1-P3176,EVODEX.2.1-P3196,EVODEX.2.1-P3227,EVODEX.2.1-P3264,EVODEX.2.1-P3268",110536888822677091143372792008512708710687361376115434084158185970701589921937
EVODEX.2.1-C601,[#8:26]-[#15:27](=[#8:28])(-[#8:29])-[#8]-[#15](=[#8])(-[#8]-[#1])-[#8]-[#15](=[#8])(-[#8]-[#1])-[#8]-[#1]>>[#8]=[#15](-[#8]-[#15:27](-[#8:26])(=[#8:28])-[#8:29])(-[#8]-[#1])-[#8]-[#6@]1(-[#8]-[#6@](-[#6](-[#8]-[#1])(-[#1])-[#1])(-[#6@@](-[#8]-[#1])(-[#6@](-[#8]-[#1])(-[#6@]-1(-[#8]-[#1])-[#1])-[#1])-[#1])-[#1])-[#1],"EVODEX.2.1-P3177,EVODEX.2.1-P3181,EVODEX.2.1-P3188,EVODEX.2.1-P3190,EVODEX.2.1-P3198",8857643886677069583005257976011920624623351996744271371140744230796504274812
EVODEX.2.1-C602,[#15:31]-[#8:32]-[#1]>>[#7](-[#6]1:[#6](:[#6](:[#7](-[#6@@]2(-[#8]-[#6@](-[#6](-[#8]-[#15](=[#8])(-[#8]-[#1])-[#8:32]-[#15:31])(-[#1])-[#1])(-[#6@@](-[#8]-[#1])(-[#6@]-2(-[#8]-[#1])-[#1])-[#1])-[#1])-[#1]):[#6](=[#8]):[#7]:1)-[#1])-[#1])(-[#1])-[#1],"EVODEX.2.1-P3178,EVODEX.2.1-P3194,EVODEX.2.1-P3220,EVODEX.2.1-P3252,EVODEX.2.1-P3259",103021096437434707523071671777279934762880042407559210813440050798715997074128
EVODEX.2.1-C603,[#8:13]-[#15:14](=[#8:15])(-[#8:16])-[#8:17]-[#15:18]>>[#8:13]-[#15:14](=[#8:15])(-[#8:16])-[#8]-[#15](=[#8])(-[#8]-[#1])-[#8]-[#6@]1(-[#8]-[#6@](-[#6](-[#8]-[#1])(-[#1])-[#1])(-[#6@@](-[#8]-[#1])(-[#6@](-[#8]-[#1])(-[#6@@]-1(-[#8]-[#1])-[#1])-[#1])-[#1])-[#1])-[#1].[#8:17](-[#15:18])-[#1],"EVODEX.2.1-P3182,EVODEX.2.1-P3187,EVODEX.2.1-P3189,EVODEX.2.1-P3199,EVODEX.2.1-P3256",34509669492867851877632603365149374748476792713428378236583250886697779070532
EVODEX.2.1-C605,[#8:24]-[#15:25](=[#8:26])(-[#8:27])-[#8]-[#15](=[#8])(-[#8]-[#1])-[#8]-[#6@]1(-[#8]-[#6@](-[#6](-[#8]-[#1])(-[#1])-[#1])(-[#6@@](-[#8]-[#1])(-[#6@](-[#8]-[#1])(-[#6@@]-1(-[#8]-[#1])-[#1])-[#1])-[#1])-[#1])-[#1].[#15:2]-[#8:3]-[#1]>>[#15:2]-[#8:3]-[#15:25](-[#8:24])(=[#8:26])-[#8:27],"EVODEX.2.1-P3185,EVODEX.2.1-P3197,EVODEX.2.1-P3265,EVODEX.2.1-P3266,EVODEX.2.1-P3267",45121222518318454717333314917493410110334618828811271944409370570838275430387
EVODEX.2.1-C606,[#8:29]-[#15:30](=[#8:31])(-[#8:32])-[#8:33]-[#15:34]>>[#6](-[#6@@]1(-[#8]-[#6@@](-[#8]-[#15](=[#8])(-[#8]-[#1])-[#8]-[#15:30](-[#8:29])(=[#8:31])-[#8:32])(-[#6@@](-[#8]-[#1])(-[#6@](-[#8]-[#1])(-[#6@@]-1(-[#8]-[#1])-[#1])-[#1])-[#1])-[#1])-[#1])(-[#1])(-[#1])-[#1].[#8:33](-[#15:34])-[#1],"EVODEX.2.1-P3193,EVODEX.2.1-P3204,EVODEX.2.1-P3208,EVODEX.2.1-P3211,EVODEX.2.1-P3213",112675554830742184324367968125891841081475244721598185792941319485086544586140
EVODEX.2.1-C607,[#8:28]-[#15:29](=[#8:30])(-[#8:31])-[#8]-[#15](=[#8])(-[#8]-[#1])-[#8]-[#15](=[#8])(-[#8]-[#1])-[#8]-[#1]>>[#6](-[#6@@]1(-[#8]-[#6@](-[#8]-[#15](=[#8])(-[#8]-[#15:29](-[#8:28])(=[#8:30])-[#8:31])-[#8]-[#1])(-[#6@@](-[#8]-[#1])(-[#6@](-[#8]-[#1])(-[#6@@]-1(-[#8]-[#1])-[#1])-[#1])-[#1])-[#1])-[#1])(-[#1])(-[#1])-[#1],"EVODEX.2.1-P3203,EVODEX.2.1-P3207,EVODEX.2.1-P3209,EVODEX.2.1-P3210,EVODEX.2.1-P3212",84882284731281801002424231407764993083946760522413780292703462192860018471371
EVODEX.2.1-C609,[#8:15](-[#6@:14])-[#1]>>[#8:15](-[#6@:14])-[#15](-[#8]-[#6](-[#6@]1(-[#8]-[#6@@](-[#7]2:[#6](:[#6](:[#6](-[#7](-[#1])-[#1]):[#7]:[#6]:2=[#8])-[#1])-[#1])(-[#6@](-[#8]-[#1])(-[#6@@]-1(-[#8]-[#1])-[#1])-[#1])-[#1])-[#1])(-[#1])-[#1])(=[#8])-[#8]-[#1],"EVODEX.2.1-P3221,EVODEX.2.1-P3223,EVODEX.2.1-P3270,EVODEX.2.1-P3271,EVODEX.2.1-P3272",19609766301721427423684583330240118856367879555054942082816527990740517854186
EVODEX.2.1-C610,[#6:13](-[#6@:12])(-[#8:14]-[#15:15])(-[#1:93])-[#1:94].[#15:78]-[#8:80]-[#1]>>[#6:13](-[#6@:12])(-[#8:80]-[#15:78])(-[#1:93])-[#1:94].[#8:14](-[#15:15])-[#1],"EVODEX.2.1-P3240,EVODEX.2.1-P3244,EVODEX.2.1-P3245,EVODEX.2.1-P3261,EVODEX.2.1-P3262",111385817156480799596669203640906122615613782925717668433342570087207612981789
EVODEX.2.1-C611,[#8:11]-[#15:12](=[#8:13])(-[#8:14])-[#8]-[#15](=[#8])(-[#8]-[#1])-[#8]-[#6](-[#6@]1(-[#8]-[#6@@](-[#7]2:[#6](:[#7]:[#6]3:[#6](-[#7](-[#1])-[#1]):[#7]:[#6](:[#7]:[#6]:2:3)-[#1])-[#1])(-[#6@](-[#8]-[#1])(-[#6@@]-1(-[#8]-[#1])-[#1])-[#1])-[#1])-[#1])(-[#1])-[#1].[#8:45](-[#1])-[#1]>>[#8:11]-[#15:12](=[#8:13])(-[#8:14])-[#8:45]-[#1],"EVODEX.2.1-P3242,EVODEX.2.1-P3305,EVODEX.2.1-P5814,EVODEX.2.1-P5819,EVODEX.2.1-P5853",92195955111689001553828480286110716109579341600724168792252814778763150548602
EVODEX.2.1-C612,[#8:14]-[#15:15](=[#8:16])(-[#8:17])-[#8:18]-[#15:19]>>[#8:14]-[#15:15](=[#8:16])(-[#8:17])-[#8]-[#15](=[#8])(-[#8]-[#1])-[#8]-[#1].[#8:18](-[#15:19])-[#1],"EVODEX.2.1-P3247,EVODEX.2.1-P3248,EVODEX.2.1-P3249,EVODEX.2.1-P3250,EVODEX.2.1-P3251",60217573786261797673828164493617797690697163901063681749911994829102076887017
EVODEX.2.1-C613,[#8:7]-[#15:8](=[#8:9])(-[#8:10])-[#8]-[#15](=[#8])(-[#8]-[#1])-[#8]-[#6](-[#6@]1(-[#8]-[#6@@](-[#7]2:[#6](:[#6](:[#6](=[#8]):[#7](:[#6]:2=[#8])-[#1])-[#1])-[#1])(-[#6@](-[#8]-[#1])(-[#6@@]-1(-[#8]-[#1])-[#1])-[#1])-[#1])-[#1])(-[#1])-[#1]>>[#8:7]-[#15:8](=[#8:9])(-[#8:10])-[#8]-[#15](-[#8]-[#6](/[#6](=[#6](\[#6](-[#6](/[#6](=[#6](\[#6](-[#6](/[#6](=[#6](\[#6](-[#6](/[#6](=[#6](\[#6](-[#6](/[#6](=[#6](\[#6](-[#6](/[#6](=[#6](\[#6](-[#6](/[#6](=[#6](\[#6](-[#6](/[#6](=[#6](\[#6](-[#6](/[#6](=[#6](/[#6](-[#6](/[#6](=[#6](/[#6](-[#6](-[#6](=[#6](-[#6](-[#1])(-[#1])-[#1])-[#6](-[#1])(-[#1])-[#1])-[#1])(-[#1])-[#1])(-[#1])-[#1])-[#6](-[#1])(-[#1])-[#1])-[#1])(-[#1])-[#1])(-[#1])-[#1])-[#6](-[#1])(-[#1])-[#1])-[#1])(-[#1])-[#1])(-[#1])-[#1])-[#6](-[#1])(-[#1])-[#1])-[#1])(-[#1])-[#1])(-[#1])-[#1])-[#6](-[#1])(-[#1])-[#1])-[#1])(-[#1])-[#1])(-[#1])-[#1])-[#6](-[#1])(-[#1])-[#1])-[#1])(-[#1])-[#1])(-[#1])-[#1])-[#6](-[#1])(-[#1])-[#1])-[#1])(-[#1])-[#1])(-[#1])-[#1])-[#6](-[#1])(-[#1])-[#1])-[#1])(-[#1])-[#1])(-[#1])-[#1])-[#6](-[#1])(-[#1])-[#1])-[#1])(-[#1])-[#1])(-[#1])-[#1])-[#6](-[#1])(-[#1])-[#1])-[#1])(-[#1])-[#1])(-[#1])-[#1])-[#6](-[#1])(-[#1])-[#1])-[#1])(-[#1])-[#1])(=[#8])-[#8]-[#1],"EVODEX.2.1-P3281,EVODEX.2.1-P3286,EVODEX.2.1-P3289,EVODEX.2.1-P3293,EVODEX.2.1-P3295",90601238145438577399718144678537726873344956341091370417242156103582911614941
EVODEX.2.1-C614,[#8:7]-[#15:8](=[#8:9])(-[#8:10])-[#8:11]-[#15:12]>>[#8:7]-[#15:8](=[#8:9])(-[#8:10])-[#8]-[#15](-[#8]-[#6](/[#6](=[#6](\[#6](-[#6](/[#6](=[#6](\[#6](-[#6](/[#6](=[#6](\[#6](-[#6](/[#6](=[#6](\[#6](-[#6](/[#6](=[#6](\[#6](-[#6](/[#6](=[#6](\[#6](-[#6](/[#6](=[#6](\[#6](-[#6](/[#6](=[#6](\[#6](-[#6](/[#6](=[#6](/[#6](-[#6](/[#6](=[#6](/[#6](-[#6](-[#6](=[#6](-[#6](-[#1])(-[#1])-[#1])-[#6](-[#1])(-[#1])-[#1])-[#1])(-[#1])-[#1])(-[#1])-[#1])-[#6](-[#1])(-[#1])-[#1])-[#1])(-[#1])-[#1])(-[#1])-[#1])-[#6](-[#1])(-[#1])-[#1])-[#1])(-[#1])-[#1])(-[#1])-[#1])-[#6](-[#1])(-[#1])-[#1])-[#1])(-[#1])-[#1])(-[#1])-[#1])-[#6](-[#1])(-[#1])-[#1])-[#1])(-[#1])-[#1])(-[#1])-[#1])-[#6](-[#1])(-[#1])-[#1])-[#1])(-[#1])-[#1])(-[#1])-[#1])-[#6](-[#1])(-[#1])-[#1])-[#1])(-[#1])-[#1])(-[#1])-[#1])-[#6](-[#1])(-[#1])-[#1])-[#1])(-[#1])-[#1])(-[#1])-[#1])-[#6](-[#1])(-[#1])-[#1])-[#1])(-[#1])-[#1])(-[#1])-[#1])-[#6](-[#1])(-[#1])-[#1])-[#1])(-[#1])-[#1])(-[#1])-[#1])-[#6](-[#1])(-[#1])-[#1])-[#1])(-[#1])-[#1])(=[#8])-[#8]-[#1].[#8:11](-[#15:12])-[#1],"EVODEX.2.1-P3282,EVODEX.2.1-P3284,EVODEX.2.1-P3290,EVODEX.2.1-P3296,EVODEX.2.1-P3297",74364792950374844390304140161116771936162524471981596779380270835724985903049
EVODEX.2.1-C615,[#8:7]-[#15:8](=[#8:9])(-[#8:10])-[#8]-[#15](=[#8])(-[#8]-[#1])-[#8]-[#6](-[#6@]1(-[#8]-[#6@@](-[#7]2:[#6](:[#6](:[#6](=[#8]):[#7](:[#6]:2=[#8])-[#1])-[#1])-[#1])(-[#6@](-[#8]-[#1])(-[#6@@]-1(-[#8]-[#1])-[#1])-[#1])-[#1])-[#1])(-[#1])-[#1].[#15:134]-[#8:136]-[#1]>>[#8:7]-[#15:8](=[#8:9])(-[#8:10])-[#8:136]-[#15:134],"EVODEX.2.1-P3283,EVODEX.2.1-P3285,EVODEX.2.1-P3291,EVODEX.2.1-P3294,EVODEX.2.1-P3304",51109421176830130519194622500451972618323373227138239934444495144412178983127
EVODEX.2.1-C619,[#8:6](-[#6@:5])-[#16:7](=[#8:8])(=[#8:9])-[#8:10]>>[#8:6](-[#6@:5])-[#1].[#16:7](=[#8:8])(=[#8:9])(-[#8:10])-[#8]-[#15](-[#8]-[#6](-[#6@]1(-[#8]-[#6@@](-[#7]2:[#6]3:[#7]:[#6](:[#7]:[#6](-[#7](-[#1])-[#1]):[#6]:3:[#7]:[#6]:2-[#1])-[#1])(-[#6@](-[#8]-[#1])(-[#6@@]-1(-[#8]-[#15](=[#8])(-[#8]-[#1])-[#8]-[#1])-[#1])-[#1])-[#1])-[#1])(-[#1])-[#1])(=[#8])-[#8]-[#1],"EVODEX.2.1-P3315,EVODEX.2.1-P3317,EVODEX.2.1-P3319,EVODEX.2.1-P3329,EVODEX.2.1-P3337",69919970416368496486859323230260780616848276916623748725667998947469903352801
EVODEX.2.1-C620,[#8:24](-[#6@:23])-[#16](=[#8])(=[#8])-[#8]-[#1]>>[#8:24](-[#6@:23])-[#1],"EVODEX.2.1-P3321,EVODEX.2.1-P3323,EVODEX.2.1-P3326,EVODEX.2.1-P3334,EVODEX.2.1-P3335",86001819165881154935649857596787365376332178965031827859727989905531160821326
EVODEX.2.1-C621,[#8:25](-[#6@:24])-[#16:26](=[#8:27])(=[#8:28])-[#8:29].[#15:53]-[#8:55]-[#1]>>[#8:25](-[#6@:24])-[#1].[#16:26](=[#8:27])(=[#8:28])(-[#8:29])-[#8:55]-[#15:53],"EVODEX.2.1-P3322,EVODEX.2.1-P3328,EVODEX.2.1-P3330,EVODEX.2.1-P3331,EVODEX.2.1-P3332",63779405671642059645518439999124056193276602038522131660612292005270531757705
EVODEX.2.1-C622,[#6:1]-[#6:2](=[#8:3])-[#16:4]-[#6:5].[#6:53]-[#6:55](=[#8:56])-[#8:57]-[#1]>>[#6:1]-[#6:2](=[#8:3])-[#8:57]-[#1].[#16:4](-[#6:5])-[#6:55](-[#6:53])=[#8:56],"EVODEX.2.1-P3351,EVODEX.2.1-P3369,EVODEX.2.1-P3370,EVODEX.2.1-P3381,EVODEX.2.1-P3383",85890040022433003377356727895140275719673138900212359973025545990035641480040
EVODEX.2.1-C623,[#6:47]-[#16:48]-[#6:49](=[#8:50])-[#6:51]>>[#6:49](=[#8:50])(-[#6:51])-[#8]-[#1].[#6:47]-[#16:48]-[#6](-[#6](-[#6](-[#6](=[#8])-[#8]-[#1])(-[#1])-[#1])(-[#1])-[#1])=[#8],"EVODEX.2.1-P3352,EVODEX.2.1-P3363,EVODEX.2.1-P3365,EVODEX.2.1-P3366,EVODEX.2.1-P3367",40624006384056276812525635436585406047088889663456572322829974885960905531178
EVODEX.2.1-C624,[#6:59]-[#6:60](=[#8:61])-[#8:62]-[#1]>>[#6](=[#8])(-[#6](-[#6](-[#6](=[#8])-[#8]-[#1])(-[#1])-[#1])(-[#1])-[#1])-[#8:62]-[#1].[#6](-[#6](-[#6](-[#1])(-[#1])-[#1])(-[#6](-[#8]-[#15](=[#8])(-[#8]-[#1])-[#8]-[#15](=[#8])(-[#8]-[#1])-[#8]-[#6](-[#6@]1(-[#8]-[#6@@](-[#7]2:[#6](:[#7]:[#6]3:[#6](-[#7](-[#1])-[#1]):[#7]:[#6](:[#7]:[#6]:2:3)-[#1])-[#1])(-[#6@](-[#8]-[#1])(-[#6@@]-1(-[#8]-[#15](=[#8])(-[#8]-[#1])-[#8]-[#1])-[#1])-[#1])-[#1])-[#1])(-[#1])-[#1])(-[#1])-[#1])-[#6@@](-[#8]-[#1])(-[#6](=[#8])-[#7](-[#6](-[#6](-[#6](=[#8])-[#7](-[#6](-[#6](-[#16]-[#6:60](-[#6:59])=[#8:61])(-[#1])-[#1])(-[#1])-[#1])-[#1])(-[#1])-[#1])(-[#1])-[#1])-[#1])-[#1])(-[#1])(-[#1])-[#1],"EVODEX.2.1-P3353,EVODEX.2.1-P3371,EVODEX.2.1-P3375,EVODEX.2.1-P3379,EVODEX.2.1-P3380",20853762803200994014296791736048759411613519091914321884573349583134925939125
EVODEX.2.1-C625,[#6:1]-[#6:2](=[#8:3])-[#8]-[#1].[#6:51]-[#16:52]-[#6](=[#8])/[#6](=[#6](/[#6](-[#6](=[#8])-[#8]-[#1])(-[#1])-[#1])-[#1])-[#1]>>[#6:1]-[#6:2](=[#8:3])-[#16:52]-[#6:51],"EVODEX.2.1-P3354,EVODEX.2.1-P3355,EVODEX.2.1-P3357,EVODEX.2.1-P3360,EVODEX.2.1-P3362",101741010393974286498558533993001671381972685960005478530903235949031770442234
EVODEX.2.1-C626,[#8:57]=[#6:58](-[#8:59]-[#1])-[#6:60]>>[#6](=[#8])(/[#6](=[#6](/[#6](-[#6](=[#8])-[#8]-[#1])(-[#1])-[#1])-[#1])-[#1])-[#8:59]-[#1].[#6](-[#6](-[#6](-[#1])(-[#1])-[#1])(-[#6](-[#8]-[#15](=[#8])(-[#8]-[#1])-[#8]-[#15](=[#8])(-[#8]-[#1])-[#8]-[#6](-[#6@]1(-[#8]-[#6@@](-[#7]2:[#6](:[#7]:[#6]3:[#6](-[#7](-[#1])-[#1]):[#7]:[#6](:[#7]:[#6]:2:3)-[#1])-[#1])(-[#6@](-[#8]-[#1])(-[#6@@]-1(-[#8]-[#15](=[#8])(-[#8]-[#1])-[#8]-[#1])-[#1])-[#1])-[#1])-[#1])(-[#1])-[#1])(-[#1])-[#1])-[#6@@](-[#8]-[#1])(-[#6](=[#8])-[#7](-[#6](-[#6](-[#6](=[#8])-[#7](-[#6](-[#6](-[#16]-[#6:58](=[#8:57])-[#6:60])(-[#1])-[#1])(-[#1])-[#1])-[#1])(-[#1])-[#1])(-[#1])-[#1])-[#1])-[#1])(-[#1])(-[#1])-[#1],"EVODEX.2.1-P3356,EVODEX.2.1-P3358,EVODEX.2.1-P3359,EVODEX.2.1-P3361,EVODEX.2.1-P3368",63105467457508135463254916867652863901700755574683793503201269861191236915057
EVODEX.2.1-C627,[#6:47]-[#16:48]-[#6](=[#8])-[#6](-[#6](-[#6](=[#8])-[#8]-[#1])(-[#1])-[#1])(-[#1])-[#1].[#8:56]=[#6:57](-[#8]-[#1])-[#6:59]>>[#6:47]-[#16:48]-[#6:57](=[#8:56])-[#6:59],"EVODEX.2.1-P3364,EVODEX.2.1-P3372,EVODEX.2.1-P3374,EVODEX.2.1-P3378,EVODEX.2.1-P3382",114829387674825175070055361195304350775415917396281796688790610877254184954210
EVODEX.2.1-C628,[#6](-[#6](=[#8])-[#6](-[#6](=[#8])-[#8:7]-[#1])(-[#1])-[#1])(-[#1])(-[#1])-[#1].[#6:10]-[#6:11](=[#8:12])-[#16]-[#6](-[#6](-[#7](-[#6](=[#8])-[#6](-[#6](-[#7](-[#6](=[#8])-[#6@](-[#8]-[#1])(-[#6](-[#6](-[#1])(-[#1])-[#1])(-[#6](-[#1])(-[#1])-[#1])-[#6](-[#8]-[#15](=[#8])(-[#8]-[#1])-[#8]-[#15](=[#8])(-[#8]-[#1])-[#8]-[#6](-[#6@]1(-[#8]-[#6@@](-[#7]2:[#6](:[#7]:[#6]3:[#6](-[#7](-[#1])-[#1]):[#7]:[#6](:[#7]:[#6]:2:3)-[#1])-[#1])(-[#6@](-[#8]-[#1])(-[#6@@]-1(-[#8]-[#15](=[#8])(-[#8]-[#1])-[#8]-[#1])-[#1])-[#1])-[#1])-[#1])(-[#1])-[#1])(-[#1])-[#1])-[#1])-[#1])(-[#1])-[#1])(-[#1])-[#1])-[#1])(-[#1])-[#1])(-[#1])-[#1]>>[#8:7](-[#6:11](-[#6:10])=[#8:12])-[#1],"EVODEX.2.1-P3384,EVODEX.2.1-P3389,EVODEX.2.1-P3393,EVODEX.2.1-P3399,EVODEX.2.1-P3403",45082886815921797693246956684877412893929225461952861767438295511312112445234
EVODEX.2.1-C629,[#6:8]-[#6:9](=[#8:10])-[#16:11]-[#6:12]>>[#6](-[#6](=[#8])-[#6](-[#6](=[#8])-[#16:11]-[#6:12])(-[#1])-[#1])(-[#1])(-[#1])-[#1].[#8](-[#6:9](-[#6:8])=[#8:10])-[#1],"EVODEX.2.1-P3385,EVODEX.2.1-P3386,EVODEX.2.1-P3394,EVODEX.2.1-P3400,EVODEX.2.1-P3404",81789887301744064259533008574641291021423023322850259167642195764791876781102
EVODEX.2.1-C630,[#6](-[#6](=[#8])-[#6](-[#6](=[#8])-[#16:7]-[#6:8])(-[#1])-[#1])(-[#1])(-[#1])-[#1].[#8:55]=[#6:56](-[#8]-[#1])-[#6:58]>>[#16:7](-[#6:8])-[#6:56](=[#8:55])-[#6:58],"EVODEX.2.1-P3387,EVODEX.2.1-P3392,EVODEX.2.1-P3395,EVODEX.2.1-P3397,EVODEX.2.1-P3401",96305683387008829095024645783684541102699565928965881586986012800779885720949
EVODEX.2.1-C631,[#8:55]=[#6:56](-[#8:57]-[#1])-[#6:58]>>[#6](-[#6](=[#8])-[#6](-[#6](=[#8])-[#8:57]-[#1])(-[#1])-[#1])(-[#1])(-[#1])-[#1].[#16](-[#6](-[#6](-[#7](-[#6](=[#8])-[#6](-[#6](-[#7](-[#6](=[#8])-[#6@](-[#8]-[#1])(-[#6](-[#6](-[#1])(-[#1])-[#1])(-[#6](-[#1])(-[#1])-[#1])-[#6](-[#8]-[#15](=[#8])(-[#8]-[#1])-[#8]-[#15](=[#8])(-[#8]-[#1])-[#8]-[#6](-[#6@]1(-[#8]-[#6@@](-[#7]2:[#6](:[#7]:[#6]3:[#6](-[#7](-[#1])-[#1]):[#7]:[#6](:[#7]:[#6]:2:3)-[#1])-[#1])(-[#6@](-[#8]-[#1])(-[#6@@]-1(-[#8]-[#15](=[#8])(-[#8]-[#1])-[#8]-[#1])-[#1])-[#1])-[#1])-[#1])(-[#1])-[#1])(-[#1])-[#1])-[#1])-[#1])(-[#1])-[#1])(-[#1])-[#1])-[#1])(-[#1])-[#1])(-[#1])-[#1])-[#6:56](=[#8:55])-[#6:58],"EVODEX.2.1-P3388,EVODEX.2.1-P3390,EVODEX.2.1-P3396,EVODEX.2.1-P3398,EVODEX.2.1-P3402",60693380495667552844691524146649583438634658852770883296080331046130316034001
EVODEX.2.1-C634,[#6](-[#6](-[#6](-[#6](=[#8])-[#8:6]-[#6:7])(-[#1])-[#1])(-[#1])-[#1])(-[#1])(-[#1])-[#1]>>[#8:6](-[#6:7])-[#1],"EVODEX.2.1-P3407,EVODEX.2.1-P3489,EVODEX.2.1-P3505,EVODEX.2.1-P3590,EVODEX.2.1-P3686",38953252136541113004570537185283811766210618973867000921820484449518448917507
EVODEX.2.1-C635,[#6:17]-[#6:18](=[#8:19])-[#8]-[#6](-[#6](-[#8]-[#1])(-[#6](-[#8]-[#1])(-[#1])-[#1])-[#1])(-[#1])-[#1].[#8:26](-[#1])-[#1]>>[#6:17]-[#6:18](=[#8:19])-[#8:26]-[#1],"EVODEX.2.1-P3410,EVODEX.2.1-P3412,EVODEX.2.1-P3415,EVODEX.2.1-P3445,EVODEX.2.1-P3587",16654978697419203753401944455853762580796480202661358082749368724328989212117
EVODEX.2.1-C636,[#6:17]-[#6:18](=[#8:19])-[#8]-[#6](-[#6](-[#8]-[#1])(-[#6](-[#8]-[#1])(-[#1])-[#1])-[#1])(-[#1])-[#1]>>[#6:17]-[#6:18](=[#8:19])-[#8]-[#1],"EVODEX.2.1-P3411,EVODEX.2.1-P3413,EVODEX.2.1-P3416,EVODEX.2.1-P3580,EVODEX.2.1-P3588",109018869374005749330257968289416246313927660496396578058276431103197671921025
EVODEX.2.1-C637,[#6](-[#6](-[#8:3]-[#6:4])(-[#1])-[#1])(-[#1])(-[#1])-[#1]>>[#8:3](-[#6:4])-[#1],"EVODEX.2.1-P3417,EVODEX.2.1-P3418,EVODEX.2.1-P3586,EVODEX.2.1-P4363,EVODEX.2.1-P4563",1310377927678280302280214501959856718951594276859073197067995891607696099515
EVODEX.2.1-C638,[#6](-[#6](-[#6](-[#1])(-[#1])-[#1])(-[#6@@](-[#7](-[#1])-[#1])(-[#6](=[#8])-[#8:8]-[#6@@:9])-[#1])-[#1])(-[#1])(-[#1])-[#1]>>[#8:8](-[#6@@:9])-[#1],"EVODEX.2.1-P3419,EVODEX.2.1-P3601,EVODEX.2.1-P3602,EVODEX.2.1-P3606,EVODEX.2.1-P3615",24963763669063488388454673941394166016261258434803099682896183702258437608888
EVODEX.2.1-C640,[#6:7]-[#6:8](=[#8:9])-[#8]-[#6](-[#6](-[#1])(-[#1])-[#1])(-[#1])-[#1].[#8:13](-[#1])-[#1]>>[#6:7]-[#6:8](=[#8:9])-[#8:13]-[#1],"EVODEX.2.1-P3421,EVODEX.2.1-P3472,EVODEX.2.1-P3536,EVODEX.2.1-P3662,EVODEX.2.1-P4876",4100826558763965795640479421198263301757073868489130408176649979231754771837
EVODEX.2.1-C641,[#6:4]-[#6:5](=[#8:6])-[#8]-[#6]1:[#6](:[#6](:[#6](:[#6](:[#6]:1-[#1])-[#1])-[#1])-[#1])-[#1]>>[#6:4]-[#6:5](=[#8:6])-[#8]-[#1],"EVODEX.2.1-P3422,EVODEX.2.1-P3976,EVODEX.2.1-P4072,EVODEX.2.1-P4074,EVODEX.2.1-P4898",34805356581009267142253363966150876801434838688162401172158383249591153713622
EVODEX.2.1-C642,[#6](-[#6](-[#6](-[#6](-[#6](-[#6](-[#6](-[#6](=[#8])-[#8:10]-[#6:11])(-[#1])-[#1])(-[#1])-[#1])(-[#1])-[#1])(-[#1])-[#1])(-[#1])-[#1])(-[#1])-[#1])(-[#1])(-[#1])-[#1]>>[#8:10](-[#6:11])-[#1],"EVODEX.2.1-P3424,EVODEX.2.1-P3487,EVODEX.2.1-P3488,EVODEX.2.1-P3521,EVODEX.2.1-P3563",24089515880378942868272681696132006846382872154288593654377094977008331703344
EVODEX.2.1-C644,[#6:15]-[#6:16](=[#8:17])-[#8]-[#6]1:[#6](:[#6](:[#6]2:[#6](-[#6](-[#1])(-[#1])-[#1]):[#6](:[#6](=[#8]):[#8]:[#6]:2:[#6]:1-[#1])-[#1])-[#1])-[#1].[#8:31](-[#1])-[#1]>>[#6:15]-[#6:16](=[#8:17])-[#8:31]-[#1],"EVODEX.2.1-P3432,EVODEX.2.1-P3452,EVODEX.2.1-P3455,EVODEX.2.1-P3457,EVODEX.2.1-P3506",75980080790187595104496615093728577411473157645691158561319829680061450877270
EVODEX.2.1-C645,[#8:2]=[#6:3](-[#6:4])-[#8:9]-[#6:8].[#8:1](-[#1])-[#1]>>([#8:1](-[#6:3](=[#8:2])-[#6:4])-[#1].[#6:8]-[#8:9]-[#1]),"EVODEX.2.1-P3434,EVODEX.2.1-P3509,EVODEX.2.1-P3556,EVODEX.2.1-P3592,EVODEX.2.1-P3704",93425991122379470517069263362138187058172411373244454714101914253871249593317
EVODEX.2.1-C648,[#6:1]-[#6:2](=[#8:3])-[#8]-[#6]1:[#6](:[#6](:[#6](:[#6](:[#6]:1-[#7&+](=[#8])-[#8&-])-[#1])-[#1])-[#1])-[#1]>>[#6:1]-[#6:2](=[#8:3])-[#8]-[#1],"EVODEX.2.1-P3439,EVODEX.2.1-P3444,EVODEX.2.1-P3470,EVODEX.2.1-P4029,EVODEX.2.1-P4056",113829231284830333975542392895021462568566586320774921021805421315011874787267
EVODEX.2.1-C649,[#6:5]-[#6:13](=[#8:14])-[#8]-[#6]1:[#6](:[#6](:[#6]2:[#6](:[#6](:[#6](:[#6](:[#6]:2:[#6]:1-[#1])-[#1])-[#1])-[#1])-[#1])-[#1])-[#1]>>[#6:5]-[#6:13](=[#8:14])-[#8]-[#1],"EVODEX.2.1-P3442,EVODEX.2.1-P3491,EVODEX.2.1-P3495,EVODEX.2.1-P3577,EVODEX.2.1-P4022",53099944582371671843847069801789970242930190411995454810053687478179356292271
EVODEX.2.1-C650,[#6:3]-[#6:5](=[#8:6])-[#8]-[#6](-[#1])(-[#1])-[#1].[#8:9](-[#1])-[#1]>>[#6:3]-[#6:5](=[#8:6])-[#8:9]-[#1],"EVODEX.2.1-P3443,EVODEX.2.1-P3567,EVODEX.2.1-P3582,EVODEX.2.1-P3612,EVODEX.2.1-P4766",63026994961316608053623511839534187753176632491538415196069322436893823086535
EVODEX.2.1-C654,[#6:1]-[#6:2](=[#8:3])-[#8]-[#6]1:[#6](:[#6](:[#6]2:[#6](:[#6](:[#6](:[#6](:[#6]:2:[#6]:1-[#1])-[#1])-[#1])-[#1])-[#1])-[#1])-[#1].[#8:15](-[#1])-[#1]>>[#6:1]-[#6:2](=[#8:3])-[#8:15]-[#1],"EVODEX.2.1-P3454,EVODEX.2.1-P3498,EVODEX.2.1-P3576,EVODEX.2.1-P4021,EVODEX.2.1-P4729",47997088578444206922385163292417677228255156856473484002692686006033855395996
EVODEX.2.1-C656,[#6:11]-[#6:12](=[#8:13])-[#8]-[#6]1:[#6](:[#6](:[#6](:[#6]2:[#6](:[#6](:[#6](:[#6](:[#6]:1:2)-[#1])-[#1])-[#1])-[#1])-[#1])-[#1])-[#1].[#8:25](-[#1])-[#1]>>[#6:11]-[#6:12](=[#8:13])-[#8:25]-[#1],"EVODEX.2.1-P3461,EVODEX.2.1-P3464,EVODEX.2.1-P3466,EVODEX.2.1-P3496,EVODEX.2.1-P4083",9616255962418197694617255861352556027501963353741391007752312586157067495951
EVODEX.2.1-C657,[#6:11]-[#6:12](=[#8:13])-[#8]-[#6]1:[#6](:[#6](:[#6](:[#6]2:[#6](:[#6](:[#6](:[#6](:[#6]:1:2)-[#1])-[#1])-[#1])-[#1])-[#1])-[#1])-[#1]>>[#6:11]-[#6:12](=[#8:13])-[#8]-[#1],"EVODEX.2.1-P3462,EVODEX.2.1-P3465,EVODEX.2.1-P3493,EVODEX.2.1-P3500,EVODEX.2.1-P3503",99617588767859002573416606905980475814731046952105018185866511605245192434784
EVODEX.2.1-C659,[#6:8]-[#6:9](-[#8]-[#6](-[#6](-[#1])(-[#1])-[#1])=[#8])(-[#1:32])-[#1:33].[#8:14](-[#1])-[#1]>>[#6:8]-[#6:9](-[#8:14]-[#1])(-[#1:32])-[#1:33],"EVODEX.2.1-P3475,EVODEX.2.1-P3477,EVODEX.2.1-P3479,EVODEX.2.1-P3484,EVODEX.2.1-P3645",67328181981290548941508850871758394841706390026539215551760379117296082286584
EVODEX.2.1-C660,[#7:7](-[#6@:6])(-[#6](=[#8])-[#6](-[#6]1:[#6](:[#6](:[#6](:[#6](:[#6]:1-[#1])-[#1])-[#1])-[#1])-[#1])(-[#1])-[#1])-[#1]>>[#7:7](-[#6@:6])(-[#1])-[#1],"EVODEX.2.1-P3481,EVODEX.2.1-P5346,EVODEX.2.1-P5358,EVODEX.2.1-P5361,EVODEX.2.1-P5453",98182850516008594118534326247937671082029645412116554949774558670687618094471
EVODEX.2.1-C661,[#6:1]-[#6:2](=[#8:3])-[#8]-[#6]1:[#6](:[#6](:[#6](:[#6](:[#6]:1-[#1])-[#1])-[#1])-[#1])-[#1].[#8:11](-[#1])-[#1]>>[#6:1]-[#6:2](=[#8:3])-[#8:11]-[#1],"EVODEX.2.1-P3486,EVODEX.2.1-P3691,EVODEX.2.1-P3917,EVODEX.2.1-P4108,EVODEX.2.1-P4651",110124364153793982346489040970968156367746410293727037385661215697691381876808
EVODEX.2.1-C662,[#6:22](-[#6@:21])(-[#8]-[#6](=[#8])-[#6](-[#6](-[#6](-[#6](-[#6](-[#6](-[#6](-[#6](-[#6](-[#6](-[#6](-[#6](-[#6](-[#6](-[#6](-[#1])(-[#1])-[#1])(-[#1])-[#1])(-[#1])-[#1])(-[#1])-[#1])(-[#1])-[#1])(-[#1])-[#1])(-[#1])-[#1])(-[#1])-[#1])(-[#1])-[#1])(-[#1])-[#1])(-[#1])-[#1])(-[#1])-[#1])(-[#1])-[#1])(-[#1])-[#1])(-[#1])-[#1])(-[#1:82])-[#1:83].[#8:47](-[#1])-[#1]>>[#6:22](-[#6@:21])(-[#8:47]-[#1])(-[#1:82])-[#1:83],"EVODEX.2.1-P3507,EVODEX.2.1-P3561,EVODEX.2.1-P3564,EVODEX.2.1-P3631,EVODEX.2.1-P3638",47743914050168455963128772129997096415045711622515282069003741090485278533288
EVODEX.2.1-C663,[#6:22](-[#6@:21])(-[#8]-[#6](=[#8])-[#6](-[#6](-[#6](-[#6](-[#6](-[#6](-[#6](-[#6](-[#6](-[#6](-[#6](-[#6](-[#6](-[#6](-[#6](-[#1])(-[#1])-[#1])(-[#1])-[#1])(-[#1])-[#1])(-[#1])-[#1])(-[#1])-[#1])(-[#1])-[#1])(-[#1])-[#1])(-[#1])-[#1])(-[#1])-[#1])(-[#1])-[#1])(-[#1])-[#1])(-[#1])-[#1])(-[#1])-[#1])(-[#1])-[#1])(-[#1])-[#1])(-[#1:82])-[#1:83]>>[#6:22](-[#6@:21])(-[#8]-[#1])(-[#1:82])-[#1:83],"EVODEX.2.1-P3508,EVODEX.2.1-P3593,EVODEX.2.1-P3632,EVODEX.2.1-P3639,EVODEX.2.1-P3640",11520913993149563784887227297395713455485496858580203599982849003610653189596
EVODEX.2.1-C664,[#8:2]=[#6:3](-[#8:4]-[#6:5])-[#6@:10]>>([#8](-[#6:3](=[#8:2])-[#6@@:10])-[#1].[#6:5]-[#8:4]-[#1]),"EVODEX.2.1-P3510,EVODEX.2.1-P3529,EVODEX.2.1-P3545,EVODEX.2.1-P3555,EVODEX.2.1-P3591",84055922733883533902456461715996062075716221907797762580003922965809097230002
EVODEX.2.1-C665,[#6:12](-[#6@:10])(=[#8:13])-[#8]-[#6](-[#6]1:[#6](:[#6](:[#6](:[#6](:[#6]:1-[#1])-[#1])-[#1])-[#1])-[#1])(-[#1])-[#1].[#8:1](-[#1])-[#1]>>[#8:1](-[#6:12](-[#6@:10])=[#8:13])-[#1],"EVODEX.2.1-P3513,EVODEX.2.1-P3605,EVODEX.2.1-P3959,EVODEX.2.1-P4034,EVODEX.2.1-P4815",87953473127395770495573855745985016597613260963872781106669229016291176068602
EVODEX.2.1-C666,[#6](-[#8]-[#6@]1(-[#6@](-[#8]-[#1])(-[#6@@](-[#8]-[#1])(-[#6@@](-[#8:11]-[#6:12])(-[#8]-[#6@@]-1(-[#6](=[#8])-[#8]-[#1])-[#1])-[#1])-[#1])-[#1])-[#1])(-[#1])(-[#1])-[#1]>>[#8:11](-[#6:12])-[#1],"EVODEX.2.1-P3514,EVODEX.2.1-P3923,EVODEX.2.1-P3924,EVODEX.2.1-P3928,EVODEX.2.1-P3929",79773535893107785059511447670321104178711496422042872745420571609147030547615
EVODEX.2.1-C668,[#6:4]-[#6:5](=[#8:6])-[#8]-[#6@]1(-[#6](-[#6](-[#6@@]2(-[#6](-[#1])(-[#1])-[#1])-[#6](=[#6](-[#6](-[#6@]3(-[#6@@]4(-[#6](-[#6](-[#6@](-[#6@](-[#6](-[#1])(-[#1])-[#1])(-[#6](-[#6](-[#6](-[#6](-[#6](-[#1])(-[#1])-[#1])(-[#6](-[#1])(-[#1])-[#1])-[#1])(-[#1])-[#1])(-[#1])-[#1])(-[#1])-[#1])-[#1])(-[#6@@]-4(-[#6](-[#1])(-[#1])-[#1])-[#6](-[#6](-[#6@]-2-3-[#1])(-[#1])-[#1])(-[#1])-[#1])-[#1])(-[#1])-[#1])(-[#1])-[#1])-[#1])-[#1])(-[#1])-[#1])-[#1])-[#6]-1(-[#1])-[#1])(-[#1])-[#1])(-[#1])-[#1])-[#1].[#8:35](-[#1])-[#1]>>[#6:4]-[#6:5](=[#8:6])-[#8:35]-[#1],"EVODEX.2.1-P3517,EVODEX.2.1-P3519,EVODEX.2.1-P3522,EVODEX.2.1-P3525,EVODEX.2.1-P3526",34156089610509319982690545584530828154122974566096204639904887968102736739200
EVODEX.2.1-C669,[#6:4]-[#6:5](=[#8:6])-[#8]-[#6@]1(-[#6](-[#6](-[#6@@]2(-[#6](-[#1])(-[#1])-[#1])-[#6](=[#6](-[#6](-[#6@]3(-[#6@@]4(-[#6](-[#6](-[#6@](-[#6@](-[#6](-[#1])(-[#1])-[#1])(-[#6](-[#6](-[#6](-[#6](-[#6](-[#1])(-[#1])-[#1])(-[#6](-[#1])(-[#1])-[#1])-[#1])(-[#1])-[#1])(-[#1])-[#1])(-[#1])-[#1])-[#1])(-[#6@@]-4(-[#6](-[#1])(-[#1])-[#1])-[#6](-[#6](-[#6@]-2-3-[#1])(-[#1])-[#1])(-[#1])-[#1])-[#1])(-[#1])-[#1])(-[#1])-[#1])-[#1])-[#1])(-[#1])-[#1])-[#1])-[#6]-1(-[#1])-[#1])(-[#1])-[#1])(-[#1])-[#1])-[#1]>>[#6:4]-[#6:5](=[#8:6])-[#8]-[#1],"EVODEX.2.1-P3518,EVODEX.2.1-P3520,EVODEX.2.1-P3523,EVODEX.2.1-P3524,EVODEX.2.1-P3528",20274284839146204145871743067069818441931467723582874417895953182966825040459
EVODEX.2.1-C672,[#6:13]-[#6:14](=[#8:15])-[#8:16]-[#1].[#8:17](-[#6:18])-[#1]>>[#6:13]-[#6:14](=[#8:15])-[#8:17]-[#6:18].[#8:16](-[#1])-[#1],"EVODEX.2.1-P3534,EVODEX.2.1-P3535,EVODEX.2.1-P3573,EVODEX.2.1-P4015,EVODEX.2.1-P4033",69967194680871782894536726672088463374823073871658434042622811526279614237162
EVODEX.2.1-C675,[#6:15]-[#6:16](-[#8:17]-[#6:18])(-[#1:42])-[#1:43].[#8:20](-[#1])-[#1]>>([#6:15]-[#6:16](-[#8:20]-[#1])(-[#1:42])-[#1:43].[#6:18]-[#8:17]-[#1]),"EVODEX.2.1-P3539,EVODEX.2.1-P3543,EVODEX.2.1-P3547,EVODEX.2.1-P3694,EVODEX.2.1-P3695",82021993195316563144720366693134526339767284325568814263413945853382440846957
EVODEX.2.1-C676,[#6:15]-[#6:16](-[#8:17]-[#6:18])(-[#1:42])-[#1:43]>>([#6:15]-[#6:16](-[#8]-[#1])(-[#1:42])-[#1:43].[#6:18]-[#8:17]-[#1]),"EVODEX.2.1-P3540,EVODEX.2.1-P3544,EVODEX.2.1-P3553,EVODEX.2.1-P3693,EVODEX.2.1-P3696",71359219070268116766492077636045228110588763136641822139714586616505581282040
EVODEX.2.1-C679,[#6](=[#6](-[#8]-[#6:4](-[#6:5])=[#8:6])-[#1])(-[#1])-[#1].[#8:25](-[#6@:24])-[#1]>>[#6:4](-[#6:5])(=[#8:6])-[#8:25]-[#6@:24],"EVODEX.2.1-P3569,EVODEX.2.1-P3572,EVODEX.2.1-P3682,EVODEX.2.1-P3683,EVODEX.2.1-P4877",24877019126631789856072200794419921343208995795700773360203562424142938406976
EVODEX.2.1-C680,[#6:17]-[#6:18](=[#8:19])-[#7](-[#6]1:[#6](:[#6](:[#6]2:[#6](:[#6](:[#6](:[#6](:[#6]:2:[#6]:1-[#1])-[#1])-[#1])-[#1])-[#1])-[#1])-[#1])-[#1]>>[#6:17]-[#6:18](=[#8:19])-[#8]-[#1],"EVODEX.2.1-P3571,EVODEX.2.1-P4356,EVODEX.2.1-P4367,EVODEX.2.1-P4380,EVODEX.2.1-P4988",88288655193106351154920024564421257351708477925624707581370305557541793628238
EVODEX.2.1-C683,[#6](-[#6](=[#8])-[#8]-[#6:5](-[#8:6])(-[#6@:18])-[#1:27])(-[#1])(-[#1])-[#1].[#8:23](-[#1])-[#1]>>[#6:5](-[#8:23]-[#1])(-[#8:6])(-[#6@:18])-[#1:27],"EVODEX.2.1-P3597,EVODEX.2.1-P3888,EVODEX.2.1-P3896,EVODEX.2.1-P3901,EVODEX.2.1-P3902",8946740930619134413517546734236552497408356416184103779239292515038368566037
EVODEX.2.1-C684,[#6](-[#6](=[#8])-[#8]-[#6:5](-[#8:6])(-[#6@:18])-[#1:27])(-[#1])(-[#1])-[#1]>>[#6:5](-[#8]-[#1])(-[#8:6])(-[#6@:18])-[#1:27],"EVODEX.2.1-P3598,EVODEX.2.1-P3892,EVODEX.2.1-P3893,EVODEX.2.1-P3895,EVODEX.2.1-P3899",61747749838249443354263268725290823873191840907926047950074183782435777801925
EVODEX.2.1-C685,[#6:10](-[#6@@:2])(=[#8:11])-[#8]-[#6](-[#6]1:[#6](:[#6](:[#6](:[#6](:[#6]:1-[#1])-[#1])-[#1])-[#1])-[#1])(-[#1])-[#1]>>[#6:10](-[#6@@:2])(=[#8:11])-[#8]-[#1],"EVODEX.2.1-P3604,EVODEX.2.1-P3960,EVODEX.2.1-P3962,EVODEX.2.1-P4816,EVODEX.2.1-P5095",28585400179458982747499862600678667917357476297307961267081333980741751496006
EVODEX.2.1-C686,[#6](-[#6](-[#6](-[#1])(-[#1])-[#1])(-[#6@](-[#7](-[#1])-[#1])(-[#6](=[#8])-[#7:8](-[#6:9])-[#1])-[#1])-[#1])(-[#1])(-[#1])-[#1]>>[#7:8](-[#6:9])(-[#1])-[#1],"EVODEX.2.1-P3607,EVODEX.2.1-P4163,EVODEX.2.1-P4220,EVODEX.2.1-P4276,EVODEX.2.1-P4345",42911775107375243210900698279161793225343696916019355371012588326978102406119
EVODEX.2.1-C687,[#6](-[#6](-[#8]-[#6:18](=[#8:19])-[#6@:20])(-[#1])-[#1])(-[#1])(-[#1])-[#1].[#7:11](-[#6@@:10])(-[#1])-[#1]>>[#7:11](-[#6@@:10])(-[#6:18](=[#8:19])-[#6@:20])-[#1],"EVODEX.2.1-P3608,EVODEX.2.1-P4258,EVODEX.2.1-P5015,EVODEX.2.1-P5107,EVODEX.2.1-P5109",22022441223219978067936535125760441062734569861439487640148202999898966677212
EVODEX.2.1-C688,[#7:11](-[#6@@:10])(-[#6:12](=[#8:13])-[#6@:14])-[#1]>>[#6:12](=[#8:13])(-[#6@:14])-[#8]-[#6](-[#6](-[#1])(-[#1])-[#1])(-[#1])-[#1].[#7:11](-[#6@@:10])(-[#1])-[#1],"EVODEX.2.1-P3609,EVODEX.2.1-P5018,EVODEX.2.1-P5101,EVODEX.2.1-P5102,EVODEX.2.1-P5104",29096825087250740270556934948386145266382431768767458787328099083933901068982
EVODEX.2.1-C689,[#6:17]-[#8:18]-[#6:19](=[#8:20])-[#6@@:21].[#7:11](-[#6@@:10])(-[#1])-[#1]>>[#6:17]-[#8:18]-[#1].[#7:11](-[#6@@:10])(-[#6:19](=[#8:20])-[#6@@:21])-[#1],"EVODEX.2.1-P3610,EVODEX.2.1-P4252,EVODEX.2.1-P4257,EVODEX.2.1-P4271,EVODEX.2.1-P4653",104235273063276313712535303293561084329413474092974499550920123999674380206599
EVODEX.2.1-C690,[#6:2]-[#8:4]-[#1].[#7:15](-[#6@@:14])(-[#6:16](=[#8:17])-[#6@:18])-[#1]>>[#6:2]-[#8:4]-[#6:16](=[#8:17])-[#6@:18].[#7:15](-[#6@@:14])(-[#1])-[#1],"EVODEX.2.1-P3611,EVODEX.2.1-P4269,EVODEX.2.1-P4274,EVODEX.2.1-P4805,EVODEX.2.1-P5096",7293243230157874657311096345771729726674218293085838562989366000995261516556
EVODEX.2.1-C691,[#7:7](-[#6@:6])(-[#6:8](=[#8:9])-[#6@:10])-[#1]>>[#6:8](=[#8:9])(-[#6@:10])-[#8]-[#6](-[#1])(-[#1])-[#1].[#7:7](-[#6@:6])(-[#1])-[#1],"EVODEX.2.1-P3614,EVODEX.2.1-P4267,EVODEX.2.1-P5097,EVODEX.2.1-P5341,EVODEX.2.1-P5429",21334035791152442489672829907207834250899997069725165145809196026424409244653
EVODEX.2.1-C693,[#8:14]=[#6:15](-[#8:16]-[#1])-[#6:17]>>[#7](-[#6]1:[#6](:[#6](:[#6](-[#7&+](=[#8])-[#8&-]):[#6](-[#6](=[#8])-[#8]-[#1]):[#6]:1-[#1])-[#1])-[#1])(-[#6:15](=[#8:14])-[#6:17])-[#1].[#8:16](-[#1])-[#1],"EVODEX.2.1-P3619,EVODEX.2.1-P4588,EVODEX.2.1-P4593,EVODEX.2.1-P4609,EVODEX.2.1-P4612",42047890294281293846779669375469679878687700992432856146157351573865338049843
EVODEX.2.1-C695,[#6:3](-[#6@@:2])(=[#8:4])-[#7](-[#6]1:[#6](:[#6](:[#6](-[#7&+](=[#8])-[#8&-]):[#6](-[#6](=[#8])-[#8]-[#1]):[#6]:1-[#1])-[#1])-[#1])-[#1].[#8:24](-[#1])-[#1]>>[#6:3](-[#6@@:2])(=[#8:4])-[#8:24]-[#1],"EVODEX.2.1-P3621,EVODEX.2.1-P4595,EVODEX.2.1-P4600,EVODEX.2.1-P4603,EVODEX.2.1-P5369",36799681742468683623241298575105458398320742174826691617364587551462204971661
EVODEX.2.1-C696,[#6:3](-[#6@@:2])(=[#8:4])-[#8]-[#1]>>[#6:3](-[#6@@:2])(=[#8:4])-[#7](-[#6]1:[#6](:[#6](:[#6](-[#7&+](=[#8])-[#8&-]):[#6](-[#6](=[#8])-[#8]-[#1]):[#6]:1-[#1])-[#1])-[#1])-[#1],"EVODEX.2.1-P3623,EVODEX.2.1-P4587,EVODEX.2.1-P4589,EVODEX.2.1-P4608,EVODEX.2.1-P5344",44913828047251258074993187548405261334754505004254607808427066326709220324840
EVODEX.2.1-C697,[#7:8](-[#6@@:9])(-[#1])-[#1]>>[#6](=[#8])(-[#6](-[#6](-[#7](-[#1])-[#1])(-[#1])-[#1])(-[#1])-[#1])-[#7:8](-[#6@@:9])-[#1],"EVODEX.2.1-P3624,EVODEX.2.1-P4265,EVODEX.2.1-P6461,EVODEX.2.1-P6465,EVODEX.2.1-P6882",9817711177168769191456076342747819740101801245445285364908709448716224631037
EVODEX.2.1-C698,[#6](-[#8]-[#6:3](=[#8:4])-[#6@@:5])(-[#1])(-[#1])-[#1].[#7:10](-[#6@@:11])(-[#1])-[#1]>>[#6:3](=[#8:4])(-[#6@@:5])-[#7:10](-[#6@@:11])-[#1],"EVODEX.2.1-P3626,EVODEX.2.1-P4664,EVODEX.2.1-P4667,EVODEX.2.1-P4668,EVODEX.2.1-P4871",67380184200992646462926806596769487207838926896048539169528602213083277053745
EVODEX.2.1-C699,[#7](-[#6@@](-[#6](-[#6]1:[#6](:[#7](:[#6]2:[#6](:[#6](:[#6](:[#6](:[#6]:1:2)-[#1])-[#1])-[#1])-[#1])-[#1])-[#1])(-[#1])-[#1])(-[#6](=[#8])-[#7:17](-[#6@@:18])-[#1])-[#1])(-[#1])-[#1]>>[#7:17](-[#6@@:18])(-[#1])-[#1],"EVODEX.2.1-P3627,EVODEX.2.1-P4136,EVODEX.2.1-P4198,EVODEX.2.1-P4229,EVODEX.2.1-P4941",92705833276879926791780224056714622115855592595383445486705344068639072397644
EVODEX.2.1-C700,[#6:17](-[#6@@:16])(=[#8:18])-[#8]-[#1]>>[#6](-[#6]1(-[#6](-[#1])(-[#1])-[#1])-[#16]-[#6@@]2(-[#6@](-[#7](-[#6:17](-[#6@:16])=[#8:18])-[#1])(-[#6](=[#8])-[#7]-2-[#6@]-1(-[#6](=[#8])-[#8]-[#1])-[#1])-[#1])-[#1])(-[#1])(-[#1])-[#1],"EVODEX.2.1-P3629,EVODEX.2.1-P5332,EVODEX.2.1-P5349,EVODEX.2.1-P5351,EVODEX.2.1-P5356",48768250643656299328816665638797349467168484734159254930713614989220631086549
EVODEX.2.1-C701,[#6:17](-[#6@@:16])(=[#8:18])-[#8:19]-[#1]>>[#6](-[#6]1(-[#6](-[#1])(-[#1])-[#1])-[#16]-[#6@@]2(-[#6@](-[#7](-[#6:17](-[#6@:16])=[#8:18])-[#1])(-[#6](=[#8])-[#7]-2-[#6@]-1(-[#6](=[#8])-[#8]-[#1])-[#1])-[#1])-[#1])(-[#1])(-[#1])-[#1].[#8:19](-[#1])-[#1],"EVODEX.2.1-P3630,EVODEX.2.1-P5334,EVODEX.2.1-P5352,EVODEX.2.1-P5355,EVODEX.2.1-P5357",31948071263935110169385623713043764326645936635430132118877329641761433594347
EVODEX.2.1-C702,[#6:19]-[#6@@:20](-[#6@:5])(-[#8]-[#6](-[#6](-[#1])(-[#1])-[#1])=[#8])-[#1:43].[#8:25](-[#1])-[#1]>>[#6:19]-[#6@@:20](-[#6@:5])(-[#8:25]-[#1])-[#1:43],"EVODEX.2.1-P3642,EVODEX.2.1-P3647,EVODEX.2.1-P3648,EVODEX.2.1-P3650,EVODEX.2.1-P3658",55674625286348229842273088477699691883482033828891927128355723555080768616007
EVODEX.2.1-C703,[#8](-[#6@@:16](-[#6@@:3])(-[#6@:11])-[#1:36])-[#6](-[#6](-[#1])(-[#1])-[#1])=[#8]>>[#8](-[#6@@:16](-[#6@@:3])(-[#6@:11])-[#1:36])-[#1],"EVODEX.2.1-P3646,EVODEX.2.1-P3649,EVODEX.2.1-P3656,EVODEX.2.1-P3659,EVODEX.2.1-P3661",15578644893415923712264953583873693254756271368962197246663839529733072998783
EVODEX.2.1-C704,[#6:17]-[#6:18](=[#8:19])-[#6:20](-[#8:21])(-[#6:22])-[#1:79].[#8:45](-[#1])-[#1]>>[#6:20](-[#8:21])(-[#6:22])(-[#1:79])-[#1].[#6:17]-[#6:18](=[#8:19])-[#8:45]-[#1],"EVODEX.2.1-P3684,EVODEX.2.1-P4043,EVODEX.2.1-P5482,EVODEX.2.1-P5483,EVODEX.2.1-P5484",27510769649890213154969551958401126951535386964035548500076213273860856105255
EVODEX.2.1-C705,[#6:17]-[#6:18](=[#8:19])-[#6:20](-[#8:21])(-[#6:22])-[#1:60]>>[#6:20](-[#8:21])(-[#6:22])(-[#1:60])-[#1].[#6:17]-[#6:18](=[#8:19])-[#8]-[#1],"EVODEX.2.1-P3685,EVODEX.2.1-P4044,EVODEX.2.1-P4047,EVODEX.2.1-P4086,EVODEX.2.1-P5586",34593556427314694577449926057560132344837889613840014225745320952702251329469
EVODEX.2.1-C706,[#8:2]=[#6:3](-[#7](-[#6]1:[#6](:[#6](:[#6](:[#6](:[#6]:1-[#7&+](=[#8])-[#8&-])-[#1])-[#1])-[#1])-[#1])-[#1])-[#6:14].[#8:1](-[#1])-[#1]>>[#8:1](-[#6:3](=[#8:2])-[#6:14])-[#1],"EVODEX.2.1-P3689,EVODEX.2.1-P4376,EVODEX.2.1-P5374,EVODEX.2.1-P5378,EVODEX.2.1-P5383",75402544436687849603547738639854000340858322686470813497651215059428801952127
EVODEX.2.1-C707,[#6:11]-[#6:12](=[#8:13])-[#7](-[#6@]1(-[#6](-[#6](-[#8]-[#6]-1=[#8])(-[#1])-[#1])(-[#1])-[#1])-[#1])-[#1].[#8:21](-[#1])-[#1]>>[#6:11]-[#6:12](=[#8:13])-[#8:21]-[#1],"EVODEX.2.1-P3697,EVODEX.2.1-P5680,EVODEX.2.1-P5682,EVODEX.2.1-P5685,EVODEX.2.1-P5686",81011112670382217892115603807539041925869458733501359575895808407457387450240
EVODEX.2.1-C708,[#6:7]-[#6:8](=[#8:9])-[#7](-[#6@]1(-[#6](-[#6](-[#8]-[#6]-1=[#8])(-[#1])-[#1])(-[#1])-[#1])-[#1])-[#1]>>[#6:7]-[#6:8](=[#8:9])-[#8]-[#1],"EVODEX.2.1-P3698,EVODEX.2.1-P5681,EVODEX.2.1-P5683,EVODEX.2.1-P5684,EVODEX.2.1-P5687",70080697938047090334416270484444283494001021413432995711331666915828952336757
EVODEX.2.1-C712,[#7:35](-[#6@:34])(-[#6:36](=[#8:37])-[#8:38])-[#1].[#8:1](-[#1])-[#1]>>[#7:35](-[#6@:34])(-[#1])-[#1].[#8:1](-[#6:36](=[#8:37])-[#8:38])-[#1],"EVODEX.2.1-P3721,EVODEX.2.1-P3722,EVODEX.2.1-P4679,EVODEX.2.1-P4878,EVODEX.2.1-P5401",36046640093260582755409250586099664619993463183152638365367001579738636632854
EVODEX.2.1-C714,[#6:22](-[#6@:20])(-[#8]-[#15](=[#8])(-[#8]-[#1])-[#8]-[#1])(-[#1:46])-[#1:47].[#8:32](-[#1])-[#1]>>[#6:22](-[#6@:20])(-[#8:32]-[#1])(-[#1:46])-[#1:47],"EVODEX.2.1-P3725,EVODEX.2.1-P3734,EVODEX.2.1-P3741,EVODEX.2.1-P3787,EVODEX.2.1-P3803",101483597899913905709705803009974469662705740130583619372969557063391839141854
EVODEX.2.1-C715,[#6:1]-[#8:2]-[#15:3](=[#8:4])(-[#8:5])-[#8:6]>>[#6:1]-[#8:2]-[#1].[#15:3](=[#8:4])(-[#8:5])(-[#8:6])-[#8]-[#1],"EVODEX.2.1-P3726,EVODEX.2.1-P3727,EVODEX.2.1-P3733,EVODEX.2.1-P5816,EVODEX.2.1-P5855",110997779042747648468955786842667170314713945910255872820953942896019505999896
EVODEX.2.1-C717,[#6:12](-[#6@:10])(-[#8:13]-[#15:14])(-[#1:27])-[#1:28]>>[#8:13](-[#15:14])-[#1].[#8](-[#6:12](-[#6@:10])(-[#1:27])-[#1:28])-[#1],"EVODEX.2.1-P3729,EVODEX.2.1-P3739,EVODEX.2.1-P3788,EVODEX.2.1-P3792,EVODEX.2.1-P3805",91519944875735199551443976923524313610639854029802531615364123321570023348073
EVODEX.2.1-C718,[#6:9](-[#6@:8])(-[#8:10]-[#15:11])(-[#1:29])-[#1:30].[#8:22](-[#1])-[#1]>>[#6:9](-[#6@:8])(-[#8:22]-[#1])(-[#1:29])-[#1:30].[#8:10](-[#15:11])-[#1],"EVODEX.2.1-P3730,EVODEX.2.1-P3731,EVODEX.2.1-P3769,EVODEX.2.1-P3783,EVODEX.2.1-P6145",28564479999639932127814879809610291168782430929515937714187292800984239486213
EVODEX.2.1-C720,[#6:8]-[#6:9](-[#6:10])(-[#8]-[#16](=[#8])(=[#8])-[#8]-[#1])-[#1:44].[#8:26](-[#1])-[#1]>>[#6:8]-[#6:9](-[#6:10])(-[#8:26]-[#1])-[#1:44],"EVODEX.2.1-P3798,EVODEX.2.1-P3849,EVODEX.2.1-P3850,EVODEX.2.1-P3853,EVODEX.2.1-P3859",15413186512821383754127349317747348168985054102676715449767547156776287392649
EVODEX.2.1-C721,[#6:8]-[#6:9](-[#6:10])(-[#8:21]-[#16:22])-[#1:44]>>[#6:8]-[#6:9](-[#6:10])(-[#8]-[#1])-[#1:44].[#8:21](-[#16:22])-[#1],"EVODEX.2.1-P3799,EVODEX.2.1-P3837,EVODEX.2.1-P3839,EVODEX.2.1-P3852,EVODEX.2.1-P3860",112924895271677956072576006263820505712909892861243266466757069466941469566409
EVODEX.2.1-C722,[#15:18]-[#8:21]-[#6@@:22](-[#6@@:11])(-[#6@:16])-[#1:35].[#8:23](-[#1])-[#1]>>([#15:18]-[#8:21]-[#1].[#8:23](-[#6@:22](-[#6@@:11])(-[#6@@:16])-[#1:35])-[#1]),"EVODEX.2.1-P3808,EVODEX.2.1-P3810,EVODEX.2.1-P3811,EVODEX.2.1-P3817,EVODEX.2.1-P3825",18904940178242222804075607959494419200755350464244131134752995279892611261774
EVODEX.2.1-C723,[#15:16]-[#8:19]-[#6@@:20](-[#6@@:9])(-[#6@:14])-[#1:35]>>([#15:16]-[#8:19]-[#1].[#8](-[#6@:20](-[#6@@:9])(-[#6@@:14])-[#1:35])-[#1]),"EVODEX.2.1-P3809,EVODEX.2.1-P3815,EVODEX.2.1-P3816,EVODEX.2.1-P3818,EVODEX.2.1-P3826",58065935195030988739232821720883149699855534453652474979777029495899240443071
EVODEX.2.1-C725,[#6:10](-[#6@:9])(-[#8:11]-[#16:12])(-[#1:40])-[#1:41].[#8:31](-[#1])-[#1]>>[#6:10](-[#6@:9])(-[#8:31]-[#1])(-[#1:40])-[#1:41].[#8:11](-[#16:12])-[#1],"EVODEX.2.1-P3827,EVODEX.2.1-P3844,EVODEX.2.1-P3845,EVODEX.2.1-P3854,EVODEX.2.1-P3856",17472614180077353391158337783747222093296794028805419467505025503524023406602
EVODEX.2.1-C726,[#6:10](-[#6@:9])(-[#8]-[#16](=[#8])(=[#8])-[#8]-[#1])(-[#1:40])-[#1:41].[#8:31](-[#1])-[#1]>>[#6:10](-[#6@:9])(-[#8:31]-[#1])(-[#1:40])-[#1:41],"EVODEX.2.1-P3828,EVODEX.2.1-P3831,EVODEX.2.1-P3832,EVODEX.2.1-P3843,EVODEX.2.1-P3847",10482619812593175248729509966994485270914213396083777152192188400475322537920
EVODEX.2.1-C727,[#6:10](-[#6@:9])(-[#8]-[#16](=[#8])(=[#8])-[#8]-[#1])(-[#1:40])-[#1:41]>>[#6:10](-[#6@:9])(-[#8]-[#1])(-[#1:40])-[#1:41],"EVODEX.2.1-P3829,EVODEX.2.1-P3841,EVODEX.2.1-P3842,EVODEX.2.1-P3846,EVODEX.2.1-P3857",6233630578318746942602702887123268546994851365653177496980684696225013809623
EVODEX.2.1-C728,[#8:6](-[#6@:5](-[#6@@:3])(-[#6@@:11])-[#1:23])-[#16:7].[#8:17](-[#1])-[#1]>>[#8:17](-[#6@:5](-[#6@@:3])(-[#6@@:11])-[#1:23])-[#1].[#8:6](-[#16:7])-[#1],"EVODEX.2.1-P3833,EVODEX.2.1-P3838,EVODEX.2.1-P3848,EVODEX.2.1-P3855,EVODEX.2.1-P3861",44694725923222228141530251156185774891755085689624133399336398718713089078471
EVODEX.2.1-C729,[#8](-[#6@@:38](-[#6@:35])(-[#6@@:44])-[#1:91])-[#16](=[#8])(=[#8])-[#8]-[#1]>>[#8](-[#6@@:38](-[#6@:35])(-[#6@@:44])-[#1:91])-[#1],"EVODEX.2.1-P3834,EVODEX.2.1-P3835,EVODEX.2.1-P3836,EVODEX.2.1-P3840,EVODEX.2.1-P3851",78578512661687798461053707600239511853324706750884576475558805166482280127974
EVODEX.2.1-C732,[#6:4]-[#16:5]-[#6:6](-[#6@:7])(-[#1:35])-[#1:36].[#8:27](-[#1])-[#1]>>[#6:6](-[#6@:7])(-[#8:27]-[#1])(-[#1:35])-[#1:36].[#6:4]-[#16:5]-[#1],"EVODEX.2.1-P3876,EVODEX.2.1-P4120,EVODEX.2.1-P4121,EVODEX.2.1-P4551,EVODEX.2.1-P4553",6254102862510472032327600041653244237705147463785784468571468799753754451266
EVODEX.2.1-C733,[#8]=[#7&+](-[#8&-])-[#6]1:[#6](:[#6](:[#6](-[#8:9]-[#6@:10]):[#6](:[#6]:1-[#1])-[#1])-[#1])-[#1]>>[#8:9](-[#6@:10])-[#1],"EVODEX.2.1-P3877,EVODEX.2.1-P3879,EVODEX.2.1-P3926,EVODEX.2.1-P4038,EVODEX.2.1-P4098",66874279466418449807424793989820843631288004129654493477592123793520298262586
EVODEX.2.1-C734,[#8](-[#6@:49](-[#6@@:47])(-[#8:60])-[#1:134])-[#6]1:[#6](:[#6](:[#6](-[#7&+](=[#8])-[#8&-]):[#6](:[#6]:1-[#1])-[#1])-[#1])-[#1].[#8:90](-[#1])-[#1]>>[#8:90](-[#6@:49](-[#6@@:47])(-[#8:60])-[#1:134])-[#1],"EVODEX.2.1-P3880,EVODEX.2.1-P4248,EVODEX.2.1-P4578,EVODEX.2.1-P4688,EVODEX.2.1-P4991",99747629913308001037645070818959552296968018890740038280296575562302219381720
EVODEX.2.1-C735,[#8:1](-[#1])-[#1].[#8](-[#6@:34](-[#6@:31])(-[#6@:47])-[#1:100])-[#6@]1(-[#8]-[#6@](-[#6](-[#8]-[#1])(-[#1])-[#1])(-[#6@@](-[#8]-[#1])(-[#6@](-[#8]-[#1])(-[#6@]-1(-[#8]-[#1])-[#1])-[#1])-[#1])-[#1])-[#1]>>[#8:1](-[#6@:34](-[#6@@:31])(-[#6@:47])-[#1:100])-[#1],"EVODEX.2.1-P3882,EVODEX.2.1-P3910,EVODEX.2.1-P4013,EVODEX.2.1-P4014,EVODEX.2.1-P4019",641532451479785150260566376695753269091282698212100624181999927106247855702
EVODEX.2.1-C736,[#8:1](-[#1])-[#1].[#8:2](-[#1])-[#1].([#8:6]-[#6@:7](-[#8:8]-[#6:9])(-[#6@@:42])-[#1:56].[#8:11]-[#6@:12](-[#8:13]-[#6:14])(-[#6@@:36])-[#1:60])>>[#8:13](-[#6:14])-[#1].([#8:1](-[#6:12](-[#8:11])(-[#6@@:36])-[#1:60])-[#1].[#6:9]-[#8:8]-[#1]).[#8:2](-[#6:7](-[#8:6])(-[#6@@:42])-[#1:56])-[#1],"EVODEX.2.1-P3885,EVODEX.2.1-P3927,EVODEX.2.1-P3970,EVODEX.2.1-P3971,EVODEX.2.1-P4119",16415375239672254668853847239093961561078909414230235684356139317947497126534
EVODEX.2.1-C737,[#8:14]-[#6@@:15](-[#8]-[#6@]1(-[#6@](-[#8]-[#1])(-[#6@@](-[#8]-[#1])(-[#6@@](-[#8]-[#1])(-[#8]-[#6@@]-1(-[#6](-[#8]-[#1])(-[#1])-[#1])-[#1])-[#1])-[#1])-[#1])-[#1])(-[#6@@:28])-[#1:63].[#8:49](-[#1])-[#1]>>[#8:14]-[#6@@:15](-[#8:49]-[#1])(-[#6@@:28])-[#1:63],"EVODEX.2.1-P3886,EVODEX.2.1-P3966,EVODEX.2.1-P4027,EVODEX.2.1-P4087,EVODEX.2.1-P4118",3819883461129321812430168965902509717132167002323050163824118581827468594870
EVODEX.2.1-C738,[#8](-[#6@@:4](-[#6@:3])(-[#8:17])-[#1:44])-[#6@@]1(-[#8]-[#6@](-[#6](-[#8]-[#1])(-[#1])-[#1])(-[#6@@](-[#8]-[#1])(-[#6@](-[#8]-[#1])(-[#6@]-1(-[#8]-[#1])-[#1])-[#1])-[#1])-[#1])-[#1]>>[#8](-[#6@@:4](-[#6@:3])(-[#8:17])-[#1:44])-[#1],"EVODEX.2.1-P3887,EVODEX.2.1-P3889,EVODEX.2.1-P3890,EVODEX.2.1-P3898,EVODEX.2.1-P3900",1050819894357543027636854846533843643674862783861521928123325781163131065972
EVODEX.2.1-C739,[#8](-[#6@:4](-[#6@@:3])(-[#8:17])-[#1:46])-[#6@]1(-[#8]-[#6@@](-[#6](-[#8]-[#1])(-[#1])-[#1])(-[#6@](-[#8]-[#1])(-[#6@@](-[#8]-[#1])(-[#6@@]-1(-[#8]-[#1])-[#1])-[#1])-[#1])-[#1])-[#1].[#8:41](-[#1])-[#1]>>[#8:41](-[#6@:4](-[#6@@:3])(-[#8:17])-[#1:46])-[#1],"EVODEX.2.1-P3891,EVODEX.2.1-P3894,EVODEX.2.1-P3897,EVODEX.2.1-P3903,EVODEX.2.1-P4103",49073531660886717469895577993576218257361111834886829990679466001988946682842
EVODEX.2.1-C742,[#8](-[#6](-[#6@]1(-[#8]-[#6@@](-[#8]-[#1])(-[#6@](-[#8]-[#1])(-[#6@@](-[#8]-[#1])(-[#6@@]-1(-[#8:13]-[#6@:14](-[#8:15])(-[#6@:32])-[#1:47])-[#1])-[#1])-[#1])-[#1])-[#1])(-[#1])-[#1])-[#1]>>[#8:13](-[#6:14](-[#8:15])(-[#6@:32])-[#1:47])-[#1],"EVODEX.2.1-P3914,EVODEX.2.1-P3967,EVODEX.2.1-P4028,EVODEX.2.1-P4035,EVODEX.2.1-P4088",109463206644998447404697695950861985011788681128862757321011135629758453512330
EVODEX.2.1-C743,[#8]=[#15](-[#8]-[#1])(-[#8]-[#1])-[#8]-[#6](-[#6@]1(-[#8]-[#6@](-[#8:11]-[#6@:12])(-[#6@](-[#8]-[#1])(-[#6@@](-[#8]-[#1])(-[#6@@]-1(-[#8]-[#1])-[#1])-[#1])-[#1])-[#1])-[#1])(-[#1])-[#1]>>[#8:11](-[#6@:12])-[#1],"EVODEX.2.1-P3915,EVODEX.2.1-P3918,EVODEX.2.1-P3919,EVODEX.2.1-P3920,EVODEX.2.1-P4102",82678467074146722554298633583476497065943903593170888039148266180904214310751
EVODEX.2.1-C744,[#8]=[#6](-[#8]-[#1])-[#6@]1(-[#8]-[#6@](-[#8:8]-[#6@:9])(-[#6@](-[#8]-[#1])(-[#6@@](-[#8]-[#1])(-[#6@@]-1(-[#8]-[#1])-[#1])-[#1])-[#1])-[#1])-[#1]>>[#8:8](-[#6@:9])-[#1],"EVODEX.2.1-P3930,EVODEX.2.1-P3931,EVODEX.2.1-P4091,EVODEX.2.1-P4092,EVODEX.2.1-P4093",70927582193788453968480804618091943761212142042081150300520215336629938877111
EVODEX.2.1-C745,[#8:16](-[#6@:15])-[#6@:17](-[#6:18])(-[#6:21])-[#8:36].[#8:69](-[#1])-[#1]>>[#6:18]-[#6@@:17](-[#8:69]-[#1])(-[#6:21])-[#8:36].[#8:16](-[#6@:15])-[#1],"EVODEX.2.1-P3940,EVODEX.2.1-P3990,EVODEX.2.1-P3992,EVODEX.2.1-P3994,EVODEX.2.1-P3996",85397380819067928243385087543436448339198291505119344145903681126097346787448
EVODEX.2.1-C746,[#6:8]-[#16:19]-[#6@@]1(-[#8]-[#6@](-[#6](-[#8]-[#1])(-[#1])-[#1])(-[#6@@](-[#8]-[#1])(-[#6@](-[#8]-[#1])(-[#6@]-1(-[#8]-[#1])-[#1])-[#1])-[#1])-[#1])-[#1]>>[#6:8]-[#16:19]-[#1],"EVODEX.2.1-P3944,EVODEX.2.1-P3948,EVODEX.2.1-P3949,EVODEX.2.1-P3951,EVODEX.2.1-P3955",102006131196496236170256774804548206304982267163370915611194105923309376176570
EVODEX.2.1-C747,[#8](-[#6@@]1(-[#6@@](-[#8]-[#1])(-[#6@@](-[#8:7]-[#6@@:8])(-[#8]-[#6](-[#6@]-1(-[#8]-[#1])-[#1])(-[#1])-[#1])-[#1])-[#1])-[#1])-[#1]>>[#8:7](-[#6@@:8])-[#1],"EVODEX.2.1-P3968,EVODEX.2.1-P3969,EVODEX.2.1-P4094,EVODEX.2.1-P4095,EVODEX.2.1-P4097",394237916660877974736358748686915598703311214485444745797039545247606559350
EVODEX.2.1-C748,[#8:13]-[#6@@:14](-[#8:15]-[#6@:16])(-[#6:38])-[#6:41]>>[#8:13]-[#6@@:14](-[#6:38])(-[#8]-[#1])-[#6:41].[#8:15](-[#6@:16])-[#1],"EVODEX.2.1-P3986,EVODEX.2.1-P3987,EVODEX.2.1-P3989,EVODEX.2.1-P3991,EVODEX.2.1-P3995",22908485261805487994454585443506673048977463567304657069825534375635026412589
EVODEX.2.1-C749,[#7:14]-[#8:15]-[#6@:16](-[#8:17])(-[#6@:25])-[#1:36].[#8:27](-[#1])-[#1]>>[#8:27](-[#6@:16](-[#8:17])(-[#6@:25])-[#1:36])-[#1].[#7:14]-[#8:15]-[#1],"EVODEX.2.1-P3997,EVODEX.2.1-P5665,EVODEX.2.1-P5667,EVODEX.2.1-P5670,EVODEX.2.1-P5671",75531960907097443399957145954792817249402243145083128368623164399187745096369
EVODEX.2.1-C750,[#7:14]-[#8:15]-[#6@:16](-[#8:17])(-[#6@:25])-[#1:36]>>[#8](-[#6@:16](-[#8:17])(-[#6@:25])-[#1:36])-[#1].[#7:14]-[#8:15]-[#1],"EVODEX.2.1-P3998,EVODEX.2.1-P5666,EVODEX.2.1-P5668,EVODEX.2.1-P5669,EVODEX.2.1-P5672",65095909326676640442195243172127470013025209320282182899503940672247581573098
EVODEX.2.1-C751,[#8](-[#6](-[#6@@]1(-[#8]-[#6@](-[#8:7]-[#6@@:8])(-[#6@](-[#8]-[#1])(-[#6@]-1(-[#8]-[#1])-[#1])-[#1])-[#1])-[#1])(-[#1])-[#1])-[#1]>>[#8:7](-[#6@@:8])-[#1],"EVODEX.2.1-P4001,EVODEX.2.1-P4078,EVODEX.2.1-P4080,EVODEX.2.1-P4082,EVODEX.2.1-P6089",103078273286726610073906996521977164801990347553181459723255846402563963333690
EVODEX.2.1-C752,[#6:61](-[#6@:2])(-[#8]-[#6@@]1(-[#8]-[#6@](-[#6](-[#8]-[#1])(-[#1])-[#1])(-[#6@@](-[#8]-[#1])(-[#6@](-[#8]-[#1])(-[#6@]-1(-[#8]-[#1])-[#1])-[#1])-[#1])-[#1])-[#1])(-[#1:146])-[#1:147].[#8:74](-[#1])-[#1]>>[#6:61](-[#6@:2])(-[#8:74]-[#1])(-[#1:146])-[#1:147],"EVODEX.2.1-P4002,EVODEX.2.1-P4048,EVODEX.2.1-P4050,EVODEX.2.1-P4052,EVODEX.2.1-P4054",95083515620018315365011730347721494533990920822117491076071420990881971552950
EVODEX.2.1-C754,[#6:5]-[#6:6](-[#8]-[#6@@]1(-[#8]-[#6@](-[#6](-[#8]-[#1])(-[#1])-[#1])(-[#6@@](-[#8]-[#1])(-[#6@](-[#8]-[#1])(-[#6@]-1(-[#8]-[#1])-[#1])-[#1])-[#1])-[#1])-[#1])(-[#1:31])-[#1:32]>>[#6:5]-[#6:6](-[#8]-[#1])(-[#1:31])-[#1:32],"EVODEX.2.1-P4004,EVODEX.2.1-P4024,EVODEX.2.1-P4049,EVODEX.2.1-P4051,EVODEX.2.1-P4053",103501996088135969664366312377203971129906335355124491820161952340161583881193
EVODEX.2.1-C756,[#8](-[#6@@:52](-[#6@@:43])(-[#6@:50])-[#1:133])-[#6@@]1(-[#8]-[#6@@](-[#6](-[#1])(-[#1])-[#1])(-[#6@](-[#8]-[#1])(-[#6@@](-[#8]-[#1])(-[#6@]-1(-[#8]-[#1])-[#1])-[#1])-[#1])-[#1])-[#1]>>[#8](-[#6@@:52](-[#6@@:43])(-[#6@:50])-[#1:133])-[#1],"EVODEX.2.1-P4010,EVODEX.2.1-P4058,EVODEX.2.1-P4065,EVODEX.2.1-P4066,EVODEX.2.1-P4067",73271561836278122044735092505823575848563639993096161728389966722460103156698
EVODEX.2.1-C757,[#6](-[#6@@]1(-[#8]-[#6@@](-[#8:5]-[#6@@:6])(-[#6@](-[#8]-[#1])(-[#6@](-[#8]-[#1])(-[#6@]-1(-[#8]-[#1])-[#1])-[#1])-[#1])-[#1])-[#1])(-[#1])(-[#1])-[#1]>>[#8:5](-[#6@@:6])-[#1],"EVODEX.2.1-P4011,EVODEX.2.1-P4040,EVODEX.2.1-P4042,EVODEX.2.1-P4059,EVODEX.2.1-P4070",82513079040236934280062329962089578794244705249039527745700475622589134976967
EVODEX.2.1-C758,[#8](-[#6@:9](-[#6@:7])(-[#6@:21])-[#1:34])-[#6@@]1(-[#8]-[#6@@](-[#6](-[#1])(-[#1])-[#1])(-[#6@](-[#8]-[#1])(-[#6@@](-[#8]-[#1])(-[#6@]-1(-[#8]-[#1])-[#1])-[#1])-[#1])-[#1])-[#1].[#8:23](-[#1])-[#1]>>[#8:23](-[#6@:9](-[#6@:7])(-[#6@:21])-[#1:34])-[#1],"EVODEX.2.1-P4041,EVODEX.2.1-P4060,EVODEX.2.1-P4062,EVODEX.2.1-P4064,EVODEX.2.1-P4068",108748613867404135786920350999276945534406473488482061325418925183924881555814
EVODEX.2.1-C759,[#6:38]-[#8:39]-[#1]>>[#6](-[#6](=[#8])-[#7](-[#6@@]1(-[#6](-[#8]-[#6@@]2(-[#8]-[#6@](-[#6](-[#8]-[#1])(-[#1])-[#1])(-[#6@](-[#8]-[#1])(-[#6@](-[#8]-[#1])(-[#6@]-2(-[#8]-[#1])-[#1])-[#1])-[#1])-[#1])-[#1])(-[#6@@](-[#8]-[#1])(-[#6@@](-[#6](-[#8]-[#1])(-[#1])-[#1])(-[#8]-[#6@]-1(-[#8:39]-[#6:38])-[#1])-[#1])-[#1])-[#1])-[#1])-[#1])(-[#1])(-[#1])-[#1],"EVODEX.2.1-P4110,EVODEX.2.1-P4111,EVODEX.2.1-P4113,EVODEX.2.1-P4114,EVODEX.2.1-P4117",91662581044427224700992253536440328174895848776547352058223492577627412907877
EVODEX.2.1-C760,[#6:8]-[#6:9]1(-[#8:10]-[#6:11]-1)-[#1:40].[#8:24](-[#1])-[#1]>>[#6:8]-[#6:9](-[#6:11]-[#8:10]-[#1])(-[#8:24]-[#1])-[#1:40],"EVODEX.2.1-P4122,EVODEX.2.1-P4123,EVODEX.2.1-P4124,EVODEX.2.1-P4129,EVODEX.2.1-P4131",54839056133745167724804485212642929727608185643791559768947363777937894665436
EVODEX.2.1-C761,[#6:8]-[#6:9]1(-[#8:10]-[#6:11]-1)-[#1:20]>>[#8](-[#6:9](-[#6:8])(-[#6:11]-[#8:10]-[#1])-[#1:20])-[#1],"EVODEX.2.1-P4126,EVODEX.2.1-P4127,EVODEX.2.1-P4128,EVODEX.2.1-P4130,EVODEX.2.1-P4132",57633970727878610868723611967040457340102806639267407284069717979273902766788
EVODEX.2.1-C762,[#7:33](-[#6@:25])(-[#6](=[#8])-[#6@@](-[#7](-[#1])-[#1])(-[#6](-[#6](=[#8])-[#8]-[#1])(-[#1])-[#1])-[#1])-[#1]>>[#7:33](-[#6@:25])(-[#1])-[#1],"EVODEX.2.1-P4133,EVODEX.2.1-P4158,EVODEX.2.1-P4230,EVODEX.2.1-P4340,EVODEX.2.1-P4573",12970035278731973064410474267395949311821667237237509865860287149706775771903
EVODEX.2.1-C763,[#6](-[#6](-[#6](-[#1])(-[#1])-[#1])(-[#6@@](-[#7](-[#6:6](=[#8:7])-[#6:8])-[#1])(-[#6](=[#8])-[#8]-[#1])-[#1])-[#1])(-[#1])(-[#1])-[#1].[#8:13](-[#1])-[#1]>>[#6:6](=[#8:7])(-[#6:8])-[#8:13]-[#1],"EVODEX.2.1-P4134,EVODEX.2.1-P4326,EVODEX.2.1-P4339,EVODEX.2.1-P5312,EVODEX.2.1-P5414",28966559946228715917709322217340420677295587636172052156399135583967873515541
EVODEX.2.1-C764,[#6](-[#6](-[#6](-[#1])(-[#1])-[#1])(-[#6](-[#6@](-[#7](-[#6:7](=[#8:8])-[#6@@:9])-[#1])(-[#6](=[#8])-[#8]-[#1])-[#1])(-[#1])-[#1])-[#1])(-[#1])(-[#1])-[#1]>>[#6:7](=[#8:8])(-[#6@@:9])-[#8]-[#1],"EVODEX.2.1-P4135,EVODEX.2.1-P4152,EVODEX.2.1-P4369,EVODEX.2.1-P4452,EVODEX.2.1-P4952",41820096354772574026094045438783221203421846183073939798391487085861203054755
EVODEX.2.1-C765,[#7:6](-[#6@:5])(-[#6](=[#8])-[#6@@](-[#7](-[#1])-[#1])(-[#6](-[#6]1:[#6](:[#6](:[#6](-[#8]-[#1]):[#6](:[#6]:1-[#1])-[#1])-[#1])-[#1])(-[#1])-[#1])-[#1])-[#1]>>[#7:6](-[#6@:5])(-[#1])-[#1],"EVODEX.2.1-P4137,EVODEX.2.1-P4148,EVODEX.2.1-P4187,EVODEX.2.1-P4479,EVODEX.2.1-P4503",81212540489950410389681553058372588053070255063024644188889220019964077036520
EVODEX.2.1-C766,[#7:6](-[#6@:5])(-[#6](=[#8])-[#6@@](-[#7](-[#1])-[#1])(-[#6](-[#6](-[#6](-[#1])(-[#1])-[#1])(-[#6](-[#1])(-[#1])-[#1])-[#1])(-[#1])-[#1])-[#1])-[#1]>>[#7:6](-[#6@:5])(-[#1])-[#1],"EVODEX.2.1-P4138,EVODEX.2.1-P4144,EVODEX.2.1-P4147,EVODEX.2.1-P4167,EVODEX.2.1-P4305",85581004504197212013078210638082986016538552827287492188318265344685261476829
EVODEX.2.1-C767,[#6:7](-[#6@:5])(=[#8:8])-[#7](-[#6@@](-[#6](-[#8]-[#1])(-[#1])-[#1])(-[#6](=[#8])-[#8]-[#1])-[#1])-[#1]>>[#6:7](-[#6@:5])(=[#8:8])-[#8]-[#1],"EVODEX.2.1-P4139,EVODEX.2.1-P4542,EVODEX.2.1-P4934,EVODEX.2.1-P5400,EVODEX.2.1-P5410",113980637706120113841835117918121873065739329397274271097978700602573019494747
EVODEX.2.1-C768,[#6:7](-[#6@:5])(=[#8:8])-[#7](-[#6@@](-[#6](-[#6](=[#8])-[#8]-[#1])(-[#1])-[#1])(-[#6](=[#8])-[#8]-[#1])-[#1])-[#1].[#8:18](-[#1])-[#1]>>[#6:7](-[#6@:5])(=[#8:8])-[#8:18]-[#1],"EVODEX.2.1-P4140,EVODEX.2.1-P5114,EVODEX.2.1-P5397,EVODEX.2.1-P5441,EVODEX.2.1-P5442",113771952325684123588936330006718913280394715406869172878253004125929103825967
EVODEX.2.1-C769,[#6:7](-[#6@:5])(=[#8:8])-[#7](-[#6@@](-[#6](-[#6](=[#8])-[#8]-[#1])(-[#1])-[#1])(-[#6](=[#8])-[#8]-[#1])-[#1])-[#1]>>[#6:7](-[#6@:5])(=[#8:8])-[#8]-[#1],"EVODEX.2.1-P4141,EVODEX.2.1-P4493,EVODEX.2.1-P5368,EVODEX.2.1-P5396,EVODEX.2.1-P5398",13409621101269547634623743897202897047976332313526311578681755760015472961018
EVODEX.2.1-C770,[#6:7](-[#6@:5])(=[#8:8])-[#7](-[#6]1:[#6](:[#6](:[#6]2:[#6](-[#6](-[#9])(-[#9])-[#9]):[#6](:[#6](=[#8]):[#8]:[#6]:2:[#6]:1-[#1])-[#1])-[#1])-[#1])-[#1]>>[#6:7](-[#6@:5])(=[#8:8])-[#8]-[#1],"EVODEX.2.1-P4142,EVODEX.2.1-P4379,EVODEX.2.1-P4897,EVODEX.2.1-P5061,EVODEX.2.1-P5068",80952628217159321255263173075529219099507736210221036248030033094477482945523
EVODEX.2.1-C771,[#6:2]-[#6:3](=[#8:4])-[#7](-[#6@@](-[#6](-[#6]1:[#6](:[#7](:[#6]2:[#6](:[#6](:[#6](:[#6](:[#6]:1:2)-[#1])-[#1])-[#1])-[#1])-[#1])-[#1])(-[#1])-[#1])(-[#6](=[#8])-[#8]-[#1])-[#1])-[#1]>>[#6:2]-[#6:3](=[#8:4])-[#8]-[#1],"EVODEX.2.1-P4145,EVODEX.2.1-P4195,EVODEX.2.1-P4490,EVODEX.2.1-P4506,EVODEX.2.1-P5679",8483272129149630125012399681167125385665648694540764233225062276790208737506
EVODEX.2.1-C772,[#7](-[#6@@](-[#6](-[#6]1:[#6](:[#6](:[#6](:[#6](:[#6]:1-[#1])-[#1])-[#1])-[#1])-[#1])(-[#1])-[#1])(-[#6](=[#8])-[#7:12](-[#6:13])-[#1])-[#1])(-[#1])-[#1]>>[#7:12](-[#6:13])(-[#1])-[#1],"EVODEX.2.1-P4146,EVODEX.2.1-P4197,EVODEX.2.1-P4226,EVODEX.2.1-P4290,EVODEX.2.1-P4447",1047380205095066824948159612153929192386398785206812025829207298020838841331
EVODEX.2.1-C773,[#6:10](-[#6@:8])(=[#8:11])-[#7](-[#6@@](-[#6](-[#6]1:[#6](:[#6](:[#6](:[#6](:[#6]:1-[#1])-[#1])-[#1])-[#1])-[#1])(-[#1])-[#1])(-[#6](=[#8])-[#8]-[#1])-[#1])-[#1].[#8:24](-[#1])-[#1]>>[#6:10](-[#6@:8])(=[#8:11])-[#8:24]-[#1],"EVODEX.2.1-P4149,EVODEX.2.1-P4164,EVODEX.2.1-P4199,EVODEX.2.1-P4465,EVODEX.2.1-P4466",8674240808508136965633385121114247948765179489463342283857936599959667377743
EVODEX.2.1-C774,[#6:9](-[#6@@:2])(=[#8:10])-[#7](-[#6](-[#6](=[#8])-[#8]-[#1])(-[#1])-[#1])-[#1].[#8:16](-[#1])-[#1]>>[#6:9](-[#6@@:2])(=[#8:10])-[#8:16]-[#1],"EVODEX.2.1-P4150,EVODEX.2.1-P4153,EVODEX.2.1-P4219,EVODEX.2.1-P4449,EVODEX.2.1-P5502",75680574859898733921774845716156928460037297400522554898312645522773777919485
EVODEX.2.1-C775,[#6:2]-[#6:3](=[#8:4])-[#7](-[#6@@](-[#6](-[#6]1:[#6](:[#6](:[#6](-[#8]-[#1]):[#6](:[#6]:1-[#1])-[#1])-[#1])-[#1])(-[#1])-[#1])(-[#6](=[#8])-[#8]-[#1])-[#1])-[#1].[#8:18](-[#1])-[#1]>>[#6:2]-[#6:3](=[#8:4])-[#8:18]-[#1],"EVODEX.2.1-P4151,EVODEX.2.1-P4160,EVODEX.2.1-P4196,EVODEX.2.1-P4370,EVODEX.2.1-P4451",54983638961439227831319919518763543017181795869866825370661376634145398930448
EVODEX.2.1-C776,[#6:12]-[#7:13](-[#6](=[#8])-[#6@@](-[#7](-[#1])-[#1])(-[#6](-[#6](-[#6](-[#7](-[#6](=[#7]-[#1])-[#7](-[#1])-[#1])-[#1])(-[#1])-[#1])(-[#1])-[#1])(-[#1])-[#1])-[#1])-[#1]>>[#6:12]-[#7:13](-[#1])-[#1],"EVODEX.2.1-P4154,EVODEX.2.1-P4185,EVODEX.2.1-P4233,EVODEX.2.1-P4299,EVODEX.2.1-P4928",28853415629407449443879112424699228874515690324579395159156358776777449364534
EVODEX.2.1-C777,[#6](-[#6](-[#6@](-[#6](-[#1])(-[#1])-[#1])(-[#6@](-[#7](-[#6:7](=[#8:8])-[#6@@:9])-[#1])(-[#6](=[#8])-[#8]-[#1])-[#1])-[#1])(-[#1])-[#1])(-[#1])(-[#1])-[#1].[#8:21](-[#1])-[#1]>>[#6:7](=[#8:8])(-[#6@@:9])-[#8:21]-[#1],"EVODEX.2.1-P4155,EVODEX.2.1-P4168,EVODEX.2.1-P4517,EVODEX.2.1-P5406,EVODEX.2.1-P5419",25912377863144178626079563632733843149064414252979100914785240881498848222245
EVODEX.2.1-C778,[#6](-[#6]1=[#6](-[#6](-[#8]-[#6]2:[#6](:[#6](-[#7](-[#6:10](=[#8:11])-[#6@@:12])-[#1]):[#6](:[#6](:[#6]:2-1)-[#1])-[#1])-[#1])(-[#1])-[#1])-[#1])(-[#1])(-[#1])-[#1]>>[#6:10](=[#8:11])(-[#6@@:12])-[#8]-[#1],"EVODEX.2.1-P4156,EVODEX.2.1-P4383,EVODEX.2.1-P4849,EVODEX.2.1-P4850,EVODEX.2.1-P5021",98626086997670200651523549114142150003742916288518934072852541270701282327200
EVODEX.2.1-C779,[#7](-[#6@@](-[#6](-[#8]-[#1])(-[#1])-[#1])(-[#6](=[#8])-[#7:7](-[#6:8])-[#1])-[#1])(-[#1])-[#1]>>[#7:7](-[#6:8])(-[#1])-[#1],"EVODEX.2.1-P4157,EVODEX.2.1-P4291,EVODEX.2.1-P4333,EVODEX.2.1-P4361,EVODEX.2.1-P4914",8232536848593133446406949466767771802707557265839651290506084720609045017053
EVODEX.2.1-C780,[#7](-[#6](=[#8])-[#6](-[#6](-[#6@](-[#7](-[#6:8](=[#8:9])-[#6@@:10])-[#1])(-[#6](=[#8])-[#8]-[#1])-[#1])(-[#1])-[#1])(-[#1])-[#1])(-[#1])-[#1].[#8:19](-[#1])-[#1]>>[#6:8](=[#8:9])(-[#6@@:10])-[#8:19]-[#1],"EVODEX.2.1-P4159,EVODEX.2.1-P4512,EVODEX.2.1-P5387,EVODEX.2.1-P5388,EVODEX.2.1-P5432",46232768235236333543249679567597844283425876201089864564620573311179281593322
EVODEX.2.1-C781,[#6:9](-[#6@@:6])(=[#8:10])-[#7](-[#6](-[#6](=[#8])-[#8]-[#1])(-[#1])-[#1])-[#1]>>[#6:9](-[#6@@:6])(=[#8:10])-[#8]-[#1],"EVODEX.2.1-P4161,EVODEX.2.1-P4455,EVODEX.2.1-P4485,EVODEX.2.1-P5505,EVODEX.2.1-P7073",35941100401330997318135183668473526005977742943269604727362207417625367120138
EVODEX.2.1-C782,[#6:7](-[#6@:5])(=[#8:8])-[#7](-[#6@@](-[#6](-[#6]1:[#6](:[#6](:[#6](:[#6](:[#6]:1-[#1])-[#1])-[#1])-[#1])-[#1])(-[#1])-[#1])(-[#6](=[#8])-[#8]-[#1])-[#1])-[#1]>>[#6:7](-[#6@:5])(=[#8:8])-[#8]-[#1],"EVODEX.2.1-P4162,EVODEX.2.1-P4194,EVODEX.2.1-P4382,EVODEX.2.1-P4484,EVODEX.2.1-P4498",537702901377669951840730495004500563669767999485506436020887047004999385847
EVODEX.2.1-C783,[#8]=[#6](-[#7:4](-[#6@@:5])-[#1])-[#6@@]1(-[#6](-[#6](-[#6](-[#7]-1-[#1])(-[#1])-[#1])(-[#1])-[#1])(-[#1])-[#1])-[#1]>>[#7:4](-[#6@@:5])(-[#1])-[#1],"EVODEX.2.1-P4169,EVODEX.2.1-P4175,EVODEX.2.1-P4180,EVODEX.2.1-P4256,EVODEX.2.1-P4328",8723430847846954316166237386162759946739425998485319332008090126257489479364
EVODEX.2.1-C784,[#6](-[#6](-[#7](-[#1])-[#1])(-[#6](=[#8])-[#7:6](-[#6:7])-[#1])-[#1])(-[#1])(-[#1])-[#1]>>[#7:6](-[#6:7])(-[#1])-[#1],"EVODEX.2.1-P4170,EVODEX.2.1-P4181,EVODEX.2.1-P4184,EVODEX.2.1-P4190,EVODEX.2.1-P4341",15171806595269895927669615628827908537915874129688611756097756877580648966556
EVODEX.2.1-C785,[#6:2]-[#6:4](=[#8:5])-[#7](-[#6](-[#6](=[#8])-[#7](-[#6](-[#6](=[#8])-[#8]-[#1])(-[#1])-[#1])-[#1])(-[#1])-[#1])-[#1]>>[#6:2]-[#6:4](=[#8:5])-[#8]-[#1],"EVODEX.2.1-P4171,EVODEX.2.1-P4191,EVODEX.2.1-P4295,EVODEX.2.1-P4414,EVODEX.2.1-P4572",89018974471874096218960627254668776431772449151391046182020346610605252665059
EVODEX.2.1-C786,[#6](-[#6]1:[#6](:[#6](=[#8]):[#8]:[#6]2:[#6](:[#6](-[#7](-[#6:11](=[#8:12])-[#6@@:13])-[#1]):[#6](:[#6](:[#6]:1:2)-[#1])-[#1])-[#1])-[#1])(-[#1])(-[#1])-[#1]>>[#6:11](=[#8:12])(-[#6@@:13])-[#8]-[#1],"EVODEX.2.1-P4172,EVODEX.2.1-P4974,EVODEX.2.1-P4985,EVODEX.2.1-P5252,EVODEX.2.1-P5325",98646835596925720247050073062943774754308460106107985241548766282239390447507
EVODEX.2.1-C787,[#6:7](-[#6@:5])(=[#8:8])-[#7](-[#6]1:[#6](:[#6](:[#6]2:[#6](-[#6](-[#6](-[#7](-[#1])-[#1])=[#8])(-[#1])-[#1]):[#6](:[#6](=[#8]):[#8]:[#6]:2:[#6]:1-[#1])-[#1])-[#1])-[#1])-[#1].[#8:25](-[#1])-[#1]>>[#6:7](-[#6@:5])(=[#8:8])-[#8:25]-[#1],"EVODEX.2.1-P4173,EVODEX.2.1-P4208,EVODEX.2.1-P4210,EVODEX.2.1-P4211,EVODEX.2.1-P4215",23555553294327947965408309200995939765642833973718202453933442631070204989716
EVODEX.2.1-C788,[#6:7](-[#6@:5])(=[#8:8])-[#7](-[#6]1:[#6](:[#6](:[#6]2:[#6](-[#6](-[#6](-[#7](-[#1])-[#1])=[#8])(-[#1])-[#1]):[#6](:[#6](=[#8]):[#8]:[#6]:2:[#6]:1-[#1])-[#1])-[#1])-[#1])-[#1]>>[#6:7](-[#6@:5])(=[#8:8])-[#8]-[#1],"EVODEX.2.1-P4174,EVODEX.2.1-P4209,EVODEX.2.1-P4212,EVODEX.2.1-P4213,EVODEX.2.1-P4214",28180371644998266917505951104078169723937943049823233571946074703099315433570
EVODEX.2.1-C789,[#6:12](-[#6@:2])(-[#7](-[#1])-[#1])=[#8:14].[#8:15](-[#1])-[#1]>>[#6:12](-[#6@:2])(=[#8:14])-[#8:15]-[#1],"EVODEX.2.1-P4176,EVODEX.2.1-P5049,EVODEX.2.1-P5512,EVODEX.2.1-P5560,EVODEX.2.1-P5689",19358205965114958064087190545012750011550915399599874681584469719913041371229
EVODEX.2.1-C790,[#6:10](-[#6@@:2])(=[#8:11])-[#7](-[#6](-[#6](=[#8])-[#7](-[#6](-[#6](=[#8])-[#8]-[#1])(-[#1])-[#1])-[#1])(-[#1])-[#1])-[#1].[#8:21](-[#1])-[#1]>>[#6:10](-[#6@@:2])(=[#8:11])-[#8:21]-[#1],"EVODEX.2.1-P4177,EVODEX.2.1-P4413,EVODEX.2.1-P4420,EVODEX.2.1-P4426,EVODEX.2.1-P4571",20945667810989666949965715182746712871789717804288808048611696622638030638823
EVODEX.2.1-C791,[#6:4](-[#6@:2])(=[#8:5])-[#7](-[#6@@](-[#6](-[#1])(-[#1])-[#1])(-[#6](=[#8])-[#7](-[#6@@](-[#6](-[#1])(-[#1])-[#1])(-[#6](=[#8])-[#8]-[#1])-[#1])-[#1])-[#1])-[#1]>>[#6:4](-[#6@:2])(=[#8:5])-[#8]-[#1],"EVODEX.2.1-P4178,EVODEX.2.1-P4289,EVODEX.2.1-P4427,EVODEX.2.1-P5169,EVODEX.2.1-P5173",36686813020225812703794298070831057664502417778633713854689231909957082245234
EVODEX.2.1-C792,[#6:17]-[#7:18](-[#6](=[#8])-[#6](-[#7](-[#1])-[#1])(-[#1])-[#1])-[#1]>>[#6:17]-[#7:18](-[#1])-[#1],"EVODEX.2.1-P4179,EVODEX.2.1-P4325,EVODEX.2.1-P4331,EVODEX.2.1-P4428,EVODEX.2.1-P7106",4558661709982366094925134342620287551974348251471746791230075791576233115109
EVODEX.2.1-C793,[#6:7](-[#6@:5])(=[#8:8])-[#7:9](-[#6@@:10]-[#6:16](=[#8:17])-[#7:18](-[#6@@:19])-[#1])-[#1].[#8:94](-[#1])-[#1].[#8:95](-[#1])-[#1]>>[#6:7](-[#6@:5])(=[#8:8])-[#8:94]-[#1].[#7:18](-[#6@@:19])(-[#1])-[#1].[#7:9](-[#6@@:10]-[#6:16](=[#8:17])-[#8:95]-[#1])(-[#1])-[#1],"EVODEX.2.1-P4182,EVODEX.2.1-P4223,EVODEX.2.1-P4645,EVODEX.2.1-P5113,EVODEX.2.1-P5160",104724862294807237557115649543417921029319819221351139675894657635946761402654
EVODEX.2.1-C794,[#6:7](-[#6@:5])(=[#8:8])-[#7:9](-[#6@@:10]-[#6:16](=[#8:17])-[#7:18](-[#6@@:19])-[#1])-[#1]>>[#6:7](-[#6@:5])(=[#8:8])-[#8]-[#1].[#7:18](-[#6@@:19])(-[#1])-[#1].[#7:9](-[#6@@:10]-[#6:16](=[#8:17])-[#8]-[#1])(-[#1])-[#1],"EVODEX.2.1-P4183,EVODEX.2.1-P4922,EVODEX.2.1-P4937,EVODEX.2.1-P4943,EVODEX.2.1-P4945",79188598098700870783554362671578582125125642780761180696413002462312552260488
EVODEX.2.1-C795,[#7:15](-[#6@:13])(-[#6](=[#8])-[#6@@](-[#7](-[#1])-[#1])(-[#6](-[#6](-[#6](-[#6](-[#7](-[#1])-[#1])(-[#1])-[#1])(-[#1])-[#1])(-[#1])-[#1])(-[#1])-[#1])-[#1])-[#1]>>[#7:15](-[#6@:13])(-[#1])-[#1],"EVODEX.2.1-P4186,EVODEX.2.1-P4188,EVODEX.2.1-P4192,EVODEX.2.1-P4193,EVODEX.2.1-P4297",79539173669593361178880008303810734886781473020230635705468300960502870312246
EVODEX.2.1-C796,[#6](-[#16]-[#6](-[#6](-[#6@](-[#7](-[#1])-[#1])(-[#6](=[#8])-[#7:9](-[#6@@:10])-[#1])-[#1])(-[#1])-[#1])(-[#1])-[#1])(-[#1])(-[#1])-[#1]>>[#7:9](-[#6@@:10])(-[#1])-[#1],"EVODEX.2.1-P4189,EVODEX.2.1-P4200,EVODEX.2.1-P4201,EVODEX.2.1-P4202,EVODEX.2.1-P4262",49265555182619314206352871643107251082453529765616347846631780906863340430513
EVODEX.2.1-C797,[#6:7](-[#6@:5])(=[#8:8])-[#7]1-[#6](-[#6](-[#6](-[#6@]-1(-[#6](=[#8])-[#8]-[#1])-[#1])(-[#1])-[#1])(-[#1])-[#1])(-[#1])-[#1].[#8:17](-[#1])-[#1]>>[#6:7](-[#6@:5])(=[#8:8])-[#8:17]-[#1],"EVODEX.2.1-P4203,EVODEX.2.1-P4352,EVODEX.2.1-P4381,EVODEX.2.1-P4444,EVODEX.2.1-P5053",66116248897659587888774806788558478442215932082068084648826397265919206200458
EVODEX.2.1-C798,[#6:7](-[#6@:5])(=[#8:8])-[#7]1-[#6](-[#6](-[#6](-[#6@]-1(-[#6](=[#8])-[#8]-[#1])-[#1])(-[#1])-[#1])(-[#1])-[#1])(-[#1])-[#1]>>[#6:7](-[#6@:5])(=[#8:8])-[#8]-[#1],"EVODEX.2.1-P4204,EVODEX.2.1-P4298,EVODEX.2.1-P4349,EVODEX.2.1-P4460,EVODEX.2.1-P4505",2032810722721260139119488388139696450719910318960131653003464379350320554639
EVODEX.2.1-C799,[#6:7](-[#6@:5])(=[#8:8])-[#7](-[#6@](-[#6](=[#8])-[#8]-[#1])(-[#6@](-[#6](-[#1])(-[#1])-[#1])(-[#8]-[#1])-[#1])-[#1])-[#1].[#8:17](-[#1])-[#1]>>[#6:7](-[#6@:5])(=[#8:8])-[#8:17]-[#1],"EVODEX.2.1-P4205,EVODEX.2.1-P4242,EVODEX.2.1-P4544,EVODEX.2.1-P5411,EVODEX.2.1-P5431",46550898686889939306100108204824337595201392485561630938558197851804590242955
EVODEX.2.1-C800,[#6:2]-[#6:3](=[#8:4])-[#7](-[#6]1:[#6](:[#6](:[#6](-[#7&+](=[#8])-[#8&-]):[#6](:[#6]:1-[#1])-[#1])-[#1])-[#1])-[#1]>>[#6:2]-[#6:3](=[#8:4])-[#8]-[#1],"EVODEX.2.1-P4206,EVODEX.2.1-P4389,EVODEX.2.1-P4847,EVODEX.2.1-P4879,EVODEX.2.1-P5042",3191221602562523212684752057475714123011400462800345683405012934590127618682
EVODEX.2.1-C801,[#6](-[#16]-[#6](-[#6](-[#6@](-[#7](-[#6:7](=[#8:8])-[#6@:9])-[#1])(-[#6](=[#8])-[#8]-[#1])-[#1])(-[#1])-[#1])(-[#1])-[#1])(-[#1])(-[#1])-[#1]>>[#6:7](=[#8:8])(-[#6@:9])-[#8]-[#1],"EVODEX.2.1-P4207,EVODEX.2.1-P4443,EVODEX.2.1-P4464,EVODEX.2.1-P4487,EVODEX.2.1-P5438",17317182228912679342449980622315741368433414867773943331577495999712321093798
EVODEX.2.1-C802,[#7](=[#6](-[#7](-[#1])-[#1])-[#7](-[#6](-[#6](-[#6](-[#6@](-[#7](-[#6:10](=[#8:11])-[#6@@:12])-[#1])(-[#6](=[#8])-[#8]-[#1])-[#1])(-[#1])-[#1])(-[#1])-[#1])(-[#1])-[#1])-[#1])-[#1].[#8:25](-[#1])-[#1]>>[#6:10](=[#8:11])(-[#6@@:12])-[#8:25]-[#1],"EVODEX.2.1-P4216,EVODEX.2.1-P4231,EVODEX.2.1-P4469,EVODEX.2.1-P4483,EVODEX.2.1-P4500",25651592782176796445273554143806771153856437933280656721521418911453446492502
EVODEX.2.1-C803,[#6:8](-[#6@@:2])(=[#8:9])-[#7](-[#6]1:[#6](:[#6](:[#6]2:[#6](:[#6](:[#6](:[#6](:[#6]:2:[#6]:1-[#1])-[#1])-[#1])-[#1])-[#1])-[#1])-[#1])-[#1].[#8:21](-[#1])-[#1]>>[#6:8](-[#6@@:2])(=[#8:9])-[#8:21]-[#1],"EVODEX.2.1-P4218,EVODEX.2.1-P4224,EVODEX.2.1-P4294,EVODEX.2.1-P4303,EVODEX.2.1-P4987",31801868897539667835141709578930524329932664760081747683630712176604461672576
EVODEX.2.1-C804,[#7](=[#6](-[#7](-[#1])-[#1])-[#7](-[#6](-[#6](-[#6](-[#6@](-[#7](-[#1])-[#1])(-[#6](=[#8])-[#7:12](-[#6:13])-[#6@:16])-[#1])(-[#1])-[#1])(-[#1])-[#1])(-[#1])-[#1])-[#1])-[#1]>>[#7:12](-[#6:13])(-[#6@:16])-[#1],"EVODEX.2.1-P4221,EVODEX.2.1-P4234,EVODEX.2.1-P4300,EVODEX.2.1-P4318,EVODEX.2.1-P4320",36349311075430914388280361020873389150612871587259725776745408890821635930445
EVODEX.2.1-C805,[#6:29]-[#7:30](-[#6](=[#8])-[#6@@](-[#7](-[#1])-[#1])(-[#6](-[#6](-[#6](=[#8])-[#8]-[#1])(-[#1])-[#1])(-[#1])-[#1])-[#1])-[#1]>>[#6:29]-[#7:30](-[#1])-[#1],"EVODEX.2.1-P4225,EVODEX.2.1-P4236,EVODEX.2.1-P4301,EVODEX.2.1-P4302,EVODEX.2.1-P5192",100226569067285117487360987849565552579154198489802048848877722451798701737209
EVODEX.2.1-C806,[#6:24]-[#7:25](-[#6:26](=[#7:27])-[#7:28])-[#1].[#8:43](-[#1])-[#1]>>[#6:26](=[#7:27])(-[#7:28])-[#8:43]-[#1].[#6:24]-[#7:25](-[#1])-[#1],"EVODEX.2.1-P4227,EVODEX.2.1-P4640,EVODEX.2.1-P4870,EVODEX.2.1-P5757,EVODEX.2.1-P5758",52035317548572283247207793937676255640542994369519744828055290180119793784595
EVODEX.2.1-C807,[#6:24]-[#7:25](-[#6:26](=[#7:27])-[#7:28])-[#1]>>[#6:26](=[#7:27])(-[#7:28])-[#8]-[#1].[#6:24]-[#7:25](-[#1])-[#1],"EVODEX.2.1-P4228,EVODEX.2.1-P4854,EVODEX.2.1-P5740,EVODEX.2.1-P5761,EVODEX.2.1-P5766",114653311154940899169019828293587259668968153125645460546983447854671285769350
EVODEX.2.1-C808,[#7](=[#6](-[#7](-[#1])-[#1])-[#7](-[#6](-[#6](-[#6](-[#6@](-[#7](-[#6:10](=[#8:11])-[#6@@:12])-[#1])(-[#6](=[#8])-[#8]-[#1])-[#1])(-[#1])-[#1])(-[#1])-[#1])(-[#1])-[#1])-[#1])-[#1]>>[#6:10](=[#8:11])(-[#6@@:12])-[#8]-[#1],"EVODEX.2.1-P4232,EVODEX.2.1-P4468,EVODEX.2.1-P4488,EVODEX.2.1-P4494,EVODEX.2.1-P4497",62622781877391614060013310016240059396295515713464159124836797489535508722375
EVODEX.2.1-C809,[#7:8](-[#6@:6])(-[#6:9](=[#8:10])-[#6:11](-[#7:12])(-[#6:13])-[#1:32])-[#1].[#8:21](-[#1])-[#1]>>[#6:9](=[#8:10])(-[#6@@:11](-[#7:12])(-[#6:13])-[#1:32])-[#8:21]-[#1].[#7:8](-[#6@:6])(-[#1])-[#1],"EVODEX.2.1-P4235,EVODEX.2.1-P4387,EVODEX.2.1-P4867,EVODEX.2.1-P5037,EVODEX.2.1-P5276",65154613498313952246860157602827834703121252176168905638425787540614321979443
EVODEX.2.1-C810,[#7:29](-[#6@:24])(-[#6](=[#8])-[#6@@](-[#7](-[#1])-[#1])(-[#6](-[#6](-[#6](-[#7](-[#1])-[#1])=[#8])(-[#1])-[#1])(-[#1])-[#1])-[#1])-[#1]>>[#7:29](-[#6@:24])(-[#1])-[#1],"EVODEX.2.1-P4237,EVODEX.2.1-P4238,EVODEX.2.1-P4239,EVODEX.2.1-P4240,EVODEX.2.1-P4241",111822743610027330240479463861671382226132481132633485502658029604135706973480
EVODEX.2.1-C811,[#6:4](-[#6@:2])(=[#8:5])-[#7](-[#6@](-[#6](=[#8])-[#8]-[#1])(-[#6@@](-[#6](-[#1])(-[#1])-[#1])(-[#8]-[#1])-[#1])-[#1])-[#1]>>[#6:4](-[#6@:2])(=[#8:5])-[#8]-[#1],"EVODEX.2.1-P4243,EVODEX.2.1-P4545,EVODEX.2.1-P4559,EVODEX.2.1-P4569,EVODEX.2.1-P5421",37516511249192399245420918449422567709360981191131957215826861846346307371101
EVODEX.2.1-C813,[#6:10](-[#6@@:2])(=[#8:11])-[#8]-[#1]>>[#6:10](-[#6@@:2])(=[#8:11])-[#7](-[#6]1:[#6](:[#6](:[#6](-[#7&+](=[#8])-[#8&-]):[#6](:[#6]:1-[#1])-[#1])-[#1])-[#1])-[#1],"EVODEX.2.1-P4246,EVODEX.2.1-P4577,EVODEX.2.1-P4734,EVODEX.2.1-P4763,EVODEX.2.1-P4875",30353301739017089699863583913254396723432470077029578970182940280378383741346
EVODEX.2.1-C814,[#7:6](-[#6@:5])(-[#1])-[#1].[#8:11]=[#6:12](-[#8]-[#6](-[#6]1:[#6](:[#6](:[#6](:[#6](:[#6]:1-[#1])-[#1])-[#1])-[#1])-[#1])(-[#1])-[#1])-[#6@:21]>>[#7:6](-[#6@:5])(-[#6:12](=[#8:11])-[#6@:21])-[#1],"EVODEX.2.1-P4249,EVODEX.2.1-P4251,EVODEX.2.1-P4255,EVODEX.2.1-P4261,EVODEX.2.1-P4273",42824411152017515522752652520971829521375204204123312814398101843589291886297
EVODEX.2.1-C815,[#7:6](-[#6@:5])(-[#1])-[#1]>>[#7:6](-[#6@:5])(-[#6](=[#8])-[#6@]1(-[#6](-[#6](-[#6](-[#7]-1-[#1])(-[#1])-[#1])(-[#1])-[#1])(-[#1])-[#1])-[#1])-[#1],"EVODEX.2.1-P4250,EVODEX.2.1-P4264,EVODEX.2.1-P4268,EVODEX.2.1-P6862,EVODEX.2.1-P6866",90237534766273419722735124506300878335906213861052761964631548341594221732636
EVODEX.2.1-C816,[#7:6](-[#6@:5])(-[#6:7](=[#8:8])-[#6@@:9])-[#1]>>[#6:7](=[#8:8])(-[#6@@:9])-[#8]-[#6](-[#6]1:[#6](:[#6](:[#6](:[#6](:[#6]:1-[#1])-[#1])-[#1])-[#1])-[#1])(-[#1])-[#1].[#7:6](-[#6@:5])(-[#1])-[#1],"EVODEX.2.1-P4253,EVODEX.2.1-P4254,EVODEX.2.1-P4263,EVODEX.2.1-P4270,EVODEX.2.1-P4272",36576622959576805849788730011263216470876468436621580029563728859913398609395
EVODEX.2.1-C817,[#7:6](-[#6@:5])(-[#6](=[#8])-[#6](-[#6](-[#7](-[#1])-[#1])(-[#1])-[#1])(-[#1])-[#1])-[#1]>>[#7:6](-[#6@:5])(-[#1])-[#1],"EVODEX.2.1-P4259,EVODEX.2.1-P4260,EVODEX.2.1-P4266,EVODEX.2.1-P4275,EVODEX.2.1-P4337",38226460894486515899791630833651157995052477865849217001048349756917831839472
EVODEX.2.1-C818,[#6:3]-[#6:4](=[#8:5])-[#7](-[#6@@](-[#6](-[#6]1:[#6](:[#7]:[#6](:[#7]:1-[#1])-[#1])-[#1])(-[#1])-[#1])(-[#6](=[#8])-[#8]-[#1])-[#1])-[#1]>>[#6:3]-[#6:4](=[#8:5])-[#8]-[#1],"EVODEX.2.1-P4277,EVODEX.2.1-P4329,EVODEX.2.1-P4334,EVODEX.2.1-P4336,EVODEX.2.1-P4515",82700075030695382505901369007363694349844403575721148938609185990697245533810
EVODEX.2.1-C819,[#6](-[#6](-[#6@](-[#6](-[#1])(-[#1])-[#1])(-[#6@](-[#7](-[#6:7](=[#8:8])-[#6:9])-[#1])(-[#6](=[#8])-[#7](-[#6@](-[#6](-[#6](=[#8])-[#8]-[#1])(-[#1])-[#1])(-[#6](-[#6]1:[#6](:[#6](:[#6](-[#8]-[#1]):[#6](:[#6]:1-[#1])-[#1])-[#1])-[#1])(-[#1])-[#1])-[#1])-[#1])-[#1])-[#1])(-[#1])-[#1])(-[#1])(-[#1])-[#1]>>[#6:7](=[#8:8])(-[#6:9])-[#8]-[#1],"EVODEX.2.1-P4278,EVODEX.2.1-P4279,EVODEX.2.1-P4281,EVODEX.2.1-P4284,EVODEX.2.1-P4285",23795333012194313379791754197475159469628915267588860831499926317028531738303
EVODEX.2.1-C820,[#6](-[#6](-[#6](-[#6](-[#1])(-[#1])-[#1])(-[#6@](-[#7](-[#6:7](=[#8:8])-[#6:9])-[#1])(-[#6](=[#8])-[#7](-[#6@](-[#6](-[#6](=[#8])-[#8]-[#1])(-[#1])-[#1])(-[#6](-[#6]1:[#6](:[#6](:[#6](-[#8]-[#1]):[#6](:[#6]:1-[#1])-[#1])-[#1])-[#1])(-[#1])-[#1])-[#1])-[#1])-[#1])-[#1])(-[#1])-[#1])(-[#1])(-[#1])-[#1].[#8:34](-[#1])-[#1]>>[#6:7](=[#8:8])(-[#6:9])-[#8:34]-[#1],"EVODEX.2.1-P4280,EVODEX.2.1-P4282,EVODEX.2.1-P4283,EVODEX.2.1-P4286,EVODEX.2.1-P4287",49903481653335724625305393290141582959882393155782815404614445315103681422058
EVODEX.2.1-C821,[#6](-[#6]1=[#6](-[#6](-[#8]-[#6]2:[#6](:[#6](-[#7](-[#6:10](=[#8:11])-[#6@@:12])-[#1]):[#6](:[#6](:[#6]:2-1)-[#1])-[#1])-[#1])(-[#1])-[#1])-[#1])(-[#1])(-[#1])-[#1].[#8:26](-[#1])-[#1]>>[#6:10](=[#8:11])(-[#6@@:12])-[#8:26]-[#1],"EVODEX.2.1-P4293,EVODEX.2.1-P4384,EVODEX.2.1-P4648,EVODEX.2.1-P4848,EVODEX.2.1-P4950",9842086115334157138642740234916258321069673873310456710493203383769339874788
EVODEX.2.1-C822,[#6:7](-[#6@:5])(=[#8:8])-[#7:9](-[#6:10])-[#6@:13]>>[#6:7](-[#6@:5])(=[#8:8])-[#8]-[#1].[#7:9](-[#6:10])(-[#6@:13])-[#1],"EVODEX.2.1-P4304,EVODEX.2.1-P4353,EVODEX.2.1-P5126,EVODEX.2.1-P5155,EVODEX.2.1-P5434",81285523849272462025849893339527803187422276110357802532295847529636322701299
EVODEX.2.1-C823,[#6:4](-[#6@:2])(=[#8:5])-[#7:6](-[#6:7])-[#6@:10].[#8:18](-[#1])-[#1]>>[#6:4](-[#6@:2])(=[#8:5])-[#8:18]-[#1].[#7:6](-[#6:7])(-[#6@:10])-[#1],"EVODEX.2.1-P4306,EVODEX.2.1-P4319,EVODEX.2.1-P4351,EVODEX.2.1-P4459,EVODEX.2.1-P5135",102410344606543229717495254166599027643329457948464542717938069684381584134189
EVODEX.2.1-C824,[#7](-[#6](-[#6](=[#8])-[#7:5](-[#6:6])-[#6@:9])(-[#1])-[#1])(-[#1])-[#1]>>[#7:5](-[#6:6])(-[#6@:9])-[#1],"EVODEX.2.1-P4307,EVODEX.2.1-P4321,EVODEX.2.1-P4322,EVODEX.2.1-P4350,EVODEX.2.1-P4354",81999238843271898829525775684199682690966326857839920888383924207166255672211
EVODEX.2.1-C825,[#6:2]-[#6:3](=[#8:4])-[#7]1-[#6](-[#6](-[#6](-[#6@]-1(-[#6](=[#8])-[#7](-[#6]1:[#6](:[#6](:[#6]2:[#6](-[#6](-[#6](-[#7](-[#1])-[#1])=[#8])(-[#1])-[#1]):[#6](:[#6](=[#8]):[#8]:[#6]:2:[#6]:1-[#1])-[#1])-[#1])-[#1])-[#1])-[#1])(-[#1])-[#1])(-[#1])-[#1])(-[#1])-[#1].[#8:28](-[#1])-[#1]>>[#6:2]-[#6:3](=[#8:4])-[#8:28]-[#1],"EVODEX.2.1-P4308,EVODEX.2.1-P4309,EVODEX.2.1-P4311,EVODEX.2.1-P4315,EVODEX.2.1-P4317",35041215015515206039579828720713297712339554341072486921315689763540824445699
EVODEX.2.1-C826,[#6:8](-[#6@:6])(=[#8:9])-[#7]1-[#6](-[#6](-[#6](-[#6@]-1(-[#6](=[#8])-[#7](-[#6]1:[#6](:[#6](:[#6]2:[#6](-[#6](-[#6](-[#7](-[#1])-[#1])=[#8])(-[#1])-[#1]):[#6](:[#6](=[#8]):[#8]:[#6]:2:[#6]:1-[#1])-[#1])-[#1])-[#1])-[#1])-[#1])(-[#1])-[#1])(-[#1])-[#1])(-[#1])-[#1]>>[#6:8](-[#6@:6])(=[#8:9])-[#8]-[#1],"EVODEX.2.1-P4310,EVODEX.2.1-P4312,EVODEX.2.1-P4313,EVODEX.2.1-P4314,EVODEX.2.1-P4316",92010213725454070465330196419218429713967649976984238320787478055628145150722
EVODEX.2.1-C827,[#6](-[#6](-[#6@](-[#6](-[#1])(-[#1])-[#1])(-[#6@](-[#7](-[#6:7](=[#8:8])-[#6@@:9])-[#1])(-[#6](=[#8])-[#8]-[#1])-[#1])-[#1])(-[#1])-[#1])(-[#1])(-[#1])-[#1]>>[#6:7](=[#8:8])(-[#6@@:9])-[#8]-[#1],"EVODEX.2.1-P4323,EVODEX.2.1-P4463,EVODEX.2.1-P4518,EVODEX.2.1-P5371,EVODEX.2.1-P5372",28971991098579821386372514213735824589876145358290891426001874734522458549050
EVODEX.2.1-C828,[#6](-[#6](-[#6](-[#1])(-[#1])-[#1])(-[#6](-[#6@@](-[#7](-[#6:7](=[#8:8])-[#6:9])-[#1])(-[#6](=[#8])-[#8]-[#1])-[#1])(-[#1])-[#1])-[#1])(-[#1])(-[#1])-[#1].[#8:18](-[#1])-[#1]>>[#6:7](=[#8:8])(-[#6:9])-[#8:18]-[#1],"EVODEX.2.1-P4324,EVODEX.2.1-P4453,EVODEX.2.1-P4456,EVODEX.2.1-P5362,EVODEX.2.1-P5407",114428911105904730802858847555193223461645981147193038001103804709689308904426
EVODEX.2.1-C829,[#8]=[#6](-[#8]-[#1])-[#6](-[#6](-[#6@](-[#7](-[#6:9](=[#8:10])-[#6@@:11])-[#1])(-[#6](=[#8])-[#8]-[#1])-[#1])(-[#1])-[#1])(-[#1])-[#1].[#8:1](-[#1])-[#1]>>[#8:1](-[#6:9](=[#8:10])-[#6@@:11])-[#1],"EVODEX.2.1-P4327,EVODEX.2.1-P4496,EVODEX.2.1-P4513,EVODEX.2.1-P4574,EVODEX.2.1-P5115",58717774824056231723360319026320891542254217651036963097541167989198106456585
EVODEX.2.1-C830,[#6:4]-[#6:5](-[#7:6](-[#6:7](=[#8:8])-[#6:9](-[#6:10])(-[#7:13])-[#1:29])-[#1])(-[#6:14])-[#1:27].[#8:17](-[#1])-[#1]>>[#6:7](=[#8:8])(-[#6@:9](-[#6:10])(-[#7:13])-[#1:29])-[#8:17]-[#1].[#6:4]-[#6@:5](-[#7:6](-[#1])-[#1])(-[#6:14])-[#1:27],"EVODEX.2.1-P4330,EVODEX.2.1-P4719,EVODEX.2.1-P4997,EVODEX.2.1-P5277,EVODEX.2.1-P5313",46858031842948870897921223581027385680916364887597333783034751997430907138744
EVODEX.2.1-C831,[#6:4](-[#6@:2])(=[#8:5])-[#7](-[#6@@](-[#6](-[#6]1:[#6](:[#7]:[#6](:[#7]:1-[#1])-[#1])-[#1])(-[#1])-[#1])(-[#6](=[#8])-[#8]-[#1])-[#1])-[#1].[#8:17](-[#1])-[#1]>>[#6:4](-[#6@:2])(=[#8:5])-[#8:17]-[#1],"EVODEX.2.1-P4332,EVODEX.2.1-P4335,EVODEX.2.1-P4348,EVODEX.2.1-P4514,EVODEX.2.1-P4561",100940027885974621029194098518197396475864175759162469188505180367045446325954
EVODEX.2.1-C832,[#6:2]-[#6:4](=[#8:5])-[#7](-[#6](-[#6](-[#6](-[#7](-[#1])-[#1])=[#8])(-[#1])-[#1])(-[#6](=[#8])-[#8]-[#1])-[#1])-[#1].[#8:15](-[#1])-[#1]>>[#6:2]-[#6:4](=[#8:5])-[#8:15]-[#1],"EVODEX.2.1-P4342,EVODEX.2.1-P4510,EVODEX.2.1-P4531,EVODEX.2.1-P5404,EVODEX.2.1-P5422",16473423014693371103015582631430233413429347656052706368868237089328916671543
EVODEX.2.1-C833,[#6:2]-[#6:4](=[#8:5])-[#7](-[#6](-[#6](-[#6](-[#7](-[#1])-[#1])=[#8])(-[#1])-[#1])(-[#6](=[#8])-[#8]-[#1])-[#1])-[#1]>>[#6:2]-[#6:4](=[#8:5])-[#8]-[#1],"EVODEX.2.1-P4343,EVODEX.2.1-P4344,EVODEX.2.1-P4511,EVODEX.2.1-P4864,EVODEX.2.1-P5347",9599149858969509244138306140316501261913529692120205097397290617553116223810
EVODEX.2.1-C834,[#6:6](-[#6@:4])(=[#8:7])-[#7](-[#6@@](-[#6](-[#6](-[#6](-[#6](-[#7](-[#1])-[#1])(-[#1])-[#1])(-[#1])-[#1])(-[#1])-[#1])(-[#1])-[#1])(-[#6](=[#8])-[#8]-[#1])-[#1])-[#1].[#8:18](-[#1])-[#1]>>[#6:6](-[#6@:4])(=[#8:7])-[#8:18]-[#1],"EVODEX.2.1-P4346,EVODEX.2.1-P4461,EVODEX.2.1-P4482,EVODEX.2.1-P4491,EVODEX.2.1-P4501",67576123901291149403620854938596555999987493161775112263437361633767672322247
EVODEX.2.1-C835,[#7:6](-[#6@:5])(-[#6](=[#8])-[#6](-[#17])(-[#1])-[#1])-[#1]>>[#7:6](-[#6@:5])(-[#1])-[#1],"EVODEX.2.1-P4347,EVODEX.2.1-P5430,EVODEX.2.1-P5435,EVODEX.2.1-P5436,EVODEX.2.1-P5445",72596275882927604863109456540212067683353622731980443736421532135492841766520
EVODEX.2.1-C836,[#6](-[#8]-[#6]1:[#6](:[#6](-[#7](-[#6:7](=[#8:8])-[#6@:9])-[#1]):[#6](:[#6]2:[#6](:[#6](:[#6](:[#6](:[#6]:1:2)-[#1])-[#1])-[#1])-[#1])-[#1])-[#1])(-[#1])(-[#1])-[#1].[#8:29](-[#1])-[#1]>>[#6:7](=[#8:8])(-[#6@:9])-[#8:29]-[#1],"EVODEX.2.1-P4358,EVODEX.2.1-P4856,EVODEX.2.1-P4859,EVODEX.2.1-P4863,EVODEX.2.1-P4983",82125152871085618533334607165258011290380924155810784126672542920350859339694
EVODEX.2.1-C837,[#6:13](-[#6@:5])(-[#7:14](-[#1])-[#1])=[#8:15]>>[#6:13](-[#6@:5])(=[#8:15])-[#8]-[#1].[#7:14](-[#1])(-[#1])-[#1],"EVODEX.2.1-P4359,EVODEX.2.1-P4360,EVODEX.2.1-P5528,EVODEX.2.1-P5553,EVODEX.2.1-P5562",73741616157309332244703729876524952980626330899941651084590343371169993702548
EVODEX.2.1-C838,[#6](-[#6@](-[#7](-[#6:4](=[#8:5])-[#6@:6])-[#1])(-[#6](=[#8])-[#8]-[#1])-[#1])(-[#1])(-[#1])-[#1]>>[#6:4](=[#8:5])(-[#6@:6])-[#8]-[#1],"EVODEX.2.1-P4362,EVODEX.2.1-P4436,EVODEX.2.1-P4448,EVODEX.2.1-P4504,EVODEX.2.1-P4915",74426957733231262109350726498883694684135389164487232245768201147972307596789
EVODEX.2.1-C839,([#6:9](-[#6@@:7])(=[#8:10])-[#7:11](-[#6@@:12])-[#1].[#6:19](-[#6@@:17])(=[#8:20])-[#7:21](-[#6@@:22])-[#1]).[#8:32](-[#1])-[#1].[#8:33](-[#1])-[#1]>>[#6:9](-[#6@@:7])(=[#8:10])-[#8:32]-[#1].([#7:11](-[#6@@:12])(-[#1])-[#1].[#6:19](-[#6@@:17])(=[#8:20])-[#8:33]-[#1]).[#7:21](-[#6@@:22])(-[#1])-[#1],"EVODEX.2.1-P4364,EVODEX.2.1-P4641,EVODEX.2.1-P4714,EVODEX.2.1-P4810,EVODEX.2.1-P5275",61781986644006111530110421699797458937156251422990180217825682010850141822345
EVODEX.2.1-C840,[#6:11](-[#6@:10])(=[#8:12])-[#7](-[#6@@](-[#6](-[#6]1:[#6](:[#6](:[#6](-[#8]-[#1]):[#6](:[#6]:1-[#1])-[#1])-[#1])-[#1])(-[#1])-[#1])(-[#6](=[#8])-[#8]-[#1])-[#1])-[#1]>>[#6:11](-[#6@:10])(=[#8:12])-[#8]-[#1],"EVODEX.2.1-P4368,EVODEX.2.1-P4499,EVODEX.2.1-P4558,EVODEX.2.1-P5161,EVODEX.2.1-P5413",15652875509260968796645874088489788622351191291457384900937322225402823288618
EVODEX.2.1-C841,[#6:47](-[#6@@:44])(=[#8:48])-[#7](-[#6](-[#6](-[#6](-[#6](-[#6@](-[#7](-[#1])-[#1])(-[#6](=[#8])-[#8]-[#1])-[#1])(-[#1])-[#1])(-[#1])-[#1])(-[#1])-[#1])(-[#1])-[#1])-[#1]>>[#6:47](-[#6@@:44])(=[#8:48])-[#8]-[#1],"EVODEX.2.1-P4371,EVODEX.2.1-P5418,EVODEX.2.1-P5450,EVODEX.2.1-P5451,EVODEX.2.1-P5454",55997761442028724194472928451234652496387421847950306237423513624193130290128
EVODEX.2.1-C842,[#6:9]-[#6:10](=[#8:11])-[#7](-[#6@@](-[#6](-[#6](-[#6](-[#6](-[#7](-[#1])-[#1])(-[#1])-[#1])(-[#1])-[#1])(-[#1])-[#1])(-[#1])-[#1])(-[#6](=[#8])-[#8]-[#1])-[#1])-[#1]>>[#6:9]-[#6:10](=[#8:11])-[#8]-[#1],"EVODEX.2.1-P4372,EVODEX.2.1-P4467,EVODEX.2.1-P4562,EVODEX.2.1-P5059,EVODEX.2.1-P5416",94426470595490627858786585306284690169657418164584573045656330932327559250444
EVODEX.2.1-C843,[#6:14](-[#6@:2])(=[#8:15])-[#7](-[#6]1:[#6](:[#6](:[#6](-[#7&+](=[#8])-[#8&-]):[#6](:[#6]:1-[#1])-[#1])-[#1])-[#1])-[#1].[#8:26](-[#1])-[#1]>>[#6:14](-[#6@:2])(=[#8:15])-[#8:26]-[#1],"EVODEX.2.1-P4373,EVODEX.2.1-P4657,EVODEX.2.1-P4672,EVODEX.2.1-P5020,EVODEX.2.1-P5690",26804329877529793268254096216066996832725597074109168947651380442258245837245
EVODEX.2.1-C844,[#6:12](-[#6@@:10])(=[#8:13])-[#7](-[#6@@](-[#6](-[#8]-[#1])(-[#1])-[#1])(-[#6](=[#8])-[#8]-[#1])-[#1])-[#1].[#8:21](-[#1])-[#1]>>[#6:12](-[#6@@:10])(=[#8:13])-[#8:21]-[#1],"EVODEX.2.1-P4374,EVODEX.2.1-P4392,EVODEX.2.1-P4519,EVODEX.2.1-P4541,EVODEX.2.1-P5399",16006999672911854514815037103809836159045140290430761012019613522604423305019
EVODEX.2.1-C845,[#6:9](-[#6@@:7])(=[#8:10])-[#7](-[#6]1:[#6](:[#6](:[#6](:[#6](:[#6]:1-[#7&+](=[#8])-[#8&-])-[#1])-[#1])-[#1])-[#1])-[#1]>>[#6:9](-[#6@@:7])(=[#8:10])-[#8]-[#1],"EVODEX.2.1-P4377,EVODEX.2.1-P5375,EVODEX.2.1-P5379,EVODEX.2.1-P5382,EVODEX.2.1-P5384",79688007629250759002901414583932534781011631289681688954731961827473992579568
EVODEX.2.1-C846,[#7:5]-[#6:9](-[#6:8])(-[#6:10](=[#8:11])-[#7:12](-[#6:13])-[#1])-[#1:28]>>[#7:12](-[#6:13])(-[#1])-[#1].[#7:5]-[#6@@:9](-[#6:8])(-[#6:10](=[#8:11])-[#8]-[#1])-[#1:28],"EVODEX.2.1-P4388,EVODEX.2.1-P4868,EVODEX.2.1-P5031,EVODEX.2.1-P5038,EVODEX.2.1-P5040",29643571029988843274093741576909164978720032747360960288001567596785027995909
EVODEX.2.1-C847,[#6](-[#8]-[#6]1:[#6](:[#6](-[#7](-[#6:7](=[#8:8])-[#6@@:9])-[#1]):[#6](:[#6]2:[#6](:[#6](:[#6](:[#6](:[#6]:1:2)-[#1])-[#1])-[#1])-[#1])-[#1])-[#1])(-[#1])(-[#1])-[#1]>>[#6:7](=[#8:8])(-[#6@@:9])-[#8]-[#1],"EVODEX.2.1-P4391,EVODEX.2.1-P4855,EVODEX.2.1-P4858,EVODEX.2.1-P4860,EVODEX.2.1-P4861",29537804005054278755798959872359504480973576054557398348610448845340925890096
EVODEX.2.1-C848,[#6](-[#6](-[#6](-[#1])(-[#1])-[#1])(-[#6](-[#6@](-[#7](-[#6](=[#8])-[#6@](-[#6](-[#6](-[#6](-[#7](-[#6](=[#7]-[#1])-[#7](-[#1])-[#1])-[#1])(-[#1])-[#1])(-[#1])-[#1])(-[#1])-[#1])(-[#7](-[#6](=[#8])-[#6@](-[#6](-[#6]1:[#6](:[#6](:[#6](-[#7&+](=[#8])-[#8&-]):[#6](:[#6]:1-[#1])-[#1])-[#1])-[#1])(-[#1])-[#1])(-[#7](-[#6:32](=[#8:33])-[#6@:34])-[#1])-[#1])-[#1])-[#1])-[#1])(-[#6](=[#8])-[#8]-[#1])-[#1])(-[#1])-[#1])-[#1])(-[#1])(-[#1])-[#1]>>[#6:32](=[#8:33])(-[#6@:34])-[#8]-[#1],"EVODEX.2.1-P4401,EVODEX.2.1-P4621,EVODEX.2.1-P4623,EVODEX.2.1-P4624,EVODEX.2.1-P5197",79551670781919364471216512218371443487259426671005309265601518077947195332744
EVODEX.2.1-C849,([#7:25](-[#6@:20])(-[#6:26](=[#8:27])-[#6:28])-[#1].[#6:42](-[#6@:5])(=[#8:43])-[#7:44](-[#6@@:45])-[#1])>>[#6:26](=[#8:27])(-[#6:28])-[#8]-[#1].([#7:25](-[#6@:20])(-[#1])-[#1].[#6:42](-[#6@:5])(=[#8:43])-[#8]-[#1]).[#7:44](-[#6@@:45])(-[#1])-[#1],"EVODEX.2.1-P4405,EVODEX.2.1-P4715,EVODEX.2.1-P5158,EVODEX.2.1-P5265,EVODEX.2.1-P5323",45031725073623766610217306311783908993826244258910650788379176899012294187396
EVODEX.2.1-C850,[#6:73](-[#6@@:65])(=[#8:74])-[#7](-[#6@@](-[#6](-[#6]1:[#6](:[#7]:[#6](:[#7]:1-[#1])-[#1])-[#1])(-[#1])-[#1])(-[#6](=[#8])-[#7](-[#6@@](-[#6](-[#6](-[#6](-[#1])(-[#1])-[#1])(-[#6](-[#1])(-[#1])-[#1])-[#1])(-[#1])-[#1])(-[#6](=[#8])-[#8]-[#1])-[#1])-[#1])-[#1])-[#1]>>[#6:73](-[#6@@:65])(=[#8:74])-[#8]-[#1],"EVODEX.2.1-P4406,EVODEX.2.1-P4409,EVODEX.2.1-P4412,EVODEX.2.1-P4415,EVODEX.2.1-P4416",6847521160701492753253778637081069330457261233402520508381460732124944158373
EVODEX.2.1-C851,[#6](-[#6](-[#6](-[#1])(-[#1])-[#1])(-[#6](-[#6@](-[#7](-[#6](=[#8])-[#6@](-[#6](-[#6]1:[#6](:[#7]:[#6](:[#7]:1-[#1])-[#1])-[#1])(-[#1])-[#1])(-[#7](-[#6:17](=[#8:18])-[#6:19])-[#1])-[#1])-[#1])(-[#6](=[#8])-[#8]-[#1])-[#1])(-[#1])-[#1])-[#1])(-[#1])(-[#1])-[#1].[#8:32](-[#1])-[#1]>>[#6:17](=[#8:18])(-[#6:19])-[#8:32]-[#1],"EVODEX.2.1-P4407,EVODEX.2.1-P4410,EVODEX.2.1-P4411,EVODEX.2.1-P4418,EVODEX.2.1-P4431",20539743690220181994482938370466889009436736411409347252348232172381905713857
EVODEX.2.1-C852,[#7:15](-[#6@:9])(-[#6](=[#8])-[#6](-[#7](-[#6](=[#8])-[#6]1:[#6](:[#6](:[#6](:[#6](:[#6]:1-[#1])-[#1])-[#1])-[#1])-[#1])-[#1])(-[#1])-[#1])-[#1]>>[#7:15](-[#6@:9])(-[#1])-[#1],"EVODEX.2.1-P4408,EVODEX.2.1-P4419,EVODEX.2.1-P4432,EVODEX.2.1-P4445,EVODEX.2.1-P4454",91228867360799436267506763622361247161595022176625666910587221148813753376066
EVODEX.2.1-C853,[#7:16](-[#6@:9])(-[#6](=[#8])-[#6@](-[#6](-[#6]1:[#6](:[#6](:[#6](:[#6](:[#6]:1-[#1])-[#1])-[#1])-[#1])-[#1])(-[#1])-[#1])(-[#7](-[#6](=[#8])-[#8]-[#6](-[#6]1:[#6](:[#6](:[#6](:[#6](:[#6]:1-[#1])-[#1])-[#1])-[#1])-[#1])(-[#1])-[#1])-[#1])-[#1])-[#1]>>[#7:16](-[#6@:9])(-[#1])-[#1],"EVODEX.2.1-P4417,EVODEX.2.1-P4440,EVODEX.2.1-P4446,EVODEX.2.1-P4450,EVODEX.2.1-P4502",22070566021034449210643601648405906919133328403985925893007887504542232491594
EVODEX.2.1-C854,[#6:9]-[#7:10](-[#6](=[#8])-[#6](-[#7](-[#6](=[#8])-[#8]-[#6](-[#6]1:[#6](:[#6](:[#6](:[#6](:[#6]:1-[#1])-[#1])-[#1])-[#1])-[#1])(-[#1])-[#1])-[#1])(-[#1])-[#1])-[#1]>>[#6:9]-[#7:10](-[#1])-[#1],"EVODEX.2.1-P4421,EVODEX.2.1-P4441,EVODEX.2.1-P4457,EVODEX.2.1-P4458,EVODEX.2.1-P4492",36467253263627618432791810728860668307702852701665173465997085572720411408709
EVODEX.2.1-C855,[#7](=[#6](-[#7](-[#1])-[#1])-[#7](-[#6](-[#6](-[#6](-[#6@](-[#7](-[#6](=[#8])-[#6@](-[#6](-[#6]1:[#6](:[#6](:[#6](:[#6](:[#6]:1-[#1])-[#1])-[#1])-[#1])-[#1])(-[#1])-[#1])(-[#7](-[#6](=[#8])-[#6@@]1(-[#6](-[#6](-[#6](-[#7]-1-[#6](=[#8])-[#6@](-[#6](-[#8]-[#1])(-[#1])-[#1])(-[#7](-[#6](=[#8])-[#6@](-[#6](-[#6]1:[#6](:[#6](:[#6](:[#6](:[#6]:1-[#1])-[#1])-[#1])-[#1])-[#1])(-[#1])-[#1])(-[#7](-[#6](=[#8])-[#6](-[#7](-[#6](=[#8])-[#6]1:[#6](:[#6](:[#6](:[#6](:[#6]:1-[#7](-[#1])-[#1])-[#1])-[#1])-[#1])-[#1])-[#1])(-[#1])-[#1])-[#1])-[#1])-[#1])-[#1])(-[#1])-[#1])(-[#1])-[#1])(-[#1])-[#1])-[#1])-[#1])-[#1])-[#1])(-[#6](=[#8])-[#7:60](-[#6@@:61])-[#1])-[#1])(-[#1])-[#1])(-[#1])-[#1])(-[#1])-[#1])-[#1])-[#1]>>[#7:60](-[#6@@:61])(-[#1])-[#1],"EVODEX.2.1-P4422,EVODEX.2.1-P4423,EVODEX.2.1-P4718,EVODEX.2.1-P4726,EVODEX.2.1-P4727",54553206899166455522193954816485623810202405956996586489908564227659895594596
EVODEX.2.1-C856,[#6:52](-[#6@:2])(=[#8:53])-[#7](-[#6@@](-[#6](-[#6](-[#6](-[#7](-[#1])-[#1])=[#8])(-[#1])-[#1])(-[#1])-[#1])(-[#6](=[#8])-[#7](-[#6](-[#6](-[#7](-[#6]1:[#6](:[#6](:[#6](-[#7&+](=[#8])-[#8&-]):[#6](:[#6]:1-[#7&+](=[#8])-[#8&-])-[#1])-[#1])-[#1])-[#1])(-[#1])-[#1])(-[#1])-[#1])-[#1])-[#1])-[#1]>>[#6:52](-[#6@:2])(=[#8:53])-[#8]-[#1],"EVODEX.2.1-P4424,EVODEX.2.1-P4425,EVODEX.2.1-P4644,EVODEX.2.1-P4960,EVODEX.2.1-P5041",50552883054286073935394960626897064710703042297513986764709755934314690763007
EVODEX.2.1-C857,[#6:7](-[#6@@:5])(=[#8:8])-[#7](-[#6@@](-[#6](-[#1])(-[#1])-[#1])(-[#6](=[#8])-[#7](-[#6@@](-[#6](-[#1])(-[#1])-[#1])(-[#6](=[#8])-[#8]-[#1])-[#1])-[#1])-[#1])-[#1].[#8:20](-[#1])-[#1]>>[#6:7](-[#6@@:5])(=[#8:8])-[#8:20]-[#1],"EVODEX.2.1-P4429,EVODEX.2.1-P5162,EVODEX.2.1-P5163,EVODEX.2.1-P5166,EVODEX.2.1-P5170",84805625632064441107059084341174363251721166399670252951811951878743674176088
EVODEX.2.1-C858,[#6](-[#6](-[#6](-[#1])(-[#1])-[#1])(-[#6](-[#6@](-[#7](-[#6](=[#8])-[#6@](-[#6](-[#1])(-[#1])-[#1])(-[#7](-[#6:12](=[#8:13])-[#6:14])-[#1])-[#1])-[#1])(-[#6](=[#8])-[#8]-[#1])-[#1])(-[#1])-[#1])-[#1])(-[#1])(-[#1])-[#1]>>[#6:12](=[#8:13])(-[#6:14])-[#8]-[#1],"EVODEX.2.1-P4430,EVODEX.2.1-P4682,EVODEX.2.1-P4683,EVODEX.2.1-P4684,EVODEX.2.1-P4686",25682800389825946842146989511693917509672850395564491518202071620463793527676
EVODEX.2.1-C859,[#6:18]-[#6@:20](-[#6:21])(-[#7:22](-[#6:23](=[#8:24])-[#6@:25])-[#1])-[#1:63].[#8:40](-[#1])-[#1]>>[#6:23](=[#8:24])(-[#6@:25])-[#8:40]-[#1].[#6:18]-[#6:20](-[#6:21])(-[#7:22](-[#1])-[#1])-[#1:63],"EVODEX.2.1-P4433,EVODEX.2.1-P4978,EVODEX.2.1-P4980,EVODEX.2.1-P4982,EVODEX.2.1-P5153",28156571914513272459525160005958473153425181149442888854421445557282495173518
EVODEX.2.1-C860,[#6](-[#6@@](-[#7](-[#6:4](=[#8:5])-[#6@@:6])-[#1])(-[#6](=[#8])-[#8]-[#1])-[#1])(-[#1])(-[#1])-[#1].[#8:28](-[#1])-[#1]>>[#6:4](=[#8:5])(-[#6@@:6])-[#8:28]-[#1],"EVODEX.2.1-P4435,EVODEX.2.1-P4437,EVODEX.2.1-P4537,EVODEX.2.1-P4538,EVODEX.2.1-P5507",93097266427620160577265106435254297782872967887170979691160197233436753564801
EVODEX.2.1-C861,[#8]=[#6](-[#8]-[#1])-[#6](-[#6](-[#6@](-[#7](-[#6](=[#8])-[#8]-[#6](-[#6]1:[#6](:[#6](:[#6](:[#6](:[#6]:1-[#1])-[#1])-[#1])-[#1])-[#1])(-[#1])-[#1])-[#1])(-[#6](=[#8])-[#7:21](-[#6@@:22])-[#1])-[#1])(-[#1])-[#1])(-[#1])-[#1]>>[#7:21](-[#6@@:22])(-[#1])-[#1],"EVODEX.2.1-P4438,EVODEX.2.1-P4654,EVODEX.2.1-P4655,EVODEX.2.1-P4661,EVODEX.2.1-P4666",110490389144665589310020007331422989285530665447329653077502036243289865825708
EVODEX.2.1-C862,[#7:9](-[#6@:8])(-[#6:10](=[#8:11])-[#8:12])-[#1]>>[#6:10](=[#8:11])(-[#8:12])-[#8]-[#1].[#7:9](-[#6@:8])(-[#1])-[#1],"EVODEX.2.1-P4439,EVODEX.2.1-P4477,EVODEX.2.1-P5403,EVODEX.2.1-P5494,EVODEX.2.1-P5626",32002039005927764667135542305747063064282558214366306223202394479349002586800
EVODEX.2.1-C863,[#6](-[#6](-[#6](-[#1])(-[#1])-[#1])(-[#6@](-[#7](-[#6:6](=[#8:7])-[#6:8])-[#1])(-[#6](=[#8])-[#8]-[#1])-[#1])-[#1])(-[#1])(-[#1])-[#1]>>[#6:6](=[#8:7])(-[#6:8])-[#8]-[#1],"EVODEX.2.1-P4442,EVODEX.2.1-P4462,EVODEX.2.1-P4522,EVODEX.2.1-P5159,EVODEX.2.1-P5440",79292084787518879076744948460569333424356099088302391826165843508459665533661
EVODEX.2.1-C864,[#7:8](-[#6@:7])(-[#6](=[#8])-[#8]-[#6](-[#6]1:[#6](:[#6](:[#6](:[#6](:[#6]:1-[#1])-[#1])-[#1])-[#1])-[#1])(-[#1])-[#1])-[#1]>>[#7:8](-[#6@:7])(-[#1])-[#1],"EVODEX.2.1-P4476,EVODEX.2.1-P4478,EVODEX.2.1-P4680,EVODEX.2.1-P5402,EVODEX.2.1-P5604",47823555035035532821955463609097870319409470545111286217484172734185357592750
EVODEX.2.1-C865,[#6](-[#16]-[#6](-[#6](-[#6@](-[#7](-[#6:7](=[#8:8])-[#6@@:9])-[#1])(-[#6](=[#8])-[#8]-[#1])-[#1])(-[#1])-[#1])(-[#1])-[#1])(-[#1])(-[#1])-[#1].[#8:27](-[#1])-[#1]>>[#6:7](=[#8:8])(-[#6@@:9])-[#8:27]-[#1],"EVODEX.2.1-P4486,EVODEX.2.1-P4924,EVODEX.2.1-P5274,EVODEX.2.1-P5423,EVODEX.2.1-P5439",2795173963184123263201159497132805145356235353346890594630172194328102941718
EVODEX.2.1-C866,[#6:19](-[#6@@:17])(=[#8:20])-[#7](-[#6@@](-[#6](-[#6]1:[#6](:[#7](:[#6]2:[#6](:[#6](:[#6](:[#6](:[#6]:1:2)-[#1])-[#1])-[#1])-[#1])-[#1])-[#1])(-[#1])-[#1])(-[#6](=[#8])-[#8]-[#1])-[#1])-[#1].[#8:36](-[#1])-[#1]>>[#6:19](-[#6@@:17])(=[#8:20])-[#8:36]-[#1],"EVODEX.2.1-P4489,EVODEX.2.1-P4548,EVODEX.2.1-P4940,EVODEX.2.1-P5437,EVODEX.2.1-P5678",1881475433613128900840547204765632800722081290612491502235646648453632382484
EVODEX.2.1-C867,[#6:24](-[#6@@:18])(=[#8:25])-[#7](-[#6@@](-[#6](-[#6](-[#6](=[#8])-[#8]-[#1])(-[#1])-[#1])(-[#1])-[#1])(-[#6](=[#8])-[#8]-[#1])-[#1])-[#1]>>[#6:24](-[#6@@:18])(=[#8:25])-[#8]-[#1],"EVODEX.2.1-P4495,EVODEX.2.1-P5570,EVODEX.2.1-P6544,EVODEX.2.1-P6559,EVODEX.2.1-P6584",76868060063590290851077979323952922580516837205323447342197645750754191933677
EVODEX.2.1-C868,[#6:27](-[#6@:8])(=[#8:28])-[#7](-[#6@@](-[#6](-[#6]1:[#6](:[#6](:[#6](-[#7&+](=[#8])-[#8&-]):[#6](:[#6]:1-[#1])-[#1])-[#1])-[#1])(-[#1])-[#1])(-[#6](=[#8])-[#8]-[#1])-[#1])-[#1]>>[#6:27](-[#6@:8])(=[#8:28])-[#8]-[#1],"EVODEX.2.1-P4507,EVODEX.2.1-P4508,EVODEX.2.1-P4523,EVODEX.2.1-P4525,EVODEX.2.1-P4530",64738148401886831845037136749285963252581599118024974734225924847668057522570
EVODEX.2.1-C869,[#7:3](-[#6@:2])(-[#6](=[#8])-[#6@](-[#6](-[#6](-[#6](-[#7](-[#6](=[#7]-[#1])-[#7](-[#1])-[#1])-[#1])(-[#1])-[#1])(-[#1])-[#1])(-[#1])-[#1])(-[#7](-[#6](=[#8])-[#6@](-[#6](-[#6]1:[#6](:[#6](:[#6](:[#6](:[#6]:1-[#1])-[#1])-[#1])-[#1])-[#1])(-[#1])-[#1])(-[#7](-[#6](=[#8])-[#6]1:[#6](:[#6](:[#6](:[#6](:[#6]:1-[#7](-[#1])-[#1])-[#1])-[#1])-[#1])-[#1])-[#1])-[#1])-[#1])-[#1])-[#1]>>[#7:3](-[#6@:2])(-[#1])-[#1],"EVODEX.2.1-P4509,EVODEX.2.1-P4516,EVODEX.2.1-P4520,EVODEX.2.1-P4521,EVODEX.2.1-P4818",54774020351252369994671987108870726143397160712029826078281136525493918440430
EVODEX.2.1-C870,[#6:28](-[#6@:6])(=[#8:29])-[#7](-[#6@@](-[#6](-[#6]1:[#6](:[#6](:[#6](-[#7&+](=[#8])-[#8&-]):[#6](:[#6]:1-[#1])-[#1])-[#1])-[#1])(-[#1])-[#1])(-[#6](=[#8])-[#8]-[#1])-[#1])-[#1].[#8:45](-[#1])-[#1]>>[#6:28](-[#6@:6])(=[#8:29])-[#8:45]-[#1],"EVODEX.2.1-P4524,EVODEX.2.1-P4526,EVODEX.2.1-P4527,EVODEX.2.1-P4528,EVODEX.2.1-P4529",49613409380612252666722778297638836550838731163642367886424584187170790242814
EVODEX.2.1-C871,[#6:10](-[#6@:5])(=[#8:11])-[#7](-[#6@@](-[#6](-[#6](-[#6](-[#7](-[#1])-[#1])=[#8])(-[#1])-[#1])(-[#1])-[#1])(-[#6](=[#8])-[#8]-[#1])-[#1])-[#1]>>[#6:10](-[#6@:5])(=[#8:11])-[#8]-[#1],"EVODEX.2.1-P4532,EVODEX.2.1-P5386,EVODEX.2.1-P5424,EVODEX.2.1-P5433,EVODEX.2.1-P5611",69198912679587159627162554749589866716646452749802321243665658911487706604718
EVODEX.2.1-C872,[#6](-[#16]-[#6](-[#6](-[#6@](-[#7](-[#6](=[#8])-[#1])-[#1])(-[#6](=[#8])-[#7:11](-[#6@@:12])-[#1])-[#1])(-[#1])-[#1])(-[#1])-[#1])(-[#1])(-[#1])-[#1]>>[#7:11](-[#6@@:12])(-[#1])-[#1],"EVODEX.2.1-P4534,EVODEX.2.1-P4535,EVODEX.2.1-P4547,EVODEX.2.1-P4549,EVODEX.2.1-P4550",103442743243847776591194171032559368075278634587590572319968561421209293170592
EVODEX.2.1-C873,[#6](-[#6](=[#8])-[#7](-[#6@@](-[#6](-[#1])(-[#1])-[#1])(-[#6](=[#8])-[#7:9](-[#6@@:10])-[#1])-[#1])-[#1])(-[#1])(-[#1])-[#1]>>[#7:9](-[#6@@:10])(-[#1])-[#1],"EVODEX.2.1-P4536,EVODEX.2.1-P4539,EVODEX.2.1-P4540,EVODEX.2.1-P4543,EVODEX.2.1-P4546",96555747429539244804128045436342794587982834541397659396730520021558282192646
EVODEX.2.1-C874,[#7:15](-[#6@:8])(-[#6](=[#8])-[#6@@]1(-[#6](-[#6](-[#6](=[#8])-[#7]-1-[#1])(-[#1])-[#1])(-[#1])-[#1])-[#1])-[#1]>>[#7:15](-[#6@:8])(-[#1])-[#1],"EVODEX.2.1-P4555,EVODEX.2.1-P4556,EVODEX.2.1-P4557,EVODEX.2.1-P4560,EVODEX.2.1-P4564",24150490170327344339068868710437162590056923039448119532131386762853342250548
EVODEX.2.1-C875,[#7:7](-[#6@:6])(-[#6](=[#8])-[#6](-[#6@](-[#7](-[#1])-[#1])(-[#6](=[#8])-[#8]-[#1])-[#1])(-[#1])-[#1])-[#1]>>[#7:7](-[#6@:6])(-[#1])-[#1],"EVODEX.2.1-P4566,EVODEX.2.1-P4567,EVODEX.2.1-P4568,EVODEX.2.1-P4570,EVODEX.2.1-P5511",45579460130885036918217482695063583871992264440627901532025267042033839734942
EVODEX.2.1-C876,[#6:28](-[#6@@:20])(=[#8:29])-[#8]-[#1]>>[#6](-[#6@](-[#7](-[#6:28](-[#6@@:20])=[#8:29])-[#1])(-[#6](=[#8])-[#8]-[#1])-[#1])(-[#1])(-[#1])-[#1],"EVODEX.2.1-P4579,EVODEX.2.1-P6517,EVODEX.2.1-P6634,EVODEX.2.1-P6965,EVODEX.2.1-P6970",39213050157890958358798635757503722723817650492337017360140622461747686504128
EVODEX.2.1-C877,[#6:30](-[#6@:4])(=[#8:31])-[#8:32]-[#1]>>[#6:30](-[#6@:4])(=[#8:31])-[#7](-[#6]1:[#6](:[#6](:[#6](-[#7&+](=[#8])-[#8&-]):[#6](:[#6]:1-[#1])-[#1])-[#1])-[#1])-[#1].[#8:32](-[#1])-[#1],"EVODEX.2.1-P4583,EVODEX.2.1-P4658,EVODEX.2.1-P4659,EVODEX.2.1-P4670,EVODEX.2.1-P4874",81936121385205710811271647706251028758351843605514795194850825253464171700471
EVODEX.2.1-C878,[#8:13]=[#6:14](-[#8]-[#1])-[#6:16]>>[#7](-[#6@@](-[#6](-[#6]1:[#6](:[#6](:[#6](:[#6](:[#6]:1-[#1])-[#1])-[#1])-[#1])-[#1])(-[#1])-[#1])(-[#6](=[#8])-[#8]-[#1])-[#1])(-[#6:14](=[#8:13])-[#6:16])-[#1],"EVODEX.2.1-P4584,EVODEX.2.1-P5631,EVODEX.2.1-P6769,EVODEX.2.1-P6774,EVODEX.2.1-P6973",78622102093522312732272244101065095032974518576952598177989239473526670745435
EVODEX.2.1-C879,[#6:33](-[#6@@:25])(=[#8:34])-[#7](-[#6]1:[#6](:[#6](:[#6](-[#7&+](=[#8])-[#8&-]):[#6](-[#6](=[#8])-[#8]-[#1]):[#6]:1-[#1])-[#1])-[#1])-[#1]>>[#6:33](-[#6@@:25])(=[#8:34])-[#8]-[#1],"EVODEX.2.1-P4585,EVODEX.2.1-P4591,EVODEX.2.1-P4596,EVODEX.2.1-P4602,EVODEX.2.1-P4611",112209467841173455843308488050979486778869864839198449697142438030912900121479
EVODEX.2.1-C880,[#6:50](-[#6@@:41])(=[#8:51])-[#7](-[#6]1:[#6](:[#6](:[#6](-[#7&+](=[#8])-[#8&-]):[#6](-[#6](-[#7](-[#1])-[#1])=[#8]):[#6]:1-[#1])-[#1])-[#1])-[#1].[#8:65](-[#1])-[#1]>>[#6:50](-[#6@@:41])(=[#8:51])-[#8:65]-[#1],"EVODEX.2.1-P4613,EVODEX.2.1-P4673,EVODEX.2.1-P4676,EVODEX.2.1-P4807,EVODEX.2.1-P4808",113724813319357826315711344158667502603405363791844852740231499166106726403757
EVODEX.2.1-C881,[#6:50](-[#6@@:41])(=[#8:51])-[#7](-[#6]1:[#6](:[#6](:[#6](-[#7&+](=[#8])-[#8&-]):[#6](-[#6](-[#7](-[#1])-[#1])=[#8]):[#6]:1-[#1])-[#1])-[#1])-[#1]>>[#6:50](-[#6@@:41])(=[#8:51])-[#8]-[#1],"EVODEX.2.1-P4614,EVODEX.2.1-P4674,EVODEX.2.1-P4678,EVODEX.2.1-P4806,EVODEX.2.1-P4809",65701458477768685680619304579546781150619923912150378333910420388627388914036
EVODEX.2.1-C882,[#8]=[#6](-[#7:4](-[#6@@:5])-[#1])-[#6]1:[#6](:[#6](:[#6](:[#6](:[#6]:1-[#1])-[#1])-[#1])-[#1])-[#1]>>[#7:4](-[#6@@:5])(-[#1])-[#1],"EVODEX.2.1-P4617,EVODEX.2.1-P5063,EVODEX.2.1-P5389,EVODEX.2.1-P5391,EVODEX.2.1-P5443",61344323485556907994136187345358538370609967509725668257177259055078026117071
EVODEX.2.1-C883,[#6](-[#6](-[#6](-[#1])(-[#1])-[#1])(-[#6](-[#6@](-[#7](-[#6](=[#8])-[#6@](-[#6](-[#6](-[#6](-[#7](-[#6](=[#7]-[#1])-[#7](-[#1])-[#1])-[#1])(-[#1])-[#1])(-[#1])-[#1])(-[#1])-[#1])(-[#7](-[#6](=[#8])-[#6@](-[#6](-[#6]1:[#6](:[#6](:[#6](-[#7&+](=[#8])-[#8&-]):[#6](:[#6]:1-[#1])-[#1])-[#1])-[#1])(-[#1])-[#1])(-[#7](-[#6:32](=[#8:33])-[#6@:34])-[#1])-[#1])-[#1])-[#1])-[#1])(-[#6](=[#8])-[#8]-[#1])-[#1])(-[#1])-[#1])-[#1])(-[#1])(-[#1])-[#1].[#8:78](-[#1])-[#1]>>[#6:32](=[#8:33])(-[#6@:34])-[#8:78]-[#1],"EVODEX.2.1-P4619,EVODEX.2.1-P4620,EVODEX.2.1-P4622,EVODEX.2.1-P4625,EVODEX.2.1-P5198",105945017314513879377751418262661913628988093978580193087194231385752165619976
EVODEX.2.1-C884,[#6](-[#6](-[#6@](-[#6](-[#1])(-[#1])-[#1])(-[#6@](-[#7](-[#6](=[#8])-[#6@@]1(-[#6](-[#6](-[#6](-[#7]-1-[#6](=[#8])-[#6@@](-[#7](-[#1])-[#1])(-[#6](-[#6](-[#6](-[#6](-[#7](-[#1])-[#1])(-[#1])-[#1])(-[#1])-[#1])(-[#1])-[#1])(-[#1])-[#1])-[#1])(-[#1])-[#1])(-[#1])-[#1])(-[#1])-[#1])-[#1])-[#1])(-[#6](=[#8])-[#7](-[#6@@](-[#6](-[#6](-[#6](=[#8])-[#8]-[#1])(-[#1])-[#1])(-[#1])-[#1])(-[#6](=[#8])-[#7](-[#6@@](-[#6](-[#6]1:[#6](:[#6](:[#6](:[#6](:[#6]:1-[#1])-[#1])-[#1])-[#1])-[#1])(-[#1])-[#1])(-[#6](=[#8])-[#7:45](-[#6@@:46])-[#1])-[#1])-[#1])-[#1])-[#1])-[#1])-[#1])(-[#1])-[#1])(-[#1])(-[#1])-[#1]>>[#7:45](-[#6@@:46])(-[#1])-[#1],"EVODEX.2.1-P4626,EVODEX.2.1-P4627,EVODEX.2.1-P4628,EVODEX.2.1-P4629,EVODEX.2.1-P4630",44030160409464619204493010941241462202107938968736924045852155041835196194408
EVODEX.2.1-C885,[#6:57]-[#6:58](=[#8:59])-[#7](-[#6](-[#6](-[#7](-[#6]1:[#6](:[#6](:[#6](-[#7&+](=[#8])-[#8&-]):[#6](:[#6]:1-[#7&+](=[#8])-[#8&-])-[#1])-[#1])-[#1])-[#1])(-[#1])-[#1])(-[#1])-[#1])-[#1].[#8:79](-[#1])-[#1]>>[#6:57]-[#6:58](=[#8:59])-[#8:79]-[#1],"EVODEX.2.1-P4632,EVODEX.2.1-P4634,EVODEX.2.1-P4635,EVODEX.2.1-P4773,EVODEX.2.1-P5246",79202262790641707610748272857916722198851478299933296173770948228973313362877
EVODEX.2.1-C886,[#6:57]-[#6:58](=[#8:59])-[#7](-[#6](-[#6](-[#7](-[#6]1:[#6](:[#6](:[#6](-[#7&+](=[#8])-[#8&-]):[#6](:[#6]:1-[#7&+](=[#8])-[#8&-])-[#1])-[#1])-[#1])-[#1])(-[#1])-[#1])(-[#1])-[#1])-[#1]>>[#6:57]-[#6:58](=[#8:59])-[#8]-[#1],"EVODEX.2.1-P4633,EVODEX.2.1-P4636,EVODEX.2.1-P4637,EVODEX.2.1-P4638,EVODEX.2.1-P4639",100112155850658352908685106143036614180946427434736153570189683725000000063481
EVODEX.2.1-C887,[#6:54](-[#6@@:46])(=[#8:55])-[#7](-[#6@@](-[#6](-[#6](-[#6](-[#7](-[#1])-[#1])=[#8])(-[#1])-[#1])(-[#1])-[#1])(-[#6](=[#8])-[#7](-[#6](-[#6](-[#7](-[#6]1:[#6](:[#6](:[#6](-[#7&+](=[#8])-[#8&-]):[#6](:[#6]:1-[#7&+](=[#8])-[#8&-])-[#1])-[#1])-[#1])-[#1])(-[#1])-[#1])(-[#1])-[#1])-[#1])-[#1])-[#1].[#8:81](-[#1])-[#1]>>[#6:54](-[#6@@:46])(=[#8:55])-[#8:81]-[#1],"EVODEX.2.1-P4642,EVODEX.2.1-P4643,EVODEX.2.1-P4732,EVODEX.2.1-P5243,EVODEX.2.1-P5244",1239439083416466232930737130130496737856893084980781256770453711470164297889
EVODEX.2.1-C888,[#6:28](-[#6@:27])(=[#8:29])-[#7](-[#6]1:[#6](:[#6](:[#6]2:[#6](-[#6](-[#1])(-[#1])-[#1]):[#6](:[#6](=[#8]):[#8]:[#6]:2:[#6]:1-[#1])-[#1])-[#1])-[#1])-[#1].[#8:46](-[#1])-[#1]>>[#6:28](-[#6@:27])(=[#8:29])-[#8:46]-[#1],"EVODEX.2.1-P4650,EVODEX.2.1-P4900,EVODEX.2.1-P5048,EVODEX.2.1-P5056,EVODEX.2.1-P5062",97727303792302487906342758100464447610502023765849238692129250026006853086157
EVODEX.2.1-C889,[#7:6](-[#6@:5])(-[#1])-[#1]>>[#7:6](-[#6@:5])(-[#6](=[#8])-[#6@](-[#6](-[#6](-[#6](=[#8])-[#8]-[#1])(-[#1])-[#1])(-[#1])-[#1])(-[#7](-[#6](=[#8])-[#8]-[#6](-[#6]1:[#6](:[#6](:[#6](:[#6](:[#6]:1-[#1])-[#1])-[#1])-[#1])-[#1])(-[#1])-[#1])-[#1])-[#1])-[#1],"EVODEX.2.1-P4652,EVODEX.2.1-P4656,EVODEX.2.1-P4662,EVODEX.2.1-P4663,EVODEX.2.1-P4665",10437855755365304181815929457415088355377400067898666511534743639412152315223
EVODEX.2.1-C890,[#6](-[#6](-[#6](-[#1])(-[#1])-[#1])(-[#6](-[#6@](-[#7](-[#6](=[#8])-[#6@](-[#6](-[#1])(-[#1])-[#1])(-[#7](-[#6:12](=[#8:13])-[#6@:14])-[#1])-[#1])-[#1])(-[#6](=[#8])-[#8]-[#1])-[#1])(-[#1])-[#1])-[#1])(-[#1])(-[#1])-[#1].[#8:39](-[#1])-[#1]>>[#6:12](=[#8:13])(-[#6@:14])-[#8:39]-[#1],"EVODEX.2.1-P4681,EVODEX.2.1-P4685,EVODEX.2.1-P4687,EVODEX.2.1-P4839,EVODEX.2.1-P5150",112049121770015903022586113013008149624262251139523309891284978821838437697773
EVODEX.2.1-C891,[#6](-[#6](-[#6](-[#1])(-[#1])-[#1])(-[#6](-[#6@](-[#7](-[#6:7](=[#8:8])-[#6@@:9])-[#1])(-[#6](=[#8])-[#7](-[#6@@](-[#6](-[#1])(-[#1])-[#1])(-[#6](=[#8])-[#8]-[#1])-[#1])-[#1])-[#1])(-[#1])-[#1])-[#1])(-[#1])(-[#1])-[#1].[#8:36](-[#1])-[#1]>>[#6:7](=[#8:8])(-[#6@@:9])-[#8:36]-[#1],"EVODEX.2.1-P4689,EVODEX.2.1-P5156,EVODEX.2.1-P5164,EVODEX.2.1-P5167,EVODEX.2.1-P5171",88783753817101590179270380683609153740823804988211355178138728028705951371128
EVODEX.2.1-C892,[#6](-[#6](-[#6](-[#1])(-[#1])-[#1])(-[#6](-[#6@](-[#7](-[#6:7](=[#8:8])-[#6@@:9])-[#1])(-[#6](=[#8])-[#7](-[#6@@](-[#6](-[#1])(-[#1])-[#1])(-[#6](=[#8])-[#8]-[#1])-[#1])-[#1])-[#1])(-[#1])-[#1])-[#1])(-[#1])(-[#1])-[#1]>>[#6:7](=[#8:8])(-[#6@@:9])-[#8]-[#1],"EVODEX.2.1-P4690,EVODEX.2.1-P5165,EVODEX.2.1-P5168,EVODEX.2.1-P5172,EVODEX.2.1-P5253",63979177552304563227516973297917485515655892578421754179362495105104317512364
EVODEX.2.1-C893,[#7](=[#6](-[#7](-[#1])-[#1])-[#7](-[#6](-[#6](-[#6](-[#6@](-[#7](-[#6](=[#8])-[#6@](-[#6](-[#6]1:[#6](:[#6](:[#6](:[#6](:[#6]:1-[#1])-[#1])-[#1])-[#1])-[#1])(-[#1])-[#1])(-[#7](-[#6](=[#8])-[#6@@]1(-[#6](-[#6](-[#6](-[#7]-1-[#6](=[#8])-[#6@](-[#6](-[#8]-[#1])(-[#1])-[#1])(-[#7](-[#6:34](=[#8:35])-[#6@:36])-[#1])-[#1])(-[#1])-[#1])(-[#1])-[#1])(-[#1])-[#1])-[#1])-[#1])-[#1])-[#1])(-[#6](=[#8])-[#7](-[#6@@](-[#6](-[#6](-[#6](-[#7](-[#1])-[#1])=[#8])(-[#1])-[#1])(-[#1])-[#1])(-[#6](=[#8])-[#7](-[#6](-[#6](-[#7](-[#6]1:[#6](:[#6](:[#6](-[#7&+](=[#8])-[#8&-]):[#6](:[#6]:1-[#7&+](=[#8])-[#8&-])-[#1])-[#1])-[#1])-[#1])(-[#1])-[#1])(-[#1])-[#1])-[#1])-[#1])-[#1])-[#1])(-[#1])-[#1])(-[#1])-[#1])(-[#1])-[#1])-[#1])-[#1]>>[#6:34](=[#8:35])(-[#6@:36])-[#8]-[#1],"EVODEX.2.1-P4693,EVODEX.2.1-P5316,EVODEX.2.1-P5318,EVODEX.2.1-P5319,EVODEX.2.1-P5321",7017329882812532000105910423299519888173093778976963732509021012409927063161
EVODEX.2.1-C894,[#6:27](-[#6@:26])(=[#8:28])-[#7](-[#6]1:[#6](:[#6](:[#6]2:[#8]:[#6](=[#8]):[#6](:[#6](-[#6](-[#6](-[#7](-[#1])-[#1])=[#8])(-[#1])-[#1]):[#6]:2:[#6]:1-[#1])-[#1])-[#1])-[#1])-[#1]>>[#6:27](-[#6@:26])(=[#8:28])-[#8]-[#1],"EVODEX.2.1-P4696,EVODEX.2.1-P4700,EVODEX.2.1-P4704,EVODEX.2.1-P4706,EVODEX.2.1-P4710",58932712214558340148327391979732826688852411189259374641635117497024087022345
EVODEX.2.1-C895,[#7](-[#6](=[#8])-[#6](-[#6]1:[#6](:[#6](=[#8]):[#8]:[#6]2:[#6](:[#6](:[#6](-[#7](-[#6:15](=[#8:16])-[#6@@:17])-[#1]):[#6](:[#6]:1:2)-[#1])-[#1])-[#1])-[#1])(-[#1])-[#1])(-[#1])-[#1].[#8:42](-[#1])-[#1]>>[#6:15](=[#8:16])(-[#6@@:17])-[#8:42]-[#1],"EVODEX.2.1-P4698,EVODEX.2.1-P4701,EVODEX.2.1-P4707,EVODEX.2.1-P4709,EVODEX.2.1-P4713",97935526610723754906821856366815692318939245812639308553647304277837912183011
EVODEX.2.1-C896,[#7](=[#6](-[#7](-[#1])-[#1])-[#7](-[#6](-[#6](-[#6](-[#6@](-[#7](-[#6](=[#8])-[#6@](-[#6](-[#6]1:[#6](:[#6](:[#6](:[#6](:[#6]:1-[#1])-[#1])-[#1])-[#1])-[#1])(-[#1])-[#1])(-[#7](-[#6:21](=[#8:22])-[#6@@:23])-[#1])-[#1])-[#1])(-[#6](=[#8])-[#7](-[#6@@](-[#6](-[#6](-[#6](-[#7](-[#1])-[#1])=[#8])(-[#1])-[#1])(-[#1])-[#1])(-[#6](=[#8])-[#7](-[#6](-[#6](-[#7](-[#6]1:[#6](:[#6](:[#6](-[#7&+](=[#8])-[#8&-]):[#6](:[#6]:1-[#7&+](=[#8])-[#8&-])-[#1])-[#1])-[#1])-[#1])(-[#1])-[#1])(-[#1])-[#1])-[#1])-[#1])-[#1])-[#1])(-[#1])-[#1])(-[#1])-[#1])(-[#1])-[#1])-[#1])-[#1]>>[#6:21](=[#8:22])(-[#6@@:23])-[#8]-[#1],"EVODEX.2.1-P4716,EVODEX.2.1-P5229,EVODEX.2.1-P5232,EVODEX.2.1-P5233,EVODEX.2.1-P5234",66152182935825074449729157190862088054401776780764501580984803245344651675540
EVODEX.2.1-C897,[#6](-[#6](-[#6](-[#1])(-[#1])-[#1])(-[#6](-[#6@](-[#7](-[#6](=[#8])-[#6@](-[#6](-[#6](-[#6](-[#6](-[#7](-[#1])-[#1])(-[#1])-[#1])(-[#1])-[#1])(-[#1])-[#1])(-[#1])-[#1])(-[#7](-[#6](=[#8])-[#6]1:[#6](:[#6](:[#6](:[#6](:[#6]:1-[#7](-[#1])-[#1])-[#1])-[#1])-[#1])-[#1])-[#1])-[#1])-[#1])(-[#6](=[#8])-[#7](-[#6@@](-[#6](-[#6]1:[#6](:[#6](:[#6](:[#6](:[#6]:1-[#1])-[#1])-[#1])-[#1])-[#1])(-[#1])-[#1])(-[#6](=[#8])-[#7:38](-[#6@@:39])-[#1])-[#1])-[#1])-[#1])(-[#1])-[#1])-[#1])(-[#1])(-[#1])-[#1]>>[#7:38](-[#6@@:39])(-[#1])-[#1],"EVODEX.2.1-P4721,EVODEX.2.1-P4722,EVODEX.2.1-P4723,EVODEX.2.1-P4724,EVODEX.2.1-P4725",87992563849054160187238443248639002632404233663606913603451018338346545566349
EVODEX.2.1-C898,[#6:50](-[#6@:21])(=[#8:51])-[#8]-[#1]>>[#6](-[#6]1:[#6](:[#6](=[#8]):[#8]:[#6]2:[#6](:[#6](-[#7](-[#6:50](-[#6@:21])=[#8:51])-[#1]):[#6](:[#6](:[#6]:1:2)-[#1])-[#1])-[#1])-[#1])(-[#1])(-[#1])-[#1],"EVODEX.2.1-P4735,EVODEX.2.1-P4764,EVODEX.2.1-P4765,EVODEX.2.1-P4804,EVODEX.2.1-P4814",44765388294940260261535897459434274809780016575350188582864333445973920869076
EVODEX.2.1-C899,[#6:33](-[#6@@:27])(=[#8:34])-[#8:35]-[#1]>>[#6:33](-[#6@@:27])(=[#8:34])-[#7](-[#6]1:[#6](:[#6]2:[#8]:[#6](=[#8]):[#6](:[#6](-[#6](-[#1])(-[#1])-[#1]):[#6]:2:[#6](:[#6]:1-[#1])-[#1])-[#1])-[#1])-[#1].[#8:35](-[#1])-[#1],"EVODEX.2.1-P4736,EVODEX.2.1-P4738,EVODEX.2.1-P4741,EVODEX.2.1-P4802,EVODEX.2.1-P5014",32213840199085851819964972757566351708108884906541148929538544406281612734491
EVODEX.2.1-C900,[#6](-[#6@](-[#7](-[#6](=[#8])-[#6](-[#7](-[#6:8](=[#8:9])-[#6@:10])-[#1])(-[#1])-[#1])-[#1])(-[#6](=[#8])-[#7](-[#6](-[#6](=[#8])-[#7](-[#6@@](-[#6](-[#6](-[#6](-[#7](-[#1])-[#1])=[#8])(-[#1])-[#1])(-[#1])-[#1])(-[#6](=[#8])-[#7](-[#6](-[#6](-[#7](-[#6]1:[#6](:[#6](:[#6](-[#7&+](=[#8])-[#8&-]):[#6](:[#6]:1-[#7&+](=[#8])-[#8&-])-[#1])-[#1])-[#1])-[#1])(-[#1])-[#1])(-[#1])-[#1])-[#1])-[#1])-[#1])(-[#1])-[#1])-[#1])-[#1])(-[#1])(-[#1])-[#1].[#8:76](-[#1])-[#1]>>[#6:8](=[#8:9])(-[#6@:10])-[#8:76]-[#1],"EVODEX.2.1-P4744,EVODEX.2.1-P4750,EVODEX.2.1-P4752,EVODEX.2.1-P4754,EVODEX.2.1-P4756",9452330836760925144888770782327245417818248656174308020161453131389763794106
EVODEX.2.1-C901,[#6:74](-[#6@@:66])(=[#8:75])-[#8:76]-[#1]>>[#6](-[#6@](-[#7](-[#6](=[#8])-[#6](-[#7](-[#6:74](-[#6@@:66])=[#8:75])-[#1])(-[#1])-[#1])-[#1])(-[#6](=[#8])-[#7](-[#6](-[#6](=[#8])-[#7](-[#6@@](-[#6](-[#6](-[#6](-[#7](-[#1])-[#1])=[#8])(-[#1])-[#1])(-[#1])-[#1])(-[#6](=[#8])-[#7](-[#6](-[#6](-[#7](-[#6]1:[#6](:[#6](:[#6](-[#7&+](=[#8])-[#8&-]):[#6](:[#6]:1-[#7&+](=[#8])-[#8&-])-[#1])-[#1])-[#1])-[#1])(-[#1])-[#1])(-[#1])-[#1])-[#1])-[#1])-[#1])(-[#1])-[#1])-[#1])-[#1])(-[#1])(-[#1])-[#1].[#8:76](-[#1])-[#1],"EVODEX.2.1-P4745,EVODEX.2.1-P4748,EVODEX.2.1-P4755,EVODEX.2.1-P4761,EVODEX.2.1-P4799",110706359587862888626842210170326571446748075175883534891505579400383964011713
EVODEX.2.1-C902,[#6:35](-[#6@@:27])(=[#8:36])-[#8]-[#1]>>[#6:35](-[#6@@:27])(=[#8:36])-[#7](-[#6](-[#6](-[#7](-[#6@@](-[#6](-[#1])(-[#1])-[#1])(-[#6](=[#8])-[#7](-[#6](-[#6](=[#8])-[#7](-[#6@@](-[#6](-[#6](-[#6](-[#7](-[#1])-[#1])=[#8])(-[#1])-[#1])(-[#1])-[#1])(-[#6](=[#8])-[#7](-[#6](-[#6](-[#7](-[#6]1:[#6](:[#6](:[#6](-[#7&+](=[#8])-[#8&-]):[#6](:[#6]:1-[#7&+](=[#8])-[#8&-])-[#1])-[#1])-[#1])-[#1])(-[#1])-[#1])(-[#1])-[#1])-[#1])-[#1])-[#1])(-[#1])-[#1])-[#1])-[#1])-[#1])=[#8])(-[#1])-[#1])-[#1],"EVODEX.2.1-P4746,EVODEX.2.1-P4747,EVODEX.2.1-P4757,EVODEX.2.1-P4758,EVODEX.2.1-P4762",60686095639165106042401950094974061962791323774399281380303573131189405134245
EVODEX.2.1-C903,[#6](-[#6@](-[#7](-[#6](=[#8])-[#6](-[#7](-[#6:8](=[#8:9])-[#6@:10])-[#1])(-[#1])-[#1])-[#1])(-[#6](=[#8])-[#7](-[#6](-[#6](=[#8])-[#7](-[#6@@](-[#6](-[#6](-[#6](-[#7](-[#1])-[#1])=[#8])(-[#1])-[#1])(-[#1])-[#1])(-[#6](=[#8])-[#7](-[#6](-[#6](-[#7](-[#6]1:[#6](:[#6](:[#6](-[#7&+](=[#8])-[#8&-]):[#6](:[#6]:1-[#7&+](=[#8])-[#8&-])-[#1])-[#1])-[#1])-[#1])(-[#1])-[#1])(-[#1])-[#1])-[#1])-[#1])-[#1])(-[#1])-[#1])-[#1])-[#1])(-[#1])(-[#1])-[#1]>>[#6:8](=[#8:9])(-[#6@:10])-[#8]-[#1],"EVODEX.2.1-P4749,EVODEX.2.1-P4753,EVODEX.2.1-P4760,EVODEX.2.1-P4957,EVODEX.2.1-P5052",7140471564098640459225047910998803970974015700292721563463379464881554961819
EVODEX.2.1-C904,[#6:6]-[#7:7](-[#6](=[#8])-[#6@](-[#6](-[#6](-[#6](-[#7](-[#6](=[#7]-[#1])-[#7](-[#1])-[#1])-[#1])(-[#1])-[#1])(-[#1])-[#1])(-[#1])-[#1])(-[#7](-[#6](=[#8])-[#6](-[#7](-[#6](=[#8])-[#6](-[#7](-[#6](=[#8])-[#6@](-[#6](-[#1])(-[#1])-[#1])(-[#7](-[#6](=[#8])-[#6]1:[#6](:[#6](:[#6](:[#6](:[#6]:1-[#7](-[#1])-[#1])-[#1])-[#1])-[#1])-[#1])-[#1])-[#1])-[#1])(-[#1])-[#1])-[#1])(-[#1])-[#1])-[#1])-[#1])-[#1]>>[#6:6]-[#7:7](-[#1])-[#1],"EVODEX.2.1-P4759,EVODEX.2.1-P4796,EVODEX.2.1-P4797,EVODEX.2.1-P4958,EVODEX.2.1-P4961",75557383270030907218368777101402713690394250467885529870517993750934729199205
EVODEX.2.1-C905,[#6:42](-[#6@:2])(=[#8:43])-[#8]-[#1]>>[#6:42](-[#6@:2])(=[#8:43])-[#7](-[#6](-[#6](=[#8])-[#7](-[#6@@](-[#6](-[#6](-[#6](=[#8])-[#7](-[#6](-[#6](-[#7](-[#6]1:[#6](:[#6](:[#6](-[#7&+](=[#8])-[#8&-]):[#6](:[#6]:1-[#7&+](=[#8])-[#8&-])-[#1])-[#1])-[#1])-[#1])(-[#1])-[#1])(-[#1])-[#1])-[#1])(-[#1])-[#1])(-[#1])-[#1])(-[#6](=[#8])-[#8]-[#1])-[#1])-[#1])(-[#1])-[#1])-[#1],"EVODEX.2.1-P4769,EVODEX.2.1-P4771,EVODEX.2.1-P4775,EVODEX.2.1-P4777,EVODEX.2.1-P4783",101898016883660166588007383882668575321854990140756911098690875397014063066500
EVODEX.2.1-C906,[#6:48](-[#6@@:46])(=[#8:49])-[#7](-[#6](-[#6](=[#8])-[#7](-[#6@@](-[#6](-[#6](-[#6](=[#8])-[#7](-[#6](-[#6](-[#7](-[#6]1:[#6](:[#6](:[#6](-[#7&+](=[#8])-[#8&-]):[#6](:[#6]:1-[#7&+](=[#8])-[#8&-])-[#1])-[#1])-[#1])-[#1])(-[#1])-[#1])(-[#1])-[#1])-[#1])(-[#1])-[#1])(-[#1])-[#1])(-[#6](=[#8])-[#8]-[#1])-[#1])-[#1])(-[#1])-[#1])-[#1].[#8:79](-[#1])-[#1]>>[#6:48](-[#6@@:46])(=[#8:49])-[#8:79]-[#1],"EVODEX.2.1-P4770,EVODEX.2.1-P4772,EVODEX.2.1-P4780,EVODEX.2.1-P4786,EVODEX.2.1-P4788",4397746183175206639120495869398023347411007598325643853282735583322819075006
EVODEX.2.1-C907,[#6:43](-[#6@:2])(=[#8:44])-[#8:45]-[#1]>>[#6:43](-[#6@:2])(=[#8:44])-[#7](-[#6](-[#6](=[#8])-[#7](-[#6@@](-[#6](-[#6](-[#6](=[#8])-[#7](-[#6](-[#6](-[#7](-[#6]1:[#6](:[#6](:[#6](-[#7&+](=[#8])-[#8&-]):[#6](:[#6]:1-[#7&+](=[#8])-[#8&-])-[#1])-[#1])-[#1])-[#1])(-[#1])-[#1])(-[#1])-[#1])-[#1])(-[#1])-[#1])(-[#1])-[#1])(-[#6](=[#8])-[#8]-[#1])-[#1])-[#1])(-[#1])-[#1])-[#1].[#8:45](-[#1])-[#1],"EVODEX.2.1-P4774,EVODEX.2.1-P4778,EVODEX.2.1-P4784,EVODEX.2.1-P4785,EVODEX.2.1-P4790",12457208992710286917679145435855863481691018778344003309980191927201851730858
EVODEX.2.1-C908,[#6:45](-[#6@@:43])(=[#8:46])-[#7](-[#6](-[#6](=[#8])-[#7](-[#6@@](-[#6](-[#6](-[#6](=[#8])-[#7](-[#6](-[#6](-[#7](-[#6]1:[#6](:[#6](:[#6](-[#7&+](=[#8])-[#8&-]):[#6](:[#6]:1-[#7&+](=[#8])-[#8&-])-[#1])-[#1])-[#1])-[#1])(-[#1])-[#1])(-[#1])-[#1])-[#1])(-[#1])-[#1])(-[#1])-[#1])(-[#6](=[#8])-[#8]-[#1])-[#1])-[#1])(-[#1])-[#1])-[#1]>>[#6:45](-[#6@@:43])(=[#8:46])-[#8]-[#1],"EVODEX.2.1-P4779,EVODEX.2.1-P4781,EVODEX.2.1-P4782,EVODEX.2.1-P4787,EVODEX.2.1-P4789",31263633819299305889422169532477901331849447311210933207493550703026048237011
EVODEX.2.1-C909,[#7:35](-[#6:36])(-[#1])-[#1]>>[#6](-[#6@](-[#7](-[#6](=[#8])-[#6]1:[#6](:[#6](:[#6](:[#6](:[#6]:1-[#7](-[#1])-[#1])-[#1])-[#1])-[#1])-[#1])-[#1])(-[#6](=[#8])-[#7](-[#6](-[#6](=[#8])-[#7](-[#6](-[#6](=[#8])-[#7](-[#6@@](-[#6](-[#6](-[#6](-[#7](-[#6](=[#7]-[#1])-[#7](-[#1])-[#1])-[#1])(-[#1])-[#1])(-[#1])-[#1])(-[#1])-[#1])(-[#6](=[#8])-[#7:35](-[#6:36])-[#1])-[#1])-[#1])(-[#1])-[#1])-[#1])(-[#1])-[#1])-[#1])-[#1])(-[#1])(-[#1])-[#1],"EVODEX.2.1-P4791,EVODEX.2.1-P4792,EVODEX.2.1-P4793,EVODEX.2.1-P4794,EVODEX.2.1-P4798",91910700635770709493716504623838961391006920156003935029415432038614071066330
EVODEX.2.1-C910,[#6:30](-[#6@:8])(=[#8:31])-[#8:32]-[#1]>>[#6:30](-[#6@:8])(=[#8:31])-[#7](-[#6@](-[#6](-[#7](-[#6@@](-[#6](-[#6](-[#6](-[#6](-[#7](-[#1])-[#1])(-[#1])-[#1])(-[#1])-[#1])(-[#1])-[#1])(-[#1])-[#1])(-[#6](=[#8])-[#7](-[#6](-[#6](-[#7](-[#6]1:[#6](:[#6](:[#6](-[#7&+](=[#8])-[#8]-[#1]):[#6](:[#6]:1-[#7&+](=[#8])-[#8]-[#1])-[#1])-[#1])-[#1])-[#1])(-[#1])-[#1])(-[#1])-[#1])-[#1])-[#1])-[#1])=[#8])(-[#6](-[#6]1:[#6](:[#6](:[#6](:[#6](:[#6]:1-[#1])-[#1])-[#1])-[#1])-[#1])(-[#1])-[#1])-[#1])-[#1].[#8:32](-[#1])-[#1],"EVODEX.2.1-P4817,EVODEX.2.1-P4829,EVODEX.2.1-P4833,EVODEX.2.1-P4835,EVODEX.2.1-P4838",38160166781566216886713273234319656691700616667930562537863722858707198667810
EVODEX.2.1-C911,[#6:29](-[#6@:8])(=[#8:30])-[#7](-[#6@@](-[#6](-[#6]1:[#6](:[#6](:[#6](:[#6](:[#6]:1-[#1])-[#1])-[#1])-[#1])-[#1])(-[#1])-[#1])(-[#6](=[#8])-[#7](-[#6@@](-[#6](-[#6](-[#6](-[#6](-[#7](-[#1])-[#1])(-[#1])-[#1])(-[#1])-[#1])(-[#1])-[#1])(-[#1])-[#1])(-[#6](=[#8])-[#7](-[#6](-[#6](-[#7](-[#6]1:[#6](:[#6](:[#6](-[#7&+](=[#8])-[#8]-[#1]):[#6](:[#6]:1-[#7&+](=[#8])-[#8]-[#1])-[#1])-[#1])-[#1])-[#1])(-[#1])-[#1])(-[#1])-[#1])-[#1])-[#1])-[#1])-[#1])-[#1]>>[#6:29](-[#6@:8])(=[#8:30])-[#8]-[#1],"EVODEX.2.1-P4819,EVODEX.2.1-P4821,EVODEX.2.1-P4822,EVODEX.2.1-P4823,EVODEX.2.1-P4828",8528257492885525390962344092699192389111040140405900300775035146372940373540
EVODEX.2.1-C912,[#6:28](-[#6@@:22])(=[#8:29])-[#8]-[#1]>>[#6:28](-[#6@@:22])(=[#8:29])-[#7](-[#6@](-[#6](-[#7](-[#6@@](-[#6](-[#6](-[#6](-[#6](-[#7](-[#1])-[#1])(-[#1])-[#1])(-[#1])-[#1])(-[#1])-[#1])(-[#1])-[#1])(-[#6](=[#8])-[#7](-[#6](-[#6](-[#7](-[#6]1:[#6](:[#6](:[#6](-[#7&+](=[#8])-[#8]-[#1]):[#6](:[#6]:1-[#7&+](=[#8])-[#8]-[#1])-[#1])-[#1])-[#1])-[#1])(-[#1])-[#1])(-[#1])-[#1])-[#1])-[#1])-[#1])=[#8])(-[#6](-[#6]1:[#6](:[#6](:[#6](:[#6](:[#6]:1-[#1])-[#1])-[#1])-[#1])-[#1])(-[#1])-[#1])-[#1])-[#1],"EVODEX.2.1-P4824,EVODEX.2.1-P4825,EVODEX.2.1-P4832,EVODEX.2.1-P4834,EVODEX.2.1-P4837",88183123258718427949969399238881289587285329201881412337214919201742486509574
EVODEX.2.1-C913,[#6:27](-[#6@@:22])(=[#8:28])-[#7](-[#6@@](-[#6](-[#6]1:[#6](:[#6](:[#6](:[#6](:[#6]:1-[#1])-[#1])-[#1])-[#1])-[#1])(-[#1])-[#1])(-[#6](=[#8])-[#7](-[#6@@](-[#6](-[#6](-[#6](-[#6](-[#7](-[#1])-[#1])(-[#1])-[#1])(-[#1])-[#1])(-[#1])-[#1])(-[#1])-[#1])(-[#6](=[#8])-[#7](-[#6](-[#6](-[#7](-[#6]1:[#6](:[#6](:[#6](-[#7&+](=[#8])-[#8]-[#1]):[#6](:[#6]:1-[#7&+](=[#8])-[#8]-[#1])-[#1])-[#1])-[#1])-[#1])(-[#1])-[#1])(-[#1])-[#1])-[#1])-[#1])-[#1])-[#1])-[#1].[#8:65](-[#1])-[#1]>>[#6:27](-[#6@@:22])(=[#8:28])-[#8:65]-[#1],"EVODEX.2.1-P4826,EVODEX.2.1-P4827,EVODEX.2.1-P4830,EVODEX.2.1-P4831,EVODEX.2.1-P4836",22779423478602400699408910144938324796740333606761481963551811568615852433041
EVODEX.2.1-C914,[#7:31](-[#6@:26])(-[#6](=[#8])-[#6@](-[#6](-[#6](-[#6](-[#7](-[#6](=[#7]-[#1])-[#7](-[#1])-[#1])-[#1])(-[#1])-[#1])(-[#1])-[#1])(-[#1])-[#1])(-[#7](-[#6](=[#8])-[#6@](-[#6](-[#6](-[#6](-[#7](-[#1])-[#1])=[#8])(-[#1])-[#1])(-[#1])-[#1])(-[#7](-[#6](=[#8])-[#6@](-[#6](-[#6](-[#6](-[#1])(-[#1])-[#1])(-[#6](-[#1])(-[#1])-[#1])-[#1])(-[#1])-[#1])(-[#7](-[#6](=[#8])-[#6](-[#7](-[#1])-[#1])(-[#1])-[#1])-[#1])-[#1])-[#1])-[#1])-[#1])-[#1])-[#1]>>[#7:31](-[#6@:26])(-[#1])-[#1],"EVODEX.2.1-P4841,EVODEX.2.1-P4842,EVODEX.2.1-P4844,EVODEX.2.1-P4845,EVODEX.2.1-P4846",54115094438332275940450079063070923552996017321398038434802364402780794721026
EVODEX.2.1-C915,[#6:24](-[#6@:8])(=[#8:25])-[#7](-[#6]1:[#6](:[#6](:[#6]2:[#6](-[#6](-[#9])(-[#9])-[#9]):[#6](:[#6](=[#8]):[#8]:[#6]:2:[#6]:1-[#1])-[#1])-[#1])-[#1])-[#1].[#8:42](-[#1])-[#1]>>[#6:24](-[#6@:8])(=[#8:25])-[#8:42]-[#1],"EVODEX.2.1-P4865,EVODEX.2.1-P5010,EVODEX.2.1-P5051,EVODEX.2.1-P5060,EVODEX.2.1-P5067",45622134864198726282054981788243410366156567250537353939873630581075873772406
EVODEX.2.1-C916,[#6:18](-[#6@:2])(-[#7:19](-[#1])-[#1])=[#8:20].[#8:21](-[#1])-[#1]>>[#6:18](-[#6@:2])(=[#8:20])-[#8:21]-[#1].[#7:19](-[#1])(-[#1])-[#1],"EVODEX.2.1-P4872,EVODEX.2.1-P4954,EVODEX.2.1-P5385,EVODEX.2.1-P5463,EVODEX.2.1-P5691",8133504885653743724821200234263147304183375882375076370101244733527701075414
EVODEX.2.1-C917,[#6:14]-[#7:15](-[#6](=[#8])-[#6@](-[#6](-[#6](-[#6](-[#7](-[#6](=[#7]-[#1])-[#7](-[#1])-[#1])-[#1])(-[#1])-[#1])(-[#1])-[#1])(-[#1])-[#1])(-[#7](-[#6](=[#8])-[#6@@]1(-[#6](-[#6](-[#6](-[#7]-1-[#6](=[#8])-[#6@](-[#7](-[#1])-[#1])(-[#6](-[#6]1:[#6](:[#6](:[#6](:[#6](:[#6]:1-[#1])-[#1])-[#1])-[#1])-[#1])(-[#1])-[#1])-[#1])(-[#1])-[#1])(-[#1])-[#1])(-[#1])-[#1])-[#1])-[#1])-[#1])-[#1]>>[#6:14]-[#7:15](-[#1])-[#1],"EVODEX.2.1-P4886,EVODEX.2.1-P4887,EVODEX.2.1-P4888,EVODEX.2.1-P4890,EVODEX.2.1-P4891",95284019320415496667789858627881897552837040517583619206507626214923448239001
EVODEX.2.1-C918,[#6:4]-[#6:6](-[#6:7])(-[#7:9](-[#6:10](=[#8:11])-[#6@:12])-[#1])-[#1:56]>>[#6:10](=[#8:11])(-[#6@:12])-[#8]-[#1].[#6:4]-[#6@:6](-[#6:7])(-[#7:9](-[#1])-[#1])-[#1:56],"EVODEX.2.1-P4896,EVODEX.2.1-P4959,EVODEX.2.1-P4979,EVODEX.2.1-P4981,EVODEX.2.1-P5157",27352190523965452599461887490979104564824642524176351716754775017742560510056
EVODEX.2.1-C919,[#6](-[#6](-[#6@](-[#7](-[#6](=[#8])-[#6@](-[#6](-[#6]1:[#6](:[#6](:[#6](-[#8]-[#1]):[#6](:[#6]:1-[#1])-[#1])-[#1])-[#1])(-[#1])-[#1])(-[#7](-[#6](=[#8])-[#6@](-[#6](-[#6]1:[#6](:[#6](:[#6](-[#8]-[#1]):[#6](:[#6]:1-[#1])-[#1])-[#1])-[#1])(-[#1])-[#1])(-[#7](-[#6](=[#8])-[#6]1:[#6](:[#6](:[#6](:[#6](:[#6]:1-[#7](-[#1])-[#1])-[#1])-[#1])-[#1])-[#1])-[#1])-[#1])-[#1])-[#1])-[#1])(-[#6](=[#8])-[#7:40](-[#6:41])-[#1])-[#1])(-[#1])-[#1])(-[#1])(-[#1])-[#1]>>[#7:40](-[#6:41])(-[#1])-[#1],"EVODEX.2.1-P4902,EVODEX.2.1-P4905,EVODEX.2.1-P4908,EVODEX.2.1-P4910,EVODEX.2.1-P4912",68074356460760415321709193484386821297937767641197858256123345939828257716262
EVODEX.2.1-C920,[#6](-[#6](-[#6](-[#1])(-[#1])-[#1])(-[#6](-[#6@](-[#7](-[#6](=[#8])-[#6](-[#7](-[#6](=[#8])-[#6@](-[#6](-[#6](-[#6](-[#1])(-[#1])-[#1])(-[#6](-[#1])(-[#1])-[#1])-[#1])(-[#1])-[#1])(-[#7](-[#6:19](=[#8:20])-[#6@:21]-[#7:26](-[#6:27](=[#8:28])-[#6@@:29])-[#1])-[#1])-[#1])-[#1])(-[#1])-[#1])-[#1])(-[#6](=[#8])-[#8]-[#1])-[#1])(-[#1])-[#1])-[#1])(-[#1])(-[#1])-[#1].[#8:57](-[#1])-[#1].[#8:58](-[#1])-[#1]>>[#6:19](=[#8:20])(-[#6@:21]-[#7:26](-[#1])-[#1])-[#8:57]-[#1].[#6:27](=[#8:28])(-[#6@@:29])-[#8:58]-[#1],"EVODEX.2.1-P4916,EVODEX.2.1-P4925,EVODEX.2.1-P4930,EVODEX.2.1-P4936,EVODEX.2.1-P4948",36191238069196319167936910495671757298100308204344423038036763155225819327521
EVODEX.2.1-C921,[#6](-[#6](-[#6](-[#1])(-[#1])-[#1])(-[#6](-[#6@](-[#7](-[#6](=[#8])-[#6](-[#7](-[#6](=[#8])-[#6@](-[#6](-[#6](-[#6](-[#1])(-[#1])-[#1])(-[#6](-[#1])(-[#1])-[#1])-[#1])(-[#1])-[#1])(-[#7](-[#6:19](=[#8:20])-[#6@:21])-[#1])-[#1])-[#1])(-[#1])-[#1])-[#1])(-[#6](=[#8])-[#8]-[#1])-[#1])(-[#1])-[#1])-[#1])(-[#1])(-[#1])-[#1].[#8:57](-[#1])-[#1]>>[#6:19](=[#8:20])(-[#6@:21])-[#8:57]-[#1],"EVODEX.2.1-P4917,EVODEX.2.1-P4920,EVODEX.2.1-P4926,EVODEX.2.1-P4931,EVODEX.2.1-P4946",4524454949837343063555539997544277636146530146607039726994845274219497974485
EVODEX.2.1-C922,[#6](-[#6](-[#6](-[#1])(-[#1])-[#1])(-[#6](-[#6@](-[#7](-[#6](=[#8])-[#6](-[#7](-[#1])-[#1])(-[#1])-[#1])-[#1])(-[#6](=[#8])-[#7](-[#6@@](-[#6](-[#6](-[#6](-[#1])(-[#1])-[#1])(-[#6](-[#1])(-[#1])-[#1])-[#1])(-[#1])-[#1])(-[#6](=[#8])-[#7](-[#6@](-[#6](=[#8])-[#7:25](-[#6@@:26])-[#1])(-[#6](-[#6](-[#1])(-[#1])-[#1])(-[#6](-[#1])(-[#1])-[#1])-[#1])-[#1])-[#1])-[#1])-[#1])-[#1])(-[#1])-[#1])-[#1])(-[#1])(-[#1])-[#1]>>[#7:25](-[#6@@:26])(-[#1])-[#1],"EVODEX.2.1-P4918,EVODEX.2.1-P4919,EVODEX.2.1-P4927,EVODEX.2.1-P4933,EVODEX.2.1-P4939",44954150289355624260636649712855173385092220935121085796378135016722244633789
EVODEX.2.1-C923,[#6](-[#6](-[#6](-[#1])(-[#1])-[#1])(-[#6](-[#6@](-[#7](-[#6](=[#8])-[#6](-[#7](-[#6](=[#8])-[#6@](-[#6](-[#6](-[#6](-[#1])(-[#1])-[#1])(-[#6](-[#1])(-[#1])-[#1])-[#1])(-[#1])-[#1])(-[#7](-[#6:19](=[#8:20])-[#6@@:21])-[#1])-[#1])-[#1])(-[#1])-[#1])-[#1])(-[#6](=[#8])-[#8]-[#1])-[#1])(-[#1])-[#1])-[#1])(-[#1])(-[#1])-[#1]>>[#6:19](=[#8:20])(-[#6@@:21])-[#8]-[#1],"EVODEX.2.1-P4921,EVODEX.2.1-P4929,EVODEX.2.1-P4932,EVODEX.2.1-P4935,EVODEX.2.1-P4942",14023692293529361403952770891924911750723032843077084015855743081918695097725
EVODEX.2.1-C924,[#7:6](-[#6@:5]-[#6:34](=[#8:35])-[#7](-[#6@@](-[#6](-[#6](-[#6](-[#1])(-[#1])-[#1])(-[#6](-[#1])(-[#1])-[#1])-[#1])(-[#1])-[#1])(-[#6](=[#8])-[#7](-[#6](-[#6](=[#8])-[#7](-[#6@@](-[#6](-[#6](-[#6](-[#1])(-[#1])-[#1])(-[#6](-[#1])(-[#1])-[#1])-[#1])(-[#1])-[#1])(-[#6](=[#8])-[#8]-[#1])-[#1])-[#1])(-[#1])-[#1])-[#1])-[#1])-[#1])(-[#6:7](=[#8:8])-[#6@@:9])-[#1]>>[#6:7](=[#8:8])(-[#6@@:9])-[#8]-[#1].[#7:6](-[#6@:5]-[#6:34](=[#8:35])-[#8]-[#1])(-[#1])-[#1],"EVODEX.2.1-P4923,EVODEX.2.1-P4938,EVODEX.2.1-P4944,EVODEX.2.1-P4947,EVODEX.2.1-P4949",73661768431440920396173927006799717834172883719749324296222215590206893635909
EVODEX.2.1-C925,[#6](-[#6](-[#6@](-[#6](-[#1])(-[#1])-[#1])(-[#6@](-[#7](-[#6:7](=[#8:8])-[#6@:9])-[#1])(-[#6](=[#8])-[#7](-[#6@](-[#6](=[#8])-[#7](-[#6](-[#6](=[#8])-[#8]-[#1])(-[#1])-[#1])-[#1])(-[#6](-[#6](-[#1])(-[#1])-[#1])(-[#6](-[#1])(-[#1])-[#1])-[#1])-[#1])-[#1])-[#1])-[#1])(-[#1])-[#1])(-[#1])(-[#1])-[#1].[#8:60](-[#1])-[#1]>>[#6:7](=[#8:8])(-[#6@:9])-[#8:60]-[#1],"EVODEX.2.1-P4963,EVODEX.2.1-P4965,EVODEX.2.1-P4967,EVODEX.2.1-P4969,EVODEX.2.1-P4971",65662213688583041920858130232236635740865120598158005375478025590147884560984
EVODEX.2.1-C926,[#6](-[#6](-[#6@](-[#6](-[#1])(-[#1])-[#1])(-[#6@](-[#7](-[#6:7](=[#8:8])-[#6@:9])-[#1])(-[#6](=[#8])-[#7](-[#6@](-[#6](=[#8])-[#7](-[#6](-[#6](=[#8])-[#8]-[#1])(-[#1])-[#1])-[#1])(-[#6](-[#6](-[#1])(-[#1])-[#1])(-[#6](-[#1])(-[#1])-[#1])-[#1])-[#1])-[#1])-[#1])-[#1])(-[#1])-[#1])(-[#1])(-[#1])-[#1]>>[#6:7](=[#8:8])(-[#6@:9])-[#8]-[#1],"EVODEX.2.1-P4964,EVODEX.2.1-P4966,EVODEX.2.1-P4968,EVODEX.2.1-P4970,EVODEX.2.1-P4972",23954548964140534566085450409119610237608879264031268602944752530446723088354
EVODEX.2.1-C927,[#6:35](-[#6@@:27])(=[#8:36])-[#7](-[#6@@](-[#6](-[#8]-[#1])(-[#1])-[#1])(-[#6](=[#8])-[#7](-[#6@@](-[#6](-[#8]-[#1])(-[#1])-[#1])(-[#6](=[#8])-[#7](-[#6@@](-[#6](-[#6](-[#6](-[#6](-[#7](-[#1])-[#1])(-[#1])-[#1])(-[#1])-[#1])(-[#1])-[#1])(-[#1])-[#1])(-[#6](=[#8])-[#7](-[#6@@](-[#6](-[#6](-[#6](-[#7](-[#1])-[#1])=[#8])(-[#1])-[#1])(-[#1])-[#1])(-[#6](=[#8])-[#7](-[#6](-[#6](-[#7](-[#6]1:[#6](:[#6](:[#6](-[#7&+](=[#8])-[#8&-]):[#6](:[#6]:1-[#7&+](=[#8])-[#8&-])-[#1])-[#1])-[#1])-[#1])(-[#1])-[#1])(-[#1])-[#1])-[#1])-[#1])-[#1])-[#1])-[#1])-[#1])-[#1])-[#1])-[#1].[#8:83](-[#1])-[#1]>>[#6:35](-[#6@@:27])(=[#8:36])-[#8:83]-[#1],"EVODEX.2.1-P4993,EVODEX.2.1-P4994,EVODEX.2.1-P5006,EVODEX.2.1-P5180,EVODEX.2.1-P5185",55224983492121115802299540931378994488585171793084671364794835271877973774222
EVODEX.2.1-C928,[#6:31](-[#6@@:23])(=[#8:32])-[#7](-[#6@@](-[#6](-[#8]-[#1])(-[#1])-[#1])(-[#6](=[#8])-[#7](-[#6@@](-[#6](-[#8]-[#1])(-[#1])-[#1])(-[#6](=[#8])-[#7](-[#6@@](-[#6](-[#6](-[#6](-[#6](-[#7](-[#1])-[#1])(-[#1])-[#1])(-[#1])-[#1])(-[#1])-[#1])(-[#1])-[#1])(-[#6](=[#8])-[#7](-[#6@@](-[#6](-[#6](-[#6](-[#7](-[#1])-[#1])=[#8])(-[#1])-[#1])(-[#1])-[#1])(-[#6](=[#8])-[#7](-[#6](-[#6](-[#7](-[#6]1:[#6](:[#6](:[#6](-[#7&+](=[#8])-[#8&-]):[#6](:[#6]:1-[#7&+](=[#8])-[#8&-])-[#1])-[#1])-[#1])-[#1])(-[#1])-[#1])(-[#1])-[#1])-[#1])-[#1])-[#1])-[#1])-[#1])-[#1])-[#1])-[#1])-[#1]>>[#6:31](-[#6@@:23])(=[#8:32])-[#8]-[#1],"EVODEX.2.1-P4995,EVODEX.2.1-P4996,EVODEX.2.1-P4998,EVODEX.2.1-P5007,EVODEX.2.1-P5009",47234286702170550779526779314975390636840474708085375145909468831723168993958
EVODEX.2.1-C929,[#6](-[#6](-[#6](-[#1])(-[#1])-[#1])(-[#6](-[#6@](-[#7](-[#6](=[#8])-[#6@](-[#6](-[#6](-[#6](-[#6](-[#7](-[#1])-[#1])(-[#1])-[#1])(-[#1])-[#1])(-[#1])-[#1])(-[#1])-[#1])(-[#7](-[#6](=[#8])-[#6]1:[#6](:[#6](:[#6](:[#6](:[#6]:1-[#7](-[#1])-[#1])-[#1])-[#1])-[#1])-[#1])-[#1])-[#1])-[#1])(-[#6](=[#8])-[#7](-[#6@@](-[#6](-[#6](-[#6](-[#7](-[#6](=[#7]-[#1])-[#7](-[#1])-[#1])-[#1])(-[#1])-[#1])(-[#1])-[#1])(-[#1])-[#1])(-[#6](=[#8])-[#7:38](-[#6@@:39])-[#1])-[#1])-[#1])-[#1])(-[#1])-[#1])-[#1])(-[#1])(-[#1])-[#1]>>[#7:38](-[#6@@:39])(-[#1])-[#1],"EVODEX.2.1-P4999,EVODEX.2.1-P5000,EVODEX.2.1-P5002,EVODEX.2.1-P5003,EVODEX.2.1-P5005",104668517757768495187316978496479639240025726810795177116426784554761847035836
EVODEX.2.1-C930,[#7:27]-[#6:28](-[#6:29])(-[#6:36](=[#8:37])-[#7:38](-[#6:39](-[#6:40])(-[#6:47])-[#1:132])-[#1])-[#1:120]>>[#7:27]-[#6@@:28](-[#6:29])(-[#6:36](=[#8:37])-[#8]-[#1])-[#1:120].[#7:38](-[#6@:39](-[#6:40])(-[#6:47])-[#1:132])(-[#1])-[#1],"EVODEX.2.1-P5001,EVODEX.2.1-P5004,EVODEX.2.1-P5008,EVODEX.2.1-P5278,EVODEX.2.1-P5314",22776227608188322541351653690303700861128847868413954997778591758211649426604
EVODEX.2.1-C931,[#6:16](-[#6@:5])(=[#8:17])-[#8]-[#1]>>[#6:16](-[#6@:5])(=[#8:17])-[#7](-[#1])-[#1],"EVODEX.2.1-P5013,EVODEX.2.1-P5465,EVODEX.2.1-P5545,EVODEX.2.1-P5547,EVODEX.2.1-P5555",99950457550561024493605686205184415361890280483619580379842117337095135180204
EVODEX.2.1-C932,[#7:9](-[#6@:8])(-[#1])-[#1]>>[#7:9](-[#6@:8])(-[#6](=[#8])-[#6@](-[#6](-[#6](-[#6](-[#7](-[#6](=[#7]-[#1])-[#7](-[#1])-[#1])-[#1])(-[#1])-[#1])(-[#1])-[#1])(-[#1])-[#1])(-[#7](-[#6](=[#8])-[#6]1:[#6](:[#6](:[#6](:[#6](:[#6]:1-[#1])-[#1])-[#1])-[#1])-[#1])-[#1])-[#1])-[#1],"EVODEX.2.1-P5016,EVODEX.2.1-P5099,EVODEX.2.1-P5105,EVODEX.2.1-P5108,EVODEX.2.1-P5110",58840380386794848493027876104379299317813243446945602619590077426071741587339
EVODEX.2.1-C933,[#7:12](-[#6@:11])(-[#6](=[#8])-[#6@](-[#6](-[#6](-[#6](-[#7](-[#6](=[#7]-[#1])-[#7](-[#1])-[#1])-[#1])(-[#1])-[#1])(-[#1])-[#1])(-[#1])-[#1])(-[#7](-[#6](=[#8])-[#6]1:[#6](:[#6](:[#6](:[#6](:[#6]:1-[#1])-[#1])-[#1])-[#1])-[#1])-[#1])-[#1])-[#1]>>[#7:12](-[#6@:11])(-[#1])-[#1],"EVODEX.2.1-P5017,EVODEX.2.1-P5100,EVODEX.2.1-P5103,EVODEX.2.1-P5106,EVODEX.2.1-P5111",25547070396370986031196819221792193307087957127351507630757368226722537008978
EVODEX.2.1-C934,[#6](-[#6](-[#6](-[#1])(-[#1])-[#1])(-[#6](-[#6@](-[#7](-[#6:7](=[#8:8])-[#6:9])-[#1])(-[#6](=[#8])-[#7](-[#6@@](-[#6](-[#6](-[#6](-[#7](-[#6](=[#7]-[#1])-[#7](-[#1])-[#1])-[#1])(-[#1])-[#1])(-[#1])-[#1])(-[#1])-[#1])(-[#6](=[#8])-[#7](-[#6@@](-[#6](-[#6]1:[#6](:[#7](:[#6]2:[#6](:[#6](:[#6](:[#6](:[#6]:1:2)-[#1])-[#1])-[#1])-[#1])-[#1])-[#1])(-[#1])-[#1])(-[#6](=[#8])-[#7](-[#6@@](-[#6](-[#6](-[#6](=[#8])-[#8]-[#1])(-[#1])-[#1])(-[#1])-[#1])(-[#6](=[#8])-[#7](-[#6@@](-[#6](-[#6](-[#6](-[#6](-[#7](-[#6]1:[#6](:[#6](:[#6](-[#7&+](=[#8])-[#8&-]):[#6](:[#6]:1-[#7&+](=[#8])-[#8&-])-[#1])-[#1])-[#1])-[#1])(-[#1])-[#1])(-[#1])-[#1])(-[#1])-[#1])(-[#1])-[#1])(-[#6](=[#8])-[#7](-[#6@](-[#6](-[#6](-[#6](-[#7](-[#6](=[#7]-[#1])-[#7](-[#1])-[#1])-[#1])(-[#1])-[#1])(-[#1])-[#1])(-[#1])-[#1])(-[#6](-[#7](-[#1])-[#1])=[#8])-[#1])-[#1])-[#1])-[#1])-[#1])-[#1])-[#1])-[#1])-[#1])-[#1])-[#1])(-[#1])-[#1])-[#1])(-[#1])(-[#1])-[#1].[#8:130](-[#1])-[#1]>>[#6:7](=[#8:8])(-[#6:9])-[#8:130]-[#1],"EVODEX.2.1-P5022,EVODEX.2.1-P5024,EVODEX.2.1-P5025,EVODEX.2.1-P5028,EVODEX.2.1-P5039",22537346254747744322009194561357640426096744210878112691473664652630365045314
EVODEX.2.1-C935,[#6](-[#6](-[#6](-[#1])(-[#1])-[#1])(-[#6](-[#6@](-[#7](-[#6:7](=[#8:8])-[#6:9])-[#1])(-[#6](=[#8])-[#7](-[#6@@](-[#6](-[#6](-[#6](-[#7](-[#6](=[#7]-[#1])-[#7](-[#1])-[#1])-[#1])(-[#1])-[#1])(-[#1])-[#1])(-[#1])-[#1])(-[#6](=[#8])-[#7](-[#6@@](-[#6](-[#6]1:[#6](:[#7](:[#6]2:[#6](:[#6](:[#6](:[#6](:[#6]:1:2)-[#1])-[#1])-[#1])-[#1])-[#1])-[#1])(-[#1])-[#1])(-[#6](=[#8])-[#7](-[#6@@](-[#6](-[#6](-[#6](=[#8])-[#8]-[#1])(-[#1])-[#1])(-[#1])-[#1])(-[#6](=[#8])-[#7](-[#6@@](-[#6](-[#6](-[#6](-[#6](-[#7](-[#6]1:[#6](:[#6](:[#6](-[#7&+](=[#8])-[#8&-]):[#6](:[#6]:1-[#7&+](=[#8])-[#8&-])-[#1])-[#1])-[#1])-[#1])(-[#1])-[#1])(-[#1])-[#1])(-[#1])-[#1])(-[#1])-[#1])(-[#6](=[#8])-[#7](-[#6@](-[#6](-[#6](-[#6](-[#7](-[#6](=[#7]-[#1])-[#7](-[#1])-[#1])-[#1])(-[#1])-[#1])(-[#1])-[#1])(-[#1])-[#1])(-[#6](-[#7](-[#1])-[#1])=[#8])-[#1])-[#1])-[#1])-[#1])-[#1])-[#1])-[#1])-[#1])-[#1])-[#1])-[#1])(-[#1])-[#1])-[#1])(-[#1])(-[#1])-[#1]>>[#6:7](=[#8:8])(-[#6:9])-[#8]-[#1],"EVODEX.2.1-P5023,EVODEX.2.1-P5026,EVODEX.2.1-P5027,EVODEX.2.1-P5029,EVODEX.2.1-P5030",5959873575342384755564804067036541798640268857804977328530768330687230356266
EVODEX.2.1-C936,[#7:6](-[#6@:5])(-[#6](=[#8])-[#6](-[#7](-[#6](=[#8])-[#6@@](-[#7](-[#6](=[#8])-[#6@@](-[#7](-[#6](=[#8])-[#6@](-[#6](-[#6]1:[#6](:[#7]:[#6](:[#7]:1-[#1])-[#1])-[#1])(-[#1])-[#1])(-[#7](-[#6](=[#8])-[#6@](-[#6](-[#6]1:[#6](:[#7](:[#6]2:[#6](:[#6](:[#6](:[#6](:[#6]:1:2)-[#1])-[#1])-[#1])-[#1])-[#1])-[#1])(-[#1])-[#1])(-[#7](-[#6](=[#8])-[#6@](-[#6](-[#6](-[#6](-[#7](-[#6](=[#7]-[#1])-[#7](-[#1])-[#1])-[#1])(-[#1])-[#1])(-[#1])-[#1])(-[#1])-[#1])(-[#7](-[#6](=[#8])-[#6](-[#7](-[#1])-[#1])(-[#1])-[#1])-[#1])-[#1])-[#1])-[#1])-[#1])-[#1])-[#1])(-[#6@@](-[#6](-[#1])(-[#1])-[#1])(-[#8]-[#1])-[#1])-[#1])-[#1])(-[#6](-[#6](-[#1])(-[#1])-[#1])(-[#6](-[#1])(-[#1])-[#1])-[#1])-[#1])-[#1])(-[#1])-[#1])-[#1]>>[#7:6](-[#6@:5])(-[#1])-[#1],"EVODEX.2.1-P5032,EVODEX.2.1-P5033,EVODEX.2.1-P5034,EVODEX.2.1-P5035,EVODEX.2.1-P5036",19098443981532120040967555755844001077259174446552025422060782960019634713633
EVODEX.2.1-C937,[#7:11]-[#6:12](=[#7:13])-[#7](-[#1])-[#1].[#8:23](-[#1])-[#1]>>[#7:11]-[#6:12](=[#7:13])-[#8:23]-[#1],"EVODEX.2.1-P5064,EVODEX.2.1-P5744,EVODEX.2.1-P5745,EVODEX.2.1-P5749,EVODEX.2.1-P5751",40737008008624423456771998542466503988141964297518883605282868320410138665589
EVODEX.2.1-C938,[#6:33](-[#6@@:27])(=[#8:34])-[#7](-[#6@@](-[#6](-[#8]-[#1])(-[#1])-[#1])(-[#6](=[#8])-[#7](-[#6](-[#6](=[#8])-[#7](-[#6@@](-[#6](-[#6]1:[#6](:[#6](:[#6](:[#6](:[#6]:1-[#1])-[#1])-[#1])-[#1])-[#1])(-[#1])-[#1])(-[#6](-[#7](-[#1])-[#1])=[#8])-[#1])-[#1])(-[#1])-[#1])-[#1])-[#1])-[#1].[#8:57](-[#1])-[#1]>>[#6:33](-[#6@@:27])(=[#8:34])-[#8:57]-[#1],"EVODEX.2.1-P5069,EVODEX.2.1-P5076,EVODEX.2.1-P5078,EVODEX.2.1-P5079,EVODEX.2.1-P5080",104946087695917449563752508596060584399735870189954710426675129373813479082066
EVODEX.2.1-C939,[#6:32](-[#6@@:26])(=[#8:33])-[#7](-[#6@@](-[#6](-[#8]-[#1])(-[#1])-[#1])(-[#6](=[#8])-[#7](-[#6](-[#6](=[#8])-[#7](-[#6@@](-[#6](-[#6]1:[#6](:[#6](:[#6](:[#6](:[#6]:1-[#1])-[#1])-[#1])-[#1])-[#1])(-[#1])-[#1])(-[#6](-[#7](-[#1])-[#1])=[#8])-[#1])-[#1])(-[#1])-[#1])-[#1])-[#1])-[#1]>>[#6:32](-[#6@@:26])(=[#8:33])-[#8]-[#1],"EVODEX.2.1-P5070,EVODEX.2.1-P5071,EVODEX.2.1-P5072,EVODEX.2.1-P5077,EVODEX.2.1-P5081",61207838255025381690383079629683850429573946418084458547312272496757675130426
EVODEX.2.1-C940,[#6](-[#6](-[#6](-[#1])(-[#1])-[#1])(-[#6](-[#6@](-[#7](-[#6](=[#8])-[#6@@](-[#7](-[#6](=[#8])-[#6@](-[#6](-[#1])(-[#1])-[#1])(-[#7](-[#6](=[#8])-[#6@@](-[#7](-[#1])-[#1])(-[#6](-[#8]-[#1])(-[#1])-[#1])-[#1])-[#1])-[#1])-[#1])(-[#6](-[#6](-[#1])(-[#1])-[#1])(-[#6](-[#1])(-[#1])-[#1])-[#1])-[#1])-[#1])(-[#6](=[#8])-[#7](-[#6@@](-[#6](-[#6](-[#6](-[#7](-[#1])-[#1])=[#8])(-[#1])-[#1])(-[#1])-[#1])(-[#6](=[#8])-[#7:36](-[#6@@:37])-[#1])-[#1])-[#1])-[#1])(-[#1])-[#1])-[#1])(-[#1])(-[#1])-[#1]>>[#7:36](-[#6@@:37])(-[#1])-[#1],"EVODEX.2.1-P5073,EVODEX.2.1-P5074,EVODEX.2.1-P5075,EVODEX.2.1-P5082,EVODEX.2.1-P5083",36951128151593771974660719319925675428189680863696256152365425275947982382101
EVODEX.2.1-C941,[#6:58](-[#6@@:52])(=[#8:59])-[#7](-[#6@@](-[#6](-[#8]-[#1])(-[#1])-[#1])(-[#6](=[#8])-[#7](-[#6](-[#6](=[#8])-[#7](-[#6@@](-[#6](-[#6]1:[#6](:[#6](:[#6](:[#6](:[#6]:1-[#1])-[#1])-[#1])-[#1])-[#1])(-[#1])-[#1])(-[#6](=[#8])-[#7](-[#6@@](-[#6](-[#6](-[#6](-[#7](-[#6](=[#7]-[#1])-[#7](-[#1])-[#1])-[#1])(-[#1])-[#1])(-[#1])-[#1])(-[#1])-[#1])(-[#6](=[#8])-[#7](-[#6@@](-[#6](-[#6](-[#6](-[#6](-[#7](-[#1])-[#1])(-[#1])-[#1])(-[#1])-[#1])(-[#1])-[#1])(-[#1])-[#1])(-[#6](=[#8])-[#7](-[#6@@](-[#6](-[#6]1:[#6](:[#7](:[#6]2:[#6](:[#6](:[#6](:[#6](:[#6]:1:2)-[#1])-[#1])-[#1])-[#1])-[#1])-[#1])(-[#1])-[#1])(-[#6](=[#8])-[#7](-[#6@@](-[#6](-[#1])(-[#1])-[#1])(-[#6](=[#8])-[#8]-[#1])-[#1])-[#1])-[#1])-[#1])-[#1])-[#1])-[#1])-[#1])-[#1])-[#1])(-[#1])-[#1])-[#1])-[#1])-[#1].[#8:121](-[#1])-[#1]>>[#6:58](-[#6@@:52])(=[#8:59])-[#8:121]-[#1],"EVODEX.2.1-P5084,EVODEX.2.1-P5085,EVODEX.2.1-P5089,EVODEX.2.1-P5090,EVODEX.2.1-P5093",86599130314659422267055908708410552514825496816847130952544112729644556906433
EVODEX.2.1-C942,[#6:63](-[#6@@:57])(=[#8:64])-[#7](-[#6@@](-[#6](-[#8]-[#1])(-[#1])-[#1])(-[#6](=[#8])-[#7](-[#6](-[#6](=[#8])-[#7](-[#6@@](-[#6](-[#6]1:[#6](:[#6](:[#6](:[#6](:[#6]:1-[#1])-[#1])-[#1])-[#1])-[#1])(-[#1])-[#1])(-[#6](=[#8])-[#7](-[#6@@](-[#6](-[#6](-[#6](-[#7](-[#6](=[#7]-[#1])-[#7](-[#1])-[#1])-[#1])(-[#1])-[#1])(-[#1])-[#1])(-[#1])-[#1])(-[#6](=[#8])-[#7](-[#6@@](-[#6](-[#6](-[#6](-[#6](-[#7](-[#1])-[#1])(-[#1])-[#1])(-[#1])-[#1])(-[#1])-[#1])(-[#1])-[#1])(-[#6](=[#8])-[#7](-[#6@@](-[#6](-[#6]1:[#6](:[#7](:[#6]2:[#6](:[#6](:[#6](:[#6](:[#6]:1:2)-[#1])-[#1])-[#1])-[#1])-[#1])-[#1])(-[#1])-[#1])(-[#6](=[#8])-[#7](-[#6@@](-[#6](-[#1])(-[#1])-[#1])(-[#6](=[#8])-[#8]-[#1])-[#1])-[#1])-[#1])-[#1])-[#1])-[#1])-[#1])-[#1])-[#1])-[#1])(-[#1])-[#1])-[#1])-[#1])-[#1]>>[#6:63](-[#6@@:57])(=[#8:64])-[#8]-[#1],"EVODEX.2.1-P5086,EVODEX.2.1-P5087,EVODEX.2.1-P5088,EVODEX.2.1-P5091,EVODEX.2.1-P5092",42491352179289365808743742291590916261966323542499296187776273361088891266928
EVODEX.2.1-C943,[#6](-[#6](-[#6@](-[#6](-[#1])(-[#1])-[#1])(-[#6@](-[#7](-[#6](=[#8])-[#6@@]1(-[#6](-[#6](-[#6](-[#7]-1-[#6:14](=[#8:15])-[#6@:16])(-[#1])-[#1])(-[#1])-[#1])(-[#1])-[#1])-[#1])-[#1])(-[#6](=[#8])-[#7](-[#6@](-[#6](=[#8])-[#7](-[#6@@](-[#6](-[#6](-[#6](-[#7](-[#1])-[#1])=[#8])(-[#1])-[#1])(-[#1])-[#1])(-[#6](=[#8])-[#8]-[#1])-[#1])-[#1])(-[#6](-[#6](-[#1])(-[#1])-[#1])(-[#6](-[#1])(-[#1])-[#1])-[#1])-[#1])-[#1])-[#1])-[#1])(-[#1])-[#1])(-[#1])(-[#1])-[#1].[#8:75](-[#1])-[#1]>>[#6:14](=[#8:15])(-[#6@:16])-[#8:75]-[#1],"EVODEX.2.1-P5116,EVODEX.2.1-P5128,EVODEX.2.1-P5129,EVODEX.2.1-P5151,EVODEX.2.1-P5154",53441591125561371880137667461025144551666439174025796187252968512368198237844
EVODEX.2.1-C944,[#6](-[#16]-[#6](-[#6](-[#6@](-[#7](-[#6](=[#8])-[#6@](-[#6](-[#1])(-[#1])-[#1])(-[#7](-[#6](=[#8])-[#6@](-[#6](-[#6](-[#6](-[#1])(-[#1])-[#1])(-[#6](-[#1])(-[#1])-[#1])-[#1])(-[#1])-[#1])(-[#7](-[#6:20](=[#8:21])-[#6@:22])-[#1])-[#1])-[#1])-[#1])-[#1])(-[#6](=[#8])-[#7](-[#6@](-[#6](=[#8])-[#7](-[#6@@](-[#6](-[#6](-[#16]-[#6](-[#1])(-[#1])-[#1])(-[#1])-[#1])(-[#1])-[#1])(-[#6](=[#8])-[#7](-[#6@@](-[#6](-[#6](-[#6](-[#7](-[#6](=[#7]-[#1])-[#7](-[#1])-[#1])-[#1])(-[#1])-[#1])(-[#1])-[#1])(-[#1])-[#1])(-[#6](=[#8])-[#7](-[#6@@](-[#6](-[#6](-[#6](-[#7](-[#6](=[#7]-[#1])-[#7](-[#1])-[#1])-[#1])(-[#1])-[#1])(-[#1])-[#1])(-[#1])-[#1])(-[#6](=[#8])-[#8]-[#1])-[#1])-[#1])-[#1])-[#1])-[#1])-[#1])(-[#6@@](-[#6](-[#1])(-[#1])-[#1])(-[#8]-[#1])-[#1])-[#1])-[#1])-[#1])(-[#1])-[#1])(-[#1])-[#1])(-[#1])(-[#1])-[#1].[#8:98](-[#1])-[#1]>>[#6:20](=[#8:21])(-[#6@:22])-[#8:98]-[#1],"EVODEX.2.1-P5117,EVODEX.2.1-P5120,EVODEX.2.1-P5123,EVODEX.2.1-P5143,EVODEX.2.1-P5144",90070421786620472269076787102311606228033667131375112851694017313060064314088
EVODEX.2.1-C945,[#6](-[#16]-[#6](-[#6](-[#6@](-[#7](-[#6](=[#8])-[#6@](-[#6](-[#1])(-[#1])-[#1])(-[#7](-[#6](=[#8])-[#6@](-[#6](-[#6](-[#6](-[#1])(-[#1])-[#1])(-[#6](-[#1])(-[#1])-[#1])-[#1])(-[#1])-[#1])(-[#7](-[#6:20](=[#8:21])-[#6@:22])-[#1])-[#1])-[#1])-[#1])-[#1])(-[#6](=[#8])-[#7](-[#6@](-[#6](=[#8])-[#7](-[#6@@](-[#6](-[#6](-[#16]-[#6](-[#1])(-[#1])-[#1])(-[#1])-[#1])(-[#1])-[#1])(-[#6](=[#8])-[#7](-[#6@@](-[#6](-[#6](-[#6](-[#7](-[#6](=[#7]-[#1])-[#7](-[#1])-[#1])-[#1])(-[#1])-[#1])(-[#1])-[#1])(-[#1])-[#1])(-[#6](=[#8])-[#7](-[#6@@](-[#6](-[#6](-[#6](-[#7](-[#6](=[#7]-[#1])-[#7](-[#1])-[#1])-[#1])(-[#1])-[#1])(-[#1])-[#1])(-[#1])-[#1])(-[#6](=[#8])-[#8]-[#1])-[#1])-[#1])-[#1])-[#1])-[#1])-[#1])(-[#6@@](-[#6](-[#1])(-[#1])-[#1])(-[#8]-[#1])-[#1])-[#1])-[#1])-[#1])(-[#1])-[#1])(-[#1])-[#1])(-[#1])(-[#1])-[#1]>>[#6:20](=[#8:21])(-[#6@:22])-[#8]-[#1],"EVODEX.2.1-P5118,EVODEX.2.1-P5119,EVODEX.2.1-P5121,EVODEX.2.1-P5122,EVODEX.2.1-P5142",61176043619217814181147992088836676288576995824853662202448807577115352992856
EVODEX.2.1-C946,[#6](-[#6](-[#6@](-[#6](-[#1])(-[#1])-[#1])(-[#6@](-[#7](-[#6](=[#8])-[#6@@]1(-[#6](-[#6](-[#6](-[#7]-1-[#6:14](=[#8:15])-[#6@:16])(-[#1])-[#1])(-[#1])-[#1])(-[#1])-[#1])-[#1])-[#1])(-[#6](=[#8])-[#7](-[#6@](-[#6](=[#8])-[#8]-[#1])(-[#6](-[#6](-[#1])(-[#1])-[#1])(-[#6](-[#1])(-[#1])-[#1])-[#1])-[#1])-[#1])-[#1])-[#1])(-[#1])-[#1])(-[#1])(-[#1])-[#1]>>[#6:14](=[#8:15])(-[#6@:16])-[#8]-[#1],"EVODEX.2.1-P5124,EVODEX.2.1-P5132,EVODEX.2.1-P5133,EVODEX.2.1-P5137,EVODEX.2.1-P5139",37689352806754436432624292280443732846012455445758785206772434767891933818528
EVODEX.2.1-C947,[#6](-[#6](-[#6@](-[#6](-[#1])(-[#1])-[#1])(-[#6@](-[#7](-[#6](=[#8])-[#6@@]1(-[#6](-[#6](-[#6](-[#7]-1-[#6:14](=[#8:15])-[#6@:16])(-[#1])-[#1])(-[#1])-[#1])(-[#1])-[#1])-[#1])-[#1])(-[#6](=[#8])-[#7](-[#6@](-[#6](=[#8])-[#7](-[#6@@](-[#6](-[#6](-[#6](-[#7](-[#1])-[#1])=[#8])(-[#1])-[#1])(-[#1])-[#1])(-[#6](=[#8])-[#8]-[#1])-[#1])-[#1])(-[#6](-[#6](-[#1])(-[#1])-[#1])(-[#6](-[#1])(-[#1])-[#1])-[#1])-[#1])-[#1])-[#1])-[#1])(-[#1])-[#1])(-[#1])(-[#1])-[#1]>>[#6:14](=[#8:15])(-[#6@:16])-[#8]-[#1],"EVODEX.2.1-P5125,EVODEX.2.1-P5127,EVODEX.2.1-P5130,EVODEX.2.1-P5131,EVODEX.2.1-P5152",83670708114805549562783021876532823999617349796089355456727032864128583810298
EVODEX.2.1-C948,[#6](-[#6](-[#6@](-[#6](-[#1])(-[#1])-[#1])(-[#6@](-[#7](-[#6](=[#8])-[#6@@]1(-[#6](-[#6](-[#6](-[#7]-1-[#6:14](=[#8:15])-[#6@:16])(-[#1])-[#1])(-[#1])-[#1])(-[#1])-[#1])-[#1])-[#1])(-[#6](=[#8])-[#7](-[#6@](-[#6](=[#8])-[#8]-[#1])(-[#6](-[#6](-[#1])(-[#1])-[#1])(-[#6](-[#1])(-[#1])-[#1])-[#1])-[#1])-[#1])-[#1])-[#1])(-[#1])-[#1])(-[#1])(-[#1])-[#1].[#8:62](-[#1])-[#1]>>[#6:14](=[#8:15])(-[#6@:16])-[#8:62]-[#1],"EVODEX.2.1-P5134,EVODEX.2.1-P5136,EVODEX.2.1-P5138,EVODEX.2.1-P5140,EVODEX.2.1-P5141",67238723031948494427676000487101228611641980367774149709683015015351786464182
EVODEX.2.1-C949,[#7:20](-[#6@:14])(-[#6](=[#8])-[#6@](-[#6](-[#8]-[#1])(-[#1])-[#1])(-[#7](-[#6](=[#8])-[#6@@](-[#7](-[#6](=[#8])-[#6@](-[#6](-[#1])(-[#1])-[#1])(-[#7](-[#6](=[#8])-[#6@@]1(-[#6](-[#6](-[#6](-[#7]-1-[#6](=[#8])-[#6@@]1(-[#6](-[#6](-[#6](-[#7]-1-[#1])(-[#1])-[#1])(-[#1])-[#1])(-[#1])-[#1])-[#1])(-[#1])-[#1])(-[#1])-[#1])(-[#1])-[#1])-[#1])-[#1])-[#1])-[#1])(-[#6](-[#6](-[#1])(-[#1])-[#1])(-[#6](-[#1])(-[#1])-[#1])-[#1])-[#1])-[#1])-[#1])-[#1]>>[#7:20](-[#6@:14])(-[#1])-[#1],"EVODEX.2.1-P5145,EVODEX.2.1-P5146,EVODEX.2.1-P5147,EVODEX.2.1-P5148,EVODEX.2.1-P5149",107952288263490775509439909080348943786393980127832387838345085771699506208653
EVODEX.2.1-C950,[#6:30](-[#6@@:28])(=[#8:31])-[#7]1-[#6](-[#6](-[#6](-[#6@]-1(-[#6](=[#8])-[#7](-[#6@@](-[#6](-[#8]-[#1])(-[#1])-[#1])(-[#6](=[#8])-[#7](-[#6@@](-[#6](-[#6](-[#6](-[#6](-[#7](-[#1])-[#1])(-[#1])-[#1])(-[#1])-[#1])(-[#1])-[#1])(-[#1])-[#1])(-[#6](=[#8])-[#7](-[#6@@](-[#6](-[#6](-[#6](-[#7](-[#1])-[#1])=[#8])(-[#1])-[#1])(-[#1])-[#1])(-[#6](=[#8])-[#7](-[#6](-[#6](-[#7](-[#6]1:[#6](:[#6](:[#6](-[#7&+](=[#8])-[#8&-]):[#6](:[#6]:1-[#7&+](=[#8])-[#8&-])-[#1])-[#1])-[#1])-[#1])(-[#1])-[#1])(-[#1])-[#1])-[#1])-[#1])-[#1])-[#1])-[#1])-[#1])-[#1])-[#1])(-[#1])-[#1])(-[#1])-[#1])(-[#1])-[#1].[#8:79](-[#1])-[#1]>>[#6:30](-[#6@@:28])(=[#8:31])-[#8:79]-[#1],"EVODEX.2.1-P5174,EVODEX.2.1-P5176,EVODEX.2.1-P5178,EVODEX.2.1-P5182,EVODEX.2.1-P5184",14567910892770089028180646058341227656786389382682492443206024736179110508079
EVODEX.2.1-C951,[#6:33](-[#6@@:28])(=[#8:34])-[#7]1-[#6](-[#6](-[#6](-[#6@]-1(-[#6](=[#8])-[#7](-[#6@@](-[#6](-[#8]-[#1])(-[#1])-[#1])(-[#6](=[#8])-[#7](-[#6@@](-[#6](-[#6](-[#6](-[#6](-[#7](-[#1])-[#1])(-[#1])-[#1])(-[#1])-[#1])(-[#1])-[#1])(-[#1])-[#1])(-[#6](=[#8])-[#7](-[#6@@](-[#6](-[#6](-[#6](-[#7](-[#1])-[#1])=[#8])(-[#1])-[#1])(-[#1])-[#1])(-[#6](=[#8])-[#7](-[#6](-[#6](-[#7](-[#6]1:[#6](:[#6](:[#6](-[#7&+](=[#8])-[#8&-]):[#6](:[#6]:1-[#7&+](=[#8])-[#8&-])-[#1])-[#1])-[#1])-[#1])(-[#1])-[#1])(-[#1])-[#1])-[#1])-[#1])-[#1])-[#1])-[#1])-[#1])-[#1])-[#1])(-[#1])-[#1])(-[#1])-[#1])(-[#1])-[#1]>>[#6:33](-[#6@@:28])(=[#8:34])-[#8]-[#1],"EVODEX.2.1-P5175,EVODEX.2.1-P5177,EVODEX.2.1-P5179,EVODEX.2.1-P5181,EVODEX.2.1-P5183",99617186106413744739594893813457336014920001710863855685467803028568225024767
EVODEX.2.1-C952,[#6](-[#6](-[#6@](-[#6](-[#1])(-[#1])-[#1])(-[#6@](-[#7](-[#6](=[#8])-[#6](-[#7](-[#6](=[#8])-[#6@@](-[#7](-[#1])-[#1])(-[#6](-[#6]1:[#6](:[#6](:[#6](-[#8]-[#1]):[#6](:[#6]:1-[#1])-[#1])-[#1])-[#1])(-[#1])-[#1])-[#1])-[#1])(-[#1])-[#1])-[#1])(-[#6](=[#8])-[#7](-[#6@@](-[#6](-[#8]-[#1])(-[#1])-[#1])(-[#6](=[#8])-[#7](-[#6@@](-[#6](-[#8]-[#1])(-[#1])-[#1])(-[#6](=[#8])-[#7](-[#6@@](-[#6](-[#6](-[#6](-[#6](-[#7](-[#1])-[#1])(-[#1])-[#1])(-[#1])-[#1])(-[#1])-[#1])(-[#1])-[#1])(-[#6](=[#8])-[#7](-[#6@@](-[#6](-[#6]1:[#6](:[#6](:[#6](:[#6](:[#6]:1-[#1])-[#1])-[#1])-[#1])-[#1])(-[#1])-[#1])(-[#6](=[#8])-[#7:57](-[#6@@:58])-[#1])-[#1])-[#1])-[#1])-[#1])-[#1])-[#1])-[#1])-[#1])-[#1])-[#1])(-[#1])-[#1])(-[#1])(-[#1])-[#1]>>[#7:57](-[#6@@:58])(-[#1])-[#1],"EVODEX.2.1-P5186,EVODEX.2.1-P5187,EVODEX.2.1-P5188,EVODEX.2.1-P5189,EVODEX.2.1-P5190",18596289556652336770989463668684208243665834184522926342517098687604940434764
EVODEX.2.1-C953,[#6](-[#6](-[#6](-[#1])(-[#1])-[#1])(-[#6](-[#6@](-[#7](-[#6](=[#8])-[#6@](-[#6](-[#6](-[#6](-[#7](-[#6](=[#7]-[#1])-[#7](-[#1])-[#1])-[#1])(-[#1])-[#1])(-[#1])-[#1])(-[#1])-[#1])(-[#7](-[#6](=[#8])-[#6@](-[#6](-[#6](-[#6](-[#1])(-[#1])-[#1])(-[#6](-[#1])(-[#1])-[#1])-[#1])(-[#1])-[#1])(-[#7](-[#6](=[#8])-[#6@@](-[#7](-[#1])-[#1])(-[#6](-[#6](-[#6](=[#8])-[#8]-[#1])(-[#1])-[#1])(-[#1])-[#1])-[#1])-[#1])-[#1])-[#1])-[#1])-[#1])(-[#6](=[#8])-[#7](-[#6@@](-[#6](-[#6]1:[#6](:[#6](:[#6](-[#8]-[#1]):[#6](:[#6]:1-[#1])-[#1])-[#1])-[#1])(-[#1])-[#1])(-[#6](=[#8])-[#7](-[#6@@](-[#6](-[#6](-[#6](-[#7](-[#6](=[#7]-[#1])-[#7](-[#1])-[#1])-[#1])(-[#1])-[#1])(-[#1])-[#1])(-[#1])-[#1])(-[#6](=[#8])-[#7:60](-[#6@@:61])-[#1])-[#1])-[#1])-[#1])-[#1])-[#1])(-[#1])-[#1])-[#1])(-[#1])(-[#1])-[#1]>>[#7:60](-[#6@@:61])(-[#1])-[#1],"EVODEX.2.1-P5191,EVODEX.2.1-P5193,EVODEX.2.1-P5194,EVODEX.2.1-P5195,EVODEX.2.1-P5196",26924780128213037629137239125996146065274943121018214697984249757185252269425
EVODEX.2.1-C954,[#6:38](-[#6@@:33])(=[#8:39])-[#7](-[#6@@](-[#6](-[#6]1:[#6](:[#6](:[#6](:[#6](:[#6]:1-[#1])-[#1])-[#1])-[#1])-[#1])(-[#1])-[#1])(-[#6](=[#8])-[#7](-[#6@@](-[#6](-[#8]-[#1])(-[#1])-[#1])(-[#6](=[#8])-[#7](-[#6@@](-[#6](-[#6](-[#6](-[#7](-[#6](=[#7]-[#1])-[#7](-[#1])-[#1])-[#1])(-[#1])-[#1])(-[#1])-[#1])(-[#1])-[#1])(-[#6](=[#8])-[#7](-[#6@@](-[#6](-[#6](-[#6](-[#7](-[#1])-[#1])=[#8])(-[#1])-[#1])(-[#1])-[#1])(-[#6](=[#8])-[#7](-[#6](-[#6](-[#7](-[#6]1:[#6](:[#6](:[#6](-[#7&+](=[#8])-[#8&-]):[#6](:[#6]:1-[#7&+](=[#8])-[#8&-])-[#1])-[#1])-[#1])-[#1])(-[#1])-[#1])(-[#1])-[#1])-[#1])-[#1])-[#1])-[#1])-[#1])-[#1])-[#1])-[#1])-[#1]>>[#6:38](-[#6@@:33])(=[#8:39])-[#8]-[#1],"EVODEX.2.1-P5199,EVODEX.2.1-P5203,EVODEX.2.1-P5205,EVODEX.2.1-P5206,EVODEX.2.1-P5215",102609805593908272405053161674166156957627047308142402591568220607434578918942
EVODEX.2.1-C955,[#6](-[#6](-[#6@](-[#6](-[#1])(-[#1])-[#1])(-[#6@](-[#7](-[#6](=[#8])-[#6@](-[#6](-[#1])(-[#1])-[#1])(-[#7](-[#6](=[#8])-[#6]1:[#6](:[#6](:[#6](:[#6](:[#6]:1-[#7](-[#1])-[#1])-[#1])-[#1])-[#1])-[#1])-[#1])-[#1])-[#1])(-[#6](=[#8])-[#7](-[#6@@](-[#6](-[#6](-[#6](-[#6](-[#7](-[#1])-[#1])(-[#1])-[#1])(-[#1])-[#1])(-[#1])-[#1])(-[#1])-[#1])(-[#6](=[#8])-[#7](-[#6@@](-[#6](-[#6]1:[#6](:[#6](:[#6](:[#6](:[#6]:1-[#1])-[#1])-[#1])-[#1])-[#1])(-[#1])-[#1])(-[#6](=[#8])-[#7:43](-[#6@@:44])-[#1])-[#1])-[#1])-[#1])-[#1])-[#1])-[#1])(-[#1])-[#1])(-[#1])(-[#1])-[#1]>>[#7:43](-[#6@@:44])(-[#1])-[#1],"EVODEX.2.1-P5200,EVODEX.2.1-P5209,EVODEX.2.1-P5210,EVODEX.2.1-P5211,EVODEX.2.1-P5212",18129193292377599277354710018760192228982822073132593326794847128387749616158
EVODEX.2.1-C956,[#6:36](-[#6@@:28])(=[#8:37])-[#7](-[#6@@](-[#6](-[#6]1:[#6](:[#6](:[#6](:[#6](:[#6]:1-[#1])-[#1])-[#1])-[#1])-[#1])(-[#1])-[#1])(-[#6](=[#8])-[#7](-[#6@@](-[#6](-[#8]-[#1])(-[#1])-[#1])(-[#6](=[#8])-[#7](-[#6@@](-[#6](-[#6](-[#6](-[#7](-[#6](=[#7]-[#1])-[#7](-[#1])-[#1])-[#1])(-[#1])-[#1])(-[#1])-[#1])(-[#1])-[#1])(-[#6](=[#8])-[#7](-[#6@@](-[#6](-[#6](-[#6](-[#7](-[#1])-[#1])=[#8])(-[#1])-[#1])(-[#1])-[#1])(-[#6](=[#8])-[#7](-[#6](-[#6](-[#7](-[#6]1:[#6](:[#6](:[#6](-[#7&+](=[#8])-[#8&-]):[#6](:[#6]:1-[#7&+](=[#8])-[#8&-])-[#1])-[#1])-[#1])-[#1])(-[#1])-[#1])(-[#1])-[#1])-[#1])-[#1])-[#1])-[#1])-[#1])-[#1])-[#1])-[#1])-[#1].[#8:94](-[#1])-[#1]>>[#6:36](-[#6@@:28])(=[#8:37])-[#8:94]-[#1],"EVODEX.2.1-P5201,EVODEX.2.1-P5202,EVODEX.2.1-P5204,EVODEX.2.1-P5207,EVODEX.2.1-P5208",72584898436989399022859874657753401983332495530797894515006375313532702584481
EVODEX.2.1-C957,[#6:41](-[#6@@:33])(=[#8:42])-[#7](-[#6@@](-[#6](-[#6]1:[#6](:[#6](:[#6](:[#6](:[#6]:1-[#1])-[#1])-[#1])-[#1])-[#1])(-[#1])-[#1])(-[#6](=[#8])-[#7](-[#6@@](-[#6](-[#8]-[#1])(-[#1])-[#1])(-[#6](=[#8])-[#7](-[#6@@](-[#6](-[#6](-[#6](-[#6](-[#7](-[#1])-[#1])(-[#1])-[#1])(-[#1])-[#1])(-[#1])-[#1])(-[#1])-[#1])(-[#6](=[#8])-[#7](-[#6@@](-[#6](-[#6](-[#6](-[#7](-[#1])-[#1])=[#8])(-[#1])-[#1])(-[#1])-[#1])(-[#6](=[#8])-[#7](-[#6](-[#6](-[#7](-[#6]1:[#6](:[#6](:[#6](-[#7&+](=[#8])-[#8&-]):[#6](:[#6]:1-[#7&+](=[#8])-[#8&-])-[#1])-[#1])-[#1])-[#1])(-[#1])-[#1])(-[#1])-[#1])-[#1])-[#1])-[#1])-[#1])-[#1])-[#1])-[#1])-[#1])-[#1].[#8:94](-[#1])-[#1]>>[#6:41](-[#6@@:33])(=[#8:42])-[#8:94]-[#1],"EVODEX.2.1-P5213,EVODEX.2.1-P5267,EVODEX.2.1-P5269,EVODEX.2.1-P5271,EVODEX.2.1-P5272",81304254569728661190344124678499244979236626494842870470929022789643601167183
EVODEX.2.1-C958,[#6:41](-[#6@@:33])(=[#8:42])-[#7](-[#6@@](-[#6](-[#6]1:[#6](:[#6](:[#6](:[#6](:[#6]:1-[#1])-[#1])-[#1])-[#1])-[#1])(-[#1])-[#1])(-[#6](=[#8])-[#7](-[#6@@](-[#6](-[#8]-[#1])(-[#1])-[#1])(-[#6](=[#8])-[#7](-[#6@@](-[#6](-[#6](-[#6](-[#6](-[#7](-[#1])-[#1])(-[#1])-[#1])(-[#1])-[#1])(-[#1])-[#1])(-[#1])-[#1])(-[#6](=[#8])-[#7](-[#6@@](-[#6](-[#6](-[#6](-[#7](-[#1])-[#1])=[#8])(-[#1])-[#1])(-[#1])-[#1])(-[#6](=[#8])-[#7](-[#6](-[#6](-[#7](-[#6]1:[#6](:[#6](:[#6](-[#7&+](=[#8])-[#8&-]):[#6](:[#6]:1-[#7&+](=[#8])-[#8&-])-[#1])-[#1])-[#1])-[#1])(-[#1])-[#1])(-[#1])-[#1])-[#1])-[#1])-[#1])-[#1])-[#1])-[#1])-[#1])-[#1])-[#1]>>[#6:41](-[#6@@:33])(=[#8:42])-[#8]-[#1],"EVODEX.2.1-P5214,EVODEX.2.1-P5266,EVODEX.2.1-P5268,EVODEX.2.1-P5270,EVODEX.2.1-P5273",57590440073453869992016255856026876283648332303327815352804801801455487780199
EVODEX.2.1-C959,[#6:29](-[#6@:8])(=[#8:30])-[#7](-[#6@@](-[#6](-[#6]1:[#6](:[#6](:[#6](:[#6](:[#6]:1-[#1])-[#1])-[#1])-[#1])-[#1])(-[#1])-[#1])(-[#6](=[#8])-[#7](-[#6@@](-[#6](-[#6](-[#6](-[#6](-[#7](-[#1])-[#1])(-[#1])-[#1])(-[#1])-[#1])(-[#1])-[#1])(-[#1])-[#1])(-[#6](=[#8])-[#8]-[#6]1:[#6](:[#6](:[#6](-[#7&+](=[#8])-[#8&-]):[#6](:[#6]:1-[#7&+](=[#8])-[#8&-])-[#1])-[#1])-[#1])-[#1])-[#1])-[#1])-[#1].[#8:64](-[#1])-[#1]>>[#6:29](-[#6@:8])(=[#8:30])-[#8:64]-[#1],"EVODEX.2.1-P5216,EVODEX.2.1-P5217,EVODEX.2.1-P5221,EVODEX.2.1-P5222,EVODEX.2.1-P5223",75811922469571567672848553729478433032392898642343094496000114204872489703094
EVODEX.2.1-C960,[#6:24](-[#6@:2])(=[#8:25])-[#7](-[#6@@](-[#6](-[#6]1:[#6](:[#6](:[#6](:[#6](:[#6]:1-[#1])-[#1])-[#1])-[#1])-[#1])(-[#1])-[#1])(-[#6](=[#8])-[#7](-[#6@@](-[#6](-[#6](-[#6](-[#6](-[#7](-[#1])-[#1])(-[#1])-[#1])(-[#1])-[#1])(-[#1])-[#1])(-[#1])-[#1])(-[#6](=[#8])-[#8]-[#6]1:[#6](:[#6](:[#6](-[#7&+](=[#8])-[#8&-]):[#6](:[#6]:1-[#7&+](=[#8])-[#8&-])-[#1])-[#1])-[#1])-[#1])-[#1])-[#1])-[#1]>>[#6:24](-[#6@:2])(=[#8:25])-[#8]-[#1],"EVODEX.2.1-P5218,EVODEX.2.1-P5219,EVODEX.2.1-P5220,EVODEX.2.1-P5224,EVODEX.2.1-P5225",83546729003038675292116704820534371977657555082216695347375035514923554302119
EVODEX.2.1-C961,[#7:3](-[#6@:2])(-[#6](=[#8])-[#6@@]1(-[#6](-[#6](-[#6](-[#7]-1-[#6](=[#8])-[#6@](-[#6](-[#8]-[#1])(-[#1])-[#1])(-[#7](-[#6](=[#8])-[#6@](-[#6](-[#6]1:[#6](:[#6](:[#6](:[#6](:[#6]:1-[#1])-[#1])-[#1])-[#1])-[#1])(-[#1])-[#1])(-[#7](-[#6](=[#8])-[#6](-[#7](-[#6](=[#8])-[#6]1:[#6](:[#6](:[#6](:[#6](:[#6]:1-[#7](-[#1])-[#1])-[#1])-[#1])-[#1])-[#1])-[#1])(-[#1])-[#1])-[#1])-[#1])-[#1])-[#1])(-[#1])-[#1])(-[#1])-[#1])(-[#1])-[#1])-[#1])-[#1]>>[#7:3](-[#6@:2])(-[#1])-[#1],"EVODEX.2.1-P5226,EVODEX.2.1-P5227,EVODEX.2.1-P5236,EVODEX.2.1-P5237,EVODEX.2.1-P5238",80133123086575149566862715192009026377777616297688844712190971286926840750020
EVODEX.2.1-C962,[#6:43](-[#6@:42])(=[#8:44])-[#7](-[#6@@](-[#6](-[#6]1:[#6](:[#6](:[#6](:[#6](:[#6]:1-[#1])-[#1])-[#1])-[#1])-[#1])(-[#1])-[#1])(-[#6](=[#8])-[#7](-[#6@@](-[#6](-[#6](-[#6](-[#7](-[#6](=[#7]-[#1])-[#7](-[#1])-[#1])-[#1])(-[#1])-[#1])(-[#1])-[#1])(-[#1])-[#1])(-[#6](=[#8])-[#7](-[#6@@](-[#6](-[#6](-[#6](-[#7](-[#1])-[#1])=[#8])(-[#1])-[#1])(-[#1])-[#1])(-[#6](=[#8])-[#7](-[#6](-[#6](-[#7](-[#6]1:[#6](:[#6](:[#6](-[#7&+](=[#8])-[#8&-]):[#6](:[#6]:1-[#7&+](=[#8])-[#8&-])-[#1])-[#1])-[#1])-[#1])(-[#1])-[#1])(-[#1])-[#1])-[#1])-[#1])-[#1])-[#1])-[#1])-[#1])-[#1].[#8:92](-[#1])-[#1]>>[#6:43](-[#6@:42])(=[#8:44])-[#8:92]-[#1],"EVODEX.2.1-P5228,EVODEX.2.1-P5230,EVODEX.2.1-P5231,EVODEX.2.1-P5235,EVODEX.2.1-P5242",82576787807310193653079636530471264522965494930890169741526852961602925766226
EVODEX.2.1-C963,[#6](-[#6](-[#6](-[#1])(-[#1])-[#1])(-[#6](-[#6@](-[#7](-[#6](=[#8])-[#6@](-[#6](-[#6]1:[#6](:[#6](:[#6](:[#6](:[#6]:1-[#1])-[#1])-[#1])-[#1])-[#1])(-[#1])-[#1])(-[#7](-[#6](=[#8])-[#6](-[#7](-[#6](=[#8])-[#6](-[#7](-[#6](=[#8])-[#6]1:[#6](:[#6](:[#6](:[#6](:[#6]:1-[#7](-[#1])-[#1])-[#1])-[#1])-[#1])-[#1])-[#1])(-[#1])-[#1])-[#1])(-[#1])-[#1])-[#1])-[#1])-[#1])(-[#6](=[#8])-[#7:37](-[#6@@:38])-[#1])-[#1])(-[#1])-[#1])-[#1])(-[#1])(-[#1])-[#1]>>[#7:37](-[#6@@:38])(-[#1])-[#1],"EVODEX.2.1-P5239,EVODEX.2.1-P5240,EVODEX.2.1-P5241,EVODEX.2.1-P5284,EVODEX.2.1-P5294",92616697087455503884943586678009403495846075991984831097276824179010932032768
EVODEX.2.1-C964,[#7](=[#6](-[#7](-[#1])-[#1])-[#7](-[#6](-[#6](-[#6](-[#6@](-[#7](-[#6](=[#8])-[#6@](-[#6](-[#6]1:[#6](:[#6](:[#6](:[#6](:[#6]:1-[#1])-[#1])-[#1])-[#1])-[#1])(-[#1])-[#1])(-[#7](-[#6](=[#8])-[#6@@]1(-[#6](-[#6](-[#6](-[#7]-1-[#6](=[#8])-[#6@](-[#6](-[#8]-[#1])(-[#1])-[#1])(-[#7](-[#6:34](=[#8:35])-[#6@:36])-[#1])-[#1])(-[#1])-[#1])(-[#1])-[#1])(-[#1])-[#1])-[#1])-[#1])-[#1])-[#1])(-[#6](=[#8])-[#7](-[#6@@](-[#6](-[#6](-[#6](-[#7](-[#1])-[#1])=[#8])(-[#1])-[#1])(-[#1])-[#1])(-[#6](=[#8])-[#7](-[#6](-[#6](-[#7](-[#6]1:[#6](:[#6](:[#6](-[#7&+](=[#8])-[#8&-]):[#6](:[#6]:1-[#7&+](=[#8])-[#8&-])-[#1])-[#1])-[#1])-[#1])(-[#1])-[#1])(-[#1])-[#1])-[#1])-[#1])-[#1])-[#1])(-[#1])-[#1])(-[#1])-[#1])(-[#1])-[#1])-[#1])-[#1].[#8:92](-[#1])-[#1]>>[#6:34](=[#8:35])(-[#6@:36])-[#8:92]-[#1],"EVODEX.2.1-P5245,EVODEX.2.1-P5315,EVODEX.2.1-P5317,EVODEX.2.1-P5320,EVODEX.2.1-P5322",94987984073283867673581987466279907986640888033188534806423213807902858126044
EVODEX.2.1-C965,[#7:25](-[#6@:19])(-[#6](=[#8])-[#6@](-[#6](-[#6](-[#6](-[#7](-[#1])-[#1])=[#8])(-[#1])-[#1])(-[#1])-[#1])(-[#7](-[#6](=[#8])-[#6@](-[#6](-[#1])(-[#1])-[#1])(-[#7](-[#6](=[#8])-[#6@@](-[#7](-[#1])-[#1])(-[#6](-[#8]-[#1])(-[#1])-[#1])-[#1])-[#1])-[#1])-[#1])-[#1])-[#1]>>[#7:25](-[#6@:19])(-[#1])-[#1],"EVODEX.2.1-P5247,EVODEX.2.1-P5248,EVODEX.2.1-P5249,EVODEX.2.1-P5250,EVODEX.2.1-P5251",3818470449324323766067144875916868633321037853986529399942636893899907532261
EVODEX.2.1-C966,[#6](-[#6@](-[#7](-[#6](=[#8])-[#6](-[#6](-[#6]1:[#6](:[#6](=[#8]):[#8]:[#6]2:[#6](:[#6](-[#8]-[#1]):[#6](:[#6](:[#6]:1:2)-[#1])-[#1])-[#1])-[#1])(-[#1])-[#1])(-[#1])-[#1])-[#1])(-[#6](=[#8])-[#7:22](-[#6@@:23])-[#1])-[#1])(-[#1])(-[#1])-[#1]>>[#7:22](-[#6@@:23])(-[#1])-[#1],"EVODEX.2.1-P5254,EVODEX.2.1-P5255,EVODEX.2.1-P5256,EVODEX.2.1-P5259,EVODEX.2.1-P5263",109334650416711102813680979217313232568365390637292336396450946133307225091446
EVODEX.2.1-C967,[#6:19]-[#7:20](-[#6](=[#8])-[#6@](-[#6](-[#1])(-[#1])-[#1])(-[#7](-[#6](=[#8])-[#6@](-[#6](-[#1])(-[#1])-[#1])(-[#7](-[#6](=[#8])-[#6](-[#6](-[#6]1:[#6](:[#6](=[#8]):[#8]:[#6]2:[#6](:[#6](-[#8]-[#1]):[#6](:[#6](:[#6]:1:2)-[#1])-[#1])-[#1])-[#1])(-[#1])-[#1])(-[#1])-[#1])-[#1])-[#1])-[#1])-[#1])-[#1]>>[#6:19]-[#7:20](-[#1])-[#1],"EVODEX.2.1-P5257,EVODEX.2.1-P5258,EVODEX.2.1-P5260,EVODEX.2.1-P5261,EVODEX.2.1-P5262",77263783485713643196666553659150706640064608447275298638133899581743433596981
EVODEX.2.1-C968,[#6](-[#6](-[#6](-[#1])(-[#1])-[#1])(-[#6](-[#6@](-[#7](-[#6:7](=[#8:8])-[#6@:9])-[#1])(-[#6](=[#8])-[#7](-[#6@@](-[#6](-[#6](-[#6](-[#7](-[#6](=[#7]-[#1])-[#7](-[#1])-[#1])-[#1])(-[#1])-[#1])(-[#1])-[#1])(-[#1])-[#1])(-[#6](=[#8])-[#7](-[#6@@](-[#6](-[#6](-[#6](-[#6](-[#7](-[#1])-[#1])(-[#1])-[#1])(-[#1])-[#1])(-[#1])-[#1])(-[#1])-[#1])(-[#6](=[#8])-[#7](-[#6@](-[#6](=[#8])-[#7](-[#6](-[#6](=[#8])-[#7](-[#6@@](-[#6](-[#6](-[#6](-[#7](-[#1])-[#1])=[#8])(-[#1])-[#1])(-[#1])-[#1])(-[#6](=[#8])-[#7](-[#6](-[#6](-[#7](-[#6]1:[#6](:[#6](:[#6](-[#7&+](=[#8])-[#8&-]):[#6](:[#6]:1-[#7&+](=[#8])-[#8&-])-[#1])-[#1])-[#1])-[#1])(-[#1])-[#1])(-[#1])-[#1])-[#1])-[#1])-[#1])(-[#1])-[#1])-[#1])(-[#6](-[#6](-[#1])(-[#1])-[#1])(-[#6](-[#1])(-[#1])-[#1])-[#1])-[#1])-[#1])-[#1])-[#1])-[#1])-[#1])-[#1])(-[#1])-[#1])-[#1])(-[#1])(-[#1])-[#1].[#8:87](-[#1])-[#1]>>[#6:7](=[#8:8])(-[#6@:9])-[#8:87]-[#1],"EVODEX.2.1-P5279,EVODEX.2.1-P5293,EVODEX.2.1-P5301,EVODEX.2.1-P5302,EVODEX.2.1-P5306",69836303687374939024775607800552930316977916903561212212085419516184959223589
EVODEX.2.1-C969,[#6](-[#6](-[#6](-[#1])(-[#1])-[#1])(-[#6](-[#6@](-[#7](-[#6:7](=[#8:8])-[#6@:9])-[#1])(-[#6](=[#8])-[#7](-[#6@@](-[#6](-[#6](-[#6](-[#7](-[#6](=[#7]-[#1])-[#7](-[#1])-[#1])-[#1])(-[#1])-[#1])(-[#1])-[#1])(-[#1])-[#1])(-[#6](=[#8])-[#7](-[#6@@](-[#6](-[#6](-[#6](-[#6](-[#7](-[#1])-[#1])(-[#1])-[#1])(-[#1])-[#1])(-[#1])-[#1])(-[#1])-[#1])(-[#6](=[#8])-[#7](-[#6@](-[#6](=[#8])-[#7](-[#6](-[#6](=[#8])-[#7](-[#6@@](-[#6](-[#6](-[#6](-[#7](-[#1])-[#1])=[#8])(-[#1])-[#1])(-[#1])-[#1])(-[#6](=[#8])-[#7](-[#6](-[#6](-[#7](-[#6]1:[#6](:[#6](:[#6](-[#7&+](=[#8])-[#8&-]):[#6](:[#6]:1-[#7&+](=[#8])-[#8&-])-[#1])-[#1])-[#1])-[#1])(-[#1])-[#1])(-[#1])-[#1])-[#1])-[#1])-[#1])(-[#1])-[#1])-[#1])(-[#6](-[#6](-[#1])(-[#1])-[#1])(-[#6](-[#1])(-[#1])-[#1])-[#1])-[#1])-[#1])-[#1])-[#1])-[#1])-[#1])-[#1])(-[#1])-[#1])-[#1])(-[#1])(-[#1])-[#1]>>[#6:7](=[#8:8])(-[#6@:9])-[#8]-[#1],"EVODEX.2.1-P5280,EVODEX.2.1-P5303,EVODEX.2.1-P5304,EVODEX.2.1-P5307,EVODEX.2.1-P5308",107042915364722758876783818561898703393787269531807952990420279474574852941919
EVODEX.2.1-C970,[#6](-[#6](-[#6](-[#1])(-[#1])-[#1])(-[#6@](-[#7](-[#6](=[#8])-[#6@](-[#6](-[#6](-[#6](-[#6](-[#7](-[#1])-[#1])(-[#1])-[#1])(-[#1])-[#1])(-[#1])-[#1])(-[#1])-[#1])(-[#7](-[#6:15](=[#8:16])-[#6@:17])-[#1])-[#1])-[#1])(-[#6](=[#8])-[#7](-[#6](-[#6](=[#8])-[#7](-[#6@@](-[#6](-[#6](-[#6](-[#7](-[#1])-[#1])=[#8])(-[#1])-[#1])(-[#1])-[#1])(-[#6](=[#8])-[#7](-[#6](-[#6](-[#7](-[#6]1:[#6](:[#6](:[#6](-[#7&+](=[#8])-[#8&-]):[#6](:[#6]:1-[#7&+](=[#8])-[#8&-])-[#1])-[#1])-[#1])-[#1])(-[#1])-[#1])(-[#1])-[#1])-[#1])-[#1])-[#1])(-[#1])-[#1])-[#1])-[#1])-[#1])(-[#1])(-[#1])-[#1].[#8:90](-[#1])-[#1]>>[#6:15](=[#8:16])(-[#6@:17])-[#8:90]-[#1],"EVODEX.2.1-P5281,EVODEX.2.1-P5282,EVODEX.2.1-P5297,EVODEX.2.1-P5299,EVODEX.2.1-P5309",2661384908254726487782693322546036223646228258052482487827004853023888437307
EVODEX.2.1-C971,[#6:46](-[#6@@:38])(=[#8:47])-[#7](-[#6@@](-[#6](-[#6](-[#6](-[#6](-[#7](-[#1])-[#1])(-[#1])-[#1])(-[#1])-[#1])(-[#1])-[#1])(-[#1])-[#1])(-[#6](=[#8])-[#7](-[#6@](-[#6](=[#8])-[#7](-[#6](-[#6](=[#8])-[#7](-[#6@@](-[#6](-[#6](-[#6](-[#7](-[#1])-[#1])=[#8])(-[#1])-[#1])(-[#1])-[#1])(-[#6](=[#8])-[#7](-[#6](-[#6](-[#7](-[#6]1:[#6](:[#6](:[#6](-[#7&+](=[#8])-[#8&-]):[#6](:[#6]:1-[#7&+](=[#8])-[#8&-])-[#1])-[#1])-[#1])-[#1])(-[#1])-[#1])(-[#1])-[#1])-[#1])-[#1])-[#1])(-[#1])-[#1])-[#1])(-[#6](-[#6](-[#1])(-[#1])-[#1])(-[#6](-[#1])(-[#1])-[#1])-[#1])-[#1])-[#1])-[#1])-[#1]>>[#6:46](-[#6@@:38])(=[#8:47])-[#8]-[#1],"EVODEX.2.1-P5283,EVODEX.2.1-P5298,EVODEX.2.1-P5300,EVODEX.2.1-P5305,EVODEX.2.1-P5310",25578662431871500547804950373036577581280431864715571243034659692076250921751
EVODEX.2.1-C972,[#6](-[#6](-[#6](-[#1])(-[#1])-[#1])(-[#6](-[#6@](-[#7](-[#6](=[#8])-[#6@](-[#6](-[#6]1:[#6](:[#6](:[#6](:[#6](:[#6]:1-[#1])-[#1])-[#1])-[#1])-[#1])(-[#1])-[#1])(-[#7](-[#6](=[#8])-[#6](-[#7](-[#6](=[#8])-[#6](-[#7](-[#6](=[#8])-[#6]1:[#6](:[#6](:[#6](:[#6](:[#6]:1-[#7](-[#1])-[#1])-[#1])-[#1])-[#1])-[#1])-[#1])(-[#1])-[#1])-[#1])(-[#1])-[#1])-[#1])-[#1])-[#1])(-[#6](=[#8])-[#7](-[#6@@](-[#6](-[#6](-[#6](-[#7](-[#6](=[#7]-[#1])-[#7](-[#1])-[#1])-[#1])(-[#1])-[#1])(-[#1])-[#1])(-[#1])-[#1])(-[#6](=[#8])-[#7:48](-[#6@@:49])-[#1])-[#1])-[#1])-[#1])(-[#1])-[#1])-[#1])(-[#1])(-[#1])-[#1]>>[#7:48](-[#6@@:49])(-[#1])-[#1],"EVODEX.2.1-P5285,EVODEX.2.1-P5288,EVODEX.2.1-P5289,EVODEX.2.1-P5291,EVODEX.2.1-P5296",59526051305259908466741811708221211785960526330596546087662397832114038959070
EVODEX.2.1-C973,[#6](-[#6](-[#6](-[#1])(-[#1])-[#1])(-[#6](-[#6@](-[#7](-[#6](=[#8])-[#6@](-[#6](-[#6]1:[#6](:[#6](:[#6](:[#6](:[#6]:1-[#1])-[#1])-[#1])-[#1])-[#1])(-[#1])-[#1])(-[#7](-[#6](=[#8])-[#6](-[#7](-[#6](=[#8])-[#6](-[#7](-[#6](=[#8])-[#6]1:[#6](:[#6](:[#6](:[#6](:[#6]:1-[#7](-[#1])-[#1])-[#1])-[#1])-[#1])-[#1])-[#1])(-[#1])-[#1])-[#1])(-[#1])-[#1])-[#1])-[#1])-[#1])(-[#6](=[#8])-[#7](-[#6@@](-[#6](-[#6](-[#6](-[#7](-[#6](=[#7]-[#1])-[#7](-[#1])-[#1])-[#1])(-[#1])-[#1])(-[#1])-[#1])(-[#1])-[#1])(-[#6](=[#8])-[#7](-[#6@@](-[#6](-[#6](-[#6](-[#6](-[#7](-[#1])-[#1])(-[#1])-[#1])(-[#1])-[#1])(-[#1])-[#1])(-[#1])-[#1])(-[#6](=[#8])-[#7:57](-[#6@@:58])-[#1])-[#1])-[#1])-[#1])-[#1])-[#1])(-[#1])-[#1])-[#1])(-[#1])(-[#1])-[#1]>>[#7:57](-[#6@@:58])(-[#1])-[#1],"EVODEX.2.1-P5286,EVODEX.2.1-P5287,EVODEX.2.1-P5290,EVODEX.2.1-P5292,EVODEX.2.1-P5295",22204105215537574915104110542196522011484614783807066328251672959261847526599
EVODEX.2.1-C974,[#6:7](-[#6@@:2])(=[#8:8])-[#7](-[#8]-[#1])-[#1].[#8:11](-[#1])-[#1]>>[#6:7](-[#6@@:2])(=[#8:8])-[#8:11]-[#1],"EVODEX.2.1-P5326,EVODEX.2.1-P5456,EVODEX.2.1-P5470,EVODEX.2.1-P5517,EVODEX.2.1-P5522",59838743471370712640280700385911265600965920866039625371193522625272207212401
EVODEX.2.1-C975,[#6:4]-[#6:5](=[#8:6])-[#7:7](-[#8:8])-[#1].[#8:12](-[#1])-[#1]>>[#6:4]-[#6:5](=[#8:6])-[#8:12]-[#1].[#7:7](-[#8:8])(-[#1])-[#1],"EVODEX.2.1-P5327,EVODEX.2.1-P5331,EVODEX.2.1-P5516,EVODEX.2.1-P5521,EVODEX.2.1-P5538",35325128478538960734419264644566036564762258677745485686956953582686601945093
EVODEX.2.1-C976,[#6:4]-[#6:5](=[#8:6])-[#7](-[#8]-[#1])-[#1]>>[#6:4]-[#6:5](=[#8:6])-[#8]-[#1],"EVODEX.2.1-P5328,EVODEX.2.1-P5471,EVODEX.2.1-P5514,EVODEX.2.1-P5518,EVODEX.2.1-P5534",107277746755644297482613512679936137990926232008219388851294365783329749957933
EVODEX.2.1-C977,[#6](-[#7](-[#6:3](=[#8:4])-[#6:5])-[#1])(-[#1])(-[#1])-[#1].[#8:11](-[#1])-[#1]>>[#6:3](=[#8:4])(-[#6:5])-[#8:11]-[#1],"EVODEX.2.1-P5329,EVODEX.2.1-P5526,EVODEX.2.1-P5530,EVODEX.2.1-P5532,EVODEX.2.1-P5537",51403231428235836922268362061359936879888051347579518356356234141627302081145
EVODEX.2.1-C978,[#6](-[#7](-[#6:3](=[#8:4])-[#6:5])-[#1])(-[#1])(-[#1])-[#1]>>[#6:3](=[#8:4])(-[#6:5])-[#8]-[#1],"EVODEX.2.1-P5330,EVODEX.2.1-P5527,EVODEX.2.1-P5531,EVODEX.2.1-P5533,EVODEX.2.1-P5540",91301474198293215645637563557970085297939764445442263132772878002580938613342
EVODEX.2.1-C979,[#6](-[#6](-[#6](-[#6](-[#6](-[#6](-[#6](-[#6](-[#6](-[#6](-[#6](-[#6](=[#8])-[#7:14](-[#6:15])-[#1])(-[#1])-[#1])(-[#1])-[#1])(-[#1])-[#1])(-[#1])-[#1])(-[#1])-[#1])(-[#1])-[#1])(-[#1])-[#1])(-[#1])-[#1])(-[#1])-[#1])(-[#1])-[#1])(-[#1])(-[#1])-[#1]>>[#7:14](-[#6:15])(-[#1])-[#1],"EVODEX.2.1-P5342,EVODEX.2.1-P5408,EVODEX.2.1-P5409,EVODEX.2.1-P5412,EVODEX.2.1-P5415",37074069326759388991647925009548269161694071214206877526712591458984582991899
EVODEX.2.1-C980,[#6:4](-[#6@@:3])(=[#8:5])-[#8]-[#1].[#7:1](-[#1])(-[#1])-[#1]>>[#7:1](-[#6:4](-[#6@:3])=[#8:5])(-[#1])-[#1],"EVODEX.2.1-P5359,EVODEX.2.1-P5461,EVODEX.2.1-P5519,EVODEX.2.1-P5548,EVODEX.2.1-P5551",93596460602167143618292606624164256556283492068510415801373028309337943617888
EVODEX.2.1-C981,[#6](-[#6](=[#8])-[#7:4](-[#6@@:5])-[#1])(-[#1])(-[#1])-[#1]>>[#7:4](-[#6@@:5])(-[#1])-[#1],"EVODEX.2.1-P5367,EVODEX.2.1-P5420,EVODEX.2.1-P5425,EVODEX.2.1-P5558,EVODEX.2.1-P5559",112964657775986726577325843846435053441253355507887323218030258603058816686035
EVODEX.2.1-C982,[#6:11]-[#6:12](=[#8:13])-[#7](-[#6](-[#6](-[#6](-[#6](-[#6@](-[#7](-[#1])-[#1])(-[#6](=[#8])-[#8]-[#1])-[#1])(-[#1])-[#1])(-[#1])-[#1])(-[#1])-[#1])(-[#1])-[#1])-[#1].[#8:24](-[#1])-[#1]>>[#6:11]-[#6:12](=[#8:13])-[#8:24]-[#1],"EVODEX.2.1-P5417,EVODEX.2.1-P5446,EVODEX.2.1-P5448,EVODEX.2.1-P5449,EVODEX.2.1-P5452",95612254592889017026410702213319475059246148256159284984252147565304848545886
EVODEX.2.1-C983,[#8:10]=[#6:11](-[#8]-[#1])-[#6:13]>>[#6](-[#6](-[#6](-[#1])(-[#1])-[#1])(-[#6](-[#6@](-[#7](-[#6:11](=[#8:10])-[#6:13])-[#1])(-[#6](=[#8])-[#8]-[#1])-[#1])(-[#1])-[#1])-[#1])(-[#1])(-[#1])-[#1],"EVODEX.2.1-P5427,EVODEX.2.1-P5630,EVODEX.2.1-P6836,EVODEX.2.1-P6907,EVODEX.2.1-P7031",23108036610353365279884424185483776744530274826555683551014498123814357385562
EVODEX.2.1-C984,[#6:5]-[#6:6](=[#8:7])-[#8:8]-[#1]>>[#7](-[#6:6](-[#6:5])=[#8:7])(-[#1])-[#1].[#8:8](-[#1])-[#1],"EVODEX.2.1-P5455,EVODEX.2.1-P5462,EVODEX.2.1-P5520,EVODEX.2.1-P5543,EVODEX.2.1-P5546",64253977641688564201597214223076950157357143476319587008109479294763770886791
EVODEX.2.1-C985,[#6:4]-[#6:5](=[#8:6])-[#7:7](-[#8:8])-[#1]>>[#6:4]-[#6:5](=[#8:6])-[#8]-[#1].[#7:7](-[#8:8])(-[#1])-[#1],"EVODEX.2.1-P5457,EVODEX.2.1-P5472,EVODEX.2.1-P5515,EVODEX.2.1-P5525,EVODEX.2.1-P5535",32934689783614730774227983648114514788253062476373893448016588613612782393735
EVODEX.2.1-C986,[#7:1](-[#8:2])(-[#1])-[#1].[#6:6]-[#6:7](=[#8:8])-[#8]-[#1]>>[#7:1](-[#8:2])(-[#6:7](-[#6:6])=[#8:8])-[#1],"EVODEX.2.1-P5466,EVODEX.2.1-P5468,EVODEX.2.1-P6184,EVODEX.2.1-P6318,EVODEX.2.1-P6384",20474375730974925258684049786689438101267591920223848718152409072049918853849
EVODEX.2.1-C987,[#6:3]-[#6:10](=[#8:11])-[#8:12]-[#1].[#7:13](-[#8:14])(-[#1])-[#1]>>[#6:3]-[#6:10](=[#8:11])-[#7:13](-[#8:14])-[#1].[#8:12](-[#1])-[#1],"EVODEX.2.1-P5469,EVODEX.2.1-P5513,EVODEX.2.1-P5523,EVODEX.2.1-P5536,EVODEX.2.1-P5539",112728635656132697121676153707620360204674345809548150389741673785531276173253
EVODEX.2.1-C988,[#7](-[#6:2](=[#8:3])-[#7:4](-[#6:5])-[#1])(-[#1])-[#1].[#8:13](-[#1])-[#1]>>[#6:2](=[#8:3])=[#8:13].[#7:4](-[#6:5])(-[#1])-[#1],"EVODEX.2.1-P5473,EVODEX.2.1-P5567,EVODEX.2.1-P5575,EVODEX.2.1-P5577,EVODEX.2.1-P5583",20641103023409652007002599167425497992643287058265661351041152905181065302462
EVODEX.2.1-C989,[#6:17]-[#6:18](=[#8:19])-[#8]-[#1]>>[#6:17]-[#6:18](=[#8:19])-[#7](-[#6](-[#6](-[#6](=[#6](-[#6](-[#6](-[#6](-[#6](-[#6](-[#6](-[#6](-[#6](-[#6](-[#6](-[#6](-[#6](-[#6](-[#1])(-[#1])-[#1])(-[#1])-[#1])(-[#1])-[#1])(-[#1])-[#1])(-[#1])-[#1])(-[#1])-[#1])(-[#1])-[#1])(-[#1])-[#1])(-[#1])-[#1])(-[#1])-[#1])(-[#1])-[#1])(-[#1])-[#1])(-[#1])-[#1])-[#1])-[#1])(-[#8]-[#1])-[#1])(-[#6](-[#8]-[#1])(-[#1])-[#1])-[#1])-[#1],"EVODEX.2.1-P5474,EVODEX.2.1-P5486,EVODEX.2.1-P5490,EVODEX.2.1-P5495,EVODEX.2.1-P5498",84790508902254010872251237710171207219700270476705966446324028377594375718257
EVODEX.2.1-C990,[#6:36]-[#6:37](=[#8:38])-[#8:39]-[#1]>>[#6](-[#6](-[#6](-[#6](-[#6](-[#6](-[#6](-[#6](-[#6](-[#6](-[#6](-[#6](-[#6](-[#6](=[#6](-[#6](-[#8]-[#1])(-[#6](-[#7](-[#6:37](-[#6:36])=[#8:38])-[#1])(-[#6](-[#8]-[#1])(-[#1])-[#1])-[#1])-[#1])-[#1])-[#1])(-[#1])-[#1])(-[#1])-[#1])(-[#1])-[#1])(-[#1])-[#1])(-[#1])-[#1])(-[#1])-[#1])(-[#1])-[#1])(-[#1])-[#1])(-[#1])-[#1])(-[#1])-[#1])(-[#1])-[#1])(-[#1])-[#1])(-[#1])(-[#1])-[#1].[#8:39](-[#1])-[#1],"EVODEX.2.1-P5475,EVODEX.2.1-P5477,EVODEX.2.1-P5480,EVODEX.2.1-P5488,EVODEX.2.1-P5491",51550060628439592918513457798471664062017467295848087090366655478594590455879
EVODEX.2.1-C991,[#6](-[#6](-[#6](-[#6](-[#6](-[#6](-[#6](-[#6](-[#6](-[#6](-[#6](-[#6](-[#6](/[#6](=[#6](/[#6@@](-[#8]-[#1])(-[#6@](-[#6](-[#8]-[#1])(-[#1])-[#1])(-[#7](-[#6:22](=[#8:23])-[#6:24])-[#1])-[#1])-[#1])-[#1])-[#1])(-[#1])-[#1])(-[#1])-[#1])(-[#1])-[#1])(-[#1])-[#1])(-[#1])-[#1])(-[#1])-[#1])(-[#1])-[#1])(-[#1])-[#1])(-[#1])-[#1])(-[#1])-[#1])(-[#1])-[#1])(-[#1])-[#1])(-[#1])(-[#1])-[#1].[#8:35](-[#1])-[#1]>>[#6:22](=[#8:23])(-[#6:24])-[#8:35]-[#1],"EVODEX.2.1-P5476,EVODEX.2.1-P5478,EVODEX.2.1-P5487,EVODEX.2.1-P5492,EVODEX.2.1-P5496",54753605071639136507922773194968500298639458970793662245402971374961522918113
EVODEX.2.1-C992,[#6](-[#6](-[#6](-[#6](-[#6](-[#6](-[#6](-[#6](-[#6](-[#6](-[#6](-[#6](-[#6](/[#6](=[#6](/[#6@@](-[#8]-[#1])(-[#6@](-[#6](-[#8]-[#1])(-[#1])-[#1])(-[#7](-[#6:22](=[#8:23])-[#6:24])-[#1])-[#1])-[#1])-[#1])-[#1])(-[#1])-[#1])(-[#1])-[#1])(-[#1])-[#1])(-[#1])-[#1])(-[#1])-[#1])(-[#1])-[#1])(-[#1])-[#1])(-[#1])-[#1])(-[#1])-[#1])(-[#1])-[#1])(-[#1])-[#1])(-[#1])-[#1])(-[#1])(-[#1])-[#1]>>[#6:22](=[#8:23])(-[#6:24])-[#8]-[#1],"EVODEX.2.1-P5479,EVODEX.2.1-P5485,EVODEX.2.1-P5489,EVODEX.2.1-P5493,EVODEX.2.1-P5497",53504815987189182877302737028999119285764319186074718815575613644165465746531
EVODEX.2.1-C993,[#6](-[#6](-[#6](-[#6](-[#6](-[#6](-[#6](-[#6](-[#6](-[#6](-[#6](-[#6](-[#6](-[#6](-[#6](-[#6](-[#6](-[#6](=[#8])-[#7:20](-[#6@@:21])-[#1])(-[#1])-[#1])(-[#1])-[#1])(-[#1])-[#1])(-[#1])-[#1])(-[#1])-[#1])(-[#1])-[#1])(-[#1])-[#1])(-[#1])-[#1])(-[#1])-[#1])(-[#1])-[#1])(-[#1])-[#1])(-[#1])-[#1])(-[#1])-[#1])(-[#1])-[#1])(-[#1])-[#1])(-[#1])-[#1])(-[#1])(-[#1])-[#1]>>[#7:20](-[#6@@:21])(-[#1])-[#1],"EVODEX.2.1-P5481,EVODEX.2.1-P5612,EVODEX.2.1-P5613,EVODEX.2.1-P5617,EVODEX.2.1-P5688",1108288199025880263886565403437015149666083339966928906045988330751710381145
EVODEX.2.1-C994,[#6:4]-[#6:5](=[#8:6])-[#7](-[#6](-[#6](-[#16](=[#8])(=[#8])-[#8]-[#1])(-[#1])-[#1])(-[#1])-[#1])-[#1].[#8:36](-[#1])-[#1]>>[#6:4]-[#6:5](=[#8:6])-[#8:36]-[#1],"EVODEX.2.1-P5499,EVODEX.2.1-P5500,EVODEX.2.1-P5503,EVODEX.2.1-P5508,EVODEX.2.1-P5552",67487013636562097463771137764461321729058526094221573981192224346866789332343
EVODEX.2.1-C995,[#6:4]-[#6:5](=[#8:6])-[#7](-[#6](-[#6](-[#16](=[#8])(=[#8])-[#8]-[#1])(-[#1])-[#1])(-[#1])-[#1])-[#1]>>[#6:4]-[#6:5](=[#8:6])-[#8]-[#1],"EVODEX.2.1-P5501,EVODEX.2.1-P5504,EVODEX.2.1-P5506,EVODEX.2.1-P5509,EVODEX.2.1-P5510",90612585497269153613465726324196306378122572906457828027034728500882827504909
EVODEX.2.1-C996,[#8:3]=[#6:4](-[#8]-[#1])-[#6:6]>>[#7](-[#8]-[#1])(-[#6:4](=[#8:3])-[#6:6])-[#1],"EVODEX.2.1-P5524,EVODEX.2.1-P6182,EVODEX.2.1-P6183,EVODEX.2.1-P6385,EVODEX.2.1-P6421",90156053398099459900067483560345085331778356971791385448373585608786094196997
EVODEX.2.1-C997,[#6:5]-[#7:6](-[#6:7](-[#7:8](-[#1])-[#1])=[#8:9])-[#1].[#8:10](-[#1])-[#1]>>[#6:7](=[#8:9])=[#8:10].[#6:5]-[#7:6](-[#1])-[#1].[#7:8](-[#1])(-[#1])-[#1],"EVODEX.2.1-P5566,EVODEX.2.1-P5568,EVODEX.2.1-P5569,EVODEX.2.1-P5615,EVODEX.2.1-P5637",72119898450876802257353151355719753457998374912808544464397231057960600860160
EVODEX.2.1-C998,[#6:2]-[#7:3](-[#6:4](=[#8:5])-[#1:13])-[#1]>>[#6:2]-[#7:3](-[#1])-[#1].[#6:4](=[#8:5])(-[#8]-[#1])-[#1:13],"EVODEX.2.1-P5571,EVODEX.2.1-P5641,EVODEX.2.1-P5644,EVODEX.2.1-P5653,EVODEX.2.1-P5660",41141187757974935398130001284645325979730398281804411414813470444685594419021
EVODEX.2.1-C999,[#6:5]-[#7:6](-[#6](=[#8])-[#8]-[#6:10](-[#6:11])(-[#1:21])-[#1:22])-[#1]>>[#6:5]-[#7:6](-[#1])-[#1].[#8](-[#6:10](-[#6:11])(-[#1:21])-[#1:22])-[#1],"EVODEX.2.1-P5572,EVODEX.2.1-P5589,EVODEX.2.1-P5602,EVODEX.2.1-P5606,EVODEX.2.1-P5608",111282173778143371952578502295548309986205599313712379831753742960448887939338
EVODEX.2.1-C1000,[#7:3](-[#6@:2])(-[#6:4](=[#8:5])-[#8:6]-[#6:7](-[#6:8])(-[#1:23])-[#1:24])-[#1].[#8:17](-[#1])-[#1]>>[#6:4](=[#8:5])=[#8:6].[#6:7](-[#6:8])(-[#8:17]-[#1])(-[#1:23])-[#1:24].[#7:3](-[#6@:2])(-[#1])-[#1],"EVODEX.2.1-P5573,EVODEX.2.1-P5588,EVODEX.2.1-P5595,EVODEX.2.1-P5601,EVODEX.2.1-P5610",52480221544342898586015005060481978298331402967916358792544494640741847865033
EVODEX.2.1-C1001,[#7](-[#6:2](=[#8:3])-[#7:4](-[#6:5])-[#1])(-[#1])-[#1]>>[#6:2](=[#8:3])=[#8].[#7:4](-[#6:5])(-[#1])-[#1],"EVODEX.2.1-P5574,EVODEX.2.1-P5579,EVODEX.2.1-P5581,EVODEX.2.1-P5616,EVODEX.2.1-P5623",9227736354085317998100902932731396867514265702130042165648272327159656688478
EVODEX.2.1-C1002,[#7:1](-[#6:2](=[#8:3])-[#7:4](-[#6@@:5])-[#1])(-[#1])-[#1]>>[#6:2](=[#8:3])=[#8].[#7:4](-[#6@@:5])(-[#1])-[#1].[#7:1](-[#1])(-[#1])-[#1],"EVODEX.2.1-P5578,EVODEX.2.1-P5614,EVODEX.2.1-P5621,EVODEX.2.1-P5622,EVODEX.2.1-P5634",10552472025381207404780749842882185165272136037248839722312560082465115351548
EVODEX.2.1-C1003,[#7:1](-[#6](=[#8])-[#7:4](-[#6:5])-[#1])(-[#1])-[#1]>>[#7:4](-[#6:5])(-[#1])-[#1].[#7:1](-[#1])(-[#1])-[#1],"EVODEX.2.1-P5580,EVODEX.2.1-P5582,EVODEX.2.1-P5584,EVODEX.2.1-P5618,EVODEX.2.1-P5619",67515938417151012551931698295249852929366444463480287603113806551814017756347
EVODEX.2.1-C1004,[#7:6](-[#6@:5])(-[#6](=[#8])-[#8]-[#6:10](-[#6:11])(-[#1:32])-[#1:33])-[#1].[#8:20](-[#1])-[#1]>>[#6:10](-[#6:11])(-[#8:20]-[#1])(-[#1:32])-[#1:33].[#7:6](-[#6@:5])(-[#1])-[#1],"EVODEX.2.1-P5587,EVODEX.2.1-P5594,EVODEX.2.1-P5596,EVODEX.2.1-P5605,EVODEX.2.1-P5607",2482947109923872839885692872752877884228030446208870401912807453962364854637
EVODEX.2.1-C1005,[#7:6](-[#6@:5])(-[#6:7](=[#8:8])-[#8:9]-[#6](-[#6]1:[#6](:[#6](:[#6](:[#6](:[#6]:1-[#1])-[#1])-[#1])-[#1])-[#1])(-[#1])-[#1])-[#1]>>[#6:7](=[#8:8])=[#8:9].[#7:6](-[#6@:5])(-[#1])-[#1],"EVODEX.2.1-P5590,EVODEX.2.1-P5592,EVODEX.2.1-P5597,EVODEX.2.1-P5599,EVODEX.2.1-P5603",37998860805845952621492693011038844074026545963333816447872694654555554629426
EVODEX.2.1-C1006,[#7:6](-[#6@:5])(-[#6:7](=[#8:8])-[#8:9]-[#6:10](-[#6:11])(-[#1:30])-[#1:31])-[#1]>>[#6:7](=[#8:8])=[#8:9].[#6:10](-[#6:11])(-[#8]-[#1])(-[#1:30])-[#1:31].[#7:6](-[#6@:5])(-[#1])-[#1],"EVODEX.2.1-P5591,EVODEX.2.1-P5593,EVODEX.2.1-P5598,EVODEX.2.1-P5600,EVODEX.2.1-P5609",14183152405484133406356859789426097095518884506966822117291830285875903883022
EVODEX.2.1-C1007,[#6:24]-[#6:25](=[#8:26])-[#8]-[#1]>>[#7](-[#6](-[#6](-[#6](-[#6](-[#7](-[#6](-[#6](-[#6](-[#7](-[#6:25](-[#6:24])=[#8:26])-[#1])(-[#1])-[#1])(-[#1])-[#1])(-[#1])-[#1])-[#1])(-[#1])-[#1])(-[#1])-[#1])(-[#1])-[#1])(-[#1])-[#1])(-[#1])-[#1],"EVODEX.2.1-P5624,EVODEX.2.1-P6424,EVODEX.2.1-P6432,EVODEX.2.1-P6435,EVODEX.2.1-P6438",93308382756476855680891232998855416486084930054571686905355266744909868180137
EVODEX.2.1-C1008,[#6:3]-[#7:4](-[#6](=[#8])-[#1])-[#1]>>[#6:3]-[#7:4](-[#1])-[#1],"EVODEX.2.1-P5635,EVODEX.2.1-P5636,EVODEX.2.1-P5639,EVODEX.2.1-P5652,EVODEX.2.1-P5659",110597953404399775100963639899526605333752182377421977973604168889203764995777
EVODEX.2.1-C1009,[#7:6](-[#6@:5])(-[#6:7](=[#8:8])-[#1:35])-[#1].[#8:25](-[#1])-[#1]>>[#7:6](-[#6@:5])(-[#1])-[#1].[#6:7](=[#8:8])(-[#8:25]-[#1])-[#1:35],"EVODEX.2.1-P5638,EVODEX.2.1-P5642,EVODEX.2.1-P5643,EVODEX.2.1-P5663,EVODEX.2.1-P5664",69191766515534514367840669102485353843069199078966934797941162734591173070232
EVODEX.2.1-C1010,[#6:4]-[#6:5](-[#7:6](-[#6](=[#8])-[#1])-[#1])(-[#6:9])-[#1:28]>>[#6:4]-[#6@@:5](-[#7:6](-[#1])-[#1])(-[#6:9])-[#1:28],"EVODEX.2.1-P5640,EVODEX.2.1-P5645,EVODEX.2.1-P5647,EVODEX.2.1-P5654,EVODEX.2.1-P5661",87008501449689208748195249789346180806697828731094492556558730707731661469081
EVODEX.2.1-C1011,[#6:4]-[#6:5](-[#7:6](-[#6:7](=[#8:8])-[#1:33])-[#1])(-[#6:9])-[#1:31].[#8:21](-[#1])-[#1]>>[#6:4]-[#6@@:5](-[#7:6](-[#1])-[#1])(-[#6:9])-[#1:31].[#6:7](=[#8:8])(-[#8:21]-[#1])-[#1:33],"EVODEX.2.1-P5646,EVODEX.2.1-P5650,EVODEX.2.1-P5656,EVODEX.2.1-P5657,EVODEX.2.1-P5658",106265069024985870084530957162733237698077184462500425949842526360462750610670
EVODEX.2.1-C1012,[#6:4]-[#6:5](-[#7:6](-[#6:7](=[#8:8])-[#1:38])-[#1])(-[#6:9])-[#1:36]>>[#6:4]-[#6@:5](-[#7:6](-[#1])-[#1])(-[#6:9])-[#1:36].[#6:7](=[#8:8])(-[#8]-[#1])-[#1:38],"EVODEX.2.1-P5648,EVODEX.2.1-P5649,EVODEX.2.1-P5651,EVODEX.2.1-P5655,EVODEX.2.1-P5662",96073138460762012414074776976837135552434439562581614004497845859622123471082
EVODEX.2.1-C1013,[#8]=[#6](-[#8]-[#1])-[#6](-[#6](-[#6](-[#6](=[#8])-[#7:10](-[#6@@:11])-[#1])(-[#1])-[#1])(-[#1])-[#1])(-[#1])-[#1]>>[#7:10](-[#6@@:11])(-[#1])-[#1],"EVODEX.2.1-P5673,EVODEX.2.1-P5674,EVODEX.2.1-P5675,EVODEX.2.1-P5676,EVODEX.2.1-P5677",57836710741108111200414747453715934599525242321603728487262153487557092116007
EVODEX.2.1-C1014,[#8:2]=[#6:3](-[#6:4])-[#7:8](-[#6:6])-[#1].[#8:1](-[#1])-[#1]>>([#8:1](-[#6:3](=[#8:2])-[#6:4])-[#1].[#6:6]-[#7:8](-[#1])-[#1]),"EVODEX.2.1-P5692,EVODEX.2.1-P5696,EVODEX.2.1-P5700,EVODEX.2.1-P5701,EVODEX.2.1-P5708",40198191079064190769831365240505035319714633286961064091770693319741956825564
EVODEX.2.1-C1015,([#6:7]-[#7:8](-[#1])-[#1].[#6:10](-[#6@:5])(=[#8:11])-[#8:12]-[#1])>>[#6:7]-[#7:8](-[#6:10](-[#6@@:5])=[#8:11])-[#1].[#8:12](-[#1])-[#1],"EVODEX.2.1-P5693,EVODEX.2.1-P5699,EVODEX.2.1-P5702,EVODEX.2.1-P5705,EVODEX.2.1-P5707",40023533383199379945261331934623775799498435972046686777478941815518707627841
EVODEX.2.1-C1016,([#6:7]-[#7:8](-[#1])-[#1].[#6:10](-[#6@:5])(=[#8:11])-[#8]-[#1])>>[#6:7]-[#7:8](-[#6:10](-[#6@@:5])=[#8:11])-[#1],"EVODEX.2.1-P5694,EVODEX.2.1-P5695,EVODEX.2.1-P5698,EVODEX.2.1-P5703,EVODEX.2.1-P5710",81376153408884639138158505731542196833909586930306310978085192898181270263613
EVODEX.2.1-C1017,[#6:7]-[#7:9](-[#6:10](-[#6@@:5])=[#8:11])-[#1]>>([#6:7]-[#7:9](-[#1])-[#1].[#6:10](-[#6@:5])(=[#8:11])-[#8]-[#1]),"EVODEX.2.1-P5697,EVODEX.2.1-P5704,EVODEX.2.1-P5706,EVODEX.2.1-P5709,EVODEX.2.1-P5711",99112323120681039976218033121362167614356137705904806605963216773461555183648
EVODEX.2.1-C1022,[#7](=[#6:2](-[#7:3])-[#1:15])-[#1].[#8:13](-[#1])-[#1]>>[#6:2](-[#7:3])(=[#8:13])-[#1:15],"EVODEX.2.1-P5720,EVODEX.2.1-P5725,EVODEX.2.1-P5731,EVODEX.2.1-P5732,EVODEX.2.1-P5739",10686699550215665593621503011270310878401404044806237701102354507388854651202
EVODEX.2.1-C1023,[#7:1](=[#6:2](-[#7:3])-[#1:15])-[#1]>>[#6:2](-[#7:3])(=[#8])-[#1:15].[#7:1](-[#1])(-[#1])-[#1],"EVODEX.2.1-P5721,EVODEX.2.1-P5729,EVODEX.2.1-P5734,EVODEX.2.1-P5735,EVODEX.2.1-P5738",101583775837875046220953270941958219282065082406233979411729148154133181031846
EVODEX.2.1-C1024,[#7:4]-[#6:5](=[#7:6]-[#1])-[#1:18].[#8:10](-[#1])-[#1]>>[#7:4]-[#6:5](=[#8:10])-[#1:18].[#7:6](-[#1])(-[#1])-[#1],"EVODEX.2.1-P5722,EVODEX.2.1-P5724,EVODEX.2.1-P5727,EVODEX.2.1-P5730,EVODEX.2.1-P5736",429586173758693266091390832060140905052655555984542702080928812954039264285
EVODEX.2.1-C1025,[#7](=[#6:2](-[#7:3])-[#1:12])-[#1]>>[#6:2](-[#7:3])(=[#8])-[#1:12],"EVODEX.2.1-P5723,EVODEX.2.1-P5726,EVODEX.2.1-P5728,EVODEX.2.1-P5733,EVODEX.2.1-P5737",56985293248215630920341481773906477418311886953122508277361345705056900889181
EVODEX.2.1-C1026,[#7:1](=[#6:2](-[#7:3](-[#1])-[#1])-[#7:4])-[#1].[#8:21](-[#1])-[#1]>>[#7:1](-[#6:2](-[#7:4])=[#8:21])(-[#1])-[#1].[#7:3](-[#1])(-[#1])-[#1],"EVODEX.2.1-P5741,EVODEX.2.1-P5743,EVODEX.2.1-P5746,EVODEX.2.1-P5762,EVODEX.2.1-P5764",115528555577102219958953038590182293180490650469389737241543940901964099998695
EVODEX.2.1-C1027,[#7:1](=[#6:2](-[#7](-[#1])-[#1])-[#7:4])-[#1]>>[#7:1](-[#6:2](-[#7:4])=[#8])(-[#1])-[#1],"EVODEX.2.1-P5742,EVODEX.2.1-P5748,EVODEX.2.1-P5752,EVODEX.2.1-P5753,EVODEX.2.1-P5754",65193286609376072697415155890728019967490867968882677009114639864537565951587
EVODEX.2.1-C1028,[#7:27]-[#6:28](=[#7:29]-[#1])-[#7:30](-[#1])-[#1]>>[#7:27]-[#6:28](-[#7:29](-[#1])-[#1])=[#8].[#7:30](-[#1])(-[#1])-[#1],"EVODEX.2.1-P5747,EVODEX.2.1-P5750,EVODEX.2.1-P5755,EVODEX.2.1-P5763,EVODEX.2.1-P5765",41421237572765413845006955447969577592572598059253668559152398879296939477644
EVODEX.2.1-C1029,([#7:1]#[#6:2]-[#6:3].[#6:6]-[#6:7]#[#7:8]).[#8:11](-[#1])-[#1].[#8:12](-[#1])-[#1]>>([#6:2](-[#6:3])(-[#8]-[#1])=[#8:12].[#6:6]-[#6:7](=[#8])-[#8:11]-[#1]).[#7:1](-[#1])(-[#1])-[#1].[#7:8](-[#1])(-[#1])-[#1],"EVODEX.2.1-P5768,EVODEX.2.1-P5779,EVODEX.2.1-P5783,EVODEX.2.1-P5790,EVODEX.2.1-P5801",24857905062252449740784880548336709126036537371471063118465237430468138490838
EVODEX.2.1-C1030,([#7:1]#[#6:2]-[#6:3].[#6:6]-[#6:7]#[#7:8])>>([#6:2](-[#6:3])(-[#8]-[#1])=[#8].[#6:6]-[#6:7](=[#8])-[#8]-[#1]).[#7:1](-[#1])(-[#1])-[#1].[#7:8](-[#1])(-[#1])-[#1],"EVODEX.2.1-P5769,EVODEX.2.1-P5784,EVODEX.2.1-P5796,EVODEX.2.1-P5798,EVODEX.2.1-P5803",84198589103271005708737513167448540613801786242306286093951190000545598818387
EVODEX.2.1-C1031,([#7]#[#6:2]-[#6:3].[#6:6]-[#6:7]#[#7]).[#8:10](-[#1])-[#1].[#8:11](-[#1])-[#1]>>([#6:2](-[#6:3])(-[#8]-[#1])=[#8].[#6:6]-[#6:7](=[#8:10])-[#8:11]-[#1]),"EVODEX.2.1-P5770,EVODEX.2.1-P5787,EVODEX.2.1-P5791,EVODEX.2.1-P5802,EVODEX.2.1-P5804",67665015964831318990753712140247486915308406785728660866636632250811674516407
EVODEX.2.1-C1032,[#6:4]-[#6:5]#[#7]>>[#6:4]-[#6:5](=[#8])-[#8]-[#1],"EVODEX.2.1-P5771,EVODEX.2.1-P5782,EVODEX.2.1-P5788,EVODEX.2.1-P5808,EVODEX.2.1-P5811",58163533942862609298071046827381271787296504577679952070641368757763393609525
EVODEX.2.1-C1033,[#7:1]#[#6:2]-[#6:3].[#8:10](-[#1])-[#1]>>[#6:2](-[#6:3])(=[#8])-[#8:10]-[#1].[#7:1](-[#1])(-[#1])-[#1],"EVODEX.2.1-P5772,EVODEX.2.1-P5775,EVODEX.2.1-P5794,EVODEX.2.1-P5795,EVODEX.2.1-P5800",110086622117237667868005803171717049880909089883316800821301771741955162316684
EVODEX.2.1-C1034,[#6:2]-[#6:4]#[#7].[#8:12](-[#1])-[#1]>>[#6:2]-[#6:4](=[#8:12])-[#8]-[#1],"EVODEX.2.1-P5773,EVODEX.2.1-P5777,EVODEX.2.1-P5778,EVODEX.2.1-P5805,EVODEX.2.1-P5810",47635659858730093364212769798170557761608620008582117305158046453908024575186
EVODEX.2.1-C1035,[#6:6](-[#6@:5])#[#7:7].[#8:14](-[#1])-[#1]>>[#6:6](-[#6@:5])(-[#7:7](-[#1])-[#1])=[#8:14],"EVODEX.2.1-P5774,EVODEX.2.1-P6096,EVODEX.2.1-P6098,EVODEX.2.1-P6102,EVODEX.2.1-P6106",20485549329455334763769600591993415065288317357463644105115869622406584173861
EVODEX.2.1-C1036,([#6:2]-[#6:3]#[#7].[#6:6]-[#6:7]#[#7])>>([#6:2]-[#6:3](-[#8]-[#1])=[#8].[#6:6]-[#6:7](=[#8])-[#8]-[#1]),"EVODEX.2.1-P5776,EVODEX.2.1-P5780,EVODEX.2.1-P5785,EVODEX.2.1-P5786,EVODEX.2.1-P5799",36491820207616604077134208146746654008909401539654437856282879442879868814553
EVODEX.2.1-C1037,[#7:1]#[#6:2]-[#6:3]>>[#6:2](-[#6:3])(=[#8])-[#8]-[#1].[#7:1](-[#1])(-[#1])-[#1],"EVODEX.2.1-P5781,EVODEX.2.1-P5789,EVODEX.2.1-P5792,EVODEX.2.1-P5793,EVODEX.2.1-P5809",111644925178065700559563761153716635709852911131406530572527289716889235915998
EVODEX.2.1-C1045,[#15:19](-[#8:21]-[#1])-[#8:22]-[#15:23](=[#8:24])(-[#8:25])-[#8:26]-[#15:27].[#8:55](-[#1])-[#1]>>[#15:19](-[#8:21]-[#15:23](=[#8:24])(-[#8:25])-[#8:55]-[#1])-[#8:22]-[#1].[#8:26](-[#15:27])-[#1],"EVODEX.2.1-P5830,EVODEX.2.1-P5831,EVODEX.2.1-P5833,EVODEX.2.1-P5836,EVODEX.2.1-P5842",66334618001944391560620306292867913976820224005155416444285506989787521701585
EVODEX.2.1-C1046,[#15:10](-[#8:12]-[#1])-[#8:13]-[#15:14](=[#8:15])(-[#8:16])-[#8:17]-[#15:18]>>[#15:10](-[#8:12]-[#15:14](=[#8:15])(-[#8:16])-[#8]-[#1])-[#8:13]-[#1].[#8:17](-[#15:18])-[#1],"EVODEX.2.1-P5832,EVODEX.2.1-P5834,EVODEX.2.1-P5835,EVODEX.2.1-P5837,EVODEX.2.1-P5839",17265325379357189834181799969589537979983138978483434523036138852586004349103
EVODEX.2.1-C1051,[#6:1]-[#6:2](=[#8:3])-[#6](-[#6](=[#8])-[#6](=[#8])-[#8]-[#1])(-[#1])-[#1].[#8:10](-[#1])-[#1]>>[#6:1]-[#6:2](=[#8:3])-[#8:10]-[#1],"EVODEX.2.1-P5857,EVODEX.2.1-P5863,EVODEX.2.1-P5867,EVODEX.2.1-P5870,EVODEX.2.1-P5872",103027532862916833579232646791567060383897947470932569259021894846464842786051
EVODEX.2.1-C1052,[#6:3]-[#6:4](=[#8:5])-[#6](-[#6](=[#8])-[#6](=[#8])-[#8]-[#1])(-[#1])-[#1]>>[#6:3]-[#6:4](=[#8:5])-[#8]-[#1],"EVODEX.2.1-P5858,EVODEX.2.1-P5861,EVODEX.2.1-P5865,EVODEX.2.1-P5871,EVODEX.2.1-P5873",65716543699430790708034029261194909351881887426444411312697956922661864056193
EVODEX.2.1-C1055,[#6:5]-[#6:6](-[#17])(-[#1:11])-[#1:12].[#8:1](-[#1])-[#1]>>[#8:1](-[#6:6](-[#6:5])(-[#1:11])-[#1:12])-[#1],"EVODEX.2.1-P5887,EVODEX.2.1-P5888,EVODEX.2.1-P5891,EVODEX.2.1-P5902,EVODEX.2.1-P5906",65915232992268456798150051623177183908958499880815076733149576393501590370348
EVODEX.2.1-C1056,[#6:4]-[#6:5](-[#17])(-[#1:17])-[#1:18]>>[#6:4]-[#6:5](-[#8]-[#1])(-[#1:17])-[#1:18],"EVODEX.2.1-P5889,EVODEX.2.1-P5892,EVODEX.2.1-P5895,EVODEX.2.1-P5897,EVODEX.2.1-P5900",43064126505970654919995550721687446243573891864380670535491596245483076492752
EVODEX.2.1-C1057,[#6:2]-[#6:5](-[#17:6])(-[#1:17])-[#1:18].[#8:7](-[#1])-[#1]>>[#6:2]-[#6:5](-[#8:7]-[#1])(-[#1:17])-[#1:18].[#17:6]-[#1],"EVODEX.2.1-P5890,EVODEX.2.1-P5894,EVODEX.2.1-P5896,EVODEX.2.1-P5899,EVODEX.2.1-P5905",100287046768883725059851210777638925227197639947799441147286920942427396787380
EVODEX.2.1-C1058,[#17:1]-[#6:2](-[#6:3])(-[#1:9])-[#1:10]>>[#6:2](-[#6:3])(-[#8]-[#1])(-[#1:9])-[#1:10].[#17:1]-[#1],"EVODEX.2.1-P5893,EVODEX.2.1-P5898,EVODEX.2.1-P5901,EVODEX.2.1-P5903,EVODEX.2.1-P5904",78162897850772857377978205097510777092712531666077483285468963133886719180697
EVODEX.2.1-C1059,[#6:4]-[#6:5](=[#8:6])-[#1]>>[#6:4]-[#6:5](=[#8:6])-[#6](-[#8]-[#1])=[#8],"EVODEX.2.1-P5910,EVODEX.2.1-P5912,EVODEX.2.1-P5915,EVODEX.2.1-P5918,EVODEX.2.1-P5922",7924257718045833319330123637670511451422231093722421081971790621188448421786
EVODEX.2.1-C1060,[#6:2]-[#6:4](=[#8:5])-[#1].[#8:6]=[#6:7]=[#8:8]>>[#6:2]-[#6:4](=[#8:5])-[#6:7](-[#8:6]-[#1])=[#8:8],"EVODEX.2.1-P5911,EVODEX.2.1-P5913,EVODEX.2.1-P5914,EVODEX.2.1-P5921,EVODEX.2.1-P5955",28621435577489346009768906775916287593927011040302212859651117678026862046100
EVODEX.2.1-C1061,[#6:4]-[#6@@:5](-[#7:6])(-[#6:7](=[#8:8])-[#8:9]-[#1])-[#1:18]>>[#6:7](=[#8:8])=[#8:9].[#6:4]-[#6:5](-[#7:6])(-[#1:18])-[#1],"EVODEX.2.1-P5926,EVODEX.2.1-P5927,EVODEX.2.1-P5928,EVODEX.2.1-P5930,EVODEX.2.1-P5931",36484444861490000735208181034635176518368514385332044489373897918881670299340
EVODEX.2.1-C1069,[#6:2]-[#6:5](-[#8:6]-[#1])(-[#6:7]#[#7:8])-[#1:18]>>[#6:2]-[#6:5](=[#8:6])-[#1:18].[#6:7](#[#7:8])-[#1],"EVODEX.2.1-P5961,EVODEX.2.1-P5962,EVODEX.2.1-P5970,EVODEX.2.1-P6052,EVODEX.2.1-P6053",88588455265177682118053079868601565292912922122541786638791194866083714146703
EVODEX.2.1-C1070,[#6:7]-[#6:8](-[#6:9])=[#8:10]>>[#6](#[#7])-[#6@:8](-[#6:7])(-[#6:9])-[#8:10]-[#1],"EVODEX.2.1-P5963,EVODEX.2.1-P5975,EVODEX.2.1-P5980,EVODEX.2.1-P6045,EVODEX.2.1-P6054",10772813416192704460312661505419094502241920847759204232194561149660381238222
EVODEX.2.1-C1071,[#6:1](#[#7:2])-[#1].[#8:3]=[#6:4](-[#6:5])-[#6:9]>>[#6:1](#[#7:2])-[#6:4](-[#8:3]-[#1])(-[#6:5])-[#6:9],"EVODEX.2.1-P5964,EVODEX.2.1-P5966,EVODEX.2.1-P5981,EVODEX.2.1-P5985,EVODEX.2.1-P5989",54628020277246321066343873922867525394240000456750141711081459512030178868742
EVODEX.2.1-C1072,[#6:11]-[#6:12](=[#8:13])-[#1:33]>>[#6](#[#7])-[#6:12](-[#6:11])(-[#8:13]-[#1])-[#1:33],"EVODEX.2.1-P5965,EVODEX.2.1-P5972,EVODEX.2.1-P5974,EVODEX.2.1-P5979,EVODEX.2.1-P6051",844987462398809713748793650550338467221557200260190133889476046847908664913
EVODEX.2.1-C1073,[#6:5]-[#6@@:6](-[#8:7]-[#1])(-[#6]#[#7])-[#6:10]>>[#6:5]-[#6:6](=[#8:7])-[#6:10],"EVODEX.2.1-P5967,EVODEX.2.1-P5976,EVODEX.2.1-P5982,EVODEX.2.1-P5986,EVODEX.2.1-P6047",18056137933096660076564629038763821780341741795117449510467813536079401329560
EVODEX.2.1-C1074,[#7:1]#[#6:2]-[#6@@:3](-[#8:4]-[#1])(-[#6:5])-[#6:13]>>[#6:3](=[#8:4])(-[#6:5])-[#6:13].[#7:1]#[#6:2]-[#1],"EVODEX.2.1-P5968,EVODEX.2.1-P5984,EVODEX.2.1-P5987,EVODEX.2.1-P5988,EVODEX.2.1-P6046",50989231904457222437421386976305967308171298235263066477673347456997622530864
EVODEX.2.1-C1075,[#6:7](-[#6@:6])(-[#8:8]-[#1])(-[#6]#[#7])-[#1:21]>>[#6:7](-[#6@:6])(=[#8:8])-[#1:21],"EVODEX.2.1-P5969,EVODEX.2.1-P5971,EVODEX.2.1-P5973,EVODEX.2.1-P5977,EVODEX.2.1-P5990",37634503126561184214973407868783774833173654017713984897308921701743927544095
EVODEX.2.1-C1076,[#6:1](#[#7:2])-[#1].[#8:3]=[#6:4](-[#6:5])-[#1:11]>>[#6:1](#[#7:2])-[#6@:4](-[#8:3]-[#1])(-[#6:5])-[#1:11],"EVODEX.2.1-P5978,EVODEX.2.1-P5983,EVODEX.2.1-P6048,EVODEX.2.1-P6049,EVODEX.2.1-P6050",36469306232975246339251019210138282243659670771621141053392882842364194080588
EVODEX.2.1-C1077,[#6:3](-[#6@:2])(=[#8:4])-[#1:25]>>[#8:4](-[#6@:3](-[#6@:2])(-[#6@@](-[#6](=[#8])-[#6](-[#8]-[#1])(-[#1])-[#1])(-[#8]-[#1])-[#1])-[#1:25])-[#1],"EVODEX.2.1-P5991,EVODEX.2.1-P5996,EVODEX.2.1-P6000,EVODEX.2.1-P6016,EVODEX.2.1-P6021",66463913224360412844974868757765703821363554569705266893856683478012518913673
EVODEX.2.1-C1079,[#8:11]=[#6:12](-[#6:13])-[#1:15]>>[#8]=[#6](-[#6@](-[#8]-[#1])(-[#6@:12](-[#8:11]-[#1])(-[#6:13])-[#1:15])-[#1])-[#6](-[#8]-[#15](=[#8])(-[#8]-[#1])-[#8]-[#1])(-[#1])-[#1],"EVODEX.2.1-P5994,EVODEX.2.1-P6003,EVODEX.2.1-P6004,EVODEX.2.1-P6008,EVODEX.2.1-P6012",60492236681830612736130337972660727809372761750958033055443392001886539622049
EVODEX.2.1-C1080,[#8]=[#6](-[#6](-[#8]-[#1])(-[#1])-[#1])-[#6](-[#8]-[#1])(-[#6:7](-[#8:8]-[#1])(-[#6@:9])-[#1:29])-[#1]>>[#6:7](=[#8:8])(-[#6@:9])-[#1:29],"EVODEX.2.1-P5997,EVODEX.2.1-P5998,EVODEX.2.1-P5999,EVODEX.2.1-P6019,EVODEX.2.1-P6022",15504489289889038273802704460555169271256493109771906454577328280817208910704
EVODEX.2.1-C1081,[#6:5]-[#6:17](-[#8:18]-[#1])(-[#6:19](-[#8:20])(-[#6:21])-[#1:45])-[#1:43]>>[#6:19](-[#8:20])(-[#6:21])(-[#1:45])-[#1].[#6:5]-[#6:17](=[#8:18])-[#1:43],"EVODEX.2.1-P6001,EVODEX.2.1-P6013,EVODEX.2.1-P6015,EVODEX.2.1-P6017,EVODEX.2.1-P6020",74255577246972752249843916495169969131335086550679028028175188261172349737795
EVODEX.2.1-C1082,[#6:15](-[#6@@:4])(-[#8:16]-[#1])(-[#6](-[#8]-[#1])(-[#6](=[#8])-[#6](-[#8]-[#15](=[#8])(-[#8]-[#1])-[#8]-[#1])(-[#1])-[#1])-[#1])-[#1:41]>>[#6:15](-[#6@@:4])(=[#8:16])-[#1:41],"EVODEX.2.1-P6002,EVODEX.2.1-P6005,EVODEX.2.1-P6006,EVODEX.2.1-P6011,EVODEX.2.1-P6014",42866207022864802610508856967505140352713606895728117415483656050839497648998
EVODEX.2.1-C1084,[#6:1]-[#6@@:2](-[#8:3]-[#1])(-[#6@:4](-[#7:5])(-[#6:6])-[#1:14])-[#1:12]>>[#6:4](-[#7:5])(-[#6:6])(-[#1:14])-[#1].[#6:1]-[#6:2](=[#8:3])-[#1:12],"EVODEX.2.1-P6024,EVODEX.2.1-P6038,EVODEX.2.1-P6040,EVODEX.2.1-P6042,EVODEX.2.1-P6060",110122205049777953312697169088350009135675728976095046363280036287603692511843
EVODEX.2.1-C1085,[#6:1]-[#6:2](=[#8:3])-[#1:12].[#7:4]-[#6:5](-[#6:6])(-[#1:15])-[#1]>>[#6:1]-[#6@@:2](-[#8:3]-[#1])(-[#6@:5](-[#7:4])(-[#6:6])-[#1:15])-[#1:12],"EVODEX.2.1-P6025,EVODEX.2.1-P6039,EVODEX.2.1-P6043,EVODEX.2.1-P6057,EVODEX.2.1-P6059",40915043999723476237726661874857427150885264237715773711122875823096245753487
EVODEX.2.1-C1088,[#6:2]-[#6@@:3](-[#8:4]-[#1])(-[#6](-[#7](-[#1])-[#1])(-[#6](=[#8])-[#8]-[#1])-[#1])-[#1:15]>>[#6:2]-[#6:3](=[#8:4])-[#1:15],"EVODEX.2.1-P6037,EVODEX.2.1-P6041,EVODEX.2.1-P6044,EVODEX.2.1-P6055,EVODEX.2.1-P6056",75848387741146891288183421562961083816061776281090993360536502557062174467967
EVODEX.2.1-C1096,[#6:5]-[#6:6](-[#7:7](-[#1])-[#1])=[#8:8]>>[#6:5]-[#6:6]#[#7:7].[#8:8](-[#1])-[#1],"EVODEX.2.1-P6097,EVODEX.2.1-P6100,EVODEX.2.1-P6101,EVODEX.2.1-P6108,EVODEX.2.1-P6109",72402080377742573972286108841149989741534903907392126867838106266500196991493
EVODEX.2.1-C1097,[#6:6](-[#6@@:4])(-[#7:7](-[#1])-[#1])=[#8]>>[#6:6](-[#6@@:4])#[#7:7],"EVODEX.2.1-P6103,EVODEX.2.1-P6104,EVODEX.2.1-P6105,EVODEX.2.1-P6107,EVODEX.2.1-P6110",85376422053280223095247054183808783256312561345585711875792111365622449116741
EVODEX.2.1-C1099,[#8:63](-[#6@@:62])-[#6@:64](-[#6@:65])(-[#6@:84](-[#8:83])(-[#6:85])-[#1])-[#1:142]>>[#6:64](=[#6:84](-[#6:85])-[#8:83])(-[#6@:65])-[#1:142].[#8:63](-[#6@@:62])-[#1],"EVODEX.2.1-P6120,EVODEX.2.1-P6121,EVODEX.2.1-P6122,EVODEX.2.1-P6123,EVODEX.2.1-P6124",50526153439001117946730284051060684213745398691547036612882144993856332645284
EVODEX.2.1-C1100,([#7:4](-[#6@:3])(-[#6:5](=[#8:6])-[#6@:7])-[#1].[#7:11](-[#6@:10])(-[#1])-[#1])>>[#6:5](=[#8:6])(-[#6@:7])-[#7:11](-[#6@@:10])-[#1].[#7:4](-[#6@:3])(-[#1])-[#1],"EVODEX.2.1-P6125,EVODEX.2.1-P6126,EVODEX.2.1-P6128,EVODEX.2.1-P6130,EVODEX.2.1-P6131",35460899254469642855364689927000287215695897287327521362167385651986810573847
EVODEX.2.1-C1101,[#6:3]-[#16@:4](=[#8:5])-[#6:6](-[#6@:7](-[#7:8])(-[#6:9])-[#1])(-[#1:17])-[#1:18]>>[#6:3]-[#16:4]-[#8:5]-[#1].[#6:6](=[#6:7](-[#7:8])-[#6:9])(-[#1:17])-[#1:18],"EVODEX.2.1-P6133,EVODEX.2.1-P6134,EVODEX.2.1-P6136,EVODEX.2.1-P6137,EVODEX.2.1-P6139",96629725164376318966398765384142307999248727415662355931975084662407849838099
EVODEX.2.1-C1102,[#7](-[#6@@](-[#6](-[#16:4](=[#8:5])-[#6:6])(-[#1])-[#1])(-[#6](=[#8])-[#8]-[#1])-[#1])(-[#1])-[#1]>>[#16:4](-[#8:5]-[#1])-[#6:6],"EVODEX.2.1-P6135,EVODEX.2.1-P6138,EVODEX.2.1-P6140,EVODEX.2.1-P6141,EVODEX.2.1-P6142",68445325720879096304474613503174513496074470745234981273700074545845557678707
EVODEX.2.1-C1105,([#8:1](-[#6:2])-[#1].[#8:8](-[#6@@:5])-[#6@@:9](-[#8:10])(-[#6@:18])-[#1:31])>>([#8:1](-[#6:2])-[#6@@:9](-[#8:10])(-[#6@:18])-[#1:31].[#8:8](-[#6@@:5])-[#1]),"EVODEX.2.1-P6176,EVODEX.2.1-P6177,EVODEX.2.1-P6178,EVODEX.2.1-P6179,EVODEX.2.1-P6180",86574793561107492833178516263275361650147059532541014341701983792622157076714
EVODEX.2.1-C1111,[#6:1]-[#6:2](=[#8:3])-[#16:4]-[#6:5].[#15:76]-[#8:77]-[#1]>>[#6:1]-[#6:2](=[#8:3])-[#8]-[#1].[#7](-[#6]1:[#7]:[#6](:[#7]:[#6]2:[#6]:1:[#7]:[#6](:[#7]:2-[#6@@]1(-[#8]-[#6@](-[#6](-[#8]-[#15](=[#8])(-[#8]-[#1])-[#8:77]-[#15:76])(-[#1])-[#1])(-[#6@@](-[#8]-[#1])(-[#6@]-1(-[#8]-[#1])-[#1])-[#1])-[#1])-[#1])-[#1])-[#1])(-[#1])-[#1].[#16:4](-[#6:5])-[#1],"EVODEX.2.1-P6190,EVODEX.2.1-P6204,EVODEX.2.1-P6214,EVODEX.2.1-P6225,EVODEX.2.1-P6232",41579563810612187639037261455852591962357391064178086901045003663004599063597
EVODEX.2.1-C1112,[#6:1]-[#6:2](=[#8:3])-[#16]-[#6](-[#6](-[#7](-[#6](=[#8])-[#6](-[#6](-[#7](-[#6](=[#8])-[#6@](-[#8]-[#1])(-[#6](-[#6](-[#1])(-[#1])-[#1])(-[#6](-[#1])(-[#1])-[#1])-[#6](-[#8]-[#15](=[#8])(-[#8]-[#1])-[#8]-[#15](=[#8])(-[#8]-[#1])-[#8]-[#6](-[#6@]1(-[#8]-[#6@@](-[#7]2:[#6](:[#7]:[#6]3:[#6](-[#7](-[#1])-[#1]):[#7]:[#6](:[#7]:[#6]:2:3)-[#1])-[#1])(-[#6@](-[#8]-[#1])(-[#6@@]-1(-[#8]-[#15](=[#8])(-[#8]-[#1])-[#8]-[#1])-[#1])-[#1])-[#1])-[#1])(-[#1])-[#1])(-[#1])-[#1])-[#1])-[#1])(-[#1])-[#1])(-[#1])-[#1])-[#1])(-[#1])-[#1])(-[#1])-[#1].[#7](-[#6]1:[#7]:[#6](:[#7]:[#6]2:[#6]:1:[#7]:[#6](:[#7]:2-[#6@@]1(-[#8]-[#6@](-[#6](-[#8]-[#15](=[#8])(-[#8:69]-[#1])-[#8]-[#1])(-[#1])-[#1])(-[#6@@](-[#8]-[#1])(-[#6@]-1(-[#8]-[#1])-[#1])-[#1])-[#1])-[#1])-[#1])-[#1])(-[#1])-[#1]>>[#6:1]-[#6:2](=[#8:3])-[#8:69]-[#1],"EVODEX.2.1-P6191,EVODEX.2.1-P6194,EVODEX.2.1-P6202,EVODEX.2.1-P6233,EVODEX.2.1-P6236",36937967510382517462074689677056971271860145963709574066213554780831934707501
EVODEX.2.1-C1114,[#6:2]-[#6:3](=[#8:4])-[#16]-[#6](-[#6](-[#7](-[#6](=[#8])-[#6](-[#6](-[#7](-[#6](=[#8])-[#6@](-[#8]-[#1])(-[#6](-[#6](-[#1])(-[#1])-[#1])(-[#6](-[#1])(-[#1])-[#1])-[#6](-[#8]-[#15](=[#8])(-[#8]-[#1])-[#8]-[#15](=[#8])(-[#8]-[#1])-[#8]-[#6](-[#6@]1(-[#8]-[#6@@](-[#7]2:[#6](:[#7]:[#6]3:[#6](-[#7](-[#1])-[#1]):[#7]:[#6](:[#7]:[#6]:2:3)-[#1])-[#1])(-[#6@](-[#8]-[#1])(-[#6@@]-1(-[#8]-[#15](=[#8])(-[#8]-[#1])-[#8]-[#1])-[#1])-[#1])-[#1])-[#1])(-[#1])-[#1])(-[#1])-[#1])-[#1])-[#1])(-[#1])-[#1])(-[#1])-[#1])-[#1])(-[#1])-[#1])(-[#1])-[#1].[#15:77]-[#8:78]-[#1]>>[#6:2]-[#6:3](=[#8:4])-[#8]-[#1].[#7](-[#6]1:[#7]:[#6](:[#7]:[#6]2:[#6]:1:[#7]:[#6](:[#7]:2-[#6@@]1(-[#8]-[#6@](-[#6](-[#8]-[#15](=[#8])(-[#8]-[#1])-[#8:78]-[#15:77])(-[#1])-[#1])(-[#6@@](-[#8]-[#1])(-[#6@]-1(-[#8]-[#1])-[#1])-[#1])-[#1])-[#1])-[#1])-[#1])(-[#1])-[#1],"EVODEX.2.1-P6193,EVODEX.2.1-P6196,EVODEX.2.1-P6198,EVODEX.2.1-P6205,EVODEX.2.1-P6216",939364746567986485861975931756300967263479325601056857101566236309978782370
EVODEX.2.1-C1115,[#6:5]-[#6:6](=[#8:7])-[#16:8]-[#6:9].[#8:70]-[#15:71](=[#8:72])(-[#8:73]-[#1])-[#8:74]>>[#6:5]-[#6:6](=[#8:7])-[#8:73]-[#1].[#8:70]-[#15:71](=[#8:72])(-[#8:74])-[#8]-[#15](=[#8])(-[#8]-[#1])-[#8]-[#15](=[#8])(-[#8]-[#1])-[#8]-[#1].[#16:8](-[#6:9])-[#1],"EVODEX.2.1-P6195,EVODEX.2.1-P6206,EVODEX.2.1-P6219,EVODEX.2.1-P6229,EVODEX.2.1-P6237",49107334496855888406344290089654100814396029166499221184691839773818026813365
EVODEX.2.1-C1116,[#6:6]-[#6:7](=[#8:8])-[#16]-[#6](-[#6](-[#7](-[#6](=[#8])-[#6](-[#6](-[#7](-[#6](=[#8])-[#6@](-[#8]-[#1])(-[#6](-[#6](-[#1])(-[#1])-[#1])(-[#6](-[#1])(-[#1])-[#1])-[#6](-[#8]-[#15](=[#8])(-[#8]-[#1])-[#8]-[#15](=[#8])(-[#8]-[#1])-[#8]-[#6](-[#6@]1(-[#8]-[#6@@](-[#7]2:[#6](:[#7]:[#6]3:[#6](-[#7](-[#1])-[#1]):[#7]:[#6](:[#7]:[#6]:2:3)-[#1])-[#1])(-[#6@](-[#8]-[#1])(-[#6@@]-1(-[#8]-[#15](=[#8])(-[#8]-[#1])-[#8]-[#1])-[#1])-[#1])-[#1])-[#1])(-[#1])-[#1])(-[#1])-[#1])-[#1])-[#1])(-[#1])-[#1])(-[#1])-[#1])-[#1])(-[#1])-[#1])(-[#1])-[#1].[#8:71]-[#15:72](=[#8:73])(-[#8:74]-[#1])-[#8:75]>>[#6:6]-[#6:7](=[#8:8])-[#8:74]-[#1].[#8:71]-[#15:72](=[#8:73])(-[#8:75])-[#8]-[#15](=[#8])(-[#8]-[#1])-[#8]-[#15](=[#8])(-[#8]-[#1])-[#8]-[#1],"EVODEX.2.1-P6197,EVODEX.2.1-P6207,EVODEX.2.1-P6208,EVODEX.2.1-P6235,EVODEX.2.1-P6351",100231237595483619568072823267695823497045306924518858506213230592913793845048
EVODEX.2.1-C1118,[#6:5]-[#6:6](=[#8:7])-[#16:8]-[#6:9].[#7](-[#6]1:[#7]:[#6](:[#7]:[#6]2:[#6]:1:[#7]:[#6](:[#7]:2-[#6@@]1(-[#8]-[#6@](-[#6](-[#8]-[#15](=[#8])(-[#8:73]-[#1])-[#8]-[#1])(-[#1])-[#1])(-[#6@@](-[#8]-[#1])(-[#6@]-1(-[#8]-[#1])-[#1])-[#1])-[#1])-[#1])-[#1])-[#1])(-[#1])-[#1]>>[#6:5]-[#6:6](=[#8:7])-[#8:73]-[#1].[#16:8](-[#6:9])-[#1],"EVODEX.2.1-P6203,EVODEX.2.1-P6226,EVODEX.2.1-P6230,EVODEX.2.1-P6234,EVODEX.2.1-P6350",1671518063330363728989173540696787955908073531070085380520282307565701718598
EVODEX.2.1-C1119,[#6:47]-[#16:48]-[#1].[#6:52]-[#6:53](=[#8:54])-[#8]-[#1].[#7](-[#6]1:[#7]:[#6](:[#7]:[#6]2:[#6]:1:[#7]:[#6](:[#7]:2-[#6@@]1(-[#8]-[#6@](-[#6](-[#8]-[#15](=[#8])(-[#8]-[#1])-[#8:74]-[#15:75])(-[#1])-[#1])(-[#6@@](-[#8]-[#1])(-[#6@]-1(-[#8]-[#1])-[#1])-[#1])-[#1])-[#1])-[#1])-[#1])(-[#1])-[#1]>>[#6:47]-[#16:48]-[#6:53](-[#6:52])=[#8:54].[#8:74](-[#15:75])-[#1],"EVODEX.2.1-P6209,EVODEX.2.1-P6292,EVODEX.2.1-P6293,EVODEX.2.1-P6320,EVODEX.2.1-P6352",99289420687401943197846204421992098619314834206408938302504715561559832003415
EVODEX.2.1-C1125,[#6:47]-[#16:48]-[#1].[#8:80]=[#6:81](-[#8:82]-[#1])-[#6:83]>>[#6:47]-[#16:48]-[#6:81](=[#8:80])-[#6:83].[#7](-[#6]1:[#7]:[#6](:[#7]:[#6]2:[#6]:1:[#7]:[#6](:[#7]:2-[#6@@]1(-[#8]-[#6@](-[#6](-[#8]-[#15](=[#8])(-[#8]-[#1])-[#8:82]-[#1])(-[#1])-[#1])(-[#6@@](-[#8]-[#1])(-[#6@]-1(-[#8]-[#1])-[#1])-[#1])-[#1])-[#1])-[#1])-[#1])(-[#1])-[#1],"EVODEX.2.1-P6231,EVODEX.2.1-P6249,EVODEX.2.1-P6310,EVODEX.2.1-P6312,EVODEX.2.1-P6353",39238639396833162542640343740137636735222120361511020561526093327231812673272
EVODEX.2.1-C1126,[#6:65]-[#6:66](=[#8:67])-[#8]-[#1].[#7](-[#6]1:[#7]:[#6]2:[#6](:[#7]:[#6](:[#7]:2-[#6@@]2(-[#8]-[#6@](-[#6](-[#8]-[#15](=[#8])(-[#8]-[#1])-[#8]-[#15](=[#8])(-[#8]-[#1])-[#8:89]-[#15:90])(-[#1])-[#1])(-[#6@@](-[#8]-[#1])(-[#6@]-2(-[#8]-[#1])-[#1])-[#1])-[#1])-[#1])-[#1]):[#6](=[#8]):[#7]:1-[#1])(-[#1])-[#1]>>[#6](-[#6](-[#6](-[#1])(-[#1])-[#1])(-[#6](-[#8]-[#15](=[#8])(-[#8]-[#1])-[#8]-[#15](=[#8])(-[#8]-[#1])-[#8]-[#6](-[#6@]1(-[#8]-[#6@@](-[#7]2:[#6](:[#7]:[#6]3:[#6](-[#7](-[#1])-[#1]):[#7]:[#6](:[#7]:[#6]:2:3)-[#1])-[#1])(-[#6@](-[#8]-[#1])(-[#6@@]-1(-[#8]-[#15](=[#8])(-[#8]-[#1])-[#8]-[#1])-[#1])-[#1])-[#1])-[#1])(-[#1])-[#1])(-[#1])-[#1])-[#6@@](-[#8]-[#1])(-[#6](=[#8])-[#7](-[#6](-[#6](-[#6](=[#8])-[#7](-[#6](-[#6](-[#16]-[#6:66](-[#6:65])=[#8:67])(-[#1])-[#1])(-[#1])-[#1])-[#1])(-[#1])-[#1])(-[#1])-[#1])-[#1])-[#1])(-[#1])(-[#1])-[#1].[#8:89](-[#15:90])-[#1],"EVODEX.2.1-P6238,EVODEX.2.1-P6242,EVODEX.2.1-P6245,EVODEX.2.1-P6328,EVODEX.2.1-P6332",1413047080486535968889433414714532127588956561651897721715256986002670503821
EVODEX.2.1-C1127,[#6:65]-[#6:66](=[#8:67])-[#8:68]-[#1]>>[#6](-[#6](-[#6](-[#1])(-[#1])-[#1])(-[#6](-[#8]-[#15](=[#8])(-[#8]-[#1])-[#8]-[#15](=[#8])(-[#8]-[#1])-[#8]-[#6](-[#6@]1(-[#8]-[#6@@](-[#7]2:[#6](:[#7]:[#6]3:[#6](-[#7](-[#1])-[#1]):[#7]:[#6](:[#7]:[#6]:2:3)-[#1])-[#1])(-[#6@](-[#8]-[#1])(-[#6@@]-1(-[#8]-[#15](=[#8])(-[#8]-[#1])-[#8]-[#1])-[#1])-[#1])-[#1])-[#1])(-[#1])-[#1])(-[#1])-[#1])-[#6@@](-[#8]-[#1])(-[#6](=[#8])-[#7](-[#6](-[#6](-[#6](=[#8])-[#7](-[#6](-[#6](-[#16]-[#6:66](-[#6:65])=[#8:67])(-[#1])-[#1])(-[#1])-[#1])-[#1])(-[#1])-[#1])(-[#1])-[#1])-[#1])-[#1])(-[#1])(-[#1])-[#1].[#8:68](-[#15](-[#8]-[#15](-[#8]-[#6](-[#6@]1(-[#8]-[#6@@](-[#7]2:[#6]3:[#7]:[#6](-[#7](-[#1])-[#1]):[#7](:[#6](=[#8]):[#6]:3:[#7]:[#6]:2-[#1])-[#1])(-[#6@](-[#8]-[#1])(-[#6@@]-1(-[#8]-[#1])-[#1])-[#1])-[#1])-[#1])(-[#1])-[#1])(=[#8])-[#8]-[#1])(=[#8])-[#8]-[#1])-[#1],"EVODEX.2.1-P6239,EVODEX.2.1-P6322,EVODEX.2.1-P6324,EVODEX.2.1-P6326,EVODEX.2.1-P6333",63179352166544383557357785565274438748567450113726999334739502244645446864310
EVODEX.2.1-C1128,[#6:47]-[#16:48]-[#1].[#6:63]-[#6:64](=[#8:65])-[#8]-[#1].[#7](-[#6]1:[#7]:[#6]2:[#6](:[#7]:[#6](:[#7]:2-[#6@@]2(-[#8]-[#6@](-[#6](-[#8]-[#15](=[#8])(-[#8]-[#1])-[#8]-[#15](=[#8])(-[#8]-[#1])-[#8:87]-[#15:88])(-[#1])-[#1])(-[#6@@](-[#8]-[#1])(-[#6@]-2(-[#8]-[#1])-[#1])-[#1])-[#1])-[#1])-[#1]):[#6](=[#8]):[#7]:1-[#1])(-[#1])-[#1]>>[#6:47]-[#16:48]-[#6:64](-[#6:63])=[#8:65].[#8:87](-[#15:88])-[#1],"EVODEX.2.1-P6240,EVODEX.2.1-P6263,EVODEX.2.1-P6323,EVODEX.2.1-P6331,EVODEX.2.1-P6357",61741671966345236297487024072568241117780543375562623205375368817720879119656
EVODEX.2.1-C1129,[#6:47]-[#16:48]-[#1].[#6:63]-[#6:64](=[#8:65])-[#8:66]-[#1]>>[#6:47]-[#16:48]-[#6:64](-[#6:63])=[#8:65].[#8:66](-[#15](-[#8]-[#15](-[#8]-[#6](-[#6@]1(-[#8]-[#6@@](-[#7]2:[#6]3:[#7]:[#6](-[#7](-[#1])-[#1]):[#7](:[#6](=[#8]):[#6]:3:[#7]:[#6]:2-[#1])-[#1])(-[#6@](-[#8]-[#1])(-[#6@@]-1(-[#8]-[#1])-[#1])-[#1])-[#1])-[#1])(-[#1])-[#1])(=[#8])-[#8]-[#1])(=[#8])-[#8]-[#1])-[#1],"EVODEX.2.1-P6241,EVODEX.2.1-P6243,EVODEX.2.1-P6244,EVODEX.2.1-P6321,EVODEX.2.1-P6358",37212796334302805598764618294952327396960426892700648155402497247566555165762
EVODEX.2.1-C1130,[#6:60]-[#6:61](=[#8:62])-[#8:63]-[#1]>>[#6](-[#6](-[#6](-[#1])(-[#1])-[#1])(-[#6](-[#8]-[#15](=[#8])(-[#8]-[#1])-[#8]-[#15](=[#8])(-[#8]-[#1])-[#8]-[#6](-[#6@]1(-[#8]-[#6@@](-[#7]2:[#6](:[#7]:[#6]3:[#6](-[#7](-[#1])-[#1]):[#7]:[#6](:[#7]:[#6]:2:3)-[#1])-[#1])(-[#6@](-[#8]-[#1])(-[#6@@]-1(-[#8]-[#15](=[#8])(-[#8]-[#1])-[#8]-[#1])-[#1])-[#1])-[#1])-[#1])(-[#1])-[#1])(-[#1])-[#1])-[#6@@](-[#8]-[#1])(-[#6](=[#8])-[#7](-[#6](-[#6](-[#6](=[#8])-[#7](-[#6](-[#6](-[#16]-[#6:61](-[#6:60])=[#8:62])(-[#1])-[#1])(-[#1])-[#1])-[#1])(-[#1])-[#1])(-[#1])-[#1])-[#1])-[#1])(-[#1])(-[#1])-[#1].[#8:63](-[#15](-[#8]-[#6](-[#6@]1(-[#8]-[#6@@](-[#7]2:[#6]3:[#7]:[#6](:[#7]:[#6](-[#7](-[#1])-[#1]):[#6]:3:[#7]:[#6]:2-[#1])-[#1])(-[#6@](-[#8]-[#1])(-[#6@@]-1(-[#8]-[#1])-[#1])-[#1])-[#1])-[#1])(-[#1])-[#1])(=[#8])-[#8]-[#1])-[#1],"EVODEX.2.1-P6246,EVODEX.2.1-P6297,EVODEX.2.1-P6298,EVODEX.2.1-P6309,EVODEX.2.1-P6368",35586160986880130584616466821911515905297435063190576263245662434562627878792
EVODEX.2.1-C1132,[#6:52]-[#6:53](=[#8:54])-[#8:55]-[#1]>>[#6](-[#6](-[#6](-[#1])(-[#1])-[#1])(-[#6](-[#8]-[#15](=[#8])(-[#8]-[#1])-[#8]-[#15](=[#8])(-[#8]-[#1])-[#8]-[#6](-[#6@]1(-[#8]-[#6@@](-[#7]2:[#6](:[#7]:[#6]3:[#6](-[#7](-[#1])-[#1]):[#7]:[#6](:[#7]:[#6]:2:3)-[#1])-[#1])(-[#6@](-[#8]-[#1])(-[#6@@]-1(-[#8]-[#15](=[#8])(-[#8]-[#1])-[#8]-[#1])-[#1])-[#1])-[#1])-[#1])(-[#1])-[#1])(-[#1])-[#1])-[#6@@](-[#8]-[#1])(-[#6](=[#8])-[#7](-[#6](-[#6](-[#6](=[#8])-[#7](-[#6](-[#6](-[#16]-[#6:53](-[#6:52])=[#8:54])(-[#1])-[#1])(-[#1])-[#1])-[#1])(-[#1])-[#1])(-[#1])-[#1])-[#1])-[#1])(-[#1])(-[#1])-[#1].[#8:55](-[#15](-[#8]-[#15](-[#8]-[#6](-[#6@]1(-[#8]-[#6@@](-[#7]2:[#6]3:[#7]:[#6](:[#7]:[#6](-[#7](-[#1])-[#1]):[#6]:3:[#7]:[#6]:2-[#1])-[#1])(-[#6@](-[#8]-[#1])(-[#6@@]-1(-[#8]-[#1])-[#1])-[#1])-[#1])-[#1])(-[#1])-[#1])(=[#8])-[#8]-[#1])(=[#8])-[#8]-[#1])-[#1],"EVODEX.2.1-P6257,EVODEX.2.1-P6281,EVODEX.2.1-P6356,EVODEX.2.1-P6361,EVODEX.2.1-P6374",101651269177082815068292673603127030253707454768260941612738303938031611400911
EVODEX.2.1-C1134,[#6:3]-[#6:4](=[#8:5])-[#16:6]-[#6:7].[#7](-[#6]1:[#7]:[#6](:[#7]:[#6]2:[#6]:1:[#7]:[#6](:[#7]:2-[#6@@]1(-[#8]-[#6@](-[#6](-[#8]-[#15](=[#8])(-[#8]-[#1])-[#8]-[#15](=[#8])(-[#8:75]-[#1])-[#8]-[#1])(-[#1])-[#1])(-[#6@@](-[#8]-[#1])(-[#6@]-1(-[#8]-[#1])-[#1])-[#1])-[#1])-[#1])-[#1])-[#1])(-[#1])-[#1]>>[#6:3]-[#6:4](=[#8:5])-[#8:75]-[#1].[#16:6](-[#6:7])-[#1],"EVODEX.2.1-P6259,EVODEX.2.1-P6270,EVODEX.2.1-P6278,EVODEX.2.1-P6339,EVODEX.2.1-P6347",101083032254151319738003926369577964664494382674469609519267818674548600969571
EVODEX.2.1-C1135,[#6:47]-[#16:48]-[#1].[#6:50]-[#6:51](=[#8:52])-[#8]-[#1].[#7](-[#6]1:[#7]:[#6](:[#7]:[#6]2:[#6]:1:[#7]:[#6](:[#7]:2-[#6@@]1(-[#8]-[#6@](-[#6](-[#8]-[#15](=[#8])(-[#8]-[#1])-[#8]-[#15](=[#8])(-[#8]-[#1])-[#8:76]-[#15:77])(-[#1])-[#1])(-[#6@@](-[#8]-[#1])(-[#6@]-1(-[#8]-[#1])-[#1])-[#1])-[#1])-[#1])-[#1])-[#1])(-[#1])-[#1]>>[#6:47]-[#16:48]-[#6:51](-[#6:50])=[#8:52].[#8:76](-[#15:77])-[#1],"EVODEX.2.1-P6260,EVODEX.2.1-P6272,EVODEX.2.1-P6337,EVODEX.2.1-P6359,EVODEX.2.1-P6363",52197858856522026145998062876122213334348732287154017896937774953812778814343
EVODEX.2.1-C1136,[#6:2]-[#6:3](=[#8:4])-[#16:5]-[#6:6].[#15:81]-[#8:82]-[#1]>>[#6:2]-[#6:3](=[#8:4])-[#8]-[#1].[#7](-[#6]1:[#7]:[#6](:[#7]:[#6]2:[#6]:1:[#7]:[#6](:[#7]:2-[#6@@]1(-[#8]-[#6@](-[#6](-[#8]-[#15](=[#8])(-[#8]-[#1])-[#8]-[#15](=[#8])(-[#8]-[#1])-[#8:82]-[#15:81])(-[#1])-[#1])(-[#6@@](-[#8]-[#1])(-[#6@]-1(-[#8]-[#1])-[#1])-[#1])-[#1])-[#1])-[#1])-[#1])(-[#1])-[#1].[#16:5](-[#6:6])-[#1],"EVODEX.2.1-P6261,EVODEX.2.1-P6274,EVODEX.2.1-P6280,EVODEX.2.1-P6335,EVODEX.2.1-P6346",62599708217776803174000819686956758009229246682619973885708515235986141945962
EVODEX.2.1-C1139,[#6:47]-[#16:48]-[#1].[#8:80]=[#6:81](-[#8:82]-[#1])-[#6:83]>>[#6:47]-[#16:48]-[#6:81](=[#8:80])-[#6:83].[#7](-[#6]1:[#7]:[#6](:[#7]:[#6]2:[#6]:1:[#7]:[#6](:[#7]:2-[#6@@]1(-[#8]-[#6@](-[#6](-[#8]-[#15](=[#8])(-[#8]-[#1])-[#8]-[#15](=[#8])(-[#8]-[#1])-[#8:82]-[#1])(-[#1])-[#1])(-[#6@@](-[#8]-[#1])(-[#6@]-1(-[#8]-[#1])-[#1])-[#1])-[#1])-[#1])-[#1])-[#1])(-[#1])-[#1],"EVODEX.2.1-P6265,EVODEX.2.1-P6279,EVODEX.2.1-P6343,EVODEX.2.1-P6370,EVODEX.2.1-P6372",81007526232525110492038318584410997781443236882217442550954575426167847662329
EVODEX.2.1-C1141,[#6](-[#6](-[#6](-[#1])(-[#1])-[#1])(-[#6](-[#8]-[#15](=[#8])(-[#8]-[#1])-[#8]-[#15](=[#8])(-[#8]-[#1])-[#8]-[#6](-[#6@]1(-[#8]-[#6@@](-[#7]2:[#6](:[#7]:[#6]3:[#6](-[#7](-[#1])-[#1]):[#7]:[#6](:[#7]:[#6]:2:3)-[#1])-[#1])(-[#6@](-[#8]-[#1])(-[#6@@]-1(-[#8]-[#15](=[#8])(-[#8]-[#1])-[#8]-[#1])-[#1])-[#1])-[#1])-[#1])(-[#1])-[#1])(-[#1])-[#1])-[#6@@](-[#8]-[#1])(-[#6](=[#8])-[#7](-[#6](-[#6](-[#6](=[#8])-[#7](-[#6](-[#6](-[#16]-[#6:49](=[#8:50])-[#6:51])(-[#1])-[#1])(-[#1])-[#1])-[#1])(-[#1])-[#1])(-[#1])-[#1])-[#1])-[#1])(-[#1])(-[#1])-[#1].[#7](-[#6]1:[#7]:[#6](:[#7]:[#6]2:[#6]:1:[#7]:[#6](:[#7]:2-[#6@@]1(-[#8]-[#6@](-[#6](-[#8]-[#15](=[#8])(-[#8]-[#1])-[#8]-[#15](=[#8])(-[#8:74]-[#1])-[#8]-[#1])(-[#1])-[#1])(-[#6@@](-[#8]-[#1])(-[#6@]-1(-[#8]-[#1])-[#1])-[#1])-[#1])-[#1])-[#1])-[#1])(-[#1])-[#1]>>[#6:49](=[#8:50])(-[#6:51])-[#8:74]-[#1],"EVODEX.2.1-P6269,EVODEX.2.1-P6271,EVODEX.2.1-P6275,EVODEX.2.1-P6338,EVODEX.2.1-P6345",20200326907719910946377158336671694264902865750132252374046841485930234043033
EVODEX.2.1-C1147,[#6:67]-[#6:68](=[#8:69])-[#8:70]-[#1].[#8:83]-[#15:84](=[#8:85])(-[#8:86])-[#8]-[#15](=[#8])(-[#8]-[#1])-[#8]-[#15](=[#8])(-[#8]-[#1])-[#8]-[#1]>>[#6](-[#6](-[#6](-[#1])(-[#1])-[#1])(-[#6](-[#8]-[#15](=[#8])(-[#8]-[#1])-[#8]-[#15](=[#8])(-[#8]-[#1])-[#8]-[#6](-[#6@]1(-[#8]-[#6@@](-[#7]2:[#6](:[#7]:[#6]3:[#6](-[#7](-[#1])-[#1]):[#7]:[#6](:[#7]:[#6]:2:3)-[#1])-[#1])(-[#6@](-[#8]-[#1])(-[#6@@]-1(-[#8]-[#15](=[#8])(-[#8]-[#1])-[#8]-[#1])-[#1])-[#1])-[#1])-[#1])(-[#1])-[#1])(-[#1])-[#1])-[#6@@](-[#8]-[#1])(-[#6](=[#8])-[#7](-[#6](-[#6](-[#6](=[#8])-[#7](-[#6](-[#6](-[#16]-[#6:68](-[#6:67])=[#8:69])(-[#1])-[#1])(-[#1])-[#1])-[#1])(-[#1])-[#1])(-[#1])-[#1])-[#1])-[#1])(-[#1])(-[#1])-[#1].[#8:70](-[#15:84](-[#8:83])(=[#8:85])-[#8:86])-[#1],"EVODEX.2.1-P6299,EVODEX.2.1-P6300,EVODEX.2.1-P6314,EVODEX.2.1-P6319,EVODEX.2.1-P6354",52275840364182542956719939228152342710623348318895128077632907139759438943794
EVODEX.2.1-C1148,[#8:80]=[#6:81](-[#8]-[#1])-[#6:83]>>[#6](-[#6](-[#6](-[#1])(-[#1])-[#1])(-[#6](-[#8]-[#15](=[#8])(-[#8]-[#1])-[#8]-[#15](=[#8])(-[#8]-[#1])-[#8]-[#6](-[#6@]1(-[#8]-[#6@@](-[#7]2:[#6](:[#7]:[#6]3:[#6](-[#7](-[#1])-[#1]):[#7]:[#6](:[#7]:[#6]:2:3)-[#1])-[#1])(-[#6@](-[#8]-[#1])(-[#6@@]-1(-[#8]-[#15](=[#8])(-[#8]-[#1])-[#8]-[#1])-[#1])-[#1])-[#1])-[#1])(-[#1])-[#1])(-[#1])-[#1])-[#6@@](-[#8]-[#1])(-[#6](=[#8])-[#7](-[#6](-[#6](-[#6](=[#8])-[#7](-[#6](-[#6](-[#16]-[#6:81](=[#8:80])-[#6:83])(-[#1])-[#1])(-[#1])-[#1])-[#1])(-[#1])-[#1])(-[#1])-[#1])-[#1])-[#1])(-[#1])(-[#1])-[#1],"EVODEX.2.1-P6303,EVODEX.2.1-P6307,EVODEX.2.1-P6311,EVODEX.2.1-P6313,EVODEX.2.1-P6325",23835054126342746609909552407003252513401744971287579287914561402256469904892
EVODEX.2.1-C1170,[#6:18]-[#6:19](=[#8:20])-[#8]-[#1].[#6:30]-[#7:31](-[#1])-[#1].[#7](-[#6]1:[#7]:[#6](:[#7]:[#6]2:[#6]:1:[#7]:[#6](:[#7]:2-[#6@@]1(-[#8]-[#6@](-[#6](-[#8]-[#15](=[#8])(-[#8]-[#1])-[#8]-[#15](=[#8])(-[#8]-[#1])-[#8:54]-[#15:55])(-[#1])-[#1])(-[#6@@](-[#8]-[#1])(-[#6@]-1(-[#8]-[#1])-[#1])-[#1])-[#1])-[#1])-[#1])-[#1])(-[#1])-[#1]>>[#6:18]-[#6:19](=[#8:20])-[#7:31](-[#6:30])-[#1].[#8:54](-[#15:55])-[#1],"EVODEX.2.1-P6423,EVODEX.2.1-P6602,EVODEX.2.1-P6662,EVODEX.2.1-P6770,EVODEX.2.1-P6814",10319527713762912327434816186620764953041789132542623688906009749240917417395
EVODEX.2.1-C1172,[#6:21]-[#6:22](=[#8:23])-[#8:24]-[#1]>>[#6:21]-[#6:22](=[#8:23])-[#7](-[#6](-[#6](-[#6](-[#7](-[#6](-[#6](-[#6](-[#6](-[#7](-[#1])-[#1])(-[#1])-[#1])(-[#1])-[#1])(-[#1])-[#1])(-[#1])-[#1])-[#1])(-[#1])-[#1])(-[#1])-[#1])(-[#1])-[#1])-[#1].[#8:24](-[#15](-[#8]-[#15](-[#8]-[#6](-[#6@]1(-[#8]-[#6@@](-[#7]2:[#6]3:[#7]:[#6](:[#7]:[#6](-[#7](-[#1])-[#1]):[#6]:3:[#7]:[#6]:2-[#1])-[#1])(-[#6@](-[#8]-[#1])(-[#6@@]-1(-[#8]-[#1])-[#1])-[#1])-[#1])-[#1])(-[#1])-[#1])(=[#8])-[#8]-[#1])(=[#8])-[#8]-[#1])-[#1],"EVODEX.2.1-P6427,EVODEX.2.1-P6430,EVODEX.2.1-P6433,EVODEX.2.1-P6436,EVODEX.2.1-P6440",54870918048940635427991635751085107315421223197005298882186699930307360710733
EVODEX.2.1-C1173,[#6:21]-[#6:22](=[#8:23])-[#8]-[#1].[#7](-[#6]1:[#7]:[#6](:[#7]:[#6]2:[#6]:1:[#7]:[#6](:[#7]:2-[#6@@]1(-[#8]-[#6@](-[#6](-[#8]-[#15](=[#8])(-[#8]-[#1])-[#8]-[#15](=[#8])(-[#8]-[#1])-[#8:57]-[#15:58])(-[#1])-[#1])(-[#6@@](-[#8]-[#1])(-[#6@]-1(-[#8]-[#1])-[#1])-[#1])-[#1])-[#1])-[#1])-[#1])(-[#1])-[#1]>>[#6:21]-[#6:22](=[#8:23])-[#7](-[#6](-[#6](-[#6](-[#7](-[#6](-[#6](-[#6](-[#6](-[#7](-[#1])-[#1])(-[#1])-[#1])(-[#1])-[#1])(-[#1])-[#1])(-[#1])-[#1])-[#1])(-[#1])-[#1])(-[#1])-[#1])(-[#1])-[#1])-[#1].[#8:57](-[#15:58])-[#1],"EVODEX.2.1-P6429,EVODEX.2.1-P6431,EVODEX.2.1-P6434,EVODEX.2.1-P6439,EVODEX.2.1-P6441",85864029389586733680302281267526574056466728393847645371971666608299555668049
EVODEX.2.1-C1174,[#7:1](-[#6:2])(-[#1])-[#1].[#6:43]-[#6:44](=[#8:45])-[#8:46]-[#1]>>[#7:1](-[#6:2])(-[#6:44](-[#6:43])=[#8:45])-[#1].[#8:46](-[#15](-[#8]-[#15](-[#8]-[#6](-[#6@]1(-[#8]-[#6@@](-[#7]2:[#6]3:[#7]:[#6](:[#7]:[#6](-[#7](-[#1])-[#1]):[#6]:3:[#7]:[#6]:2-[#1])-[#1])(-[#6@](-[#8]-[#1])(-[#6@@]-1(-[#8]-[#1])-[#1])-[#1])-[#1])-[#1])(-[#1])-[#1])(=[#8])-[#8]-[#1])(=[#8])-[#8]-[#1])-[#1],"EVODEX.2.1-P6442,EVODEX.2.1-P6512,EVODEX.2.1-P6523,EVODEX.2.1-P6691,EVODEX.2.1-P7103",2758886734061737418322477695754165209283929153989591541179213545609073268709
EVODEX.2.1-C1176,[#7](-[#6]1:[#7]:[#6](:[#7]:[#6]2:[#6]:1:[#7]:[#6](:[#7]:2-[#6@@]1(-[#8]-[#6@](-[#6](-[#8]-[#15](=[#8])(-[#8]-[#1])-[#8]-[#15](=[#8])(-[#8]-[#1])-[#8:40]-[#15:41])(-[#1])-[#1])(-[#6@@](-[#8]-[#1])(-[#6@]-1(-[#8]-[#1])-[#1])-[#1])-[#1])-[#1])-[#1])-[#1])(-[#1])-[#1].[#7:7](-[#6@@:8])(-[#1])-[#1]>>[#7](-[#6](-[#6](-[#6](=[#8])-[#7:7](-[#6@@:8])-[#1])(-[#1])-[#1])(-[#1])-[#1])(-[#1])-[#1].[#8:40](-[#15:41])-[#1],"EVODEX.2.1-P6445,EVODEX.2.1-P6791,EVODEX.2.1-P6820,EVODEX.2.1-P6883,EVODEX.2.1-P6885",101503390233344195666848750791583593160333898517870001829772338838665010842287
EVODEX.2.1-C1179,[#6:3]-[#6:4](=[#8:5])-[#8:6]-[#1]>>[#6:3]-[#6:4](=[#8:5])-[#7](-[#6@@](-[#6](-[#6]1:[#6](:[#7]:[#6](:[#7]:1-[#1])-[#1])-[#1])(-[#1])-[#1])(-[#6](=[#8])-[#8]-[#1])-[#1])-[#1].[#8:6](-[#15](-[#8]-[#15](-[#8]-[#6](-[#6@]1(-[#8]-[#6@@](-[#7]2:[#6]3:[#7]:[#6](:[#7]:[#6](-[#7](-[#1])-[#1]):[#6]:3:[#7]:[#6]:2-[#1])-[#1])(-[#6@](-[#8]-[#1])(-[#6@@]-1(-[#8]-[#1])-[#1])-[#1])-[#1])-[#1])(-[#1])-[#1])(=[#8])-[#8]-[#1])(=[#8])-[#8]-[#1])-[#1],"EVODEX.2.1-P6448,EVODEX.2.1-P6452,EVODEX.2.1-P6454,EVODEX.2.1-P6480,EVODEX.2.1-P6758",77732079662566374983425898618219586432067484531767495249096979446690866615327
EVODEX.2.1-C1180,[#8:32]-[#15:33](=[#8:34])(-[#8:35])-[#8]-[#15](=[#8])(-[#8]-[#1])-[#8]-[#15](=[#8])(-[#8]-[#1])-[#8]-[#1].[#6:3]-[#6:4](=[#8:5])-[#8:6]-[#1].[#7:7](-[#6@@:8])(-[#1])-[#1]>>[#6:3]-[#6:4](=[#8:5])-[#7:7](-[#6@@:8])-[#1].[#8:6](-[#15:33](-[#8:32])(=[#8:34])-[#8:35])-[#1],"EVODEX.2.1-P6449,EVODEX.2.1-P6451,EVODEX.2.1-P6469,EVODEX.2.1-P6474,EVODEX.2.1-P7108",88896063191562944950850151715571044867735420798275177611622242112583030905992
EVODEX.2.1-C1182,[#6:6](-[#6@:4])(=[#8:7])-[#8]-[#1]>>[#6:6](-[#6@:4])(=[#8:7])-[#7](-[#6@@](-[#6](-[#6]1:[#6](:[#7]:[#6](:[#7]:1-[#1])-[#1])-[#1])(-[#1])-[#1])(-[#6](=[#8])-[#8]-[#1])-[#1])-[#1],"EVODEX.2.1-P6453,EVODEX.2.1-P6456,EVODEX.2.1-P6797,EVODEX.2.1-P6920,EVODEX.2.1-P7010",74798545094435971181234967910138103665874215677475927014096728012950967738391
EVODEX.2.1-C1184,[#7:20](-[#6@:19])(-[#1])-[#1].[#8:51]-[#15:52](=[#8:53])(-[#8:54])-[#8]-[#15](=[#8])(-[#8]-[#1])-[#8]-[#15](=[#8])(-[#8]-[#1])-[#8]-[#1]>>[#7:20](-[#6@:19])(-[#6](-[#6](-[#6](-[#7](-[#1])-[#1])(-[#1])-[#1])(-[#1])-[#1])=[#8])-[#1].[#8](-[#15:52](-[#8:51])(=[#8:53])-[#8:54])-[#1],"EVODEX.2.1-P6457,EVODEX.2.1-P6464,EVODEX.2.1-P6468,EVODEX.2.1-P6478,EVODEX.2.1-P6482",105282483370297677544906146962482494033030666943031130028798792224401342455048
EVODEX.2.1-C1185,[#7:8](-[#6@:7])(-[#1])-[#1].[#7](-[#6]1:[#7]:[#6](:[#7]:[#6]2:[#6]:1:[#7]:[#6](:[#7]:2-[#6@@]1(-[#8]-[#6@](-[#6](-[#8]-[#15](=[#8])(-[#8]-[#1])-[#8:37]-[#15:38])(-[#1])-[#1])(-[#6@@](-[#8]-[#1])(-[#6@]-1(-[#8]-[#1])-[#1])-[#1])-[#1])-[#1])-[#1])-[#1])(-[#1])-[#1]>>[#7:8](-[#6@:7])(-[#6](-[#6](-[#6](-[#7](-[#1])-[#1])(-[#1])-[#1])(-[#1])-[#1])=[#8])-[#1].[#8:37](-[#15:38])-[#1],"EVODEX.2.1-P6458,EVODEX.2.1-P6459,EVODEX.2.1-P6462,EVODEX.2.1-P6470,EVODEX.2.1-P6472",16240740037036151292913908383543607265789339752973781397455235697144068686115
EVODEX.2.1-C1187,[#7](-[#6]1:[#7]:[#6](:[#7]:[#6]2:[#6]:1:[#7]:[#6](:[#7]:2-[#6@@]1(-[#8]-[#6@](-[#6](-[#8]-[#15](=[#8])(-[#8]-[#1])-[#8:36]-[#15:37])(-[#1])-[#1])(-[#6@@](-[#8]-[#1])(-[#6@]-1(-[#8]-[#1])-[#1])-[#1])-[#1])-[#1])-[#1])-[#1])(-[#1])-[#1].[#6:3]-[#6:4](=[#8:5])-[#8]-[#1].[#7:7](-[#6@@:8])(-[#1])-[#1]>>[#6:3]-[#6:4](=[#8:5])-[#7:7](-[#6@@:8])-[#1].[#8:36](-[#15:37])-[#1],"EVODEX.2.1-P6463,EVODEX.2.1-P6476,EVODEX.2.1-P7052,EVODEX.2.1-P7056,EVODEX.2.1-P7062",54988756438976088811904517905381497592975288010492595067603726485634383421335
EVODEX.2.1-C1190,[#7:1](-[#6:2])(-[#1])-[#1].[#6:24]-[#6:25](=[#8:26])-[#8:27]-[#1]>>[#7:1](-[#6:2])(-[#6:25](-[#6:24])=[#8:26])-[#1].[#8:27](-[#15](-[#8]-[#6](-[#6@]1(-[#8]-[#6@@](-[#7]2:[#6]3:[#7]:[#6](:[#7]:[#6](-[#7](-[#1])-[#1]):[#6]:3:[#7]:[#6]:2-[#1])-[#1])(-[#6@](-[#8]-[#1])(-[#6@@]-1(-[#8]-[#1])-[#1])-[#1])-[#1])-[#1])(-[#1])-[#1])(=[#8])-[#8]-[#1])-[#1],"EVODEX.2.1-P6473,EVODEX.2.1-P6475,EVODEX.2.1-P7053,EVODEX.2.1-P7059,EVODEX.2.1-P7107",68576546372566579641798093499224701131417334689820346945342065392226903288482
EVODEX.2.1-C1203,[#7:65](-[#6@:64])(-[#1])-[#1]>>[#6](-[#6](=[#8])-[#7](-[#6@]1(-[#6](-[#8]-[#15](=[#8])(-[#8]-[#1])-[#8]-[#15](=[#8])(-[#8]-[#1])-[#8]-[#6](-[#6@]2(-[#8]-[#6@@](-[#7]3:[#6](:[#6](:[#6](=[#8]):[#7](:[#6]:3=[#8])-[#1])-[#1])-[#1])(-[#6@](-[#8]-[#1])(-[#6@@]-2(-[#8]-[#1])-[#1])-[#1])-[#1])-[#1])(-[#1])-[#1])(-[#8]-[#6@](-[#6](-[#8]-[#1])(-[#1])-[#1])(-[#6@@](-[#8]-[#1])(-[#6@@]-1(-[#8]-[#6@](-[#6](-[#1])(-[#1])-[#1])(-[#6](=[#8])-[#7](-[#6@@](-[#6](-[#1])(-[#1])-[#1])(-[#6](=[#8])-[#7](-[#6@](-[#6](-[#6](-[#6](=[#8])-[#7:65](-[#6@@:64])-[#1])(-[#1])-[#1])(-[#1])-[#1])(-[#6](=[#8])-[#8]-[#1])-[#1])-[#1])-[#1])-[#1])-[#1])-[#1])-[#1])-[#1])-[#1])-[#1])-[#1])(-[#1])(-[#1])-[#1],"EVODEX.2.1-P6510,EVODEX.2.1-P6516,EVODEX.2.1-P6520,EVODEX.2.1-P6525,EVODEX.2.1-P6531",3617152365707851269873583461226999724551948823953506966590402770238485961455
EVODEX.2.1-C1205,[#6:52]-[#6:53](=[#8:54])-[#8]-[#1]>>[#6:52]-[#6:53](=[#8:54])-[#7](-[#6](-[#6](=[#8])-[#8]-[#1])(-[#1])-[#1])-[#1],"EVODEX.2.1-P6514,EVODEX.2.1-P6702,EVODEX.2.1-P6705,EVODEX.2.1-P6988,EVODEX.2.1-P7066",68539528638578659667195003325737309938161626527591590468683989007052498829914
EVODEX.2.1-C1207,[#6:52]-[#6:53](=[#8:54])-[#8]-[#1].[#7](-[#6]1:[#7]:[#6](:[#7]:[#6]2:[#6]:1:[#7]:[#6](:[#7]:2-[#6@@]1(-[#8]-[#6@](-[#6](-[#8]-[#15](=[#8])(-[#8]-[#1])-[#8]-[#15](=[#8])(-[#8]-[#1])-[#8:87]-[#15:88])(-[#1])-[#1])(-[#6@@](-[#8]-[#1])(-[#6@]-1(-[#8]-[#1])-[#1])-[#1])-[#1])-[#1])-[#1])-[#1])(-[#1])-[#1]>>[#6:52]-[#6:53](=[#8:54])-[#7](-[#6@@](-[#6](-[#1])(-[#1])-[#1])(-[#6](=[#8])-[#8]-[#1])-[#1])-[#1].[#8:87](-[#15:88])-[#1],"EVODEX.2.1-P6519,EVODEX.2.1-P6679,EVODEX.2.1-P6857,EVODEX.2.1-P6888,EVODEX.2.1-P6943",101229043881254897696031494429766077105300707981053326064268493362527842507989
EVODEX.2.1-C1208,[#7:59](-[#6@@:60])(-[#1])-[#1].[#7](-[#6]1:[#7]:[#6](:[#7]:[#6]2:[#6]:1:[#7]:[#6](:[#7]:2-[#6@@]1(-[#8]-[#6@](-[#6](-[#8]-[#15](=[#8])(-[#8]-[#1])-[#8]-[#15](=[#8])(-[#8]-[#1])-[#8:89]-[#15:90])(-[#1])-[#1])(-[#6@@](-[#8]-[#1])(-[#6@]-1(-[#8]-[#1])-[#1])-[#1])-[#1])-[#1])-[#1])-[#1])(-[#1])-[#1]>>[#6](-[#6](=[#8])-[#7](-[#6@]1(-[#6@@](-[#8]-[#15](=[#8])(-[#8]-[#1])-[#8]-[#15](=[#8])(-[#8]-[#1])-[#8]-[#6](-[#6@]2(-[#8]-[#6@@](-[#7]3:[#6](:[#6](:[#6](=[#8]):[#7](:[#6]:3=[#8])-[#1])-[#1])-[#1])(-[#6@](-[#8]-[#1])(-[#6@@]-2(-[#8]-[#1])-[#1])-[#1])-[#1])-[#1])(-[#1])-[#1])(-[#8]-[#6@](-[#6](-[#8]-[#1])(-[#1])-[#1])(-[#6@@](-[#8]-[#1])(-[#6@@]-1(-[#8]-[#6@](-[#6](-[#1])(-[#1])-[#1])(-[#6](=[#8])-[#7](-[#6@@](-[#6](-[#1])(-[#1])-[#1])(-[#6](=[#8])-[#7](-[#6@](-[#6](-[#6](-[#6](=[#8])-[#7:59](-[#6@@:60])-[#1])(-[#1])-[#1])(-[#1])-[#1])(-[#6](=[#8])-[#8]-[#1])-[#1])-[#1])-[#1])-[#1])-[#1])-[#1])-[#1])-[#1])-[#1])-[#1])-[#1])(-[#1])(-[#1])-[#1].[#8:89](-[#15:90])-[#1],"EVODEX.2.1-P6521,EVODEX.2.1-P6522,EVODEX.2.1-P6524,EVODEX.2.1-P6526,EVODEX.2.1-P6532",84485491544290127356924455212319246056449195941826521351079542019455469047297
EVODEX.2.1-C1209,[#6:53]-[#6:54](=[#8:55])-[#8:56]-[#1]>>[#6:53]-[#6:54](=[#8:55])-[#7](-[#6@@](-[#6](-[#1])(-[#1])-[#1])(-[#6](=[#8])-[#8]-[#1])-[#1])-[#1].[#8:56](-[#15](-[#8]-[#15](-[#8]-[#6](-[#6@]1(-[#8]-[#6@@](-[#7]2:[#6]3:[#7]:[#6](:[#7]:[#6](-[#7](-[#1])-[#1]):[#6]:3:[#7]:[#6]:2-[#1])-[#1])(-[#6@](-[#8]-[#1])(-[#6@@]-1(-[#8]-[#1])-[#1])-[#1])-[#1])-[#1])(-[#1])-[#1])(=[#8])-[#8]-[#1])(=[#8])-[#8]-[#1])-[#1],"EVODEX.2.1-P6527,EVODEX.2.1-P6756,EVODEX.2.1-P6889,EVODEX.2.1-P6945,EVODEX.2.1-P6977",38540611532853709426227555917816626657042141083024525422610200362713869033841
EVODEX.2.1-C1211,[#6:29](-[#6@@:23])(=[#8:30])-[#8:31]-[#1]>>[#6:29](-[#6@@:23])(=[#8:30])-[#7](-[#6@@](-[#6](-[#6](-[#6](=[#8])-[#8]-[#1])(-[#1])-[#1])(-[#1])-[#1])(-[#6](=[#8])-[#8]-[#1])-[#1])-[#1].[#8:31](-[#15](-[#8]-[#15](-[#8]-[#6](-[#6@]1(-[#8]-[#6@@](-[#7]2:[#6]3:[#7]:[#6](:[#7]:[#6](-[#7](-[#1])-[#1]):[#6]:3:[#7]:[#6]:2-[#1])-[#1])(-[#6@](-[#8]-[#1])(-[#6@@]-1(-[#8]-[#1])-[#1])-[#1])-[#1])-[#1])(-[#1])-[#1])(=[#8])-[#8]-[#1])(=[#8])-[#8]-[#1])-[#1],"EVODEX.2.1-P6533,EVODEX.2.1-P6545,EVODEX.2.1-P6565,EVODEX.2.1-P6575,EVODEX.2.1-P6711",75047325774923289767868560979770468551254089921072986689638995496743567371335
EVODEX.2.1-C1213,[#6:29](-[#6@@:23])(=[#8:30])-[#7:31](-[#6@@:32])-[#1].[#7](-[#6]1:[#7]:[#6](:[#7]:[#6]2:[#6]:1:[#7]:[#6](:[#7]:2-[#6@@]1(-[#8]-[#6@](-[#6](-[#8]-[#15](=[#8])(-[#8]-[#1])-[#8]-[#15](=[#8])(-[#8:64]-[#1])-[#8]-[#1])(-[#1])-[#1])(-[#6@@](-[#8]-[#1])(-[#6@]-1(-[#8]-[#1])-[#1])-[#1])-[#1])-[#1])-[#1])-[#1])(-[#1])-[#1]>>[#6:29](-[#6@@:23])(=[#8:30])-[#8:64]-[#1].[#7:31](-[#6@@:32])(-[#1])-[#1],"EVODEX.2.1-P6535,EVODEX.2.1-P6571,EVODEX.2.1-P6599,EVODEX.2.1-P6603,EVODEX.2.1-P6706",41810381287020390848755117929281423341760743115835358092745772380819227767503
EVODEX.2.1-C1219,[#7](-[#6]1:[#7]:[#6](:[#7]:[#6]2:[#6]:1:[#7]:[#6](:[#7]:2-[#6@@]1(-[#8]-[#6@](-[#6](-[#8]-[#15](=[#8])(-[#8]-[#1])-[#8]-[#15](=[#8])(-[#8:65]-[#1])-[#8]-[#1])(-[#1])-[#1])(-[#6@@](-[#8]-[#1])(-[#6@]-1(-[#8]-[#1])-[#1])-[#1])-[#1])-[#1])-[#1])-[#1])(-[#1])-[#1].[#6:24]-[#6:25](=[#8:26])-[#7](-[#6@@](-[#6](-[#6](-[#6](=[#8])-[#8]-[#1])(-[#1])-[#1])(-[#1])-[#1])(-[#6](=[#8])-[#8]-[#1])-[#1])-[#1]>>[#6:24]-[#6:25](=[#8:26])-[#8:65]-[#1],"EVODEX.2.1-P6543,EVODEX.2.1-P6554,EVODEX.2.1-P6556,EVODEX.2.1-P6574,EVODEX.2.1-P6587",45866978934842027375116501437150577269362272660627526483767985498584632593439
EVODEX.2.1-C1222,[#6:39]-[#6:40](=[#8:41])-[#8]-[#1]>>[#6:39]-[#6:40](=[#8:41])-[#7](-[#6@@](-[#6](-[#6](-[#6](=[#8])-[#8]-[#1])(-[#1])-[#1])(-[#1])-[#1])(-[#6](=[#8])-[#8]-[#1])-[#1])-[#1],"EVODEX.2.1-P6553,EVODEX.2.1-P6560,EVODEX.2.1-P6563,EVODEX.2.1-P6567,EVODEX.2.1-P6583",114992938515773671600117394097564681841381219772876168415958187452944866545275
EVODEX.2.1-C1224,[#6:22]-[#6:23](=[#8:24])-[#7](-[#6@@](-[#6](-[#6](-[#6](=[#8])-[#8]-[#1])(-[#1])-[#1])(-[#1])-[#1])(-[#6](=[#8])-[#8]-[#1])-[#1])-[#1].[#15:70]-[#8:71]-[#1]>>[#7](-[#6]1:[#7]:[#6](:[#7]:[#6]2:[#6]:1:[#7]:[#6](:[#7]:2-[#6@@]1(-[#8]-[#6@](-[#6](-[#8]-[#15](=[#8])(-[#8]-[#1])-[#8]-[#15](=[#8])(-[#8]-[#1])-[#8:71]-[#15:70])(-[#1])-[#1])(-[#6@@](-[#8]-[#1])(-[#6@]-1(-[#8]-[#1])-[#1])-[#1])-[#1])-[#1])-[#1])-[#1])(-[#1])-[#1].[#6:22]-[#6:23](=[#8:24])-[#8]-[#1],"EVODEX.2.1-P6562,EVODEX.2.1-P6564,EVODEX.2.1-P6572,EVODEX.2.1-P6586,EVODEX.2.1-P7083",53249421140917406593492695129265458314544182580624288604019189403815697647092
EVODEX.2.1-C1227,[#6:43]-[#6:44](=[#8:45])-[#8:46]-[#1].[#7:61](-[#6@@:62])(-[#1])-[#1]>>[#6:43]-[#6:44](=[#8:45])-[#7:61](-[#6@@:62])-[#1].[#8:46](-[#15](=[#8])(-[#8]-[#1])-[#8]-[#1])-[#1],"EVODEX.2.1-P6569,EVODEX.2.1-P6576,EVODEX.2.1-P6669,EVODEX.2.1-P6740,EVODEX.2.1-P6876",14900726383679935513563746730634112002338720955801048272655642128870660684974
EVODEX.2.1-C1233,[#7](-[#6]1:[#7]:[#6](:[#7]:[#6]2:[#6]:1:[#7]:[#6](:[#7]:2-[#6@@]1(-[#8]-[#6@](-[#6](-[#8]-[#15](=[#8])(-[#8]-[#1])-[#8]-[#15](=[#8])(-[#8]-[#1])-[#8:40]-[#15:41])(-[#1])-[#1])(-[#6@@](-[#8]-[#1])(-[#6@]-1(-[#8]-[#1])-[#1])-[#1])-[#1])-[#1])-[#1])-[#1])(-[#1])-[#1].[#6:4]-[#6:5](=[#8:6])-[#8]-[#1]>>[#6:4]-[#6:5](=[#8:6])-[#7](-[#6@@](-[#6](-[#16]-[#1])(-[#1])-[#1])(-[#6](=[#8])-[#8]-[#1])-[#1])-[#1].[#8:40](-[#15:41])-[#1],"EVODEX.2.1-P6598,EVODEX.2.1-P6600,EVODEX.2.1-P6978,EVODEX.2.1-P6984,EVODEX.2.1-P7045",85723833793665231239116123542921752592525704404691927928119214508953908875180
EVODEX.2.1-C1234,[#6:11]-[#6:12](=[#8:13])-[#8:14]-[#1]>>[#6](-[#6](-[#6](-[#7](-[#6:12](-[#6:11])=[#8:13])-[#1])(-[#6](=[#8])-[#8]-[#1])-[#1])(-[#1])-[#1])(-[#1])(-[#1])-[#1].[#8:14](-[#15](-[#8]-[#15](-[#8]-[#6](-[#6@]1(-[#8]-[#6@@](-[#7]2:[#6]3:[#7]:[#6](:[#7]:[#6](-[#7](-[#1])-[#1]):[#6]:3:[#7]:[#6]:2-[#1])-[#1])(-[#6@](-[#8]-[#1])(-[#6@@]-1(-[#8]-[#1])-[#1])-[#1])-[#1])-[#1])(-[#1])-[#1])(=[#8])-[#8]-[#1])(=[#8])-[#8]-[#1])-[#1],"EVODEX.2.1-P6601,EVODEX.2.1-P6639,EVODEX.2.1-P6645,EVODEX.2.1-P6651,EVODEX.2.1-P6719",76990656558352186558650880387031173920831219020889252038952258392678415711446
EVODEX.2.1-C1236,[#6:15](-[#6@@:9])(=[#8:16])-[#8]-[#1]>>[#6](-[#6](-[#6](-[#7](-[#6:15](-[#6@@:9])=[#8:16])-[#1])(-[#6](=[#8])-[#8]-[#1])-[#1])(-[#1])-[#1])(-[#1])(-[#1])-[#1],"EVODEX.2.1-P6605,EVODEX.2.1-P6638,EVODEX.2.1-P6643,EVODEX.2.1-P6689,EVODEX.2.1-P7071",86092953278496549899856263127838298728344395667635366100303101565703025146273
EVODEX.2.1-C1237,[#6:4]-[#6:5](=[#8:6])-[#8:7]-[#1]>>[#6:4]-[#6:5](=[#8:6])-[#7](-[#6@@](-[#6](-[#8]-[#1])(-[#1])-[#1])(-[#6](=[#8])-[#8]-[#1])-[#1])-[#1].[#8:7](-[#15](-[#8]-[#15](-[#8]-[#6](-[#6@]1(-[#8]-[#6@@](-[#7]2:[#6]3:[#7]:[#6](:[#7]:[#6](-[#7](-[#1])-[#1]):[#6]:3:[#7]:[#6]:2-[#1])-[#1])(-[#6@](-[#8]-[#1])(-[#6@@]-1(-[#8]-[#1])-[#1])-[#1])-[#1])-[#1])(-[#1])-[#1])(=[#8])-[#8]-[#1])(=[#8])-[#8]-[#1])-[#1],"EVODEX.2.1-P6606,EVODEX.2.1-P6804,EVODEX.2.1-P6845,EVODEX.2.1-P6875,EVODEX.2.1-P6952",7352113684406219193690159072112972913667015389977090601636258542035990049243
EVODEX.2.1-C1239,[#7:11](-[#6@@:12])(-[#1])-[#1].[#7](-[#6]1:[#7]:[#6](:[#7]:[#6]2:[#6]:1:[#7]:[#6](:[#7]:2-[#6@@]1(-[#8]-[#6@](-[#6](-[#8]-[#15](=[#8])(-[#8]-[#1])-[#8]-[#15](=[#8])(-[#8]-[#1])-[#8:40]-[#15:41])(-[#1])-[#1])(-[#6@@](-[#8]-[#1])(-[#6@]-1(-[#8]-[#1])-[#1])-[#1])-[#1])-[#1])-[#1])-[#1])(-[#1])-[#1]>>[#7](-[#6@@](-[#6](-[#6](-[#6](=[#8])-[#7:11](-[#6@@:12])-[#1])(-[#1])-[#1])(-[#1])-[#1])(-[#6](=[#8])-[#8]-[#1])-[#1])(-[#1])-[#1].[#8:40](-[#15:41])-[#1],"EVODEX.2.1-P6610,EVODEX.2.1-P6618,EVODEX.2.1-P6625,EVODEX.2.1-P6628,EVODEX.2.1-P7109",25236873080629328837203206250765465502761914444144834435508810613568170313999
EVODEX.2.1-C1244,[#6:12]-[#6:13](=[#8:14])-[#8]-[#1]>>[#6](-[#6@](-[#8]-[#1])(-[#6@](-[#7](-[#6:13](-[#6:12])=[#8:14])-[#1])(-[#6](=[#8])-[#8]-[#1])-[#1])-[#1])(-[#1])(-[#1])-[#1],"EVODEX.2.1-P6620,EVODEX.2.1-P6780,EVODEX.2.1-P6852,EVODEX.2.1-P6879,EVODEX.2.1-P6960",47848998557951759983620168763175284102691733819803060613545215361566136730511
EVODEX.2.1-C1245,[#6:12]-[#6:13](=[#8:14])-[#8:15]-[#1]>>[#6](-[#6@](-[#8]-[#1])(-[#6@](-[#7](-[#6:13](-[#6:12])=[#8:14])-[#1])(-[#6](=[#8])-[#8]-[#1])-[#1])-[#1])(-[#1])(-[#1])-[#1].[#8:15](-[#15](-[#8]-[#15](-[#8]-[#6](-[#6@]1(-[#8]-[#6@@](-[#7]2:[#6]3:[#7]:[#6](:[#7]:[#6](-[#7](-[#1])-[#1]):[#6]:3:[#7]:[#6]:2-[#1])-[#1])(-[#6@](-[#8]-[#1])(-[#6@@]-1(-[#8]-[#1])-[#1])-[#1])-[#1])-[#1])(-[#1])-[#1])(=[#8])-[#8]-[#1])(=[#8])-[#8]-[#1])-[#1],"EVODEX.2.1-P6621,EVODEX.2.1-P6773,EVODEX.2.1-P6853,EVODEX.2.1-P6884,EVODEX.2.1-P6964",96821648081031904611164988115171577426387334306459089488144077468577286576067
EVODEX.2.1-C1247,[#6:13]-[#6:14](=[#8:15])-[#8]-[#1].[#7](-[#6]1:[#7]:[#6](:[#7]:[#6]2:[#6]:1:[#7]:[#6](:[#7]:2-[#6@@]1(-[#8]-[#6@](-[#6](-[#8]-[#15](=[#8])(-[#8]-[#1])-[#8]-[#15](=[#8])(-[#8]-[#1])-[#8:42]-[#15:43])(-[#1])-[#1])(-[#6@@](-[#8]-[#1])(-[#6@]-1(-[#8]-[#1])-[#1])-[#1])-[#1])-[#1])-[#1])-[#1])(-[#1])-[#1]>>[#6](-[#6](-[#6](-[#1])(-[#1])-[#1])(-[#6](-[#6@](-[#7](-[#6:14](-[#6:13])=[#8:15])-[#1])(-[#6](=[#8])-[#8]-[#1])-[#1])(-[#1])-[#1])-[#1])(-[#1])(-[#1])-[#1].[#8:42](-[#15:43])-[#1],"EVODEX.2.1-P6623,EVODEX.2.1-P6751,EVODEX.2.1-P6786,EVODEX.2.1-P6837,EVODEX.2.1-P7032",3827886903660889482901410665458393243632355605012445146949126872988705568023
EVODEX.2.1-C1248,[#6:13]-[#6:14](=[#8:15])-[#8:16]-[#1]>>[#6](-[#6](-[#6](-[#1])(-[#1])-[#1])(-[#6](-[#6@](-[#7](-[#6:14](-[#6:13])=[#8:15])-[#1])(-[#6](=[#8])-[#8]-[#1])-[#1])(-[#1])-[#1])-[#1])(-[#1])(-[#1])-[#1].[#8:16](-[#15](-[#8]-[#15](-[#8]-[#6](-[#6@]1(-[#8]-[#6@@](-[#7]2:[#6]3:[#7]:[#6](:[#7]:[#6](-[#7](-[#1])-[#1]):[#6]:3:[#7]:[#6]:2-[#1])-[#1])(-[#6@](-[#8]-[#1])(-[#6@@]-1(-[#8]-[#1])-[#1])-[#1])-[#1])-[#1])(-[#1])-[#1])(=[#8])-[#8]-[#1])(=[#8])-[#8]-[#1])-[#1],"EVODEX.2.1-P6624,EVODEX.2.1-P6787,EVODEX.2.1-P6868,EVODEX.2.1-P6908,EVODEX.2.1-P7033",53840254116826043635268411820929189595036867280294147560486501449786020827876
EVODEX.2.1-C1250,[#6:13]-[#6:14](=[#8:15])-[#8]-[#1].[#7](-[#6]1:[#7]:[#6](:[#7]:[#6]2:[#6]:1:[#7]:[#6](:[#7]:2-[#6@@]1(-[#8]-[#6@](-[#6](-[#8]-[#15](=[#8])(-[#8]-[#1])-[#8]-[#15](=[#8])(-[#8]-[#1])-[#8:42]-[#15:43])(-[#1])-[#1])(-[#6@@](-[#8]-[#1])(-[#6@]-1(-[#8]-[#1])-[#1])-[#1])-[#1])-[#1])-[#1])-[#1])(-[#1])-[#1]>>[#6](-[#6](-[#6@](-[#6](-[#1])(-[#1])-[#1])(-[#6@](-[#7](-[#6:14](-[#6:13])=[#8:15])-[#1])(-[#6](=[#8])-[#8]-[#1])-[#1])-[#1])(-[#1])-[#1])(-[#1])(-[#1])-[#1].[#8:42](-[#15:43])-[#1],"EVODEX.2.1-P6627,EVODEX.2.1-P6777,EVODEX.2.1-P6813,EVODEX.2.1-P6923,EVODEX.2.1-P7080",106798911869209056905709698656595579005051288265228182008623919124477992659642
EVODEX.2.1-C1252,[#6:16](-[#6@@:10])(=[#8:17])-[#8]-[#1].[#7](-[#6]1:[#7]:[#6](:[#7]:[#6]2:[#6]:1:[#7]:[#6](:[#7]:2-[#6@@]1(-[#8]-[#6@](-[#6](-[#8]-[#15](=[#8])(-[#8]-[#1])-[#8]-[#15](=[#8])(-[#8]-[#1])-[#8:41]-[#15:42])(-[#1])-[#1])(-[#6@@](-[#8]-[#1])(-[#6@]-1(-[#8]-[#1])-[#1])-[#1])-[#1])-[#1])-[#1])-[#1])(-[#1])-[#1]>>[#6](-[#6](-[#6@](-[#7](-[#6:16](-[#6@@:10])=[#8:17])-[#1])(-[#6](=[#8])-[#8]-[#1])-[#1])(-[#1])-[#1])(-[#1])(-[#1])-[#1].[#8:41](-[#15:42])-[#1],"EVODEX.2.1-P6632,EVODEX.2.1-P6637,EVODEX.2.1-P6649,EVODEX.2.1-P6650,EVODEX.2.1-P7072",106705105691973864473547540011407380175968496123381848485196452436297887033834
EVODEX.2.1-C1256,[#6:3]-[#6:4](=[#8:5])-[#8]-[#1]>>[#6:3]-[#6:4](=[#8:5])-[#7](-[#6@@](-[#6](-[#16]-[#1])(-[#1])-[#1])(-[#6](=[#8])-[#8]-[#1])-[#1])-[#1],"EVODEX.2.1-P6653,EVODEX.2.1-P6654,EVODEX.2.1-P6955,EVODEX.2.1-P7020,EVODEX.2.1-P7074",36637681548959854174349060763152679167307325909866270847152147198653458370563
EVODEX.2.1-C1265,[#7:9](-[#6@:8])(-[#1])-[#1]>>[#7:9](-[#6@:8])(-[#6](-[#6@@](-[#7](-[#1])-[#1])(-[#6](-[#6]1:[#6](:[#6](:[#6](-[#8]-[#1]):[#6](:[#6]:1-[#1])-[#1])-[#1])-[#1])(-[#1])-[#1])-[#1])=[#8])-[#1],"EVODEX.2.1-P6674,EVODEX.2.1-P6922,EVODEX.2.1-P6929,EVODEX.2.1-P6933,EVODEX.2.1-P6986",97746032174704172915755031482038673032125364735233592851329130111475652235483
EVODEX.2.1-C1268,[#7:3](-[#6@@:2])(-[#1])-[#1]>>[#7:3](-[#6@@:2])(-[#6](-[#6@@](-[#7](-[#6](-[#6](-[#6](-[#6@](-[#7](-[#1])-[#1])(-[#6](=[#8])-[#8]-[#1])-[#1])(-[#1])-[#1])(-[#1])-[#1])=[#8])-[#1])(-[#6](-[#16]-[#1])(-[#1])-[#1])-[#1])=[#8])-[#1],"EVODEX.2.1-P6677,EVODEX.2.1-P6680,EVODEX.2.1-P6681,EVODEX.2.1-P6684,EVODEX.2.1-P6686",38162338673251804465119086456434728179404169988947211875258172472245332851540
EVODEX.2.1-C1271,[#6:14](-[#6@:3])(=[#8:15])-[#8]-[#1].[#7](-[#6]1:[#7]:[#6](:[#7]:[#6]2:[#6]:1:[#7]:[#6](:[#7]:2-[#6@@]1(-[#8]-[#6@](-[#6](-[#8]-[#15](=[#8])(-[#8]-[#1])-[#8]-[#15](=[#8])(-[#8]-[#1])-[#8:44]-[#15:45])(-[#1])-[#1])(-[#6@@](-[#8]-[#1])(-[#6@]-1(-[#8]-[#1])-[#1])-[#1])-[#1])-[#1])-[#1])-[#1])(-[#1])-[#1]>>[#6:14](-[#6@:3])(=[#8:15])-[#7](-[#6](-[#6](=[#8])-[#8]-[#1])(-[#1])-[#1])-[#1].[#8:44](-[#15:45])-[#1],"EVODEX.2.1-P6690,EVODEX.2.1-P6898,EVODEX.2.1-P6949,EVODEX.2.1-P6999,EVODEX.2.1-P7022",54778666881570784155988900909756896102623958366657981078633134163978614353323
EVODEX.2.1-C1274,[#6:13](-[#6@:2])(=[#8:14])-[#8:15]-[#1]>>[#6:13](-[#6@:2])(=[#8:14])-[#7](-[#6](-[#6](=[#8])-[#8]-[#1])(-[#1])-[#1])-[#1].[#8:15](-[#15](-[#8]-[#15](-[#8]-[#6](-[#6@]1(-[#8]-[#6@@](-[#7]2:[#6]3:[#7]:[#6](:[#7]:[#6](-[#7](-[#1])-[#1]):[#6]:3:[#7]:[#6]:2-[#1])-[#1])(-[#6@](-[#8]-[#1])(-[#6@@]-1(-[#8]-[#1])-[#1])-[#1])-[#1])-[#1])(-[#1])-[#1])(=[#8])-[#8]-[#1])(=[#8])-[#8]-[#1])-[#1],"EVODEX.2.1-P6703,EVODEX.2.1-P6704,EVODEX.2.1-P6707,EVODEX.2.1-P6989,EVODEX.2.1-P7000",78978860327804738762718938356549368009381221140915131397718492231823642066502
EVODEX.2.1-C1277,[#6:4](-[#6@@:2])(=[#8:5])-[#8]-[#1]>>[#6:4](-[#6@@:2])(=[#8:5])-[#7](-[#6@](-[#6](-[#8]-[#1])(-[#1])-[#1])(-[#6](=[#8])-[#8]-[#1])-[#1])-[#1],"EVODEX.2.1-P6712,EVODEX.2.1-P6779,EVODEX.2.1-P6815,EVODEX.2.1-P6873,EVODEX.2.1-P7067",12596680105625544612744115131050939243809705590602134525393759310281632393488
EVODEX.2.1-C1279,[#7:7](-[#6@:8])(-[#1])-[#1]>>[#6](-[#6@@](-[#7](-[#1])-[#1])(-[#6](=[#8])-[#7:7](-[#6@:8])-[#1])-[#1])(-[#1])(-[#1])-[#1],"EVODEX.2.1-P6714,EVODEX.2.1-P6717,EVODEX.2.1-P6724,EVODEX.2.1-P6727,EVODEX.2.1-P6763",38202937529919818072707405363791621106038127027319784625437800913676218550568
EVODEX.2.1-C1285,[#7:17](-[#6@@:16])(-[#1])-[#1]>>[#7](-[#6](=[#8])-[#6](-[#6](-[#6@@](-[#7](-[#1])-[#1])(-[#6](=[#8])-[#7:17](-[#6@:16])-[#1])-[#1])(-[#1])-[#1])(-[#1])-[#1])(-[#1])-[#1],"EVODEX.2.1-P6730,EVODEX.2.1-P6801,EVODEX.2.1-P6805,EVODEX.2.1-P6808,EVODEX.2.1-P7034",91678692948879582220521658854463631413902280159200202541280742489717414795843
EVODEX.2.1-C1286,[#6:13](-[#6@@:11])(=[#8:14])-[#8]-[#1]>>[#6](-[#16]-[#6](-[#6](-[#6@@](-[#7](-[#6:13](-[#6@@:11])=[#8:14])-[#1])(-[#6](=[#8])-[#8]-[#1])-[#1])(-[#1])-[#1])(-[#1])-[#1])(-[#1])(-[#1])-[#1],"EVODEX.2.1-P6732,EVODEX.2.1-P6789,EVODEX.2.1-P6841,EVODEX.2.1-P6947,EVODEX.2.1-P6994",61437011191365004781013758987563752134191292785638172905437604337971096454107
EVODEX.2.1-C1287,[#6:13](-[#6@@:11])(=[#8:14])-[#8:15]-[#1]>>[#6](-[#16]-[#6](-[#6](-[#6@@](-[#7](-[#6:13](-[#6@@:11])=[#8:14])-[#1])(-[#6](=[#8])-[#8]-[#1])-[#1])(-[#1])-[#1])(-[#1])-[#1])(-[#1])(-[#1])-[#1].[#8:15](-[#15](-[#8]-[#15](-[#8]-[#6](-[#6@]1(-[#8]-[#6@@](-[#7]2:[#6]3:[#7]:[#6](:[#7]:[#6](-[#7](-[#1])-[#1]):[#6]:3:[#7]:[#6]:2-[#1])-[#1])(-[#6@](-[#8]-[#1])(-[#6@@]-1(-[#8]-[#1])-[#1])-[#1])-[#1])-[#1])(-[#1])-[#1])(=[#8])-[#8]-[#1])(=[#8])-[#8]-[#1])-[#1],"EVODEX.2.1-P6733,EVODEX.2.1-P6793,EVODEX.2.1-P6872,EVODEX.2.1-P6941,EVODEX.2.1-P6948",37174232781503828730445297340925655712401096621788045469158521007636736287544
EVODEX.2.1-C1288,[#6:13](-[#6@@:11])(=[#8:14])-[#8:15]-[#1].[#8:34]-[#15:35](=[#8:36])(-[#8:37])-[#8]-[#15](=[#8])(-[#8]-[#1])-[#8]-[#1]>>[#6](-[#16]-[#6](-[#6](-[#6@@](-[#7](-[#6:13](-[#6@@:11])=[#8:14])-[#1])(-[#6](=[#8])-[#8]-[#1])-[#1])(-[#1])-[#1])(-[#1])-[#1])(-[#1])(-[#1])-[#1].[#8:15](-[#15:35](-[#8:34])(=[#8:36])-[#8:37])-[#1],"EVODEX.2.1-P6734,EVODEX.2.1-P6788,EVODEX.2.1-P6792,EVODEX.2.1-P6939,EVODEX.2.1-P7004",16661715338286650507783393618113962451273159480046835959280046575543193449863
EVODEX.2.1-C1289,[#6:13](-[#6@@:11])(=[#8:14])-[#8]-[#1].[#7](-[#6]1:[#7]:[#6](:[#7]:[#6]2:[#6]:1:[#7]:[#6](:[#7]:2-[#6@@]1(-[#8]-[#6@](-[#6](-[#8]-[#15](=[#8])(-[#8]-[#1])-[#8]-[#15](=[#8])(-[#8]-[#1])-[#8:38]-[#15:39])(-[#1])-[#1])(-[#6@@](-[#8]-[#1])(-[#6@]-1(-[#8]-[#1])-[#1])-[#1])-[#1])-[#1])-[#1])-[#1])(-[#1])-[#1]>>[#6](-[#16]-[#6](-[#6](-[#6@@](-[#7](-[#6:13](-[#6@@:11])=[#8:14])-[#1])(-[#6](=[#8])-[#8]-[#1])-[#1])(-[#1])-[#1])(-[#1])-[#1])(-[#1])(-[#1])-[#1].[#8:38](-[#15:39])-[#1],"EVODEX.2.1-P6735,EVODEX.2.1-P6790,EVODEX.2.1-P6821,EVODEX.2.1-P6871,EVODEX.2.1-P6940",76896877343039434659002679226997786895622789903674005028699053866693536756159
EVODEX.2.1-C1291,[#7:47](-[#6@:46])(-[#1])-[#1]>>[#6](-[#6](=[#8])-[#7](-[#6@]1(-[#6@@](-[#8]-[#15](=[#8])(-[#8]-[#1])-[#8]-[#15](=[#8])(-[#8]-[#1])-[#8]-[#6](-[#6@]2(-[#8]-[#6@@](-[#7]3:[#6](:[#6](:[#6](=[#8]):[#7](:[#6]:3=[#8])-[#1])-[#1])-[#1])(-[#6@](-[#8]-[#1])(-[#6@@]-2(-[#8]-[#1])-[#1])-[#1])-[#1])-[#1])(-[#1])-[#1])(-[#8]-[#6@](-[#6](-[#8]-[#1])(-[#1])-[#1])(-[#6@@](-[#8]-[#1])(-[#6@@]-1(-[#8]-[#6@](-[#6](-[#1])(-[#1])-[#1])(-[#6](=[#8])-[#7:47](-[#6@@:46])-[#1])-[#1])-[#1])-[#1])-[#1])-[#1])-[#1])-[#1])(-[#1])(-[#1])-[#1],"EVODEX.2.1-P6742,EVODEX.2.1-P6746,EVODEX.2.1-P7064,EVODEX.2.1-P7077,EVODEX.2.1-P7082",114169621538617820957930939527863928310384284745069301433684075004918916013958
EVODEX.2.1-C1295,[#6:21](-[#6@@:10])(=[#8:22])-[#8:23]-[#1]>>[#6](-[#6](-[#6](-[#1])(-[#1])-[#1])(-[#6@](-[#7](-[#6:21](-[#6@@:10])=[#8:22])-[#1])(-[#6](=[#8])-[#8]-[#1])-[#1])-[#1])(-[#1])(-[#1])-[#1].[#8:23](-[#15](-[#8]-[#15](-[#8]-[#6](-[#6@]1(-[#8]-[#6@@](-[#7]2:[#6]3:[#7]:[#6](:[#7]:[#6](-[#7](-[#1])-[#1]):[#6]:3:[#7]:[#6]:2-[#1])-[#1])(-[#6@](-[#8]-[#1])(-[#6@@]-1(-[#8]-[#1])-[#1])-[#1])-[#1])-[#1])(-[#1])-[#1])(=[#8])-[#8]-[#1])(=[#8])-[#8]-[#1])-[#1],"EVODEX.2.1-P6749,EVODEX.2.1-P6754,EVODEX.2.1-P6881,EVODEX.2.1-P6937,EVODEX.2.1-P7018",20520231941394767787896750956715065733978343037792112271339923011481030765847
EVODEX.2.1-C1296,[#6:21](-[#6@:19])(=[#8:22])-[#8:23]-[#1]>>[#6](-[#6](-[#6@](-[#6](-[#1])(-[#1])-[#1])(-[#6@](-[#7](-[#6:21](-[#6@:19])=[#8:22])-[#1])(-[#6](=[#8])-[#8]-[#1])-[#1])-[#1])(-[#1])-[#1])(-[#1])(-[#1])-[#1].[#8:23](-[#15](-[#8]-[#15](-[#8]-[#6](-[#6@]1(-[#8]-[#6@@](-[#7]2:[#6]3:[#7]:[#6](:[#7]:[#6](-[#7](-[#1])-[#1]):[#6]:3:[#7]:[#6]:2-[#1])-[#1])(-[#6@](-[#8]-[#1])(-[#6@@]-1(-[#8]-[#1])-[#1])-[#1])-[#1])-[#1])(-[#1])-[#1])(=[#8])-[#8]-[#1])(=[#8])-[#8]-[#1])-[#1],"EVODEX.2.1-P6750,EVODEX.2.1-P6778,EVODEX.2.1-P6865,EVODEX.2.1-P6905,EVODEX.2.1-P7012",114980782920380941823993625014022435146404682087186221431180332212189826204189
EVODEX.2.1-C1297,[#7](-[#6]1:[#7]:[#6](:[#7]:[#6]2:[#6]:1:[#7]:[#6](:[#7]:2-[#6@@]1(-[#8]-[#6@](-[#6](-[#8]-[#15](=[#8])(-[#8]-[#1])-[#8]-[#15](=[#8])(-[#8]-[#1])-[#8:45]-[#15:46])(-[#1])-[#1])(-[#6@@](-[#8]-[#1])(-[#6@]-1(-[#8]-[#1])-[#1])-[#1])-[#1])-[#1])-[#1])-[#1])(-[#1])-[#1].[#6:20](-[#6@:18])(=[#8:21])-[#8]-[#1]>>[#6](-[#6](-[#6](-[#1])(-[#1])-[#1])(-[#6@](-[#7](-[#6:20](-[#6@:18])=[#8:21])-[#1])(-[#6](=[#8])-[#8]-[#1])-[#1])-[#1])(-[#1])(-[#1])-[#1].[#8:45](-[#15:46])-[#1],"EVODEX.2.1-P6752,EVODEX.2.1-P6783,EVODEX.2.1-P6810,EVODEX.2.1-P6848,EVODEX.2.1-P6916",43452674040521222171749142876175434061836834290023664672192981466538157034556
EVODEX.2.1-C1298,[#6:20](-[#6@:18])(=[#8:21])-[#8]-[#1]>>[#6](-[#6](-[#6](-[#1])(-[#1])-[#1])(-[#6@](-[#7](-[#6:20](-[#6@:18])=[#8:21])-[#1])(-[#6](=[#8])-[#8]-[#1])-[#1])-[#1])(-[#1])(-[#1])-[#1],"EVODEX.2.1-P6753,EVODEX.2.1-P6849,EVODEX.2.1-P6880,EVODEX.2.1-P6917,EVODEX.2.1-P6936",42837961277273293684028551039750713320399205955689339962813880247696454922447
EVODEX.2.1-C1301,[#7](-[#6]1:[#7]:[#6](:[#7]:[#6]2:[#6]:1:[#7]:[#6](:[#7]:2-[#6@@]1(-[#8]-[#6@](-[#6](-[#8]-[#15](=[#8])(-[#8]-[#1])-[#8]-[#15](=[#8])(-[#8]-[#1])-[#8:42]-[#15:43])(-[#1])-[#1])(-[#6@@](-[#8]-[#1])(-[#6@]-1(-[#8]-[#1])-[#1])-[#1])-[#1])-[#1])-[#1])-[#1])(-[#1])-[#1].[#6:10](-[#6@:8])(=[#8:11])-[#8]-[#1]>>[#6:10](-[#6@:8])(=[#8:11])-[#7](-[#6@@](-[#6](-[#8]-[#1])(-[#1])-[#1])(-[#6](=[#8])-[#8]-[#1])-[#1])-[#1].[#8:42](-[#15:43])-[#1],"EVODEX.2.1-P6760,EVODEX.2.1-P6816,EVODEX.2.1-P6951,EVODEX.2.1-P6958,EVODEX.2.1-P6979",33262481870341790274940748759798489738442381311637886135329878357972574091990
EVODEX.2.1-C1311,[#6:16](-[#6@@:11])(=[#8:17])-[#8]-[#1]>>[#6](-[#6](-[#6@](-[#6](-[#1])(-[#1])-[#1])(-[#6@](-[#7](-[#6:16](-[#6@@:11])=[#8:17])-[#1])(-[#6](=[#8])-[#8]-[#1])-[#1])-[#1])(-[#1])-[#1])(-[#1])(-[#1])-[#1],"EVODEX.2.1-P6784,EVODEX.2.1-P6834,EVODEX.2.1-P7054,EVODEX.2.1-P7055,EVODEX.2.1-P7079",84462228507499836596799921389244070511681264905696092605762047434650981956349
EVODEX.2.1-C1312,[#7:11](-[#6@@:12])(-[#1])-[#1].[#7](-[#6]1:[#7]:[#6](:[#7]:[#6]2:[#6]:1:[#7]:[#6](:[#7]:2-[#6@@]1(-[#8]-[#6@](-[#6](-[#8]-[#15](=[#8])(-[#8]-[#1])-[#8]-[#15](=[#8])(-[#8]-[#1])-[#8:44]-[#15:45])(-[#1])-[#1])(-[#6@@](-[#8]-[#1])(-[#6@]-1(-[#8]-[#1])-[#1])-[#1])-[#1])-[#1])-[#1])-[#1])(-[#1])-[#1]>>[#7](-[#6](=[#8])-[#6](-[#6](-[#6@](-[#7](-[#1])-[#1])(-[#6](=[#8])-[#7:11](-[#6@@:12])-[#1])-[#1])(-[#1])-[#1])(-[#1])-[#1])(-[#1])-[#1].[#8:44](-[#15:45])-[#1],"EVODEX.2.1-P6796,EVODEX.2.1-P6799,EVODEX.2.1-P6803,EVODEX.2.1-P6806,EVODEX.2.1-P6809",80773041660092990446362474294119452935615880863307057810281632646274227163437
EVODEX.2.1-C1320,[#7:6](-[#6@:5])(-[#1])-[#1]>>[#7:6](-[#6@:5])(-[#6](-[#6@@](-[#7](-[#1])-[#1])(-[#6](-[#6]1:[#6](:[#6](:[#6](:[#6](:[#6]:1-[#1])-[#1])-[#1])-[#1])-[#1])(-[#1])-[#1])-[#1])=[#8])-[#1],"EVODEX.2.1-P6826,EVODEX.2.1-P6829,EVODEX.2.1-P6832,EVODEX.2.1-P6840,EVODEX.2.1-P6844",62577856373200498685059493500620521963458194699122761971312260284670823352177
EVODEX.2.1-C1321,[#7:7](-[#6@:6])(-[#1])-[#1].[#7](-[#6]1:[#7]:[#6](:[#7]:[#6]2:[#6]:1:[#7]:[#6](:[#7]:2-[#6@@]1(-[#8]-[#6@](-[#6](-[#8]-[#15](=[#8])(-[#8]-[#1])-[#8]-[#15](=[#8])(-[#8]-[#1])-[#8:45]-[#15:46])(-[#1])-[#1])(-[#6@@](-[#8]-[#1])(-[#6@]-1(-[#8]-[#1])-[#1])-[#1])-[#1])-[#1])-[#1])-[#1])(-[#1])-[#1]>>[#7:7](-[#6@:6])(-[#6](-[#6@@](-[#7](-[#1])-[#1])(-[#6](-[#6]1:[#6](:[#6](:[#6](:[#6](:[#6]:1-[#1])-[#1])-[#1])-[#1])-[#1])(-[#1])-[#1])-[#1])=[#8])-[#1].[#8:45](-[#15:46])-[#1],"EVODEX.2.1-P6827,EVODEX.2.1-P6828,EVODEX.2.1-P6830,EVODEX.2.1-P6833,EVODEX.2.1-P6847",104937564086158567732616701331805789296358371833772170230323298066262105831486
EVODEX.2.1-C1328,[#7:3](-[#6@:2])(-[#1])-[#1]>>[#7:3](-[#6@:2])(-[#6](-[#6@@](-[#7](-[#1])-[#1])(-[#6](-[#6]1:[#6](:[#7](:[#6]2:[#6](:[#6](:[#6](:[#6](:[#6]:1:2)-[#1])-[#1])-[#1])-[#1])-[#1])-[#1])(-[#1])-[#1])-[#1])=[#8])-[#1],"EVODEX.2.1-P6886,EVODEX.2.1-P6892,EVODEX.2.1-P6894,EVODEX.2.1-P6900,EVODEX.2.1-P6906",105991201601032704582414939655095059462885375028255726997423155697131965082746
EVODEX.2.1-C1330,[#7:6](-[#6@:5])(-[#1])-[#1].[#7](-[#6]1:[#7]:[#6](:[#7]:[#6]2:[#6]:1:[#7]:[#6](:[#7]:2-[#6@@]1(-[#8]-[#6@](-[#6](-[#8]-[#15](=[#8])(-[#8]-[#1])-[#8]-[#15](=[#8])(-[#8]-[#1])-[#8:47]-[#15:48])(-[#1])-[#1])(-[#6@@](-[#8]-[#1])(-[#6@]-1(-[#8]-[#1])-[#1])-[#1])-[#1])-[#1])-[#1])-[#1])(-[#1])-[#1]>>[#7:6](-[#6@:5])(-[#6](-[#6@@](-[#7](-[#1])-[#1])(-[#6](-[#6]1:[#6](:[#7](:[#6]2:[#6](:[#6](:[#6](:[#6](:[#6]:1:2)-[#1])-[#1])-[#1])-[#1])-[#1])-[#1])(-[#1])-[#1])-[#1])=[#8])-[#1].[#8:47](-[#15:48])-[#1],"EVODEX.2.1-P6891,EVODEX.2.1-P6895,EVODEX.2.1-P6901,EVODEX.2.1-P6904,EVODEX.2.1-P7019",113054367179607759092213872523577734875183917596300849559016522009099020857691
EVODEX.2.1-C1332,[#7](-[#6]1:[#7]:[#6](:[#7]:[#6]2:[#6]:1:[#7]:[#6](:[#7]:2-[#6@@]1(-[#8]-[#6@](-[#6](-[#8]-[#15](=[#8])(-[#8]-[#1])-[#8]-[#15](=[#8])(-[#8]-[#1])-[#8:48]-[#15:49])(-[#1])-[#1])(-[#6@@](-[#8]-[#1])(-[#6@]-1(-[#8]-[#1])-[#1])-[#1])-[#1])-[#1])-[#1])-[#1])(-[#1])-[#1].[#7:9](-[#6@:8])(-[#1])-[#1]>>[#7:9](-[#6@:8])(-[#6](-[#6@@](-[#7](-[#1])-[#1])(-[#6](-[#6]1:[#6](:[#6](:[#6](-[#8]-[#1]):[#6](:[#6]:1-[#1])-[#1])-[#1])-[#1])(-[#1])-[#1])-[#1])=[#8])-[#1].[#8:48](-[#15:49])-[#1],"EVODEX.2.1-P6918,EVODEX.2.1-P6925,EVODEX.2.1-P6927,EVODEX.2.1-P6935,EVODEX.2.1-P6987",55298794592824734442705987719891824485975208034093140086009030333349498854297
EVODEX.2.1-C1339,[#7:6](-[#6@:5])(-[#1])-[#1]>>[#7:6](-[#6@:5])(-[#6](-[#6@](-[#6](-[#6](-[#16]-[#6](-[#1])(-[#1])-[#1])(-[#1])-[#1])(-[#1])-[#1])(-[#7](-[#1])-[#1])-[#1])=[#8])-[#1],"EVODEX.2.1-P6946,EVODEX.2.1-P6950,EVODEX.2.1-P6962,EVODEX.2.1-P7014,EVODEX.2.1-P7016",8162858348859613238022912902502050237503373212904146626982619075263293954907
EVODEX.2.1-C1340,[#6:7](-[#6@:5])(=[#8:8])-[#8:9]-[#1]>>[#6:7](-[#6@:5])(=[#8:8])-[#7](-[#6@@](-[#6](-[#16]-[#1])(-[#1])-[#1])(-[#6](=[#8])-[#8]-[#1])-[#1])-[#1].[#8:9](-[#15](-[#8]-[#15](-[#8]-[#6](-[#6@]1(-[#8]-[#6@@](-[#7]2:[#6]3:[#7]:[#6](:[#7]:[#6](-[#7](-[#1])-[#1]):[#6]:3:[#7]:[#6]:2-[#1])-[#1])(-[#6@](-[#8]-[#1])(-[#6@@]-1(-[#8]-[#1])-[#1])-[#1])-[#1])-[#1])(-[#1])-[#1])(=[#8])-[#8]-[#1])(=[#8])-[#8]-[#1])-[#1],"EVODEX.2.1-P6957,EVODEX.2.1-P6985,EVODEX.2.1-P6991,EVODEX.2.1-P7028,EVODEX.2.1-P7044",66345735545581834498683291122466019911254294196252802139148865173487196144080
EVODEX.2.1-C1345,[#7:3](-[#6@:2])(-[#1])-[#1].[#7](-[#6]1:[#7]:[#6](:[#7]:[#6]2:[#6]:1:[#7]:[#6](:[#7]:2-[#6@@]1(-[#8]-[#6@](-[#6](-[#8]-[#15](=[#8])(-[#8]-[#1])-[#8]-[#15](=[#8])(-[#8]-[#1])-[#8:40]-[#15:41])(-[#1])-[#1])(-[#6@@](-[#8]-[#1])(-[#6@]-1(-[#8]-[#1])-[#1])-[#1])-[#1])-[#1])-[#1])-[#1])(-[#1])-[#1]>>[#7:3](-[#6@:2])(-[#6](-[#6@@](-[#7](-[#1])-[#1])(-[#6](-[#6]1:[#6](:[#7](:[#6](:[#7]:1)-[#1])-[#1])-[#1])(-[#1])-[#1])-[#1])=[#8])-[#1].[#8:40](-[#15:41])-[#1],"EVODEX.2.1-P6976,EVODEX.2.1-P6982,EVODEX.2.1-P6997,EVODEX.2.1-P7003,EVODEX.2.1-P7008",7985369071404350766452805298153481867616913329944222464688530475743228262995
EVODEX.2.1-C1347,[#7:1](-[#6@@:2])(-[#1])-[#1]>>[#7:1](-[#6@@:2])(-[#6](-[#6@@](-[#7](-[#1])-[#1])(-[#6](-[#6]1:[#6](:[#7](:[#6](:[#7]:1)-[#1])-[#1])-[#1])(-[#1])-[#1])-[#1])=[#8])-[#1],"EVODEX.2.1-P6983,EVODEX.2.1-P6996,EVODEX.2.1-P7001,EVODEX.2.1-P7007,EVODEX.2.1-P7025",5031741669024810372155236944819048927861637141821227080277300024791559411662
EVODEX.2.1-C8,[#6:4]-[#6:5](=[#8:6])-[#6:7](-[#6:8])=[#8:9].[#6:11]-[#6:13]1=[#6:14](-[#7:15](-[#6@@:16])-[#6:51](=[#6:52](-[#6:53]-1(-[#1:137])-[#1])-[#1:136])-[#1:135])-[#1:112].[#6:55]-[#6:57]1=[#6:58](-[#7:59](-[#6@@:60])-[#6:95](=[#6:96](-[#6:97]-1(-[#1:166])-[#1])-[#1:165])-[#1:164])-[#1:141]>>[#6:4]-[#6:5](-[#8:6]-[#1])(-[#6:7](-[#6:8])(-[#8:9]-[#1])-[#1])-[#1].[#6:11]-[#6:13]1:[#6:14](:[#7&+:15](-[#6@@:16]):[#6:51](:[#6:52](:[#6:53]:1-[#1:137])-[#1:136])-[#1:135])-[#1:112].[#6:55]-[#6:57]1:[#6:58](:[#7&+:59](-[#6@@:60]):[#6:95](:[#6:96](:[#6:97]:1-[#1:166])-[#1:165])-[#1:164])-[#1:141],"EVODEX.2.1-P12,EVODEX.2.1-P13,EVODEX.2.1-P14,EVODEX.2.1-P70",30520430445000177745142974543054786548890998390956623421450272656509286547401
EVODEX.2.1-C61,[#7](-[#6]1:[#7]:[#6](:[#7]:[#6]2:[#6]:1:[#7]:[#6](:[#7]:2-[#6@@]1(-[#8]-[#6@](-[#6](-[#8]-[#15](=[#8])(-[#8]-[#1])-[#8]-[#15](=[#8])(-[#8]-[#1])-[#8:23]-[#15:24])(-[#1])-[#1])(-[#6@@](-[#8]-[#1])(-[#6@]-1(-[#8]-[#1])-[#1])-[#1])-[#1])-[#1])-[#1])-[#1])(-[#1])-[#1]>>[#8:23](-[#15:24])-[#1],"EVODEX.2.1-P246,EVODEX.2.1-P2890,EVODEX.2.1-P3133,EVODEX.2.1-P5840",39420254656721262694441245887107074257308614681445208731439182330861340196380
EVODEX.2.1-C160,[#6:15]-[#7&+:16]1:[#6:17](:[#6:18](:[#6:19](-[#6:20]2:[#6:21](:[#6:22](:[#7&+:23](-[#6:24]):[#6:25](:[#6:26]:2-[#1:42])-[#1:41])-[#1:37])-[#1:36]):[#6:27](:[#6:28]:1-[#1:44])-[#1:43])-[#1:35])-[#1:34].[#6:5]-[#6:6](=[#8:7])-[#1].[#6:12]-[#6:13](=[#8:14])-[#1]>>[#6:15]-[#7:16]1-[#6:17](=[#6:18](-[#6:19](-[#6:20]2(-[#6:21](=[#6:22](-[#7:23](-[#6:24])-[#6:25](=[#6:26]-2-[#1:42])-[#1:41])-[#1:37])-[#1:36])-[#1])(-[#6:27](=[#6:28]-1-[#1:44])-[#1:43])-[#1])-[#1:35])-[#1:34].[#6:5]-[#6:6](=[#8:7])-[#8]-[#1].[#6:12]-[#6:13](=[#8:14])-[#8]-[#1],"EVODEX.2.1-P889,EVODEX.2.1-P895,EVODEX.2.1-P896,EVODEX.2.1-P897",52483195273131993276776186691975406129795080044330375904361798172490610679887
EVODEX.2.1-C241,[#6:1]-[#6:2](-[#6:3])=[#6:4](-[#6:5])-[#1].[#6:32](-[#16&+](-[#6](-[#6](-[#6@](-[#7](-[#1])-[#1])(-[#6](=[#8])-[#8]-[#1])-[#1])(-[#1])-[#1])(-[#1])-[#1])-[#6](-[#6@]1(-[#8]-[#6@@](-[#7]2:[#6](:[#7]:[#6]3:[#6](-[#7](-[#1])-[#1]):[#7]:[#6](:[#7]:[#6]:2:3)-[#1])-[#1])(-[#6@](-[#8]-[#1])(-[#6@@]-1(-[#8]-[#1])-[#1])-[#1])-[#1])-[#1])(-[#1])-[#1])(-[#1:109])(-[#1:110])-[#1]>>[#6:1]-[#6:2](-[#6:3])(-[#6:4](-[#6:5])=[#6:32](-[#1:109])-[#1:110])-[#1],"EVODEX.2.1-P1369,EVODEX.2.1-P1370,EVODEX.2.1-P1372,EVODEX.2.1-P1419",6709354395989192382607576982913625585833224385457931716942045544321959048222
EVODEX.2.1-C242,[#6:2]/[#6:3](-[#6:4])=[#6:5](/[#6:6])-[#1]>>[#6:2]-[#6:3](-[#6:4])(-[#6:5](-[#6:6])=[#6](-[#1])-[#1])-[#1],"EVODEX.2.1-P1374,EVODEX.2.1-P1386,EVODEX.2.1-P1390,EVODEX.2.1-P1391",105320275561763685430019571576206186352776024733547849638958086770645365208532
EVODEX.2.1-C299,[#15:8]-[#8:11]-[#15](=[#8])(-[#8]-[#1])-[#8]-[#6](-[#6@]1(-[#8]-[#6@@](-[#7]2:[#6](:[#6](:[#6](=[#8]):[#7](:[#6]:2=[#8])-[#1])-[#1])-[#1])(-[#6@](-[#8]-[#1])(-[#6@@]-1(-[#8]-[#1])-[#1])-[#1])-[#1])-[#1])(-[#1])-[#1]>>[#15:8]-[#8:11]-[#1],"EVODEX.2.1-P1606,EVODEX.2.1-P1607,EVODEX.2.1-P3228,EVODEX.2.1-P3255",66290984979278082969722591467264906090980543151724141180720947636666345129408
EVODEX.2.1-C362,[#6:47]-[#16:48]-[#1].[#8:69]-[#15:70](=[#8:71])(-[#8:72])-[#8:73]-[#15:74]>>[#6:47]-[#16:48]-[#6](-[#6](-[#1])(-[#1])-[#1])=[#8].[#8:69]-[#15:70](=[#8:71])(-[#8:72])-[#8]-[#1].[#8:73](-[#15:74])-[#1],"EVODEX.2.1-P1968,EVODEX.2.1-P6189,EVODEX.2.1-P6218,EVODEX.2.1-P6288",49596678982843384876038283953842193157458441253372161687899755434265981663708
EVODEX.2.1-C364,[#6](-[#6](=[#8])-[#16:4]-[#6:5])(-[#1])(-[#1])-[#1].[#8:68]-[#15:69](=[#8:70])(-[#8]-[#1])-[#8:72].[#15:90]-[#8:91]-[#1]>>[#8:68]-[#15:69](=[#8:70])(-[#8:72])-[#8:91]-[#15:90].[#16:4](-[#6:5])-[#1],"EVODEX.2.1-P1970,EVODEX.2.1-P6215,EVODEX.2.1-P6220,EVODEX.2.1-P6286",75258170425685338182122580525049296120558094340926357289340611124210890724154
EVODEX.2.1-C389,[#8:17]-[#6@:18](-[#8:19]-[#15:20])(-[#6@:44])-[#1:73].[#8:60](-[#1])-[#1]>>[#8:17]-[#6@@:18](-[#8:60]-[#1])(-[#6@:44])-[#1:73].[#8:19](-[#15:20])-[#1],"EVODEX.2.1-P2038,EVODEX.2.1-P3761,EVODEX.2.1-P3823,EVODEX.2.1-P3824",90102092577545991304853295655354769260271485380117484792242710345306203922310
EVODEX.2.1-C445,[#8:2]=[#15:3](-[#8:4])(-[#8:5])-[#8]-[#15](=[#8])(-[#8]-[#1])-[#8]-[#15](=[#8])(-[#8]-[#1])-[#8]-[#1].[#8:1](-[#1])-[#1]>>[#8:1](-[#15:3](=[#8:2])(-[#8:4])-[#8:5])-[#1],"EVODEX.2.1-P2357,EVODEX.2.1-P5767,EVODEX.2.1-P5813,EVODEX.2.1-P5822",108021009521037624515224165544500546513630715732037228486646358598880040940682
EVODEX.2.1-C450,[#6:2]-[#16:4]-[#6:5].[#6:25](-[#6@:24])(-[#8:26]-[#15:27](=[#8:28])(-[#8:29])-[#8:30]-[#15:31])(-[#1:65])-[#1:66]>>[#6:2]-[#16&+:4](-[#6:5])-[#6:25](-[#6@:24])(-[#1:65])-[#1:66].[#8:26](-[#15:27](=[#8:28])(-[#8:29])-[#8]-[#1])-[#1].[#8:30](-[#15:31])-[#1],"EVODEX.2.1-P2370,EVODEX.2.1-P2381,EVODEX.2.1-P2383,EVODEX.2.1-P2390",12394517713979130225728906543932437278494548549392886905194458410405896935514
EVODEX.2.1-C554,[#8:4]-[#6:5](-[#8:6]-[#1])(-[#6@:7])-[#1:53].[#7](-[#6]1:[#7]:[#6](:[#7]:[#6]2:[#6]:1:[#7]:[#6](:[#7]:2-[#6@@]1(-[#8]-[#6@](-[#6](-[#8]-[#15](=[#8])(-[#8]-[#1])-[#8]-[#15](=[#8])(-[#8]-[#1])-[#8]-[#15:39](=[#8:40])(-[#8:41])-[#8:42])(-[#1])-[#1])(-[#6@@](-[#8]-[#1])(-[#6@]-1(-[#8]-[#1])-[#1])-[#1])-[#1])-[#1])-[#1])-[#1])(-[#1])-[#1]>>[#8:4]-[#6@:5](-[#8:6]-[#15:39](=[#8:40])(-[#8:41])-[#8:42])(-[#6@:7])-[#1:53],"EVODEX.2.1-P2878,EVODEX.2.1-P2879,EVODEX.2.1-P2880,EVODEX.2.1-P2885",114132393658538163117760986563788085833122745209887106455582239372928125572486
EVODEX.2.1-C568,[#6:24]-[#8:25]-[#1].[#8:28]=[#15:29](-[#8:30])(-[#8:31])-[#8:32]-[#6@@:33](-[#8:34])(-[#6@:42])-[#1:66]>>[#6:24]-[#8:25]-[#15:29](=[#8:28])(-[#8:30])-[#8:31].[#8:32](-[#6:33](-[#8:34])(-[#6@:42])-[#1:66])-[#1],"EVODEX.2.1-P2955,EVODEX.2.1-P2973,EVODEX.2.1-P6173,EVODEX.2.1-P6175",12631625163698555347039170289183489484970827659541088816268937876853342150765
EVODEX.2.1-C608,[#7](-[#6]1:[#6](:[#6](:[#7](-[#6@@]2(-[#8]-[#6@](-[#6](-[#8]-[#15](=[#8])(-[#8]-[#1])-[#8:14]-[#15:15])(-[#1])-[#1])(-[#6@@](-[#8]-[#1])(-[#6@]-2(-[#8]-[#1])-[#1])-[#1])-[#1])-[#1]):[#6](=[#8]):[#7]:1)-[#1])-[#1])(-[#1])-[#1]>>[#8:14](-[#15:15])-[#1],"EVODEX.2.1-P3218,EVODEX.2.1-P3225,EVODEX.2.1-P3275,EVODEX.2.1-P3279",65925074364828948045581581973632709405665247469130753494007161701140686579815
EVODEX.2.1-C643,[#6:3]-[#6:4](=[#8:5])-[#8]-[#6]1:[#6](:[#6](:[#6]2:[#6](-[#6](-[#1])(-[#1])-[#1]):[#6](:[#6](=[#8]):[#8]:[#6]:2:[#6]:1-[#1])-[#1])-[#1])-[#1]>>[#6:3]-[#6:4](=[#8:5])-[#8]-[#1],"EVODEX.2.1-P3427,EVODEX.2.1-P3431,EVODEX.2.1-P3933,EVODEX.2.1-P4057",23863628444349700532764843377679840261794541470022511335319713848033150647766
EVODEX.2.1-C658,[#6:6]-[#6:7](-[#8]-[#6](-[#6](-[#1])(-[#1])-[#1])=[#8])(-[#1:26])-[#1:27]>>[#6:6]-[#6:7](-[#8]-[#1])(-[#1:26])-[#1:27],"EVODEX.2.1-P3473,EVODEX.2.1-P3478,EVODEX.2.1-P3641,EVODEX.2.1-P3643",19322641301646514774234290468686877605221543430354126256450552714823703982371
EVODEX.2.1-C671,[#6:1](-[#8:2]-[#6:3])(-[#1:17])(-[#1:18])-[#1:19].[#8:16](-[#1])-[#1]>>[#6:1](-[#8:16]-[#1])(-[#1:17])(-[#1:18])-[#1:19].[#8:2](-[#6:3])-[#1],"EVODEX.2.1-P3531,EVODEX.2.1-P3600,EVODEX.2.1-P5045,EVODEX.2.1-P5459",5901500993672528812453428375403785663982210152605036691271558666952780910857
EVODEX.2.1-C681,[#6](-[#6](-[#6](-[#6](-[#6](-[#6](-[#6](-[#6](-[#6](-[#6](-[#6](-[#6](-[#6](-[#6](-[#6](-[#6](-[#8:17]-[#6:18])(-[#1])-[#1])(-[#1])-[#1])(-[#1])-[#1])(-[#1])-[#1])(-[#1])-[#1])(-[#1])-[#1])(-[#1])-[#1])(-[#1])-[#1])(-[#1])-[#1])(-[#1])-[#1])(-[#1])-[#1])(-[#1])-[#1])(-[#1])-[#1])(-[#1])-[#1])(-[#1])-[#1])(-[#1])(-[#1])-[#1]>>[#8:17](-[#6:18])-[#1],"EVODEX.2.1-P3581,EVODEX.2.1-P3633,EVODEX.2.1-P3634,EVODEX.2.1-P3635",51572225431656493299644835719693875267108222824670236316753416207859725530412
EVODEX.2.1-C716,[#7](-[#6](-[#6](-[#8:4]-[#15:5])(-[#1])-[#1])(-[#1])-[#1])(-[#1])-[#1]>>[#8:4](-[#15:5])-[#1],"EVODEX.2.1-P3728,EVODEX.2.1-P3812,EVODEX.2.1-P3819,EVODEX.2.1-P3822",58938884508676885173210256099013108834960739810092719356904283813399956264968
EVODEX.2.1-C1019,[#8:19]-[#15:20](=[#8:21])(-[#8:22])-[#8:23]-[#15:24].[#6:37](-[#6@:36])(=[#8:38])-[#8:39]-[#1].[#8:32](-[#1])-[#1]>>[#8:19]-[#15:20](=[#8:21])(-[#8:22])-[#8:39]-[#1].[#8:23](-[#15:24])-[#1].[#8:32](-[#6:37](-[#6@:36])=[#8:38])-[#1],"EVODEX.2.1-P5714,EVODEX.2.1-P5717,EVODEX.2.1-P6158,EVODEX.2.1-P6159",22481111544343553439298226238091072181637243379021106832403581363241267651808
EVODEX.2.1-C1044,[#8:14]-[#15:15](=[#8:16])(-[#8:17])-[#8:18]-[#15:19]>>[#8:14]-[#15:15](=[#8:16])(-[#8:17])-[#8]-[#1].[#8:18](-[#15:19])-[#1],"EVODEX.2.1-P5829,EVODEX.2.1-P5843,EVODEX.2.1-P5850,EVODEX.2.1-P5856",19183628215600955497009004474904922783713185771481922350468201923748326965079
EVODEX.2.1-C1047,[#8:18]-[#15:19](=[#8:20])(-[#8:21])-[#8:22]-[#15:23].[#8:55](-[#1])-[#1]>>[#8:18]-[#15:19](=[#8:20])(-[#8:21])-[#8:55]-[#1].[#8:22](-[#15:23])-[#1],"EVODEX.2.1-P5841,EVODEX.2.1-P5847,EVODEX.2.1-P5849,EVODEX.2.1-P5852",34005098021200576131758782359335971481908552404506598752431271171169592939225
EVODEX.2.1-C1092,[#6:1]-[#6:2](-[#6:3])=[#6:4](-[#6:5])-[#1:49]>>[#6:1]-[#6:2](-[#6:3])(-[#6:4](-[#6:5])(-[#1:49])-[#1])-[#8]-[#1],"EVODEX.2.1-P6083,EVODEX.2.1-P6084,EVODEX.2.1-P6086,EVODEX.2.1-P6115",18187816771173511919735957739618928675013647804261652403262495706067040646886
EVODEX.2.1-C1093,[#6:1]-[#6:2](-[#6:3])=[#6:4](-[#6:5])-[#1:60].[#8:53](-[#1])-[#1]>>[#6:1]-[#6:2](-[#6:3])(-[#6:4](-[#6:5])(-[#1:60])-[#1])-[#8:53]-[#1],"EVODEX.2.1-P6085,EVODEX.2.1-P6113,EVODEX.2.1-P6114,EVODEX.2.1-P6117",99171828551196780322946453535187426292623196864518486192052148077767329941702
EVODEX.2.1-C1106,[#6:7](-[#6@:5])(=[#8:8])-[#8:9]-[#1].[#7:10](-[#8:11])(-[#1])-[#1].[#8:26]-[#15:27](=[#8:28])(-[#8:29])-[#8:30]-[#15:31]>>[#6:7](-[#6@:5])(=[#8:8])-[#7:10](-[#8:11])-[#1].[#8:30](-[#15:31])-[#1].[#8:9](-[#15:27](-[#8:26])(=[#8:28])-[#8:29])-[#1],"EVODEX.2.1-P6181,EVODEX.2.1-P6316,EVODEX.2.1-P6382,EVODEX.2.1-P6701",69159824209771913490859062690822900638240188186082873988742069625550159706210
EVODEX.2.1-C1108,[#6:4](-[#6@@:2])(=[#8:5])-[#8]-[#1].[#6:10]-[#8:12]-[#1].[#7](-[#6]1:[#7]:[#6](:[#7]:[#6]2:[#6]:1:[#7]:[#6](:[#7]:2-[#6@@]1(-[#8]-[#6@](-[#6](-[#8]-[#15](=[#8])(-[#8]-[#1])-[#8]-[#15](=[#8])(-[#8]-[#1])-[#8:35]-[#15:36])(-[#1])-[#1])(-[#6@@](-[#8]-[#1])(-[#6@]-1(-[#8]-[#1])-[#1])-[#1])-[#1])-[#1])-[#1])-[#1])(-[#1])-[#1]>>[#6:4](-[#6@@:2])(=[#8:5])-[#8:12]-[#6:10].[#8:35](-[#15:36])-[#1],"EVODEX.2.1-P6186,EVODEX.2.1-P6613,EVODEX.2.1-P6659,EVODEX.2.1-P6720",19885013066269466869472073234885354414982369690050043644444734043309987660238
EVODEX.2.1-C1110,[#6](-[#6](=[#8])-[#8:4]-[#1])(-[#1])(-[#1])-[#1].[#8:67]-[#15:68](=[#8:69])(-[#8:70])-[#8:71]-[#15:72]>>[#8:4](-[#15:68](-[#8:67])(=[#8:69])-[#8:70])-[#1].[#8:71](-[#15:72])-[#1],"EVODEX.2.1-P6188,EVODEX.2.1-P6221,EVODEX.2.1-P6223,EVODEX.2.1-P6283",49100614837330075662275791710214050158595448303021554097073451973900825720454
EVODEX.2.1-C1117,[#6:53]-[#6:54](=[#8:55])-[#8]-[#1].[#7](-[#6]1:[#7]:[#6](:[#7]:[#6]2:[#6]:1:[#7]:[#6](:[#7]:2-[#6@@]1(-[#8]-[#6@](-[#6](-[#8]-[#15](=[#8])(-[#8]-[#1])-[#8:75]-[#15:76])(-[#1])-[#1])(-[#6@@](-[#8]-[#1])(-[#6@]-1(-[#8]-[#1])-[#1])-[#1])-[#1])-[#1])-[#1])-[#1])(-[#1])-[#1]>>[#6](-[#6](-[#6](-[#1])(-[#1])-[#1])(-[#6](-[#8]-[#15](=[#8])(-[#8]-[#1])-[#8]-[#15](=[#8])(-[#8]-[#1])-[#8]-[#6](-[#6@]1(-[#8]-[#6@@](-[#7]2:[#6](:[#7]:[#6]3:[#6](-[#7](-[#1])-[#1]):[#7]:[#6](:[#7]:[#6]:2:3)-[#1])-[#1])(-[#6@](-[#8]-[#1])(-[#6@@]-1(-[#8]-[#15](=[#8])(-[#8]-[#1])-[#8]-[#1])-[#1])-[#1])-[#1])-[#1])(-[#1])-[#1])(-[#1])-[#1])-[#6@@](-[#8]-[#1])(-[#6](=[#8])-[#7](-[#6](-[#6](-[#6](=[#8])-[#7](-[#6](-[#6](-[#16]-[#6:54](-[#6:53])=[#8:55])(-[#1])-[#1])(-[#1])-[#1])-[#1])(-[#1])-[#1])(-[#1])-[#1])-[#1])-[#1])(-[#1])(-[#1])-[#1].[#8:75](-[#15:76])-[#1],"EVODEX.2.1-P6200,EVODEX.2.1-P6211,EVODEX.2.1-P6306,EVODEX.2.1-P6308",6701519439434942682224577358616534678973773772286072394071840911386798416247
EVODEX.2.1-C1138,[#6:2]-[#6:4](=[#8:5])-[#16]-[#6](-[#6](-[#7](-[#6](=[#8])-[#6](-[#6](-[#7](-[#6](=[#8])-[#6@](-[#8]-[#1])(-[#6](-[#6](-[#1])(-[#1])-[#1])(-[#6](-[#1])(-[#1])-[#1])-[#6](-[#8]-[#15](=[#8])(-[#8]-[#1])-[#8]-[#15](=[#8])(-[#8]-[#1])-[#8]-[#6](-[#6@]1(-[#8]-[#6@@](-[#7]2:[#6](:[#7]:[#6]3:[#6](-[#7](-[#1])-[#1]):[#7]:[#6](:[#7]:[#6]:2:3)-[#1])-[#1])(-[#6@](-[#8]-[#1])(-[#6@@]-1(-[#8]-[#15](=[#8])(-[#8]-[#1])-[#8]-[#1])-[#1])-[#1])-[#1])-[#1])(-[#1])-[#1])(-[#1])-[#1])-[#1])-[#1])(-[#1])-[#1])(-[#1])-[#1])-[#1])(-[#1])-[#1])(-[#1])-[#1].[#15:82]-[#8:83]-[#1]>>[#6:2]-[#6:4](=[#8:5])-[#8]-[#1].[#7](-[#6]1:[#7]:[#6](:[#7]:[#6]2:[#6]:1:[#7]:[#6](:[#7]:2-[#6@@]1(-[#8]-[#6@](-[#6](-[#8]-[#15](=[#8])(-[#8]-[#1])-[#8]-[#15](=[#8])(-[#8]-[#1])-[#8:83]-[#15:82])(-[#1])-[#1])(-[#6@@](-[#8]-[#1])(-[#6@]-1(-[#8]-[#1])-[#1])-[#1])-[#1])-[#1])-[#1])-[#1])(-[#1])-[#1],"EVODEX.2.1-P6264,EVODEX.2.1-P6267,EVODEX.2.1-P6276,EVODEX.2.1-P6342",72117969555397781995238673632908008285388015406169904873545503679647777149242
EVODEX.2.1-C1175,[#6:8](-[#6@@:6])(=[#8:9])-[#8:10]-[#1].[#8:31]-[#15:32](=[#8:33])(-[#8:34])-[#8:35]-[#15:36]>>[#6:8](-[#6@@:6])(=[#8:9])-[#7](-[#6](-[#6](-[#6](=[#8])-[#8]-[#1])(-[#1])-[#1])(-[#1])-[#1])-[#1].[#8:10](-[#15:32](-[#8:31])(=[#8:33])-[#8:34])-[#1].[#8:35](-[#15:36])-[#1],"EVODEX.2.1-P6443,EVODEX.2.1-P6444,EVODEX.2.1-P6663,EVODEX.2.1-P6739",22749084789173103233998640331050441661697417916219354441325431763763781866243
EVODEX.2.1-C1177,[#7](-[#6]1:[#7]:[#6](:[#7]:[#6]2:[#6]:1:[#7]:[#6](:[#7]:2-[#6@@]1(-[#8]-[#6@](-[#6](-[#8]-[#15](=[#8])(-[#8]-[#1])-[#8]-[#15](=[#8])(-[#8]-[#1])-[#8:40]-[#15:41])(-[#1])-[#1])(-[#6@@](-[#8]-[#1])(-[#6@]-1(-[#8]-[#1])-[#1])-[#1])-[#1])-[#1])-[#1])-[#1])(-[#1])-[#1].[#6:3]-[#6:4](=[#8:5])-[#8]-[#1]>>[#6:3]-[#6:4](=[#8:5])-[#7](-[#6@@](-[#6](-[#6]1:[#6](:[#7]:[#6](:[#7]:1-[#1])-[#1])-[#1])(-[#1])-[#1])(-[#6](=[#8])-[#8]-[#1])-[#1])-[#1].[#8:40](-[#15:41])-[#1],"EVODEX.2.1-P6446,EVODEX.2.1-P6479,EVODEX.2.1-P6798,EVODEX.2.1-P7011",99013454210276174519949282622780893267214097273824336897297483311239906363595
EVODEX.2.1-C1186,[#7:9](-[#6@:8])(-[#1])-[#1].[#8:33]-[#15:34](=[#8:35])(-[#8:36])-[#8:37]-[#15:38]>>[#7:9](-[#6@:8])(-[#6](-[#6](-[#6](-[#7](-[#1])-[#1])(-[#1])-[#1])(-[#1])-[#1])=[#8])-[#1].[#8](-[#15:34](-[#8:33])(=[#8:35])-[#8:36])-[#1].[#8:37](-[#15:38])-[#1],"EVODEX.2.1-P6460,EVODEX.2.1-P6471,EVODEX.2.1-P6477,EVODEX.2.1-P6481",97688569741543346096233710355921073289143090360758921588736036886349745221910
EVODEX.2.1-C1191,[#7:24](-[#6@@:25])(-[#1])-[#1].[#8:52]-[#15:53](=[#8:54])(-[#8:55])-[#8:56]-[#15:57].[#6:16]-[#6:17](=[#8:18])-[#8:19]-[#1]>>[#6:16]-[#6:17](=[#8:18])-[#7:24](-[#6@@:25])-[#1].[#8:19](-[#15:53](-[#8:52])(=[#8:54])-[#8:55])-[#1].[#8:56](-[#15:57])-[#1],"EVODEX.2.1-P6484,EVODEX.2.1-P6489,EVODEX.2.1-P6498,EVODEX.2.1-P6795",33963369075350340789832750684625854774747473719079576172289999682200702791582
EVODEX.2.1-C1197,[#8:54]-[#15:55](=[#8:56])(-[#8:57])-[#8:58]-[#15:59].[#6:16]-[#6:17](=[#8:18])-[#8:19]-[#1]>>[#6:16]-[#6:17](=[#8:18])-[#7](-[#6@@](-[#6](-[#6](-[#6](=[#8])-[#8]-[#1])(-[#1])-[#1])(-[#1])-[#1])(-[#6](=[#8])-[#8]-[#1])-[#1])-[#1].[#8:19](-[#15:55](-[#8:54])(=[#8:56])-[#8:57])-[#1].[#8:58](-[#15:59])-[#1],"EVODEX.2.1-P6493,EVODEX.2.1-P6495,EVODEX.2.1-P6551,EVODEX.2.1-P7061",104838315891103737665426281763746089878099163153374709894476568048412664430645
EVODEX.2.1-C1198,[#6:52]-[#6:53](=[#8:54])-[#8:55]-[#1].[#8:90]-[#15:91](=[#8:92])(-[#8:93])-[#8:94]-[#15:95]>>[#6:52]-[#6:53](=[#8:54])-[#7](-[#6@@](-[#6](-[#6](-[#6](-[#6@@](-[#7](-[#1])-[#1])(-[#6](=[#8])-[#8]-[#1])-[#1])(-[#1])-[#1])(-[#1])-[#1])(-[#1])-[#1])(-[#6](=[#8])-[#8]-[#1])-[#1])-[#1].[#8:55](-[#15:91](-[#8:90])(=[#8:92])-[#8:93])-[#1].[#8:94](-[#15:95])-[#1],"EVODEX.2.1-P6504,EVODEX.2.1-P6511,EVODEX.2.1-P6528,EVODEX.2.1-P6529",104691549607080003501748309726898434369418138820658139634773914770588993053375
EVODEX.2.1-C1201,[#6:52]-[#6:53](=[#8:54])-[#8:55]-[#1].[#15:88]-[#8:91]-[#15:92](=[#8:93])(-[#8:94])-[#8:95]>>[#6:52]-[#6:53](=[#8:54])-[#7](-[#6@@](-[#6](-[#6](-[#6](-[#6](-[#7](-[#1])-[#1])(-[#1])-[#1])(-[#1])-[#1])(-[#1])-[#1])(-[#1])-[#1])(-[#6](=[#8])-[#8]-[#1])-[#1])-[#1].[#15:88]-[#8:91]-[#1].[#8:55](-[#15:92](=[#8:93])(-[#8:94])-[#8:95])-[#1],"EVODEX.2.1-P6507,EVODEX.2.1-P6729,EVODEX.2.1-P6838,EVODEX.2.1-P6909",76808452623211200822984389842309077502654301906687777672807082937432532214535
EVODEX.2.1-C1212,[#6:29](-[#6@@:23])(=[#8:30])-[#7:31](-[#6@@:32])-[#1].[#15:71]-[#8:72]-[#1]>>[#6:29](-[#6@@:23])(=[#8:30])-[#8]-[#1].[#7:31](-[#6@@:32])(-[#1])-[#1].[#7](-[#6]1:[#7]:[#6](:[#7]:[#6]2:[#6]:1:[#7]:[#6](:[#7]:2-[#6@@]1(-[#8]-[#6@](-[#6](-[#8]-[#15](=[#8])(-[#8]-[#1])-[#8]-[#15](=[#8])(-[#8]-[#1])-[#8:72]-[#15:71])(-[#1])-[#1])(-[#6@@](-[#8]-[#1])(-[#6@]-1(-[#8]-[#1])-[#1])-[#1])-[#1])-[#1])-[#1])-[#1])(-[#1])-[#1],"EVODEX.2.1-P6534,EVODEX.2.1-P6558,EVODEX.2.1-P7049,EVODEX.2.1-P7105",104994385090953089463341973234156688064723920622693492822316650802958599699344
EVODEX.2.1-C1215,[#8:60]-[#15:61](=[#8:62])(-[#8:63]-[#1])-[#8:64].[#15:70]-[#8:71]-[#1]>>[#8:60]-[#15:61](=[#8:62])(-[#8:64])-[#8:71]-[#15:70].[#7](=[#6]1:[#7](:[#6]2:[#6](:[#6](=[#8]):[#7]:1-[#1])-[#7](-[#6@@](-[#6](-[#7](-[#6]1:[#6](:[#6](:[#6](-[#6](=[#8])-[#7](-[#6@@](-[#6](-[#6](-[#6](=[#8])-[#8:63]-[#1])(-[#1])-[#1])(-[#1])-[#1])(-[#6](=[#8])-[#8]-[#1])-[#1])-[#1]):[#6](:[#6]:1-[#1])-[#1])-[#1])-[#1])-[#1])(-[#1])-[#1])(-[#6](-[#7]-2-[#1])(-[#1])-[#1])-[#1])-[#1])-[#1])-[#1],"EVODEX.2.1-P6537,EVODEX.2.1-P6549,EVODEX.2.1-P6591,EVODEX.2.1-P6596",104449103160160739752045076631115768680759561114812248851861637331525902701513
EVODEX.2.1-C1216,[#8:60]-[#15:61](=[#8:62])(-[#8]-[#1])-[#8:64].[#7](=[#6]1:[#7](:[#6]2:[#6](:[#6](=[#8]):[#7]:1-[#1])-[#7](-[#6@@](-[#6](-[#7](-[#6]1:[#6](:[#6](:[#6](-[#6](=[#8])-[#7](-[#6@@](-[#6](-[#6](-[#6](=[#8])-[#7:25](-[#6@@:26])-[#1])(-[#1])-[#1])(-[#1])-[#1])(-[#6](=[#8])-[#8]-[#1])-[#1])-[#1]):[#6](:[#6]:1-[#1])-[#1])-[#1])-[#1])-[#1])(-[#1])-[#1])(-[#6](-[#7]-2-[#1])(-[#1])-[#1])-[#1])-[#1])-[#1])-[#1]>>[#7:25](-[#6@@:26])(-[#1])-[#1].[#8:60]-[#15:61](=[#8:62])(-[#8:64])-[#8]-[#15](=[#8])(-[#8]-[#1])-[#8]-[#1],"EVODEX.2.1-P6538,EVODEX.2.1-P6550,EVODEX.2.1-P6581,EVODEX.2.1-P6594",66665741137091308386399806727079899034437177876870825060814745565357628116148
EVODEX.2.1-C1217,[#7](-[#6]1:[#7]:[#6](:[#7]:[#6]2:[#6]:1:[#7]:[#6](:[#7]:2-[#6@@]1(-[#8]-[#6@](-[#6](-[#8]-[#15](=[#8])(-[#8]-[#1])-[#8]-[#15](=[#8])(-[#8]-[#1])-[#8:67]-[#15:68])(-[#1])-[#1])(-[#6@@](-[#8]-[#1])(-[#6@]-1(-[#8]-[#1])-[#1])-[#1])-[#1])-[#1])-[#1])-[#1])(-[#1])-[#1].[#6:24]-[#6:25](=[#8:26])-[#8]-[#1]>>[#6:24]-[#6:25](=[#8:26])-[#7](-[#6@@](-[#6](-[#6](-[#6](=[#8])-[#8]-[#1])(-[#1])-[#1])(-[#1])-[#1])(-[#6](=[#8])-[#8]-[#1])-[#1])-[#1].[#8:67](-[#15:68])-[#1],"EVODEX.2.1-P6540,EVODEX.2.1-P6555,EVODEX.2.1-P6582,EVODEX.2.1-P6597",16012424318286162561538337923931072951438725211076335799883034964310573893100
EVODEX.2.1-C1223,[#8:78]-[#15:79](=[#8:80])(-[#8:81]-[#1])-[#8:82].[#6:40]-[#6:41](=[#8:42])-[#7](-[#6@@](-[#6](-[#6](-[#6](=[#8])-[#8]-[#1])(-[#1])-[#1])(-[#1])-[#1])(-[#6](=[#8])-[#8]-[#1])-[#1])-[#1]>>[#8:78]-[#15:79](=[#8:80])(-[#8:82])-[#8]-[#15](=[#8])(-[#8]-[#1])-[#8]-[#1].[#6:40]-[#6:41](=[#8:42])-[#8:81]-[#1],"EVODEX.2.1-P6557,EVODEX.2.1-P6561,EVODEX.2.1-P6573,EVODEX.2.1-P6595",60658492170278250556115401988339021695553560169457674540164291584955556070770
EVODEX.2.1-C1238,[#7:5](-[#6@:4])(-[#1])-[#1].[#8:37]-[#15:38](=[#8:39])(-[#8:40])-[#8:41]-[#15:42]>>[#7:5](-[#6@:4])(-[#6](-[#6](-[#6](-[#6@](-[#7](-[#1])-[#1])(-[#6](=[#8])-[#8]-[#1])-[#1])(-[#1])-[#1])(-[#1])-[#1])=[#8])-[#1].[#8](-[#15:38](-[#8:37])(=[#8:39])-[#8:40])-[#1].[#8:41](-[#15:42])-[#1],"EVODEX.2.1-P6607,EVODEX.2.1-P6609,EVODEX.2.1-P6635,EVODEX.2.1-P6657",22284181959272625238402977599505052068593974346279268418915943868945926351862
EVODEX.2.1-C1240,[#6:5]-[#8:7]-[#1].[#6:16](-[#6@:9])(=[#8:17])-[#8:18]-[#1].[#8:37]-[#15:38](=[#8:39])(-[#8:40])-[#8:41]-[#15:42]>>[#6:5]-[#8:7]-[#6:16](-[#6@@:9])=[#8:17].[#8:18](-[#15:38](-[#8:37])(=[#8:39])-[#8:40])-[#1].[#8:41](-[#15:42])-[#1],"EVODEX.2.1-P6612,EVODEX.2.1-P6617,EVODEX.2.1-P6629,EVODEX.2.1-P6646",54062720936765724083494523565024280144011080438683945765473599027410267992013
EVODEX.2.1-C1243,[#7](-[#6]1:[#7]:[#6](:[#7]:[#6]2:[#6]:1:[#7]:[#6](:[#7]:2-[#6@@]1(-[#8]-[#6@](-[#6](-[#8]-[#15](=[#8])(-[#8]-[#1])-[#8]-[#15](=[#8])(-[#8]-[#1])-[#8:41]-[#15:42])(-[#1])-[#1])(-[#6@@](-[#8]-[#1])(-[#6@]-1(-[#8]-[#1])-[#1])-[#1])-[#1])-[#1])-[#1])-[#1])(-[#1])-[#1].[#6:12]-[#6:13](=[#8:14])-[#8]-[#1]>>[#6](-[#6@](-[#8]-[#1])(-[#6@](-[#7](-[#6:13](-[#6:12])=[#8:14])-[#1])(-[#6](=[#8])-[#8]-[#1])-[#1])-[#1])(-[#1])(-[#1])-[#1].[#8:41](-[#15:42])-[#1],"EVODEX.2.1-P6619,EVODEX.2.1-P6807,EVODEX.2.1-P6851,EVODEX.2.1-P6914",22616136428253909518776416505627866115580474246328519631017777128003721077491
EVODEX.2.1-C1246,[#6:13]-[#6:14](=[#8:15])-[#8:16]-[#1].[#8:38]-[#15:39](=[#8:40])(-[#8:41])-[#8]-[#15](=[#8])(-[#8]-[#1])-[#8]-[#1]>>[#6](-[#6](-[#6](-[#1])(-[#1])-[#1])(-[#6](-[#6@](-[#7](-[#6:14](-[#6:13])=[#8:15])-[#1])(-[#6](=[#8])-[#8]-[#1])-[#1])(-[#1])-[#1])-[#1])(-[#1])(-[#1])-[#1].[#8:16](-[#15:39](-[#8:38])(=[#8:40])-[#8:41])-[#1],"EVODEX.2.1-P6622,EVODEX.2.1-P6785,EVODEX.2.1-P6867,EVODEX.2.1-P7030",85094837838131469705739592944435066845242247271797719514899274899401520014961
EVODEX.2.1-C1262,[#6:11](-[#6@@:8])(=[#8:12])-[#8:13]-[#1].[#8:42]-[#15:43](=[#8:44])(-[#8:45])-[#8:46]-[#15:47]>>[#6:11](-[#6@@:8])(=[#8:12])-[#7](-[#6@@](-[#6](-[#8]-[#1])(-[#1])-[#1])(-[#6](=[#8])-[#8]-[#1])-[#1])-[#1].[#8:13](-[#15:43](-[#8:42])(=[#8:44])-[#8:45])-[#1].[#8:46](-[#15:47])-[#1],"EVODEX.2.1-P6667,EVODEX.2.1-P6913,EVODEX.2.1-P6961,EVODEX.2.1-P6966",97834828094050127771224401006398622361683858566345708434965611711160334875567
EVODEX.2.1-C1267,[#7:1](-[#6:2])(-[#1])-[#1].[#8:42]-[#15:43](=[#8:44])(-[#8:45])-[#8:46]-[#15:47]>>[#7:1](-[#6:2])(-[#6](-[#6@@](-[#7](-[#6](-[#6](-[#6](-[#6@](-[#7](-[#1])-[#1])(-[#6](=[#8])-[#8]-[#1])-[#1])(-[#1])-[#1])(-[#1])-[#1])=[#8])-[#1])(-[#6](-[#16]-[#1])(-[#1])-[#1])-[#1])=[#8])-[#1].[#8](-[#15:43](-[#8:42])(=[#8:44])-[#8:45])-[#1].[#8:46](-[#15:47])-[#1],"EVODEX.2.1-P6676,EVODEX.2.1-P6683,EVODEX.2.1-P6687,EVODEX.2.1-P6699",62045338418777638250776639637792662909827241889953678041497529031518570152191
EVODEX.2.1-C1278,[#7](-[#6]1:[#7]:[#6](:[#7]:[#6]2:[#6]:1:[#7]:[#6](:[#7]:2-[#6@@]1(-[#8]-[#6@](-[#6](-[#8]-[#15](=[#8])(-[#8]-[#1])-[#8]-[#15](=[#8])(-[#8]-[#1])-[#8:36]-[#15:37])(-[#1])-[#1])(-[#6@@](-[#8]-[#1])(-[#6@]-1(-[#8]-[#1])-[#1])-[#1])-[#1])-[#1])-[#1])-[#1])(-[#1])-[#1].[#7:7](-[#6@:8])(-[#1])-[#1]>>[#6](-[#6@@](-[#7](-[#1])-[#1])(-[#6](=[#8])-[#7:7](-[#6@:8])-[#1])-[#1])(-[#1])(-[#1])-[#1].[#8:36](-[#15:37])-[#1],"EVODEX.2.1-P6713,EVODEX.2.1-P6716,EVODEX.2.1-P6736,EVODEX.2.1-P6738",7043085694082461854497736092382605553401186328826588522200977853116697538202
EVODEX.2.1-C1290,[#7:47](-[#6@:46])(-[#1])-[#1].[#7](-[#6]1:[#7]:[#6](:[#7]:[#6]2:[#6]:1:[#7]:[#6](:[#7]:2-[#6@@]1(-[#8]-[#6@](-[#6](-[#8]-[#15](=[#8])(-[#8]-[#1])-[#8]-[#15](=[#8])(-[#8]-[#1])-[#8:99]-[#15:100])(-[#1])-[#1])(-[#6@@](-[#8]-[#1])(-[#6@]-1(-[#8]-[#1])-[#1])-[#1])-[#1])-[#1])-[#1])-[#1])(-[#1])-[#1]>>[#6](-[#6](=[#8])-[#7](-[#6@]1(-[#6@@](-[#8]-[#15](=[#8])(-[#8]-[#1])-[#8]-[#15](=[#8])(-[#8]-[#1])-[#8]-[#6](-[#6@]2(-[#8]-[#6@@](-[#7]3:[#6](:[#6](:[#6](=[#8]):[#7](:[#6]:3=[#8])-[#1])-[#1])-[#1])(-[#6@](-[#8]-[#1])(-[#6@@]-2(-[#8]-[#1])-[#1])-[#1])-[#1])-[#1])(-[#1])-[#1])(-[#8]-[#6@](-[#6](-[#8]-[#1])(-[#1])-[#1])(-[#6@@](-[#8]-[#1])(-[#6@@]-1(-[#8]-[#6@](-[#6](-[#1])(-[#1])-[#1])(-[#6](=[#8])-[#7:47](-[#6@@:46])-[#1])-[#1])-[#1])-[#1])-[#1])-[#1])-[#1])-[#1])(-[#1])(-[#1])-[#1].[#8:99](-[#15:100])-[#1],"EVODEX.2.1-P6741,EVODEX.2.1-P6745,EVODEX.2.1-P7065,EVODEX.2.1-P7078",37472193774870199639147734154052356364335749009640392032402896529815571993932
EVODEX.2.1-C1292,[#7:47](-[#6@:46])(-[#1])-[#1].[#8:100]-[#15:101](=[#8:102])(-[#8:103])-[#8]-[#15](=[#8])(-[#8]-[#1])-[#8]-[#1]>>[#6](-[#6](=[#8])-[#7](-[#6@]1(-[#6@@](-[#8]-[#15](=[#8])(-[#8]-[#1])-[#8]-[#15](=[#8])(-[#8]-[#1])-[#8]-[#6](-[#6@]2(-[#8]-[#6@@](-[#7]3:[#6](:[#6](:[#6](=[#8]):[#7](:[#6]:3=[#8])-[#1])-[#1])-[#1])(-[#6@](-[#8]-[#1])(-[#6@@]-2(-[#8]-[#1])-[#1])-[#1])-[#1])-[#1])(-[#1])-[#1])(-[#8]-[#6@](-[#6](-[#8]-[#1])(-[#1])-[#1])(-[#6@@](-[#8]-[#1])(-[#6@@]-1(-[#8]-[#6@](-[#6](-[#1])(-[#1])-[#1])(-[#6](=[#8])-[#7:47](-[#6@@:46])-[#1])-[#1])-[#1])-[#1])-[#1])-[#1])-[#1])-[#1])(-[#1])(-[#1])-[#1].[#8](-[#15:101](-[#8:100])(=[#8:102])-[#8:103])-[#1],"EVODEX.2.1-P6743,EVODEX.2.1-P6747,EVODEX.2.1-P7063,EVODEX.2.1-P7076",63384529939402946766738282772280881841813131189172682221278703853161052586557
EVODEX.2.1-C1294,[#8:42]-[#15:43](=[#8:44])(-[#8:45])-[#8:46]-[#15:47].[#6:21](-[#6@@:10])(=[#8:22])-[#8:23]-[#1]>>[#6](-[#6](-[#6](-[#1])(-[#1])-[#1])(-[#6@](-[#7](-[#6:21](-[#6@@:10])=[#8:22])-[#1])(-[#6](=[#8])-[#8]-[#1])-[#1])-[#1])(-[#1])(-[#1])-[#1].[#8:23](-[#15:43](-[#8:42])(=[#8:44])-[#8:45])-[#1].[#8:46](-[#15:47])-[#1],"EVODEX.2.1-P6748,EVODEX.2.1-P6782,EVODEX.2.1-P7060,EVODEX.2.1-P7075",114653516631642045487412799892673286045446487711838692038861243475745387004849
EVODEX.2.1-C1323,[#7:3](-[#6@:2])(-[#1])-[#1].[#7](-[#6]1:[#7]:[#6](:[#7]:[#6]2:[#6]:1:[#7]:[#6](:[#7]:2-[#6@@]1(-[#8]-[#6@](-[#6](-[#8]-[#15](=[#8])(-[#8]-[#1])-[#8]-[#15](=[#8])(-[#8]-[#1])-[#8:29]-[#15:30])(-[#1])-[#1])(-[#6@@](-[#8]-[#1])(-[#6@]-1(-[#8]-[#1])-[#1])-[#1])-[#1])-[#1])-[#1])-[#1])(-[#1])-[#1]>>[#7:3](-[#6@:2])(-[#6](=[#8])-[#6@@]1(-[#6](-[#6](-[#6](-[#7]-1-[#1])(-[#1])-[#1])(-[#1])-[#1])(-[#1])-[#1])-[#1])-[#1].[#8:29](-[#15:30])-[#1],"EVODEX.2.1-P6856,EVODEX.2.1-P6861,EVODEX.2.1-P6864,EVODEX.2.1-P6870",1085744303200592278747877397982241888201398341034298567050817970171704502355
EVODEX.2.1-C1326,[#8:29]-[#15:30](=[#8:31])(-[#8:32])-[#8:33]-[#15:34].[#8:42]=[#6:43](-[#8:44]-[#1])-[#6@@:45]>>[#8:29]-[#15:30](=[#8:31])(-[#8:32])-[#8:44]-[#1].[#7](-[#6](=[#8])-[#6](-[#6](-[#6@](-[#7](-[#6:43](=[#8:42])-[#6@@:45])-[#1])(-[#6](=[#8])-[#8]-[#1])-[#1])(-[#1])-[#1])(-[#1])-[#1])(-[#1])-[#1].[#8:33](-[#15:34])-[#1],"EVODEX.2.1-P6863,EVODEX.2.1-P6896,EVODEX.2.1-P6998,EVODEX.2.1-P7111",86630159853666280152223283090211647028284633336225717214297763345353303955269
EVODEX.2.1-C1333,[#7:7](-[#6@:6])(-[#1])-[#1].[#8:42]-[#15:43](=[#8:44])(-[#8:45])-[#8]-[#15](=[#8])(-[#8]-[#1])-[#8]-[#1]>>[#7:7](-[#6@:6])(-[#6](-[#6@@](-[#7](-[#1])-[#1])(-[#6](-[#6]1:[#6](:[#6](:[#6](-[#8]-[#1]):[#6](:[#6]:1-[#1])-[#1])-[#1])-[#1])(-[#1])-[#1])-[#1])=[#8])-[#1].[#8](-[#15:43](-[#8:42])(=[#8:44])-[#8:45])-[#1],"EVODEX.2.1-P6919,EVODEX.2.1-P6924,EVODEX.2.1-P6926,EVODEX.2.1-P6934",70628073825605428955696143364004191295428525261252328093467567814397835295989
EVODEX.2.1-C1335,[#6:11](-[#6@@:2])(=[#8:12])-[#8:13]-[#1].[#8:44]-[#15:45](=[#8:46])(-[#8:47])-[#8:48]-[#15:49]>>[#6:11](-[#6@@:2])(=[#8:12])-[#7](-[#6@@](-[#6](-[#6]1:[#6](:[#6](:[#6](:[#6](:[#6]:1-[#1])-[#1])-[#1])-[#1])-[#1])(-[#1])-[#1])(-[#6](=[#8])-[#8]-[#1])-[#1])-[#1].[#8:13](-[#15:45](-[#8:44])(=[#8:46])-[#8:47])-[#1].[#8:48](-[#15:49])-[#1],"EVODEX.2.1-P6928,EVODEX.2.1-P6972,EVODEX.2.1-P7026,EVODEX.2.1-P7051",82474205853840018767877877719091667880789484619626419068708788596146864084708
EVODEX.2.1-C1337,[#6:26](-[#6@@:17])(=[#8:27])-[#8:28]-[#1].[#8:47]-[#15:48](=[#8:49])(-[#8:50])-[#8]-[#15](=[#8])(-[#8]-[#1])-[#8]-[#1]>>[#7](-[#6@@](-[#6](-[#6]1:[#6](:[#7](:[#6]2:[#6](:[#6](:[#6](:[#6](:[#6]:1:2)-[#1])-[#1])-[#1])-[#1])-[#1])-[#1])(-[#1])-[#1])(-[#6](=[#8])-[#8]-[#1])-[#1])(-[#6:26](-[#6@@:17])=[#8:27])-[#1].[#8:28](-[#15:48](-[#8:47])(=[#8:49])-[#8:50])-[#1],"EVODEX.2.1-P6932,EVODEX.2.1-P7005,EVODEX.2.1-P7024,EVODEX.2.1-P7037",73132667099004340346500408285124846052493240093139235111212222544742892567363
EVODEX.2.1-C1358,[#6:1]-[#6:2](-[#7:3](-[#1])-[#1])(-[#6:4](-[#7:5](-[#1])-[#1])(-[#6:6])-[#1:54])-[#1:51].[#8:32]-[#15:33](=[#8:34])(-[#8:35])-[#8]-[#15](=[#8])(-[#8]-[#1])-[#8]-[#1].[#8:45]=[#6:46]=[#8:47]>>[#6:1]-[#6@@:2]1(-[#7:3](-[#6:46](=[#8:47])-[#7:5](-[#6@@:4]-1(-[#6:6])-[#1:54])-[#1])-[#1])-[#1:51].[#8:32]-[#15:33](=[#8:34])(-[#8:35])-[#8:45]-[#1],"EVODEX.2.1-P7084,EVODEX.2.1-P7088,EVODEX.2.1-P7092,EVODEX.2.1-P7099",14670388400302578937854524295520870226596820233363207836043454109858214742040
EVODEX.2.1-C164,[#6:8]-[#6:9](-[#8:10])(-[#6:11](-[#8:12])(-[#1:76])-[#1])-[#1].[#6:14]-[#6:16]1:[#6:17](:[#6:18](:[#6:19](:[#7&+:20](-[#6@@:21]):[#6:56]:1-[#1:106])-[#1:83])-[#1:82])-[#1:81]>>[#6:8]/[#6:9](-[#8:10])=[#6:11](/[#8:12])-[#1:76].[#6:14]-[#6:16]1=[#6:56](-[#7:20](-[#6@@:21])-[#6:19](=[#6:18](-[#6:17]-1(-[#1:81])-[#1])-[#1:82])-[#1:83])-[#1:106],"EVODEX.2.1-P905,EVODEX.2.1-P906,EVODEX.2.1-P907",1794730022053617083265411562354457658387215201898044395219215338814361110054
EVODEX.2.1-C215,[#6:34]-[#6:36]1=[#6:37](-[#7:38](-[#6@@:39])-[#6:78](=[#6:79](-[#6:80]-1(-[#1:109])-[#1])-[#1:108])-[#1:107])-[#1:83].[#6:5]-[#7:9]=[#6:10](-[#6:11])-[#6:31]>>[#6:34]-[#6:36]1:[#6:37](:[#7&+:38](-[#6@@:39]):[#6:78](:[#6:79](:[#6:80]:1-[#1:109])-[#1:108])-[#1:107])-[#1:83].[#6:5]-[#7:9](-[#6@@:10](-[#6:11])(-[#6:31])-[#1])-[#1],"EVODEX.2.1-P1262,EVODEX.2.1-P1263,EVODEX.2.1-P1266",980885391127967380297329312821681719591947348788714247902670142939202617339
EVODEX.2.1-C546,[#8:31]-[#6@:32](-[#8:33]-[#15](=[#8])(-[#8]-[#1])-[#8]-[#1])(-[#6@:38])-[#1:61]>>[#8:31]-[#6:32](-[#8:33]-[#1])(-[#6@:38])-[#1:61],"EVODEX.2.1-P2861,EVODEX.2.1-P3740,EVODEX.2.1-P3759",68538147130205222109510728014696361487117633447363416951624997225131710287477
EVODEX.2.1-C557,[#6:1](-[#6:2](-[#6:3])(-[#8:4]-[#1])-[#6:5](-[#6:6](=[#8:7])-[#8:8]-[#1])(-[#1:47])-[#1:48])(-[#1:40])(-[#1:41])-[#1].[#8:27]-[#15:28](=[#8:29])(-[#8:30])-[#8:31]-[#15:32]>>[#6:6](=[#8:7])=[#8:8].[#6:1](=[#6:2](-[#6:3])-[#6:5](-[#1:47])(-[#1:48])-[#1])(-[#1:40])-[#1:41].[#8:31](-[#15:32])-[#1].[#8:4](-[#15:28](-[#8:27])(=[#8:29])-[#8:30])-[#1],"EVODEX.2.1-P2888,EVODEX.2.1-P5947,EVODEX.2.1-P5959",59595417924640120793428943872579565598893343477310120347502611104672507703966
EVODEX.2.1-C604,[#7](-[#6]1:[#7]:[#6]2:[#6](:[#7]:[#6](:[#7]:2-[#6@@]2(-[#8]-[#6@](-[#6](-[#8]-[#15](=[#8])(-[#8]-[#1])-[#8:17]-[#15:18])(-[#1])-[#1])(-[#6@@](-[#8]-[#1])(-[#6@]-2(-[#8]-[#1])-[#1])-[#1])-[#1])-[#1])-[#1]):[#6](=[#8]):[#7]:1-[#1])(-[#1])-[#1]>>[#8:17](-[#15:18])-[#1],"EVODEX.2.1-P3183,EVODEX.2.1-P3201,EVODEX.2.1-P3231",76619516707450803508221658813070646378325809422373345782366521016484494774759
EVODEX.2.1-C740,[#8:124](-[#6@@:123](-[#6@:114])(-[#6@:121])-[#1:260])-[#6@@:125](-[#8:126])(-[#6@:134])-[#1:261].[#8:148](-[#1])-[#1]>>[#8:148](-[#6@@:123](-[#6@:114])(-[#6@:121])-[#1:260])-[#1].[#8:124](-[#6:125](-[#8:126])(-[#6@:134])-[#1:261])-[#1],"EVODEX.2.1-P3906,EVODEX.2.1-P3912,EVODEX.2.1-P4005",67329554091317365623471272672684337026965125446847308666109754726984125069948
EVODEX.2.1-C1018,[#8:19]-[#15:20](=[#8:21])(-[#8:22])-[#8]-[#15](=[#8])(-[#8]-[#1])-[#8]-[#1].[#6:37](-[#6@:36])(=[#8:38])-[#8:39]-[#1]>>[#8:19]-[#15:20](=[#8:21])(-[#8:22])-[#8:39]-[#1].[#8](-[#6:37](-[#6@:36])=[#8:38])-[#1],"EVODEX.2.1-P5712,EVODEX.2.1-P5716,EVODEX.2.1-P5719",72694039995796016709264533249105586666305898980007874569999233750556224381603
EVODEX.2.1-C1041,[#8:24]-[#15:25](=[#8:26])(-[#8:27])-[#8]-[#15](=[#8])(-[#8]-[#1])-[#8]-[#6](-[#6@]1(-[#8]-[#6@@](-[#7]2:[#6](:[#7]:[#6]3:[#6](-[#7](-[#1])-[#1]):[#7]:[#6](:[#7]:[#6]:2:3)-[#1])-[#1])(-[#6@](-[#8]-[#1])(-[#6@@]-1(-[#8]-[#1])-[#1])-[#1])-[#1])-[#1])(-[#1])-[#1]>>[#8:24]-[#15:25](=[#8:26])(-[#8:27])-[#8]-[#1],"EVODEX.2.1-P5820,EVODEX.2.1-P5827,EVODEX.2.1-P5854",86108272966211362570304088966602011362978366671288014383924839081619628193801
EVODEX.2.1-C1062,[#6](-[#6@@](-[#8:3]-[#1])(-[#6](-[#6](-[#8]-[#15](=[#8])(-[#8]-[#1])-[#8]-[#15](=[#8])(-[#8]-[#1])-[#8]-[#1])(-[#1])-[#1])(-[#1])-[#1])-[#6](-[#6](=[#8])-[#8]-[#1])(-[#1])-[#1])(-[#1])(-[#1])-[#1].[#8:37]-[#15:38](=[#8:39])(-[#8:40])-[#8]-[#15](=[#8])(-[#8]-[#1])-[#8]-[#1]>>[#8:3](-[#15:38](-[#8:37])(=[#8:39])-[#8:40])-[#1],"EVODEX.2.1-P5933,EVODEX.2.1-P5935,EVODEX.2.1-P5941",96483998329135735927601383018682332890959932651752369573583287180570699158431
EVODEX.2.1-C1063,[#6:1](-[#6@@:2](-[#8:3]-[#1])(-[#6:4])-[#6:15](-[#6](=[#8])-[#8]-[#1])(-[#1:61])-[#1:62])(-[#1:50])(-[#1:51])-[#1].[#8:37]-[#15:38](=[#8:39])(-[#8:40])-[#8]-[#15](=[#8])(-[#8]-[#1])-[#8]-[#1]>>[#6:1](=[#6:2](-[#6:4])-[#6:15](-[#1:61])(-[#1:62])-[#1])(-[#1:50])-[#1:51].[#8:3](-[#15:38](-[#8:37])(=[#8:39])-[#8:40])-[#1],"EVODEX.2.1-P5934,EVODEX.2.1-P5936,EVODEX.2.1-P5942",82237558573633352780625902718337552508200782701450703675841373975182789913959
EVODEX.2.1-C1067,[#6](-[#6@@](-[#8:3]-[#1])(-[#6](-[#6](-[#8]-[#15](=[#8])(-[#8]-[#1])-[#8]-[#15](=[#8])(-[#8]-[#1])-[#8]-[#1])(-[#1])-[#1])(-[#1])-[#1])-[#6](-[#6:16](=[#8:17])-[#8:18]-[#1])(-[#1])-[#1])(-[#1])(-[#1])-[#1].[#8:35]-[#15:36](=[#8:37])(-[#8:38])-[#8:39]-[#15:40]>>[#6:16](=[#8:17])=[#8:18].[#8:39](-[#15:40])-[#1].[#8:3](-[#15:36](-[#8:35])(=[#8:37])-[#8:38])-[#1],"EVODEX.2.1-P5940,EVODEX.2.1-P5943,EVODEX.2.1-P5948",23779157957680264425013757243994168093999342485877045144779241137113083953162
EVODEX.2.1-C1086,[#8]=[#6](-[#6](-[#6@:4](-[#8:5]-[#1])(-[#6@:6])-[#1:17])(-[#1])-[#1])-[#1]>>[#6:4](=[#8:5])(-[#6@:6])-[#1:17],"EVODEX.2.1-P6027,EVODEX.2.1-P6031,EVODEX.2.1-P6032",3356352975948808032408299642247008839705886546551222665283379633686350710873
EVODEX.2.1-C1087,[#6:10](-[#6@@:8])(=[#8:11])-[#1:20]>>[#6](-[#6](=[#8])-[#1])(-[#6@@:10](-[#6@@:8])(-[#8:11]-[#1])-[#1:20])(-[#1])-[#1],"EVODEX.2.1-P6030,EVODEX.2.1-P6035,EVODEX.2.1-P6036",77828029863941228549426724524866690660229721910547910624733800735946519502852
EVODEX.2.1-C1091,[#6:2]-[#6:3](-[#6:4](-[#1:20])(-[#1:21])-[#1])(-[#8]-[#1])-[#6:6]>>[#6:2]-[#6:3](=[#6:4](-[#1:20])-[#1:21])-[#6:6],"EVODEX.2.1-P6078,EVODEX.2.1-P6079,EVODEX.2.1-P6080",92159162764138774904508038436672940280382666207272827113343699567421998498569
EVODEX.2.1-C1094,[#6:40]-[#6:41](-[#6:42](-[#6:43])(-[#6:44])-[#8:45]-[#1])(-[#1:105])-[#1]>>[#6:40]-[#6:41](=[#6:42](-[#6:43])-[#6:44])-[#1:105].[#8:45](-[#1])-[#1],"EVODEX.2.1-P6087,EVODEX.2.1-P6112,EVODEX.2.1-P6118",65702162584473310789381974008658352900360098688061390341126856926504497556964
EVODEX.2.1-C1113,[#8:68]-[#15:69](=[#8:70])(-[#8:71]-[#1])-[#8:72].[#15:75]-[#8:76]-[#1]>>[#6](-[#6](=[#8])-[#8:71]-[#1])(-[#1])(-[#1])-[#1].[#8:68]-[#15:69](=[#8:70])(-[#8:72])-[#8:76]-[#15:75],"EVODEX.2.1-P6192,EVODEX.2.1-P6217,EVODEX.2.1-P6282",79683080479944797086493556482698787667877633702547395056484918025228992533791
EVODEX.2.1-C1122,[#6:1]-[#6:2](=[#8:3])-[#16]-[#6](-[#6](-[#7](-[#6](=[#8])-[#6](-[#6](-[#7](-[#6](=[#8])-[#6@](-[#8]-[#1])(-[#6](-[#6](-[#1])(-[#1])-[#1])(-[#6](-[#1])(-[#1])-[#1])-[#6](-[#8]-[#15](=[#8])(-[#8]-[#1])-[#8]-[#15](=[#8])(-[#8]-[#1])-[#8]-[#6](-[#6@]1(-[#8]-[#6@@](-[#7]2:[#6](:[#7]:[#6]3:[#6](-[#7](-[#1])-[#1]):[#7]:[#6](:[#7]:[#6]:2:3)-[#1])-[#1])(-[#6@](-[#8]-[#1])(-[#6@@]-1(-[#8]-[#15](=[#8])(-[#8]-[#1])-[#8]-[#1])-[#1])-[#1])-[#1])-[#1])(-[#1])-[#1])(-[#1])-[#1])-[#1])-[#1])(-[#1])-[#1])(-[#1])-[#1])-[#1])(-[#1])-[#1])(-[#1])-[#1].[#8:66]-[#15:67](=[#8:68])(-[#8:69]-[#1])-[#8:70].[#15:76]-[#8:77]-[#1]>>[#6:1]-[#6:2](=[#8:3])-[#8:69]-[#1].[#8:66]-[#15:67](=[#8:68])(-[#8:70])-[#8:77]-[#15:76],"EVODEX.2.1-P6213,EVODEX.2.1-P6224,EVODEX.2.1-P6344",50710796638747323066684115490558569827172216621260007655511754526931511187121
EVODEX.2.1-C1124,[#8:63]-[#15:64](=[#8:65])(-[#8:66])-[#8:67]-[#15:68].[#8]=[#6](-[#8:82]-[#1])-[#1]>>[#8:63]-[#15:64](=[#8:65])(-[#8:66])-[#8:82]-[#1].[#8:67](-[#15:68])-[#1],"EVODEX.2.1-P6227,EVODEX.2.1-P7094,EVODEX.2.1-P7098",62929458059195052231989662109281383131261577128368756391101344899792046983570
EVODEX.2.1-C1140,[#7](-[#6]1:[#7]:[#6](:[#7]:[#6]2:[#6]:1:[#7]:[#6](:[#7]:2-[#6@@]1(-[#8]-[#6@](-[#6](-[#8]-[#15](=[#8])(-[#8]-[#1])-[#8]-[#15](=[#8])(-[#8]-[#1])-[#8:71]-[#15:72])(-[#1])-[#1])(-[#6@@](-[#8]-[#1])(-[#6@]-1(-[#8]-[#1])-[#1])-[#1])-[#1])-[#1])-[#1])-[#1])(-[#1])-[#1].[#8:80]=[#6:81](-[#8]-[#1])-[#6:83]>>[#6](-[#6](-[#6](-[#1])(-[#1])-[#1])(-[#6](-[#8]-[#15](=[#8])(-[#8]-[#1])-[#8]-[#15](=[#8])(-[#8]-[#1])-[#8]-[#6](-[#6@]1(-[#8]-[#6@@](-[#7]2:[#6](:[#7]:[#6]3:[#6](-[#7](-[#1])-[#1]):[#7]:[#6](:[#7]:[#6]:2:3)-[#1])-[#1])(-[#6@](-[#8]-[#1])(-[#6@@]-1(-[#8]-[#15](=[#8])(-[#8]-[#1])-[#8]-[#1])-[#1])-[#1])-[#1])-[#1])(-[#1])-[#1])(-[#1])-[#1])-[#6@@](-[#8]-[#1])(-[#6](=[#8])-[#7](-[#6](-[#6](-[#6](=[#8])-[#7](-[#6](-[#6](-[#16]-[#6:81](=[#8:80])-[#6:83])(-[#1])-[#1])(-[#1])-[#1])-[#1])(-[#1])-[#1])(-[#1])-[#1])-[#1])-[#1])(-[#1])(-[#1])-[#1].[#8:71](-[#15:72])-[#1],"EVODEX.2.1-P6266,EVODEX.2.1-P6341,EVODEX.2.1-P6373",77912978177437260380500131984931825147402350178187312815724063996621351789830
EVODEX.2.1-C1142,[#6:6]-[#6:7](=[#8:8])-[#16:9]-[#6:10].[#8:75]-[#15:76](=[#8:77])(-[#8:78]-[#1])-[#8:79]>>[#6:6]-[#6:7](=[#8:8])-[#8:78]-[#1].[#8:75]-[#15:76](=[#8:77])(-[#8:79])-[#8]-[#15](=[#8])(-[#8]-[#1])-[#8]-[#1].[#16:9](-[#6:10])-[#1],"EVODEX.2.1-P6277,EVODEX.2.1-P6329,EVODEX.2.1-P6336",104200596961492903546333569858109306240470666701601219422082674816493293265986
EVODEX.2.1-C1150,[#8:17]-[#15:18](=[#8:19])(-[#8:20])-[#8:21]-[#15:22].[#8:34]=[#6:35](-[#8:36]-[#1])-[#6:37]>>[#8:17]-[#15:18](=[#8:19])(-[#8:20])-[#8:36]-[#1].[#7](-[#8]-[#1])(-[#6:35](=[#8:34])-[#6:37])-[#1].[#8:21](-[#15:22])-[#1],"EVODEX.2.1-P6315,EVODEX.2.1-P6317,EVODEX.2.1-P6419",80042773489631711194447424977842829399363284236405125140964500490288494310264
EVODEX.2.1-C1152,[#8:36]-[#15:37](=[#8:38])(-[#8:39])-[#8]-[#15](=[#8])(-[#8]-[#1])-[#8]-[#1].[#7](-[#6@@](-[#6](-[#6](-[#6](=[#8])-[#8:7]-[#1])(-[#1])-[#1])(-[#1])-[#1])(-[#6](=[#8])-[#8]-[#1])-[#1])(-[#1])-[#1]>>[#8:7](-[#15:37](-[#8:36])(=[#8:38])-[#8:39])-[#1],"EVODEX.2.1-P6376,EVODEX.2.1-P6402,EVODEX.2.1-P6411",23348852806148238533453980616944320188473686006275782143776126740209082431173
EVODEX.2.1-C1153,[#8:30]-[#15:31](=[#8:32])(-[#8:33])-[#8:34]-[#15:35].[#7:1](-[#1])(-[#1])-[#1]>>[#7:1](-[#6](-[#6](-[#6](-[#6@](-[#7](-[#1])-[#1])(-[#6](=[#8])-[#8]-[#1])-[#1])(-[#1])-[#1])(-[#1])-[#1])=[#8])(-[#1])-[#1].[#8:34](-[#15:35])-[#1].[#8](-[#15:31](-[#8:30])(=[#8:32])-[#8:33])-[#1],"EVODEX.2.1-P6377,EVODEX.2.1-P6397,EVODEX.2.1-P6409",25446153704754515401439046980568450403497507913456229293481411024554283015156
EVODEX.2.1-C1154,[#8:29]-[#15:30](=[#8:31])(-[#8:32]-[#1])-[#8:33].[#7](-[#6:2](=[#8:3])-[#6:4])(-[#1])-[#1].[#15:39]-[#8:40]-[#1]>>[#6:2](=[#8:3])(-[#6:4])-[#8:32]-[#1].[#8:29]-[#15:30](=[#8:31])(-[#8:33])-[#8:40]-[#15:39],"EVODEX.2.1-P6378,EVODEX.2.1-P6398,EVODEX.2.1-P6405",35735310833140559263030496422716744188318733861847487040333697991027834584761
EVODEX.2.1-C1159,[#8:28]-[#15:29](=[#8:30])(-[#8:31])-[#8]-[#15](=[#8])(-[#8]-[#1])-[#8]-[#1].[#6:5]-[#6:6](=[#8:7])-[#8:8]-[#1].[#7:1](-[#1])(-[#1])-[#1]>>[#7:1](-[#6:6](-[#6:5])=[#8:7])(-[#1])-[#1].[#8:8](-[#15:29](-[#8:28])(=[#8:30])-[#8:31])-[#1],"EVODEX.2.1-P6386,EVODEX.2.1-P6396,EVODEX.2.1-P6408",83972948642656325240747753308814861139805449671502389641944251778676153362831
EVODEX.2.1-C1161,[#8:28]-[#15:29](=[#8:30])(-[#8:31])-[#8:32]-[#15:33].[#6:5]-[#6:6](=[#8:7])-[#8:8]-[#1]>>[#7](-[#6:6](-[#6:5])=[#8:7])(-[#1])-[#1].[#8:32](-[#15:33])-[#1].[#8:8](-[#15:29](-[#8:28])(=[#8:30])-[#8:31])-[#1],"EVODEX.2.1-P6388,EVODEX.2.1-P6395,EVODEX.2.1-P6401",16814482286691159226620005218714480449856299618962404894562130968551935516133
EVODEX.2.1-C1163,[#8:27]-[#15:28](=[#8:29])(-[#8:30]-[#1])-[#8:31].[#7:1](-[#6:2](=[#8:3])-[#6:4])(-[#1])-[#1].[#15:40]-[#8:41]-[#1]>>[#6:2](=[#8:3])(-[#6:4])-[#8:30]-[#1].[#8:27]-[#15:28](=[#8:29])(-[#8:31])-[#8:41]-[#15:40].[#7:1](-[#1])(-[#1])-[#1],"EVODEX.2.1-P6390,EVODEX.2.1-P6403,EVODEX.2.1-P6414",10337034665673705666550563634713320297217959407713452583500948591370040785916
EVODEX.2.1-C1164,[#8:27]-[#15:28](=[#8:29])(-[#8]-[#1])-[#8:31].[#7:1](-[#6](=[#8])-[#6](-[#6](-[#6@](-[#7](-[#1])-[#1])(-[#6](=[#8])-[#8]-[#1])-[#1])(-[#1])-[#1])(-[#1])-[#1])(-[#1])-[#1].[#15:40]-[#8:41]-[#1]>>[#8:27]-[#15:28](=[#8:29])(-[#8:31])-[#8:41]-[#15:40].[#7:1](-[#1])(-[#1])-[#1],"EVODEX.2.1-P6391,EVODEX.2.1-P6406,EVODEX.2.1-P6415",52853254621354581634186127066986750183565710377580520523824872644410846850460
EVODEX.2.1-C1165,[#8:27]-[#15:28](=[#8:29])(-[#8:30]-[#1])-[#8:31].[#15:40]-[#8:41]-[#1]>>[#6](=[#8])(-[#6](-[#6](-[#6@](-[#7](-[#1])-[#1])(-[#6](=[#8])-[#8]-[#1])-[#1])(-[#1])-[#1])(-[#1])-[#1])-[#8:30]-[#1].[#8:27]-[#15:28](=[#8:29])(-[#8:31])-[#8:41]-[#15:40],"EVODEX.2.1-P6392,EVODEX.2.1-P6400,EVODEX.2.1-P6416",95087475289378383414158705099395372822470133357306443870941402900615480587651
EVODEX.2.1-C1171,[#6:20]-[#6:21](=[#8:22])-[#8:23]-[#1].[#8:52]-[#15:53](=[#8:54])(-[#8:55])-[#8]-[#15](=[#8])(-[#8]-[#1])-[#8]-[#1]>>[#6:20]-[#6:21](=[#8:22])-[#7](-[#6](-[#6](-[#6](-[#7](-[#6](-[#6](-[#6](-[#6](-[#7](-[#1])-[#1])(-[#1])-[#1])(-[#1])-[#1])(-[#1])-[#1])(-[#1])-[#1])-[#1])(-[#1])-[#1])(-[#1])-[#1])(-[#1])-[#1])-[#1].[#8:23](-[#15:53](-[#8:52])(=[#8:54])-[#8:55])-[#1],"EVODEX.2.1-P6426,EVODEX.2.1-P6428,EVODEX.2.1-P6437",40752916758877135314435168178949629440570928864549701520982064827093367293904
EVODEX.2.1-C1183,[#6:6](-[#6@:4])(=[#8:7])-[#8:8]-[#1].[#8:38]-[#15:39](=[#8:40])(-[#8:41])-[#8:42]-[#15:43]>>[#6:6](-[#6@:4])(=[#8:7])-[#7](-[#6@@](-[#6](-[#6]1:[#6](:[#7]:[#6](:[#7]:1-[#1])-[#1])-[#1])(-[#1])-[#1])(-[#6](=[#8])-[#8]-[#1])-[#1])-[#1].[#8:42](-[#15:43])-[#1].[#8:8](-[#15:39](-[#8:38])(=[#8:40])-[#8:41])-[#1],"EVODEX.2.1-P6455,EVODEX.2.1-P6483,EVODEX.2.1-P6902",55225797897129540323888522291291121664927155237206257626574909930956422523198
EVODEX.2.1-C1192,[#7:24](-[#6@@:25])(-[#1])-[#1].[#8:52]-[#15:53](=[#8:54])(-[#8:55])-[#8]-[#15](=[#8])(-[#8]-[#1])-[#8]-[#1]>>[#7](=[#6]1:[#7](:[#6]2:[#6](:[#6](=[#8]):[#7]:1-[#1])-[#7]=[#6](-[#6](-[#7](-[#6]1:[#6](:[#6](:[#6](-[#6](=[#8])-[#7:24](-[#6@@:25])-[#1]):[#6](:[#6]:1-[#1])-[#1])-[#1])-[#1])-[#1])(-[#1])-[#1])-[#6](-[#7]-2-[#1])(-[#1])-[#1])-[#1])-[#1].[#8](-[#15:53](-[#8:52])(=[#8:54])-[#8:55])-[#1],"EVODEX.2.1-P6485,EVODEX.2.1-P6492,EVODEX.2.1-P6494",99684234965698595305046415957893303540399414532583500983596551996725586302619
EVODEX.2.1-C1194,[#8:52]-[#15:53](=[#8:54])(-[#8:55])-[#8:56]-[#15:57].[#7](=[#6]1:[#7](:[#6]2:[#6](:[#6](=[#8]):[#7]:1-[#1])-[#7]=[#6](-[#6](-[#7](-[#6]1:[#6](:[#6](:[#6](-[#6](=[#8])-[#8:19]-[#1]):[#6](:[#6]:1-[#1])-[#1])-[#1])-[#1])-[#1])(-[#1])-[#1])-[#6](-[#7]-2-[#1])(-[#1])-[#1])-[#1])-[#1]>>[#8:19](-[#15:53](-[#8:52])(=[#8:54])-[#8:55])-[#1].[#8:56](-[#15:57])-[#1],"EVODEX.2.1-P6487,EVODEX.2.1-P6497,EVODEX.2.1-P6500",17958727342722041766919221408020963762961174658281276954880326102495153846116
EVODEX.2.1-C1200,[#7:65](-[#6@:64])(-[#1])-[#1].[#8:90]-[#15:91](=[#8:92])(-[#8:93])-[#8:94]-[#15:95]>>[#6](-[#6](=[#8])-[#7](-[#6@]1(-[#6](-[#8]-[#15](=[#8])(-[#8]-[#1])-[#8]-[#15](=[#8])(-[#8]-[#1])-[#8]-[#6](-[#6@]2(-[#8]-[#6@@](-[#7]3:[#6](:[#6](:[#6](=[#8]):[#7](:[#6]:3=[#8])-[#1])-[#1])-[#1])(-[#6@](-[#8]-[#1])(-[#6@@]-2(-[#8]-[#1])-[#1])-[#1])-[#1])-[#1])(-[#1])-[#1])(-[#8]-[#6@](-[#6](-[#8]-[#1])(-[#1])-[#1])(-[#6@@](-[#8]-[#1])(-[#6@@]-1(-[#8]-[#6@](-[#6](-[#1])(-[#1])-[#1])(-[#6](=[#8])-[#7](-[#6@@](-[#6](-[#1])(-[#1])-[#1])(-[#6](=[#8])-[#7](-[#6@](-[#6](-[#6](-[#6](=[#8])-[#7:65](-[#6@@:64])-[#1])(-[#1])-[#1])(-[#1])-[#1])(-[#6](=[#8])-[#8]-[#1])-[#1])-[#1])-[#1])-[#1])-[#1])-[#1])-[#1])-[#1])-[#1])-[#1])-[#1])(-[#1])(-[#1])-[#1].[#8](-[#15:91](-[#8:90])(=[#8:92])-[#8:93])-[#1].[#8:94](-[#15:95])-[#1],"EVODEX.2.1-P6506,EVODEX.2.1-P6508,EVODEX.2.1-P6515",42805437743222971097853816418427334993561774910079186261485137367896754369267
EVODEX.2.1-C1204,[#6:52]-[#6:53](=[#8:54])-[#8:55]-[#1].[#8:82]-[#15:83](=[#8:84])(-[#8:85])-[#8:86]-[#15:87]>>[#6:52]-[#6:53](=[#8:54])-[#7](-[#6](-[#6](=[#8])-[#8]-[#1])(-[#1])-[#1])-[#1].[#8:55](-[#15:83](-[#8:82])(=[#8:84])-[#8:85])-[#1].[#8:86](-[#15:87])-[#1],"EVODEX.2.1-P6513,EVODEX.2.1-P6671,EVODEX.2.1-P6695",92045949868000204209777633569574356368081269917183595768553932361267458416616
EVODEX.2.1-C1206,[#6:52]-[#6:53](=[#8:54])-[#8:55]-[#1].[#8:83]-[#15:84](=[#8:85])(-[#8:86])-[#8]-[#15](=[#8])(-[#8]-[#1])-[#8]-[#1]>>[#6:52]-[#6:53](=[#8:54])-[#7](-[#6@@](-[#6](-[#1])(-[#1])-[#1])(-[#6](=[#8])-[#8]-[#1])-[#1])-[#1].[#8:55](-[#15:84](-[#8:83])(=[#8:85])-[#8:86])-[#1],"EVODEX.2.1-P6518,EVODEX.2.1-P6633,EVODEX.2.1-P6954",97789415674983846106518130702100084797024627420006818894801261884055351073382
EVODEX.2.1-C1214,[#8:61]-[#15:62](=[#8:63])(-[#8:64])-[#8:65]-[#15:66].[#7](=[#6]1:[#7](:[#6]2:[#6](:[#6](=[#8]):[#7]:1-[#1])-[#7](-[#6@@](-[#6](-[#7](-[#6]1:[#6](:[#6](:[#6](-[#6](=[#8])-[#7](-[#6@@](-[#6](-[#6](-[#6](=[#8])-[#8:25]-[#1])(-[#1])-[#1])(-[#1])-[#1])(-[#6](=[#8])-[#8]-[#1])-[#1])-[#1]):[#6](:[#6]:1-[#1])-[#1])-[#1])-[#1])-[#1])(-[#1])-[#1])(-[#6](-[#7]-2-[#1])(-[#1])-[#1])-[#1])-[#1])-[#1])-[#1]>>[#8:25](-[#15:62](-[#8:61])(=[#8:63])-[#8:64])-[#1].[#8:65](-[#15:66])-[#1],"EVODEX.2.1-P6536,EVODEX.2.1-P6548,EVODEX.2.1-P6579",74953334905217914261466862124715416684444406133712134611822480511944725948821
EVODEX.2.1-C1218,[#8:62]-[#15:63](=[#8:64])(-[#8:65]-[#1])-[#8:66].[#6:24]-[#6:25](=[#8:26])-[#7:27](-[#6@@:28])-[#1]>>[#7:27](-[#6@@:28])(-[#1])-[#1].[#8:62]-[#15:63](=[#8:64])(-[#8:66])-[#8]-[#15](=[#8])(-[#8]-[#1])-[#8]-[#1].[#6:24]-[#6:25](=[#8:26])-[#8:65]-[#1],"EVODEX.2.1-P6542,EVODEX.2.1-P6570,EVODEX.2.1-P6611",53875219822509045315323246521631693483748557109243996675570577933324666414511
EVODEX.2.1-C1221,[#7:33](-[#6@@:34])(-[#1])-[#1].[#8:56]-[#15:57](=[#8:58])(-[#8:59])-[#8]-[#15](=[#8])(-[#8]-[#1])-[#8]-[#1]>>[#7](=[#6]1:[#7](:[#6]2:[#6](:[#6](=[#8]):[#7]:1-[#1])-[#7](-[#6@@](-[#6](-[#7](-[#6]1:[#6](:[#6](:[#6](-[#6](=[#8])-[#7](-[#6@@](-[#6](-[#6](-[#6](=[#8])-[#7:33](-[#6@@:34])-[#1])(-[#1])-[#1])(-[#1])-[#1])(-[#6](=[#8])-[#8]-[#1])-[#1])-[#1]):[#6](:[#6]:1-[#1])-[#1])-[#1])-[#1])-[#1])(-[#1])-[#1])(-[#6](-[#7]-2-[#1])(-[#1])-[#1])-[#1])-[#1])-[#1])-[#1].[#8](-[#15:57](-[#8:56])(=[#8:58])-[#8:59])-[#1],"EVODEX.2.1-P6547,EVODEX.2.1-P6578,EVODEX.2.1-P6592",66032795559755486667802785867537938099323688998712524672804801326619953819291
EVODEX.2.1-C1235,[#6:4]-[#6:5](=[#8:6])-[#8:7]-[#1].[#8:31]-[#15:32](=[#8:33])(-[#8:34])-[#8:35]-[#15:36]>>[#6:4]-[#6:5](=[#8:6])-[#7](-[#6@@](-[#6](-[#16]-[#1])(-[#1])-[#1])(-[#6](=[#8])-[#8]-[#1])-[#1])-[#1].[#8:35](-[#15:36])-[#1].[#8:7](-[#15:32](-[#8:31])(=[#8:33])-[#8:34])-[#1],"EVODEX.2.1-P6604,EVODEX.2.1-P6655,EVODEX.2.1-P7027",108209633040952670940736432435095339710913517888211087197472786219692386272905
EVODEX.2.1-C1241,[#6:16](-[#6@:9])(=[#8:17])-[#8:18]-[#1].[#8:37]-[#15:38](=[#8:39])(-[#8:40])-[#8:41]-[#15:42]>>[#6](-[#6](-[#6@](-[#7](-[#1])-[#1])(-[#6](=[#8])-[#8]-[#6:16](-[#6@@:9])=[#8:17])-[#1])(-[#1])-[#1])(-[#1])(-[#1])-[#1].[#8:18](-[#15:38](-[#8:37])(=[#8:39])-[#8:40])-[#1].[#8:41](-[#15:42])-[#1],"EVODEX.2.1-P6615,EVODEX.2.1-P6647,EVODEX.2.1-P6721",16912583831288168418886470763433042400857474637123814220969838246613321446207
EVODEX.2.1-C1242,[#6:16](-[#6@:9])(=[#8:17])-[#8:18]-[#1].[#8:37]-[#15:38](=[#8:39])(-[#8:40])-[#8]-[#15](=[#8])(-[#8]-[#1])-[#8]-[#1]>>[#6](-[#6](-[#6@](-[#7](-[#6:16](-[#6@@:9])=[#8:17])-[#1])(-[#6](=[#8])-[#8]-[#1])-[#1])(-[#1])-[#1])(-[#1])(-[#1])-[#1].[#8:18](-[#15:38](-[#8:37])(=[#8:39])-[#8:40])-[#1],"EVODEX.2.1-P6616,EVODEX.2.1-P6636,EVODEX.2.1-P6644",70886345875345393532223282304604702196440935906450285091485858234613140960463
EVODEX.2.1-C1259,[#7:1](-[#6:2])(-[#1])-[#1].[#7](-[#6]1:[#7]:[#6](:[#7]:[#6]2:[#6]:1:[#7]:[#6](:[#7]:2-[#6@@]1(-[#8]-[#6@](-[#6](-[#8]-[#15](=[#8])(-[#8]-[#1])-[#8]-[#15](=[#8])(-[#8]-[#1])-[#8:45]-[#15:46])(-[#1])-[#1])(-[#6@@](-[#8]-[#1])(-[#6@]-1(-[#8]-[#1])-[#1])-[#1])-[#1])-[#1])-[#1])-[#1])(-[#1])-[#1]>>[#7:1](-[#6:2])(-[#6](-[#6@@](-[#7](-[#6](-[#6](-[#6](-[#6@](-[#7](-[#1])-[#1])(-[#6](=[#8])-[#8]-[#1])-[#1])(-[#1])-[#1])(-[#1])-[#1])=[#8])-[#1])(-[#6](-[#16]-[#1])(-[#1])-[#1])-[#1])=[#8])-[#1].[#8:45](-[#15:46])-[#1],"EVODEX.2.1-P6664,EVODEX.2.1-P6672,EVODEX.2.1-P6678",104436936628975686995379845985085262116749282186552133621484115362171752783557
EVODEX.2.1-C1261,[#8:41]-[#15:42](=[#8:43])(-[#8:44])-[#8:45]-[#15:46].[#7](-[#6@@](-[#6](-[#6](-[#6](=[#8])-[#7](-[#6@@](-[#6](-[#16]-[#1])(-[#1])-[#1])(-[#6](=[#8])-[#8:19]-[#1])-[#1])-[#1])(-[#1])-[#1])(-[#1])-[#1])(-[#6](=[#8])-[#8]-[#1])-[#1])(-[#1])-[#1]>>[#8:19](-[#15:42](-[#8:41])(=[#8:43])-[#8:44])-[#1].[#8:45](-[#15:46])-[#1],"EVODEX.2.1-P6666,EVODEX.2.1-P6693,EVODEX.2.1-P6697",78574085617016068983952719323987185066904429113458761211868468702753033304365
EVODEX.2.1-C1266,[#7:21](-[#6@@:22](-[#6:23])(-[#6:27])-[#1:63])(-[#1])-[#1].[#8:48]-[#15:49](=[#8:50])(-[#8:51])-[#8:52]-[#15:53].[#6:13]-[#6:15](=[#8:16])-[#8:17]-[#1]>>[#6:13]-[#6:15](=[#8:16])-[#7:21](-[#6:22](-[#6:23])(-[#6:27])-[#1:63])-[#1].[#8:17](-[#15:49](-[#8:48])(=[#8:50])-[#8:51])-[#1].[#8:52](-[#15:53])-[#1],"EVODEX.2.1-P6675,EVODEX.2.1-P6718,EVODEX.2.1-P7068",4293768679235247889344410512638632562770441973152077082170014541808279383454
EVODEX.2.1-C1276,[#8:59]-[#15:60](=[#8:61])(-[#8:62])-[#8]-[#15](=[#8])(-[#8]-[#1])-[#8]-[#1].[#6:31]-[#6:32](=[#8:33])-[#8:34]-[#1]>>[#7](=[#6](-[#7](-[#1])-[#1])-[#7](-[#6](-[#6](-[#6](-[#6@](-[#7](-[#6:32](-[#6:31])=[#8:33])-[#1])(-[#6](=[#8])-[#8]-[#1])-[#1])(-[#1])-[#1])(-[#1])-[#1])(-[#1])-[#1])-[#1])-[#1].[#8:34](-[#15:60](-[#8:59])(=[#8:61])-[#8:62])-[#1],"EVODEX.2.1-P6709,EVODEX.2.1-P6794,EVODEX.2.1-P6823",20544018688613257136819701876980000663585016069558241431467360927344677960367
EVODEX.2.1-C1280,[#7:11](-[#6@@:10])(-[#1])-[#1].[#8:33]-[#15:34](=[#8:35])(-[#8:36])-[#8:37]-[#15:38]>>[#6](-[#6@@](-[#7](-[#1])-[#1])(-[#6](=[#8])-[#7:11](-[#6@:10])-[#1])-[#1])(-[#1])(-[#1])-[#1].[#8:37](-[#15:38])-[#1].[#8](-[#15:34](-[#8:33])(=[#8:35])-[#8:36])-[#1],"EVODEX.2.1-P6715,EVODEX.2.1-P6725,EVODEX.2.1-P6761",50644187515504102451741660677534204692412064156436342656564637280568662434177
EVODEX.2.1-C1282,[#6:4](-[#6@@:2])(=[#8:5])-[#8:6]-[#1].[#8:34]-[#15:35](=[#8:36])(-[#8:37])-[#8]-[#15](=[#8])(-[#8]-[#1])-[#8]-[#1]>>[#6:4](-[#6@@:2])(=[#8:5])-[#7](-[#6@](-[#6](-[#6](-[#7](-[#1])-[#1])=[#8])(-[#1])-[#1])(-[#6](=[#8])-[#8]-[#1])-[#1])-[#1].[#8:6](-[#15:35](-[#8:34])(=[#8:36])-[#8:37])-[#1],"EVODEX.2.1-P6723,EVODEX.2.1-P6824,EVODEX.2.1-P6890",89573148430893088384409203649163906724186048661614403599097304753693893810587
EVODEX.2.1-C1299,[#7:3](-[#6@:2])(-[#1])-[#1].[#8:37]-[#15:38](=[#8:39])(-[#8:40])-[#8]-[#15](=[#8])(-[#8]-[#1])-[#8]-[#1]>>[#7:3](-[#6@:2])(-[#6](-[#6@](-[#6](-[#6](-[#6](-[#7](-[#6](=[#7]-[#1])-[#7](-[#1])-[#1])-[#1])(-[#1])-[#1])(-[#1])-[#1])(-[#1])-[#1])(-[#7](-[#1])-[#1])-[#1])=[#8])-[#1].[#8](-[#15:38](-[#8:37])(=[#8:39])-[#8:40])-[#1],"EVODEX.2.1-P6755,EVODEX.2.1-P6993,EVODEX.2.1-P6995",44988637611286368131739967011772224017251309349717517314045784856408999198754
EVODEX.2.1-C1303,[#6:2]-[#6:3](=[#8:4])-[#8:5]-[#1].[#8:24]-[#15:25](=[#8:26])(-[#8:27])-[#8:28]-[#15:29].[#6:43]-[#7:44](-[#6@@:40])-[#1]>>[#6:2]-[#6:3](=[#8:4])-[#7:44](-[#6@:40])-[#6:43].[#8:28](-[#15:29])-[#1].[#8:5](-[#15:25](-[#8:24])(=[#8:26])-[#8:27])-[#1],"EVODEX.2.1-P6764,EVODEX.2.1-P6767,EVODEX.2.1-P6842",100915199213604097552842714557518139654892045941475811471297242295097138196245
EVODEX.2.1-C1306,[#8:30]-[#15:31](=[#8:32])(-[#8:33])-[#8]-[#15](=[#8])(-[#8]-[#1])-[#8]-[#1].[#6:9](-[#6@@:2])(=[#8:10])-[#8:11]-[#1]>>[#6:9](-[#6@@:2])(=[#8:10])-[#7]1-[#6@](-[#6](=[#8])-[#8]-[#1])(-[#6](-[#6](-[#6]-1(-[#1])-[#1])(-[#1])-[#1])(-[#1])-[#1])-[#1].[#8:11](-[#15:31](-[#8:30])(=[#8:32])-[#8:33])-[#1],"EVODEX.2.1-P6768,EVODEX.2.1-P6854,EVODEX.2.1-P6911",75065242685663665977380852885699217639831254799205066173529093638241106363943
EVODEX.2.1-C1307,[#8:27]-[#15:28](=[#8:29])(-[#8:30])-[#8:31]-[#15:32].[#8:40]=[#6:41](-[#8:42]-[#1])-[#6@@:43]>>[#6](-[#6@@](-[#8]-[#1])(-[#6@](-[#7](-[#6:41](=[#8:40])-[#6@@:43])-[#1])(-[#6](=[#8])-[#8]-[#1])-[#1])-[#1])(-[#1])(-[#1])-[#1].[#8:27]-[#15:28](=[#8:29])(-[#8:30])-[#8:42]-[#1].[#8:31](-[#15:32])-[#1],"EVODEX.2.1-P6771,EVODEX.2.1-P6846,EVODEX.2.1-P6930",78618293310257684276656844200120462873932050081545959058232746024169911367215
EVODEX.2.1-C1310,[#7:5](-[#6@:4])(-[#1])-[#1].[#8:36]-[#15:37](=[#8:38])(-[#8:39])-[#8:40]-[#15:41]>>[#7:5](-[#6@:4])(-[#6](-[#6@](-[#6](-[#6](-[#7](-[#1])-[#1])=[#8])(-[#1])-[#1])(-[#7](-[#1])-[#1])-[#1])=[#8])-[#1].[#8](-[#15:37](-[#8:36])(=[#8:38])-[#8:39])-[#1].[#8:40](-[#15:41])-[#1],"EVODEX.2.1-P6781,EVODEX.2.1-P6971,EVODEX.2.1-P7029",62129193279107394853770877969015872557901598875157043957865684693385278750581
EVODEX.2.1-C1313,[#6:17](-[#6@:15])(=[#8:18])-[#8:19]-[#1].[#8:38]-[#15:39](=[#8:40])(-[#8:41])-[#8:42]-[#15:43]>>[#6](-[#6](-[#6@](-[#6](-[#1])(-[#1])-[#1])(-[#6@](-[#7](-[#6:17](-[#6@:15])=[#8:18])-[#1])(-[#6](=[#8])-[#8]-[#1])-[#1])-[#1])(-[#1])-[#1])(-[#1])(-[#1])-[#1].[#8:19](-[#15:39](-[#8:38])(=[#8:40])-[#8:41])-[#1].[#8:42](-[#15:43])-[#1],"EVODEX.2.1-P6800,EVODEX.2.1-P6812,EVODEX.2.1-P7057",111253655491380140168468281888784035537687391392583886703865579841449225931852
EVODEX.2.1-C1314,[#7:11](-[#6@@:12])(-[#1])-[#1].[#8:36]-[#15:37](=[#8:38])(-[#8:39])-[#8]-[#15](=[#8])(-[#8]-[#1])-[#8]-[#1]>>[#7](-[#6](=[#8])-[#6](-[#6](-[#6@](-[#7](-[#1])-[#1])(-[#6](=[#8])-[#7:11](-[#6@@:12])-[#1])-[#1])(-[#1])-[#1])(-[#1])-[#1])(-[#1])-[#1].[#8](-[#15:37](-[#8:36])(=[#8:38])-[#8:39])-[#1],"EVODEX.2.1-P6802,EVODEX.2.1-P6969,EVODEX.2.1-P7036",62922735017936046834164970975340937203875687307090038149960264995328620333101
EVODEX.2.1-C1315,[#7:10](-[#6@@:11])(-[#1])-[#1].[#8:35]-[#15:36](=[#8:37])(-[#8:38])-[#8:39]-[#15:40]>>[#6](-[#6](-[#6](-[#1])(-[#1])-[#1])(-[#6](-[#6@](-[#7](-[#1])-[#1])(-[#6](=[#8])-[#7:10](-[#6@@:11])-[#1])-[#1])(-[#1])-[#1])-[#1])(-[#1])(-[#1])-[#1].[#8:39](-[#15:40])-[#1].[#8](-[#15:36](-[#8:35])(=[#8:37])-[#8:38])-[#1],"EVODEX.2.1-P6817,EVODEX.2.1-P6942,EVODEX.2.1-P6990",69275585659115700633334953589939415784967185857580418740204974250813606767502
EVODEX.2.1-C1318,[#7:3](-[#6@:2])(-[#1])-[#1].[#8:37]-[#15:38](=[#8:39])(-[#8:40])-[#8]-[#15](=[#8])(-[#8]-[#1])-[#8]-[#1]>>[#7:3](-[#6@:2])(-[#6](-[#6@@](-[#7](-[#1])-[#1])(-[#6](-[#6]1:[#6](:[#6](:[#6](:[#6](:[#6]:1-[#1])-[#1])-[#1])-[#1])-[#1])(-[#1])-[#1])-[#1])=[#8])-[#1].[#8](-[#15:38](-[#8:37])(=[#8:39])-[#8:40])-[#1],"EVODEX.2.1-P6822,EVODEX.2.1-P6835,EVODEX.2.1-P6839",68390696658104934690360808064419192576661452592585938625776515645828426447988
EVODEX.2.1-C1325,[#8:28]-[#15:29](=[#8:30])(-[#8:31])-[#8]-[#15](=[#8])(-[#8]-[#1])-[#8]-[#1].[#7:6](-[#6@:5])(-[#1])-[#1]>>[#8:28]-[#15:29](=[#8:30])(-[#8:31])-[#8]-[#1].[#7:6](-[#6@:5])(-[#6](=[#8])-[#6@@]1(-[#6](-[#6](-[#6](-[#7]-1-[#1])(-[#1])-[#1])(-[#1])-[#1])(-[#1])-[#1])-[#1])-[#1],"EVODEX.2.1-P6860,EVODEX.2.1-P6869,EVODEX.2.1-P6874",8781836167947436809468938179063067199689752402773324936970797618537925149920
EVODEX.2.1-C1329,[#7:3](-[#6@:2])(-[#1])-[#1].[#8:40]-[#15:41](=[#8:42])(-[#8:43])-[#8:44]-[#15:45]>>[#7:3](-[#6@:2])(-[#6](-[#6@@](-[#7](-[#1])-[#1])(-[#6](-[#6]1:[#6](:[#7](:[#6]2:[#6](:[#6](:[#6](:[#6](:[#6]:1:2)-[#1])-[#1])-[#1])-[#1])-[#1])-[#1])(-[#1])-[#1])-[#1])=[#8])-[#1].[#8](-[#15:41](-[#8:40])(=[#8:42])-[#8:43])-[#1].[#8:44](-[#15:45])-[#1],"EVODEX.2.1-P6887,EVODEX.2.1-P6899,EVODEX.2.1-P6912",79266723992501446552021559137111201227734388368409462646863680549433761488637
EVODEX.2.1-C1338,[#7:12](-[#6@:11])(-[#1])-[#1].[#8:34]-[#15:35](=[#8:36])(-[#8:37])-[#8]-[#15](=[#8])(-[#8]-[#1])-[#8]-[#1]>>[#6](-[#16]-[#6](-[#6](-[#6@](-[#7](-[#1])-[#1])(-[#6](=[#8])-[#7:12](-[#6@@:11])-[#1])-[#1])(-[#1])-[#1])(-[#1])-[#1])(-[#1])(-[#1])-[#1].[#8](-[#15:35](-[#8:34])(=[#8:36])-[#8:37])-[#1],"EVODEX.2.1-P6944,EVODEX.2.1-P6963,EVODEX.2.1-P7017",13122940483135257253340390773499273391654015055468388958968244187703889731475
EVODEX.2.1-C1346,[#8:37]-[#15:38](=[#8:39])(-[#8:40])-[#8]-[#15](=[#8])(-[#8]-[#1])-[#8]-[#1].[#7:1](-[#6@@:2])(-[#1])-[#1]>>[#7:1](-[#6@@:2])(-[#6](-[#6@@](-[#7](-[#1])-[#1])(-[#6](-[#6]1:[#6](:[#7](:[#6](:[#7]:1)-[#1])-[#1])-[#1])(-[#1])-[#1])-[#1])=[#8])-[#1].[#8](-[#15:38](-[#8:37])(=[#8:39])-[#8:40])-[#1],"EVODEX.2.1-P6981,EVODEX.2.1-P7002,EVODEX.2.1-P7006",14992152809994450934589415197146068575050360559925053897863979276575025877460
EVODEX.2.1-C1351,[#7:20](-[#6@:21])(-[#1])-[#1].[#8:52]-[#15:53](=[#8:54])(-[#8:55])-[#8:56]-[#15:57]>>[#6](-[#6](-[#6](-[#1])(-[#1])-[#1])(-[#6](-[#8]-[#15](=[#8])(-[#8]-[#1])-[#8]-[#1])(-[#1])-[#1])-[#6@@](-[#8]-[#1])(-[#6](=[#8])-[#7](-[#6](-[#6](-[#6](=[#8])-[#7:20](-[#6@:21])-[#1])(-[#1])-[#1])(-[#1])-[#1])-[#1])-[#1])(-[#1])(-[#1])-[#1].[#8](-[#15:53](-[#8:52])(=[#8:54])-[#8:55])-[#1].[#8:56](-[#15:57])-[#1],"EVODEX.2.1-P7038,EVODEX.2.1-P7046,EVODEX.2.1-P7050",71909912132947966590185805045121597680526417199554307324703269340840670507268
EVODEX.2.1-C1353,[#6](-[#6](-[#6](-[#1])(-[#1])-[#1])(-[#6](-[#8]-[#15](=[#8])(-[#8]-[#1])-[#8]-[#1])(-[#1])-[#1])-[#6@@](-[#8]-[#1])(-[#6](=[#8])-[#7](-[#6](-[#6](-[#6](=[#8])-[#7:19](-[#6@:20])-[#1])(-[#1])-[#1])(-[#1])-[#1])-[#1])-[#1])(-[#1])(-[#1])-[#1].[#8:51]-[#15:52](=[#8:53])(-[#8]-[#1])-[#8:55]>>[#7:19](-[#6@:20])(-[#1])-[#1].[#8:51]-[#15:52](=[#8:53])(-[#8:55])-[#8]-[#15](=[#8])(-[#8]-[#1])-[#8]-[#1],"EVODEX.2.1-P7040,EVODEX.2.1-P7043,EVODEX.2.1-P7048",38030259496208892989639656117602351802770945048128029702277698178757210786618
EVODEX.2.1-C1359,[#6:1]-[#6:2](-[#7:3](-[#1])-[#1])(-[#6:4](-[#7:5](-[#1])-[#1])(-[#6:6])-[#1:54])-[#1:51].[#8:32]-[#15:33](=[#8:34])(-[#8:35])-[#8:36]-[#15:37]>>[#6:1]-[#6@@:2]1(-[#7:3](-[#6](=[#8])-[#7:5](-[#6@@:4]-1(-[#6:6])-[#1:54])-[#1])-[#1])-[#1:51].[#8:32]-[#15:33](=[#8:34])(-[#8:35])-[#8]-[#1].[#8:36](-[#15:37])-[#1],"EVODEX.2.1-P7085,EVODEX.2.1-P7089,EVODEX.2.1-P7100",59120304854016556675442700031124756293540246491652551295134743156047103829624
EVODEX.2.1-C1360,[#8:32]-[#15:33](=[#8:34])(-[#8:35])-[#8:36]-[#15:37].[#8:45]=[#6:46]=[#8:47]>>[#6](-[#6@@]1(-[#7](-[#6:46](=[#8:47])-[#7](-[#6@@]-1(-[#6](-[#6](-[#6](-[#6](-[#6](-[#6](=[#8])-[#8]-[#1])(-[#1])-[#1])(-[#1])-[#1])(-[#1])-[#1])(-[#1])-[#1])(-[#1])-[#1])-[#1])-[#1])-[#1])-[#1])(-[#1])(-[#1])-[#1].[#8:32]-[#15:33](=[#8:34])(-[#8:35])-[#8:45]-[#1].[#8:36](-[#15:37])-[#1],"EVODEX.2.1-P7086,EVODEX.2.1-P7097,EVODEX.2.1-P7102",6245801729771730731100008343244177196941046360212966810256792515922612749410
EVODEX.2.1-C31,[#6:2]-[#6:3](-[#8:4]-[#1])(-[#6:5](-[#8:6]-[#1])(-[#1:18])-[#1])-[#1].[#8:7]=[#8:8].[#8:9]=[#8:10]>>[#6:2]-[#6:3](=[#8:4])-[#6:5](=[#8:6])-[#1:18].[#8:7](-[#8:8]-[#1])-[#1].[#8:9](-[#8:10]-[#1])-[#1],"EVODEX.2.1-P122,EVODEX.2.1-P123",110661134606698280997822621361929778500380399124718592379008814175501580915247
EVODEX.2.1-C216,[#6:1]-[#6:2]1:[#6:3](:[#7:4]:[#6:5](:[#7:6]):[#6:12](:[#6:10]):[#7:13]:1)-[#1:65].[#6:15]-[#6:17]1=[#6:18](-[#7:19](-[#6@@:20])-[#6:59](=[#6:60](-[#6:61]-1(-[#1:97])-[#1])-[#1:96])-[#1:95])-[#1:71]>>[#6:1]-[#6:2]1=[#7:13]-[#6:12](:[#6:5](:[#7:6])-[#7:4](-[#6:3]-1(-[#1:65])-[#1])-[#1]):[#6:10].[#6:15]-[#6:17]1:[#6:18](:[#7&+:19](-[#6@@:20]):[#6:59](:[#6:60](:[#6:61]:1-[#1:97])-[#1:96])-[#1:95])-[#1:71],"EVODEX.2.1-P1264,EVODEX.2.1-P1265",96664755644585663755718052093688638792167222549925561280604006723009463998909
EVODEX.2.1-C536,[#15:20]-[#8:23]-[#15:24](=[#8:25])(-[#8:26])-[#8:27].[#8:39]-[#6:40](-[#8:41]-[#1])(-[#6@:42])-[#1:67]>>[#15:20]-[#8:23]-[#1].[#15:24](=[#8:25])(-[#8:26])(-[#8:27])-[#8:41]-[#6@@:40](-[#8:39])(-[#6@:42])-[#1:67],"EVODEX.2.1-P2838,EVODEX.2.1-P2881",36568257389759764620269590098535539393883302776701169318639818231326021355105
EVODEX.2.1-C598,[#7](-[#6]1:[#7]:[#6](:[#7]:[#6]2:[#6]:1:[#7]:[#6](:[#7]:2-[#6@@]1(-[#8]-[#6@](-[#6](-[#8]-[#15](=[#8])(-[#8]-[#1])-[#8:19]-[#15:20])(-[#1])-[#1])(-[#6@@](-[#8]-[#1])(-[#6@]-1(-[#8]-[#1])-[#1])-[#1])-[#1])-[#1])-[#1])-[#1])(-[#1])-[#1]>>[#8:19](-[#15:20])-[#1],"EVODEX.2.1-P3174,EVODEX.2.1-P3200",112229949535692787270340870002170406212914590052037264112938608410445158883575
EVODEX.2.1-C646,[#6:13]-[#6:14](=[#8:15])-[#8]-[#6](-[#1])(-[#1])-[#1]>>[#6:13]-[#6:14](=[#8:15])-[#8]-[#1],"EVODEX.2.1-P3436,EVODEX.2.1-P3703",1852050143090049437493538080998571114416552148706515376452965555344731539906
EVODEX.2.1-C731,[#8:3]-[#15@@:4](=[#8:5])(-[#8:6]-[#6:7](:[#6:8]):[#6:15])-[#8:16]>>[#8:3]-[#15:4](=[#8:5])(-[#8:6]-[#1])-[#8:16].[#6:7](-[#8]-[#1])(:[#6:8]):[#6:15],"EVODEX.2.1-P3873,EVODEX.2.1-P3874",26658636024384391324521980659875112734851131752350068202774110228320665360283
EVODEX.2.1-C741,[#6:5]:[#6:10](:[#6:9])-[#8:11]-[#6@:12](-[#8:13])(-[#6@@:19])-[#1:25]>>[#8:11](-[#6:12](-[#8:13])(-[#6@@:19])-[#1:25])-[#1].[#8](-[#6:10](:[#6:5]):[#6:9])-[#1],"EVODEX.2.1-P3913,EVODEX.2.1-P3973",108647348321692842712832758875316716951234670358923571738955437497682564493049
EVODEX.2.1-C755,[#6:13](-[#6@:12])(-[#8:14]-[#6@:15](-[#8:16])(-[#6@:24])-[#1:75])(-[#1:73])-[#1:74].[#8:56](-[#1])-[#1]>>[#6:13](-[#6@:12])(-[#8:56]-[#1])(-[#1:73])-[#1:74].[#8:14](-[#6:15](-[#8:16])(-[#6@:24])-[#1:75])-[#1],"EVODEX.2.1-P4008,EVODEX.2.1-P4009",87539475162621945608595693602880957260526603003987033151920730174247455295842
EVODEX.2.1-C1021,[#8:19]-[#15:20](=[#8:21])(-[#8:22])-[#8:23]-[#15:24].[#8:33]=[#6:34](-[#8:35]-[#1])-[#6:36]>>[#8:19]-[#15:20](=[#8:21])(-[#8:22])-[#8:35]-[#1].[#8:23](-[#15:24])-[#1].[#8](-[#6:34](=[#8:33])-[#6:36])-[#1],"EVODEX.2.1-P5718,EVODEX.2.1-P6160",95502519904301462140968826714057197090951909273051573906454118581106153104296
EVODEX.2.1-C1038,[#8:11]-[#15:12](=[#8:13])(-[#8:14])-[#8]-[#15](=[#8])(-[#8]-[#1])-[#8]-[#15](=[#8])(-[#8]-[#1])-[#8]-[#1]>>[#8:11]-[#15:12](=[#8:13])(-[#8:14])-[#8]-[#1],"EVODEX.2.1-P5812,EVODEX.2.1-P5823",7420959061642886374083025066387901033072052671924176409678821300051047375554
EVODEX.2.1-C1039,[#7](=[#6]1:[#7](:[#6](=[#8]):[#6]2:[#7]:[#6](:[#7](-[#6@]3(-[#8]-[#6@](-[#6](-[#8]-[#15:15](=[#8:16])(-[#8:17])-[#8:27]-[#15](=[#8])(-[#8]-[#1])-[#8]-[#1])(-[#1])-[#1])(-[#6@@](-[#8]-[#1])(-[#6@]-3(-[#8]-[#1])-[#1])-[#1])-[#1])-[#1]):[#6]:2:[#7]:1-[#1])-[#1])-[#1])-[#1]>>[#15:15](=[#8:16])(-[#8:17])(-[#8:27]-[#1])-[#8]-[#1],"EVODEX.2.1-P5815,EVODEX.2.1-P5838",47017750511293553127125504313660631027916908470722895538219934790398298865564
EVODEX.2.1-C1048,[#8:11]-[#15:12](=[#8:13])(-[#8:14])-[#8:15]-[#15:16](=[#8:17])(-[#8:18])-[#8:19]-[#15:20]>>[#8:11]-[#15:12](=[#8:13])(-[#8:14])-[#8]-[#1].[#8:15](-[#15:16](=[#8:17])(-[#8:18])-[#8]-[#1])-[#1].[#8:19](-[#15:20])-[#1],"EVODEX.2.1-P5844,EVODEX.2.1-P5845",45060864444250752945350795623543474953646651252724652417758401240053290976977
EVODEX.2.1-C1064,[#6](-[#6@@](-[#8:3]-[#1])(-[#6](-[#6](-[#8]-[#15](=[#8])(-[#8]-[#1])-[#8]-[#15](=[#8])(-[#8]-[#1])-[#8]-[#1])(-[#1])-[#1])(-[#1])-[#1])-[#6](-[#6](=[#8])-[#8]-[#1])(-[#1])-[#1])(-[#1])(-[#1])-[#1].[#8:32]-[#15:33](=[#8:34])(-[#8:35])-[#8:36]-[#15:37]>>[#8:36](-[#15:37])-[#1].[#8:3](-[#15:33](-[#8:32])(=[#8:34])-[#8:35])-[#1],"EVODEX.2.1-P5937,EVODEX.2.1-P5945",82209705269590132012724916894894058609582519405030796841938248480252856583162
EVODEX.2.1-C1065,[#6:1](-[#6@@:2](-[#8:3]-[#1])(-[#6:4])-[#6:15](-[#6:16](=[#8:17])-[#8:18]-[#1])(-[#1:59])-[#1:60])(-[#1:48])(-[#1:49])-[#1].[#8:32]-[#15:33](=[#8:34])(-[#8:35])-[#8]-[#15](=[#8])(-[#8]-[#1])-[#8]-[#1]>>[#6:16](=[#8:17])=[#8:18].[#6:1](=[#6:2](-[#6:4])-[#6:15](-[#1:59])(-[#1:60])-[#1])(-[#1:48])-[#1:49].[#8:3](-[#15:33](-[#8:32])(=[#8:34])-[#8:35])-[#1],"EVODEX.2.1-P5938,EVODEX.2.1-P5960",78663146514910477769650206443268042933564528748765063967299135808855284486274
EVODEX.2.1-C1066,[#6:1](-[#6@@:2](-[#8:3]-[#1])(-[#6:4])-[#6:15](-[#6](=[#8])-[#8]-[#1])(-[#1:62])-[#1:63])(-[#1:51])(-[#1:52])-[#1].[#8:35]-[#15:36](=[#8:37])(-[#8:38])-[#8:39]-[#15:40]>>[#6:1](=[#6:2](-[#6:4])-[#6:15](-[#1:62])(-[#1:63])-[#1])(-[#1:51])-[#1:52].[#8:39](-[#15:40])-[#1].[#8:3](-[#15:36](-[#8:35])(=[#8:37])-[#8:38])-[#1],"EVODEX.2.1-P5939,EVODEX.2.1-P5946",545980554710680889110912437654081381972700642825452149592645536310988178621
EVODEX.2.1-C1068,[#6](-[#6@@](-[#8:3]-[#1])(-[#6](-[#6](-[#8]-[#15](=[#8])(-[#8]-[#1])-[#8]-[#15](=[#8])(-[#8]-[#1])-[#8]-[#1])(-[#1])-[#1])(-[#1])-[#1])-[#6](-[#6:16](=[#8:17])-[#8:18]-[#1])(-[#1])-[#1])(-[#1])(-[#1])-[#1].[#8:39]-[#15:40](=[#8:41])(-[#8:42])-[#8]-[#15](=[#8])(-[#8]-[#1])-[#8]-[#1]>>[#6:16](=[#8:17])=[#8:18].[#8:3](-[#15:40](-[#8:39])(=[#8:41])-[#8:42])-[#1],"EVODEX.2.1-P5944,EVODEX.2.1-P5949",38683122670098080035636398833699986727058229509715897352684329279784354922944
EVODEX.2.1-C1090,[#6:2]-[#6:3](-[#6:4](-[#1:15])(-[#1:16])-[#1])(-[#8:5]-[#1])-[#6:6]>>[#6:2]-[#6:3](=[#6:4](-[#1:15])-[#1:16])-[#6:6].[#8:5](-[#1])-[#1],"EVODEX.2.1-P6077,EVODEX.2.1-P6082",81947834119224124325731845779961386918145074936651010462734558429066082195136
EVODEX.2.1-C1095,[#6:5]/[#6:6](=[#6:7](\[#6:8])-[#1:34])-[#1:33]>>[#6:5]-[#6:6](-[#6@@:7](-[#6:8])(-[#8]-[#1])-[#1:34])(-[#1:33])-[#1],"EVODEX.2.1-P6092,EVODEX.2.1-P6095",93516309199704082908345665369162066101833466701569745371521384049540080697769
EVODEX.2.1-C1098,[#6:8]-[#6:9](-[#6:10](-[#6:11])(-[#6:12])-[#8]-[#1])(-[#1:35])-[#1]>>[#6:8]-[#6:9](=[#6:10](-[#6:11])-[#6:12])-[#1:35],"EVODEX.2.1-P6116,EVODEX.2.1-P6119",57170034339864863941227488591846706440307434517813960784352182215076032783134
EVODEX.2.1-C1104,[#8:1]=[#6:2](-[#6:3](-[#8:4]-[#1])(-[#1:19])-[#1])-[#6@@:5]>>[#8:1](-[#6@:2](-[#6:3](=[#8:4])-[#1:19])(-[#6@@:5])-[#1])-[#1],"EVODEX.2.1-P6170,EVODEX.2.1-P6171",112218665344509494202234454742471233305693048998144974378558751592745415985666
EVODEX.2.1-C1107,[#8:31]-[#15:32](=[#8:33])(-[#8:34])-[#8:35]-[#15:36].[#6:14](-[#6@@:3])(=[#8:15])-[#8:16]-[#1].[#7:1](-[#1])(-[#1])-[#1]>>[#7:1](-[#6:14](-[#6@@:3])=[#8:15])(-[#1])-[#1].[#8:16](-[#15:32](-[#8:31])(=[#8:33])-[#8:34])-[#1].[#8:35](-[#15:36])-[#1],"EVODEX.2.1-P6185,EVODEX.2.1-P7112",27677058245614415603411761465117478365502245171955050200636488177019282083213
EVODEX.2.1-C1133,[#6:3]-[#6:4](=[#8:5])-[#16:6]-[#6:7].[#8:72]-[#15:73](=[#8:74])(-[#8:75]-[#1])-[#8:76].[#15:82]-[#8:83]-[#1]>>[#6:3]-[#6:4](=[#8:5])-[#8:75]-[#1].[#8:72]-[#15:73](=[#8:74])(-[#8:76])-[#8:83]-[#15:82].[#16:6](-[#6:7])-[#1],"EVODEX.2.1-P6258,EVODEX.2.1-P6348",71535137697197577198369774790343620578581569825821844977252738901052347789482
EVODEX.2.1-C1137,[#6:2]-[#6:3](=[#8:4])-[#16]-[#6](-[#6](-[#7](-[#6](=[#8])-[#6](-[#6](-[#7](-[#6](=[#8])-[#6@](-[#8]-[#1])(-[#6](-[#6](-[#1])(-[#1])-[#1])(-[#6](-[#1])(-[#1])-[#1])-[#6](-[#8]-[#15](=[#8])(-[#8]-[#1])-[#8]-[#15](=[#8])(-[#8]-[#1])-[#8]-[#6](-[#6@]1(-[#8]-[#6@@](-[#7]2:[#6](:[#7]:[#6]3:[#6](-[#7](-[#1])-[#1]):[#7]:[#6](:[#7]:[#6]:2:3)-[#1])-[#1])(-[#6@](-[#8]-[#1])(-[#6@@]-1(-[#8]-[#15](=[#8])(-[#8]-[#1])-[#8]-[#1])-[#1])-[#1])-[#1])-[#1])(-[#1])-[#1])(-[#1])-[#1])-[#1])-[#1])(-[#1])-[#1])(-[#1])-[#1])-[#1])(-[#1])-[#1])(-[#1])-[#1].[#8:71]-[#15:72](=[#8:73])(-[#8:74]-[#1])-[#8:75]>>[#6:2]-[#6:3](=[#8:4])-[#8:74]-[#1].[#8:71]-[#15:72](=[#8:73])(-[#8:75])-[#8]-[#15](=[#8])(-[#8]-[#1])-[#8]-[#1],"EVODEX.2.1-P6262,EVODEX.2.1-P6330",3841262203098129261830278153188370035365265754466000732482784713565909608511
EVODEX.2.1-C1144,[#8:75]-[#15:76](=[#8:77])(-[#8:78]-[#1])-[#8:79]>>[#6](-[#6](=[#8])-[#8:78]-[#1])(-[#1])(-[#1])-[#1].[#8]=[#15](-[#8]-[#15:76](-[#8:75])(=[#8:77])-[#8:79])(-[#8]-[#1])-[#8]-[#1],"EVODEX.2.1-P6285,EVODEX.2.1-P6287",60006995823625719539710018787146186802388832090736253157814729725161538758469
EVODEX.2.1-C1146,[#7](-[#6]1:[#7]:[#6](:[#7]:[#6]2:[#6]:1:[#7]:[#6](:[#7]:2-[#6@@]1(-[#8]-[#6@](-[#6](-[#8]-[#15](=[#8])(-[#8]-[#1])-[#8]-[#15](=[#8])(-[#8]-[#1])-[#8]-[#15:72](=[#8:73])(-[#8:74])-[#8:75])(-[#1])-[#1])(-[#6@@](-[#8]-[#1])(-[#6@]-1(-[#8]-[#1])-[#1])-[#1])-[#1])-[#1])-[#1])-[#1])(-[#1])-[#1].[#8:80]=[#6:81](-[#8:82]-[#1])-[#6:83]>>[#6](-[#6](-[#6](-[#1])(-[#1])-[#1])(-[#6](-[#8]-[#15](=[#8])(-[#8]-[#1])-[#8]-[#15](=[#8])(-[#8]-[#1])-[#8]-[#6](-[#6@]1(-[#8]-[#6@@](-[#7]2:[#6](:[#7]:[#6]3:[#6](-[#7](-[#1])-[#1]):[#7]:[#6](:[#7]:[#6]:2:3)-[#1])-[#1])(-[#6@](-[#8]-[#1])(-[#6@@]-1(-[#8]-[#15](=[#8])(-[#8]-[#1])-[#8]-[#1])-[#1])-[#1])-[#1])-[#1])(-[#1])-[#1])(-[#1])-[#1])-[#6@@](-[#8]-[#1])(-[#6](=[#8])-[#7](-[#6](-[#6](-[#6](=[#8])-[#7](-[#6](-[#6](-[#16]-[#6:81](=[#8:80])-[#6:83])(-[#1])-[#1])(-[#1])-[#1])-[#1])(-[#1])-[#1])(-[#1])-[#1])-[#1])-[#1])(-[#1])(-[#1])-[#1].[#15:72](=[#8:73])(-[#8:74])(-[#8:75])-[#8:82]-[#1],"EVODEX.2.1-P6291,EVODEX.2.1-P6295",8267207594017564337657285134869153660402657407903178227225979877759228063480
EVODEX.2.1-C1155,[#8:29]-[#15:30](=[#8:31])(-[#8:32]-[#1])-[#8:33]>>[#6](=[#8])(-[#6](-[#6](-[#6@](-[#7](-[#1])-[#1])(-[#6](=[#8])-[#8]-[#1])-[#1])(-[#1])-[#1])(-[#1])-[#1])-[#8:32]-[#1].[#8:29]-[#15:30](=[#8:31])(-[#8:33])-[#8]-[#15](=[#8])(-[#8]-[#1])-[#8]-[#1],"EVODEX.2.1-P6379,EVODEX.2.1-P6399",98982768977182674660984416299238372844318858126972124618670196157571310089022
EVODEX.2.1-C1156,[#8:29]-[#15:30](=[#8:31])(-[#8:32]-[#1])-[#8:33].[#7:1](-[#6:2](=[#8:3])-[#6:4])(-[#1])-[#1]>>[#6:2](=[#8:3])(-[#6:4])-[#8:32]-[#1].[#8:29]-[#15:30](=[#8:31])(-[#8:33])-[#8]-[#15](=[#8])(-[#8]-[#1])-[#8]-[#1].[#7:1](-[#1])(-[#1])-[#1],"EVODEX.2.1-P6380,EVODEX.2.1-P6404",110829900981255785917702283533809879140255943566514760292815772313558035570329
EVODEX.2.1-C1157,[#8:29]-[#15:30](=[#8:31])(-[#8:32]-[#1])-[#8:33].[#7](-[#6:2](=[#8:3])-[#6:4])(-[#1])-[#1]>>[#6:2](=[#8:3])(-[#6:4])-[#8:32]-[#1].[#8:29]-[#15:30](=[#8:31])(-[#8:33])-[#8]-[#15](=[#8])(-[#8]-[#1])-[#8]-[#1],"EVODEX.2.1-P6381,EVODEX.2.1-P6393",20539153195036066999975614238507017219299506676669887562615984324944175151099
EVODEX.2.1-C1160,[#8:28]-[#15:29](=[#8:30])(-[#8:31])-[#8]-[#15](=[#8])(-[#8]-[#1])-[#8]-[#1].[#7:1](-[#1])(-[#1])-[#1]>>[#7:1](-[#6](-[#6](-[#6](-[#6@](-[#7](-[#1])-[#1])(-[#6](=[#8])-[#8]-[#1])-[#1])(-[#1])-[#1])(-[#1])-[#1])=[#8])(-[#1])-[#1].[#8](-[#15:29](-[#8:28])(=[#8:30])-[#8:31])-[#1],"EVODEX.2.1-P6387,EVODEX.2.1-P6410",78161219437079541703167355019568513117059829138108426027574412185116066731398
EVODEX.2.1-C1162,[#8:28]-[#15:29](=[#8:30])(-[#8:31])-[#8:32]-[#15:33].[#7](-[#6@@](-[#6](-[#6](-[#6](=[#8])-[#8:8]-[#1])(-[#1])-[#1])(-[#1])-[#1])(-[#6](=[#8])-[#8]-[#1])-[#1])(-[#1])-[#1]>>[#8:32](-[#15:33])-[#1].[#8:8](-[#15:29](-[#8:28])(=[#8:30])-[#8:31])-[#1],"EVODEX.2.1-P6389,EVODEX.2.1-P6413",95433049499143407620245185417929712201110216407356198606039665578871443254401
EVODEX.2.1-C1166,[#8:27]-[#15:28](=[#8:29])(-[#8]-[#1])-[#8:31].[#7:1](-[#6](=[#8])-[#6](-[#6](-[#6@](-[#7](-[#1])-[#1])(-[#6](=[#8])-[#8]-[#1])-[#1])(-[#1])-[#1])(-[#1])-[#1])(-[#1])-[#1]>>[#8:27]-[#15:28](=[#8:29])(-[#8:31])-[#8]-[#15](=[#8])(-[#8]-[#1])-[#8]-[#1].[#7:1](-[#1])(-[#1])-[#1],"EVODEX.2.1-P6394,EVODEX.2.1-P6407",88916266539410450511419244175006563193847173081552871530332966531568715346017
EVODEX.2.1-C1167,[#8:15]-[#15:16](=[#8:17])(-[#8:18])-[#8]-[#15](=[#8])(-[#8]-[#1])-[#8]-[#1].[#6:34]-[#6:35](=[#8:36])-[#8:37]-[#1]>>[#8:15]-[#15:16](=[#8:17])(-[#8:18])-[#8:37]-[#1].[#7](-[#6:35](-[#6:34])=[#8:36])(-[#1])-[#1],"EVODEX.2.1-P6412,EVODEX.2.1-P6731",31863115694117751426809923675532739906399433411608946458615772135917875225546
EVODEX.2.1-C1168,[#8:30]-[#15:31](=[#8:32])(-[#8:33])-[#8]-[#15](=[#8])(-[#8]-[#1])-[#8]-[#1].[#6:5]-[#6:6](=[#8:7])-[#8:8]-[#1]>>[#7](-[#8]-[#1])(-[#6:6](-[#6:5])=[#8:7])-[#1].[#8:8](-[#15:31](-[#8:30])(=[#8:32])-[#8:33])-[#1],"EVODEX.2.1-P6420,EVODEX.2.1-P6692",18066920823082946802808971931064929915188369157972573380715006194316001258210
EVODEX.2.1-C1169,[#6:18]-[#6:19](=[#8:20])-[#8:21]-[#1].[#8:50]-[#15:51](=[#8:52])(-[#8:53])-[#8:54]-[#15:55]>>[#6:18]-[#6:19](=[#8:20])-[#7](-[#6](-[#6](-[#6](-[#7](-[#6](-[#6](-[#6](-[#6](-[#7](-[#1])-[#1])(-[#1])-[#1])(-[#1])-[#1])(-[#1])-[#1])(-[#1])-[#1])-[#1])(-[#1])-[#1])(-[#1])-[#1])(-[#1])-[#1])-[#1].[#8:21](-[#15:51](-[#8:50])(=[#8:52])-[#8:53])-[#1].[#8:54](-[#15:55])-[#1],"EVODEX.2.1-P6422,EVODEX.2.1-P6425",51831462354488016965183766810095688756328360822112160679638738549553599054017
EVODEX.2.1-C1178,[#8:36]-[#15:37](=[#8:38])(-[#8:39])-[#8]-[#15](=[#8])(-[#8]-[#1])-[#8]-[#1].[#6:3]-[#6:4](=[#8:5])-[#8:6]-[#1]>>[#6:3]-[#6:4](=[#8:5])-[#7](-[#6@@](-[#6](-[#6]1:[#6](:[#7]:[#6](:[#7]:1-[#1])-[#1])-[#1])(-[#1])-[#1])(-[#6](=[#8])-[#8]-[#1])-[#1])-[#1].[#8:6](-[#15:37](-[#8:36])(=[#8:38])-[#8:39])-[#1],"EVODEX.2.1-P6447,EVODEX.2.1-P6903",23486063386271302469571835501706003653919628001927065805248715024122926050549
EVODEX.2.1-C1188,[#8:31]-[#15:32](=[#8:33])(-[#8:34])-[#8]-[#15](=[#8])(-[#8]-[#1])-[#8]-[#1].[#6:3]-[#6:4](=[#8:5])-[#8:6]-[#1].[#6:11]-[#6@:12](-[#7:13](-[#1])-[#1])(-[#6:14])-[#1:76]>>[#6:3]-[#6:4](=[#8:5])-[#7:13](-[#6@:12](-[#6:11])(-[#6:14])-[#1:76])-[#1].[#8:6](-[#15:32](-[#8:31])(=[#8:33])-[#8:34])-[#1],"EVODEX.2.1-P6466,EVODEX.2.1-P7069",9502538587347112897007278279542487018144271323280766464138481334336961162242
EVODEX.2.1-C1195,[#8:52]-[#15:53](=[#8:54])(-[#8:55])-[#8]-[#15](=[#8])(-[#8]-[#1])-[#8]-[#1].[#7](=[#6]1:[#7](:[#6]2:[#6](:[#6](=[#8]):[#7]:1-[#1])-[#7]=[#6](-[#6](-[#7](-[#6]1:[#6](:[#6](:[#6](-[#6](=[#8])-[#8:19]-[#1]):[#6](:[#6]:1-[#1])-[#1])-[#1])-[#1])-[#1])(-[#1])-[#1])-[#6](-[#7]-2-[#1])(-[#1])-[#1])-[#1])-[#1]>>[#8:19](-[#15:53](-[#8:52])(=[#8:54])-[#8:55])-[#1],"EVODEX.2.1-P6488,EVODEX.2.1-P6501",111753167060189234081399650717524186991181078802622191413786186442970578942733
EVODEX.2.1-C1196,[#7:24](-[#6@@:25])(-[#1])-[#1].[#8:54]-[#15:55](=[#8:56])(-[#8:57])-[#8:58]-[#15:59]>>[#7](=[#6]1:[#7](:[#6]2:[#6](:[#6](=[#8]):[#7]:1-[#1])-[#7]=[#6](-[#6](-[#7](-[#6]1:[#6](:[#6](:[#6](-[#6](=[#8])-[#7:24](-[#6@@:25])-[#1]):[#6](:[#6]:1-[#1])-[#1])-[#1])-[#1])-[#1])(-[#1])-[#1])-[#6](-[#7]-2-[#1])(-[#1])-[#1])-[#1])-[#1].[#8](-[#15:55](-[#8:54])(=[#8:56])-[#8:57])-[#1].[#8:58](-[#15:59])-[#1],"EVODEX.2.1-P6491,EVODEX.2.1-P6503",70384591698183952884047603521036637947373487527612602036675688537290006230544
EVODEX.2.1-C1220,[#8:60]-[#15:61](=[#8:62])(-[#8:63]-[#1])-[#8:64].[#6:19]-[#6:20](=[#8:21])-[#7:22](-[#6@@:23])-[#1].[#15:70]-[#8:71]-[#1]>>[#7:22](-[#6@@:23])(-[#1])-[#1].[#8:60]-[#15:61](=[#8:62])(-[#8:64])-[#8:71]-[#15:70].[#6:19]-[#6:20](=[#8:21])-[#8:63]-[#1],"EVODEX.2.1-P6546,EVODEX.2.1-P6552",113998556591847642651103609159771782315176440214789503368876732283926059925476
EVODEX.2.1-C1228,[#7:33](-[#6@@:34])(-[#1])-[#1].[#8:61]-[#15:62](=[#8:63])(-[#8:64])-[#8:65]-[#15:66]>>[#7](=[#6]1:[#7](:[#6]2:[#6](:[#6](=[#8]):[#7]:1-[#1])-[#7](-[#6@@](-[#6](-[#7](-[#6]1:[#6](:[#6](:[#6](-[#6](=[#8])-[#7](-[#6@@](-[#6](-[#6](-[#6](=[#8])-[#7:33](-[#6@@:34])-[#1])(-[#1])-[#1])(-[#1])-[#1])(-[#6](=[#8])-[#8]-[#1])-[#1])-[#1]):[#6](:[#6]:1-[#1])-[#1])-[#1])-[#1])-[#1])(-[#1])-[#1])(-[#6](-[#7]-2-[#1])(-[#1])-[#1])-[#1])-[#1])-[#1])-[#1].[#8](-[#15:62](-[#8:61])(=[#8:63])-[#8:64])-[#1].[#8:65](-[#15:66])-[#1],"EVODEX.2.1-P6577,EVODEX.2.1-P6588",31329189855571347015841099435554974441259661537701697317961313457229473711954
EVODEX.2.1-C1229,[#7](=[#6]1:[#7](:[#6]2:[#6](:[#6](=[#8]):[#7]:1-[#1])-[#7](-[#6@@](-[#6](-[#7](-[#6]1:[#6](:[#6](:[#6](-[#6](=[#8])-[#7](-[#6@@](-[#6](-[#6](-[#6](=[#8])-[#8:25]-[#1])(-[#1])-[#1])(-[#1])-[#1])(-[#6](=[#8])-[#8]-[#1])-[#1])-[#1]):[#6](:[#6]:1-[#1])-[#1])-[#1])-[#1])-[#1])(-[#1])-[#1])(-[#6](-[#7]-2-[#1])(-[#1])-[#1])-[#1])-[#1])-[#1])-[#1].[#8:61]-[#15:62](=[#8:63])(-[#8:64])-[#8]-[#15](=[#8])(-[#8]-[#1])-[#8]-[#1]>>[#8:25](-[#15:62](-[#8:61])(=[#8:63])-[#8:64])-[#1],"EVODEX.2.1-P6580,EVODEX.2.1-P6593",86020173325566125707145019430534515538636436228366212702974765088608028406215
EVODEX.2.1-C1249,[#6:13]-[#6:14](=[#8:15])-[#8:16]-[#1].[#8:38]-[#15:39](=[#8:40])(-[#8:41])-[#8]-[#15](=[#8])(-[#8]-[#1])-[#8]-[#1]>>[#6](-[#6](-[#6@](-[#6](-[#1])(-[#1])-[#1])(-[#6@](-[#7](-[#6:14](-[#6:13])=[#8:15])-[#1])(-[#6](=[#8])-[#8]-[#1])-[#1])-[#1])(-[#1])-[#1])(-[#1])(-[#1])-[#1].[#8:16](-[#15:39](-[#8:38])(=[#8:40])-[#8:41])-[#1],"EVODEX.2.1-P6626,EVODEX.2.1-P6811",111142497188890449953403885322042657037895100478250467073346402787551767446091
EVODEX.2.1-C1255,[#8:36]-[#15:37](=[#8:38])(-[#8:39])-[#8]-[#15](=[#8])(-[#8]-[#1])-[#8]-[#1].[#6:3]-[#6:4](=[#8:5])-[#8:6]-[#1]>>[#6:3]-[#6:4](=[#8:5])-[#7](-[#6@@](-[#6](-[#16]-[#1])(-[#1])-[#1])(-[#6](=[#8])-[#8]-[#1])-[#1])-[#1].[#8:6](-[#15:37](-[#8:36])(=[#8:38])-[#8:39])-[#1],"EVODEX.2.1-P6652,EVODEX.2.1-P6956",83963127718555556816166164109083307752045827877371081036060438957449571332273
EVODEX.2.1-C1263,[#7:1](-[#6:2])(-[#1])-[#1].[#7](-[#6]1:[#7]:[#6](:[#7]:[#6]2:[#6]:1:[#7]:[#6](:[#7]:2-[#6@@]1(-[#8]-[#6@](-[#6](-[#8]-[#15](=[#8])(-[#8]-[#1])-[#8]-[#15](=[#8])(-[#8]-[#1])-[#8]-[#15:47](=[#8:48])(-[#8:49])-[#8:50])(-[#1])-[#1])(-[#6@@](-[#8]-[#1])(-[#6@]-1(-[#8]-[#1])-[#1])-[#1])-[#1])-[#1])-[#1])-[#1])(-[#1])-[#1]>>[#7:1](-[#6:2])(-[#6](-[#6@@](-[#7](-[#6](-[#6](-[#6](-[#6@](-[#7](-[#1])-[#1])(-[#6](=[#8])-[#8]-[#1])-[#1])(-[#1])-[#1])(-[#1])-[#1])=[#8])-[#1])(-[#6](-[#16]-[#1])(-[#1])-[#1])-[#1])=[#8])-[#1].[#8](-[#15:47](=[#8:48])(-[#8:49])-[#8:50])-[#1],"EVODEX.2.1-P6670,EVODEX.2.1-P6685",27682240744063129836955549229704051519105384460768943913539833014599549286145
EVODEX.2.1-C1272,[#8:35]-[#15:36](=[#8:37])(-[#8:38])-[#8]-[#15](=[#8])(-[#8]-[#1])-[#8]-[#1].[#6:16](-[#6@@:13])(=[#8:17])-[#8:18]-[#1]>>[#7](-[#6](-[#6](=[#8])-[#8]-[#1])(-[#1])-[#1])(-[#6:16](-[#6@@:13])=[#8:17])-[#1].[#8:18](-[#15:36](-[#8:35])(=[#8:37])-[#8:38])-[#1],"EVODEX.2.1-P6696,EVODEX.2.1-P7021",91571987661090930410481688357253899451511163327195084368331532455047673384502
EVODEX.2.1-C1273,[#8:35]-[#15:36](=[#8:37])(-[#8:38])-[#8]-[#15](=[#8])(-[#8]-[#1])-[#8]-[#1].[#7](-[#6@@](-[#6](-[#6](-[#6](=[#8])-[#7](-[#6@@](-[#6](-[#16]-[#1])(-[#1])-[#1])(-[#6](=[#8])-[#8:18]-[#1])-[#1])-[#1])(-[#1])-[#1])(-[#1])-[#1])(-[#6](=[#8])-[#8]-[#1])-[#1])(-[#1])-[#1]>>[#8:18](-[#15:36](-[#8:35])(=[#8:37])-[#8:38])-[#1],"EVODEX.2.1-P6698,EVODEX.2.1-P6700",69026689768252991530637039592224958888651990635592513554402699606990441109367
EVODEX.2.1-C1281,[#6:4](-[#6@@:2])(=[#8:5])-[#8:6]-[#1].[#8:34]-[#15:35](=[#8:36])(-[#8:37])-[#8:38]-[#15:39]>>[#6:4](-[#6@@:2])(=[#8:5])-[#7](-[#6@](-[#6](-[#6](-[#7](-[#1])-[#1])=[#8])(-[#1])-[#1])(-[#6](=[#8])-[#8]-[#1])-[#1])-[#1].[#8:38](-[#15:39])-[#1].[#8:6](-[#15:35](-[#8:34])(=[#8:36])-[#8:37])-[#1],"EVODEX.2.1-P6722,EVODEX.2.1-P6858",2872935474145268122996635948825171704876059725849145911115804804418002964492
EVODEX.2.1-C1284,[#8:33]-[#15:34](=[#8:35])(-[#8:36])-[#8]-[#15](=[#8])(-[#8]-[#1])-[#8]-[#1].[#7:7](-[#6@:8])(-[#1])-[#1]>>[#6](-[#6@@](-[#7](-[#1])-[#1])(-[#6](=[#8])-[#7:7](-[#6@:8])-[#1])-[#1])(-[#1])(-[#1])-[#1].[#8](-[#15:34](-[#8:33])(=[#8:35])-[#8:36])-[#1],"EVODEX.2.1-P6728,EVODEX.2.1-P6737",78168098458035181304670262905451616067655231004194705372250229091824778125982
EVODEX.2.1-C1300,[#7:13](-[#6@@:14])(-[#1])-[#1].[#8:42]-[#15:43](=[#8:44])(-[#8:45])-[#8:46]-[#15:47]>>[#7](=[#6](-[#7](-[#1])-[#1])-[#7](-[#6](-[#6](-[#6](-[#6@](-[#7](-[#1])-[#1])(-[#6](=[#8])-[#7:13](-[#6@@:14])-[#1])-[#1])(-[#1])-[#1])(-[#1])-[#1])(-[#1])-[#1])-[#1])-[#1].[#8](-[#15:43](-[#8:42])(=[#8:44])-[#8:45])-[#1].[#8:46](-[#15:47])-[#1],"EVODEX.2.1-P6757,EVODEX.2.1-P6759",24009366700728931821425441015263517654558472270246133643651510970690867909515
EVODEX.2.1-C1304,[#6:2]-[#6:3](=[#8:4])-[#8:5]-[#1].[#8:24]-[#15:25](=[#8:26])(-[#8:27])-[#8]-[#15](=[#8])(-[#8]-[#1])-[#8]-[#1].[#6:43]-[#7:44](-[#6@@:40])-[#1]>>[#6:2]-[#6:3](=[#8:4])-[#7:44](-[#6@:40])-[#6:43].[#8:5](-[#15:25](-[#8:24])(=[#8:26])-[#8:27])-[#1],"EVODEX.2.1-P6765,EVODEX.2.1-P6910",26504988512999002151728996009929755230601496408238929463379402387312139764997
EVODEX.2.1-C1305,[#6:2]-[#6:3](=[#8:4])-[#8:5]-[#1].[#8:24]-[#15:25](=[#8:26])(-[#8:27])-[#8:28]-[#15:29]>>[#6:2]-[#6:3](=[#8:4])-[#7]1-[#6@](-[#6](=[#8])-[#8]-[#1])(-[#6](-[#6](-[#6]-1(-[#1])-[#1])(-[#1])-[#1])(-[#1])-[#1])-[#1].[#8:28](-[#15:29])-[#1].[#8:5](-[#15:25](-[#8:24])(=[#8:26])-[#8:27])-[#1],"EVODEX.2.1-P6766,EVODEX.2.1-P6843",193561730533935890953777979033388700397829347337966584755880696984573701349
EVODEX.2.1-C1308,[#8:27]-[#15:28](=[#8:29])(-[#8:30])-[#8]-[#15](=[#8])(-[#8]-[#1])-[#8]-[#1].[#8:40]=[#6:41](-[#8:42]-[#1])-[#6@@:43]>>[#6](-[#6@@](-[#8]-[#1])(-[#6@](-[#7](-[#6:41](=[#8:40])-[#6@@:43])-[#1])(-[#6](=[#8])-[#8]-[#1])-[#1])-[#1])(-[#1])(-[#1])-[#1].[#8:27]-[#15:28](=[#8:29])(-[#8:30])-[#8:42]-[#1],"EVODEX.2.1-P6772,EVODEX.2.1-P6850",8853091292621697097320037429113286381779679572602944318786924447667721960535
EVODEX.2.1-C1309,[#7:6](-[#6@:5])(-[#1])-[#1].[#8:37]-[#15:38](=[#8:39])(-[#8:40])-[#8]-[#15](=[#8])(-[#8]-[#1])-[#8]-[#1]>>[#7:6](-[#6@:5])(-[#6](-[#6@](-[#6](-[#6](-[#7](-[#1])-[#1])=[#8])(-[#1])-[#1])(-[#7](-[#1])-[#1])-[#1])=[#8])-[#1].[#8](-[#15:38](-[#8:37])(=[#8:39])-[#8:40])-[#1],"EVODEX.2.1-P6776,EVODEX.2.1-P6938",16241215118280265785778632681005769354267560028138514002653143481074542241457
EVODEX.2.1-C1316,[#7:10](-[#6@@:11])(-[#1])-[#1].[#8:35]-[#15:36](=[#8:37])(-[#8:38])-[#8]-[#15](=[#8])(-[#8]-[#1])-[#8]-[#1]>>[#6](-[#6](-[#6](-[#1])(-[#1])-[#1])(-[#6](-[#6@](-[#7](-[#1])-[#1])(-[#6](=[#8])-[#7:10](-[#6@@:11])-[#1])-[#1])(-[#1])-[#1])-[#1])(-[#1])(-[#1])-[#1].[#8](-[#15:36](-[#8:35])(=[#8:37])-[#8:38])-[#1],"EVODEX.2.1-P6818,EVODEX.2.1-P6959",80168212696415095936375745503963341019839821035671720347047984550680781890055
EVODEX.2.1-C1319,[#7:6](-[#6@:5])(-[#1])-[#1].[#8:40]-[#15:41](=[#8:42])(-[#8:43])-[#8:44]-[#15:45]>>[#7:6](-[#6@:5])(-[#6](-[#6@@](-[#7](-[#1])-[#1])(-[#6](-[#6]1:[#6](:[#6](:[#6](:[#6](:[#6]:1-[#1])-[#1])-[#1])-[#1])-[#1])(-[#1])-[#1])-[#1])=[#8])-[#1].[#8](-[#15:41](-[#8:40])(=[#8:42])-[#8:43])-[#1].[#8:44](-[#15:45])-[#1],"EVODEX.2.1-P6825,EVODEX.2.1-P6831",4718301509928983863795875492497428514223885534340435817250156069368923248054
EVODEX.2.1-C1322,[#8:25]-[#15:26](=[#8:27])(-[#8:28])-[#8:29]-[#15:30].[#8:38]=[#6:39](-[#8:40]-[#1])-[#6@@:41]>>[#6](-[#6@](-[#7](-[#6:39](=[#8:38])-[#6@@:41])-[#1])(-[#6](=[#8])-[#8]-[#1])-[#1])(-[#1])(-[#1])-[#1].[#8:25]-[#15:26](=[#8:27])(-[#8:28])-[#8:40]-[#1].[#8:29](-[#15:30])-[#1],"EVODEX.2.1-P6855,EVODEX.2.1-P6953",69561735518360369950341808544227234253834739303815294972713380711215405092405
EVODEX.2.1-C1324,[#8:28]-[#15:29](=[#8:30])(-[#8:31])-[#8:32]-[#15:33].[#7:6](-[#6@:5])(-[#1])-[#1]>>[#8:28]-[#15:29](=[#8:30])(-[#8:31])-[#8]-[#1].[#7:6](-[#6@:5])(-[#6](=[#8])-[#6@@]1(-[#6](-[#6](-[#6](-[#7]-1-[#1])(-[#1])-[#1])(-[#1])-[#1])(-[#1])-[#1])-[#1])-[#1].[#8:32](-[#15:33])-[#1],"EVODEX.2.1-P6859,EVODEX.2.1-P6877",42848480776429264630999302925113488436591417641767569025039643793807666192320
EVODEX.2.1-C1331,[#7:7](-[#6@:6])(-[#1])-[#1].[#8:44]-[#15:45](=[#8:46])(-[#8:47])-[#8]-[#15](=[#8])(-[#8]-[#1])-[#8]-[#1]>>[#7:7](-[#6@:6])(-[#6](-[#6@@](-[#7](-[#1])-[#1])(-[#6](-[#6]1:[#6](:[#7](:[#6]2:[#6](:[#6](:[#6](:[#6](:[#6]:1:2)-[#1])-[#1])-[#1])-[#1])-[#1])-[#1])(-[#1])-[#1])-[#1])=[#8])-[#1].[#8](-[#15:45](-[#8:44])(=[#8:46])-[#8:47])-[#1],"EVODEX.2.1-P6897,EVODEX.2.1-P6915",55367027434505333155153077472302702846348899337920767707407500969352824333348
EVODEX.2.1-C1342,[#7:3](-[#6@:2])(-[#1])-[#1].[#8:35]-[#15:36](=[#8:37])(-[#8:38])-[#8:39]-[#15:40]>>[#7:3](-[#6@:2])(-[#6](-[#6@](-[#6](-[#6](-[#6](-[#7](-[#1])-[#1])=[#8])(-[#1])-[#1])(-[#1])-[#1])(-[#7](-[#1])-[#1])-[#1])=[#8])-[#1].[#8](-[#15:36](-[#8:35])(=[#8:37])-[#8:38])-[#1].[#8:39](-[#15:40])-[#1],"EVODEX.2.1-P6968,EVODEX.2.1-P7035",11867652701910830734628258582390332293899923758727859929946436422806561791786
EVODEX.2.1-C1344,[#7:3](-[#6@:2])(-[#1])-[#1].[#8:36]-[#15:37](=[#8:38])(-[#8:39])-[#8:40]-[#15:41]>>[#7:3](-[#6@:2])(-[#6](-[#6@@](-[#7](-[#1])-[#1])(-[#6](-[#6]1:[#6](:[#7](:[#6](:[#7]:1)-[#1])-[#1])-[#1])(-[#1])-[#1])-[#1])=[#8])-[#1].[#8](-[#15:37](-[#8:36])(=[#8:38])-[#8:39])-[#1].[#8:40](-[#15:41])-[#1],"EVODEX.2.1-P6975,EVODEX.2.1-P6980",62250693767686190792814005976379998866778485018719586691482176970561713402663
EVODEX.2.1-C1349,[#7:6](-[#6@:5])(-[#1])-[#1].[#8:37]-[#15:38](=[#8:39])(-[#8:40])-[#8:41]-[#15:42]>>[#7:6](-[#6@:5])(-[#6](-[#6@](-[#6](-[#6](-[#16]-[#6](-[#1])(-[#1])-[#1])(-[#1])-[#1])(-[#1])-[#1])(-[#7](-[#1])-[#1])-[#1])=[#8])-[#1].[#8](-[#15:38](-[#8:37])(=[#8:39])-[#8:40])-[#1].[#8:41](-[#15:42])-[#1],"EVODEX.2.1-P7013,EVODEX.2.1-P7015",65488159008137664870721616686136296098148658339619705739631415820669646525507
EVODEX.2.1-C1352,[#6](-[#6](-[#6](-[#1])(-[#1])-[#1])(-[#6](-[#8]-[#15](=[#8])(-[#8]-[#1])-[#8]-[#1])(-[#1])-[#1])-[#6@@](-[#8]-[#1])(-[#6](=[#8])-[#7](-[#6](-[#6](-[#6](=[#8])-[#7:19](-[#6@:20])-[#1])(-[#1])-[#1])(-[#1])-[#1])-[#1])-[#1])(-[#1])(-[#1])-[#1].[#8:51]-[#15:52](=[#8:53])(-[#8]-[#1])-[#8:55].[#15:61]-[#8:62]-[#1]>>[#7:19](-[#6@:20])(-[#1])-[#1].[#8:51]-[#15:52](=[#8:53])(-[#8:55])-[#8:62]-[#15:61],"EVODEX.2.1-P7039,EVODEX.2.1-P7042",85060622456522143807062172918484045688051260136431137810726459163463836948843
EVODEX.2.1-C1354,[#7:20](-[#6@@:21])(-[#1])-[#1].[#8:40]-[#15:41](=[#8:42])(-[#8:43])-[#8]-[#15](=[#8])(-[#8]-[#1])-[#8]-[#1]>>[#6](-[#6](-[#6](-[#1])(-[#1])-[#1])(-[#6](-[#8]-[#15](=[#8])(-[#8]-[#1])-[#8]-[#1])(-[#1])-[#1])-[#6@@](-[#8]-[#1])(-[#6](=[#8])-[#7](-[#6](-[#6](-[#6](=[#8])-[#7:20](-[#6@@:21])-[#1])(-[#1])-[#1])(-[#1])-[#1])-[#1])-[#1])(-[#1])(-[#1])-[#1].[#8](-[#15:41](-[#8:40])(=[#8:42])-[#8:43])-[#1],"EVODEX.2.1-P7041,EVODEX.2.1-P7047",45777307591381373390160909885130228272433463146004619579811528141555506128974
EVODEX.2.1-C1361,[#8:32]-[#15:33](=[#8:34])(-[#8:35])-[#8]-[#15](=[#8])(-[#8]-[#1])-[#8]-[#1].[#8:45]=[#6:46]=[#8:47]>>[#6](-[#6@@]1(-[#7](-[#6:46](=[#8:47])-[#7](-[#6@@]-1(-[#6](-[#6](-[#6](-[#6](-[#6](-[#6](=[#8])-[#8]-[#1])(-[#1])-[#1])(-[#1])-[#1])(-[#1])-[#1])(-[#1])-[#1])(-[#1])-[#1])-[#1])-[#1])-[#1])-[#1])(-[#1])(-[#1])-[#1].[#8:32]-[#15:33](=[#8:34])(-[#8:35])-[#8:45]-[#1],"EVODEX.2.1-P7087,EVODEX.2.1-P7090",63000282459020551866136758875578958159616690325324383818017330571975723931039
EVODEX.2.1-C1362,[#8:27]-[#15:28](=[#8:29])(-[#8:30])-[#8]-[#15](=[#8])(-[#8]-[#1])-[#8]-[#1].[#8:43]=[#6]=[#8]>>[#8:27]-[#15:28](=[#8:29])(-[#8:30])-[#8:43]-[#1],"EVODEX.2.1-P7091,EVODEX.2.1-P7095",71569749621637367442847551502174131057871003016939054591261879442423901461528
EVODEX.2.1-C1363,[#6:1]-[#6:2](-[#7:3](-[#1])-[#1])(-[#6:4](-[#7:5](-[#1])-[#1])(-[#6:6])-[#1:50])-[#1:47].[#8:28]-[#15:29](=[#8:30])(-[#8:31])-[#8]-[#15](=[#8])(-[#8]-[#1])-[#8]-[#1]>>[#6:1]-[#6@@:2]1(-[#7:3](-[#6](=[#8])-[#7:5](-[#6@@:4]-1(-[#6:6])-[#1:50])-[#1])-[#1])-[#1:47].[#8:28]-[#15:29](=[#8:30])(-[#8:31])-[#8]-[#1],"EVODEX.2.1-P7093,EVODEX.2.1-P7101",61871173648895273509087116538341654077212649743821348551198718971950797828863
EVODEX.2.1-C7,[#6:4]-[#6:5](=[#8:6])-[#6:7](-[#6:8])=[#8:9]>>[#6:4]-[#6:5](-[#8:6]-[#1])(-[#6:7](-[#6:8])(-[#8:9]-[#1])-[#1])-[#1],EVODEX.2.1-P11,63616588915813865704614102656547571600153615247403516395865839776036081142452
EVODEX.2.1-C26,[#6:47]-[#6@@:48](-[#8:49]-[#6@@:50](-[#8:51])(-[#6@:52])-[#1])(-[#6@@:56])-[#1:91]>>([#8](-[#6@:48](-[#6:47])(-[#6@:56])-[#1:91])-[#1].[#6:50](-[#6@:52])(=[#8:49])-[#8:51]),EVODEX.2.1-P85,114986053574795277759119577095450182899553027937183746936170705077228975769572
EVODEX.2.1-C27,[#8:1]=[#8:2].[#8:6]-[#6:7](-[#8:8])(-[#6@:9](-[#8:10]-[#1])(-[#6@@:11])-[#1])-[#1:19]>>[#8:1](-[#8:2]-[#1])-[#1].[#8:6]-[#6@@:7](-[#8:8])(-[#6:9](=[#8:10])-[#6@@:11])-[#1:19],EVODEX.2.1-P105,97151793173272550728302588284775051250164618753422437064738619498374218292080
EVODEX.2.1-C158,[#8:45](-[#1])-[#1].[#6:50]-[#6@:51](-[#8:52]-[#6@:53](-[#6@:47])(-[#8:54])-[#1])(-[#6@:55])-[#1:92]>>([#8:45](-[#6@@:51](-[#6:50])(-[#6@@:55])-[#1:92])-[#1].[#6:53](-[#6@:47])(=[#8:52])-[#8:54]),EVODEX.2.1-P871,29561806612227799651797707878696409398118009074014091048375399640948180727282
EVODEX.2.1-C159,[#6:1]-[#7&+:2]1:[#6:3](:[#6:4](:[#6:5](-[#6:6]):[#6:13](:[#6:14]:1-[#1:36])-[#1:35])-[#1:27])-[#1:26].[#8:16]=[#6:17](-[#6:18])-[#1]>>[#6:1]-[#7:2]1-[#6:3](=[#6:4](-[#6:5](-[#6:6])(-[#6:13](=[#6:14]-1-[#1:36])-[#1:35])-[#1])-[#1:27])-[#1:26].[#8](-[#6:17](=[#8:16])-[#6:18])-[#1],EVODEX.2.1-P888,16128982657477870573035711553083516613899876438488570242234069081618678917074
EVODEX.2.1-C217,[#7](-[#6]1:[#7]:[#6](:[#7]:[#6]2:[#6]:1:[#7]:[#6](:[#7]:2-[#6@@]1(-[#8]-[#6@](-[#6](-[#8]-[#15](=[#8])(-[#8]-[#1])-[#8]-[#15](=[#8])(-[#8]-[#1])-[#8]-[#15:56](=[#8:57])(-[#8:58])-[#8:59])(-[#1])-[#1])(-[#6@@](-[#8]-[#1])(-[#6@]-1(-[#8]-[#1])-[#1])-[#1])-[#1])-[#1])-[#1])-[#1])(-[#1])-[#1]>>[#15:56](=[#8:57])(-[#8:58])(-[#8:59])-[#8]-[#1],EVODEX.2.1-P1271,107648189897505743713187265769656957907695689534111006035074864755636698797981
EVODEX.2.1-C226,[#8:7]-[#6:8](=[#8:9])-[#6:10](=[#8:11])-[#6:12].[#6:16]-[#6:18]1=[#6:19](-[#7:20](-[#6@@:21])-[#6:60](=[#6:61](-[#6:62]-1(-[#1:109])-[#1])-[#1:108])-[#1:107])-[#1:83]>>[#8:7]-[#6:8](-[#8:9]-[#1])=[#6:10](-[#8:11]-[#1])-[#6:12].[#6:16]-[#6:18]1:[#6:19](:[#7&+:20](-[#6@@:21]):[#6:60](:[#6:61](:[#6:62]:1-[#1:109])-[#1:108])-[#1:107])-[#1:83],EVODEX.2.1-P1317,111064398240817328096308758346062407800931391881260958499034179263282875523187
EVODEX.2.1-C245,[#6:2]=[#6:4](-[#6:5])-[#1].[#6:21](-[#16&+](-[#6](-[#6](-[#6@](-[#7](-[#1])-[#1])(-[#6](=[#8])-[#8]-[#1])-[#1])(-[#1])-[#1])(-[#1])-[#1])-[#6](-[#6@]1(-[#8]-[#6@@](-[#7]2:[#6](:[#7]:[#6]3:[#6](-[#7](-[#1])-[#1]):[#7]:[#6](:[#7]:[#6]:2:3)-[#1])-[#1])(-[#6@](-[#8]-[#1])(-[#6@@]-1(-[#8]-[#1])-[#1])-[#1])-[#1])-[#1])(-[#1])-[#1])(-[#1:70])(-[#1:71])-[#1:72]>>[#6:2]=[#6:4](-[#6:5])-[#6:21](-[#1:70])(-[#1:71])-[#1:72],EVODEX.2.1-P1387,66589701707407664066202407644222311609357522272494945823480021143996660590663
EVODEX.2.1-C363,[#6](-[#6](=[#8])-[#16:4]-[#6:5])(-[#1])(-[#1])-[#1].[#8:72]-[#15:73](=[#8:74])(-[#8]-[#1])-[#8:76]>>[#8:72]-[#15:73](=[#8:74])(-[#8:76])-[#8]-[#15](=[#8])(-[#8]-[#1])-[#8]-[#1].[#16:4](-[#6:5])-[#1],EVODEX.2.1-P1969,3112562323310948414809992602836579689843336365339048946974459178843106938804
EVODEX.2.1-C385,[#15:15]-[#8:18]-[#6@@:19](-[#8:20])(-[#6@:28])-[#1:63].[#8:44]-[#6:45](-[#8:46]-[#1])(-[#6@:47])-[#1:83]>>[#8:46](-[#6@@:19](-[#8:20])(-[#6@:28])-[#1:63])-[#6@@:45](-[#8:44])(-[#6@:47])-[#1:83].[#15:15]-[#8:18]-[#1],EVODEX.2.1-P2018,101867614928781701793584639347983180996917395440049387596827525843314156500609
EVODEX.2.1-C386,[#8:4]-[#6:5](-[#8:6]-[#1])(-[#6@:7])-[#1:83]>>[#8:4]-[#6@:5](-[#8:6]-[#6@]1(-[#8]-[#6@](-[#6](-[#8]-[#1])(-[#1])-[#1])(-[#6@](-[#8]-[#1])(-[#6@](-[#8]-[#1])(-[#6@]-1(-[#8]-[#1])-[#1])-[#1])-[#1])-[#1])-[#1])(-[#6@:7])-[#1:83],EVODEX.2.1-P2023,65280682292919874376477972484749475083071566444795857348525322686805914499984
EVODEX.2.1-C451,[#6:2]-[#16:4]-[#6:5].[#6:25](-[#6@:24])(-[#8]-[#15](=[#8])(-[#8]-[#1])-[#8:30]-[#15:31])(-[#1:65])-[#1:66]>>[#6:2]-[#16&+:4](-[#6:5])-[#6:25](-[#6@:24])(-[#1:65])-[#1:66].[#8:30](-[#15:31])-[#1],EVODEX.2.1-P2371,76822088637340033611174555556673004734232516715291247519930068220782426141742
EVODEX.2.1-C594,[#15:14]-[#8:16]-[#1].[#8:32]-[#6@:33](-[#8:34]-[#15:35](=[#8:36])(-[#8:37])-[#8:38])(-[#6@:43])-[#1:66]>>[#15:14]-[#8:16]-[#15:35](=[#8:36])(-[#8:37])-[#8:38].[#8:32]-[#6:33](-[#8:34]-[#1])(-[#6@:43])-[#1:66],EVODEX.2.1-P3151,61559354238722956760910572522740077301538649066622313969390378283300218947109
EVODEX.2.1-C595,[#15:30]-[#8:33]-[#15](=[#8])(-[#8]-[#1])-[#8]-[#15](=[#8])(-[#8]-[#1])-[#8]-[#1]>>[#15:30]-[#8:33]-[#1],EVODEX.2.1-P3153,93579253326298330253686740502895874189594271943687061789553528862690652556218
EVODEX.2.1-C667,[#6:17]-[#6:18](=[#8:19])-[#8]-[#6](-[#6](-[#6](-[#6](-[#6](-[#6](-[#6](-[#6](-[#6](-[#6](-[#6](-[#6](-[#6](-[#6](-[#6](-[#6](-[#1])(-[#1])-[#1])(-[#1])-[#1])(-[#1])-[#1])(-[#1])-[#1])(-[#1])-[#1])(-[#1])-[#1])(-[#1])-[#1])(-[#1])-[#1])(-[#1])-[#1])(-[#1])-[#1])(-[#1])-[#1])(-[#1])-[#1])(-[#1])-[#1])(-[#1])-[#1])(-[#1])-[#1])(-[#1])-[#1]>>[#6:17]-[#6:18](=[#8:19])-[#8]-[#1],EVODEX.2.1-P3516,40750228305430190254529945833013990148064354119353630745628962599491961419310
EVODEX.2.1-C673,[#6:1]-[#6:2]1=[#6:3](-[#6:4]-[#6:5](=[#8:6])-[#8:7]-1)-[#1:12].[#8:8](-[#1])-[#1]>>[#6:1]-[#6:2](-[#6:3](-[#6:4]-[#6:5](=[#8:6])-[#8:8]-[#1])(-[#1:12])-[#1])=[#8:7],EVODEX.2.1-P3537,15755874910261623516705249372877755967478759701919068587539978024189796670914
EVODEX.2.1-C674,[#6:1]-[#6:2]1=[#6:3](-[#6:4]-[#6:5](=[#8:6])-[#8:7]-1)-[#1:12]>>[#6:1]-[#6:2](-[#6:3](-[#6:4]-[#6:5](=[#8:6])-[#8]-[#1])(-[#1:12])-[#1])=[#8:7],EVODEX.2.1-P3538,14827564524780155425112926486834166525985249525630402764914467714686011706183
EVODEX.2.1-C724,[#8:20]-[#15:21](=[#8:22])(-[#8:23])-[#8]-[#6](-[#6](-[#7](-[#1])-[#1])(-[#1])-[#1])(-[#1])-[#1]>>[#8:20]-[#15:21](=[#8:22])(-[#8:23])-[#8]-[#1],EVODEX.2.1-P3821,37610045864483827934006863921944331918694277709219306365401221452410296759424
EVODEX.2.1-C730,[#8:3]-[#15@@:4](=[#8:5])(-[#8:6]-[#6]1:[#6](:[#6](:[#6](-[#7&+](=[#8])-[#8&-]):[#6](:[#6]:1-[#1])-[#1])-[#1])-[#1])-[#8:16]>>[#8:3]-[#15:4](=[#8:5])(-[#8:6]-[#1])-[#8:16],EVODEX.2.1-P3872,7210853250118277838135588529326578477367554519931336538351138714131371013363
EVODEX.2.1-C753,[#6:61](-[#6@:2])(-[#8:62]-[#6@:63](-[#8:64])(-[#6@:72])-[#1:148])(-[#1:146])-[#1:147]>>[#6:61](-[#6@:2])(-[#8]-[#1])(-[#1:146])-[#1:147].[#8:62](-[#6:63](-[#8:64])(-[#6@:72])-[#1:148])-[#1],EVODEX.2.1-P4003,50886995054236310017614881961888128180108822967170750922865084244669767368806
EVODEX.2.1-C1020,[#8:19]-[#15:20](=[#8:21])(-[#8:22])-[#8]-[#15](=[#8])(-[#8]-[#1])-[#8]-[#1].[#6:37](-[#6@:36])(=[#8:38])-[#8:39]-[#1].[#8:32](-[#1])-[#1]>>[#8:19]-[#15:20](=[#8:21])(-[#8:22])-[#8:39]-[#1].[#8:32](-[#6:37](-[#6@:36])=[#8:38])-[#1],EVODEX.2.1-P5715,64249207046659142296843437062211546332499679130047723847571206234761412277997
EVODEX.2.1-C1040,[#8:22]-[#15:23](=[#8:24])(-[#8:25])-[#8]-[#15](=[#8])(-[#8]-[#1])-[#8]-[#1].[#8:1](-[#1])-[#1]>>[#8:1](-[#15:23](-[#8:22])(=[#8:24])-[#8:25])-[#1],EVODEX.2.1-P5818,40582319891511976453419770081841797508544653743224135804679258086760980558543
EVODEX.2.1-C1042,[#8:24]-[#15:25](=[#8:26])(-[#8:27])-[#8]-[#15](=[#8])(-[#8]-[#1])-[#8]-[#6](-[#6@]1(-[#8]-[#6@](-[#7]2:[#6](:[#6](:[#6](=[#7]-[#1]):[#7](:[#6]:2=[#8])-[#1])-[#1])-[#1])(-[#6@](-[#8]-[#1])(-[#6@@]-1(-[#8]-[#1])-[#1])-[#1])-[#1])-[#1])(-[#1])-[#1]>>[#8:24]-[#15:25](=[#8:26])(-[#8:27])-[#8]-[#1],EVODEX.2.1-P5826,101617543412060417308633933738302727172626206779520765342735601326884506382316
EVODEX.2.1-C1043,[#8]=[#6]1:[#6](:[#6](:[#7](-[#6@@]2(-[#8]-[#6@](-[#6](-[#8]-[#15](=[#8])(-[#8]-[#1])-[#8]-[#15:16](=[#8:17])(-[#8:18])-[#8:19])(-[#1])-[#1])(-[#6@](-[#8]-[#1])(-[#6]-2(-[#8]-[#1])-[#1])-[#1])-[#1])-[#1]):[#6](=[#8]):[#7]:1-[#1])-[#1])-[#1]>>[#8](-[#15:16](=[#8:17])(-[#8:18])-[#8:19])-[#1],EVODEX.2.1-P5828,78700995419083750360974390042341157944233979403824164483058007399596641058621
EVODEX.2.1-C1049,[#8:15]-[#15:16](=[#8:17])(-[#8:18])-[#8:19]-[#15:20](=[#8:21])(-[#8:22])-[#8:23]-[#15:24].[#8:32](-[#1])-[#1].[#8:33](-[#1])-[#1]>>[#8:15]-[#15:16](=[#8:17])(-[#8:18])-[#8:32]-[#1].[#8:19](-[#15:20](=[#8:21])(-[#8:22])-[#8:33]-[#1])-[#1].[#8:23](-[#15:24])-[#1],EVODEX.2.1-P5846,46303599725460962031591601430362416909267679670535322422627942238296278270522
EVODEX.2.1-C1050,[#8:15]-[#15:16](=[#8:17])(-[#8:18])-[#8]-[#15](=[#8])(-[#8]-[#1])-[#8]-[#1]>>[#8](-[#15:16](-[#8:15])(=[#8:17])-[#8:18])-[#1],EVODEX.2.1-P5848,11496996036900875591345533913428203161149049682177673681512815137721521682140
EVODEX.2.1-C1089,[#6:2]-[#6:3](=[#6:4](-[#1:15])-[#1:16])-[#6:5].[#8:11](-[#1])-[#1]>>[#6:2]-[#6:3](-[#6:4](-[#1:15])(-[#1:16])-[#1])(-[#6:5])-[#8:11]-[#1],EVODEX.2.1-P6076,15740123950272387688748406824844561304434876297543333978583780437052463051537
EVODEX.2.1-C1120,[#6:1]-[#6:2](=[#8:3])-[#8:4]-[#1].[#8:67]-[#15:68](=[#8:69])(-[#8:70])-[#8]-[#15](=[#8])(-[#8]-[#1])-[#8]-[#1]>>[#6:1]-[#6:2](=[#8:3])-[#16]-[#6](-[#6](-[#7](-[#6](-[#6](-[#6](-[#7](-[#6](-[#6@@](-[#6](-[#6](-[#1])(-[#1])-[#1])(-[#6](-[#1])(-[#1])-[#1])-[#6](-[#8]-[#15](=[#8])(-[#8]-[#1])-[#8]-[#15](=[#8])(-[#8]-[#1])-[#8]-[#6](-[#6@]1(-[#8]-[#6@@](-[#7]2:[#6](:[#7]:[#6]3:[#6](-[#7](-[#1])-[#1]):[#7]:[#6](:[#7]:[#6]:2:3)-[#1])-[#1])(-[#6@](-[#8]-[#1])(-[#6@@]-1(-[#8]-[#15](=[#8])(-[#8]-[#1])-[#8]-[#1])-[#1])-[#1])-[#1])-[#1])(-[#1])-[#1])(-[#1])-[#1])(-[#8]-[#1])-[#1])=[#8])-[#1])(-[#1])-[#1])(-[#1])-[#1])=[#8])-[#1])(-[#1])-[#1])(-[#1])-[#1].[#8:4](-[#15:68](-[#8:67])(=[#8:69])-[#8:70])-[#1],EVODEX.2.1-P6210,16750416067727476087653363601721841410266465298066356092326396119681035403514
EVODEX.2.1-C1121,[#6:51]-[#16:52]-[#1].[#8:67]-[#15:68](=[#8:69])(-[#8:70])-[#8]-[#15](=[#8])(-[#8]-[#1])-[#8]-[#1]>>[#6](-[#6](=[#8])-[#16:52]-[#6:51])(-[#1])(-[#1])-[#1].[#8](-[#15:68](-[#8:67])(=[#8:69])-[#8:70])-[#1],EVODEX.2.1-P6212,56932541422796746488869139191838265664102663585722578871053552627354716161997
EVODEX.2.1-C1123,[#6:1]-[#6:2](=[#8:3])-[#8]-[#1].[#6:51]-[#16:52]-[#1].[#15:72]-[#8:75]-[#15](=[#8])(-[#8]-[#1])-[#8]-[#1]>>[#6:1]-[#6:2](=[#8:3])-[#16:52]-[#6:51].[#15:72]-[#8:75]-[#1],EVODEX.2.1-P6222,29564762689391370389319348541772381497140091999833994429023309472689561548012
EVODEX.2.1-C1143,[#6](-[#6](=[#8])-[#8:4]-[#1])(-[#1])(-[#1])-[#1].[#8:71]-[#15:72](=[#8:73])(-[#8:74])-[#8]-[#15](=[#8])(-[#8]-[#1])-[#8]-[#1]>>[#8:4](-[#15:72](-[#8:71])(=[#8:73])-[#8:74])-[#1],EVODEX.2.1-P6284,59567395697248068992913193209091347789903693098561920644307746109089603315537
EVODEX.2.1-C1145,[#6](-[#6](-[#6](-[#1])(-[#1])-[#1])(-[#6](-[#8]-[#15](=[#8])(-[#8]-[#1])-[#8]-[#15](=[#8])(-[#8]-[#1])-[#8]-[#6](-[#6@]1(-[#8]-[#6@@](-[#7]2:[#6](:[#7]:[#6]3:[#6](-[#7](-[#1])-[#1]):[#7]:[#6](:[#7]:[#6]:2:3)-[#1])-[#1])(-[#6@](-[#8]-[#1])(-[#6@@]-1(-[#8]-[#15](=[#8])(-[#8]-[#1])-[#8]-[#1])-[#1])-[#1])-[#1])-[#1])(-[#1])-[#1])(-[#1])-[#1])-[#6@@](-[#8]-[#1])(-[#6](=[#8])-[#7](-[#6](-[#6](-[#6](=[#8])-[#7](-[#6](-[#6](-[#16]-[#6:49](=[#8:50])-[#6:51])(-[#1])-[#1])(-[#1])-[#1])-[#1])(-[#1])-[#1])(-[#1])-[#1])-[#1])-[#1])(-[#1])(-[#1])-[#1].[#8:88]=[#15:89](-[#8:90]-[#1])(-[#8:91])-[#8:92]>>[#6:49](=[#8:50])(-[#6:51])-[#8:90]-[#1].[#7](-[#6]1:[#7]:[#6](:[#7]:[#6]2:[#6]:1:[#7]:[#6](:[#7]:2-[#6@@]1(-[#8]-[#6@](-[#6](-[#8]-[#15](=[#8])(-[#8]-[#1])-[#8]-[#15](=[#8])(-[#8]-[#15:89](=[#8:88])(-[#8:91])-[#8:92])-[#8]-[#1])(-[#1])-[#1])(-[#6@@](-[#8]-[#1])(-[#6@]-1(-[#8]-[#1])-[#1])-[#1])-[#1])-[#1])-[#1])-[#1])(-[#1])-[#1],EVODEX.2.1-P6289,30984991253189871171950267269042772780600462756365237442433246297309181354400
EVODEX.2.1-C1149,[#6:66]-[#6:67](=[#8:68])-[#8:69]-[#1].[#7](-[#6]1:[#7]:[#6](:[#7]:[#6]2:[#6]:1:[#7]:[#6](:[#7]:2-[#6@@]1(-[#8]-[#6@](-[#6](-[#8]-[#15](=[#8])(-[#8]-[#1])-[#8]-[#15:89](=[#8:90])(-[#8:91])-[#8:92])(-[#1])-[#1])(-[#6@@](-[#8]-[#1])(-[#6@]-1(-[#8]-[#1])-[#1])-[#1])-[#1])-[#1])-[#1])-[#1])(-[#1])-[#1]>>[#6](-[#6](-[#6](-[#1])(-[#1])-[#1])(-[#6](-[#8]-[#15](=[#8])(-[#8]-[#1])-[#8]-[#15](=[#8])(-[#8]-[#1])-[#8]-[#6](-[#6@]1(-[#8]-[#6@@](-[#7]2:[#6](:[#7]:[#6]3:[#6](-[#7](-[#1])-[#1]):[#7]:[#6](:[#7]:[#6]:2:3)-[#1])-[#1])(-[#6@](-[#8]-[#1])(-[#6@@]-1(-[#8]-[#15](=[#8])(-[#8]-[#1])-[#8]-[#1])-[#1])-[#1])-[#1])-[#1])(-[#1])-[#1])(-[#1])-[#1])-[#6@@](-[#8]-[#1])(-[#6](=[#8])-[#7](-[#6](-[#6](-[#6](=[#8])-[#7](-[#6](-[#6](-[#16]-[#6:67](-[#6:66])=[#8:68])(-[#1])-[#1])(-[#1])-[#1])-[#1])(-[#1])-[#1])(-[#1])-[#1])-[#1])-[#1])(-[#1])(-[#1])-[#1].[#8:69](-[#15:89](=[#8:90])(-[#8:91])-[#8:92])-[#1],EVODEX.2.1-P6305,100433626375886911302414454248193545772486136453287538652952067869880739551890
EVODEX.2.1-C1158,[#8:31]-[#15:32](=[#8:33])(-[#8:34])-[#8]-[#15](=[#8])(-[#8]-[#1])-[#8]-[#1].[#7:1](-[#8:2])(-[#1])-[#1].[#6:6]-[#6:7](=[#8:8])-[#8:9]-[#1]>>[#7:1](-[#8:2])(-[#6:7](-[#6:6])=[#8:8])-[#1].[#8:9](-[#15:32](-[#8:31])(=[#8:33])-[#8:34])-[#1],EVODEX.2.1-P6383,15917004224593955116406604694955986891474635741401308220517625690491531114792
EVODEX.2.1-C1181,[#6:2]-[#6:5](=[#8:6])-[#8]-[#1].[#7](-[#6]1:[#7]:[#6](:[#7]:[#6]2:[#6]:1:[#7]:[#6](:[#7]:2-[#6@@]1(-[#8]-[#6@](-[#6](-[#8]-[#15](=[#8])(-[#8]-[#1])-[#8:55]-[#15:56](=[#8:57])(-[#8:58])-[#8:59]-[#15:60])(-[#1])-[#1])(-[#6@@](-[#8]-[#1])(-[#6@]-1(-[#8]-[#1])-[#1])-[#1])-[#1])-[#1])-[#1])-[#1])(-[#1])-[#1]>>[#6:2]-[#6:5](=[#8:6])-[#7](-[#6@@](-[#6](-[#6]1:[#6](:[#7]:[#6](:[#7]:1-[#1])-[#1])-[#1])(-[#1])-[#1])(-[#6](=[#8])-[#8]-[#1])-[#1])-[#1].[#8](-[#15:56](-[#8:55]-[#1])(=[#8:57])-[#8:58])-[#1].[#8:59](-[#15:60])-[#1],EVODEX.2.1-P6450,25117592842387532170582165530408149481826021279137031610449666096975616349574
EVODEX.2.1-C1189,[#8:31]-[#15:32](=[#8:33])(-[#8:34])-[#8]-[#15](=[#8])(-[#8]-[#1])-[#8]-[#1].[#6:3]-[#6:4](=[#8:5])-[#8:6]-[#1]>>[#6:3]-[#6:4](=[#8:5])-[#7](-[#6@](-[#6](-[#6](-[#6](-[#6](-[#7](-[#1])-[#1])(-[#1])-[#1])(-[#1])-[#1])(-[#1])-[#1])(-[#1])-[#1])(-[#6](=[#8])-[#8]-[#1])-[#1])-[#1].[#8:6](-[#15:32](-[#8:31])(=[#8:33])-[#8:34])-[#1],EVODEX.2.1-P6467,93814023018285654438303060026425582023861452339768269105829652589780696166851
EVODEX.2.1-C1199,[#6:52]-[#6:53](=[#8:54])-[#8:55]-[#1].[#8:90]-[#15:91](=[#8:92])(-[#8:93])-[#8]-[#15](=[#8])(-[#8]-[#1])-[#8]-[#1]>>[#6:52]-[#6:53](=[#8:54])-[#7](-[#6@@](-[#6](-[#6](-[#6](-[#6@@](-[#7](-[#1])-[#1])(-[#6](=[#8])-[#8]-[#1])-[#1])(-[#1])-[#1])(-[#1])-[#1])(-[#1])-[#1])(-[#6](=[#8])-[#8]-[#1])-[#1])-[#1].[#8:55](-[#15:91](-[#8:90])(=[#8:92])-[#8:93])-[#1],EVODEX.2.1-P6505,54904369321019299845554375889609813280746145110941138802223500273105304243804
EVODEX.2.1-C1202,[#7:65](-[#6@:64])(-[#1])-[#1].[#15:88]-[#8:91]-[#15](=[#8])(-[#8]-[#1])-[#8]-[#1]>>[#6](-[#6](=[#8])-[#7](-[#6@]1(-[#6](-[#8]-[#15](=[#8])(-[#8]-[#1])-[#8]-[#15](=[#8])(-[#8]-[#1])-[#8]-[#6](-[#6@]2(-[#8]-[#6@@](-[#7]3:[#6](:[#6](:[#6](=[#8]):[#7](:[#6]:3=[#8])-[#1])-[#1])-[#1])(-[#6@](-[#8]-[#1])(-[#6@@]-2(-[#8]-[#1])-[#1])-[#1])-[#1])-[#1])(-[#1])-[#1])(-[#8]-[#6@](-[#6](-[#8]-[#1])(-[#1])-[#1])(-[#6@@](-[#8]-[#1])(-[#6@@]-1(-[#8]-[#6@](-[#6](-[#1])(-[#1])-[#1])(-[#6](=[#8])-[#7](-[#6@@](-[#6](-[#1])(-[#1])-[#1])(-[#6](=[#8])-[#7](-[#6@](-[#6](-[#6](-[#6](=[#8])-[#7:65](-[#6@@:64])-[#1])(-[#1])-[#1])(-[#1])-[#1])(-[#6](=[#8])-[#8]-[#1])-[#1])-[#1])-[#1])-[#1])-[#1])-[#1])-[#1])-[#1])-[#1])-[#1])-[#1])(-[#1])(-[#1])-[#1].[#15:88]-[#8:91]-[#1],EVODEX.2.1-P6509,92690226632928106468472039020888770037048594162654516794529591495181471677936
EVODEX.2.1-C1210,[#7:64](-[#6@:63])(-[#1])-[#1].[#8:86]-[#15:87](=[#8:88])(-[#8:89])-[#8]-[#15](=[#8])(-[#8]-[#1])-[#8]-[#1]>>[#6](-[#6](=[#8])-[#7](-[#6@]1(-[#6](-[#8]-[#15](=[#8])(-[#8]-[#1])-[#8]-[#15](=[#8])(-[#8]-[#1])-[#8]-[#6](-[#6@]2(-[#8]-[#6@@](-[#7]3:[#6](:[#6](:[#6](=[#8]):[#7](:[#6]:3=[#8])-[#1])-[#1])-[#1])(-[#6@](-[#8]-[#1])(-[#6@@]-2(-[#8]-[#1])-[#1])-[#1])-[#1])-[#1])(-[#1])-[#1])(-[#8]-[#6@](-[#6](-[#8]-[#1])(-[#1])-[#1])(-[#6@@](-[#8]-[#1])(-[#6@@]-1(-[#8]-[#6@](-[#6](-[#1])(-[#1])-[#1])(-[#6](=[#8])-[#7](-[#6@@](-[#6](-[#1])(-[#1])-[#1])(-[#6](=[#8])-[#7](-[#6@](-[#6](-[#6](-[#6](=[#8])-[#7:64](-[#6@@:63])-[#1])(-[#1])-[#1])(-[#1])-[#1])(-[#6](=[#8])-[#8]-[#1])-[#1])-[#1])-[#1])-[#1])-[#1])-[#1])-[#1])-[#1])-[#1])-[#1])-[#1])(-[#1])(-[#1])-[#1].[#8](-[#15:87](-[#8:86])(=[#8:88])-[#8:89])-[#1],EVODEX.2.1-P6530,19281577169713229781773997377503213772982336756281937582966780825890965604547
EVODEX.2.1-C1225,[#6:37]-[#6:38](=[#8:39])-[#7:40](-[#6@@:41])-[#1].[#8:88]=[#15:89](-[#8:90]-[#1])(-[#8:91])-[#8:92]>>[#6:37]-[#6:38](=[#8:39])-[#8:90]-[#1].[#7:40](-[#6@@:41])(-[#1])-[#1].[#7](-[#6]1:[#7]:[#6](:[#7]:[#6]2:[#6]:1:[#7]:[#6](:[#7]:2-[#6@@]1(-[#8]-[#6@](-[#6](-[#8]-[#15](=[#8])(-[#8]-[#1])-[#8]-[#15](=[#8])(-[#8]-[#15:89](=[#8:88])(-[#8:91])-[#8:92])-[#8]-[#1])(-[#1])-[#1])(-[#6@@](-[#8]-[#1])(-[#6@]-1(-[#8]-[#1])-[#1])-[#1])-[#1])-[#1])-[#1])-[#1])(-[#1])-[#1],EVODEX.2.1-P6566,70759398705269304627805905333378047007032804333783796387880782774922006910238
EVODEX.2.1-C1226,[#6:43]-[#6:44](=[#8:45])-[#8:46]-[#1].[#7](-[#6]1:[#7]:[#6](:[#7]:[#6]2:[#6]:1:[#7]:[#6](:[#7]:2-[#6@@]1(-[#8]-[#6@](-[#6](-[#8]-[#15](=[#8])(-[#8]-[#1])-[#8]-[#15](=[#8])(-[#8]-[#1])-[#8]-[#15:94](=[#8:95])(-[#8:96])-[#8:97])(-[#1])-[#1])(-[#6@@](-[#8]-[#1])(-[#6@]-1(-[#8]-[#1])-[#1])-[#1])-[#1])-[#1])-[#1])-[#1])(-[#1])-[#1]>>[#6:43]-[#6:44](=[#8:45])-[#7](-[#6@@](-[#6](-[#6](-[#6](=[#8])-[#8]-[#1])(-[#1])-[#1])(-[#1])-[#1])(-[#6](=[#8])-[#8]-[#1])-[#1])-[#1].[#8:46](-[#15:94](=[#8:95])(-[#8:96])-[#8:97])-[#1],EVODEX.2.1-P6568,20919707946025175112032209652705443898928840496256317709654140149915880706096
EVODEX.2.1-C1230,[#6:13]-[#6:14](=[#8:15])-[#7](-[#6@@](-[#6](-[#6](-[#6](=[#8])-[#8]-[#1])(-[#1])-[#1])(-[#1])-[#1])(-[#6](=[#8])-[#8]-[#1])-[#1])-[#1].[#8:61]-[#15:62](=[#8:63])(-[#8:64]-[#1])-[#8:65].[#15:71]-[#8:72]-[#1]>>[#6:13]-[#6:14](=[#8:15])-[#8:64]-[#1].[#8:61]-[#15:62](=[#8:63])(-[#8:65])-[#8:72]-[#15:71],EVODEX.2.1-P6585,26001838562745867404935520694869902329470359347776771404357692909507410589132
EVODEX.2.1-C1231,[#8:62]-[#15:63](=[#8:64])(-[#8]-[#1])-[#8:66].[#7](=[#6]1:[#7](:[#6]2:[#6](:[#6](=[#8]):[#7]:1-[#1])-[#7](-[#6@@](-[#6](-[#7](-[#6]1:[#6](:[#6](:[#6](-[#6](=[#8])-[#7](-[#6@@](-[#6](-[#6](-[#6](=[#8])-[#7:25](-[#6@@:26])-[#1])(-[#1])-[#1])(-[#1])-[#1])(-[#6](=[#8])-[#8]-[#1])-[#1])-[#1]):[#6](:[#6]:1-[#1])-[#1])-[#1])-[#1])-[#1])(-[#1])-[#1])(-[#6](-[#7]-2-[#1])(-[#1])-[#1])-[#1])-[#1])-[#1])-[#1].[#15:69]-[#8:70]-[#1]>>[#7:25](-[#6@@:26])(-[#1])-[#1].[#8:62]-[#15:63](=[#8:64])(-[#8:66])-[#8:70]-[#15:69],EVODEX.2.1-P6589,102035420216426278481391528141347705794404755387003623617236117159458482390667
EVODEX.2.1-C1232,[#8:62]-[#15:63](=[#8:64])(-[#8:65]-[#1])-[#8:66]>>[#8:62]-[#15:63](=[#8:64])(-[#8:66])-[#8]-[#15](=[#8])(-[#8]-[#1])-[#8]-[#1].[#7](=[#6]1:[#7](:[#6]2:[#6](:[#6](=[#8]):[#7]:1-[#1])-[#7](-[#6@@](-[#6](-[#7](-[#6]1:[#6](:[#6](:[#6](-[#6](=[#8])-[#7](-[#6@@](-[#6](-[#6](-[#6](=[#8])-[#8:65]-[#1])(-[#1])-[#1])(-[#1])-[#1])(-[#6](=[#8])-[#8]-[#1])-[#1])-[#1]):[#6](:[#6]:1-[#1])-[#1])-[#1])-[#1])-[#1])(-[#1])-[#1])(-[#6](-[#7]-2-[#1])(-[#1])-[#1])-[#1])-[#1])-[#1])-[#1],EVODEX.2.1-P6590,88575709112435873912043665366849922598262827730822230755467321653039703975908
EVODEX.2.1-C1251,[#6:5](-[#6@:3])(=[#8:6])-[#8:7]-[#1].[#6:16]-[#8:18]-[#1].[#8:37]-[#15:38](=[#8:39])(-[#8:40])-[#8]-[#15](=[#8])(-[#8]-[#1])-[#8]-[#1]>>[#6:5](-[#6@:3])(=[#8:6])-[#8:18]-[#6:16].[#8:7](-[#15:38](-[#8:37])(=[#8:39])-[#8:40])-[#1],EVODEX.2.1-P6630,3842147619818970045154785270883695476700310369798871166977426841198928013456
EVODEX.2.1-C1253,[#6:5]-[#8:7]-[#1].[#7](-[#6]1:[#7]:[#6](:[#7]:[#6]2:[#6]:1:[#7]:[#6](:[#7]:2-[#6@@]1(-[#8]-[#6@](-[#6](-[#8]-[#15](=[#8])(-[#8]-[#1])-[#8]-[#15](=[#8])(-[#8]-[#1])-[#8]-[#15:41](=[#8:42])(-[#8:43])-[#8:44])(-[#1])-[#1])(-[#6@@](-[#8]-[#1])(-[#6@]-1(-[#8]-[#1])-[#1])-[#1])-[#1])-[#1])-[#1])-[#1])(-[#1])-[#1].[#6:10]-[#6:11](=[#8:12])-[#8:13]-[#1]>>[#6:5]-[#8:7]-[#6:11](-[#6:10])=[#8:12].[#8:13](-[#15:41](=[#8:42])(-[#8:43])-[#8:44])-[#1],EVODEX.2.1-P6642,33161737991016589881106610186494443453582860814745766063646080193033132343433
EVODEX.2.1-C1254,[#6:7]-[#6:9](=[#8:10])-[#8:11]-[#1].[#8:37]-[#15:38](=[#8:39])(-[#8:40])-[#8]-[#15](=[#8])(-[#8]-[#1])-[#8]-[#1]>>[#6:7]-[#6:9](=[#8:10])-[#8]-[#6](-[#6@](-[#6](-[#6](-[#1])(-[#1])-[#1])(-[#1])-[#1])(-[#7](-[#1])-[#1])-[#1])=[#8].[#8:11](-[#15:38](-[#8:37])(=[#8:39])-[#8:40])-[#1],EVODEX.2.1-P6648,30727131993415418637350060261698868298186620678088002517613777946681036565159
EVODEX.2.1-C1257,[#7:5](-[#6@:4])(-[#1])-[#1].[#8:37]-[#15:38](=[#8:39])(-[#8:40])-[#8]-[#15](=[#8])(-[#8]-[#1])-[#8]-[#1]>>[#7:5](-[#6@:4])(-[#6](-[#6](-[#6](-[#6@](-[#7](-[#1])-[#1])(-[#6](=[#8])-[#8]-[#1])-[#1])(-[#1])-[#1])(-[#1])-[#1])=[#8])-[#1].[#8](-[#15:38](-[#8:37])(=[#8:39])-[#8:40])-[#1],EVODEX.2.1-P6658,109063338126815076956797053040484627524139504212351044243165983689961490085043
EVODEX.2.1-C1258,[#8:36]-[#15:37](=[#8:38])(-[#8:39])-[#8:40]-[#15:41].[#6:12]-[#8:14]-[#1]>>[#6](-[#6](-[#6](-[#7](-[#1])-[#1])(-[#6](=[#8])-[#8:14]-[#6:12])-[#1])(-[#1])-[#1])(-[#1])(-[#1])-[#1].[#8:40](-[#15:41])-[#1].[#8](-[#15:37](-[#8:36])(=[#8:38])-[#8:39])-[#1],EVODEX.2.1-P6661,47773879625030193378555487619293131413742131715116313436370027138473905388824
EVODEX.2.1-C1260,[#8:41]-[#15:42](=[#8:43])(-[#8:44])-[#8]-[#15](=[#8])(-[#8]-[#1])-[#8]-[#1].[#6:17](-[#6@@:14])(=[#8:18])-[#8:19]-[#1]>>[#7](-[#6](-[#6](-[#6](=[#8])-[#8]-[#1])(-[#1])-[#1])(-[#1])-[#1])(-[#6:17](-[#6@@:14])=[#8:18])-[#1].[#8:19](-[#15:42](-[#8:41])(=[#8:43])-[#8:44])-[#1],EVODEX.2.1-P6665,34862856234566637344053391754451085821081722957862827513448422871609125885914
EVODEX.2.1-C1264,[#6:23](-[#6@@:14])(=[#8:24])-[#8:25]-[#1].[#8:40]-[#15:41](=[#8:42])(-[#8:43])-[#8:44]-[#15:45]>>[#7](=[#6](-[#7](-[#1])-[#1])-[#7](-[#6](-[#6](-[#6](-[#6@](-[#7](-[#6:23](-[#6@@:14])=[#8:24])-[#1])(-[#6](=[#8])-[#8]-[#1])-[#1])(-[#1])-[#1])(-[#1])-[#1])(-[#1])-[#1])-[#1])-[#1].[#8:25](-[#15:41](-[#8:40])(=[#8:42])-[#8:43])-[#1].[#8:44](-[#15:45])-[#1],EVODEX.2.1-P6673,27837656294457033624608453273605286853835921322980409979691569628860519280327
EVODEX.2.1-C1269,[#7:1](-[#6:2])(-[#1])-[#1].[#8:40]-[#15:41](=[#8:42])(-[#8:43])-[#8]-[#15](=[#8])(-[#8]-[#1])-[#8]-[#1]>>[#7:1](-[#6:2])(-[#6](-[#6@@](-[#7](-[#6](-[#6](-[#6](-[#6@](-[#7](-[#1])-[#1])(-[#6](=[#8])-[#8]-[#1])-[#1])(-[#1])-[#1])(-[#1])-[#1])=[#8])-[#1])(-[#6](-[#16]-[#1])(-[#1])-[#1])-[#1])=[#8])-[#1].[#8](-[#15:41](-[#8:40])(=[#8:42])-[#8:43])-[#1],EVODEX.2.1-P6682,5511579276501821618806020660624691421826841770147407821932897016603626749882
EVODEX.2.1-C1270,[#15:43]-[#8:46]-[#15](=[#8])(-[#8]-[#1])-[#8]-[#1].[#6:18](-[#6@@:15])(=[#8:19])-[#8]-[#1]>>[#6](-[#6](-[#6](-[#7](-[#6:18](-[#6@@:15])=[#8:19])-[#1])(-[#6](=[#8])-[#8]-[#1])-[#1])(-[#1])-[#1])(-[#1])(-[#1])-[#1].[#15:43]-[#8:46]-[#1],EVODEX.2.1-P6688,4366015712670835383766675530230316821608782155719306917305352825642223038796
EVODEX.2.1-C1275,[#15:98]-[#8:101]-[#15](=[#8])(-[#8]-[#1])-[#8]-[#1].[#6:69]-[#6:70](=[#8:71])-[#8]-[#1]>>[#15:98]-[#8:101]-[#1].[#7](=[#6](-[#7](-[#1])-[#1])-[#7](-[#6](-[#6](-[#6](-[#6@](-[#7](-[#6:70](-[#6:69])=[#8:71])-[#1])(-[#6](=[#8])-[#8]-[#1])-[#1])(-[#1])-[#1])(-[#1])-[#1])(-[#1])-[#1])-[#1])-[#1],EVODEX.2.1-P6708,71394804255303157970699112350066368109891876152759198876197790797296070818265
EVODEX.2.1-C1283,[#6:4](-[#6@@:2])(=[#8:5])-[#8:6]-[#1].[#8:35]-[#15:36](=[#8:37])(-[#8:38])-[#8]-[#15](=[#8])(-[#8]-[#1])-[#8]-[#1]>>[#6:4](-[#6@@:2])(=[#8:5])-[#7](-[#6@](-[#6](-[#6](-[#6](-[#7](-[#1])-[#1])=[#8])(-[#1])-[#1])(-[#1])-[#1])(-[#6](=[#8])-[#8]-[#1])-[#1])-[#1].[#8:6](-[#15:36](-[#8:35])(=[#8:37])-[#8:38])-[#1],EVODEX.2.1-P6726,88018579874215590482975776153275926290617678958114729007050446920500446617345
EVODEX.2.1-C1293,[#7:47](-[#6@:46])(-[#1])-[#1].[#8:97]-[#15:98](=[#8:99])(-[#8:100])-[#8:101]-[#15:102]>>[#6](-[#6](=[#8])-[#7](-[#6@]1(-[#6@@](-[#8]-[#15](=[#8])(-[#8]-[#1])-[#8]-[#15](=[#8])(-[#8]-[#1])-[#8]-[#6](-[#6@]2(-[#8]-[#6@@](-[#7]3:[#6](:[#6](:[#6](=[#8]):[#7](:[#6]:3=[#8])-[#1])-[#1])-[#1])(-[#6@](-[#8]-[#1])(-[#6@@]-2(-[#8]-[#1])-[#1])-[#1])-[#1])-[#1])(-[#1])-[#1])(-[#8]-[#6@](-[#6](-[#8]-[#1])(-[#1])-[#1])(-[#6@@](-[#8]-[#1])(-[#6@@]-1(-[#8]-[#6@](-[#6](-[#1])(-[#1])-[#1])(-[#6](=[#8])-[#7:47](-[#6@@:46])-[#1])-[#1])-[#1])-[#1])-[#1])-[#1])-[#1])-[#1])(-[#1])(-[#1])-[#1].[#8:101](-[#15:102])-[#1].[#8](-[#15:98](-[#8:97])(=[#8:99])-[#8:100])-[#1],EVODEX.2.1-P6744,28123456602466371659850125936529240873683603127489423338762366863976470858819
EVODEX.2.1-C1302,[#7](-[#6]1:[#7]:[#6](:[#7]:[#6]2:[#6]:1:[#7]:[#6](:[#7]:2-[#6@@]1(-[#8]-[#6@](-[#6](-[#8]-[#15](=[#8])(-[#8]-[#1])-[#8]-[#15](=[#8])(-[#8]-[#1])-[#8]-[#15:44](=[#8:45])(-[#8:46])-[#8:47])(-[#1])-[#1])(-[#6@@](-[#8]-[#1])(-[#6@]-1(-[#8]-[#1])-[#1])-[#1])-[#1])-[#1])-[#1])-[#1])(-[#1])-[#1].[#7:7](-[#6@@:8])(-[#1])-[#1]>>[#6](-[#6@](-[#7](-[#1])-[#1])(-[#6](=[#8])-[#7:7](-[#6@@:8])-[#1])-[#1])(-[#1])(-[#1])-[#1].[#8](-[#15:44](=[#8:45])(-[#8:46])-[#8:47])-[#1],EVODEX.2.1-P6762,103248933242092461167770260168699506969134903249301892941125342322016155274802
EVODEX.2.1-C1317,[#7:6](-[#6@:5])(-[#1])-[#1].[#8:34]-[#15:35](=[#8:36])(-[#8:37])-[#8]-[#15](=[#8])(-[#8]-[#1])-[#8]-[#1]>>[#7:6](-[#6@:5])(-[#6](-[#6](-[#6](-[#7](-[#1])-[#1])(-[#1])-[#1])(-[#1])-[#1])=[#8])-[#1].[#8](-[#15:35](-[#8:34])(=[#8:36])-[#8:37])-[#1],EVODEX.2.1-P6819,34437402083060662291857099960350208950255608932475195578486068818017120312918
EVODEX.2.1-C1327,[#7:5](-[#6@:4])(-[#1])-[#1].[#7](-[#6]1:[#7]:[#6](:[#7]:[#6]2:[#6]:1:[#7]:[#6](:[#7]:2-[#6@@]1(-[#8]-[#6@](-[#6](-[#8]-[#15](=[#8])(-[#8]-[#1])-[#8]-[#15](=[#8])(-[#8]-[#1])-[#8]-[#15:32](=[#8:33])(-[#8:34])-[#8:35])(-[#1])-[#1])(-[#6@@](-[#8]-[#1])(-[#6@]-1(-[#8]-[#1])-[#1])-[#1])-[#1])-[#1])-[#1])-[#1])(-[#1])-[#1]>>[#7:5](-[#6@:4])(-[#6](=[#8])-[#6@@]1(-[#6](-[#6](-[#6](-[#7]-1-[#1])(-[#1])-[#1])(-[#1])-[#1])(-[#1])-[#1])-[#1])-[#1].[#15:32](=[#8:33])(-[#8:34])(-[#8:35])-[#8]-[#1],EVODEX.2.1-P6878,55252781756975651011831466405349181729173809193572780571657130666698037334743
EVODEX.2.1-C1334,[#7:1](-[#6@@:2])(-[#1])-[#1].[#8:43]-[#15:44](=[#8:45])(-[#8:46])-[#8:47]-[#15:48]>>[#7:1](-[#6@@:2])(-[#6](-[#6@@](-[#7](-[#1])-[#1])(-[#6](-[#6]1:[#6](:[#6](:[#6](-[#8]-[#1]):[#6](:[#6]:1-[#1])-[#1])-[#1])-[#1])(-[#1])-[#1])-[#1])=[#8])-[#1].[#8](-[#15:44](-[#8:43])(=[#8:45])-[#8:46])-[#1].[#8:47](-[#15:48])-[#1],EVODEX.2.1-P6921,86596771144454784369367278703584419191993870097819834194664032158032555785386
EVODEX.2.1-C1336,[#7](-[#6]1:[#7]:[#6](:[#7]:[#6]2:[#6]:1:[#7]:[#6](:[#7]:2-[#6@@]1(-[#8]-[#6@](-[#6](-[#8]-[#15](=[#8])(-[#8]-[#1])-[#8]-[#15](=[#8])(-[#8]-[#1])-[#8]-[#15:45](=[#8:46])(-[#8:47])-[#8:48])(-[#1])-[#1])(-[#6@@](-[#8]-[#1])(-[#6@]-1(-[#8]-[#1])-[#1])-[#1])-[#1])-[#1])-[#1])-[#1])(-[#1])-[#1].[#6:19](-[#6@@:10])(=[#8:20])-[#8:21]-[#1]>>[#6](-[#6@@](-[#8]-[#1])(-[#6@](-[#7](-[#6:19](-[#6@@:10])=[#8:20])-[#1])(-[#6](=[#8])-[#8]-[#1])-[#1])-[#1])(-[#1])(-[#1])-[#1].[#8:21](-[#15:45](=[#8:46])(-[#8:47])-[#8:48])-[#1],EVODEX.2.1-P6931,105875149566509492450884264432981457386745627708500299232870388748108300564596
EVODEX.2.1-C1341,[#6:6](-[#6@:4])(=[#8:7])-[#8:8]-[#1].[#8:34]-[#15:35](=[#8:36])(-[#8:37])-[#8]-[#15](=[#8])(-[#8]-[#1])-[#8]-[#1]>>[#6:6](-[#6@:4])(=[#8:7])-[#7](-[#6@@](-[#6](-[#8]-[#1])(-[#1])-[#1])(-[#6](=[#8])-[#8]-[#1])-[#1])-[#1].[#8:8](-[#15:35](-[#8:34])(=[#8:36])-[#8:37])-[#1],EVODEX.2.1-P6967,68145119651848110207828015508860768123878400123872999220028355867625622382221
EVODEX.2.1-C1343,[#6:7](-[#6@:5])(=[#8:8])-[#8:9]-[#1].[#8:40]-[#15:41](=[#8:42])(-[#8:43])-[#8]-[#15](=[#8])(-[#8]-[#1])-[#8]-[#1]>>[#6:7](-[#6@:5])(=[#8:8])-[#7](-[#6@@](-[#6](-[#6]1:[#6](:[#6](:[#6](:[#6](:[#6]:1-[#1])-[#1])-[#1])-[#1])-[#1])(-[#1])-[#1])(-[#6](=[#8])-[#8]-[#1])-[#1])-[#1].[#8:9](-[#15:41](-[#8:40])(=[#8:42])-[#8:43])-[#1],EVODEX.2.1-P6974,34537561802875023572559907423196591388683528282724280322481607277272259787231
EVODEX.2.1-C1348,[#8:38]-[#15:39](=[#8:40])(-[#8:41])-[#8]-[#15](=[#8])(-[#8]-[#1])-[#8]-[#1].[#6:17](-[#6@@:10])(=[#8:18])-[#8:19]-[#1]>>[#6](-[#6](-[#6](-[#1])(-[#1])-[#1])(-[#6@](-[#7](-[#6:17](-[#6@@:10])=[#8:18])-[#1])(-[#6](=[#8])-[#8]-[#1])-[#1])-[#1])(-[#1])(-[#1])-[#1].[#8:19](-[#15:39](-[#8:38])(=[#8:40])-[#8:41])-[#1],EVODEX.2.1-P7009,20604390562363399352567756054863981818261067041343335180791537879851523608384
EVODEX.2.1-C1350,[#8:46]-[#15:47](=[#8:48])(-[#8:49])-[#8:50]-[#15:51].[#6:10](-[#6@:8])(=[#8:11])-[#8:12]-[#1]>>[#6:10](-[#6@:8])(=[#8:11])-[#7](-[#6@@](-[#6](-[#6]1:[#6](:[#7](:[#6]2:[#6](:[#6](:[#6](:[#6](:[#6]:1:2)-[#1])-[#1])-[#1])-[#1])-[#1])-[#1])(-[#1])-[#1])(-[#6](=[#8])-[#8]-[#1])-[#1])-[#1].[#8:12](-[#15:47](-[#8:46])(=[#8:48])-[#8:49])-[#1].[#8:50](-[#15:51])-[#1],EVODEX.2.1-P7023,82091849287580070937575816399447915059895745550854757852047487957804520436152
EVODEX.2.1-C1355,[#6:21]-[#6:22](=[#8:23])-[#8:24]-[#1].[#8:39]-[#15:40](=[#8:41])(-[#8:42])-[#8:43]-[#15:44]>>[#6](-[#6](-[#6](-[#1])(-[#1])-[#1])(-[#6](-[#6@](-[#7](-[#6:22](-[#6:21])=[#8:23])-[#1])(-[#6](=[#8])-[#8]-[#1])-[#1])(-[#1])-[#1])-[#1])(-[#1])(-[#1])-[#1].[#8:24](-[#15:40](-[#8:39])(=[#8:41])-[#8:42])-[#1].[#8:43](-[#15:44])-[#1],EVODEX.2.1-P7058,87543388321483958342649975120074501467540921033376436529579022098403990142127
EVODEX.2.1-C1356,[#6:42](-[#6@:40])(=[#8:43])-[#8:44]-[#1].[#8:70]-[#15:71](=[#8:72])(-[#8:73])-[#8:74]-[#15:75]>>[#6:42](-[#6@:40])(=[#8:43])-[#7](-[#6@@](-[#6](-[#6](-[#1])(-[#1])-[#1])(-[#1])-[#1])(-[#6](=[#8])-[#8]-[#1])-[#1])-[#1].[#8:44](-[#15:71](-[#8:70])(=[#8:72])-[#8:73])-[#1].[#8:74](-[#15:75])-[#1],EVODEX.2.1-P7070,59501887777083114501819794309008418488121125174778782256931590265707459321062
EVODEX.2.1-C1357,[#7:51](-[#6@:49])(-[#1])-[#1].[#7](-[#6]1:[#7]:[#6](:[#7]:[#6]2:[#6]:1:[#7]:[#6](:[#7]:2-[#6@@]1(-[#8]-[#6@](-[#6](-[#8]-[#15](=[#8])(-[#8]-[#1])-[#8]-[#15](=[#8])(-[#8]-[#1])-[#8]-[#15:75](=[#8:76])(-[#8:77])-[#8:78])(-[#1])-[#1])(-[#6@@](-[#8]-[#1])(-[#6@]-1(-[#8]-[#1])-[#1])-[#1])-[#1])-[#1])-[#1])-[#1])(-[#1])-[#1]>>[#6](-[#6](=[#8])-[#7](-[#6@]1(-[#6@@](-[#8]-[#15](=[#8])(-[#8]-[#1])-[#8]-[#15](=[#8])(-[#8]-[#1])-[#8]-[#6](-[#6@]2(-[#8]-[#6@@](-[#7]3:[#6](:[#6](:[#6](=[#8]):[#7](:[#6]:3=[#8])-[#1])-[#1])-[#1])(-[#6@](-[#8]-[#1])(-[#6@@]-2(-[#8]-[#1])-[#1])-[#1])-[#1])-[#1])(-[#1])-[#1])(-[#8]-[#6@](-[#6](-[#8]-[#1])(-[#1])-[#1])(-[#6@@](-[#8]-[#1])(-[#6@@]-1(-[#8]-[#6](-[#6](-[#1])(-[#1])-[#1])(-[#6](=[#8])-[#7:51](-[#6@:49])-[#1])-[#1])-[#1])-[#1])-[#1])-[#1])-[#1])-[#1])(-[#1])(-[#1])-[#1].[#8](-[#15:75](=[#8:76])(-[#8:77])-[#8:78])-[#1],EVODEX.2.1-P7081,47711571948095882432506575229550923264398969583344114891474342373777620232812
EVODEX.2.1-C1364,[#6:1]-[#6:2](-[#7:3](-[#1])-[#1])(-[#6:4](-[#7:5](-[#1])-[#1])(-[#6:6])-[#1:52])-[#1:49].[#8:14]=[#6:15]=[#8:16].[#8:30]-[#15:31](=[#8:32])(-[#8:33])-[#8:34]-[#15:35]>>[#6:1]-[#6@@:2]1(-[#7:3](-[#6:15](=[#8:16])-[#7:5](-[#6@@:4]-1(-[#6:6])-[#1:52])-[#1])-[#1])-[#1:49].[#8:14](-[#15:31](-[#8:30])(=[#8:32])-[#8:33])-[#1].[#8:34](-[#15:35])-[#1],EVODEX.2.1-P7096,99698835514949867667969012307236306955457018703629357661303584442568846281138
